.text
; Matching fallback for the portable implementation in src/overlays/ov227/overlay227_recovery.c.
.extern data_ov227_0221d720
.extern data_ov227_0221d734
.extern data_ov227_0221f5d2
.extern data_ov227_02221e40
.extern data_ov227_02221e44
.extern GamePhaseRuntime_SetGlobalValue30F8
.extern ActorInteractionRuntime_Init
.extern ActorInteractionRuntime_NoOp
.extern ActorDescriptorBatch_RegisterAndSpawnCategory1
.extern ActorDescriptorBatch_SetCategory1Callback

.global func_ov227_0221d6c0
func_ov227_0221d6c0:
    stmdb sp!, {r3, lr}
    cmp r0, #0x0
    ldmneia sp!, {r3, pc}
    bl ActorInteractionRuntime_Init
    ldr r0, .L_0221d6fc
    ldr r2, .L_0221d700
    mov r1, #0x3
    bl ActorDescriptorBatch_RegisterAndSpawnCategory1
    ldr r0, .L_0221d704
    bl ActorInteractionRuntime_NoOp
    ldr r0, .L_0221d708
    bl GamePhaseRuntime_SetGlobalValue30F8
    ldr r0, .L_0221d70c
    bl ActorDescriptorBatch_SetCategory1Callback
    ldmia sp!, {r3, pc}
.L_0221d6fc: .word data_ov227_02221e44
.L_0221d700: .word data_ov227_0221d734
.L_0221d704: .word data_ov227_02221e40
.L_0221d708: .word data_ov227_0221d720
.L_0221d70c: .word data_ov227_0221f5d2
.size func_ov227_0221d6c0, . - func_ov227_0221d6c0

; Matching fallback for initialized records and BSS documented in
; src/overlays/ov227/overlay227_recovery.c.
; Absolute labels preserve fixed-address record and BSS references without alignment padding.
.global data_ov227_0221d720
.set data_ov227_0221d720, 0x0221d720
.global data_ov227_0221d734
.set data_ov227_0221d734, 0x0221d734
.global data_ov227_0221f004
.set data_ov227_0221f004, 0x0221f004
.global data_ov227_0221f024
.set data_ov227_0221f024, 0x0221f024
.global data_ov227_0221f069
.set data_ov227_0221f069, 0x0221f069
.global data_ov227_0221f206
.set data_ov227_0221f206, 0x0221f206
.global data_ov227_0221f249
.set data_ov227_0221f249, 0x0221f249
.global data_ov227_0221f260
.set data_ov227_0221f260, 0x0221f260
.global data_ov227_0221f286
.set data_ov227_0221f286, 0x0221f286
.global data_ov227_0221f2c0
.set data_ov227_0221f2c0, 0x0221f2c0
.global data_ov227_0221f3b4
.set data_ov227_0221f3b4, 0x0221f3b4
.global data_ov227_0221f3c8
.set data_ov227_0221f3c8, 0x0221f3c8
.global data_ov227_0221f3ee
.set data_ov227_0221f3ee, 0x0221f3ee
.global data_ov227_0221f471
.set data_ov227_0221f471, 0x0221f471
.global data_ov227_0221f472
.set data_ov227_0221f472, 0x0221f472
.global data_ov227_0221f4af
.set data_ov227_0221f4af, 0x0221f4af
.global data_ov227_0221f5d2
.set data_ov227_0221f5d2, 0x0221f5d2
.global data_ov227_0221fa54
.set data_ov227_0221fa54, 0x0221fa54
.global data_ov227_0221fab7
.set data_ov227_0221fab7, 0x0221fab7
.global data_ov227_0221fad0
.set data_ov227_0221fad0, 0x0221fad0
.global data_ov227_0221fb48
.set data_ov227_0221fb48, 0x0221fb48
.global data_ov227_0221fb86
.set data_ov227_0221fb86, 0x0221fb86
.global data_ov227_0221fb98
.set data_ov227_0221fb98, 0x0221fb98
.global data_ov227_0221fbaa
.set data_ov227_0221fbaa, 0x0221fbaa
.global data_ov227_0221fbbc
.set data_ov227_0221fbbc, 0x0221fbbc
.global data_ov227_0221fbce
.set data_ov227_0221fbce, 0x0221fbce
.global data_ov227_0221fbe0
.set data_ov227_0221fbe0, 0x0221fbe0
.global data_ov227_0221fbf2
.set data_ov227_0221fbf2, 0x0221fbf2
.global data_ov227_0221fc04
.set data_ov227_0221fc04, 0x0221fc04
.global data_ov227_0221fc6d
.set data_ov227_0221fc6d, 0x0221fc6d
.global data_ov227_0221fcd9
.set data_ov227_0221fcd9, 0x0221fcd9
.global data_ov227_0221fd45
.set data_ov227_0221fd45, 0x0221fd45
.global data_ov227_0221fdb1
.set data_ov227_0221fdb1, 0x0221fdb1
.global data_ov227_0221fdc6
.set data_ov227_0221fdc6, 0x0221fdc6
.global data_ov227_022200ed
.set data_ov227_022200ed, 0x022200ed
.global data_ov227_022203a4
.set data_ov227_022203a4, 0x022203a4
.global data_ov227_022203a5
.set data_ov227_022203a5, 0x022203a5
.global data_ov227_02220459
.set data_ov227_02220459, 0x02220459
.global data_ov227_022204cd
.set data_ov227_022204cd, 0x022204cd
.global data_ov227_02220503
.set data_ov227_02220503, 0x02220503
.global data_ov227_02220549
.set data_ov227_02220549, 0x02220549
.global data_ov227_02220699
.set data_ov227_02220699, 0x02220699
.global data_ov227_02220775
.set data_ov227_02220775, 0x02220775
.global data_ov227_0222082f
.set data_ov227_0222082f, 0x0222082f
.global data_ov227_02220856
.set data_ov227_02220856, 0x02220856
.global data_ov227_022208c6
.set data_ov227_022208c6, 0x022208c6
.global data_ov227_02220930
.set data_ov227_02220930, 0x02220930
.global data_ov227_02220959
.set data_ov227_02220959, 0x02220959
.global data_ov227_0222096d
.set data_ov227_0222096d, 0x0222096d
.global data_ov227_02220982
.set data_ov227_02220982, 0x02220982
.global data_ov227_0222099b
.set data_ov227_0222099b, 0x0222099b
.global data_ov227_022209b1
.set data_ov227_022209b1, 0x022209b1
.global data_ov227_022209ec
.set data_ov227_022209ec, 0x022209ec
.global data_ov227_02220a36
.set data_ov227_02220a36, 0x02220a36
.global data_ov227_02220a4f
.set data_ov227_02220a4f, 0x02220a4f
.global data_ov227_02220a65
.set data_ov227_02220a65, 0x02220a65
.global data_ov227_02220aa0
.set data_ov227_02220aa0, 0x02220aa0
.global data_ov227_02220aea
.set data_ov227_02220aea, 0x02220aea
.global data_ov227_02220b03
.set data_ov227_02220b03, 0x02220b03
.global data_ov227_02220b19
.set data_ov227_02220b19, 0x02220b19
.global data_ov227_02220b54
.set data_ov227_02220b54, 0x02220b54
.global data_ov227_02220b9e
.set data_ov227_02220b9e, 0x02220b9e
.global data_ov227_02220bb7
.set data_ov227_02220bb7, 0x02220bb7
.global data_ov227_02220bcd
.set data_ov227_02220bcd, 0x02220bcd
.global data_ov227_02220c48
.set data_ov227_02220c48, 0x02220c48
.global data_ov227_02220cfc
.set data_ov227_02220cfc, 0x02220cfc
.global data_ov227_02220e03
.set data_ov227_02220e03, 0x02220e03
.global data_ov227_02220e2c
.set data_ov227_02220e2c, 0x02220e2c
.global data_ov227_02220e55
.set data_ov227_02220e55, 0x02220e55
.global data_ov227_02220ed0
.set data_ov227_02220ed0, 0x02220ed0
.global data_ov227_02220f06
.set data_ov227_02220f06, 0x02220f06
.global data_ov227_0222101c
.set data_ov227_0222101c, 0x0222101c
.global data_ov227_02221079
.set data_ov227_02221079, 0x02221079
.global data_ov227_022210bc
.set data_ov227_022210bc, 0x022210bc
.global data_ov227_02221242
.set data_ov227_02221242, 0x02221242
.global data_ov227_02221285
.set data_ov227_02221285, 0x02221285
.global data_ov227_02221366
.set data_ov227_02221366, 0x02221366
.global data_ov227_0222139c
.set data_ov227_0222139c, 0x0222139c
.global data_ov227_02221404
.set data_ov227_02221404, 0x02221404
.global data_ov227_02221431
.set data_ov227_02221431, 0x02221431
.global data_ov227_02221495
.set data_ov227_02221495, 0x02221495
.global data_ov227_0222158d
.set data_ov227_0222158d, 0x0222158d
.global data_ov227_02221626
.set data_ov227_02221626, 0x02221626
.global data_ov227_02221641
.set data_ov227_02221641, 0x02221641
.global data_ov227_022216a8
.set data_ov227_022216a8, 0x022216a8
.global data_ov227_022216d0
.set data_ov227_022216d0, 0x022216d0
.global data_ov227_022216ed
.set data_ov227_022216ed, 0x022216ed
.global data_ov227_0222178d
.set data_ov227_0222178d, 0x0222178d
.global data_ov227_022217b4
.set data_ov227_022217b4, 0x022217b4
.global data_ov227_022217ea
.set data_ov227_022217ea, 0x022217ea
.global data_ov227_02221900
.set data_ov227_02221900, 0x02221900
.global data_ov227_0222195d
.set data_ov227_0222195d, 0x0222195d
.global data_ov227_022219a0
.set data_ov227_022219a0, 0x022219a0
.global data_ov227_022219db
.set data_ov227_022219db, 0x022219db
.global data_ov227_02221a11
.set data_ov227_02221a11, 0x02221a11
.global data_ov227_02221b1e
.set data_ov227_02221b1e, 0x02221b1e
.global data_ov227_02221b70
.set data_ov227_02221b70, 0x02221b70
.global data_ov227_02221bab
.set data_ov227_02221bab, 0x02221bab
.global data_ov227_02221c02
.set data_ov227_02221c02, 0x02221c02
.global data_ov227_02221c38
.set data_ov227_02221c38, 0x02221c38
.global data_ov227_02221ca0
.set data_ov227_02221ca0, 0x02221ca0
.global data_ov227_02221ccd
.set data_ov227_02221ccd, 0x02221ccd
.global data_ov227_02221d31
.set data_ov227_02221d31, 0x02221d31
.global data_ov227_02221e40
.set data_ov227_02221e40, 0x02221e40
.global data_ov227_02221e44
.set data_ov227_02221e44, 0x02221e44
    .section .data, 4, 1, 4
    .byte 0xff, 0xff, 0xff, 0xff, 0x00, 0x00, 0x00, 0x00, 0x00, 0x00, 0x00, 0x00, 0xff, 0xff, 0x00, 0x00
    .byte 0x00, 0x00, 0x00, 0x00, 0x06, 0x00, 0x00, 0x00, 0x00, 0x10, 0x00, 0x00, 0x01, 0x10, 0x00, 0x00
    .byte 0x02, 0x10, 0x00, 0x00, 0x02, 0x00, 0x0c, 0x08, 0x00, 0x00, 0x00, 0x00, 0x00, 0x00, 0xf0, 0xff
    .byte 0xcf, 0xff, 0x10, 0x00, 0x07, 0x00, 0x00, 0xfe, 0x00, 0xfe, 0x00, 0x00, 0x00, 0x00, 0x00, 0x00
    .byte 0x54, 0xfa, 0x21, 0x02, 0x00, 0x00, 0x00, 0x00, 0x00, 0x00, 0x00, 0x00, 0x00, 0x00, 0x00, 0x00
    .byte 0xff, 0xff, 0x00, 0x00, 0x00, 0x00, 0x00, 0x00, 0x00, 0x00, 0x00, 0x00, 0xff, 0xff, 0xff, 0xff
    .byte 0xff, 0xff, 0xff, 0xff, 0x00, 0x00, 0x03, 0x00, 0xff, 0xff, 0xff, 0xff, 0x00, 0x00, 0x00, 0x00
    .byte 0xf4, 0xd8, 0x0c, 0x00, 0x00, 0x00, 0x00, 0x00, 0x03, 0x00, 0x00, 0x00, 0x00, 0x10, 0x00, 0x00
    .byte 0x01, 0x10, 0x00, 0x00, 0x02, 0x10, 0x00, 0x00, 0x02, 0x00, 0x40, 0x04, 0x00, 0x00, 0x00, 0x00
    .byte 0x00, 0x00, 0xf0, 0xff, 0xcf, 0xff, 0x10, 0x00, 0x07, 0x00, 0x40, 0x00, 0x78, 0x01, 0x00, 0x00
    .byte 0x00, 0x00, 0x00, 0x00, 0x86, 0xfb, 0x21, 0x02, 0x00, 0x00, 0x00, 0x00, 0x00, 0x00, 0x00, 0x00
    .byte 0x00, 0x00, 0x00, 0x00, 0xff, 0xff, 0x00, 0x00, 0x00, 0x00, 0x00, 0x00, 0x00, 0x00, 0x00, 0x00
    .byte 0xff, 0xff, 0xff, 0xff, 0xff, 0xff, 0xff, 0xff, 0x00, 0x00, 0x04, 0x00, 0xff, 0xff, 0xff, 0xff
    .byte 0x00, 0x00, 0x00, 0x00, 0xf4, 0xd8, 0x0c, 0x00, 0x00, 0x00, 0x00, 0x00, 0x03, 0x00, 0x00, 0x00
    .byte 0x00, 0x10, 0x00, 0x00, 0x01, 0x10, 0x00, 0x00, 0x02, 0x10, 0x00, 0x00, 0x02, 0x00, 0x40, 0x04
    .byte 0x00, 0x00, 0x00, 0x00, 0x00, 0x00, 0xf0, 0xff, 0xcf, 0xff, 0x10, 0x00, 0x07, 0x00, 0x40, 0x01
    .byte 0x78, 0x01, 0x00, 0x00, 0x00, 0x00, 0x00, 0x00, 0x98, 0xfb, 0x21, 0x02, 0x00, 0x00, 0x00, 0x00
    .byte 0x00, 0x00, 0x00, 0x00, 0x00, 0x00, 0x00, 0x00, 0xff, 0xff, 0x00, 0x00, 0x00, 0x00, 0x00, 0x00
    .byte 0x00, 0x00, 0x00, 0x00, 0xff, 0xff, 0xff, 0xff, 0xff, 0xff, 0xff, 0xff, 0x00, 0x00, 0x05, 0x00
    .byte 0xff, 0xff, 0xff, 0xff, 0x00, 0x00, 0x00, 0x00, 0xf4, 0xd8, 0x0c, 0x00, 0x00, 0x00, 0x00, 0x00
    .byte 0x03, 0x00, 0x00, 0x00, 0x00, 0x10, 0x00, 0x00, 0x01, 0x10, 0x00, 0x00, 0x02, 0x10, 0x00, 0x00
    .byte 0x02, 0x00, 0x40, 0x04, 0x00, 0x00, 0x00, 0x00, 0x00, 0x00, 0xf0, 0xff, 0xcf, 0xff, 0x10, 0x00
    .byte 0x07, 0x00, 0x40, 0x02, 0x78, 0x01, 0x00, 0x00, 0x00, 0x00, 0x00, 0x00, 0xaa, 0xfb, 0x21, 0x02
    .byte 0x00, 0x00, 0x00, 0x00, 0x00, 0x00, 0x00, 0x00, 0x00, 0x00, 0x00, 0x00, 0xff, 0xff, 0x00, 0x00
    .byte 0x00, 0x00, 0x00, 0x00, 0x00, 0x00, 0x00, 0x00, 0xff, 0xff, 0xff, 0xff, 0xff, 0xff, 0xff, 0xff
    .byte 0x00, 0x00, 0x06, 0x00, 0xff, 0xff, 0xff, 0xff, 0x00, 0x00, 0x00, 0x00, 0xf4, 0xd8, 0x0c, 0x00
    .byte 0x00, 0x00, 0x00, 0x00, 0x03, 0x00, 0x00, 0x00, 0x00, 0x10, 0x00, 0x00, 0x01, 0x10, 0x00, 0x00
    .byte 0x02, 0x10, 0x00, 0x00, 0x02, 0x00, 0x40, 0x04, 0x00, 0x00, 0x00, 0x00, 0x00, 0x00, 0xf0, 0xff
    .byte 0xcf, 0xff, 0x10, 0x00, 0x07, 0x00, 0x40, 0x03, 0x78, 0x01, 0x00, 0x00, 0x00, 0x00, 0x00, 0x00
    .byte 0xbc, 0xfb, 0x21, 0x02, 0x00, 0x00, 0x00, 0x00, 0x00, 0x00, 0x00, 0x00, 0x00, 0x00, 0x00, 0x00
    .byte 0xff, 0xff, 0x00, 0x00, 0x00, 0x00, 0x00, 0x00, 0x00, 0x00, 0x00, 0x00, 0xff, 0xff, 0xff, 0xff
    .byte 0xff, 0xff, 0xff, 0xff, 0x00, 0x00, 0x07, 0x00, 0xff, 0xff, 0xff, 0xff, 0x00, 0x00, 0x00, 0x00
    .byte 0xf4, 0xd8, 0x0c, 0x00, 0x00, 0x00, 0x00, 0x00, 0x03, 0x00, 0x00, 0x00, 0x00, 0x10, 0x00, 0x00
    .byte 0x01, 0x10, 0x00, 0x00, 0x02, 0x10, 0x00, 0x00, 0x02, 0x00, 0x40, 0x04, 0x00, 0x00, 0x00, 0x00
    .byte 0x00, 0x00, 0xf0, 0xff, 0xcf, 0xff, 0x10, 0x00, 0x07, 0x00, 0x40, 0x00, 0xf8, 0x02, 0x00, 0x00
    .byte 0x00, 0x00, 0x00, 0x00, 0xce, 0xfb, 0x21, 0x02, 0x00, 0x00, 0x00, 0x00, 0x00, 0x00, 0x00, 0x00
    .byte 0x00, 0x00, 0x00, 0x00, 0xff, 0xff, 0x00, 0x00, 0x00, 0x00, 0x00, 0x00, 0x00, 0x00, 0x00, 0x00
    .byte 0xff, 0xff, 0xff, 0xff, 0xff, 0xff, 0xff, 0xff, 0x00, 0x00, 0x08, 0x00, 0xff, 0xff, 0xff, 0xff
    .byte 0x00, 0x00, 0x00, 0x00, 0xf4, 0xd8, 0x0c, 0x00, 0x00, 0x00, 0x00, 0x00, 0x03, 0x00, 0x00, 0x00
    .byte 0x00, 0x10, 0x00, 0x00, 0x01, 0x10, 0x00, 0x00, 0x02, 0x10, 0x00, 0x00, 0x02, 0x00, 0x40, 0x04
    .byte 0x00, 0x00, 0x00, 0x00, 0x00, 0x00, 0xf0, 0xff, 0xcf, 0xff, 0x10, 0x00, 0x07, 0x00, 0x40, 0x01
    .byte 0xf8, 0x02, 0x00, 0x00, 0x00, 0x00, 0x00, 0x00, 0xe0, 0xfb, 0x21, 0x02, 0x00, 0x00, 0x00, 0x00
    .byte 0x00, 0x00, 0x00, 0x00, 0x00, 0x00, 0x00, 0x00, 0xff, 0xff, 0x00, 0x00, 0x00, 0x00, 0x00, 0x00
    .byte 0x00, 0x00, 0x00, 0x00, 0xff, 0xff, 0xff, 0xff, 0xff, 0xff, 0xff, 0xff, 0x00, 0x00, 0x09, 0x00
    .byte 0xff, 0xff, 0xff, 0xff, 0x00, 0x00, 0x00, 0x00, 0xf4, 0xd8, 0x0c, 0x00, 0x00, 0x00, 0x00, 0x00
    .byte 0x03, 0x00, 0x00, 0x00, 0x00, 0x10, 0x00, 0x00, 0x01, 0x10, 0x00, 0x00, 0x02, 0x10, 0x00, 0x00
    .byte 0x02, 0x00, 0x40, 0x04, 0x00, 0x00, 0x00, 0x00, 0x00, 0x00, 0xf0, 0xff, 0xcf, 0xff, 0x10, 0x00
    .byte 0x07, 0x00, 0x40, 0x02, 0xf8, 0x02, 0x00, 0x00, 0x00, 0x00, 0x00, 0x00, 0xf2, 0xfb, 0x21, 0x02
    .byte 0x00, 0x00, 0x00, 0x00, 0x00, 0x00, 0x00, 0x00, 0x00, 0x00, 0x00, 0x00, 0xff, 0xff, 0x00, 0x00
    .byte 0x00, 0x00, 0x00, 0x00, 0x00, 0x00, 0x00, 0x00, 0xff, 0xff, 0xff, 0xff, 0xff, 0xff, 0xff, 0xff
    .byte 0x00, 0x00, 0x0a, 0x00, 0xff, 0xff, 0xff, 0xff, 0x00, 0x00, 0x00, 0x00, 0xf4, 0xd8, 0x0c, 0x00
    .byte 0x00, 0x00, 0x00, 0x00, 0x03, 0x00, 0x00, 0x00, 0x00, 0x10, 0x00, 0x00, 0x01, 0x10, 0x00, 0x00
    .byte 0x02, 0x10, 0x00, 0x00, 0x02, 0x00, 0x40, 0x04, 0x00, 0x00, 0x00, 0x00, 0x00, 0x00, 0xf0, 0xff
    .byte 0xcf, 0xff, 0x10, 0x00, 0x07, 0x00, 0x40, 0x03, 0xf8, 0x02, 0x00, 0x00, 0x00, 0x00, 0x00, 0x00
    .byte 0x04, 0xfc, 0x21, 0x02, 0x00, 0x00, 0x00, 0x00, 0x00, 0x00, 0x00, 0x00, 0x00, 0x00, 0x00, 0x00
    .byte 0xff, 0xff, 0x00, 0x00, 0x00, 0x00, 0x00, 0x00, 0x00, 0x00, 0x00, 0x00, 0xff, 0xff, 0xff, 0xff
    .byte 0xff, 0xff, 0xff, 0xff, 0x00, 0x00, 0x0b, 0x00, 0xff, 0xff, 0xff, 0xff, 0x00, 0x00, 0x00, 0x00
    .byte 0xf4, 0xd8, 0x0c, 0x00, 0x00, 0x00, 0x00, 0x00, 0x03, 0x00, 0x06, 0x00, 0xad, 0x14, 0x00, 0x00
    .byte 0xae, 0x14, 0x00, 0x00, 0xaf, 0x14, 0x00, 0x00, 0x02, 0x00, 0x14, 0x08, 0x00, 0x00, 0x00, 0x00
    .byte 0x00, 0x00, 0xf0, 0xff, 0xd8, 0xff, 0x10, 0x00, 0x04, 0x00, 0xc0, 0x00, 0x30, 0x01, 0x00, 0x00
    .byte 0x01, 0x00, 0x00, 0x00, 0xa5, 0x03, 0x22, 0x02, 0x00, 0x00, 0x00, 0x00, 0x00, 0x00, 0x00, 0x00
    .byte 0x00, 0x00, 0x00, 0x00, 0xff, 0xff, 0x0c, 0x00, 0x00, 0x00, 0x00, 0x00, 0x00, 0x00, 0x00, 0x00
    .byte 0xff, 0xff, 0xff, 0xff, 0xff, 0xff, 0xff, 0xff, 0x00, 0x00, 0x0c, 0x00, 0xff, 0xff, 0xff, 0xff
    .byte 0x00, 0x00, 0x02, 0x00, 0xf4, 0xd8, 0x0c, 0x00, 0x00, 0x00, 0x00, 0x00, 0x03, 0x00, 0x06, 0x00
    .byte 0xad, 0x14, 0x00, 0x00, 0xae, 0x14, 0x00, 0x00, 0xaf, 0x14, 0x00, 0x00, 0x02, 0x00, 0x14, 0x08
    .byte 0x00, 0x00, 0x00, 0x00, 0x00, 0x00, 0xf0, 0xff, 0xd8, 0xff, 0x10, 0x00, 0x04, 0x00, 0x30, 0x00
    .byte 0x20, 0x01, 0x00, 0x00, 0x01, 0x00, 0x00, 0x00, 0x59, 0x04, 0x22, 0x02, 0x00, 0x00, 0x00, 0x00
    .byte 0x00, 0x00, 0x00, 0x00, 0x00, 0x00, 0x00, 0x00, 0xff, 0xff, 0x0c, 0x00, 0x00, 0x00, 0x00, 0x00
    .byte 0x00, 0x00, 0x00, 0x00, 0xff, 0xff, 0xff, 0xff, 0xff, 0xff, 0xff, 0xff, 0x00, 0x00, 0x0d, 0x00
    .byte 0xff, 0xff, 0xff, 0xff, 0x00, 0x00, 0x02, 0x00, 0xf4, 0xd8, 0x0c, 0x00, 0x00, 0x00, 0x00, 0x00
    .byte 0x03, 0x00, 0x06, 0x00, 0xad, 0x14, 0x00, 0x00, 0xae, 0x14, 0x00, 0x00, 0xaf, 0x14, 0x00, 0x00
    .byte 0x02, 0x00, 0x14, 0x08, 0x00, 0x00, 0x00, 0x00, 0x00, 0x00, 0xf0, 0xff, 0xd8, 0xff, 0x10, 0x00
    .byte 0x04, 0x00, 0xc0, 0x02, 0x30, 0x01, 0x00, 0x00, 0x01, 0x00, 0x00, 0x00, 0x03, 0x05, 0x22, 0x02
    .byte 0x00, 0x00, 0x00, 0x00, 0x00, 0x00, 0x00, 0x00, 0x00, 0x00, 0x00, 0x00, 0xff, 0xff, 0x0c, 0x00
    .byte 0x00, 0x00, 0x00, 0x00, 0x00, 0x00, 0x00, 0x00, 0xff, 0xff, 0xff, 0xff, 0xff, 0xff, 0xff, 0xff
    .byte 0x00, 0x00, 0x0e, 0x00, 0xff, 0xff, 0xff, 0xff, 0x00, 0x00, 0x02, 0x00, 0xf4, 0xd8, 0x0c, 0x00
    .byte 0x00, 0x00, 0x00, 0x00, 0x03, 0x00, 0x06, 0x00, 0xad, 0x14, 0x00, 0x00, 0xae, 0x14, 0x00, 0x00
    .byte 0xaf, 0x14, 0x00, 0x00, 0x02, 0x00, 0x14, 0x08, 0x00, 0x00, 0x00, 0x00, 0x00, 0x00, 0xf0, 0xff
    .byte 0xd8, 0xff, 0x10, 0x00, 0x04, 0x00, 0xb0, 0x03, 0x30, 0x01, 0x00, 0x00, 0x01, 0x00, 0x00, 0x00
    .byte 0x82, 0x09, 0x22, 0x02, 0x00, 0x00, 0x00, 0x00, 0x00, 0x00, 0x00, 0x00, 0x00, 0x00, 0x00, 0x00
    .byte 0xff, 0xff, 0x0c, 0x00, 0x00, 0x00, 0x00, 0x00, 0x00, 0x00, 0x00, 0x00, 0xff, 0xff, 0xff, 0xff
    .byte 0xff, 0xff, 0xff, 0xff, 0x00, 0x00, 0x0f, 0x00, 0xff, 0xff, 0xff, 0xff, 0x00, 0x00, 0x02, 0x00
    .byte 0xf4, 0xd8, 0x0c, 0x00, 0x00, 0x00, 0x00, 0x00, 0x03, 0x00, 0x06, 0x00, 0xad, 0x14, 0x00, 0x00
    .byte 0xae, 0x14, 0x00, 0x00, 0xaf, 0x14, 0x00, 0x00, 0x02, 0x00, 0x14, 0x08, 0x00, 0x00, 0x00, 0x00
    .byte 0x00, 0x00, 0xf0, 0xff, 0xd8, 0xff, 0x10, 0x00, 0x04, 0x00, 0xc0, 0x00, 0xb0, 0x02, 0x00, 0x00
    .byte 0x01, 0x00, 0x00, 0x00, 0x36, 0x0a, 0x22, 0x02, 0x00, 0x00, 0x00, 0x00, 0x00, 0x00, 0x00, 0x00
    .byte 0x00, 0x00, 0x00, 0x00, 0xff, 0xff, 0x0c, 0x00, 0x00, 0x00, 0x00, 0x00, 0x00, 0x00, 0x00, 0x00
    .byte 0xff, 0xff, 0xff, 0xff, 0xff, 0xff, 0xff, 0xff, 0x00, 0x00, 0x10, 0x00, 0xff, 0xff, 0xff, 0xff
    .byte 0x00, 0x00, 0x02, 0x00, 0xf4, 0xd8, 0x0c, 0x00, 0x00, 0x00, 0x00, 0x00, 0x03, 0x00, 0x06, 0x00
    .byte 0xad, 0x14, 0x00, 0x00, 0xae, 0x14, 0x00, 0x00, 0xaf, 0x14, 0x00, 0x00, 0x02, 0x00, 0x14, 0x08
    .byte 0x00, 0x00, 0x00, 0x00, 0x00, 0x00, 0xf0, 0xff, 0xd8, 0xff, 0x10, 0x00, 0x04, 0x00, 0xb0, 0x01
    .byte 0xb0, 0x02, 0x00, 0x00, 0x01, 0x00, 0x00, 0x00, 0xea, 0x0a, 0x22, 0x02, 0x00, 0x00, 0x00, 0x00
    .byte 0x00, 0x00, 0x00, 0x00, 0x00, 0x00, 0x00, 0x00, 0xff, 0xff, 0x0c, 0x00, 0x00, 0x00, 0x00, 0x00
    .byte 0x00, 0x00, 0x00, 0x00, 0xff, 0xff, 0xff, 0xff, 0xff, 0xff, 0xff, 0xff, 0x00, 0x00, 0x11, 0x00
    .byte 0xff, 0xff, 0xff, 0xff, 0x00, 0x00, 0x02, 0x00, 0xf4, 0xd8, 0x0c, 0x00, 0x00, 0x00, 0x00, 0x00
    .byte 0x03, 0x00, 0x06, 0x00, 0xad, 0x14, 0x00, 0x00, 0xae, 0x14, 0x00, 0x00, 0xaf, 0x14, 0x00, 0x00
    .byte 0x02, 0x00, 0x14, 0x08, 0x00, 0x00, 0x00, 0x00, 0x00, 0x00, 0xf0, 0xff, 0xd8, 0xff, 0x10, 0x00
    .byte 0x04, 0x00, 0x30, 0x01, 0xb0, 0x02, 0x00, 0x00, 0x01, 0x00, 0x00, 0x00, 0x9e, 0x0b, 0x22, 0x02
    .byte 0x00, 0x00, 0x00, 0x00, 0x00, 0x00, 0x00, 0x00, 0x00, 0x00, 0x00, 0x00, 0xff, 0xff, 0x0c, 0x00
    .byte 0x00, 0x00, 0x00, 0x00, 0x00, 0x00, 0x00, 0x00, 0xff, 0xff, 0xff, 0xff, 0xff, 0xff, 0xff, 0xff
    .byte 0x00, 0x00, 0x12, 0x00, 0xff, 0xff, 0xff, 0xff, 0x00, 0x00, 0x02, 0x00, 0xf4, 0xd8, 0x0c, 0x00
    .byte 0x00, 0x00, 0x00, 0x00, 0x03, 0x00, 0x06, 0x00, 0xad, 0x14, 0x00, 0x00, 0xae, 0x14, 0x00, 0x00
    .byte 0xaf, 0x14, 0x00, 0x00, 0x02, 0x00, 0x14, 0x08, 0x00, 0x00, 0x00, 0x00, 0x00, 0x00, 0xf0, 0xff
    .byte 0xd8, 0xff, 0x10, 0x00, 0x04, 0x00, 0xc0, 0x02, 0xb0, 0x02, 0x00, 0x00, 0x01, 0x00, 0x00, 0x00
    .byte 0x48, 0x0c, 0x22, 0x02, 0x00, 0x00, 0x00, 0x00, 0x00, 0x00, 0x00, 0x00, 0x00, 0x00, 0x00, 0x00
    .byte 0xff, 0xff, 0x0c, 0x00, 0x00, 0x00, 0x00, 0x00, 0x00, 0x00, 0x00, 0x00, 0xff, 0xff, 0xff, 0xff
    .byte 0xff, 0xff, 0xff, 0xff, 0x00, 0x00, 0x13, 0x00, 0xff, 0xff, 0xff, 0xff, 0x00, 0x00, 0x02, 0x00
    .byte 0xf4, 0xd8, 0x0c, 0x00, 0x00, 0x00, 0x00, 0x00, 0x03, 0x00, 0x06, 0x00, 0xad, 0x14, 0x00, 0x00
    .byte 0xae, 0x14, 0x00, 0x00, 0xaf, 0x14, 0x00, 0x00, 0x02, 0x00, 0x14, 0x08, 0x00, 0x00, 0x00, 0x00
    .byte 0x00, 0x00, 0xf0, 0xff, 0xd8, 0xff, 0x10, 0x00, 0x04, 0x00, 0xb0, 0x03, 0xb0, 0x02, 0x00, 0x00
    .byte 0x01, 0x00, 0x00, 0x00, 0xfc, 0x0c, 0x22, 0x02, 0x00, 0x00, 0x00, 0x00, 0x00, 0x00, 0x00, 0x00
    .byte 0x00, 0x00, 0x00, 0x00, 0xff, 0xff, 0x0c, 0x00, 0x00, 0x00, 0x00, 0x00, 0x00, 0x00, 0x00, 0x00
    .byte 0xff, 0xff, 0xff, 0xff, 0xff, 0xff, 0xff, 0xff, 0x00, 0x00, 0x14, 0x00, 0xff, 0xff, 0xff, 0xff
    .byte 0x00, 0x00, 0x02, 0x00, 0xf4, 0xd8, 0x0c, 0x00, 0x00, 0x00, 0x00, 0x00, 0x03, 0x00, 0x00, 0x00
    .byte 0xdd, 0x22, 0x00, 0x00, 0xde, 0x22, 0x00, 0x00, 0xdf, 0x22, 0x00, 0x00, 0x02, 0x01, 0x30, 0x20
    .byte 0x00, 0x00, 0x00, 0x00, 0x00, 0x00, 0xf0, 0xff, 0xcf, 0xff, 0x10, 0x00, 0x07, 0x00, 0xd8, 0x00
    .byte 0x10, 0x01, 0x00, 0x00, 0x00, 0x00, 0x00, 0x00, 0x00, 0x00, 0x00, 0x00, 0x00, 0x00, 0x00, 0x00
    .byte 0x00, 0x00, 0x00, 0x00, 0x00, 0x00, 0x00, 0x00, 0x02, 0x00, 0x00, 0x00, 0x00, 0x00, 0x00, 0x00
    .byte 0x00, 0x00, 0x00, 0x00, 0xff, 0xff, 0xff, 0xff, 0xff, 0xff, 0xff, 0xff, 0x00, 0x00, 0xff, 0xff
    .byte 0xff, 0xff, 0xff, 0xff, 0x00, 0x00, 0x02, 0x00, 0xf4, 0xd8, 0x0c, 0x00, 0x00, 0x00, 0x00, 0x00
    .byte 0x03, 0x00, 0x00, 0x00, 0xe0, 0x22, 0x00, 0x00, 0xe1, 0x22, 0x00, 0x00, 0xe2, 0x22, 0x00, 0x00
    .byte 0x02, 0x00, 0x08, 0x08, 0x00, 0x00, 0x00, 0x00, 0x00, 0x00, 0xf0, 0xff, 0xcf, 0xff, 0x10, 0x00
    .byte 0x07, 0x00, 0xe8, 0x00, 0x38, 0x01, 0x00, 0x00, 0x00, 0x00, 0x00, 0x00, 0x00, 0x00, 0x00, 0x00
    .byte 0x00, 0x00, 0x00, 0x00, 0x00, 0x00, 0x00, 0x00, 0x00, 0x00, 0x00, 0x00, 0xff, 0xff, 0x00, 0x00
    .byte 0x00, 0x00, 0x00, 0x00, 0x00, 0x00, 0x00, 0x00, 0xff, 0xff, 0xff, 0xff, 0xff, 0xff, 0xff, 0xff
    .byte 0x00, 0x00, 0xff, 0xff, 0xff, 0xff, 0xff, 0xff, 0x00, 0x00, 0x02, 0x00, 0xf4, 0xd8, 0x0c, 0x00
    .byte 0x00, 0x00, 0x00, 0x00, 0x03, 0x00, 0x00, 0x00, 0xe0, 0x22, 0x00, 0x00, 0xe1, 0x22, 0x00, 0x00
    .byte 0xe2, 0x22, 0x00, 0x00, 0x02, 0x09, 0x20, 0x10, 0x00, 0x00, 0x00, 0x00, 0x00, 0x00, 0xf0, 0xff
    .byte 0xcf, 0xff, 0x10, 0x00, 0x07, 0x00, 0x40, 0x00, 0x00, 0x01, 0x00, 0x00, 0x00, 0x00, 0x00, 0x00
    .byte 0x00, 0x00, 0x00, 0x00, 0x00, 0x00, 0x00, 0x00, 0x00, 0x00, 0x00, 0x00, 0x00, 0x00, 0x00, 0x00
    .byte 0xff, 0xff, 0x00, 0x00, 0x00, 0x00, 0x00, 0x00, 0x00, 0x00, 0x00, 0x00, 0xff, 0xff, 0xff, 0xff
    .byte 0xff, 0xff, 0xff, 0xff, 0x00, 0x00, 0xff, 0xff, 0xff, 0xff, 0xff, 0xff, 0x00, 0x00, 0x02, 0x00
    .byte 0xf4, 0xd8, 0x0c, 0x00, 0x00, 0x00, 0x00, 0x00, 0x03, 0x00, 0x00, 0x00, 0xe3, 0x22, 0x00, 0x00
    .byte 0xe4, 0x22, 0x00, 0x00, 0xe5, 0x22, 0x00, 0x00, 0x02, 0x00, 0x20, 0x10, 0x00, 0x00, 0x00, 0x00
    .byte 0x00, 0x00, 0xf0, 0xff, 0xcf, 0xff, 0x10, 0x00, 0x07, 0x00, 0x20, 0x00, 0x00, 0x01, 0x00, 0x00
    .byte 0x00, 0x00, 0x00, 0x00, 0x00, 0x00, 0x00, 0x00, 0x00, 0x00, 0x00, 0x00, 0x00, 0x00, 0x00, 0x00
    .byte 0x00, 0x00, 0x00, 0x00, 0xff, 0xff, 0x00, 0x00, 0x00, 0x00, 0x00, 0x00, 0x00, 0x00, 0x00, 0x00
    .byte 0xff, 0xff, 0xff, 0xff, 0xff, 0xff, 0xff, 0xff, 0x00, 0x00, 0xff, 0xff, 0xff, 0xff, 0xff, 0xff
    .byte 0x00, 0x00, 0x02, 0x00, 0xf4, 0xd8, 0x0c, 0x00, 0x00, 0x00, 0x00, 0x00, 0x03, 0x00, 0x00, 0x00
    .byte 0xdd, 0x22, 0x00, 0x00, 0xde, 0x22, 0x00, 0x00, 0xdf, 0x22, 0x00, 0x00, 0x02, 0x00, 0x30, 0x20
    .byte 0x00, 0x00, 0x00, 0x00, 0x00, 0x00, 0xe8, 0xff, 0xe0, 0xff, 0x18, 0x00, 0x10, 0x00, 0xd8, 0x01
    .byte 0x54, 0x01, 0x00, 0x00, 0x00, 0x00, 0x00, 0x00, 0x00, 0x00, 0x00, 0x00, 0x00, 0x00, 0x00, 0x00
    .byte 0x00, 0x00, 0x00, 0x00, 0x00, 0x00, 0x00, 0x00, 0xff, 0xff, 0x00, 0x00, 0x00, 0x00, 0x00, 0x00
    .byte 0x00, 0x00, 0x00, 0x00, 0xff, 0xff, 0xff, 0xff, 0xff, 0xff, 0xff, 0xff, 0x00, 0x00, 0xff, 0xff
    .byte 0xff, 0xff, 0xff, 0xff, 0x00, 0x00, 0x02, 0x00, 0xf4, 0xd8, 0x0c, 0x00, 0x00, 0x00, 0x00, 0x00
    .byte 0x03, 0x00, 0x00, 0x00, 0xe3, 0x22, 0x00, 0x00, 0xe4, 0x22, 0x00, 0x00, 0xe5, 0x22, 0x00, 0x00
    .byte 0x02, 0x02, 0x00, 0x00, 0x00, 0x00, 0x00, 0x00, 0x00, 0x00, 0xf0, 0xff, 0xcf, 0xff, 0x10, 0x00
    .byte 0x07, 0x00, 0xb0, 0x01, 0x08, 0x01, 0x10, 0x00, 0x00, 0x00, 0x00, 0x00, 0x00, 0x00, 0x00, 0x00
    .byte 0x00, 0x00, 0x00, 0x00, 0x00, 0x00, 0x00, 0x00, 0x00, 0x00, 0x00, 0x00, 0xff, 0xff, 0x00, 0x00
    .byte 0x00, 0x00, 0x00, 0x00, 0x00, 0x00, 0x00, 0x00, 0xff, 0xff, 0xff, 0xff, 0xff, 0xff, 0xff, 0xff
    .byte 0x00, 0x00, 0xff, 0xff, 0xff, 0xff, 0xff, 0xff, 0x00, 0x00, 0x00, 0x00, 0xf4, 0xd8, 0x0c, 0x00
    .byte 0x00, 0x00, 0x00, 0x00, 0x03, 0x00, 0x00, 0x00, 0xe0, 0x22, 0x00, 0x00, 0xe1, 0x22, 0x00, 0x00
    .byte 0xe2, 0x22, 0x00, 0x00, 0x02, 0x04, 0x20, 0x10, 0x00, 0x00, 0x00, 0x00, 0x00, 0x00, 0xf0, 0xff
    .byte 0xcf, 0xff, 0x10, 0x00, 0x07, 0x00, 0xb0, 0x01, 0x00, 0x01, 0x00, 0x00, 0x00, 0x00, 0x00, 0x00
    .byte 0x00, 0x00, 0x00, 0x00, 0x00, 0x00, 0x00, 0x00, 0x00, 0x00, 0x00, 0x00, 0x00, 0x00, 0x00, 0x00
    .byte 0xff, 0xff, 0x00, 0x00, 0x00, 0x00, 0x00, 0x00, 0x00, 0x00, 0x00, 0x00, 0xff, 0xff, 0xff, 0xff
    .byte 0xff, 0xff, 0xff, 0xff, 0x00, 0x00, 0xff, 0xff, 0xff, 0xff, 0xff, 0xff, 0x00, 0x00, 0x02, 0x00
    .byte 0xf4, 0xd8, 0x0c, 0x00, 0x00, 0x00, 0x00, 0x00, 0x03, 0x00, 0x00, 0x00, 0xe3, 0x22, 0x00, 0x00
    .byte 0xe4, 0x22, 0x00, 0x00, 0xe5, 0x22, 0x00, 0x00, 0x02, 0x00, 0x20, 0x10, 0x00, 0x00, 0x00, 0x00
    .byte 0x00, 0x00, 0xf0, 0xff, 0xcf, 0xff, 0x10, 0x00, 0x07, 0x00, 0x50, 0x01, 0x00, 0x01, 0x00, 0x00
    .byte 0x00, 0x00, 0x00, 0x00, 0x00, 0x00, 0x00, 0x00, 0x00, 0x00, 0x00, 0x00, 0x00, 0x00, 0x00, 0x00
    .byte 0x00, 0x00, 0x00, 0x00, 0xff, 0xff, 0x00, 0x00, 0x00, 0x00, 0x00, 0x00, 0x00, 0x00, 0x00, 0x00
    .byte 0xff, 0xff, 0xff, 0xff, 0xff, 0xff, 0xff, 0xff, 0x00, 0x00, 0xff, 0xff, 0xff, 0xff, 0xff, 0xff
    .byte 0x00, 0x00, 0x02, 0x00, 0xf4, 0xd8, 0x0c, 0x00, 0x00, 0x00, 0x00, 0x00, 0x03, 0x00, 0x00, 0x00
    .byte 0xe0, 0x22, 0x00, 0x00, 0xe1, 0x22, 0x00, 0x00, 0xe2, 0x22, 0x00, 0x00, 0x02, 0x05, 0x20, 0x14
    .byte 0x00, 0x00, 0x00, 0x00, 0x00, 0x00, 0xf0, 0xff, 0xcf, 0xff, 0x10, 0x00, 0x07, 0x00, 0xe0, 0x01
    .byte 0x2e, 0x01, 0x00, 0x00, 0x00, 0x00, 0x00, 0x00, 0x00, 0x00, 0x00, 0x00, 0x00, 0x00, 0x00, 0x00
    .byte 0x00, 0x00, 0x00, 0x00, 0x00, 0x00, 0x00, 0x00, 0xff, 0xff, 0x00, 0x00, 0x00, 0x00, 0x00, 0x00
    .byte 0x00, 0x00, 0x00, 0x00, 0xff, 0xff, 0xff, 0xff, 0xff, 0xff, 0xff, 0xff, 0x00, 0x00, 0xff, 0xff
    .byte 0xff, 0xff, 0xff, 0xff, 0x00, 0x00, 0x02, 0x00, 0xf4, 0xd8, 0x0c, 0x00, 0x00, 0x00, 0x00, 0x00
    .byte 0x03, 0x00, 0x00, 0x00, 0x40, 0x23, 0x00, 0x00, 0x41, 0x23, 0x00, 0x00, 0x42, 0x23, 0x00, 0x00
    .byte 0x02, 0x04, 0x20, 0x10, 0x00, 0x08, 0x00, 0x00, 0x00, 0x00, 0xf0, 0xff, 0xd0, 0xff, 0x10, 0x00
    .byte 0x10, 0x00, 0x20, 0x01, 0xf8, 0x00, 0x00, 0x00, 0x00, 0x00, 0x00, 0x00, 0x00, 0x00, 0x00, 0x00
    .byte 0x00, 0x00, 0x00, 0x00, 0x00, 0x00, 0x00, 0x00, 0x00, 0x00, 0x00, 0x00, 0xff, 0xff, 0x00, 0x00
    .byte 0x00, 0x00, 0x00, 0x00, 0x00, 0x00, 0x00, 0x00, 0xff, 0xff, 0xff, 0xff, 0xff, 0xff, 0xff, 0xff
    .byte 0x00, 0x00, 0xff, 0xff, 0xff, 0xff, 0xff, 0xff, 0x00, 0x00, 0x02, 0x00, 0xf4, 0xd8, 0x0c, 0x00
    .byte 0x00, 0x00, 0x00, 0x00, 0x03, 0x00, 0x00, 0x00, 0xdd, 0x22, 0x00, 0x00, 0xde, 0x22, 0x00, 0x00
    .byte 0xdf, 0x22, 0x00, 0x00, 0x02, 0x01, 0x30, 0x20, 0x00, 0x00, 0x00, 0x00, 0x00, 0x00, 0xf0, 0xff
    .byte 0xcf, 0xff, 0x10, 0x00, 0x07, 0x00, 0xd8, 0x02, 0x10, 0x01, 0x00, 0x00, 0x00, 0x00, 0x00, 0x00
    .byte 0x00, 0x00, 0x00, 0x00, 0x00, 0x00, 0x00, 0x00, 0x00, 0x00, 0x00, 0x00, 0x00, 0x00, 0x00, 0x00
    .byte 0x02, 0x00, 0x00, 0x00, 0x00, 0x00, 0x00, 0x00, 0x00, 0x00, 0x00, 0x00, 0xff, 0xff, 0xff, 0xff
    .byte 0xff, 0xff, 0xff, 0xff, 0x00, 0x00, 0xff, 0xff, 0xff, 0xff, 0xff, 0xff, 0x00, 0x00, 0x02, 0x00
    .byte 0xf4, 0xd8, 0x0c, 0x00, 0x00, 0x00, 0x00, 0x00, 0x03, 0x00, 0x00, 0x00, 0xe0, 0x22, 0x00, 0x00
    .byte 0xe1, 0x22, 0x00, 0x00, 0xe2, 0x22, 0x00, 0x00, 0x02, 0x00, 0x08, 0x08, 0x00, 0x00, 0x00, 0x00
    .byte 0x00, 0x00, 0xf0, 0xff, 0xcf, 0xff, 0x10, 0x00, 0x07, 0x00, 0xe8, 0x02, 0x38, 0x01, 0x00, 0x00
    .byte 0x00, 0x00, 0x00, 0x00, 0x00, 0x00, 0x00, 0x00, 0x00, 0x00, 0x00, 0x00, 0x00, 0x00, 0x00, 0x00
    .byte 0x00, 0x00, 0x00, 0x00, 0xff, 0xff, 0x00, 0x00, 0x00, 0x00, 0x00, 0x00, 0x00, 0x00, 0x00, 0x00
    .byte 0xff, 0xff, 0xff, 0xff, 0xff, 0xff, 0xff, 0xff, 0x00, 0x00, 0xff, 0xff, 0xff, 0xff, 0xff, 0xff
    .byte 0x00, 0x00, 0x02, 0x00, 0xf4, 0xd8, 0x0c, 0x00, 0x00, 0x00, 0x00, 0x00, 0x03, 0x00, 0x00, 0x00
    .byte 0xe0, 0x22, 0x00, 0x00, 0xe1, 0x22, 0x00, 0x00, 0xe2, 0x22, 0x00, 0x00, 0x02, 0x05, 0x20, 0x10
    .byte 0x00, 0x00, 0x00, 0x00, 0x00, 0x00, 0xf0, 0xff, 0xcf, 0xff, 0x10, 0x00, 0x07, 0x00, 0x40, 0x02
    .byte 0x00, 0x01, 0x00, 0x00, 0x00, 0x00, 0x00, 0x00, 0x00, 0x00, 0x00, 0x00, 0x00, 0x00, 0x00, 0x00
    .byte 0x00, 0x00, 0x00, 0x00, 0x00, 0x00, 0x00, 0x00, 0xff, 0xff, 0x00, 0x00, 0x00, 0x00, 0x00, 0x00
    .byte 0x00, 0x00, 0x00, 0x00, 0xff, 0xff, 0xff, 0xff, 0xff, 0xff, 0xff, 0xff, 0x00, 0x00, 0xff, 0xff
    .byte 0xff, 0xff, 0xff, 0xff, 0x00, 0x00, 0x02, 0x00, 0xf4, 0xd8, 0x0c, 0x00, 0x00, 0x00, 0x00, 0x00
    .byte 0x03, 0x00, 0x00, 0x00, 0xe3, 0x22, 0x00, 0x00, 0xe4, 0x22, 0x00, 0x00, 0xe5, 0x22, 0x00, 0x00
    .byte 0x02, 0x00, 0x20, 0x10, 0x00, 0x00, 0x00, 0x00, 0x00, 0x00, 0xf0, 0xff, 0xcf, 0xff, 0x10, 0x00
    .byte 0x07, 0x00, 0x20, 0x02, 0x00, 0x01, 0x00, 0x00, 0x00, 0x00, 0x00, 0x00, 0x00, 0x00, 0x00, 0x00
    .byte 0x00, 0x00, 0x00, 0x00, 0x00, 0x00, 0x00, 0x00, 0x00, 0x00, 0x00, 0x00, 0xff, 0xff, 0x00, 0x00
    .byte 0x00, 0x00, 0x00, 0x00, 0x00, 0x00, 0x00, 0x00, 0xff, 0xff, 0xff, 0xff, 0xff, 0xff, 0xff, 0xff
    .byte 0x00, 0x00, 0xff, 0xff, 0xff, 0xff, 0xff, 0xff, 0x00, 0x00, 0x02, 0x00, 0xf4, 0xd8, 0x0c, 0x00
    .byte 0x00, 0x00, 0x00, 0x00, 0x03, 0x00, 0x00, 0x00, 0xdd, 0x22, 0x00, 0x00, 0xde, 0x22, 0x00, 0x00
    .byte 0xdf, 0x22, 0x00, 0x00, 0x02, 0x00, 0x30, 0x20, 0x00, 0x00, 0x00, 0x00, 0x00, 0x00, 0xe8, 0xff
    .byte 0xe0, 0xff, 0x18, 0x00, 0x10, 0x00, 0xd8, 0x03, 0x54, 0x01, 0x00, 0x00, 0x00, 0x00, 0x00, 0x00
    .byte 0x00, 0x00, 0x00, 0x00, 0x00, 0x00, 0x00, 0x00, 0x00, 0x00, 0x00, 0x00, 0x00, 0x00, 0x00, 0x00
    .byte 0xff, 0xff, 0x00, 0x00, 0x00, 0x00, 0x00, 0x00, 0x00, 0x00, 0x00, 0x00, 0xff, 0xff, 0xff, 0xff
    .byte 0xff, 0xff, 0xff, 0xff, 0x00, 0x00, 0xff, 0xff, 0xff, 0xff, 0xff, 0xff, 0x00, 0x00, 0x02, 0x00
    .byte 0xf4, 0xd8, 0x0c, 0x00, 0x00, 0x00, 0x00, 0x00, 0x03, 0x00, 0x00, 0x00, 0xe3, 0x22, 0x00, 0x00
    .byte 0xe4, 0x22, 0x00, 0x00, 0xe5, 0x22, 0x00, 0x00, 0x02, 0x02, 0x00, 0x00, 0x00, 0x00, 0x00, 0x00
    .byte 0x00, 0x00, 0xf0, 0xff, 0xcf, 0xff, 0x10, 0x00, 0x07, 0x00, 0xb0, 0x03, 0x08, 0x01, 0x10, 0x00
    .byte 0x00, 0x00, 0x00, 0x00, 0x00, 0x00, 0x00, 0x00, 0x00, 0x00, 0x00, 0x00, 0x00, 0x00, 0x00, 0x00
    .byte 0x00, 0x00, 0x00, 0x00, 0xff, 0xff, 0x00, 0x00, 0x00, 0x00, 0x00, 0x00, 0x00, 0x00, 0x00, 0x00
    .byte 0xff, 0xff, 0xff, 0xff, 0xff, 0xff, 0xff, 0xff, 0x00, 0x00, 0xff, 0xff, 0xff, 0xff, 0xff, 0xff
    .byte 0x00, 0x00, 0x00, 0x00, 0xf4, 0xd8, 0x0c, 0x00, 0x00, 0x00, 0x00, 0x00, 0x03, 0x00, 0x00, 0x00
    .byte 0xe0, 0x22, 0x00, 0x00, 0xe1, 0x22, 0x00, 0x00, 0xe2, 0x22, 0x00, 0x00, 0x02, 0x04, 0x20, 0x10
    .byte 0x00, 0x00, 0x00, 0x00, 0x00, 0x00, 0xf0, 0xff, 0xcf, 0xff, 0x10, 0x00, 0x07, 0x00, 0xb0, 0x03
    .byte 0x00, 0x01, 0x00, 0x00, 0x00, 0x00, 0x00, 0x00, 0x00, 0x00, 0x00, 0x00, 0x00, 0x00, 0x00, 0x00
    .byte 0x00, 0x00, 0x00, 0x00, 0x00, 0x00, 0x00, 0x00, 0xff, 0xff, 0x00, 0x00, 0x00, 0x00, 0x00, 0x00
    .byte 0x00, 0x00, 0x00, 0x00, 0xff, 0xff, 0xff, 0xff, 0xff, 0xff, 0xff, 0xff, 0x00, 0x00, 0xff, 0xff
    .byte 0xff, 0xff, 0xff, 0xff, 0x00, 0x00, 0x02, 0x00, 0xf4, 0xd8, 0x0c, 0x00, 0x00, 0x00, 0x00, 0x00
    .byte 0x03, 0x00, 0x00, 0x00, 0xe3, 0x22, 0x00, 0x00, 0xe4, 0x22, 0x00, 0x00, 0xe5, 0x22, 0x00, 0x00
    .byte 0x02, 0x00, 0x20, 0x10, 0x00, 0x00, 0x00, 0x00, 0x00, 0x00, 0xf0, 0xff, 0xcf, 0xff, 0x10, 0x00
    .byte 0x07, 0x00, 0x50, 0x03, 0x00, 0x01, 0x00, 0x00, 0x00, 0x00, 0x00, 0x00, 0x00, 0x00, 0x00, 0x00
    .byte 0x00, 0x00, 0x00, 0x00, 0x00, 0x00, 0x00, 0x00, 0x00, 0x00, 0x00, 0x00, 0xff, 0xff, 0x00, 0x00
    .byte 0x00, 0x00, 0x00, 0x00, 0x00, 0x00, 0x00, 0x00, 0xff, 0xff, 0xff, 0xff, 0xff, 0xff, 0xff, 0xff
    .byte 0x00, 0x00, 0xff, 0xff, 0xff, 0xff, 0xff, 0xff, 0x00, 0x00, 0x02, 0x00, 0xf4, 0xd8, 0x0c, 0x00
    .byte 0x00, 0x00, 0x00, 0x00, 0x03, 0x00, 0x00, 0x00, 0xe0, 0x22, 0x00, 0x00, 0xe1, 0x22, 0x00, 0x00
    .byte 0xe2, 0x22, 0x00, 0x00, 0x02, 0x02, 0x20, 0x14, 0x00, 0x00, 0x00, 0x00, 0x00, 0x00, 0xf0, 0xff
    .byte 0xcf, 0xff, 0x10, 0x00, 0x07, 0x00, 0xe0, 0x03, 0x2e, 0x01, 0x00, 0x00, 0x00, 0x00, 0x00, 0x00
    .byte 0x00, 0x00, 0x00, 0x00, 0x00, 0x00, 0x00, 0x00, 0x00, 0x00, 0x00, 0x00, 0x00, 0x00, 0x00, 0x00
    .byte 0xff, 0xff, 0x00, 0x00, 0x00, 0x00, 0x00, 0x00, 0x00, 0x00, 0x00, 0x00, 0xff, 0xff, 0xff, 0xff
    .byte 0xff, 0xff, 0xff, 0xff, 0x00, 0x00, 0xff, 0xff, 0xff, 0xff, 0xff, 0xff, 0x00, 0x00, 0x02, 0x00
    .byte 0xf4, 0xd8, 0x0c, 0x00, 0x00, 0x00, 0x00, 0x00, 0x03, 0x00, 0x00, 0x00, 0xdd, 0x22, 0x00, 0x00
    .byte 0xde, 0x22, 0x00, 0x00, 0xdf, 0x22, 0x00, 0x00, 0x02, 0x01, 0x30, 0x20, 0x00, 0x00, 0x00, 0x00
    .byte 0x00, 0x00, 0xf0, 0xff, 0xcf, 0xff, 0x10, 0x00, 0x07, 0x00, 0xd8, 0x00, 0x90, 0x02, 0x00, 0x00
    .byte 0x00, 0x00, 0x00, 0x00, 0x00, 0x00, 0x00, 0x00, 0x00, 0x00, 0x00, 0x00, 0x00, 0x00, 0x00, 0x00
    .byte 0x00, 0x00, 0x00, 0x00, 0x02, 0x00, 0x00, 0x00, 0x00, 0x00, 0x00, 0x00, 0x00, 0x00, 0x00, 0x00
    .byte 0xff, 0xff, 0xff, 0xff, 0xff, 0xff, 0xff, 0xff, 0x00, 0x00, 0xff, 0xff, 0xff, 0xff, 0xff, 0xff
    .byte 0x00, 0x00, 0x02, 0x00, 0xf4, 0xd8, 0x0c, 0x00, 0x00, 0x00, 0x00, 0x00, 0x03, 0x00, 0x00, 0x00
    .byte 0xe0, 0x22, 0x00, 0x00, 0xe1, 0x22, 0x00, 0x00, 0xe2, 0x22, 0x00, 0x00, 0x02, 0x00, 0x08, 0x08
    .byte 0x00, 0x00, 0x00, 0x00, 0x00, 0x00, 0xf0, 0xff, 0xcf, 0xff, 0x10, 0x00, 0x07, 0x00, 0xe8, 0x00
    .byte 0xb8, 0x02, 0x00, 0x00, 0x00, 0x00, 0x00, 0x00, 0x00, 0x00, 0x00, 0x00, 0x00, 0x00, 0x00, 0x00
    .byte 0x00, 0x00, 0x00, 0x00, 0x00, 0x00, 0x00, 0x00, 0xff, 0xff, 0x00, 0x00, 0x00, 0x00, 0x00, 0x00
    .byte 0x00, 0x00, 0x00, 0x00, 0xff, 0xff, 0xff, 0xff, 0xff, 0xff, 0xff, 0xff, 0x00, 0x00, 0xff, 0xff
    .byte 0xff, 0xff, 0xff, 0xff, 0x00, 0x00, 0x02, 0x00, 0xf4, 0xd8, 0x0c, 0x00, 0x00, 0x00, 0x00, 0x00
    .byte 0x03, 0x00, 0x00, 0x00, 0xe0, 0x22, 0x00, 0x00, 0xe1, 0x22, 0x00, 0x00, 0xe2, 0x22, 0x00, 0x00
    .byte 0x02, 0x05, 0x20, 0x10, 0x00, 0x00, 0x00, 0x00, 0x00, 0x00, 0xf0, 0xff, 0xcf, 0xff, 0x10, 0x00
    .byte 0x07, 0x00, 0x40, 0x00, 0x80, 0x02, 0x00, 0x00, 0x00, 0x00, 0x00, 0x00, 0x00, 0x00, 0x00, 0x00
    .byte 0x00, 0x00, 0x00, 0x00, 0x00, 0x00, 0x00, 0x00, 0x00, 0x00, 0x00, 0x00, 0xff, 0xff, 0x00, 0x00
    .byte 0x00, 0x00, 0x00, 0x00, 0x00, 0x00, 0x00, 0x00, 0xff, 0xff, 0xff, 0xff, 0xff, 0xff, 0xff, 0xff
    .byte 0x00, 0x00, 0xff, 0xff, 0xff, 0xff, 0xff, 0xff, 0x00, 0x00, 0x02, 0x00, 0xf4, 0xd8, 0x0c, 0x00
    .byte 0x00, 0x00, 0x00, 0x00, 0x03, 0x00, 0x00, 0x00, 0xe3, 0x22, 0x00, 0x00, 0xe4, 0x22, 0x00, 0x00
    .byte 0xe5, 0x22, 0x00, 0x00, 0x02, 0x00, 0x20, 0x10, 0x00, 0x00, 0x00, 0x00, 0x00, 0x00, 0xf0, 0xff
    .byte 0xcf, 0xff, 0x10, 0x00, 0x07, 0x00, 0x20, 0x00, 0x80, 0x02, 0x00, 0x00, 0x00, 0x00, 0x00, 0x00
    .byte 0x00, 0x00, 0x00, 0x00, 0x00, 0x00, 0x00, 0x00, 0x00, 0x00, 0x00, 0x00, 0x00, 0x00, 0x00, 0x00
    .byte 0xff, 0xff, 0x00, 0x00, 0x00, 0x00, 0x00, 0x00, 0x00, 0x00, 0x00, 0x00, 0xff, 0xff, 0xff, 0xff
    .byte 0xff, 0xff, 0xff, 0xff, 0x00, 0x00, 0xff, 0xff, 0xff, 0xff, 0xff, 0xff, 0x00, 0x00, 0x02, 0x00
    .byte 0xf4, 0xd8, 0x0c, 0x00, 0x00, 0x00, 0x00, 0x00, 0x03, 0x00, 0x00, 0x00, 0x40, 0x23, 0x00, 0x00
    .byte 0x41, 0x23, 0x00, 0x00, 0x42, 0x23, 0x00, 0x00, 0x02, 0x05, 0x20, 0x10, 0x00, 0x08, 0x00, 0x00
    .byte 0x00, 0x00, 0xf0, 0xff, 0xd0, 0xff, 0x10, 0x00, 0x10, 0x00, 0xe0, 0x00, 0xd8, 0x02, 0x00, 0x00
    .byte 0x00, 0x00, 0x00, 0x00, 0x00, 0x00, 0x00, 0x00, 0x00, 0x00, 0x00, 0x00, 0x00, 0x00, 0x00, 0x00
    .byte 0x00, 0x00, 0x00, 0x00, 0xff, 0xff, 0x00, 0x00, 0x00, 0x00, 0x00, 0x00, 0x00, 0x00, 0x00, 0x00
    .byte 0xff, 0xff, 0xff, 0xff, 0xff, 0xff, 0xff, 0xff, 0x00, 0x00, 0xff, 0xff, 0xff, 0xff, 0xff, 0xff
    .byte 0x00, 0x00, 0x02, 0x00, 0xf4, 0xd8, 0x0c, 0x00, 0x00, 0x00, 0x00, 0x00, 0x03, 0x00, 0x00, 0x00
    .byte 0xdd, 0x22, 0x00, 0x00, 0xde, 0x22, 0x00, 0x00, 0xdf, 0x22, 0x00, 0x00, 0x02, 0x00, 0x30, 0x20
    .byte 0x00, 0x00, 0x00, 0x00, 0x00, 0x00, 0xe8, 0xff, 0xe0, 0xff, 0x18, 0x00, 0x10, 0x00, 0xd8, 0x01
    .byte 0xd4, 0x02, 0x00, 0x00, 0x00, 0x00, 0x00, 0x00, 0x00, 0x00, 0x00, 0x00, 0x00, 0x00, 0x00, 0x00
    .byte 0x00, 0x00, 0x00, 0x00, 0x00, 0x00, 0x00, 0x00, 0xff, 0xff, 0x00, 0x00, 0x00, 0x00, 0x00, 0x00
    .byte 0x00, 0x00, 0x00, 0x00, 0xff, 0xff, 0xff, 0xff, 0xff, 0xff, 0xff, 0xff, 0x00, 0x00, 0xff, 0xff
    .byte 0xff, 0xff, 0xff, 0xff, 0x00, 0x00, 0x02, 0x00, 0xf4, 0xd8, 0x0c, 0x00, 0x00, 0x00, 0x00, 0x00
    .byte 0x03, 0x00, 0x00, 0x00, 0xe3, 0x22, 0x00, 0x00, 0xe4, 0x22, 0x00, 0x00, 0xe5, 0x22, 0x00, 0x00
    .byte 0x02, 0x02, 0x00, 0x00, 0x00, 0x00, 0x00, 0x00, 0x00, 0x00, 0xf0, 0xff, 0xcf, 0xff, 0x10, 0x00
    .byte 0x07, 0x00, 0xb0, 0x01, 0x88, 0x02, 0x10, 0x00, 0x00, 0x00, 0x00, 0x00, 0x00, 0x00, 0x00, 0x00
    .byte 0x00, 0x00, 0x00, 0x00, 0x00, 0x00, 0x00, 0x00, 0x00, 0x00, 0x00, 0x00, 0xff, 0xff, 0x00, 0x00
    .byte 0x00, 0x00, 0x00, 0x00, 0x00, 0x00, 0x00, 0x00, 0xff, 0xff, 0xff, 0xff, 0xff, 0xff, 0xff, 0xff
    .byte 0x00, 0x00, 0xff, 0xff, 0xff, 0xff, 0xff, 0xff, 0x00, 0x00, 0x00, 0x00, 0xf4, 0xd8, 0x0c, 0x00
    .byte 0x00, 0x00, 0x00, 0x00, 0x03, 0x00, 0x00, 0x00, 0xe0, 0x22, 0x00, 0x00, 0xe1, 0x22, 0x00, 0x00
    .byte 0xe2, 0x22, 0x00, 0x00, 0x02, 0x04, 0x20, 0x10, 0x00, 0x00, 0x00, 0x00, 0x00, 0x00, 0xf0, 0xff
    .byte 0xcf, 0xff, 0x10, 0x00, 0x07, 0x00, 0xb0, 0x01, 0x80, 0x02, 0x00, 0x00, 0x00, 0x00, 0x00, 0x00
    .byte 0x00, 0x00, 0x00, 0x00, 0x00, 0x00, 0x00, 0x00, 0x00, 0x00, 0x00, 0x00, 0x00, 0x00, 0x00, 0x00
    .byte 0xff, 0xff, 0x00, 0x00, 0x00, 0x00, 0x00, 0x00, 0x00, 0x00, 0x00, 0x00, 0xff, 0xff, 0xff, 0xff
    .byte 0xff, 0xff, 0xff, 0xff, 0x00, 0x00, 0xff, 0xff, 0xff, 0xff, 0xff, 0xff, 0x00, 0x00, 0x02, 0x00
    .byte 0xf4, 0xd8, 0x0c, 0x00, 0x00, 0x00, 0x00, 0x00, 0x03, 0x00, 0x00, 0x00, 0xe3, 0x22, 0x00, 0x00
    .byte 0xe4, 0x22, 0x00, 0x00, 0xe5, 0x22, 0x00, 0x00, 0x02, 0x00, 0x20, 0x10, 0x00, 0x00, 0x00, 0x00
    .byte 0x00, 0x00, 0xf0, 0xff, 0xcf, 0xff, 0x10, 0x00, 0x07, 0x00, 0x50, 0x01, 0x80, 0x02, 0x00, 0x00
    .byte 0x00, 0x00, 0x00, 0x00, 0x00, 0x00, 0x00, 0x00, 0x00, 0x00, 0x00, 0x00, 0x00, 0x00, 0x00, 0x00
    .byte 0x00, 0x00, 0x00, 0x00, 0xff, 0xff, 0x00, 0x00, 0x00, 0x00, 0x00, 0x00, 0x00, 0x00, 0x00, 0x00
    .byte 0xff, 0xff, 0xff, 0xff, 0xff, 0xff, 0xff, 0xff, 0x00, 0x00, 0xff, 0xff, 0xff, 0xff, 0xff, 0xff
    .byte 0x00, 0x00, 0x02, 0x00, 0xf4, 0xd8, 0x0c, 0x00, 0x00, 0x00, 0x00, 0x00, 0x03, 0x00, 0x00, 0x00
    .byte 0xe0, 0x22, 0x00, 0x00, 0xe1, 0x22, 0x00, 0x00, 0xe2, 0x22, 0x00, 0x00, 0x02, 0x05, 0x20, 0x14
    .byte 0x00, 0x00, 0x00, 0x00, 0x00, 0x00, 0xf0, 0xff, 0xcf, 0xff, 0x10, 0x00, 0x07, 0x00, 0xe0, 0x01
    .byte 0xae, 0x02, 0x00, 0x00, 0x00, 0x00, 0x00, 0x00, 0x00, 0x00, 0x00, 0x00, 0x00, 0x00, 0x00, 0x00
    .byte 0x00, 0x00, 0x00, 0x00, 0x00, 0x00, 0x00, 0x00, 0xff, 0xff, 0x00, 0x00, 0x00, 0x00, 0x00, 0x00
    .byte 0x00, 0x00, 0x00, 0x00, 0xff, 0xff, 0xff, 0xff, 0xff, 0xff, 0xff, 0xff, 0x00, 0x00, 0xff, 0xff
    .byte 0xff, 0xff, 0xff, 0xff, 0x00, 0x00, 0x02, 0x00, 0xf4, 0xd8, 0x0c, 0x00, 0x00, 0x00, 0x00, 0x00
    .byte 0x03, 0x00, 0x00, 0x00, 0xdd, 0x22, 0x00, 0x00, 0xde, 0x22, 0x00, 0x00, 0xdf, 0x22, 0x00, 0x00
    .byte 0x02, 0x01, 0x30, 0x20, 0x00, 0x00, 0x00, 0x00, 0x00, 0x00, 0xf0, 0xff, 0xcf, 0xff, 0x10, 0x00
    .byte 0x07, 0x00, 0xd8, 0x02, 0x90, 0x02, 0x00, 0x00, 0x00, 0x00, 0x00, 0x00, 0x00, 0x00, 0x00, 0x00
    .byte 0x00, 0x00, 0x00, 0x00, 0x00, 0x00, 0x00, 0x00, 0x00, 0x00, 0x00, 0x00, 0x02, 0x00, 0x00, 0x00
    .byte 0x00, 0x00, 0x00, 0x00, 0x00, 0x00, 0x00, 0x00, 0xff, 0xff, 0xff, 0xff, 0xff, 0xff, 0xff, 0xff
    .byte 0x00, 0x00, 0xff, 0xff, 0xff, 0xff, 0xff, 0xff, 0x00, 0x00, 0x02, 0x00, 0xf4, 0xd8, 0x0c, 0x00
    .byte 0x00, 0x00, 0x00, 0x00, 0x03, 0x00, 0x00, 0x00, 0xe0, 0x22, 0x00, 0x00, 0xe1, 0x22, 0x00, 0x00
    .byte 0xe2, 0x22, 0x00, 0x00, 0x02, 0x00, 0x08, 0x08, 0x00, 0x00, 0x00, 0x00, 0x00, 0x00, 0xf0, 0xff
    .byte 0xcf, 0xff, 0x10, 0x00, 0x07, 0x00, 0xe8, 0x02, 0xb8, 0x02, 0x00, 0x00, 0x00, 0x00, 0x00, 0x00
    .byte 0x00, 0x00, 0x00, 0x00, 0x00, 0x00, 0x00, 0x00, 0x00, 0x00, 0x00, 0x00, 0x00, 0x00, 0x00, 0x00
    .byte 0xff, 0xff, 0x00, 0x00, 0x00, 0x00, 0x00, 0x00, 0x00, 0x00, 0x00, 0x00, 0xff, 0xff, 0xff, 0xff
    .byte 0xff, 0xff, 0xff, 0xff, 0x00, 0x00, 0xff, 0xff, 0xff, 0xff, 0xff, 0xff, 0x00, 0x00, 0x02, 0x00
    .byte 0xf4, 0xd8, 0x0c, 0x00, 0x00, 0x00, 0x00, 0x00, 0x03, 0x00, 0x00, 0x00, 0xe0, 0x22, 0x00, 0x00
    .byte 0xe1, 0x22, 0x00, 0x00, 0xe2, 0x22, 0x00, 0x00, 0x02, 0x05, 0x20, 0x10, 0x00, 0x00, 0x00, 0x00
    .byte 0x00, 0x00, 0xf0, 0xff, 0xcf, 0xff, 0x10, 0x00, 0x07, 0x00, 0x40, 0x02, 0x80, 0x02, 0x00, 0x00
    .byte 0x00, 0x00, 0x00, 0x00, 0x00, 0x00, 0x00, 0x00, 0x00, 0x00, 0x00, 0x00, 0x00, 0x00, 0x00, 0x00
    .byte 0x00, 0x00, 0x00, 0x00, 0xff, 0xff, 0x00, 0x00, 0x00, 0x00, 0x00, 0x00, 0x00, 0x00, 0x00, 0x00
    .byte 0xff, 0xff, 0xff, 0xff, 0xff, 0xff, 0xff, 0xff, 0x00, 0x00, 0xff, 0xff, 0xff, 0xff, 0xff, 0xff
    .byte 0x00, 0x00, 0x02, 0x00, 0xf4, 0xd8, 0x0c, 0x00, 0x00, 0x00, 0x00, 0x00, 0x03, 0x00, 0x00, 0x00
    .byte 0xe3, 0x22, 0x00, 0x00, 0xe4, 0x22, 0x00, 0x00, 0xe5, 0x22, 0x00, 0x00, 0x02, 0x00, 0x20, 0x10
    .byte 0x00, 0x00, 0x00, 0x00, 0x00, 0x00, 0xf0, 0xff, 0xcf, 0xff, 0x10, 0x00, 0x07, 0x00, 0x20, 0x02
    .byte 0x80, 0x02, 0x00, 0x00, 0x00, 0x00, 0x00, 0x00, 0x00, 0x00, 0x00, 0x00, 0x00, 0x00, 0x00, 0x00
    .byte 0x00, 0x00, 0x00, 0x00, 0x00, 0x00, 0x00, 0x00, 0xff, 0xff, 0x00, 0x00, 0x00, 0x00, 0x00, 0x00
    .byte 0x00, 0x00, 0x00, 0x00, 0xff, 0xff, 0xff, 0xff, 0xff, 0xff, 0xff, 0xff, 0x00, 0x00, 0xff, 0xff
    .byte 0xff, 0xff, 0xff, 0xff, 0x00, 0x00, 0x02, 0x00, 0xf4, 0xd8, 0x0c, 0x00, 0x00, 0x00, 0x00, 0x00
    .byte 0x03, 0x00, 0x00, 0x00, 0xdd, 0x22, 0x00, 0x00, 0xde, 0x22, 0x00, 0x00, 0xdf, 0x22, 0x00, 0x00
    .byte 0x02, 0x00, 0x30, 0x20, 0x00, 0x00, 0x00, 0x00, 0x00, 0x00, 0xe8, 0xff, 0xe0, 0xff, 0x18, 0x00
    .byte 0x10, 0x00, 0xd8, 0x03, 0xd4, 0x02, 0x00, 0x00, 0x00, 0x00, 0x00, 0x00, 0x00, 0x00, 0x00, 0x00
    .byte 0x00, 0x00, 0x00, 0x00, 0x00, 0x00, 0x00, 0x00, 0x00, 0x00, 0x00, 0x00, 0xff, 0xff, 0x00, 0x00
    .byte 0x00, 0x00, 0x00, 0x00, 0x00, 0x00, 0x00, 0x00, 0xff, 0xff, 0xff, 0xff, 0xff, 0xff, 0xff, 0xff
    .byte 0x00, 0x00, 0xff, 0xff, 0xff, 0xff, 0xff, 0xff, 0x00, 0x00, 0x02, 0x00, 0xf4, 0xd8, 0x0c, 0x00
    .byte 0x00, 0x00, 0x00, 0x00, 0x03, 0x00, 0x00, 0x00, 0xe3, 0x22, 0x00, 0x00, 0xe4, 0x22, 0x00, 0x00
    .byte 0xe5, 0x22, 0x00, 0x00, 0x02, 0x02, 0x00, 0x00, 0x00, 0x00, 0x00, 0x00, 0x00, 0x00, 0xf0, 0xff
    .byte 0xcf, 0xff, 0x10, 0x00, 0x07, 0x00, 0xb0, 0x03, 0x88, 0x02, 0x10, 0x00, 0x00, 0x00, 0x00, 0x00
    .byte 0x00, 0x00, 0x00, 0x00, 0x00, 0x00, 0x00, 0x00, 0x00, 0x00, 0x00, 0x00, 0x00, 0x00, 0x00, 0x00
    .byte 0xff, 0xff, 0x00, 0x00, 0x00, 0x00, 0x00, 0x00, 0x00, 0x00, 0x00, 0x00, 0xff, 0xff, 0xff, 0xff
    .byte 0xff, 0xff, 0xff, 0xff, 0x00, 0x00, 0xff, 0xff, 0xff, 0xff, 0xff, 0xff, 0x00, 0x00, 0x00, 0x00
    .byte 0xf4, 0xd8, 0x0c, 0x00, 0x00, 0x00, 0x00, 0x00, 0x03, 0x00, 0x00, 0x00, 0xe0, 0x22, 0x00, 0x00
    .byte 0xe1, 0x22, 0x00, 0x00, 0xe2, 0x22, 0x00, 0x00, 0x02, 0x04, 0x20, 0x10, 0x00, 0x00, 0x00, 0x00
    .byte 0x00, 0x00, 0xf0, 0xff, 0xcf, 0xff, 0x10, 0x00, 0x07, 0x00, 0xb0, 0x03, 0x80, 0x02, 0x00, 0x00
    .byte 0x00, 0x00, 0x00, 0x00, 0x00, 0x00, 0x00, 0x00, 0x00, 0x00, 0x00, 0x00, 0x00, 0x00, 0x00, 0x00
    .byte 0x00, 0x00, 0x00, 0x00, 0xff, 0xff, 0x00, 0x00, 0x00, 0x00, 0x00, 0x00, 0x00, 0x00, 0x00, 0x00
    .byte 0xff, 0xff, 0xff, 0xff, 0xff, 0xff, 0xff, 0xff, 0x00, 0x00, 0xff, 0xff, 0xff, 0xff, 0xff, 0xff
    .byte 0x00, 0x00, 0x02, 0x00, 0xf4, 0xd8, 0x0c, 0x00, 0x00, 0x00, 0x00, 0x00, 0x03, 0x00, 0x00, 0x00
    .byte 0xe3, 0x22, 0x00, 0x00, 0xe4, 0x22, 0x00, 0x00, 0xe5, 0x22, 0x00, 0x00, 0x02, 0x00, 0x20, 0x10
    .byte 0x00, 0x00, 0x00, 0x00, 0x00, 0x00, 0xf0, 0xff, 0xcf, 0xff, 0x10, 0x00, 0x07, 0x00, 0x50, 0x03
    .byte 0x80, 0x02, 0x00, 0x00, 0x00, 0x00, 0x00, 0x00, 0x00, 0x00, 0x00, 0x00, 0x00, 0x00, 0x00, 0x00
    .byte 0x00, 0x00, 0x00, 0x00, 0x00, 0x00, 0x00, 0x00, 0xff, 0xff, 0x00, 0x00, 0x00, 0x00, 0x00, 0x00
    .byte 0x00, 0x00, 0x00, 0x00, 0xff, 0xff, 0xff, 0xff, 0xff, 0xff, 0xff, 0xff, 0x00, 0x00, 0xff, 0xff
    .byte 0xff, 0xff, 0xff, 0xff, 0x00, 0x00, 0x02, 0x00, 0xf4, 0xd8, 0x0c, 0x00, 0x00, 0x00, 0x00, 0x00
    .byte 0x03, 0x00, 0x00, 0x00, 0xe0, 0x22, 0x00, 0x00, 0xe1, 0x22, 0x00, 0x00, 0xe2, 0x22, 0x00, 0x00
    .byte 0x02, 0x08, 0x20, 0x14, 0x00, 0x00, 0x00, 0x00, 0x00, 0x00, 0xf0, 0xff, 0xcf, 0xff, 0x10, 0x00
    .byte 0x07, 0x00, 0xe0, 0x03, 0xae, 0x02, 0x00, 0x00, 0x00, 0x00, 0x00, 0x00, 0x00, 0x00, 0x00, 0x00
    .byte 0x00, 0x00, 0x00, 0x00, 0x00, 0x00, 0x00, 0x00, 0x00, 0x00, 0x00, 0x00, 0xff, 0xff, 0x00, 0x00
    .byte 0x00, 0x00, 0x00, 0x00, 0x00, 0x00, 0x00, 0x00, 0xff, 0xff, 0xff, 0xff, 0xff, 0xff, 0xff, 0xff
    .byte 0x00, 0x00, 0xff, 0xff, 0xff, 0xff, 0xff, 0xff, 0x00, 0x00, 0x02, 0x00, 0xf4, 0xd8, 0x0c, 0x00
    .byte 0x00, 0x00, 0x00, 0x00, 0x03, 0x00, 0x00, 0x00, 0xad, 0x14, 0x00, 0x00, 0xae, 0x14, 0x00, 0x00
    .byte 0xaf, 0x14, 0x00, 0x00, 0x02, 0x00, 0x18, 0x0c, 0x00, 0x00, 0x00, 0x00, 0x00, 0x00, 0xee, 0xff
    .byte 0xd4, 0xff, 0x12, 0x00, 0x00, 0x00, 0x3d, 0x01, 0x08, 0x01, 0x00, 0x00, 0x00, 0x00, 0x00, 0x00
    .byte 0xd0, 0x0e, 0x22, 0x02, 0x00, 0x00, 0x00, 0x00, 0x00, 0x00, 0x00, 0x00, 0x00, 0x00, 0x00, 0x00
    .byte 0xff, 0xff, 0x08, 0x00, 0x00, 0x00, 0x00, 0x00, 0x00, 0x00, 0x00, 0x00, 0xff, 0xff, 0xff, 0xff
    .byte 0xff, 0xff, 0xff, 0xff, 0x56, 0xd0, 0x3b, 0x00, 0xff, 0xff, 0xff, 0xff, 0x00, 0x00, 0x04, 0x00
    .byte 0xee, 0xd4, 0x12, 0x08, 0x00, 0x00, 0x00, 0x00, 0x03, 0x00, 0x00, 0x00, 0xad, 0x14, 0x00, 0x00
    .byte 0xae, 0x14, 0x00, 0x00, 0xaf, 0x14, 0x00, 0x00, 0x02, 0x00, 0x18, 0x0c, 0x00, 0x00, 0x00, 0x00
    .byte 0x00, 0x00, 0xee, 0xff, 0xd4, 0xff, 0x12, 0x00, 0x00, 0x00, 0x6e, 0x01, 0x2c, 0x01, 0x00, 0x00
    .byte 0x00, 0x00, 0x00, 0x00, 0x66, 0x13, 0x22, 0x02, 0x00, 0x00, 0x00, 0x00, 0x00, 0x00, 0x00, 0x00
    .byte 0x00, 0x00, 0x00, 0x00, 0xff, 0xff, 0x08, 0x00, 0x00, 0x00, 0x00, 0x00, 0x00, 0x00, 0x00, 0x00
    .byte 0xff, 0xff, 0xff, 0xff, 0xff, 0xff, 0xff, 0xff, 0x56, 0xd0, 0x3c, 0x00, 0xff, 0xff, 0xff, 0xff
    .byte 0x00, 0x00, 0x04, 0x00, 0xee, 0xd4, 0x12, 0x08, 0x00, 0x00, 0x00, 0x00, 0x03, 0x00, 0x00, 0x00
    .byte 0xad, 0x14, 0x00, 0x00, 0xae, 0x14, 0x00, 0x00, 0xaf, 0x14, 0x00, 0x00, 0x02, 0x00, 0x18, 0x0c
    .byte 0x00, 0x00, 0x00, 0x00, 0x00, 0x00, 0xee, 0xff, 0xd4, 0xff, 0x12, 0x00, 0x00, 0x00, 0x8a, 0x01
    .byte 0x70, 0x01, 0x00, 0x00, 0x00, 0x00, 0x00, 0x00, 0x8d, 0x15, 0x22, 0x02, 0x00, 0x00, 0x00, 0x00
    .byte 0x00, 0x00, 0x00, 0x00, 0x00, 0x00, 0x00, 0x00, 0xff, 0xff, 0x08, 0x00, 0x00, 0x00, 0x00, 0x00
    .byte 0x00, 0x00, 0x00, 0x00, 0xff, 0xff, 0xff, 0xff, 0xff, 0xff, 0xff, 0xff, 0x56, 0xd0, 0x3d, 0x00
    .byte 0xff, 0xff, 0xff, 0xff, 0x00, 0x00, 0x04, 0x00, 0xee, 0xd4, 0x12, 0x08, 0x00, 0x00, 0x00, 0x00
    .byte 0x03, 0x00, 0x00, 0x00, 0xad, 0x14, 0x00, 0x00, 0xae, 0x14, 0x00, 0x00, 0xaf, 0x14, 0x00, 0x00
    .byte 0x02, 0x00, 0x18, 0x0c, 0x00, 0x00, 0x00, 0x00, 0x00, 0x00, 0xee, 0xff, 0xd4, 0xff, 0x12, 0x00
    .byte 0x00, 0x00, 0xd7, 0x01, 0x10, 0x01, 0x00, 0x00, 0x00, 0x00, 0x00, 0x00, 0xb4, 0x17, 0x22, 0x02
    .byte 0x00, 0x00, 0x00, 0x00, 0x00, 0x00, 0x00, 0x00, 0x00, 0x00, 0x00, 0x00, 0xff, 0xff, 0x08, 0x00
    .byte 0x00, 0x00, 0x00, 0x00, 0x00, 0x00, 0x00, 0x00, 0xff, 0xff, 0xff, 0xff, 0xff, 0xff, 0xff, 0xff
    .byte 0x56, 0xd0, 0x3e, 0x00, 0xff, 0xff, 0xff, 0xff, 0x00, 0x00, 0x04, 0x00, 0xee, 0xd4, 0x12, 0x08
    .byte 0x00, 0x00, 0x00, 0x00, 0x03, 0x00, 0x00, 0x00, 0xad, 0x14, 0x00, 0x00, 0xae, 0x14, 0x00, 0x00
    .byte 0xaf, 0x14, 0x00, 0x00, 0x02, 0x00, 0x18, 0x0c, 0x00, 0x00, 0x00, 0x00, 0x00, 0x00, 0xee, 0xff
    .byte 0xd4, 0xff, 0x12, 0x00, 0x00, 0x00, 0xe2, 0x01, 0x40, 0x01, 0x00, 0x00, 0x00, 0x00, 0x00, 0x00
    .byte 0xdb, 0x19, 0x22, 0x02, 0x00, 0x00, 0x00, 0x00, 0x00, 0x00, 0x00, 0x00, 0x00, 0x00, 0x00, 0x00
    .byte 0xff, 0xff, 0x08, 0x00, 0x00, 0x00, 0x00, 0x00, 0x00, 0x00, 0x00, 0x00, 0xff, 0xff, 0xff, 0xff
    .byte 0xff, 0xff, 0xff, 0xff, 0x56, 0xd0, 0x3f, 0x00, 0xff, 0xff, 0xff, 0xff, 0x00, 0x00, 0x04, 0x00
    .byte 0xee, 0xd4, 0x12, 0x08, 0x00, 0x00, 0x00, 0x00, 0x03, 0x00, 0x00, 0x00, 0xad, 0x14, 0x00, 0x00
    .byte 0xae, 0x14, 0x00, 0x00, 0xaf, 0x14, 0x00, 0x00, 0x02, 0x00, 0x18, 0x0c, 0x00, 0x00, 0x00, 0x00
    .byte 0x00, 0x00, 0xee, 0xff, 0xd4, 0xff, 0x12, 0x00, 0x00, 0x00, 0xcc, 0x01, 0x68, 0x01, 0x00, 0x00
    .byte 0x00, 0x00, 0x00, 0x00, 0x02, 0x1c, 0x22, 0x02, 0x00, 0x00, 0x00, 0x00, 0x00, 0x00, 0x00, 0x00
    .byte 0x00, 0x00, 0x00, 0x00, 0xff, 0xff, 0x08, 0x00, 0x00, 0x00, 0x00, 0x00, 0x00, 0x00, 0x00, 0x00
    .byte 0xff, 0xff, 0xff, 0xff, 0xff, 0xff, 0xff, 0xff, 0x56, 0xd0, 0x40, 0x00, 0xff, 0xff, 0xff, 0xff
    .byte 0x00, 0x00, 0x04, 0x00, 0xee, 0xd4, 0x12, 0x08, 0x00, 0x00, 0x00, 0x00, 0x00, 0x00, 0x00, 0x00
    .byte 0x00, 0x00, 0x00, 0x00, 0x00, 0x00, 0x00, 0x00, 0x00, 0x00, 0x00, 0x00, 0x00, 0x00, 0x00, 0x00
    .byte 0x00, 0x00, 0x00, 0x00, 0x00, 0x00, 0x00, 0x00, 0x00, 0x00, 0x00, 0x00, 0x00, 0x00, 0x00, 0x00
    .byte 0x00, 0x00, 0x00, 0x00, 0x00, 0x00, 0x00, 0x00, 0x00, 0x00, 0x00, 0x00, 0x00, 0x00, 0x00, 0x00
    .byte 0x00, 0x00, 0x00, 0x00, 0x00, 0x00, 0x00, 0x00, 0x00, 0x00, 0x00, 0x00, 0x00, 0x00, 0x00, 0x00
    .byte 0x00, 0x00, 0x00, 0x00, 0x00, 0x00, 0x00, 0x00, 0x00, 0x00, 0x00, 0x00, 0x00, 0x00, 0x00, 0x00
    .byte 0x00, 0x00, 0x00, 0x00, 0x00, 0x00, 0x00, 0x00, 0x00, 0x00, 0x00, 0x00, 0x00, 0x00, 0x00, 0x00
    .byte 0x2c, 0x62, 0x10, 0x00, 0x00, 0x2c, 0x01, 0x10, 0x00, 0x00, 0x2c, 0x63, 0x10, 0x00, 0x00, 0x2c
    .byte 0x02, 0x00, 0x00, 0x00, 0x2c, 0x10, 0x00, 0x00, 0x00, 0x15, 0x73, 0x20, 0x00, 0x00, 0x15, 0x55
    .byte 0x20, 0x00, 0x00, 0x2c, 0x61, 0x00, 0x00, 0x00, 0x15, 0xe0, 0x2c, 0x3c, 0x00, 0x00, 0x00, 0x15
    .byte 0x07, 0x15, 0x08, 0x00, 0x15, 0x28, 0x2c, 0x00, 0x10, 0x00, 0x00, 0x2c, 0x01, 0x10, 0x00, 0x00
    .byte 0x2c, 0x02, 0x10, 0x00, 0x00, 0x2c, 0x02, 0x00, 0x00, 0x00, 0x20, 0x00, 0x00, 0x15, 0x73, 0x2c
    .byte 0x01, 0x00, 0x00, 0x00, 0x15, 0x25, 0x2c, 0x12, 0x00, 0x00, 0x00, 0x20, 0x00, 0x00, 0x15, 0x32
    .byte 0x2d, 0x58, 0x2c, 0x07, 0x00, 0x00, 0x00, 0x15, 0x47, 0x18, 0x70, 0x17, 0x00, 0x2d, 0x58, 0x2c
    .byte 0x08, 0x00, 0x00, 0x00, 0x15, 0x47, 0x18, 0x70, 0x17, 0x00, 0x15, 0x1e, 0x18, 0x70, 0x17, 0x00
    .byte 0x15, 0x75, 0x20, 0x00, 0x00, 0x15, 0x06, 0x00, 0x15, 0xa2, 0x00, 0x2c, 0x01, 0x00, 0x00, 0x00
    .byte 0x15, 0x09, 0x00, 0x20, 0x00, 0x00, 0x15, 0x09, 0x00, 0x15, 0x0d, 0x00, 0x00, 0x20, 0x00, 0x00
    .byte 0x15, 0x17, 0x00, 0x2c, 0x01, 0x00, 0x00, 0x00, 0x15, 0x25, 0x00, 0x20, 0x00, 0x00, 0x15, 0x25
    .byte 0x00, 0x20, 0x00, 0x00, 0x20, 0x00, 0x00, 0x20, 0x00, 0x00, 0x15, 0x02, 0x20, 0x00, 0x00, 0x15
    .byte 0x3d, 0x20, 0x00, 0x00, 0x15, 0x09, 0x00, 0x20, 0x00, 0x00, 0x15, 0x18, 0x20, 0x00, 0x00, 0x15
    .byte 0x19, 0x20, 0x00, 0x00, 0x15, 0x09, 0x00, 0x2c, 0x0c, 0xfe, 0xff, 0xff, 0x2c, 0x0c, 0xfe, 0xff
    .byte 0xff, 0x20, 0x00, 0x00, 0x15, 0x02, 0x20, 0x00, 0x00, 0x15, 0x09, 0x00, 0x15, 0x2c, 0x00, 0x20
    .byte 0x00, 0x00, 0x15, 0x17, 0x2c, 0x00, 0x10, 0x00, 0x00, 0x2c, 0x01, 0x10, 0x00, 0x00, 0x2c, 0x02
    .byte 0x10, 0x00, 0x00, 0x2c, 0x02, 0x00, 0x00, 0x00, 0x20, 0x00, 0x00, 0x15, 0x73, 0x2c, 0x01, 0x00
    .byte 0x00, 0x00, 0x15, 0x09, 0x20, 0x00, 0x00, 0x15, 0x75, 0x00, 0x2c, 0x06, 0x00, 0x00, 0x00, 0x20
    .byte 0x00, 0x00, 0x20, 0x00, 0x00, 0x20, 0x00, 0x00, 0x15, 0xcd, 0x00, 0x22, 0x2c, 0x15, 0x00, 0x00
    .byte 0x00, 0x2c, 0x9e, 0x00, 0x00, 0x00, 0x2c, 0x7f, 0x00, 0x00, 0x00, 0x15, 0x0a, 0x2c, 0x03, 0x10
    .byte 0x00, 0x00, 0x2c, 0x01, 0x10, 0x00, 0x00, 0x2c, 0x04, 0x10, 0x00, 0x00, 0x2c, 0x02, 0x00, 0x00
    .byte 0x00, 0x2c, 0x18, 0x00, 0x00, 0x00, 0x15, 0x73, 0x2c, 0x00, 0x01, 0x00, 0x00, 0x15, 0x17, 0x2c
    .byte 0x01, 0x00, 0x00, 0x00, 0x15, 0x06, 0x2c, 0x01, 0x00, 0x00, 0x00, 0x15, 0x09, 0x2c, 0x13, 0x00
    .byte 0x00, 0x00, 0x20, 0x00, 0x00, 0x20, 0x00, 0x00, 0x2c, 0x30, 0x00, 0x00, 0x00, 0x20, 0x00, 0x00
    .byte 0x20, 0x00, 0x00, 0x20, 0x00, 0x00, 0x15, 0x53, 0x15, 0x46, 0x15, 0x8b, 0x18, 0x70, 0x32, 0x00
    .byte 0x00, 0x00, 0x00, 0x00, 0x13, 0x6e, 0xf1, 0x21, 0x02, 0x01, 0x5a, 0xf1, 0x21, 0x02, 0x2c, 0x93
    .byte 0x00, 0x00, 0x00, 0x2c, 0x01, 0x00, 0x00, 0x00, 0x20, 0x00, 0x00, 0x20, 0x00, 0x00, 0x15, 0xb8
    .byte 0x15, 0x5a, 0x20, 0x00, 0x00, 0x15, 0x75, 0x2c, 0x85, 0x03, 0x00, 0x00, 0x15, 0x36, 0x2c, 0x2b
    .byte 0x00, 0x00, 0x00, 0x15, 0x05, 0x2c, 0x01, 0x00, 0x00, 0x00, 0x15, 0x06, 0x2c, 0x5a, 0x00, 0x00
    .byte 0x00, 0x15, 0x07, 0x15, 0x08, 0x2c, 0xe0, 0x03, 0x00, 0x00, 0x15, 0x37, 0x18, 0x70, 0x32, 0x00
    .byte 0x00, 0x00, 0x00, 0x00, 0x14, 0xbe, 0xf1, 0x21, 0x02, 0x01, 0xa5, 0xf1, 0x21, 0x02, 0x00, 0x20
    .byte 0x00, 0x00, 0x15, 0x75, 0x2c, 0x00, 0x01, 0x00, 0x00, 0x15, 0x17, 0x2c, 0x0f, 0x10, 0x00, 0x00
    .byte 0x2c, 0x01, 0x10, 0x00, 0x00, 0x2c, 0x10, 0x10, 0x00, 0x00, 0x2c, 0x02, 0x00, 0x00, 0x00, 0x2c
    .byte 0x21, 0x00, 0x00, 0x00, 0x15, 0x73, 0x15, 0x16, 0x15, 0x46, 0x29, 0x00, 0x66, 0x32, 0x00, 0x01
    .byte 0x00, 0x00, 0x00, 0x13, 0x06, 0xf2, 0x21, 0x02, 0x29, 0x00, 0x66, 0x32, 0x00, 0x08, 0x00, 0x00
    .byte 0x00, 0x14, 0x8b, 0xf2, 0x21, 0x02, 0x2c, 0x03, 0x00, 0x00, 0x00, 0x38, 0x00, 0x20, 0x00, 0x00
    .byte 0x20, 0x00, 0x00, 0x20, 0x00, 0x00, 0x20, 0x00, 0x00, 0x20, 0x00, 0x00, 0x15, 0x53, 0x2c, 0x01
    .byte 0x00, 0x00, 0x00, 0x38, 0x00, 0x15, 0x85, 0x37, 0x00, 0x00, 0x32, 0x00, 0x01, 0x00, 0x00, 0x00
    .byte 0x14, 0x60, 0xf2, 0x21, 0x02, 0x15, 0x8b, 0x18, 0x70, 0x32, 0x00, 0x00, 0x00, 0x00, 0x00, 0x13
    .byte 0x49, 0xf2, 0x21, 0x02, 0x01, 0x35, 0xf2, 0x21, 0x02, 0x2c, 0x20, 0x03, 0x00, 0x00, 0x2c, 0x01
    .byte 0x00, 0x00, 0x00, 0x20, 0x00, 0x00, 0x20, 0x00, 0x00, 0x15, 0xb8, 0x25, 0x86, 0xf2, 0x21, 0x02
    .byte 0x15, 0x8b, 0x18, 0x70, 0x32, 0x00, 0x00, 0x00, 0x00, 0x00, 0x13, 0x74, 0xf2, 0x21, 0x02, 0x01
    .byte 0x60, 0xf2, 0x21, 0x02, 0x2c, 0xe1, 0x02, 0x00, 0x00, 0x2c, 0x01, 0x00, 0x00, 0x00, 0x20, 0x00
    .byte 0x00, 0x20, 0x00, 0x00, 0x15, 0xb8, 0x25, 0xee, 0xf3, 0x21, 0x02, 0x29, 0x00, 0x66, 0x32, 0x00
    .byte 0x03, 0x00, 0x00, 0x00, 0x13, 0xa7, 0xf2, 0x21, 0x02, 0x29, 0x00, 0x66, 0x32, 0x00, 0x09, 0x00
    .byte 0x00, 0x00, 0x14, 0xeb, 0xf2, 0x21, 0x02, 0x2c, 0x04, 0x00, 0x00, 0x00, 0x2c, 0x03, 0x00, 0x00
    .byte 0x00, 0x2d, 0xd9, 0x2d, 0x63, 0x20, 0x00, 0x00, 0x20, 0x00, 0x00, 0x20, 0x00, 0x00, 0x15, 0x53
    .byte 0x15, 0x8b, 0x18, 0x70, 0x32, 0x00, 0x00, 0x00, 0x00, 0x00, 0x13, 0xd4, 0xf2, 0x21, 0x02, 0x01
    .byte 0xc0, 0xf2, 0x21, 0x02, 0x2c, 0x01, 0x00, 0x00, 0x00, 0x2c, 0x01, 0x00, 0x00, 0x00, 0x20, 0x00
    .byte 0x00, 0x20, 0x00, 0x00, 0x15, 0xb8, 0x25, 0xee, 0xf3, 0x21, 0x02, 0x29, 0x00, 0x66, 0x32, 0x00
    .byte 0x04, 0x00, 0x00, 0x00, 0x14, 0x46, 0xf3, 0x21, 0x02, 0x2c, 0x04, 0x00, 0x00, 0x00, 0x2c, 0x03
    .byte 0x00, 0x00, 0x00, 0x2c, 0x3d, 0x00, 0x00, 0x00, 0x2d, 0x63, 0x20, 0x00, 0x00, 0x20, 0x00, 0x00
    .byte 0x20, 0x00, 0x00, 0x15, 0x53, 0x29, 0x00, 0xd9, 0x26, 0x00, 0xc0, 0x15, 0x8b, 0x18, 0x70, 0x32
    .byte 0x00, 0x00, 0x00, 0x00, 0x00, 0x13, 0x2f, 0xf3, 0x21, 0x02, 0x01, 0x1b, 0xf3, 0x21, 0x02, 0x2c
    .byte 0x02, 0x00, 0x00, 0x00, 0x2c, 0x01, 0x00, 0x00, 0x00, 0x20, 0x00, 0x00, 0x20, 0x00, 0x00, 0x15
    .byte 0xb8, 0x25, 0xee, 0xf3, 0x21, 0x02, 0x29, 0x00, 0x66, 0x32, 0x00, 0x0a, 0x00, 0x00, 0x00, 0x14
    .byte 0xb4, 0xf3, 0x21, 0x02, 0x29, 0x00, 0xd9, 0x26, 0x00, 0xbe, 0x15, 0x8b, 0x18, 0x70, 0x32, 0x00
    .byte 0x00, 0x00, 0x00, 0x00, 0x13, 0x6e, 0xf3, 0x21, 0x02, 0x01, 0x5a, 0xf3, 0x21, 0x02, 0x2c, 0x46
    .byte 0x00, 0x00, 0x00, 0x2c, 0x01, 0x00, 0x00, 0x00, 0x20, 0x00, 0x00, 0x20, 0x00, 0x00, 0x15, 0xb8
    .byte 0x15, 0x5a, 0x2c, 0x97, 0x03, 0x00, 0x00, 0x15, 0x37, 0x18, 0x70, 0x32, 0x00, 0x00, 0x00, 0x00
    .byte 0x00, 0x14, 0xa7, 0xf3, 0x21, 0x02, 0x2c, 0xb4, 0x03, 0x00, 0x00, 0x15, 0x35, 0x2c, 0x08, 0x00
    .byte 0x00, 0x00, 0x20, 0x00, 0x00, 0x15, 0x78, 0x2c, 0x97, 0x03, 0x00, 0x00, 0x15, 0x35, 0x00, 0x25
    .byte 0xee, 0xf3, 0x21, 0x02, 0x29, 0x00, 0x66, 0x32, 0x00, 0x0b, 0x00, 0x00, 0x00, 0x14, 0xee, 0xf3
    .byte 0x21, 0x02, 0x29, 0x00, 0xd9, 0x26, 0x00, 0xbe, 0x15, 0x8b, 0x18, 0x70, 0x32, 0x00, 0x00, 0x00
    .byte 0x00, 0x00, 0x13, 0xdc, 0xf3, 0x21, 0x02, 0x01, 0xc8, 0xf3, 0x21, 0x02, 0x2c, 0x57, 0x02, 0x00
    .byte 0x00, 0x2c, 0x01, 0x00, 0x00, 0x00, 0x20, 0x00, 0x00, 0x20, 0x00, 0x00, 0x15, 0xb8, 0x15, 0x5a
    .byte 0x00, 0x20, 0x00, 0x00, 0x2c, 0x13, 0xf4, 0x21, 0x02, 0x15, 0x39, 0x20, 0x00, 0x00, 0x15, 0x42
    .byte 0x18, 0x70, 0x32, 0x00, 0x00, 0x00, 0x00, 0x00, 0x14, 0x12, 0xf4, 0x21, 0x02, 0x01, 0xfb, 0xf3
    .byte 0x21, 0x02, 0x22, 0x2c, 0x15, 0x00, 0x00, 0x00, 0x2c, 0x9d, 0x00, 0x00, 0x00, 0x2c, 0x7f, 0x00
    .byte 0x00, 0x00, 0x15, 0x0a, 0x2c, 0x00, 0x01, 0x00, 0x00, 0x15, 0x17, 0x2c, 0x0f, 0x10, 0x00, 0x00
    .byte 0x2c, 0x01, 0x10, 0x00, 0x00, 0x2c, 0x10, 0x10, 0x00, 0x00, 0x2c, 0x02, 0x00, 0x00, 0x00, 0x2c
    .byte 0x21, 0x00, 0x00, 0x00, 0x15, 0x73, 0x2c, 0x21, 0x00, 0x00, 0x00, 0x15, 0x05, 0x15, 0x16, 0x00
    .byte 0x20, 0x00, 0x00, 0x2c, 0x72, 0xf4, 0x21, 0x02, 0x15, 0x39, 0x20, 0x00, 0x00, 0x15, 0x42, 0x18
    .byte 0x70, 0x32, 0x00, 0x00, 0x00, 0x00, 0x00, 0x14, 0x71, 0xf4, 0x21, 0x02, 0x01, 0x5a, 0xf4, 0x21
    .byte 0x02, 0x22, 0x2c, 0x15, 0x00, 0x00, 0x00, 0x2c, 0x9c, 0x00, 0x00, 0x00, 0x2c, 0x7f, 0x00, 0x00
    .byte 0x00, 0x15, 0x0a, 0x2c, 0x00, 0x01, 0x00, 0x00, 0x15, 0x17, 0x2c, 0x0f, 0x10, 0x00, 0x00, 0x2c
    .byte 0x01, 0x10, 0x00, 0x00, 0x2c, 0x10, 0x10, 0x00, 0x00, 0x2c, 0x02, 0x00, 0x00, 0x00, 0x2c, 0x21
    .byte 0x00, 0x00, 0x00, 0x15, 0x73, 0x2c, 0x21, 0x00, 0x00, 0x00, 0x15, 0x05, 0x15, 0x16, 0x00, 0x2c
    .byte 0x00, 0x10, 0x00, 0x00, 0x2c, 0x01, 0x10, 0x00, 0x00, 0x2c, 0x02, 0x10, 0x00, 0x00, 0x2c, 0x02
    .byte 0x00, 0x00, 0x00, 0x20, 0x00, 0x00, 0x15, 0x73, 0x2c, 0x01, 0x00, 0x00, 0x00, 0x15, 0x25, 0x2c
    .byte 0x12, 0x00, 0x00, 0x00, 0x20, 0x00, 0x00, 0x15, 0x32, 0x2d, 0xd2, 0x2c, 0x07, 0x00, 0x00, 0x00
    .byte 0x15, 0x47, 0x18, 0x70, 0x17, 0x00, 0x2d, 0xd2, 0x2c, 0x08, 0x00, 0x00, 0x00, 0x15, 0x47, 0x18
    .byte 0x70, 0x17, 0x00, 0x15, 0x1e, 0x18, 0x70, 0x17, 0x00, 0x15, 0x75, 0x20, 0x00, 0x00, 0x15, 0x06
    .byte 0x00, 0x2c, 0x01, 0x00, 0x00, 0x00, 0x15, 0x09, 0x2c, 0x00, 0x10, 0x00, 0x00, 0x2c, 0x01, 0x10
    .byte 0x00, 0x00, 0x2c, 0x02, 0x10, 0x00, 0x00, 0x2c, 0x02, 0x00, 0x00, 0x00, 0x20, 0x00, 0x00, 0x15
    .byte 0x73, 0x20, 0x00, 0x00, 0x15, 0x75, 0x00, 0x2c, 0x00, 0x10, 0x00, 0x00, 0x2c, 0x01, 0x10, 0x00
    .byte 0x00, 0x2c, 0x02, 0x10, 0x00, 0x00, 0x2c, 0x02, 0x00, 0x00, 0x00, 0x20, 0x00, 0x00, 0x15, 0x73
    .byte 0x2c, 0x12, 0x00, 0x00, 0x00, 0x2c, 0x08, 0x00, 0x00, 0x00, 0x15, 0x32, 0x2d, 0x02, 0x2c, 0x07
    .byte 0x00, 0x00, 0x00, 0x15, 0x47, 0x18, 0x70, 0x17, 0x00, 0x2d, 0x02, 0x2c, 0x08, 0x00, 0x00, 0x00
    .byte 0x15, 0x47, 0x18, 0x70, 0x17, 0x00, 0x15, 0x1e, 0x18, 0x70, 0x17, 0x00, 0x15, 0x75, 0x20, 0x00
    .byte 0x00, 0x15, 0x06, 0x2c, 0x01, 0x00, 0x00, 0x00, 0x15, 0x07, 0x15, 0x08, 0x25, 0x4c, 0xf5, 0x21
    .byte 0x02, 0x00, 0x2c, 0x00, 0x10, 0x00, 0x00, 0x2c, 0x01, 0x10, 0x00, 0x00, 0x2c, 0x02, 0x10, 0x00
    .byte 0x00, 0x2c, 0x02, 0x00, 0x00, 0x00, 0x2c, 0x1e, 0x00, 0x00, 0x00, 0x15, 0x73, 0x2c, 0x01, 0x00
    .byte 0x00, 0x00, 0x15, 0x06, 0x2c, 0x3c, 0x00, 0x00, 0x00, 0x15, 0x07, 0x15, 0x08, 0x00, 0x2c, 0x0b
    .byte 0x10, 0x00, 0x00, 0x2c, 0x01, 0x10, 0x00, 0x00, 0x2c, 0x0c, 0x10, 0x00, 0x00, 0x2c, 0x02, 0x00
    .byte 0x00, 0x00, 0x03, 0x00, 0x08, 0x00, 0x00, 0x00, 0x29, 0x01, 0xff, 0x04, 0x10, 0x17, 0x00, 0x15
    .byte 0x73, 0x00, 0x15, 0x0b, 0x18, 0x70, 0x34, 0x00, 0x01, 0x00, 0x00, 0x00, 0x14, 0xe8, 0xf5, 0x21
    .byte 0x02, 0x2c, 0x10, 0x27, 0x00, 0x00, 0x15, 0xaa, 0x2c, 0x8b, 0x03, 0x00, 0x00, 0x15, 0x35, 0x2c
    .byte 0x04, 0x00, 0x00, 0x00, 0x29, 0x00, 0x53, 0x07, 0x00, 0xff, 0xff, 0xff, 0xff, 0x17, 0x00, 0x2c
    .byte 0xff, 0xff, 0xff, 0xff, 0x2c, 0xff, 0xff, 0xff, 0xff, 0x2c, 0xff, 0xff, 0xff, 0xff, 0x2c, 0xff
    .byte 0xff, 0xff, 0xff, 0x2c, 0xff, 0xff, 0xff, 0xff, 0x2c, 0xff, 0xff, 0xff, 0xff, 0x15, 0x33, 0x29
    .byte 0x00, 0x53, 0x32, 0x00, 0xaa, 0x2f, 0x00, 0x00, 0x14, 0x75, 0xf6, 0x21, 0x02, 0x2c, 0x3b, 0x00
    .byte 0x00, 0x00, 0x2c, 0xd0, 0x0e, 0x22, 0x02, 0x15, 0x39, 0x2c, 0x3c, 0x00, 0x00, 0x00, 0x2c, 0x66
    .byte 0x13, 0x22, 0x02, 0x15, 0x39, 0x2c, 0x3d, 0x00, 0x00, 0x00, 0x2c, 0x8d, 0x15, 0x22, 0x02, 0x15
    .byte 0x39, 0x2c, 0x3e, 0x00, 0x00, 0x00, 0x2c, 0xb4, 0x17, 0x22, 0x02, 0x15, 0x39, 0x2c, 0x3f, 0x00
    .byte 0x00, 0x00, 0x2c, 0xdb, 0x19, 0x22, 0x02, 0x15, 0x39, 0x2c, 0x40, 0x00, 0x00, 0x00, 0x2c, 0x02
    .byte 0x1c, 0x22, 0x02, 0x15, 0x39, 0x29, 0x00, 0x53, 0x32, 0x00, 0xa9, 0x2f, 0x00, 0x00, 0x14, 0xcf
    .byte 0xf6, 0x21, 0x02, 0x03, 0x00, 0x66, 0x00, 0x00, 0x00, 0x26, 0x00, 0xca, 0x2c, 0x01, 0x00, 0x00
    .byte 0x00, 0x2c, 0x80, 0x00, 0x00, 0x00, 0x2c, 0x20, 0x01, 0x00, 0x00, 0x20, 0x00, 0x00, 0x20, 0x00
    .byte 0x00, 0x15, 0x4f, 0x20, 0x00, 0x00, 0x2c, 0x54, 0xf9, 0x21, 0x02, 0x15, 0x39, 0x20, 0x00, 0x00
    .byte 0x2c, 0xff, 0xff, 0xff, 0xff, 0x2c, 0xff, 0xff, 0xff, 0xff, 0x15, 0xdd, 0x18, 0x70, 0x14, 0xcf
    .byte 0xf6, 0x21, 0x02, 0x2c, 0x01, 0x00, 0x00, 0x00, 0x2c, 0xd4, 0xf9, 0x21, 0x02, 0x15, 0x39, 0x29
    .byte 0x00, 0x53, 0x32, 0x00, 0xaa, 0x2f, 0x00, 0x00, 0x14, 0x29, 0xf7, 0x21, 0x02, 0x03, 0x00, 0x67
    .byte 0x00, 0x00, 0x00, 0x26, 0x00, 0xca, 0x2c, 0x01, 0x00, 0x00, 0x00, 0x2c, 0x80, 0x01, 0x00, 0x00
    .byte 0x2c, 0x20, 0x01, 0x00, 0x00, 0x20, 0x00, 0x00, 0x20, 0x00, 0x00, 0x15, 0x4f, 0x20, 0x00, 0x00
    .byte 0x2c, 0xff, 0xff, 0xff, 0xff, 0x2c, 0xff, 0xff, 0xff, 0xff, 0x15, 0xdd, 0x18, 0x70, 0x14, 0x1f
    .byte 0xf7, 0x21, 0x02, 0x2c, 0x01, 0x00, 0x00, 0x00, 0x2c, 0xe4, 0xf9, 0x21, 0x02, 0x15, 0x39, 0x20
    .byte 0x00, 0x00, 0x2c, 0x64, 0xf9, 0x21, 0x02, 0x15, 0x39, 0x29, 0x00, 0x53, 0x32, 0x00, 0xab, 0x2f
    .byte 0x00, 0x00, 0x14, 0x83, 0xf7, 0x21, 0x02, 0x03, 0x00, 0xca, 0x00, 0x00, 0x00, 0x26, 0x00, 0xca
    .byte 0x2c, 0x01, 0x00, 0x00, 0x00, 0x2c, 0x80, 0x02, 0x00, 0x00, 0x2c, 0x20, 0x01, 0x00, 0x00, 0x20
    .byte 0x00, 0x00, 0x20, 0x00, 0x00, 0x15, 0x4f, 0x20, 0x00, 0x00, 0x2c, 0x74, 0xf9, 0x21, 0x02, 0x15
    .byte 0x39, 0x20, 0x00, 0x00, 0x2c, 0xff, 0xff, 0xff, 0xff, 0x2c, 0xff, 0xff, 0xff, 0xff, 0x15, 0xdd
    .byte 0x18, 0x70, 0x14, 0x83, 0xf7, 0x21, 0x02, 0x2c, 0x01, 0x00, 0x00, 0x00, 0x2c, 0xf4, 0xf9, 0x21
    .byte 0x02, 0x15, 0x39, 0x29, 0x00, 0x53, 0x32, 0x00, 0xac, 0x2f, 0x00, 0x00, 0x14, 0xdd, 0xf7, 0x21
    .byte 0x02, 0x03, 0x00, 0xcb, 0x00, 0x00, 0x00, 0x26, 0x00, 0xca, 0x2c, 0x01, 0x00, 0x00, 0x00, 0x2c
    .byte 0x80, 0x03, 0x00, 0x00, 0x2c, 0x20, 0x01, 0x00, 0x00, 0x20, 0x00, 0x00, 0x20, 0x00, 0x00, 0x15
    .byte 0x4f, 0x20, 0x00, 0x00, 0x2c, 0xff, 0xff, 0xff, 0xff, 0x2c, 0xff, 0xff, 0xff, 0xff, 0x15, 0xdd
    .byte 0x18, 0x70, 0x14, 0xd3, 0xf7, 0x21, 0x02, 0x2c, 0x01, 0x00, 0x00, 0x00, 0x2c, 0x04, 0xfa, 0x21
    .byte 0x02, 0x15, 0x39, 0x20, 0x00, 0x00, 0x2c, 0x84, 0xf9, 0x21, 0x02, 0x15, 0x39, 0x29, 0x00, 0x53
    .byte 0x32, 0x00, 0xad, 0x2f, 0x00, 0x00, 0x14, 0x37, 0xf8, 0x21, 0x02, 0x03, 0x00, 0x2e, 0x01, 0x00
    .byte 0x00, 0x26, 0x00, 0xca, 0x2c, 0x01, 0x00, 0x00, 0x00, 0x2c, 0x80, 0x00, 0x00, 0x00, 0x2c, 0xa0
    .byte 0x02, 0x00, 0x00, 0x20, 0x00, 0x00, 0x20, 0x00, 0x00, 0x15, 0x4f, 0x20, 0x00, 0x00, 0x2c, 0x94
    .byte 0xf9, 0x21, 0x02, 0x15, 0x39, 0x20, 0x00, 0x00, 0x2c, 0xff, 0xff, 0xff, 0xff, 0x2c, 0xff, 0xff
    .byte 0xff, 0xff, 0x15, 0xdd, 0x18, 0x70, 0x14, 0x37, 0xf8, 0x21, 0x02, 0x2c, 0x01, 0x00, 0x00, 0x00
    .byte 0x2c, 0x14, 0xfa, 0x21, 0x02, 0x15, 0x39, 0x29, 0x00, 0x53, 0x32, 0x00, 0xae, 0x2f, 0x00, 0x00
    .byte 0x14, 0x91, 0xf8, 0x21, 0x02, 0x03, 0x00, 0x2f, 0x01, 0x00, 0x00, 0x26, 0x00, 0xca, 0x2c, 0x01
    .byte 0x00, 0x00, 0x00, 0x2c, 0x80, 0x01, 0x00, 0x00, 0x2c, 0xa0, 0x02, 0x00, 0x00, 0x20, 0x00, 0x00
    .byte 0x20, 0x00, 0x00, 0x15, 0x4f, 0x20, 0x00, 0x00, 0x2c, 0xff, 0xff, 0xff, 0xff, 0x2c, 0xff, 0xff
    .byte 0xff, 0xff, 0x15, 0xdd, 0x18, 0x70, 0x14, 0x87, 0xf8, 0x21, 0x02, 0x2c, 0x01, 0x00, 0x00, 0x00
    .byte 0x2c, 0x24, 0xfa, 0x21, 0x02, 0x15, 0x39, 0x20, 0x00, 0x00, 0x2c, 0xa4, 0xf9, 0x21, 0x02, 0x15
    .byte 0x39, 0x29, 0x00, 0x53, 0x32, 0x00, 0xaf, 0x2f, 0x00, 0x00, 0x14, 0xeb, 0xf8, 0x21, 0x02, 0x03
    .byte 0x00, 0x92, 0x01, 0x00, 0x00, 0x26, 0x00, 0xca, 0x2c, 0x01, 0x00, 0x00, 0x00, 0x2c, 0x80, 0x02
    .byte 0x00, 0x00, 0x2c, 0xa0, 0x02, 0x00, 0x00, 0x20, 0x00, 0x00, 0x20, 0x00, 0x00, 0x15, 0x4f, 0x20
    .byte 0x00, 0x00, 0x2c, 0xb4, 0xf9, 0x21, 0x02, 0x15, 0x39, 0x20, 0x00, 0x00, 0x2c, 0xff, 0xff, 0xff
    .byte 0xff, 0x2c, 0xff, 0xff, 0xff, 0xff, 0x15, 0xdd, 0x18, 0x70, 0x14, 0xeb, 0xf8, 0x21, 0x02, 0x2c
    .byte 0x01, 0x00, 0x00, 0x00, 0x2c, 0x34, 0xfa, 0x21, 0x02, 0x15, 0x39, 0x29, 0x00, 0x53, 0x32, 0x00
    .byte 0xb0, 0x2f, 0x00, 0x00, 0x14, 0x45, 0xf9, 0x21, 0x02, 0x03, 0x00, 0x93, 0x01, 0x00, 0x00, 0x26
    .byte 0x00, 0xca, 0x2c, 0x01, 0x00, 0x00, 0x00, 0x2c, 0x80, 0x03, 0x00, 0x00, 0x2c, 0xa0, 0x02, 0x00
    .byte 0x00, 0x20, 0x00, 0x00, 0x20, 0x00, 0x00, 0x15, 0x4f, 0x20, 0x00, 0x00, 0x2c, 0xff, 0xff, 0xff
    .byte 0xff, 0x2c, 0xff, 0xff, 0xff, 0xff, 0x15, 0xdd, 0x18, 0x70, 0x14, 0x3b, 0xf9, 0x21, 0x02, 0x2c
    .byte 0x01, 0x00, 0x00, 0x00, 0x2c, 0x44, 0xfa, 0x21, 0x02, 0x15, 0x39, 0x20, 0x00, 0x00, 0x2c, 0xc4
    .byte 0xf9, 0x21, 0x02, 0x15, 0x39, 0x21, 0x25, 0xfe, 0x21, 0x02, 0x2c, 0x05, 0x00, 0x00, 0x00, 0x15
    .byte 0x07, 0x15, 0x08, 0x00, 0x2c, 0x40, 0x00, 0x00, 0x00, 0x2c, 0x7c, 0x01, 0x00, 0x00, 0x20, 0x00
    .byte 0x00, 0x15, 0x02, 0x00, 0x2c, 0x40, 0x01, 0x00, 0x00, 0x2c, 0x7c, 0x01, 0x00, 0x00, 0x20, 0x00
    .byte 0x00, 0x15, 0x02, 0x00, 0x2c, 0x40, 0x02, 0x00, 0x00, 0x2c, 0x7c, 0x01, 0x00, 0x00, 0x20, 0x00
    .byte 0x00, 0x15, 0x02, 0x00, 0x2c, 0x40, 0x03, 0x00, 0x00, 0x2c, 0x7c, 0x01, 0x00, 0x00, 0x20, 0x00
    .byte 0x00, 0x15, 0x02, 0x00, 0x2c, 0x40, 0x00, 0x00, 0x00, 0x2c, 0xfc, 0x02, 0x00, 0x00, 0x20, 0x00
    .byte 0x00, 0x15, 0x02, 0x00, 0x2c, 0x40, 0x01, 0x00, 0x00, 0x2c, 0xfc, 0x02, 0x00, 0x00, 0x20, 0x00
    .byte 0x00, 0x15, 0x02, 0x00, 0x2c, 0x40, 0x02, 0x00, 0x00, 0x2c, 0xfc, 0x02, 0x00, 0x00, 0x20, 0x00
    .byte 0x00, 0x15, 0x02, 0x00, 0x2c, 0x40, 0x03, 0x00, 0x00, 0x2c, 0xfc, 0x02, 0x00, 0x00, 0x20, 0x00
    .byte 0x00, 0x15, 0x02, 0x00, 0x2c, 0x40, 0x00, 0x00, 0x00, 0x2c, 0xc0, 0x01, 0x00, 0x00, 0x20, 0x00
    .byte 0x00, 0x15, 0x02, 0x00, 0x2c, 0x40, 0x01, 0x00, 0x00, 0x2c, 0xc0, 0x01, 0x00, 0x00, 0x20, 0x00
    .byte 0x00, 0x15, 0x02, 0x00, 0x2c, 0x40, 0x02, 0x00, 0x00, 0x2c, 0xc0, 0x01, 0x00, 0x00, 0x20, 0x00
    .byte 0x00, 0x15, 0x02, 0x00, 0x2c, 0x40, 0x03, 0x00, 0x00, 0x2c, 0xc0, 0x01, 0x00, 0x00, 0x20, 0x00
    .byte 0x00, 0x15, 0x02, 0x00, 0x2c, 0x40, 0x00, 0x00, 0x00, 0x2c, 0x40, 0x03, 0x00, 0x00, 0x20, 0x00
    .byte 0x00, 0x15, 0x02, 0x00, 0x2c, 0x40, 0x01, 0x00, 0x00, 0x2c, 0x40, 0x03, 0x00, 0x00, 0x20, 0x00
    .byte 0x00, 0x15, 0x02, 0x00, 0x2c, 0x40, 0x02, 0x00, 0x00, 0x2c, 0x40, 0x03, 0x00, 0x00, 0x20, 0x00
    .byte 0x00, 0x15, 0x02, 0x00, 0x2c, 0x40, 0x03, 0x00, 0x00, 0x2c, 0x40, 0x03, 0x00, 0x00, 0x20, 0x00
    .byte 0x00, 0x15, 0x02, 0x00, 0x2c, 0x03, 0x00, 0x00, 0x00, 0x2c, 0x61, 0xfa, 0x21, 0x02, 0x15, 0x29
    .byte 0x00, 0x20, 0x00, 0x00, 0x2c, 0xf3, 0xfa, 0x21, 0x02, 0x15, 0x39, 0x20, 0x00, 0x00, 0x15, 0x42
    .byte 0x18, 0x70, 0x32, 0x00, 0x00, 0x00, 0x00, 0x00, 0x14, 0x82, 0xfa, 0x21, 0x02, 0x01, 0x6b, 0xfa
    .byte 0x21, 0x02, 0x29, 0x00, 0x53, 0x32, 0x00, 0xaa, 0x2f, 0x00, 0x00, 0x14, 0xd0, 0xfa, 0x21, 0x02
    .byte 0x2c, 0x4a, 0x04, 0x00, 0x00, 0x15, 0x37, 0x18, 0x70, 0x32, 0x00, 0x00, 0x00, 0x00, 0x00, 0x14
    .byte 0xd0, 0xfa, 0x21, 0x02, 0x2c, 0x4a, 0x04, 0x00, 0x00, 0x15, 0x35, 0x2c, 0x3b, 0x00, 0x00, 0x00
    .byte 0x2c, 0xf7, 0x10, 0x22, 0x02, 0x15, 0x39, 0x2c, 0x3b, 0x00, 0x00, 0x00, 0x15, 0x42, 0x18, 0x70
    .byte 0x32, 0x00, 0x00, 0x00, 0x00, 0x00, 0x14, 0xd0, 0xfa, 0x21, 0x02, 0x01, 0xb7, 0xfa, 0x21, 0x02
    .byte 0x20, 0x00, 0x00, 0x2c, 0xff, 0xff, 0xff, 0xff, 0x2c, 0xff, 0xff, 0xff, 0xff, 0x15, 0xdd, 0x18
    .byte 0x70, 0x14, 0xf2, 0xfa, 0x21, 0x02, 0x2c, 0x01, 0x00, 0x00, 0x00, 0x2c, 0x48, 0xfb, 0x21, 0x02
    .byte 0x15, 0x39, 0x00, 0x2c, 0x00, 0x10, 0x00, 0x00, 0x2c, 0x01, 0x10, 0x00, 0x00, 0x2c, 0x02, 0x10
    .byte 0x00, 0x00, 0x2c, 0x02, 0x00, 0x00, 0x00, 0x20, 0x00, 0x00, 0x15, 0x73, 0x20, 0x00, 0x00, 0x15
    .byte 0x18, 0x20, 0x00, 0x00, 0x15, 0x19, 0x2c, 0x01, 0x00, 0x00, 0x00, 0x15, 0x2b, 0x20, 0x00, 0x00
    .byte 0x2c, 0xe0, 0xff, 0xff, 0xff, 0x20, 0x00, 0x00, 0x2c, 0x00, 0x18, 0x00, 0x00, 0x2c, 0x04, 0x00
    .byte 0x00, 0x00, 0x20, 0x00, 0x00, 0x15, 0x1a, 0x15, 0x21, 0x2c, 0x01, 0x00, 0x00, 0x00, 0x15, 0x18
    .byte 0x2c, 0x01, 0x00, 0x00, 0x00, 0x15, 0x19, 0x00, 0x2c, 0x01, 0x00, 0x00, 0x00, 0x15, 0x2b, 0x20
    .byte 0x00, 0x00, 0x15, 0x18, 0x20, 0x00, 0x00, 0x15, 0x19, 0x20, 0x00, 0x00, 0x2c, 0xa6, 0xff, 0xff
    .byte 0xff, 0x20, 0x00, 0x00, 0x2c, 0x64, 0x19, 0x00, 0x00, 0x2c, 0x04, 0x00, 0x00, 0x00, 0x20, 0x00
    .byte 0x00, 0x15, 0x1a, 0x15, 0x21, 0x2c, 0x01, 0x00, 0x00, 0x00, 0x15, 0x18, 0x2c, 0x01, 0x00, 0x00
    .byte 0x00, 0x15, 0x19, 0x15, 0x2c, 0x00, 0x20, 0x00, 0x00, 0x15, 0x09, 0x2c, 0x02, 0x00, 0x00, 0x00
    .byte 0x2c, 0x16, 0xfc, 0x21, 0x02, 0x15, 0x29, 0x00, 0x20, 0x00, 0x00, 0x15, 0x09, 0x2c, 0x02, 0x00
    .byte 0x00, 0x00, 0x2c, 0x4c, 0xfc, 0x21, 0x02, 0x15, 0x29, 0x00, 0x20, 0x00, 0x00, 0x15, 0x09, 0x2c
    .byte 0x02, 0x00, 0x00, 0x00, 0x2c, 0x82, 0xfc, 0x21, 0x02, 0x15, 0x29, 0x00, 0x20, 0x00, 0x00, 0x15
    .byte 0x09, 0x2c, 0x02, 0x00, 0x00, 0x00, 0x2c, 0xb8, 0xfc, 0x21, 0x02, 0x15, 0x29, 0x00, 0x20, 0x00
    .byte 0x00, 0x15, 0x09, 0x2c, 0x02, 0x00, 0x00, 0x00, 0x2c, 0xee, 0xfc, 0x21, 0x02, 0x15, 0x29, 0x00
    .byte 0x20, 0x00, 0x00, 0x15, 0x09, 0x2c, 0x02, 0x00, 0x00, 0x00, 0x2c, 0x24, 0xfd, 0x21, 0x02, 0x15
    .byte 0x29, 0x00, 0x20, 0x00, 0x00, 0x15, 0x09, 0x2c, 0x02, 0x00, 0x00, 0x00, 0x2c, 0x5a, 0xfd, 0x21
    .byte 0x02, 0x15, 0x29, 0x00, 0x20, 0x00, 0x00, 0x15, 0x09, 0x2c, 0x02, 0x00, 0x00, 0x00, 0x2c, 0x90
    .byte 0xfd, 0x21, 0x02, 0x15, 0x29, 0x00, 0x20, 0x00, 0x00, 0x2c, 0xc6, 0xfd, 0x21, 0x02, 0x15, 0x39
    .byte 0x20, 0x00, 0x00, 0x15, 0x42, 0x18, 0x70, 0x32, 0x00, 0x00, 0x00, 0x00, 0x00, 0x14, 0x37, 0xfc
    .byte 0x21, 0x02, 0x01, 0x20, 0xfc, 0x21, 0x02, 0x2c, 0x54, 0x00, 0x00, 0x00, 0x2c, 0x50, 0x03, 0x00
    .byte 0x00, 0x2c, 0x5a, 0x00, 0x00, 0x00, 0x20, 0x00, 0x00, 0x15, 0x4a, 0x00, 0x20, 0x00, 0x00, 0x2c
    .byte 0xc6, 0xfd, 0x21, 0x02, 0x15, 0x39, 0x20, 0x00, 0x00, 0x15, 0x42, 0x18, 0x70, 0x32, 0x00, 0x00
    .byte 0x00, 0x00, 0x00, 0x14, 0x6d, 0xfc, 0x21, 0x02, 0x01, 0x56, 0xfc, 0x21, 0x02, 0x2c, 0x54, 0x00
    .byte 0x00, 0x00, 0x2c, 0xd0, 0x03, 0x00, 0x00, 0x2c, 0x80, 0x00, 0x00, 0x00, 0x20, 0x00, 0x00, 0x15
    .byte 0x4a, 0x00, 0x20, 0x00, 0x00, 0x2c, 0xc6, 0xfd, 0x21, 0x02, 0x15, 0x39, 0x20, 0x00, 0x00, 0x15
    .byte 0x42, 0x18, 0x70, 0x32, 0x00, 0x00, 0x00, 0x00, 0x00, 0x14, 0xa3, 0xfc, 0x21, 0x02, 0x01, 0x8c
    .byte 0xfc, 0x21, 0x02, 0x2c, 0x7b, 0x00, 0x00, 0x00, 0x2c, 0x50, 0x01, 0x00, 0x00, 0x2c, 0x98, 0x02
    .byte 0x00, 0x00, 0x20, 0x00, 0x00, 0x15, 0x4a, 0x00, 0x20, 0x00, 0x00, 0x2c, 0xc6, 0xfd, 0x21, 0x02
    .byte 0x15, 0x39, 0x20, 0x00, 0x00, 0x15, 0x42, 0x18, 0x70, 0x32, 0x00, 0x00, 0x00, 0x00, 0x00, 0x14
    .byte 0xd9, 0xfc, 0x21, 0x02, 0x01, 0xc2, 0xfc, 0x21, 0x02, 0x2c, 0x7b, 0x00, 0x00, 0x00, 0x2c, 0xd0
    .byte 0x01, 0x00, 0x00, 0x2c, 0xc0, 0x02, 0x00, 0x00, 0x20, 0x00, 0x00, 0x15, 0x4a, 0x00, 0x20, 0x00
    .byte 0x00, 0x2c, 0xc6, 0xfd, 0x21, 0x02, 0x15, 0x39, 0x20, 0x00, 0x00, 0x15, 0x42, 0x18, 0x70, 0x32
    .byte 0x00, 0x00, 0x00, 0x00, 0x00, 0x14, 0x0f, 0xfd, 0x21, 0x02, 0x01, 0xf8, 0xfc, 0x21, 0x02, 0x2c
    .byte 0x7c, 0x00, 0x00, 0x00, 0x2c, 0x30, 0x01, 0x00, 0x00, 0x2c, 0xb0, 0x02, 0x00, 0x00, 0x20, 0x00
    .byte 0x00, 0x15, 0x4a, 0x00, 0x20, 0x00, 0x00, 0x2c, 0xc6, 0xfd, 0x21, 0x02, 0x15, 0x39, 0x20, 0x00
    .byte 0x00, 0x15, 0x42, 0x18, 0x70, 0x32, 0x00, 0x00, 0x00, 0x00, 0x00, 0x14, 0x45, 0xfd, 0x21, 0x02
    .byte 0x01, 0x2e, 0xfd, 0x21, 0x02, 0x2c, 0x7c, 0x00, 0x00, 0x00, 0x2c, 0xb0, 0x01, 0x00, 0x00, 0x2c
    .byte 0x98, 0x02, 0x00, 0x00, 0x20, 0x00, 0x00, 0x15, 0x4a, 0x00, 0x20, 0x00, 0x00, 0x2c, 0xc6, 0xfd
    .byte 0x21, 0x02, 0x15, 0x39, 0x20, 0x00, 0x00, 0x15, 0x42, 0x18, 0x70, 0x32, 0x00, 0x00, 0x00, 0x00
    .byte 0x00, 0x14, 0x7b, 0xfd, 0x21, 0x02, 0x01, 0x64, 0xfd, 0x21, 0x02, 0x2c, 0x7f, 0x00, 0x00, 0x00
    .byte 0x2c, 0x30, 0x00, 0x00, 0x00, 0x2c, 0x30, 0x01, 0x00, 0x00, 0x20, 0x00, 0x00, 0x15, 0x4a, 0x00
    .byte 0x20, 0x00, 0x00, 0x2c, 0xc6, 0xfd, 0x21, 0x02, 0x15, 0x39, 0x20, 0x00, 0x00, 0x15, 0x42, 0x18
    .byte 0x70, 0x32, 0x00, 0x00, 0x00, 0x00, 0x00, 0x14, 0xb1, 0xfd, 0x21, 0x02, 0x01, 0x9a, 0xfd, 0x21
    .byte 0x02, 0x2c, 0x7f, 0x00, 0x00, 0x00, 0x2c, 0xb0, 0x00, 0x00, 0x00, 0x2c, 0x18, 0x01, 0x00, 0x00
    .byte 0x20, 0x00, 0x00, 0x15, 0x4a, 0x00, 0x20, 0x00, 0x00, 0x2c, 0x03, 0x10, 0x00, 0x00, 0x15, 0xe0
    .byte 0x2c, 0x00, 0x10, 0x00, 0x00, 0x2c, 0x01, 0x10, 0x00, 0x00, 0x2c, 0x02, 0x10, 0x00, 0x00, 0x2c
    .byte 0x02, 0x00, 0x00, 0x00, 0x20, 0x00, 0x00, 0x15, 0x73, 0x20, 0x00, 0x00, 0x15, 0x18, 0x20, 0x00
    .byte 0x00, 0x15, 0x19, 0x2c, 0x01, 0x00, 0x00, 0x00, 0x15, 0x2b, 0x20, 0x00, 0x00, 0x2c, 0x36, 0x00
    .byte 0x00, 0x00, 0x20, 0x00, 0x00, 0x2c, 0x00, 0x18, 0x00, 0x00, 0x2c, 0x04, 0x00, 0x00, 0x00, 0x20
    .byte 0x00, 0x00, 0x15, 0x1a, 0x15, 0x21, 0x2c, 0x01, 0x00, 0x00, 0x00, 0x15, 0x18, 0x2c, 0x01, 0x00
    .byte 0x00, 0x00, 0x15, 0x19, 0x00, 0x29, 0x00, 0x53, 0x32, 0x00, 0xa9, 0x2f, 0x00, 0x00, 0x14, 0xd4
    .byte 0xfe, 0x21, 0x02, 0x2c, 0x05, 0x00, 0x00, 0x00, 0x2c, 0x69, 0xf0, 0x21, 0x02, 0x15, 0x39, 0x2c
    .byte 0x06, 0x00, 0x00, 0x00, 0x2c, 0x69, 0xf0, 0x21, 0x02, 0x15, 0x39, 0x2c, 0x07, 0x00, 0x00, 0x00
    .byte 0x2c, 0x69, 0xf0, 0x21, 0x02, 0x15, 0x39, 0x2c, 0x08, 0x00, 0x00, 0x00, 0x2c, 0x69, 0xf0, 0x21
    .byte 0x02, 0x15, 0x39, 0x2c, 0x09, 0x00, 0x00, 0x00, 0x2c, 0x69, 0xf0, 0x21, 0x02, 0x15, 0x39, 0x2c
    .byte 0x0a, 0x00, 0x00, 0x00, 0x2c, 0x69, 0xf0, 0x21, 0x02, 0x15, 0x39, 0x2c, 0x0b, 0x00, 0x00, 0x00
    .byte 0x2c, 0x69, 0xf0, 0x21, 0x02, 0x15, 0x39, 0x2c, 0x0e, 0x00, 0x00, 0x00, 0x2c, 0x69, 0xf0, 0x21
    .byte 0x02, 0x15, 0x39, 0x2c, 0x0f, 0x00, 0x00, 0x00, 0x2c, 0x69, 0xf0, 0x21, 0x02, 0x15, 0x39, 0x2c
    .byte 0x10, 0x00, 0x00, 0x00, 0x2c, 0x69, 0xf0, 0x21, 0x02, 0x15, 0x39, 0x2c, 0x11, 0x00, 0x00, 0x00
    .byte 0x2c, 0x69, 0xf0, 0x21, 0x02, 0x15, 0x39, 0x2c, 0x13, 0x00, 0x00, 0x00, 0x2c, 0x69, 0xf0, 0x21
    .byte 0x02, 0x15, 0x39, 0x2c, 0x14, 0x00, 0x00, 0x00, 0x2c, 0x69, 0xf0, 0x21, 0x02, 0x15, 0x39, 0x25
    .byte 0xa4, 0x03, 0x22, 0x02, 0x29, 0x00, 0x53, 0x32, 0x00, 0xaa, 0x2f, 0x00, 0x00, 0x14, 0x8f, 0xff
    .byte 0x21, 0x02, 0x2c, 0x04, 0x00, 0x00, 0x00, 0x2c, 0x69, 0xf0, 0x21, 0x02, 0x15, 0x39, 0x2c, 0x06
    .byte 0x00, 0x00, 0x00, 0x2c, 0x69, 0xf0, 0x21, 0x02, 0x15, 0x39, 0x2c, 0x07, 0x00, 0x00, 0x00, 0x2c
    .byte 0x69, 0xf0, 0x21, 0x02, 0x15, 0x39, 0x2c, 0x08, 0x00, 0x00, 0x00, 0x2c, 0x69, 0xf0, 0x21, 0x02
    .byte 0x15, 0x39, 0x2c, 0x09, 0x00, 0x00, 0x00, 0x2c, 0x69, 0xf0, 0x21, 0x02, 0x15, 0x39, 0x2c, 0x0a
    .byte 0x00, 0x00, 0x00, 0x2c, 0x69, 0xf0, 0x21, 0x02, 0x15, 0x39, 0x2c, 0x0b, 0x00, 0x00, 0x00, 0x2c
    .byte 0x69, 0xf0, 0x21, 0x02, 0x15, 0x39, 0x2c, 0x0c, 0x00, 0x00, 0x00, 0x2c, 0x69, 0xf0, 0x21, 0x02
    .byte 0x15, 0x39, 0x2c, 0x0e, 0x00, 0x00, 0x00, 0x2c, 0x69, 0xf0, 0x21, 0x02, 0x15, 0x39, 0x2c, 0x0f
    .byte 0x00, 0x00, 0x00, 0x2c, 0x69, 0xf0, 0x21, 0x02, 0x15, 0x39, 0x2c, 0x10, 0x00, 0x00, 0x00, 0x2c
    .byte 0x69, 0xf0, 0x21, 0x02, 0x15, 0x39, 0x2c, 0x11, 0x00, 0x00, 0x00, 0x2c, 0x69, 0xf0, 0x21, 0x02
    .byte 0x15, 0x39, 0x2c, 0x13, 0x00, 0x00, 0x00, 0x2c, 0x69, 0xf0, 0x21, 0x02, 0x15, 0x39, 0x2c, 0x14
    .byte 0x00, 0x00, 0x00, 0x2c, 0x69, 0xf0, 0x21, 0x02, 0x15, 0x39, 0x25, 0xa4, 0x03, 0x22, 0x02, 0x29
    .byte 0x00, 0x53, 0x32, 0x00, 0xab, 0x2f, 0x00, 0x00, 0x14, 0x3e, 0x00, 0x22, 0x02, 0x2c, 0x04, 0x00
    .byte 0x00, 0x00, 0x2c, 0x69, 0xf0, 0x21, 0x02, 0x15, 0x39, 0x2c, 0x05, 0x00, 0x00, 0x00, 0x2c, 0x69
    .byte 0xf0, 0x21, 0x02, 0x15, 0x39, 0x2c, 0x07, 0x00, 0x00, 0x00, 0x2c, 0x69, 0xf0, 0x21, 0x02, 0x15
    .byte 0x39, 0x2c, 0x08, 0x00, 0x00, 0x00, 0x2c, 0x69, 0xf0, 0x21, 0x02, 0x15, 0x39, 0x2c, 0x09, 0x00
    .byte 0x00, 0x00, 0x2c, 0x69, 0xf0, 0x21, 0x02, 0x15, 0x39, 0x2c, 0x0a, 0x00, 0x00, 0x00, 0x2c, 0x69
    .byte 0xf0, 0x21, 0x02, 0x15, 0x39, 0x2c, 0x0b, 0x00, 0x00, 0x00, 0x2c, 0x69, 0xf0, 0x21, 0x02, 0x15
    .byte 0x39, 0x2c, 0x0c, 0x00, 0x00, 0x00, 0x2c, 0x69, 0xf0, 0x21, 0x02, 0x15, 0x39, 0x2c, 0x0f, 0x00
    .byte 0x00, 0x00, 0x2c, 0x69, 0xf0, 0x21, 0x02, 0x15, 0x39, 0x2c, 0x10, 0x00, 0x00, 0x00, 0x2c, 0x69
    .byte 0xf0, 0x21, 0x02, 0x15, 0x39, 0x2c, 0x11, 0x00, 0x00, 0x00, 0x2c, 0x69, 0xf0, 0x21, 0x02, 0x15
    .byte 0x39, 0x2c, 0x13, 0x00, 0x00, 0x00, 0x2c, 0x69, 0xf0, 0x21, 0x02, 0x15, 0x39, 0x2c, 0x14, 0x00
    .byte 0x00, 0x00, 0x2c, 0x69, 0xf0, 0x21, 0x02, 0x15, 0x39, 0x25, 0xa4, 0x03, 0x22, 0x02, 0x29, 0x00
    .byte 0x53, 0x32, 0x00, 0xac, 0x2f, 0x00, 0x00, 0x14, 0xed, 0x00, 0x22, 0x02, 0x2c, 0x04, 0x00, 0x00
    .byte 0x00, 0x2c, 0x69, 0xf0, 0x21, 0x02, 0x15, 0x39, 0x2c, 0x05, 0x00, 0x00, 0x00, 0x2c, 0x69, 0xf0
    .byte 0x21, 0x02, 0x15, 0x39, 0x2c, 0x06, 0x00, 0x00, 0x00, 0x2c, 0x69, 0xf0, 0x21, 0x02, 0x15, 0x39
    .byte 0x2c, 0x08, 0x00, 0x00, 0x00, 0x2c, 0x69, 0xf0, 0x21, 0x02, 0x15, 0x39, 0x2c, 0x09, 0x00, 0x00
    .byte 0x00, 0x2c, 0x69, 0xf0, 0x21, 0x02, 0x15, 0x39, 0x2c, 0x0a, 0x00, 0x00, 0x00, 0x2c, 0x69, 0xf0
    .byte 0x21, 0x02, 0x15, 0x39, 0x2c, 0x0b, 0x00, 0x00, 0x00, 0x2c, 0x69, 0xf0, 0x21, 0x02, 0x15, 0x39
    .byte 0x2c, 0x0c, 0x00, 0x00, 0x00, 0x2c, 0x69, 0xf0, 0x21, 0x02, 0x15, 0x39, 0x2c, 0x0e, 0x00, 0x00
    .byte 0x00, 0x2c, 0x69, 0xf0, 0x21, 0x02, 0x15, 0x39, 0x2c, 0x10, 0x00, 0x00, 0x00, 0x2c, 0x69, 0xf0
    .byte 0x21, 0x02, 0x15, 0x39, 0x2c, 0x11, 0x00, 0x00, 0x00, 0x2c, 0x69, 0xf0, 0x21, 0x02, 0x15, 0x39
    .byte 0x2c, 0x13, 0x00, 0x00, 0x00, 0x2c, 0x69, 0xf0, 0x21, 0x02, 0x15, 0x39, 0x2c, 0x14, 0x00, 0x00
    .byte 0x00, 0x2c, 0x69, 0xf0, 0x21, 0x02, 0x15, 0x39, 0x25, 0xa4, 0x03, 0x22, 0x02, 0x29, 0x00, 0x53
    .byte 0x32, 0x00, 0xad, 0x2f, 0x00, 0x00, 0x14, 0x9c, 0x01, 0x22, 0x02, 0x2c, 0x04, 0x00, 0x00, 0x00
    .byte 0x2c, 0x69, 0xf0, 0x21, 0x02, 0x15, 0x39, 0x2c, 0x05, 0x00, 0x00, 0x00, 0x2c, 0x69, 0xf0, 0x21
    .byte 0x02, 0x15, 0x39, 0x2c, 0x06, 0x00, 0x00, 0x00, 0x2c, 0x69, 0xf0, 0x21, 0x02, 0x15, 0x39, 0x2c
    .byte 0x07, 0x00, 0x00, 0x00, 0x2c, 0x69, 0xf0, 0x21, 0x02, 0x15, 0x39, 0x2c, 0x09, 0x00, 0x00, 0x00
    .byte 0x2c, 0x69, 0xf0, 0x21, 0x02, 0x15, 0x39, 0x2c, 0x0a, 0x00, 0x00, 0x00, 0x2c, 0x69, 0xf0, 0x21
    .byte 0x02, 0x15, 0x39, 0x2c, 0x0b, 0x00, 0x00, 0x00, 0x2c, 0x69, 0xf0, 0x21, 0x02, 0x15, 0x39, 0x2c
    .byte 0x0c, 0x00, 0x00, 0x00, 0x2c, 0x69, 0xf0, 0x21, 0x02, 0x15, 0x39, 0x2c, 0x0e, 0x00, 0x00, 0x00
    .byte 0x2c, 0x69, 0xf0, 0x21, 0x02, 0x15, 0x39, 0x2c, 0x0f, 0x00, 0x00, 0x00, 0x2c, 0x69, 0xf0, 0x21
    .byte 0x02, 0x15, 0x39, 0x2c, 0x11, 0x00, 0x00, 0x00, 0x2c, 0x69, 0xf0, 0x21, 0x02, 0x15, 0x39, 0x2c
    .byte 0x13, 0x00, 0x00, 0x00, 0x2c, 0x69, 0xf0, 0x21, 0x02, 0x15, 0x39, 0x2c, 0x14, 0x00, 0x00, 0x00
    .byte 0x2c, 0x69, 0xf0, 0x21, 0x02, 0x15, 0x39, 0x25, 0xa4, 0x03, 0x22, 0x02, 0x29, 0x00, 0x53, 0x32
    .byte 0x00, 0xae, 0x2f, 0x00, 0x00, 0x14, 0x4b, 0x02, 0x22, 0x02, 0x2c, 0x04, 0x00, 0x00, 0x00, 0x2c
    .byte 0x69, 0xf0, 0x21, 0x02, 0x15, 0x39, 0x2c, 0x05, 0x00, 0x00, 0x00, 0x2c, 0x69, 0xf0, 0x21, 0x02
    .byte 0x15, 0x39, 0x2c, 0x06, 0x00, 0x00, 0x00, 0x2c, 0x69, 0xf0, 0x21, 0x02, 0x15, 0x39, 0x2c, 0x07
    .byte 0x00, 0x00, 0x00, 0x2c, 0x69, 0xf0, 0x21, 0x02, 0x15, 0x39, 0x2c, 0x08, 0x00, 0x00, 0x00, 0x2c
    .byte 0x69, 0xf0, 0x21, 0x02, 0x15, 0x39, 0x2c, 0x0a, 0x00, 0x00, 0x00, 0x2c, 0x69, 0xf0, 0x21, 0x02
    .byte 0x15, 0x39, 0x2c, 0x0b, 0x00, 0x00, 0x00, 0x2c, 0x69, 0xf0, 0x21, 0x02, 0x15, 0x39, 0x2c, 0x0c
    .byte 0x00, 0x00, 0x00, 0x2c, 0x69, 0xf0, 0x21, 0x02, 0x15, 0x39, 0x2c, 0x0e, 0x00, 0x00, 0x00, 0x2c
    .byte 0x69, 0xf0, 0x21, 0x02, 0x15, 0x39, 0x2c, 0x0f, 0x00, 0x00, 0x00, 0x2c, 0x69, 0xf0, 0x21, 0x02
    .byte 0x15, 0x39, 0x2c, 0x10, 0x00, 0x00, 0x00, 0x2c, 0x69, 0xf0, 0x21, 0x02, 0x15, 0x39, 0x2c, 0x13
    .byte 0x00, 0x00, 0x00, 0x2c, 0x69, 0xf0, 0x21, 0x02, 0x15, 0x39, 0x2c, 0x14, 0x00, 0x00, 0x00, 0x2c
    .byte 0x69, 0xf0, 0x21, 0x02, 0x15, 0x39, 0x25, 0xa4, 0x03, 0x22, 0x02, 0x29, 0x00, 0x53, 0x32, 0x00
    .byte 0xaf, 0x2f, 0x00, 0x00, 0x14, 0xfa, 0x02, 0x22, 0x02, 0x2c, 0x04, 0x00, 0x00, 0x00, 0x2c, 0x69
    .byte 0xf0, 0x21, 0x02, 0x15, 0x39, 0x2c, 0x05, 0x00, 0x00, 0x00, 0x2c, 0x69, 0xf0, 0x21, 0x02, 0x15
    .byte 0x39, 0x2c, 0x06, 0x00, 0x00, 0x00, 0x2c, 0x69, 0xf0, 0x21, 0x02, 0x15, 0x39, 0x2c, 0x07, 0x00
    .byte 0x00, 0x00, 0x2c, 0x69, 0xf0, 0x21, 0x02, 0x15, 0x39, 0x2c, 0x08, 0x00, 0x00, 0x00, 0x2c, 0x69
    .byte 0xf0, 0x21, 0x02, 0x15, 0x39, 0x2c, 0x09, 0x00, 0x00, 0x00, 0x2c, 0x69, 0xf0, 0x21, 0x02, 0x15
    .byte 0x39, 0x2c, 0x0b, 0x00, 0x00, 0x00, 0x2c, 0x69, 0xf0, 0x21, 0x02, 0x15, 0x39, 0x2c, 0x0c, 0x00
    .byte 0x00, 0x00, 0x2c, 0x69, 0xf0, 0x21, 0x02, 0x15, 0x39, 0x2c, 0x0e, 0x00, 0x00, 0x00, 0x2c, 0x69
    .byte 0xf0, 0x21, 0x02, 0x15, 0x39, 0x2c, 0x0f, 0x00, 0x00, 0x00, 0x2c, 0x69, 0xf0, 0x21, 0x02, 0x15
    .byte 0x39, 0x2c, 0x10, 0x00, 0x00, 0x00, 0x2c, 0x69, 0xf0, 0x21, 0x02, 0x15, 0x39, 0x2c, 0x11, 0x00
    .byte 0x00, 0x00, 0x2c, 0x69, 0xf0, 0x21, 0x02, 0x15, 0x39, 0x2c, 0x14, 0x00, 0x00, 0x00, 0x2c, 0x69
    .byte 0xf0, 0x21, 0x02, 0x15, 0x39, 0x25, 0xa4, 0x03, 0x22, 0x02, 0x29, 0x00, 0x53, 0x32, 0x00, 0xb0
    .byte 0x2f, 0x00, 0x00, 0x14, 0xa4, 0x03, 0x22, 0x02, 0x2c, 0x04, 0x00, 0x00, 0x00, 0x2c, 0x69, 0xf0
    .byte 0x21, 0x02, 0x15, 0x39, 0x2c, 0x05, 0x00, 0x00, 0x00, 0x2c, 0x69, 0xf0, 0x21, 0x02, 0x15, 0x39
    .byte 0x2c, 0x06, 0x00, 0x00, 0x00, 0x2c, 0x69, 0xf0, 0x21, 0x02, 0x15, 0x39, 0x2c, 0x07, 0x00, 0x00
    .byte 0x00, 0x2c, 0x69, 0xf0, 0x21, 0x02, 0x15, 0x39, 0x2c, 0x08, 0x00, 0x00, 0x00, 0x2c, 0x69, 0xf0
    .byte 0x21, 0x02, 0x15, 0x39, 0x2c, 0x09, 0x00, 0x00, 0x00, 0x2c, 0x69, 0xf0, 0x21, 0x02, 0x15, 0x39
    .byte 0x2c, 0x0a, 0x00, 0x00, 0x00, 0x2c, 0x69, 0xf0, 0x21, 0x02, 0x15, 0x39, 0x2c, 0x0c, 0x00, 0x00
    .byte 0x00, 0x2c, 0x69, 0xf0, 0x21, 0x02, 0x15, 0x39, 0x2c, 0x0e, 0x00, 0x00, 0x00, 0x2c, 0x69, 0xf0
    .byte 0x21, 0x02, 0x15, 0x39, 0x2c, 0x0f, 0x00, 0x00, 0x00, 0x2c, 0x69, 0xf0, 0x21, 0x02, 0x15, 0x39
    .byte 0x2c, 0x10, 0x00, 0x00, 0x00, 0x2c, 0x69, 0xf0, 0x21, 0x02, 0x15, 0x39, 0x2c, 0x11, 0x00, 0x00
    .byte 0x00, 0x2c, 0x69, 0xf0, 0x21, 0x02, 0x15, 0x39, 0x2c, 0x13, 0x00, 0x00, 0x00, 0x2c, 0x69, 0xf0
    .byte 0x21, 0x02, 0x15, 0x39, 0x22, 0x20, 0x00, 0x00, 0x15, 0x3c, 0x2c, 0x01, 0x00, 0x00, 0x00, 0x15
    .byte 0xd7, 0x2c, 0x01, 0x00, 0x00, 0x00, 0x2c, 0xbe, 0x03, 0x22, 0x02, 0x15, 0x29, 0x00, 0x2c, 0x1b
    .byte 0x00, 0x00, 0x00, 0x15, 0x31, 0x18, 0x70, 0x26, 0x00, 0xd2, 0x20, 0x00, 0x00, 0x2c, 0xaf, 0xf4
    .byte 0x21, 0x02, 0x15, 0x39, 0x20, 0x00, 0x00, 0x15, 0x42, 0x18, 0x70, 0x32, 0x00, 0x00, 0x00, 0x00
    .byte 0x00, 0x14, 0xeb, 0x03, 0x22, 0x02, 0x01, 0xd4, 0x03, 0x22, 0x02, 0x20, 0x00, 0x00, 0x2c, 0xb0
    .byte 0x0d, 0x22, 0x02, 0x15, 0x39, 0x15, 0x1f, 0x18, 0x70, 0x17, 0x00, 0x15, 0x20, 0x18, 0x70, 0x17
    .byte 0x00, 0x15, 0x1e, 0x18, 0x70, 0x05, 0x00, 0x10, 0x00, 0x00, 0x00, 0x17, 0x00, 0x15, 0x45, 0x15
    .byte 0x8b, 0x18, 0x70, 0x32, 0x00, 0x00, 0x00, 0x00, 0x00, 0x13, 0x23, 0x04, 0x22, 0x02, 0x01, 0x0f
    .byte 0x04, 0x22, 0x02, 0x2c, 0x4d, 0x07, 0x00, 0x00, 0x2c, 0x01, 0x00, 0x00, 0x00, 0x20, 0x00, 0x00
    .byte 0x20, 0x00, 0x00, 0x15, 0x59, 0x15, 0x5a, 0x15, 0x1f, 0x18, 0x70, 0x17, 0x00, 0x15, 0x20, 0x18
    .byte 0x70, 0x17, 0x00, 0x15, 0x1e, 0x18, 0x70, 0x05, 0x00, 0x08, 0x00, 0x00, 0x00, 0x17, 0x00, 0x15
    .byte 0x05, 0x2c, 0x01, 0x00, 0x00, 0x00, 0x15, 0x06, 0x00, 0x20, 0x00, 0x00, 0x15, 0x3c, 0x2c, 0x01
    .byte 0x00, 0x00, 0x00, 0x15, 0xd7, 0x2c, 0x01, 0x00, 0x00, 0x00, 0x2c, 0x72, 0x04, 0x22, 0x02, 0x15
    .byte 0x29, 0x00, 0x2c, 0x1b, 0x00, 0x00, 0x00, 0x15, 0x31, 0x18, 0x70, 0x26, 0x00, 0xd2, 0x20, 0x00
    .byte 0x00, 0x2c, 0xaf, 0xf4, 0x21, 0x02, 0x15, 0x39, 0x20, 0x00, 0x00, 0x15, 0x42, 0x18, 0x70, 0x32
    .byte 0x00, 0x00, 0x00, 0x00, 0x00, 0x14, 0x9f, 0x04, 0x22, 0x02, 0x01, 0x88, 0x04, 0x22, 0x02, 0x15
    .byte 0x1f, 0x18, 0x70, 0x17, 0x00, 0x15, 0x20, 0x18, 0x70, 0x17, 0x00, 0x15, 0x1e, 0x18, 0x70, 0x05
    .byte 0x00, 0x10, 0x00, 0x00, 0x00, 0x17, 0x00, 0x15, 0x45, 0x15, 0x8b, 0x18, 0x70, 0x32, 0x00, 0x00
    .byte 0x00, 0x00, 0x00, 0x13, 0xcd, 0x04, 0x22, 0x02, 0x01, 0xb9, 0x04, 0x22, 0x02, 0x2c, 0x4e, 0x07
    .byte 0x00, 0x00, 0x2c, 0x01, 0x00, 0x00, 0x00, 0x20, 0x00, 0x00, 0x20, 0x00, 0x00, 0x15, 0x59, 0x15
    .byte 0x5a, 0x15, 0x1f, 0x18, 0x70, 0x17, 0x00, 0x15, 0x20, 0x18, 0x70, 0x17, 0x00, 0x15, 0x1e, 0x18
    .byte 0x70, 0x05, 0x00, 0x08, 0x00, 0x00, 0x00, 0x17, 0x00, 0x15, 0x05, 0x2c, 0x01, 0x00, 0x00, 0x00
    .byte 0x15, 0x06, 0x00, 0x20, 0x00, 0x00, 0x15, 0x3c, 0x2c, 0x01, 0x00, 0x00, 0x00, 0x15, 0xd7, 0x2c
    .byte 0x01, 0x00, 0x00, 0x00, 0x2c, 0x1c, 0x05, 0x22, 0x02, 0x15, 0x29, 0x00, 0x2c, 0x1b, 0x00, 0x00
    .byte 0x00, 0x15, 0x31, 0x18, 0x70, 0x26, 0x00, 0xd2, 0x20, 0x00, 0x00, 0x2c, 0xaf, 0xf4, 0x21, 0x02
    .byte 0x15, 0x39, 0x20, 0x00, 0x00, 0x15, 0x42, 0x18, 0x70, 0x32, 0x00, 0x00, 0x00, 0x00, 0x00, 0x14
    .byte 0x49, 0x05, 0x22, 0x02, 0x01, 0x32, 0x05, 0x22, 0x02, 0x20, 0x00, 0x00, 0x2c, 0xda, 0x0d, 0x22
    .byte 0x02, 0x15, 0x39, 0x15, 0x1f, 0x18, 0x70, 0x17, 0x00, 0x15, 0x20, 0x18, 0x70, 0x17, 0x00, 0x15
    .byte 0x1e, 0x18, 0x70, 0x05, 0x00, 0x10, 0x00, 0x00, 0x00, 0x17, 0x00, 0x15, 0x45, 0x2c, 0x01, 0x00
    .byte 0x00, 0x00, 0x2c, 0x5f, 0x00, 0x00, 0x00, 0x15, 0xef, 0x18, 0x70, 0x32, 0x00, 0x01, 0x00, 0x00
    .byte 0x00, 0x14, 0xb3, 0x05, 0x22, 0x02, 0x15, 0x8b, 0x18, 0x70, 0x32, 0x00, 0x00, 0x00, 0x00, 0x00
    .byte 0x13, 0x9a, 0x05, 0x22, 0x02, 0x01, 0x86, 0x05, 0x22, 0x02, 0x2c, 0x57, 0x07, 0x00, 0x00, 0x2c
    .byte 0x01, 0x00, 0x00, 0x00, 0x20, 0x00, 0x00, 0x20, 0x00, 0x00, 0x15, 0x59, 0x15, 0x5a, 0x25, 0xfa
    .byte 0x06, 0x22, 0x02, 0x15, 0x8b, 0x18, 0x70, 0x32, 0x00, 0x00, 0x00, 0x00, 0x00, 0x13, 0xc7, 0x05
    .byte 0x22, 0x02, 0x01, 0xb3, 0x05, 0x22, 0x02, 0x2c, 0x52, 0x07, 0x00, 0x00, 0x2c, 0x01, 0x00, 0x00
    .byte 0x00, 0x20, 0x00, 0x00, 0x20, 0x00, 0x00, 0x15, 0x59, 0x15, 0x5a, 0x03, 0x00, 0x00, 0x00, 0x00
    .byte 0x00, 0x36, 0x00, 0x00, 0x2c, 0x0c, 0x04, 0x00, 0x00, 0x15, 0x35, 0x2c, 0x0d, 0x00, 0x00, 0x00
    .byte 0x2c, 0x01, 0x00, 0x00, 0x00, 0x15, 0x78, 0x2c, 0x0c, 0x04, 0x00, 0x00, 0x15, 0x36, 0x2c, 0x01
    .byte 0x00, 0x00, 0x00, 0x15, 0x07, 0x15, 0x08, 0x2c, 0x90, 0x03, 0x00, 0x00, 0x15, 0x37, 0x18, 0x70
    .byte 0x32, 0x00, 0x00, 0x00, 0x00, 0x00, 0x14, 0x25, 0x06, 0x22, 0x02, 0x01, 0x59, 0x09, 0x22, 0x02
    .byte 0x25, 0xd9, 0x06, 0x22, 0x02, 0x37, 0x00, 0x00, 0x32, 0x00, 0x00, 0x00, 0x00, 0x00, 0x14, 0x46
    .byte 0x06, 0x22, 0x02, 0x2c, 0x2d, 0x00, 0x00, 0x00, 0x15, 0x07, 0x15, 0x08, 0x01, 0x59, 0x09, 0x22
    .byte 0x02, 0x25, 0xd9, 0x06, 0x22, 0x02, 0x37, 0x00, 0x00, 0x34, 0x00, 0xb0, 0x04, 0x00, 0x00, 0x14
    .byte 0x99, 0x06, 0x22, 0x02, 0x03, 0x00, 0x00, 0x00, 0x00, 0x00, 0x37, 0x01, 0x00, 0x23, 0x10, 0x17
    .byte 0x00, 0x15, 0xaa, 0x2c, 0x03, 0x00, 0x00, 0x00, 0x03, 0x00, 0x00, 0x00, 0x00, 0x00, 0x37, 0x01
    .byte 0x00, 0x23, 0x10, 0x17, 0x00, 0x20, 0x00, 0x00, 0x20, 0x00, 0x00, 0x20, 0x00, 0x00, 0x20, 0x00
    .byte 0x00, 0x20, 0x00, 0x00, 0x15, 0x53, 0x2c, 0x5a, 0x00, 0x00, 0x00, 0x15, 0x07, 0x15, 0x08, 0x01
    .byte 0x30, 0x09, 0x22, 0x02, 0x25, 0xd9, 0x06, 0x22, 0x02, 0x03, 0x00, 0x00, 0x00, 0x00, 0x00, 0x37
    .byte 0x01, 0x00, 0x23, 0x10, 0x17, 0x00, 0x15, 0xaa, 0x2c, 0x03, 0x00, 0x00, 0x00, 0x03, 0x00, 0x00
    .byte 0x00, 0x00, 0x00, 0x37, 0x01, 0x00, 0x23, 0x10, 0x17, 0x00, 0x20, 0x00, 0x00, 0x20, 0x00, 0x00
    .byte 0x20, 0x00, 0x00, 0x20, 0x00, 0x00, 0x20, 0x00, 0x00, 0x15, 0x53, 0x2c, 0x5a, 0x00, 0x00, 0x00
    .byte 0x15, 0x07, 0x15, 0x08, 0x01, 0xfb, 0x06, 0x22, 0x02, 0x15, 0x1f, 0x18, 0x70, 0x17, 0x00, 0x15
    .byte 0x20, 0x18, 0x70, 0x17, 0x00, 0x15, 0x1e, 0x18, 0x70, 0x05, 0x00, 0x08, 0x00, 0x00, 0x00, 0x17
    .byte 0x00, 0x15, 0x05, 0x2c, 0x01, 0x00, 0x00, 0x00, 0x15, 0x06, 0x00, 0x15, 0x8b, 0x18, 0x70, 0x32
    .byte 0x00, 0x00, 0x00, 0x00, 0x00, 0x13, 0x0f, 0x07, 0x22, 0x02, 0x01, 0xfb, 0x06, 0x22, 0x02, 0x2c
    .byte 0x54, 0x07, 0x00, 0x00, 0x2c, 0x01, 0x00, 0x00, 0x00, 0x20, 0x00, 0x00, 0x20, 0x00, 0x00, 0x15
    .byte 0x59, 0x15, 0x5a, 0x2c, 0x17, 0x00, 0x00, 0x00, 0x15, 0xde, 0x03, 0x00, 0x04, 0x00, 0x00, 0x00
    .byte 0x26, 0x00, 0x66, 0x03, 0x00, 0x17, 0x00, 0x00, 0x00, 0x26, 0x00, 0xd9, 0x03, 0x00, 0x04, 0x00
    .byte 0x00, 0x00, 0x32, 0x00, 0x01, 0x00, 0x00, 0x00, 0x13, 0x5e, 0x07, 0x22, 0x02, 0x03, 0x00, 0x04
    .byte 0x00, 0x00, 0x00, 0x32, 0x00, 0x08, 0x00, 0x00, 0x00, 0x14, 0x6c, 0x07, 0x22, 0x02, 0x03, 0x00
    .byte 0x01, 0x00, 0x00, 0x00, 0x36, 0x00, 0x00, 0x25, 0x75, 0x07, 0x22, 0x02, 0x03, 0x00, 0x01, 0x00
    .byte 0x00, 0x00, 0x26, 0x00, 0x63, 0x03, 0x00, 0x04, 0x00, 0x00, 0x00, 0x32, 0x00, 0x01, 0x00, 0x00
    .byte 0x00, 0x14, 0xa6, 0x07, 0x22, 0x02, 0x20, 0x00, 0x00, 0x2c, 0x0f, 0x00, 0x00, 0x00, 0x15, 0xe0
    .byte 0x2c, 0x15, 0x00, 0x00, 0x00, 0x2c, 0x9d, 0x00, 0x00, 0x00, 0x2c, 0x7f, 0x00, 0x00, 0x00, 0x15
    .byte 0x0a, 0x25, 0xc6, 0x08, 0x22, 0x02, 0x03, 0x00, 0x04, 0x00, 0x00, 0x00, 0x32, 0x00, 0x08, 0x00
    .byte 0x00, 0x00, 0x14, 0xd7, 0x07, 0x22, 0x02, 0x20, 0x00, 0x00, 0x2c, 0x0f, 0x00, 0x00, 0x00, 0x15
    .byte 0xe0, 0x2c, 0x15, 0x00, 0x00, 0x00, 0x2c, 0x9c, 0x00, 0x00, 0x00, 0x2c, 0x7f, 0x00, 0x00, 0x00
    .byte 0x15, 0x0a, 0x25, 0xc6, 0x08, 0x22, 0x02, 0x03, 0x00, 0x04, 0x00, 0x00, 0x00, 0x32, 0x00, 0x03
    .byte 0x00, 0x00, 0x00, 0x14, 0x2f, 0x08, 0x22, 0x02, 0x03, 0x00, 0x17, 0x00, 0x00, 0x00, 0x32, 0x00
    .byte 0x3e, 0x00, 0x00, 0x00, 0x14, 0x19, 0x08, 0x22, 0x02, 0x20, 0x00, 0x00, 0x2c, 0x75, 0x00, 0x00
    .byte 0x00, 0x15, 0xe0, 0x2c, 0x15, 0x00, 0x00, 0x00, 0x2c, 0x9d, 0x00, 0x00, 0x00, 0x2c, 0x7f, 0x00
    .byte 0x00, 0x00, 0x15, 0x0a, 0x25, 0x2a, 0x08, 0x22, 0x02, 0x2c, 0x15, 0x00, 0x00, 0x00, 0x2c, 0x9d
    .byte 0x00, 0x00, 0x00, 0x2c, 0x7f, 0x00, 0x00, 0x00, 0x15, 0x0a, 0x25, 0xc6, 0x08, 0x22, 0x02, 0x03
    .byte 0x00, 0x04, 0x00, 0x00, 0x00, 0x32, 0x00, 0x09, 0x00, 0x00, 0x00, 0x14, 0x56, 0x08, 0x22, 0x02
    .byte 0x2c, 0x15, 0x00, 0x00, 0x00, 0x2c, 0x9c, 0x00, 0x00, 0x00, 0x2c, 0x7f, 0x00, 0x00, 0x00, 0x15
    .byte 0x0a, 0x25, 0xc6, 0x08, 0x22, 0x02, 0x03, 0x00, 0x04, 0x00, 0x00, 0x00, 0x32, 0x00, 0x04, 0x00
    .byte 0x00, 0x00, 0x14, 0x7d, 0x08, 0x22, 0x02, 0x2c, 0x15, 0x00, 0x00, 0x00, 0x2c, 0x9c, 0x00, 0x00
    .byte 0x00, 0x2c, 0x7f, 0x00, 0x00, 0x00, 0x15, 0x0a, 0x25, 0xc6, 0x08, 0x22, 0x02, 0x03, 0x00, 0x04
    .byte 0x00, 0x00, 0x00, 0x32, 0x00, 0x0a, 0x00, 0x00, 0x00, 0x14, 0xa4, 0x08, 0x22, 0x02, 0x2c, 0x15
    .byte 0x00, 0x00, 0x00, 0x2c, 0x9d, 0x00, 0x00, 0x00, 0x2c, 0x7f, 0x00, 0x00, 0x00, 0x15, 0x0a, 0x25
    .byte 0xc6, 0x08, 0x22, 0x02, 0x03, 0x00, 0x04, 0x00, 0x00, 0x00, 0x32, 0x00, 0x0b, 0x00, 0x00, 0x00
    .byte 0x14, 0xc6, 0x08, 0x22, 0x02, 0x2c, 0x15, 0x00, 0x00, 0x00, 0x2c, 0x9c, 0x00, 0x00, 0x00, 0x2c
    .byte 0x7f, 0x00, 0x00, 0x00, 0x15, 0x0a, 0x20, 0x00, 0x00, 0x2c, 0xbf, 0xf1, 0x21, 0x02, 0x15, 0x39
    .byte 0x20, 0x00, 0x00, 0x15, 0x42, 0x18, 0x70, 0x32, 0x00, 0x00, 0x00, 0x00, 0x00, 0x14, 0xe7, 0x08
    .byte 0x22, 0x02, 0x01, 0xd0, 0x08, 0x22, 0x02, 0x2c, 0x98, 0x03, 0x00, 0x00, 0x15, 0x37, 0x18, 0x70
    .byte 0x32, 0x00, 0x00, 0x00, 0x00, 0x00, 0x14, 0x1c, 0x09, 0x22, 0x02, 0x2c, 0x14, 0x00, 0x00, 0x00
    .byte 0x15, 0x07, 0x15, 0x08, 0x2c, 0x98, 0x03, 0x00, 0x00, 0x15, 0x35, 0x2c, 0xb5, 0x03, 0x00, 0x00
    .byte 0x15, 0x35, 0x2c, 0x08, 0x00, 0x00, 0x00, 0x20, 0x00, 0x00, 0x15, 0x78, 0x20, 0x00, 0x00, 0x15
    .byte 0x07, 0x15, 0x08, 0x2c, 0x03, 0x00, 0x00, 0x00, 0x2c, 0x5f, 0x00, 0x00, 0x00, 0x15, 0xef, 0x00
    .byte 0x15, 0x8b, 0x18, 0x70, 0x32, 0x00, 0x00, 0x00, 0x00, 0x00, 0x13, 0x44, 0x09, 0x22, 0x02, 0x01
    .byte 0x30, 0x09, 0x22, 0x02, 0x2c, 0x55, 0x07, 0x00, 0x00, 0x2c, 0x01, 0x00, 0x00, 0x00, 0x20, 0x00
    .byte 0x00, 0x20, 0x00, 0x00, 0x15, 0x59, 0x15, 0x5a, 0x00, 0x15, 0x8b, 0x18, 0x70, 0x32, 0x00, 0x00
    .byte 0x00, 0x00, 0x00, 0x13, 0x6d, 0x09, 0x22, 0x02, 0x01, 0x59, 0x09, 0x22, 0x02, 0x2c, 0x56, 0x07
    .byte 0x00, 0x00, 0x2c, 0x01, 0x00, 0x00, 0x00, 0x20, 0x00, 0x00, 0x20, 0x00, 0x00, 0x15, 0x59, 0x15
    .byte 0x5a, 0x00, 0x20, 0x00, 0x00, 0x15, 0x3c, 0x2c, 0x01, 0x00, 0x00, 0x00, 0x15, 0xd7, 0x2c, 0x01
    .byte 0x00, 0x00, 0x00, 0x2c, 0x9b, 0x09, 0x22, 0x02, 0x15, 0x29, 0x00, 0x2c, 0x1b, 0x00, 0x00, 0x00
    .byte 0x15, 0x31, 0x18, 0x70, 0x26, 0x00, 0xd2, 0x20, 0x00, 0x00, 0x2c, 0xaf, 0xf4, 0x21, 0x02, 0x15
    .byte 0x39, 0x20, 0x00, 0x00, 0x15, 0x42, 0x18, 0x70, 0x32, 0x00, 0x00, 0x00, 0x00, 0x00, 0x14, 0xc8
    .byte 0x09, 0x22, 0x02, 0x01, 0xb1, 0x09, 0x22, 0x02, 0x20, 0x00, 0x00, 0x2c, 0x03, 0x0e, 0x22, 0x02
    .byte 0x15, 0x39, 0x15, 0x1f, 0x18, 0x70, 0x17, 0x00, 0x15, 0x20, 0x18, 0x70, 0x17, 0x00, 0x15, 0x1e
    .byte 0x18, 0x70, 0x05, 0x00, 0x10, 0x00, 0x00, 0x00, 0x17, 0x00, 0x15, 0x45, 0x15, 0x8b, 0x18, 0x70
    .byte 0x32, 0x00, 0x00, 0x00, 0x00, 0x00, 0x13, 0x00, 0x0a, 0x22, 0x02, 0x01, 0xec, 0x09, 0x22, 0x02
    .byte 0x2c, 0x58, 0x07, 0x00, 0x00, 0x2c, 0x01, 0x00, 0x00, 0x00, 0x20, 0x00, 0x00, 0x20, 0x00, 0x00
    .byte 0x15, 0x59, 0x15, 0x5a, 0x15, 0x1f, 0x18, 0x70, 0x17, 0x00, 0x15, 0x20, 0x18, 0x70, 0x17, 0x00
    .byte 0x15, 0x1e, 0x18, 0x70, 0x05, 0x00, 0x08, 0x00, 0x00, 0x00, 0x17, 0x00, 0x15, 0x05, 0x2c, 0x01
    .byte 0x00, 0x00, 0x00, 0x15, 0x06, 0x00, 0x20, 0x00, 0x00, 0x15, 0x3c, 0x2c, 0x01, 0x00, 0x00, 0x00
    .byte 0x15, 0xd7, 0x2c, 0x01, 0x00, 0x00, 0x00, 0x2c, 0x4f, 0x0a, 0x22, 0x02, 0x15, 0x29, 0x00, 0x2c
    .byte 0x1b, 0x00, 0x00, 0x00, 0x15, 0x31, 0x18, 0x70, 0x26, 0x00, 0xd2, 0x20, 0x00, 0x00, 0x2c, 0xaf
    .byte 0xf4, 0x21, 0x02, 0x15, 0x39, 0x20, 0x00, 0x00, 0x15, 0x42, 0x18, 0x70, 0x32, 0x00, 0x00, 0x00
    .byte 0x00, 0x00, 0x14, 0x7c, 0x0a, 0x22, 0x02, 0x01, 0x65, 0x0a, 0x22, 0x02, 0x20, 0x00, 0x00, 0x2c
    .byte 0x2c, 0x0e, 0x22, 0x02, 0x15, 0x39, 0x15, 0x1f, 0x18, 0x70, 0x17, 0x00, 0x15, 0x20, 0x18, 0x70
    .byte 0x17, 0x00, 0x15, 0x1e, 0x18, 0x70, 0x05, 0x00, 0x10, 0x00, 0x00, 0x00, 0x17, 0x00, 0x15, 0x45
    .byte 0x15, 0x8b, 0x18, 0x70, 0x32, 0x00, 0x00, 0x00, 0x00, 0x00, 0x13, 0xb4, 0x0a, 0x22, 0x02, 0x01
    .byte 0xa0, 0x0a, 0x22, 0x02, 0x2c, 0x5b, 0x07, 0x00, 0x00, 0x2c, 0x01, 0x00, 0x00, 0x00, 0x20, 0x00
    .byte 0x00, 0x20, 0x00, 0x00, 0x15, 0x59, 0x15, 0x5a, 0x15, 0x1f, 0x18, 0x70, 0x17, 0x00, 0x15, 0x20
    .byte 0x18, 0x70, 0x17, 0x00, 0x15, 0x1e, 0x18, 0x70, 0x05, 0x00, 0x08, 0x00, 0x00, 0x00, 0x17, 0x00
    .byte 0x15, 0x05, 0x2c, 0x01, 0x00, 0x00, 0x00, 0x15, 0x06, 0x00, 0x20, 0x00, 0x00, 0x15, 0x3c, 0x2c
    .byte 0x01, 0x00, 0x00, 0x00, 0x15, 0xd7, 0x2c, 0x01, 0x00, 0x00, 0x00, 0x2c, 0x03, 0x0b, 0x22, 0x02
    .byte 0x15, 0x29, 0x00, 0x2c, 0x1b, 0x00, 0x00, 0x00, 0x15, 0x31, 0x18, 0x70, 0x26, 0x00, 0xd2, 0x20
    .byte 0x00, 0x00, 0x2c, 0xaf, 0xf4, 0x21, 0x02, 0x15, 0x39, 0x20, 0x00, 0x00, 0x15, 0x42, 0x18, 0x70
    .byte 0x32, 0x00, 0x00, 0x00, 0x00, 0x00, 0x14, 0x30, 0x0b, 0x22, 0x02, 0x01, 0x19, 0x0b, 0x22, 0x02
    .byte 0x20, 0x00, 0x00, 0x2c, 0x55, 0x0e, 0x22, 0x02, 0x15, 0x39, 0x15, 0x1f, 0x18, 0x70, 0x17, 0x00
    .byte 0x15, 0x20, 0x18, 0x70, 0x17, 0x00, 0x15, 0x1e, 0x18, 0x70, 0x05, 0x00, 0x10, 0x00, 0x00, 0x00
    .byte 0x17, 0x00, 0x15, 0x45, 0x15, 0x8b, 0x18, 0x70, 0x32, 0x00, 0x00, 0x00, 0x00, 0x00, 0x13, 0x68
    .byte 0x0b, 0x22, 0x02, 0x01, 0x54, 0x0b, 0x22, 0x02, 0x2c, 0x5c, 0x07, 0x00, 0x00, 0x2c, 0x01, 0x00
    .byte 0x00, 0x00, 0x20, 0x00, 0x00, 0x20, 0x00, 0x00, 0x15, 0x59, 0x15, 0x5a, 0x15, 0x1f, 0x18, 0x70
    .byte 0x17, 0x00, 0x15, 0x20, 0x18, 0x70, 0x17, 0x00, 0x15, 0x1e, 0x18, 0x70, 0x05, 0x00, 0x08, 0x00
    .byte 0x00, 0x00, 0x17, 0x00, 0x15, 0x05, 0x2c, 0x01, 0x00, 0x00, 0x00, 0x15, 0x06, 0x00, 0x20, 0x00
    .byte 0x00, 0x15, 0x3c, 0x2c, 0x01, 0x00, 0x00, 0x00, 0x15, 0xd7, 0x2c, 0x01, 0x00, 0x00, 0x00, 0x2c
    .byte 0xb7, 0x0b, 0x22, 0x02, 0x15, 0x29, 0x00, 0x2c, 0x1b, 0x00, 0x00, 0x00, 0x15, 0x31, 0x18, 0x70
    .byte 0x26, 0x00, 0xd2, 0x20, 0x00, 0x00, 0x2c, 0xaf, 0xf4, 0x21, 0x02, 0x15, 0x39, 0x20, 0x00, 0x00
    .byte 0x15, 0x42, 0x18, 0x70, 0x32, 0x00, 0x00, 0x00, 0x00, 0x00, 0x14, 0xe4, 0x0b, 0x22, 0x02, 0x01
    .byte 0xcd, 0x0b, 0x22, 0x02, 0x15, 0x1f, 0x18, 0x70, 0x17, 0x00, 0x15, 0x20, 0x18, 0x70, 0x17, 0x00
    .byte 0x15, 0x1e, 0x18, 0x70, 0x05, 0x00, 0x10, 0x00, 0x00, 0x00, 0x17, 0x00, 0x15, 0x45, 0x15, 0x8b
    .byte 0x18, 0x70, 0x32, 0x00, 0x00, 0x00, 0x00, 0x00, 0x13, 0x12, 0x0c, 0x22, 0x02, 0x01, 0xfe, 0x0b
    .byte 0x22, 0x02, 0x2c, 0x5d, 0x07, 0x00, 0x00, 0x2c, 0x01, 0x00, 0x00, 0x00, 0x20, 0x00, 0x00, 0x20
    .byte 0x00, 0x00, 0x15, 0x59, 0x15, 0x5a, 0x15, 0x1f, 0x18, 0x70, 0x17, 0x00, 0x15, 0x20, 0x18, 0x70
    .byte 0x17, 0x00, 0x15, 0x1e, 0x18, 0x70, 0x05, 0x00, 0x08, 0x00, 0x00, 0x00, 0x17, 0x00, 0x15, 0x05
    .byte 0x2c, 0x01, 0x00, 0x00, 0x00, 0x15, 0x06, 0x00, 0x20, 0x00, 0x00, 0x15, 0x3c, 0x2c, 0x01, 0x00
    .byte 0x00, 0x00, 0x15, 0xd7, 0x2c, 0x01, 0x00, 0x00, 0x00, 0x2c, 0x61, 0x0c, 0x22, 0x02, 0x15, 0x29
    .byte 0x00, 0x2c, 0x1b, 0x00, 0x00, 0x00, 0x15, 0x31, 0x18, 0x70, 0x26, 0x00, 0xd2, 0x20, 0x00, 0x00
    .byte 0x2c, 0xaf, 0xf4, 0x21, 0x02, 0x15, 0x39, 0x20, 0x00, 0x00, 0x15, 0x42, 0x18, 0x70, 0x32, 0x00
    .byte 0x00, 0x00, 0x00, 0x00, 0x14, 0x8e, 0x0c, 0x22, 0x02, 0x01, 0x77, 0x0c, 0x22, 0x02, 0x20, 0x00
    .byte 0x00, 0x2c, 0x7e, 0x0e, 0x22, 0x02, 0x15, 0x39, 0x15, 0x1f, 0x18, 0x70, 0x17, 0x00, 0x15, 0x20
    .byte 0x18, 0x70, 0x17, 0x00, 0x15, 0x1e, 0x18, 0x70, 0x05, 0x00, 0x10, 0x00, 0x00, 0x00, 0x17, 0x00
    .byte 0x15, 0x45, 0x15, 0x8b, 0x18, 0x70, 0x32, 0x00, 0x00, 0x00, 0x00, 0x00, 0x13, 0xc6, 0x0c, 0x22
    .byte 0x02, 0x01, 0xb2, 0x0c, 0x22, 0x02, 0x2c, 0x60, 0x07, 0x00, 0x00, 0x2c, 0x01, 0x00, 0x00, 0x00
    .byte 0x20, 0x00, 0x00, 0x20, 0x00, 0x00, 0x15, 0x59, 0x15, 0x5a, 0x15, 0x1f, 0x18, 0x70, 0x17, 0x00
    .byte 0x15, 0x20, 0x18, 0x70, 0x17, 0x00, 0x15, 0x1e, 0x18, 0x70, 0x05, 0x00, 0x08, 0x00, 0x00, 0x00
    .byte 0x17, 0x00, 0x15, 0x05, 0x2c, 0x01, 0x00, 0x00, 0x00, 0x15, 0x06, 0x00, 0x20, 0x00, 0x00, 0x15
    .byte 0x3c, 0x2c, 0x01, 0x00, 0x00, 0x00, 0x15, 0xd7, 0x2c, 0x01, 0x00, 0x00, 0x00, 0x2c, 0x15, 0x0d
    .byte 0x22, 0x02, 0x15, 0x29, 0x00, 0x2c, 0x1b, 0x00, 0x00, 0x00, 0x15, 0x31, 0x18, 0x70, 0x26, 0x00
    .byte 0xd2, 0x20, 0x00, 0x00, 0x2c, 0xaf, 0xf4, 0x21, 0x02, 0x15, 0x39, 0x20, 0x00, 0x00, 0x15, 0x42
    .byte 0x18, 0x70, 0x32, 0x00, 0x00, 0x00, 0x00, 0x00, 0x14, 0x42, 0x0d, 0x22, 0x02, 0x01, 0x2b, 0x0d
    .byte 0x22, 0x02, 0x20, 0x00, 0x00, 0x2c, 0xa7, 0x0e, 0x22, 0x02, 0x15, 0x39, 0x15, 0x1f, 0x18, 0x70
    .byte 0x17, 0x00, 0x15, 0x20, 0x18, 0x70, 0x17, 0x00, 0x15, 0x1e, 0x18, 0x70, 0x05, 0x00, 0x10, 0x00
    .byte 0x00, 0x00, 0x17, 0x00, 0x15, 0x45, 0x15, 0x8b, 0x18, 0x70, 0x32, 0x00, 0x00, 0x00, 0x00, 0x00
    .byte 0x13, 0x7a, 0x0d, 0x22, 0x02, 0x01, 0x66, 0x0d, 0x22, 0x02, 0x2c, 0x61, 0x07, 0x00, 0x00, 0x2c
    .byte 0x01, 0x00, 0x00, 0x00, 0x20, 0x00, 0x00, 0x20, 0x00, 0x00, 0x15, 0x59, 0x15, 0x5a, 0x15, 0x1f
    .byte 0x18, 0x70, 0x17, 0x00, 0x15, 0x20, 0x18, 0x70, 0x17, 0x00, 0x15, 0x1e, 0x18, 0x70, 0x05, 0x00
    .byte 0x08, 0x00, 0x00, 0x00, 0x17, 0x00, 0x15, 0x05, 0x2c, 0x01, 0x00, 0x00, 0x00, 0x15, 0x06, 0x00
    .byte 0x2c, 0x0c, 0x00, 0x00, 0x00, 0x2c, 0x07, 0x00, 0x00, 0x00, 0x15, 0x47, 0x18, 0x70, 0x17, 0x00
    .byte 0x2c, 0x0c, 0x00, 0x00, 0x00, 0x2c, 0x08, 0x00, 0x00, 0x00, 0x15, 0x47, 0x18, 0x70, 0x17, 0x00
    .byte 0x15, 0x1e, 0x18, 0x70, 0x17, 0x00, 0x15, 0x75, 0x00, 0x00, 0x2c, 0x0e, 0x00, 0x00, 0x00, 0x2c
    .byte 0x07, 0x00, 0x00, 0x00, 0x15, 0x47, 0x18, 0x70, 0x17, 0x00, 0x2c, 0x0e, 0x00, 0x00, 0x00, 0x2c
    .byte 0x08, 0x00, 0x00, 0x00, 0x15, 0x47, 0x18, 0x70, 0x17, 0x00, 0x15, 0x1e, 0x18, 0x70, 0x17, 0x00
    .byte 0x15, 0x75, 0x00, 0x2c, 0x0f, 0x00, 0x00, 0x00, 0x2c, 0x07, 0x00, 0x00, 0x00, 0x15, 0x47, 0x18
    .byte 0x70, 0x17, 0x00, 0x2c, 0x0f, 0x00, 0x00, 0x00, 0x2c, 0x08, 0x00, 0x00, 0x00, 0x15, 0x47, 0x18
    .byte 0x70, 0x17, 0x00, 0x15, 0x1e, 0x18, 0x70, 0x17, 0x00, 0x15, 0x75, 0x00, 0x2c, 0x10, 0x00, 0x00
    .byte 0x00, 0x2c, 0x07, 0x00, 0x00, 0x00, 0x15, 0x47, 0x18, 0x70, 0x17, 0x00, 0x2c, 0x10, 0x00, 0x00
    .byte 0x00, 0x2c, 0x08, 0x00, 0x00, 0x00, 0x15, 0x47, 0x18, 0x70, 0x17, 0x00, 0x15, 0x1e, 0x18, 0x70
    .byte 0x17, 0x00, 0x15, 0x75, 0x00, 0x2c, 0x11, 0x00, 0x00, 0x00, 0x2c, 0x07, 0x00, 0x00, 0x00, 0x15
    .byte 0x47, 0x18, 0x70, 0x17, 0x00, 0x2c, 0x11, 0x00, 0x00, 0x00, 0x2c, 0x08, 0x00, 0x00, 0x00, 0x15
    .byte 0x47, 0x18, 0x70, 0x17, 0x00, 0x15, 0x1e, 0x18, 0x70, 0x17, 0x00, 0x15, 0x75, 0x00, 0x2c, 0x13
    .byte 0x00, 0x00, 0x00, 0x2c, 0x07, 0x00, 0x00, 0x00, 0x15, 0x47, 0x18, 0x70, 0x17, 0x00, 0x2c, 0x13
    .byte 0x00, 0x00, 0x00, 0x2c, 0x08, 0x00, 0x00, 0x00, 0x15, 0x47, 0x18, 0x70, 0x17, 0x00, 0x15, 0x1e
    .byte 0x18, 0x70, 0x17, 0x00, 0x15, 0x75, 0x00, 0x2c, 0x14, 0x00, 0x00, 0x00, 0x2c, 0x07, 0x00, 0x00
    .byte 0x00, 0x15, 0x47, 0x18, 0x70, 0x17, 0x00, 0x2c, 0x14, 0x00, 0x00, 0x00, 0x2c, 0x08, 0x00, 0x00
    .byte 0x00, 0x15, 0x47, 0x18, 0x70, 0x17, 0x00, 0x15, 0x1e, 0x18, 0x70, 0x17, 0x00, 0x15, 0x75, 0x00
    .byte 0x2c, 0x01, 0x00, 0x00, 0x00, 0x2c, 0x6e, 0x0f, 0x22, 0x02, 0x15, 0x29, 0x2c, 0x01, 0x00, 0x00
    .byte 0x00, 0x15, 0xd7, 0x03, 0x00, 0x08, 0x00, 0x00, 0x00, 0x15, 0x1f, 0x18, 0x71, 0x17, 0x10, 0x15
    .byte 0x20, 0x18, 0x71, 0x17, 0x10, 0x15, 0x1e, 0x18, 0x71, 0x04, 0x10, 0x17, 0x00, 0x15, 0x05, 0x2c
    .byte 0x01, 0x00, 0x00, 0x00, 0x15, 0x06, 0x15, 0x1f, 0x18, 0x70, 0x17, 0x00, 0x15, 0x20, 0x18, 0x70
    .byte 0x17, 0x00, 0x15, 0x1e, 0x18, 0x70, 0x28, 0x00, 0x00, 0x2b, 0x00, 0x01, 0x15, 0x1f, 0x18, 0x71
    .byte 0x17, 0x10, 0x15, 0x20, 0x18, 0x71, 0x17, 0x10, 0x15, 0x1e, 0x18, 0x71, 0x1f, 0x10, 0x14, 0x69
    .byte 0x0f, 0x22, 0x02, 0x15, 0x1f, 0x18, 0x70, 0x17, 0x00, 0x15, 0x20, 0x18, 0x70, 0x17, 0x00, 0x15
    .byte 0x1e, 0x18, 0x70, 0x28, 0x00, 0x01, 0x03, 0x00, 0x08, 0x00, 0x00, 0x00, 0x15, 0x1f, 0x18, 0x71
    .byte 0x17, 0x10, 0x15, 0x20, 0x18, 0x71, 0x17, 0x10, 0x15, 0x1e, 0x18, 0x71, 0x04, 0x10, 0x17, 0x00
    .byte 0x15, 0x05, 0x2c, 0x01, 0x00, 0x00, 0x00, 0x15, 0x06, 0x01, 0x06, 0x0f, 0x22, 0x02, 0x2c, 0x1b
    .byte 0x00, 0x00, 0x00, 0x15, 0x31, 0x18, 0x70, 0x26, 0x00, 0x58, 0x20, 0x00, 0x00, 0x2c, 0x04, 0xf0
    .byte 0x21, 0x02, 0x15, 0x39, 0x20, 0x00, 0x00, 0x15, 0x42, 0x18, 0x70, 0x32, 0x00, 0x00, 0x00, 0x00
    .byte 0x00, 0x14, 0x9b, 0x0f, 0x22, 0x02, 0x01, 0x84, 0x0f, 0x22, 0x02, 0x03, 0x00, 0x10, 0x00, 0x00
    .byte 0x00, 0x15, 0x1f, 0x18, 0x71, 0x17, 0x10, 0x15, 0x20, 0x18, 0x71, 0x17, 0x10, 0x15, 0x1e, 0x18
    .byte 0x71, 0x04, 0x10, 0x17, 0x00, 0x15, 0x45, 0x20, 0x00, 0x00, 0x2c, 0xff, 0xff, 0xff, 0xff, 0x2c
    .byte 0xff, 0xff, 0xff, 0xff, 0x15, 0xdd, 0x18, 0x70, 0x14, 0x13, 0x10, 0x22, 0x02, 0x2c, 0x03, 0x00
    .byte 0x00, 0x00, 0x2c, 0xff, 0xff, 0xff, 0xff, 0x2c, 0xff, 0xff, 0xff, 0xff, 0x15, 0xdd, 0x18, 0x70
    .byte 0x32, 0x00, 0x00, 0x00, 0x00, 0x00, 0x14, 0x13, 0x10, 0x22, 0x02, 0x15, 0x8b, 0x18, 0x70, 0x32
    .byte 0x00, 0x00, 0x00, 0x00, 0x00, 0x13, 0xff, 0x0f, 0x22, 0x02, 0x01, 0xeb, 0x0f, 0x22, 0x02, 0x2c
    .byte 0xf8, 0x07, 0x00, 0x00, 0x2c, 0x01, 0x00, 0x00, 0x00, 0x20, 0x00, 0x00, 0x20, 0x00, 0x00, 0x15
    .byte 0x59, 0x15, 0x5a, 0x03, 0x00, 0xec, 0xff, 0xff, 0xff, 0x26, 0x00, 0xe1, 0x15, 0x8b, 0x18, 0x70
    .byte 0x32, 0x00, 0x00, 0x00, 0x00, 0x00, 0x13, 0x30, 0x10, 0x22, 0x02, 0x01, 0x1c, 0x10, 0x22, 0x02
    .byte 0x2c, 0xe3, 0x07, 0x00, 0x00, 0x2c, 0x01, 0x00, 0x00, 0x00, 0x20, 0x00, 0x00, 0x20, 0x00, 0x00
    .byte 0x20, 0x00, 0x00, 0x15, 0xe7, 0x2c, 0x01, 0x00, 0x00, 0x00, 0x15, 0x07, 0x15, 0x08, 0x03, 0x00
    .byte 0x00, 0x00, 0x00, 0x00, 0x26, 0x00, 0xe1, 0x2c, 0xea, 0x03, 0x00, 0x00, 0x15, 0x37, 0x18, 0x70
    .byte 0x13, 0xa0, 0x10, 0x22, 0x02, 0x15, 0x8b, 0x18, 0x70, 0x32, 0x00, 0x00, 0x00, 0x00, 0x00, 0x13
    .byte 0x79, 0x10, 0x22, 0x02, 0x01, 0x65, 0x10, 0x22, 0x02, 0x2c, 0xe4, 0x07, 0x00, 0x00, 0x2c, 0x01
    .byte 0x00, 0x00, 0x00, 0x20, 0x00, 0x00, 0x20, 0x00, 0x00, 0x15, 0x59, 0x15, 0x5a, 0x2c, 0x1b, 0x00
    .byte 0x00, 0x00, 0x15, 0x31, 0x18, 0x70, 0x17, 0x00, 0x2c, 0x06, 0x0f, 0x22, 0x02, 0x15, 0x39, 0x00
    .byte 0x03, 0x00, 0x10, 0x00, 0x00, 0x00, 0x15, 0x1f, 0x18, 0x71, 0x17, 0x10, 0x15, 0x20, 0x18, 0x71
    .byte 0x17, 0x10, 0x15, 0x1e, 0x18, 0x71, 0x04, 0x10, 0x17, 0x00, 0x15, 0x45, 0x15, 0x8b, 0x18, 0x70
    .byte 0x32, 0x00, 0x00, 0x00, 0x00, 0x00, 0x13, 0xd0, 0x10, 0x22, 0x02, 0x01, 0xbc, 0x10, 0x22, 0x02
    .byte 0x2c, 0xe5, 0x07, 0x00, 0x00, 0x2c, 0x01, 0x00, 0x00, 0x00, 0x20, 0x00, 0x00, 0x20, 0x00, 0x00
    .byte 0x15, 0x59, 0x15, 0x5a, 0x2c, 0x1b, 0x00, 0x00, 0x00, 0x15, 0x31, 0x18, 0x70, 0x17, 0x00, 0x2c
    .byte 0x06, 0x0f, 0x22, 0x02, 0x15, 0x39, 0x00, 0x2c, 0x1e, 0x00, 0x00, 0x00, 0x15, 0x07, 0x15, 0x08
    .byte 0x2c, 0x1b, 0x00, 0x00, 0x00, 0x15, 0x31, 0x18, 0x70, 0x17, 0x00, 0x15, 0x10, 0x18, 0x70, 0x17
    .byte 0x00, 0x15, 0x11, 0x18, 0x70, 0x17, 0x00, 0x15, 0x12, 0x18, 0x70, 0x17, 0x00, 0x2c, 0x1e, 0x00
    .byte 0x00, 0x00, 0x2c, 0x20, 0x00, 0x00, 0x00, 0x15, 0x00, 0x2c, 0x14, 0x00, 0x00, 0x00, 0x15, 0x07
    .byte 0x15, 0x08, 0x03, 0x00, 0x10, 0x00, 0x00, 0x00, 0x15, 0x1f, 0x18, 0x71, 0x17, 0x10, 0x15, 0x20
    .byte 0x18, 0x71, 0x17, 0x10, 0x15, 0x1e, 0x18, 0x71, 0x04, 0x10, 0x17, 0x00, 0x15, 0x45, 0x03, 0x00
    .byte 0xec, 0xff, 0xff, 0xff, 0x26, 0x00, 0xe1, 0x15, 0x8b, 0x18, 0x70, 0x32, 0x00, 0x00, 0x00, 0x00
    .byte 0x00, 0x13, 0x6b, 0x11, 0x22, 0x02, 0x01, 0x57, 0x11, 0x22, 0x02, 0x2c, 0xde, 0x07, 0x00, 0x00
    .byte 0x2c, 0x01, 0x00, 0x00, 0x00, 0x20, 0x00, 0x00, 0x20, 0x00, 0x00, 0x15, 0x59, 0x15, 0x5a, 0x2c
    .byte 0x3c, 0x00, 0x00, 0x00, 0x15, 0x07, 0x15, 0x08, 0x15, 0x46, 0x15, 0x8b, 0x18, 0x70, 0x32, 0x00
    .byte 0x00, 0x00, 0x00, 0x00, 0x13, 0x9e, 0x11, 0x22, 0x02, 0x01, 0x8a, 0x11, 0x22, 0x02, 0x2c, 0xdf
    .byte 0x07, 0x00, 0x00, 0x2c, 0x01, 0x00, 0x00, 0x00, 0x20, 0x00, 0x00, 0x20, 0x00, 0x00, 0x15, 0x59
    .byte 0x15, 0x5a, 0x03, 0x00, 0x10, 0x00, 0x00, 0x00, 0x15, 0x1f, 0x18, 0x71, 0x17, 0x10, 0x15, 0x20
    .byte 0x18, 0x71, 0x17, 0x10, 0x15, 0x1e, 0x18, 0x71, 0x04, 0x10, 0x17, 0x00, 0x15, 0x45, 0x15, 0x8b
    .byte 0x18, 0x70, 0x32, 0x00, 0x00, 0x00, 0x00, 0x00, 0x13, 0xe2, 0x11, 0x22, 0x02, 0x01, 0xce, 0x11
    .byte 0x22, 0x02, 0x2c, 0xe0, 0x07, 0x00, 0x00, 0x2c, 0x01, 0x00, 0x00, 0x00, 0x20, 0x00, 0x00, 0x20
    .byte 0x00, 0x00, 0x15, 0x59, 0x15, 0x5a, 0x2c, 0x28, 0x00, 0x00, 0x00, 0x15, 0x07, 0x15, 0x08, 0x03
    .byte 0x00, 0x10, 0x00, 0x00, 0x00, 0x2c, 0x3c, 0x00, 0x00, 0x00, 0x2c, 0x07, 0x00, 0x00, 0x00, 0x15
    .byte 0x47, 0x18, 0x71, 0x17, 0x10, 0x2c, 0x3c, 0x00, 0x00, 0x00, 0x2c, 0x08, 0x00, 0x00, 0x00, 0x15
    .byte 0x47, 0x18, 0x71, 0x17, 0x10, 0x15, 0x1e, 0x18, 0x71, 0x04, 0x10, 0x17, 0x00, 0x15, 0x45, 0x15
    .byte 0x8b, 0x18, 0x70, 0x32, 0x00, 0x00, 0x00, 0x00, 0x00, 0x13, 0x43, 0x12, 0x22, 0x02, 0x01, 0x2f
    .byte 0x12, 0x22, 0x02, 0x2c, 0xde, 0x07, 0x00, 0x00, 0x2c, 0x01, 0x00, 0x00, 0x00, 0x20, 0x00, 0x00
    .byte 0x20, 0x00, 0x00, 0x15, 0x59, 0x15, 0x5a, 0x2c, 0x1e, 0x00, 0x00, 0x00, 0x15, 0x07, 0x15, 0x08
    .byte 0x2c, 0x3c, 0x00, 0x00, 0x00, 0x2c, 0xea, 0x12, 0x22, 0x02, 0x15, 0x39, 0x2c, 0x3c, 0x00, 0x00
    .byte 0x00, 0x15, 0x42, 0x18, 0x70, 0x32, 0x00, 0x00, 0x00, 0x00, 0x00, 0x14, 0x85, 0x12, 0x22, 0x02
    .byte 0x01, 0x6c, 0x12, 0x22, 0x02, 0x2c, 0x1e, 0x00, 0x00, 0x00, 0x15, 0x07, 0x15, 0x08, 0x03, 0x00
    .byte 0x10, 0x00, 0x00, 0x00, 0x15, 0x1f, 0x18, 0x71, 0x17, 0x10, 0x15, 0x20, 0x18, 0x71, 0x17, 0x10
    .byte 0x15, 0x1e, 0x18, 0x71, 0x04, 0x10, 0x17, 0x00, 0x15, 0x45, 0x15, 0x8b, 0x18, 0x70, 0x32, 0x00
    .byte 0x00, 0x00, 0x00, 0x00, 0x13, 0xbe, 0x12, 0x22, 0x02, 0x01, 0xaa, 0x12, 0x22, 0x02, 0x2c, 0xe2
    .byte 0x07, 0x00, 0x00, 0x2c, 0x01, 0x00, 0x00, 0x00, 0x20, 0x00, 0x00, 0x20, 0x00, 0x00, 0x15, 0x59
    .byte 0x15, 0x5a, 0x2c, 0x08, 0x00, 0x00, 0x00, 0x15, 0x05, 0x2c, 0x01, 0x00, 0x00, 0x00, 0x15, 0x06
    .byte 0x03, 0x00, 0x00, 0x00, 0x00, 0x00, 0x26, 0x00, 0xe1, 0x00, 0x03, 0x00, 0x10, 0x00, 0x00, 0x00
    .byte 0x2c, 0x3b, 0x00, 0x00, 0x00, 0x2c, 0x07, 0x00, 0x00, 0x00, 0x15, 0x47, 0x18, 0x71, 0x17, 0x10
    .byte 0x2c, 0x3b, 0x00, 0x00, 0x00, 0x2c, 0x08, 0x00, 0x00, 0x00, 0x15, 0x47, 0x18, 0x71, 0x17, 0x10
    .byte 0x15, 0x1e, 0x18, 0x71, 0x04, 0x10, 0x17, 0x00, 0x15, 0x45, 0x15, 0x8b, 0x18, 0x70, 0x32, 0x00
    .byte 0x00, 0x00, 0x00, 0x00, 0x13, 0x2e, 0x13, 0x22, 0x02, 0x01, 0x1a, 0x13, 0x22, 0x02, 0x2c, 0xe1
    .byte 0x07, 0x00, 0x00, 0x2c, 0x01, 0x00, 0x00, 0x00, 0x20, 0x00, 0x00, 0x20, 0x00, 0x00, 0x15, 0x59
    .byte 0x15, 0x5a, 0x03, 0x00, 0x08, 0x00, 0x00, 0x00, 0x15, 0x1f, 0x18, 0x71, 0x17, 0x10, 0x15, 0x20
    .byte 0x18, 0x71, 0x17, 0x10, 0x15, 0x1e, 0x18, 0x71, 0x04, 0x10, 0x17, 0x00, 0x15, 0x05, 0x2c, 0x01
    .byte 0x00, 0x00, 0x00, 0x15, 0x06, 0x00, 0x2c, 0x01, 0x00, 0x00, 0x00, 0x2c, 0x04, 0x14, 0x22, 0x02
    .byte 0x15, 0x29, 0x2c, 0x01, 0x00, 0x00, 0x00, 0x15, 0xd7, 0x03, 0x00, 0x08, 0x00, 0x00, 0x00, 0x15
    .byte 0x1f, 0x18, 0x71, 0x17, 0x10, 0x15, 0x20, 0x18, 0x71, 0x17, 0x10, 0x15, 0x1e, 0x18, 0x71, 0x04
    .byte 0x10, 0x17, 0x00, 0x15, 0x05, 0x2c, 0x01, 0x00, 0x00, 0x00, 0x15, 0x06, 0x15, 0x1f, 0x18, 0x70
    .byte 0x17, 0x00, 0x15, 0x20, 0x18, 0x70, 0x17, 0x00, 0x15, 0x1e, 0x18, 0x70, 0x28, 0x00, 0x00, 0x2b
    .byte 0x00, 0x01, 0x15, 0x1f, 0x18, 0x71, 0x17, 0x10, 0x15, 0x20, 0x18, 0x71, 0x17, 0x10, 0x15, 0x1e
    .byte 0x18, 0x71, 0x1f, 0x10, 0x14, 0xff, 0x13, 0x22, 0x02, 0x15, 0x1f, 0x18, 0x70, 0x17, 0x00, 0x15
    .byte 0x20, 0x18, 0x70, 0x17, 0x00, 0x15, 0x1e, 0x18, 0x70, 0x28, 0x00, 0x01, 0x03, 0x00, 0x08, 0x00
    .byte 0x00, 0x00, 0x15, 0x1f, 0x18, 0x71, 0x17, 0x10, 0x15, 0x20, 0x18, 0x71, 0x17, 0x10, 0x15, 0x1e
    .byte 0x18, 0x71, 0x04, 0x10, 0x17, 0x00, 0x15, 0x05, 0x2c, 0x01, 0x00, 0x00, 0x00, 0x15, 0x06, 0x01
    .byte 0x9c, 0x13, 0x22, 0x02, 0x2c, 0x1b, 0x00, 0x00, 0x00, 0x15, 0x31, 0x18, 0x70, 0x26, 0x00, 0x58
    .byte 0x20, 0x00, 0x00, 0x2c, 0x04, 0xf0, 0x21, 0x02, 0x15, 0x39, 0x20, 0x00, 0x00, 0x15, 0x42, 0x18
    .byte 0x70, 0x32, 0x00, 0x00, 0x00, 0x00, 0x00, 0x14, 0x31, 0x14, 0x22, 0x02, 0x01, 0x1a, 0x14, 0x22
    .byte 0x02, 0x03, 0x00, 0x10, 0x00, 0x00, 0x00, 0x15, 0x1f, 0x18, 0x71, 0x17, 0x10, 0x15, 0x20, 0x18
    .byte 0x71, 0x17, 0x10, 0x15, 0x1e, 0x18, 0x71, 0x04, 0x10, 0x17, 0x00, 0x15, 0x45, 0x20, 0x00, 0x00
    .byte 0x2c, 0xff, 0xff, 0xff, 0xff, 0x2c, 0xff, 0xff, 0xff, 0xff, 0x15, 0xdd, 0x18, 0x70, 0x14, 0xa9
    .byte 0x14, 0x22, 0x02, 0x2c, 0x03, 0x00, 0x00, 0x00, 0x2c, 0xff, 0xff, 0xff, 0xff, 0x2c, 0xff, 0xff
    .byte 0xff, 0xff, 0x15, 0xdd, 0x18, 0x70, 0x32, 0x00, 0x00, 0x00, 0x00, 0x00, 0x14, 0xa9, 0x14, 0x22
    .byte 0x02, 0x15, 0x8b, 0x18, 0x70, 0x32, 0x00, 0x00, 0x00, 0x00, 0x00, 0x13, 0x95, 0x14, 0x22, 0x02
    .byte 0x01, 0x81, 0x14, 0x22, 0x02, 0x2c, 0xf9, 0x07, 0x00, 0x00, 0x2c, 0x01, 0x00, 0x00, 0x00, 0x20
    .byte 0x00, 0x00, 0x20, 0x00, 0x00, 0x15, 0x59, 0x15, 0x5a, 0x03, 0x00, 0xec, 0xff, 0xff, 0xff, 0x26
    .byte 0x00, 0xe1, 0x15, 0x8b, 0x18, 0x70, 0x32, 0x00, 0x00, 0x00, 0x00, 0x00, 0x13, 0xc6, 0x14, 0x22
    .byte 0x02, 0x01, 0xb2, 0x14, 0x22, 0x02, 0x2c, 0xe6, 0x07, 0x00, 0x00, 0x2c, 0x01, 0x00, 0x00, 0x00
    .byte 0x20, 0x00, 0x00, 0x20, 0x00, 0x00, 0x20, 0x00, 0x00, 0x15, 0xe7, 0x2c, 0x01, 0x00, 0x00, 0x00
    .byte 0x15, 0x07, 0x15, 0x08, 0x03, 0x00, 0x00, 0x00, 0x00, 0x00, 0x26, 0x00, 0xe1, 0x2c, 0xea, 0x03
    .byte 0x00, 0x00, 0x15, 0x37, 0x18, 0x70, 0x13, 0x36, 0x15, 0x22, 0x02, 0x15, 0x8b, 0x18, 0x70, 0x32
    .byte 0x00, 0x00, 0x00, 0x00, 0x00, 0x13, 0x0f, 0x15, 0x22, 0x02, 0x01, 0xfb, 0x14, 0x22, 0x02, 0x2c
    .byte 0xe7, 0x07, 0x00, 0x00, 0x2c, 0x01, 0x00, 0x00, 0x00, 0x20, 0x00, 0x00, 0x20, 0x00, 0x00, 0x15
    .byte 0x59, 0x15, 0x5a, 0x2c, 0x1b, 0x00, 0x00, 0x00, 0x15, 0x31, 0x18, 0x70, 0x17, 0x00, 0x2c, 0x9c
    .byte 0x13, 0x22, 0x02, 0x15, 0x39, 0x00, 0x03, 0x00, 0x10, 0x00, 0x00, 0x00, 0x15, 0x1f, 0x18, 0x71
    .byte 0x17, 0x10, 0x15, 0x20, 0x18, 0x71, 0x17, 0x10, 0x15, 0x1e, 0x18, 0x71, 0x04, 0x10, 0x17, 0x00
    .byte 0x15, 0x45, 0x15, 0x8b, 0x18, 0x70, 0x32, 0x00, 0x00, 0x00, 0x00, 0x00, 0x13, 0x66, 0x15, 0x22
    .byte 0x02, 0x01, 0x52, 0x15, 0x22, 0x02, 0x2c, 0xe8, 0x07, 0x00, 0x00, 0x2c, 0x01, 0x00, 0x00, 0x00
    .byte 0x20, 0x00, 0x00, 0x20, 0x00, 0x00, 0x15, 0x59, 0x15, 0x5a, 0x2c, 0x1b, 0x00, 0x00, 0x00, 0x15
    .byte 0x31, 0x18, 0x70, 0x17, 0x00, 0x2c, 0x9c, 0x13, 0x22, 0x02, 0x15, 0x39, 0x00, 0x2c, 0x01, 0x00
    .byte 0x00, 0x00, 0x2c, 0x2b, 0x16, 0x22, 0x02, 0x15, 0x29, 0x2c, 0x01, 0x00, 0x00, 0x00, 0x15, 0xd7
    .byte 0x03, 0x00, 0x08, 0x00, 0x00, 0x00, 0x15, 0x1f, 0x18, 0x71, 0x17, 0x10, 0x15, 0x20, 0x18, 0x71
    .byte 0x17, 0x10, 0x15, 0x1e, 0x18, 0x71, 0x04, 0x10, 0x17, 0x00, 0x15, 0x05, 0x2c, 0x01, 0x00, 0x00
    .byte 0x00, 0x15, 0x06, 0x15, 0x1f, 0x18, 0x70, 0x17, 0x00, 0x15, 0x20, 0x18, 0x70, 0x17, 0x00, 0x15
    .byte 0x1e, 0x18, 0x70, 0x28, 0x00, 0x00, 0x2b, 0x00, 0x01, 0x15, 0x1f, 0x18, 0x71, 0x17, 0x10, 0x15
    .byte 0x20, 0x18, 0x71, 0x17, 0x10, 0x15, 0x1e, 0x18, 0x71, 0x1f, 0x10, 0x14, 0x26, 0x16, 0x22, 0x02
    .byte 0x15, 0x1f, 0x18, 0x70, 0x17, 0x00, 0x15, 0x20, 0x18, 0x70, 0x17, 0x00, 0x15, 0x1e, 0x18, 0x70
    .byte 0x28, 0x00, 0x01, 0x03, 0x00, 0x08, 0x00, 0x00, 0x00, 0x15, 0x1f, 0x18, 0x71, 0x17, 0x10, 0x15
    .byte 0x20, 0x18, 0x71, 0x17, 0x10, 0x15, 0x1e, 0x18, 0x71, 0x04, 0x10, 0x17, 0x00, 0x15, 0x05, 0x2c
    .byte 0x01, 0x00, 0x00, 0x00, 0x15, 0x06, 0x01, 0xc3, 0x15, 0x22, 0x02, 0x2c, 0x1b, 0x00, 0x00, 0x00
    .byte 0x15, 0x31, 0x18, 0x70, 0x26, 0x00, 0x58, 0x20, 0x00, 0x00, 0x2c, 0x04, 0xf0, 0x21, 0x02, 0x15
    .byte 0x39, 0x20, 0x00, 0x00, 0x15, 0x42, 0x18, 0x70, 0x32, 0x00, 0x00, 0x00, 0x00, 0x00, 0x14, 0x58
    .byte 0x16, 0x22, 0x02, 0x01, 0x41, 0x16, 0x22, 0x02, 0x03, 0x00, 0x10, 0x00, 0x00, 0x00, 0x15, 0x1f
    .byte 0x18, 0x71, 0x17, 0x10, 0x15, 0x20, 0x18, 0x71, 0x17, 0x10, 0x15, 0x1e, 0x18, 0x71, 0x04, 0x10
    .byte 0x17, 0x00, 0x15, 0x45, 0x20, 0x00, 0x00, 0x2c, 0xff, 0xff, 0xff, 0xff, 0x2c, 0xff, 0xff, 0xff
    .byte 0xff, 0x15, 0xdd, 0x18, 0x70, 0x14, 0xd0, 0x16, 0x22, 0x02, 0x2c, 0x03, 0x00, 0x00, 0x00, 0x2c
    .byte 0xff, 0xff, 0xff, 0xff, 0x2c, 0xff, 0xff, 0xff, 0xff, 0x15, 0xdd, 0x18, 0x70, 0x32, 0x00, 0x00
    .byte 0x00, 0x00, 0x00, 0x14, 0xd0, 0x16, 0x22, 0x02, 0x15, 0x8b, 0x18, 0x70, 0x32, 0x00, 0x00, 0x00
    .byte 0x00, 0x00, 0x13, 0xbc, 0x16, 0x22, 0x02, 0x01, 0xa8, 0x16, 0x22, 0x02, 0x2c, 0xfa, 0x07, 0x00
    .byte 0x00, 0x2c, 0x01, 0x00, 0x00, 0x00, 0x20, 0x00, 0x00, 0x20, 0x00, 0x00, 0x15, 0x59, 0x15, 0x5a
    .byte 0x03, 0x00, 0xec, 0xff, 0xff, 0xff, 0x26, 0x00, 0xe1, 0x15, 0x8b, 0x18, 0x70, 0x32, 0x00, 0x00
    .byte 0x00, 0x00, 0x00, 0x13, 0xed, 0x16, 0x22, 0x02, 0x01, 0xd9, 0x16, 0x22, 0x02, 0x2c, 0xe9, 0x07
    .byte 0x00, 0x00, 0x2c, 0x01, 0x00, 0x00, 0x00, 0x20, 0x00, 0x00, 0x20, 0x00, 0x00, 0x20, 0x00, 0x00
    .byte 0x15, 0xe7, 0x2c, 0x01, 0x00, 0x00, 0x00, 0x15, 0x07, 0x15, 0x08, 0x03, 0x00, 0x00, 0x00, 0x00
    .byte 0x00, 0x26, 0x00, 0xe1, 0x2c, 0xea, 0x03, 0x00, 0x00, 0x15, 0x37, 0x18, 0x70, 0x13, 0x5d, 0x17
    .byte 0x22, 0x02, 0x15, 0x8b, 0x18, 0x70, 0x32, 0x00, 0x00, 0x00, 0x00, 0x00, 0x13, 0x36, 0x17, 0x22
    .byte 0x02, 0x01, 0x22, 0x17, 0x22, 0x02, 0x2c, 0xea, 0x07, 0x00, 0x00, 0x2c, 0x01, 0x00, 0x00, 0x00
    .byte 0x20, 0x00, 0x00, 0x20, 0x00, 0x00, 0x15, 0x59, 0x15, 0x5a, 0x2c, 0x1b, 0x00, 0x00, 0x00, 0x15
    .byte 0x31, 0x18, 0x70, 0x17, 0x00, 0x2c, 0xc3, 0x15, 0x22, 0x02, 0x15, 0x39, 0x00, 0x03, 0x00, 0x10
    .byte 0x00, 0x00, 0x00, 0x15, 0x1f, 0x18, 0x71, 0x17, 0x10, 0x15, 0x20, 0x18, 0x71, 0x17, 0x10, 0x15
    .byte 0x1e, 0x18, 0x71, 0x04, 0x10, 0x17, 0x00, 0x15, 0x45, 0x15, 0x8b, 0x18, 0x70, 0x32, 0x00, 0x00
    .byte 0x00, 0x00, 0x00, 0x13, 0x8d, 0x17, 0x22, 0x02, 0x01, 0x79, 0x17, 0x22, 0x02, 0x2c, 0xeb, 0x07
    .byte 0x00, 0x00, 0x2c, 0x01, 0x00, 0x00, 0x00, 0x20, 0x00, 0x00, 0x20, 0x00, 0x00, 0x15, 0x59, 0x15
    .byte 0x5a, 0x2c, 0x1b, 0x00, 0x00, 0x00, 0x15, 0x31, 0x18, 0x70, 0x17, 0x00, 0x2c, 0xc3, 0x15, 0x22
    .byte 0x02, 0x15, 0x39, 0x00, 0x2c, 0x01, 0x00, 0x00, 0x00, 0x2c, 0x52, 0x18, 0x22, 0x02, 0x15, 0x29
    .byte 0x2c, 0x01, 0x00, 0x00, 0x00, 0x15, 0xd7, 0x03, 0x00, 0x08, 0x00, 0x00, 0x00, 0x15, 0x1f, 0x18
    .byte 0x71, 0x17, 0x10, 0x15, 0x20, 0x18, 0x71, 0x17, 0x10, 0x15, 0x1e, 0x18, 0x71, 0x04, 0x10, 0x17
    .byte 0x00, 0x15, 0x05, 0x2c, 0x01, 0x00, 0x00, 0x00, 0x15, 0x06, 0x15, 0x1f, 0x18, 0x70, 0x17, 0x00
    .byte 0x15, 0x20, 0x18, 0x70, 0x17, 0x00, 0x15, 0x1e, 0x18, 0x70, 0x28, 0x00, 0x00, 0x2b, 0x00, 0x01
    .byte 0x15, 0x1f, 0x18, 0x71, 0x17, 0x10, 0x15, 0x20, 0x18, 0x71, 0x17, 0x10, 0x15, 0x1e, 0x18, 0x71
    .byte 0x1f, 0x10, 0x14, 0x4d, 0x18, 0x22, 0x02, 0x15, 0x1f, 0x18, 0x70, 0x17, 0x00, 0x15, 0x20, 0x18
    .byte 0x70, 0x17, 0x00, 0x15, 0x1e, 0x18, 0x70, 0x28, 0x00, 0x01, 0x03, 0x00, 0x08, 0x00, 0x00, 0x00
    .byte 0x15, 0x1f, 0x18, 0x71, 0x17, 0x10, 0x15, 0x20, 0x18, 0x71, 0x17, 0x10, 0x15, 0x1e, 0x18, 0x71
    .byte 0x04, 0x10, 0x17, 0x00, 0x15, 0x05, 0x2c, 0x01, 0x00, 0x00, 0x00, 0x15, 0x06, 0x01, 0xea, 0x17
    .byte 0x22, 0x02, 0x2c, 0x1b, 0x00, 0x00, 0x00, 0x15, 0x31, 0x18, 0x70, 0x26, 0x00, 0x58, 0x20, 0x00
    .byte 0x00, 0x2c, 0x04, 0xf0, 0x21, 0x02, 0x15, 0x39, 0x20, 0x00, 0x00, 0x15, 0x42, 0x18, 0x70, 0x32
    .byte 0x00, 0x00, 0x00, 0x00, 0x00, 0x14, 0x7f, 0x18, 0x22, 0x02, 0x01, 0x68, 0x18, 0x22, 0x02, 0x03
    .byte 0x00, 0x10, 0x00, 0x00, 0x00, 0x15, 0x1f, 0x18, 0x71, 0x17, 0x10, 0x15, 0x20, 0x18, 0x71, 0x17
    .byte 0x10, 0x15, 0x1e, 0x18, 0x71, 0x04, 0x10, 0x17, 0x00, 0x15, 0x45, 0x20, 0x00, 0x00, 0x2c, 0xff
    .byte 0xff, 0xff, 0xff, 0x2c, 0xff, 0xff, 0xff, 0xff, 0x15, 0xdd, 0x18, 0x70, 0x14, 0xf7, 0x18, 0x22
    .byte 0x02, 0x2c, 0x03, 0x00, 0x00, 0x00, 0x2c, 0xff, 0xff, 0xff, 0xff, 0x2c, 0xff, 0xff, 0xff, 0xff
    .byte 0x15, 0xdd, 0x18, 0x70, 0x32, 0x00, 0x00, 0x00, 0x00, 0x00, 0x14, 0xf7, 0x18, 0x22, 0x02, 0x15
    .byte 0x8b, 0x18, 0x70, 0x32, 0x00, 0x00, 0x00, 0x00, 0x00, 0x13, 0xe3, 0x18, 0x22, 0x02, 0x01, 0xcf
    .byte 0x18, 0x22, 0x02, 0x2c, 0xfb, 0x07, 0x00, 0x00, 0x2c, 0x01, 0x00, 0x00, 0x00, 0x20, 0x00, 0x00
    .byte 0x20, 0x00, 0x00, 0x15, 0x59, 0x15, 0x5a, 0x03, 0x00, 0xec, 0xff, 0xff, 0xff, 0x26, 0x00, 0xe1
    .byte 0x15, 0x8b, 0x18, 0x70, 0x32, 0x00, 0x00, 0x00, 0x00, 0x00, 0x13, 0x14, 0x19, 0x22, 0x02, 0x01
    .byte 0x00, 0x19, 0x22, 0x02, 0x2c, 0xec, 0x07, 0x00, 0x00, 0x2c, 0x01, 0x00, 0x00, 0x00, 0x20, 0x00
    .byte 0x00, 0x20, 0x00, 0x00, 0x20, 0x00, 0x00, 0x15, 0xe7, 0x2c, 0x01, 0x00, 0x00, 0x00, 0x15, 0x07
    .byte 0x15, 0x08, 0x03, 0x00, 0x00, 0x00, 0x00, 0x00, 0x26, 0x00, 0xe1, 0x2c, 0xea, 0x03, 0x00, 0x00
    .byte 0x15, 0x37, 0x18, 0x70, 0x13, 0x84, 0x19, 0x22, 0x02, 0x15, 0x8b, 0x18, 0x70, 0x32, 0x00, 0x00
    .byte 0x00, 0x00, 0x00, 0x13, 0x5d, 0x19, 0x22, 0x02, 0x01, 0x49, 0x19, 0x22, 0x02, 0x2c, 0xed, 0x07
    .byte 0x00, 0x00, 0x2c, 0x01, 0x00, 0x00, 0x00, 0x20, 0x00, 0x00, 0x20, 0x00, 0x00, 0x15, 0x59, 0x15
    .byte 0x5a, 0x2c, 0x1b, 0x00, 0x00, 0x00, 0x15, 0x31, 0x18, 0x70, 0x17, 0x00, 0x2c, 0xea, 0x17, 0x22
    .byte 0x02, 0x15, 0x39, 0x00, 0x03, 0x00, 0x10, 0x00, 0x00, 0x00, 0x15, 0x1f, 0x18, 0x71, 0x17, 0x10
    .byte 0x15, 0x20, 0x18, 0x71, 0x17, 0x10, 0x15, 0x1e, 0x18, 0x71, 0x04, 0x10, 0x17, 0x00, 0x15, 0x45
    .byte 0x15, 0x8b, 0x18, 0x70, 0x32, 0x00, 0x00, 0x00, 0x00, 0x00, 0x13, 0xb4, 0x19, 0x22, 0x02, 0x01
    .byte 0xa0, 0x19, 0x22, 0x02, 0x2c, 0xee, 0x07, 0x00, 0x00, 0x2c, 0x01, 0x00, 0x00, 0x00, 0x20, 0x00
    .byte 0x00, 0x20, 0x00, 0x00, 0x15, 0x59, 0x15, 0x5a, 0x2c, 0x1b, 0x00, 0x00, 0x00, 0x15, 0x31, 0x18
    .byte 0x70, 0x17, 0x00, 0x2c, 0xea, 0x17, 0x22, 0x02, 0x15, 0x39, 0x00, 0x2c, 0x01, 0x00, 0x00, 0x00
    .byte 0x2c, 0x79, 0x1a, 0x22, 0x02, 0x15, 0x29, 0x2c, 0x01, 0x00, 0x00, 0x00, 0x15, 0xd7, 0x03, 0x00
    .byte 0x08, 0x00, 0x00, 0x00, 0x15, 0x1f, 0x18, 0x71, 0x17, 0x10, 0x15, 0x20, 0x18, 0x71, 0x17, 0x10
    .byte 0x15, 0x1e, 0x18, 0x71, 0x04, 0x10, 0x17, 0x00, 0x15, 0x05, 0x2c, 0x01, 0x00, 0x00, 0x00, 0x15
    .byte 0x06, 0x15, 0x1f, 0x18, 0x70, 0x17, 0x00, 0x15, 0x20, 0x18, 0x70, 0x17, 0x00, 0x15, 0x1e, 0x18
    .byte 0x70, 0x28, 0x00, 0x00, 0x2b, 0x00, 0x01, 0x15, 0x1f, 0x18, 0x71, 0x17, 0x10, 0x15, 0x20, 0x18
    .byte 0x71, 0x17, 0x10, 0x15, 0x1e, 0x18, 0x71, 0x1f, 0x10, 0x14, 0x74, 0x1a, 0x22, 0x02, 0x15, 0x1f
    .byte 0x18, 0x70, 0x17, 0x00, 0x15, 0x20, 0x18, 0x70, 0x17, 0x00, 0x15, 0x1e, 0x18, 0x70, 0x28, 0x00
    .byte 0x01, 0x03, 0x00, 0x08, 0x00, 0x00, 0x00, 0x15, 0x1f, 0x18, 0x71, 0x17, 0x10, 0x15, 0x20, 0x18
    .byte 0x71, 0x17, 0x10, 0x15, 0x1e, 0x18, 0x71, 0x04, 0x10, 0x17, 0x00, 0x15, 0x05, 0x2c, 0x01, 0x00
    .byte 0x00, 0x00, 0x15, 0x06, 0x01, 0x11, 0x1a, 0x22, 0x02, 0x2c, 0x1b, 0x00, 0x00, 0x00, 0x15, 0x31
    .byte 0x18, 0x70, 0x26, 0x00, 0x58, 0x20, 0x00, 0x00, 0x2c, 0x04, 0xf0, 0x21, 0x02, 0x15, 0x39, 0x20
    .byte 0x00, 0x00, 0x15, 0x42, 0x18, 0x70, 0x32, 0x00, 0x00, 0x00, 0x00, 0x00, 0x14, 0xa6, 0x1a, 0x22
    .byte 0x02, 0x01, 0x8f, 0x1a, 0x22, 0x02, 0x03, 0x00, 0x10, 0x00, 0x00, 0x00, 0x15, 0x1f, 0x18, 0x71
    .byte 0x17, 0x10, 0x15, 0x20, 0x18, 0x71, 0x17, 0x10, 0x15, 0x1e, 0x18, 0x71, 0x04, 0x10, 0x17, 0x00
    .byte 0x15, 0x45, 0x20, 0x00, 0x00, 0x2c, 0xff, 0xff, 0xff, 0xff, 0x2c, 0xff, 0xff, 0xff, 0xff, 0x15
    .byte 0xdd, 0x18, 0x70, 0x14, 0x1e, 0x1b, 0x22, 0x02, 0x2c, 0x03, 0x00, 0x00, 0x00, 0x2c, 0xff, 0xff
    .byte 0xff, 0xff, 0x2c, 0xff, 0xff, 0xff, 0xff, 0x15, 0xdd, 0x18, 0x70, 0x32, 0x00, 0x00, 0x00, 0x00
    .byte 0x00, 0x14, 0x1e, 0x1b, 0x22, 0x02, 0x15, 0x8b, 0x18, 0x70, 0x32, 0x00, 0x00, 0x00, 0x00, 0x00
    .byte 0x13, 0x0a, 0x1b, 0x22, 0x02, 0x01, 0xf6, 0x1a, 0x22, 0x02, 0x2c, 0xfc, 0x07, 0x00, 0x00, 0x2c
    .byte 0x01, 0x00, 0x00, 0x00, 0x20, 0x00, 0x00, 0x20, 0x00, 0x00, 0x15, 0x59, 0x15, 0x5a, 0x03, 0x00
    .byte 0xec, 0xff, 0xff, 0xff, 0x26, 0x00, 0xe1, 0x15, 0x8b, 0x18, 0x70, 0x32, 0x00, 0x00, 0x00, 0x00
    .byte 0x00, 0x13, 0x3b, 0x1b, 0x22, 0x02, 0x01, 0x27, 0x1b, 0x22, 0x02, 0x2c, 0xef, 0x07, 0x00, 0x00
    .byte 0x2c, 0x01, 0x00, 0x00, 0x00, 0x20, 0x00, 0x00, 0x20, 0x00, 0x00, 0x20, 0x00, 0x00, 0x15, 0xe7
    .byte 0x2c, 0x01, 0x00, 0x00, 0x00, 0x15, 0x07, 0x15, 0x08, 0x03, 0x00, 0x00, 0x00, 0x00, 0x00, 0x26
    .byte 0x00, 0xe1, 0x2c, 0xea, 0x03, 0x00, 0x00, 0x15, 0x37, 0x18, 0x70, 0x13, 0xab, 0x1b, 0x22, 0x02
    .byte 0x15, 0x8b, 0x18, 0x70, 0x32, 0x00, 0x00, 0x00, 0x00, 0x00, 0x13, 0x84, 0x1b, 0x22, 0x02, 0x01
    .byte 0x70, 0x1b, 0x22, 0x02, 0x2c, 0xf0, 0x07, 0x00, 0x00, 0x2c, 0x01, 0x00, 0x00, 0x00, 0x20, 0x00
    .byte 0x00, 0x20, 0x00, 0x00, 0x15, 0x59, 0x15, 0x5a, 0x2c, 0x1b, 0x00, 0x00, 0x00, 0x15, 0x31, 0x18
    .byte 0x70, 0x17, 0x00, 0x2c, 0x11, 0x1a, 0x22, 0x02, 0x15, 0x39, 0x00, 0x03, 0x00, 0x10, 0x00, 0x00
    .byte 0x00, 0x15, 0x1f, 0x18, 0x71, 0x17, 0x10, 0x15, 0x20, 0x18, 0x71, 0x17, 0x10, 0x15, 0x1e, 0x18
    .byte 0x71, 0x04, 0x10, 0x17, 0x00, 0x15, 0x45, 0x15, 0x8b, 0x18, 0x70, 0x32, 0x00, 0x00, 0x00, 0x00
    .byte 0x00, 0x13, 0xdb, 0x1b, 0x22, 0x02, 0x01, 0xc7, 0x1b, 0x22, 0x02, 0x2c, 0xf1, 0x07, 0x00, 0x00
    .byte 0x2c, 0x01, 0x00, 0x00, 0x00, 0x20, 0x00, 0x00, 0x20, 0x00, 0x00, 0x15, 0x59, 0x15, 0x5a, 0x2c
    .byte 0x1b, 0x00, 0x00, 0x00, 0x15, 0x31, 0x18, 0x70, 0x17, 0x00, 0x2c, 0x11, 0x1a, 0x22, 0x02, 0x15
    .byte 0x39, 0x00, 0x2c, 0x01, 0x00, 0x00, 0x00, 0x2c, 0xa0, 0x1c, 0x22, 0x02, 0x15, 0x29, 0x2c, 0x01
    .byte 0x00, 0x00, 0x00, 0x15, 0xd7, 0x03, 0x00, 0x08, 0x00, 0x00, 0x00, 0x15, 0x1f, 0x18, 0x71, 0x17
    .byte 0x10, 0x15, 0x20, 0x18, 0x71, 0x17, 0x10, 0x15, 0x1e, 0x18, 0x71, 0x04, 0x10, 0x17, 0x00, 0x15
    .byte 0x05, 0x2c, 0x01, 0x00, 0x00, 0x00, 0x15, 0x06, 0x15, 0x1f, 0x18, 0x70, 0x17, 0x00, 0x15, 0x20
    .byte 0x18, 0x70, 0x17, 0x00, 0x15, 0x1e, 0x18, 0x70, 0x28, 0x00, 0x00, 0x2b, 0x00, 0x01, 0x15, 0x1f
    .byte 0x18, 0x71, 0x17, 0x10, 0x15, 0x20, 0x18, 0x71, 0x17, 0x10, 0x15, 0x1e, 0x18, 0x71, 0x1f, 0x10
    .byte 0x14, 0x9b, 0x1c, 0x22, 0x02, 0x15, 0x1f, 0x18, 0x70, 0x17, 0x00, 0x15, 0x20, 0x18, 0x70, 0x17
    .byte 0x00, 0x15, 0x1e, 0x18, 0x70, 0x28, 0x00, 0x01, 0x03, 0x00, 0x08, 0x00, 0x00, 0x00, 0x15, 0x1f
    .byte 0x18, 0x71, 0x17, 0x10, 0x15, 0x20, 0x18, 0x71, 0x17, 0x10, 0x15, 0x1e, 0x18, 0x71, 0x04, 0x10
    .byte 0x17, 0x00, 0x15, 0x05, 0x2c, 0x01, 0x00, 0x00, 0x00, 0x15, 0x06, 0x01, 0x38, 0x1c, 0x22, 0x02
    .byte 0x2c, 0x1b, 0x00, 0x00, 0x00, 0x15, 0x31, 0x18, 0x70, 0x26, 0x00, 0x58, 0x20, 0x00, 0x00, 0x2c
    .byte 0x04, 0xf0, 0x21, 0x02, 0x15, 0x39, 0x20, 0x00, 0x00, 0x15, 0x42, 0x18, 0x70, 0x32, 0x00, 0x00
    .byte 0x00, 0x00, 0x00, 0x14, 0xcd, 0x1c, 0x22, 0x02, 0x01, 0xb6, 0x1c, 0x22, 0x02, 0x03, 0x00, 0x10
    .byte 0x00, 0x00, 0x00, 0x15, 0x1f, 0x18, 0x71, 0x17, 0x10, 0x15, 0x20, 0x18, 0x71, 0x17, 0x10, 0x15
    .byte 0x1e, 0x18, 0x71, 0x04, 0x10, 0x17, 0x00, 0x15, 0x45, 0x20, 0x00, 0x00, 0x2c, 0xff, 0xff, 0xff
    .byte 0xff, 0x2c, 0xff, 0xff, 0xff, 0xff, 0x15, 0xdd, 0x18, 0x70, 0x14, 0x45, 0x1d, 0x22, 0x02, 0x2c
    .byte 0x03, 0x00, 0x00, 0x00, 0x2c, 0xff, 0xff, 0xff, 0xff, 0x2c, 0xff, 0xff, 0xff, 0xff, 0x15, 0xdd
    .byte 0x18, 0x70, 0x32, 0x00, 0x00, 0x00, 0x00, 0x00, 0x14, 0x45, 0x1d, 0x22, 0x02, 0x15, 0x8b, 0x18
    .byte 0x70, 0x32, 0x00, 0x00, 0x00, 0x00, 0x00, 0x13, 0x31, 0x1d, 0x22, 0x02, 0x01, 0x1d, 0x1d, 0x22
    .byte 0x02, 0x2c, 0xfd, 0x07, 0x00, 0x00, 0x2c, 0x01, 0x00, 0x00, 0x00, 0x20, 0x00, 0x00, 0x20, 0x00
    .byte 0x00, 0x15, 0x59, 0x15, 0x5a, 0x03, 0x00, 0xec, 0xff, 0xff, 0xff, 0x26, 0x00, 0xe1, 0x15, 0x8b
    .byte 0x18, 0x70, 0x32, 0x00, 0x00, 0x00, 0x00, 0x00, 0x13, 0x62, 0x1d, 0x22, 0x02, 0x01, 0x4e, 0x1d
    .byte 0x22, 0x02, 0x2c, 0xf2, 0x07, 0x00, 0x00, 0x2c, 0x01, 0x00, 0x00, 0x00, 0x20, 0x00, 0x00, 0x20
    .byte 0x00, 0x00, 0x20, 0x00, 0x00, 0x15, 0xe7, 0x2c, 0x01, 0x00, 0x00, 0x00, 0x15, 0x07, 0x15, 0x08
    .byte 0x03, 0x00, 0x00, 0x00, 0x00, 0x00, 0x26, 0x00, 0xe1, 0x2c, 0xea, 0x03, 0x00, 0x00, 0x15, 0x37
    .byte 0x18, 0x70, 0x13, 0xd2, 0x1d, 0x22, 0x02, 0x15, 0x8b, 0x18, 0x70, 0x32, 0x00, 0x00, 0x00, 0x00
    .byte 0x00, 0x13, 0xab, 0x1d, 0x22, 0x02, 0x01, 0x97, 0x1d, 0x22, 0x02, 0x2c, 0xf3, 0x07, 0x00, 0x00
    .byte 0x2c, 0x01, 0x00, 0x00, 0x00, 0x20, 0x00, 0x00, 0x20, 0x00, 0x00, 0x15, 0x59, 0x15, 0x5a, 0x2c
    .byte 0x1b, 0x00, 0x00, 0x00, 0x15, 0x31, 0x18, 0x70, 0x17, 0x00, 0x2c, 0x38, 0x1c, 0x22, 0x02, 0x15
    .byte 0x39, 0x00, 0x03, 0x00, 0x10, 0x00, 0x00, 0x00, 0x15, 0x1f, 0x18, 0x71, 0x17, 0x10, 0x15, 0x20
    .byte 0x18, 0x71, 0x17, 0x10, 0x15, 0x1e, 0x18, 0x71, 0x04, 0x10, 0x17, 0x00, 0x15, 0x45, 0x15, 0x8b
    .byte 0x18, 0x70, 0x32, 0x00, 0x00, 0x00, 0x00, 0x00, 0x13, 0x02, 0x1e, 0x22, 0x02, 0x01, 0xee, 0x1d
    .byte 0x22, 0x02, 0x2c, 0xf4, 0x07, 0x00, 0x00, 0x2c, 0x01, 0x00, 0x00, 0x00, 0x20, 0x00, 0x00, 0x20
    .byte 0x00, 0x00, 0x15, 0x59, 0x15, 0x5a, 0x2c, 0x1b, 0x00, 0x00, 0x00, 0x15, 0x31, 0x18, 0x70, 0x17
    .byte 0x00, 0x2c, 0x38, 0x1c, 0x22, 0x02, 0x15, 0x39, 0x00, 0x00, 0x00, 0x00, 0x00, 0x00, 0x00, 0x00
    .byte 0x00, 0x00, 0x00, 0x00, 0x00, 0x00, 0x00, 0x00, 0x00, 0x00, 0x00, 0x00, 0x00, 0x00, 0x00, 0x00
