.text
; Matching fallback for the portable implementation in src/overlays/ov185/overlay185_recovery.c.
.extern data_ov185_0221d720
.extern data_ov185_0221d734
.extern data_ov185_0221f0e4
.extern data_ov185_02226b80
.extern data_ov185_02226b84
.extern func_02008f58
.extern ActorInteractionRuntime_Init
.extern func_0203abac
.extern func_0203b38c
.extern func_0203b3ac

.global func_ov185_0221d6c0
func_ov185_0221d6c0:
    stmdb sp!, {r3, lr}
    cmp r0, #0x0
    ldmneia sp!, {r3, pc}
    bl ActorInteractionRuntime_Init
    ldr r0, .L_0221d6fc
    ldr r2, .L_0221d700
    mov r1, #0x3
    bl func_0203b38c
    ldr r0, .L_0221d704
    bl func_0203abac
    ldr r0, .L_0221d708
    bl func_02008f58
    ldr r0, .L_0221d70c
    bl func_0203b3ac
    ldmia sp!, {r3, pc}
.L_0221d6fc: .word data_ov185_02226b84
.L_0221d700: .word data_ov185_0221d734
.L_0221d704: .word data_ov185_02226b80
.L_0221d708: .word data_ov185_0221d720
.L_0221d70c: .word data_ov185_0221f0e4
.size func_ov185_0221d6c0, . - func_ov185_0221d6c0

; Matching fallback for initialized records and BSS documented in
; src/overlays/ov185/overlay185_recovery.c.
; Absolute labels preserve fixed-address record and BSS references without alignment padding.
.global data_ov185_0221d720
.set data_ov185_0221d720, 0x0221d720
.global data_ov185_0221d734
.set data_ov185_0221d734, 0x0221d734
.global data_ov185_0221eb4f
.set data_ov185_0221eb4f, 0x0221eb4f
.global data_ov185_0221eb55
.set data_ov185_0221eb55, 0x0221eb55
.global data_ov185_0221ecf2
.set data_ov185_0221ecf2, 0x0221ecf2
.global data_ov185_0221ed35
.set data_ov185_0221ed35, 0x0221ed35
.global data_ov185_0221ed4c
.set data_ov185_0221ed4c, 0x0221ed4c
.global data_ov185_0221ed72
.set data_ov185_0221ed72, 0x0221ed72
.global data_ov185_0221edac
.set data_ov185_0221edac, 0x0221edac
.global data_ov185_0221eea0
.set data_ov185_0221eea0, 0x0221eea0
.global data_ov185_0221eeb4
.set data_ov185_0221eeb4, 0x0221eeb4
.global data_ov185_0221eeda
.set data_ov185_0221eeda, 0x0221eeda
.global data_ov185_0221ef5d
.set data_ov185_0221ef5d, 0x0221ef5d
.global data_ov185_0221ef5e
.set data_ov185_0221ef5e, 0x0221ef5e
.global data_ov185_0221ef9b
.set data_ov185_0221ef9b, 0x0221ef9b
.global data_ov185_0221f024
.set data_ov185_0221f024, 0x0221f024
.global data_ov185_0221f0e4
.set data_ov185_0221f0e4, 0x0221f0e4
.global data_ov185_0221f1d1
.set data_ov185_0221f1d1, 0x0221f1d1
.global data_ov185_0221f220
.set data_ov185_0221f220, 0x0221f220
.global data_ov185_0221f24d
.set data_ov185_0221f24d, 0x0221f24d
.global data_ov185_0221f273
.set data_ov185_0221f273, 0x0221f273
.global data_ov185_0221f2ac
.set data_ov185_0221f2ac, 0x0221f2ac
.global data_ov185_0221f2e5
.set data_ov185_0221f2e5, 0x0221f2e5
.global data_ov185_0221f365
.set data_ov185_0221f365, 0x0221f365
.global data_ov185_0221f398
.set data_ov185_0221f398, 0x0221f398
.global data_ov185_0221f52f
.set data_ov185_0221f52f, 0x0221f52f
.global data_ov185_0221f548
.set data_ov185_0221f548, 0x0221f548
.global data_ov185_0221fceb
.set data_ov185_0221fceb, 0x0221fceb
.global data_ov185_022208f3
.set data_ov185_022208f3, 0x022208f3
.global data_ov185_02220b3c
.set data_ov185_02220b3c, 0x02220b3c
.global data_ov185_02220b6d
.set data_ov185_02220b6d, 0x02220b6d
.global data_ov185_02220bf8
.set data_ov185_02220bf8, 0x02220bf8
.global data_ov185_02220d3a
.set data_ov185_02220d3a, 0x02220d3a
.global data_ov185_02220d90
.set data_ov185_02220d90, 0x02220d90
.global data_ov185_02220da3
.set data_ov185_02220da3, 0x02220da3
.global data_ov185_02220e48
.set data_ov185_02220e48, 0x02220e48
.global data_ov185_02220f5c
.set data_ov185_02220f5c, 0x02220f5c
.global data_ov185_02220fe8
.set data_ov185_02220fe8, 0x02220fe8
.global data_ov185_02221015
.set data_ov185_02221015, 0x02221015
.global data_ov185_02221138
.set data_ov185_02221138, 0x02221138
.global data_ov185_0222114a
.set data_ov185_0222114a, 0x0222114a
.global data_ov185_022211c4
.set data_ov185_022211c4, 0x022211c4
.global data_ov185_02221242
.set data_ov185_02221242, 0x02221242
.global data_ov185_02221248
.set data_ov185_02221248, 0x02221248
.global data_ov185_0222125a
.set data_ov185_0222125a, 0x0222125a
.global data_ov185_022212d4
.set data_ov185_022212d4, 0x022212d4
.global data_ov185_02221358
.set data_ov185_02221358, 0x02221358
.global data_ov185_0222136a
.set data_ov185_0222136a, 0x0222136a
.global data_ov185_022213e4
.set data_ov185_022213e4, 0x022213e4
.global data_ov185_02221468
.set data_ov185_02221468, 0x02221468
.global data_ov185_0222147a
.set data_ov185_0222147a, 0x0222147a
.global data_ov185_022214f4
.set data_ov185_022214f4, 0x022214f4
.global data_ov185_02221541
.set data_ov185_02221541, 0x02221541
.global data_ov185_02221555
.set data_ov185_02221555, 0x02221555
.global data_ov185_02221576
.set data_ov185_02221576, 0x02221576
.global data_ov185_02221684
.set data_ov185_02221684, 0x02221684
.global data_ov185_02221696
.set data_ov185_02221696, 0x02221696
.global data_ov185_02221710
.set data_ov185_02221710, 0x02221710
.global data_ov185_0222175d
.set data_ov185_0222175d, 0x0222175d
.global data_ov185_02221771
.set data_ov185_02221771, 0x02221771
.global data_ov185_02221792
.set data_ov185_02221792, 0x02221792
.global data_ov185_02221793
.set data_ov185_02221793, 0x02221793
.global data_ov185_022218e3
.set data_ov185_022218e3, 0x022218e3
.global data_ov185_0222190c
.set data_ov185_0222190c, 0x0222190c
.global data_ov185_02221a24
.set data_ov185_02221a24, 0x02221a24
.global data_ov185_02221a99
.set data_ov185_02221a99, 0x02221a99
.global data_ov185_02221c13
.set data_ov185_02221c13, 0x02221c13
.global data_ov185_02221c52
.set data_ov185_02221c52, 0x02221c52
.global data_ov185_02221c57
.set data_ov185_02221c57, 0x02221c57
.global data_ov185_02221c6c
.set data_ov185_02221c6c, 0x02221c6c
.global data_ov185_02221d49
.set data_ov185_02221d49, 0x02221d49
.global data_ov185_02221e03
.set data_ov185_02221e03, 0x02221e03
.global data_ov185_02221e2a
.set data_ov185_02221e2a, 0x02221e2a
.global data_ov185_02221e9a
.set data_ov185_02221e9a, 0x02221e9a
.global data_ov185_02221f04
.set data_ov185_02221f04, 0x02221f04
.global data_ov185_02221f76
.set data_ov185_02221f76, 0x02221f76
.global data_ov185_02222080
.set data_ov185_02222080, 0x02222080
.global data_ov185_0222209c
.set data_ov185_0222209c, 0x0222209c
.global data_ov185_0222210a
.set data_ov185_0222210a, 0x0222210a
.global data_ov185_022221ca
.set data_ov185_022221ca, 0x022221ca
.global data_ov185_02222244
.set data_ov185_02222244, 0x02222244
.global data_ov185_02222285
.set data_ov185_02222285, 0x02222285
.global data_ov185_02222299
.set data_ov185_02222299, 0x02222299
.global data_ov185_022222e5
.set data_ov185_022222e5, 0x022222e5
.global data_ov185_0222230b
.set data_ov185_0222230b, 0x0222230b
.global data_ov185_02222344
.set data_ov185_02222344, 0x02222344
.global data_ov185_022223a9
.set data_ov185_022223a9, 0x022223a9
.global data_ov185_02222421
.set data_ov185_02222421, 0x02222421
.global data_ov185_02222447
.set data_ov185_02222447, 0x02222447
.global data_ov185_02222480
.set data_ov185_02222480, 0x02222480
.global data_ov185_02222494
.set data_ov185_02222494, 0x02222494
.global data_ov185_022224a1
.set data_ov185_022224a1, 0x022224a1
.global data_ov185_022224f5
.set data_ov185_022224f5, 0x022224f5
.global data_ov185_02222577
.set data_ov185_02222577, 0x02222577
.global data_ov185_022225d3
.set data_ov185_022225d3, 0x022225d3
.global data_ov185_0222260d
.set data_ov185_0222260d, 0x0222260d
.global data_ov185_02222647
.set data_ov185_02222647, 0x02222647
.global data_ov185_022226fd
.set data_ov185_022226fd, 0x022226fd
.global data_ov185_0222273b
.set data_ov185_0222273b, 0x0222273b
.global data_ov185_022227e7
.set data_ov185_022227e7, 0x022227e7
.global data_ov185_02222825
.set data_ov185_02222825, 0x02222825
.global data_ov185_022228eb
.set data_ov185_022228eb, 0x022228eb
.global data_ov185_02222a0a
.set data_ov185_02222a0a, 0x02222a0a
.global data_ov185_02222ab3
.set data_ov185_02222ab3, 0x02222ab3
.global data_ov185_02222b6d
.set data_ov185_02222b6d, 0x02222b6d
.global data_ov185_02222bc9
.set data_ov185_02222bc9, 0x02222bc9
.global data_ov185_02222d68
.set data_ov185_02222d68, 0x02222d68
.global data_ov185_02222dd2
.set data_ov185_02222dd2, 0x02222dd2
.global data_ov185_02222e39
.set data_ov185_02222e39, 0x02222e39
.global data_ov185_02222e40
.set data_ov185_02222e40, 0x02222e40
.global data_ov185_02222e75
.set data_ov185_02222e75, 0x02222e75
.global data_ov185_02222f69
.set data_ov185_02222f69, 0x02222f69
.global data_ov185_02222fb2
.set data_ov185_02222fb2, 0x02222fb2
.global data_ov185_022230a7
.set data_ov185_022230a7, 0x022230a7
.global data_ov185_02223295
.set data_ov185_02223295, 0x02223295
.global data_ov185_022232a0
.set data_ov185_022232a0, 0x022232a0
.global data_ov185_02223349
.set data_ov185_02223349, 0x02223349
.global data_ov185_022233a5
.set data_ov185_022233a5, 0x022233a5
.global data_ov185_02223401
.set data_ov185_02223401, 0x02223401
.global data_ov185_0222345d
.set data_ov185_0222345d, 0x0222345d
.global data_ov185_022234b9
.set data_ov185_022234b9, 0x022234b9
.global data_ov185_022234f3
.set data_ov185_022234f3, 0x022234f3
.global data_ov185_02223589
.set data_ov185_02223589, 0x02223589
.global data_ov185_022235eb
.set data_ov185_022235eb, 0x022235eb
.global data_ov185_022237d5
.set data_ov185_022237d5, 0x022237d5
.global data_ov185_02223805
.set data_ov185_02223805, 0x02223805
.global data_ov185_02223871
.set data_ov185_02223871, 0x02223871
.global data_ov185_022238a1
.set data_ov185_022238a1, 0x022238a1
.global data_ov185_02223a6d
.set data_ov185_02223a6d, 0x02223a6d
.global data_ov185_02223a75
.set data_ov185_02223a75, 0x02223a75
.global data_ov185_02223a7c
.set data_ov185_02223a7c, 0x02223a7c
.global data_ov185_02223aa5
.set data_ov185_02223aa5, 0x02223aa5
.global data_ov185_02223adc
.set data_ov185_02223adc, 0x02223adc
.global data_ov185_02223b2c
.set data_ov185_02223b2c, 0x02223b2c
.global data_ov185_02223cb0
.set data_ov185_02223cb0, 0x02223cb0
.global data_ov185_02223cfd
.set data_ov185_02223cfd, 0x02223cfd
.global data_ov185_02223d71
.set data_ov185_02223d71, 0x02223d71
.global data_ov185_02223e6d
.set data_ov185_02223e6d, 0x02223e6d
.global data_ov185_02223f86
.set data_ov185_02223f86, 0x02223f86
.global data_ov185_022241ab
.set data_ov185_022241ab, 0x022241ab
.global data_ov185_022241b7
.set data_ov185_022241b7, 0x022241b7
.global data_ov185_022241f5
.set data_ov185_022241f5, 0x022241f5
.global data_ov185_02224204
.set data_ov185_02224204, 0x02224204
.global data_ov185_0222431e
.set data_ov185_0222431e, 0x0222431e
.global data_ov185_022244bb
.set data_ov185_022244bb, 0x022244bb
.global data_ov185_022244e3
.set data_ov185_022244e3, 0x022244e3
.global data_ov185_022244f3
.set data_ov185_022244f3, 0x022244f3
.global data_ov185_022245ca
.set data_ov185_022245ca, 0x022245ca
.global data_ov185_022245dd
.set data_ov185_022245dd, 0x022245dd
.global data_ov185_02224721
.set data_ov185_02224721, 0x02224721
.global data_ov185_02224735
.set data_ov185_02224735, 0x02224735
.global data_ov185_02224761
.set data_ov185_02224761, 0x02224761
.global data_ov185_022247ff
.set data_ov185_022247ff, 0x022247ff
.global data_ov185_0222485b
.set data_ov185_0222485b, 0x0222485b
.global data_ov185_022248ef
.set data_ov185_022248ef, 0x022248ef
.global data_ov185_02224957
.set data_ov185_02224957, 0x02224957
.global data_ov185_022249dd
.set data_ov185_022249dd, 0x022249dd
.global data_ov185_02224a23
.set data_ov185_02224a23, 0x02224a23
.global data_ov185_02224b61
.set data_ov185_02224b61, 0x02224b61
.global data_ov185_02224c3c
.set data_ov185_02224c3c, 0x02224c3c
.global data_ov185_02224c6a
.set data_ov185_02224c6a, 0x02224c6a
.global data_ov185_02224d88
.set data_ov185_02224d88, 0x02224d88
.global data_ov185_02224de0
.set data_ov185_02224de0, 0x02224de0
.global data_ov185_02224e7b
.set data_ov185_02224e7b, 0x02224e7b
.global data_ov185_02224ed7
.set data_ov185_02224ed7, 0x02224ed7
.global data_ov185_02224f11
.set data_ov185_02224f11, 0x02224f11
.global data_ov185_02224f4b
.set data_ov185_02224f4b, 0x02224f4b
.global data_ov185_02224fef
.set data_ov185_02224fef, 0x02224fef
.global data_ov185_022250bd
.set data_ov185_022250bd, 0x022250bd
.global data_ov185_0222519f
.set data_ov185_0222519f, 0x0222519f
.global data_ov185_022251dd
.set data_ov185_022251dd, 0x022251dd
.global data_ov185_02225235
.set data_ov185_02225235, 0x02225235
.global data_ov185_0222526d
.set data_ov185_0222526d, 0x0222526d
.global data_ov185_022252a7
.set data_ov185_022252a7, 0x022252a7
.global data_ov185_022253fb
.set data_ov185_022253fb, 0x022253fb
.global data_ov185_02225481
.set data_ov185_02225481, 0x02225481
.global data_ov185_022254bb
.set data_ov185_022254bb, 0x022254bb
.global data_ov185_022255a4
.set data_ov185_022255a4, 0x022255a4
.global data_ov185_022255b8
.set data_ov185_022255b8, 0x022255b8
.global data_ov185_022255f4
.set data_ov185_022255f4, 0x022255f4
.global data_ov185_0222561d
.set data_ov185_0222561d, 0x0222561d
.global data_ov185_022257dd
.set data_ov185_022257dd, 0x022257dd
.global data_ov185_02225976
.set data_ov185_02225976, 0x02225976
.global data_ov185_022259dd
.set data_ov185_022259dd, 0x022259dd
.global data_ov185_02225a44
.set data_ov185_02225a44, 0x02225a44
.global data_ov185_02225aab
.set data_ov185_02225aab, 0x02225aab
.global data_ov185_02225b12
.set data_ov185_02225b12, 0x02225b12
.global data_ov185_02225b79
.set data_ov185_02225b79, 0x02225b79
.global data_ov185_02225bfa
.set data_ov185_02225bfa, 0x02225bfa
.global data_ov185_02225c41
.set data_ov185_02225c41, 0x02225c41
.global data_ov185_02225c71
.set data_ov185_02225c71, 0x02225c71
.global data_ov185_02225d91
.set data_ov185_02225d91, 0x02225d91
.global data_ov185_022261d1
.set data_ov185_022261d1, 0x022261d1
.global data_ov185_02226367
.set data_ov185_02226367, 0x02226367
.global data_ov185_02226411
.set data_ov185_02226411, 0x02226411
.global data_ov185_0222653b
.set data_ov185_0222653b, 0x0222653b
.global data_ov185_0222657f
.set data_ov185_0222657f, 0x0222657f
.global data_ov185_022265a1
.set data_ov185_022265a1, 0x022265a1
.global data_ov185_02226b80
.set data_ov185_02226b80, 0x02226b80
.global data_ov185_02226b84
.set data_ov185_02226b84, 0x02226b84
    .section .data, 4, 1, 4
    .byte 0xff, 0xff, 0xff, 0xff, 0x00, 0x00, 0x00, 0x00, 0x00, 0x00, 0x00, 0x00, 0xff, 0xff, 0x00, 0x00
    .byte 0x00, 0x00, 0x00, 0x00, 0x03, 0x00, 0x18, 0x00, 0xd3, 0x21, 0x00, 0x00, 0xd4, 0x21, 0x00, 0x00
    .byte 0xd5, 0x21, 0x00, 0x00, 0x02, 0x00, 0x14, 0x14, 0x00, 0x00, 0x00, 0x00, 0x00, 0x00, 0xc0, 0xff
    .byte 0xc0, 0xff, 0x40, 0x00, 0x40, 0x00, 0x48, 0x03, 0x38, 0x02, 0x00, 0x00, 0x00, 0x00, 0x00, 0x00
    .byte 0xd1, 0xf1, 0x21, 0x02, 0x00, 0x00, 0x00, 0x00, 0x00, 0x00, 0x00, 0x00, 0x00, 0x00, 0x00, 0x00
    .byte 0xff, 0xff, 0x00, 0x00, 0x00, 0x00, 0x00, 0x00, 0x00, 0x00, 0x00, 0x00, 0xff, 0xff, 0xff, 0xff
    .byte 0xff, 0xff, 0xff, 0xff, 0x00, 0x00, 0x03, 0x00, 0xff, 0xff, 0xff, 0xff, 0x00, 0x00, 0x04, 0x00
    .byte 0xf4, 0xd8, 0x0c, 0x00, 0x00, 0x02, 0x00, 0x00, 0x03, 0x00, 0x00, 0x00, 0xaa, 0x16, 0x00, 0x00
    .byte 0xab, 0x16, 0x00, 0x00, 0xac, 0x16, 0x00, 0x00, 0x02, 0x05, 0x20, 0x18, 0x00, 0x00, 0x00, 0x00
    .byte 0x00, 0x00, 0xf0, 0xff, 0xe0, 0xff, 0x10, 0x00, 0x00, 0x00, 0x48, 0x03, 0x68, 0x00, 0x00, 0x00
    .byte 0x00, 0x00, 0x00, 0x00, 0x6c, 0x1c, 0x22, 0x02, 0x00, 0x00, 0x00, 0x00, 0x00, 0x00, 0x00, 0x00
    .byte 0x00, 0x00, 0x00, 0x00, 0xff, 0xff, 0x08, 0x00, 0x00, 0x00, 0x00, 0x00, 0x00, 0x00, 0x00, 0x00
    .byte 0xff, 0xff, 0xff, 0xff, 0xff, 0xff, 0xff, 0xff, 0x00, 0x00, 0x04, 0x00, 0xff, 0xff, 0xff, 0xff
    .byte 0x00, 0x00, 0x06, 0x00, 0xf0, 0xe0, 0x10, 0x00, 0x00, 0x00, 0x00, 0x00, 0x03, 0x00, 0x01, 0x00
    .byte 0x2f, 0x12, 0x00, 0x00, 0x30, 0x12, 0x00, 0x00, 0x31, 0x12, 0x00, 0x00, 0x02, 0x00, 0x0c, 0x08
    .byte 0x00, 0x00, 0x00, 0x00, 0x00, 0x00, 0xf0, 0xff, 0xcf, 0xff, 0x10, 0x00, 0x07, 0x00, 0x30, 0x01
    .byte 0x80, 0x00, 0x20, 0x00, 0x06, 0x00, 0x00, 0x00, 0xa1, 0x24, 0x22, 0x02, 0x00, 0x00, 0x00, 0x00
    .byte 0x00, 0x00, 0x00, 0x00, 0x00, 0x00, 0x00, 0x00, 0xff, 0xff, 0x00, 0x00, 0x00, 0x00, 0x00, 0x00
    .byte 0x00, 0x00, 0x00, 0x00, 0xff, 0xff, 0xff, 0xff, 0xff, 0xff, 0xff, 0xff, 0x00, 0x00, 0x05, 0x00
    .byte 0xff, 0xff, 0xff, 0xff, 0x00, 0x00, 0x00, 0x00, 0xf4, 0xd8, 0x0c, 0x00, 0x00, 0x00, 0x00, 0x00
    .byte 0x03, 0x00, 0x00, 0x00, 0x22, 0x12, 0x00, 0x00, 0x23, 0x12, 0x00, 0x00, 0x24, 0x12, 0x00, 0x00
    .byte 0x02, 0x00, 0x0c, 0x08, 0x00, 0x00, 0x00, 0x00, 0x00, 0x00, 0xf0, 0xff, 0xcf, 0xff, 0x10, 0x00
    .byte 0x07, 0x00, 0x00, 0xfe, 0x00, 0xfe, 0x00, 0x00, 0x00, 0x00, 0x00, 0x00, 0x94, 0x24, 0x22, 0x02
    .byte 0x00, 0x00, 0x00, 0x00, 0x00, 0x00, 0x00, 0x00, 0x00, 0x00, 0x00, 0x00, 0xff, 0xff, 0x00, 0x00
    .byte 0x00, 0x00, 0x00, 0x00, 0x00, 0x00, 0x00, 0x00, 0xff, 0xff, 0xff, 0xff, 0xff, 0xff, 0xff, 0xff
    .byte 0x00, 0x00, 0x06, 0x00, 0xff, 0xff, 0xff, 0xff, 0x00, 0x00, 0x1f, 0x00, 0xf4, 0xd8, 0x0c, 0x00
    .byte 0x00, 0x00, 0x00, 0x00, 0x03, 0x00, 0x00, 0x00, 0x22, 0x12, 0x00, 0x00, 0x23, 0x12, 0x00, 0x00
    .byte 0x24, 0x12, 0x00, 0x00, 0x02, 0x00, 0x0c, 0x08, 0x00, 0x00, 0x00, 0x00, 0x00, 0x00, 0xf0, 0xff
    .byte 0xcf, 0xff, 0x10, 0x00, 0x07, 0x00, 0x00, 0xfe, 0x00, 0xfe, 0x00, 0x00, 0x00, 0x00, 0x00, 0x00
    .byte 0x94, 0x24, 0x22, 0x02, 0x00, 0x00, 0x00, 0x00, 0x00, 0x00, 0x00, 0x00, 0x00, 0x00, 0x00, 0x00
    .byte 0xff, 0xff, 0x00, 0x00, 0x00, 0x00, 0x00, 0x00, 0x00, 0x00, 0x00, 0x00, 0xff, 0xff, 0xff, 0xff
    .byte 0xff, 0xff, 0xff, 0xff, 0x00, 0x00, 0x07, 0x00, 0xff, 0xff, 0xff, 0xff, 0x00, 0x00, 0x1f, 0x00
    .byte 0xf4, 0xd8, 0x0c, 0x00, 0x00, 0x00, 0x00, 0x00, 0x03, 0x00, 0x00, 0x00, 0x22, 0x12, 0x00, 0x00
    .byte 0x23, 0x12, 0x00, 0x00, 0x24, 0x12, 0x00, 0x00, 0x02, 0x00, 0x0c, 0x08, 0x00, 0x00, 0x00, 0x00
    .byte 0x00, 0x00, 0xf0, 0xff, 0xcf, 0xff, 0x10, 0x00, 0x07, 0x00, 0x00, 0xfe, 0x00, 0xfe, 0x00, 0x00
    .byte 0x00, 0x00, 0x00, 0x00, 0x94, 0x24, 0x22, 0x02, 0x00, 0x00, 0x00, 0x00, 0x00, 0x00, 0x00, 0x00
    .byte 0x00, 0x00, 0x00, 0x00, 0xff, 0xff, 0x00, 0x00, 0x00, 0x00, 0x00, 0x00, 0x00, 0x00, 0x00, 0x00
    .byte 0xff, 0xff, 0xff, 0xff, 0xff, 0xff, 0xff, 0xff, 0x00, 0x00, 0x08, 0x00, 0xff, 0xff, 0xff, 0xff
    .byte 0x00, 0x00, 0x1f, 0x00, 0xf4, 0xd8, 0x0c, 0x00, 0x00, 0x00, 0x00, 0x00, 0x03, 0x00, 0x00, 0x00
    .byte 0x22, 0x12, 0x00, 0x00, 0x23, 0x12, 0x00, 0x00, 0x24, 0x12, 0x00, 0x00, 0x02, 0x00, 0x0c, 0x08
    .byte 0x00, 0x00, 0x00, 0x00, 0x00, 0x00, 0xf0, 0xff, 0xcf, 0xff, 0x10, 0x00, 0x07, 0x00, 0x00, 0xfe
    .byte 0x00, 0xfe, 0x00, 0x00, 0x00, 0x00, 0x00, 0x00, 0x94, 0x24, 0x22, 0x02, 0x00, 0x00, 0x00, 0x00
    .byte 0x00, 0x00, 0x00, 0x00, 0x00, 0x00, 0x00, 0x00, 0xff, 0xff, 0x00, 0x00, 0x00, 0x00, 0x00, 0x00
    .byte 0x00, 0x00, 0x00, 0x00, 0xff, 0xff, 0xff, 0xff, 0xff, 0xff, 0xff, 0xff, 0x00, 0x00, 0x09, 0x00
    .byte 0xff, 0xff, 0xff, 0xff, 0x00, 0x00, 0x1f, 0x00, 0xf4, 0xd8, 0x0c, 0x00, 0x00, 0x00, 0x00, 0x00
    .byte 0x03, 0x00, 0x00, 0x00, 0x22, 0x12, 0x00, 0x00, 0x23, 0x12, 0x00, 0x00, 0x24, 0x12, 0x00, 0x00
    .byte 0x02, 0x00, 0x0c, 0x08, 0x00, 0x00, 0x00, 0x00, 0x00, 0x00, 0xf0, 0xff, 0xcf, 0xff, 0x10, 0x00
    .byte 0x07, 0x00, 0x00, 0xfe, 0x00, 0xfe, 0x00, 0x00, 0x00, 0x00, 0x00, 0x00, 0x94, 0x24, 0x22, 0x02
    .byte 0x00, 0x00, 0x00, 0x00, 0x00, 0x00, 0x00, 0x00, 0x00, 0x00, 0x00, 0x00, 0xff, 0xff, 0x00, 0x00
    .byte 0x00, 0x00, 0x00, 0x00, 0x00, 0x00, 0x00, 0x00, 0xff, 0xff, 0xff, 0xff, 0xff, 0xff, 0xff, 0xff
    .byte 0x00, 0x00, 0x0a, 0x00, 0xff, 0xff, 0xff, 0xff, 0x00, 0x00, 0x1f, 0x00, 0xf4, 0xd8, 0x0c, 0x00
    .byte 0x00, 0x00, 0x00, 0x00, 0x03, 0x00, 0x00, 0x00, 0x22, 0x12, 0x00, 0x00, 0x23, 0x12, 0x00, 0x00
    .byte 0x24, 0x12, 0x00, 0x00, 0x02, 0x00, 0x0c, 0x08, 0x00, 0x00, 0x00, 0x00, 0x00, 0x00, 0xf0, 0xff
    .byte 0xcf, 0xff, 0x10, 0x00, 0x07, 0x00, 0x00, 0xfe, 0x00, 0xfe, 0x00, 0x00, 0x00, 0x00, 0x00, 0x00
    .byte 0x94, 0x24, 0x22, 0x02, 0x00, 0x00, 0x00, 0x00, 0x00, 0x00, 0x00, 0x00, 0x00, 0x00, 0x00, 0x00
    .byte 0xff, 0xff, 0x00, 0x00, 0x00, 0x00, 0x00, 0x00, 0x00, 0x00, 0x00, 0x00, 0xff, 0xff, 0xff, 0xff
    .byte 0xff, 0xff, 0xff, 0xff, 0x00, 0x00, 0x0b, 0x00, 0xff, 0xff, 0xff, 0xff, 0x00, 0x00, 0x1f, 0x00
    .byte 0xf4, 0xd8, 0x0c, 0x00, 0x00, 0x00, 0x00, 0x00, 0x03, 0x00, 0x00, 0x00, 0x4b, 0x11, 0x00, 0x00
    .byte 0x4c, 0x11, 0x00, 0x00, 0x4d, 0x11, 0x00, 0x00, 0x02, 0x00, 0x20, 0x20, 0x00, 0x00, 0x00, 0x00
    .byte 0x00, 0x00, 0xf0, 0xff, 0xc4, 0xff, 0x10, 0x00, 0x00, 0x00, 0x00, 0xfe, 0x00, 0xfe, 0x00, 0x00
    .byte 0x00, 0x00, 0x00, 0x00, 0x04, 0x1f, 0x22, 0x02, 0x00, 0x00, 0x00, 0x00, 0x00, 0x00, 0x00, 0x00
    .byte 0x00, 0x00, 0x00, 0x00, 0xff, 0xff, 0x08, 0x00, 0x00, 0x00, 0x00, 0x00, 0x00, 0x00, 0x00, 0x00
    .byte 0xff, 0xff, 0xff, 0xff, 0xff, 0xff, 0xff, 0xff, 0x00, 0x00, 0x0c, 0x00, 0xff, 0xff, 0xff, 0xff
    .byte 0x00, 0x00, 0x04, 0x00, 0xf0, 0xc4, 0x10, 0x00, 0x00, 0x00, 0x00, 0x00, 0x03, 0x00, 0x01, 0x00
    .byte 0x4b, 0x11, 0x00, 0x00, 0x4c, 0x11, 0x00, 0x00, 0x4d, 0x11, 0x00, 0x00, 0x02, 0x00, 0x20, 0x20
    .byte 0x00, 0x00, 0x00, 0x00, 0x00, 0x00, 0xf0, 0xff, 0xc4, 0xff, 0x10, 0x00, 0x00, 0x00, 0x00, 0xfe
    .byte 0x00, 0xfe, 0x00, 0x00, 0x06, 0x00, 0x00, 0x00, 0x76, 0x1f, 0x22, 0x02, 0x00, 0x00, 0x00, 0x00
    .byte 0x00, 0x00, 0x00, 0x00, 0x00, 0x00, 0x00, 0x00, 0xff, 0xff, 0x08, 0x00, 0x00, 0x00, 0x00, 0x00
    .byte 0x00, 0x00, 0x00, 0x00, 0xff, 0xff, 0xff, 0xff, 0xff, 0xff, 0xff, 0xff, 0x00, 0x00, 0x0d, 0x00
    .byte 0xff, 0xff, 0xff, 0xff, 0x00, 0x00, 0x04, 0x00, 0xf0, 0xc4, 0x10, 0x00, 0x00, 0x00, 0x00, 0x00
    .byte 0x03, 0x00, 0x00, 0x00, 0x79, 0x16, 0x00, 0x00, 0x7a, 0x16, 0x00, 0x00, 0x7b, 0x16, 0x00, 0x00
    .byte 0x02, 0x00, 0x00, 0x00, 0x00, 0x00, 0x00, 0x00, 0x00, 0x00, 0xf0, 0xff, 0xcf, 0xff, 0x10, 0x00
    .byte 0x07, 0x00, 0x00, 0xfe, 0x00, 0xfe, 0x00, 0x00, 0x06, 0x00, 0x00, 0x00, 0x80, 0x20, 0x22, 0x02
    .byte 0x00, 0x00, 0x00, 0x00, 0x00, 0x00, 0x00, 0x00, 0x00, 0x00, 0x00, 0x00, 0xff, 0xff, 0x00, 0x00
    .byte 0x00, 0x00, 0x00, 0x00, 0x00, 0x00, 0x00, 0x00, 0xff, 0xff, 0xff, 0xff, 0xff, 0xff, 0xff, 0xff
    .byte 0x00, 0x00, 0x0e, 0x00, 0xff, 0xff, 0xff, 0xff, 0x00, 0x00, 0x00, 0x00, 0xf4, 0xd8, 0x0c, 0x00
    .byte 0x00, 0x00, 0x00, 0x00, 0x03, 0x00, 0x00, 0x00, 0x2d, 0x12, 0x00, 0x00, 0x28, 0x12, 0x00, 0x00
    .byte 0x2e, 0x12, 0x00, 0x00, 0x02, 0x00, 0x00, 0x00, 0x00, 0x00, 0x00, 0x00, 0x00, 0x00, 0xf0, 0xff
    .byte 0xcf, 0xff, 0x10, 0x00, 0x07, 0x00, 0x00, 0xfe, 0x00, 0xfe, 0x00, 0x00, 0x06, 0x00, 0x00, 0x00
    .byte 0xa4, 0x55, 0x22, 0x02, 0x00, 0x00, 0x00, 0x00, 0x00, 0x00, 0x00, 0x00, 0x00, 0x00, 0x00, 0x00
    .byte 0xff, 0xff, 0x00, 0x00, 0x00, 0x00, 0x00, 0x00, 0x00, 0x00, 0x00, 0x00, 0xff, 0xff, 0xff, 0xff
    .byte 0xff, 0xff, 0xff, 0xff, 0x00, 0x00, 0x0f, 0x00, 0xff, 0xff, 0xff, 0xff, 0x00, 0x00, 0x00, 0x00
    .byte 0xf4, 0xd8, 0x0c, 0x00, 0x00, 0x00, 0x00, 0x00, 0x03, 0x00, 0x00, 0x00, 0x2d, 0x12, 0x00, 0x00
    .byte 0x28, 0x12, 0x00, 0x00, 0x2e, 0x12, 0x00, 0x00, 0x02, 0x00, 0x00, 0x00, 0x00, 0x00, 0x00, 0x00
    .byte 0x00, 0x00, 0xf0, 0xff, 0xcf, 0xff, 0x10, 0x00, 0x07, 0x00, 0x00, 0xfe, 0x00, 0xfe, 0x00, 0x00
    .byte 0x06, 0x00, 0x00, 0x00, 0xa4, 0x55, 0x22, 0x02, 0x00, 0x00, 0x00, 0x00, 0x00, 0x00, 0x00, 0x00
    .byte 0x00, 0x00, 0x00, 0x00, 0xff, 0xff, 0x00, 0x00, 0x00, 0x00, 0x00, 0x00, 0x00, 0x00, 0x00, 0x00
    .byte 0xff, 0xff, 0xff, 0xff, 0xff, 0xff, 0xff, 0xff, 0x00, 0x00, 0x10, 0x00, 0xff, 0xff, 0xff, 0xff
    .byte 0x00, 0x00, 0x00, 0x00, 0xf4, 0xd8, 0x0c, 0x00, 0x00, 0x00, 0x00, 0x00, 0x03, 0x00, 0x00, 0x00
    .byte 0x2d, 0x12, 0x00, 0x00, 0x28, 0x12, 0x00, 0x00, 0x2e, 0x12, 0x00, 0x00, 0x02, 0x00, 0x00, 0x00
    .byte 0x00, 0x00, 0x00, 0x00, 0x00, 0x00, 0xf0, 0xff, 0xcf, 0xff, 0x10, 0x00, 0x07, 0x00, 0x00, 0xfe
    .byte 0x00, 0xfe, 0x00, 0x00, 0x06, 0x00, 0x00, 0x00, 0xa4, 0x55, 0x22, 0x02, 0x00, 0x00, 0x00, 0x00
    .byte 0x00, 0x00, 0x00, 0x00, 0x00, 0x00, 0x00, 0x00, 0xff, 0xff, 0x00, 0x00, 0x00, 0x00, 0x00, 0x00
    .byte 0x00, 0x00, 0x00, 0x00, 0xff, 0xff, 0xff, 0xff, 0xff, 0xff, 0xff, 0xff, 0x00, 0x00, 0x11, 0x00
    .byte 0xff, 0xff, 0xff, 0xff, 0x00, 0x00, 0x00, 0x00, 0xf4, 0xd8, 0x0c, 0x00, 0x00, 0x00, 0x00, 0x00
    .byte 0x03, 0x00, 0x00, 0x00, 0x2d, 0x12, 0x00, 0x00, 0x28, 0x12, 0x00, 0x00, 0x2e, 0x12, 0x00, 0x00
    .byte 0x02, 0x00, 0x00, 0x00, 0x00, 0x00, 0x00, 0x00, 0x00, 0x00, 0xf0, 0xff, 0xcf, 0xff, 0x10, 0x00
    .byte 0x07, 0x00, 0x00, 0xfe, 0x00, 0xfe, 0x00, 0x00, 0x06, 0x00, 0x00, 0x00, 0xa4, 0x55, 0x22, 0x02
    .byte 0x00, 0x00, 0x00, 0x00, 0x00, 0x00, 0x00, 0x00, 0x00, 0x00, 0x00, 0x00, 0xff, 0xff, 0x00, 0x00
    .byte 0x00, 0x00, 0x00, 0x00, 0x00, 0x00, 0x00, 0x00, 0xff, 0xff, 0xff, 0xff, 0xff, 0xff, 0xff, 0xff
    .byte 0x00, 0x00, 0x12, 0x00, 0xff, 0xff, 0xff, 0xff, 0x00, 0x00, 0x00, 0x00, 0xf4, 0xd8, 0x0c, 0x00
    .byte 0x00, 0x00, 0x00, 0x00, 0x03, 0x00, 0x00, 0x00, 0x2d, 0x12, 0x00, 0x00, 0x28, 0x12, 0x00, 0x00
    .byte 0x2e, 0x12, 0x00, 0x00, 0x02, 0x00, 0x00, 0x00, 0x00, 0x00, 0x00, 0x00, 0x00, 0x00, 0xf0, 0xff
    .byte 0xcf, 0xff, 0x10, 0x00, 0x07, 0x00, 0x00, 0xfe, 0x00, 0xfe, 0x00, 0x00, 0x06, 0x00, 0x00, 0x00
    .byte 0xa4, 0x55, 0x22, 0x02, 0x00, 0x00, 0x00, 0x00, 0x00, 0x00, 0x00, 0x00, 0x00, 0x00, 0x00, 0x00
    .byte 0xff, 0xff, 0x00, 0x00, 0x00, 0x00, 0x00, 0x00, 0x00, 0x00, 0x00, 0x00, 0xff, 0xff, 0xff, 0xff
    .byte 0xff, 0xff, 0xff, 0xff, 0x00, 0x00, 0x13, 0x00, 0xff, 0xff, 0xff, 0xff, 0x00, 0x00, 0x00, 0x00
    .byte 0xf4, 0xd8, 0x0c, 0x00, 0x00, 0x00, 0x00, 0x00, 0x03, 0x00, 0x00, 0x00, 0x2d, 0x12, 0x00, 0x00
    .byte 0x28, 0x12, 0x00, 0x00, 0x2e, 0x12, 0x00, 0x00, 0x02, 0x00, 0x00, 0x00, 0x00, 0x00, 0x00, 0x00
    .byte 0x00, 0x00, 0xf0, 0xff, 0xcf, 0xff, 0x10, 0x00, 0x07, 0x00, 0x00, 0xfe, 0x00, 0xfe, 0x00, 0x00
    .byte 0x06, 0x00, 0x00, 0x00, 0xa4, 0x55, 0x22, 0x02, 0x00, 0x00, 0x00, 0x00, 0x00, 0x00, 0x00, 0x00
    .byte 0x00, 0x00, 0x00, 0x00, 0xff, 0xff, 0x00, 0x00, 0x00, 0x00, 0x00, 0x00, 0x00, 0x00, 0x00, 0x00
    .byte 0xff, 0xff, 0xff, 0xff, 0xff, 0xff, 0xff, 0xff, 0x00, 0x00, 0x14, 0x00, 0xff, 0xff, 0xff, 0xff
    .byte 0x00, 0x00, 0x00, 0x00, 0xf4, 0xd8, 0x0c, 0x00, 0x00, 0x00, 0x00, 0x00, 0x03, 0x00, 0x01, 0x00
    .byte 0x01, 0x14, 0x00, 0x00, 0x02, 0x14, 0x00, 0x00, 0x03, 0x14, 0x00, 0x00, 0x02, 0x00, 0x00, 0x00
    .byte 0x00, 0x00, 0x00, 0x00, 0x00, 0x00, 0xf0, 0xff, 0xcf, 0xff, 0x10, 0x00, 0x07, 0x00, 0x00, 0xfe
    .byte 0x00, 0xfe, 0x00, 0x00, 0x06, 0x00, 0x00, 0x00, 0x9c, 0x20, 0x22, 0x02, 0x00, 0x00, 0x00, 0x00
    .byte 0x00, 0x00, 0x00, 0x00, 0x00, 0x00, 0x00, 0x00, 0xff, 0xff, 0x00, 0x00, 0x00, 0x00, 0x00, 0x00
    .byte 0x00, 0x00, 0x00, 0x00, 0xff, 0xff, 0xff, 0xff, 0xff, 0xff, 0xff, 0xff, 0x00, 0x00, 0x15, 0x00
    .byte 0xff, 0xff, 0xff, 0xff, 0x00, 0x00, 0x00, 0x00, 0xf4, 0xd8, 0x0c, 0x00, 0x00, 0x00, 0x00, 0x00
    .byte 0x03, 0x00, 0x00, 0x00, 0x4d, 0x16, 0x00, 0x00, 0x01, 0x10, 0x00, 0x00, 0x4e, 0x16, 0x00, 0x00
    .byte 0x02, 0x00, 0x00, 0x00, 0x00, 0x00, 0x00, 0x00, 0x00, 0x00, 0xf0, 0xff, 0xcf, 0xff, 0x10, 0x00
    .byte 0x07, 0x00, 0x00, 0xfe, 0x00, 0xfe, 0x00, 0x00, 0x00, 0x00, 0x00, 0x00, 0x1e, 0x43, 0x22, 0x02
    .byte 0x00, 0x00, 0x00, 0x00, 0x00, 0x00, 0x00, 0x00, 0x00, 0x00, 0x00, 0x00, 0xff, 0xff, 0x00, 0x00
    .byte 0x00, 0x00, 0x00, 0x00, 0x00, 0x00, 0x00, 0x00, 0xff, 0xff, 0xff, 0xff, 0xff, 0xff, 0xff, 0xff
    .byte 0x00, 0x00, 0x16, 0x00, 0xff, 0xff, 0xff, 0xff, 0x00, 0x00, 0x1f, 0x00, 0xf4, 0xd8, 0x0c, 0x00
    .byte 0x00, 0x00, 0x00, 0x00, 0x03, 0x00, 0x00, 0x00, 0x4d, 0x16, 0x00, 0x00, 0x01, 0x10, 0x00, 0x00
    .byte 0x4e, 0x16, 0x00, 0x00, 0x02, 0x00, 0x00, 0x00, 0x00, 0x00, 0x00, 0x00, 0x00, 0x00, 0xf0, 0xff
    .byte 0xcf, 0xff, 0x10, 0x00, 0x07, 0x00, 0x00, 0xfe, 0x00, 0xfe, 0x00, 0x00, 0x00, 0x00, 0x00, 0x00
    .byte 0xca, 0x45, 0x22, 0x02, 0x00, 0x00, 0x00, 0x00, 0x00, 0x00, 0x00, 0x00, 0x00, 0x00, 0x00, 0x00
    .byte 0xff, 0xff, 0x00, 0x00, 0x00, 0x00, 0x00, 0x00, 0x00, 0x00, 0x00, 0x00, 0xff, 0xff, 0xff, 0xff
    .byte 0xff, 0xff, 0xff, 0xff, 0x00, 0x00, 0x17, 0x00, 0xff, 0xff, 0xff, 0xff, 0x00, 0x00, 0x1f, 0x00
    .byte 0xf4, 0xd8, 0x0c, 0x00, 0x00, 0x00, 0x00, 0x00, 0x03, 0x00, 0x00, 0x00, 0x4d, 0x16, 0x00, 0x00
    .byte 0x01, 0x10, 0x00, 0x00, 0x4e, 0x16, 0x00, 0x00, 0x02, 0x00, 0x00, 0x00, 0x00, 0x00, 0x00, 0x00
    .byte 0x00, 0x00, 0xf0, 0xff, 0xcf, 0xff, 0x10, 0x00, 0x07, 0x00, 0x00, 0xfe, 0x00, 0xfe, 0x00, 0x00
    .byte 0x00, 0x00, 0x00, 0x00, 0xe3, 0x44, 0x22, 0x02, 0x00, 0x00, 0x00, 0x00, 0x00, 0x00, 0x00, 0x00
    .byte 0x00, 0x00, 0x00, 0x00, 0xff, 0xff, 0x00, 0x00, 0x00, 0x00, 0x00, 0x00, 0x00, 0x00, 0x00, 0x00
    .byte 0xff, 0xff, 0xff, 0xff, 0xff, 0xff, 0xff, 0xff, 0x00, 0x00, 0x18, 0x00, 0xff, 0xff, 0xff, 0xff
    .byte 0x00, 0x00, 0x1f, 0x00, 0xf4, 0xd8, 0x0c, 0x00, 0x00, 0x00, 0x00, 0x00, 0x03, 0x00, 0x00, 0x00
    .byte 0x9c, 0x31, 0x00, 0x00, 0x8c, 0x31, 0x00, 0x00, 0x9d, 0x31, 0x00, 0x00, 0x02, 0x00, 0x00, 0x00
    .byte 0x00, 0x00, 0x00, 0x00, 0x00, 0x00, 0xe0, 0xff, 0xd8, 0xff, 0x20, 0x00, 0x18, 0x00, 0x30, 0x01
    .byte 0x88, 0x00, 0x00, 0x00, 0x02, 0x00, 0x00, 0x00, 0x0a, 0x21, 0x22, 0x02, 0x00, 0x00, 0x00, 0x00
    .byte 0x00, 0x00, 0x00, 0x00, 0x00, 0x00, 0x00, 0x00, 0xff, 0xff, 0x24, 0x00, 0x00, 0x00, 0x00, 0x00
    .byte 0x00, 0x00, 0x00, 0x00, 0xff, 0xff, 0xff, 0xff, 0xff, 0xff, 0xff, 0xff, 0x00, 0x00, 0x19, 0x00
    .byte 0xff, 0xff, 0xff, 0xff, 0x00, 0x00, 0x1f, 0x00, 0xe0, 0xd8, 0x20, 0x18, 0x00, 0x00, 0x00, 0x00
    .byte 0x03, 0x00, 0x00, 0x00, 0x8e, 0x31, 0x00, 0x00, 0x8c, 0x31, 0x00, 0x00, 0x8f, 0x31, 0x00, 0x00
    .byte 0x02, 0x00, 0x00, 0x00, 0x00, 0x00, 0x00, 0x00, 0x00, 0x00, 0xe8, 0xff, 0xd0, 0xff, 0x18, 0x00
    .byte 0x08, 0x00, 0x80, 0x00, 0xc0, 0x00, 0x00, 0x00, 0x06, 0x00, 0x00, 0x00, 0x38, 0x11, 0x22, 0x02
    .byte 0x00, 0x00, 0x00, 0x00, 0x00, 0x00, 0x00, 0x00, 0x00, 0x00, 0x00, 0x00, 0xff, 0xff, 0x18, 0x00
    .byte 0x00, 0x00, 0x00, 0x00, 0x00, 0x00, 0x00, 0x00, 0xff, 0xff, 0xff, 0xff, 0xff, 0xff, 0xff, 0xff
    .byte 0x00, 0x00, 0x1a, 0x00, 0xff, 0xff, 0xff, 0xff, 0x00, 0x00, 0x1f, 0x00, 0xe8, 0xd0, 0x18, 0x08
    .byte 0x00, 0x00, 0x00, 0x00, 0x03, 0x00, 0x00, 0x00, 0x8e, 0x31, 0x00, 0x00, 0x8c, 0x31, 0x00, 0x00
    .byte 0x8f, 0x31, 0x00, 0x00, 0x02, 0x00, 0x00, 0x00, 0x00, 0x00, 0x00, 0x00, 0x00, 0x00, 0xe8, 0xff
    .byte 0xd0, 0xff, 0x18, 0x00, 0x08, 0x00, 0x80, 0x00, 0x20, 0x01, 0x00, 0x00, 0x06, 0x00, 0x00, 0x00
    .byte 0x48, 0x12, 0x22, 0x02, 0x00, 0x00, 0x00, 0x00, 0x00, 0x00, 0x00, 0x00, 0x00, 0x00, 0x00, 0x00
    .byte 0xff, 0xff, 0x18, 0x00, 0x00, 0x00, 0x00, 0x00, 0x00, 0x00, 0x00, 0x00, 0xff, 0xff, 0xff, 0xff
    .byte 0xff, 0xff, 0xff, 0xff, 0x00, 0x00, 0x1b, 0x00, 0xff, 0xff, 0xff, 0xff, 0x00, 0x00, 0x1f, 0x00
    .byte 0xe8, 0xd0, 0x18, 0x08, 0x00, 0x00, 0x00, 0x00, 0x03, 0x00, 0x00, 0x00, 0x8e, 0x31, 0x00, 0x00
    .byte 0x8c, 0x31, 0x00, 0x00, 0x8f, 0x31, 0x00, 0x00, 0x02, 0x00, 0x00, 0x00, 0x00, 0x00, 0x00, 0x00
    .byte 0x00, 0x00, 0xe8, 0xff, 0xd0, 0xff, 0x18, 0x00, 0x08, 0x00, 0x80, 0x00, 0x80, 0x01, 0x00, 0x00
    .byte 0x06, 0x00, 0x00, 0x00, 0x58, 0x13, 0x22, 0x02, 0x00, 0x00, 0x00, 0x00, 0x00, 0x00, 0x00, 0x00
    .byte 0x00, 0x00, 0x00, 0x00, 0xff, 0xff, 0x18, 0x00, 0x00, 0x00, 0x00, 0x00, 0x00, 0x00, 0x00, 0x00
    .byte 0xff, 0xff, 0xff, 0xff, 0xff, 0xff, 0xff, 0xff, 0x00, 0x00, 0x1c, 0x00, 0xff, 0xff, 0xff, 0xff
    .byte 0x00, 0x00, 0x1f, 0x00, 0xe8, 0xd0, 0x18, 0x08, 0x00, 0x00, 0x00, 0x00, 0x03, 0x00, 0x00, 0x00
    .byte 0x8e, 0x31, 0x00, 0x00, 0x8c, 0x31, 0x00, 0x00, 0x8f, 0x31, 0x00, 0x00, 0x02, 0x00, 0x00, 0x00
    .byte 0x00, 0x00, 0x00, 0x00, 0x00, 0x00, 0xe8, 0xff, 0xd0, 0xff, 0x18, 0x00, 0x08, 0x00, 0x20, 0x02
    .byte 0xc0, 0x00, 0x00, 0x00, 0x06, 0x00, 0x00, 0x00, 0x68, 0x14, 0x22, 0x02, 0x00, 0x00, 0x00, 0x00
    .byte 0x00, 0x00, 0x00, 0x00, 0x00, 0x00, 0x00, 0x00, 0xff, 0xff, 0x18, 0x00, 0x00, 0x00, 0x00, 0x00
    .byte 0x00, 0x00, 0x00, 0x00, 0xff, 0xff, 0xff, 0xff, 0xff, 0xff, 0xff, 0xff, 0x00, 0x00, 0x1d, 0x00
    .byte 0xff, 0xff, 0xff, 0xff, 0x00, 0x00, 0x1f, 0x00, 0xe8, 0xd0, 0x18, 0x08, 0x00, 0x00, 0x00, 0x00
    .byte 0x03, 0x00, 0x00, 0x00, 0x8e, 0x31, 0x00, 0x00, 0x8c, 0x31, 0x00, 0x00, 0x8f, 0x31, 0x00, 0x00
    .byte 0x02, 0x00, 0x00, 0x00, 0x00, 0x00, 0x00, 0x00, 0x00, 0x00, 0xe8, 0xff, 0xd0, 0xff, 0x18, 0x00
    .byte 0x08, 0x00, 0x20, 0x02, 0x20, 0x01, 0x00, 0x00, 0x06, 0x00, 0x00, 0x00, 0x76, 0x15, 0x22, 0x02
    .byte 0x00, 0x00, 0x00, 0x00, 0x00, 0x00, 0x00, 0x00, 0x00, 0x00, 0x00, 0x00, 0xff, 0xff, 0x18, 0x00
    .byte 0x00, 0x00, 0x00, 0x00, 0x00, 0x00, 0x00, 0x00, 0xff, 0xff, 0xff, 0xff, 0xff, 0xff, 0xff, 0xff
    .byte 0x00, 0x00, 0x1e, 0x00, 0xff, 0xff, 0xff, 0xff, 0x00, 0x00, 0x1f, 0x00, 0xe8, 0xd0, 0x18, 0x08
    .byte 0x00, 0x00, 0x00, 0x00, 0x03, 0x00, 0x00, 0x00, 0x8e, 0x31, 0x00, 0x00, 0x8c, 0x31, 0x00, 0x00
    .byte 0x8f, 0x31, 0x00, 0x00, 0x02, 0x00, 0x00, 0x00, 0x00, 0x00, 0x00, 0x00, 0x00, 0x00, 0xe8, 0xff
    .byte 0xd0, 0xff, 0x18, 0x00, 0x08, 0x00, 0x20, 0x02, 0x80, 0x01, 0x00, 0x00, 0x06, 0x00, 0x00, 0x00
    .byte 0x84, 0x16, 0x22, 0x02, 0x00, 0x00, 0x00, 0x00, 0x00, 0x00, 0x00, 0x00, 0x00, 0x00, 0x00, 0x00
    .byte 0xff, 0xff, 0x18, 0x00, 0x00, 0x00, 0x00, 0x00, 0x00, 0x00, 0x00, 0x00, 0xff, 0xff, 0xff, 0xff
    .byte 0xff, 0xff, 0xff, 0xff, 0x00, 0x00, 0x1f, 0x00, 0xff, 0xff, 0xff, 0xff, 0x00, 0x00, 0x1f, 0x00
    .byte 0xe8, 0xd0, 0x18, 0x08, 0x00, 0x00, 0x00, 0x00, 0x03, 0x00, 0x00, 0x00, 0xaa, 0x31, 0x00, 0x00
    .byte 0x94, 0x31, 0x00, 0x00, 0xab, 0x31, 0x00, 0x00, 0x02, 0x00, 0x00, 0x00, 0x00, 0x00, 0x00, 0x00
    .byte 0x00, 0x00, 0xe8, 0xff, 0xe8, 0xff, 0x18, 0x00, 0x08, 0x00, 0xf0, 0x01, 0x50, 0x01, 0x00, 0x00
    .byte 0x02, 0x00, 0x00, 0x00, 0x92, 0x17, 0x22, 0x02, 0x00, 0x00, 0x00, 0x00, 0x00, 0x00, 0x00, 0x00
    .byte 0x00, 0x00, 0x00, 0x00, 0xff, 0xff, 0x18, 0x00, 0x00, 0x00, 0x00, 0x00, 0x00, 0x00, 0x00, 0x00
    .byte 0xff, 0xff, 0xff, 0xff, 0xff, 0xff, 0xff, 0xff, 0x00, 0x00, 0x20, 0x00, 0xff, 0xff, 0xff, 0xff
    .byte 0x00, 0x00, 0x00, 0x00, 0xe8, 0xe8, 0x18, 0x08, 0x00, 0x00, 0x00, 0x00, 0x03, 0x00, 0x00, 0x00
    .byte 0x63, 0x00, 0x00, 0x00, 0x64, 0x00, 0x00, 0x00, 0x65, 0x00, 0x00, 0x00, 0x02, 0x00, 0x0c, 0x08
    .byte 0x00, 0x00, 0x00, 0x00, 0x00, 0x00, 0xfc, 0xff, 0xfc, 0xff, 0x04, 0x00, 0x04, 0x00, 0x00, 0xfe
    .byte 0x00, 0xfe, 0x00, 0x00, 0x1e, 0x80, 0x00, 0x00, 0x24, 0x1a, 0x22, 0x02, 0x00, 0x00, 0x00, 0x00
    .byte 0x00, 0x00, 0x00, 0x00, 0x00, 0x00, 0x00, 0x00, 0xff, 0xff, 0x00, 0x00, 0x00, 0x00, 0x00, 0x00
    .byte 0x00, 0x00, 0x00, 0x00, 0xff, 0xff, 0xff, 0xff, 0xff, 0xff, 0xff, 0xff, 0x00, 0x00, 0x21, 0x00
    .byte 0xff, 0xff, 0xff, 0xff, 0x00, 0x00, 0x00, 0x00, 0xf4, 0xd8, 0x0c, 0x00, 0x00, 0x00, 0x00, 0x00
    .byte 0x03, 0x00, 0x00, 0x00, 0x63, 0x00, 0x00, 0x00, 0x64, 0x00, 0x00, 0x00, 0x65, 0x00, 0x00, 0x00
    .byte 0x02, 0x00, 0x0c, 0x08, 0x00, 0x00, 0x00, 0x00, 0x00, 0x00, 0xfc, 0xff, 0xfc, 0xff, 0x04, 0x00
    .byte 0x04, 0x00, 0x00, 0xfe, 0x00, 0xfe, 0x00, 0x00, 0x1e, 0x80, 0x00, 0x00, 0x24, 0x1a, 0x22, 0x02
    .byte 0x00, 0x00, 0x00, 0x00, 0x00, 0x00, 0x00, 0x00, 0x00, 0x00, 0x00, 0x00, 0xff, 0xff, 0x00, 0x00
    .byte 0x00, 0x00, 0x00, 0x00, 0x00, 0x00, 0x00, 0x00, 0xff, 0xff, 0xff, 0xff, 0xff, 0xff, 0xff, 0xff
    .byte 0x00, 0x00, 0x22, 0x00, 0xff, 0xff, 0xff, 0xff, 0x00, 0x00, 0x00, 0x00, 0xf4, 0xd8, 0x0c, 0x00
    .byte 0x00, 0x00, 0x00, 0x00, 0x03, 0x00, 0x00, 0x00, 0x63, 0x00, 0x00, 0x00, 0x64, 0x00, 0x00, 0x00
    .byte 0x65, 0x00, 0x00, 0x00, 0x02, 0x00, 0x0c, 0x08, 0x00, 0x00, 0x00, 0x00, 0x00, 0x00, 0xfc, 0xff
    .byte 0xfc, 0xff, 0x04, 0x00, 0x04, 0x00, 0x00, 0xfe, 0x00, 0xfe, 0x00, 0x00, 0x1e, 0x80, 0x00, 0x00
    .byte 0x24, 0x1a, 0x22, 0x02, 0x00, 0x00, 0x00, 0x00, 0x00, 0x00, 0x00, 0x00, 0x00, 0x00, 0x00, 0x00
    .byte 0xff, 0xff, 0x00, 0x00, 0x00, 0x00, 0x00, 0x00, 0x00, 0x00, 0x00, 0x00, 0xff, 0xff, 0xff, 0xff
    .byte 0xff, 0xff, 0xff, 0xff, 0x00, 0x00, 0x23, 0x00, 0xff, 0xff, 0xff, 0xff, 0x00, 0x00, 0x00, 0x00
    .byte 0xf4, 0xd8, 0x0c, 0x00, 0x00, 0x00, 0x00, 0x00, 0x03, 0x00, 0x00, 0x00, 0x63, 0x00, 0x00, 0x00
    .byte 0x64, 0x00, 0x00, 0x00, 0x65, 0x00, 0x00, 0x00, 0x02, 0x00, 0x0c, 0x08, 0x00, 0x00, 0x00, 0x00
    .byte 0x00, 0x00, 0xfc, 0xff, 0xfc, 0xff, 0x04, 0x00, 0x04, 0x00, 0x00, 0xfe, 0x00, 0xfe, 0x00, 0x00
    .byte 0x1e, 0x80, 0x00, 0x00, 0x24, 0x1a, 0x22, 0x02, 0x00, 0x00, 0x00, 0x00, 0x00, 0x00, 0x00, 0x00
    .byte 0x00, 0x00, 0x00, 0x00, 0xff, 0xff, 0x00, 0x00, 0x00, 0x00, 0x00, 0x00, 0x00, 0x00, 0x00, 0x00
    .byte 0xff, 0xff, 0xff, 0xff, 0xff, 0xff, 0xff, 0xff, 0x00, 0x00, 0x24, 0x00, 0xff, 0xff, 0xff, 0xff
    .byte 0x00, 0x00, 0x00, 0x00, 0xf4, 0xd8, 0x0c, 0x00, 0x00, 0x00, 0x00, 0x00, 0x03, 0x00, 0x00, 0x00
    .byte 0x63, 0x00, 0x00, 0x00, 0x64, 0x00, 0x00, 0x00, 0x65, 0x00, 0x00, 0x00, 0x02, 0x00, 0x0c, 0x08
    .byte 0x00, 0x00, 0x00, 0x00, 0x00, 0x00, 0xfc, 0xff, 0xfc, 0xff, 0x04, 0x00, 0x04, 0x00, 0x00, 0xfe
    .byte 0x00, 0xfe, 0x00, 0x00, 0x1e, 0x80, 0x00, 0x00, 0x24, 0x1a, 0x22, 0x02, 0x00, 0x00, 0x00, 0x00
    .byte 0x00, 0x00, 0x00, 0x00, 0x00, 0x00, 0x00, 0x00, 0xff, 0xff, 0x00, 0x00, 0x00, 0x00, 0x00, 0x00
    .byte 0x00, 0x00, 0x00, 0x00, 0xff, 0xff, 0xff, 0xff, 0xff, 0xff, 0xff, 0xff, 0x00, 0x00, 0x25, 0x00
    .byte 0xff, 0xff, 0xff, 0xff, 0x00, 0x00, 0x00, 0x00, 0xf4, 0xd8, 0x0c, 0x00, 0x00, 0x00, 0x00, 0x00
    .byte 0x03, 0x00, 0x00, 0x00, 0x63, 0x00, 0x00, 0x00, 0x64, 0x00, 0x00, 0x00, 0x65, 0x00, 0x00, 0x00
    .byte 0x02, 0x00, 0x0c, 0x08, 0x00, 0x00, 0x00, 0x00, 0x00, 0x00, 0xfc, 0xff, 0xfc, 0xff, 0x04, 0x00
    .byte 0x04, 0x00, 0x00, 0xfe, 0x00, 0xfe, 0x00, 0x00, 0x1e, 0x80, 0x00, 0x00, 0x24, 0x1a, 0x22, 0x02
    .byte 0x00, 0x00, 0x00, 0x00, 0x00, 0x00, 0x00, 0x00, 0x00, 0x00, 0x00, 0x00, 0xff, 0xff, 0x00, 0x00
    .byte 0x00, 0x00, 0x00, 0x00, 0x00, 0x00, 0x00, 0x00, 0xff, 0xff, 0xff, 0xff, 0xff, 0xff, 0xff, 0xff
    .byte 0x00, 0x00, 0x26, 0x00, 0xff, 0xff, 0xff, 0xff, 0x00, 0x00, 0x00, 0x00, 0xf4, 0xd8, 0x0c, 0x00
    .byte 0x00, 0x00, 0x00, 0x00, 0x02, 0x00, 0x3f, 0x00, 0x00, 0x10, 0x00, 0x00, 0x01, 0x10, 0x00, 0x00
    .byte 0x02, 0x10, 0x00, 0x00, 0x01, 0x00, 0x1c, 0x0c, 0x00, 0x00, 0x00, 0x00, 0x00, 0x00, 0xf0, 0xff
    .byte 0xcf, 0xff, 0x10, 0x00, 0x07, 0x00, 0xf0, 0x00, 0x08, 0x02, 0x00, 0x00, 0x08, 0x80, 0x01, 0x00
    .byte 0x00, 0x00, 0x00, 0x00, 0x00, 0x13, 0x00, 0x00, 0x00, 0x00, 0x00, 0x00, 0x00, 0x00, 0x00, 0x00
    .byte 0x01, 0x00, 0x00, 0x00, 0x00, 0x00, 0x00, 0x00, 0x00, 0x00, 0x00, 0x00, 0xff, 0xff, 0xff, 0xff
    .byte 0xca, 0x00, 0xff, 0xff, 0x01, 0x00, 0xff, 0xff, 0xff, 0xff, 0xff, 0xff, 0x00, 0x00, 0x04, 0x00
    .byte 0xf4, 0xd8, 0x0c, 0x00, 0x00, 0x00, 0x00, 0x00, 0x02, 0x00, 0x3f, 0x00, 0x00, 0x10, 0x00, 0x00
    .byte 0x01, 0x10, 0x00, 0x00, 0x02, 0x10, 0x00, 0x00, 0x01, 0x00, 0x1c, 0x0c, 0x00, 0x00, 0x00, 0x00
    .byte 0x00, 0x00, 0xf0, 0xff, 0xcf, 0xff, 0x10, 0x00, 0x07, 0x00, 0xf0, 0x00, 0x08, 0x02, 0x00, 0x00
    .byte 0x08, 0x80, 0x01, 0x00, 0x00, 0x00, 0x00, 0x00, 0x00, 0x13, 0x00, 0x00, 0x00, 0x00, 0x00, 0x00
    .byte 0x00, 0x00, 0x00, 0x00, 0x01, 0x00, 0x00, 0x00, 0x00, 0x00, 0x00, 0x00, 0x00, 0x00, 0x00, 0x00
    .byte 0xff, 0xff, 0xff, 0xff, 0xca, 0x00, 0xff, 0xff, 0x01, 0x00, 0xff, 0xff, 0xff, 0xff, 0xff, 0xff
    .byte 0x00, 0x00, 0x04, 0x00, 0xf4, 0xd8, 0x0c, 0x00, 0x00, 0x00, 0x00, 0x00, 0x02, 0x00, 0x3f, 0x00
    .byte 0x00, 0x10, 0x00, 0x00, 0x01, 0x10, 0x00, 0x00, 0x02, 0x10, 0x00, 0x00, 0x01, 0x00, 0x1c, 0x0c
    .byte 0x00, 0x00, 0x00, 0x00, 0x00, 0x00, 0xf0, 0xff, 0xcf, 0xff, 0x10, 0x00, 0x07, 0x00, 0xf0, 0x00
    .byte 0x08, 0x02, 0x00, 0x00, 0x08, 0x80, 0x01, 0x00, 0x00, 0x00, 0x00, 0x00, 0x00, 0x13, 0x00, 0x00
    .byte 0x00, 0x00, 0x00, 0x00, 0x00, 0x00, 0x00, 0x00, 0x01, 0x00, 0x00, 0x00, 0x00, 0x00, 0x00, 0x00
    .byte 0x00, 0x00, 0x00, 0x00, 0xff, 0xff, 0xff, 0xff, 0xca, 0x00, 0xff, 0xff, 0x01, 0x00, 0xff, 0xff
    .byte 0xff, 0xff, 0xff, 0xff, 0x00, 0x00, 0x04, 0x00, 0xf4, 0xd8, 0x0c, 0x00, 0x00, 0x00, 0x00, 0x00
    .byte 0x02, 0x00, 0x3f, 0x00, 0x00, 0x10, 0x00, 0x00, 0x01, 0x10, 0x00, 0x00, 0x02, 0x10, 0x00, 0x00
    .byte 0x01, 0x00, 0x1c, 0x0c, 0x00, 0x00, 0x00, 0x00, 0x00, 0x00, 0xf0, 0xff, 0xcf, 0xff, 0x10, 0x00
    .byte 0x07, 0x00, 0xf0, 0x00, 0x08, 0x02, 0x00, 0x00, 0x08, 0x80, 0x01, 0x00, 0x00, 0x00, 0x00, 0x00
    .byte 0x00, 0x13, 0x00, 0x00, 0x00, 0x00, 0x00, 0x00, 0x00, 0x00, 0x00, 0x00, 0x01, 0x00, 0x00, 0x00
    .byte 0x00, 0x00, 0x00, 0x00, 0x00, 0x00, 0x00, 0x00, 0xff, 0xff, 0xff, 0xff, 0xca, 0x00, 0xff, 0xff
    .byte 0x01, 0x00, 0xff, 0xff, 0xff, 0xff, 0xff, 0xff, 0x00, 0x00, 0x04, 0x00, 0xf4, 0xd8, 0x0c, 0x00
    .byte 0x00, 0x00, 0x00, 0x00, 0x02, 0x00, 0x3f, 0x00, 0x00, 0x10, 0x00, 0x00, 0x01, 0x10, 0x00, 0x00
    .byte 0x02, 0x10, 0x00, 0x00, 0x01, 0x00, 0x1c, 0x0c, 0x00, 0x00, 0x00, 0x00, 0x00, 0x00, 0xf0, 0xff
    .byte 0xcf, 0xff, 0x10, 0x00, 0x07, 0x00, 0xf0, 0x00, 0x08, 0x02, 0x00, 0x00, 0x08, 0x80, 0x01, 0x00
    .byte 0x00, 0x00, 0x00, 0x00, 0x00, 0x13, 0x00, 0x00, 0x00, 0x00, 0x00, 0x00, 0x00, 0x00, 0x00, 0x00
    .byte 0x01, 0x00, 0x00, 0x00, 0x00, 0x00, 0x00, 0x00, 0x00, 0x00, 0x00, 0x00, 0xff, 0xff, 0xff, 0xff
    .byte 0xca, 0x00, 0xff, 0xff, 0x01, 0x00, 0xff, 0xff, 0xff, 0xff, 0xff, 0xff, 0x00, 0x00, 0x04, 0x00
    .byte 0xf4, 0xd8, 0x0c, 0x00, 0x00, 0x00, 0x00, 0x00, 0x02, 0x00, 0x3f, 0x00, 0x00, 0x10, 0x00, 0x00
    .byte 0x01, 0x10, 0x00, 0x00, 0x02, 0x10, 0x00, 0x00, 0x01, 0x00, 0x1c, 0x0c, 0x00, 0x00, 0x00, 0x00
    .byte 0x00, 0x00, 0xf0, 0xff, 0xcf, 0xff, 0x10, 0x00, 0x07, 0x00, 0xf0, 0x00, 0x08, 0x02, 0x00, 0x00
    .byte 0x08, 0x80, 0x01, 0x00, 0x00, 0x00, 0x00, 0x00, 0x00, 0x13, 0x00, 0x00, 0x00, 0x00, 0x00, 0x00
    .byte 0x00, 0x00, 0x00, 0x00, 0x01, 0x00, 0x00, 0x00, 0x00, 0x00, 0x00, 0x00, 0x00, 0x00, 0x00, 0x00
    .byte 0xff, 0xff, 0xff, 0xff, 0xca, 0x00, 0xff, 0xff, 0x01, 0x00, 0xff, 0xff, 0xff, 0xff, 0xff, 0xff
    .byte 0x00, 0x00, 0x04, 0x00, 0xf4, 0xd8, 0x0c, 0x00, 0x00, 0x00, 0x00, 0x00, 0x02, 0x00, 0x43, 0x00
    .byte 0x00, 0x10, 0x00, 0x00, 0x01, 0x10, 0x00, 0x00, 0x02, 0x10, 0x00, 0x00, 0x01, 0x00, 0x1c, 0x0c
    .byte 0x00, 0x00, 0x00, 0x00, 0x00, 0x00, 0xf0, 0xff, 0xcf, 0xff, 0x10, 0x00, 0x07, 0x00, 0xf0, 0x00
    .byte 0x08, 0x02, 0x00, 0x00, 0x08, 0x80, 0x01, 0x00, 0x00, 0x00, 0x00, 0x00, 0x00, 0x13, 0x00, 0x00
    .byte 0x00, 0x00, 0x00, 0x00, 0x00, 0x00, 0x00, 0x00, 0x01, 0x00, 0x00, 0x00, 0x00, 0x00, 0x00, 0x00
    .byte 0x00, 0x00, 0x00, 0x00, 0xff, 0xff, 0xff, 0xff, 0xca, 0x00, 0xff, 0xff, 0xff, 0xff, 0xff, 0xff
    .byte 0xff, 0xff, 0xff, 0xff, 0x00, 0x00, 0x04, 0x00, 0xf4, 0xd8, 0x0c, 0x00, 0x00, 0x00, 0x00, 0x00
    .byte 0x02, 0x00, 0x43, 0x00, 0x00, 0x10, 0x00, 0x00, 0x01, 0x10, 0x00, 0x00, 0x02, 0x10, 0x00, 0x00
    .byte 0x01, 0x00, 0x1c, 0x0c, 0x00, 0x00, 0x00, 0x00, 0x00, 0x00, 0xf0, 0xff, 0xcf, 0xff, 0x10, 0x00
    .byte 0x07, 0x00, 0xf0, 0x00, 0x08, 0x02, 0x00, 0x00, 0x08, 0x80, 0x01, 0x00, 0x00, 0x00, 0x00, 0x00
    .byte 0x00, 0x13, 0x00, 0x00, 0x00, 0x00, 0x00, 0x00, 0x00, 0x00, 0x00, 0x00, 0x01, 0x00, 0x00, 0x00
    .byte 0x00, 0x00, 0x00, 0x00, 0x00, 0x00, 0x00, 0x00, 0xff, 0xff, 0xff, 0xff, 0xca, 0x00, 0xff, 0xff
    .byte 0xff, 0xff, 0xff, 0xff, 0xff, 0xff, 0xff, 0xff, 0x00, 0x00, 0x04, 0x00, 0xf4, 0xd8, 0x0c, 0x00
    .byte 0x00, 0x00, 0x00, 0x00, 0x02, 0x00, 0x43, 0x00, 0x00, 0x10, 0x00, 0x00, 0x01, 0x10, 0x00, 0x00
    .byte 0x02, 0x10, 0x00, 0x00, 0x01, 0x00, 0x1c, 0x0c, 0x00, 0x00, 0x00, 0x00, 0x00, 0x00, 0xf0, 0xff
    .byte 0xcf, 0xff, 0x10, 0x00, 0x07, 0x00, 0xf0, 0x00, 0x08, 0x02, 0x00, 0x00, 0x08, 0x80, 0x01, 0x00
    .byte 0x00, 0x00, 0x00, 0x00, 0x00, 0x13, 0x00, 0x00, 0x00, 0x00, 0x00, 0x00, 0x00, 0x00, 0x00, 0x00
    .byte 0x01, 0x00, 0x00, 0x00, 0x00, 0x00, 0x00, 0x00, 0x00, 0x00, 0x00, 0x00, 0xff, 0xff, 0xff, 0xff
    .byte 0xca, 0x00, 0xff, 0xff, 0xff, 0xff, 0xff, 0xff, 0xff, 0xff, 0xff, 0xff, 0x00, 0x00, 0x04, 0x00
    .byte 0xf4, 0xd8, 0x0c, 0x00, 0x00, 0x00, 0x00, 0x00, 0x02, 0x00, 0x43, 0x00, 0x00, 0x10, 0x00, 0x00
    .byte 0x01, 0x10, 0x00, 0x00, 0x02, 0x10, 0x00, 0x00, 0x01, 0x00, 0x1c, 0x0c, 0x00, 0x00, 0x00, 0x00
    .byte 0x00, 0x00, 0xf0, 0xff, 0xcf, 0xff, 0x10, 0x00, 0x07, 0x00, 0xf0, 0x00, 0x08, 0x02, 0x00, 0x00
    .byte 0x08, 0x80, 0x01, 0x00, 0x00, 0x00, 0x00, 0x00, 0x00, 0x13, 0x00, 0x00, 0x00, 0x00, 0x00, 0x00
    .byte 0x00, 0x00, 0x00, 0x00, 0x01, 0x00, 0x00, 0x00, 0x00, 0x00, 0x00, 0x00, 0x00, 0x00, 0x00, 0x00
    .byte 0xff, 0xff, 0xff, 0xff, 0xca, 0x00, 0xff, 0xff, 0xff, 0xff, 0xff, 0xff, 0xff, 0xff, 0xff, 0xff
    .byte 0x00, 0x00, 0x04, 0x00, 0xf4, 0xd8, 0x0c, 0x00, 0x00, 0x00, 0x00, 0x00, 0x02, 0x00, 0x43, 0x00
    .byte 0x00, 0x10, 0x00, 0x00, 0x01, 0x10, 0x00, 0x00, 0x02, 0x10, 0x00, 0x00, 0x01, 0x00, 0x1c, 0x0c
    .byte 0x00, 0x00, 0x00, 0x00, 0x00, 0x00, 0xf0, 0xff, 0xcf, 0xff, 0x10, 0x00, 0x07, 0x00, 0xf0, 0x00
    .byte 0x08, 0x02, 0x00, 0x00, 0x08, 0x80, 0x01, 0x00, 0x00, 0x00, 0x00, 0x00, 0x00, 0x13, 0x00, 0x00
    .byte 0x00, 0x00, 0x00, 0x00, 0x00, 0x00, 0x00, 0x00, 0x01, 0x00, 0x00, 0x00, 0x00, 0x00, 0x00, 0x00
    .byte 0x00, 0x00, 0x00, 0x00, 0xff, 0xff, 0xff, 0xff, 0xca, 0x00, 0xff, 0xff, 0xff, 0xff, 0xff, 0xff
    .byte 0xff, 0xff, 0xff, 0xff, 0x00, 0x00, 0x04, 0x00, 0xf4, 0xd8, 0x0c, 0x00, 0x00, 0x00, 0x00, 0x00
    .byte 0x02, 0x00, 0x43, 0x00, 0x00, 0x10, 0x00, 0x00, 0x01, 0x10, 0x00, 0x00, 0x02, 0x10, 0x00, 0x00
    .byte 0x01, 0x00, 0x1c, 0x0c, 0x00, 0x00, 0x00, 0x00, 0x00, 0x00, 0xf0, 0xff, 0xcf, 0xff, 0x10, 0x00
    .byte 0x07, 0x00, 0xf0, 0x00, 0x08, 0x02, 0x00, 0x00, 0x08, 0x80, 0x01, 0x00, 0x00, 0x00, 0x00, 0x00
    .byte 0x00, 0x13, 0x00, 0x00, 0x00, 0x00, 0x00, 0x00, 0x00, 0x00, 0x00, 0x00, 0x01, 0x00, 0x00, 0x00
    .byte 0x00, 0x00, 0x00, 0x00, 0x00, 0x00, 0x00, 0x00, 0xff, 0xff, 0xff, 0xff, 0xca, 0x00, 0xff, 0xff
    .byte 0xff, 0xff, 0xff, 0xff, 0xff, 0xff, 0xff, 0xff, 0x00, 0x00, 0x04, 0x00, 0xf4, 0xd8, 0x0c, 0x00
    .byte 0x00, 0x00, 0x00, 0x00, 0x03, 0x00, 0x00, 0x00, 0x00, 0x10, 0x00, 0x00, 0x01, 0x10, 0x00, 0x00
    .byte 0x02, 0x10, 0x00, 0x00, 0x02, 0x00, 0x0c, 0x08, 0x00, 0x00, 0x00, 0x00, 0x00, 0x00, 0xf0, 0xff
    .byte 0xcf, 0xff, 0x10, 0x00, 0x07, 0x00, 0x00, 0xfe, 0x00, 0xfe, 0x00, 0x00, 0x00, 0x80, 0x00, 0x10
    .byte 0xe3, 0x18, 0x22, 0x02, 0x00, 0x00, 0x00, 0x00, 0x00, 0x00, 0x00, 0x00, 0x00, 0x00, 0x00, 0x00
    .byte 0xff, 0xff, 0x00, 0x00, 0x00, 0x00, 0x00, 0x00, 0x00, 0x00, 0x00, 0x00, 0xff, 0xff, 0xff, 0xff
    .byte 0xff, 0xff, 0xff, 0xff, 0x00, 0x00, 0x33, 0x00, 0xff, 0xff, 0xff, 0xff, 0x00, 0x00, 0x00, 0x00
    .byte 0xf4, 0xd8, 0x0c, 0x00, 0x00, 0x00, 0x00, 0x00, 0x00, 0x00, 0x00, 0x00, 0x00, 0x00, 0x00, 0x00
    .byte 0x00, 0x00, 0x00, 0x00, 0x00, 0x00, 0x00, 0x00, 0x00, 0x00, 0x00, 0x00, 0x00, 0x00, 0x00, 0x00
    .byte 0x00, 0x00, 0x00, 0x00, 0x00, 0x00, 0x00, 0x00, 0x00, 0x00, 0x00, 0x00, 0x00, 0x00, 0x00, 0x00
    .byte 0x00, 0x00, 0x00, 0x00, 0x00, 0x00, 0x00, 0x00, 0x00, 0x00, 0x00, 0x00, 0x00, 0x00, 0x00, 0x00
    .byte 0x00, 0x00, 0x00, 0x00, 0x00, 0x00, 0x00, 0x00, 0x00, 0x00, 0x00, 0x00, 0x00, 0x00, 0x00, 0x00
    .byte 0x00, 0x00, 0x00, 0x00, 0x00, 0x00, 0x00, 0x00, 0x00, 0x00, 0x00, 0x00, 0x00, 0x00, 0x00, 0x00
    .byte 0x00, 0x00, 0x00, 0x00, 0x00, 0x00, 0x00, 0x00, 0x00, 0x00, 0x00, 0x00, 0x2c, 0x62, 0x10, 0x00
    .byte 0x00, 0x2c, 0x01, 0x10, 0x00, 0x00, 0x2c, 0x63, 0x10, 0x00, 0x00, 0x2c, 0x02, 0x00, 0x00, 0x00
    .byte 0x2c, 0x10, 0x00, 0x00, 0x00, 0x15, 0x73, 0x20, 0x00, 0x00, 0x15, 0x55, 0x20, 0x00, 0x00, 0x2c
    .byte 0x61, 0x00, 0x00, 0x00, 0x15, 0xe0, 0x2c, 0x3c, 0x00, 0x00, 0x00, 0x15, 0x07, 0x15, 0x08, 0x00
    .byte 0x15, 0x28, 0x2c, 0x00, 0x10, 0x00, 0x00, 0x2c, 0x01, 0x10, 0x00, 0x00, 0x2c, 0x02, 0x10, 0x00
    .byte 0x00, 0x2c, 0x02, 0x00, 0x00, 0x00, 0x20, 0x00, 0x00, 0x15, 0x73, 0x2c, 0x01, 0x00, 0x00, 0x00
    .byte 0x15, 0x25, 0x2c, 0x12, 0x00, 0x00, 0x00, 0x20, 0x00, 0x00, 0x15, 0x32, 0x2d, 0x58, 0x2c, 0x07
    .byte 0x00, 0x00, 0x00, 0x15, 0x47, 0x18, 0x70, 0x17, 0x00, 0x2d, 0x58, 0x2c, 0x08, 0x00, 0x00, 0x00
    .byte 0x15, 0x47, 0x18, 0x70, 0x17, 0x00, 0x15, 0x1e, 0x18, 0x70, 0x17, 0x00, 0x15, 0x75, 0x20, 0x00
    .byte 0x00, 0x15, 0x06, 0x00, 0x15, 0xa2, 0x00, 0x2c, 0x01, 0x00, 0x00, 0x00, 0x15, 0x09, 0x00, 0x20
    .byte 0x00, 0x00, 0x15, 0x09, 0x00, 0x15, 0x0d, 0x00, 0x00, 0x20, 0x00, 0x00, 0x15, 0x17, 0x00, 0x2c
    .byte 0x01, 0x00, 0x00, 0x00, 0x15, 0x25, 0x00, 0x20, 0x00, 0x00, 0x15, 0x25, 0x00, 0x20, 0x00, 0x00
    .byte 0x20, 0x00, 0x00, 0x20, 0x00, 0x00, 0x15, 0x02, 0x20, 0x00, 0x00, 0x15, 0x3d, 0x20, 0x00, 0x00
    .byte 0x15, 0x09, 0x00, 0x20, 0x00, 0x00, 0x15, 0x18, 0x20, 0x00, 0x00, 0x15, 0x19, 0x20, 0x00, 0x00
    .byte 0x15, 0x09, 0x00, 0x2c, 0x0c, 0xfe, 0xff, 0xff, 0x2c, 0x0c, 0xfe, 0xff, 0xff, 0x20, 0x00, 0x00
    .byte 0x15, 0x02, 0x20, 0x00, 0x00, 0x15, 0x09, 0x00, 0x15, 0x2c, 0x00, 0x20, 0x00, 0x00, 0x15, 0x17
    .byte 0x2c, 0x00, 0x10, 0x00, 0x00, 0x2c, 0x01, 0x10, 0x00, 0x00, 0x2c, 0x02, 0x10, 0x00, 0x00, 0x2c
    .byte 0x02, 0x00, 0x00, 0x00, 0x20, 0x00, 0x00, 0x15, 0x73, 0x2c, 0x01, 0x00, 0x00, 0x00, 0x15, 0x09
    .byte 0x20, 0x00, 0x00, 0x15, 0x75, 0x00, 0x2c, 0x06, 0x00, 0x00, 0x00, 0x20, 0x00, 0x00, 0x20, 0x00
    .byte 0x00, 0x20, 0x00, 0x00, 0x15, 0xcd, 0x00, 0x22, 0x2c, 0x15, 0x00, 0x00, 0x00, 0x2c, 0x9e, 0x00
    .byte 0x00, 0x00, 0x2c, 0x7f, 0x00, 0x00, 0x00, 0x15, 0x0a, 0x2c, 0x03, 0x10, 0x00, 0x00, 0x2c, 0x01
    .byte 0x10, 0x00, 0x00, 0x2c, 0x04, 0x10, 0x00, 0x00, 0x2c, 0x02, 0x00, 0x00, 0x00, 0x2c, 0x18, 0x00
    .byte 0x00, 0x00, 0x15, 0x73, 0x2c, 0x00, 0x01, 0x00, 0x00, 0x15, 0x17, 0x2c, 0x01, 0x00, 0x00, 0x00
    .byte 0x15, 0x06, 0x2c, 0x01, 0x00, 0x00, 0x00, 0x15, 0x09, 0x2c, 0x13, 0x00, 0x00, 0x00, 0x20, 0x00
    .byte 0x00, 0x20, 0x00, 0x00, 0x2c, 0x30, 0x00, 0x00, 0x00, 0x20, 0x00, 0x00, 0x20, 0x00, 0x00, 0x20
    .byte 0x00, 0x00, 0x15, 0x53, 0x15, 0x46, 0x15, 0x8b, 0x18, 0x70, 0x32, 0x00, 0x00, 0x00, 0x00, 0x00
    .byte 0x13, 0x5a, 0xec, 0x21, 0x02, 0x01, 0x46, 0xec, 0x21, 0x02, 0x2c, 0x93, 0x00, 0x00, 0x00, 0x2c
    .byte 0x01, 0x00, 0x00, 0x00, 0x20, 0x00, 0x00, 0x20, 0x00, 0x00, 0x15, 0xb8, 0x15, 0x5a, 0x20, 0x00
    .byte 0x00, 0x15, 0x75, 0x2c, 0x85, 0x03, 0x00, 0x00, 0x15, 0x36, 0x2c, 0x2b, 0x00, 0x00, 0x00, 0x15
    .byte 0x05, 0x2c, 0x01, 0x00, 0x00, 0x00, 0x15, 0x06, 0x2c, 0x5a, 0x00, 0x00, 0x00, 0x15, 0x07, 0x15
    .byte 0x08, 0x2c, 0xe0, 0x03, 0x00, 0x00, 0x15, 0x37, 0x18, 0x70, 0x32, 0x00, 0x00, 0x00, 0x00, 0x00
    .byte 0x14, 0xaa, 0xec, 0x21, 0x02, 0x01, 0x91, 0xec, 0x21, 0x02, 0x00, 0x20, 0x00, 0x00, 0x15, 0x75
    .byte 0x2c, 0x00, 0x01, 0x00, 0x00, 0x15, 0x17, 0x2c, 0x0f, 0x10, 0x00, 0x00, 0x2c, 0x01, 0x10, 0x00
    .byte 0x00, 0x2c, 0x10, 0x10, 0x00, 0x00, 0x2c, 0x02, 0x00, 0x00, 0x00, 0x2c, 0x21, 0x00, 0x00, 0x00
    .byte 0x15, 0x73, 0x15, 0x16, 0x15, 0x46, 0x29, 0x00, 0x66, 0x32, 0x00, 0x01, 0x00, 0x00, 0x00, 0x13
    .byte 0xf2, 0xec, 0x21, 0x02, 0x29, 0x00, 0x66, 0x32, 0x00, 0x08, 0x00, 0x00, 0x00, 0x14, 0x77, 0xed
    .byte 0x21, 0x02, 0x2c, 0x03, 0x00, 0x00, 0x00, 0x38, 0x00, 0x20, 0x00, 0x00, 0x20, 0x00, 0x00, 0x20
    .byte 0x00, 0x00, 0x20, 0x00, 0x00, 0x20, 0x00, 0x00, 0x15, 0x53, 0x2c, 0x01, 0x00, 0x00, 0x00, 0x38
    .byte 0x00, 0x15, 0x85, 0x37, 0x00, 0x00, 0x32, 0x00, 0x01, 0x00, 0x00, 0x00, 0x14, 0x4c, 0xed, 0x21
    .byte 0x02, 0x15, 0x8b, 0x18, 0x70, 0x32, 0x00, 0x00, 0x00, 0x00, 0x00, 0x13, 0x35, 0xed, 0x21, 0x02
    .byte 0x01, 0x21, 0xed, 0x21, 0x02, 0x2c, 0x20, 0x03, 0x00, 0x00, 0x2c, 0x01, 0x00, 0x00, 0x00, 0x20
    .byte 0x00, 0x00, 0x20, 0x00, 0x00, 0x15, 0xb8, 0x25, 0x72, 0xed, 0x21, 0x02, 0x15, 0x8b, 0x18, 0x70
    .byte 0x32, 0x00, 0x00, 0x00, 0x00, 0x00, 0x13, 0x60, 0xed, 0x21, 0x02, 0x01, 0x4c, 0xed, 0x21, 0x02
    .byte 0x2c, 0xe1, 0x02, 0x00, 0x00, 0x2c, 0x01, 0x00, 0x00, 0x00, 0x20, 0x00, 0x00, 0x20, 0x00, 0x00
    .byte 0x15, 0xb8, 0x25, 0xda, 0xee, 0x21, 0x02, 0x29, 0x00, 0x66, 0x32, 0x00, 0x03, 0x00, 0x00, 0x00
    .byte 0x13, 0x93, 0xed, 0x21, 0x02, 0x29, 0x00, 0x66, 0x32, 0x00, 0x09, 0x00, 0x00, 0x00, 0x14, 0xd7
    .byte 0xed, 0x21, 0x02, 0x2c, 0x04, 0x00, 0x00, 0x00, 0x2c, 0x03, 0x00, 0x00, 0x00, 0x2d, 0xd9, 0x2d
    .byte 0x63, 0x20, 0x00, 0x00, 0x20, 0x00, 0x00, 0x20, 0x00, 0x00, 0x15, 0x53, 0x15, 0x8b, 0x18, 0x70
    .byte 0x32, 0x00, 0x00, 0x00, 0x00, 0x00, 0x13, 0xc0, 0xed, 0x21, 0x02, 0x01, 0xac, 0xed, 0x21, 0x02
    .byte 0x2c, 0x01, 0x00, 0x00, 0x00, 0x2c, 0x01, 0x00, 0x00, 0x00, 0x20, 0x00, 0x00, 0x20, 0x00, 0x00
    .byte 0x15, 0xb8, 0x25, 0xda, 0xee, 0x21, 0x02, 0x29, 0x00, 0x66, 0x32, 0x00, 0x04, 0x00, 0x00, 0x00
    .byte 0x14, 0x32, 0xee, 0x21, 0x02, 0x2c, 0x04, 0x00, 0x00, 0x00, 0x2c, 0x03, 0x00, 0x00, 0x00, 0x2c
    .byte 0x3d, 0x00, 0x00, 0x00, 0x2d, 0x63, 0x20, 0x00, 0x00, 0x20, 0x00, 0x00, 0x20, 0x00, 0x00, 0x15
    .byte 0x53, 0x29, 0x00, 0xd9, 0x26, 0x00, 0xc0, 0x15, 0x8b, 0x18, 0x70, 0x32, 0x00, 0x00, 0x00, 0x00
    .byte 0x00, 0x13, 0x1b, 0xee, 0x21, 0x02, 0x01, 0x07, 0xee, 0x21, 0x02, 0x2c, 0x02, 0x00, 0x00, 0x00
    .byte 0x2c, 0x01, 0x00, 0x00, 0x00, 0x20, 0x00, 0x00, 0x20, 0x00, 0x00, 0x15, 0xb8, 0x25, 0xda, 0xee
    .byte 0x21, 0x02, 0x29, 0x00, 0x66, 0x32, 0x00, 0x0a, 0x00, 0x00, 0x00, 0x14, 0xa0, 0xee, 0x21, 0x02
    .byte 0x29, 0x00, 0xd9, 0x26, 0x00, 0xbe, 0x15, 0x8b, 0x18, 0x70, 0x32, 0x00, 0x00, 0x00, 0x00, 0x00
    .byte 0x13, 0x5a, 0xee, 0x21, 0x02, 0x01, 0x46, 0xee, 0x21, 0x02, 0x2c, 0x46, 0x00, 0x00, 0x00, 0x2c
    .byte 0x01, 0x00, 0x00, 0x00, 0x20, 0x00, 0x00, 0x20, 0x00, 0x00, 0x15, 0xb8, 0x15, 0x5a, 0x2c, 0x97
    .byte 0x03, 0x00, 0x00, 0x15, 0x37, 0x18, 0x70, 0x32, 0x00, 0x00, 0x00, 0x00, 0x00, 0x14, 0x93, 0xee
    .byte 0x21, 0x02, 0x2c, 0xb4, 0x03, 0x00, 0x00, 0x15, 0x35, 0x2c, 0x08, 0x00, 0x00, 0x00, 0x20, 0x00
    .byte 0x00, 0x15, 0x78, 0x2c, 0x97, 0x03, 0x00, 0x00, 0x15, 0x35, 0x00, 0x25, 0xda, 0xee, 0x21, 0x02
    .byte 0x29, 0x00, 0x66, 0x32, 0x00, 0x0b, 0x00, 0x00, 0x00, 0x14, 0xda, 0xee, 0x21, 0x02, 0x29, 0x00
    .byte 0xd9, 0x26, 0x00, 0xbe, 0x15, 0x8b, 0x18, 0x70, 0x32, 0x00, 0x00, 0x00, 0x00, 0x00, 0x13, 0xc8
    .byte 0xee, 0x21, 0x02, 0x01, 0xb4, 0xee, 0x21, 0x02, 0x2c, 0x57, 0x02, 0x00, 0x00, 0x2c, 0x01, 0x00
    .byte 0x00, 0x00, 0x20, 0x00, 0x00, 0x20, 0x00, 0x00, 0x15, 0xb8, 0x15, 0x5a, 0x00, 0x20, 0x00, 0x00
    .byte 0x2c, 0xff, 0xee, 0x21, 0x02, 0x15, 0x39, 0x20, 0x00, 0x00, 0x15, 0x42, 0x18, 0x70, 0x32, 0x00
    .byte 0x00, 0x00, 0x00, 0x00, 0x14, 0xfe, 0xee, 0x21, 0x02, 0x01, 0xe7, 0xee, 0x21, 0x02, 0x22, 0x2c
    .byte 0x15, 0x00, 0x00, 0x00, 0x2c, 0x9d, 0x00, 0x00, 0x00, 0x2c, 0x7f, 0x00, 0x00, 0x00, 0x15, 0x0a
    .byte 0x2c, 0x00, 0x01, 0x00, 0x00, 0x15, 0x17, 0x2c, 0x0f, 0x10, 0x00, 0x00, 0x2c, 0x01, 0x10, 0x00
    .byte 0x00, 0x2c, 0x10, 0x10, 0x00, 0x00, 0x2c, 0x02, 0x00, 0x00, 0x00, 0x2c, 0x21, 0x00, 0x00, 0x00
    .byte 0x15, 0x73, 0x2c, 0x21, 0x00, 0x00, 0x00, 0x15, 0x05, 0x15, 0x16, 0x00, 0x20, 0x00, 0x00, 0x2c
    .byte 0x5e, 0xef, 0x21, 0x02, 0x15, 0x39, 0x20, 0x00, 0x00, 0x15, 0x42, 0x18, 0x70, 0x32, 0x00, 0x00
    .byte 0x00, 0x00, 0x00, 0x14, 0x5d, 0xef, 0x21, 0x02, 0x01, 0x46, 0xef, 0x21, 0x02, 0x22, 0x2c, 0x15
    .byte 0x00, 0x00, 0x00, 0x2c, 0x9c, 0x00, 0x00, 0x00, 0x2c, 0x7f, 0x00, 0x00, 0x00, 0x15, 0x0a, 0x2c
    .byte 0x00, 0x01, 0x00, 0x00, 0x15, 0x17, 0x2c, 0x0f, 0x10, 0x00, 0x00, 0x2c, 0x01, 0x10, 0x00, 0x00
    .byte 0x2c, 0x10, 0x10, 0x00, 0x00, 0x2c, 0x02, 0x00, 0x00, 0x00, 0x2c, 0x21, 0x00, 0x00, 0x00, 0x15
    .byte 0x73, 0x2c, 0x21, 0x00, 0x00, 0x00, 0x15, 0x05, 0x15, 0x16, 0x00, 0x2c, 0x00, 0x10, 0x00, 0x00
    .byte 0x2c, 0x01, 0x10, 0x00, 0x00, 0x2c, 0x02, 0x10, 0x00, 0x00, 0x2c, 0x02, 0x00, 0x00, 0x00, 0x20
    .byte 0x00, 0x00, 0x15, 0x73, 0x2c, 0x01, 0x00, 0x00, 0x00, 0x15, 0x25, 0x2c, 0x12, 0x00, 0x00, 0x00
    .byte 0x20, 0x00, 0x00, 0x15, 0x32, 0x2d, 0xd2, 0x2c, 0x07, 0x00, 0x00, 0x00, 0x15, 0x47, 0x18, 0x70
    .byte 0x17, 0x00, 0x2d, 0xd2, 0x2c, 0x08, 0x00, 0x00, 0x00, 0x15, 0x47, 0x18, 0x70, 0x17, 0x00, 0x15
    .byte 0x1e, 0x18, 0x70, 0x17, 0x00, 0x15, 0x75, 0x20, 0x00, 0x00, 0x15, 0x06, 0x00, 0x2c, 0x01, 0x00
    .byte 0x00, 0x00, 0x15, 0x09, 0x2c, 0x00, 0x10, 0x00, 0x00, 0x2c, 0x01, 0x10, 0x00, 0x00, 0x2c, 0x02
    .byte 0x10, 0x00, 0x00, 0x2c, 0x02, 0x00, 0x00, 0x00, 0x20, 0x00, 0x00, 0x15, 0x73, 0x20, 0x00, 0x00
    .byte 0x15, 0x75, 0x00, 0x2c, 0x00, 0x10, 0x00, 0x00, 0x2c, 0x01, 0x10, 0x00, 0x00, 0x2c, 0x02, 0x10
    .byte 0x00, 0x00, 0x2c, 0x02, 0x00, 0x00, 0x00, 0x20, 0x00, 0x00, 0x15, 0x73, 0x2c, 0x12, 0x00, 0x00
    .byte 0x00, 0x2c, 0x08, 0x00, 0x00, 0x00, 0x15, 0x32, 0x2d, 0x02, 0x2c, 0x07, 0x00, 0x00, 0x00, 0x15
    .byte 0x47, 0x18, 0x70, 0x17, 0x00, 0x2d, 0x02, 0x2c, 0x08, 0x00, 0x00, 0x00, 0x15, 0x47, 0x18, 0x70
    .byte 0x17, 0x00, 0x15, 0x1e, 0x18, 0x70, 0x17, 0x00, 0x15, 0x75, 0x20, 0x00, 0x00, 0x15, 0x06, 0x2c
    .byte 0x01, 0x00, 0x00, 0x00, 0x15, 0x07, 0x15, 0x08, 0x25, 0x38, 0xf0, 0x21, 0x02, 0x00, 0x2c, 0x00
    .byte 0x10, 0x00, 0x00, 0x2c, 0x01, 0x10, 0x00, 0x00, 0x2c, 0x02, 0x10, 0x00, 0x00, 0x2c, 0x02, 0x00
    .byte 0x00, 0x00, 0x2c, 0x1e, 0x00, 0x00, 0x00, 0x15, 0x73, 0x2c, 0x01, 0x00, 0x00, 0x00, 0x15, 0x06
    .byte 0x2c, 0x3c, 0x00, 0x00, 0x00, 0x15, 0x07, 0x15, 0x08, 0x00, 0x2c, 0x0b, 0x10, 0x00, 0x00, 0x2c
    .byte 0x01, 0x10, 0x00, 0x00, 0x2c, 0x0c, 0x10, 0x00, 0x00, 0x2c, 0x02, 0x00, 0x00, 0x00, 0x03, 0x00
    .byte 0x08, 0x00, 0x00, 0x00, 0x29, 0x01, 0xff, 0x04, 0x10, 0x17, 0x00, 0x15, 0x73, 0x00, 0x2c, 0x00
    .byte 0x10, 0x00, 0x00, 0x2c, 0x01, 0x10, 0x00, 0x00, 0x2c, 0x02, 0x10, 0x00, 0x00, 0x2c, 0x02, 0x00
    .byte 0x00, 0x00, 0x20, 0x00, 0x00, 0x15, 0x73, 0x2c, 0x01, 0x00, 0x00, 0x00, 0x15, 0x09, 0x20, 0x00
    .byte 0x00, 0x15, 0x75, 0x00, 0x21, 0xb7, 0x19, 0x22, 0x02, 0x2c, 0x0d, 0x00, 0x00, 0x00, 0x20, 0x00
    .byte 0x00, 0x2c, 0xff, 0xff, 0xff, 0xff, 0x2c, 0xff, 0xff, 0xff, 0xff, 0x2c, 0xff, 0xff, 0xff, 0xff
    .byte 0x15, 0xdc, 0x2c, 0xc9, 0xf4, 0x21, 0x02, 0x15, 0x4d, 0x2c, 0x03, 0x00, 0x00, 0x00, 0x2c, 0xd1
    .byte 0xf1, 0x21, 0x02, 0x15, 0x39, 0x29, 0x00, 0xfd, 0x32, 0x00, 0x00, 0x00, 0x00, 0x00, 0x14, 0x7b
    .byte 0xf1, 0x21, 0x02, 0x2c, 0xff, 0xe0, 0xf5, 0x05, 0x15, 0xaa, 0x2c, 0x03, 0x00, 0x00, 0x00, 0x15
    .byte 0xe1, 0x20, 0x00, 0x00, 0x2c, 0xb9, 0x10, 0x22, 0x02, 0x15, 0x39, 0x2c, 0x04, 0x00, 0x00, 0x00
    .byte 0x2c, 0x6a, 0x00, 0x00, 0x00, 0x15, 0xef, 0x2c, 0x04, 0x00, 0x00, 0x00, 0x2c, 0x6b, 0x00, 0x00
    .byte 0x00, 0x15, 0xef, 0x2c, 0x03, 0x00, 0x00, 0x00, 0x2c, 0x69, 0x00, 0x00, 0x00, 0x15, 0xef, 0x2c
    .byte 0x8b, 0x02, 0x00, 0x00, 0x15, 0x35, 0x2c, 0x92, 0x02, 0x00, 0x00, 0x15, 0x35, 0x2c, 0xa1, 0x02
    .byte 0x00, 0x00, 0x15, 0x35, 0x2c, 0xb7, 0x02, 0x00, 0x00, 0x15, 0x35, 0x2c, 0x0f, 0x00, 0x00, 0x00
    .byte 0x15, 0x2f, 0x18, 0x70, 0x32, 0x00, 0x01, 0x00, 0x00, 0x00, 0x14, 0x9b, 0xf1, 0x21, 0x02, 0x2c
    .byte 0x07, 0x00, 0x00, 0x00, 0x2c, 0x0f, 0x00, 0x00, 0x00, 0x15, 0xe0, 0x21, 0x3c, 0x0b, 0x22, 0x02
    .byte 0x03, 0x00, 0x08, 0x00, 0x00, 0x00, 0x27, 0x00, 0x01, 0x03, 0x00, 0x00, 0x00, 0x00, 0x00, 0x27
    .byte 0x00, 0x7f, 0x03, 0x00, 0x00, 0x00, 0x00, 0x00, 0x27, 0x00, 0x7e, 0x2c, 0x20, 0x00, 0x00, 0x00
    .byte 0x2c, 0x93, 0x17, 0x22, 0x02, 0x15, 0x39, 0x2c, 0x05, 0x00, 0x00, 0x00, 0x15, 0x07, 0x15, 0x08
    .byte 0x00, 0x2c, 0xff, 0x02, 0x00, 0x00, 0x15, 0x37, 0x18, 0x70, 0x32, 0x00, 0x00, 0x00, 0x00, 0x00
    .byte 0x14, 0xf5, 0xf1, 0x21, 0x02, 0x20, 0x00, 0x00, 0x15, 0x18, 0x20, 0x00, 0x00, 0x15, 0x19, 0x20
    .byte 0x00, 0x00, 0x15, 0x09, 0x00, 0x2c, 0x01, 0x00, 0x00, 0x00, 0x15, 0x10, 0x18, 0x70, 0x09, 0x00
    .byte 0x10, 0x00, 0x00, 0x00, 0x17, 0x00, 0x15, 0x11, 0x18, 0x70, 0x09, 0x00, 0x10, 0x00, 0x00, 0x00
    .byte 0x17, 0x00, 0x2c, 0x0e, 0x00, 0x00, 0x00, 0x15, 0x68, 0x2c, 0x01, 0x00, 0x00, 0x00, 0x15, 0x09
    .byte 0x15, 0x10, 0x18, 0x70, 0x17, 0x00, 0x15, 0x11, 0x18, 0x70, 0x17, 0x00, 0x20, 0x00, 0x00, 0x15
    .byte 0x1f, 0x18, 0x70, 0x17, 0x00, 0x15, 0x20, 0x18, 0x70, 0x17, 0x00, 0x20, 0x00, 0x00, 0x15, 0x65
    .byte 0x18, 0x70, 0x34, 0x00, 0x16, 0x00, 0x00, 0x00, 0x14, 0xbf, 0xf2, 0x21, 0x02, 0x2c, 0x00, 0x04
    .byte 0x00, 0x00, 0x15, 0x37, 0x18, 0x70, 0x14, 0x60, 0xf2, 0x21, 0x02, 0x01, 0x4d, 0xf2, 0x21, 0x02
    .byte 0x2c, 0xee, 0x03, 0x00, 0x00, 0x15, 0x37, 0x18, 0x70, 0x14, 0x73, 0xf2, 0x21, 0x02, 0x01, 0x60
    .byte 0xf2, 0x21, 0x02, 0x2c, 0x02, 0x00, 0x00, 0x00, 0x15, 0x9b, 0x18, 0x70, 0x32, 0x00, 0x00, 0x00
    .byte 0x00, 0x00, 0x14, 0x8c, 0xf2, 0x21, 0x02, 0x01, 0x73, 0xf2, 0x21, 0x02, 0x20, 0x00, 0x00, 0x15
    .byte 0x9b, 0x18, 0x70, 0x14, 0xac, 0xf2, 0x21, 0x02, 0x20, 0x00, 0x00, 0x2c, 0xff, 0xff, 0xff, 0xff
    .byte 0x2c, 0xff, 0xff, 0xff, 0xff, 0x2c, 0xff, 0xff, 0xff, 0xff, 0x15, 0x89, 0x20, 0x00, 0x00, 0x15
    .byte 0x07, 0x15, 0x08, 0x2c, 0x03, 0x00, 0x00, 0x00, 0x2c, 0xc4, 0xf2, 0x21, 0x02, 0x15, 0x29, 0x01
    .byte 0x20, 0xf2, 0x21, 0x02, 0x20, 0x00, 0x00, 0x2c, 0x98, 0xf3, 0x21, 0x02, 0x15, 0x39, 0x20, 0x00
    .byte 0x00, 0x15, 0x42, 0x18, 0x70, 0x32, 0x00, 0x00, 0x00, 0x00, 0x00, 0x14, 0xe5, 0xf2, 0x21, 0x02
    .byte 0x01, 0xce, 0xf2, 0x21, 0x02, 0x2c, 0xc4, 0x02, 0x00, 0x00, 0x15, 0x35, 0x2c, 0x21, 0x00, 0x00
    .byte 0x00, 0x2c, 0x86, 0x02, 0x00, 0x00, 0x2c, 0x4e, 0x01, 0x00, 0x00, 0x20, 0x00, 0x00, 0x15, 0x4a
    .byte 0x00, 0x2c, 0x01, 0x00, 0x00, 0x00, 0x15, 0x10, 0x18, 0x70, 0x09, 0x00, 0x10, 0x00, 0x00, 0x00
    .byte 0x17, 0x00, 0x15, 0x11, 0x18, 0x70, 0x09, 0x00, 0x10, 0x00, 0x00, 0x00, 0x17, 0x00, 0x20, 0x00
    .byte 0x00, 0x15, 0x68, 0x2c, 0xff, 0x02, 0x00, 0x00, 0x15, 0x35, 0x2c, 0x01, 0x00, 0x00, 0x00, 0x15
    .byte 0x09, 0x2c, 0x01, 0x00, 0x00, 0x00, 0x15, 0x05, 0x15, 0x16, 0x20, 0x00, 0x00, 0x2c, 0x3b, 0xf4
    .byte 0x21, 0x02, 0x15, 0x39, 0x20, 0x00, 0x00, 0x15, 0x42, 0x18, 0x70, 0x32, 0x00, 0x00, 0x00, 0x00
    .byte 0x00, 0x14, 0x5b, 0xf3, 0x21, 0x02, 0x01, 0x44, 0xf3, 0x21, 0x02, 0x20, 0x00, 0x00, 0x2c, 0x98
    .byte 0xf3, 0x21, 0x02, 0x15, 0x39, 0x20, 0x00, 0x00, 0x15, 0x42, 0x18, 0x70, 0x32, 0x00, 0x00, 0x00
    .byte 0x00, 0x00, 0x14, 0x7c, 0xf3, 0x21, 0x02, 0x01, 0x65, 0xf3, 0x21, 0x02, 0x2c, 0xc4, 0x02, 0x00
    .byte 0x00, 0x15, 0x35, 0x2c, 0x21, 0x00, 0x00, 0x00, 0x2c, 0x86, 0x02, 0x00, 0x00, 0x2c, 0x4e, 0x01
    .byte 0x00, 0x00, 0x20, 0x00, 0x00, 0x15, 0x4a, 0x00, 0x15, 0x28, 0x20, 0x00, 0x00, 0x15, 0x2b, 0x20
    .byte 0x00, 0x00, 0x15, 0x18, 0x20, 0x00, 0x00, 0x15, 0x19, 0x2c, 0x03, 0x00, 0x00, 0x00, 0x2c, 0x07
    .byte 0x00, 0x00, 0x00, 0x15, 0x47, 0x18, 0x70, 0x17, 0x00, 0x2c, 0x03, 0x00, 0x00, 0x00, 0x2c, 0x08
    .byte 0x00, 0x00, 0x00, 0x15, 0x47, 0x18, 0x70, 0x17, 0x00, 0x20, 0x00, 0x00, 0x2c, 0x05, 0x00, 0x00
    .byte 0x00, 0x2c, 0x01, 0x00, 0x00, 0x00, 0x20, 0x00, 0x00, 0x15, 0x1a, 0x15, 0x21, 0x2c, 0x01, 0x00
    .byte 0x00, 0x00, 0x15, 0x18, 0x2c, 0x01, 0x00, 0x00, 0x00, 0x15, 0x19, 0x2c, 0x94, 0x10, 0x00, 0x00
    .byte 0x2c, 0x01, 0x10, 0x00, 0x00, 0x2c, 0x95, 0x10, 0x00, 0x00, 0x2c, 0x02, 0x00, 0x00, 0x00, 0x20
    .byte 0x00, 0x00, 0x15, 0x73, 0x2c, 0x00, 0x01, 0x00, 0x00, 0x15, 0x17, 0x2c, 0x01, 0x00, 0x00, 0x00
    .byte 0x15, 0x06, 0x2c, 0x15, 0x00, 0x00, 0x00, 0x2c, 0x3a, 0x00, 0x00, 0x00, 0x2c, 0x7f, 0x00, 0x00
    .byte 0x00, 0x15, 0x0a, 0x2c, 0x3c, 0x00, 0x00, 0x00, 0x15, 0x07, 0x15, 0x08, 0x2c, 0x01, 0x00, 0x00
    .byte 0x00, 0x15, 0x05, 0x15, 0x16, 0x20, 0x00, 0x00, 0x15, 0x09, 0x00, 0x2c, 0x11, 0x10, 0x00, 0x00
    .byte 0x2c, 0x01, 0x10, 0x00, 0x00, 0x2c, 0x12, 0x10, 0x00, 0x00, 0x2c, 0x02, 0x00, 0x00, 0x00, 0x2c
    .byte 0x03, 0x00, 0x00, 0x00, 0x2c, 0x07, 0x00, 0x00, 0x00, 0x15, 0x47, 0x18, 0x70, 0x17, 0x00, 0x2c
    .byte 0x03, 0x00, 0x00, 0x00, 0x2c, 0x08, 0x00, 0x00, 0x00, 0x15, 0x47, 0x18, 0x70, 0x17, 0x00, 0x15
    .byte 0x1e, 0x18, 0x70, 0x05, 0x00, 0x0c, 0x00, 0x00, 0x00, 0x17, 0x00, 0x15, 0x73, 0x2c, 0x01, 0x00
    .byte 0x00, 0x00, 0x15, 0x06, 0x2c, 0x16, 0x00, 0x00, 0x00, 0x15, 0x07, 0x15, 0x08, 0x00, 0x2c, 0x03
    .byte 0x00, 0x00, 0x00, 0x2c, 0x07, 0x00, 0x00, 0x00, 0x15, 0x47, 0x18, 0x70, 0x17, 0x00, 0x2c, 0x03
    .byte 0x00, 0x00, 0x00, 0x2c, 0x08, 0x00, 0x00, 0x00, 0x15, 0x47, 0x18, 0x70, 0x24, 0x00, 0x20, 0x00
    .byte 0x00, 0x00, 0x17, 0x00, 0x2c, 0x03, 0x00, 0x00, 0x00, 0x2c, 0x09, 0x00, 0x00, 0x00, 0x15, 0x47
    .byte 0x18, 0x70, 0x17, 0x00, 0x15, 0x02, 0x15, 0x2c, 0x00, 0x29, 0x00, 0x08, 0x32, 0x00, 0x01, 0x00
    .byte 0x00, 0x00, 0x14, 0x3b, 0x0b, 0x22, 0x02, 0x29, 0x00, 0x09, 0x09, 0x00, 0x10, 0x00, 0x00, 0x00
    .byte 0x28, 0x00, 0x00, 0x29, 0x00, 0x0a, 0x09, 0x00, 0x10, 0x00, 0x00, 0x00, 0x28, 0x00, 0x01, 0x2f
    .byte 0x00, 0x2f, 0x01, 0x2c, 0x34, 0x00, 0x00, 0x00, 0x2c, 0x23, 0x00, 0x00, 0x00, 0x2c, 0x35, 0x00
    .byte 0x00, 0x00, 0x2c, 0x24, 0x00, 0x00, 0x00, 0x15, 0x5d, 0x18, 0x70, 0x14, 0x48, 0xf5, 0x21, 0x02
    .byte 0x2f, 0x00, 0x2f, 0x01, 0x15, 0x56, 0x18, 0x70, 0x13, 0x48, 0xf5, 0x21, 0x02, 0x2f, 0x00, 0x2f
    .byte 0x01, 0x15, 0x57, 0x2c, 0x03, 0x00, 0x00, 0x00, 0x2c, 0x01, 0xf3, 0x21, 0x02, 0x15, 0x39, 0x2c
    .byte 0x03, 0x00, 0x00, 0x00, 0x15, 0x42, 0x18, 0x70, 0x32, 0x00, 0x00, 0x00, 0x00, 0x00, 0x14, 0x48
    .byte 0xf5, 0x21, 0x02, 0x01, 0x2f, 0xf5, 0x21, 0x02, 0x2f, 0x00, 0x2f, 0x01, 0x20, 0x00, 0x00, 0x20
    .byte 0x00, 0x00, 0x2c, 0x40, 0x00, 0x00, 0x00, 0x2c, 0x30, 0x00, 0x00, 0x00, 0x15, 0x5d, 0x18, 0x70
    .byte 0x14, 0x34, 0x0b, 0x22, 0x02, 0x2f, 0x00, 0x2f, 0x01, 0x15, 0x56, 0x18, 0x70, 0x13, 0x34, 0x0b
    .byte 0x22, 0x02, 0x2c, 0x64, 0x00, 0x00, 0x00, 0x15, 0x01, 0x18, 0x70, 0x28, 0x00, 0x02, 0x03, 0x00
    .byte 0xff, 0xff, 0xff, 0xff, 0x32, 0x00, 0xff, 0xff, 0xff, 0xff, 0x14, 0x2b, 0xff, 0x21, 0x02, 0x2b
    .byte 0x00, 0x02, 0x34, 0x00, 0x03, 0x00, 0x00, 0x00, 0x14, 0xeb, 0xfc, 0x21, 0x02, 0x2d, 0xfe, 0x15
    .byte 0x7c, 0x18, 0x70, 0x31, 0x00, 0x05, 0x00, 0x00, 0x00, 0x14, 0xeb, 0xfc, 0x21, 0x02, 0x29, 0x00
    .byte 0xfe, 0x35, 0x00, 0x25, 0x00, 0x00, 0x00, 0x14, 0xeb, 0xfc, 0x21, 0x02, 0x29, 0x00, 0xfe, 0x35
    .byte 0x00, 0x4f, 0x00, 0x00, 0x00, 0x14, 0xeb, 0xfc, 0x21, 0x02, 0x2d, 0xfe, 0x15, 0x7c, 0x18, 0x70
    .byte 0x31, 0x00, 0x08, 0x00, 0x00, 0x00, 0x14, 0x99, 0xfa, 0x21, 0x02, 0x2c, 0x02, 0x00, 0x00, 0x00
    .byte 0x15, 0x01, 0x18, 0x70, 0x28, 0x00, 0x02, 0x2b, 0x00, 0x02, 0x32, 0x00, 0x00, 0x00, 0x00, 0x00
    .byte 0x14, 0x47, 0xf8, 0x21, 0x02, 0x29, 0x00, 0xff, 0x32, 0x00, 0x00, 0x00, 0x00, 0x00, 0x14, 0x41
    .byte 0xf6, 0x21, 0x02, 0x2c, 0x01, 0x00, 0x00, 0x00, 0x2c, 0x65, 0x01, 0x00, 0x00, 0x15, 0x1f, 0x18
    .byte 0x70, 0x05, 0x00, 0x00, 0x00, 0x00, 0x00, 0x17, 0x00, 0x15, 0x20, 0x18, 0x70, 0x05, 0x00, 0x10
    .byte 0x00, 0x00, 0x00, 0x17, 0x00, 0x15, 0x27, 0x18, 0x70, 0x17, 0x00, 0x2c, 0xff, 0xff, 0xff, 0xff
    .byte 0x2c, 0xff, 0xff, 0xff, 0xff, 0x2c, 0xff, 0xff, 0xff, 0xff, 0x15, 0x33, 0x25, 0x42, 0xf8, 0x21
    .byte 0x02, 0x29, 0x00, 0xff, 0x32, 0x00, 0x01, 0x00, 0x00, 0x00, 0x14, 0x8d, 0xf6, 0x21, 0x02, 0x2c
    .byte 0x01, 0x00, 0x00, 0x00, 0x2c, 0x65, 0x01, 0x00, 0x00, 0x15, 0x1f, 0x18, 0x70, 0x24, 0x00, 0x0c
    .byte 0x00, 0x00, 0x00, 0x17, 0x00, 0x15, 0x20, 0x18, 0x70, 0x05, 0x00, 0x0c, 0x00, 0x00, 0x00, 0x17
    .byte 0x00, 0x15, 0x27, 0x18, 0x70, 0x17, 0x00, 0x2c, 0xff, 0xff, 0xff, 0xff, 0x2c, 0xff, 0xff, 0xff
    .byte 0xff, 0x2c, 0xff, 0xff, 0xff, 0xff, 0x15, 0x33, 0x25, 0x42, 0xf8, 0x21, 0x02, 0x29, 0x00, 0xff
    .byte 0x32, 0x00, 0x02, 0x00, 0x00, 0x00, 0x14, 0xd9, 0xf6, 0x21, 0x02, 0x2c, 0x01, 0x00, 0x00, 0x00
    .byte 0x2c, 0x65, 0x01, 0x00, 0x00, 0x15, 0x1f, 0x18, 0x70, 0x24, 0x00, 0x10, 0x00, 0x00, 0x00, 0x17
    .byte 0x00, 0x15, 0x20, 0x18, 0x70, 0x05, 0x00, 0x00, 0x00, 0x00, 0x00, 0x17, 0x00, 0x15, 0x27, 0x18
    .byte 0x70, 0x17, 0x00, 0x2c, 0xff, 0xff, 0xff, 0xff, 0x2c, 0xff, 0xff, 0xff, 0xff, 0x2c, 0xff, 0xff
    .byte 0xff, 0xff, 0x15, 0x33, 0x25, 0x42, 0xf8, 0x21, 0x02, 0x29, 0x00, 0xff, 0x32, 0x00, 0x03, 0x00
    .byte 0x00, 0x00, 0x14, 0x25, 0xf7, 0x21, 0x02, 0x2c, 0x01, 0x00, 0x00, 0x00, 0x2c, 0x65, 0x01, 0x00
    .byte 0x00, 0x15, 0x1f, 0x18, 0x70, 0x24, 0x00, 0x0c, 0x00, 0x00, 0x00, 0x17, 0x00, 0x15, 0x20, 0x18
    .byte 0x70, 0x24, 0x00, 0x0c, 0x00, 0x00, 0x00, 0x17, 0x00, 0x15, 0x27, 0x18, 0x70, 0x17, 0x00, 0x2c
    .byte 0xff, 0xff, 0xff, 0xff, 0x2c, 0xff, 0xff, 0xff, 0xff, 0x2c, 0xff, 0xff, 0xff, 0xff, 0x15, 0x33
    .byte 0x25, 0x42, 0xf8, 0x21, 0x02, 0x29, 0x00, 0xff, 0x32, 0x00, 0x04, 0x00, 0x00, 0x00, 0x14, 0x71
    .byte 0xf7, 0x21, 0x02, 0x2c, 0x01, 0x00, 0x00, 0x00, 0x2c, 0x65, 0x01, 0x00, 0x00, 0x15, 0x1f, 0x18
    .byte 0x70, 0x05, 0x00, 0x00, 0x00, 0x00, 0x00, 0x17, 0x00, 0x15, 0x20, 0x18, 0x70, 0x24, 0x00, 0x10
    .byte 0x00, 0x00, 0x00, 0x17, 0x00, 0x15, 0x27, 0x18, 0x70, 0x17, 0x00, 0x2c, 0xff, 0xff, 0xff, 0xff
    .byte 0x2c, 0xff, 0xff, 0xff, 0xff, 0x2c, 0xff, 0xff, 0xff, 0xff, 0x15, 0x33, 0x25, 0x42, 0xf8, 0x21
    .byte 0x02, 0x29, 0x00, 0xff, 0x32, 0x00, 0x05, 0x00, 0x00, 0x00, 0x14, 0xbd, 0xf7, 0x21, 0x02, 0x2c
    .byte 0x01, 0x00, 0x00, 0x00, 0x2c, 0x65, 0x01, 0x00, 0x00, 0x15, 0x1f, 0x18, 0x70, 0x05, 0x00, 0x0c
    .byte 0x00, 0x00, 0x00, 0x17, 0x00, 0x15, 0x20, 0x18, 0x70, 0x24, 0x00, 0x0c, 0x00, 0x00, 0x00, 0x17
    .byte 0x00, 0x15, 0x27, 0x18, 0x70, 0x17, 0x00, 0x2c, 0xff, 0xff, 0xff, 0xff, 0x2c, 0xff, 0xff, 0xff
    .byte 0xff, 0x2c, 0xff, 0xff, 0xff, 0xff, 0x15, 0x33, 0x25, 0x42, 0xf8, 0x21, 0x02, 0x29, 0x00, 0xff
    .byte 0x32, 0x00, 0x06, 0x00, 0x00, 0x00, 0x14, 0x09, 0xf8, 0x21, 0x02, 0x2c, 0x01, 0x00, 0x00, 0x00
    .byte 0x2c, 0x65, 0x01, 0x00, 0x00, 0x15, 0x1f, 0x18, 0x70, 0x05, 0x00, 0x10, 0x00, 0x00, 0x00, 0x17
    .byte 0x00, 0x15, 0x20, 0x18, 0x70, 0x05, 0x00, 0x00, 0x00, 0x00, 0x00, 0x17, 0x00, 0x15, 0x27, 0x18
    .byte 0x70, 0x17, 0x00, 0x2c, 0xff, 0xff, 0xff, 0xff, 0x2c, 0xff, 0xff, 0xff, 0xff, 0x2c, 0xff, 0xff
    .byte 0xff, 0xff, 0x15, 0x33, 0x25, 0x42, 0xf8, 0x21, 0x02, 0x2c, 0x01, 0x00, 0x00, 0x00, 0x2c, 0x65
    .byte 0x01, 0x00, 0x00, 0x15, 0x1f, 0x18, 0x70, 0x05, 0x00, 0x0c, 0x00, 0x00, 0x00, 0x17, 0x00, 0x15
    .byte 0x20, 0x18, 0x70, 0x05, 0x00, 0x0c, 0x00, 0x00, 0x00, 0x17, 0x00, 0x15, 0x27, 0x18, 0x70, 0x17
    .byte 0x00, 0x2c, 0xff, 0xff, 0xff, 0xff, 0x2c, 0xff, 0xff, 0xff, 0xff, 0x2c, 0xff, 0xff, 0xff, 0xff
    .byte 0x15, 0x33, 0x25, 0x94, 0xfa, 0x21, 0x02, 0x29, 0x00, 0xff, 0x32, 0x00, 0x00, 0x00, 0x00, 0x00
    .byte 0x14, 0x93, 0xf8, 0x21, 0x02, 0x2c, 0x01, 0x00, 0x00, 0x00, 0x2c, 0x64, 0x01, 0x00, 0x00, 0x15
    .byte 0x1f, 0x18, 0x70, 0x05, 0x00, 0x00, 0x00, 0x00, 0x00, 0x17, 0x00, 0x15, 0x20, 0x18, 0x70, 0x05
    .byte 0x00, 0x10, 0x00, 0x00, 0x00, 0x17, 0x00, 0x15, 0x27, 0x18, 0x70, 0x17, 0x00, 0x2c, 0xff, 0xff
    .byte 0xff, 0xff, 0x2c, 0xff, 0xff, 0xff, 0xff, 0x2c, 0xff, 0xff, 0xff, 0xff, 0x15, 0x33, 0x25, 0x94
    .byte 0xfa, 0x21, 0x02, 0x29, 0x00, 0xff, 0x32, 0x00, 0x01, 0x00, 0x00, 0x00, 0x14, 0xdf, 0xf8, 0x21
    .byte 0x02, 0x2c, 0x01, 0x00, 0x00, 0x00, 0x2c, 0x64, 0x01, 0x00, 0x00, 0x15, 0x1f, 0x18, 0x70, 0x24
    .byte 0x00, 0x0c, 0x00, 0x00, 0x00, 0x17, 0x00, 0x15, 0x20, 0x18, 0x70, 0x05, 0x00, 0x0c, 0x00, 0x00
    .byte 0x00, 0x17, 0x00, 0x15, 0x27, 0x18, 0x70, 0x17, 0x00, 0x2c, 0xff, 0xff, 0xff, 0xff, 0x2c, 0xff
    .byte 0xff, 0xff, 0xff, 0x2c, 0xff, 0xff, 0xff, 0xff, 0x15, 0x33, 0x25, 0x94, 0xfa, 0x21, 0x02, 0x29
    .byte 0x00, 0xff, 0x32, 0x00, 0x02, 0x00, 0x00, 0x00, 0x14, 0x2b, 0xf9, 0x21, 0x02, 0x2c, 0x01, 0x00
    .byte 0x00, 0x00, 0x2c, 0x64, 0x01, 0x00, 0x00, 0x15, 0x1f, 0x18, 0x70, 0x24, 0x00, 0x10, 0x00, 0x00
    .byte 0x00, 0x17, 0x00, 0x15, 0x20, 0x18, 0x70, 0x05, 0x00, 0x00, 0x00, 0x00, 0x00, 0x17, 0x00, 0x15
    .byte 0x27, 0x18, 0x70, 0x17, 0x00, 0x2c, 0xff, 0xff, 0xff, 0xff, 0x2c, 0xff, 0xff, 0xff, 0xff, 0x2c
    .byte 0xff, 0xff, 0xff, 0xff, 0x15, 0x33, 0x25, 0x94, 0xfa, 0x21, 0x02, 0x29, 0x00, 0xff, 0x32, 0x00
    .byte 0x03, 0x00, 0x00, 0x00, 0x14, 0x77, 0xf9, 0x21, 0x02, 0x2c, 0x01, 0x00, 0x00, 0x00, 0x2c, 0x64
    .byte 0x01, 0x00, 0x00, 0x15, 0x1f, 0x18, 0x70, 0x24, 0x00, 0x0c, 0x00, 0x00, 0x00, 0x17, 0x00, 0x15
    .byte 0x20, 0x18, 0x70, 0x24, 0x00, 0x0c, 0x00, 0x00, 0x00, 0x17, 0x00, 0x15, 0x27, 0x18, 0x70, 0x17
    .byte 0x00, 0x2c, 0xff, 0xff, 0xff, 0xff, 0x2c, 0xff, 0xff, 0xff, 0xff, 0x2c, 0xff, 0xff, 0xff, 0xff
    .byte 0x15, 0x33, 0x25, 0x94, 0xfa, 0x21, 0x02, 0x29, 0x00, 0xff, 0x32, 0x00, 0x04, 0x00, 0x00, 0x00
    .byte 0x14, 0xc3, 0xf9, 0x21, 0x02, 0x2c, 0x01, 0x00, 0x00, 0x00, 0x2c, 0x64, 0x01, 0x00, 0x00, 0x15
    .byte 0x1f, 0x18, 0x70, 0x05, 0x00, 0x00, 0x00, 0x00, 0x00, 0x17, 0x00, 0x15, 0x20, 0x18, 0x70, 0x24
    .byte 0x00, 0x10, 0x00, 0x00, 0x00, 0x17, 0x00, 0x15, 0x27, 0x18, 0x70, 0x17, 0x00, 0x2c, 0xff, 0xff
    .byte 0xff, 0xff, 0x2c, 0xff, 0xff, 0xff, 0xff, 0x2c, 0xff, 0xff, 0xff, 0xff, 0x15, 0x33, 0x25, 0x94
    .byte 0xfa, 0x21, 0x02, 0x29, 0x00, 0xff, 0x32, 0x00, 0x05, 0x00, 0x00, 0x00, 0x14, 0x0f, 0xfa, 0x21
    .byte 0x02, 0x2c, 0x01, 0x00, 0x00, 0x00, 0x2c, 0x64, 0x01, 0x00, 0x00, 0x15, 0x1f, 0x18, 0x70, 0x05
    .byte 0x00, 0x0c, 0x00, 0x00, 0x00, 0x17, 0x00, 0x15, 0x20, 0x18, 0x70, 0x24, 0x00, 0x0c, 0x00, 0x00
    .byte 0x00, 0x17, 0x00, 0x15, 0x27, 0x18, 0x70, 0x17, 0x00, 0x2c, 0xff, 0xff, 0xff, 0xff, 0x2c, 0xff
    .byte 0xff, 0xff, 0xff, 0x2c, 0xff, 0xff, 0xff, 0xff, 0x15, 0x33, 0x25, 0x94, 0xfa, 0x21, 0x02, 0x29
    .byte 0x00, 0xff, 0x32, 0x00, 0x06, 0x00, 0x00, 0x00, 0x14, 0x5b, 0xfa, 0x21, 0x02, 0x2c, 0x01, 0x00
    .byte 0x00, 0x00, 0x2c, 0x64, 0x01, 0x00, 0x00, 0x15, 0x1f, 0x18, 0x70, 0x05, 0x00, 0x10, 0x00, 0x00
    .byte 0x00, 0x17, 0x00, 0x15, 0x20, 0x18, 0x70, 0x05, 0x00, 0x00, 0x00, 0x00, 0x00, 0x17, 0x00, 0x15
    .byte 0x27, 0x18, 0x70, 0x17, 0x00, 0x2c, 0xff, 0xff, 0xff, 0xff, 0x2c, 0xff, 0xff, 0xff, 0xff, 0x2c
    .byte 0xff, 0xff, 0xff, 0xff, 0x15, 0x33, 0x25, 0x94, 0xfa, 0x21, 0x02, 0x2c, 0x01, 0x00, 0x00, 0x00
    .byte 0x2c, 0x64, 0x01, 0x00, 0x00, 0x15, 0x1f, 0x18, 0x70, 0x05, 0x00, 0x0c, 0x00, 0x00, 0x00, 0x17
    .byte 0x00, 0x15, 0x20, 0x18, 0x70, 0x05, 0x00, 0x0c, 0x00, 0x00, 0x00, 0x17, 0x00, 0x15, 0x27, 0x18
    .byte 0x70, 0x17, 0x00, 0x2c, 0xff, 0xff, 0xff, 0xff, 0x2c, 0xff, 0xff, 0xff, 0xff, 0x2c, 0xff, 0xff
    .byte 0xff, 0xff, 0x15, 0x33, 0x25, 0xe6, 0xfc, 0x21, 0x02, 0x29, 0x00, 0xff, 0x32, 0x00, 0x00, 0x00
    .byte 0x00, 0x00, 0x14, 0xe5, 0xfa, 0x21, 0x02, 0x2c, 0x01, 0x00, 0x00, 0x00, 0x2c, 0x64, 0x01, 0x00
    .byte 0x00, 0x15, 0x1f, 0x18, 0x70, 0x05, 0x00, 0x00, 0x00, 0x00, 0x00, 0x17, 0x00, 0x15, 0x20, 0x18
    .byte 0x70, 0x05, 0x00, 0x10, 0x00, 0x00, 0x00, 0x17, 0x00, 0x15, 0x27, 0x18, 0x70, 0x17, 0x00, 0x2c
    .byte 0xff, 0xff, 0xff, 0xff, 0x2c, 0xff, 0xff, 0xff, 0xff, 0x2c, 0xff, 0xff, 0xff, 0xff, 0x15, 0x33
    .byte 0x25, 0xe6, 0xfc, 0x21, 0x02, 0x29, 0x00, 0xff, 0x32, 0x00, 0x01, 0x00, 0x00, 0x00, 0x14, 0x31
    .byte 0xfb, 0x21, 0x02, 0x2c, 0x01, 0x00, 0x00, 0x00, 0x2c, 0x64, 0x01, 0x00, 0x00, 0x15, 0x1f, 0x18
    .byte 0x70, 0x24, 0x00, 0x0c, 0x00, 0x00, 0x00, 0x17, 0x00, 0x15, 0x20, 0x18, 0x70, 0x05, 0x00, 0x0c
    .byte 0x00, 0x00, 0x00, 0x17, 0x00, 0x15, 0x27, 0x18, 0x70, 0x17, 0x00, 0x2c, 0xff, 0xff, 0xff, 0xff
    .byte 0x2c, 0xff, 0xff, 0xff, 0xff, 0x2c, 0xff, 0xff, 0xff, 0xff, 0x15, 0x33, 0x25, 0xe6, 0xfc, 0x21
    .byte 0x02, 0x29, 0x00, 0xff, 0x32, 0x00, 0x02, 0x00, 0x00, 0x00, 0x14, 0x7d, 0xfb, 0x21, 0x02, 0x2c
    .byte 0x01, 0x00, 0x00, 0x00, 0x2c, 0x64, 0x01, 0x00, 0x00, 0x15, 0x1f, 0x18, 0x70, 0x24, 0x00, 0x10
    .byte 0x00, 0x00, 0x00, 0x17, 0x00, 0x15, 0x20, 0x18, 0x70, 0x05, 0x00, 0x00, 0x00, 0x00, 0x00, 0x17
    .byte 0x00, 0x15, 0x27, 0x18, 0x70, 0x17, 0x00, 0x2c, 0xff, 0xff, 0xff, 0xff, 0x2c, 0xff, 0xff, 0xff
    .byte 0xff, 0x2c, 0xff, 0xff, 0xff, 0xff, 0x15, 0x33, 0x25, 0xe6, 0xfc, 0x21, 0x02, 0x29, 0x00, 0xff
    .byte 0x32, 0x00, 0x03, 0x00, 0x00, 0x00, 0x14, 0xc9, 0xfb, 0x21, 0x02, 0x2c, 0x01, 0x00, 0x00, 0x00
    .byte 0x2c, 0x64, 0x01, 0x00, 0x00, 0x15, 0x1f, 0x18, 0x70, 0x24, 0x00, 0x0c, 0x00, 0x00, 0x00, 0x17
    .byte 0x00, 0x15, 0x20, 0x18, 0x70, 0x24, 0x00, 0x0c, 0x00, 0x00, 0x00, 0x17, 0x00, 0x15, 0x27, 0x18
    .byte 0x70, 0x17, 0x00, 0x2c, 0xff, 0xff, 0xff, 0xff, 0x2c, 0xff, 0xff, 0xff, 0xff, 0x2c, 0xff, 0xff
    .byte 0xff, 0xff, 0x15, 0x33, 0x25, 0xe6, 0xfc, 0x21, 0x02, 0x29, 0x00, 0xff, 0x32, 0x00, 0x04, 0x00
    .byte 0x00, 0x00, 0x14, 0x15, 0xfc, 0x21, 0x02, 0x2c, 0x01, 0x00, 0x00, 0x00, 0x2c, 0x64, 0x01, 0x00
    .byte 0x00, 0x15, 0x1f, 0x18, 0x70, 0x05, 0x00, 0x00, 0x00, 0x00, 0x00, 0x17, 0x00, 0x15, 0x20, 0x18
    .byte 0x70, 0x24, 0x00, 0x10, 0x00, 0x00, 0x00, 0x17, 0x00, 0x15, 0x27, 0x18, 0x70, 0x17, 0x00, 0x2c
    .byte 0xff, 0xff, 0xff, 0xff, 0x2c, 0xff, 0xff, 0xff, 0xff, 0x2c, 0xff, 0xff, 0xff, 0xff, 0x15, 0x33
    .byte 0x25, 0xe6, 0xfc, 0x21, 0x02, 0x29, 0x00, 0xff, 0x32, 0x00, 0x05, 0x00, 0x00, 0x00, 0x14, 0x61
    .byte 0xfc, 0x21, 0x02, 0x2c, 0x01, 0x00, 0x00, 0x00, 0x2c, 0x64, 0x01, 0x00, 0x00, 0x15, 0x1f, 0x18
    .byte 0x70, 0x05, 0x00, 0x0c, 0x00, 0x00, 0x00, 0x17, 0x00, 0x15, 0x20, 0x18, 0x70, 0x24, 0x00, 0x0c
    .byte 0x00, 0x00, 0x00, 0x17, 0x00, 0x15, 0x27, 0x18, 0x70, 0x17, 0x00, 0x2c, 0xff, 0xff, 0xff, 0xff
    .byte 0x2c, 0xff, 0xff, 0xff, 0xff, 0x2c, 0xff, 0xff, 0xff, 0xff, 0x15, 0x33, 0x25, 0xe6, 0xfc, 0x21
    .byte 0x02, 0x29, 0x00, 0xff, 0x32, 0x00, 0x06, 0x00, 0x00, 0x00, 0x14, 0xad, 0xfc, 0x21, 0x02, 0x2c
    .byte 0x01, 0x00, 0x00, 0x00, 0x2c, 0x64, 0x01, 0x00, 0x00, 0x15, 0x1f, 0x18, 0x70, 0x05, 0x00, 0x10
    .byte 0x00, 0x00, 0x00, 0x17, 0x00, 0x15, 0x20, 0x18, 0x70, 0x05, 0x00, 0x00, 0x00, 0x00, 0x00, 0x17
    .byte 0x00, 0x15, 0x27, 0x18, 0x70, 0x17, 0x00, 0x2c, 0xff, 0xff, 0xff, 0xff, 0x2c, 0xff, 0xff, 0xff
    .byte 0xff, 0x2c, 0xff, 0xff, 0xff, 0xff, 0x15, 0x33, 0x25, 0xe6, 0xfc, 0x21, 0x02, 0x2c, 0x01, 0x00
    .byte 0x00, 0x00, 0x2c, 0x64, 0x01, 0x00, 0x00, 0x15, 0x1f, 0x18, 0x70, 0x05, 0x00, 0x0c, 0x00, 0x00
    .byte 0x00, 0x17, 0x00, 0x15, 0x20, 0x18, 0x70, 0x05, 0x00, 0x0c, 0x00, 0x00, 0x00, 0x17, 0x00, 0x15
    .byte 0x27, 0x18, 0x70, 0x17, 0x00, 0x2c, 0xff, 0xff, 0xff, 0xff, 0x2c, 0xff, 0xff, 0xff, 0xff, 0x2c
    .byte 0xff, 0xff, 0xff, 0xff, 0x15, 0x33, 0x25, 0x26, 0xff, 0x21, 0x02, 0x2b, 0x00, 0x02, 0x34, 0x00
    .byte 0x19, 0x00, 0x00, 0x00, 0x14, 0x26, 0xff, 0x21, 0x02, 0x29, 0x00, 0xff, 0x32, 0x00, 0x00, 0x00
    .byte 0x00, 0x00, 0x14, 0x41, 0xfd, 0x21, 0x02, 0x2c, 0x01, 0x00, 0x00, 0x00, 0x15, 0x1f, 0x18, 0x70
    .byte 0x05, 0x00, 0x00, 0x00, 0x00, 0x00, 0x17, 0x00, 0x15, 0x20, 0x18, 0x70, 0x05, 0x00, 0x10, 0x00
    .byte 0x00, 0x00, 0x17, 0x00, 0x15, 0x27, 0x18, 0x70, 0x17, 0x00, 0x20, 0x00, 0x00, 0x20, 0x00, 0x00
    .byte 0x2c, 0xf4, 0x01, 0x00, 0x00, 0x2c, 0x2c, 0x01, 0x00, 0x00, 0x15, 0xb2, 0x25, 0x26, 0xff, 0x21
    .byte 0x02, 0x29, 0x00, 0xff, 0x32, 0x00, 0x01, 0x00, 0x00, 0x00, 0x14, 0x89, 0xfd, 0x21, 0x02, 0x2c
    .byte 0x01, 0x00, 0x00, 0x00, 0x15, 0x1f, 0x18, 0x70, 0x24, 0x00, 0x0c, 0x00, 0x00, 0x00, 0x17, 0x00
    .byte 0x15, 0x20, 0x18, 0x70, 0x05, 0x00, 0x0c, 0x00, 0x00, 0x00, 0x17, 0x00, 0x15, 0x27, 0x18, 0x70
    .byte 0x17, 0x00, 0x20, 0x00, 0x00, 0x20, 0x00, 0x00, 0x2c, 0xf4, 0x01, 0x00, 0x00, 0x2c, 0x2c, 0x01
    .byte 0x00, 0x00, 0x15, 0xb2, 0x25, 0x26, 0xff, 0x21, 0x02, 0x29, 0x00, 0xff, 0x32, 0x00, 0x02, 0x00
    .byte 0x00, 0x00, 0x14, 0xd1, 0xfd, 0x21, 0x02, 0x2c, 0x01, 0x00, 0x00, 0x00, 0x15, 0x1f, 0x18, 0x70
    .byte 0x24, 0x00, 0x10, 0x00, 0x00, 0x00, 0x17, 0x00, 0x15, 0x20, 0x18, 0x70, 0x05, 0x00, 0x00, 0x00
    .byte 0x00, 0x00, 0x17, 0x00, 0x15, 0x27, 0x18, 0x70, 0x17, 0x00, 0x20, 0x00, 0x00, 0x20, 0x00, 0x00
    .byte 0x2c, 0xf4, 0x01, 0x00, 0x00, 0x2c, 0x2c, 0x01, 0x00, 0x00, 0x15, 0xb2, 0x25, 0x26, 0xff, 0x21
    .byte 0x02, 0x29, 0x00, 0xff, 0x32, 0x00, 0x03, 0x00, 0x00, 0x00, 0x14, 0x19, 0xfe, 0x21, 0x02, 0x2c
    .byte 0x01, 0x00, 0x00, 0x00, 0x15, 0x1f, 0x18, 0x70, 0x24, 0x00, 0x0c, 0x00, 0x00, 0x00, 0x17, 0x00
    .byte 0x15, 0x20, 0x18, 0x70, 0x24, 0x00, 0x0c, 0x00, 0x00, 0x00, 0x17, 0x00, 0x15, 0x27, 0x18, 0x70
    .byte 0x17, 0x00, 0x20, 0x00, 0x00, 0x20, 0x00, 0x00, 0x2c, 0xf4, 0x01, 0x00, 0x00, 0x2c, 0x2c, 0x01
    .byte 0x00, 0x00, 0x15, 0xb2, 0x25, 0x26, 0xff, 0x21, 0x02, 0x29, 0x00, 0xff, 0x32, 0x00, 0x04, 0x00
    .byte 0x00, 0x00, 0x14, 0x61, 0xfe, 0x21, 0x02, 0x2c, 0x01, 0x00, 0x00, 0x00, 0x15, 0x1f, 0x18, 0x70
    .byte 0x05, 0x00, 0x00, 0x00, 0x00, 0x00, 0x17, 0x00, 0x15, 0x20, 0x18, 0x70, 0x24, 0x00, 0x10, 0x00
    .byte 0x00, 0x00, 0x17, 0x00, 0x15, 0x27, 0x18, 0x70, 0x17, 0x00, 0x20, 0x00, 0x00, 0x20, 0x00, 0x00
    .byte 0x2c, 0xf4, 0x01, 0x00, 0x00, 0x2c, 0x2c, 0x01, 0x00, 0x00, 0x15, 0xb2, 0x25, 0x26, 0xff, 0x21
    .byte 0x02, 0x29, 0x00, 0xff, 0x32, 0x00, 0x05, 0x00, 0x00, 0x00, 0x14, 0xa9, 0xfe, 0x21, 0x02, 0x2c
    .byte 0x01, 0x00, 0x00, 0x00, 0x15, 0x1f, 0x18, 0x70, 0x05, 0x00, 0x0c, 0x00, 0x00, 0x00, 0x17, 0x00
    .byte 0x15, 0x20, 0x18, 0x70, 0x24, 0x00, 0x0c, 0x00, 0x00, 0x00, 0x17, 0x00, 0x15, 0x27, 0x18, 0x70
    .byte 0x17, 0x00, 0x20, 0x00, 0x00, 0x20, 0x00, 0x00, 0x2c, 0xf4, 0x01, 0x00, 0x00, 0x2c, 0x2c, 0x01
    .byte 0x00, 0x00, 0x15, 0xb2, 0x25, 0x26, 0xff, 0x21, 0x02, 0x29, 0x00, 0xff, 0x32, 0x00, 0x06, 0x00
    .byte 0x00, 0x00, 0x14, 0xf1, 0xfe, 0x21, 0x02, 0x2c, 0x01, 0x00, 0x00, 0x00, 0x15, 0x1f, 0x18, 0x70
    .byte 0x05, 0x00, 0x10, 0x00, 0x00, 0x00, 0x17, 0x00, 0x15, 0x20, 0x18, 0x70, 0x05, 0x00, 0x00, 0x00
    .byte 0x00, 0x00, 0x17, 0x00, 0x15, 0x27, 0x18, 0x70, 0x17, 0x00, 0x20, 0x00, 0x00, 0x20, 0x00, 0x00
    .byte 0x2c, 0xf4, 0x01, 0x00, 0x00, 0x2c, 0x2c, 0x01, 0x00, 0x00, 0x15, 0xb2, 0x25, 0x26, 0xff, 0x21
    .byte 0x02, 0x2c, 0x01, 0x00, 0x00, 0x00, 0x15, 0x1f, 0x18, 0x70, 0x05, 0x00, 0x0c, 0x00, 0x00, 0x00
    .byte 0x17, 0x00, 0x15, 0x20, 0x18, 0x70, 0x05, 0x00, 0x0c, 0x00, 0x00, 0x00, 0x17, 0x00, 0x15, 0x27
    .byte 0x18, 0x70, 0x17, 0x00, 0x20, 0x00, 0x00, 0x20, 0x00, 0x00, 0x2c, 0xf4, 0x01, 0x00, 0x00, 0x2c
    .byte 0x2c, 0x01, 0x00, 0x00, 0x15, 0xb2, 0x25, 0x2e, 0x0b, 0x22, 0x02, 0x2b, 0x00, 0x02, 0x34, 0x00
    .byte 0x00, 0x00, 0x00, 0x00, 0x14, 0x8b, 0x01, 0x22, 0x02, 0x29, 0x00, 0xff, 0x32, 0x00, 0x00, 0x00
    .byte 0x00, 0x00, 0x14, 0x85, 0xff, 0x21, 0x02, 0x2c, 0x01, 0x00, 0x00, 0x00, 0x2c, 0xff, 0xff, 0xff
    .byte 0xff, 0x15, 0x1f, 0x18, 0x70, 0x05, 0x00, 0x00, 0x00, 0x00, 0x00, 0x17, 0x00, 0x15, 0x20, 0x18
    .byte 0x70, 0x05, 0x00, 0x10, 0x00, 0x00, 0x00, 0x17, 0x00, 0x15, 0x27, 0x18, 0x70, 0x17, 0x00, 0x2c
    .byte 0xff, 0xff, 0xff, 0xff, 0x2c, 0xff, 0xff, 0xff, 0xff, 0x2c, 0xff, 0xff, 0xff, 0xff, 0x15, 0x33
    .byte 0x25, 0x86, 0x01, 0x22, 0x02, 0x29, 0x00, 0xff, 0x32, 0x00, 0x01, 0x00, 0x00, 0x00, 0x14, 0xd1
    .byte 0xff, 0x21, 0x02, 0x2c, 0x01, 0x00, 0x00, 0x00, 0x2c, 0xff, 0xff, 0xff, 0xff, 0x15, 0x1f, 0x18
    .byte 0x70, 0x24, 0x00, 0x0c, 0x00, 0x00, 0x00, 0x17, 0x00, 0x15, 0x20, 0x18, 0x70, 0x05, 0x00, 0x0c
    .byte 0x00, 0x00, 0x00, 0x17, 0x00, 0x15, 0x27, 0x18, 0x70, 0x17, 0x00, 0x2c, 0xff, 0xff, 0xff, 0xff
    .byte 0x2c, 0xff, 0xff, 0xff, 0xff, 0x2c, 0xff, 0xff, 0xff, 0xff, 0x15, 0x33, 0x25, 0x86, 0x01, 0x22
    .byte 0x02, 0x29, 0x00, 0xff, 0x32, 0x00, 0x02, 0x00, 0x00, 0x00, 0x14, 0x1d, 0x00, 0x22, 0x02, 0x2c
    .byte 0x01, 0x00, 0x00, 0x00, 0x2c, 0xff, 0xff, 0xff, 0xff, 0x15, 0x1f, 0x18, 0x70, 0x24, 0x00, 0x10
    .byte 0x00, 0x00, 0x00, 0x17, 0x00, 0x15, 0x20, 0x18, 0x70, 0x05, 0x00, 0x00, 0x00, 0x00, 0x00, 0x17
    .byte 0x00, 0x15, 0x27, 0x18, 0x70, 0x17, 0x00, 0x2c, 0xff, 0xff, 0xff, 0xff, 0x2c, 0xff, 0xff, 0xff
    .byte 0xff, 0x2c, 0xff, 0xff, 0xff, 0xff, 0x15, 0x33, 0x25, 0x86, 0x01, 0x22, 0x02, 0x29, 0x00, 0xff
    .byte 0x32, 0x00, 0x03, 0x00, 0x00, 0x00, 0x14, 0x69, 0x00, 0x22, 0x02, 0x2c, 0x01, 0x00, 0x00, 0x00
    .byte 0x2c, 0xff, 0xff, 0xff, 0xff, 0x15, 0x1f, 0x18, 0x70, 0x24, 0x00, 0x0c, 0x00, 0x00, 0x00, 0x17
    .byte 0x00, 0x15, 0x20, 0x18, 0x70, 0x24, 0x00, 0x0c, 0x00, 0x00, 0x00, 0x17, 0x00, 0x15, 0x27, 0x18
    .byte 0x70, 0x17, 0x00, 0x2c, 0xff, 0xff, 0xff, 0xff, 0x2c, 0xff, 0xff, 0xff, 0xff, 0x2c, 0xff, 0xff
    .byte 0xff, 0xff, 0x15, 0x33, 0x25, 0x86, 0x01, 0x22, 0x02, 0x29, 0x00, 0xff, 0x32, 0x00, 0x04, 0x00
    .byte 0x00, 0x00, 0x14, 0xb5, 0x00, 0x22, 0x02, 0x2c, 0x01, 0x00, 0x00, 0x00, 0x2c, 0xff, 0xff, 0xff
    .byte 0xff, 0x15, 0x1f, 0x18, 0x70, 0x05, 0x00, 0x00, 0x00, 0x00, 0x00, 0x17, 0x00, 0x15, 0x20, 0x18
    .byte 0x70, 0x24, 0x00, 0x10, 0x00, 0x00, 0x00, 0x17, 0x00, 0x15, 0x27, 0x18, 0x70, 0x17, 0x00, 0x2c
    .byte 0xff, 0xff, 0xff, 0xff, 0x2c, 0xff, 0xff, 0xff, 0xff, 0x2c, 0xff, 0xff, 0xff, 0xff, 0x15, 0x33
    .byte 0x25, 0x86, 0x01, 0x22, 0x02, 0x29, 0x00, 0xff, 0x32, 0x00, 0x05, 0x00, 0x00, 0x00, 0x14, 0x01
    .byte 0x01, 0x22, 0x02, 0x2c, 0x01, 0x00, 0x00, 0x00, 0x2c, 0xff, 0xff, 0xff, 0xff, 0x15, 0x1f, 0x18
    .byte 0x70, 0x05, 0x00, 0x0c, 0x00, 0x00, 0x00, 0x17, 0x00, 0x15, 0x20, 0x18, 0x70, 0x24, 0x00, 0x0c
    .byte 0x00, 0x00, 0x00, 0x17, 0x00, 0x15, 0x27, 0x18, 0x70, 0x17, 0x00, 0x2c, 0xff, 0xff, 0xff, 0xff
    .byte 0x2c, 0xff, 0xff, 0xff, 0xff, 0x2c, 0xff, 0xff, 0xff, 0xff, 0x15, 0x33, 0x25, 0x86, 0x01, 0x22
    .byte 0x02, 0x29, 0x00, 0xff, 0x32, 0x00, 0x06, 0x00, 0x00, 0x00, 0x14, 0x4d, 0x01, 0x22, 0x02, 0x2c
    .byte 0x01, 0x00, 0x00, 0x00, 0x2c, 0xff, 0xff, 0xff, 0xff, 0x15, 0x1f, 0x18, 0x70, 0x05, 0x00, 0x10
    .byte 0x00, 0x00, 0x00, 0x17, 0x00, 0x15, 0x20, 0x18, 0x70, 0x05, 0x00, 0x00, 0x00, 0x00, 0x00, 0x17
    .byte 0x00, 0x15, 0x27, 0x18, 0x70, 0x17, 0x00, 0x2c, 0xff, 0xff, 0xff, 0xff, 0x2c, 0xff, 0xff, 0xff
    .byte 0xff, 0x2c, 0xff, 0xff, 0xff, 0xff, 0x15, 0x33, 0x25, 0x86, 0x01, 0x22, 0x02, 0x2c, 0x01, 0x00
    .byte 0x00, 0x00, 0x2c, 0xff, 0xff, 0xff, 0xff, 0x15, 0x1f, 0x18, 0x70, 0x05, 0x00, 0x0c, 0x00, 0x00
    .byte 0x00, 0x17, 0x00, 0x15, 0x20, 0x18, 0x70, 0x05, 0x00, 0x0c, 0x00, 0x00, 0x00, 0x17, 0x00, 0x15
    .byte 0x27, 0x18, 0x70, 0x17, 0x00, 0x2c, 0xff, 0xff, 0xff, 0xff, 0x2c, 0xff, 0xff, 0xff, 0xff, 0x2c
    .byte 0xff, 0xff, 0xff, 0xff, 0x15, 0x33, 0x25, 0x2e, 0x0b, 0x22, 0x02, 0x2c, 0x64, 0x00, 0x00, 0x00
    .byte 0x15, 0x01, 0x18, 0x70, 0x28, 0x00, 0x02, 0x2b, 0x00, 0x02, 0x34, 0x00, 0x03, 0x00, 0x00, 0x00
    .byte 0x14, 0xf3, 0x08, 0x22, 0x02, 0x2d, 0xfe, 0x15, 0x7c, 0x18, 0x70, 0x31, 0x00, 0x05, 0x00, 0x00
    .byte 0x00, 0x14, 0xf3, 0x08, 0x22, 0x02, 0x29, 0x00, 0xfe, 0x35, 0x00, 0x25, 0x00, 0x00, 0x00, 0x14
    .byte 0xf3, 0x08, 0x22, 0x02, 0x29, 0x00, 0xfe, 0x35, 0x00, 0x4f, 0x00, 0x00, 0x00, 0x14, 0xf3, 0x08
    .byte 0x22, 0x02, 0x2d, 0xfe, 0x15, 0x7c, 0x18, 0x70, 0x31, 0x00, 0x08, 0x00, 0x00, 0x00, 0x14, 0xa1
    .byte 0x06, 0x22, 0x02, 0x2c, 0x02, 0x00, 0x00, 0x00, 0x15, 0x01, 0x18, 0x70, 0x28, 0x00, 0x02, 0x2b
    .byte 0x00, 0x02, 0x32, 0x00, 0x00, 0x00, 0x00, 0x00, 0x14, 0x4f, 0x04, 0x22, 0x02, 0x29, 0x00, 0xff
    .byte 0x32, 0x00, 0x00, 0x00, 0x00, 0x00, 0x14, 0x49, 0x02, 0x22, 0x02, 0x2c, 0x01, 0x00, 0x00, 0x00
    .byte 0x2c, 0x65, 0x01, 0x00, 0x00, 0x15, 0x1f, 0x18, 0x70, 0x05, 0x00, 0x00, 0x00, 0x00, 0x00, 0x17
    .byte 0x00, 0x15, 0x20, 0x18, 0x70, 0x05, 0x00, 0x10, 0x00, 0x00, 0x00, 0x17, 0x00, 0x15, 0x27, 0x18
    .byte 0x70, 0x17, 0x00, 0x2c, 0xff, 0xff, 0xff, 0xff, 0x2c, 0xff, 0xff, 0xff, 0xff, 0x2c, 0xff, 0xff
    .byte 0xff, 0xff, 0x15, 0x33, 0x25, 0x4a, 0x04, 0x22, 0x02, 0x29, 0x00, 0xff, 0x32, 0x00, 0x01, 0x00
    .byte 0x00, 0x00, 0x14, 0x95, 0x02, 0x22, 0x02, 0x2c, 0x01, 0x00, 0x00, 0x00, 0x2c, 0x65, 0x01, 0x00
    .byte 0x00, 0x15, 0x1f, 0x18, 0x70, 0x24, 0x00, 0x0c, 0x00, 0x00, 0x00, 0x17, 0x00, 0x15, 0x20, 0x18
    .byte 0x70, 0x05, 0x00, 0x0c, 0x00, 0x00, 0x00, 0x17, 0x00, 0x15, 0x27, 0x18, 0x70, 0x17, 0x00, 0x2c
    .byte 0xff, 0xff, 0xff, 0xff, 0x2c, 0xff, 0xff, 0xff, 0xff, 0x2c, 0xff, 0xff, 0xff, 0xff, 0x15, 0x33
    .byte 0x25, 0x4a, 0x04, 0x22, 0x02, 0x29, 0x00, 0xff, 0x32, 0x00, 0x02, 0x00, 0x00, 0x00, 0x14, 0xe1
    .byte 0x02, 0x22, 0x02, 0x2c, 0x01, 0x00, 0x00, 0x00, 0x2c, 0x65, 0x01, 0x00, 0x00, 0x15, 0x1f, 0x18
    .byte 0x70, 0x24, 0x00, 0x10, 0x00, 0x00, 0x00, 0x17, 0x00, 0x15, 0x20, 0x18, 0x70, 0x05, 0x00, 0x00
    .byte 0x00, 0x00, 0x00, 0x17, 0x00, 0x15, 0x27, 0x18, 0x70, 0x17, 0x00, 0x2c, 0xff, 0xff, 0xff, 0xff
    .byte 0x2c, 0xff, 0xff, 0xff, 0xff, 0x2c, 0xff, 0xff, 0xff, 0xff, 0x15, 0x33, 0x25, 0x4a, 0x04, 0x22
    .byte 0x02, 0x29, 0x00, 0xff, 0x32, 0x00, 0x03, 0x00, 0x00, 0x00, 0x14, 0x2d, 0x03, 0x22, 0x02, 0x2c
    .byte 0x01, 0x00, 0x00, 0x00, 0x2c, 0x65, 0x01, 0x00, 0x00, 0x15, 0x1f, 0x18, 0x70, 0x24, 0x00, 0x0c
    .byte 0x00, 0x00, 0x00, 0x17, 0x00, 0x15, 0x20, 0x18, 0x70, 0x24, 0x00, 0x0c, 0x00, 0x00, 0x00, 0x17
    .byte 0x00, 0x15, 0x27, 0x18, 0x70, 0x17, 0x00, 0x2c, 0xff, 0xff, 0xff, 0xff, 0x2c, 0xff, 0xff, 0xff
    .byte 0xff, 0x2c, 0xff, 0xff, 0xff, 0xff, 0x15, 0x33, 0x25, 0x4a, 0x04, 0x22, 0x02, 0x29, 0x00, 0xff
    .byte 0x32, 0x00, 0x04, 0x00, 0x00, 0x00, 0x14, 0x79, 0x03, 0x22, 0x02, 0x2c, 0x01, 0x00, 0x00, 0x00
    .byte 0x2c, 0x65, 0x01, 0x00, 0x00, 0x15, 0x1f, 0x18, 0x70, 0x05, 0x00, 0x00, 0x00, 0x00, 0x00, 0x17
    .byte 0x00, 0x15, 0x20, 0x18, 0x70, 0x24, 0x00, 0x10, 0x00, 0x00, 0x00, 0x17, 0x00, 0x15, 0x27, 0x18
    .byte 0x70, 0x17, 0x00, 0x2c, 0xff, 0xff, 0xff, 0xff, 0x2c, 0xff, 0xff, 0xff, 0xff, 0x2c, 0xff, 0xff
    .byte 0xff, 0xff, 0x15, 0x33, 0x25, 0x4a, 0x04, 0x22, 0x02, 0x29, 0x00, 0xff, 0x32, 0x00, 0x05, 0x00
    .byte 0x00, 0x00, 0x14, 0xc5, 0x03, 0x22, 0x02, 0x2c, 0x01, 0x00, 0x00, 0x00, 0x2c, 0x65, 0x01, 0x00
    .byte 0x00, 0x15, 0x1f, 0x18, 0x70, 0x05, 0x00, 0x0c, 0x00, 0x00, 0x00, 0x17, 0x00, 0x15, 0x20, 0x18
    .byte 0x70, 0x24, 0x00, 0x0c, 0x00, 0x00, 0x00, 0x17, 0x00, 0x15, 0x27, 0x18, 0x70, 0x17, 0x00, 0x2c
    .byte 0xff, 0xff, 0xff, 0xff, 0x2c, 0xff, 0xff, 0xff, 0xff, 0x2c, 0xff, 0xff, 0xff, 0xff, 0x15, 0x33
    .byte 0x25, 0x4a, 0x04, 0x22, 0x02, 0x29, 0x00, 0xff, 0x32, 0x00, 0x06, 0x00, 0x00, 0x00, 0x14, 0x11
    .byte 0x04, 0x22, 0x02, 0x2c, 0x01, 0x00, 0x00, 0x00, 0x2c, 0x65, 0x01, 0x00, 0x00, 0x15, 0x1f, 0x18
    .byte 0x70, 0x05, 0x00, 0x10, 0x00, 0x00, 0x00, 0x17, 0x00, 0x15, 0x20, 0x18, 0x70, 0x05, 0x00, 0x00
    .byte 0x00, 0x00, 0x00, 0x17, 0x00, 0x15, 0x27, 0x18, 0x70, 0x17, 0x00, 0x2c, 0xff, 0xff, 0xff, 0xff
    .byte 0x2c, 0xff, 0xff, 0xff, 0xff, 0x2c, 0xff, 0xff, 0xff, 0xff, 0x15, 0x33, 0x25, 0x4a, 0x04, 0x22
    .byte 0x02, 0x2c, 0x01, 0x00, 0x00, 0x00, 0x2c, 0x65, 0x01, 0x00, 0x00, 0x15, 0x1f, 0x18, 0x70, 0x05
    .byte 0x00, 0x0c, 0x00, 0x00, 0x00, 0x17, 0x00, 0x15, 0x20, 0x18, 0x70, 0x05, 0x00, 0x0c, 0x00, 0x00
    .byte 0x00, 0x17, 0x00, 0x15, 0x27, 0x18, 0x70, 0x17, 0x00, 0x2c, 0xff, 0xff, 0xff, 0xff, 0x2c, 0xff
    .byte 0xff, 0xff, 0xff, 0x2c, 0xff, 0xff, 0xff, 0xff, 0x15, 0x33, 0x25, 0x9c, 0x06, 0x22, 0x02, 0x29
    .byte 0x00, 0xff, 0x32, 0x00, 0x00, 0x00, 0x00, 0x00, 0x14, 0x9b, 0x04, 0x22, 0x02, 0x2c, 0x01, 0x00
    .byte 0x00, 0x00, 0x2c, 0x64, 0x01, 0x00, 0x00, 0x15, 0x1f, 0x18, 0x70, 0x05, 0x00, 0x00, 0x00, 0x00
    .byte 0x00, 0x17, 0x00, 0x15, 0x20, 0x18, 0x70, 0x05, 0x00, 0x10, 0x00, 0x00, 0x00, 0x17, 0x00, 0x15
    .byte 0x27, 0x18, 0x70, 0x17, 0x00, 0x2c, 0xff, 0xff, 0xff, 0xff, 0x2c, 0xff, 0xff, 0xff, 0xff, 0x2c
    .byte 0xff, 0xff, 0xff, 0xff, 0x15, 0x33, 0x25, 0x9c, 0x06, 0x22, 0x02, 0x29, 0x00, 0xff, 0x32, 0x00
    .byte 0x01, 0x00, 0x00, 0x00, 0x14, 0xe7, 0x04, 0x22, 0x02, 0x2c, 0x01, 0x00, 0x00, 0x00, 0x2c, 0x64
    .byte 0x01, 0x00, 0x00, 0x15, 0x1f, 0x18, 0x70, 0x24, 0x00, 0x0c, 0x00, 0x00, 0x00, 0x17, 0x00, 0x15
    .byte 0x20, 0x18, 0x70, 0x05, 0x00, 0x0c, 0x00, 0x00, 0x00, 0x17, 0x00, 0x15, 0x27, 0x18, 0x70, 0x17
    .byte 0x00, 0x2c, 0xff, 0xff, 0xff, 0xff, 0x2c, 0xff, 0xff, 0xff, 0xff, 0x2c, 0xff, 0xff, 0xff, 0xff
    .byte 0x15, 0x33, 0x25, 0x9c, 0x06, 0x22, 0x02, 0x29, 0x00, 0xff, 0x32, 0x00, 0x02, 0x00, 0x00, 0x00
    .byte 0x14, 0x33, 0x05, 0x22, 0x02, 0x2c, 0x01, 0x00, 0x00, 0x00, 0x2c, 0x64, 0x01, 0x00, 0x00, 0x15
    .byte 0x1f, 0x18, 0x70, 0x24, 0x00, 0x10, 0x00, 0x00, 0x00, 0x17, 0x00, 0x15, 0x20, 0x18, 0x70, 0x05
    .byte 0x00, 0x00, 0x00, 0x00, 0x00, 0x17, 0x00, 0x15, 0x27, 0x18, 0x70, 0x17, 0x00, 0x2c, 0xff, 0xff
    .byte 0xff, 0xff, 0x2c, 0xff, 0xff, 0xff, 0xff, 0x2c, 0xff, 0xff, 0xff, 0xff, 0x15, 0x33, 0x25, 0x9c
    .byte 0x06, 0x22, 0x02, 0x29, 0x00, 0xff, 0x32, 0x00, 0x03, 0x00, 0x00, 0x00, 0x14, 0x7f, 0x05, 0x22
    .byte 0x02, 0x2c, 0x01, 0x00, 0x00, 0x00, 0x2c, 0x64, 0x01, 0x00, 0x00, 0x15, 0x1f, 0x18, 0x70, 0x24
    .byte 0x00, 0x0c, 0x00, 0x00, 0x00, 0x17, 0x00, 0x15, 0x20, 0x18, 0x70, 0x24, 0x00, 0x0c, 0x00, 0x00
    .byte 0x00, 0x17, 0x00, 0x15, 0x27, 0x18, 0x70, 0x17, 0x00, 0x2c, 0xff, 0xff, 0xff, 0xff, 0x2c, 0xff
    .byte 0xff, 0xff, 0xff, 0x2c, 0xff, 0xff, 0xff, 0xff, 0x15, 0x33, 0x25, 0x9c, 0x06, 0x22, 0x02, 0x29
    .byte 0x00, 0xff, 0x32, 0x00, 0x04, 0x00, 0x00, 0x00, 0x14, 0xcb, 0x05, 0x22, 0x02, 0x2c, 0x01, 0x00
    .byte 0x00, 0x00, 0x2c, 0x64, 0x01, 0x00, 0x00, 0x15, 0x1f, 0x18, 0x70, 0x05, 0x00, 0x00, 0x00, 0x00
    .byte 0x00, 0x17, 0x00, 0x15, 0x20, 0x18, 0x70, 0x24, 0x00, 0x10, 0x00, 0x00, 0x00, 0x17, 0x00, 0x15
    .byte 0x27, 0x18, 0x70, 0x17, 0x00, 0x2c, 0xff, 0xff, 0xff, 0xff, 0x2c, 0xff, 0xff, 0xff, 0xff, 0x2c
    .byte 0xff, 0xff, 0xff, 0xff, 0x15, 0x33, 0x25, 0x9c, 0x06, 0x22, 0x02, 0x29, 0x00, 0xff, 0x32, 0x00
    .byte 0x05, 0x00, 0x00, 0x00, 0x14, 0x17, 0x06, 0x22, 0x02, 0x2c, 0x01, 0x00, 0x00, 0x00, 0x2c, 0x64
    .byte 0x01, 0x00, 0x00, 0x15, 0x1f, 0x18, 0x70, 0x05, 0x00, 0x0c, 0x00, 0x00, 0x00, 0x17, 0x00, 0x15
    .byte 0x20, 0x18, 0x70, 0x24, 0x00, 0x0c, 0x00, 0x00, 0x00, 0x17, 0x00, 0x15, 0x27, 0x18, 0x70, 0x17
    .byte 0x00, 0x2c, 0xff, 0xff, 0xff, 0xff, 0x2c, 0xff, 0xff, 0xff, 0xff, 0x2c, 0xff, 0xff, 0xff, 0xff
    .byte 0x15, 0x33, 0x25, 0x9c, 0x06, 0x22, 0x02, 0x29, 0x00, 0xff, 0x32, 0x00, 0x06, 0x00, 0x00, 0x00
    .byte 0x14, 0x63, 0x06, 0x22, 0x02, 0x2c, 0x01, 0x00, 0x00, 0x00, 0x2c, 0x64, 0x01, 0x00, 0x00, 0x15
    .byte 0x1f, 0x18, 0x70, 0x05, 0x00, 0x10, 0x00, 0x00, 0x00, 0x17, 0x00, 0x15, 0x20, 0x18, 0x70, 0x05
    .byte 0x00, 0x00, 0x00, 0x00, 0x00, 0x17, 0x00, 0x15, 0x27, 0x18, 0x70, 0x17, 0x00, 0x2c, 0xff, 0xff
    .byte 0xff, 0xff, 0x2c, 0xff, 0xff, 0xff, 0xff, 0x2c, 0xff, 0xff, 0xff, 0xff, 0x15, 0x33, 0x25, 0x9c
    .byte 0x06, 0x22, 0x02, 0x2c, 0x01, 0x00, 0x00, 0x00, 0x2c, 0x64, 0x01, 0x00, 0x00, 0x15, 0x1f, 0x18
    .byte 0x70, 0x05, 0x00, 0x0c, 0x00, 0x00, 0x00, 0x17, 0x00, 0x15, 0x20, 0x18, 0x70, 0x05, 0x00, 0x0c
    .byte 0x00, 0x00, 0x00, 0x17, 0x00, 0x15, 0x27, 0x18, 0x70, 0x17, 0x00, 0x2c, 0xff, 0xff, 0xff, 0xff
    .byte 0x2c, 0xff, 0xff, 0xff, 0xff, 0x2c, 0xff, 0xff, 0xff, 0xff, 0x15, 0x33, 0x25, 0xee, 0x08, 0x22
    .byte 0x02, 0x29, 0x00, 0xff, 0x32, 0x00, 0x00, 0x00, 0x00, 0x00, 0x14, 0xed, 0x06, 0x22, 0x02, 0x2c
    .byte 0x01, 0x00, 0x00, 0x00, 0x2c, 0x64, 0x01, 0x00, 0x00, 0x15, 0x1f, 0x18, 0x70, 0x05, 0x00, 0x00
    .byte 0x00, 0x00, 0x00, 0x17, 0x00, 0x15, 0x20, 0x18, 0x70, 0x05, 0x00, 0x10, 0x00, 0x00, 0x00, 0x17
    .byte 0x00, 0x15, 0x27, 0x18, 0x70, 0x17, 0x00, 0x2c, 0xff, 0xff, 0xff, 0xff, 0x2c, 0xff, 0xff, 0xff
    .byte 0xff, 0x2c, 0xff, 0xff, 0xff, 0xff, 0x15, 0x33, 0x25, 0xee, 0x08, 0x22, 0x02, 0x29, 0x00, 0xff
    .byte 0x32, 0x00, 0x01, 0x00, 0x00, 0x00, 0x14, 0x39, 0x07, 0x22, 0x02, 0x2c, 0x01, 0x00, 0x00, 0x00
    .byte 0x2c, 0x64, 0x01, 0x00, 0x00, 0x15, 0x1f, 0x18, 0x70, 0x24, 0x00, 0x0c, 0x00, 0x00, 0x00, 0x17
    .byte 0x00, 0x15, 0x20, 0x18, 0x70, 0x05, 0x00, 0x0c, 0x00, 0x00, 0x00, 0x17, 0x00, 0x15, 0x27, 0x18
    .byte 0x70, 0x17, 0x00, 0x2c, 0xff, 0xff, 0xff, 0xff, 0x2c, 0xff, 0xff, 0xff, 0xff, 0x2c, 0xff, 0xff
    .byte 0xff, 0xff, 0x15, 0x33, 0x25, 0xee, 0x08, 0x22, 0x02, 0x29, 0x00, 0xff, 0x32, 0x00, 0x02, 0x00
    .byte 0x00, 0x00, 0x14, 0x85, 0x07, 0x22, 0x02, 0x2c, 0x01, 0x00, 0x00, 0x00, 0x2c, 0x64, 0x01, 0x00
    .byte 0x00, 0x15, 0x1f, 0x18, 0x70, 0x24, 0x00, 0x10, 0x00, 0x00, 0x00, 0x17, 0x00, 0x15, 0x20, 0x18
    .byte 0x70, 0x05, 0x00, 0x00, 0x00, 0x00, 0x00, 0x17, 0x00, 0x15, 0x27, 0x18, 0x70, 0x17, 0x00, 0x2c
    .byte 0xff, 0xff, 0xff, 0xff, 0x2c, 0xff, 0xff, 0xff, 0xff, 0x2c, 0xff, 0xff, 0xff, 0xff, 0x15, 0x33
    .byte 0x25, 0xee, 0x08, 0x22, 0x02, 0x29, 0x00, 0xff, 0x32, 0x00, 0x03, 0x00, 0x00, 0x00, 0x14, 0xd1
    .byte 0x07, 0x22, 0x02, 0x2c, 0x01, 0x00, 0x00, 0x00, 0x2c, 0x64, 0x01, 0x00, 0x00, 0x15, 0x1f, 0x18
    .byte 0x70, 0x24, 0x00, 0x0c, 0x00, 0x00, 0x00, 0x17, 0x00, 0x15, 0x20, 0x18, 0x70, 0x24, 0x00, 0x0c
    .byte 0x00, 0x00, 0x00, 0x17, 0x00, 0x15, 0x27, 0x18, 0x70, 0x17, 0x00, 0x2c, 0xff, 0xff, 0xff, 0xff
    .byte 0x2c, 0xff, 0xff, 0xff, 0xff, 0x2c, 0xff, 0xff, 0xff, 0xff, 0x15, 0x33, 0x25, 0xee, 0x08, 0x22
    .byte 0x02, 0x29, 0x00, 0xff, 0x32, 0x00, 0x04, 0x00, 0x00, 0x00, 0x14, 0x1d, 0x08, 0x22, 0x02, 0x2c
    .byte 0x01, 0x00, 0x00, 0x00, 0x2c, 0x64, 0x01, 0x00, 0x00, 0x15, 0x1f, 0x18, 0x70, 0x05, 0x00, 0x00
    .byte 0x00, 0x00, 0x00, 0x17, 0x00, 0x15, 0x20, 0x18, 0x70, 0x24, 0x00, 0x10, 0x00, 0x00, 0x00, 0x17
    .byte 0x00, 0x15, 0x27, 0x18, 0x70, 0x17, 0x00, 0x2c, 0xff, 0xff, 0xff, 0xff, 0x2c, 0xff, 0xff, 0xff
    .byte 0xff, 0x2c, 0xff, 0xff, 0xff, 0xff, 0x15, 0x33, 0x25, 0xee, 0x08, 0x22, 0x02, 0x29, 0x00, 0xff
    .byte 0x32, 0x00, 0x05, 0x00, 0x00, 0x00, 0x14, 0x69, 0x08, 0x22, 0x02, 0x2c, 0x01, 0x00, 0x00, 0x00
    .byte 0x2c, 0x64, 0x01, 0x00, 0x00, 0x15, 0x1f, 0x18, 0x70, 0x05, 0x00, 0x0c, 0x00, 0x00, 0x00, 0x17
    .byte 0x00, 0x15, 0x20, 0x18, 0x70, 0x24, 0x00, 0x0c, 0x00, 0x00, 0x00, 0x17, 0x00, 0x15, 0x27, 0x18
    .byte 0x70, 0x17, 0x00, 0x2c, 0xff, 0xff, 0xff, 0xff, 0x2c, 0xff, 0xff, 0xff, 0xff, 0x2c, 0xff, 0xff
    .byte 0xff, 0xff, 0x15, 0x33, 0x25, 0xee, 0x08, 0x22, 0x02, 0x29, 0x00, 0xff, 0x32, 0x00, 0x06, 0x00
    .byte 0x00, 0x00, 0x14, 0xb5, 0x08, 0x22, 0x02, 0x2c, 0x01, 0x00, 0x00, 0x00, 0x2c, 0x64, 0x01, 0x00
    .byte 0x00, 0x15, 0x1f, 0x18, 0x70, 0x05, 0x00, 0x10, 0x00, 0x00, 0x00, 0x17, 0x00, 0x15, 0x20, 0x18
    .byte 0x70, 0x05, 0x00, 0x00, 0x00, 0x00, 0x00, 0x17, 0x00, 0x15, 0x27, 0x18, 0x70, 0x17, 0x00, 0x2c
    .byte 0xff, 0xff, 0xff, 0xff, 0x2c, 0xff, 0xff, 0xff, 0xff, 0x2c, 0xff, 0xff, 0xff, 0xff, 0x15, 0x33
    .byte 0x25, 0xee, 0x08, 0x22, 0x02, 0x2c, 0x01, 0x00, 0x00, 0x00, 0x2c, 0x64, 0x01, 0x00, 0x00, 0x15
    .byte 0x1f, 0x18, 0x70, 0x05, 0x00, 0x0c, 0x00, 0x00, 0x00, 0x17, 0x00, 0x15, 0x20, 0x18, 0x70, 0x05
    .byte 0x00, 0x0c, 0x00, 0x00, 0x00, 0x17, 0x00, 0x15, 0x27, 0x18, 0x70, 0x17, 0x00, 0x2c, 0xff, 0xff
    .byte 0xff, 0xff, 0x2c, 0xff, 0xff, 0xff, 0xff, 0x2c, 0xff, 0xff, 0xff, 0xff, 0x15, 0x33, 0x25, 0x2e
    .byte 0x0b, 0x22, 0x02, 0x2b, 0x00, 0x02, 0x34, 0x00, 0x19, 0x00, 0x00, 0x00, 0x14, 0x2e, 0x0b, 0x22
    .byte 0x02, 0x29, 0x00, 0xff, 0x32, 0x00, 0x00, 0x00, 0x00, 0x00, 0x14, 0x49, 0x09, 0x22, 0x02, 0x2c
    .byte 0x01, 0x00, 0x00, 0x00, 0x15, 0x1f, 0x18, 0x70, 0x05, 0x00, 0x00, 0x00, 0x00, 0x00, 0x17, 0x00
    .byte 0x15, 0x20, 0x18, 0x70, 0x05, 0x00, 0x10, 0x00, 0x00, 0x00, 0x17, 0x00, 0x15, 0x27, 0x18, 0x70
    .byte 0x17, 0x00, 0x20, 0x00, 0x00, 0x20, 0x00, 0x00, 0x2c, 0xf4, 0x01, 0x00, 0x00, 0x2c, 0x2c, 0x01
    .byte 0x00, 0x00, 0x15, 0xb2, 0x25, 0x2e, 0x0b, 0x22, 0x02, 0x29, 0x00, 0xff, 0x32, 0x00, 0x01, 0x00
    .byte 0x00, 0x00, 0x14, 0x91, 0x09, 0x22, 0x02, 0x2c, 0x01, 0x00, 0x00, 0x00, 0x15, 0x1f, 0x18, 0x70
    .byte 0x24, 0x00, 0x0c, 0x00, 0x00, 0x00, 0x17, 0x00, 0x15, 0x20, 0x18, 0x70, 0x05, 0x00, 0x0c, 0x00
    .byte 0x00, 0x00, 0x17, 0x00, 0x15, 0x27, 0x18, 0x70, 0x17, 0x00, 0x20, 0x00, 0x00, 0x20, 0x00, 0x00
    .byte 0x2c, 0xf4, 0x01, 0x00, 0x00, 0x2c, 0x2c, 0x01, 0x00, 0x00, 0x15, 0xb2, 0x25, 0x2e, 0x0b, 0x22
    .byte 0x02, 0x29, 0x00, 0xff, 0x32, 0x00, 0x02, 0x00, 0x00, 0x00, 0x14, 0xd9, 0x09, 0x22, 0x02, 0x2c
    .byte 0x01, 0x00, 0x00, 0x00, 0x15, 0x1f, 0x18, 0x70, 0x24, 0x00, 0x10, 0x00, 0x00, 0x00, 0x17, 0x00
    .byte 0x15, 0x20, 0x18, 0x70, 0x05, 0x00, 0x00, 0x00, 0x00, 0x00, 0x17, 0x00, 0x15, 0x27, 0x18, 0x70
    .byte 0x17, 0x00, 0x20, 0x00, 0x00, 0x20, 0x00, 0x00, 0x2c, 0xf4, 0x01, 0x00, 0x00, 0x2c, 0x2c, 0x01
    .byte 0x00, 0x00, 0x15, 0xb2, 0x25, 0x2e, 0x0b, 0x22, 0x02, 0x29, 0x00, 0xff, 0x32, 0x00, 0x03, 0x00
    .byte 0x00, 0x00, 0x14, 0x21, 0x0a, 0x22, 0x02, 0x2c, 0x01, 0x00, 0x00, 0x00, 0x15, 0x1f, 0x18, 0x70
    .byte 0x24, 0x00, 0x0c, 0x00, 0x00, 0x00, 0x17, 0x00, 0x15, 0x20, 0x18, 0x70, 0x24, 0x00, 0x0c, 0x00
    .byte 0x00, 0x00, 0x17, 0x00, 0x15, 0x27, 0x18, 0x70, 0x17, 0x00, 0x20, 0x00, 0x00, 0x20, 0x00, 0x00
    .byte 0x2c, 0xf4, 0x01, 0x00, 0x00, 0x2c, 0x2c, 0x01, 0x00, 0x00, 0x15, 0xb2, 0x25, 0x2e, 0x0b, 0x22
    .byte 0x02, 0x29, 0x00, 0xff, 0x32, 0x00, 0x04, 0x00, 0x00, 0x00, 0x14, 0x69, 0x0a, 0x22, 0x02, 0x2c
    .byte 0x01, 0x00, 0x00, 0x00, 0x15, 0x1f, 0x18, 0x70, 0x05, 0x00, 0x00, 0x00, 0x00, 0x00, 0x17, 0x00
    .byte 0x15, 0x20, 0x18, 0x70, 0x24, 0x00, 0x10, 0x00, 0x00, 0x00, 0x17, 0x00, 0x15, 0x27, 0x18, 0x70
    .byte 0x17, 0x00, 0x20, 0x00, 0x00, 0x20, 0x00, 0x00, 0x2c, 0xf4, 0x01, 0x00, 0x00, 0x2c, 0x2c, 0x01
    .byte 0x00, 0x00, 0x15, 0xb2, 0x25, 0x2e, 0x0b, 0x22, 0x02, 0x29, 0x00, 0xff, 0x32, 0x00, 0x05, 0x00
    .byte 0x00, 0x00, 0x14, 0xb1, 0x0a, 0x22, 0x02, 0x2c, 0x01, 0x00, 0x00, 0x00, 0x15, 0x1f, 0x18, 0x70
    .byte 0x05, 0x00, 0x0c, 0x00, 0x00, 0x00, 0x17, 0x00, 0x15, 0x20, 0x18, 0x70, 0x24, 0x00, 0x0c, 0x00
    .byte 0x00, 0x00, 0x17, 0x00, 0x15, 0x27, 0x18, 0x70, 0x17, 0x00, 0x20, 0x00, 0x00, 0x20, 0x00, 0x00
    .byte 0x2c, 0xf4, 0x01, 0x00, 0x00, 0x2c, 0x2c, 0x01, 0x00, 0x00, 0x15, 0xb2, 0x25, 0x2e, 0x0b, 0x22
    .byte 0x02, 0x29, 0x00, 0xff, 0x32, 0x00, 0x06, 0x00, 0x00, 0x00, 0x14, 0xf9, 0x0a, 0x22, 0x02, 0x2c
    .byte 0x01, 0x00, 0x00, 0x00, 0x15, 0x1f, 0x18, 0x70, 0x05, 0x00, 0x10, 0x00, 0x00, 0x00, 0x17, 0x00
    .byte 0x15, 0x20, 0x18, 0x70, 0x05, 0x00, 0x00, 0x00, 0x00, 0x00, 0x17, 0x00, 0x15, 0x27, 0x18, 0x70
    .byte 0x17, 0x00, 0x20, 0x00, 0x00, 0x20, 0x00, 0x00, 0x2c, 0xf4, 0x01, 0x00, 0x00, 0x2c, 0x2c, 0x01
    .byte 0x00, 0x00, 0x15, 0xb2, 0x25, 0x2e, 0x0b, 0x22, 0x02, 0x2c, 0x01, 0x00, 0x00, 0x00, 0x15, 0x1f
    .byte 0x18, 0x70, 0x05, 0x00, 0x0c, 0x00, 0x00, 0x00, 0x17, 0x00, 0x15, 0x20, 0x18, 0x70, 0x05, 0x00
    .byte 0x0c, 0x00, 0x00, 0x00, 0x17, 0x00, 0x15, 0x27, 0x18, 0x70, 0x17, 0x00, 0x20, 0x00, 0x00, 0x20
    .byte 0x00, 0x00, 0x2c, 0xf4, 0x01, 0x00, 0x00, 0x2c, 0x2c, 0x01, 0x00, 0x00, 0x15, 0xb2, 0x2f, 0x00
    .byte 0x2f, 0x01, 0x15, 0x57, 0x20, 0x00, 0x00, 0x15, 0x07, 0x15, 0x08, 0x00, 0x2c, 0xa1, 0x02, 0x00
    .byte 0x00, 0x15, 0x37, 0x18, 0x70, 0x32, 0x00, 0x01, 0x00, 0x00, 0x00, 0x14, 0x6d, 0x0b, 0x22, 0x02
    .byte 0x2c, 0x0c, 0x00, 0x00, 0x00, 0x2c, 0x23, 0x1f, 0x22, 0x02, 0x15, 0x39, 0x2c, 0x0d, 0x00, 0x00
    .byte 0x00, 0x2c, 0xf3, 0x1f, 0x22, 0x02, 0x15, 0x39, 0x25, 0x79, 0x0b, 0x22, 0x02, 0x2c, 0x0d, 0x00
    .byte 0x00, 0x00, 0x2c, 0x76, 0x1f, 0x22, 0x02, 0x15, 0x39, 0x2c, 0x01, 0x00, 0x00, 0x00, 0x2c, 0x69
    .byte 0x00, 0x00, 0x00, 0x15, 0xef, 0x18, 0x70, 0x32, 0x00, 0x01, 0x00, 0x00, 0x00, 0x14, 0xe0, 0x0b
    .byte 0x22, 0x02, 0x2c, 0xb7, 0x02, 0x00, 0x00, 0x15, 0x37, 0x18, 0x70, 0x32, 0x00, 0x01, 0x00, 0x00
    .byte 0x00, 0x14, 0xc3, 0x0b, 0x22, 0x02, 0x2c, 0x15, 0x00, 0x00, 0x00, 0x2c, 0x9c, 0x20, 0x22, 0x02
    .byte 0x15, 0x39, 0x2c, 0x0e, 0x00, 0x00, 0x00, 0x2c, 0x80, 0x20, 0x22, 0x02, 0x15, 0x39, 0x25, 0xdb
    .byte 0x0b, 0x22, 0x02, 0x2c, 0x15, 0x00, 0x00, 0x00, 0x2c, 0x55, 0xeb, 0x21, 0x02, 0x15, 0x39, 0x2c
    .byte 0x0e, 0x00, 0x00, 0x00, 0x2c, 0x55, 0xeb, 0x21, 0x02, 0x15, 0x39, 0x25, 0xf8, 0x0b, 0x22, 0x02
    .byte 0x2c, 0x15, 0x00, 0x00, 0x00, 0x2c, 0x55, 0xeb, 0x21, 0x02, 0x15, 0x39, 0x2c, 0x0e, 0x00, 0x00
    .byte 0x00, 0x2c, 0x55, 0xeb, 0x21, 0x02, 0x15, 0x39, 0x2c, 0x02, 0x00, 0x00, 0x00, 0x2c, 0x6a, 0x00
    .byte 0x00, 0x00, 0x15, 0xef, 0x18, 0x70, 0x32, 0x00, 0x01, 0x00, 0x00, 0x00, 0x14, 0x5e, 0x0e, 0x22
    .byte 0x02, 0x2c, 0x01, 0x00, 0x00, 0x00, 0x2c, 0x6b, 0x00, 0x00, 0x00, 0x15, 0xef, 0x18, 0x70, 0x32
    .byte 0x00, 0x00, 0x00, 0x00, 0x00, 0x14, 0x4d, 0x0e, 0x22, 0x02, 0x2c, 0x92, 0x02, 0x00, 0x00, 0x15
    .byte 0x37, 0x18, 0x70, 0x32, 0x00, 0x01, 0x00, 0x00, 0x00, 0x14, 0xa8, 0x0d, 0x22, 0x02, 0x20, 0x00
    .byte 0x00, 0x2c, 0xff, 0xff, 0xff, 0xff, 0x2c, 0xff, 0xff, 0xff, 0xff, 0x15, 0xdd, 0x18, 0x70, 0x14
    .byte 0x3a, 0x0d, 0x22, 0x02, 0x2c, 0x01, 0x00, 0x00, 0x00, 0x2c, 0xff, 0xff, 0xff, 0xff, 0x2c, 0xff
    .byte 0xff, 0xff, 0xff, 0x15, 0xdd, 0x18, 0x70, 0x32, 0x00, 0x5d, 0x02, 0x00, 0x00, 0x14, 0x3a, 0x0d
    .byte 0x22, 0x02, 0x2c, 0x03, 0x00, 0x00, 0x00, 0x2c, 0xff, 0xff, 0xff, 0xff, 0x2c, 0xff, 0xff, 0xff
    .byte 0xff, 0x15, 0xdd, 0x18, 0x70, 0x35, 0x00, 0x02, 0x00, 0x00, 0x00, 0x14, 0x3a, 0x0d, 0x22, 0x02
    .byte 0x2c, 0xe8, 0x03, 0x00, 0x00, 0x15, 0x41, 0x03, 0x00, 0xca, 0x00, 0x00, 0x00, 0x26, 0x00, 0x90
    .byte 0x03, 0x00, 0x00, 0x00, 0x00, 0x00, 0x26, 0x00, 0x91, 0x2c, 0x17, 0x00, 0x00, 0x00, 0x2c, 0xca
    .byte 0x45, 0x22, 0x02, 0x15, 0x39, 0x2c, 0x18, 0x00, 0x00, 0x00, 0x2c, 0xe4, 0x44, 0x22, 0x02, 0x15
    .byte 0x39, 0x2c, 0x16, 0x00, 0x00, 0x00, 0x2c, 0x55, 0xeb, 0x21, 0x02, 0x15, 0x39, 0x2c, 0xa2, 0x02
    .byte 0x00, 0x00, 0x15, 0x37, 0x18, 0x70, 0x32, 0x00, 0x01, 0x00, 0x00, 0x00, 0x14, 0x35, 0x0d, 0x22
    .byte 0x02, 0x2c, 0x05, 0x00, 0x00, 0x00, 0x2c, 0x01, 0x00, 0x00, 0x00, 0x2c, 0xff, 0xff, 0xff, 0xff
    .byte 0x2c, 0xff, 0xff, 0xff, 0xff, 0x2c, 0xff, 0xff, 0xff, 0xff, 0x2c, 0xff, 0xff, 0xff, 0xff, 0x2c
    .byte 0xff, 0xff, 0xff, 0xff, 0x2c, 0xff, 0xff, 0xff, 0xff, 0x15, 0x33, 0x2c, 0x04, 0x00, 0x00, 0x00
    .byte 0x2c, 0xff, 0xff, 0xff, 0xff, 0x2c, 0xff, 0xff, 0xff, 0xff, 0x2c, 0xff, 0xff, 0xff, 0xff, 0x2c
    .byte 0xff, 0xff, 0xff, 0xff, 0x2c, 0xff, 0xff, 0xff, 0xff, 0x2c, 0xff, 0xff, 0xff, 0xff, 0x2c, 0xff
    .byte 0xff, 0xff, 0xff, 0x15, 0x33, 0x25, 0xa3, 0x0d, 0x22, 0x02, 0x03, 0x00, 0xca, 0x00, 0x00, 0x00
    .byte 0x26, 0x00, 0x90, 0x03, 0x00, 0x00, 0x00, 0x00, 0x00, 0x26, 0x00, 0x91, 0x2c, 0x17, 0x00, 0x00
    .byte 0x00, 0x2c, 0xca, 0x45, 0x22, 0x02, 0x15, 0x39, 0x2c, 0x18, 0x00, 0x00, 0x00, 0x2c, 0xe4, 0x44
    .byte 0x22, 0x02, 0x15, 0x39, 0x2c, 0xb7, 0x02, 0x00, 0x00, 0x15, 0x37, 0x18, 0x70, 0x32, 0x00, 0x01
    .byte 0x00, 0x00, 0x00, 0x14, 0x90, 0x0d, 0x22, 0x02, 0x2c, 0xd0, 0x07, 0x00, 0x00, 0x15, 0x41, 0x2c
    .byte 0x16, 0x00, 0x00, 0x00, 0x2c, 0x55, 0xeb, 0x21, 0x02, 0x15, 0x39, 0x25, 0xa3, 0x0d, 0x22, 0x02
    .byte 0x2c, 0xb8, 0x0b, 0x00, 0x00, 0x15, 0x41, 0x2c, 0x16, 0x00, 0x00, 0x00, 0x2c, 0x1f, 0x43, 0x22
    .byte 0x02, 0x15, 0x39, 0x25, 0x48, 0x0e, 0x22, 0x02, 0x2c, 0xa0, 0x0f, 0x00, 0x00, 0x15, 0x41, 0x03
    .byte 0x00, 0xca, 0x00, 0x00, 0x00, 0x26, 0x00, 0x90, 0x03, 0x00, 0x00, 0x00, 0x00, 0x00, 0x26, 0x00
    .byte 0x91, 0x2c, 0x17, 0x00, 0x00, 0x00, 0x2c, 0xca, 0x45, 0x22, 0x02, 0x15, 0x39, 0x2c, 0x18, 0x00
    .byte 0x00, 0x00, 0x2c, 0xe4, 0x44, 0x22, 0x02, 0x15, 0x39, 0x20, 0x00, 0x00, 0x2c, 0xff, 0xff, 0xff
    .byte 0xff, 0x2c, 0xff, 0xff, 0xff, 0xff, 0x15, 0xdd, 0x18, 0x70, 0x14, 0x3c, 0x0e, 0x22, 0x02, 0x2c
    .byte 0x01, 0x00, 0x00, 0x00, 0x2c, 0xff, 0xff, 0xff, 0xff, 0x2c, 0xff, 0xff, 0xff, 0xff, 0x15, 0xdd
    .byte 0x18, 0x70, 0x32, 0x00, 0x5c, 0x02, 0x00, 0x00, 0x14, 0x3c, 0x0e, 0x22, 0x02, 0x2c, 0x03, 0x00
    .byte 0x00, 0x00, 0x2c, 0xff, 0xff, 0xff, 0xff, 0x2c, 0xff, 0xff, 0xff, 0xff, 0x15, 0xdd, 0x18, 0x70
    .byte 0x35, 0x00, 0x02, 0x00, 0x00, 0x00, 0x14, 0x3c, 0x0e, 0x22, 0x02, 0x2c, 0x16, 0x00, 0x00, 0x00
    .byte 0x2c, 0x55, 0xeb, 0x21, 0x02, 0x15, 0x39, 0x25, 0x48, 0x0e, 0x22, 0x02, 0x2c, 0x16, 0x00, 0x00
    .byte 0x00, 0x2c, 0x1f, 0x43, 0x22, 0x02, 0x15, 0x39, 0x25, 0x59, 0x0e, 0x22, 0x02, 0x2c, 0x88, 0x13
    .byte 0x00, 0x00, 0x15, 0x41, 0x21, 0xc9, 0x10, 0x22, 0x02, 0x25, 0x6a, 0x0e, 0x22, 0x02, 0x2c, 0x70
    .byte 0x17, 0x00, 0x00, 0x15, 0x41, 0x21, 0xc9, 0x10, 0x22, 0x02, 0x2c, 0x02, 0x00, 0x00, 0x00, 0x2c
    .byte 0x6b, 0x00, 0x00, 0x00, 0x15, 0xef, 0x18, 0x70, 0x32, 0x00, 0x01, 0x00, 0x00, 0x00, 0x14, 0xed
    .byte 0x0f, 0x22, 0x02, 0x2c, 0x92, 0x02, 0x00, 0x00, 0x15, 0x37, 0x18, 0x70, 0x32, 0x00, 0x01, 0x00
    .byte 0x00, 0x00, 0x14, 0x61, 0x0f, 0x22, 0x02, 0x20, 0x00, 0x00, 0x2c, 0xff, 0xff, 0xff, 0xff, 0x2c
    .byte 0xff, 0xff, 0xff, 0xff, 0x15, 0xdd, 0x18, 0x70, 0x14, 0xfa, 0x0e, 0x22, 0x02, 0x2c, 0x01, 0x00
    .byte 0x00, 0x00, 0x2c, 0xff, 0xff, 0xff, 0xff, 0x2c, 0xff, 0xff, 0xff, 0xff, 0x15, 0xdd, 0x18, 0x70
    .byte 0x32, 0x00, 0x5d, 0x02, 0x00, 0x00, 0x14, 0xfa, 0x0e, 0x22, 0x02, 0x2c, 0x03, 0x00, 0x00, 0x00
    .byte 0x2c, 0xff, 0xff, 0xff, 0xff, 0x2c, 0xff, 0xff, 0xff, 0xff, 0x15, 0xdd, 0x18, 0x70, 0x35, 0x00
    .byte 0x02, 0x00, 0x00, 0x00, 0x14, 0xfa, 0x0e, 0x22, 0x02, 0x2c, 0x19, 0x00, 0x00, 0x00, 0x2c, 0xf6
    .byte 0x23, 0x22, 0x02, 0x15, 0x39, 0x25, 0x5c, 0x0f, 0x22, 0x02, 0x2c, 0xa1, 0x02, 0x00, 0x00, 0x15
    .byte 0x37, 0x18, 0x70, 0x32, 0x00, 0x00, 0x00, 0x00, 0x00, 0x14, 0x2b, 0x0f, 0x22, 0x02, 0x2c, 0x0c
    .byte 0x00, 0x00, 0x00, 0x2c, 0x4f, 0xeb, 0x21, 0x02, 0x15, 0x39, 0x2c, 0x19, 0x00, 0x00, 0x00, 0x2c
    .byte 0x0a, 0x21, 0x22, 0x02, 0x15, 0x39, 0x25, 0x5c, 0x0f, 0x22, 0x02, 0x2c, 0xb7, 0x02, 0x00, 0x00
    .byte 0x15, 0x37, 0x18, 0x70, 0x32, 0x00, 0x01, 0x00, 0x00, 0x00, 0x14, 0x50, 0x0f, 0x22, 0x02, 0x2c
    .byte 0x19, 0x00, 0x00, 0x00, 0x2c, 0x58, 0x23, 0x22, 0x02, 0x15, 0x39, 0x25, 0x5c, 0x0f, 0x22, 0x02
    .byte 0x2c, 0x19, 0x00, 0x00, 0x00, 0x2c, 0x0a, 0x21, 0x22, 0x02, 0x15, 0x39, 0x25, 0xe8, 0x0f, 0x22
    .byte 0x02, 0x20, 0x00, 0x00, 0x2c, 0xff, 0xff, 0xff, 0xff, 0x2c, 0xff, 0xff, 0xff, 0xff, 0x15, 0xdd
    .byte 0x18, 0x70, 0x14, 0xd0, 0x0f, 0x22, 0x02, 0x2c, 0x01, 0x00, 0x00, 0x00, 0x2c, 0xff, 0xff, 0xff
    .byte 0xff, 0x2c, 0xff, 0xff, 0xff, 0xff, 0x15, 0xdd, 0x18, 0x70, 0x32, 0x00, 0x5c, 0x02, 0x00, 0x00
    .byte 0x14, 0xd0, 0x0f, 0x22, 0x02, 0x2c, 0x03, 0x00, 0x00, 0x00, 0x2c, 0xff, 0xff, 0xff, 0xff, 0x2c
    .byte 0xff, 0xff, 0xff, 0xff, 0x15, 0xdd, 0x18, 0x70, 0x35, 0x00, 0x02, 0x00, 0x00, 0x00, 0x14, 0xd0
    .byte 0x0f, 0x22, 0x02, 0x2c, 0x19, 0x00, 0x00, 0x00, 0x2c, 0xba, 0x22, 0x22, 0x02, 0x15, 0x39, 0x2c
    .byte 0x0c, 0x00, 0x00, 0x00, 0x2c, 0x4f, 0xeb, 0x21, 0x02, 0x15, 0x39, 0x25, 0xe8, 0x0f, 0x22, 0x02
    .byte 0x2c, 0x19, 0x00, 0x00, 0x00, 0x2c, 0x0a, 0x21, 0x22, 0x02, 0x15, 0x39, 0x2c, 0x0c, 0x00, 0x00
    .byte 0x00, 0x2c, 0x4f, 0xeb, 0x21, 0x02, 0x15, 0x39, 0x25, 0x15, 0x10, 0x22, 0x02, 0x2c, 0x01, 0x00
    .byte 0x00, 0x00, 0x2c, 0x6b, 0x00, 0x00, 0x00, 0x15, 0xef, 0x18, 0x70, 0x32, 0x00, 0x01, 0x00, 0x00
    .byte 0x00, 0x14, 0x10, 0x10, 0x22, 0x02, 0x21, 0x13, 0x11, 0x22, 0x02, 0x25, 0x15, 0x10, 0x22, 0x02
    .byte 0x21, 0xee, 0x10, 0x22, 0x02, 0x20, 0x00, 0x00, 0x2c, 0xff, 0xff, 0xff, 0xff, 0x2c, 0xff, 0xff
    .byte 0xff, 0xff, 0x15, 0xdd, 0x18, 0x70, 0x14, 0xb8, 0x10, 0x22, 0x02, 0x2c, 0x01, 0x00, 0x00, 0x00
    .byte 0x2c, 0xff, 0xff, 0xff, 0xff, 0x2c, 0xff, 0xff, 0xff, 0xff, 0x15, 0xdd, 0x18, 0x70, 0x32, 0x00
    .byte 0x5d, 0x02, 0x00, 0x00, 0x14, 0xb8, 0x10, 0x22, 0x02, 0x2c, 0x03, 0x00, 0x00, 0x00, 0x2c, 0xff
    .byte 0xff, 0xff, 0xff, 0x2c, 0xff, 0xff, 0xff, 0xff, 0x15, 0xdd, 0x18, 0x70, 0x35, 0x00, 0x02, 0x00
    .byte 0x00, 0x00, 0x14, 0xb8, 0x10, 0x22, 0x02, 0x03, 0x00, 0x08, 0x00, 0x00, 0x00, 0x27, 0x00, 0x02
    .byte 0x2c, 0x21, 0x00, 0x00, 0x00, 0x2c, 0x4f, 0xeb, 0x21, 0x02, 0x15, 0x39, 0x2c, 0x22, 0x00, 0x00
    .byte 0x00, 0x2c, 0x4f, 0xeb, 0x21, 0x02, 0x15, 0x39, 0x2c, 0x23, 0x00, 0x00, 0x00, 0x2c, 0x4f, 0xeb
    .byte 0x21, 0x02, 0x15, 0x39, 0x2c, 0x24, 0x00, 0x00, 0x00, 0x2c, 0x4f, 0xeb, 0x21, 0x02, 0x15, 0x39
    .byte 0x2c, 0x25, 0x00, 0x00, 0x00, 0x2c, 0x4f, 0xeb, 0x21, 0x02, 0x15, 0x39, 0x2c, 0x26, 0x00, 0x00
    .byte 0x00, 0x2c, 0x4f, 0xeb, 0x21, 0x02, 0x15, 0x39, 0x22, 0x2c, 0xc0, 0x00, 0x00, 0x00, 0x2c, 0xb0
    .byte 0x02, 0x00, 0x00, 0x20, 0x00, 0x00, 0x15, 0x02, 0x00, 0x2c, 0x17, 0x00, 0x00, 0x00, 0x2c, 0x55
    .byte 0xeb, 0x21, 0x02, 0x15, 0x39, 0x2c, 0x18, 0x00, 0x00, 0x00, 0x2c, 0x55, 0xeb, 0x21, 0x02, 0x15
    .byte 0x39, 0x2c, 0x16, 0x00, 0x00, 0x00, 0x2c, 0x55, 0xeb, 0x21, 0x02, 0x15, 0x39, 0x22, 0x2c, 0x05
    .byte 0x00, 0x00, 0x00, 0x2c, 0x55, 0xeb, 0x21, 0x02, 0x15, 0x39, 0x2c, 0x19, 0x00, 0x00, 0x00, 0x2c
    .byte 0x0a, 0x21, 0x22, 0x02, 0x15, 0x39, 0x2c, 0x0c, 0x00, 0x00, 0x00, 0x2c, 0x4f, 0xeb, 0x21, 0x02
    .byte 0x15, 0x39, 0x22, 0x2c, 0x05, 0x00, 0x00, 0x00, 0x2c, 0x55, 0xeb, 0x21, 0x02, 0x15, 0x39, 0x2c
    .byte 0x19, 0x00, 0x00, 0x00, 0x2c, 0xaa, 0x21, 0x22, 0x02, 0x15, 0x39, 0x2c, 0x0c, 0x00, 0x00, 0x00
    .byte 0x2c, 0x55, 0xeb, 0x21, 0x02, 0x15, 0x39, 0x22, 0x20, 0x00, 0x00, 0x15, 0xd7, 0x15, 0x11, 0x18
    .byte 0x70, 0x09, 0x00, 0x10, 0x00, 0x00, 0x00, 0x26, 0x00, 0x40, 0x29, 0x00, 0x40, 0x15, 0x11, 0x18
    .byte 0x71, 0x09, 0x01, 0x10, 0x00, 0x00, 0x00, 0x05, 0x01, 0x01, 0x00, 0x00, 0x00, 0x1e, 0x10, 0x14
    .byte 0xc4, 0x11, 0x22, 0x02, 0x15, 0x10, 0x18, 0x70, 0x09, 0x00, 0x10, 0x00, 0x00, 0x00, 0x24, 0x00
    .byte 0x01, 0x00, 0x00, 0x00, 0x26, 0x00, 0x41, 0x29, 0x00, 0x41, 0x15, 0x10, 0x18, 0x71, 0x09, 0x01
    .byte 0x10, 0x00, 0x00, 0x00, 0x24, 0x01, 0x01, 0x00, 0x00, 0x00, 0x05, 0x01, 0x02, 0x00, 0x00, 0x00
    .byte 0x1e, 0x10, 0x14, 0xb3, 0x11, 0x22, 0x02, 0x2d, 0x41, 0x2d, 0x40, 0x2c, 0x04, 0x00, 0x00, 0x00
    .byte 0x15, 0x3f, 0x29, 0x00, 0x41, 0x05, 0x00, 0x01, 0x00, 0x00, 0x00, 0x26, 0x00, 0x41, 0x25, 0x77
    .byte 0x11, 0x22, 0x02, 0x29, 0x00, 0x40, 0x05, 0x00, 0x01, 0x00, 0x00, 0x00, 0x26, 0x00, 0x40, 0x25
    .byte 0x4a, 0x11, 0x22, 0x02, 0x20, 0x00, 0x00, 0x15, 0x07, 0x15, 0x08, 0x2c, 0x01, 0x00, 0x00, 0x00
    .byte 0x15, 0x05, 0x2c, 0x01, 0x00, 0x00, 0x00, 0x15, 0x06, 0x2c, 0x01, 0x00, 0x00, 0x00, 0x2c, 0xe6
    .byte 0x11, 0x22, 0x02, 0x15, 0x29, 0x00, 0x2c, 0x1b, 0x00, 0x00, 0x00, 0x15, 0x31, 0x18, 0x70, 0x26
    .byte 0x00, 0xd2, 0x20, 0x00, 0x00, 0x2c, 0x9b, 0xef, 0x21, 0x02, 0x15, 0x39, 0x20, 0x00, 0x00, 0x15
    .byte 0x42, 0x18, 0x70, 0x32, 0x00, 0x00, 0x00, 0x00, 0x00, 0x14, 0x13, 0x12, 0x22, 0x02, 0x01, 0xfc
    .byte 0x11, 0x22, 0x02, 0x15, 0x8b, 0x18, 0x70, 0x32, 0x00, 0x00, 0x00, 0x00, 0x00, 0x13, 0x27, 0x12
    .byte 0x22, 0x02, 0x01, 0x13, 0x12, 0x22, 0x02, 0x2c, 0x9c, 0x04, 0x00, 0x00, 0x2c, 0x01, 0x00, 0x00
    .byte 0x00, 0x20, 0x00, 0x00, 0x20, 0x00, 0x00, 0x15, 0x59, 0x15, 0x5a, 0x2c, 0x1a, 0x00, 0x00, 0x00
    .byte 0x2c, 0xcb, 0x11, 0x22, 0x02, 0x15, 0x39, 0x00, 0x20, 0x00, 0x00, 0x15, 0xd7, 0x15, 0x11, 0x18
    .byte 0x70, 0x09, 0x00, 0x10, 0x00, 0x00, 0x00, 0x26, 0x00, 0x40, 0x29, 0x00, 0x40, 0x15, 0x11, 0x18
    .byte 0x71, 0x09, 0x01, 0x10, 0x00, 0x00, 0x00, 0x05, 0x01, 0x01, 0x00, 0x00, 0x00, 0x1e, 0x10, 0x14
    .byte 0xd4, 0x12, 0x22, 0x02, 0x15, 0x10, 0x18, 0x70, 0x09, 0x00, 0x10, 0x00, 0x00, 0x00, 0x24, 0x00
    .byte 0x01, 0x00, 0x00, 0x00, 0x26, 0x00, 0x41, 0x29, 0x00, 0x41, 0x15, 0x10, 0x18, 0x71, 0x09, 0x01
    .byte 0x10, 0x00, 0x00, 0x00, 0x24, 0x01, 0x01, 0x00, 0x00, 0x00, 0x05, 0x01, 0x02, 0x00, 0x00, 0x00
    .byte 0x1e, 0x10, 0x14, 0xc3, 0x12, 0x22, 0x02, 0x2d, 0x41, 0x2d, 0x40, 0x2c, 0x04, 0x00, 0x00, 0x00
    .byte 0x15, 0x3f, 0x29, 0x00, 0x41, 0x05, 0x00, 0x01, 0x00, 0x00, 0x00, 0x26, 0x00, 0x41, 0x25, 0x87
    .byte 0x12, 0x22, 0x02, 0x29, 0x00, 0x40, 0x05, 0x00, 0x01, 0x00, 0x00, 0x00, 0x26, 0x00, 0x40, 0x25
    .byte 0x5a, 0x12, 0x22, 0x02, 0x20, 0x00, 0x00, 0x15, 0x07, 0x15, 0x08, 0x2c, 0x01, 0x00, 0x00, 0x00
    .byte 0x15, 0x05, 0x2c, 0x01, 0x00, 0x00, 0x00, 0x15, 0x06, 0x2c, 0x01, 0x00, 0x00, 0x00, 0x2c, 0xf6
    .byte 0x12, 0x22, 0x02, 0x15, 0x29, 0x00, 0x2c, 0x1b, 0x00, 0x00, 0x00, 0x15, 0x31, 0x18, 0x70, 0x26
    .byte 0x00, 0xd2, 0x20, 0x00, 0x00, 0x2c, 0x9b, 0xef, 0x21, 0x02, 0x15, 0x39, 0x20, 0x00, 0x00, 0x15
    .byte 0x42, 0x18, 0x70, 0x32, 0x00, 0x00, 0x00, 0x00, 0x00, 0x14, 0x23, 0x13, 0x22, 0x02, 0x01, 0x0c
    .byte 0x13, 0x22, 0x02, 0x15, 0x8b, 0x18, 0x70, 0x32, 0x00, 0x00, 0x00, 0x00, 0x00, 0x13, 0x37, 0x13
    .byte 0x22, 0x02, 0x01, 0x23, 0x13, 0x22, 0x02, 0x2c, 0x9c, 0x04, 0x00, 0x00, 0x2c, 0x01, 0x00, 0x00
    .byte 0x00, 0x20, 0x00, 0x00, 0x20, 0x00, 0x00, 0x15, 0x59, 0x15, 0x5a, 0x2c, 0x1b, 0x00, 0x00, 0x00
    .byte 0x2c, 0xdb, 0x12, 0x22, 0x02, 0x15, 0x39, 0x00, 0x20, 0x00, 0x00, 0x15, 0xd7, 0x15, 0x11, 0x18
    .byte 0x70, 0x09, 0x00, 0x10, 0x00, 0x00, 0x00, 0x26, 0x00, 0x40, 0x29, 0x00, 0x40, 0x15, 0x11, 0x18
    .byte 0x71, 0x09, 0x01, 0x10, 0x00, 0x00, 0x00, 0x05, 0x01, 0x01, 0x00, 0x00, 0x00, 0x1e, 0x10, 0x14
    .byte 0xe4, 0x13, 0x22, 0x02, 0x15, 0x10, 0x18, 0x70, 0x09, 0x00, 0x10, 0x00, 0x00, 0x00, 0x24, 0x00
    .byte 0x01, 0x00, 0x00, 0x00, 0x26, 0x00, 0x41, 0x29, 0x00, 0x41, 0x15, 0x10, 0x18, 0x71, 0x09, 0x01
    .byte 0x10, 0x00, 0x00, 0x00, 0x24, 0x01, 0x01, 0x00, 0x00, 0x00, 0x05, 0x01, 0x02, 0x00, 0x00, 0x00
    .byte 0x1e, 0x10, 0x14, 0xd3, 0x13, 0x22, 0x02, 0x2d, 0x41, 0x2d, 0x40, 0x2c, 0x04, 0x00, 0x00, 0x00
    .byte 0x15, 0x3f, 0x29, 0x00, 0x41, 0x05, 0x00, 0x01, 0x00, 0x00, 0x00, 0x26, 0x00, 0x41, 0x25, 0x97
    .byte 0x13, 0x22, 0x02, 0x29, 0x00, 0x40, 0x05, 0x00, 0x01, 0x00, 0x00, 0x00, 0x26, 0x00, 0x40, 0x25
    .byte 0x6a, 0x13, 0x22, 0x02, 0x20, 0x00, 0x00, 0x15, 0x07, 0x15, 0x08, 0x2c, 0x01, 0x00, 0x00, 0x00
    .byte 0x15, 0x05, 0x2c, 0x01, 0x00, 0x00, 0x00, 0x15, 0x06, 0x2c, 0x01, 0x00, 0x00, 0x00, 0x2c, 0x06
    .byte 0x14, 0x22, 0x02, 0x15, 0x29, 0x00, 0x2c, 0x1b, 0x00, 0x00, 0x00, 0x15, 0x31, 0x18, 0x70, 0x26
    .byte 0x00, 0xd2, 0x20, 0x00, 0x00, 0x2c, 0x9b, 0xef, 0x21, 0x02, 0x15, 0x39, 0x20, 0x00, 0x00, 0x15
    .byte 0x42, 0x18, 0x70, 0x32, 0x00, 0x00, 0x00, 0x00, 0x00, 0x14, 0x33, 0x14, 0x22, 0x02, 0x01, 0x1c
    .byte 0x14, 0x22, 0x02, 0x15, 0x8b, 0x18, 0x70, 0x32, 0x00, 0x00, 0x00, 0x00, 0x00, 0x13, 0x47, 0x14
    .byte 0x22, 0x02, 0x01, 0x33, 0x14, 0x22, 0x02, 0x2c, 0x9c, 0x04, 0x00, 0x00, 0x2c, 0x01, 0x00, 0x00
    .byte 0x00, 0x20, 0x00, 0x00, 0x20, 0x00, 0x00, 0x15, 0x59, 0x15, 0x5a, 0x2c, 0x1c, 0x00, 0x00, 0x00
    .byte 0x2c, 0xeb, 0x13, 0x22, 0x02, 0x15, 0x39, 0x00, 0x20, 0x00, 0x00, 0x15, 0xd7, 0x15, 0x11, 0x18
    .byte 0x70, 0x09, 0x00, 0x10, 0x00, 0x00, 0x00, 0x26, 0x00, 0x40, 0x29, 0x00, 0x40, 0x15, 0x11, 0x18
    .byte 0x71, 0x09, 0x01, 0x10, 0x00, 0x00, 0x00, 0x05, 0x01, 0x01, 0x00, 0x00, 0x00, 0x1e, 0x10, 0x14
    .byte 0xf4, 0x14, 0x22, 0x02, 0x15, 0x10, 0x18, 0x70, 0x09, 0x00, 0x10, 0x00, 0x00, 0x00, 0x24, 0x00
    .byte 0x01, 0x00, 0x00, 0x00, 0x26, 0x00, 0x41, 0x29, 0x00, 0x41, 0x15, 0x10, 0x18, 0x71, 0x09, 0x01
    .byte 0x10, 0x00, 0x00, 0x00, 0x24, 0x01, 0x01, 0x00, 0x00, 0x00, 0x05, 0x01, 0x02, 0x00, 0x00, 0x00
    .byte 0x1e, 0x10, 0x14, 0xe3, 0x14, 0x22, 0x02, 0x2d, 0x41, 0x2d, 0x40, 0x2c, 0x04, 0x00, 0x00, 0x00
    .byte 0x15, 0x3f, 0x29, 0x00, 0x41, 0x05, 0x00, 0x01, 0x00, 0x00, 0x00, 0x26, 0x00, 0x41, 0x25, 0xa7
    .byte 0x14, 0x22, 0x02, 0x29, 0x00, 0x40, 0x05, 0x00, 0x01, 0x00, 0x00, 0x00, 0x26, 0x00, 0x40, 0x25
    .byte 0x7a, 0x14, 0x22, 0x02, 0x20, 0x00, 0x00, 0x15, 0x07, 0x15, 0x08, 0x20, 0x00, 0x00, 0x15, 0x05
    .byte 0x2c, 0x01, 0x00, 0x00, 0x00, 0x15, 0x06, 0x2c, 0x01, 0x00, 0x00, 0x00, 0x2c, 0x14, 0x15, 0x22
    .byte 0x02, 0x15, 0x29, 0x00, 0x2c, 0x1b, 0x00, 0x00, 0x00, 0x15, 0x31, 0x18, 0x70, 0x26, 0x00, 0xd2
    .byte 0x20, 0x00, 0x00, 0x2c, 0x9b, 0xef, 0x21, 0x02, 0x15, 0x39, 0x20, 0x00, 0x00, 0x15, 0x42, 0x18
    .byte 0x70, 0x32, 0x00, 0x00, 0x00, 0x00, 0x00, 0x14, 0x41, 0x15, 0x22, 0x02, 0x01, 0x2a, 0x15, 0x22
    .byte 0x02, 0x15, 0x8b, 0x18, 0x70, 0x32, 0x00, 0x00, 0x00, 0x00, 0x00, 0x13, 0x55, 0x15, 0x22, 0x02
    .byte 0x01, 0x41, 0x15, 0x22, 0x02, 0x2c, 0x9d, 0x04, 0x00, 0x00, 0x2c, 0x01, 0x00, 0x00, 0x00, 0x20
    .byte 0x00, 0x00, 0x20, 0x00, 0x00, 0x15, 0x59, 0x15, 0x5a, 0x2c, 0x1d, 0x00, 0x00, 0x00, 0x2c, 0xfb
    .byte 0x14, 0x22, 0x02, 0x15, 0x39, 0x00, 0x20, 0x00, 0x00, 0x15, 0xd7, 0x15, 0x11, 0x18, 0x70, 0x09
    .byte 0x00, 0x10, 0x00, 0x00, 0x00, 0x26, 0x00, 0x40, 0x29, 0x00, 0x40, 0x15, 0x11, 0x18, 0x71, 0x09
    .byte 0x01, 0x10, 0x00, 0x00, 0x00, 0x05, 0x01, 0x01, 0x00, 0x00, 0x00, 0x1e, 0x10, 0x14, 0x02, 0x16
    .byte 0x22, 0x02, 0x15, 0x10, 0x18, 0x70, 0x09, 0x00, 0x10, 0x00, 0x00, 0x00, 0x24, 0x00, 0x01, 0x00
    .byte 0x00, 0x00, 0x26, 0x00, 0x41, 0x29, 0x00, 0x41, 0x15, 0x10, 0x18, 0x71, 0x09, 0x01, 0x10, 0x00
    .byte 0x00, 0x00, 0x24, 0x01, 0x01, 0x00, 0x00, 0x00, 0x05, 0x01, 0x02, 0x00, 0x00, 0x00, 0x1e, 0x10
    .byte 0x14, 0xf1, 0x15, 0x22, 0x02, 0x2d, 0x41, 0x2d, 0x40, 0x2c, 0x04, 0x00, 0x00, 0x00, 0x15, 0x3f
    .byte 0x29, 0x00, 0x41, 0x05, 0x00, 0x01, 0x00, 0x00, 0x00, 0x26, 0x00, 0x41, 0x25, 0xb5, 0x15, 0x22
    .byte 0x02, 0x29, 0x00, 0x40, 0x05, 0x00, 0x01, 0x00, 0x00, 0x00, 0x26, 0x00, 0x40, 0x25, 0x88, 0x15
    .byte 0x22, 0x02, 0x20, 0x00, 0x00, 0x15, 0x07, 0x15, 0x08, 0x20, 0x00, 0x00, 0x15, 0x05, 0x2c, 0x01
    .byte 0x00, 0x00, 0x00, 0x15, 0x06, 0x2c, 0x01, 0x00, 0x00, 0x00, 0x2c, 0x22, 0x16, 0x22, 0x02, 0x15
    .byte 0x29, 0x00, 0x2c, 0x1b, 0x00, 0x00, 0x00, 0x15, 0x31, 0x18, 0x70, 0x26, 0x00, 0xd2, 0x20, 0x00
    .byte 0x00, 0x2c, 0x9b, 0xef, 0x21, 0x02, 0x15, 0x39, 0x20, 0x00, 0x00, 0x15, 0x42, 0x18, 0x70, 0x32
    .byte 0x00, 0x00, 0x00, 0x00, 0x00, 0x14, 0x4f, 0x16, 0x22, 0x02, 0x01, 0x38, 0x16, 0x22, 0x02, 0x15
    .byte 0x8b, 0x18, 0x70, 0x32, 0x00, 0x00, 0x00, 0x00, 0x00, 0x13, 0x63, 0x16, 0x22, 0x02, 0x01, 0x4f
    .byte 0x16, 0x22, 0x02, 0x2c, 0x9d, 0x04, 0x00, 0x00, 0x2c, 0x01, 0x00, 0x00, 0x00, 0x20, 0x00, 0x00
    .byte 0x20, 0x00, 0x00, 0x15, 0x59, 0x15, 0x5a, 0x2c, 0x1e, 0x00, 0x00, 0x00, 0x2c, 0x09, 0x16, 0x22
    .byte 0x02, 0x15, 0x39, 0x00, 0x20, 0x00, 0x00, 0x15, 0xd7, 0x15, 0x11, 0x18, 0x70, 0x09, 0x00, 0x10
    .byte 0x00, 0x00, 0x00, 0x26, 0x00, 0x40, 0x29, 0x00, 0x40, 0x15, 0x11, 0x18, 0x71, 0x09, 0x01, 0x10
    .byte 0x00, 0x00, 0x00, 0x05, 0x01, 0x01, 0x00, 0x00, 0x00, 0x1e, 0x10, 0x14, 0x10, 0x17, 0x22, 0x02
    .byte 0x15, 0x10, 0x18, 0x70, 0x09, 0x00, 0x10, 0x00, 0x00, 0x00, 0x24, 0x00, 0x01, 0x00, 0x00, 0x00
    .byte 0x26, 0x00, 0x41, 0x29, 0x00, 0x41, 0x15, 0x10, 0x18, 0x71, 0x09, 0x01, 0x10, 0x00, 0x00, 0x00
    .byte 0x24, 0x01, 0x01, 0x00, 0x00, 0x00, 0x05, 0x01, 0x02, 0x00, 0x00, 0x00, 0x1e, 0x10, 0x14, 0xff
    .byte 0x16, 0x22, 0x02, 0x2d, 0x41, 0x2d, 0x40, 0x2c, 0x04, 0x00, 0x00, 0x00, 0x15, 0x3f, 0x29, 0x00
    .byte 0x41, 0x05, 0x00, 0x01, 0x00, 0x00, 0x00, 0x26, 0x00, 0x41, 0x25, 0xc3, 0x16, 0x22, 0x02, 0x29
    .byte 0x00, 0x40, 0x05, 0x00, 0x01, 0x00, 0x00, 0x00, 0x26, 0x00, 0x40, 0x25, 0x96, 0x16, 0x22, 0x02
    .byte 0x20, 0x00, 0x00, 0x15, 0x07, 0x15, 0x08, 0x20, 0x00, 0x00, 0x15, 0x05, 0x2c, 0x01, 0x00, 0x00
    .byte 0x00, 0x15, 0x06, 0x2c, 0x01, 0x00, 0x00, 0x00, 0x2c, 0x30, 0x17, 0x22, 0x02, 0x15, 0x29, 0x00
    .byte 0x2c, 0x1b, 0x00, 0x00, 0x00, 0x15, 0x31, 0x18, 0x70, 0x26, 0x00, 0xd2, 0x20, 0x00, 0x00, 0x2c
    .byte 0x9b, 0xef, 0x21, 0x02, 0x15, 0x39, 0x20, 0x00, 0x00, 0x15, 0x42, 0x18, 0x70, 0x32, 0x00, 0x00
    .byte 0x00, 0x00, 0x00, 0x14, 0x5d, 0x17, 0x22, 0x02, 0x01, 0x46, 0x17, 0x22, 0x02, 0x15, 0x8b, 0x18
    .byte 0x70, 0x32, 0x00, 0x00, 0x00, 0x00, 0x00, 0x13, 0x71, 0x17, 0x22, 0x02, 0x01, 0x5d, 0x17, 0x22
    .byte 0x02, 0x2c, 0x9d, 0x04, 0x00, 0x00, 0x2c, 0x01, 0x00, 0x00, 0x00, 0x20, 0x00, 0x00, 0x20, 0x00
    .byte 0x00, 0x15, 0x59, 0x15, 0x5a, 0x2c, 0x1f, 0x00, 0x00, 0x00, 0x2c, 0x17, 0x17, 0x22, 0x02, 0x15
    .byte 0x39, 0x00, 0x00, 0x15, 0x11, 0x18, 0x70, 0x09, 0x00, 0x10, 0x00, 0x00, 0x00, 0x24, 0x00, 0x01
    .byte 0x00, 0x00, 0x00, 0x26, 0x00, 0x40, 0x29, 0x00, 0x40, 0x15, 0x11, 0x18, 0x71, 0x09, 0x01, 0x10
    .byte 0x00, 0x00, 0x00, 0x24, 0x01, 0x01, 0x00, 0x00, 0x00, 0x05, 0x01, 0x02, 0x00, 0x00, 0x00, 0x1e
    .byte 0x10, 0x14, 0x26, 0x18, 0x22, 0x02, 0x15, 0x10, 0x18, 0x70, 0x09, 0x00, 0x10, 0x00, 0x00, 0x00
    .byte 0x24, 0x00, 0x01, 0x00, 0x00, 0x00, 0x26, 0x00, 0x41, 0x29, 0x00, 0x41, 0x15, 0x10, 0x18, 0x71
    .byte 0x09, 0x01, 0x10, 0x00, 0x00, 0x00, 0x24, 0x01, 0x01, 0x00, 0x00, 0x00, 0x05, 0x01, 0x02, 0x00
    .byte 0x00, 0x00, 0x1e, 0x10, 0x14, 0x15, 0x18, 0x22, 0x02, 0x2d, 0x41, 0x2d, 0x40, 0x2c, 0x06, 0x00
    .byte 0x00, 0x00, 0x15, 0x3f, 0x29, 0x00, 0x41, 0x05, 0x00, 0x01, 0x00, 0x00, 0x00, 0x26, 0x00, 0x41
    .byte 0x25, 0xd9, 0x17, 0x22, 0x02, 0x29, 0x00, 0x40, 0x05, 0x00, 0x01, 0x00, 0x00, 0x00, 0x26, 0x00
    .byte 0x40, 0x25, 0xa6, 0x17, 0x22, 0x02, 0x20, 0x00, 0x00, 0x15, 0x07, 0x15, 0x08, 0x20, 0x00, 0x00
    .byte 0x15, 0x05, 0x2c, 0x01, 0x00, 0x00, 0x00, 0x15, 0x06, 0x2c, 0x01, 0x00, 0x00, 0x00, 0x2c, 0x46
    .byte 0x18, 0x22, 0x02, 0x15, 0x29, 0x00, 0x2c, 0x1b, 0x00, 0x00, 0x00, 0x15, 0x31, 0x18, 0x70, 0x26
    .byte 0x00, 0xd2, 0x20, 0x00, 0x00, 0x2c, 0x9b, 0xef, 0x21, 0x02, 0x15, 0x39, 0x20, 0x00, 0x00, 0x15
    .byte 0x42, 0x18, 0x70, 0x32, 0x00, 0x00, 0x00, 0x00, 0x00, 0x14, 0x73, 0x18, 0x22, 0x02, 0x01, 0x5c
    .byte 0x18, 0x22, 0x02, 0x2c, 0x08, 0x00, 0x00, 0x00, 0x2c, 0x2c, 0x02, 0x00, 0x00, 0x15, 0xe0, 0x20
    .byte 0x00, 0x00, 0x2c, 0x80, 0xc0, 0x00, 0x00, 0x15, 0xe0, 0x2c, 0x01, 0x00, 0x00, 0x00, 0x15, 0x05
    .byte 0x15, 0x16, 0x2c, 0x1e, 0x00, 0x00, 0x00, 0x15, 0x07, 0x15, 0x08, 0x2c, 0x09, 0x00, 0x00, 0x00
    .byte 0x2c, 0x2c, 0x02, 0x00, 0x00, 0x15, 0xe0, 0x2c, 0x01, 0x00, 0x00, 0x00, 0x15, 0x45, 0x15, 0x8b
    .byte 0x18, 0x70, 0x32, 0x00, 0x00, 0x00, 0x00, 0x00, 0x13, 0xc2, 0x18, 0x22, 0x02, 0x01, 0xae, 0x18
    .byte 0x22, 0x02, 0x2c, 0xc4, 0x04, 0x00, 0x00, 0x2c, 0x01, 0x00, 0x00, 0x00, 0x20, 0x00, 0x00, 0x20
    .byte 0x00, 0x00, 0x15, 0x59, 0x15, 0x5a, 0x2c, 0x20, 0x00, 0x00, 0x00, 0x2c, 0x93, 0x17, 0x22, 0x02
    .byte 0x15, 0x39, 0x00, 0x03, 0x00, 0x00, 0x00, 0x00, 0x00, 0x28, 0x00, 0x00, 0x2c, 0xf4, 0x03, 0x00
    .byte 0x00, 0x15, 0x37, 0x18, 0x70, 0x32, 0x00, 0x01, 0x00, 0x00, 0x00, 0x14, 0x0c, 0x19, 0x22, 0x02
    .byte 0x21, 0xb7, 0x19, 0x22, 0x02, 0x2c, 0xf4, 0x03, 0x00, 0x00, 0x15, 0x36, 0x2a, 0x00, 0x02, 0x33
    .byte 0x00, 0x00, 0x00, 0x00, 0x00, 0x14, 0x49, 0x19, 0x22, 0x02, 0x2c, 0x04, 0x00, 0x00, 0x00, 0x2c
    .byte 0x01, 0x00, 0x00, 0x00, 0x20, 0x00, 0x00, 0x20, 0x00, 0x00, 0x20, 0x00, 0x00, 0x20, 0x00, 0x00
    .byte 0x15, 0xbe, 0x2c, 0x05, 0x00, 0x00, 0x00, 0x2c, 0x08, 0x00, 0x00, 0x00, 0x20, 0x00, 0x00, 0x20
    .byte 0x00, 0x00, 0x15, 0xcd, 0x25, 0x7c, 0x19, 0x22, 0x02, 0x2c, 0x04, 0x00, 0x00, 0x00, 0x2c, 0x01
    .byte 0x00, 0x00, 0x00, 0x2c, 0x01, 0x00, 0x00, 0x00, 0x20, 0x00, 0x00, 0x20, 0x00, 0x00, 0x20, 0x00
    .byte 0x00, 0x15, 0xbe, 0x2c, 0x05, 0x00, 0x00, 0x00, 0x2c, 0x01, 0x00, 0x00, 0x00, 0x2e, 0x02, 0x2c
    .byte 0x10, 0x00, 0x00, 0x00, 0x20, 0x00, 0x00, 0x20, 0x00, 0x00, 0x15, 0xbe, 0x2c, 0x03, 0x00, 0x00
    .byte 0x00, 0x2c, 0x01, 0x00, 0x00, 0x00, 0x20, 0x00, 0x00, 0x2b, 0x00, 0x00, 0x09, 0x00, 0x00, 0x01
    .byte 0x00, 0x00, 0x17, 0x00, 0x20, 0x00, 0x00, 0x20, 0x00, 0x00, 0x15, 0xbe, 0x2b, 0x00, 0x00, 0x05
    .byte 0x00, 0x00, 0x05, 0x00, 0x00, 0x28, 0x00, 0x00, 0x2c, 0x01, 0x00, 0x00, 0x00, 0x15, 0x07, 0x15
    .byte 0x08, 0x25, 0xec, 0x18, 0x22, 0x02, 0x00, 0x2c, 0x01, 0x00, 0x00, 0x00, 0x2c, 0x01, 0x00, 0x00
    .byte 0x00, 0x20, 0x00, 0x00, 0x20, 0x00, 0x00, 0x2c, 0x02, 0x00, 0x00, 0x00, 0x20, 0x00, 0x00, 0x15
    .byte 0xbe, 0x2c, 0x02, 0x00, 0x00, 0x00, 0x2c, 0x01, 0x00, 0x00, 0x00, 0x2c, 0x5e, 0x90, 0x00, 0x00
    .byte 0x2c, 0x5f, 0x90, 0x00, 0x00, 0x2c, 0x60, 0x90, 0x00, 0x00, 0x2c, 0x0f, 0x00, 0x00, 0x00, 0x15
    .byte 0xbe, 0x2c, 0x04, 0x00, 0x00, 0x00, 0x2c, 0x01, 0x00, 0x00, 0x00, 0x2c, 0x01, 0x00, 0x00, 0x00
    .byte 0x20, 0x00, 0x00, 0x20, 0x00, 0x00, 0x20, 0x00, 0x00, 0x15, 0xbe, 0x2c, 0x03, 0x00, 0x00, 0x00
    .byte 0x2c, 0x01, 0x00, 0x00, 0x00, 0x20, 0x00, 0x00, 0x20, 0x00, 0x00, 0x20, 0x00, 0x00, 0x20, 0x00
    .byte 0x00, 0x15, 0xbe, 0x22, 0x20, 0x00, 0x00, 0x15, 0x09, 0x20, 0x00, 0x00, 0x15, 0x06, 0x2c, 0x5a
    .byte 0x00, 0x00, 0x00, 0x15, 0x01, 0x18, 0x70, 0x17, 0x00, 0x15, 0x07, 0x15, 0x08, 0x29, 0x00, 0xf1
    .byte 0x2c, 0x00, 0x01, 0x00, 0x00, 0x15, 0x01, 0x18, 0x71, 0x04, 0x10, 0x24, 0x00, 0x80, 0x00, 0x00
    .byte 0x00, 0x28, 0x00, 0x00, 0x29, 0x00, 0xf2, 0x2c, 0xc0, 0x00, 0x00, 0x00, 0x15, 0x01, 0x18, 0x71
    .byte 0x04, 0x10, 0x24, 0x00, 0x40, 0x00, 0x00, 0x00, 0x28, 0x00, 0x01, 0x2b, 0x00, 0x00, 0x34, 0x00
    .byte 0x00, 0x00, 0x00, 0x00, 0x14, 0x82, 0x1a, 0x22, 0x02, 0x03, 0x00, 0x00, 0x00, 0x00, 0x00, 0x28
    .byte 0x00, 0x00, 0x2b, 0x00, 0x00, 0x30, 0x00, 0x00, 0x04, 0x00, 0x00, 0x14, 0x99, 0x1a, 0x22, 0x02
    .byte 0x03, 0x00, 0xff, 0x03, 0x00, 0x00, 0x28, 0x00, 0x00, 0x2b, 0x00, 0x01, 0x34, 0x00, 0x00, 0x00
    .byte 0x00, 0x00, 0x14, 0xb0, 0x1a, 0x22, 0x02, 0x03, 0x00, 0x00, 0x00, 0x00, 0x00, 0x28, 0x00, 0x01
    .byte 0x2b, 0x00, 0x01, 0x30, 0x00, 0x00, 0x03, 0x00, 0x00, 0x14, 0xc7, 0x1a, 0x22, 0x02, 0x03, 0x00
    .byte 0xff, 0x02, 0x00, 0x00, 0x28, 0x00, 0x01, 0x2b, 0x00, 0x00, 0x09, 0x00, 0x10, 0x00, 0x00, 0x00
    .byte 0x17, 0x00, 0x2b, 0x00, 0x01, 0x09, 0x00, 0x10, 0x00, 0x00, 0x00, 0x17, 0x00, 0x15, 0x40, 0x18
    .byte 0x70, 0x07, 0x00, 0x10, 0x00, 0x00, 0x00, 0x28, 0x00, 0x02, 0x2b, 0x00, 0x02, 0x05, 0x00, 0x60
    .byte 0x00, 0x00, 0x00, 0x07, 0x00, 0x00, 0x10, 0x00, 0x00, 0x28, 0x00, 0x03, 0x03, 0x00, 0x00, 0x0a
    .byte 0x00, 0x00, 0x2c, 0x00, 0x02, 0x00, 0x00, 0x15, 0x01, 0x18, 0x71, 0x04, 0x10, 0x28, 0x00, 0x04
    .byte 0x2c, 0x00, 0x01, 0x00, 0x00, 0x15, 0x01, 0x18, 0x70, 0x28, 0x00, 0x05, 0x2c, 0x00, 0x01, 0x00
    .byte 0x00, 0x15, 0x17, 0x2c, 0x01, 0x00, 0x00, 0x00, 0x15, 0x05, 0x2f, 0x00, 0x2f, 0x01, 0x2b, 0x00
    .byte 0x03, 0x09, 0x00, 0x00, 0x10, 0x00, 0x00, 0x17, 0x00, 0x15, 0x02, 0x2c, 0x01, 0x00, 0x00, 0x00
    .byte 0x15, 0x09, 0x2b, 0x00, 0x03, 0x2b, 0x01, 0x04, 0x23, 0x10, 0x28, 0x00, 0x03, 0x2b, 0x00, 0x05
    .byte 0x2b, 0x01, 0x03, 0x09, 0x01, 0x00, 0x06, 0x00, 0x00, 0x04, 0x10, 0x0b, 0x00, 0x00, 0x01, 0x00
    .byte 0x00, 0x17, 0x00, 0x15, 0x0e, 0x18, 0x70, 0x07, 0x00, 0x06, 0x00, 0x00, 0x00, 0x09, 0x00, 0x00
    .byte 0x10, 0x00, 0x00, 0x28, 0x00, 0x06, 0x2b, 0x00, 0x00, 0x2b, 0x01, 0x06, 0x04, 0x10, 0x17, 0x00
    .byte 0x2f, 0x01, 0x2b, 0x00, 0x03, 0x09, 0x00, 0x00, 0x10, 0x00, 0x00, 0x17, 0x00, 0x15, 0x02, 0x2c
    .byte 0x01, 0x00, 0x00, 0x00, 0x15, 0x07, 0x15, 0x08, 0x2b, 0x00, 0x03, 0x09, 0x00, 0x00, 0x10, 0x00
    .byte 0x00, 0x2b, 0x01, 0x02, 0x1e, 0x10, 0x14, 0xcf, 0x1b, 0x22, 0x02, 0x2c, 0x1b, 0x00, 0x00, 0x00
    .byte 0x2c, 0x01, 0x00, 0x00, 0x00, 0x15, 0x78, 0x2c, 0x00, 0xfe, 0xff, 0xff, 0x15, 0x17, 0x15, 0x16
    .byte 0x20, 0x00, 0x00, 0x15, 0x09, 0x25, 0x57, 0x1c, 0x22, 0x02, 0x25, 0x52, 0x1c, 0x22, 0x02, 0x2b
    .byte 0x00, 0x00, 0x29, 0x01, 0xf1, 0x24, 0x01, 0x80, 0x00, 0x00, 0x00, 0x1e, 0x10, 0x14, 0xf1, 0x1b
    .byte 0x22, 0x02, 0x20, 0x00, 0x00, 0x15, 0x09, 0x25, 0x57, 0x1c, 0x22, 0x02, 0x25, 0x52, 0x1c, 0x22
    .byte 0x02, 0x2b, 0x00, 0x00, 0x29, 0x01, 0xf1, 0x05, 0x01, 0x80, 0x00, 0x00, 0x00, 0x1a, 0x10, 0x14
    .byte 0x13, 0x1c, 0x22, 0x02, 0x20, 0x00, 0x00, 0x15, 0x09, 0x25, 0x57, 0x1c, 0x22, 0x02, 0x25, 0x52
    .byte 0x1c, 0x22, 0x02, 0x2b, 0x00, 0x01, 0x29, 0x01, 0xf2, 0x24, 0x01, 0x40, 0x00, 0x00, 0x00, 0x1e
    .byte 0x10, 0x14, 0x35, 0x1c, 0x22, 0x02, 0x20, 0x00, 0x00, 0x15, 0x09, 0x25, 0x57, 0x1c, 0x22, 0x02
    .byte 0x25, 0x52, 0x1c, 0x22, 0x02, 0x2b, 0x00, 0x01, 0x29, 0x01, 0xf2, 0x05, 0x01, 0x80, 0x00, 0x00
    .byte 0x00, 0x1a, 0x10, 0x14, 0x52, 0x1c, 0x22, 0x02, 0x20, 0x00, 0x00, 0x15, 0x09, 0x25, 0x57, 0x1c
    .byte 0x22, 0x02, 0x25, 0x42, 0x1b, 0x22, 0x02, 0x2c, 0x0a, 0x00, 0x00, 0x00, 0x15, 0x01, 0x18, 0x70
    .byte 0x17, 0x00, 0x15, 0x07, 0x15, 0x08, 0x25, 0x3d, 0x1a, 0x22, 0x02, 0x00, 0x20, 0x00, 0x00, 0x15
    .byte 0xd7, 0x2c, 0x01, 0x00, 0x00, 0x00, 0x15, 0x09, 0x2c, 0x01, 0x00, 0x00, 0x00, 0x2c, 0x85, 0x1c
    .byte 0x22, 0x02, 0x15, 0x29, 0x00, 0x2c, 0x1b, 0x00, 0x00, 0x00, 0x15, 0x31, 0x18, 0x70, 0x26, 0x00
    .byte 0xd2, 0x20, 0x00, 0x00, 0x2c, 0x9b, 0xef, 0x21, 0x02, 0x15, 0x39, 0x20, 0x00, 0x00, 0x15, 0x42
    .byte 0x18, 0x70, 0x32, 0x00, 0x00, 0x00, 0x00, 0x00, 0x14, 0xb2, 0x1c, 0x22, 0x02, 0x01, 0x9b, 0x1c
    .byte 0x22, 0x02, 0x15, 0x8b, 0x18, 0x70, 0x32, 0x00, 0x00, 0x00, 0x00, 0x00, 0x13, 0xc6, 0x1c, 0x22
    .byte 0x02, 0x01, 0xb2, 0x1c, 0x22, 0x02, 0x2c, 0x9b, 0x04, 0x00, 0x00, 0x2c, 0x01, 0x00, 0x00, 0x00
    .byte 0x20, 0x00, 0x00, 0x20, 0x00, 0x00, 0x15, 0x59, 0x15, 0x5a, 0x2c, 0x06, 0x00, 0x00, 0x00, 0x15
    .byte 0x67, 0x18, 0x70, 0x32, 0x00, 0x00, 0x00, 0x00, 0x00, 0x14, 0x03, 0x1f, 0x22, 0x02, 0x2c, 0x1e
    .byte 0x00, 0x00, 0x00, 0x15, 0x07, 0x15, 0x08, 0x2c, 0x06, 0x00, 0x00, 0x00, 0x15, 0xde, 0x03, 0x00
    .byte 0x04, 0x00, 0x00, 0x00, 0x26, 0x00, 0x66, 0x03, 0x00, 0x06, 0x00, 0x00, 0x00, 0x26, 0x00, 0xd9
    .byte 0x03, 0x00, 0x04, 0x00, 0x00, 0x00, 0x32, 0x00, 0x01, 0x00, 0x00, 0x00, 0x13, 0x32, 0x1d, 0x22
    .byte 0x02, 0x03, 0x00, 0x04, 0x00, 0x00, 0x00, 0x32, 0x00, 0x08, 0x00, 0x00, 0x00, 0x14, 0x40, 0x1d
    .byte 0x22, 0x02, 0x03, 0x00, 0x01, 0x00, 0x00, 0x00, 0x36, 0x00, 0x00, 0x25, 0x49, 0x1d, 0x22, 0x02
    .byte 0x03, 0x00, 0x01, 0x00, 0x00, 0x00, 0x26, 0x00, 0x63, 0x03, 0x00, 0x04, 0x00, 0x00, 0x00, 0x32
    .byte 0x00, 0x01, 0x00, 0x00, 0x00, 0x14, 0x7a, 0x1d, 0x22, 0x02, 0x20, 0x00, 0x00, 0x2c, 0x0f, 0x00
    .byte 0x00, 0x00, 0x15, 0xe0, 0x2c, 0x15, 0x00, 0x00, 0x00, 0x2c, 0x9d, 0x00, 0x00, 0x00, 0x2c, 0x7f
    .byte 0x00, 0x00, 0x00, 0x15, 0x0a, 0x25, 0x9a, 0x1e, 0x22, 0x02, 0x03, 0x00, 0x04, 0x00, 0x00, 0x00
    .byte 0x32, 0x00, 0x08, 0x00, 0x00, 0x00, 0x14, 0xab, 0x1d, 0x22, 0x02, 0x20, 0x00, 0x00, 0x2c, 0x0f
    .byte 0x00, 0x00, 0x00, 0x15, 0xe0, 0x2c, 0x15, 0x00, 0x00, 0x00, 0x2c, 0x9c, 0x00, 0x00, 0x00, 0x2c
    .byte 0x7f, 0x00, 0x00, 0x00, 0x15, 0x0a, 0x25, 0x9a, 0x1e, 0x22, 0x02, 0x03, 0x00, 0x04, 0x00, 0x00
    .byte 0x00, 0x32, 0x00, 0x03, 0x00, 0x00, 0x00, 0x14, 0x03, 0x1e, 0x22, 0x02, 0x03, 0x00, 0x06, 0x00
    .byte 0x00, 0x00, 0x32, 0x00, 0x3e, 0x00, 0x00, 0x00, 0x14, 0xed, 0x1d, 0x22, 0x02, 0x20, 0x00, 0x00
    .byte 0x2c, 0x75, 0x00, 0x00, 0x00, 0x15, 0xe0, 0x2c, 0x15, 0x00, 0x00, 0x00, 0x2c, 0x9d, 0x00, 0x00
    .byte 0x00, 0x2c, 0x7f, 0x00, 0x00, 0x00, 0x15, 0x0a, 0x25, 0xfe, 0x1d, 0x22, 0x02, 0x2c, 0x15, 0x00
    .byte 0x00, 0x00, 0x2c, 0x9d, 0x00, 0x00, 0x00, 0x2c, 0x7f, 0x00, 0x00, 0x00, 0x15, 0x0a, 0x25, 0x9a
    .byte 0x1e, 0x22, 0x02, 0x03, 0x00, 0x04, 0x00, 0x00, 0x00, 0x32, 0x00, 0x09, 0x00, 0x00, 0x00, 0x14
    .byte 0x2a, 0x1e, 0x22, 0x02, 0x2c, 0x15, 0x00, 0x00, 0x00, 0x2c, 0x9c, 0x00, 0x00, 0x00, 0x2c, 0x7f
    .byte 0x00, 0x00, 0x00, 0x15, 0x0a, 0x25, 0x9a, 0x1e, 0x22, 0x02, 0x03, 0x00, 0x04, 0x00, 0x00, 0x00
    .byte 0x32, 0x00, 0x04, 0x00, 0x00, 0x00, 0x14, 0x51, 0x1e, 0x22, 0x02, 0x2c, 0x15, 0x00, 0x00, 0x00
    .byte 0x2c, 0x9c, 0x00, 0x00, 0x00, 0x2c, 0x7f, 0x00, 0x00, 0x00, 0x15, 0x0a, 0x25, 0x9a, 0x1e, 0x22
    .byte 0x02, 0x03, 0x00, 0x04, 0x00, 0x00, 0x00, 0x32, 0x00, 0x0a, 0x00, 0x00, 0x00, 0x14, 0x78, 0x1e
    .byte 0x22, 0x02, 0x2c, 0x15, 0x00, 0x00, 0x00, 0x2c, 0x9d, 0x00, 0x00, 0x00, 0x2c, 0x7f, 0x00, 0x00
    .byte 0x00, 0x15, 0x0a, 0x25, 0x9a, 0x1e, 0x22, 0x02, 0x03, 0x00, 0x04, 0x00, 0x00, 0x00, 0x32, 0x00
    .byte 0x0b, 0x00, 0x00, 0x00, 0x14, 0x9a, 0x1e, 0x22, 0x02, 0x2c, 0x15, 0x00, 0x00, 0x00, 0x2c, 0x9c
    .byte 0x00, 0x00, 0x00, 0x2c, 0x7f, 0x00, 0x00, 0x00, 0x15, 0x0a, 0x20, 0x00, 0x00, 0x2c, 0xab, 0xec
    .byte 0x21, 0x02, 0x15, 0x39, 0x20, 0x00, 0x00, 0x15, 0x42, 0x18, 0x70, 0x32, 0x00, 0x00, 0x00, 0x00
    .byte 0x00, 0x14, 0xbb, 0x1e, 0x22, 0x02, 0x01, 0xa4, 0x1e, 0x22, 0x02, 0x2c, 0x98, 0x03, 0x00, 0x00
    .byte 0x15, 0x37, 0x18, 0x70, 0x32, 0x00, 0x00, 0x00, 0x00, 0x00, 0x14, 0xf0, 0x1e, 0x22, 0x02, 0x2c
    .byte 0x14, 0x00, 0x00, 0x00, 0x15, 0x07, 0x15, 0x08, 0x2c, 0x98, 0x03, 0x00, 0x00, 0x15, 0x35, 0x2c
    .byte 0xb5, 0x03, 0x00, 0x00, 0x15, 0x35, 0x2c, 0x08, 0x00, 0x00, 0x00, 0x20, 0x00, 0x00, 0x15, 0x78
    .byte 0x20, 0x00, 0x00, 0x15, 0x07, 0x15, 0x08, 0x2c, 0x03, 0x00, 0x00, 0x00, 0x2c, 0x6e, 0x00, 0x00
    .byte 0x00, 0x15, 0xef, 0x00, 0x20, 0x00, 0x00, 0x15, 0x09, 0x20, 0x00, 0x00, 0x15, 0x18, 0x20, 0x00
    .byte 0x00, 0x15, 0x19, 0x2c, 0x70, 0x01, 0x00, 0x00, 0x2c, 0xc0, 0x00, 0x00, 0x00, 0x20, 0x00, 0x00
    .byte 0x15, 0x02, 0x00, 0x2c, 0x30, 0x01, 0x00, 0x00, 0x2c, 0xb0, 0x00, 0x00, 0x00, 0x20, 0x00, 0x00
    .byte 0x15, 0x02, 0x2c, 0x01, 0x00, 0x00, 0x00, 0x15, 0x09, 0x2c, 0x1f, 0x00, 0x00, 0x00, 0x15, 0x05
    .byte 0x20, 0x00, 0x00, 0x2c, 0x3a, 0x00, 0x00, 0x00, 0x15, 0x32, 0x2c, 0x01, 0x00, 0x00, 0x00, 0x2c
    .byte 0x20, 0x00, 0x00, 0x00, 0x15, 0x32, 0x2c, 0x06, 0x00, 0x00, 0x00, 0x20, 0x00, 0x00, 0x15, 0x03
    .byte 0x2c, 0x01, 0x00, 0x00, 0x00, 0x15, 0x06, 0x2c, 0x01, 0x00, 0x00, 0x00, 0x15, 0x18, 0x2c, 0x01
    .byte 0x00, 0x00, 0x00, 0x15, 0x19, 0x00, 0x2c, 0x04, 0x00, 0x00, 0x00, 0x20, 0x00, 0x00, 0x20, 0x00
    .byte 0x00, 0x20, 0x00, 0x00, 0x15, 0xcd, 0x2c, 0x05, 0x00, 0x00, 0x00, 0x2c, 0x08, 0x00, 0x00, 0x00
    .byte 0x20, 0x00, 0x00, 0x20, 0x00, 0x00, 0x15, 0xcd, 0x15, 0x96, 0x2c, 0x1e, 0x00, 0x00, 0x00, 0x20
    .byte 0x00, 0x00, 0x2c, 0x3c, 0x00, 0x00, 0x00, 0x2c, 0x02, 0x00, 0x00, 0x00, 0x2c, 0x40, 0x06, 0x00
    .byte 0x00, 0x15, 0x95, 0x2c, 0x22, 0x00, 0x00, 0x00, 0x2c, 0x01, 0x00, 0x00, 0x00, 0x15, 0x32, 0x2c
    .byte 0x40, 0x01, 0x00, 0x00, 0x2c, 0xb0, 0x00, 0x00, 0x00, 0x2c, 0x10, 0x00, 0x00, 0x00, 0x15, 0x02
    .byte 0x2c, 0x24, 0x00, 0x00, 0x00, 0x15, 0x05, 0x20, 0x00, 0x00, 0x15, 0x06, 0x2c, 0x01, 0x00, 0x00
    .byte 0x00, 0x15, 0xd7, 0x20, 0x00, 0x00, 0x2c, 0xc0, 0xff, 0xff, 0xff, 0x15, 0xd1, 0x20, 0x00, 0x00
    .byte 0x15, 0x09, 0x00, 0x2c, 0x04, 0x00, 0x00, 0x00, 0x20, 0x00, 0x00, 0x20, 0x00, 0x00, 0x20, 0x00
    .byte 0x00, 0x15, 0xcd, 0x2c, 0x05, 0x00, 0x00, 0x00, 0x2c, 0x08, 0x00, 0x00, 0x00, 0x20, 0x00, 0x00
    .byte 0x20, 0x00, 0x00, 0x15, 0xcd, 0x15, 0x96, 0x2c, 0x1e, 0x00, 0x00, 0x00, 0x20, 0x00, 0x00, 0x2c
    .byte 0x3c, 0x00, 0x00, 0x00, 0x2c, 0x02, 0x00, 0x00, 0x00, 0x2c, 0x40, 0x06, 0x00, 0x00, 0x15, 0x95
    .byte 0x2c, 0x22, 0x00, 0x00, 0x00, 0x2c, 0x01, 0x00, 0x00, 0x00, 0x15, 0x32, 0x2c, 0x40, 0x01, 0x00
    .byte 0x00, 0x2c, 0xb0, 0x00, 0x00, 0x00, 0x2c, 0x10, 0x00, 0x00, 0x00, 0x15, 0x02, 0x2c, 0x24, 0x00
    .byte 0x00, 0x00, 0x15, 0x05, 0x2c, 0x01, 0x00, 0x00, 0x00, 0x15, 0x06, 0x2c, 0x01, 0x00, 0x00, 0x00
    .byte 0x15, 0xd7, 0x20, 0x00, 0x00, 0x2c, 0xc0, 0xff, 0xff, 0xff, 0x15, 0xd1, 0x2c, 0x01, 0x00, 0x00
    .byte 0x00, 0x15, 0x09, 0x2c, 0x01, 0x00, 0x00, 0x00, 0x2c, 0xb2, 0x2f, 0x22, 0x02, 0x15, 0x29, 0x00
    .byte 0x20, 0x00, 0x00, 0x15, 0x09, 0x2c, 0x30, 0x01, 0x00, 0x00, 0x2c, 0xa0, 0x00, 0x00, 0x00, 0x20
    .byte 0x00, 0x00, 0x15, 0x02, 0x2c, 0x10, 0x00, 0x00, 0x00, 0x15, 0x1b, 0x00, 0x2c, 0x04, 0x00, 0x00
    .byte 0x00, 0x20, 0x00, 0x00, 0x20, 0x00, 0x00, 0x20, 0x00, 0x00, 0x15, 0xcd, 0x2c, 0x05, 0x00, 0x00
    .byte 0x00, 0x2c, 0x08, 0x00, 0x00, 0x00, 0x20, 0x00, 0x00, 0x20, 0x00, 0x00, 0x15, 0xcd, 0x15, 0x96
    .byte 0x2c, 0x1e, 0x00, 0x00, 0x00, 0x20, 0x00, 0x00, 0x2c, 0x3c, 0x00, 0x00, 0x00, 0x2c, 0x02, 0x00
    .byte 0x00, 0x00, 0x2c, 0x40, 0x06, 0x00, 0x00, 0x15, 0x95, 0x2c, 0x22, 0x00, 0x00, 0x00, 0x2c, 0x01
    .byte 0x00, 0x00, 0x00, 0x15, 0x32, 0x2c, 0x10, 0x01, 0x00, 0x00, 0x2c, 0xb0, 0x00, 0x00, 0x00, 0x2c
    .byte 0x10, 0x00, 0x00, 0x00, 0x15, 0x02, 0x2c, 0x0a, 0x00, 0x00, 0x00, 0x15, 0x05, 0x2c, 0x01, 0x00
    .byte 0x00, 0x00, 0x15, 0x06, 0x20, 0x00, 0x00, 0x15, 0x09, 0x00, 0x20, 0x00, 0x00, 0x15, 0xd7, 0x20
    .byte 0x00, 0x00, 0x15, 0x05, 0x2c, 0x01, 0x00, 0x00, 0x00, 0x15, 0x06, 0x15, 0x11, 0x18, 0x70, 0x09
    .byte 0x00, 0x10, 0x00, 0x00, 0x00, 0x26, 0x00, 0x40, 0x29, 0x00, 0x40, 0x15, 0x11, 0x18, 0x71, 0x09
    .byte 0x01, 0x10, 0x00, 0x00, 0x00, 0x05, 0x01, 0x02, 0x00, 0x00, 0x00, 0x1e, 0x10, 0x14, 0xa2, 0x21
    .byte 0x22, 0x02, 0x15, 0x10, 0x18, 0x70, 0x09, 0x00, 0x10, 0x00, 0x00, 0x00, 0x24, 0x00, 0x02, 0x00
    .byte 0x00, 0x00, 0x26, 0x00, 0x41, 0x29, 0x00, 0x41, 0x15, 0x10, 0x18, 0x71, 0x09, 0x01, 0x10, 0x00
    .byte 0x00, 0x00, 0x24, 0x01, 0x02, 0x00, 0x00, 0x00, 0x05, 0x01, 0x04, 0x00, 0x00, 0x00, 0x1e, 0x10
    .byte 0x14, 0x91, 0x21, 0x22, 0x02, 0x2d, 0x41, 0x2d, 0x40, 0x2c, 0x03, 0x00, 0x00, 0x00, 0x15, 0x3f
    .byte 0x29, 0x00, 0x41, 0x05, 0x00, 0x01, 0x00, 0x00, 0x00, 0x26, 0x00, 0x41, 0x25, 0x55, 0x21, 0x22
    .byte 0x02, 0x29, 0x00, 0x40, 0x05, 0x00, 0x01, 0x00, 0x00, 0x00, 0x26, 0x00, 0x40, 0x25, 0x28, 0x21
    .byte 0x22, 0x02, 0x20, 0x00, 0x00, 0x15, 0x07, 0x15, 0x08, 0x00, 0x20, 0x00, 0x00, 0x15, 0xd7, 0x2c
    .byte 0x02, 0x00, 0x00, 0x00, 0x15, 0x05, 0x2c, 0x01, 0x00, 0x00, 0x00, 0x15, 0x06, 0x15, 0x11, 0x18
    .byte 0x70, 0x09, 0x00, 0x10, 0x00, 0x00, 0x00, 0x26, 0x00, 0x40, 0x29, 0x00, 0x40, 0x15, 0x11, 0x18
    .byte 0x71, 0x09, 0x01, 0x10, 0x00, 0x00, 0x00, 0x05, 0x01, 0x02, 0x00, 0x00, 0x00, 0x1e, 0x10, 0x14
    .byte 0x44, 0x22, 0x22, 0x02, 0x15, 0x10, 0x18, 0x70, 0x09, 0x00, 0x10, 0x00, 0x00, 0x00, 0x24, 0x00
    .byte 0x01, 0x00, 0x00, 0x00, 0x26, 0x00, 0x41, 0x29, 0x00, 0x41, 0x15, 0x10, 0x18, 0x71, 0x09, 0x01
    .byte 0x10, 0x00, 0x00, 0x00, 0x24, 0x01, 0x01, 0x00, 0x00, 0x00, 0x05, 0x01, 0x02, 0x00, 0x00, 0x00
    .byte 0x1e, 0x10, 0x14, 0x33, 0x22, 0x22, 0x02, 0x2d, 0x41, 0x2d, 0x40, 0x2c, 0x03, 0x00, 0x00, 0x00
    .byte 0x15, 0x3f, 0x29, 0x00, 0x41, 0x05, 0x00, 0x01, 0x00, 0x00, 0x00, 0x26, 0x00, 0x41, 0x25, 0xf7
    .byte 0x21, 0x22, 0x02, 0x29, 0x00, 0x40, 0x05, 0x00, 0x01, 0x00, 0x00, 0x00, 0x26, 0x00, 0x40, 0x25
    .byte 0xca, 0x21, 0x22, 0x02, 0x20, 0x00, 0x00, 0x15, 0x07, 0x15, 0x08, 0x2c, 0x01, 0x00, 0x00, 0x00
    .byte 0x2c, 0x58, 0x22, 0x22, 0x02, 0x15, 0x29, 0x00, 0x2c, 0x1b, 0x00, 0x00, 0x00, 0x15, 0x31, 0x18
    .byte 0x70, 0x26, 0x00, 0xd2, 0x20, 0x00, 0x00, 0x2c, 0x9b, 0xef, 0x21, 0x02, 0x15, 0x39, 0x20, 0x00
    .byte 0x00, 0x15, 0x42, 0x18, 0x70, 0x32, 0x00, 0x00, 0x00, 0x00, 0x00, 0x14, 0x85, 0x22, 0x22, 0x02
    .byte 0x01, 0x6e, 0x22, 0x22, 0x02, 0x15, 0x8b, 0x18, 0x70, 0x32, 0x00, 0x00, 0x00, 0x00, 0x00, 0x13
    .byte 0x99, 0x22, 0x22, 0x02, 0x01, 0x85, 0x22, 0x22, 0x02, 0x2c, 0x9e, 0x04, 0x00, 0x00, 0x2c, 0x01
    .byte 0x00, 0x00, 0x00, 0x20, 0x00, 0x00, 0x20, 0x00, 0x00, 0x15, 0x59, 0x15, 0x5a, 0x2c, 0x19, 0x00
    .byte 0x00, 0x00, 0x2c, 0xaa, 0x21, 0x22, 0x02, 0x15, 0x39, 0x00, 0x20, 0x00, 0x00, 0x2c, 0xa0, 0x00
    .byte 0x00, 0x00, 0x2c, 0x50, 0x00, 0x00, 0x00, 0x2c, 0xf0, 0x01, 0x00, 0x00, 0x2c, 0x40, 0x01, 0x00
    .byte 0x00, 0x15, 0x8d, 0x18, 0x70, 0x32, 0x00, 0x01, 0x00, 0x00, 0x00, 0x13, 0xe5, 0x22, 0x22, 0x02
    .byte 0x01, 0xba, 0x22, 0x22, 0x02, 0x2c, 0x00, 0x04, 0x00, 0x00, 0x15, 0x37, 0x18, 0x70, 0x14, 0xf8
    .byte 0x22, 0x22, 0x02, 0x01, 0xe5, 0x22, 0x22, 0x02, 0x2c, 0xee, 0x03, 0x00, 0x00, 0x15, 0x37, 0x18
    .byte 0x70, 0x14, 0x0b, 0x23, 0x22, 0x02, 0x01, 0xf8, 0x22, 0x22, 0x02, 0x2c, 0x02, 0x00, 0x00, 0x00
    .byte 0x15, 0x9b, 0x18, 0x70, 0x32, 0x00, 0x00, 0x00, 0x00, 0x00, 0x14, 0x24, 0x23, 0x22, 0x02, 0x01
    .byte 0x0b, 0x23, 0x22, 0x02, 0x20, 0x00, 0x00, 0x15, 0x9b, 0x18, 0x70, 0x14, 0x44, 0x23, 0x22, 0x02
    .byte 0x20, 0x00, 0x00, 0x2c, 0xff, 0xff, 0xff, 0xff, 0x2c, 0xff, 0xff, 0xff, 0xff, 0x2c, 0xff, 0xff
    .byte 0xff, 0xff, 0x15, 0x89, 0x20, 0x00, 0x00, 0x15, 0x07, 0x15, 0x08, 0x2c, 0x03, 0x00, 0x00, 0x00
    .byte 0x2c, 0xa7, 0x24, 0x22, 0x02, 0x15, 0x29, 0x00, 0x20, 0x00, 0x00, 0x2c, 0xa0, 0x00, 0x00, 0x00
    .byte 0x2c, 0x50, 0x00, 0x00, 0x00, 0x2c, 0xf0, 0x01, 0x00, 0x00, 0x2c, 0x40, 0x01, 0x00, 0x00, 0x15
    .byte 0x8d, 0x18, 0x70, 0x32, 0x00, 0x01, 0x00, 0x00, 0x00, 0x13, 0x83, 0x23, 0x22, 0x02, 0x01, 0x58
    .byte 0x23, 0x22, 0x02, 0x2c, 0x00, 0x04, 0x00, 0x00, 0x15, 0x37, 0x18, 0x70, 0x14, 0x96, 0x23, 0x22
    .byte 0x02, 0x01, 0x83, 0x23, 0x22, 0x02, 0x2c, 0xee, 0x03, 0x00, 0x00, 0x15, 0x37, 0x18, 0x70, 0x14
    .byte 0xa9, 0x23, 0x22, 0x02, 0x01, 0x96, 0x23, 0x22, 0x02, 0x2c, 0x02, 0x00, 0x00, 0x00, 0x15, 0x9b
    .byte 0x18, 0x70, 0x32, 0x00, 0x00, 0x00, 0x00, 0x00, 0x14, 0xc2, 0x23, 0x22, 0x02, 0x01, 0xa9, 0x23
    .byte 0x22, 0x02, 0x20, 0x00, 0x00, 0x15, 0x9b, 0x18, 0x70, 0x14, 0xe2, 0x23, 0x22, 0x02, 0x20, 0x00
    .byte 0x00, 0x2c, 0xff, 0xff, 0xff, 0xff, 0x2c, 0xff, 0xff, 0xff, 0xff, 0x2c, 0xff, 0xff, 0xff, 0xff
    .byte 0x15, 0x89, 0x20, 0x00, 0x00, 0x15, 0x07, 0x15, 0x08, 0x2c, 0x03, 0x00, 0x00, 0x00, 0x2c, 0xb6
    .byte 0x30, 0x22, 0x02, 0x15, 0x29, 0x00, 0x20, 0x00, 0x00, 0x2c, 0xa0, 0x00, 0x00, 0x00, 0x2c, 0x50
    .byte 0x00, 0x00, 0x00, 0x2c, 0xf0, 0x01, 0x00, 0x00, 0x2c, 0x40, 0x01, 0x00, 0x00, 0x15, 0x8d, 0x18
    .byte 0x70, 0x32, 0x00, 0x01, 0x00, 0x00, 0x00, 0x13, 0x21, 0x24, 0x22, 0x02, 0x01, 0xf6, 0x23, 0x22
    .byte 0x02, 0x2c, 0x00, 0x04, 0x00, 0x00, 0x15, 0x37, 0x18, 0x70, 0x14, 0x34, 0x24, 0x22, 0x02, 0x01
    .byte 0x21, 0x24, 0x22, 0x02, 0x2c, 0xee, 0x03, 0x00, 0x00, 0x15, 0x37, 0x18, 0x70, 0x14, 0x47, 0x24
    .byte 0x22, 0x02, 0x01, 0x34, 0x24, 0x22, 0x02, 0x2c, 0x02, 0x00, 0x00, 0x00, 0x15, 0x9b, 0x18, 0x70
    .byte 0x32, 0x00, 0x00, 0x00, 0x00, 0x00, 0x14, 0x60, 0x24, 0x22, 0x02, 0x01, 0x47, 0x24, 0x22, 0x02
    .byte 0x20, 0x00, 0x00, 0x15, 0x9b, 0x18, 0x70, 0x14, 0x80, 0x24, 0x22, 0x02, 0x20, 0x00, 0x00, 0x2c
    .byte 0xff, 0xff, 0xff, 0xff, 0x2c, 0xff, 0xff, 0xff, 0xff, 0x2c, 0xff, 0xff, 0xff, 0xff, 0x15, 0x89
    .byte 0x20, 0x00, 0x00, 0x15, 0x07, 0x15, 0x08, 0x2c, 0x03, 0x00, 0x00, 0x00, 0x2c, 0xf1, 0x4d, 0x22
    .byte 0x02, 0x15, 0x29, 0x00, 0x2c, 0xdf, 0xff, 0xff, 0xff, 0x15, 0x1b, 0x20, 0x00, 0x00, 0x15, 0x09
    .byte 0x00, 0x20, 0x00, 0x00, 0x15, 0x09, 0x00, 0x2c, 0x0f, 0x00, 0x00, 0x00, 0x15, 0x2f, 0x18, 0x70
    .byte 0x32, 0x00, 0x01, 0x00, 0x00, 0x00, 0x14, 0xc7, 0x24, 0x22, 0x02, 0x2c, 0x07, 0x00, 0x00, 0x00
    .byte 0x2c, 0x0f, 0x00, 0x00, 0x00, 0x15, 0xe0, 0x2c, 0x0f, 0x00, 0x00, 0x00, 0x15, 0x07, 0x15, 0x08
    .byte 0x2c, 0x05, 0x00, 0x00, 0x00, 0x2c, 0x7d, 0x2c, 0x22, 0x02, 0x15, 0x39, 0x2c, 0x05, 0x00, 0x00
    .byte 0x00, 0x15, 0x42, 0x18, 0x70, 0x32, 0x00, 0x00, 0x00, 0x00, 0x00, 0x14, 0xf5, 0x24, 0x22, 0x02
    .byte 0x01, 0xdc, 0x24, 0x22, 0x02, 0x2c, 0x0a, 0x00, 0x00, 0x00, 0x15, 0x07, 0x15, 0x08, 0x2c, 0x03
    .byte 0x00, 0x00, 0x00, 0x2c, 0x01, 0x00, 0x00, 0x00, 0x20, 0x00, 0x00, 0x20, 0x00, 0x00, 0x20, 0x00
    .byte 0x00, 0x15, 0x4f, 0x2c, 0x01, 0x00, 0x00, 0x00, 0x2c, 0x19, 0x00, 0x00, 0x00, 0x2c, 0x07, 0x00
    .byte 0x00, 0x00, 0x15, 0x47, 0x18, 0x70, 0x17, 0x00, 0x2c, 0x19, 0x00, 0x00, 0x00, 0x2c, 0x08, 0x00
    .byte 0x00, 0x00, 0x15, 0x47, 0x18, 0x70, 0x17, 0x00, 0x2c, 0x3c, 0x00, 0x00, 0x00, 0x20, 0x00, 0x00
    .byte 0x15, 0x4f, 0x18, 0x70, 0x17, 0x00, 0x15, 0x07, 0x15, 0x08, 0x2c, 0x0a, 0x00, 0x00, 0x00, 0x15
    .byte 0x07, 0x15, 0x08, 0x2c, 0x92, 0x02, 0x00, 0x00, 0x15, 0x35, 0x2c, 0x15, 0x00, 0x00, 0x00, 0x2c
    .byte 0x6d, 0x00, 0x00, 0x00, 0x2c, 0x7f, 0x00, 0x00, 0x00, 0x15, 0x0a, 0x2c, 0x05, 0x00, 0x00, 0x00
    .byte 0x2c, 0x23, 0x2c, 0x22, 0x02, 0x15, 0x39, 0x2c, 0x05, 0x00, 0x00, 0x00, 0x15, 0x42, 0x18, 0x70
    .byte 0x32, 0x00, 0x00, 0x00, 0x00, 0x00, 0x14, 0x90, 0x25, 0x22, 0x02, 0x01, 0x77, 0x25, 0x22, 0x02
    .byte 0x2c, 0x1e, 0x00, 0x00, 0x00, 0x15, 0x07, 0x15, 0x08, 0x2c, 0x05, 0x00, 0x00, 0x00, 0x2c, 0x39
    .byte 0x2e, 0x22, 0x02, 0x15, 0x39, 0x2c, 0x05, 0x00, 0x00, 0x00, 0x15, 0x42, 0x18, 0x70, 0x32, 0x00
    .byte 0x00, 0x00, 0x00, 0x00, 0x14, 0xbe, 0x25, 0x22, 0x02, 0x01, 0xa5, 0x25, 0x22, 0x02, 0x2c, 0x0a
    .byte 0x00, 0x00, 0x00, 0x15, 0x07, 0x15, 0x08, 0x2c, 0x01, 0x00, 0x00, 0x00, 0x2c, 0x4c, 0x29, 0x22
    .byte 0x02, 0x15, 0x39, 0x2c, 0x01, 0x00, 0x00, 0x00, 0x15, 0x42, 0x18, 0x70, 0x32, 0x00, 0x00, 0x00
    .byte 0x00, 0x00, 0x14, 0xec, 0x25, 0x22, 0x02, 0x01, 0xd3, 0x25, 0x22, 0x02, 0x20, 0x00, 0x00, 0x2c
    .byte 0x89, 0x35, 0x22, 0x02, 0x15, 0x39, 0x20, 0x00, 0x00, 0x15, 0x42, 0x18, 0x70, 0x32, 0x00, 0x00
    .byte 0x00, 0x00, 0x00, 0x14, 0x0d, 0x26, 0x22, 0x02, 0x01, 0xf6, 0x25, 0x22, 0x02, 0x2c, 0x01, 0x00
    .byte 0x00, 0x00, 0x2c, 0x52, 0x2b, 0x22, 0x02, 0x15, 0x39, 0x2c, 0x01, 0x00, 0x00, 0x00, 0x15, 0x42
    .byte 0x18, 0x70, 0x32, 0x00, 0x00, 0x00, 0x00, 0x00, 0x14, 0x32, 0x26, 0x22, 0x02, 0x01, 0x19, 0x26
    .byte 0x22, 0x02, 0x2c, 0x3c, 0x00, 0x00, 0x00, 0x15, 0x07, 0x15, 0x08, 0x2c, 0x05, 0x00, 0x00, 0x00
    .byte 0x2c, 0xc0, 0x2c, 0x22, 0x02, 0x15, 0x39, 0x2c, 0x05, 0x00, 0x00, 0x00, 0x15, 0x42, 0x18, 0x70
    .byte 0x32, 0x00, 0x00, 0x00, 0x00, 0x00, 0x14, 0x60, 0x26, 0x22, 0x02, 0x01, 0x47, 0x26, 0x22, 0x02
    .byte 0x2c, 0x3c, 0x00, 0x00, 0x00, 0x15, 0x07, 0x15, 0x08, 0x2c, 0x01, 0x00, 0x00, 0x00, 0x2c, 0x82
    .byte 0x2b, 0x22, 0x02, 0x15, 0x39, 0x2c, 0x01, 0x00, 0x00, 0x00, 0x15, 0x42, 0x18, 0x70, 0x32, 0x00
    .byte 0x00, 0x00, 0x00, 0x00, 0x14, 0x8e, 0x26, 0x22, 0x02, 0x01, 0x75, 0x26, 0x22, 0x02, 0x2c, 0x1e
    .byte 0x00, 0x00, 0x00, 0x15, 0x07, 0x15, 0x08, 0x2c, 0x08, 0x00, 0x00, 0x00, 0x2c, 0x75, 0x00, 0x00
    .byte 0x00, 0x15, 0xe0, 0x2c, 0x01, 0x00, 0x00, 0x00, 0x2c, 0x19, 0x00, 0x00, 0x00, 0x2c, 0x07, 0x00
    .byte 0x00, 0x00, 0x15, 0x47, 0x18, 0x70, 0x17, 0x00, 0x2c, 0x19, 0x00, 0x00, 0x00, 0x2c, 0x08, 0x00
    .byte 0x00, 0x00, 0x15, 0x47, 0x18, 0x70, 0x24, 0x00, 0x10, 0x00, 0x00, 0x00, 0x17, 0x00, 0x2c, 0x3c
    .byte 0x00, 0x00, 0x00, 0x20, 0x00, 0x00, 0x15, 0x4f, 0x2c, 0x05, 0x00, 0x00, 0x00, 0x2c, 0x03, 0x2d
    .byte 0x22, 0x02, 0x15, 0x39, 0x2c, 0x05, 0x00, 0x00, 0x00, 0x15, 0x42, 0x18, 0x70, 0x32, 0x00, 0x00
    .byte 0x00, 0x00, 0x00, 0x14, 0xfd, 0x26, 0x22, 0x02, 0x01, 0xe4, 0x26, 0x22, 0x02, 0x03, 0x00, 0x00
    .byte 0x00, 0x00, 0x00, 0x28, 0x00, 0x00, 0x2b, 0x00, 0x00, 0x34, 0x00, 0x1e, 0x00, 0x00, 0x00, 0x14
    .byte 0x3b, 0x27, 0x22, 0x02, 0x15, 0x8f, 0x2c, 0x03, 0x00, 0x00, 0x00, 0x15, 0x07, 0x15, 0x08, 0x15
    .byte 0x8e, 0x2c, 0x03, 0x00, 0x00, 0x00, 0x15, 0x07, 0x15, 0x08, 0x2b, 0x00, 0x00, 0x05, 0x00, 0x01
    .byte 0x00, 0x00, 0x00, 0x28, 0x00, 0x00, 0x25, 0x06, 0x27, 0x22, 0x02, 0x2c, 0x01, 0x00, 0x00, 0x00
    .byte 0x20, 0x00, 0x00, 0x20, 0x00, 0x00, 0x2c, 0x01, 0x00, 0x00, 0x00, 0x15, 0xd6, 0x2c, 0x05, 0x00
    .byte 0x00, 0x00, 0x2c, 0xe1, 0x2d, 0x22, 0x02, 0x15, 0x39, 0x2c, 0x05, 0x00, 0x00, 0x00, 0x15, 0x42
    .byte 0x18, 0x70, 0x32, 0x00, 0x00, 0x00, 0x00, 0x00, 0x14, 0x72, 0x27, 0x22, 0x02, 0x01, 0x59, 0x27
    .byte 0x22, 0x02, 0x2c, 0x01, 0x00, 0x00, 0x00, 0x2c, 0x19, 0x00, 0x00, 0x00, 0x2c, 0x07, 0x00, 0x00
    .byte 0x00, 0x15, 0x47, 0x18, 0x70, 0x17, 0x00, 0x2c, 0x19, 0x00, 0x00, 0x00, 0x2c, 0x08, 0x00, 0x00
    .byte 0x00, 0x15, 0x47, 0x18, 0x70, 0x17, 0x00, 0x2c, 0x3c, 0x00, 0x00, 0x00, 0x20, 0x00, 0x00, 0x15
    .byte 0x4f, 0x2c, 0x09, 0x00, 0x00, 0x00, 0x2c, 0x75, 0x00, 0x00, 0x00, 0x15, 0xe0, 0x2c, 0x1e, 0x00
    .byte 0x00, 0x00, 0x15, 0x07, 0x15, 0x08, 0x2c, 0x0d, 0x00, 0x00, 0x00, 0x2c, 0x75, 0x2e, 0x22, 0x02
    .byte 0x15, 0x39, 0x2c, 0x0d, 0x00, 0x00, 0x00, 0x15, 0x42, 0x18, 0x70, 0x32, 0x00, 0x00, 0x00, 0x00
    .byte 0x00, 0x14, 0xdb, 0x27, 0x22, 0x02, 0x01, 0xc2, 0x27, 0x22, 0x02, 0x2c, 0x0c, 0x00, 0x00, 0x00
    .byte 0x2c, 0x16, 0x30, 0x22, 0x02, 0x15, 0x39, 0x2c, 0x0c, 0x00, 0x00, 0x00, 0x15, 0x42, 0x18, 0x70
    .byte 0x32, 0x00, 0x00, 0x00, 0x00, 0x00, 0x14, 0x00, 0x28, 0x22, 0x02, 0x01, 0xe7, 0x27, 0x22, 0x02
    .byte 0x2c, 0x01, 0x00, 0x00, 0x00, 0x2c, 0x4d, 0x5d, 0x22, 0x02, 0x15, 0x39, 0x2c, 0x01, 0x00, 0x00
    .byte 0x00, 0x15, 0x42, 0x18, 0x70, 0x32, 0x00, 0x00, 0x00, 0x00, 0x00, 0x14, 0x25, 0x28, 0x22, 0x02
    .byte 0x01, 0x0c, 0x28, 0x22, 0x02, 0x2c, 0xa1, 0x02, 0x00, 0x00, 0x15, 0x35, 0x2c, 0x1e, 0x00, 0x00
    .byte 0x00, 0x15, 0x07, 0x15, 0x08, 0x2c, 0x05, 0x00, 0x00, 0x00, 0x2c, 0x39, 0x2e, 0x22, 0x02, 0x15
    .byte 0x39, 0x2c, 0x05, 0x00, 0x00, 0x00, 0x15, 0x42, 0x18, 0x70, 0x32, 0x00, 0x00, 0x00, 0x00, 0x00
    .byte 0x14, 0x5a, 0x28, 0x22, 0x02, 0x01, 0x41, 0x28, 0x22, 0x02, 0x2c, 0x05, 0x00, 0x00, 0x00, 0x2c
    .byte 0xa7, 0x30, 0x22, 0x02, 0x15, 0x39, 0x2c, 0x05, 0x00, 0x00, 0x00, 0x15, 0x42, 0x18, 0x70, 0x32
    .byte 0x00, 0x00, 0x00, 0x00, 0x00, 0x14, 0x7f, 0x28, 0x22, 0x02, 0x01, 0x66, 0x28, 0x22, 0x02, 0x2c
    .byte 0x16, 0x00, 0x00, 0x00, 0x2c, 0x6d, 0x00, 0x00, 0x00, 0x2c, 0x1e, 0x00, 0x00, 0x00, 0x15, 0x0a
    .byte 0x2c, 0x0a, 0x00, 0x00, 0x00, 0x15, 0x07, 0x15, 0x08, 0x2c, 0x01, 0x00, 0x00, 0x00, 0x2c, 0x0c
    .byte 0x00, 0x00, 0x00, 0x2c, 0x07, 0x00, 0x00, 0x00, 0x15, 0x47, 0x18, 0x70, 0x17, 0x00, 0x2c, 0x0c
    .byte 0x00, 0x00, 0x00, 0x2c, 0x08, 0x00, 0x00, 0x00, 0x15, 0x47, 0x18, 0x70, 0x24, 0x00, 0x10, 0x00
    .byte 0x00, 0x00, 0x17, 0x00, 0x2c, 0x1e, 0x00, 0x00, 0x00, 0x20, 0x00, 0x00, 0x15, 0x4f, 0x18, 0x70
    .byte 0x17, 0x00, 0x15, 0x07, 0x15, 0x08, 0x2c, 0x0a, 0x00, 0x00, 0x00, 0x15, 0x07, 0x15, 0x08, 0x2c
    .byte 0x0d, 0x00, 0x00, 0x00, 0x2c, 0xe3, 0x2e, 0x22, 0x02, 0x15, 0x39, 0x2c, 0x0d, 0x00, 0x00, 0x00
    .byte 0x15, 0x42, 0x18, 0x70, 0x32, 0x00, 0x00, 0x00, 0x00, 0x00, 0x14, 0x04, 0x29, 0x22, 0x02, 0x01
    .byte 0xeb, 0x28, 0x22, 0x02, 0x2c, 0x0a, 0x00, 0x00, 0x00, 0x15, 0x07, 0x15, 0x08, 0x2c, 0x02, 0x00
    .byte 0x00, 0x00, 0x2c, 0x3c, 0x00, 0x00, 0x00, 0x20, 0x00, 0x00, 0x20, 0x00, 0x00, 0x20, 0x00, 0x00
    .byte 0x15, 0x4f, 0x18, 0x70, 0x17, 0x00, 0x15, 0x07, 0x15, 0x08, 0x2c, 0x03, 0x00, 0x00, 0x00, 0x20
    .byte 0x00, 0x00, 0x20, 0x00, 0x00, 0x20, 0x00, 0x00, 0x20, 0x00, 0x00, 0x15, 0x4f, 0x2c, 0x0a, 0x00
    .byte 0x00, 0x00, 0x15, 0x07, 0x15, 0x08, 0x01, 0x0a, 0x21, 0x22, 0x02, 0x00, 0x20, 0x00, 0x00, 0x15
    .byte 0x18, 0x20, 0x00, 0x00, 0x15, 0x19, 0x2c, 0x05, 0x00, 0x00, 0x00, 0x2c, 0x07, 0x00, 0x00, 0x00
    .byte 0x15, 0x47, 0x18, 0x70, 0x17, 0x00, 0x2c, 0x05, 0x00, 0x00, 0x00, 0x2c, 0x08, 0x00, 0x00, 0x00
    .byte 0x15, 0x47, 0x18, 0x70, 0x17, 0x00, 0x15, 0x1e, 0x18, 0x70, 0x17, 0x00, 0x15, 0x75, 0x2c, 0x01
    .byte 0x00, 0x00, 0x00, 0x15, 0x2b, 0x2c, 0x01, 0x00, 0x00, 0x00, 0x2c, 0x00, 0x01, 0x00, 0x00, 0x2c
    .byte 0x50, 0x00, 0x00, 0x00, 0x2c, 0x30, 0x01, 0x00, 0x00, 0x2c, 0x80, 0x00, 0x00, 0x00, 0x15, 0x8d
    .byte 0x18, 0x70, 0x14, 0xca, 0x29, 0x22, 0x02, 0x2c, 0x00, 0x01, 0x00, 0x00, 0x2c, 0x88, 0x00, 0x00
    .byte 0x00, 0x20, 0x00, 0x00, 0x2c, 0x00, 0x18, 0x00, 0x00, 0x2c, 0x05, 0x00, 0x00, 0x00, 0x20, 0x00
    .byte 0x00, 0x15, 0x1a, 0x15, 0x21, 0x25, 0x0a, 0x2a, 0x22, 0x02, 0x2c, 0x01, 0x00, 0x00, 0x00, 0x2c
    .byte 0x30, 0x01, 0x00, 0x00, 0x2c, 0x50, 0x00, 0x00, 0x00, 0x2c, 0x60, 0x01, 0x00, 0x00, 0x2c, 0x80
    .byte 0x00, 0x00, 0x00, 0x15, 0x8d, 0x18, 0x70, 0x14, 0x0a, 0x2a, 0x22, 0x02, 0x2c, 0x60, 0x01, 0x00
    .byte 0x00, 0x2c, 0x88, 0x00, 0x00, 0x00, 0x20, 0x00, 0x00, 0x2c, 0x00, 0x18, 0x00, 0x00, 0x2c, 0x05
    .byte 0x00, 0x00, 0x00, 0x20, 0x00, 0x00, 0x15, 0x1a, 0x15, 0x21, 0x2c, 0x30, 0x01, 0x00, 0x00, 0x2c
    .byte 0xc0, 0x00, 0x00, 0x00, 0x20, 0x00, 0x00, 0x2c, 0x00, 0x18, 0x00, 0x00, 0x2c, 0x05, 0x00, 0x00
    .byte 0x00, 0x20, 0x00, 0x00, 0x15, 0x1a, 0x15, 0x21, 0x2c, 0x01, 0x00, 0x00, 0x00, 0x15, 0x18, 0x2c
    .byte 0x01, 0x00, 0x00, 0x00, 0x15, 0x19, 0x00, 0x20, 0x00, 0x00, 0x15, 0x18, 0x20, 0x00, 0x00, 0x15
    .byte 0x19, 0x2c, 0x05, 0x00, 0x00, 0x00, 0x2c, 0x07, 0x00, 0x00, 0x00, 0x15, 0x47, 0x18, 0x70, 0x17
    .byte 0x00, 0x2c, 0x05, 0x00, 0x00, 0x00, 0x2c, 0x08, 0x00, 0x00, 0x00, 0x15, 0x47, 0x18, 0x70, 0x17
    .byte 0x00, 0x15, 0x1e, 0x18, 0x70, 0x17, 0x00, 0x15, 0x75, 0x2c, 0x01, 0x00, 0x00, 0x00, 0x15, 0x2b
    .byte 0x20, 0x00, 0x00, 0x2c, 0x00, 0x01, 0x00, 0x00, 0x2c, 0x50, 0x00, 0x00, 0x00, 0x2c, 0x30, 0x01
    .byte 0x00, 0x00, 0x2c, 0x80, 0x00, 0x00, 0x00, 0x15, 0x8d, 0x18, 0x70, 0x14, 0xb3, 0x2a, 0x22, 0x02
    .byte 0x2c, 0x00, 0x01, 0x00, 0x00, 0x2c, 0x88, 0x00, 0x00, 0x00, 0x20, 0x00, 0x00, 0x2c, 0x00, 0x18
    .byte 0x00, 0x00, 0x2c, 0x05, 0x00, 0x00, 0x00, 0x20, 0x00, 0x00, 0x15, 0x1a, 0x15, 0x21, 0x25, 0xf1
    .byte 0x2a, 0x22, 0x02, 0x20, 0x00, 0x00, 0x2c, 0x30, 0x01, 0x00, 0x00, 0x2c, 0x50, 0x00, 0x00, 0x00
    .byte 0x2c, 0x60, 0x01, 0x00, 0x00, 0x2c, 0x80, 0x00, 0x00, 0x00, 0x15, 0x8d, 0x18, 0x70, 0x14, 0xf1
    .byte 0x2a, 0x22, 0x02, 0x2c, 0x60, 0x01, 0x00, 0x00, 0x2c, 0x88, 0x00, 0x00, 0x00, 0x20, 0x00, 0x00
    .byte 0x2c, 0x00, 0x18, 0x00, 0x00, 0x2c, 0x05, 0x00, 0x00, 0x00, 0x20, 0x00, 0x00, 0x15, 0x1a, 0x15
    .byte 0x21, 0x2c, 0xf0, 0x00, 0x00, 0x00, 0x2c, 0xe0, 0x00, 0x00, 0x00, 0x20, 0x00, 0x00, 0x2c, 0x00
    .byte 0x18, 0x00, 0x00, 0x2c, 0x05, 0x00, 0x00, 0x00, 0x20, 0x00, 0x00, 0x15, 0x1a, 0x15, 0x21, 0x2c
    .byte 0x05, 0x00, 0x00, 0x00, 0x2c, 0x07, 0x00, 0x00, 0x00, 0x15, 0x47, 0x18, 0x70, 0x17, 0x00, 0x2c
    .byte 0x05, 0x00, 0x00, 0x00, 0x2c, 0x08, 0x00, 0x00, 0x00, 0x15, 0x47, 0x18, 0x70, 0x17, 0x00, 0x15
    .byte 0x1e, 0x18, 0x70, 0x17, 0x00, 0x15, 0x75, 0x2c, 0x0d, 0x00, 0x00, 0x00, 0x15, 0x05, 0x20, 0x00
    .byte 0x00, 0x15, 0x55, 0x2c, 0x01, 0x00, 0x00, 0x00, 0x15, 0x18, 0x2c, 0x01, 0x00, 0x00, 0x00, 0x15
    .byte 0x19, 0x00, 0x2c, 0x0c, 0x00, 0x00, 0x00, 0x15, 0x45, 0x15, 0x8b, 0x18, 0x70, 0x32, 0x00, 0x00
    .byte 0x00, 0x00, 0x00, 0x13, 0x6d, 0x2b, 0x22, 0x02, 0x01, 0x59, 0x2b, 0x22, 0x02, 0x2c, 0xad, 0x04
    .byte 0x00, 0x00, 0x2c, 0x01, 0x00, 0x00, 0x00, 0x20, 0x00, 0x00, 0x20, 0x00, 0x00, 0x15, 0x59, 0x15
    .byte 0x5a, 0x00, 0x2c, 0x01, 0x00, 0x00, 0x00, 0x15, 0x2b, 0x20, 0x00, 0x00, 0x2c, 0xf0, 0xff, 0xff
    .byte 0xff, 0x20, 0x00, 0x00, 0x2c, 0x00, 0x18, 0x00, 0x00, 0x2c, 0x04, 0x00, 0x00, 0x00, 0x20, 0x00
    .byte 0x00, 0x15, 0x1a, 0x15, 0x21, 0x2c, 0x0f, 0x00, 0x00, 0x00, 0x15, 0x07, 0x15, 0x08, 0x2c, 0x0c
    .byte 0x00, 0x00, 0x00, 0x15, 0x45, 0x15, 0x8b, 0x18, 0x70, 0x32, 0x00, 0x00, 0x00, 0x00, 0x00, 0x13
    .byte 0xc9, 0x2b, 0x22, 0x02, 0x01, 0xb5, 0x2b, 0x22, 0x02, 0x2c, 0xae, 0x04, 0x00, 0x00, 0x2c, 0x01
    .byte 0x00, 0x00, 0x00, 0x20, 0x00, 0x00, 0x20, 0x00, 0x00, 0x15, 0x59, 0x15, 0x5a, 0x00, 0x2c, 0x04
    .byte 0x00, 0x00, 0x00, 0x20, 0x00, 0x00, 0x20, 0x00, 0x00, 0x20, 0x00, 0x00, 0x15, 0xcd, 0x2c, 0x05
    .byte 0x00, 0x00, 0x00, 0x2c, 0x08, 0x00, 0x00, 0x00, 0x20, 0x00, 0x00, 0x20, 0x00, 0x00, 0x15, 0xcd
    .byte 0x15, 0x96, 0x2c, 0x1e, 0x00, 0x00, 0x00, 0x20, 0x00, 0x00, 0x2c, 0x3c, 0x00, 0x00, 0x00, 0x2c
    .byte 0x02, 0x00, 0x00, 0x00, 0x2c, 0x40, 0x06, 0x00, 0x00, 0x15, 0x95, 0x2c, 0x01, 0x00, 0x00, 0x00
    .byte 0x15, 0x06, 0x00, 0x2c, 0x04, 0x00, 0x00, 0x00, 0x20, 0x00, 0x00, 0x20, 0x00, 0x00, 0x20, 0x00
    .byte 0x00, 0x15, 0xcd, 0x2c, 0x05, 0x00, 0x00, 0x00, 0x2c, 0x08, 0x00, 0x00, 0x00, 0x20, 0x00, 0x00
    .byte 0x20, 0x00, 0x00, 0x15, 0xcd, 0x2c, 0x01, 0x00, 0x00, 0x00, 0x15, 0x09, 0x2c, 0x03, 0x00, 0x00
    .byte 0x00, 0x15, 0x05, 0x15, 0x16, 0x15, 0x96, 0x2c, 0x1e, 0x00, 0x00, 0x00, 0x20, 0x00, 0x00, 0x2c
    .byte 0x3c, 0x00, 0x00, 0x00, 0x2c, 0x02, 0x00, 0x00, 0x00, 0x2c, 0x40, 0x06, 0x00, 0x00, 0x15, 0x95
    .byte 0x20, 0x00, 0x00, 0x15, 0x05, 0x2c, 0x01, 0x00, 0x00, 0x00, 0x15, 0x06, 0x00, 0x2c, 0x01, 0x00
    .byte 0x00, 0x00, 0x15, 0x06, 0x2c, 0x01, 0x00, 0x00, 0x00, 0x15, 0x45, 0x15, 0x8b, 0x18, 0x70, 0x32
    .byte 0x00, 0x00, 0x00, 0x00, 0x00, 0x13, 0x9f, 0x2c, 0x22, 0x02, 0x01, 0x8b, 0x2c, 0x22, 0x02, 0x2c
    .byte 0x9f, 0x04, 0x00, 0x00, 0x2c, 0x01, 0x00, 0x00, 0x00, 0x20, 0x00, 0x00, 0x20, 0x00, 0x00, 0x15
    .byte 0x59, 0x15, 0x5a, 0x20, 0x00, 0x00, 0x15, 0x05, 0x2c, 0x01, 0x00, 0x00, 0x00, 0x15, 0x06, 0x00
    .byte 0x2c, 0x01, 0x00, 0x00, 0x00, 0x15, 0x06, 0x2c, 0x01, 0x00, 0x00, 0x00, 0x15, 0x45, 0x15, 0x8b
    .byte 0x18, 0x70, 0x32, 0x00, 0x00, 0x00, 0x00, 0x00, 0x13, 0xe2, 0x2c, 0x22, 0x02, 0x01, 0xce, 0x2c
    .byte 0x22, 0x02, 0x2c, 0xa0, 0x04, 0x00, 0x00, 0x2c, 0x01, 0x00, 0x00, 0x00, 0x20, 0x00, 0x00, 0x20
    .byte 0x00, 0x00, 0x15, 0x59, 0x15, 0x5a, 0x20, 0x00, 0x00, 0x15, 0x05, 0x2c, 0x01, 0x00, 0x00, 0x00
    .byte 0x15, 0x06, 0x00, 0x2c, 0xc1, 0xff, 0xff, 0xff, 0x15, 0x1b, 0x2c, 0x04, 0x00, 0x00, 0x00, 0x15
    .byte 0x05, 0x2c, 0x1e, 0x00, 0x00, 0x00, 0x2c, 0x80, 0x3a, 0x00, 0x00, 0x2c, 0x7f, 0x00, 0x00, 0x00
    .byte 0x20, 0x00, 0x00, 0x20, 0x00, 0x00, 0x15, 0x3e, 0x2c, 0x01, 0x00, 0x00, 0x00, 0x15, 0x06, 0x2c
    .byte 0x3c, 0x00, 0x00, 0x00, 0x15, 0x07, 0x15, 0x08, 0x2c, 0x05, 0x00, 0x00, 0x00, 0x15, 0x05, 0x2c
    .byte 0x1e, 0x00, 0x00, 0x00, 0x2c, 0x81, 0x3a, 0x00, 0x00, 0x2c, 0x7f, 0x00, 0x00, 0x00, 0x20, 0x00
    .byte 0x00, 0x20, 0x00, 0x00, 0x15, 0x3e, 0x2c, 0x01, 0x00, 0x00, 0x00, 0x15, 0x06, 0x2c, 0x3c, 0x00
    .byte 0x00, 0x00, 0x15, 0x07, 0x15, 0x08, 0x15, 0x46, 0x15, 0x8b, 0x18, 0x70, 0x32, 0x00, 0x00, 0x00
    .byte 0x00, 0x00, 0x13, 0x7c, 0x2d, 0x22, 0x02, 0x01, 0x68, 0x2d, 0x22, 0x02, 0x2c, 0xa4, 0x04, 0x00
    .byte 0x00, 0x2c, 0x01, 0x00, 0x00, 0x00, 0x20, 0x00, 0x00, 0x20, 0x00, 0x00, 0x15, 0x59, 0x15, 0x5a
    .byte 0x2c, 0x01, 0x00, 0x00, 0x00, 0x15, 0x45, 0x2c, 0x0a, 0x00, 0x00, 0x00, 0x15, 0x07, 0x15, 0x08
    .byte 0x2c, 0x06, 0x00, 0x00, 0x00, 0x15, 0x05, 0x2c, 0x01, 0x00, 0x00, 0x00, 0x15, 0x06, 0x2c, 0x01
    .byte 0x00, 0x00, 0x00, 0x2c, 0xd2, 0x2d, 0x22, 0x02, 0x15, 0x39, 0x2c, 0x1e, 0x00, 0x00, 0x00, 0x2c
    .byte 0x82, 0x3a, 0x00, 0x00, 0x2c, 0x7f, 0x00, 0x00, 0x00, 0x20, 0x00, 0x00, 0x20, 0x00, 0x00, 0x15
    .byte 0x3e, 0x00, 0x2c, 0x13, 0x00, 0x00, 0x00, 0x15, 0x05, 0x2c, 0x01, 0x00, 0x00, 0x00, 0x15, 0x06
    .byte 0x00, 0x20, 0x00, 0x00, 0x15, 0x05, 0x2c, 0x01, 0x00, 0x00, 0x00, 0x2c, 0x82, 0x3a, 0x00, 0x00
    .byte 0x15, 0xe0, 0x2c, 0x01, 0x00, 0x00, 0x00, 0x15, 0x06, 0x2c, 0x01, 0x00, 0x00, 0x00, 0x2c, 0x28
    .byte 0x2e, 0x22, 0x02, 0x15, 0x39, 0x2c, 0x01, 0x00, 0x00, 0x00, 0x15, 0x42, 0x18, 0x70, 0x32, 0x00
    .byte 0x00, 0x00, 0x00, 0x00, 0x14, 0x1e, 0x2e, 0x22, 0x02, 0x01, 0x05, 0x2e, 0x22, 0x02, 0x2c, 0x1e
    .byte 0x00, 0x00, 0x00, 0x15, 0x07, 0x15, 0x08, 0x00, 0x2c, 0x14, 0x00, 0x00, 0x00, 0x15, 0x05, 0x15
    .byte 0x16, 0x2c, 0x1f, 0x00, 0x00, 0x00, 0x15, 0x05, 0x00, 0x2c, 0x01, 0x00, 0x00, 0x00, 0x15, 0x45
    .byte 0x15, 0x8b, 0x18, 0x70, 0x32, 0x00, 0x00, 0x00, 0x00, 0x00, 0x13, 0x54, 0x2e, 0x22, 0x02, 0x01
    .byte 0x40, 0x2e, 0x22, 0x02, 0x2c, 0xa1, 0x04, 0x00, 0x00, 0x2c, 0x01, 0x00, 0x00, 0x00, 0x20, 0x00
    .byte 0x00, 0x20, 0x00, 0x00, 0x15, 0x59, 0x15, 0x5a, 0x20, 0x00, 0x00, 0x15, 0x05, 0x2c, 0x01, 0x00
    .byte 0x00, 0x00, 0x15, 0x06, 0x00, 0x2c, 0x01, 0x00, 0x00, 0x00, 0x15, 0x09, 0x2c, 0x23, 0x00, 0x00
    .byte 0x00, 0x15, 0x05, 0x20, 0x00, 0x00, 0x15, 0x06, 0x2c, 0x04, 0x00, 0x00, 0x00, 0x15, 0x55, 0x2c
    .byte 0x06, 0x00, 0x00, 0x00, 0x15, 0x07, 0x15, 0x08, 0x2c, 0x03, 0x00, 0x00, 0x00, 0x15, 0x55, 0x2c
    .byte 0x06, 0x00, 0x00, 0x00, 0x15, 0x07, 0x15, 0x08, 0x2c, 0x02, 0x00, 0x00, 0x00, 0x15, 0x55, 0x2c
    .byte 0x06, 0x00, 0x00, 0x00, 0x15, 0x07, 0x15, 0x08, 0x2c, 0x01, 0x00, 0x00, 0x00, 0x15, 0x55, 0x2c
    .byte 0x06, 0x00, 0x00, 0x00, 0x15, 0x07, 0x15, 0x08, 0x20, 0x00, 0x00, 0x15, 0x55, 0x2c, 0x06, 0x00
    .byte 0x00, 0x00, 0x15, 0x07, 0x15, 0x08, 0x2c, 0x24, 0x00, 0x00, 0x00, 0x15, 0x05, 0x20, 0x00, 0x00
    .byte 0x15, 0x06, 0x00, 0x2c, 0x25, 0x00, 0x00, 0x00, 0x15, 0x45, 0x15, 0x8b, 0x18, 0x70, 0x32, 0x00
    .byte 0x00, 0x00, 0x00, 0x00, 0x13, 0xfe, 0x2e, 0x22, 0x02, 0x01, 0xea, 0x2e, 0x22, 0x02, 0x2c, 0xaf
    .byte 0x04, 0x00, 0x00, 0x2c, 0x01, 0x00, 0x00, 0x00, 0x20, 0x00, 0x00, 0x20, 0x00, 0x00, 0x15, 0x59
    .byte 0x15, 0x5a, 0x2c, 0x1e, 0x00, 0x00, 0x00, 0x15, 0x07, 0x15, 0x08, 0x2c, 0x26, 0x00, 0x00, 0x00
    .byte 0x15, 0x05, 0x20, 0x00, 0x00, 0x15, 0x06, 0x2c, 0x3c, 0x00, 0x00, 0x00, 0x15, 0x07, 0x15, 0x08
    .byte 0x2c, 0x01, 0x00, 0x00, 0x00, 0x15, 0x23, 0x2c, 0x0f, 0x00, 0x00, 0x00, 0x15, 0x07, 0x15, 0x08
    .byte 0x20, 0x00, 0x00, 0x15, 0x23, 0x2c, 0x3c, 0x00, 0x00, 0x00, 0x15, 0x07, 0x15, 0x08, 0x2c, 0x27
    .byte 0x00, 0x00, 0x00, 0x15, 0x45, 0x15, 0x8b, 0x18, 0x70, 0x32, 0x00, 0x00, 0x00, 0x00, 0x00, 0x13
    .byte 0x69, 0x2f, 0x22, 0x02, 0x01, 0x55, 0x2f, 0x22, 0x02, 0x2c, 0xb0, 0x04, 0x00, 0x00, 0x2c, 0x01
    .byte 0x00, 0x00, 0x00, 0x20, 0x00, 0x00, 0x20, 0x00, 0x00, 0x15, 0x59, 0x15, 0x5a, 0x2c, 0x24, 0x00
    .byte 0x00, 0x00, 0x15, 0x05, 0x2c, 0x05, 0x00, 0x00, 0x00, 0x15, 0x07, 0x15, 0x08, 0x2c, 0x01, 0x00
    .byte 0x00, 0x00, 0x15, 0xd7, 0x20, 0x00, 0x00, 0x2c, 0xc0, 0xff, 0xff, 0xff, 0x15, 0xd1, 0x2c, 0x01
    .byte 0x00, 0x00, 0x00, 0x2c, 0xb2, 0x2f, 0x22, 0x02, 0x15, 0x29, 0x2c, 0x01, 0x00, 0x00, 0x00, 0x15
    .byte 0x06, 0x00, 0x2c, 0x1b, 0x00, 0x00, 0x00, 0x15, 0x31, 0x18, 0x70, 0x26, 0x00, 0xd2, 0x20, 0x00
    .byte 0x00, 0x2c, 0x9b, 0xef, 0x21, 0x02, 0x15, 0x39, 0x20, 0x00, 0x00, 0x15, 0x42, 0x18, 0x70, 0x32
    .byte 0x00, 0x00, 0x00, 0x00, 0x00, 0x14, 0xdf, 0x2f, 0x22, 0x02, 0x01, 0xc8, 0x2f, 0x22, 0x02, 0x2c
    .byte 0x25, 0x00, 0x00, 0x00, 0x15, 0x45, 0x15, 0x8b, 0x18, 0x70, 0x32, 0x00, 0x00, 0x00, 0x00, 0x00
    .byte 0x13, 0xfa, 0x2f, 0x22, 0x02, 0x01, 0xe6, 0x2f, 0x22, 0x02, 0x2c, 0xb1, 0x04, 0x00, 0x00, 0x2c
    .byte 0x01, 0x00, 0x00, 0x00, 0x20, 0x00, 0x00, 0x20, 0x00, 0x00, 0x15, 0x59, 0x15, 0x5a, 0x2c, 0x24
    .byte 0x00, 0x00, 0x00, 0x15, 0x05, 0x00, 0x2c, 0x01, 0x00, 0x00, 0x00, 0x2c, 0x07, 0x00, 0x00, 0x00
    .byte 0x15, 0x47, 0x18, 0x70, 0x17, 0x00, 0x2c, 0x01, 0x00, 0x00, 0x00, 0x2c, 0x08, 0x00, 0x00, 0x00
    .byte 0x15, 0x47, 0x18, 0x70, 0x17, 0x00, 0x2c, 0x01, 0x00, 0x00, 0x00, 0x2c, 0x09, 0x00, 0x00, 0x00
    .byte 0x15, 0x47, 0x18, 0x70, 0x17, 0x00, 0x15, 0x02, 0x2c, 0x0b, 0x00, 0x00, 0x00, 0x2c, 0xff, 0xff
    .byte 0xff, 0xff, 0x2c, 0xff, 0xff, 0xff, 0xff, 0x2c, 0xff, 0xff, 0xff, 0xff, 0x2c, 0xff, 0xff, 0xff
    .byte 0xff, 0x15, 0xdc, 0x2c, 0x1f, 0x00, 0x00, 0x00, 0x15, 0x05, 0x2c, 0x01, 0x00, 0x00, 0x00, 0x15
    .byte 0x06, 0x2c, 0x01, 0x00, 0x00, 0x00, 0x15, 0x09, 0x20, 0x00, 0x00, 0x2c, 0x3a, 0x00, 0x00, 0x00
    .byte 0x15, 0x32, 0x2c, 0x01, 0x00, 0x00, 0x00, 0x2c, 0x20, 0x00, 0x00, 0x00, 0x15, 0x32, 0x2c, 0x06
    .byte 0x00, 0x00, 0x00, 0x20, 0x00, 0x00, 0x15, 0x03, 0x2c, 0x01, 0x00, 0x00, 0x00, 0x15, 0x18, 0x2c
    .byte 0x01, 0x00, 0x00, 0x00, 0x15, 0x19, 0x00, 0x2c, 0x02, 0x00, 0x00, 0x00, 0x15, 0x05, 0x15, 0x16
    .byte 0x20, 0x00, 0x00, 0x15, 0x09, 0x00, 0x2c, 0x0f, 0x00, 0x00, 0x00, 0x15, 0x2f, 0x18, 0x70, 0x32
    .byte 0x00, 0x01, 0x00, 0x00, 0x00, 0x14, 0xd6, 0x30, 0x22, 0x02, 0x2c, 0x07, 0x00, 0x00, 0x00, 0x2c
    .byte 0x0f, 0x00, 0x00, 0x00, 0x15, 0xe0, 0x2c, 0x0a, 0x00, 0x00, 0x00, 0x15, 0x07, 0x15, 0x08, 0x2c
    .byte 0x03, 0x00, 0x00, 0x00, 0x2c, 0x01, 0x00, 0x00, 0x00, 0x20, 0x00, 0x00, 0x20, 0x00, 0x00, 0x20
    .byte 0x00, 0x00, 0x15, 0x4f, 0x2c, 0x01, 0x00, 0x00, 0x00, 0x2c, 0x0c, 0x00, 0x00, 0x00, 0x2c, 0x07
    .byte 0x00, 0x00, 0x00, 0x15, 0x47, 0x18, 0x70, 0x17, 0x00, 0x2c, 0x0c, 0x00, 0x00, 0x00, 0x2c, 0x08
    .byte 0x00, 0x00, 0x00, 0x15, 0x47, 0x18, 0x70, 0x24, 0x00, 0x10, 0x00, 0x00, 0x00, 0x17, 0x00, 0x2c
    .byte 0x5a, 0x00, 0x00, 0x00, 0x20, 0x00, 0x00, 0x15, 0x4f, 0x18, 0x70, 0x17, 0x00, 0x15, 0x07, 0x15
    .byte 0x08, 0x2c, 0x0a, 0x00, 0x00, 0x00, 0x15, 0x07, 0x15, 0x08, 0x21, 0x8c, 0x31, 0x22, 0x02, 0x21
    .byte 0xab, 0x41, 0x22, 0x02, 0x2c, 0x0a, 0x00, 0x00, 0x00, 0x15, 0x07, 0x15, 0x08, 0x2c, 0x02, 0x00
    .byte 0x00, 0x00, 0x2c, 0x3c, 0x00, 0x00, 0x00, 0x20, 0x00, 0x00, 0x20, 0x00, 0x00, 0x20, 0x00, 0x00
    .byte 0x15, 0x4f, 0x18, 0x70, 0x17, 0x00, 0x15, 0x07, 0x15, 0x08, 0x2c, 0x03, 0x00, 0x00, 0x00, 0x20
    .byte 0x00, 0x00, 0x20, 0x00, 0x00, 0x20, 0x00, 0x00, 0x20, 0x00, 0x00, 0x15, 0x4f, 0x2c, 0x0a, 0x00
    .byte 0x00, 0x00, 0x15, 0x07, 0x15, 0x08, 0x01, 0x0a, 0x21, 0x22, 0x02, 0x00, 0x2c, 0x15, 0x00, 0x00
    .byte 0x00, 0x2c, 0x6d, 0x00, 0x00, 0x00, 0x20, 0x00, 0x00, 0x15, 0x0a, 0x2c, 0x1c, 0x00, 0x00, 0x00
    .byte 0x2c, 0x6d, 0x00, 0x00, 0x00, 0x20, 0x00, 0x00, 0x2c, 0x0a, 0x00, 0x00, 0x00, 0x15, 0x0c, 0x20
    .byte 0x00, 0x00, 0x2c, 0xff, 0xff, 0xff, 0xff, 0x2c, 0xff, 0xff, 0xff, 0xff, 0x15, 0xdd, 0x18, 0x70
    .byte 0x14, 0x46, 0x32, 0x22, 0x02, 0x2c, 0x03, 0x00, 0x00, 0x00, 0x2c, 0xff, 0xff, 0xff, 0xff, 0x2c
    .byte 0xff, 0xff, 0xff, 0xff, 0x15, 0xdd, 0x18, 0x70, 0x32, 0x00, 0x00, 0x00, 0x00, 0x00, 0x14, 0x46
    .byte 0x32, 0x22, 0x02, 0x2c, 0x01, 0x00, 0x00, 0x00, 0x2c, 0xff, 0xff, 0xff, 0xff, 0x2c, 0xff, 0xff
    .byte 0xff, 0xff, 0x15, 0xdd, 0x18, 0x70, 0x35, 0x00, 0x5c, 0x02, 0x00, 0x00, 0x13, 0x1f, 0x32, 0x22
    .byte 0x02, 0x2c, 0x01, 0x00, 0x00, 0x00, 0x2c, 0xff, 0xff, 0xff, 0xff, 0x2c, 0xff, 0xff, 0xff, 0xff
    .byte 0x15, 0xdd, 0x18, 0x70, 0x35, 0x00, 0x5d, 0x02, 0x00, 0x00, 0x14, 0x46, 0x32, 0x22, 0x02, 0x2c
    .byte 0x03, 0x00, 0x00, 0x00, 0x2c, 0xff, 0xff, 0xff, 0xff, 0x2c, 0xff, 0xff, 0xff, 0xff, 0x15, 0xdd
    .byte 0x18, 0x70, 0x35, 0x00, 0x02, 0x00, 0x00, 0x00, 0x14, 0x46, 0x32, 0x22, 0x02, 0x03, 0x00, 0x01
    .byte 0x00, 0x00, 0x00, 0x27, 0x00, 0x04, 0x20, 0x00, 0x00, 0x2c, 0x89, 0x35, 0x22, 0x02, 0x15, 0x39
    .byte 0x20, 0x00, 0x00, 0x15, 0x42, 0x18, 0x70, 0x32, 0x00, 0x00, 0x00, 0x00, 0x00, 0x14, 0x67, 0x32
    .byte 0x22, 0x02, 0x01, 0x50, 0x32, 0x22, 0x02, 0x2c, 0x3c, 0x00, 0x00, 0x00, 0x15, 0x07, 0x15, 0x08
    .byte 0x2c, 0x0d, 0x00, 0x00, 0x00, 0x2c, 0xb4, 0x35, 0x22, 0x02, 0x15, 0x39, 0x2c, 0x0d, 0x00, 0x00
    .byte 0x00, 0x15, 0x42, 0x18, 0x70, 0x32, 0x00, 0x00, 0x00, 0x00, 0x00, 0x14, 0x95, 0x32, 0x22, 0x02
    .byte 0x01, 0x7c, 0x32, 0x22, 0x02, 0x2c, 0x3c, 0x00, 0x00, 0x00, 0x15, 0x07, 0x15, 0x08, 0x15, 0x46
    .byte 0x15, 0x8b, 0x18, 0x70, 0x32, 0x00, 0x00, 0x00, 0x00, 0x00, 0x13, 0xb4, 0x32, 0x22, 0x02, 0x01
    .byte 0xa0, 0x32, 0x22, 0x02, 0x2c, 0xbf, 0x04, 0x00, 0x00, 0x2c, 0x01, 0x00, 0x00, 0x00, 0x20, 0x00
    .byte 0x00, 0x20, 0x00, 0x00, 0x15, 0x59, 0x15, 0x5a, 0x2c, 0x1e, 0x00, 0x00, 0x00, 0x15, 0x07, 0x15
    .byte 0x08, 0x2c, 0x15, 0x00, 0x00, 0x00, 0x2c, 0x70, 0x00, 0x00, 0x00, 0x20, 0x00, 0x00, 0x15, 0x0a
    .byte 0x2c, 0x1c, 0x00, 0x00, 0x00, 0x2c, 0x70, 0x00, 0x00, 0x00, 0x2c, 0x7f, 0x00, 0x00, 0x00, 0x2c
    .byte 0xf0, 0x00, 0x00, 0x00, 0x15, 0x0c, 0x2c, 0x15, 0x00, 0x00, 0x00, 0x2c, 0xeb, 0x35, 0x22, 0x02
    .byte 0x15, 0x39, 0x2c, 0x15, 0x00, 0x00, 0x00, 0x15, 0x42, 0x18, 0x70, 0x32, 0x00, 0x00, 0x00, 0x00
    .byte 0x00, 0x14, 0x1b, 0x33, 0x22, 0x02, 0x01, 0x02, 0x33, 0x22, 0x02, 0x2c, 0x5a, 0x00, 0x00, 0x00
    .byte 0x15, 0x07, 0x15, 0x08, 0x2c, 0x15, 0x00, 0x00, 0x00, 0x2c, 0xba, 0x37, 0x22, 0x02, 0x15, 0x39
    .byte 0x2c, 0x15, 0x00, 0x00, 0x00, 0x15, 0x42, 0x18, 0x70, 0x32, 0x00, 0x00, 0x00, 0x00, 0x00, 0x14
    .byte 0x49, 0x33, 0x22, 0x02, 0x01, 0x30, 0x33, 0x22, 0x02, 0x2c, 0x05, 0x00, 0x00, 0x00, 0x15, 0x07
    .byte 0x15, 0x08, 0x2c, 0x0d, 0x00, 0x00, 0x00, 0x2c, 0x6d, 0x3a, 0x22, 0x02, 0x15, 0x39, 0x2c, 0x0d
    .byte 0x00, 0x00, 0x00, 0x15, 0x42, 0x18, 0x70, 0x32, 0x00, 0x00, 0x00, 0x00, 0x00, 0x14, 0x77, 0x33
    .byte 0x22, 0x02, 0x01, 0x5e, 0x33, 0x22, 0x02, 0x2c, 0x1e, 0x00, 0x00, 0x00, 0x15, 0x07, 0x15, 0x08
    .byte 0x2c, 0x15, 0x00, 0x00, 0x00, 0x2c, 0x11, 0x36, 0x22, 0x02, 0x15, 0x39, 0x2c, 0x15, 0x00, 0x00
    .byte 0x00, 0x15, 0x42, 0x18, 0x70, 0x32, 0x00, 0x00, 0x00, 0x00, 0x00, 0x14, 0xa5, 0x33, 0x22, 0x02
    .byte 0x01, 0x8c, 0x33, 0x22, 0x02, 0x2c, 0x3c, 0x00, 0x00, 0x00, 0x15, 0x07, 0x15, 0x08, 0x2c, 0x0d
    .byte 0x00, 0x00, 0x00, 0x2c, 0x75, 0x3a, 0x22, 0x02, 0x15, 0x39, 0x2c, 0x0d, 0x00, 0x00, 0x00, 0x15
    .byte 0x42, 0x18, 0x70, 0x32, 0x00, 0x00, 0x00, 0x00, 0x00, 0x14, 0xd3, 0x33, 0x22, 0x02, 0x01, 0xba
    .byte 0x33, 0x22, 0x02, 0x2c, 0x0a, 0x00, 0x00, 0x00, 0x15, 0x07, 0x15, 0x08, 0x2c, 0x15, 0x00, 0x00
    .byte 0x00, 0x2c, 0xea, 0x37, 0x22, 0x02, 0x15, 0x39, 0x2c, 0x15, 0x00, 0x00, 0x00, 0x15, 0x42, 0x18
    .byte 0x70, 0x32, 0x00, 0x00, 0x00, 0x00, 0x00, 0x14, 0x01, 0x34, 0x22, 0x02, 0x01, 0xe8, 0x33, 0x22
    .byte 0x02, 0x2c, 0x2d, 0x00, 0x00, 0x00, 0x15, 0x07, 0x15, 0x08, 0x2c, 0x0d, 0x00, 0x00, 0x00, 0x2c
    .byte 0xa5, 0x3a, 0x22, 0x02, 0x15, 0x39, 0x2c, 0x0d, 0x00, 0x00, 0x00, 0x15, 0x42, 0x18, 0x70, 0x32
    .byte 0x00, 0x00, 0x00, 0x00, 0x00, 0x14, 0x2f, 0x34, 0x22, 0x02, 0x01, 0x16, 0x34, 0x22, 0x02, 0x2c
    .byte 0x0f, 0x00, 0x00, 0x00, 0x15, 0x07, 0x15, 0x08, 0x2c, 0x15, 0x00, 0x00, 0x00, 0x2c, 0x1a, 0x38
    .byte 0x22, 0x02, 0x15, 0x39, 0x2c, 0x15, 0x00, 0x00, 0x00, 0x15, 0x42, 0x18, 0x70, 0x32, 0x00, 0x00
    .byte 0x00, 0x00, 0x00, 0x14, 0x5d, 0x34, 0x22, 0x02, 0x01, 0x44, 0x34, 0x22, 0x02, 0x2c, 0x1e, 0x00
    .byte 0x00, 0x00, 0x15, 0x07, 0x15, 0x08, 0x2c, 0x0d, 0x00, 0x00, 0x00, 0x2c, 0x6d, 0x3a, 0x22, 0x02
    .byte 0x15, 0x39, 0x2c, 0x0d, 0x00, 0x00, 0x00, 0x15, 0x42, 0x18, 0x70, 0x32, 0x00, 0x00, 0x00, 0x00
    .byte 0x00, 0x14, 0x8b, 0x34, 0x22, 0x02, 0x01, 0x72, 0x34, 0x22, 0x02, 0x2c, 0x1e, 0x00, 0x00, 0x00
    .byte 0x15, 0x07, 0x15, 0x08, 0x2c, 0x15, 0x00, 0x00, 0x00, 0x2c, 0x86, 0x38, 0x22, 0x02, 0x15, 0x39
    .byte 0x2c, 0x15, 0x00, 0x00, 0x00, 0x15, 0x42, 0x18, 0x70, 0x32, 0x00, 0x00, 0x00, 0x00, 0x00, 0x14
    .byte 0xb9, 0x34, 0x22, 0x02, 0x01, 0xa0, 0x34, 0x22, 0x02, 0x2c, 0x3c, 0x00, 0x00, 0x00, 0x15, 0x07
    .byte 0x15, 0x08, 0x2c, 0x0d, 0x00, 0x00, 0x00, 0x2c, 0xdc, 0x3a, 0x22, 0x02, 0x15, 0x39, 0x2c, 0x0d
    .byte 0x00, 0x00, 0x00, 0x15, 0x42, 0x18, 0x70, 0x32, 0x00, 0x00, 0x00, 0x00, 0x00, 0x14, 0xe7, 0x34
    .byte 0x22, 0x02, 0x01, 0xce, 0x34, 0x22, 0x02, 0x2c, 0x0c, 0x00, 0x00, 0x00, 0x2c, 0x78, 0x3b, 0x22
    .byte 0x02, 0x15, 0x39, 0x2c, 0x0c, 0x00, 0x00, 0x00, 0x15, 0x42, 0x18, 0x70, 0x32, 0x00, 0x00, 0x00
    .byte 0x00, 0x00, 0x14, 0x0c, 0x35, 0x22, 0x02, 0x01, 0xf3, 0x34, 0x22, 0x02, 0x2c, 0x3c, 0x00, 0x00
    .byte 0x00, 0x15, 0x07, 0x15, 0x08, 0x2c, 0x1c, 0x00, 0x00, 0x00, 0x2c, 0x6d, 0x00, 0x00, 0x00, 0x2c
    .byte 0x7f, 0x00, 0x00, 0x00, 0x2c, 0x3c, 0x00, 0x00, 0x00, 0x15, 0x0c, 0x2c, 0x14, 0x00, 0x00, 0x00
    .byte 0x15, 0x07, 0x15, 0x08, 0x2c, 0x05, 0x00, 0x00, 0x00, 0x2c, 0xa7, 0x30, 0x22, 0x02, 0x15, 0x39
    .byte 0x2c, 0x20, 0x00, 0x00, 0x00, 0x2c, 0x18, 0x00, 0x00, 0x00, 0x20, 0x00, 0x00, 0x2c, 0x7f, 0x00
    .byte 0x00, 0x00, 0x2c, 0x7f, 0x00, 0x00, 0x00, 0x2c, 0x01, 0x00, 0x00, 0x00, 0x15, 0x62, 0x2c, 0x1e
    .byte 0x00, 0x00, 0x00, 0x15, 0x07, 0x15, 0x08, 0x2c, 0x0d, 0x00, 0x00, 0x00, 0x2c, 0x55, 0xeb, 0x21
    .byte 0x02, 0x15, 0x39, 0x2c, 0xa1, 0x02, 0x00, 0x00, 0x15, 0x36, 0x2c, 0xb7, 0x02, 0x00, 0x00, 0x15
    .byte 0x36, 0x2c, 0x93, 0x02, 0x00, 0x00, 0x15, 0x35, 0x22, 0x03, 0x00, 0x19, 0x00, 0x00, 0x00, 0x26
    .byte 0x00, 0xd2, 0x20, 0x00, 0x00, 0x2c, 0x9b, 0xef, 0x21, 0x02, 0x15, 0x39, 0x20, 0x00, 0x00, 0x15
    .byte 0x42, 0x18, 0x70, 0x32, 0x00, 0x00, 0x00, 0x00, 0x00, 0x14, 0xb3, 0x35, 0x22, 0x02, 0x01, 0x9c
    .byte 0x35, 0x22, 0x02, 0x00, 0x2c, 0x25, 0x00, 0x00, 0x00, 0x15, 0x45, 0x15, 0x8b, 0x18, 0x70, 0x32
    .byte 0x00, 0x00, 0x00, 0x00, 0x00, 0x13, 0xcf, 0x35, 0x22, 0x02, 0x01, 0xbb, 0x35, 0x22, 0x02, 0x2c
    .byte 0xb1, 0x04, 0x00, 0x00, 0x2c, 0x01, 0x00, 0x00, 0x00, 0x20, 0x00, 0x00, 0x20, 0x00, 0x00, 0x15
    .byte 0x59, 0x15, 0x5a, 0x2c, 0x24, 0x00, 0x00, 0x00, 0x15, 0x05, 0x00, 0x2c, 0x01, 0x00, 0x00, 0x00
    .byte 0x15, 0x09, 0x2c, 0x01, 0x00, 0x00, 0x00, 0x15, 0x23, 0x2c, 0x05, 0x00, 0x00, 0x00, 0x15, 0x05
    .byte 0x15, 0x16, 0x2c, 0x02, 0x00, 0x00, 0x00, 0x15, 0x05, 0x2c, 0x01, 0x00, 0x00, 0x00, 0x15, 0x06
    .byte 0x00, 0x2c, 0x04, 0x00, 0x00, 0x00, 0x15, 0x05, 0x20, 0x00, 0x00, 0x15, 0x55, 0x2c, 0x04, 0x00
    .byte 0x00, 0x00, 0x15, 0x07, 0x15, 0x08, 0x2c, 0x01, 0x00, 0x00, 0x00, 0x15, 0x55, 0x2c, 0x04, 0x00
    .byte 0x00, 0x00, 0x15, 0x07, 0x15, 0x08, 0x2c, 0x02, 0x00, 0x00, 0x00, 0x15, 0x55, 0x2c, 0x04, 0x00
    .byte 0x00, 0x00, 0x15, 0x07, 0x15, 0x08, 0x2c, 0x03, 0x00, 0x00, 0x00, 0x15, 0x55, 0x2c, 0x04, 0x00
    .byte 0x00, 0x00, 0x15, 0x07, 0x15, 0x08, 0x2c, 0x04, 0x00, 0x00, 0x00, 0x15, 0x55, 0x2c, 0x04, 0x00
    .byte 0x00, 0x00, 0x15, 0x07, 0x15, 0x08, 0x2c, 0x05, 0x00, 0x00, 0x00, 0x15, 0x55, 0x2c, 0x04, 0x00
    .byte 0x00, 0x00, 0x15, 0x07, 0x15, 0x08, 0x2c, 0x06, 0x00, 0x00, 0x00, 0x15, 0x55, 0x2c, 0x04, 0x00
    .byte 0x00, 0x00, 0x15, 0x07, 0x15, 0x08, 0x2c, 0x07, 0x00, 0x00, 0x00, 0x15, 0x55, 0x2c, 0x04, 0x00
    .byte 0x00, 0x00, 0x15, 0x07, 0x15, 0x08, 0x2c, 0x08, 0x00, 0x00, 0x00, 0x15, 0x55, 0x2c, 0x04, 0x00
    .byte 0x00, 0x00, 0x15, 0x07, 0x15, 0x08, 0x2c, 0x04, 0x00, 0x00, 0x00, 0x15, 0x55, 0x2c, 0x04, 0x00
    .byte 0x00, 0x00, 0x15, 0x07, 0x15, 0x08, 0x2c, 0x05, 0x00, 0x00, 0x00, 0x15, 0x55, 0x2c, 0x04, 0x00
    .byte 0x00, 0x00, 0x15, 0x07, 0x15, 0x08, 0x2c, 0x06, 0x00, 0x00, 0x00, 0x15, 0x55, 0x2c, 0x04, 0x00
    .byte 0x00, 0x00, 0x15, 0x07, 0x15, 0x08, 0x2c, 0x07, 0x00, 0x00, 0x00, 0x15, 0x55, 0x2c, 0x04, 0x00
    .byte 0x00, 0x00, 0x15, 0x07, 0x15, 0x08, 0x2c, 0x08, 0x00, 0x00, 0x00, 0x15, 0x55, 0x2c, 0x04, 0x00
    .byte 0x00, 0x00, 0x15, 0x07, 0x15, 0x08, 0x2c, 0x04, 0x00, 0x00, 0x00, 0x15, 0x55, 0x2c, 0x04, 0x00
    .byte 0x00, 0x00, 0x15, 0x07, 0x15, 0x08, 0x2c, 0x05, 0x00, 0x00, 0x00, 0x15, 0x55, 0x2c, 0x04, 0x00
    .byte 0x00, 0x00, 0x15, 0x07, 0x15, 0x08, 0x2c, 0x06, 0x00, 0x00, 0x00, 0x15, 0x55, 0x2c, 0x04, 0x00
    .byte 0x00, 0x00, 0x15, 0x07, 0x15, 0x08, 0x2c, 0x07, 0x00, 0x00, 0x00, 0x15, 0x55, 0x2c, 0x04, 0x00
    .byte 0x00, 0x00, 0x15, 0x07, 0x15, 0x08, 0x2c, 0x08, 0x00, 0x00, 0x00, 0x15, 0x55, 0x2c, 0x04, 0x00
    .byte 0x00, 0x00, 0x15, 0x07, 0x15, 0x08, 0x2c, 0x04, 0x00, 0x00, 0x00, 0x15, 0x55, 0x2c, 0x04, 0x00
    .byte 0x00, 0x00, 0x15, 0x07, 0x15, 0x08, 0x2c, 0x05, 0x00, 0x00, 0x00, 0x15, 0x55, 0x2c, 0x04, 0x00
    .byte 0x00, 0x00, 0x15, 0x07, 0x15, 0x08, 0x2c, 0x06, 0x00, 0x00, 0x00, 0x15, 0x55, 0x2c, 0x04, 0x00
    .byte 0x00, 0x00, 0x15, 0x07, 0x15, 0x08, 0x2c, 0x07, 0x00, 0x00, 0x00, 0x15, 0x55, 0x2c, 0x04, 0x00
    .byte 0x00, 0x00, 0x15, 0x07, 0x15, 0x08, 0x2c, 0x08, 0x00, 0x00, 0x00, 0x15, 0x55, 0x2c, 0x04, 0x00
    .byte 0x00, 0x00, 0x15, 0x07, 0x15, 0x08, 0x2c, 0x09, 0x00, 0x00, 0x00, 0x15, 0x55, 0x2c, 0x04, 0x00
    .byte 0x00, 0x00, 0x15, 0x07, 0x15, 0x08, 0x2c, 0x02, 0x00, 0x00, 0x00, 0x15, 0x05, 0x20, 0x00, 0x00
    .byte 0x15, 0x55, 0x2c, 0x01, 0x00, 0x00, 0x00, 0x15, 0x06, 0x00, 0x2c, 0x03, 0x00, 0x00, 0x00, 0x15
    .byte 0x45, 0x15, 0x8b, 0x18, 0x70, 0x32, 0x00, 0x00, 0x00, 0x00, 0x00, 0x13, 0xd5, 0x37, 0x22, 0x02
    .byte 0x01, 0xc1, 0x37, 0x22, 0x02, 0x2c, 0xc0, 0x04, 0x00, 0x00, 0x2c, 0x01, 0x00, 0x00, 0x00, 0x20
    .byte 0x00, 0x00, 0x20, 0x00, 0x00, 0x15, 0x59, 0x15, 0x5a, 0x00, 0x2c, 0x03, 0x00, 0x00, 0x00, 0x15
    .byte 0x45, 0x15, 0x8b, 0x18, 0x70, 0x32, 0x00, 0x00, 0x00, 0x00, 0x00, 0x13, 0x05, 0x38, 0x22, 0x02
    .byte 0x01, 0xf1, 0x37, 0x22, 0x02, 0x2c, 0xc1, 0x04, 0x00, 0x00, 0x2c, 0x01, 0x00, 0x00, 0x00, 0x20
    .byte 0x00, 0x00, 0x20, 0x00, 0x00, 0x15, 0x59, 0x15, 0x5a, 0x00, 0x20, 0x00, 0x00, 0x15, 0x06, 0x2c
    .byte 0x3c, 0x00, 0x00, 0x00, 0x15, 0x07, 0x15, 0x08, 0x2c, 0x04, 0x00, 0x00, 0x00, 0x15, 0x05, 0x2c
    .byte 0x03, 0x00, 0x00, 0x00, 0x15, 0x55, 0x2c, 0xb4, 0x00, 0x00, 0x00, 0x15, 0x07, 0x15, 0x08, 0x2c
    .byte 0x02, 0x00, 0x00, 0x00, 0x15, 0x05, 0x2c, 0x01, 0x00, 0x00, 0x00, 0x15, 0x06, 0x2c, 0x0a, 0x00
    .byte 0x00, 0x00, 0x15, 0x07, 0x15, 0x08, 0x2c, 0x03, 0x00, 0x00, 0x00, 0x15, 0x45, 0x15, 0x8b, 0x18
    .byte 0x70, 0x32, 0x00, 0x00, 0x00, 0x00, 0x00, 0x13, 0x71, 0x38, 0x22, 0x02, 0x01, 0x5d, 0x38, 0x22
    .byte 0x02, 0x2c, 0xc2, 0x04, 0x00, 0x00, 0x2c, 0x01, 0x00, 0x00, 0x00, 0x20, 0x00, 0x00, 0x20, 0x00
    .byte 0x00, 0x15, 0x59, 0x15, 0x5a, 0x00, 0x2c, 0x03, 0x00, 0x00, 0x00, 0x15, 0x45, 0x15, 0x8b, 0x18
    .byte 0x70, 0x32, 0x00, 0x00, 0x00, 0x00, 0x00, 0x13, 0xa1, 0x38, 0x22, 0x02, 0x01, 0x8d, 0x38, 0x22
    .byte 0x02, 0x2c, 0xc3, 0x04, 0x00, 0x00, 0x2c, 0x01, 0x00, 0x00, 0x00, 0x20, 0x00, 0x00, 0x20, 0x00
    .byte 0x00, 0x15, 0x59, 0x15, 0x5a, 0x2c, 0x3c, 0x00, 0x00, 0x00, 0x15, 0x07, 0x15, 0x08, 0x2c, 0x04
    .byte 0x00, 0x00, 0x00, 0x15, 0x05, 0x20, 0x00, 0x00, 0x15, 0x55, 0x2c, 0x04, 0x00, 0x00, 0x00, 0x15
    .byte 0x07, 0x15, 0x08, 0x2c, 0x01, 0x00, 0x00, 0x00, 0x15, 0x55, 0x2c, 0x04, 0x00, 0x00, 0x00, 0x15
    .byte 0x07, 0x15, 0x08, 0x2c, 0x02, 0x00, 0x00, 0x00, 0x15, 0x55, 0x2c, 0x04, 0x00, 0x00, 0x00, 0x15
    .byte 0x07, 0x15, 0x08, 0x2c, 0x03, 0x00, 0x00, 0x00, 0x15, 0x55, 0x2c, 0x04, 0x00, 0x00, 0x00, 0x15
    .byte 0x07, 0x15, 0x08, 0x2c, 0x04, 0x00, 0x00, 0x00, 0x15, 0x55, 0x2c, 0x04, 0x00, 0x00, 0x00, 0x15
    .byte 0x07, 0x15, 0x08, 0x2c, 0x05, 0x00, 0x00, 0x00, 0x15, 0x55, 0x2c, 0x04, 0x00, 0x00, 0x00, 0x15
    .byte 0x07, 0x15, 0x08, 0x2c, 0x06, 0x00, 0x00, 0x00, 0x15, 0x55, 0x2c, 0x04, 0x00, 0x00, 0x00, 0x15
    .byte 0x07, 0x15, 0x08, 0x2c, 0x07, 0x00, 0x00, 0x00, 0x15, 0x55, 0x2c, 0x04, 0x00, 0x00, 0x00, 0x15
    .byte 0x07, 0x15, 0x08, 0x2c, 0x08, 0x00, 0x00, 0x00, 0x15, 0x55, 0x2c, 0x04, 0x00, 0x00, 0x00, 0x15
    .byte 0x07, 0x15, 0x08, 0x2c, 0x04, 0x00, 0x00, 0x00, 0x15, 0x55, 0x2c, 0x04, 0x00, 0x00, 0x00, 0x15
    .byte 0x07, 0x15, 0x08, 0x2c, 0x05, 0x00, 0x00, 0x00, 0x15, 0x55, 0x2c, 0x04, 0x00, 0x00, 0x00, 0x15
    .byte 0x07, 0x15, 0x08, 0x2c, 0x06, 0x00, 0x00, 0x00, 0x15, 0x55, 0x2c, 0x04, 0x00, 0x00, 0x00, 0x15
    .byte 0x07, 0x15, 0x08, 0x2c, 0x07, 0x00, 0x00, 0x00, 0x15, 0x55, 0x2c, 0x04, 0x00, 0x00, 0x00, 0x15
    .byte 0x07, 0x15, 0x08, 0x2c, 0x08, 0x00, 0x00, 0x00, 0x15, 0x55, 0x2c, 0x04, 0x00, 0x00, 0x00, 0x15
    .byte 0x07, 0x15, 0x08, 0x2c, 0x04, 0x00, 0x00, 0x00, 0x15, 0x55, 0x2c, 0x04, 0x00, 0x00, 0x00, 0x15
    .byte 0x07, 0x15, 0x08, 0x2c, 0x05, 0x00, 0x00, 0x00, 0x15, 0x55, 0x2c, 0x04, 0x00, 0x00, 0x00, 0x15
    .byte 0x07, 0x15, 0x08, 0x2c, 0x06, 0x00, 0x00, 0x00, 0x15, 0x55, 0x2c, 0x04, 0x00, 0x00, 0x00, 0x15
    .byte 0x07, 0x15, 0x08, 0x2c, 0x07, 0x00, 0x00, 0x00, 0x15, 0x55, 0x2c, 0x04, 0x00, 0x00, 0x00, 0x15
    .byte 0x07, 0x15, 0x08, 0x2c, 0x08, 0x00, 0x00, 0x00, 0x15, 0x55, 0x2c, 0x04, 0x00, 0x00, 0x00, 0x15
    .byte 0x07, 0x15, 0x08, 0x2c, 0x04, 0x00, 0x00, 0x00, 0x15, 0x55, 0x2c, 0x04, 0x00, 0x00, 0x00, 0x15
    .byte 0x07, 0x15, 0x08, 0x2c, 0x05, 0x00, 0x00, 0x00, 0x15, 0x55, 0x2c, 0x04, 0x00, 0x00, 0x00, 0x15
    .byte 0x07, 0x15, 0x08, 0x2c, 0x06, 0x00, 0x00, 0x00, 0x15, 0x55, 0x2c, 0x04, 0x00, 0x00, 0x00, 0x15
    .byte 0x07, 0x15, 0x08, 0x2c, 0x07, 0x00, 0x00, 0x00, 0x15, 0x55, 0x2c, 0x04, 0x00, 0x00, 0x00, 0x15
    .byte 0x07, 0x15, 0x08, 0x2c, 0x08, 0x00, 0x00, 0x00, 0x15, 0x55, 0x2c, 0x04, 0x00, 0x00, 0x00, 0x15
    .byte 0x07, 0x15, 0x08, 0x2c, 0x09, 0x00, 0x00, 0x00, 0x15, 0x55, 0x2c, 0x04, 0x00, 0x00, 0x00, 0x15
    .byte 0x07, 0x15, 0x08, 0x15, 0x16, 0x2c, 0x05, 0x00, 0x00, 0x00, 0x15, 0x07, 0x15, 0x08, 0x2c, 0x06
    .byte 0x00, 0x00, 0x00, 0x15, 0x05, 0x15, 0x16, 0x20, 0x00, 0x00, 0x15, 0x09, 0x00, 0x2c, 0x26, 0x00
    .byte 0x00, 0x00, 0x15, 0x05, 0x00, 0x2c, 0x26, 0x00, 0x00, 0x00, 0x15, 0x45, 0x15, 0x8b, 0x18, 0x70
    .byte 0x32, 0x00, 0x00, 0x00, 0x00, 0x00, 0x13, 0x90, 0x3a, 0x22, 0x02, 0x01, 0x7c, 0x3a, 0x22, 0x02
    .byte 0x2c, 0xb2, 0x04, 0x00, 0x00, 0x2c, 0x01, 0x00, 0x00, 0x00, 0x20, 0x00, 0x00, 0x20, 0x00, 0x00
    .byte 0x15, 0x59, 0x15, 0x5a, 0x00, 0x2c, 0x25, 0x00, 0x00, 0x00, 0x15, 0x05, 0x20, 0x00, 0x00, 0x15
    .byte 0x55, 0x15, 0x46, 0x15, 0x8b, 0x18, 0x70, 0x32, 0x00, 0x00, 0x00, 0x00, 0x00, 0x13, 0xc7, 0x3a
    .byte 0x22, 0x02, 0x01, 0xb3, 0x3a, 0x22, 0x02, 0x2c, 0xb3, 0x04, 0x00, 0x00, 0x2c, 0x01, 0x00, 0x00
    .byte 0x00, 0x20, 0x00, 0x00, 0x20, 0x00, 0x00, 0x15, 0x59, 0x15, 0x5a, 0x00, 0x2c, 0x26, 0x00, 0x00
    .byte 0x00, 0x15, 0x45, 0x15, 0x8b, 0x18, 0x70, 0x32, 0x00, 0x00, 0x00, 0x00, 0x00, 0x13, 0xf7, 0x3a
    .byte 0x22, 0x02, 0x01, 0xe3, 0x3a, 0x22, 0x02, 0x2c, 0xb4, 0x04, 0x00, 0x00, 0x2c, 0x01, 0x00, 0x00
    .byte 0x00, 0x20, 0x00, 0x00, 0x20, 0x00, 0x00, 0x15, 0x59, 0x15, 0x5a, 0x2c, 0x16, 0x00, 0x00, 0x00
    .byte 0x2c, 0x70, 0x00, 0x00, 0x00, 0x2c, 0x1e, 0x00, 0x00, 0x00, 0x15, 0x0a, 0x2c, 0x1e, 0x00, 0x00
    .byte 0x00, 0x15, 0x07, 0x15, 0x08, 0x2c, 0x27, 0x00, 0x00, 0x00, 0x15, 0x45, 0x15, 0x8b, 0x18, 0x70
    .byte 0x32, 0x00, 0x00, 0x00, 0x00, 0x00, 0x13, 0x40, 0x3b, 0x22, 0x02, 0x01, 0x2c, 0x3b, 0x22, 0x02
    .byte 0x2c, 0xb5, 0x04, 0x00, 0x00, 0x2c, 0x01, 0x00, 0x00, 0x00, 0x20, 0x00, 0x00, 0x20, 0x00, 0x00
    .byte 0x15, 0x59, 0x15, 0x5a, 0x2c, 0x23, 0x00, 0x00, 0x00, 0x15, 0x05, 0x20, 0x00, 0x00, 0x15, 0x55
    .byte 0x2c, 0x0f, 0x00, 0x00, 0x00, 0x15, 0x07, 0x15, 0x08, 0x2c, 0x23, 0x00, 0x00, 0x00, 0x15, 0x05
    .byte 0x15, 0x16, 0x20, 0x00, 0x00, 0x15, 0x09, 0x00, 0x2c, 0x3c, 0x00, 0x00, 0x00, 0x15, 0x07, 0x15
    .byte 0x08, 0x2c, 0x14, 0x00, 0x00, 0x00, 0x15, 0x05, 0x2c, 0x04, 0x00, 0x00, 0x00, 0x15, 0x55, 0x2c
    .byte 0x0e, 0x00, 0x00, 0x00, 0x15, 0x07, 0x15, 0x08, 0x2c, 0x03, 0x00, 0x00, 0x00, 0x15, 0x55, 0x2c
    .byte 0x08, 0x00, 0x00, 0x00, 0x15, 0x07, 0x15, 0x08, 0x2c, 0x02, 0x00, 0x00, 0x00, 0x15, 0x55, 0x2c
    .byte 0x08, 0x00, 0x00, 0x00, 0x15, 0x07, 0x15, 0x08, 0x2c, 0x01, 0x00, 0x00, 0x00, 0x15, 0x55, 0x2c
    .byte 0x08, 0x00, 0x00, 0x00, 0x15, 0x07, 0x15, 0x08, 0x2c, 0x0f, 0x00, 0x00, 0x00, 0x15, 0x07, 0x15
    .byte 0x08, 0x2c, 0x1b, 0x00, 0x00, 0x00, 0x15, 0x31, 0x18, 0x70, 0x26, 0x00, 0xd2, 0x20, 0x00, 0x00
    .byte 0x2c, 0x9b, 0xef, 0x21, 0x02, 0x15, 0x39, 0x20, 0x00, 0x00, 0x15, 0x42, 0x18, 0x70, 0x32, 0x00
    .byte 0x00, 0x00, 0x00, 0x00, 0x14, 0xfe, 0x3b, 0x22, 0x02, 0x01, 0xe7, 0x3b, 0x22, 0x02, 0x2c, 0x15
    .byte 0x00, 0x00, 0x00, 0x2c, 0x6f, 0x00, 0x00, 0x00, 0x2c, 0x7f, 0x00, 0x00, 0x00, 0x15, 0x0a, 0x2c
    .byte 0x0a, 0x00, 0x00, 0x00, 0x15, 0x07, 0x15, 0x08, 0x2c, 0x01, 0x00, 0x00, 0x00, 0x2c, 0x0c, 0x00
    .byte 0x00, 0x00, 0x2c, 0x07, 0x00, 0x00, 0x00, 0x15, 0x47, 0x18, 0x70, 0x17, 0x00, 0x2c, 0x0c, 0x00
    .byte 0x00, 0x00, 0x2c, 0x08, 0x00, 0x00, 0x00, 0x15, 0x47, 0x18, 0x70, 0x24, 0x00, 0x20, 0x00, 0x00
    .byte 0x00, 0x17, 0x00, 0x2c, 0xf0, 0x00, 0x00, 0x00, 0x20, 0x00, 0x00, 0x15, 0x4f, 0x2c, 0x0a, 0x00
    .byte 0x00, 0x00, 0x15, 0x07, 0x15, 0x08, 0x2c, 0x12, 0x00, 0x00, 0x00, 0x15, 0x05, 0x2c, 0x01, 0x00
    .byte 0x00, 0x00, 0x15, 0x06, 0x2c, 0x5a, 0x00, 0x00, 0x00, 0x15, 0x07, 0x15, 0x08, 0x2c, 0x00, 0x01
    .byte 0x00, 0x00, 0x15, 0x17, 0x2c, 0x01, 0x00, 0x00, 0x00, 0x15, 0x06, 0x2c, 0x5a, 0x00, 0x00, 0x00
    .byte 0x15, 0x07, 0x15, 0x08, 0x2c, 0x00, 0x02, 0x00, 0x00, 0x15, 0x17, 0x2c, 0x01, 0x00, 0x00, 0x00
    .byte 0x15, 0x06, 0x2c, 0x5a, 0x00, 0x00, 0x00, 0x15, 0x07, 0x15, 0x08, 0x2a, 0x00, 0x04, 0x35, 0x00
    .byte 0x00, 0x00, 0x00, 0x00, 0x14, 0x22, 0x3d, 0x22, 0x02, 0x2c, 0x12, 0x00, 0x00, 0x00, 0x15, 0x45
    .byte 0x15, 0x8b, 0x18, 0x70, 0x32, 0x00, 0x00, 0x00, 0x00, 0x00, 0x13, 0xc4, 0x3c, 0x22, 0x02, 0x01
    .byte 0xb0, 0x3c, 0x22, 0x02, 0x2c, 0xb6, 0x04, 0x00, 0x00, 0x2c, 0x01, 0x00, 0x00, 0x00, 0x20, 0x00
    .byte 0x00, 0x20, 0x00, 0x00, 0x15, 0x59, 0x15, 0x5a, 0x2c, 0x01, 0x00, 0x00, 0x00, 0x2c, 0x2f, 0x42
    .byte 0x22, 0x02, 0x15, 0x39, 0x2c, 0x01, 0x00, 0x00, 0x00, 0x15, 0x42, 0x18, 0x70, 0x32, 0x00, 0x00
    .byte 0x00, 0x00, 0x00, 0x14, 0xfd, 0x3c, 0x22, 0x02, 0x01, 0xe4, 0x3c, 0x22, 0x02, 0x2c, 0x01, 0x00
    .byte 0x00, 0x00, 0x2c, 0x4d, 0x5d, 0x22, 0x02, 0x15, 0x39, 0x2c, 0x01, 0x00, 0x00, 0x00, 0x15, 0x42
    .byte 0x18, 0x70, 0x32, 0x00, 0x00, 0x00, 0x00, 0x00, 0x14, 0x22, 0x3d, 0x22, 0x02, 0x01, 0x09, 0x3d
    .byte 0x22, 0x02, 0x2c, 0x08, 0x00, 0x00, 0x00, 0x2c, 0xbb, 0x01, 0x00, 0x00, 0x15, 0xe0, 0x2c, 0x1a
    .byte 0x00, 0x00, 0x00, 0x15, 0x05, 0x2c, 0x00, 0x02, 0x00, 0x00, 0x15, 0x17, 0x2c, 0x01, 0x00, 0x00
    .byte 0x00, 0x15, 0x06, 0x2c, 0x3c, 0x00, 0x00, 0x00, 0x15, 0x07, 0x15, 0x08, 0x2c, 0x0e, 0x00, 0x00
    .byte 0x00, 0x2c, 0x7a, 0x3e, 0x22, 0x02, 0x15, 0x39, 0x2c, 0x0e, 0x00, 0x00, 0x00, 0x15, 0x42, 0x18
    .byte 0x70, 0x32, 0x00, 0x00, 0x00, 0x00, 0x00, 0x14, 0x71, 0x3d, 0x22, 0x02, 0x01, 0x58, 0x3d, 0x22
    .byte 0x02, 0x20, 0x00, 0x00, 0x2c, 0x5d, 0x02, 0x00, 0x00, 0x2c, 0x0c, 0x00, 0x00, 0x00, 0x2c, 0x07
    .byte 0x00, 0x00, 0x00, 0x15, 0x47, 0x18, 0x70, 0x17, 0x00, 0x2c, 0x0c, 0x00, 0x00, 0x00, 0x2c, 0x08
    .byte 0x00, 0x00, 0x00, 0x15, 0x47, 0x18, 0x70, 0x17, 0x00, 0x20, 0x00, 0x00, 0x15, 0xdc, 0x2c, 0x01
    .byte 0x00, 0x00, 0x00, 0x2c, 0x86, 0x3f, 0x22, 0x02, 0x15, 0x39, 0x2c, 0x01, 0x00, 0x00, 0x00, 0x15
    .byte 0x42, 0x18, 0x70, 0x32, 0x00, 0x00, 0x00, 0x00, 0x00, 0x14, 0xc3, 0x3d, 0x22, 0x02, 0x01, 0xaa
    .byte 0x3d, 0x22, 0x02, 0x20, 0x00, 0x00, 0x15, 0x09, 0x20, 0x00, 0x00, 0x15, 0x18, 0x20, 0x00, 0x00
    .byte 0x15, 0x19, 0x2c, 0x1e, 0x00, 0x00, 0x00, 0x15, 0x07, 0x15, 0x08, 0x20, 0x00, 0x00, 0x2c, 0xff
    .byte 0xff, 0xff, 0xff, 0x2c, 0xff, 0xff, 0xff, 0xff, 0x15, 0xdd, 0x18, 0x70, 0x14, 0x36, 0x3e, 0x22
    .byte 0x02, 0x2c, 0x01, 0x00, 0x00, 0x00, 0x2c, 0xff, 0xff, 0xff, 0xff, 0x2c, 0xff, 0xff, 0xff, 0xff
    .byte 0x15, 0xdd, 0x18, 0x70, 0x32, 0x00, 0x5d, 0x02, 0x00, 0x00, 0x14, 0x36, 0x3e, 0x22, 0x02, 0x2c
    .byte 0x03, 0x00, 0x00, 0x00, 0x2c, 0xff, 0xff, 0xff, 0xff, 0x2c, 0xff, 0xff, 0xff, 0xff, 0x15, 0xdd
    .byte 0x18, 0x70, 0x35, 0x00, 0x02, 0x00, 0x00, 0x00, 0x14, 0x36, 0x3e, 0x22, 0x02, 0x03, 0x00, 0x01
    .byte 0x00, 0x00, 0x00, 0x27, 0x00, 0x7d, 0x03, 0x00, 0x08, 0x00, 0x00, 0x00, 0x27, 0x00, 0x7f, 0x2c
    .byte 0x05, 0x00, 0x00, 0x00, 0x2c, 0x6f, 0x00, 0x00, 0x00, 0x15, 0xe0, 0x18, 0x70, 0x14, 0x5c, 0x3e
    .byte 0x22, 0x02, 0x01, 0x3f, 0x3e, 0x22, 0x02, 0x25, 0x6d, 0x3e, 0x22, 0x02, 0x2c, 0x16, 0x00, 0x00
    .byte 0x00, 0x2c, 0x6f, 0x00, 0x00, 0x00, 0x2c, 0x1e, 0x00, 0x00, 0x00, 0x15, 0x0a, 0x2c, 0x09, 0x00
    .byte 0x00, 0x00, 0x2c, 0xbb, 0x01, 0x00, 0x00, 0x15, 0xe0, 0x00, 0x2c, 0x21, 0x00, 0x00, 0x00, 0x2c
    .byte 0x4f, 0xeb, 0x21, 0x02, 0x15, 0x39, 0x2c, 0x22, 0x00, 0x00, 0x00, 0x2c, 0x4f, 0xeb, 0x21, 0x02
    .byte 0x15, 0x39, 0x2c, 0x23, 0x00, 0x00, 0x00, 0x2c, 0x4f, 0xeb, 0x21, 0x02, 0x15, 0x39, 0x2c, 0x24
    .byte 0x00, 0x00, 0x00, 0x2c, 0x4f, 0xeb, 0x21, 0x02, 0x15, 0x39, 0x2c, 0x25, 0x00, 0x00, 0x00, 0x2c
    .byte 0x4f, 0xeb, 0x21, 0x02, 0x15, 0x39, 0x2c, 0x26, 0x00, 0x00, 0x00, 0x2c, 0x4f, 0xeb, 0x21, 0x02
    .byte 0x15, 0x39, 0x2c, 0x01, 0x00, 0x00, 0x00, 0x15, 0x09, 0x20, 0x00, 0x00, 0x15, 0x05, 0x2c, 0x1e
    .byte 0x00, 0x00, 0x00, 0x2c, 0x80, 0xdd, 0x00, 0x00, 0x2c, 0x40, 0x00, 0x00, 0x00, 0x20, 0x00, 0x00
    .byte 0x20, 0x00, 0x00, 0x15, 0x3e, 0x15, 0x16, 0x2c, 0x01, 0x00, 0x00, 0x00, 0x15, 0x05, 0x2c, 0x01
    .byte 0x00, 0x00, 0x00, 0x15, 0x06, 0x03, 0x00, 0x01, 0x00, 0x00, 0x00, 0x27, 0x00, 0x02, 0x2c, 0x05
    .byte 0x00, 0x00, 0x00, 0x15, 0x07, 0x15, 0x08, 0x03, 0x00, 0x02, 0x00, 0x00, 0x00, 0x27, 0x00, 0x02
    .byte 0x2c, 0x05, 0x00, 0x00, 0x00, 0x15, 0x07, 0x15, 0x08, 0x03, 0x00, 0x03, 0x00, 0x00, 0x00, 0x27
    .byte 0x00, 0x02, 0x2c, 0x05, 0x00, 0x00, 0x00, 0x15, 0x07, 0x15, 0x08, 0x03, 0x00, 0x04, 0x00, 0x00
    .byte 0x00, 0x27, 0x00, 0x02, 0x2c, 0x05, 0x00, 0x00, 0x00, 0x15, 0x07, 0x15, 0x08, 0x03, 0x00, 0x05
    .byte 0x00, 0x00, 0x00, 0x27, 0x00, 0x02, 0x2c, 0x05, 0x00, 0x00, 0x00, 0x15, 0x07, 0x15, 0x08, 0x03
    .byte 0x00, 0x06, 0x00, 0x00, 0x00, 0x27, 0x00, 0x02, 0x2c, 0x05, 0x00, 0x00, 0x00, 0x15, 0x07, 0x15
    .byte 0x08, 0x03, 0x00, 0x07, 0x00, 0x00, 0x00, 0x27, 0x00, 0x02, 0x2c, 0x05, 0x00, 0x00, 0x00, 0x15
    .byte 0x07, 0x15, 0x08, 0x03, 0x00, 0x08, 0x00, 0x00, 0x00, 0x27, 0x00, 0x02, 0x2c, 0x05, 0x00, 0x00
    .byte 0x00, 0x15, 0x07, 0x15, 0x08, 0x00, 0x2c, 0x1a, 0x00, 0x00, 0x00, 0x15, 0x05, 0x2c, 0x01, 0x00
    .byte 0x00, 0x00, 0x15, 0x06, 0x2c, 0x00, 0x02, 0x00, 0x00, 0x15, 0x17, 0x00, 0x2c, 0x1a, 0x00, 0x00
    .byte 0x00, 0x15, 0x05, 0x2c, 0x01, 0x00, 0x00, 0x00, 0x15, 0x06, 0x2c, 0x1e, 0x00, 0x00, 0x00, 0x2c
    .byte 0x80, 0xdd, 0x00, 0x00, 0x2c, 0x40, 0x00, 0x00, 0x00, 0x20, 0x00, 0x00, 0x20, 0x00, 0x00, 0x15
    .byte 0x3e, 0x2c, 0x1e, 0x00, 0x00, 0x00, 0x15, 0x07, 0x15, 0x08, 0x2c, 0x1e, 0x00, 0x00, 0x00, 0x2c
    .byte 0x80, 0xdd, 0x00, 0x00, 0x2c, 0x40, 0x00, 0x00, 0x00, 0x20, 0x00, 0x00, 0x20, 0x00, 0x00, 0x15
    .byte 0x3e, 0x2c, 0x1e, 0x00, 0x00, 0x00, 0x15, 0x07, 0x15, 0x08, 0x2c, 0x1e, 0x00, 0x00, 0x00, 0x2c
    .byte 0x80, 0xdd, 0x00, 0x00, 0x2c, 0x40, 0x00, 0x00, 0x00, 0x20, 0x00, 0x00, 0x20, 0x00, 0x00, 0x15
    .byte 0x3e, 0x2c, 0x1e, 0x00, 0x00, 0x00, 0x15, 0x07, 0x15, 0x08, 0x2c, 0x1e, 0x00, 0x00, 0x00, 0x2c
    .byte 0x80, 0xdd, 0x00, 0x00, 0x2c, 0x40, 0x00, 0x00, 0x00, 0x20, 0x00, 0x00, 0x20, 0x00, 0x00, 0x15
    .byte 0x3e, 0x2c, 0x1e, 0x00, 0x00, 0x00, 0x15, 0x07, 0x15, 0x08, 0x2c, 0x1e, 0x00, 0x00, 0x00, 0x2c
    .byte 0x80, 0xdd, 0x00, 0x00, 0x2c, 0x40, 0x00, 0x00, 0x00, 0x20, 0x00, 0x00, 0x20, 0x00, 0x00, 0x15
    .byte 0x3e, 0x2c, 0x1e, 0x00, 0x00, 0x00, 0x15, 0x07, 0x15, 0x08, 0x2c, 0x1e, 0x00, 0x00, 0x00, 0x2c
    .byte 0x80, 0xdd, 0x00, 0x00, 0x2c, 0x40, 0x00, 0x00, 0x00, 0x20, 0x00, 0x00, 0x20, 0x00, 0x00, 0x15
    .byte 0x3e, 0x2c, 0x1e, 0x00, 0x00, 0x00, 0x15, 0x07, 0x15, 0x08, 0x2c, 0x1e, 0x00, 0x00, 0x00, 0x2c
    .byte 0x80, 0xdd, 0x00, 0x00, 0x2c, 0x40, 0x00, 0x00, 0x00, 0x20, 0x00, 0x00, 0x20, 0x00, 0x00, 0x15
    .byte 0x3e, 0x2c, 0x1e, 0x00, 0x00, 0x00, 0x15, 0x07, 0x15, 0x08, 0x2c, 0x1e, 0x00, 0x00, 0x00, 0x2c
    .byte 0x80, 0xdd, 0x00, 0x00, 0x2c, 0x40, 0x00, 0x00, 0x00, 0x20, 0x00, 0x00, 0x20, 0x00, 0x00, 0x15
    .byte 0x3e, 0x2c, 0x1e, 0x00, 0x00, 0x00, 0x15, 0x07, 0x15, 0x08, 0x2c, 0x1e, 0x00, 0x00, 0x00, 0x2c
    .byte 0x80, 0xdd, 0x00, 0x00, 0x2c, 0x40, 0x00, 0x00, 0x00, 0x20, 0x00, 0x00, 0x20, 0x00, 0x00, 0x15
    .byte 0x3e, 0x2c, 0x1e, 0x00, 0x00, 0x00, 0x15, 0x07, 0x15, 0x08, 0x2c, 0x1e, 0x00, 0x00, 0x00, 0x2c
    .byte 0x80, 0xdd, 0x00, 0x00, 0x2c, 0x40, 0x00, 0x00, 0x00, 0x20, 0x00, 0x00, 0x20, 0x00, 0x00, 0x15
    .byte 0x3e, 0x2c, 0x1e, 0x00, 0x00, 0x00, 0x15, 0x07, 0x15, 0x08, 0x2c, 0x1e, 0x00, 0x00, 0x00, 0x2c
    .byte 0x80, 0xdd, 0x00, 0x00, 0x2c, 0x40, 0x00, 0x00, 0x00, 0x20, 0x00, 0x00, 0x20, 0x00, 0x00, 0x15
    .byte 0x3e, 0x2c, 0x1e, 0x00, 0x00, 0x00, 0x15, 0x07, 0x15, 0x08, 0x2c, 0x1e, 0x00, 0x00, 0x00, 0x2c
    .byte 0x80, 0xdd, 0x00, 0x00, 0x2c, 0x40, 0x00, 0x00, 0x00, 0x20, 0x00, 0x00, 0x20, 0x00, 0x00, 0x15
    .byte 0x3e, 0x2c, 0x1e, 0x00, 0x00, 0x00, 0x15, 0x07, 0x15, 0x08, 0x2c, 0x1e, 0x00, 0x00, 0x00, 0x2c
    .byte 0x80, 0xdd, 0x00, 0x00, 0x2c, 0x40, 0x00, 0x00, 0x00, 0x20, 0x00, 0x00, 0x20, 0x00, 0x00, 0x15
    .byte 0x3e, 0x2c, 0x1e, 0x00, 0x00, 0x00, 0x15, 0x07, 0x15, 0x08, 0x2c, 0x1e, 0x00, 0x00, 0x00, 0x2c
    .byte 0x80, 0xdd, 0x00, 0x00, 0x2c, 0x40, 0x00, 0x00, 0x00, 0x20, 0x00, 0x00, 0x20, 0x00, 0x00, 0x15
    .byte 0x3e, 0x2c, 0x1e, 0x00, 0x00, 0x00, 0x15, 0x07, 0x15, 0x08, 0x2c, 0x1e, 0x00, 0x00, 0x00, 0x2c
    .byte 0x80, 0xdd, 0x00, 0x00, 0x2c, 0x40, 0x00, 0x00, 0x00, 0x20, 0x00, 0x00, 0x20, 0x00, 0x00, 0x15
    .byte 0x3e, 0x2c, 0x1e, 0x00, 0x00, 0x00, 0x15, 0x07, 0x15, 0x08, 0x2c, 0x1e, 0x00, 0x00, 0x00, 0x2c
    .byte 0x80, 0xdd, 0x00, 0x00, 0x2c, 0x40, 0x00, 0x00, 0x00, 0x20, 0x00, 0x00, 0x20, 0x00, 0x00, 0x15
    .byte 0x3e, 0x2c, 0x1e, 0x00, 0x00, 0x00, 0x15, 0x07, 0x15, 0x08, 0x00, 0x2c, 0x01, 0x00, 0x00, 0x00
    .byte 0x2c, 0xf6, 0x41, 0x22, 0x02, 0x15, 0x39, 0x2c, 0x01, 0x00, 0x00, 0x00, 0x15, 0x42, 0x18, 0x70
    .byte 0x32, 0x00, 0x00, 0x00, 0x00, 0x00, 0x14, 0xd0, 0x41, 0x22, 0x02, 0x01, 0xb7, 0x41, 0x22, 0x02
    .byte 0x2c, 0x0e, 0x00, 0x00, 0x00, 0x2c, 0x55, 0xeb, 0x21, 0x02, 0x15, 0x39, 0x2c, 0x0e, 0x00, 0x00
    .byte 0x00, 0x15, 0x42, 0x18, 0x70, 0x32, 0x00, 0x00, 0x00, 0x00, 0x00, 0x14, 0xf5, 0x41, 0x22, 0x02
    .byte 0x01, 0xdc, 0x41, 0x22, 0x02, 0x22, 0x2c, 0x1a, 0x00, 0x00, 0x00, 0x15, 0x45, 0x2c, 0xb4, 0x00
    .byte 0x00, 0x00, 0x15, 0x17, 0x15, 0x8b, 0x18, 0x70, 0x32, 0x00, 0x00, 0x00, 0x00, 0x00, 0x13, 0x18
    .byte 0x42, 0x22, 0x02, 0x01, 0x04, 0x42, 0x22, 0x02, 0x2c, 0xb7, 0x04, 0x00, 0x00, 0x2c, 0x01, 0x00
    .byte 0x00, 0x00, 0x20, 0x00, 0x00, 0x20, 0x00, 0x00, 0x15, 0x59, 0x15, 0x5a, 0x15, 0x2c, 0x00, 0x2c
    .byte 0x01, 0x00, 0x00, 0x00, 0x15, 0x2b, 0x20, 0x00, 0x00, 0x2c, 0x40, 0x00, 0x00, 0x00, 0x20, 0x00
    .byte 0x00, 0x2c, 0x80, 0x25, 0x00, 0x00, 0x2c, 0x04, 0x00, 0x00, 0x00, 0x20, 0x00, 0x00, 0x15, 0x1a
    .byte 0x15, 0x21, 0x20, 0x00, 0x00, 0x15, 0x09, 0x00, 0x20, 0x00, 0x00, 0x15, 0x18, 0x20, 0x00, 0x00
    .byte 0x15, 0x19, 0x2c, 0x05, 0x00, 0x00, 0x00, 0x2c, 0x07, 0x00, 0x00, 0x00, 0x15, 0x47, 0x18, 0x70
    .byte 0x17, 0x00, 0x2c, 0x05, 0x00, 0x00, 0x00, 0x2c, 0x08, 0x00, 0x00, 0x00, 0x15, 0x47, 0x18, 0x70
    .byte 0x17, 0x00, 0x15, 0x1e, 0x18, 0x70, 0x17, 0x00, 0x15, 0x75, 0x2c, 0x03, 0x00, 0x00, 0x00, 0x2c
    .byte 0x01, 0x00, 0x00, 0x00, 0x2c, 0xff, 0xff, 0xff, 0xff, 0x2c, 0xff, 0xff, 0xff, 0xff, 0x2c, 0xff
    .byte 0xff, 0xff, 0xff, 0x15, 0xdc, 0x15, 0x28, 0x2c, 0x07, 0x00, 0x00, 0x00, 0x2c, 0xff, 0xff, 0xff
    .byte 0xff, 0x2c, 0xff, 0xff, 0xff, 0xff, 0x2c, 0xff, 0xff, 0xff, 0xff, 0x2c, 0xff, 0xff, 0xff, 0xff
    .byte 0x15, 0xdc, 0x2c, 0x01, 0x00, 0x00, 0x00, 0x15, 0x2b, 0x2c, 0xd0, 0x00, 0x00, 0x00, 0x2c, 0xf0
    .byte 0x00, 0x00, 0x00, 0x20, 0x00, 0x00, 0x2c, 0x00, 0x18, 0x00, 0x00, 0x2c, 0x05, 0x00, 0x00, 0x00
    .byte 0x20, 0x00, 0x00, 0x15, 0x1a, 0x15, 0x21, 0x2c, 0x05, 0x00, 0x00, 0x00, 0x2c, 0x07, 0x00, 0x00
    .byte 0x00, 0x15, 0x47, 0x18, 0x70, 0x17, 0x00, 0x2c, 0x05, 0x00, 0x00, 0x00, 0x2c, 0x08, 0x00, 0x00
    .byte 0x00, 0x15, 0x47, 0x18, 0x70, 0x17, 0x00, 0x15, 0x1e, 0x18, 0x70, 0x17, 0x00, 0x15, 0x75, 0x2c
    .byte 0x0d, 0x00, 0x00, 0x00, 0x15, 0x05, 0x2c, 0x01, 0x00, 0x00, 0x00, 0x15, 0x06, 0x00, 0x00, 0x20
    .byte 0x00, 0x00, 0x2c, 0xff, 0xff, 0xff, 0xff, 0x2c, 0xff, 0xff, 0xff, 0xff, 0x15, 0xdd, 0x18, 0x70
    .byte 0x14, 0xdb, 0x43, 0x22, 0x02, 0x2c, 0x03, 0x00, 0x00, 0x00, 0x2c, 0xff, 0xff, 0xff, 0xff, 0x2c
    .byte 0xff, 0xff, 0xff, 0xff, 0x15, 0xdd, 0x18, 0x70, 0x32, 0x00, 0x00, 0x00, 0x00, 0x00, 0x14, 0xab
    .byte 0x43, 0x22, 0x02, 0x2c, 0x01, 0x00, 0x00, 0x00, 0x2c, 0x10, 0x00, 0x00, 0x00, 0x2c, 0x10, 0x00
    .byte 0x00, 0x00, 0x2c, 0x80, 0x02, 0x00, 0x00, 0x2c, 0x80, 0x02, 0x00, 0x00, 0x15, 0x8d, 0x18, 0x70
    .byte 0x32, 0x00, 0x01, 0x00, 0x00, 0x00, 0x13, 0xa6, 0x43, 0x22, 0x02, 0x20, 0x00, 0x00, 0x2c, 0x10
    .byte 0x00, 0x00, 0x00, 0x2c, 0x10, 0x00, 0x00, 0x00, 0x2c, 0x80, 0x02, 0x00, 0x00, 0x2c, 0x80, 0x02
    .byte 0x00, 0x00, 0x15, 0x8d, 0x18, 0x70, 0x32, 0x00, 0x01, 0x00, 0x00, 0x00, 0x13, 0xa6, 0x43, 0x22
    .byte 0x02, 0x01, 0x53, 0x43, 0x22, 0x02, 0x25, 0xd6, 0x43, 0x22, 0x02, 0x20, 0x00, 0x00, 0x2c, 0x10
    .byte 0x00, 0x00, 0x00, 0x2c, 0x10, 0x00, 0x00, 0x00, 0x2c, 0x80, 0x02, 0x00, 0x00, 0x2c, 0x80, 0x02
    .byte 0x00, 0x00, 0x15, 0x8d, 0x18, 0x70, 0x32, 0x00, 0x01, 0x00, 0x00, 0x00, 0x13, 0xd6, 0x43, 0x22
    .byte 0x02, 0x01, 0xab, 0x43, 0x22, 0x02, 0x25, 0x06, 0x44, 0x22, 0x02, 0x20, 0x00, 0x00, 0x2c, 0x10
    .byte 0x00, 0x00, 0x00, 0x2c, 0x10, 0x00, 0x00, 0x00, 0x2c, 0x80, 0x02, 0x00, 0x00, 0x2c, 0x80, 0x02
    .byte 0x00, 0x00, 0x15, 0x8d, 0x18, 0x70, 0x32, 0x00, 0x01, 0x00, 0x00, 0x00, 0x13, 0x06, 0x44, 0x22
    .byte 0x02, 0x01, 0xdb, 0x43, 0x22, 0x02, 0x2c, 0x02, 0x00, 0x00, 0x00, 0x15, 0x9b, 0x18, 0x70, 0x32
    .byte 0x00, 0x00, 0x00, 0x00, 0x00, 0x13, 0x2e, 0x44, 0x22, 0x02, 0x2c, 0xee, 0x03, 0x00, 0x00, 0x15
    .byte 0x37, 0x18, 0x70, 0x32, 0x00, 0x01, 0x00, 0x00, 0x00, 0x14, 0x33, 0x44, 0x22, 0x02, 0x01, 0x1f
    .byte 0x43, 0x22, 0x02, 0x20, 0x00, 0x00, 0x15, 0x9b, 0x18, 0x70, 0x14, 0x53, 0x44, 0x22, 0x02, 0x20
    .byte 0x00, 0x00, 0x2c, 0xff, 0xff, 0xff, 0xff, 0x2c, 0xff, 0xff, 0xff, 0xff, 0x2c, 0xff, 0xff, 0xff
    .byte 0xff, 0x15, 0x89, 0x2c, 0x03, 0x00, 0x00, 0x00, 0x2c, 0x60, 0x44, 0x22, 0x02, 0x15, 0x29, 0x00
    .byte 0x20, 0x00, 0x00, 0x2c, 0xff, 0xff, 0xff, 0xff, 0x2c, 0xff, 0xff, 0xff, 0xff, 0x15, 0xdd, 0x18
    .byte 0x70, 0x14, 0xbb, 0x44, 0x22, 0x02, 0x2c, 0x01, 0x00, 0x00, 0x00, 0x2c, 0xff, 0xff, 0xff, 0xff
    .byte 0x2c, 0xff, 0xff, 0xff, 0xff, 0x15, 0xdd, 0x18, 0x70, 0x32, 0x00, 0x5d, 0x02, 0x00, 0x00, 0x14
    .byte 0xbb, 0x44, 0x22, 0x02, 0x2c, 0x03, 0x00, 0x00, 0x00, 0x2c, 0xff, 0xff, 0xff, 0xff, 0x2c, 0xff
    .byte 0xff, 0xff, 0xff, 0x15, 0xdd, 0x18, 0x70, 0x35, 0x00, 0x02, 0x00, 0x00, 0x00, 0x14, 0xbb, 0x44
    .byte 0x22, 0x02, 0x03, 0x00, 0x01, 0x00, 0x00, 0x00, 0x27, 0x00, 0x7d, 0x03, 0x00, 0x08, 0x00, 0x00
    .byte 0x00, 0x27, 0x00, 0x7f, 0x2c, 0x20, 0x00, 0x00, 0x00, 0x2c, 0x18, 0x00, 0x00, 0x00, 0x20, 0x00
    .byte 0x00, 0x2c, 0x7f, 0x00, 0x00, 0x00, 0x2c, 0x7f, 0x00, 0x00, 0x00, 0x2c, 0x01, 0x00, 0x00, 0x00
    .byte 0x15, 0x62, 0x00, 0x00, 0x03, 0x00, 0xe8, 0x03, 0x00, 0x00, 0x29, 0x01, 0x91, 0x04, 0x10, 0x17
    .byte 0x00, 0x15, 0x41, 0x2c, 0xee, 0x03, 0x00, 0x00, 0x15, 0x37, 0x18, 0x70, 0x32, 0x00, 0x01, 0x00
    .byte 0x00, 0x00, 0x13, 0x20, 0x45, 0x22, 0x02, 0x2c, 0xfd, 0x03, 0x00, 0x00, 0x15, 0x37, 0x18, 0x70
    .byte 0x32, 0x00, 0x01, 0x00, 0x00, 0x00, 0x13, 0x20, 0x45, 0x22, 0x02, 0x01, 0xf3, 0x44, 0x22, 0x02
    .byte 0x03, 0x00, 0xd0, 0x07, 0x00, 0x00, 0x29, 0x01, 0x91, 0x04, 0x10, 0x17, 0x00, 0x15, 0x41, 0x29
    .byte 0x00, 0x91, 0x31, 0x00, 0x01, 0x00, 0x00, 0x00, 0x14, 0x46, 0x45, 0x22, 0x02, 0x03, 0x00, 0x00
    .byte 0x00, 0x00, 0x00, 0x26, 0x00, 0x91, 0x03, 0x00, 0xb8, 0x0b, 0x00, 0x00, 0x29, 0x01, 0x91, 0x04
    .byte 0x10, 0x17, 0x00, 0x15, 0x41, 0x2c, 0xee, 0x03, 0x00, 0x00, 0x15, 0x37, 0x18, 0x70, 0x32, 0x00
    .byte 0x01, 0x00, 0x00, 0x00, 0x13, 0x7d, 0x45, 0x22, 0x02, 0x2c, 0xfd, 0x03, 0x00, 0x00, 0x15, 0x37
    .byte 0x18, 0x70, 0x32, 0x00, 0x01, 0x00, 0x00, 0x00, 0x14, 0x89, 0x45, 0x22, 0x02, 0x20, 0x00, 0x00
    .byte 0x15, 0x07, 0x15, 0x08, 0x01, 0x55, 0x45, 0x22, 0x02, 0x03, 0x00, 0xa0, 0x0f, 0x00, 0x00, 0x29
    .byte 0x01, 0x91, 0x04, 0x10, 0x17, 0x00, 0x15, 0x41, 0x03, 0x00, 0x88, 0x13, 0x00, 0x00, 0x2a, 0x01
    .byte 0x7e, 0x04, 0x10, 0x17, 0x00, 0x15, 0x41, 0x2a, 0x00, 0x7e, 0x29, 0x01, 0x91, 0x04, 0x10, 0x27
    .byte 0x00, 0x7e, 0x2c, 0x01, 0x00, 0x00, 0x00, 0x15, 0x07, 0x15, 0x08, 0x03, 0x00, 0x00, 0x00, 0x00
    .byte 0x00, 0x26, 0x00, 0x91, 0x01, 0xe4, 0x44, 0x22, 0x02, 0x00, 0x2a, 0x00, 0x7f, 0x31, 0x00, 0x01
    .byte 0x00, 0x00, 0x00, 0x13, 0xdd, 0x45, 0x22, 0x02, 0x01, 0xca, 0x45, 0x22, 0x02, 0x2a, 0x00, 0x7e
    .byte 0x2a, 0x01, 0x01, 0x1b, 0x10, 0x13, 0xef, 0x45, 0x22, 0x02, 0x01, 0xdd, 0x45, 0x22, 0x02, 0x2c
    .byte 0x07, 0x00, 0x00, 0x00, 0x2c, 0x3c, 0x00, 0x00, 0x00, 0x15, 0xe0, 0x2c, 0x02, 0x00, 0x00, 0x00
    .byte 0x15, 0x9b, 0x18, 0x70, 0x32, 0x00, 0x00, 0x00, 0x00, 0x00, 0x13, 0x23, 0x46, 0x22, 0x02, 0x2c
    .byte 0xee, 0x03, 0x00, 0x00, 0x15, 0x37, 0x18, 0x70, 0x32, 0x00, 0x01, 0x00, 0x00, 0x00, 0x14, 0x28
    .byte 0x46, 0x22, 0x02, 0x01, 0xca, 0x45, 0x22, 0x02, 0x03, 0x00, 0x70, 0x17, 0x00, 0x00, 0x2a, 0x01
    .byte 0x7e, 0x04, 0x10, 0x17, 0x00, 0x15, 0x41, 0x20, 0x00, 0x00, 0x15, 0x9b, 0x18, 0x70, 0x14, 0x57
    .byte 0x46, 0x22, 0x02, 0x20, 0x00, 0x00, 0x2c, 0xff, 0xff, 0xff, 0xff, 0x2c, 0xff, 0xff, 0xff, 0xff
    .byte 0x2c, 0xff, 0xff, 0xff, 0xff, 0x15, 0x89, 0x2c, 0xa2, 0x02, 0x00, 0x00, 0x15, 0x37, 0x18, 0x70
    .byte 0x32, 0x00, 0x01, 0x00, 0x00, 0x00, 0x14, 0x7c, 0x46, 0x22, 0x02, 0x2c, 0x03, 0x00, 0x00, 0x00
    .byte 0x2c, 0x2f, 0x51, 0x22, 0x02, 0x15, 0x29, 0x25, 0x21, 0x47, 0x22, 0x02, 0x2c, 0xa2, 0x02, 0x00
    .byte 0x00, 0x15, 0x35, 0x03, 0x00, 0x00, 0x00, 0x00, 0x00, 0x27, 0x00, 0x7d, 0x2c, 0x05, 0x00, 0x00
    .byte 0x00, 0x2c, 0x01, 0x00, 0x00, 0x00, 0x2c, 0xff, 0xff, 0xff, 0xff, 0x2c, 0xff, 0xff, 0xff, 0xff
    .byte 0x2c, 0xff, 0xff, 0xff, 0xff, 0x2c, 0xff, 0xff, 0xff, 0xff, 0x2c, 0xff, 0xff, 0xff, 0xff, 0x2c
    .byte 0xff, 0xff, 0xff, 0xff, 0x15, 0x33, 0x2c, 0x04, 0x00, 0x00, 0x00, 0x2c, 0xff, 0xff, 0xff, 0xff
    .byte 0x2c, 0xff, 0xff, 0xff, 0xff, 0x2c, 0xff, 0xff, 0xff, 0xff, 0x2c, 0xff, 0xff, 0xff, 0xff, 0x2c
    .byte 0xff, 0xff, 0xff, 0xff, 0x2c, 0xff, 0xff, 0xff, 0xff, 0x2c, 0xff, 0xff, 0xff, 0xff, 0x15, 0x33
    .byte 0x03, 0x00, 0x00, 0x00, 0x00, 0x00, 0x27, 0x00, 0x7f, 0x03, 0x00, 0x00, 0x00, 0x00, 0x00, 0x27
    .byte 0x00, 0x7e, 0x03, 0x00, 0xca, 0x00, 0x00, 0x00, 0x26, 0x00, 0x90, 0x03, 0x00, 0x00, 0x00, 0x00
    .byte 0x00, 0x26, 0x00, 0x91, 0x2c, 0x19, 0x00, 0x00, 0x00, 0x2c, 0x22, 0x47, 0x22, 0x02, 0x15, 0x39
    .byte 0x2c, 0x18, 0x00, 0x00, 0x00, 0x2c, 0xe4, 0x44, 0x22, 0x02, 0x15, 0x39, 0x01, 0xca, 0x45, 0x22
    .byte 0x02, 0x00, 0x2c, 0x00, 0x04, 0x00, 0x00, 0x15, 0x37, 0x18, 0x70, 0x14, 0x35, 0x47, 0x22, 0x02
    .byte 0x01, 0x22, 0x47, 0x22, 0x02, 0x2c, 0xee, 0x03, 0x00, 0x00, 0x15, 0x37, 0x18, 0x70, 0x14, 0x48
    .byte 0x47, 0x22, 0x02, 0x01, 0x35, 0x47, 0x22, 0x02, 0x2c, 0x02, 0x00, 0x00, 0x00, 0x15, 0x9b, 0x18
    .byte 0x70, 0x32, 0x00, 0x00, 0x00, 0x00, 0x00, 0x14, 0x61, 0x47, 0x22, 0x02, 0x01, 0x48, 0x47, 0x22
    .byte 0x02, 0x20, 0x00, 0x00, 0x15, 0x9b, 0x18, 0x70, 0x14, 0x81, 0x47, 0x22, 0x02, 0x20, 0x00, 0x00
    .byte 0x2c, 0xff, 0xff, 0xff, 0xff, 0x2c, 0xff, 0xff, 0xff, 0xff, 0x2c, 0xff, 0xff, 0xff, 0xff, 0x15
    .byte 0x89, 0x20, 0x00, 0x00, 0x15, 0x07, 0x15, 0x08, 0x2c, 0x03, 0x00, 0x00, 0x00, 0x2c, 0x95, 0x47
    .byte 0x22, 0x02, 0x15, 0x29, 0x00, 0x2c, 0x0a, 0x00, 0x00, 0x00, 0x15, 0x07, 0x15, 0x08, 0x2c, 0x03
    .byte 0x00, 0x00, 0x00, 0x2c, 0x01, 0x00, 0x00, 0x00, 0x20, 0x00, 0x00, 0x20, 0x00, 0x00, 0x20, 0x00
    .byte 0x00, 0x15, 0x4f, 0x2c, 0x01, 0x00, 0x00, 0x00, 0x2c, 0x19, 0x00, 0x00, 0x00, 0x2c, 0x07, 0x00
    .byte 0x00, 0x00, 0x15, 0x47, 0x18, 0x70, 0x17, 0x00, 0x2c, 0x19, 0x00, 0x00, 0x00, 0x2c, 0x08, 0x00
    .byte 0x00, 0x00, 0x15, 0x47, 0x18, 0x70, 0x17, 0x00, 0x2c, 0x1e, 0x00, 0x00, 0x00, 0x20, 0x00, 0x00
    .byte 0x15, 0x4f, 0x18, 0x70, 0x17, 0x00, 0x15, 0x07, 0x15, 0x08, 0x2c, 0x0a, 0x00, 0x00, 0x00, 0x15
    .byte 0x07, 0x15, 0x08, 0x2c, 0x05, 0x00, 0x00, 0x00, 0x2c, 0x23, 0x2c, 0x22, 0x02, 0x15, 0x39, 0x2c
    .byte 0x05, 0x00, 0x00, 0x00, 0x15, 0x42, 0x18, 0x70, 0x32, 0x00, 0x00, 0x00, 0x00, 0x00, 0x14, 0x18
    .byte 0x48, 0x22, 0x02, 0x01, 0xff, 0x47, 0x22, 0x02, 0x2c, 0x1e, 0x00, 0x00, 0x00, 0x15, 0x07, 0x15
    .byte 0x08, 0x2c, 0x05, 0x00, 0x00, 0x00, 0x2c, 0x39, 0x2e, 0x22, 0x02, 0x15, 0x39, 0x2c, 0x05, 0x00
    .byte 0x00, 0x00, 0x15, 0x42, 0x18, 0x70, 0x32, 0x00, 0x00, 0x00, 0x00, 0x00, 0x14, 0x46, 0x48, 0x22
    .byte 0x02, 0x01, 0x2d, 0x48, 0x22, 0x02, 0x2c, 0x0f, 0x00, 0x00, 0x00, 0x15, 0x07, 0x15, 0x08, 0x2c
    .byte 0x01, 0x00, 0x00, 0x00, 0x2c, 0xba, 0x4b, 0x22, 0x02, 0x15, 0x39, 0x2c, 0x01, 0x00, 0x00, 0x00
    .byte 0x15, 0x42, 0x18, 0x70, 0x32, 0x00, 0x00, 0x00, 0x00, 0x00, 0x14, 0x74, 0x48, 0x22, 0x02, 0x01
    .byte 0x5b, 0x48, 0x22, 0x02, 0x2c, 0x05, 0x00, 0x00, 0x00, 0x15, 0x07, 0x15, 0x08, 0x2c, 0x01, 0x00
    .byte 0x00, 0x00, 0x2c, 0x4c, 0x29, 0x22, 0x02, 0x15, 0x39, 0x2c, 0x01, 0x00, 0x00, 0x00, 0x15, 0x42
    .byte 0x18, 0x70, 0x32, 0x00, 0x00, 0x00, 0x00, 0x00, 0x14, 0xa2, 0x48, 0x22, 0x02, 0x01, 0x89, 0x48
    .byte 0x22, 0x02, 0x20, 0x00, 0x00, 0x2c, 0x89, 0x35, 0x22, 0x02, 0x15, 0x39, 0x2c, 0x14, 0x00, 0x00
    .byte 0x00, 0x15, 0x07, 0x15, 0x08, 0x2c, 0x01, 0x00, 0x00, 0x00, 0x2c, 0x93, 0x4c, 0x22, 0x02, 0x15
    .byte 0x39, 0x2c, 0x01, 0x00, 0x00, 0x00, 0x15, 0x42, 0x18, 0x70, 0x32, 0x00, 0x00, 0x00, 0x00, 0x00
    .byte 0x14, 0xda, 0x48, 0x22, 0x02, 0x01, 0xc1, 0x48, 0x22, 0x02, 0x2c, 0x1e, 0x00, 0x00, 0x00, 0x15
    .byte 0x07, 0x15, 0x08, 0x2c, 0x05, 0x00, 0x00, 0x00, 0x2c, 0xfc, 0x4c, 0x22, 0x02, 0x15, 0x39, 0x2c
    .byte 0x05, 0x00, 0x00, 0x00, 0x15, 0x42, 0x18, 0x70, 0x32, 0x00, 0x00, 0x00, 0x00, 0x00, 0x14, 0x08
    .byte 0x49, 0x22, 0x02, 0x01, 0xef, 0x48, 0x22, 0x02, 0x2c, 0x1e, 0x00, 0x00, 0x00, 0x15, 0x07, 0x15
    .byte 0x08, 0x2c, 0x01, 0x00, 0x00, 0x00, 0x2c, 0xc3, 0x4c, 0x22, 0x02, 0x15, 0x39, 0x2c, 0x01, 0x00
    .byte 0x00, 0x00, 0x15, 0x42, 0x18, 0x70, 0x32, 0x00, 0x00, 0x00, 0x00, 0x00, 0x14, 0x36, 0x49, 0x22
    .byte 0x02, 0x01, 0x1d, 0x49, 0x22, 0x02, 0x2c, 0x1e, 0x00, 0x00, 0x00, 0x15, 0x07, 0x15, 0x08, 0x2c
    .byte 0x08, 0x00, 0x00, 0x00, 0x2c, 0x75, 0x00, 0x00, 0x00, 0x15, 0xe0, 0x2c, 0x05, 0x00, 0x00, 0x00
    .byte 0x2c, 0x38, 0x4d, 0x22, 0x02, 0x15, 0x39, 0x2c, 0x05, 0x00, 0x00, 0x00, 0x15, 0x42, 0x18, 0x70
    .byte 0x32, 0x00, 0x00, 0x00, 0x00, 0x00, 0x14, 0x70, 0x49, 0x22, 0x02, 0x01, 0x57, 0x49, 0x22, 0x02
    .byte 0x03, 0x00, 0x01, 0x00, 0x00, 0x00, 0x27, 0x00, 0x7d, 0x03, 0x00, 0x10, 0x00, 0x00, 0x00, 0x27
    .byte 0x00, 0x01, 0x2a, 0x00, 0x01, 0x27, 0x00, 0x7f, 0x2c, 0x20, 0x00, 0x00, 0x00, 0x2c, 0x18, 0x00
    .byte 0x00, 0x00, 0x20, 0x00, 0x00, 0x2c, 0x7f, 0x00, 0x00, 0x00, 0x2c, 0x7f, 0x00, 0x00, 0x00, 0x2c
    .byte 0x01, 0x00, 0x00, 0x00, 0x15, 0x62, 0x2c, 0x78, 0x00, 0x00, 0x00, 0x15, 0x07, 0x15, 0x08, 0x2c
    .byte 0x1e, 0x00, 0x00, 0x00, 0x15, 0x07, 0x15, 0x08, 0x2c, 0x05, 0x00, 0x00, 0x00, 0x2c, 0xb8, 0x4d
    .byte 0x22, 0x02, 0x15, 0x39, 0x2c, 0x05, 0x00, 0x00, 0x00, 0x15, 0x42, 0x18, 0x70, 0x32, 0x00, 0x00
    .byte 0x00, 0x00, 0x00, 0x14, 0xdd, 0x49, 0x22, 0x02, 0x01, 0xc4, 0x49, 0x22, 0x02, 0x2c, 0x09, 0x00
    .byte 0x00, 0x00, 0x2c, 0x75, 0x00, 0x00, 0x00, 0x15, 0xe0, 0x2c, 0x1e, 0x00, 0x00, 0x00, 0x15, 0x07
    .byte 0x15, 0x08, 0x2c, 0x05, 0x00, 0x00, 0x00, 0x2c, 0x39, 0x2e, 0x22, 0x02, 0x15, 0x39, 0x2c, 0x05
    .byte 0x00, 0x00, 0x00, 0x15, 0x42, 0x18, 0x70, 0x32, 0x00, 0x00, 0x00, 0x00, 0x00, 0x14, 0x17, 0x4a
    .byte 0x22, 0x02, 0x01, 0xfe, 0x49, 0x22, 0x02, 0x2c, 0x05, 0x00, 0x00, 0x00, 0x2c, 0xa7, 0x30, 0x22
    .byte 0x02, 0x15, 0x39, 0x2c, 0x05, 0x00, 0x00, 0x00, 0x15, 0x42, 0x18, 0x70, 0x32, 0x00, 0x00, 0x00
    .byte 0x00, 0x00, 0x14, 0x3c, 0x4a, 0x22, 0x02, 0x01, 0x23, 0x4a, 0x22, 0x02, 0x2c, 0x05, 0x00, 0x00
    .byte 0x00, 0x2c, 0xce, 0x4d, 0x22, 0x02, 0x15, 0x39, 0x2c, 0x0a, 0x00, 0x00, 0x00, 0x15, 0x07, 0x15
    .byte 0x08, 0x2c, 0x02, 0x00, 0x00, 0x00, 0x2c, 0x3c, 0x00, 0x00, 0x00, 0x20, 0x00, 0x00, 0x20, 0x00
    .byte 0x00, 0x20, 0x00, 0x00, 0x15, 0x4f, 0x18, 0x70, 0x17, 0x00, 0x15, 0x07, 0x15, 0x08, 0x2c, 0x03
    .byte 0x00, 0x00, 0x00, 0x20, 0x00, 0x00, 0x20, 0x00, 0x00, 0x20, 0x00, 0x00, 0x20, 0x00, 0x00, 0x15
    .byte 0x4f, 0x2c, 0x0a, 0x00, 0x00, 0x00, 0x15, 0x07, 0x15, 0x08, 0x2c, 0x01, 0x00, 0x00, 0x00, 0x2c
    .byte 0xe0, 0x4d, 0x22, 0x02, 0x15, 0x39, 0x2c, 0x01, 0x00, 0x00, 0x00, 0x15, 0x42, 0x18, 0x70, 0x32
    .byte 0x00, 0x00, 0x00, 0x00, 0x00, 0x14, 0xaf, 0x4a, 0x22, 0x02, 0x01, 0x96, 0x4a, 0x22, 0x02, 0x00
    .byte 0x2c, 0x04, 0x00, 0x00, 0x00, 0x20, 0x00, 0x00, 0x20, 0x00, 0x00, 0x20, 0x00, 0x00, 0x15, 0xcd
    .byte 0x2c, 0x05, 0x00, 0x00, 0x00, 0x2c, 0x08, 0x00, 0x00, 0x00, 0x20, 0x00, 0x00, 0x20, 0x00, 0x00
    .byte 0x15, 0xcd, 0x2c, 0x01, 0x00, 0x00, 0x00, 0x2c, 0x07, 0x00, 0x00, 0x00, 0x15, 0x47, 0x18, 0x70
    .byte 0x17, 0x00, 0x2c, 0x01, 0x00, 0x00, 0x00, 0x2c, 0x08, 0x00, 0x00, 0x00, 0x15, 0x47, 0x18, 0x70
    .byte 0x24, 0x00, 0x20, 0x00, 0x00, 0x00, 0x17, 0x00, 0x2c, 0x20, 0x00, 0x00, 0x00, 0x15, 0x02, 0x2c
    .byte 0x01, 0x00, 0x00, 0x00, 0x15, 0x09, 0x2c, 0x03, 0x00, 0x00, 0x00, 0x15, 0x05, 0x15, 0x16, 0x15
    .byte 0x96, 0x2c, 0x1e, 0x00, 0x00, 0x00, 0x20, 0x00, 0x00, 0x2c, 0x3c, 0x00, 0x00, 0x00, 0x2c, 0x02
    .byte 0x00, 0x00, 0x00, 0x2c, 0x40, 0x06, 0x00, 0x00, 0x15, 0x95, 0x20, 0x00, 0x00, 0x15, 0x05, 0x2c
    .byte 0x01, 0x00, 0x00, 0x00, 0x15, 0x06, 0x00, 0x03, 0x00, 0x05, 0x00, 0x00, 0x00, 0x26, 0x00, 0xd2
    .byte 0x20, 0x00, 0x00, 0x2c, 0x9b, 0xef, 0x21, 0x02, 0x15, 0x39, 0x20, 0x00, 0x00, 0x15, 0x42, 0x18
    .byte 0x70, 0x32, 0x00, 0x00, 0x00, 0x00, 0x00, 0x14, 0x61, 0x4b, 0x22, 0x02, 0x01, 0x4a, 0x4b, 0x22
    .byte 0x02, 0x00, 0x2c, 0x4b, 0x11, 0x00, 0x00, 0x2c, 0x4e, 0x11, 0x00, 0x00, 0x2c, 0x4d, 0x11, 0x00
    .byte 0x00, 0x2c, 0x02, 0x00, 0x00, 0x00, 0x20, 0x00, 0x00, 0x15, 0x73, 0x2c, 0x01, 0x00, 0x00, 0x00
    .byte 0x15, 0x25, 0x2c, 0x12, 0x00, 0x00, 0x00, 0x20, 0x00, 0x00, 0x15, 0x32, 0x2c, 0x05, 0x00, 0x00
    .byte 0x00, 0x2c, 0x07, 0x00, 0x00, 0x00, 0x15, 0x47, 0x18, 0x70, 0x17, 0x00, 0x2c, 0x05, 0x00, 0x00
    .byte 0x00, 0x2c, 0x08, 0x00, 0x00, 0x00, 0x15, 0x47, 0x18, 0x70, 0x17, 0x00, 0x15, 0x1e, 0x18, 0x70
    .byte 0x17, 0x00, 0x15, 0x75, 0x20, 0x00, 0x00, 0x15, 0x06, 0x00, 0x2c, 0x01, 0x00, 0x00, 0x00, 0x15
    .byte 0x25, 0x2c, 0x12, 0x00, 0x00, 0x00, 0x20, 0x00, 0x00, 0x15, 0x32, 0x2c, 0x05, 0x00, 0x00, 0x00
    .byte 0x2c, 0x07, 0x00, 0x00, 0x00, 0x15, 0x47, 0x18, 0x70, 0x17, 0x00, 0x2c, 0x05, 0x00, 0x00, 0x00
    .byte 0x2c, 0x08, 0x00, 0x00, 0x00, 0x15, 0x47, 0x18, 0x70, 0x17, 0x00, 0x15, 0x1e, 0x18, 0x70, 0x17
    .byte 0x00, 0x15, 0x75, 0x20, 0x00, 0x00, 0x15, 0x06, 0x2c, 0x05, 0x00, 0x00, 0x00, 0x15, 0x07, 0x15
    .byte 0x08, 0x2c, 0x05, 0x00, 0x00, 0x00, 0x2c, 0x07, 0x00, 0x00, 0x00, 0x15, 0x47, 0x18, 0x70, 0x17
    .byte 0x00, 0x2c, 0x05, 0x00, 0x00, 0x00, 0x2c, 0x08, 0x00, 0x00, 0x00, 0x15, 0x47, 0x18, 0x70, 0x17
    .byte 0x00, 0x15, 0x1e, 0x18, 0x70, 0x32, 0x00, 0x00, 0x00, 0x00, 0x00, 0x14, 0x3c, 0x4c, 0x22, 0x02
    .byte 0x2c, 0x19, 0x00, 0x00, 0x00, 0x15, 0x45, 0x25, 0x6a, 0x4c, 0x22, 0x02, 0x2c, 0x05, 0x00, 0x00
    .byte 0x00, 0x2c, 0x07, 0x00, 0x00, 0x00, 0x15, 0x47, 0x18, 0x70, 0x17, 0x00, 0x2c, 0x05, 0x00, 0x00
    .byte 0x00, 0x2c, 0x08, 0x00, 0x00, 0x00, 0x15, 0x47, 0x18, 0x70, 0x17, 0x00, 0x15, 0x1e, 0x18, 0x70
    .byte 0x05, 0x00, 0x08, 0x00, 0x00, 0x00, 0x17, 0x00, 0x15, 0x45, 0x15, 0x8b, 0x18, 0x70, 0x32, 0x00
    .byte 0x00, 0x00, 0x00, 0x00, 0x13, 0x7e, 0x4c, 0x22, 0x02, 0x01, 0x6a, 0x4c, 0x22, 0x02, 0x2c, 0xb8
    .byte 0x04, 0x00, 0x00, 0x2c, 0x01, 0x00, 0x00, 0x00, 0x20, 0x00, 0x00, 0x20, 0x00, 0x00, 0x15, 0x59
    .byte 0x15, 0x5a, 0x00, 0x2c, 0x0c, 0x00, 0x00, 0x00, 0x15, 0x45, 0x15, 0x8b, 0x18, 0x70, 0x32, 0x00
    .byte 0x00, 0x00, 0x00, 0x00, 0x13, 0xae, 0x4c, 0x22, 0x02, 0x01, 0x9a, 0x4c, 0x22, 0x02, 0x2c, 0xb9
    .byte 0x04, 0x00, 0x00, 0x2c, 0x01, 0x00, 0x00, 0x00, 0x20, 0x00, 0x00, 0x20, 0x00, 0x00, 0x15, 0x59
    .byte 0x15, 0x5a, 0x00, 0x2c, 0x0f, 0x00, 0x00, 0x00, 0x15, 0x07, 0x15, 0x08, 0x2c, 0x0c, 0x00, 0x00
    .byte 0x00, 0x15, 0x45, 0x15, 0x8b, 0x18, 0x70, 0x32, 0x00, 0x00, 0x00, 0x00, 0x00, 0x13, 0xe7, 0x4c
    .byte 0x22, 0x02, 0x01, 0xd3, 0x4c, 0x22, 0x02, 0x2c, 0xba, 0x04, 0x00, 0x00, 0x2c, 0x01, 0x00, 0x00
    .byte 0x00, 0x20, 0x00, 0x00, 0x20, 0x00, 0x00, 0x15, 0x59, 0x15, 0x5a, 0x00, 0x2c, 0x01, 0x00, 0x00
    .byte 0x00, 0x15, 0x45, 0x15, 0x8b, 0x18, 0x70, 0x32, 0x00, 0x00, 0x00, 0x00, 0x00, 0x13, 0x17, 0x4d
    .byte 0x22, 0x02, 0x01, 0x03, 0x4d, 0x22, 0x02, 0x2c, 0xa3, 0x04, 0x00, 0x00, 0x2c, 0x01, 0x00, 0x00
    .byte 0x00, 0x20, 0x00, 0x00, 0x20, 0x00, 0x00, 0x15, 0x59, 0x15, 0x5a, 0x20, 0x00, 0x00, 0x15, 0x05
    .byte 0x2c, 0x01, 0x00, 0x00, 0x00, 0x15, 0x06, 0x00, 0x2c, 0x04, 0x00, 0x00, 0x00, 0x15, 0x05, 0x2c
    .byte 0x1e, 0x00, 0x00, 0x00, 0x2c, 0x80, 0x3a, 0x00, 0x00, 0x2c, 0x7f, 0x00, 0x00, 0x00, 0x20, 0x00
    .byte 0x00, 0x20, 0x00, 0x00, 0x15, 0x3e, 0x2c, 0x01, 0x00, 0x00, 0x00, 0x15, 0x06, 0x2c, 0x3c, 0x00
    .byte 0x00, 0x00, 0x15, 0x07, 0x15, 0x08, 0x2c, 0x1e, 0x00, 0x00, 0x00, 0x2c, 0x81, 0x3a, 0x00, 0x00
    .byte 0x2c, 0x7f, 0x00, 0x00, 0x00, 0x20, 0x00, 0x00, 0x20, 0x00, 0x00, 0x15, 0x3e, 0x2c, 0x3c, 0x00
    .byte 0x00, 0x00, 0x15, 0x07, 0x15, 0x08, 0x15, 0x46, 0x15, 0x8b, 0x18, 0x70, 0x32, 0x00, 0x00, 0x00
    .byte 0x00, 0x00, 0x13, 0x9c, 0x4d, 0x22, 0x02, 0x01, 0x88, 0x4d, 0x22, 0x02, 0x2c, 0xa5, 0x04, 0x00
    .byte 0x00, 0x2c, 0x01, 0x00, 0x00, 0x00, 0x20, 0x00, 0x00, 0x20, 0x00, 0x00, 0x15, 0x59, 0x15, 0x5a
    .byte 0x2c, 0x01, 0x00, 0x00, 0x00, 0x15, 0x45, 0x00, 0x20, 0x00, 0x00, 0x15, 0x05, 0x2c, 0x01, 0x00
    .byte 0x00, 0x00, 0x15, 0x06, 0x2c, 0x1e, 0x00, 0x00, 0x00, 0x15, 0x07, 0x15, 0x08, 0x00, 0x2c, 0x30
    .byte 0x01, 0x00, 0x00, 0x2c, 0x80, 0x00, 0x00, 0x00, 0x2c, 0x20, 0x00, 0x00, 0x00, 0x15, 0x02, 0x00
    .byte 0x2c, 0x01, 0x00, 0x00, 0x00, 0x15, 0x18, 0x2c, 0x01, 0x00, 0x00, 0x00, 0x15, 0x19, 0x15, 0x2c
    .byte 0x00, 0x2c, 0x0f, 0x00, 0x00, 0x00, 0x15, 0x07, 0x15, 0x08, 0x2c, 0x0a, 0x00, 0x00, 0x00, 0x15
    .byte 0x07, 0x15, 0x08, 0x2c, 0x03, 0x00, 0x00, 0x00, 0x2c, 0x01, 0x00, 0x00, 0x00, 0x20, 0x00, 0x00
    .byte 0x20, 0x00, 0x00, 0x20, 0x00, 0x00, 0x15, 0x4f, 0x2c, 0x01, 0x00, 0x00, 0x00, 0x2c, 0x19, 0x00
    .byte 0x00, 0x00, 0x2c, 0x07, 0x00, 0x00, 0x00, 0x15, 0x47, 0x18, 0x70, 0x17, 0x00, 0x2c, 0x19, 0x00
    .byte 0x00, 0x00, 0x2c, 0x08, 0x00, 0x00, 0x00, 0x15, 0x47, 0x18, 0x70, 0x24, 0x00, 0x10, 0x00, 0x00
    .byte 0x00, 0x17, 0x00, 0x2c, 0x3c, 0x00, 0x00, 0x00, 0x20, 0x00, 0x00, 0x15, 0x4f, 0x18, 0x70, 0x17
    .byte 0x00, 0x15, 0x07, 0x15, 0x08, 0x2c, 0x0a, 0x00, 0x00, 0x00, 0x15, 0x07, 0x15, 0x08, 0x2c, 0x15
    .byte 0x00, 0x00, 0x00, 0x2c, 0x6d, 0x00, 0x00, 0x00, 0x2c, 0x7f, 0x00, 0x00, 0x00, 0x15, 0x0a, 0x2c
    .byte 0x05, 0x00, 0x00, 0x00, 0x2c, 0x23, 0x2c, 0x22, 0x02, 0x15, 0x39, 0x2c, 0x05, 0x00, 0x00, 0x00
    .byte 0x15, 0x42, 0x18, 0x70, 0x32, 0x00, 0x00, 0x00, 0x00, 0x00, 0x14, 0x94, 0x4e, 0x22, 0x02, 0x01
    .byte 0x7b, 0x4e, 0x22, 0x02, 0x2c, 0x1e, 0x00, 0x00, 0x00, 0x15, 0x07, 0x15, 0x08, 0x2c, 0x05, 0x00
    .byte 0x00, 0x00, 0x2c, 0x39, 0x2e, 0x22, 0x02, 0x15, 0x39, 0x2c, 0x05, 0x00, 0x00, 0x00, 0x15, 0x42
    .byte 0x18, 0x70, 0x32, 0x00, 0x00, 0x00, 0x00, 0x00, 0x14, 0xc2, 0x4e, 0x22, 0x02, 0x01, 0xa9, 0x4e
    .byte 0x22, 0x02, 0x2c, 0x0a, 0x00, 0x00, 0x00, 0x15, 0x07, 0x15, 0x08, 0x2c, 0x01, 0x00, 0x00, 0x00
    .byte 0x2c, 0x4c, 0x29, 0x22, 0x02, 0x15, 0x39, 0x2c, 0x01, 0x00, 0x00, 0x00, 0x15, 0x42, 0x18, 0x70
    .byte 0x32, 0x00, 0x00, 0x00, 0x00, 0x00, 0x14, 0xf0, 0x4e, 0x22, 0x02, 0x01, 0xd7, 0x4e, 0x22, 0x02
    .byte 0x20, 0x00, 0x00, 0x2c, 0x89, 0x35, 0x22, 0x02, 0x15, 0x39, 0x20, 0x00, 0x00, 0x15, 0x42, 0x18
    .byte 0x70, 0x32, 0x00, 0x00, 0x00, 0x00, 0x00, 0x14, 0x11, 0x4f, 0x22, 0x02, 0x01, 0xfa, 0x4e, 0x22
    .byte 0x02, 0x2c, 0x01, 0x00, 0x00, 0x00, 0x2c, 0xc3, 0x50, 0x22, 0x02, 0x15, 0x39, 0x2c, 0x01, 0x00
    .byte 0x00, 0x00, 0x15, 0x42, 0x18, 0x70, 0x32, 0x00, 0x00, 0x00, 0x00, 0x00, 0x14, 0x36, 0x4f, 0x22
    .byte 0x02, 0x01, 0x1d, 0x4f, 0x22, 0x02, 0x2c, 0x3c, 0x00, 0x00, 0x00, 0x15, 0x07, 0x15, 0x08, 0x2c
    .byte 0x05, 0x00, 0x00, 0x00, 0x2c, 0xf3, 0x50, 0x22, 0x02, 0x15, 0x39, 0x2c, 0x05, 0x00, 0x00, 0x00
    .byte 0x15, 0x42, 0x18, 0x70, 0x32, 0x00, 0x00, 0x00, 0x00, 0x00, 0x14, 0x64, 0x4f, 0x22, 0x02, 0x01
    .byte 0x4b, 0x4f, 0x22, 0x02, 0x20, 0x00, 0x00, 0x2c, 0xff, 0xff, 0xff, 0xff, 0x2c, 0xff, 0xff, 0xff
    .byte 0xff, 0x15, 0xdd, 0x18, 0x70, 0x14, 0xef, 0x4f, 0x22, 0x02, 0x2c, 0x01, 0x00, 0x00, 0x00, 0x2c
    .byte 0xff, 0xff, 0xff, 0xff, 0x2c, 0xff, 0xff, 0xff, 0xff, 0x15, 0xdd, 0x18, 0x70, 0x32, 0x00, 0x5d
    .byte 0x02, 0x00, 0x00, 0x14, 0xef, 0x4f, 0x22, 0x02, 0x2c, 0x03, 0x00, 0x00, 0x00, 0x2c, 0xff, 0xff
    .byte 0xff, 0xff, 0x2c, 0xff, 0xff, 0xff, 0xff, 0x15, 0xdd, 0x18, 0x70, 0x35, 0x00, 0x02, 0x00, 0x00
    .byte 0x00, 0x14, 0xef, 0x4f, 0x22, 0x02, 0x03, 0x00, 0x01, 0x00, 0x00, 0x00, 0x27, 0x00, 0x7d, 0x2c
    .byte 0xa2, 0x02, 0x00, 0x00, 0x15, 0x37, 0x18, 0x70, 0x32, 0x00, 0x01, 0x00, 0x00, 0x00, 0x14, 0xe1
    .byte 0x4f, 0x22, 0x02, 0x03, 0x00, 0x10, 0x00, 0x00, 0x00, 0x27, 0x00, 0x01, 0x25, 0xea, 0x4f, 0x22
    .byte 0x02, 0x03, 0x00, 0x08, 0x00, 0x00, 0x00, 0x27, 0x00, 0x01, 0x25, 0xf8, 0x4f, 0x22, 0x02, 0x03
    .byte 0x00, 0x08, 0x00, 0x00, 0x00, 0x27, 0x00, 0x01, 0x2a, 0x00, 0x01, 0x27, 0x00, 0x7f, 0x2c, 0x20
    .byte 0x00, 0x00, 0x00, 0x2c, 0x18, 0x00, 0x00, 0x00, 0x20, 0x00, 0x00, 0x2c, 0x7f, 0x00, 0x00, 0x00
    .byte 0x2c, 0x7f, 0x00, 0x00, 0x00, 0x2c, 0x01, 0x00, 0x00, 0x00, 0x15, 0x62, 0x2c, 0x96, 0x00, 0x00
    .byte 0x00, 0x15, 0x07, 0x15, 0x08, 0x2c, 0x05, 0x00, 0x00, 0x00, 0x2c, 0x39, 0x2e, 0x22, 0x02, 0x15
    .byte 0x39, 0x2c, 0x05, 0x00, 0x00, 0x00, 0x15, 0x42, 0x18, 0x70, 0x32, 0x00, 0x00, 0x00, 0x00, 0x00
    .byte 0x14, 0x4a, 0x50, 0x22, 0x02, 0x01, 0x31, 0x50, 0x22, 0x02, 0x2c, 0x05, 0x00, 0x00, 0x00, 0x2c
    .byte 0xa7, 0x30, 0x22, 0x02, 0x15, 0x39, 0x2c, 0x0a, 0x00, 0x00, 0x00, 0x15, 0x07, 0x15, 0x08, 0x2c
    .byte 0x02, 0x00, 0x00, 0x00, 0x2c, 0x3c, 0x00, 0x00, 0x00, 0x20, 0x00, 0x00, 0x20, 0x00, 0x00, 0x20
    .byte 0x00, 0x00, 0x15, 0x4f, 0x18, 0x70, 0x17, 0x00, 0x15, 0x07, 0x15, 0x08, 0x2c, 0x03, 0x00, 0x00
    .byte 0x00, 0x20, 0x00, 0x00, 0x20, 0x00, 0x00, 0x20, 0x00, 0x00, 0x20, 0x00, 0x00, 0x15, 0x4f, 0x2c
    .byte 0x0a, 0x00, 0x00, 0x00, 0x15, 0x07, 0x15, 0x08, 0x2c, 0x01, 0x00, 0x00, 0x00, 0x2c, 0x2b, 0x61
    .byte 0x22, 0x02, 0x15, 0x39, 0x2c, 0x01, 0x00, 0x00, 0x00, 0x15, 0x42, 0x18, 0x70, 0x32, 0x00, 0x00
    .byte 0x00, 0x00, 0x00, 0x14, 0xbd, 0x50, 0x22, 0x02, 0x01, 0xa4, 0x50, 0x22, 0x02, 0x01, 0x0a, 0x21
    .byte 0x22, 0x02, 0x00, 0x2c, 0x0c, 0x00, 0x00, 0x00, 0x15, 0x45, 0x15, 0x8b, 0x18, 0x70, 0x32, 0x00
    .byte 0x00, 0x00, 0x00, 0x00, 0x13, 0xde, 0x50, 0x22, 0x02, 0x01, 0xca, 0x50, 0x22, 0x02, 0x2c, 0xbb
    .byte 0x04, 0x00, 0x00, 0x2c, 0x01, 0x00, 0x00, 0x00, 0x20, 0x00, 0x00, 0x20, 0x00, 0x00, 0x15, 0x59
    .byte 0x15, 0x5a, 0x00, 0x2c, 0x01, 0x00, 0x00, 0x00, 0x15, 0x45, 0x15, 0x8b, 0x18, 0x70, 0x32, 0x00
    .byte 0x00, 0x00, 0x00, 0x00, 0x13, 0x0e, 0x51, 0x22, 0x02, 0x01, 0xfa, 0x50, 0x22, 0x02, 0x2c, 0xa2
    .byte 0x04, 0x00, 0x00, 0x2c, 0x01, 0x00, 0x00, 0x00, 0x20, 0x00, 0x00, 0x20, 0x00, 0x00, 0x15, 0x59
    .byte 0x15, 0x5a, 0x20, 0x00, 0x00, 0x15, 0x05, 0x2c, 0x01, 0x00, 0x00, 0x00, 0x15, 0x06, 0x00, 0x2c
    .byte 0x0a, 0x00, 0x00, 0x00, 0x15, 0x07, 0x15, 0x08, 0x2c, 0x03, 0x00, 0x00, 0x00, 0x2c, 0x01, 0x00
    .byte 0x00, 0x00, 0x20, 0x00, 0x00, 0x20, 0x00, 0x00, 0x20, 0x00, 0x00, 0x15, 0x4f, 0x2c, 0x01, 0x00
    .byte 0x00, 0x00, 0x2c, 0x19, 0x00, 0x00, 0x00, 0x2c, 0x07, 0x00, 0x00, 0x00, 0x15, 0x47, 0x18, 0x70
    .byte 0x17, 0x00, 0x2c, 0x19, 0x00, 0x00, 0x00, 0x2c, 0x08, 0x00, 0x00, 0x00, 0x15, 0x47, 0x18, 0x70
    .byte 0x24, 0x00, 0x10, 0x00, 0x00, 0x00, 0x17, 0x00, 0x2c, 0x3c, 0x00, 0x00, 0x00, 0x20, 0x00, 0x00
    .byte 0x15, 0x4f, 0x18, 0x70, 0x17, 0x00, 0x15, 0x07, 0x15, 0x08, 0x2c, 0x0a, 0x00, 0x00, 0x00, 0x15
    .byte 0x07, 0x15, 0x08, 0x2c, 0x05, 0x00, 0x00, 0x00, 0x2c, 0x23, 0x2c, 0x22, 0x02, 0x15, 0x39, 0x2c
    .byte 0x05, 0x00, 0x00, 0x00, 0x15, 0x42, 0x18, 0x70, 0x32, 0x00, 0x00, 0x00, 0x00, 0x00, 0x14, 0xb8
    .byte 0x51, 0x22, 0x02, 0x01, 0x9f, 0x51, 0x22, 0x02, 0x2c, 0x01, 0x00, 0x00, 0x00, 0x2c, 0x62, 0x4b
    .byte 0x22, 0x02, 0x15, 0x39, 0x2c, 0x01, 0x00, 0x00, 0x00, 0x15, 0x42, 0x18, 0x70, 0x32, 0x00, 0x00
    .byte 0x00, 0x00, 0x00, 0x14, 0xdd, 0x51, 0x22, 0x02, 0x01, 0xc4, 0x51, 0x22, 0x02, 0x2c, 0x0a, 0x00
    .byte 0x00, 0x00, 0x15, 0x07, 0x15, 0x08, 0x20, 0x00, 0x00, 0x2c, 0x37, 0x4b, 0x22, 0x02, 0x15, 0x39
    .byte 0x20, 0x00, 0x00, 0x15, 0x42, 0x18, 0x70, 0x32, 0x00, 0x00, 0x00, 0x00, 0x00, 0x14, 0x07, 0x52
    .byte 0x22, 0x02, 0x01, 0xf0, 0x51, 0x22, 0x02, 0x2c, 0x0f, 0x00, 0x00, 0x00, 0x15, 0x07, 0x15, 0x08
    .byte 0x2c, 0x05, 0x00, 0x00, 0x00, 0x2c, 0xaa, 0x55, 0x22, 0x02, 0x15, 0x39, 0x2c, 0x05, 0x00, 0x00
    .byte 0x00, 0x15, 0x42, 0x18, 0x70, 0x32, 0x00, 0x00, 0x00, 0x00, 0x00, 0x14, 0x35, 0x52, 0x22, 0x02
    .byte 0x01, 0x1c, 0x52, 0x22, 0x02, 0x2c, 0x3c, 0x00, 0x00, 0x00, 0x15, 0x07, 0x15, 0x08, 0x20, 0x00
    .byte 0x00, 0x2c, 0x37, 0x2a, 0x22, 0x02, 0x15, 0x39, 0x2c, 0x01, 0x00, 0x00, 0x00, 0x2c, 0x4c, 0x29
    .byte 0x22, 0x02, 0x15, 0x39, 0x2c, 0x01, 0x00, 0x00, 0x00, 0x15, 0x42, 0x18, 0x70, 0x32, 0x00, 0x00
    .byte 0x00, 0x00, 0x00, 0x14, 0x6d, 0x52, 0x22, 0x02, 0x01, 0x54, 0x52, 0x22, 0x02, 0x2c, 0x01, 0x00
    .byte 0x00, 0x00, 0x2c, 0x90, 0x55, 0x22, 0x02, 0x15, 0x39, 0x2c, 0x01, 0x00, 0x00, 0x00, 0x15, 0x42
    .byte 0x18, 0x70, 0x32, 0x00, 0x00, 0x00, 0x00, 0x00, 0x14, 0x92, 0x52, 0x22, 0x02, 0x01, 0x79, 0x52
    .byte 0x22, 0x02, 0x2c, 0x1e, 0x00, 0x00, 0x00, 0x15, 0x07, 0x15, 0x08, 0x2c, 0x01, 0x00, 0x00, 0x00
    .byte 0x2c, 0xed, 0x55, 0x22, 0x02, 0x15, 0x39, 0x2c, 0x01, 0x00, 0x00, 0x00, 0x15, 0x42, 0x18, 0x70
    .byte 0x32, 0x00, 0x00, 0x00, 0x00, 0x00, 0x14, 0xc0, 0x52, 0x22, 0x02, 0x01, 0xa7, 0x52, 0x22, 0x02
    .byte 0x2c, 0x1e, 0x00, 0x00, 0x00, 0x15, 0x07, 0x15, 0x08, 0x2c, 0x08, 0x00, 0x00, 0x00, 0x2c, 0x75
    .byte 0x00, 0x00, 0x00, 0x15, 0xe0, 0x2c, 0x01, 0x00, 0x00, 0x00, 0x2c, 0x19, 0x00, 0x00, 0x00, 0x2c
    .byte 0x07, 0x00, 0x00, 0x00, 0x15, 0x47, 0x18, 0x70, 0x17, 0x00, 0x2c, 0x19, 0x00, 0x00, 0x00, 0x2c
    .byte 0x08, 0x00, 0x00, 0x00, 0x15, 0x47, 0x18, 0x70, 0x24, 0x00, 0x10, 0x00, 0x00, 0x00, 0x17, 0x00
    .byte 0x2c, 0x3c, 0x00, 0x00, 0x00, 0x20, 0x00, 0x00, 0x15, 0x4f, 0x2c, 0x05, 0x00, 0x00, 0x00, 0x2c
    .byte 0x1d, 0x56, 0x22, 0x02, 0x15, 0x39, 0x2c, 0x05, 0x00, 0x00, 0x00, 0x15, 0x42, 0x18, 0x70, 0x32
    .byte 0x00, 0x00, 0x00, 0x00, 0x00, 0x14, 0x2f, 0x53, 0x22, 0x02, 0x01, 0x16, 0x53, 0x22, 0x02, 0x2c
    .byte 0x1e, 0x00, 0x00, 0x00, 0x15, 0x07, 0x15, 0x08, 0x2c, 0x1e, 0x00, 0x00, 0x00, 0x15, 0x07, 0x15
    .byte 0x08, 0x2c, 0x09, 0x00, 0x00, 0x00, 0x2c, 0x75, 0x00, 0x00, 0x00, 0x15, 0xe0, 0x2c, 0x1e, 0x00
    .byte 0x00, 0x00, 0x15, 0x07, 0x15, 0x08, 0x2c, 0x21, 0x00, 0x00, 0x00, 0x2c, 0x67, 0x63, 0x22, 0x02
    .byte 0x15, 0x39, 0x2c, 0x22, 0x00, 0x00, 0x00, 0x2c, 0x67, 0x63, 0x22, 0x02, 0x15, 0x39, 0x2c, 0x23
    .byte 0x00, 0x00, 0x00, 0x2c, 0x67, 0x63, 0x22, 0x02, 0x15, 0x39, 0x2c, 0x24, 0x00, 0x00, 0x00, 0x2c
    .byte 0x67, 0x63, 0x22, 0x02, 0x15, 0x39, 0x2c, 0x25, 0x00, 0x00, 0x00, 0x2c, 0x67, 0x63, 0x22, 0x02
    .byte 0x15, 0x39, 0x2c, 0x26, 0x00, 0x00, 0x00, 0x2c, 0x67, 0x63, 0x22, 0x02, 0x15, 0x39, 0x2c, 0x3c
    .byte 0x00, 0x00, 0x00, 0x15, 0x07, 0x15, 0x08, 0x2c, 0x15, 0x00, 0x00, 0x00, 0x2c, 0x6e, 0x00, 0x00
    .byte 0x00, 0x2c, 0x7f, 0x00, 0x00, 0x00, 0x15, 0x0a, 0x2c, 0x5a, 0x00, 0x00, 0x00, 0x15, 0x07, 0x15
    .byte 0x08, 0x2c, 0x05, 0x00, 0x00, 0x00, 0x2c, 0x94, 0x5c, 0x22, 0x02, 0x15, 0x39, 0x2c, 0x05, 0x00
    .byte 0x00, 0x00, 0x15, 0x42, 0x18, 0x70, 0x32, 0x00, 0x00, 0x00, 0x00, 0x00, 0x14, 0xe6, 0x53, 0x22
    .byte 0x02, 0x01, 0xcd, 0x53, 0x22, 0x02, 0x2c, 0x1e, 0x00, 0x00, 0x00, 0x15, 0x07, 0x15, 0x08, 0x2c
    .byte 0x05, 0x00, 0x00, 0x00, 0x2c, 0x70, 0x61, 0x22, 0x02, 0x15, 0x39, 0x2c, 0x05, 0x00, 0x00, 0x00
    .byte 0x15, 0x42, 0x18, 0x70, 0x32, 0x00, 0x00, 0x00, 0x00, 0x00, 0x14, 0x14, 0x54, 0x22, 0x02, 0x01
    .byte 0xfb, 0x53, 0x22, 0x02, 0x2c, 0x1e, 0x00, 0x00, 0x00, 0x15, 0x07, 0x15, 0x08, 0x2c, 0x19, 0x00
    .byte 0x00, 0x00, 0x2c, 0xed, 0x61, 0x22, 0x02, 0x15, 0x39, 0x2c, 0x19, 0x00, 0x00, 0x00, 0x15, 0x42
    .byte 0x18, 0x70, 0x32, 0x00, 0x00, 0x00, 0x00, 0x00, 0x14, 0x42, 0x54, 0x22, 0x02, 0x01, 0x29, 0x54
    .byte 0x22, 0x02, 0x2c, 0x78, 0x00, 0x00, 0x00, 0x15, 0x07, 0x15, 0x08, 0x2c, 0x16, 0x00, 0x00, 0x00
    .byte 0x2c, 0x6e, 0x00, 0x00, 0x00, 0x2c, 0x1e, 0x00, 0x00, 0x00, 0x15, 0x0a, 0x2c, 0x01, 0x00, 0x00
    .byte 0x00, 0x2c, 0x05, 0x5d, 0x22, 0x02, 0x15, 0x39, 0x2c, 0x01, 0x00, 0x00, 0x00, 0x15, 0x42, 0x18
    .byte 0x70, 0x32, 0x00, 0x00, 0x00, 0x00, 0x00, 0x14, 0x81, 0x54, 0x22, 0x02, 0x01, 0x68, 0x54, 0x22
    .byte 0x02, 0x2c, 0x1e, 0x00, 0x00, 0x00, 0x15, 0x07, 0x15, 0x08, 0x2c, 0x0c, 0x00, 0x00, 0x00, 0x2c
    .byte 0x91, 0x5d, 0x22, 0x02, 0x15, 0x39, 0x2c, 0x0c, 0x00, 0x00, 0x00, 0x15, 0x42, 0x18, 0x70, 0x32
    .byte 0x00, 0x00, 0x00, 0x00, 0x00, 0x14, 0xaf, 0x54, 0x22, 0x02, 0x01, 0x96, 0x54, 0x22, 0x02, 0x2c
    .byte 0x01, 0x00, 0x00, 0x00, 0x2c, 0x4d, 0x5d, 0x22, 0x02, 0x15, 0x39, 0x2c, 0x01, 0x00, 0x00, 0x00
    .byte 0x15, 0x42, 0x18, 0x70, 0x32, 0x00, 0x00, 0x00, 0x00, 0x00, 0x14, 0xd4, 0x54, 0x22, 0x02, 0x01
    .byte 0xbb, 0x54, 0x22, 0x02, 0x2c, 0x01, 0x00, 0x00, 0x00, 0x15, 0x1f, 0x18, 0x70, 0x05, 0x00, 0x10
    .byte 0x00, 0x00, 0x00, 0x17, 0x00, 0x15, 0x20, 0x18, 0x70, 0x17, 0x00, 0x2c, 0x3c, 0x00, 0x00, 0x00
    .byte 0x20, 0x00, 0x00, 0x15, 0x4f, 0x18, 0x70, 0x17, 0x00, 0x15, 0x07, 0x15, 0x08, 0x2c, 0x0c, 0x00
    .byte 0x00, 0x00, 0x2c, 0x0a, 0x62, 0x22, 0x02, 0x15, 0x39, 0x2c, 0x0c, 0x00, 0x00, 0x00, 0x15, 0x42
    .byte 0x18, 0x70, 0x32, 0x00, 0x00, 0x00, 0x00, 0x00, 0x14, 0x22, 0x55, 0x22, 0x02, 0x01, 0x09, 0x55
    .byte 0x22, 0x02, 0x2c, 0x0a, 0x00, 0x00, 0x00, 0x15, 0x07, 0x15, 0x08, 0x2c, 0x02, 0x00, 0x00, 0x00
    .byte 0x2c, 0x1e, 0x00, 0x00, 0x00, 0x20, 0x00, 0x00, 0x20, 0x00, 0x00, 0x20, 0x00, 0x00, 0x15, 0x4f
    .byte 0x18, 0x70, 0x17, 0x00, 0x15, 0x07, 0x15, 0x08, 0x2c, 0x03, 0x00, 0x00, 0x00, 0x20, 0x00, 0x00
    .byte 0x20, 0x00, 0x00, 0x20, 0x00, 0x00, 0x20, 0x00, 0x00, 0x15, 0x4f, 0x2c, 0x0a, 0x00, 0x00, 0x00
    .byte 0x15, 0x07, 0x15, 0x08, 0x2c, 0x93, 0x02, 0x00, 0x00, 0x15, 0x36, 0x2c, 0xc8, 0x00, 0x00, 0x00
    .byte 0x15, 0x35, 0x2c, 0x03, 0x00, 0x00, 0x00, 0x2c, 0x6b, 0x00, 0x00, 0x00, 0x15, 0xef, 0x20, 0x00
    .byte 0x00, 0x15, 0xd7, 0x2c, 0x01, 0x00, 0x00, 0x00, 0x2c, 0x58, 0x22, 0x22, 0x02, 0x15, 0x29, 0x00
    .byte 0x2c, 0x04, 0x00, 0x00, 0x00, 0x15, 0x75, 0x2c, 0x0c, 0x00, 0x00, 0x00, 0x15, 0x05, 0x20, 0x00
    .byte 0x00, 0x15, 0x55, 0x00, 0x20, 0x00, 0x00, 0x15, 0x09, 0x00, 0x2c, 0x01, 0x00, 0x00, 0x00, 0x15
    .byte 0x05, 0x2c, 0x01, 0x00, 0x00, 0x00, 0x15, 0x45, 0x15, 0x8b, 0x18, 0x70, 0x32, 0x00, 0x00, 0x00
    .byte 0x00, 0x00, 0x13, 0xcc, 0x55, 0x22, 0x02, 0x01, 0xb8, 0x55, 0x22, 0x02, 0x2c, 0xa6, 0x04, 0x00
    .byte 0x00, 0x2c, 0x01, 0x00, 0x00, 0x00, 0x20, 0x00, 0x00, 0x20, 0x00, 0x00, 0x15, 0x59, 0x15, 0x5a
    .byte 0x20, 0x00, 0x00, 0x15, 0x05, 0x2c, 0x01, 0x00, 0x00, 0x00, 0x15, 0x06, 0x00, 0x2c, 0x0c, 0x00
    .byte 0x00, 0x00, 0x15, 0x45, 0x15, 0x8b, 0x18, 0x70, 0x32, 0x00, 0x00, 0x00, 0x00, 0x00, 0x13, 0x08
    .byte 0x56, 0x22, 0x02, 0x01, 0xf4, 0x55, 0x22, 0x02, 0x2c, 0xbc, 0x04, 0x00, 0x00, 0x2c, 0x01, 0x00
    .byte 0x00, 0x00, 0x20, 0x00, 0x00, 0x20, 0x00, 0x00, 0x15, 0x59, 0x15, 0x5a, 0x00, 0x2c, 0xc1, 0xff
    .byte 0xff, 0xff, 0x15, 0x1b, 0x2c, 0x04, 0x00, 0x00, 0x00, 0x15, 0x05, 0x2c, 0x1e, 0x00, 0x00, 0x00
    .byte 0x2c, 0x80, 0x3a, 0x00, 0x00, 0x2c, 0x7f, 0x00, 0x00, 0x00, 0x20, 0x00, 0x00, 0x20, 0x00, 0x00
    .byte 0x15, 0x3e, 0x2c, 0x01, 0x00, 0x00, 0x00, 0x15, 0x06, 0x2c, 0x3c, 0x00, 0x00, 0x00, 0x15, 0x07
    .byte 0x15, 0x08, 0x2c, 0x05, 0x00, 0x00, 0x00, 0x15, 0x05, 0x2c, 0x1e, 0x00, 0x00, 0x00, 0x2c, 0x81
    .byte 0x3a, 0x00, 0x00, 0x2c, 0x7f, 0x00, 0x00, 0x00, 0x20, 0x00, 0x00, 0x20, 0x00, 0x00, 0x15, 0x3e
    .byte 0x2c, 0x01, 0x00, 0x00, 0x00, 0x15, 0x06, 0x2c, 0x3c, 0x00, 0x00, 0x00, 0x15, 0x07, 0x15, 0x08
    .byte 0x15, 0x46, 0x15, 0x8b, 0x18, 0x70, 0x32, 0x00, 0x00, 0x00, 0x00, 0x00, 0x13, 0x96, 0x56, 0x22
    .byte 0x02, 0x01, 0x82, 0x56, 0x22, 0x02, 0x2c, 0xa7, 0x04, 0x00, 0x00, 0x2c, 0x01, 0x00, 0x00, 0x00
    .byte 0x20, 0x00, 0x00, 0x20, 0x00, 0x00, 0x15, 0x59, 0x15, 0x5a, 0x2c, 0x01, 0x00, 0x00, 0x00, 0x15
    .byte 0x45, 0x2c, 0x0a, 0x00, 0x00, 0x00, 0x15, 0x07, 0x15, 0x08, 0x2c, 0x06, 0x00, 0x00, 0x00, 0x15
    .byte 0x05, 0x2c, 0x01, 0x00, 0x00, 0x00, 0x15, 0x06, 0x2c, 0x01, 0x00, 0x00, 0x00, 0x2c, 0xd2, 0x2d
    .byte 0x22, 0x02, 0x15, 0x39, 0x2c, 0x1e, 0x00, 0x00, 0x00, 0x2c, 0x82, 0x3a, 0x00, 0x00, 0x2c, 0x7f
    .byte 0x00, 0x00, 0x00, 0x20, 0x00, 0x00, 0x20, 0x00, 0x00, 0x15, 0x3e, 0x2c, 0x01, 0x00, 0x00, 0x00
    .byte 0x2c, 0x19, 0x00, 0x00, 0x00, 0x2c, 0x07, 0x00, 0x00, 0x00, 0x15, 0x47, 0x18, 0x70, 0x17, 0x00
    .byte 0x2c, 0x19, 0x00, 0x00, 0x00, 0x2c, 0x08, 0x00, 0x00, 0x00, 0x15, 0x47, 0x18, 0x70, 0x05, 0x00
    .byte 0x14, 0x00, 0x00, 0x00, 0x17, 0x00, 0x2c, 0x3c, 0x00, 0x00, 0x00, 0x20, 0x00, 0x00, 0x15, 0x4f
    .byte 0x2c, 0xb4, 0x00, 0x00, 0x00, 0x15, 0x07, 0x15, 0x08, 0x2c, 0x07, 0x00, 0x00, 0x00, 0x15, 0x05
    .byte 0x2c, 0x01, 0x00, 0x00, 0x00, 0x15, 0x06, 0x2c, 0x01, 0x00, 0x00, 0x00, 0x2c, 0x82, 0x3a, 0x00
    .byte 0x00, 0x15, 0xe0, 0x2c, 0x16, 0x00, 0x00, 0x00, 0x2c, 0x6d, 0x00, 0x00, 0x00, 0x2c, 0x1e, 0x00
    .byte 0x00, 0x00, 0x15, 0x0a, 0x2c, 0x0f, 0x00, 0x00, 0x00, 0x15, 0x07, 0x15, 0x08, 0x2c, 0x01, 0x00
    .byte 0x00, 0x00, 0x2c, 0x37, 0x58, 0x22, 0x02, 0x15, 0x39, 0x2c, 0x01, 0x00, 0x00, 0x00, 0x15, 0x42
    .byte 0x18, 0x70, 0x32, 0x00, 0x00, 0x00, 0x00, 0x00, 0x14, 0x82, 0x57, 0x22, 0x02, 0x01, 0x69, 0x57
    .byte 0x22, 0x02, 0x2c, 0x1e, 0x00, 0x00, 0x00, 0x15, 0x07, 0x15, 0x08, 0x2c, 0x01, 0x00, 0x00, 0x00
    .byte 0x2c, 0x19, 0x00, 0x00, 0x00, 0x2c, 0x07, 0x00, 0x00, 0x00, 0x15, 0x47, 0x18, 0x70, 0x17, 0x00
    .byte 0x2c, 0x19, 0x00, 0x00, 0x00, 0x2c, 0x08, 0x00, 0x00, 0x00, 0x15, 0x47, 0x18, 0x70, 0x17, 0x00
    .byte 0x2c, 0x1e, 0x00, 0x00, 0x00, 0x20, 0x00, 0x00, 0x15, 0x4f, 0x18, 0x70, 0x17, 0x00, 0x15, 0x07
    .byte 0x15, 0x08, 0x2c, 0x08, 0x00, 0x00, 0x00, 0x15, 0x45, 0x15, 0x8b, 0x18, 0x70, 0x32, 0x00, 0x00
    .byte 0x00, 0x00, 0x00, 0x13, 0xdd, 0x57, 0x22, 0x02, 0x01, 0xc9, 0x57, 0x22, 0x02, 0x2c, 0xa8, 0x04
    .byte 0x00, 0x00, 0x2c, 0x01, 0x00, 0x00, 0x00, 0x20, 0x00, 0x00, 0x20, 0x00, 0x00, 0x15, 0x59, 0x15
    .byte 0x5a, 0x2c, 0x1e, 0x00, 0x00, 0x00, 0x15, 0x07, 0x15, 0x08, 0x2c, 0x01, 0x00, 0x00, 0x00, 0x2c
    .byte 0xfa, 0x5b, 0x22, 0x02, 0x15, 0x39, 0x2c, 0x01, 0x00, 0x00, 0x00, 0x15, 0x42, 0x18, 0x70, 0x32
    .byte 0x00, 0x00, 0x00, 0x00, 0x00, 0x14, 0x1f, 0x58, 0x22, 0x02, 0x01, 0x06, 0x58, 0x22, 0x02, 0x2c
    .byte 0x2d, 0x00, 0x00, 0x00, 0x15, 0x07, 0x15, 0x08, 0x2c, 0x07, 0x00, 0x00, 0x00, 0x15, 0x05, 0x2c
    .byte 0x01, 0x00, 0x00, 0x00, 0x15, 0x06, 0x00, 0x03, 0x00, 0x07, 0x00, 0x00, 0x00, 0x27, 0x00, 0x02
    .byte 0x2c, 0x05, 0x00, 0x00, 0x00, 0x15, 0x07, 0x15, 0x08, 0x03, 0x00, 0x06, 0x00, 0x00, 0x00, 0x27
    .byte 0x00, 0x02, 0x2c, 0x05, 0x00, 0x00, 0x00, 0x15, 0x07, 0x15, 0x08, 0x03, 0x00, 0x05, 0x00, 0x00
    .byte 0x00, 0x27, 0x00, 0x02, 0x2c, 0x05, 0x00, 0x00, 0x00, 0x15, 0x07, 0x15, 0x08, 0x03, 0x00, 0x04
    .byte 0x00, 0x00, 0x00, 0x27, 0x00, 0x02, 0x2c, 0x05, 0x00, 0x00, 0x00, 0x15, 0x07, 0x15, 0x08, 0x03
    .byte 0x00, 0x03, 0x00, 0x00, 0x00, 0x27, 0x00, 0x02, 0x2c, 0x05, 0x00, 0x00, 0x00, 0x15, 0x07, 0x15
    .byte 0x08, 0x03, 0x00, 0x02, 0x00, 0x00, 0x00, 0x27, 0x00, 0x02, 0x2c, 0x05, 0x00, 0x00, 0x00, 0x15
    .byte 0x07, 0x15, 0x08, 0x03, 0x00, 0x01, 0x00, 0x00, 0x00, 0x27, 0x00, 0x02, 0x2c, 0x05, 0x00, 0x00
    .byte 0x00, 0x15, 0x07, 0x15, 0x08, 0x03, 0x00, 0x00, 0x00, 0x00, 0x00, 0x27, 0x00, 0x02, 0x2c, 0x05
    .byte 0x00, 0x00, 0x00, 0x15, 0x07, 0x15, 0x08, 0x2c, 0x1a, 0x00, 0x00, 0x00, 0x15, 0x05, 0x2c, 0x0f
    .byte 0x00, 0x00, 0x00, 0x2c, 0x76, 0x59, 0x22, 0x02, 0x15, 0x39, 0x2c, 0x10, 0x00, 0x00, 0x00, 0x2c
    .byte 0xdd, 0x59, 0x22, 0x02, 0x15, 0x39, 0x2c, 0x11, 0x00, 0x00, 0x00, 0x2c, 0x44, 0x5a, 0x22, 0x02
    .byte 0x15, 0x39, 0x2c, 0x12, 0x00, 0x00, 0x00, 0x2c, 0xab, 0x5a, 0x22, 0x02, 0x15, 0x39, 0x2c, 0x13
    .byte 0x00, 0x00, 0x00, 0x2c, 0x12, 0x5b, 0x22, 0x02, 0x15, 0x39, 0x2c, 0x14, 0x00, 0x00, 0x00, 0x2c
    .byte 0x79, 0x5b, 0x22, 0x02, 0x15, 0x39, 0x20, 0x00, 0x00, 0x2c, 0x0f, 0x00, 0x00, 0x00, 0x15, 0xe0
    .byte 0x15, 0x16, 0x20, 0x00, 0x00, 0x15, 0x06, 0x2c, 0x78, 0x00, 0x00, 0x00, 0x15, 0x07, 0x15, 0x08
    .byte 0x2c, 0x09, 0x00, 0x00, 0x00, 0x15, 0x05, 0x2c, 0x03, 0x00, 0x00, 0x00, 0x15, 0x07, 0x15, 0x08
    .byte 0x2c, 0x0a, 0x00, 0x00, 0x00, 0x15, 0x05, 0x2c, 0x03, 0x00, 0x00, 0x00, 0x15, 0x07, 0x15, 0x08
    .byte 0x2c, 0x0b, 0x00, 0x00, 0x00, 0x15, 0x05, 0x2c, 0x03, 0x00, 0x00, 0x00, 0x15, 0x07, 0x15, 0x08
    .byte 0x2c, 0x0c, 0x00, 0x00, 0x00, 0x15, 0x05, 0x2c, 0x03, 0x00, 0x00, 0x00, 0x15, 0x07, 0x15, 0x08
    .byte 0x20, 0x00, 0x00, 0x15, 0x06, 0x00, 0x2c, 0xc0, 0xff, 0xff, 0xff, 0x15, 0x1b, 0x2c, 0x01, 0x00
    .byte 0x00, 0x00, 0x2c, 0x07, 0x00, 0x00, 0x00, 0x15, 0x47, 0x18, 0x70, 0x17, 0x00, 0x2c, 0x01, 0x00
    .byte 0x00, 0x00, 0x2c, 0x08, 0x00, 0x00, 0x00, 0x15, 0x47, 0x18, 0x70, 0x24, 0x00, 0x10, 0x00, 0x00
    .byte 0x00, 0x17, 0x00, 0x2c, 0x01, 0x00, 0x00, 0x00, 0x2c, 0x09, 0x00, 0x00, 0x00, 0x15, 0x47, 0x18
    .byte 0x70, 0x17, 0x00, 0x15, 0x02, 0x2c, 0x01, 0x00, 0x00, 0x00, 0x15, 0x09, 0x2c, 0x40, 0xff, 0xff
    .byte 0xff, 0x2c, 0xf4, 0xff, 0xff, 0xff, 0x20, 0x00, 0x00, 0x2c, 0x80, 0x25, 0x00, 0x00, 0x2c, 0x04
    .byte 0x00, 0x00, 0x00, 0x20, 0x00, 0x00, 0x15, 0x1a, 0x15, 0x21, 0x15, 0x0d, 0x00, 0x2c, 0xc0, 0xff
    .byte 0xff, 0xff, 0x15, 0x1b, 0x2c, 0x01, 0x00, 0x00, 0x00, 0x2c, 0x07, 0x00, 0x00, 0x00, 0x15, 0x47
    .byte 0x18, 0x70, 0x17, 0x00, 0x2c, 0x01, 0x00, 0x00, 0x00, 0x2c, 0x08, 0x00, 0x00, 0x00, 0x15, 0x47
    .byte 0x18, 0x70, 0x24, 0x00, 0x10, 0x00, 0x00, 0x00, 0x17, 0x00, 0x2c, 0x01, 0x00, 0x00, 0x00, 0x2c
    .byte 0x09, 0x00, 0x00, 0x00, 0x15, 0x47, 0x18, 0x70, 0x17, 0x00, 0x15, 0x02, 0x2c, 0x01, 0x00, 0x00
    .byte 0x00, 0x15, 0x09, 0x2c, 0x40, 0xff, 0xff, 0xff, 0x2c, 0xa0, 0xff, 0xff, 0xff, 0x20, 0x00, 0x00
    .byte 0x2c, 0x80, 0x25, 0x00, 0x00, 0x2c, 0x04, 0x00, 0x00, 0x00, 0x20, 0x00, 0x00, 0x15, 0x1a, 0x15
    .byte 0x21, 0x15, 0x0d, 0x00, 0x2c, 0xc0, 0xff, 0xff, 0xff, 0x15, 0x1b, 0x2c, 0x01, 0x00, 0x00, 0x00
    .byte 0x2c, 0x07, 0x00, 0x00, 0x00, 0x15, 0x47, 0x18, 0x70, 0x17, 0x00, 0x2c, 0x01, 0x00, 0x00, 0x00
    .byte 0x2c, 0x08, 0x00, 0x00, 0x00, 0x15, 0x47, 0x18, 0x70, 0x24, 0x00, 0x10, 0x00, 0x00, 0x00, 0x17
    .byte 0x00, 0x2c, 0x01, 0x00, 0x00, 0x00, 0x2c, 0x09, 0x00, 0x00, 0x00, 0x15, 0x47, 0x18, 0x70, 0x17
    .byte 0x00, 0x15, 0x02, 0x2c, 0x01, 0x00, 0x00, 0x00, 0x15, 0x09, 0x2c, 0xc0, 0xff, 0xff, 0xff, 0x2c
    .byte 0x40, 0xff, 0xff, 0xff, 0x20, 0x00, 0x00, 0x2c, 0x80, 0x25, 0x00, 0x00, 0x2c, 0x04, 0x00, 0x00
    .byte 0x00, 0x20, 0x00, 0x00, 0x15, 0x1a, 0x15, 0x21, 0x15, 0x0d, 0x00, 0x2c, 0xc0, 0xff, 0xff, 0xff
    .byte 0x15, 0x1b, 0x2c, 0x01, 0x00, 0x00, 0x00, 0x2c, 0x07, 0x00, 0x00, 0x00, 0x15, 0x47, 0x18, 0x70
    .byte 0x17, 0x00, 0x2c, 0x01, 0x00, 0x00, 0x00, 0x2c, 0x08, 0x00, 0x00, 0x00, 0x15, 0x47, 0x18, 0x70
    .byte 0x24, 0x00, 0x10, 0x00, 0x00, 0x00, 0x17, 0x00, 0x2c, 0x01, 0x00, 0x00, 0x00, 0x2c, 0x09, 0x00
    .byte 0x00, 0x00, 0x15, 0x47, 0x18, 0x70, 0x17, 0x00, 0x15, 0x02, 0x2c, 0x01, 0x00, 0x00, 0x00, 0x15
    .byte 0x09, 0x2c, 0x40, 0x00, 0x00, 0x00, 0x2c, 0x40, 0xff, 0xff, 0xff, 0x20, 0x00, 0x00, 0x2c, 0x80
    .byte 0x25, 0x00, 0x00, 0x2c, 0x04, 0x00, 0x00, 0x00, 0x20, 0x00, 0x00, 0x15, 0x1a, 0x15, 0x21, 0x15
    .byte 0x0d, 0x00, 0x2c, 0xc0, 0xff, 0xff, 0xff, 0x15, 0x1b, 0x2c, 0x01, 0x00, 0x00, 0x00, 0x2c, 0x07
    .byte 0x00, 0x00, 0x00, 0x15, 0x47, 0x18, 0x70, 0x17, 0x00, 0x2c, 0x01, 0x00, 0x00, 0x00, 0x2c, 0x08
    .byte 0x00, 0x00, 0x00, 0x15, 0x47, 0x18, 0x70, 0x24, 0x00, 0x10, 0x00, 0x00, 0x00, 0x17, 0x00, 0x2c
    .byte 0x01, 0x00, 0x00, 0x00, 0x2c, 0x09, 0x00, 0x00, 0x00, 0x15, 0x47, 0x18, 0x70, 0x17, 0x00, 0x15
    .byte 0x02, 0x2c, 0x01, 0x00, 0x00, 0x00, 0x15, 0x09, 0x2c, 0xc0, 0x00, 0x00, 0x00, 0x2c, 0xa0, 0xff
    .byte 0xff, 0xff, 0x20, 0x00, 0x00, 0x2c, 0x80, 0x25, 0x00, 0x00, 0x2c, 0x04, 0x00, 0x00, 0x00, 0x20
    .byte 0x00, 0x00, 0x15, 0x1a, 0x15, 0x21, 0x15, 0x0d, 0x00, 0x2c, 0xc0, 0xff, 0xff, 0xff, 0x15, 0x1b
    .byte 0x2c, 0x01, 0x00, 0x00, 0x00, 0x2c, 0x07, 0x00, 0x00, 0x00, 0x15, 0x47, 0x18, 0x70, 0x17, 0x00
    .byte 0x2c, 0x01, 0x00, 0x00, 0x00, 0x2c, 0x08, 0x00, 0x00, 0x00, 0x15, 0x47, 0x18, 0x70, 0x24, 0x00
    .byte 0x10, 0x00, 0x00, 0x00, 0x17, 0x00, 0x2c, 0x01, 0x00, 0x00, 0x00, 0x2c, 0x09, 0x00, 0x00, 0x00
    .byte 0x15, 0x47, 0x18, 0x70, 0x17, 0x00, 0x15, 0x02, 0x2c, 0x01, 0x00, 0x00, 0x00, 0x15, 0x09, 0x2c
    .byte 0xc0, 0x00, 0x00, 0x00, 0x2c, 0xf4, 0xff, 0xff, 0xff, 0x20, 0x00, 0x00, 0x2c, 0x80, 0x25, 0x00
    .byte 0x00, 0x2c, 0x04, 0x00, 0x00, 0x00, 0x20, 0x00, 0x00, 0x15, 0x1a, 0x15, 0x21, 0x15, 0x0d, 0x00
    .byte 0x2c, 0x04, 0x00, 0x00, 0x00, 0x15, 0x05, 0x20, 0x00, 0x00, 0x15, 0x06, 0x00, 0x2c, 0x08, 0x00
    .byte 0x00, 0x00, 0x15, 0x05, 0x20, 0x00, 0x00, 0x15, 0x06, 0x00, 0x2c, 0x01, 0x00, 0x00, 0x00, 0x15
    .byte 0x2b, 0x20, 0x00, 0x00, 0x2c, 0xf0, 0xff, 0xff, 0xff, 0x20, 0x00, 0x00, 0x2c, 0x00, 0x18, 0x00
    .byte 0x00, 0x2c, 0x04, 0x00, 0x00, 0x00, 0x20, 0x00, 0x00, 0x15, 0x1a, 0x15, 0x21, 0x2c, 0x0f, 0x00
    .byte 0x00, 0x00, 0x15, 0x07, 0x15, 0x08, 0x2c, 0x0c, 0x00, 0x00, 0x00, 0x15, 0x45, 0x15, 0x8b, 0x18
    .byte 0x70, 0x32, 0x00, 0x00, 0x00, 0x00, 0x00, 0x13, 0x41, 0x5c, 0x22, 0x02, 0x01, 0x2d, 0x5c, 0x22
    .byte 0x02, 0x2c, 0xbd, 0x04, 0x00, 0x00, 0x2c, 0x01, 0x00, 0x00, 0x00, 0x20, 0x00, 0x00, 0x20, 0x00
    .byte 0x00, 0x15, 0x59, 0x15, 0x5a, 0x00, 0x2c, 0x08, 0x00, 0x00, 0x00, 0x15, 0x45, 0x15, 0x8b, 0x18
    .byte 0x70, 0x32, 0x00, 0x00, 0x00, 0x00, 0x00, 0x13, 0x71, 0x5c, 0x22, 0x02, 0x01, 0x5d, 0x5c, 0x22
    .byte 0x02, 0x2c, 0xa9, 0x04, 0x00, 0x00, 0x2c, 0x01, 0x00, 0x00, 0x00, 0x20, 0x00, 0x00, 0x20, 0x00
    .byte 0x00, 0x15, 0x59, 0x15, 0x5a, 0x2c, 0x07, 0x00, 0x00, 0x00, 0x15, 0x05, 0x2c, 0x01, 0x00, 0x00
    .byte 0x00, 0x15, 0x06, 0x00, 0x2c, 0x08, 0x00, 0x00, 0x00, 0x15, 0x45, 0x15, 0x8b, 0x18, 0x70, 0x32
    .byte 0x00, 0x00, 0x00, 0x00, 0x00, 0x13, 0xaf, 0x5c, 0x22, 0x02, 0x01, 0x9b, 0x5c, 0x22, 0x02, 0x2c
    .byte 0xaa, 0x04, 0x00, 0x00, 0x2c, 0x01, 0x00, 0x00, 0x00, 0x20, 0x00, 0x00, 0x20, 0x00, 0x00, 0x15
    .byte 0x59, 0x15, 0x5a, 0x2c, 0x07, 0x00, 0x00, 0x00, 0x15, 0x05, 0x2c, 0x01, 0x00, 0x00, 0x00, 0x15
    .byte 0x06, 0x00, 0x2c, 0x01, 0x00, 0x00, 0x00, 0x2c, 0x07, 0x00, 0x00, 0x00, 0x15, 0x47, 0x18, 0x70
    .byte 0x17, 0x00, 0x2c, 0x01, 0x00, 0x00, 0x00, 0x2c, 0x08, 0x00, 0x00, 0x00, 0x15, 0x47, 0x18, 0x70
    .byte 0x17, 0x00, 0x2c, 0x01, 0x00, 0x00, 0x00, 0x2c, 0x09, 0x00, 0x00, 0x00, 0x15, 0x47, 0x18, 0x70
    .byte 0x17, 0x00, 0x15, 0x02, 0x00, 0x2c, 0x0c, 0x00, 0x00, 0x00, 0x15, 0x05, 0x2c, 0x03, 0x00, 0x00
    .byte 0x00, 0x15, 0x07, 0x15, 0x08, 0x2c, 0x0b, 0x00, 0x00, 0x00, 0x15, 0x05, 0x2c, 0x03, 0x00, 0x00
    .byte 0x00, 0x15, 0x07, 0x15, 0x08, 0x2c, 0x0a, 0x00, 0x00, 0x00, 0x15, 0x05, 0x2c, 0x03, 0x00, 0x00
    .byte 0x00, 0x15, 0x07, 0x15, 0x08, 0x2c, 0x09, 0x00, 0x00, 0x00, 0x15, 0x05, 0x2c, 0x03, 0x00, 0x00
    .byte 0x00, 0x15, 0x07, 0x15, 0x08, 0x2c, 0x08, 0x00, 0x00, 0x00, 0x15, 0x05, 0x00, 0x2c, 0x06, 0x00
    .byte 0x00, 0x00, 0x20, 0x00, 0x00, 0x2c, 0xff, 0xff, 0xff, 0xff, 0x2c, 0xff, 0xff, 0xff, 0xff, 0x2c
    .byte 0xff, 0xff, 0xff, 0xff, 0x15, 0xdc, 0x2c, 0x0b, 0x00, 0x00, 0x00, 0x2c, 0xff, 0xff, 0xff, 0xff
    .byte 0x2c, 0xff, 0xff, 0xff, 0xff, 0x2c, 0xff, 0xff, 0xff, 0xff, 0x2c, 0xff, 0xff, 0xff, 0xff, 0x15
    .byte 0xdc, 0x20, 0x00, 0x00, 0x15, 0x18, 0x20, 0x00, 0x00, 0x15, 0x19, 0x20, 0x00, 0x00, 0x15, 0x09
    .byte 0x00, 0x2c, 0x01, 0x00, 0x00, 0x00, 0x2c, 0x07, 0x00, 0x00, 0x00, 0x15, 0x47, 0x18, 0x70, 0x17
    .byte 0x00, 0x2c, 0x01, 0x00, 0x00, 0x00, 0x2c, 0x08, 0x00, 0x00, 0x00, 0x15, 0x47, 0x18, 0x70, 0x17
    .byte 0x00, 0x2c, 0x01, 0x00, 0x00, 0x00, 0x2c, 0x09, 0x00, 0x00, 0x00, 0x15, 0x47, 0x18, 0x70, 0x17
    .byte 0x00, 0x15, 0x02, 0x2c, 0x4b, 0x11, 0x00, 0x00, 0x2c, 0x4c, 0x11, 0x00, 0x00, 0x2c, 0x4d, 0x11
    .byte 0x00, 0x00, 0x2c, 0x02, 0x00, 0x00, 0x00, 0x2c, 0x08, 0x00, 0x00, 0x00, 0x15, 0x73, 0x2c, 0x08
    .byte 0x00, 0x00, 0x00, 0x15, 0x05, 0x20, 0x00, 0x00, 0x15, 0x06, 0x2c, 0x01, 0x00, 0x00, 0x00, 0x15
    .byte 0x09, 0x2c, 0xff, 0xff, 0xff, 0xff, 0x15, 0x1b, 0x2c, 0x0f, 0x00, 0x00, 0x00, 0x15, 0x07, 0x15
    .byte 0x08, 0x2c, 0x01, 0x00, 0x00, 0x00, 0x15, 0x09, 0x2c, 0x02, 0x00, 0x00, 0x00, 0x15, 0x07, 0x15
    .byte 0x08, 0x20, 0x00, 0x00, 0x15, 0x09, 0x2c, 0x0f, 0x00, 0x00, 0x00, 0x15, 0x07, 0x15, 0x08, 0x2c
    .byte 0x01, 0x00, 0x00, 0x00, 0x15, 0x09, 0x2c, 0x02, 0x00, 0x00, 0x00, 0x15, 0x07, 0x15, 0x08, 0x20
    .byte 0x00, 0x00, 0x15, 0x09, 0x2c, 0x0e, 0x00, 0x00, 0x00, 0x15, 0x07, 0x15, 0x08, 0x2c, 0x01, 0x00
    .byte 0x00, 0x00, 0x15, 0x09, 0x2c, 0x02, 0x00, 0x00, 0x00, 0x15, 0x07, 0x15, 0x08, 0x20, 0x00, 0x00
    .byte 0x15, 0x09, 0x2c, 0x0d, 0x00, 0x00, 0x00, 0x15, 0x07, 0x15, 0x08, 0x2c, 0x01, 0x00, 0x00, 0x00
    .byte 0x15, 0x09, 0x2c, 0x02, 0x00, 0x00, 0x00, 0x15, 0x07, 0x15, 0x08, 0x20, 0x00, 0x00, 0x15, 0x09
    .byte 0x2c, 0x0c, 0x00, 0x00, 0x00, 0x15, 0x07, 0x15, 0x08, 0x2c, 0x01, 0x00, 0x00, 0x00, 0x15, 0x09
    .byte 0x2c, 0x02, 0x00, 0x00, 0x00, 0x15, 0x07, 0x15, 0x08, 0x20, 0x00, 0x00, 0x15, 0x09, 0x2c, 0x0b
    .byte 0x00, 0x00, 0x00, 0x15, 0x07, 0x15, 0x08, 0x2c, 0x01, 0x00, 0x00, 0x00, 0x15, 0x09, 0x2c, 0x02
    .byte 0x00, 0x00, 0x00, 0x15, 0x07, 0x15, 0x08, 0x20, 0x00, 0x00, 0x15, 0x09, 0x2c, 0x0a, 0x00, 0x00
    .byte 0x00, 0x15, 0x07, 0x15, 0x08, 0x2c, 0x01, 0x00, 0x00, 0x00, 0x15, 0x09, 0x2c, 0x02, 0x00, 0x00
    .byte 0x00, 0x15, 0x07, 0x15, 0x08, 0x20, 0x00, 0x00, 0x15, 0x09, 0x2c, 0x09, 0x00, 0x00, 0x00, 0x15
    .byte 0x07, 0x15, 0x08, 0x2c, 0x01, 0x00, 0x00, 0x00, 0x15, 0x09, 0x2c, 0x02, 0x00, 0x00, 0x00, 0x15
    .byte 0x07, 0x15, 0x08, 0x20, 0x00, 0x00, 0x15, 0x09, 0x2c, 0x08, 0x00, 0x00, 0x00, 0x15, 0x07, 0x15
    .byte 0x08, 0x2c, 0x01, 0x00, 0x00, 0x00, 0x15, 0x09, 0x2c, 0x02, 0x00, 0x00, 0x00, 0x15, 0x07, 0x15
    .byte 0x08, 0x20, 0x00, 0x00, 0x15, 0x09, 0x2c, 0x07, 0x00, 0x00, 0x00, 0x15, 0x07, 0x15, 0x08, 0x2c
    .byte 0x01, 0x00, 0x00, 0x00, 0x15, 0x09, 0x2c, 0x02, 0x00, 0x00, 0x00, 0x15, 0x07, 0x15, 0x08, 0x20
    .byte 0x00, 0x00, 0x15, 0x09, 0x2c, 0x06, 0x00, 0x00, 0x00, 0x15, 0x07, 0x15, 0x08, 0x2c, 0x01, 0x00
    .byte 0x00, 0x00, 0x15, 0x09, 0x2c, 0x02, 0x00, 0x00, 0x00, 0x15, 0x07, 0x15, 0x08, 0x20, 0x00, 0x00
    .byte 0x15, 0x09, 0x2c, 0x05, 0x00, 0x00, 0x00, 0x15, 0x07, 0x15, 0x08, 0x2c, 0x01, 0x00, 0x00, 0x00
    .byte 0x15, 0x09, 0x2c, 0x02, 0x00, 0x00, 0x00, 0x15, 0x07, 0x15, 0x08, 0x20, 0x00, 0x00, 0x15, 0x09
    .byte 0x2c, 0x05, 0x00, 0x00, 0x00, 0x15, 0x07, 0x15, 0x08, 0x2c, 0x01, 0x00, 0x00, 0x00, 0x15, 0x09
    .byte 0x2c, 0x02, 0x00, 0x00, 0x00, 0x15, 0x07, 0x15, 0x08, 0x20, 0x00, 0x00, 0x15, 0x09, 0x2c, 0x05
    .byte 0x00, 0x00, 0x00, 0x15, 0x07, 0x15, 0x08, 0x2c, 0x01, 0x00, 0x00, 0x00, 0x15, 0x09, 0x2c, 0x02
    .byte 0x00, 0x00, 0x00, 0x15, 0x07, 0x15, 0x08, 0x20, 0x00, 0x00, 0x15, 0x09, 0x2c, 0x04, 0x00, 0x00
    .byte 0x00, 0x15, 0x07, 0x15, 0x08, 0x2c, 0x01, 0x00, 0x00, 0x00, 0x15, 0x09, 0x2c, 0x02, 0x00, 0x00
    .byte 0x00, 0x15, 0x07, 0x15, 0x08, 0x20, 0x00, 0x00, 0x15, 0x09, 0x2c, 0x03, 0x00, 0x00, 0x00, 0x15
    .byte 0x07, 0x15, 0x08, 0x2c, 0x01, 0x00, 0x00, 0x00, 0x15, 0x09, 0x2c, 0x02, 0x00, 0x00, 0x00, 0x15
    .byte 0x07, 0x15, 0x08, 0x20, 0x00, 0x00, 0x15, 0x09, 0x2c, 0x02, 0x00, 0x00, 0x00, 0x15, 0x07, 0x15
    .byte 0x08, 0x2c, 0x01, 0x00, 0x00, 0x00, 0x15, 0x09, 0x2c, 0x02, 0x00, 0x00, 0x00, 0x15, 0x07, 0x15
    .byte 0x08, 0x20, 0x00, 0x00, 0x15, 0x09, 0x2c, 0x02, 0x00, 0x00, 0x00, 0x15, 0x07, 0x15, 0x08, 0x2c
    .byte 0x01, 0x00, 0x00, 0x00, 0x15, 0x09, 0x2c, 0x02, 0x00, 0x00, 0x00, 0x15, 0x07, 0x15, 0x08, 0x20
    .byte 0x00, 0x00, 0x15, 0x09, 0x2c, 0x02, 0x00, 0x00, 0x00, 0x15, 0x07, 0x15, 0x08, 0x2c, 0x01, 0x00
    .byte 0x00, 0x00, 0x15, 0x09, 0x2c, 0x02, 0x00, 0x00, 0x00, 0x15, 0x07, 0x15, 0x08, 0x20, 0x00, 0x00
    .byte 0x15, 0x09, 0x2c, 0x02, 0x00, 0x00, 0x00, 0x15, 0x07, 0x15, 0x08, 0x2c, 0x01, 0x00, 0x00, 0x00
    .byte 0x15, 0x09, 0x2c, 0x02, 0x00, 0x00, 0x00, 0x15, 0x07, 0x15, 0x08, 0x20, 0x00, 0x00, 0x15, 0x09
    .byte 0x2c, 0x02, 0x00, 0x00, 0x00, 0x15, 0x07, 0x15, 0x08, 0x2c, 0x01, 0x00, 0x00, 0x00, 0x15, 0x09
    .byte 0x2c, 0x02, 0x00, 0x00, 0x00, 0x15, 0x07, 0x15, 0x08, 0x20, 0x00, 0x00, 0x15, 0x09, 0x2c, 0x02
    .byte 0x00, 0x00, 0x00, 0x15, 0x07, 0x15, 0x08, 0x2c, 0x01, 0x00, 0x00, 0x00, 0x15, 0x09, 0x2c, 0x02
    .byte 0x00, 0x00, 0x00, 0x15, 0x07, 0x15, 0x08, 0x20, 0x00, 0x00, 0x15, 0x09, 0x2c, 0x02, 0x00, 0x00
    .byte 0x00, 0x15, 0x07, 0x15, 0x08, 0x2c, 0x01, 0x00, 0x00, 0x00, 0x15, 0x09, 0x2c, 0x02, 0x00, 0x00
    .byte 0x00, 0x15, 0x07, 0x15, 0x08, 0x20, 0x00, 0x00, 0x15, 0x09, 0x2c, 0x02, 0x00, 0x00, 0x00, 0x15
    .byte 0x07, 0x15, 0x08, 0x2c, 0x01, 0x00, 0x00, 0x00, 0x15, 0x09, 0x2c, 0x02, 0x00, 0x00, 0x00, 0x15
    .byte 0x07, 0x15, 0x08, 0x20, 0x00, 0x00, 0x15, 0x09, 0x2c, 0x02, 0x00, 0x00, 0x00, 0x15, 0x07, 0x15
    .byte 0x08, 0x2c, 0x01, 0x00, 0x00, 0x00, 0x15, 0x09, 0x2c, 0x28, 0x00, 0x00, 0x00, 0x15, 0x07, 0x15
    .byte 0x08, 0x2c, 0x01, 0x00, 0x00, 0x00, 0x15, 0x06, 0x00, 0x2c, 0x01, 0x00, 0x00, 0x00, 0x15, 0x2b
    .byte 0x2c, 0x40, 0x00, 0x00, 0x00, 0x20, 0x00, 0x00, 0x20, 0x00, 0x00, 0x2c, 0x00, 0x18, 0x00, 0x00
    .byte 0x2c, 0x04, 0x00, 0x00, 0x00, 0x20, 0x00, 0x00, 0x15, 0x1a, 0x15, 0x21, 0x2c, 0x07, 0x00, 0x00
    .byte 0x00, 0x15, 0x05, 0x2c, 0x02, 0x00, 0x00, 0x00, 0x15, 0x07, 0x15, 0x08, 0x2c, 0x08, 0x00, 0x00
    .byte 0x00, 0x15, 0x05, 0x2c, 0x01, 0x00, 0x00, 0x00, 0x15, 0x06, 0x00, 0x2c, 0x01, 0x00, 0x00, 0x00
    .byte 0x15, 0x18, 0x2c, 0x01, 0x00, 0x00, 0x00, 0x15, 0x19, 0x2c, 0x07, 0x00, 0x00, 0x00, 0x2c, 0xfe
    .byte 0xff, 0xff, 0xff, 0x2c, 0xff, 0xff, 0xff, 0xff, 0x2c, 0xff, 0xff, 0xff, 0xff, 0x2c, 0xff, 0xff
    .byte 0xff, 0xff, 0x15, 0xdc, 0x2c, 0x03, 0x00, 0x00, 0x00, 0x20, 0x00, 0x00, 0x2c, 0xff, 0xff, 0xff
    .byte 0xff, 0x2c, 0xff, 0xff, 0xff, 0xff, 0x2c, 0xff, 0xff, 0xff, 0xff, 0x15, 0xdc, 0x15, 0x2c, 0x00
    .byte 0x2c, 0x08, 0x00, 0x00, 0x00, 0x15, 0x45, 0x15, 0x8b, 0x18, 0x70, 0x32, 0x00, 0x00, 0x00, 0x00
    .byte 0x00, 0x13, 0x8b, 0x61, 0x22, 0x02, 0x01, 0x77, 0x61, 0x22, 0x02, 0x2c, 0xab, 0x04, 0x00, 0x00
    .byte 0x2c, 0x01, 0x00, 0x00, 0x00, 0x20, 0x00, 0x00, 0x20, 0x00, 0x00, 0x15, 0x59, 0x15, 0x5a, 0x2c
    .byte 0x5a, 0x00, 0x00, 0x00, 0x15, 0x07, 0x15, 0x08, 0x20, 0x00, 0x00, 0x15, 0x05, 0x2c, 0x1e, 0x00
    .byte 0x00, 0x00, 0x15, 0x07, 0x15, 0x08, 0x2c, 0x01, 0x00, 0x00, 0x00, 0x15, 0x45, 0x15, 0x8b, 0x18
    .byte 0x70, 0x32, 0x00, 0x00, 0x00, 0x00, 0x00, 0x13, 0xd1, 0x61, 0x22, 0x02, 0x01, 0xbd, 0x61, 0x22
    .byte 0x02, 0x2c, 0xac, 0x04, 0x00, 0x00, 0x2c, 0x01, 0x00, 0x00, 0x00, 0x20, 0x00, 0x00, 0x20, 0x00
    .byte 0x00, 0x15, 0x59, 0x15, 0x5a, 0x21, 0x8f, 0x68, 0x22, 0x02, 0x15, 0x0d, 0x00, 0x2c, 0x40, 0x00
    .byte 0x00, 0x00, 0x15, 0x17, 0x2c, 0x01, 0x00, 0x00, 0x00, 0x15, 0x05, 0x15, 0x16, 0x2c, 0x02, 0x00
    .byte 0x00, 0x00, 0x15, 0x05, 0x01, 0xaa, 0x21, 0x22, 0x02, 0x00, 0x20, 0x00, 0x00, 0x15, 0x18, 0x20
    .byte 0x00, 0x00, 0x15, 0x19, 0x2c, 0x01, 0x00, 0x00, 0x00, 0x15, 0x2b, 0x20, 0x00, 0x00, 0x2c, 0x07
    .byte 0x00, 0x00, 0x00, 0x15, 0x47, 0x18, 0x70, 0x05, 0x00, 0x20, 0x00, 0x00, 0x00, 0x17, 0x00, 0x20
    .byte 0x00, 0x00, 0x2c, 0x08, 0x00, 0x00, 0x00, 0x15, 0x47, 0x18, 0x70, 0x17, 0x00, 0x20, 0x00, 0x00
    .byte 0x2c, 0x00, 0x18, 0x00, 0x00, 0x2c, 0x05, 0x00, 0x00, 0x00, 0x20, 0x00, 0x00, 0x15, 0x1a, 0x15
    .byte 0x21, 0x20, 0x00, 0x00, 0x2c, 0x07, 0x00, 0x00, 0x00, 0x15, 0x47, 0x18, 0x70, 0x17, 0x00, 0x20
    .byte 0x00, 0x00, 0x2c, 0x08, 0x00, 0x00, 0x00, 0x15, 0x47, 0x18, 0x70, 0x17, 0x00, 0x15, 0x1e, 0x18
    .byte 0x70, 0x17, 0x00, 0x15, 0x75, 0x2c, 0x0a, 0x00, 0x00, 0x00, 0x15, 0x05, 0x15, 0x16, 0x2c, 0x1b
    .byte 0x00, 0x00, 0x00, 0x15, 0x31, 0x18, 0x70, 0x26, 0x00, 0xd2, 0x20, 0x00, 0x00, 0x2c, 0x9b, 0xef
    .byte 0x21, 0x02, 0x15, 0x39, 0x20, 0x00, 0x00, 0x15, 0x42, 0x18, 0x70, 0x32, 0x00, 0x00, 0x00, 0x00
    .byte 0x00, 0x14, 0xab, 0x62, 0x22, 0x02, 0x01, 0x94, 0x62, 0x22, 0x02, 0x2c, 0x0a, 0x00, 0x00, 0x00
    .byte 0x15, 0x45, 0x15, 0x8b, 0x18, 0x70, 0x32, 0x00, 0x00, 0x00, 0x00, 0x00, 0x13, 0xc6, 0x62, 0x22
    .byte 0x02, 0x01, 0xb2, 0x62, 0x22, 0x02, 0x2c, 0xbe, 0x04, 0x00, 0x00, 0x2c, 0x01, 0x00, 0x00, 0x00
    .byte 0x20, 0x00, 0x00, 0x20, 0x00, 0x00, 0x15, 0x59, 0x15, 0x5a, 0x2c, 0x1e, 0x00, 0x00, 0x00, 0x15
    .byte 0x07, 0x15, 0x08, 0x2c, 0x08, 0x00, 0x00, 0x00, 0x15, 0x05, 0x2c, 0x05, 0x00, 0x00, 0x00, 0x15
    .byte 0x07, 0x15, 0x08, 0x2c, 0x11, 0x00, 0x00, 0x00, 0x15, 0x05, 0x2c, 0x15, 0x00, 0x00, 0x00, 0x2c
    .byte 0x29, 0x00, 0x00, 0x00, 0x2c, 0x7f, 0x00, 0x00, 0x00, 0x15, 0x0a, 0x2c, 0x1e, 0x00, 0x00, 0x00
    .byte 0x15, 0x07, 0x15, 0x08, 0x2c, 0x08, 0x00, 0x00, 0x00, 0x15, 0x05, 0x2c, 0x05, 0x00, 0x00, 0x00
    .byte 0x15, 0x07, 0x15, 0x08, 0x03, 0x00, 0x0c, 0x00, 0x00, 0x00, 0x26, 0x00, 0x02, 0x20, 0x00, 0x00
    .byte 0x2c, 0x13, 0xf0, 0x21, 0x02, 0x15, 0x39, 0x2c, 0x01, 0x00, 0x00, 0x00, 0x15, 0x2b, 0x2c, 0xc0
    .byte 0xff, 0xff, 0xff, 0x2c, 0xc0, 0x00, 0x00, 0x00, 0x20, 0x00, 0x00, 0x2c, 0x00, 0x18, 0x00, 0x00
    .byte 0x2c, 0x04, 0x00, 0x00, 0x00, 0x20, 0x00, 0x00, 0x15, 0x1a, 0x15, 0x21, 0x20, 0x00, 0x00, 0x20
    .byte 0x00, 0x00, 0x15, 0x39, 0x15, 0x0d, 0x00, 0x2c, 0x01, 0x00, 0x00, 0x00, 0x15, 0x09, 0x20, 0x00
    .byte 0x00, 0x15, 0x09, 0x20, 0x00, 0x00, 0x15, 0x06, 0x2c, 0x5a, 0x00, 0x00, 0x00, 0x15, 0x01, 0x18
    .byte 0x70, 0x17, 0x00, 0x15, 0x07, 0x15, 0x08, 0x29, 0x00, 0xf1, 0x2c, 0x00, 0x01, 0x00, 0x00, 0x15
    .byte 0x01, 0x18, 0x71, 0x04, 0x10, 0x24, 0x00, 0x80, 0x00, 0x00, 0x00, 0x28, 0x00, 0x00, 0x29, 0x00
    .byte 0xf2, 0x2c, 0xc0, 0x00, 0x00, 0x00, 0x15, 0x01, 0x18, 0x71, 0x04, 0x10, 0x24, 0x00, 0x40, 0x00
    .byte 0x00, 0x00, 0x28, 0x00, 0x01, 0x2b, 0x00, 0x00, 0x34, 0x00, 0x00, 0x00, 0x00, 0x00, 0x14, 0xcc
    .byte 0x63, 0x22, 0x02, 0x03, 0x00, 0x00, 0x00, 0x00, 0x00, 0x28, 0x00, 0x00, 0x2b, 0x00, 0x00, 0x30
    .byte 0x00, 0x00, 0x04, 0x00, 0x00, 0x14, 0xe3, 0x63, 0x22, 0x02, 0x03, 0x00, 0xff, 0x03, 0x00, 0x00
    .byte 0x28, 0x00, 0x00, 0x2b, 0x00, 0x01, 0x34, 0x00, 0x00, 0x00, 0x00, 0x00, 0x14, 0xfa, 0x63, 0x22
    .byte 0x02, 0x03, 0x00, 0x00, 0x00, 0x00, 0x00, 0x28, 0x00, 0x01, 0x2b, 0x00, 0x01, 0x30, 0x00, 0x00
    .byte 0x03, 0x00, 0x00, 0x14, 0x11, 0x64, 0x22, 0x02, 0x03, 0x00, 0xff, 0x02, 0x00, 0x00, 0x28, 0x00
    .byte 0x01, 0x2b, 0x00, 0x00, 0x09, 0x00, 0x10, 0x00, 0x00, 0x00, 0x17, 0x00, 0x2b, 0x00, 0x01, 0x09
    .byte 0x00, 0x10, 0x00, 0x00, 0x00, 0x17, 0x00, 0x15, 0x40, 0x18, 0x70, 0x07, 0x00, 0x10, 0x00, 0x00
    .byte 0x00, 0x28, 0x00, 0x02, 0x2b, 0x00, 0x02, 0x05, 0x00, 0x60, 0x00, 0x00, 0x00, 0x07, 0x00, 0x00
    .byte 0x10, 0x00, 0x00, 0x28, 0x00, 0x03, 0x03, 0x00, 0x00, 0x0a, 0x00, 0x00, 0x2c, 0x00, 0x02, 0x00
    .byte 0x00, 0x15, 0x01, 0x18, 0x71, 0x04, 0x10, 0x28, 0x00, 0x04, 0x2c, 0x00, 0x01, 0x00, 0x00, 0x15
    .byte 0x01, 0x18, 0x70, 0x28, 0x00, 0x05, 0x2c, 0x00, 0x01, 0x00, 0x00, 0x15, 0x17, 0x2c, 0x01, 0x00
    .byte 0x00, 0x00, 0x15, 0x05, 0x2f, 0x00, 0x2f, 0x01, 0x2b, 0x00, 0x03, 0x09, 0x00, 0x00, 0x10, 0x00
    .byte 0x00, 0x17, 0x00, 0x15, 0x02, 0x2c, 0x01, 0x00, 0x00, 0x00, 0x15, 0x09, 0x2b, 0x00, 0x03, 0x2b
    .byte 0x01, 0x04, 0x23, 0x10, 0x28, 0x00, 0x03, 0x2b, 0x00, 0x05, 0x2b, 0x01, 0x03, 0x09, 0x01, 0x00
    .byte 0x06, 0x00, 0x00, 0x04, 0x10, 0x0b, 0x00, 0x00, 0x01, 0x00, 0x00, 0x17, 0x00, 0x15, 0x0e, 0x18
    .byte 0x70, 0x07, 0x00, 0x06, 0x00, 0x00, 0x00, 0x09, 0x00, 0x00, 0x10, 0x00, 0x00, 0x28, 0x00, 0x06
    .byte 0x2b, 0x00, 0x00, 0x2b, 0x01, 0x06, 0x04, 0x10, 0x17, 0x00, 0x2f, 0x01, 0x2b, 0x00, 0x03, 0x09
    .byte 0x00, 0x00, 0x10, 0x00, 0x00, 0x17, 0x00, 0x15, 0x02, 0x2c, 0x01, 0x00, 0x00, 0x00, 0x15, 0x07
    .byte 0x15, 0x08, 0x2b, 0x00, 0x03, 0x09, 0x00, 0x00, 0x10, 0x00, 0x00, 0x2b, 0x01, 0x02, 0x1e, 0x10
    .byte 0x14, 0x19, 0x65, 0x22, 0x02, 0x2c, 0x1b, 0x00, 0x00, 0x00, 0x2c, 0x01, 0x00, 0x00, 0x00, 0x15
    .byte 0x78, 0x2c, 0x00, 0xfe, 0xff, 0xff, 0x15, 0x17, 0x15, 0x16, 0x20, 0x00, 0x00, 0x15, 0x09, 0x25
    .byte 0xa1, 0x65, 0x22, 0x02, 0x25, 0x9c, 0x65, 0x22, 0x02, 0x2b, 0x00, 0x00, 0x29, 0x01, 0xf1, 0x24
    .byte 0x01, 0x80, 0x00, 0x00, 0x00, 0x1e, 0x10, 0x14, 0x3b, 0x65, 0x22, 0x02, 0x20, 0x00, 0x00, 0x15
    .byte 0x09, 0x25, 0xa1, 0x65, 0x22, 0x02, 0x25, 0x9c, 0x65, 0x22, 0x02, 0x2b, 0x00, 0x00, 0x29, 0x01
    .byte 0xf1, 0x05, 0x01, 0x80, 0x00, 0x00, 0x00, 0x1a, 0x10, 0x14, 0x5d, 0x65, 0x22, 0x02, 0x20, 0x00
    .byte 0x00, 0x15, 0x09, 0x25, 0xa1, 0x65, 0x22, 0x02, 0x25, 0x9c, 0x65, 0x22, 0x02, 0x2b, 0x00, 0x01
    .byte 0x29, 0x01, 0xf2, 0x24, 0x01, 0x40, 0x00, 0x00, 0x00, 0x1e, 0x10, 0x14, 0x7f, 0x65, 0x22, 0x02
    .byte 0x20, 0x00, 0x00, 0x15, 0x09, 0x25, 0xa1, 0x65, 0x22, 0x02, 0x25, 0x9c, 0x65, 0x22, 0x02, 0x2b
    .byte 0x00, 0x01, 0x29, 0x01, 0xf2, 0x05, 0x01, 0x80, 0x00, 0x00, 0x00, 0x1a, 0x10, 0x14, 0x9c, 0x65
    .byte 0x22, 0x02, 0x20, 0x00, 0x00, 0x15, 0x09, 0x25, 0xa1, 0x65, 0x22, 0x02, 0x25, 0x8c, 0x64, 0x22
    .byte 0x02, 0x2c, 0x0a, 0x00, 0x00, 0x00, 0x15, 0x01, 0x18, 0x70, 0x17, 0x00, 0x15, 0x07, 0x15, 0x08
    .byte 0x25, 0x87, 0x63, 0x22, 0x02, 0x00, 0x00, 0x2c, 0x01, 0x00, 0x00, 0x00, 0x15, 0x09, 0x2c, 0x02
    .byte 0x00, 0x00, 0x00, 0x15, 0x07, 0x15, 0x08, 0x20, 0x00, 0x00, 0x15, 0x09, 0x2c, 0x0f, 0x00, 0x00
    .byte 0x00, 0x15, 0x07, 0x15, 0x08, 0x2c, 0x01, 0x00, 0x00, 0x00, 0x15, 0x09, 0x2c, 0x02, 0x00, 0x00
    .byte 0x00, 0x15, 0x07, 0x15, 0x08, 0x20, 0x00, 0x00, 0x15, 0x09, 0x2c, 0x0e, 0x00, 0x00, 0x00, 0x15
    .byte 0x07, 0x15, 0x08, 0x2c, 0x01, 0x00, 0x00, 0x00, 0x15, 0x09, 0x2c, 0x02, 0x00, 0x00, 0x00, 0x15
    .byte 0x07, 0x15, 0x08, 0x20, 0x00, 0x00, 0x15, 0x09, 0x2c, 0x0d, 0x00, 0x00, 0x00, 0x15, 0x07, 0x15
    .byte 0x08, 0x2c, 0x01, 0x00, 0x00, 0x00, 0x15, 0x09, 0x2c, 0x02, 0x00, 0x00, 0x00, 0x15, 0x07, 0x15
    .byte 0x08, 0x20, 0x00, 0x00, 0x15, 0x09, 0x2c, 0x0c, 0x00, 0x00, 0x00, 0x15, 0x07, 0x15, 0x08, 0x2c
    .byte 0x01, 0x00, 0x00, 0x00, 0x15, 0x09, 0x2c, 0x02, 0x00, 0x00, 0x00, 0x15, 0x07, 0x15, 0x08, 0x20
    .byte 0x00, 0x00, 0x15, 0x09, 0x2c, 0x0b, 0x00, 0x00, 0x00, 0x15, 0x07, 0x15, 0x08, 0x2c, 0x01, 0x00
    .byte 0x00, 0x00, 0x15, 0x09, 0x2c, 0x02, 0x00, 0x00, 0x00, 0x15, 0x07, 0x15, 0x08, 0x20, 0x00, 0x00
    .byte 0x15, 0x09, 0x2c, 0x0a, 0x00, 0x00, 0x00, 0x15, 0x07, 0x15, 0x08, 0x2c, 0x01, 0x00, 0x00, 0x00
    .byte 0x15, 0x09, 0x2c, 0x02, 0x00, 0x00, 0x00, 0x15, 0x07, 0x15, 0x08, 0x20, 0x00, 0x00, 0x15, 0x09
    .byte 0x2c, 0x09, 0x00, 0x00, 0x00, 0x15, 0x07, 0x15, 0x08, 0x2c, 0x01, 0x00, 0x00, 0x00, 0x15, 0x09
    .byte 0x2c, 0x02, 0x00, 0x00, 0x00, 0x15, 0x07, 0x15, 0x08, 0x20, 0x00, 0x00, 0x15, 0x09, 0x2c, 0x08
    .byte 0x00, 0x00, 0x00, 0x15, 0x07, 0x15, 0x08, 0x2c, 0x01, 0x00, 0x00, 0x00, 0x15, 0x09, 0x2c, 0x02
    .byte 0x00, 0x00, 0x00, 0x15, 0x07, 0x15, 0x08, 0x20, 0x00, 0x00, 0x15, 0x09, 0x2c, 0x07, 0x00, 0x00
    .byte 0x00, 0x15, 0x07, 0x15, 0x08, 0x2c, 0x01, 0x00, 0x00, 0x00, 0x15, 0x09, 0x2c, 0x02, 0x00, 0x00
    .byte 0x00, 0x15, 0x07, 0x15, 0x08, 0x20, 0x00, 0x00, 0x15, 0x09, 0x2c, 0x06, 0x00, 0x00, 0x00, 0x15
    .byte 0x07, 0x15, 0x08, 0x2c, 0x01, 0x00, 0x00, 0x00, 0x15, 0x09, 0x2c, 0x02, 0x00, 0x00, 0x00, 0x15
    .byte 0x07, 0x15, 0x08, 0x20, 0x00, 0x00, 0x15, 0x09, 0x2c, 0x05, 0x00, 0x00, 0x00, 0x15, 0x07, 0x15
    .byte 0x08, 0x2c, 0x01, 0x00, 0x00, 0x00, 0x15, 0x09, 0x2c, 0x02, 0x00, 0x00, 0x00, 0x15, 0x07, 0x15
    .byte 0x08, 0x20, 0x00, 0x00, 0x15, 0x09, 0x2c, 0x05, 0x00, 0x00, 0x00, 0x15, 0x07, 0x15, 0x08, 0x2c
    .byte 0x01, 0x00, 0x00, 0x00, 0x15, 0x09, 0x2c, 0x02, 0x00, 0x00, 0x00, 0x15, 0x07, 0x15, 0x08, 0x20
    .byte 0x00, 0x00, 0x15, 0x09, 0x2c, 0x05, 0x00, 0x00, 0x00, 0x15, 0x07, 0x15, 0x08, 0x2c, 0x01, 0x00
    .byte 0x00, 0x00, 0x15, 0x09, 0x2c, 0x02, 0x00, 0x00, 0x00, 0x15, 0x07, 0x15, 0x08, 0x20, 0x00, 0x00
    .byte 0x15, 0x09, 0x2c, 0x04, 0x00, 0x00, 0x00, 0x15, 0x07, 0x15, 0x08, 0x2c, 0x01, 0x00, 0x00, 0x00
    .byte 0x15, 0x09, 0x2c, 0x02, 0x00, 0x00, 0x00, 0x15, 0x07, 0x15, 0x08, 0x20, 0x00, 0x00, 0x15, 0x09
    .byte 0x2c, 0x03, 0x00, 0x00, 0x00, 0x15, 0x07, 0x15, 0x08, 0x2c, 0x01, 0x00, 0x00, 0x00, 0x15, 0x09
    .byte 0x2c, 0x02, 0x00, 0x00, 0x00, 0x15, 0x07, 0x15, 0x08, 0x20, 0x00, 0x00, 0x15, 0x09, 0x2c, 0x02
    .byte 0x00, 0x00, 0x00, 0x15, 0x07, 0x15, 0x08, 0x2c, 0x01, 0x00, 0x00, 0x00, 0x15, 0x09, 0x2c, 0x02
    .byte 0x00, 0x00, 0x00, 0x15, 0x07, 0x15, 0x08, 0x20, 0x00, 0x00, 0x15, 0x09, 0x2c, 0x02, 0x00, 0x00
    .byte 0x00, 0x15, 0x07, 0x15, 0x08, 0x2c, 0x01, 0x00, 0x00, 0x00, 0x15, 0x09, 0x2c, 0x02, 0x00, 0x00
    .byte 0x00, 0x15, 0x07, 0x15, 0x08, 0x20, 0x00, 0x00, 0x15, 0x09, 0x2c, 0x02, 0x00, 0x00, 0x00, 0x15
    .byte 0x07, 0x15, 0x08, 0x2c, 0x01, 0x00, 0x00, 0x00, 0x15, 0x09, 0x2c, 0x02, 0x00, 0x00, 0x00, 0x15
    .byte 0x07, 0x15, 0x08, 0x20, 0x00, 0x00, 0x15, 0x09, 0x2c, 0x02, 0x00, 0x00, 0x00, 0x15, 0x07, 0x15
    .byte 0x08, 0x2c, 0x01, 0x00, 0x00, 0x00, 0x15, 0x09, 0x2c, 0x02, 0x00, 0x00, 0x00, 0x15, 0x07, 0x15
    .byte 0x08, 0x20, 0x00, 0x00, 0x15, 0x09, 0x2c, 0x02, 0x00, 0x00, 0x00, 0x15, 0x07, 0x15, 0x08, 0x2c
    .byte 0x01, 0x00, 0x00, 0x00, 0x15, 0x09, 0x2c, 0x02, 0x00, 0x00, 0x00, 0x15, 0x07, 0x15, 0x08, 0x20
    .byte 0x00, 0x00, 0x15, 0x09, 0x2c, 0x02, 0x00, 0x00, 0x00, 0x15, 0x07, 0x15, 0x08, 0x2c, 0x01, 0x00
    .byte 0x00, 0x00, 0x15, 0x09, 0x2c, 0x02, 0x00, 0x00, 0x00, 0x15, 0x07, 0x15, 0x08, 0x20, 0x00, 0x00
    .byte 0x15, 0x09, 0x2c, 0x02, 0x00, 0x00, 0x00, 0x15, 0x07, 0x15, 0x08, 0x2c, 0x01, 0x00, 0x00, 0x00
    .byte 0x15, 0x09, 0x2c, 0x02, 0x00, 0x00, 0x00, 0x15, 0x07, 0x15, 0x08, 0x20, 0x00, 0x00, 0x15, 0x09
    .byte 0x2c, 0x02, 0x00, 0x00, 0x00, 0x15, 0x07, 0x15, 0x08, 0x2c, 0x01, 0x00, 0x00, 0x00, 0x15, 0x09
    .byte 0x2c, 0x02, 0x00, 0x00, 0x00, 0x15, 0x07, 0x15, 0x08, 0x20, 0x00, 0x00, 0x15, 0x09, 0x2c, 0x02
    .byte 0x00, 0x00, 0x00, 0x15, 0x07, 0x15, 0x08, 0x2c, 0x01, 0x00, 0x00, 0x00, 0x15, 0x09, 0x22, 0x20
    .byte 0x00, 0x00, 0x15, 0x09, 0x2c, 0x02, 0x00, 0x00, 0x00, 0x15, 0x07, 0x15, 0x08, 0x2c, 0x01, 0x00
    .byte 0x00, 0x00, 0x15, 0x09, 0x2c, 0x0f, 0x00, 0x00, 0x00, 0x15, 0x07, 0x15, 0x08, 0x20, 0x00, 0x00
    .byte 0x15, 0x09, 0x2c, 0x02, 0x00, 0x00, 0x00, 0x15, 0x07, 0x15, 0x08, 0x2c, 0x01, 0x00, 0x00, 0x00
    .byte 0x15, 0x09, 0x2c, 0x0e, 0x00, 0x00, 0x00, 0x15, 0x07, 0x15, 0x08, 0x20, 0x00, 0x00, 0x15, 0x09
    .byte 0x2c, 0x02, 0x00, 0x00, 0x00, 0x15, 0x07, 0x15, 0x08, 0x2c, 0x01, 0x00, 0x00, 0x00, 0x15, 0x09
    .byte 0x2c, 0x0d, 0x00, 0x00, 0x00, 0x15, 0x07, 0x15, 0x08, 0x20, 0x00, 0x00, 0x15, 0x09, 0x2c, 0x02
    .byte 0x00, 0x00, 0x00, 0x15, 0x07, 0x15, 0x08, 0x2c, 0x01, 0x00, 0x00, 0x00, 0x15, 0x09, 0x2c, 0x0c
    .byte 0x00, 0x00, 0x00, 0x15, 0x07, 0x15, 0x08, 0x20, 0x00, 0x00, 0x15, 0x09, 0x2c, 0x02, 0x00, 0x00
    .byte 0x00, 0x15, 0x07, 0x15, 0x08, 0x2c, 0x01, 0x00, 0x00, 0x00, 0x15, 0x09, 0x2c, 0x0b, 0x00, 0x00
    .byte 0x00, 0x15, 0x07, 0x15, 0x08, 0x20, 0x00, 0x00, 0x15, 0x09, 0x2c, 0x02, 0x00, 0x00, 0x00, 0x15
    .byte 0x07, 0x15, 0x08, 0x2c, 0x01, 0x00, 0x00, 0x00, 0x15, 0x09, 0x2c, 0x0a, 0x00, 0x00, 0x00, 0x15
    .byte 0x07, 0x15, 0x08, 0x20, 0x00, 0x00, 0x15, 0x09, 0x2c, 0x02, 0x00, 0x00, 0x00, 0x15, 0x07, 0x15
    .byte 0x08, 0x2c, 0x01, 0x00, 0x00, 0x00, 0x15, 0x09, 0x2c, 0x09, 0x00, 0x00, 0x00, 0x15, 0x07, 0x15
    .byte 0x08, 0x20, 0x00, 0x00, 0x15, 0x09, 0x2c, 0x02, 0x00, 0x00, 0x00, 0x15, 0x07, 0x15, 0x08, 0x2c
    .byte 0x01, 0x00, 0x00, 0x00, 0x15, 0x09, 0x2c, 0x08, 0x00, 0x00, 0x00, 0x15, 0x07, 0x15, 0x08, 0x20
    .byte 0x00, 0x00, 0x15, 0x09, 0x2c, 0x02, 0x00, 0x00, 0x00, 0x15, 0x07, 0x15, 0x08, 0x2c, 0x01, 0x00
    .byte 0x00, 0x00, 0x15, 0x09, 0x2c, 0x07, 0x00, 0x00, 0x00, 0x15, 0x07, 0x15, 0x08, 0x20, 0x00, 0x00
    .byte 0x15, 0x09, 0x2c, 0x02, 0x00, 0x00, 0x00, 0x15, 0x07, 0x15, 0x08, 0x2c, 0x01, 0x00, 0x00, 0x00
    .byte 0x15, 0x09, 0x2c, 0x06, 0x00, 0x00, 0x00, 0x15, 0x07, 0x15, 0x08, 0x20, 0x00, 0x00, 0x15, 0x09
    .byte 0x2c, 0x02, 0x00, 0x00, 0x00, 0x15, 0x07, 0x15, 0x08, 0x2c, 0x01, 0x00, 0x00, 0x00, 0x15, 0x09
    .byte 0x2c, 0x05, 0x00, 0x00, 0x00, 0x15, 0x07, 0x15, 0x08, 0x20, 0x00, 0x00, 0x15, 0x09, 0x2c, 0x02
    .byte 0x00, 0x00, 0x00, 0x15, 0x07, 0x15, 0x08, 0x2c, 0x01, 0x00, 0x00, 0x00, 0x15, 0x09, 0x2c, 0x05
    .byte 0x00, 0x00, 0x00, 0x15, 0x07, 0x15, 0x08, 0x20, 0x00, 0x00, 0x15, 0x09, 0x2c, 0x02, 0x00, 0x00
    .byte 0x00, 0x15, 0x07, 0x15, 0x08, 0x2c, 0x01, 0x00, 0x00, 0x00, 0x15, 0x09, 0x2c, 0x05, 0x00, 0x00
    .byte 0x00, 0x15, 0x07, 0x15, 0x08, 0x20, 0x00, 0x00, 0x15, 0x09, 0x2c, 0x02, 0x00, 0x00, 0x00, 0x15
    .byte 0x07, 0x15, 0x08, 0x2c, 0x01, 0x00, 0x00, 0x00, 0x15, 0x09, 0x2c, 0x04, 0x00, 0x00, 0x00, 0x15
    .byte 0x07, 0x15, 0x08, 0x20, 0x00, 0x00, 0x15, 0x09, 0x2c, 0x02, 0x00, 0x00, 0x00, 0x15, 0x07, 0x15
    .byte 0x08, 0x2c, 0x01, 0x00, 0x00, 0x00, 0x15, 0x09, 0x2c, 0x03, 0x00, 0x00, 0x00, 0x15, 0x07, 0x15
    .byte 0x08, 0x20, 0x00, 0x00, 0x15, 0x09, 0x2c, 0x02, 0x00, 0x00, 0x00, 0x15, 0x07, 0x15, 0x08, 0x2c
    .byte 0x01, 0x00, 0x00, 0x00, 0x15, 0x09, 0x2c, 0x02, 0x00, 0x00, 0x00, 0x15, 0x07, 0x15, 0x08, 0x20
    .byte 0x00, 0x00, 0x15, 0x09, 0x2c, 0x02, 0x00, 0x00, 0x00, 0x15, 0x07, 0x15, 0x08, 0x2c, 0x01, 0x00
    .byte 0x00, 0x00, 0x15, 0x09, 0x2c, 0x02, 0x00, 0x00, 0x00, 0x15, 0x07, 0x15, 0x08, 0x20, 0x00, 0x00
    .byte 0x15, 0x09, 0x2c, 0x02, 0x00, 0x00, 0x00, 0x15, 0x07, 0x15, 0x08, 0x2c, 0x01, 0x00, 0x00, 0x00
    .byte 0x15, 0x09, 0x2c, 0x02, 0x00, 0x00, 0x00, 0x15, 0x07, 0x15, 0x08, 0x20, 0x00, 0x00, 0x15, 0x09
    .byte 0x2c, 0x02, 0x00, 0x00, 0x00, 0x15, 0x07, 0x15, 0x08, 0x2c, 0x01, 0x00, 0x00, 0x00, 0x15, 0x09
    .byte 0x2c, 0x02, 0x00, 0x00, 0x00, 0x15, 0x07, 0x15, 0x08, 0x20, 0x00, 0x00, 0x15, 0x09, 0x2c, 0x02
    .byte 0x00, 0x00, 0x00, 0x15, 0x07, 0x15, 0x08, 0x2c, 0x01, 0x00, 0x00, 0x00, 0x15, 0x09, 0x2c, 0x02
    .byte 0x00, 0x00, 0x00, 0x15, 0x07, 0x15, 0x08, 0x20, 0x00, 0x00, 0x15, 0x09, 0x2c, 0x02, 0x00, 0x00
    .byte 0x00, 0x15, 0x07, 0x15, 0x08, 0x2c, 0x01, 0x00, 0x00, 0x00, 0x15, 0x09, 0x2c, 0x02, 0x00, 0x00
    .byte 0x00, 0x15, 0x07, 0x15, 0x08, 0x20, 0x00, 0x00, 0x15, 0x09, 0x2c, 0x02, 0x00, 0x00, 0x00, 0x15
    .byte 0x07, 0x15, 0x08, 0x2c, 0x01, 0x00, 0x00, 0x00, 0x15, 0x09, 0x2c, 0x02, 0x00, 0x00, 0x00, 0x15
    .byte 0x07, 0x15, 0x08, 0x20, 0x00, 0x00, 0x15, 0x09, 0x2c, 0x02, 0x00, 0x00, 0x00, 0x15, 0x07, 0x15
    .byte 0x08, 0x2c, 0x01, 0x00, 0x00, 0x00, 0x15, 0x09, 0x2c, 0x02, 0x00, 0x00, 0x00, 0x15, 0x07, 0x15
    .byte 0x08, 0x20, 0x00, 0x00, 0x15, 0x09, 0x2c, 0x02, 0x00, 0x00, 0x00, 0x15, 0x07, 0x15, 0x08, 0x2c
    .byte 0x01, 0x00, 0x00, 0x00, 0x15, 0x09, 0x2c, 0x02, 0x00, 0x00, 0x00, 0x15, 0x07, 0x15, 0x08, 0x20
    .byte 0x00, 0x00, 0x15, 0x09, 0x22, 0x00, 0x00, 0x00, 0x00, 0x00, 0x00, 0x00, 0x00, 0x00, 0x00, 0x00
    .byte 0x00, 0x00, 0x00, 0x00, 0x00, 0x00, 0x00, 0x00, 0x00, 0x00, 0x00, 0x00, 0x00, 0x00, 0x00, 0x00
