.text
; Matching fallback for the portable implementation in src/overlays/ov249/overlay249_recovery.c.
.extern data_ov249_0221d720
.extern data_ov249_0221d734
.extern data_ov249_02220929
.extern data_ov249_02221160
.extern data_ov249_02221164
.extern GamePhaseRuntime_SetGlobalValue30F8
.extern ActorInteractionRuntime_Init
.extern ActorInteractionRuntime_NoOp
.extern ActorDescriptorBatch_RegisterAndSpawnCategory1
.extern ActorDescriptorBatch_SetCategory1Callback

.global func_ov249_0221d6c0
func_ov249_0221d6c0:
    stmdb sp!, {r3, lr}
    cmp r0, #0x0
    ldmneia sp!, {r3, pc}
    bl ActorInteractionRuntime_Init
    ldr r0, .L_0221d6fc
    ldr r2, .L_0221d700
    mov r1, #0x3
    bl ActorDescriptorBatch_RegisterAndSpawnCategory1
    ldr r0, .L_0221d704
    bl ActorInteractionRuntime_NoOp
    ldr r0, .L_0221d708
    bl GamePhaseRuntime_SetGlobalValue30F8
    ldr r0, .L_0221d70c
    bl ActorDescriptorBatch_SetCategory1Callback
    ldmia sp!, {r3, pc}
.L_0221d6fc: .word data_ov249_02221164
.L_0221d700: .word data_ov249_0221d734
.L_0221d704: .word data_ov249_02221160
.L_0221d708: .word data_ov249_0221d720
.L_0221d70c: .word data_ov249_02220929
.size func_ov249_0221d6c0, . - func_ov249_0221d6c0

; Matching fallback for initialized records and BSS documented in
; src/overlays/ov249/overlay249_recovery.c.
; Absolute labels preserve fixed-address record and BSS references without alignment padding.
.global data_ov249_0221d720
.set data_ov249_0221d720, 0x0221d720
.global data_ov249_0221d734
.set data_ov249_0221d734, 0x0221d734
.global data_ov249_0221df97
.set data_ov249_0221df97, 0x0221df97
.global data_ov249_0221e13a
.set data_ov249_0221e13a, 0x0221e13a
.global data_ov249_0221e17d
.set data_ov249_0221e17d, 0x0221e17d
.global data_ov249_0221e194
.set data_ov249_0221e194, 0x0221e194
.global data_ov249_0221e1ba
.set data_ov249_0221e1ba, 0x0221e1ba
.global data_ov249_0221e1f4
.set data_ov249_0221e1f4, 0x0221e1f4
.global data_ov249_0221e2e8
.set data_ov249_0221e2e8, 0x0221e2e8
.global data_ov249_0221e2fc
.set data_ov249_0221e2fc, 0x0221e2fc
.global data_ov249_0221e322
.set data_ov249_0221e322, 0x0221e322
.global data_ov249_0221e3a5
.set data_ov249_0221e3a5, 0x0221e3a5
.global data_ov249_0221e3a6
.set data_ov249_0221e3a6, 0x0221e3a6
.global data_ov249_0221e8f3
.set data_ov249_0221e8f3, 0x0221e8f3
.global data_ov249_0221e925
.set data_ov249_0221e925, 0x0221e925
.global data_ov249_0221e964
.set data_ov249_0221e964, 0x0221e964
.global data_ov249_0221e9c1
.set data_ov249_0221e9c1, 0x0221e9c1
.global data_ov249_0221ea5d
.set data_ov249_0221ea5d, 0x0221ea5d
.global data_ov249_0221eb0d
.set data_ov249_0221eb0d, 0x0221eb0d
.global data_ov249_0221eb26
.set data_ov249_0221eb26, 0x0221eb26
.global data_ov249_0221eb48
.set data_ov249_0221eb48, 0x0221eb48
.global data_ov249_0221eb99
.set data_ov249_0221eb99, 0x0221eb99
.global data_ov249_0221ebd9
.set data_ov249_0221ebd9, 0x0221ebd9
.global data_ov249_0221eda5
.set data_ov249_0221eda5, 0x0221eda5
.global data_ov249_0221edf5
.set data_ov249_0221edf5, 0x0221edf5
.global data_ov249_0221ee45
.set data_ov249_0221ee45, 0x0221ee45
.global data_ov249_0221ee95
.set data_ov249_0221ee95, 0x0221ee95
.global data_ov249_0221efc8
.set data_ov249_0221efc8, 0x0221efc8
.global data_ov249_0221f019
.set data_ov249_0221f019, 0x0221f019
.global data_ov249_0221f024
.set data_ov249_0221f024, 0x0221f024
.global data_ov249_0221f0ad
.set data_ov249_0221f0ad, 0x0221f0ad
.global data_ov249_0221f0e1
.set data_ov249_0221f0e1, 0x0221f0e1
.global data_ov249_0221f184
.set data_ov249_0221f184, 0x0221f184
.global data_ov249_0221f18a
.set data_ov249_0221f18a, 0x0221f18a
.global data_ov249_0221f319
.set data_ov249_0221f319, 0x0221f319
.global data_ov249_0221f328
.set data_ov249_0221f328, 0x0221f328
.global data_ov249_0221f3aa
.set data_ov249_0221f3aa, 0x0221f3aa
.global data_ov249_0221f3f0
.set data_ov249_0221f3f0, 0x0221f3f0
.global data_ov249_0221f3f5
.set data_ov249_0221f3f5, 0x0221f3f5
.global data_ov249_0221f465
.set data_ov249_0221f465, 0x0221f465
.global data_ov249_0221f4fd
.set data_ov249_0221f4fd, 0x0221f4fd
.global data_ov249_0221f661
.set data_ov249_0221f661, 0x0221f661
.global data_ov249_0221f6f8
.set data_ov249_0221f6f8, 0x0221f6f8
.global data_ov249_0221f754
.set data_ov249_0221f754, 0x0221f754
.global data_ov249_0221f7b0
.set data_ov249_0221f7b0, 0x0221f7b0
.global data_ov249_0221f80c
.set data_ov249_0221f80c, 0x0221f80c
.global data_ov249_0221f868
.set data_ov249_0221f868, 0x0221f868
.global data_ov249_0221f891
.set data_ov249_0221f891, 0x0221f891
.global data_ov249_0221f8b3
.set data_ov249_0221f8b3, 0x0221f8b3
.global data_ov249_0221f936
.set data_ov249_0221f936, 0x0221f936
.global data_ov249_0221f9c9
.set data_ov249_0221f9c9, 0x0221f9c9
.global data_ov249_0221fa93
.set data_ov249_0221fa93, 0x0221fa93
.global data_ov249_0221fb96
.set data_ov249_0221fb96, 0x0221fb96
.global data_ov249_0221fc88
.set data_ov249_0221fc88, 0x0221fc88
.global data_ov249_0221fc8e
.set data_ov249_0221fc8e, 0x0221fc8e
.global data_ov249_0221fcb6
.set data_ov249_0221fcb6, 0x0221fcb6
.global data_ov249_0221fcb7
.set data_ov249_0221fcb7, 0x0221fcb7
.global data_ov249_0221fcb8
.set data_ov249_0221fcb8, 0x0221fcb8
.global data_ov249_0221fe65
.set data_ov249_0221fe65, 0x0221fe65
.global data_ov249_0221ff09
.set data_ov249_0221ff09, 0x0221ff09
.global data_ov249_0221ffa5
.set data_ov249_0221ffa5, 0x0221ffa5
.global data_ov249_02220037
.set data_ov249_02220037, 0x02220037
.global data_ov249_0222010d
.set data_ov249_0222010d, 0x0222010d
.global data_ov249_0222019e
.set data_ov249_0222019e, 0x0222019e
.global data_ov249_022201ed
.set data_ov249_022201ed, 0x022201ed
.global data_ov249_02220266
.set data_ov249_02220266, 0x02220266
.global data_ov249_022202aa
.set data_ov249_022202aa, 0x022202aa
.global data_ov249_022202ee
.set data_ov249_022202ee, 0x022202ee
.global data_ov249_02220332
.set data_ov249_02220332, 0x02220332
.global data_ov249_02220376
.set data_ov249_02220376, 0x02220376
.global data_ov249_022203b5
.set data_ov249_022203b5, 0x022203b5
.global data_ov249_02220455
.set data_ov249_02220455, 0x02220455
.global data_ov249_0222045d
.set data_ov249_0222045d, 0x0222045d
.global data_ov249_022204ad
.set data_ov249_022204ad, 0x022204ad
.global data_ov249_022205d4
.set data_ov249_022205d4, 0x022205d4
.global data_ov249_022205e1
.set data_ov249_022205e1, 0x022205e1
.global data_ov249_02220639
.set data_ov249_02220639, 0x02220639
.global data_ov249_0222063a
.set data_ov249_0222063a, 0x0222063a
.global data_ov249_022206a5
.set data_ov249_022206a5, 0x022206a5
.global data_ov249_022207b2
.set data_ov249_022207b2, 0x022207b2
.global data_ov249_022207e5
.set data_ov249_022207e5, 0x022207e5
.global data_ov249_02220810
.set data_ov249_02220810, 0x02220810
.global data_ov249_02220841
.set data_ov249_02220841, 0x02220841
.global data_ov249_02220855
.set data_ov249_02220855, 0x02220855
.global data_ov249_02220929
.set data_ov249_02220929, 0x02220929
.global data_ov249_02220a35
.set data_ov249_02220a35, 0x02220a35
.global data_ov249_02220b8f
.set data_ov249_02220b8f, 0x02220b8f
.global data_ov249_02220bba
.set data_ov249_02220bba, 0x02220bba
.global data_ov249_02220bca
.set data_ov249_02220bca, 0x02220bca
.global data_ov249_02220bda
.set data_ov249_02220bda, 0x02220bda
.global data_ov249_02220bea
.set data_ov249_02220bea, 0x02220bea
.global data_ov249_02220bfa
.set data_ov249_02220bfa, 0x02220bfa
.global data_ov249_02220c0a
.set data_ov249_02220c0a, 0x02220c0a
.global data_ov249_02220c1a
.set data_ov249_02220c1a, 0x02220c1a
.global data_ov249_02220c2a
.set data_ov249_02220c2a, 0x02220c2a
.global data_ov249_02220dd5
.set data_ov249_02220dd5, 0x02220dd5
.global data_ov249_02220df1
.set data_ov249_02220df1, 0x02220df1
.global data_ov249_02220e15
.set data_ov249_02220e15, 0x02220e15
.global data_ov249_02220e59
.set data_ov249_02220e59, 0x02220e59
.global data_ov249_02220f41
.set data_ov249_02220f41, 0x02220f41
.global data_ov249_02220fb5
.set data_ov249_02220fb5, 0x02220fb5
.global data_ov249_02221160
.set data_ov249_02221160, 0x02221160
.global data_ov249_02221164
.set data_ov249_02221164, 0x02221164
    .section .data, 4, 1, 4
    .byte 0xff, 0xff, 0xff, 0xff, 0x00, 0x00, 0x00, 0x00, 0x00, 0x00, 0x00, 0x00, 0xff, 0xff, 0x00, 0x00
    .byte 0x00, 0x00, 0x00, 0x00, 0x03, 0x00, 0x00, 0x00, 0x3c, 0x22, 0x00, 0x00, 0x3d, 0x22, 0x00, 0x00
    .byte 0x3e, 0x22, 0x00, 0x00, 0x02, 0x01, 0x00, 0x00, 0x00, 0x00, 0x00, 0x00, 0x00, 0x00, 0xf0, 0xff
    .byte 0x10, 0x00, 0x10, 0x00, 0x60, 0x00, 0x80, 0x01, 0x70, 0x01, 0x00, 0x00, 0x00, 0x00, 0x00, 0x00
    .byte 0x8e, 0xfc, 0x21, 0x02, 0x00, 0x00, 0x00, 0x00, 0x00, 0x00, 0x00, 0x00, 0x00, 0x00, 0x00, 0x00
    .byte 0x01, 0x00, 0x00, 0x00, 0x00, 0x00, 0x00, 0x00, 0x00, 0x00, 0x00, 0x00, 0xff, 0xff, 0xff, 0xff
    .byte 0xff, 0xff, 0xff, 0xff, 0x00, 0x00, 0x03, 0x00, 0xff, 0xff, 0xff, 0xff, 0x00, 0x00, 0x0f, 0x00
    .byte 0xf4, 0xd8, 0x0c, 0x00, 0x00, 0x00, 0x00, 0x00, 0x03, 0x00, 0x00, 0x00, 0x3c, 0x22, 0x00, 0x00
    .byte 0x3d, 0x22, 0x00, 0x00, 0x3e, 0x22, 0x00, 0x00, 0x02, 0x02, 0x00, 0x00, 0x00, 0x00, 0x00, 0x00
    .byte 0x00, 0x00, 0xf0, 0xff, 0x00, 0x00, 0x10, 0x00, 0x10, 0x00, 0x80, 0x01, 0x70, 0x01, 0x00, 0x00
    .byte 0x00, 0x00, 0x00, 0x00, 0xb6, 0xfc, 0x21, 0x02, 0x00, 0x00, 0x00, 0x00, 0x00, 0x00, 0x00, 0x00
    .byte 0x00, 0x00, 0x00, 0x00, 0x01, 0x00, 0x00, 0x00, 0x00, 0x00, 0x00, 0x00, 0x00, 0x00, 0x00, 0x00
    .byte 0xff, 0xff, 0xff, 0xff, 0xff, 0xff, 0xff, 0xff, 0x00, 0x00, 0x04, 0x00, 0xff, 0xff, 0xff, 0xff
    .byte 0x00, 0x00, 0x0f, 0x00, 0xf4, 0xd8, 0x0c, 0x00, 0x00, 0x00, 0x00, 0x00, 0x03, 0x00, 0x00, 0x00
    .byte 0x3c, 0x22, 0x00, 0x00, 0x3d, 0x22, 0x00, 0x00, 0x3e, 0x22, 0x00, 0x00, 0x02, 0x00, 0x00, 0x00
    .byte 0x00, 0x00, 0x00, 0x00, 0x00, 0x00, 0xf0, 0xff, 0xcf, 0xff, 0x10, 0x00, 0x07, 0x00, 0x80, 0x01
    .byte 0x70, 0x01, 0x00, 0x00, 0x10, 0x00, 0x00, 0x00, 0xb7, 0xfc, 0x21, 0x02, 0x00, 0x00, 0x00, 0x00
    .byte 0x00, 0x00, 0x00, 0x00, 0x00, 0x00, 0x00, 0x00, 0x01, 0x00, 0x00, 0x00, 0x00, 0x00, 0x00, 0x00
    .byte 0x00, 0x00, 0x00, 0x00, 0xff, 0xff, 0xff, 0xff, 0xff, 0xff, 0xff, 0xff, 0x00, 0x00, 0x05, 0x00
    .byte 0xff, 0xff, 0xff, 0xff, 0x00, 0x00, 0x0e, 0x00, 0xf4, 0xd8, 0x0c, 0x00, 0x00, 0x00, 0x00, 0x00
    .byte 0x03, 0x00, 0x00, 0x00, 0x3c, 0x22, 0x00, 0x00, 0x3d, 0x22, 0x00, 0x00, 0x3e, 0x22, 0x00, 0x00
    .byte 0x02, 0x00, 0x10, 0x10, 0x00, 0x00, 0x00, 0x00, 0x00, 0x00, 0xf0, 0xff, 0xcf, 0xff, 0x10, 0x00
    .byte 0x07, 0x00, 0x80, 0x01, 0x70, 0x01, 0x00, 0x00, 0x10, 0x00, 0x00, 0x00, 0xb8, 0xfc, 0x21, 0x02
    .byte 0x00, 0x00, 0x00, 0x00, 0x00, 0x00, 0x00, 0x00, 0x00, 0x00, 0x00, 0x00, 0xff, 0xff, 0x00, 0x00
    .byte 0x00, 0x00, 0x00, 0x00, 0x00, 0x00, 0x00, 0x00, 0xff, 0xff, 0xff, 0xff, 0xff, 0xff, 0xff, 0xff
    .byte 0x00, 0x00, 0x06, 0x00, 0xff, 0xff, 0xff, 0xff, 0x00, 0x00, 0x0e, 0x00, 0xf4, 0xd8, 0x0c, 0x00
    .byte 0x00, 0x00, 0x00, 0x00, 0x03, 0x00, 0x00, 0x00, 0x3c, 0x22, 0x00, 0x00, 0x3d, 0x22, 0x00, 0x00
    .byte 0x3e, 0x22, 0x00, 0x00, 0x02, 0x00, 0x04, 0x10, 0xf8, 0x00, 0x00, 0x00, 0x00, 0x00, 0xf0, 0xff
    .byte 0xcf, 0xff, 0x10, 0x00, 0x07, 0x00, 0x80, 0x01, 0x50, 0x01, 0x00, 0x00, 0x10, 0x00, 0x00, 0x00
    .byte 0xc8, 0xef, 0x21, 0x02, 0x00, 0x00, 0x00, 0x00, 0x00, 0x00, 0x00, 0x00, 0x00, 0x00, 0x00, 0x00
    .byte 0x01, 0x00, 0x00, 0x00, 0x00, 0x00, 0x00, 0x00, 0x00, 0x00, 0x00, 0x00, 0xff, 0xff, 0xff, 0xff
    .byte 0xff, 0xff, 0xff, 0xff, 0x00, 0x00, 0x07, 0x00, 0xff, 0xff, 0xff, 0xff, 0x00, 0x00, 0x0e, 0x00
    .byte 0xf4, 0xd8, 0x0c, 0x00, 0x00, 0x00, 0x00, 0x00, 0x03, 0x00, 0x00, 0x00, 0x48, 0x22, 0x00, 0x00
    .byte 0x49, 0x22, 0x00, 0x00, 0x4a, 0x22, 0x00, 0x00, 0x02, 0x00, 0x00, 0x00, 0x00, 0x00, 0x00, 0x00
    .byte 0x00, 0x00, 0xf0, 0xff, 0xcf, 0xff, 0x10, 0x00, 0x07, 0x00, 0x80, 0x01, 0x37, 0x01, 0x00, 0x00
    .byte 0x10, 0x00, 0x00, 0x00, 0xe1, 0xf0, 0x21, 0x02, 0x00, 0x00, 0x00, 0x00, 0x00, 0x00, 0x00, 0x00
    .byte 0x00, 0x00, 0x00, 0x00, 0x01, 0x00, 0x00, 0x00, 0x00, 0x00, 0x00, 0x00, 0x00, 0x00, 0x00, 0x00
    .byte 0xff, 0xff, 0xff, 0xff, 0xff, 0xff, 0xff, 0xff, 0x00, 0x00, 0x08, 0x00, 0xff, 0xff, 0xff, 0xff
    .byte 0x00, 0x00, 0x0f, 0x00, 0xf4, 0xd8, 0x0c, 0x00, 0x00, 0x00, 0x00, 0x00, 0x03, 0x00, 0x00, 0x00
    .byte 0x48, 0x22, 0x00, 0x00, 0x49, 0x22, 0x00, 0x00, 0x4a, 0x22, 0x00, 0x00, 0x02, 0x00, 0x00, 0x00
    .byte 0x00, 0x00, 0x00, 0x00, 0x00, 0x00, 0xf0, 0xff, 0xcf, 0xff, 0x10, 0x00, 0x07, 0x00, 0x80, 0x01
    .byte 0x37, 0x01, 0x00, 0x00, 0x10, 0x00, 0x00, 0x00, 0x84, 0xf1, 0x21, 0x02, 0x00, 0x00, 0x00, 0x00
    .byte 0x00, 0x00, 0x00, 0x00, 0x00, 0x00, 0x00, 0x00, 0x01, 0x00, 0x00, 0x00, 0x00, 0x00, 0x00, 0x00
    .byte 0x00, 0x00, 0x00, 0x00, 0xff, 0xff, 0xff, 0xff, 0xff, 0xff, 0xff, 0xff, 0x00, 0x00, 0x09, 0x00
    .byte 0xff, 0xff, 0xff, 0xff, 0x00, 0x00, 0x0f, 0x00, 0xf4, 0xd8, 0x0c, 0x00, 0x00, 0x00, 0x00, 0x00
    .byte 0x03, 0x00, 0x00, 0x00, 0x4e, 0x22, 0x00, 0x00, 0x4f, 0x22, 0x00, 0x00, 0x50, 0x22, 0x00, 0x00
    .byte 0x02, 0x00, 0x00, 0x00, 0x00, 0x00, 0x00, 0x00, 0x00, 0x00, 0xf0, 0xff, 0xcf, 0xff, 0x10, 0x00
    .byte 0x07, 0x00, 0x80, 0x01, 0xe8, 0x00, 0x00, 0x00, 0x10, 0x00, 0x00, 0x00, 0x28, 0xf3, 0x21, 0x02
    .byte 0x00, 0x00, 0x00, 0x00, 0x00, 0x00, 0x00, 0x00, 0x00, 0x00, 0x00, 0x00, 0xff, 0xff, 0x00, 0x00
    .byte 0x00, 0x00, 0x00, 0x00, 0x00, 0x00, 0x00, 0x00, 0xff, 0xff, 0xff, 0xff, 0xff, 0xff, 0xff, 0xff
    .byte 0x00, 0x00, 0x0a, 0x00, 0xff, 0xff, 0xff, 0xff, 0x00, 0x00, 0x0e, 0x00, 0xf4, 0xd8, 0x0c, 0x00
    .byte 0x00, 0x00, 0x00, 0x00, 0x03, 0x00, 0x00, 0x00, 0x4e, 0x22, 0x00, 0x00, 0x4f, 0x22, 0x00, 0x00
    .byte 0x50, 0x22, 0x00, 0x00, 0x02, 0x00, 0x00, 0x00, 0x00, 0x10, 0x00, 0x00, 0x00, 0x00, 0xf0, 0xff
    .byte 0x00, 0x00, 0x10, 0x00, 0x20, 0x00, 0x80, 0x01, 0xc0, 0x00, 0x00, 0x00, 0x00, 0x00, 0x00, 0x00
    .byte 0x19, 0xf3, 0x21, 0x02, 0x00, 0x00, 0x00, 0x00, 0x00, 0x00, 0x00, 0x00, 0x00, 0x00, 0x00, 0x00
    .byte 0xff, 0xff, 0x00, 0x00, 0x00, 0x00, 0x00, 0x00, 0x00, 0x00, 0x00, 0x00, 0xff, 0xff, 0xff, 0xff
    .byte 0xff, 0xff, 0xff, 0xff, 0x00, 0x00, 0x0b, 0x00, 0xff, 0xff, 0xff, 0xff, 0x00, 0x00, 0x0e, 0x00
    .byte 0xf4, 0xd8, 0x0c, 0x00, 0x00, 0x00, 0x00, 0x00, 0x06, 0x00, 0x00, 0x00, 0x00, 0x10, 0x00, 0x00
    .byte 0x01, 0x10, 0x00, 0x00, 0x02, 0x10, 0x00, 0x00, 0x02, 0x00, 0x0c, 0x08, 0x00, 0x00, 0x00, 0x00
    .byte 0x00, 0x00, 0xf0, 0xff, 0xcf, 0xff, 0x10, 0x00, 0x07, 0x00, 0x00, 0xfe, 0x00, 0xfe, 0x00, 0x00
    .byte 0x00, 0x80, 0x00, 0x00, 0x8f, 0x0b, 0x22, 0x02, 0x00, 0x00, 0x00, 0x00, 0x00, 0x00, 0x00, 0x00
    .byte 0x00, 0x00, 0x00, 0x00, 0xff, 0xff, 0x00, 0x00, 0x00, 0x00, 0x00, 0x00, 0x00, 0x00, 0x00, 0x00
    .byte 0xff, 0xff, 0xff, 0xff, 0xff, 0xff, 0xff, 0xff, 0x00, 0x00, 0x0c, 0x00, 0xff, 0xff, 0xff, 0xff
    .byte 0x00, 0x00, 0x00, 0x00, 0xf4, 0xd8, 0x0c, 0x00, 0x00, 0x00, 0x00, 0x00, 0x03, 0x00, 0x00, 0x00
    .byte 0x0a, 0x15, 0x00, 0x00, 0x0b, 0x15, 0x00, 0x00, 0x0c, 0x15, 0x00, 0x00, 0x02, 0x00, 0x0c, 0x08
    .byte 0x00, 0x00, 0x00, 0x00, 0x00, 0x00, 0xf0, 0xff, 0xcf, 0xff, 0x10, 0x00, 0x07, 0x00, 0x7c, 0x00
    .byte 0x80, 0xff, 0x00, 0x00, 0x01, 0x00, 0x00, 0x01, 0xba, 0x0b, 0x22, 0x02, 0x00, 0x00, 0x00, 0x00
    .byte 0x00, 0x00, 0x00, 0x00, 0x00, 0x00, 0x00, 0x00, 0xff, 0xff, 0x00, 0x00, 0x00, 0x00, 0x00, 0x00
    .byte 0x00, 0x00, 0x00, 0x00, 0xff, 0xff, 0xff, 0xff, 0xff, 0xff, 0xff, 0xff, 0x00, 0x00, 0x0d, 0x00
    .byte 0xff, 0xff, 0xff, 0xff, 0x00, 0x00, 0x00, 0x00, 0xf4, 0xd8, 0x0c, 0x00, 0x00, 0x00, 0x00, 0x00
    .byte 0x03, 0x00, 0x00, 0x00, 0x0a, 0x15, 0x00, 0x00, 0x0b, 0x15, 0x00, 0x00, 0x0c, 0x15, 0x00, 0x00
    .byte 0x02, 0x00, 0x0c, 0x08, 0x00, 0x00, 0x00, 0x00, 0x00, 0x00, 0xf0, 0xff, 0xcf, 0xff, 0x10, 0x00
    .byte 0x07, 0x00, 0x7c, 0x00, 0x80, 0xff, 0x00, 0x00, 0x01, 0x00, 0x00, 0x01, 0xca, 0x0b, 0x22, 0x02
    .byte 0x00, 0x00, 0x00, 0x00, 0x00, 0x00, 0x00, 0x00, 0x00, 0x00, 0x00, 0x00, 0xff, 0xff, 0x00, 0x00
    .byte 0x00, 0x00, 0x00, 0x00, 0x00, 0x00, 0x00, 0x00, 0xff, 0xff, 0xff, 0xff, 0xff, 0xff, 0xff, 0xff
    .byte 0x00, 0x00, 0x0e, 0x00, 0xff, 0xff, 0xff, 0xff, 0x00, 0x00, 0x00, 0x00, 0xf4, 0xd8, 0x0c, 0x00
    .byte 0x00, 0x00, 0x00, 0x00, 0x03, 0x00, 0x00, 0x00, 0x0a, 0x15, 0x00, 0x00, 0x0b, 0x15, 0x00, 0x00
    .byte 0x0c, 0x15, 0x00, 0x00, 0x02, 0x00, 0x0c, 0x08, 0x00, 0x00, 0x00, 0x00, 0x00, 0x00, 0xf0, 0xff
    .byte 0xcf, 0xff, 0x10, 0x00, 0x07, 0x00, 0x7c, 0x00, 0x80, 0xff, 0x00, 0x00, 0x01, 0x00, 0x00, 0x01
    .byte 0xda, 0x0b, 0x22, 0x02, 0x00, 0x00, 0x00, 0x00, 0x00, 0x00, 0x00, 0x00, 0x00, 0x00, 0x00, 0x00
    .byte 0xff, 0xff, 0x00, 0x00, 0x00, 0x00, 0x00, 0x00, 0x00, 0x00, 0x00, 0x00, 0xff, 0xff, 0xff, 0xff
    .byte 0xff, 0xff, 0xff, 0xff, 0x00, 0x00, 0x0f, 0x00, 0xff, 0xff, 0xff, 0xff, 0x00, 0x00, 0x00, 0x00
    .byte 0xf4, 0xd8, 0x0c, 0x00, 0x00, 0x00, 0x00, 0x00, 0x03, 0x00, 0x00, 0x00, 0x57, 0x11, 0x00, 0x00
    .byte 0x58, 0x11, 0x00, 0x00, 0x59, 0x11, 0x00, 0x00, 0x02, 0x00, 0x0c, 0x08, 0x00, 0x00, 0x00, 0x00
    .byte 0x00, 0x00, 0xf0, 0xff, 0xcf, 0xff, 0x10, 0x00, 0x07, 0x00, 0x00, 0x00, 0x00, 0x00, 0x00, 0x00
    .byte 0x10, 0x00, 0x00, 0x00, 0x96, 0xfb, 0x21, 0x02, 0x00, 0x00, 0x00, 0x00, 0x00, 0x00, 0x00, 0x00
    .byte 0x00, 0x00, 0x00, 0x00, 0xff, 0xff, 0x00, 0x00, 0x00, 0x00, 0x00, 0x00, 0x00, 0x00, 0x00, 0x00
    .byte 0xff, 0xff, 0xff, 0xff, 0xff, 0xff, 0xff, 0xff, 0x00, 0x00, 0x10, 0x00, 0xff, 0xff, 0xff, 0xff
    .byte 0x00, 0x00, 0x00, 0x00, 0xf4, 0xd8, 0x0c, 0x00, 0x00, 0x00, 0x00, 0x00, 0x03, 0x00, 0x00, 0x00
    .byte 0xd6, 0x16, 0x00, 0x00, 0xd7, 0x16, 0x00, 0x00, 0xd8, 0x16, 0x00, 0x00, 0x02, 0x00, 0x0c, 0x08
    .byte 0x00, 0x00, 0x00, 0x00, 0x00, 0x00, 0xf0, 0xff, 0xcf, 0xff, 0x10, 0x00, 0x07, 0x00, 0x7c, 0x00
    .byte 0x80, 0xff, 0x00, 0x00, 0x01, 0x00, 0x00, 0x01, 0xea, 0x0b, 0x22, 0x02, 0x00, 0x00, 0x00, 0x00
    .byte 0x00, 0x00, 0x00, 0x00, 0x00, 0x00, 0x00, 0x00, 0xff, 0xff, 0x00, 0x00, 0x00, 0x00, 0x00, 0x00
    .byte 0x00, 0x00, 0x00, 0x00, 0xff, 0xff, 0xff, 0xff, 0xff, 0xff, 0xff, 0xff, 0x00, 0x00, 0x11, 0x00
    .byte 0xff, 0xff, 0xff, 0xff, 0x00, 0x00, 0x00, 0x00, 0xf4, 0xd8, 0x0c, 0x00, 0x00, 0x00, 0x00, 0x00
    .byte 0x03, 0x00, 0x00, 0x00, 0xd2, 0x16, 0x00, 0x00, 0xd3, 0x16, 0x00, 0x00, 0xd4, 0x16, 0x00, 0x00
    .byte 0x02, 0x00, 0x0c, 0x08, 0x00, 0x00, 0x00, 0x00, 0x00, 0x00, 0xf0, 0xff, 0xcf, 0xff, 0x10, 0x00
    .byte 0x07, 0x00, 0x7c, 0x00, 0x80, 0xff, 0x00, 0x00, 0x01, 0x00, 0x00, 0x01, 0xfa, 0x0b, 0x22, 0x02
    .byte 0x00, 0x00, 0x00, 0x00, 0x00, 0x00, 0x00, 0x00, 0x00, 0x00, 0x00, 0x00, 0xff, 0xff, 0x00, 0x00
    .byte 0x00, 0x00, 0x00, 0x00, 0x00, 0x00, 0x00, 0x00, 0xff, 0xff, 0xff, 0xff, 0xff, 0xff, 0xff, 0xff
    .byte 0x00, 0x00, 0x12, 0x00, 0xff, 0xff, 0xff, 0xff, 0x00, 0x00, 0x00, 0x00, 0xf4, 0xd8, 0x0c, 0x00
    .byte 0x00, 0x00, 0x00, 0x00, 0x03, 0x00, 0x00, 0x00, 0xca, 0x16, 0x00, 0x00, 0xcb, 0x16, 0x00, 0x00
    .byte 0xcc, 0x16, 0x00, 0x00, 0x02, 0x00, 0x0c, 0x08, 0x00, 0x00, 0x00, 0x00, 0x00, 0x00, 0xf0, 0xff
    .byte 0xcf, 0xff, 0x10, 0x00, 0x07, 0x00, 0x7c, 0x00, 0x80, 0xff, 0x00, 0x00, 0x01, 0x00, 0x00, 0x01
    .byte 0x0a, 0x0c, 0x22, 0x02, 0x00, 0x00, 0x00, 0x00, 0x00, 0x00, 0x00, 0x00, 0x00, 0x00, 0x00, 0x00
    .byte 0xff, 0xff, 0x00, 0x00, 0x00, 0x00, 0x00, 0x00, 0x00, 0x00, 0x00, 0x00, 0xff, 0xff, 0xff, 0xff
    .byte 0xff, 0xff, 0xff, 0xff, 0x00, 0x00, 0x13, 0x00, 0xff, 0xff, 0xff, 0xff, 0x00, 0x00, 0x00, 0x00
    .byte 0xf4, 0xd8, 0x0c, 0x00, 0x00, 0x00, 0x00, 0x00, 0x03, 0x00, 0x00, 0x00, 0xca, 0x16, 0x00, 0x00
    .byte 0xcb, 0x16, 0x00, 0x00, 0xcc, 0x16, 0x00, 0x00, 0x02, 0x00, 0x0c, 0x08, 0x00, 0x00, 0x00, 0x00
    .byte 0x00, 0x00, 0xf0, 0xff, 0xcf, 0xff, 0x10, 0x00, 0x07, 0x00, 0x7c, 0x00, 0x80, 0xff, 0x00, 0x00
    .byte 0x01, 0x00, 0x00, 0x01, 0x1a, 0x0c, 0x22, 0x02, 0x00, 0x00, 0x00, 0x00, 0x00, 0x00, 0x00, 0x00
    .byte 0x00, 0x00, 0x00, 0x00, 0xff, 0xff, 0x00, 0x00, 0x00, 0x00, 0x00, 0x00, 0x00, 0x00, 0x00, 0x00
    .byte 0xff, 0xff, 0xff, 0xff, 0xff, 0xff, 0xff, 0xff, 0x00, 0x00, 0x14, 0x00, 0xff, 0xff, 0xff, 0xff
    .byte 0x00, 0x00, 0x00, 0x00, 0xf4, 0xd8, 0x0c, 0x00, 0x00, 0x00, 0x00, 0x00, 0x03, 0x00, 0x00, 0x00
    .byte 0xce, 0x16, 0x00, 0x00, 0xcf, 0x16, 0x00, 0x00, 0xd0, 0x16, 0x00, 0x00, 0x02, 0x00, 0x0c, 0x08
    .byte 0x00, 0x00, 0x00, 0x00, 0x00, 0x00, 0xf0, 0xff, 0xcf, 0xff, 0x10, 0x00, 0x07, 0x00, 0x7c, 0x00
    .byte 0x80, 0xff, 0x00, 0x00, 0x01, 0x00, 0x00, 0x01, 0x2a, 0x0c, 0x22, 0x02, 0x00, 0x00, 0x00, 0x00
    .byte 0x00, 0x00, 0x00, 0x00, 0x00, 0x00, 0x00, 0x00, 0xff, 0xff, 0x00, 0x00, 0x00, 0x00, 0x00, 0x00
    .byte 0x00, 0x00, 0x00, 0x00, 0xff, 0xff, 0xff, 0xff, 0xff, 0xff, 0xff, 0xff, 0x00, 0x00, 0x15, 0x00
    .byte 0xff, 0xff, 0xff, 0xff, 0x00, 0x00, 0x00, 0x00, 0xf4, 0xd8, 0x0c, 0x00, 0x00, 0x00, 0x00, 0x00
    .byte 0x00, 0x00, 0x00, 0x00, 0x00, 0x00, 0x00, 0x00, 0x00, 0x00, 0x00, 0x00, 0x00, 0x00, 0x00, 0x00
    .byte 0x00, 0x00, 0x00, 0x00, 0x00, 0x00, 0x00, 0x00, 0x00, 0x00, 0x00, 0x00, 0x00, 0x00, 0x00, 0x00
    .byte 0x00, 0x00, 0x00, 0x00, 0x00, 0x00, 0x00, 0x00, 0x00, 0x00, 0x00, 0x00, 0x00, 0x00, 0x00, 0x00
    .byte 0x00, 0x00, 0x00, 0x00, 0x00, 0x00, 0x00, 0x00, 0x00, 0x00, 0x00, 0x00, 0x00, 0x00, 0x00, 0x00
    .byte 0x00, 0x00, 0x00, 0x00, 0x00, 0x00, 0x00, 0x00, 0x00, 0x00, 0x00, 0x00, 0x00, 0x00, 0x00, 0x00
    .byte 0x00, 0x00, 0x00, 0x00, 0x00, 0x00, 0x00, 0x00, 0x00, 0x00, 0x00, 0x00, 0x00, 0x00, 0x00, 0x00
    .byte 0x00, 0x00, 0x00, 0x00, 0x2c, 0x62, 0x10, 0x00, 0x00, 0x2c, 0x01, 0x10, 0x00, 0x00, 0x2c, 0x63
    .byte 0x10, 0x00, 0x00, 0x2c, 0x02, 0x00, 0x00, 0x00, 0x2c, 0x10, 0x00, 0x00, 0x00, 0x15, 0x73, 0x20
    .byte 0x00, 0x00, 0x15, 0x55, 0x20, 0x00, 0x00, 0x2c, 0x61, 0x00, 0x00, 0x00, 0x15, 0xe0, 0x2c, 0x3c
    .byte 0x00, 0x00, 0x00, 0x15, 0x07, 0x15, 0x08, 0x00, 0x15, 0x28, 0x2c, 0x00, 0x10, 0x00, 0x00, 0x2c
    .byte 0x01, 0x10, 0x00, 0x00, 0x2c, 0x02, 0x10, 0x00, 0x00, 0x2c, 0x02, 0x00, 0x00, 0x00, 0x20, 0x00
    .byte 0x00, 0x15, 0x73, 0x2c, 0x01, 0x00, 0x00, 0x00, 0x15, 0x25, 0x2c, 0x12, 0x00, 0x00, 0x00, 0x20
    .byte 0x00, 0x00, 0x15, 0x32, 0x2d, 0x58, 0x2c, 0x07, 0x00, 0x00, 0x00, 0x15, 0x47, 0x18, 0x70, 0x17
    .byte 0x00, 0x2d, 0x58, 0x2c, 0x08, 0x00, 0x00, 0x00, 0x15, 0x47, 0x18, 0x70, 0x17, 0x00, 0x15, 0x1e
    .byte 0x18, 0x70, 0x17, 0x00, 0x15, 0x75, 0x20, 0x00, 0x00, 0x15, 0x06, 0x00, 0x15, 0xa2, 0x00, 0x2c
    .byte 0x01, 0x00, 0x00, 0x00, 0x15, 0x09, 0x00, 0x20, 0x00, 0x00, 0x15, 0x09, 0x00, 0x15, 0x0d, 0x00
    .byte 0x00, 0x20, 0x00, 0x00, 0x15, 0x17, 0x00, 0x2c, 0x01, 0x00, 0x00, 0x00, 0x15, 0x25, 0x00, 0x20
    .byte 0x00, 0x00, 0x15, 0x25, 0x00, 0x20, 0x00, 0x00, 0x20, 0x00, 0x00, 0x20, 0x00, 0x00, 0x15, 0x02
    .byte 0x20, 0x00, 0x00, 0x15, 0x3d, 0x20, 0x00, 0x00, 0x15, 0x09, 0x00, 0x20, 0x00, 0x00, 0x15, 0x18
    .byte 0x20, 0x00, 0x00, 0x15, 0x19, 0x20, 0x00, 0x00, 0x15, 0x09, 0x00, 0x2c, 0x0c, 0xfe, 0xff, 0xff
    .byte 0x2c, 0x0c, 0xfe, 0xff, 0xff, 0x20, 0x00, 0x00, 0x15, 0x02, 0x20, 0x00, 0x00, 0x15, 0x09, 0x00
    .byte 0x15, 0x2c, 0x00, 0x20, 0x00, 0x00, 0x15, 0x17, 0x2c, 0x00, 0x10, 0x00, 0x00, 0x2c, 0x01, 0x10
    .byte 0x00, 0x00, 0x2c, 0x02, 0x10, 0x00, 0x00, 0x2c, 0x02, 0x00, 0x00, 0x00, 0x20, 0x00, 0x00, 0x15
    .byte 0x73, 0x2c, 0x01, 0x00, 0x00, 0x00, 0x15, 0x09, 0x20, 0x00, 0x00, 0x15, 0x75, 0x00, 0x2c, 0x06
    .byte 0x00, 0x00, 0x00, 0x20, 0x00, 0x00, 0x20, 0x00, 0x00, 0x20, 0x00, 0x00, 0x15, 0xcd, 0x00, 0x22
    .byte 0x2c, 0x15, 0x00, 0x00, 0x00, 0x2c, 0x9e, 0x00, 0x00, 0x00, 0x2c, 0x7f, 0x00, 0x00, 0x00, 0x15
    .byte 0x0a, 0x2c, 0x03, 0x10, 0x00, 0x00, 0x2c, 0x01, 0x10, 0x00, 0x00, 0x2c, 0x04, 0x10, 0x00, 0x00
    .byte 0x2c, 0x02, 0x00, 0x00, 0x00, 0x2c, 0x18, 0x00, 0x00, 0x00, 0x15, 0x73, 0x2c, 0x00, 0x01, 0x00
    .byte 0x00, 0x15, 0x17, 0x2c, 0x01, 0x00, 0x00, 0x00, 0x15, 0x06, 0x2c, 0x01, 0x00, 0x00, 0x00, 0x15
    .byte 0x09, 0x2c, 0x13, 0x00, 0x00, 0x00, 0x20, 0x00, 0x00, 0x20, 0x00, 0x00, 0x2c, 0x30, 0x00, 0x00
    .byte 0x00, 0x20, 0x00, 0x00, 0x20, 0x00, 0x00, 0x20, 0x00, 0x00, 0x15, 0x53, 0x15, 0x46, 0x15, 0x8b
    .byte 0x18, 0x70, 0x32, 0x00, 0x00, 0x00, 0x00, 0x00, 0x13, 0xa2, 0xe0, 0x21, 0x02, 0x01, 0x8e, 0xe0
    .byte 0x21, 0x02, 0x2c, 0x93, 0x00, 0x00, 0x00, 0x2c, 0x01, 0x00, 0x00, 0x00, 0x20, 0x00, 0x00, 0x20
    .byte 0x00, 0x00, 0x15, 0xb8, 0x15, 0x5a, 0x20, 0x00, 0x00, 0x15, 0x75, 0x2c, 0x85, 0x03, 0x00, 0x00
    .byte 0x15, 0x36, 0x2c, 0x2b, 0x00, 0x00, 0x00, 0x15, 0x05, 0x2c, 0x01, 0x00, 0x00, 0x00, 0x15, 0x06
    .byte 0x2c, 0x5a, 0x00, 0x00, 0x00, 0x15, 0x07, 0x15, 0x08, 0x2c, 0xe0, 0x03, 0x00, 0x00, 0x15, 0x37
    .byte 0x18, 0x70, 0x32, 0x00, 0x00, 0x00, 0x00, 0x00, 0x14, 0xf2, 0xe0, 0x21, 0x02, 0x01, 0xd9, 0xe0
    .byte 0x21, 0x02, 0x00, 0x20, 0x00, 0x00, 0x15, 0x75, 0x2c, 0x00, 0x01, 0x00, 0x00, 0x15, 0x17, 0x2c
    .byte 0x0f, 0x10, 0x00, 0x00, 0x2c, 0x01, 0x10, 0x00, 0x00, 0x2c, 0x10, 0x10, 0x00, 0x00, 0x2c, 0x02
    .byte 0x00, 0x00, 0x00, 0x2c, 0x21, 0x00, 0x00, 0x00, 0x15, 0x73, 0x15, 0x16, 0x15, 0x46, 0x29, 0x00
    .byte 0x66, 0x32, 0x00, 0x01, 0x00, 0x00, 0x00, 0x13, 0x3a, 0xe1, 0x21, 0x02, 0x29, 0x00, 0x66, 0x32
    .byte 0x00, 0x08, 0x00, 0x00, 0x00, 0x14, 0xbf, 0xe1, 0x21, 0x02, 0x2c, 0x03, 0x00, 0x00, 0x00, 0x38
    .byte 0x00, 0x20, 0x00, 0x00, 0x20, 0x00, 0x00, 0x20, 0x00, 0x00, 0x20, 0x00, 0x00, 0x20, 0x00, 0x00
    .byte 0x15, 0x53, 0x2c, 0x01, 0x00, 0x00, 0x00, 0x38, 0x00, 0x15, 0x85, 0x37, 0x00, 0x00, 0x32, 0x00
    .byte 0x01, 0x00, 0x00, 0x00, 0x14, 0x94, 0xe1, 0x21, 0x02, 0x15, 0x8b, 0x18, 0x70, 0x32, 0x00, 0x00
    .byte 0x00, 0x00, 0x00, 0x13, 0x7d, 0xe1, 0x21, 0x02, 0x01, 0x69, 0xe1, 0x21, 0x02, 0x2c, 0x20, 0x03
    .byte 0x00, 0x00, 0x2c, 0x01, 0x00, 0x00, 0x00, 0x20, 0x00, 0x00, 0x20, 0x00, 0x00, 0x15, 0xb8, 0x25
    .byte 0xba, 0xe1, 0x21, 0x02, 0x15, 0x8b, 0x18, 0x70, 0x32, 0x00, 0x00, 0x00, 0x00, 0x00, 0x13, 0xa8
    .byte 0xe1, 0x21, 0x02, 0x01, 0x94, 0xe1, 0x21, 0x02, 0x2c, 0xe1, 0x02, 0x00, 0x00, 0x2c, 0x01, 0x00
    .byte 0x00, 0x00, 0x20, 0x00, 0x00, 0x20, 0x00, 0x00, 0x15, 0xb8, 0x25, 0x22, 0xe3, 0x21, 0x02, 0x29
    .byte 0x00, 0x66, 0x32, 0x00, 0x03, 0x00, 0x00, 0x00, 0x13, 0xdb, 0xe1, 0x21, 0x02, 0x29, 0x00, 0x66
    .byte 0x32, 0x00, 0x09, 0x00, 0x00, 0x00, 0x14, 0x1f, 0xe2, 0x21, 0x02, 0x2c, 0x04, 0x00, 0x00, 0x00
    .byte 0x2c, 0x03, 0x00, 0x00, 0x00, 0x2d, 0xd9, 0x2d, 0x63, 0x20, 0x00, 0x00, 0x20, 0x00, 0x00, 0x20
    .byte 0x00, 0x00, 0x15, 0x53, 0x15, 0x8b, 0x18, 0x70, 0x32, 0x00, 0x00, 0x00, 0x00, 0x00, 0x13, 0x08
    .byte 0xe2, 0x21, 0x02, 0x01, 0xf4, 0xe1, 0x21, 0x02, 0x2c, 0x01, 0x00, 0x00, 0x00, 0x2c, 0x01, 0x00
    .byte 0x00, 0x00, 0x20, 0x00, 0x00, 0x20, 0x00, 0x00, 0x15, 0xb8, 0x25, 0x22, 0xe3, 0x21, 0x02, 0x29
    .byte 0x00, 0x66, 0x32, 0x00, 0x04, 0x00, 0x00, 0x00, 0x14, 0x7a, 0xe2, 0x21, 0x02, 0x2c, 0x04, 0x00
    .byte 0x00, 0x00, 0x2c, 0x03, 0x00, 0x00, 0x00, 0x2c, 0x3d, 0x00, 0x00, 0x00, 0x2d, 0x63, 0x20, 0x00
    .byte 0x00, 0x20, 0x00, 0x00, 0x20, 0x00, 0x00, 0x15, 0x53, 0x29, 0x00, 0xd9, 0x26, 0x00, 0xc0, 0x15
    .byte 0x8b, 0x18, 0x70, 0x32, 0x00, 0x00, 0x00, 0x00, 0x00, 0x13, 0x63, 0xe2, 0x21, 0x02, 0x01, 0x4f
    .byte 0xe2, 0x21, 0x02, 0x2c, 0x02, 0x00, 0x00, 0x00, 0x2c, 0x01, 0x00, 0x00, 0x00, 0x20, 0x00, 0x00
    .byte 0x20, 0x00, 0x00, 0x15, 0xb8, 0x25, 0x22, 0xe3, 0x21, 0x02, 0x29, 0x00, 0x66, 0x32, 0x00, 0x0a
    .byte 0x00, 0x00, 0x00, 0x14, 0xe8, 0xe2, 0x21, 0x02, 0x29, 0x00, 0xd9, 0x26, 0x00, 0xbe, 0x15, 0x8b
    .byte 0x18, 0x70, 0x32, 0x00, 0x00, 0x00, 0x00, 0x00, 0x13, 0xa2, 0xe2, 0x21, 0x02, 0x01, 0x8e, 0xe2
    .byte 0x21, 0x02, 0x2c, 0x46, 0x00, 0x00, 0x00, 0x2c, 0x01, 0x00, 0x00, 0x00, 0x20, 0x00, 0x00, 0x20
    .byte 0x00, 0x00, 0x15, 0xb8, 0x15, 0x5a, 0x2c, 0x97, 0x03, 0x00, 0x00, 0x15, 0x37, 0x18, 0x70, 0x32
    .byte 0x00, 0x00, 0x00, 0x00, 0x00, 0x14, 0xdb, 0xe2, 0x21, 0x02, 0x2c, 0xb4, 0x03, 0x00, 0x00, 0x15
    .byte 0x35, 0x2c, 0x08, 0x00, 0x00, 0x00, 0x20, 0x00, 0x00, 0x15, 0x78, 0x2c, 0x97, 0x03, 0x00, 0x00
    .byte 0x15, 0x35, 0x00, 0x25, 0x22, 0xe3, 0x21, 0x02, 0x29, 0x00, 0x66, 0x32, 0x00, 0x0b, 0x00, 0x00
    .byte 0x00, 0x14, 0x22, 0xe3, 0x21, 0x02, 0x29, 0x00, 0xd9, 0x26, 0x00, 0xbe, 0x15, 0x8b, 0x18, 0x70
    .byte 0x32, 0x00, 0x00, 0x00, 0x00, 0x00, 0x13, 0x10, 0xe3, 0x21, 0x02, 0x01, 0xfc, 0xe2, 0x21, 0x02
    .byte 0x2c, 0x57, 0x02, 0x00, 0x00, 0x2c, 0x01, 0x00, 0x00, 0x00, 0x20, 0x00, 0x00, 0x20, 0x00, 0x00
    .byte 0x15, 0xb8, 0x15, 0x5a, 0x00, 0x20, 0x00, 0x00, 0x2c, 0x47, 0xe3, 0x21, 0x02, 0x15, 0x39, 0x20
    .byte 0x00, 0x00, 0x15, 0x42, 0x18, 0x70, 0x32, 0x00, 0x00, 0x00, 0x00, 0x00, 0x14, 0x46, 0xe3, 0x21
    .byte 0x02, 0x01, 0x2f, 0xe3, 0x21, 0x02, 0x22, 0x2c, 0x15, 0x00, 0x00, 0x00, 0x2c, 0x9d, 0x00, 0x00
    .byte 0x00, 0x2c, 0x7f, 0x00, 0x00, 0x00, 0x15, 0x0a, 0x2c, 0x00, 0x01, 0x00, 0x00, 0x15, 0x17, 0x2c
    .byte 0x0f, 0x10, 0x00, 0x00, 0x2c, 0x01, 0x10, 0x00, 0x00, 0x2c, 0x10, 0x10, 0x00, 0x00, 0x2c, 0x02
    .byte 0x00, 0x00, 0x00, 0x2c, 0x21, 0x00, 0x00, 0x00, 0x15, 0x73, 0x2c, 0x21, 0x00, 0x00, 0x00, 0x15
    .byte 0x05, 0x15, 0x16, 0x00, 0x20, 0x00, 0x00, 0x2c, 0xa6, 0xe3, 0x21, 0x02, 0x15, 0x39, 0x20, 0x00
    .byte 0x00, 0x15, 0x42, 0x18, 0x70, 0x32, 0x00, 0x00, 0x00, 0x00, 0x00, 0x14, 0xa5, 0xe3, 0x21, 0x02
    .byte 0x01, 0x8e, 0xe3, 0x21, 0x02, 0x22, 0x2c, 0x15, 0x00, 0x00, 0x00, 0x2c, 0x9c, 0x00, 0x00, 0x00
    .byte 0x2c, 0x7f, 0x00, 0x00, 0x00, 0x15, 0x0a, 0x2c, 0x00, 0x01, 0x00, 0x00, 0x15, 0x17, 0x2c, 0x0f
    .byte 0x10, 0x00, 0x00, 0x2c, 0x01, 0x10, 0x00, 0x00, 0x2c, 0x10, 0x10, 0x00, 0x00, 0x2c, 0x02, 0x00
    .byte 0x00, 0x00, 0x2c, 0x21, 0x00, 0x00, 0x00, 0x15, 0x73, 0x2c, 0x21, 0x00, 0x00, 0x00, 0x15, 0x05
    .byte 0x15, 0x16, 0x00, 0x2c, 0x00, 0x10, 0x00, 0x00, 0x2c, 0x01, 0x10, 0x00, 0x00, 0x2c, 0x02, 0x10
    .byte 0x00, 0x00, 0x2c, 0x02, 0x00, 0x00, 0x00, 0x20, 0x00, 0x00, 0x15, 0x73, 0x2c, 0x01, 0x00, 0x00
    .byte 0x00, 0x15, 0x25, 0x2c, 0x12, 0x00, 0x00, 0x00, 0x20, 0x00, 0x00, 0x15, 0x32, 0x2d, 0xd2, 0x2c
    .byte 0x07, 0x00, 0x00, 0x00, 0x15, 0x47, 0x18, 0x70, 0x17, 0x00, 0x2d, 0xd2, 0x2c, 0x08, 0x00, 0x00
    .byte 0x00, 0x15, 0x47, 0x18, 0x70, 0x17, 0x00, 0x15, 0x1e, 0x18, 0x70, 0x17, 0x00, 0x15, 0x75, 0x20
    .byte 0x00, 0x00, 0x15, 0x06, 0x00, 0x2c, 0x01, 0x00, 0x00, 0x00, 0x15, 0x09, 0x2c, 0x00, 0x10, 0x00
    .byte 0x00, 0x2c, 0x01, 0x10, 0x00, 0x00, 0x2c, 0x02, 0x10, 0x00, 0x00, 0x2c, 0x02, 0x00, 0x00, 0x00
    .byte 0x20, 0x00, 0x00, 0x15, 0x73, 0x20, 0x00, 0x00, 0x15, 0x75, 0x00, 0x2c, 0x00, 0x10, 0x00, 0x00
    .byte 0x2c, 0x01, 0x10, 0x00, 0x00, 0x2c, 0x02, 0x10, 0x00, 0x00, 0x2c, 0x02, 0x00, 0x00, 0x00, 0x20
    .byte 0x00, 0x00, 0x15, 0x73, 0x2c, 0x12, 0x00, 0x00, 0x00, 0x2c, 0x08, 0x00, 0x00, 0x00, 0x15, 0x32
    .byte 0x2d, 0x02, 0x2c, 0x07, 0x00, 0x00, 0x00, 0x15, 0x47, 0x18, 0x70, 0x17, 0x00, 0x2d, 0x02, 0x2c
    .byte 0x08, 0x00, 0x00, 0x00, 0x15, 0x47, 0x18, 0x70, 0x17, 0x00, 0x15, 0x1e, 0x18, 0x70, 0x17, 0x00
    .byte 0x15, 0x75, 0x20, 0x00, 0x00, 0x15, 0x06, 0x2c, 0x01, 0x00, 0x00, 0x00, 0x15, 0x07, 0x15, 0x08
    .byte 0x25, 0x80, 0xe4, 0x21, 0x02, 0x00, 0x2c, 0x00, 0x10, 0x00, 0x00, 0x2c, 0x01, 0x10, 0x00, 0x00
    .byte 0x2c, 0x02, 0x10, 0x00, 0x00, 0x2c, 0x02, 0x00, 0x00, 0x00, 0x2c, 0x1e, 0x00, 0x00, 0x00, 0x15
    .byte 0x73, 0x2c, 0x01, 0x00, 0x00, 0x00, 0x15, 0x06, 0x2c, 0x3c, 0x00, 0x00, 0x00, 0x15, 0x07, 0x15
    .byte 0x08, 0x00, 0x2c, 0x0b, 0x10, 0x00, 0x00, 0x2c, 0x01, 0x10, 0x00, 0x00, 0x2c, 0x0c, 0x10, 0x00
    .byte 0x00, 0x2c, 0x02, 0x00, 0x00, 0x00, 0x03, 0x00, 0x08, 0x00, 0x00, 0x00, 0x29, 0x01, 0xff, 0x04
    .byte 0x10, 0x17, 0x00, 0x15, 0x73, 0x00, 0x20, 0x00, 0x00, 0x2c, 0x01, 0x00, 0x00, 0x00, 0x15, 0x38
    .byte 0x2c, 0xe0, 0xff, 0xff, 0xff, 0x2c, 0x06, 0xff, 0xff, 0xff, 0x20, 0x00, 0x00, 0x15, 0x02, 0x2c
    .byte 0x03, 0x00, 0x00, 0x00, 0x15, 0x05, 0x2c, 0xa8, 0xfd, 0xff, 0xff, 0x15, 0x1b, 0x2c, 0x40, 0x00
    .byte 0x00, 0x00, 0x15, 0x99, 0x15, 0x96, 0x2c, 0x20, 0x00, 0x00, 0x00, 0x2c, 0x0c, 0x00, 0x00, 0x00
    .byte 0x2c, 0x78, 0x00, 0x00, 0x00, 0x20, 0x00, 0x00, 0x2c, 0xe8, 0x03, 0x00, 0x00, 0x15, 0x95, 0x22
    .byte 0x20, 0x00, 0x00, 0x2c, 0x01, 0x00, 0x00, 0x00, 0x15, 0x38, 0x2c, 0xe0, 0xff, 0xff, 0xff, 0x2c
    .byte 0x40, 0xff, 0xff, 0xff, 0x20, 0x00, 0x00, 0x15, 0x02, 0x2c, 0x04, 0x00, 0x00, 0x00, 0x15, 0x05
    .byte 0x2c, 0xd4, 0xfe, 0xff, 0xff, 0x15, 0x1b, 0x2c, 0x40, 0x00, 0x00, 0x00, 0x15, 0x99, 0x15, 0x96
    .byte 0x2c, 0x20, 0x00, 0x00, 0x00, 0x2c, 0x0c, 0x00, 0x00, 0x00, 0x2c, 0x78, 0x00, 0x00, 0x00, 0x20
    .byte 0x00, 0x00, 0x2c, 0xe8, 0x03, 0x00, 0x00, 0x15, 0x95, 0x22, 0x20, 0x00, 0x00, 0x2c, 0x01, 0x00
    .byte 0x00, 0x00, 0x15, 0x38, 0x2c, 0xe0, 0xff, 0xff, 0xff, 0x2c, 0x80, 0xff, 0xff, 0xff, 0x20, 0x00
    .byte 0x00, 0x15, 0x02, 0x2c, 0x05, 0x00, 0x00, 0x00, 0x15, 0x05, 0x2c, 0x38, 0xff, 0xff, 0xff, 0x15
    .byte 0x1b, 0x2c, 0x40, 0x00, 0x00, 0x00, 0x15, 0x99, 0x15, 0x96, 0x2c, 0x20, 0x00, 0x00, 0x00, 0x2c
    .byte 0x0c, 0x00, 0x00, 0x00, 0x2c, 0x78, 0x00, 0x00, 0x00, 0x20, 0x00, 0x00, 0x2c, 0xe8, 0x03, 0x00
    .byte 0x00, 0x15, 0x95, 0x22, 0x20, 0x00, 0x00, 0x2c, 0x01, 0x00, 0x00, 0x00, 0x15, 0x38, 0x2c, 0x20
    .byte 0x01, 0x00, 0x00, 0x2c, 0x06, 0xff, 0xff, 0xff, 0x20, 0x00, 0x00, 0x15, 0x02, 0x20, 0x00, 0x00
    .byte 0x15, 0x05, 0x2c, 0x0c, 0xfe, 0xff, 0xff, 0x15, 0x1b, 0x2c, 0x40, 0x00, 0x00, 0x00, 0x15, 0x97
    .byte 0x15, 0x96, 0x2c, 0x20, 0x00, 0x00, 0x00, 0x2c, 0x0c, 0x00, 0x00, 0x00, 0x2c, 0x78, 0x00, 0x00
    .byte 0x00, 0x20, 0x00, 0x00, 0x2c, 0xe8, 0x03, 0x00, 0x00, 0x15, 0x95, 0x22, 0x20, 0x00, 0x00, 0x2c
    .byte 0x01, 0x00, 0x00, 0x00, 0x15, 0x38, 0x2c, 0x20, 0x01, 0x00, 0x00, 0x2c, 0x40, 0xff, 0xff, 0xff
    .byte 0x20, 0x00, 0x00, 0x15, 0x02, 0x2c, 0x01, 0x00, 0x00, 0x00, 0x15, 0x05, 0x2c, 0x70, 0xfe, 0xff
    .byte 0xff, 0x15, 0x1b, 0x2c, 0x40, 0x00, 0x00, 0x00, 0x15, 0x97, 0x15, 0x96, 0x2c, 0x20, 0x00, 0x00
    .byte 0x00, 0x2c, 0x0c, 0x00, 0x00, 0x00, 0x2c, 0x78, 0x00, 0x00, 0x00, 0x20, 0x00, 0x00, 0x2c, 0xe8
    .byte 0x03, 0x00, 0x00, 0x15, 0x95, 0x22, 0x20, 0x00, 0x00, 0x2c, 0x01, 0x00, 0x00, 0x00, 0x15, 0x38
    .byte 0x2c, 0x20, 0x01, 0x00, 0x00, 0x2c, 0x80, 0xff, 0xff, 0xff, 0x20, 0x00, 0x00, 0x15, 0x02, 0x2c
    .byte 0x02, 0x00, 0x00, 0x00, 0x15, 0x05, 0x2c, 0x9c, 0xff, 0xff, 0xff, 0x15, 0x1b, 0x2c, 0x40, 0x00
    .byte 0x00, 0x00, 0x15, 0x97, 0x15, 0x96, 0x2c, 0x20, 0x00, 0x00, 0x00, 0x2c, 0x0c, 0x00, 0x00, 0x00
    .byte 0x2c, 0x78, 0x00, 0x00, 0x00, 0x20, 0x00, 0x00, 0x2c, 0xe8, 0x03, 0x00, 0x00, 0x15, 0x95, 0x22
    .byte 0x2c, 0x79, 0x00, 0x00, 0x00, 0x15, 0x99, 0x2c, 0x3c, 0x00, 0x00, 0x00, 0x15, 0x01, 0x18, 0x70
    .byte 0x17, 0x00, 0x15, 0x07, 0x15, 0x08, 0x2c, 0x88, 0xff, 0xff, 0xff, 0x20, 0x00, 0x00, 0x20, 0x00
    .byte 0x00, 0x03, 0x00, 0xc8, 0x00, 0x00, 0x00, 0x2c, 0x64, 0x00, 0x00, 0x00, 0x15, 0x01, 0x18, 0x71
    .byte 0x04, 0x10, 0x17, 0x00, 0x20, 0x00, 0x00, 0x20, 0x00, 0x00, 0x15, 0x1a, 0x15, 0x21, 0x00, 0x2c
    .byte 0x79, 0x00, 0x00, 0x00, 0x15, 0x97, 0x2c, 0x3c, 0x00, 0x00, 0x00, 0x15, 0x01, 0x18, 0x70, 0x17
    .byte 0x00, 0x15, 0x07, 0x15, 0x08, 0x2c, 0x78, 0x00, 0x00, 0x00, 0x20, 0x00, 0x00, 0x20, 0x00, 0x00
    .byte 0x03, 0x00, 0xc8, 0x00, 0x00, 0x00, 0x2c, 0x64, 0x00, 0x00, 0x00, 0x15, 0x01, 0x18, 0x71, 0x04
    .byte 0x10, 0x17, 0x00, 0x20, 0x00, 0x00, 0x20, 0x00, 0x00, 0x15, 0x1a, 0x15, 0x21, 0x00, 0x2c, 0x3c
    .byte 0x00, 0x00, 0x00, 0x15, 0x01, 0x18, 0x70, 0x17, 0x00, 0x15, 0x07, 0x15, 0x08, 0x2c, 0x78, 0x00
    .byte 0x00, 0x00, 0x20, 0x00, 0x00, 0x20, 0x00, 0x00, 0x03, 0x00, 0xc8, 0x00, 0x00, 0x00, 0x2c, 0x64
    .byte 0x00, 0x00, 0x00, 0x15, 0x01, 0x18, 0x71, 0x04, 0x10, 0x17, 0x00, 0x20, 0x00, 0x00, 0x20, 0x00
    .byte 0x00, 0x15, 0x1a, 0x15, 0x21, 0x2c, 0x87, 0xff, 0xff, 0xff, 0x15, 0x99, 0x00, 0x2c, 0x3c, 0x00
    .byte 0x00, 0x00, 0x15, 0x01, 0x18, 0x70, 0x17, 0x00, 0x15, 0x07, 0x15, 0x08, 0x2c, 0x88, 0xff, 0xff
    .byte 0xff, 0x20, 0x00, 0x00, 0x20, 0x00, 0x00, 0x03, 0x00, 0xc8, 0x00, 0x00, 0x00, 0x2c, 0x64, 0x00
    .byte 0x00, 0x00, 0x15, 0x01, 0x18, 0x71, 0x04, 0x10, 0x17, 0x00, 0x20, 0x00, 0x00, 0x20, 0x00, 0x00
    .byte 0x15, 0x1a, 0x15, 0x21, 0x2c, 0x87, 0xff, 0xff, 0xff, 0x15, 0x97, 0x00, 0x2c, 0x01, 0x00, 0x00
    .byte 0x00, 0x15, 0x07, 0x15, 0x08, 0x2c, 0xed, 0x0b, 0x00, 0x00, 0x15, 0x37, 0x18, 0x70, 0x32, 0x00
    .byte 0x01, 0x00, 0x00, 0x00, 0x14, 0x1a, 0xe8, 0x21, 0x02, 0x2c, 0xed, 0x0b, 0x00, 0x00, 0x15, 0x36
    .byte 0x21, 0xd2, 0x0f, 0x22, 0x02, 0x21, 0x34, 0x11, 0x22, 0x02, 0x2c, 0x01, 0x00, 0x00, 0x00, 0x15
    .byte 0x07, 0x15, 0x08, 0x29, 0x00, 0xfe, 0x32, 0x00, 0x8d, 0x00, 0x00, 0x00, 0x14, 0x02, 0xe8, 0x21
    .byte 0x02, 0x22, 0x2c, 0x0a, 0x00, 0x00, 0x00, 0x20, 0x00, 0x00, 0x15, 0x9d, 0x18, 0x70, 0x31, 0x00
    .byte 0x0a, 0x00, 0x00, 0x00, 0x14, 0x1a, 0xe8, 0x21, 0x02, 0x22, 0x2c, 0x08, 0x00, 0x00, 0x00, 0x20
    .byte 0x00, 0x00, 0x15, 0x9d, 0x18, 0x70, 0x32, 0x00, 0x00, 0x00, 0x00, 0x00, 0x14, 0x32, 0xe8, 0x21
    .byte 0x02, 0x22, 0x2c, 0x0d, 0x00, 0x00, 0x00, 0x20, 0x00, 0x00, 0x15, 0x9d, 0x18, 0x70, 0x32, 0x00
    .byte 0x00, 0x00, 0x00, 0x00, 0x14, 0x50, 0xe8, 0x21, 0x02, 0x2c, 0xed, 0x0b, 0x00, 0x00, 0x15, 0x35
    .byte 0x2c, 0x09, 0x00, 0x00, 0x00, 0x20, 0x00, 0x00, 0x15, 0x9d, 0x21, 0x38, 0xec, 0x21, 0x02, 0x2c
    .byte 0xee, 0x0b, 0x00, 0x00, 0x15, 0x35, 0x2c, 0xf8, 0x03, 0x00, 0x00, 0x15, 0x35, 0x2c, 0x86, 0x03
    .byte 0x00, 0x00, 0x15, 0x35, 0x2c, 0x99, 0x00, 0x00, 0x00, 0x2c, 0x00, 0x01, 0x00, 0x00, 0x2c, 0x00
    .byte 0x01, 0x00, 0x00, 0x20, 0x00, 0x00, 0x15, 0x4a, 0x00, 0x2c, 0x01, 0x00, 0x00, 0x00, 0x2c, 0xa3
    .byte 0x00, 0x00, 0x00, 0x15, 0xef, 0x18, 0x70, 0x32, 0x00, 0x01, 0x00, 0x00, 0x00, 0x14, 0xbc, 0xe8
    .byte 0x21, 0x02, 0x2c, 0x16, 0x00, 0x00, 0x00, 0x2c, 0xe7, 0x03, 0x00, 0x00, 0x15, 0x78, 0x2c, 0x01
    .byte 0x00, 0x00, 0x00, 0x15, 0x07, 0x15, 0x08, 0x25, 0x25, 0xe9, 0x21, 0x02, 0x2c, 0xee, 0x0b, 0x00
    .byte 0x00, 0x15, 0x37, 0x18, 0x70, 0x32, 0x00, 0x01, 0x00, 0x00, 0x00, 0x14, 0xf3, 0xe8, 0x21, 0x02
    .byte 0x2c, 0x16, 0x00, 0x00, 0x00, 0x2c, 0x0a, 0x00, 0x00, 0x00, 0x20, 0x00, 0x00, 0x15, 0x9d, 0x18
    .byte 0x70, 0x17, 0x00, 0x15, 0x78, 0x2c, 0x01, 0x00, 0x00, 0x00, 0x15, 0x07, 0x15, 0x08, 0x25, 0x25
    .byte 0xe9, 0x21, 0x02, 0x2c, 0xef, 0x0b, 0x00, 0x00, 0x15, 0x37, 0x18, 0x70, 0x32, 0x00, 0x01, 0x00
    .byte 0x00, 0x00, 0x14, 0x25, 0xe9, 0x21, 0x02, 0x2c, 0x16, 0x00, 0x00, 0x00, 0x2c, 0x0a, 0x00, 0x00
    .byte 0x00, 0x20, 0x00, 0x00, 0x15, 0x9d, 0x18, 0x70, 0x17, 0x00, 0x15, 0x78, 0x2c, 0x01, 0x00, 0x00
    .byte 0x00, 0x15, 0x07, 0x15, 0x08, 0x2c, 0x01, 0x00, 0x00, 0x00, 0x2c, 0xf0, 0xff, 0xff, 0xff, 0x2c
    .byte 0xf0, 0xff, 0xff, 0xff, 0x2c, 0x01, 0x00, 0x00, 0x00, 0x15, 0xd6, 0x2c, 0x02, 0x00, 0x00, 0x00
    .byte 0x2c, 0xf0, 0xff, 0xff, 0xff, 0x2c, 0xf0, 0xff, 0xff, 0xff, 0x2c, 0x01, 0x00, 0x00, 0x00, 0x15
    .byte 0xd6, 0x2c, 0xf8, 0x03, 0x00, 0x00, 0x15, 0x35, 0x2c, 0x86, 0x03, 0x00, 0x00, 0x15, 0x35, 0x01
    .byte 0x64, 0xe9, 0x21, 0x02, 0x2c, 0x0a, 0x00, 0x00, 0x00, 0x20, 0x00, 0x00, 0x15, 0x9d, 0x18, 0x70
    .byte 0x28, 0x00, 0x00, 0x2b, 0x00, 0x00, 0x32, 0x00, 0x01, 0x00, 0x00, 0x00, 0x14, 0x9a, 0xe9, 0x21
    .byte 0x02, 0x2c, 0x8d, 0x00, 0x00, 0x00, 0x2c, 0x00, 0x01, 0x00, 0x00, 0x2c, 0x00, 0x01, 0x00, 0x00
    .byte 0x20, 0x00, 0x00, 0x15, 0x4a, 0x25, 0x48, 0xeb, 0x21, 0x02, 0x2b, 0x00, 0x00, 0x32, 0x00, 0x02
    .byte 0x00, 0x00, 0x00, 0x14, 0xc1, 0xe9, 0x21, 0x02, 0x2c, 0x8e, 0x00, 0x00, 0x00, 0x2c, 0x00, 0x01
    .byte 0x00, 0x00, 0x2c, 0x00, 0x01, 0x00, 0x00, 0x20, 0x00, 0x00, 0x15, 0x4a, 0x25, 0x48, 0xeb, 0x21
    .byte 0x02, 0x2b, 0x00, 0x00, 0x32, 0x00, 0x03, 0x00, 0x00, 0x00, 0x14, 0xe8, 0xe9, 0x21, 0x02, 0x2c
    .byte 0x8f, 0x00, 0x00, 0x00, 0x2c, 0x00, 0x01, 0x00, 0x00, 0x2c, 0x00, 0x01, 0x00, 0x00, 0x20, 0x00
    .byte 0x00, 0x15, 0x4a, 0x25, 0x48, 0xeb, 0x21, 0x02, 0x2b, 0x00, 0x00, 0x32, 0x00, 0x04, 0x00, 0x00
    .byte 0x00, 0x14, 0x0f, 0xea, 0x21, 0x02, 0x2c, 0x90, 0x00, 0x00, 0x00, 0x2c, 0x00, 0x01, 0x00, 0x00
    .byte 0x2c, 0x00, 0x01, 0x00, 0x00, 0x20, 0x00, 0x00, 0x15, 0x4a, 0x25, 0x48, 0xeb, 0x21, 0x02, 0x2b
    .byte 0x00, 0x00, 0x32, 0x00, 0x05, 0x00, 0x00, 0x00, 0x14, 0x36, 0xea, 0x21, 0x02, 0x2c, 0x91, 0x00
    .byte 0x00, 0x00, 0x2c, 0x00, 0x01, 0x00, 0x00, 0x2c, 0x00, 0x01, 0x00, 0x00, 0x20, 0x00, 0x00, 0x15
    .byte 0x4a, 0x25, 0x48, 0xeb, 0x21, 0x02, 0x2b, 0x00, 0x00, 0x32, 0x00, 0x06, 0x00, 0x00, 0x00, 0x14
    .byte 0x5d, 0xea, 0x21, 0x02, 0x2c, 0x92, 0x00, 0x00, 0x00, 0x2c, 0x00, 0x01, 0x00, 0x00, 0x2c, 0x00
    .byte 0x01, 0x00, 0x00, 0x20, 0x00, 0x00, 0x15, 0x4a, 0x25, 0x48, 0xeb, 0x21, 0x02, 0x2b, 0x00, 0x00
    .byte 0x32, 0x00, 0x07, 0x00, 0x00, 0x00, 0x14, 0x84, 0xea, 0x21, 0x02, 0x2c, 0x93, 0x00, 0x00, 0x00
    .byte 0x2c, 0x00, 0x01, 0x00, 0x00, 0x2c, 0x00, 0x01, 0x00, 0x00, 0x20, 0x00, 0x00, 0x15, 0x4a, 0x25
    .byte 0x48, 0xeb, 0x21, 0x02, 0x2b, 0x00, 0x00, 0x32, 0x00, 0x08, 0x00, 0x00, 0x00, 0x14, 0xab, 0xea
    .byte 0x21, 0x02, 0x2c, 0x94, 0x00, 0x00, 0x00, 0x2c, 0x00, 0x01, 0x00, 0x00, 0x2c, 0x00, 0x01, 0x00
    .byte 0x00, 0x20, 0x00, 0x00, 0x15, 0x4a, 0x25, 0x48, 0xeb, 0x21, 0x02, 0x2b, 0x00, 0x00, 0x32, 0x00
    .byte 0x09, 0x00, 0x00, 0x00, 0x14, 0xd2, 0xea, 0x21, 0x02, 0x2c, 0x95, 0x00, 0x00, 0x00, 0x2c, 0x00
    .byte 0x01, 0x00, 0x00, 0x2c, 0x00, 0x01, 0x00, 0x00, 0x20, 0x00, 0x00, 0x15, 0x4a, 0x25, 0x48, 0xeb
    .byte 0x21, 0x02, 0x2b, 0x00, 0x00, 0x32, 0x00, 0x0a, 0x00, 0x00, 0x00, 0x14, 0x26, 0xeb, 0x21, 0x02
    .byte 0x2c, 0x49, 0x02, 0x00, 0x00, 0x15, 0x37, 0x18, 0x70, 0x32, 0x00, 0x00, 0x00, 0x00, 0x00, 0x14
    .byte 0x0d, 0xeb, 0x21, 0x02, 0x2c, 0x96, 0x00, 0x00, 0x00, 0x2c, 0x00, 0x01, 0x00, 0x00, 0x2c, 0x00
    .byte 0x01, 0x00, 0x00, 0x20, 0x00, 0x00, 0x15, 0x4a, 0x25, 0x21, 0xeb, 0x21, 0x02, 0x2c, 0x97, 0x00
    .byte 0x00, 0x00, 0x2c, 0x00, 0x01, 0x00, 0x00, 0x2c, 0x00, 0x01, 0x00, 0x00, 0x20, 0x00, 0x00, 0x15
    .byte 0x4a, 0x25, 0x48, 0xeb, 0x21, 0x02, 0x2b, 0x00, 0x00, 0x32, 0x00, 0x0b, 0x00, 0x00, 0x00, 0x14
    .byte 0x48, 0xeb, 0x21, 0x02, 0x2c, 0x97, 0x00, 0x00, 0x00, 0x2c, 0x00, 0x01, 0x00, 0x00, 0x2c, 0x00
    .byte 0x01, 0x00, 0x00, 0x20, 0x00, 0x00, 0x15, 0x4a, 0x00, 0x2c, 0x04, 0x00, 0x00, 0x00, 0x20, 0x00
    .byte 0x00, 0x20, 0x00, 0x00, 0x20, 0x00, 0x00, 0x15, 0xcd, 0x2c, 0x05, 0x00, 0x00, 0x00, 0x20, 0x00
    .byte 0x00, 0x20, 0x00, 0x00, 0x20, 0x00, 0x00, 0x15, 0xcd, 0x2c, 0x01, 0x00, 0x00, 0x00, 0x15, 0x09
    .byte 0x03, 0x00, 0x00, 0x00, 0x00, 0x00, 0x28, 0x00, 0x00, 0x2b, 0x00, 0x00, 0x34, 0x00, 0x1e, 0x00
    .byte 0x00, 0x00, 0x14, 0x21, 0xec, 0x21, 0x02, 0x2c, 0x01, 0x00, 0x00, 0x00, 0x15, 0x07, 0x15, 0x08
    .byte 0x03, 0x00, 0x0a, 0x00, 0x00, 0x00, 0x28, 0x00, 0x00, 0x2b, 0x00, 0x00, 0x34, 0x00, 0x02, 0x00
    .byte 0x00, 0x00, 0x14, 0xd0, 0xeb, 0x21, 0x02, 0x2c, 0x03, 0x00, 0x00, 0x00, 0x15, 0x07, 0x15, 0x08
    .byte 0x2c, 0x05, 0x00, 0x00, 0x00, 0x2f, 0x00, 0x20, 0x00, 0x00, 0x20, 0x00, 0x00, 0x15, 0xcd, 0x2b
    .byte 0x00, 0x00, 0x24, 0x00, 0x01, 0x00, 0x00, 0x00, 0x28, 0x00, 0x00, 0x25, 0x99, 0xeb, 0x21, 0x02
    .byte 0x03, 0x00, 0x01, 0x00, 0x00, 0x00, 0x28, 0x00, 0x00, 0x2b, 0x00, 0x00, 0x34, 0x00, 0x0a, 0x00
    .byte 0x00, 0x00, 0x14, 0x10, 0xec, 0x21, 0x02, 0x2c, 0x03, 0x00, 0x00, 0x00, 0x15, 0x07, 0x15, 0x08
    .byte 0x2c, 0x05, 0x00, 0x00, 0x00, 0x2f, 0x00, 0x20, 0x00, 0x00, 0x20, 0x00, 0x00, 0x15, 0xcd, 0x2b
    .byte 0x00, 0x00, 0x05, 0x00, 0x01, 0x00, 0x00, 0x00, 0x28, 0x00, 0x00, 0x25, 0xd9, 0xeb, 0x21, 0x02
    .byte 0x2b, 0x00, 0x00, 0x05, 0x00, 0x01, 0x00, 0x00, 0x00, 0x28, 0x00, 0x00, 0x25, 0x79, 0xeb, 0x21
    .byte 0x02, 0x00, 0x20, 0x00, 0x00, 0x15, 0x09, 0x2c, 0x06, 0x00, 0x00, 0x00, 0x20, 0x00, 0x00, 0x20
    .byte 0x00, 0x00, 0x20, 0x00, 0x00, 0x15, 0xcd, 0x00, 0x20, 0x00, 0x00, 0x2c, 0x00, 0x11, 0x00, 0x00
    .byte 0x15, 0xe0, 0x2c, 0x0a, 0x00, 0x00, 0x00, 0x15, 0x07, 0x15, 0x08, 0x2c, 0x0f, 0x00, 0x00, 0x00
    .byte 0x15, 0x07, 0x15, 0x08, 0x2c, 0x1e, 0x00, 0x00, 0x00, 0x15, 0x07, 0x15, 0x08, 0x2c, 0x1e, 0x00
    .byte 0x00, 0x00, 0x15, 0x07, 0x15, 0x08, 0x2c, 0x02, 0x00, 0x00, 0x00, 0x20, 0x00, 0x00, 0x2c, 0x05
    .byte 0x00, 0x00, 0x00, 0x15, 0xa6, 0x2c, 0x3c, 0x00, 0x00, 0x00, 0x15, 0x07, 0x15, 0x08, 0x2c, 0x06
    .byte 0x00, 0x00, 0x00, 0x2c, 0x03, 0x00, 0x00, 0x00, 0x15, 0xe0, 0x20, 0x00, 0x00, 0x2c, 0x2d, 0xed
    .byte 0x21, 0x02, 0x15, 0x39, 0x2c, 0x08, 0x00, 0x00, 0x00, 0x2c, 0x49, 0xeb, 0x21, 0x02, 0x15, 0x39
    .byte 0x2c, 0x78, 0x00, 0x00, 0x00, 0x15, 0x07, 0x15, 0x08, 0x2c, 0x09, 0x00, 0x00, 0x00, 0x2c, 0xe5
    .byte 0xf1, 0x21, 0x02, 0x15, 0x39, 0x2c, 0x3c, 0x00, 0x00, 0x00, 0x15, 0x07, 0x15, 0x08, 0x2c, 0x03
    .byte 0x00, 0x00, 0x00, 0x20, 0x00, 0x00, 0x2c, 0x05, 0x00, 0x00, 0x00, 0x15, 0xa6, 0x2c, 0x09, 0x00
    .byte 0x00, 0x00, 0x2c, 0x40, 0xf2, 0x21, 0x02, 0x15, 0x39, 0x2c, 0x3c, 0x00, 0x00, 0x00, 0x15, 0x07
    .byte 0x15, 0x08, 0x2c, 0x04, 0x00, 0x00, 0x00, 0x20, 0x00, 0x00, 0x2c, 0x05, 0x00, 0x00, 0x00, 0x15
    .byte 0xa6, 0x2c, 0x09, 0x00, 0x00, 0x00, 0x2c, 0x9b, 0xf2, 0x21, 0x02, 0x15, 0x39, 0x2c, 0x78, 0x00
    .byte 0x00, 0x00, 0x15, 0x07, 0x15, 0x08, 0x2c, 0x03, 0x00, 0x00, 0x00, 0x20, 0x00, 0x00, 0x2c, 0x10
    .byte 0x00, 0x00, 0x00, 0x2c, 0x78, 0x00, 0x00, 0x00, 0x15, 0xd6, 0x2c, 0x77, 0x00, 0x00, 0x00, 0x15
    .byte 0x07, 0x15, 0x08, 0x15, 0xa7, 0x2c, 0xf8, 0x03, 0x00, 0x00, 0x15, 0x35, 0x22, 0x2c, 0x13, 0x10
    .byte 0x00, 0x00, 0x2c, 0x01, 0x10, 0x00, 0x00, 0x2c, 0x14, 0x10, 0x00, 0x00, 0x2c, 0x02, 0x00, 0x00
    .byte 0x00, 0x2c, 0x20, 0x00, 0x00, 0x00, 0x15, 0x73, 0x2c, 0x01, 0x00, 0x00, 0x00, 0x15, 0x06, 0x00
    .byte 0x20, 0x00, 0x00, 0x15, 0x18, 0x20, 0x00, 0x00, 0x15, 0x19, 0x2c, 0x01, 0x00, 0x00, 0x00, 0x15
    .byte 0x2b, 0x2c, 0x80, 0x00, 0x00, 0x00, 0x2c, 0x7c, 0x00, 0x00, 0x00, 0x20, 0x00, 0x00, 0x2c, 0x3c
    .byte 0x00, 0x00, 0x00, 0x2c, 0x01, 0x00, 0x00, 0x00, 0x20, 0x00, 0x00, 0x15, 0x1a, 0x15, 0x21, 0x2c
    .byte 0x04, 0x00, 0x00, 0x00, 0x15, 0x75, 0x2c, 0x01, 0x00, 0x00, 0x00, 0x15, 0x25, 0x2c, 0x01, 0x00
    .byte 0x00, 0x00, 0x15, 0x18, 0x2c, 0x01, 0x00, 0x00, 0x00, 0x15, 0x19, 0x2c, 0x0a, 0x00, 0x00, 0x00
    .byte 0x15, 0x07, 0x15, 0x08, 0x00, 0x03, 0x00, 0x00, 0x00, 0x00, 0x00, 0x2c, 0x0a, 0x00, 0x00, 0x00
    .byte 0x15, 0x01, 0x18, 0x71, 0x04, 0x10, 0x17, 0x00, 0x15, 0x07, 0x15, 0x08, 0x2c, 0x0c, 0x00, 0x00
    .byte 0x00, 0x2c, 0x01, 0x00, 0x00, 0x00, 0x15, 0x10, 0x18, 0x70, 0x24, 0x00, 0x40, 0x00, 0x00, 0x00
    .byte 0x17, 0x00, 0x15, 0x11, 0x18, 0x70, 0x24, 0x00, 0x40, 0x00, 0x00, 0x00, 0x17, 0x00, 0x2c, 0x80
    .byte 0x00, 0x00, 0x00, 0x2c, 0x40, 0x00, 0x00, 0x00, 0x2c, 0xff, 0xff, 0xff, 0xff, 0x15, 0x53, 0x25
    .byte 0xa5, 0xed, 0x21, 0x02, 0x00, 0x03, 0x00, 0x00, 0x00, 0x00, 0x00, 0x2c, 0x07, 0x00, 0x00, 0x00
    .byte 0x15, 0x01, 0x18, 0x71, 0x04, 0x10, 0x17, 0x00, 0x15, 0x07, 0x15, 0x08, 0x2c, 0x0c, 0x00, 0x00
    .byte 0x00, 0x2c, 0x02, 0x00, 0x00, 0x00, 0x15, 0x10, 0x18, 0x70, 0x24, 0x00, 0x40, 0x00, 0x00, 0x00
    .byte 0x17, 0x00, 0x15, 0x11, 0x18, 0x70, 0x24, 0x00, 0x40, 0x00, 0x00, 0x00, 0x17, 0x00, 0x2c, 0x80
    .byte 0x00, 0x00, 0x00, 0x2c, 0x40, 0x00, 0x00, 0x00, 0x2c, 0xff, 0xff, 0xff, 0xff, 0x15, 0x53, 0x25
    .byte 0xf5, 0xed, 0x21, 0x02, 0x00, 0x03, 0x00, 0x00, 0x00, 0x00, 0x00, 0x2c, 0x04, 0x00, 0x00, 0x00
    .byte 0x15, 0x01, 0x18, 0x71, 0x04, 0x10, 0x17, 0x00, 0x15, 0x07, 0x15, 0x08, 0x2c, 0x0c, 0x00, 0x00
    .byte 0x00, 0x2c, 0x02, 0x00, 0x00, 0x00, 0x15, 0x10, 0x18, 0x70, 0x24, 0x00, 0x40, 0x00, 0x00, 0x00
    .byte 0x17, 0x00, 0x15, 0x11, 0x18, 0x70, 0x24, 0x00, 0x40, 0x00, 0x00, 0x00, 0x17, 0x00, 0x2c, 0x80
    .byte 0x00, 0x00, 0x00, 0x2c, 0x40, 0x00, 0x00, 0x00, 0x2c, 0xff, 0xff, 0xff, 0xff, 0x15, 0x53, 0x25
    .byte 0x45, 0xee, 0x21, 0x02, 0x00, 0x03, 0x00, 0x00, 0x00, 0x00, 0x00, 0x2c, 0x02, 0x00, 0x00, 0x00
    .byte 0x15, 0x01, 0x18, 0x71, 0x04, 0x10, 0x17, 0x00, 0x15, 0x07, 0x15, 0x08, 0x2c, 0x0c, 0x00, 0x00
    .byte 0x00, 0x2c, 0x02, 0x00, 0x00, 0x00, 0x15, 0x10, 0x18, 0x70, 0x24, 0x00, 0x40, 0x00, 0x00, 0x00
    .byte 0x17, 0x00, 0x15, 0x11, 0x18, 0x70, 0x24, 0x00, 0x40, 0x00, 0x00, 0x00, 0x17, 0x00, 0x2c, 0x80
    .byte 0x00, 0x00, 0x00, 0x2c, 0x40, 0x00, 0x00, 0x00, 0x2c, 0xff, 0xff, 0xff, 0xff, 0x15, 0x53, 0x25
    .byte 0x95, 0xee, 0x21, 0x02, 0x00, 0x2c, 0x1e, 0x00, 0x00, 0x00, 0x2c, 0x00, 0x11, 0x00, 0x00, 0x2c
    .byte 0x20, 0x00, 0x00, 0x00, 0x20, 0x00, 0x00, 0x20, 0x00, 0x00, 0x15, 0x3e, 0x20, 0x00, 0x00, 0x15
    .byte 0x05, 0x2c, 0x01, 0x00, 0x00, 0x00, 0x15, 0x09, 0x2c, 0x01, 0x00, 0x00, 0x00, 0x15, 0x06, 0x2c
    .byte 0x00, 0x01, 0x00, 0x00, 0x15, 0x17, 0x2c, 0x3c, 0x00, 0x00, 0x00, 0x15, 0x07, 0x15, 0x08, 0x20
    .byte 0x00, 0x00, 0x15, 0x09, 0x2c, 0x01, 0x00, 0x00, 0x00, 0x2c, 0x00, 0x11, 0x00, 0x00, 0x15, 0xe0
    .byte 0x00, 0x2c, 0x1e, 0x00, 0x00, 0x00, 0x2c, 0x00, 0x11, 0x00, 0x00, 0x2c, 0x40, 0x00, 0x00, 0x00
    .byte 0x20, 0x00, 0x00, 0x20, 0x00, 0x00, 0x15, 0x3e, 0x2c, 0x01, 0x00, 0x00, 0x00, 0x15, 0x05, 0x2c
    .byte 0x01, 0x00, 0x00, 0x00, 0x15, 0x09, 0x2c, 0x01, 0x00, 0x00, 0x00, 0x15, 0x06, 0x2c, 0x00, 0x01
    .byte 0x00, 0x00, 0x15, 0x17, 0x2c, 0x3c, 0x00, 0x00, 0x00, 0x15, 0x07, 0x15, 0x08, 0x20, 0x00, 0x00
    .byte 0x15, 0x09, 0x2c, 0x01, 0x00, 0x00, 0x00, 0x2c, 0x00, 0x11, 0x00, 0x00, 0x15, 0xe0, 0x00, 0x2c
    .byte 0x1e, 0x00, 0x00, 0x00, 0x2c, 0x00, 0x11, 0x00, 0x00, 0x2c, 0x64, 0x00, 0x00, 0x00, 0x20, 0x00
    .byte 0x00, 0x20, 0x00, 0x00, 0x15, 0x3e, 0x2c, 0x02, 0x00, 0x00, 0x00, 0x15, 0x05, 0x2c, 0x01, 0x00
    .byte 0x00, 0x00, 0x15, 0x09, 0x2c, 0x01, 0x00, 0x00, 0x00, 0x15, 0x06, 0x2c, 0x00, 0x01, 0x00, 0x00
    .byte 0x15, 0x17, 0x2c, 0x3c, 0x00, 0x00, 0x00, 0x15, 0x07, 0x15, 0x08, 0x2c, 0x01, 0x00, 0x00, 0x00
    .byte 0x2c, 0x00, 0x11, 0x00, 0x00, 0x15, 0xe0, 0x00, 0x20, 0x00, 0x00, 0x15, 0x09, 0x2c, 0x01, 0x00
    .byte 0x00, 0x00, 0x15, 0xd7, 0x2c, 0x08, 0x00, 0x00, 0x00, 0x2c, 0xd0, 0xff, 0xff, 0xff, 0x15, 0xd1
    .byte 0x2c, 0x01, 0x00, 0x00, 0x00, 0x2c, 0xb0, 0xff, 0xff, 0xff, 0x2c, 0xb8, 0xff, 0xff, 0xff, 0x2c
    .byte 0x50, 0x00, 0x00, 0x00, 0x2c, 0x10, 0x00, 0x00, 0x00, 0x15, 0x5c, 0x2c, 0x01, 0x00, 0x00, 0x00
    .byte 0x2c, 0xa3, 0x00, 0x00, 0x00, 0x15, 0xef, 0x18, 0x70, 0x32, 0x00, 0x01, 0x00, 0x00, 0x00, 0x14
    .byte 0x19, 0xf0, 0x21, 0x02, 0x25, 0x25, 0xf0, 0x21, 0x02, 0x2c, 0x01, 0x00, 0x00, 0x00, 0x2c, 0x26
    .byte 0xf0, 0x21, 0x02, 0x15, 0x29, 0x00, 0x2c, 0x0c, 0x04, 0x00, 0x00, 0x15, 0x35, 0x2c, 0x0d, 0x00
    .byte 0x00, 0x00, 0x2c, 0x01, 0x00, 0x00, 0x00, 0x15, 0x78, 0x2c, 0x0c, 0x04, 0x00, 0x00, 0x15, 0x36
    .byte 0x2c, 0x01, 0x00, 0x00, 0x00, 0x15, 0x07, 0x15, 0x08, 0x2c, 0x90, 0x03, 0x00, 0x00, 0x15, 0x37
    .byte 0x18, 0x70, 0x32, 0x00, 0x00, 0x00, 0x00, 0x00, 0x13, 0x6b, 0xf0, 0x21, 0x02, 0x37, 0x00, 0x00
    .byte 0x33, 0x00, 0x00, 0x00, 0x00, 0x00, 0x14, 0x6c, 0xf0, 0x21, 0x02, 0x00, 0x2c, 0x08, 0x00, 0x00
    .byte 0x00, 0x38, 0x00, 0x2c, 0x80, 0x01, 0x00, 0x00, 0x2c, 0x20, 0x01, 0x00, 0x00, 0x20, 0x00, 0x00
    .byte 0x2c, 0x40, 0x00, 0x00, 0x00, 0x2c, 0x10, 0x00, 0x00, 0x00, 0x15, 0x53, 0x2c, 0x01, 0x00, 0x00
    .byte 0x00, 0x15, 0x07, 0x15, 0x08, 0x2c, 0x07, 0x00, 0x00, 0x00, 0x38, 0x00, 0x15, 0x9d, 0x21, 0xbc
    .byte 0xe7, 0x21, 0x02, 0x20, 0x00, 0x00, 0x2c, 0x5c, 0x07, 0x22, 0x02, 0x15, 0x39, 0x20, 0x00, 0x00
    .byte 0x15, 0x42, 0x18, 0x70, 0x32, 0x00, 0x00, 0x00, 0x00, 0x00, 0x14, 0xc4, 0xf0, 0x21, 0x02, 0x01
    .byte 0xad, 0xf0, 0x21, 0x02, 0x2c, 0x0a, 0x00, 0x00, 0x00, 0x20, 0x00, 0x00, 0x15, 0x9d, 0x18, 0x70
    .byte 0x34, 0x00, 0x0a, 0x00, 0x00, 0x00, 0x14, 0xe0, 0xf0, 0x21, 0x02, 0x21, 0xb2, 0x07, 0x22, 0x02
    .byte 0x00, 0x20, 0x00, 0x00, 0x15, 0x09, 0x00, 0x2c, 0x01, 0x00, 0x00, 0x00, 0x15, 0x09, 0x2c, 0x04
    .byte 0x00, 0x00, 0x00, 0x20, 0x00, 0x00, 0x20, 0x00, 0x00, 0x20, 0x00, 0x00, 0x15, 0xcd, 0x03, 0x00
    .byte 0x0a, 0x00, 0x00, 0x00, 0x28, 0x00, 0x00, 0x2b, 0x00, 0x00, 0x30, 0x00, 0x00, 0x00, 0x00, 0x00
    .byte 0x14, 0x3e, 0xf1, 0x21, 0x02, 0x2c, 0x03, 0x00, 0x00, 0x00, 0x15, 0x07, 0x15, 0x08, 0x2c, 0x05
    .byte 0x00, 0x00, 0x00, 0x2f, 0x00, 0x20, 0x00, 0x00, 0x20, 0x00, 0x00, 0x15, 0xcd, 0x2b, 0x00, 0x00
    .byte 0x24, 0x00, 0x01, 0x00, 0x00, 0x00, 0x28, 0x00, 0x00, 0x25, 0x07, 0xf1, 0x21, 0x02, 0x03, 0x00
    .byte 0x00, 0x00, 0x00, 0x00, 0x28, 0x00, 0x00, 0x2b, 0x00, 0x00, 0x34, 0x00, 0x0a, 0x00, 0x00, 0x00
    .byte 0x14, 0x7e, 0xf1, 0x21, 0x02, 0x2c, 0x03, 0x00, 0x00, 0x00, 0x15, 0x07, 0x15, 0x08, 0x2c, 0x05
    .byte 0x00, 0x00, 0x00, 0x2f, 0x00, 0x20, 0x00, 0x00, 0x20, 0x00, 0x00, 0x15, 0xcd, 0x2b, 0x00, 0x00
    .byte 0x05, 0x00, 0x01, 0x00, 0x00, 0x00, 0x28, 0x00, 0x00, 0x25, 0x47, 0xf1, 0x21, 0x02, 0x25, 0xfe
    .byte 0xf0, 0x21, 0x02, 0x00, 0x20, 0x00, 0x00, 0x15, 0x09, 0x00, 0x2c, 0x0a, 0x00, 0x00, 0x00, 0x15
    .byte 0x07, 0x15, 0x08, 0x2c, 0x0c, 0x00, 0x00, 0x00, 0x2c, 0x01, 0x00, 0x00, 0x00, 0x2c, 0x08, 0x00
    .byte 0x00, 0x00, 0x2c, 0x07, 0x00, 0x00, 0x00, 0x15, 0x47, 0x18, 0x70, 0x24, 0x00, 0x40, 0x00, 0x00
    .byte 0x00, 0x17, 0x00, 0x2c, 0x08, 0x00, 0x00, 0x00, 0x2c, 0x08, 0x00, 0x00, 0x00, 0x15, 0x47, 0x18
    .byte 0x70, 0x24, 0x00, 0x30, 0x00, 0x00, 0x00, 0x17, 0x00, 0x2c, 0x80, 0x00, 0x00, 0x00, 0x2c, 0x30
    .byte 0x00, 0x00, 0x00, 0x2c, 0xff, 0xff, 0xff, 0xff, 0x15, 0x53, 0x18, 0x70, 0x28, 0x00, 0x00, 0x25
    .byte 0x8a, 0xf1, 0x21, 0x02, 0x00, 0x2c, 0x06, 0x00, 0x00, 0x00, 0x15, 0x07, 0x15, 0x08, 0x2c, 0x0c
    .byte 0x00, 0x00, 0x00, 0x2c, 0x02, 0x00, 0x00, 0x00, 0x2c, 0x08, 0x00, 0x00, 0x00, 0x2c, 0x07, 0x00
    .byte 0x00, 0x00, 0x15, 0x47, 0x18, 0x70, 0x24, 0x00, 0x40, 0x00, 0x00, 0x00, 0x17, 0x00, 0x2c, 0x08
    .byte 0x00, 0x00, 0x00, 0x2c, 0x08, 0x00, 0x00, 0x00, 0x15, 0x47, 0x18, 0x70, 0x24, 0x00, 0x30, 0x00
    .byte 0x00, 0x00, 0x17, 0x00, 0x2c, 0x80, 0x00, 0x00, 0x00, 0x2c, 0x30, 0x00, 0x00, 0x00, 0x2c, 0xff
    .byte 0xff, 0xff, 0xff, 0x15, 0x53, 0x18, 0x70, 0x28, 0x00, 0x00, 0x25, 0xe5, 0xf1, 0x21, 0x02, 0x00
    .byte 0x2c, 0x03, 0x00, 0x00, 0x00, 0x15, 0x07, 0x15, 0x08, 0x2c, 0x0c, 0x00, 0x00, 0x00, 0x2c, 0x02
    .byte 0x00, 0x00, 0x00, 0x2c, 0x08, 0x00, 0x00, 0x00, 0x2c, 0x07, 0x00, 0x00, 0x00, 0x15, 0x47, 0x18
    .byte 0x70, 0x24, 0x00, 0x40, 0x00, 0x00, 0x00, 0x17, 0x00, 0x2c, 0x08, 0x00, 0x00, 0x00, 0x2c, 0x08
    .byte 0x00, 0x00, 0x00, 0x15, 0x47, 0x18, 0x70, 0x24, 0x00, 0x30, 0x00, 0x00, 0x00, 0x17, 0x00, 0x2c
    .byte 0x80, 0x00, 0x00, 0x00, 0x2c, 0x30, 0x00, 0x00, 0x00, 0x2c, 0xff, 0xff, 0xff, 0xff, 0x15, 0x53
    .byte 0x18, 0x70, 0x28, 0x00, 0x00, 0x25, 0x40, 0xf2, 0x21, 0x02, 0x00, 0x2c, 0x01, 0x00, 0x00, 0x00
    .byte 0x15, 0x07, 0x15, 0x08, 0x2c, 0x0c, 0x00, 0x00, 0x00, 0x2c, 0x02, 0x00, 0x00, 0x00, 0x2c, 0x08
    .byte 0x00, 0x00, 0x00, 0x2c, 0x07, 0x00, 0x00, 0x00, 0x15, 0x47, 0x18, 0x70, 0x24, 0x00, 0x40, 0x00
    .byte 0x00, 0x00, 0x17, 0x00, 0x2c, 0x08, 0x00, 0x00, 0x00, 0x2c, 0x08, 0x00, 0x00, 0x00, 0x15, 0x47
    .byte 0x18, 0x70, 0x24, 0x00, 0x30, 0x00, 0x00, 0x00, 0x17, 0x00, 0x2c, 0x80, 0x00, 0x00, 0x00, 0x2c
    .byte 0x30, 0x00, 0x00, 0x00, 0x2c, 0xff, 0xff, 0xff, 0xff, 0x15, 0x53, 0x18, 0x70, 0x28, 0x00, 0x00
    .byte 0x25, 0x9b, 0xf2, 0x21, 0x02, 0x00, 0x2c, 0x12, 0x00, 0x00, 0x00, 0x2f, 0x00, 0x2c, 0xff, 0xff
    .byte 0xff, 0xff, 0x2c, 0xff, 0xff, 0xff, 0xff, 0x2c, 0xff, 0xff, 0xff, 0xff, 0x2c, 0xff, 0xff, 0xff
    .byte 0xff, 0x2c, 0xff, 0xff, 0xff, 0xff, 0x15, 0x53, 0x00, 0x2c, 0x01, 0x00, 0x00, 0x00, 0x15, 0x09
    .byte 0x2c, 0x01, 0x00, 0x00, 0x00, 0x15, 0x06, 0x00, 0x20, 0x00, 0x00, 0x15, 0x09, 0x2c, 0x01, 0x00
    .byte 0x00, 0x00, 0x15, 0xd7, 0x20, 0x00, 0x00, 0x2c, 0xd8, 0xff, 0xff, 0xff, 0x15, 0xd1, 0x2c, 0x01
    .byte 0x00, 0x00, 0x00, 0x2c, 0xe8, 0xff, 0xff, 0xff, 0x2c, 0xd0, 0xff, 0xff, 0xff, 0x2c, 0x18, 0x00
    .byte 0x00, 0x00, 0x20, 0x00, 0x00, 0x15, 0x5c, 0x20, 0x00, 0x00, 0x20, 0x00, 0x00, 0x15, 0x32, 0x2c
    .byte 0x01, 0x00, 0x00, 0x00, 0x20, 0x00, 0x00, 0x15, 0x32, 0x20, 0x00, 0x00, 0x2c, 0x78, 0x01, 0x00
    .byte 0x00, 0x2c, 0xe0, 0x00, 0x00, 0x00, 0x2c, 0x88, 0x01, 0x00, 0x00, 0x2c, 0x00, 0x01, 0x00, 0x00
    .byte 0x15, 0x8d, 0x18, 0x70, 0x32, 0x00, 0x01, 0x00, 0x00, 0x00, 0x14, 0x9b, 0xf3, 0x21, 0x02, 0x2c
    .byte 0x03, 0x00, 0x00, 0x00, 0x2c, 0x0d, 0xf4, 0x21, 0x02, 0x15, 0x29, 0x2c, 0x01, 0x00, 0x00, 0x00
    .byte 0x15, 0x07, 0x15, 0x08, 0x25, 0x69, 0xf3, 0x21, 0x02, 0x00, 0x20, 0x00, 0x00, 0x2c, 0x78, 0x01
    .byte 0x00, 0x00, 0x2c, 0xe0, 0x00, 0x00, 0x00, 0x2c, 0x88, 0x01, 0x00, 0x00, 0x2c, 0x00, 0x01, 0x00
    .byte 0x00, 0x15, 0x8d, 0x18, 0x70, 0x32, 0x00, 0x01, 0x00, 0x00, 0x00, 0x14, 0xf5, 0xf3, 0x21, 0x02
    .byte 0x29, 0x00, 0xed, 0x0d, 0x00, 0x40, 0x00, 0x00, 0x00, 0x35, 0x00, 0x00, 0x00, 0x00, 0x00, 0x14
    .byte 0xf0, 0xf3, 0x21, 0x02, 0x2c, 0x03, 0x00, 0x00, 0x00, 0x2c, 0x0d, 0xf4, 0x21, 0x02, 0x15, 0x29
    .byte 0x25, 0xfa, 0xf3, 0x21, 0x02, 0x25, 0x08, 0xf4, 0x21, 0x02, 0x2c, 0x01, 0x00, 0x00, 0x00, 0x15
    .byte 0x07, 0x15, 0x08, 0x25, 0xaa, 0xf3, 0x21, 0x02, 0x01, 0x69, 0xf3, 0x21, 0x02, 0x20, 0x00, 0x00
    .byte 0x2c, 0xcd, 0xf8, 0x21, 0x02, 0x15, 0x39, 0x20, 0x00, 0x00, 0x15, 0x42, 0x18, 0x70, 0x32, 0x00
    .byte 0x00, 0x00, 0x00, 0x00, 0x14, 0x2e, 0xf4, 0x21, 0x02, 0x01, 0x17, 0xf4, 0x21, 0x02, 0x2c, 0x02
    .byte 0x00, 0x00, 0x00, 0x15, 0x05, 0x20, 0x00, 0x00, 0x2c, 0x96, 0xf9, 0x21, 0x02, 0x15, 0x39, 0x20
    .byte 0x00, 0x00, 0x15, 0x42, 0x18, 0x70, 0x32, 0x00, 0x00, 0x00, 0x00, 0x00, 0x14, 0x56, 0xf4, 0x21
    .byte 0x02, 0x01, 0x3f, 0xf4, 0x21, 0x02, 0x21, 0x89, 0xf4, 0x21, 0x02, 0x20, 0x00, 0x00, 0x2c, 0xd1
    .byte 0xf9, 0x21, 0x02, 0x15, 0x39, 0x20, 0x00, 0x00, 0x15, 0x42, 0x18, 0x70, 0x32, 0x00, 0x00, 0x00
    .byte 0x00, 0x00, 0x14, 0x7c, 0xf4, 0x21, 0x02, 0x01, 0x65, 0xf4, 0x21, 0x02, 0x2c, 0x0a, 0x00, 0x00
    .byte 0x00, 0x2c, 0xaa, 0xf3, 0x21, 0x02, 0x15, 0x39, 0x00, 0x2c, 0xba, 0x03, 0x00, 0x00, 0x15, 0x35
    .byte 0x2c, 0x0c, 0x00, 0x00, 0x00, 0x20, 0x00, 0x00, 0x15, 0x78, 0x2c, 0x01, 0x00, 0x00, 0x00, 0x15
    .byte 0x07, 0x15, 0x08, 0x29, 0x00, 0xc9, 0x35, 0x00, 0xff, 0xff, 0xff, 0xff, 0x14, 0xa2, 0xf8, 0x21
    .byte 0x02, 0x2c, 0x01, 0x00, 0x00, 0x00, 0x2c, 0x00, 0xd6, 0x00, 0x00, 0x15, 0xe0, 0x20, 0x00, 0x00
    .byte 0x15, 0xbb, 0x2c, 0x04, 0x00, 0x00, 0x00, 0x20, 0x00, 0x00, 0x20, 0x00, 0x00, 0x15, 0xce, 0x2c
    .byte 0x01, 0x00, 0x00, 0x00, 0x15, 0x07, 0x15, 0x08, 0x2c, 0x01, 0x00, 0x00, 0x00, 0x2c, 0x03, 0x00
    .byte 0x00, 0x00, 0x15, 0x4b, 0x2c, 0x03, 0x00, 0x00, 0x00, 0x15, 0x4c, 0x18, 0x70, 0x32, 0x00, 0x00
    .byte 0x00, 0x00, 0x00, 0x13, 0xfd, 0xf4, 0x21, 0x02, 0x01, 0xe4, 0xf4, 0x21, 0x02, 0x2c, 0xf8, 0x03
    .byte 0x00, 0x00, 0x15, 0x35, 0x2c, 0x03, 0x00, 0x00, 0x00, 0x2c, 0x01, 0x00, 0x00, 0x00, 0x20, 0x00
    .byte 0x00, 0x20, 0x00, 0x00, 0x20, 0x00, 0x00, 0x15, 0x4f, 0x20, 0x00, 0x00, 0x2c, 0x4e, 0xfa, 0x21
    .byte 0x02, 0x15, 0x39, 0x20, 0x00, 0x00, 0x15, 0x42, 0x18, 0x70, 0x32, 0x00, 0x00, 0x00, 0x00, 0x00
    .byte 0x14, 0x3a, 0xf5, 0x21, 0x02, 0x01, 0x23, 0xf5, 0x21, 0x02, 0x2c, 0xd3, 0x03, 0x00, 0x00, 0x15
    .byte 0x35, 0x2c, 0x3c, 0x00, 0x00, 0x00, 0x15, 0x07, 0x15, 0x08, 0x2c, 0xd4, 0x03, 0x00, 0x00, 0x15
    .byte 0x35, 0x2c, 0x28, 0x00, 0x00, 0x00, 0x15, 0x07, 0x15, 0x08, 0x2c, 0x02, 0x00, 0x00, 0x00, 0x20
    .byte 0x00, 0x00, 0x2c, 0x10, 0x00, 0x00, 0x00, 0x2c, 0x10, 0x00, 0x00, 0x00, 0x15, 0xd6, 0x2c, 0x02
    .byte 0x00, 0x00, 0x00, 0x15, 0x4c, 0x18, 0x70, 0x32, 0x00, 0x00, 0x00, 0x00, 0x00, 0x13, 0x87, 0xf5
    .byte 0x21, 0x02, 0x01, 0x6e, 0xf5, 0x21, 0x02, 0x2c, 0xd1, 0x09, 0x00, 0x00, 0x15, 0x37, 0x18, 0x70
    .byte 0x28, 0x00, 0x00, 0x2c, 0xd2, 0x09, 0x00, 0x00, 0x15, 0x37, 0x18, 0x70, 0x28, 0x00, 0x01, 0x2c
    .byte 0xd3, 0x09, 0x00, 0x00, 0x15, 0x37, 0x18, 0x70, 0x28, 0x00, 0x02, 0x2b, 0x00, 0x00, 0x32, 0x00
    .byte 0x00, 0x00, 0x00, 0x00, 0x14, 0xe3, 0xf5, 0x21, 0x02, 0x2b, 0x00, 0x02, 0x32, 0x00, 0x00, 0x00
    .byte 0x00, 0x00, 0x14, 0xe3, 0xf5, 0x21, 0x02, 0x2b, 0x00, 0x02, 0x32, 0x00, 0x00, 0x00, 0x00, 0x00
    .byte 0x14, 0xe3, 0xf5, 0x21, 0x02, 0x03, 0x00, 0xfe, 0xff, 0xff, 0xff, 0x26, 0x00, 0x07, 0x25, 0x65
    .byte 0xf6, 0x21, 0x02, 0x2c, 0x03, 0x00, 0x00, 0x00, 0x15, 0x01, 0x18, 0x70, 0x26, 0x00, 0x07, 0x29
    .byte 0x00, 0x07, 0x32, 0x00, 0x00, 0x00, 0x00, 0x00, 0x14, 0x15, 0xf6, 0x21, 0x02, 0x2c, 0xd1, 0x09
    .byte 0x00, 0x00, 0x15, 0x37, 0x18, 0x70, 0x14, 0x15, 0xf6, 0x21, 0x02, 0x25, 0x61, 0xf6, 0x21, 0x02
    .byte 0x25, 0x5c, 0xf6, 0x21, 0x02, 0x29, 0x00, 0x07, 0x32, 0x00, 0x01, 0x00, 0x00, 0x00, 0x14, 0x3b
    .byte 0xf6, 0x21, 0x02, 0x2c, 0xd2, 0x09, 0x00, 0x00, 0x15, 0x37, 0x18, 0x70, 0x14, 0x3b, 0xf6, 0x21
    .byte 0x02, 0x25, 0x61, 0xf6, 0x21, 0x02, 0x25, 0x5c, 0xf6, 0x21, 0x02, 0x29, 0x00, 0x07, 0x32, 0x00
    .byte 0x02, 0x00, 0x00, 0x00, 0x14, 0x5c, 0xf6, 0x21, 0x02, 0x2c, 0xd3, 0x09, 0x00, 0x00, 0x15, 0x37
    .byte 0x18, 0x70, 0x14, 0x5c, 0xf6, 0x21, 0x02, 0x25, 0x61, 0xf6, 0x21, 0x02, 0x25, 0xe3, 0xf5, 0x21
    .byte 0x02, 0x2d, 0x07, 0x15, 0xfc, 0x20, 0x00, 0x00, 0x15, 0x07, 0x15, 0x08, 0x2c, 0x10, 0x00, 0x00
    .byte 0x00, 0x15, 0x36, 0x2c, 0xa2, 0x03, 0x00, 0x00, 0x15, 0x36, 0x2c, 0xc7, 0x02, 0x00, 0x00, 0x15
    .byte 0x36, 0x2c, 0x01, 0x00, 0x00, 0x00, 0x2c, 0xff, 0xff, 0xff, 0xff, 0x2c, 0xff, 0xff, 0xff, 0xff
    .byte 0x2c, 0xff, 0xff, 0xff, 0xff, 0x2c, 0xff, 0xff, 0xff, 0xff, 0x15, 0xdc, 0x29, 0x00, 0xc9, 0x32
    .byte 0x00, 0x00, 0x00, 0x00, 0x00, 0x14, 0xca, 0xf6, 0x21, 0x02, 0x03, 0x00, 0x20, 0x00, 0x00, 0x00
    .byte 0x26, 0x00, 0xda, 0x03, 0x00, 0x86, 0x01, 0x00, 0x00, 0x26, 0x00, 0xd5, 0x03, 0x00, 0xad, 0x02
    .byte 0x00, 0x00, 0x26, 0x00, 0xd4, 0x25, 0x91, 0xf8, 0x21, 0x02, 0x29, 0x00, 0xc9, 0x32, 0x00, 0x01
    .byte 0x00, 0x00, 0x00, 0x14, 0xf8, 0xf6, 0x21, 0x02, 0x03, 0x00, 0x2b, 0x00, 0x00, 0x00, 0x26, 0x00
    .byte 0xda, 0x03, 0x00, 0x88, 0x03, 0x00, 0x00, 0x26, 0x00, 0xd5, 0x03, 0x00, 0xd4, 0x01, 0x00, 0x00
    .byte 0x26, 0x00, 0xd4, 0x25, 0x91, 0xf8, 0x21, 0x02, 0x29, 0x00, 0xc9, 0x32, 0x00, 0x02, 0x00, 0x00
    .byte 0x00, 0x14, 0x26, 0xf7, 0x21, 0x02, 0x03, 0x00, 0x2d, 0x00, 0x00, 0x00, 0x26, 0x00, 0xda, 0x03
    .byte 0x00, 0x90, 0x00, 0x00, 0x00, 0x26, 0x00, 0xd5, 0x03, 0x00, 0x00, 0x01, 0x00, 0x00, 0x26, 0x00
    .byte 0xd4, 0x25, 0x91, 0xf8, 0x21, 0x02, 0x29, 0x00, 0xc9, 0x32, 0x00, 0x03, 0x00, 0x00, 0x00, 0x14
    .byte 0x54, 0xf7, 0x21, 0x02, 0x03, 0x00, 0x33, 0x00, 0x00, 0x00, 0x26, 0x00, 0xda, 0x03, 0x00, 0x00
    .byte 0x02, 0x00, 0x00, 0x26, 0x00, 0xd5, 0x03, 0x00, 0xa0, 0x02, 0x00, 0x00, 0x26, 0x00, 0xd4, 0x25
    .byte 0x91, 0xf8, 0x21, 0x02, 0x29, 0x00, 0xc9, 0x32, 0x00, 0x04, 0x00, 0x00, 0x00, 0x14, 0x82, 0xf7
    .byte 0x21, 0x02, 0x03, 0x00, 0x3a, 0x00, 0x00, 0x00, 0x26, 0x00, 0xda, 0x03, 0x00, 0x90, 0x03, 0x00
    .byte 0x00, 0x26, 0x00, 0xd5, 0x03, 0x00, 0xe0, 0x01, 0x00, 0x00, 0x26, 0x00, 0xd4, 0x25, 0x91, 0xf8
    .byte 0x21, 0x02, 0x29, 0x00, 0xc9, 0x32, 0x00, 0x05, 0x00, 0x00, 0x00, 0x14, 0xb0, 0xf7, 0x21, 0x02
    .byte 0x03, 0x00, 0x3e, 0x00, 0x00, 0x00, 0x26, 0x00, 0xda, 0x03, 0x00, 0x40, 0x01, 0x00, 0x00, 0x26
    .byte 0x00, 0xd5, 0x03, 0x00, 0x70, 0x00, 0x00, 0x00, 0x26, 0x00, 0xd4, 0x25, 0x91, 0xf8, 0x21, 0x02
    .byte 0x29, 0x00, 0xc9, 0x32, 0x00, 0x06, 0x00, 0x00, 0x00, 0x14, 0xde, 0xf7, 0x21, 0x02, 0x03, 0x00
    .byte 0x6a, 0x00, 0x00, 0x00, 0x26, 0x00, 0xda, 0x03, 0x00, 0xc8, 0x01, 0x00, 0x00, 0x26, 0x00, 0xd5
    .byte 0x03, 0x00, 0x78, 0x02, 0x00, 0x00, 0x26, 0x00, 0xd4, 0x25, 0x91, 0xf8, 0x21, 0x02, 0x29, 0x00
    .byte 0xc9, 0x32, 0x00, 0x07, 0x00, 0x00, 0x00, 0x14, 0x0c, 0xf8, 0x21, 0x02, 0x03, 0x00, 0x71, 0x00
    .byte 0x00, 0x00, 0x26, 0x00, 0xda, 0x03, 0x00, 0xb0, 0x02, 0x00, 0x00, 0x26, 0x00, 0xd5, 0x03, 0x00
    .byte 0x70, 0x02, 0x00, 0x00, 0x26, 0x00, 0xd4, 0x25, 0x91, 0xf8, 0x21, 0x02, 0x29, 0x00, 0xc9, 0x32
    .byte 0x00, 0x08, 0x00, 0x00, 0x00, 0x14, 0x3a, 0xf8, 0x21, 0x02, 0x03, 0x00, 0x0d, 0x00, 0x00, 0x00
    .byte 0x26, 0x00, 0xda, 0x03, 0x00, 0xb0, 0x02, 0x00, 0x00, 0x26, 0x00, 0xd5, 0x03, 0x00, 0x80, 0x02
    .byte 0x00, 0x00, 0x26, 0x00, 0xd4, 0x25, 0x91, 0xf8, 0x21, 0x02, 0x29, 0x00, 0xc9, 0x32, 0x00, 0x09
    .byte 0x00, 0x00, 0x00, 0x14, 0x68, 0xf8, 0x21, 0x02, 0x03, 0x00, 0xa2, 0x00, 0x00, 0x00, 0x26, 0x00
    .byte 0xda, 0x03, 0x00, 0x57, 0x01, 0x00, 0x00, 0x26, 0x00, 0xd5, 0x03, 0x00, 0x4c, 0x02, 0x00, 0x00
    .byte 0x26, 0x00, 0xd4, 0x25, 0x91, 0xf8, 0x21, 0x02, 0x29, 0x00, 0xc9, 0x32, 0x00, 0x0a, 0x00, 0x00
    .byte 0x00, 0x14, 0x91, 0xf8, 0x21, 0x02, 0x03, 0x00, 0x1c, 0x00, 0x00, 0x00, 0x26, 0x00, 0xda, 0x03
    .byte 0x00, 0x7c, 0x03, 0x00, 0x00, 0x26, 0x00, 0xd5, 0x03, 0x00, 0xf8, 0x00, 0x00, 0x00, 0x26, 0x00
    .byte 0xd4, 0x2d, 0xda, 0x2d, 0xd5, 0x2d, 0xd4, 0x20, 0x00, 0x00, 0x15, 0x4a, 0x00, 0x25, 0xcc, 0xf8
    .byte 0x21, 0x02, 0x21, 0x3f, 0x0a, 0x22, 0x02, 0x2c, 0x01, 0x00, 0x00, 0x00, 0x2c, 0x03, 0x00, 0x00
    .byte 0x00, 0x15, 0x4b, 0x2c, 0x03, 0x00, 0x00, 0x00, 0x15, 0x4c, 0x18, 0x70, 0x32, 0x00, 0x00, 0x00
    .byte 0x00, 0x00, 0x13, 0xcc, 0xf8, 0x21, 0x02, 0x01, 0xb3, 0xf8, 0x21, 0x02, 0x22, 0x2c, 0x02, 0x00
    .byte 0x00, 0x00, 0x15, 0x07, 0x15, 0x08, 0x20, 0x00, 0x00, 0x15, 0x18, 0x20, 0x00, 0x00, 0x15, 0x19
    .byte 0x2c, 0x01, 0x00, 0x00, 0x00, 0x15, 0x2b, 0x2c, 0x0b, 0x00, 0x00, 0x00, 0x2c, 0x07, 0x00, 0x00
    .byte 0x00, 0x15, 0x47, 0x18, 0x70, 0x15, 0x1f, 0x18, 0x71, 0x23, 0x10, 0x17, 0x00, 0x15, 0x6c, 0x18
    .byte 0x70, 0x30, 0x00, 0x08, 0x00, 0x00, 0x00, 0x14, 0x36, 0xf9, 0x21, 0x02, 0x2c, 0x0b, 0x00, 0x00
    .byte 0x00, 0x2c, 0x07, 0x00, 0x00, 0x00, 0x15, 0x47, 0x18, 0x70, 0x17, 0x00, 0x15, 0x20, 0x18, 0x70
    .byte 0x17, 0x00, 0x20, 0x00, 0x00, 0x2c, 0x00, 0x0c, 0x00, 0x00, 0x2c, 0x05, 0x00, 0x00, 0x00, 0x20
    .byte 0x00, 0x00, 0x15, 0x1a, 0x15, 0x21, 0x2c, 0x0b, 0x00, 0x00, 0x00, 0x2c, 0x07, 0x00, 0x00, 0x00
    .byte 0x15, 0x47, 0x18, 0x70, 0x17, 0x00, 0x2c, 0x0b, 0x00, 0x00, 0x00, 0x2c, 0x08, 0x00, 0x00, 0x00
    .byte 0x15, 0x47, 0x18, 0x70, 0x05, 0x00, 0x14, 0x00, 0x00, 0x00, 0x17, 0x00, 0x20, 0x00, 0x00, 0x2c
    .byte 0x00, 0x0c, 0x00, 0x00, 0x2c, 0x05, 0x00, 0x00, 0x00, 0x20, 0x00, 0x00, 0x15, 0x1a, 0x15, 0x21
    .byte 0x2c, 0x01, 0x00, 0x00, 0x00, 0x15, 0x25, 0x2c, 0x04, 0x00, 0x00, 0x00, 0x15, 0x75, 0x2c, 0x01
    .byte 0x00, 0x00, 0x00, 0x15, 0x18, 0x2c, 0x01, 0x00, 0x00, 0x00, 0x15, 0x19, 0x2c, 0x0f, 0x00, 0x00
    .byte 0x00, 0x15, 0x07, 0x15, 0x08, 0x00, 0x2c, 0x0b, 0x00, 0x00, 0x00, 0x2c, 0xc9, 0xf9, 0x21, 0x02
    .byte 0x15, 0x39, 0x20, 0x00, 0x00, 0x15, 0x2b, 0x20, 0x00, 0x00, 0x2c, 0x02, 0x00, 0x00, 0x00, 0x20
    .byte 0x00, 0x00, 0x2c, 0x01, 0x00, 0x00, 0x00, 0x20, 0x00, 0x00, 0x20, 0x00, 0x00, 0x15, 0x1a, 0x2c
    .byte 0x0b, 0x00, 0x00, 0x00, 0x15, 0x07, 0x15, 0x08, 0x00, 0x2c, 0x02, 0x00, 0x00, 0x00, 0x15, 0x05
    .byte 0x00, 0x2c, 0x0f, 0x00, 0x00, 0x00, 0x15, 0x07, 0x15, 0x08, 0x20, 0x00, 0x00, 0x15, 0x18, 0x20
    .byte 0x00, 0x00, 0x15, 0x19, 0x2c, 0x01, 0x00, 0x00, 0x00, 0x15, 0x2b, 0x15, 0x10, 0x18, 0x70, 0x17
    .byte 0x00, 0x15, 0x11, 0x18, 0x70, 0x05, 0x00, 0x20, 0x00, 0x00, 0x00, 0x17, 0x00, 0x20, 0x00, 0x00
    .byte 0x2c, 0x00, 0x0c, 0x00, 0x00, 0x2c, 0x05, 0x00, 0x00, 0x00, 0x20, 0x00, 0x00, 0x15, 0x1a, 0x15
    .byte 0x21, 0x2c, 0x01, 0x00, 0x00, 0x00, 0x15, 0x25, 0x20, 0x00, 0x00, 0x15, 0x75, 0x2c, 0x0b, 0x00
    .byte 0x00, 0x00, 0x2c, 0x41, 0xfa, 0x21, 0x02, 0x15, 0x39, 0x2c, 0x01, 0x00, 0x00, 0x00, 0x15, 0x18
    .byte 0x2c, 0x01, 0x00, 0x00, 0x00, 0x15, 0x19, 0x2c, 0x0f, 0x00, 0x00, 0x00, 0x15, 0x07, 0x15, 0x08
    .byte 0x00, 0x20, 0x00, 0x00, 0x15, 0x05, 0x2c, 0x01, 0x00, 0x00, 0x00, 0x15, 0x06, 0x00, 0x2c, 0x0a
    .byte 0x00, 0x00, 0x00, 0x15, 0x07, 0x15, 0x08, 0x20, 0x00, 0x00, 0x15, 0x18, 0x20, 0x00, 0x00, 0x15
    .byte 0x19, 0x20, 0x00, 0x00, 0x15, 0x2b, 0x2c, 0x0f, 0x10, 0x00, 0x00, 0x2c, 0x01, 0x10, 0x00, 0x00
    .byte 0x2c, 0x10, 0x10, 0x00, 0x00, 0x2c, 0x02, 0x00, 0x00, 0x00, 0x2c, 0x0c, 0x00, 0x00, 0x00, 0x15
    .byte 0x73, 0x15, 0x16, 0x2c, 0x14, 0x00, 0x00, 0x00, 0x15, 0x05, 0x03, 0x00, 0x00, 0x00, 0x00, 0x00
    .byte 0x28, 0x00, 0x00, 0x2b, 0x00, 0x00, 0x34, 0x00, 0x2e, 0x00, 0x00, 0x00, 0x14, 0x10, 0xfb, 0x21
    .byte 0x02, 0x2c, 0x01, 0x00, 0x00, 0x00, 0x15, 0x07, 0x15, 0x08, 0x03, 0x00, 0x20, 0x00, 0x00, 0x00
    .byte 0x2b, 0x01, 0x00, 0x24, 0x01, 0x1e, 0x00, 0x00, 0x00, 0x2b, 0x02, 0x00, 0x24, 0x02, 0x1e, 0x00
    .byte 0x00, 0x00, 0x06, 0x21, 0x07, 0x01, 0x20, 0x00, 0x00, 0x00, 0x09, 0x01, 0x84, 0x03, 0x00, 0x00
    .byte 0x23, 0x10, 0x28, 0x00, 0x01, 0x15, 0x10, 0x18, 0x70, 0x17, 0x00, 0x15, 0x11, 0x18, 0x70, 0x17
    .byte 0x00, 0x2f, 0x01, 0x15, 0x02, 0x2b, 0x00, 0x00, 0x32, 0x00, 0x1e, 0x00, 0x00, 0x00, 0x14, 0xff
    .byte 0xfa, 0x21, 0x02, 0x2c, 0x10, 0x00, 0x00, 0x00, 0x2c, 0x9c, 0xfb, 0x21, 0x02, 0x15, 0x39, 0x2b
    .byte 0x00, 0x00, 0x05, 0x00, 0x01, 0x00, 0x00, 0x00, 0x28, 0x00, 0x00, 0x25, 0x93, 0xfa, 0x21, 0x02
    .byte 0x2c, 0x0d, 0x10, 0x00, 0x00, 0x2c, 0x01, 0x10, 0x00, 0x00, 0x2c, 0x0e, 0x10, 0x00, 0x00, 0x2c
    .byte 0x02, 0x00, 0x00, 0x00, 0x2c, 0x04, 0x00, 0x00, 0x00, 0x15, 0x73, 0x2c, 0x01, 0x00, 0x00, 0x00
    .byte 0x15, 0x06, 0x2c, 0x01, 0x00, 0x00, 0x00, 0x20, 0x00, 0x00, 0x2c, 0x10, 0x00, 0x00, 0x00, 0x2c
    .byte 0x60, 0x00, 0x00, 0x00, 0x15, 0xd6, 0x20, 0x00, 0x00, 0x20, 0x00, 0x00, 0x2c, 0x60, 0x00, 0x00
    .byte 0x00, 0x2c, 0x50, 0x00, 0x00, 0x00, 0x20, 0x00, 0x00, 0x2c, 0x01, 0x00, 0x00, 0x00, 0x15, 0x1a
    .byte 0x15, 0x21, 0x2c, 0x10, 0x00, 0x00, 0x00, 0x2c, 0x88, 0xfc, 0x21, 0x02, 0x15, 0x39, 0x2c, 0x10
    .byte 0x00, 0x00, 0x00, 0x15, 0x42, 0x18, 0x70, 0x32, 0x00, 0x00, 0x00, 0x00, 0x00, 0x14, 0x87, 0xfb
    .byte 0x21, 0x02, 0x01, 0x6e, 0xfb, 0x21, 0x02, 0x2c, 0x01, 0x00, 0x00, 0x00, 0x15, 0x18, 0x2c, 0x01
    .byte 0x00, 0x00, 0x00, 0x15, 0x19, 0x00, 0x20, 0x00, 0x00, 0x15, 0x09, 0x00, 0x15, 0x1f, 0x18, 0x70
    .byte 0x17, 0x00, 0x15, 0x20, 0x18, 0x70, 0x05, 0x00, 0x01, 0x00, 0x00, 0x00, 0x17, 0x00, 0x15, 0x27
    .byte 0x18, 0x70, 0x17, 0x00, 0x15, 0x02, 0x2c, 0x57, 0x11, 0x00, 0x00, 0x2c, 0x58, 0x11, 0x00, 0x00
    .byte 0x2c, 0x59, 0x11, 0x00, 0x00, 0x2c, 0x02, 0x00, 0x00, 0x00, 0x2c, 0x04, 0x00, 0x00, 0x00, 0x15
    .byte 0x73, 0x2c, 0x04, 0x00, 0x00, 0x00, 0x15, 0x05, 0x20, 0x00, 0x00, 0x15, 0x06, 0x2c, 0x80, 0x00
    .byte 0x00, 0x00, 0x15, 0x17, 0x2c, 0x01, 0x00, 0x00, 0x00, 0x15, 0x09, 0x03, 0x00, 0x00, 0x00, 0x00
    .byte 0x00, 0x28, 0x00, 0x00, 0x2b, 0x00, 0x00, 0x34, 0x00, 0x0e, 0x00, 0x00, 0x00, 0x14, 0x36, 0xfc
    .byte 0x21, 0x02, 0x15, 0x1f, 0x18, 0x70, 0x17, 0x00, 0x15, 0x20, 0x18, 0x70, 0x05, 0x00, 0x01, 0x00
    .byte 0x00, 0x00, 0x17, 0x00, 0x15, 0x27, 0x18, 0x70, 0x17, 0x00, 0x15, 0x02, 0x2c, 0x01, 0x00, 0x00
    .byte 0x00, 0x15, 0x07, 0x15, 0x08, 0x2b, 0x00, 0x00, 0x05, 0x00, 0x01, 0x00, 0x00, 0x00, 0x28, 0x00
    .byte 0x00, 0x25, 0xf4, 0xfb, 0x21, 0x02, 0x2c, 0x54, 0x11, 0x00, 0x00, 0x2c, 0x55, 0x11, 0x00, 0x00
    .byte 0x2c, 0x56, 0x11, 0x00, 0x00, 0x2c, 0x02, 0x00, 0x00, 0x00, 0x2c, 0x04, 0x00, 0x00, 0x00, 0x15
    .byte 0x73, 0x2c, 0x00, 0x01, 0x00, 0x00, 0x15, 0x17, 0x2c, 0x01, 0x00, 0x00, 0x00, 0x15, 0x06, 0x15
    .byte 0x1f, 0x18, 0x70, 0x17, 0x00, 0x15, 0x20, 0x18, 0x70, 0x05, 0x00, 0x01, 0x00, 0x00, 0x00, 0x17
    .byte 0x00, 0x15, 0x27, 0x18, 0x70, 0x17, 0x00, 0x15, 0x02, 0x2c, 0x01, 0x00, 0x00, 0x00, 0x15, 0x07
    .byte 0x15, 0x08, 0x25, 0x5f, 0xfc, 0x21, 0x02, 0x00, 0x20, 0x00, 0x00, 0x15, 0x09, 0x00, 0x20, 0x00
    .byte 0x00, 0x20, 0x00, 0x00, 0x2c, 0x10, 0x00, 0x00, 0x00, 0x15, 0x47, 0x18, 0x70, 0x24, 0x00, 0x01
    .byte 0x00, 0x00, 0x00, 0x17, 0x00, 0x15, 0x38, 0x2c, 0x01, 0x00, 0x00, 0x00, 0x15, 0x07, 0x15, 0x08
    .byte 0x25, 0x8e, 0xfc, 0x21, 0x02, 0x00, 0x00, 0x00, 0x20, 0x00, 0x00, 0x15, 0x09, 0x2c, 0x01, 0x00
    .byte 0x00, 0x00, 0x15, 0xd7, 0x2c, 0x02, 0x00, 0x00, 0x00, 0x15, 0xe4, 0x20, 0x00, 0x00, 0x2c, 0x10
    .byte 0x00, 0x00, 0x00, 0x15, 0xd1, 0x2c, 0x01, 0x00, 0x00, 0x00, 0x2c, 0xf0, 0xff, 0xff, 0xff, 0x2c
    .byte 0xf4, 0xff, 0xff, 0xff, 0x2c, 0x10, 0x00, 0x00, 0x00, 0x2c, 0x10, 0x00, 0x00, 0x00, 0x15, 0x5c
    .byte 0x2c, 0x01, 0x00, 0x00, 0x00, 0x2c, 0xfd, 0xfc, 0x21, 0x02, 0x15, 0x29, 0x00, 0x2c, 0x04, 0x00
    .byte 0x00, 0x00, 0x2c, 0x84, 0x01, 0x22, 0x02, 0x15, 0x39, 0x20, 0x00, 0x00, 0x2c, 0x63, 0xfd, 0x21
    .byte 0x02, 0x15, 0x39, 0x20, 0x00, 0x00, 0x15, 0x42, 0x18, 0x70, 0x32, 0x00, 0x00, 0x00, 0x00, 0x00
    .byte 0x14, 0x2a, 0xfd, 0x21, 0x02, 0x01, 0x13, 0xfd, 0x21, 0x02, 0x2c, 0x01, 0x00, 0x00, 0x00, 0x2c
    .byte 0x00, 0xd6, 0x00, 0x00, 0x15, 0xe0, 0x2c, 0x04, 0x00, 0x00, 0x00, 0x2c, 0x9e, 0x01, 0x22, 0x02
    .byte 0x15, 0x39, 0x2c, 0x8c, 0x00, 0x00, 0x00, 0x2c, 0x80, 0x00, 0x00, 0x00, 0x2c, 0xa0, 0x00, 0x00
    .byte 0x00, 0x20, 0x00, 0x00, 0x15, 0x4a, 0x2c, 0x08, 0x00, 0x00, 0x00, 0x2c, 0x97, 0xdf, 0x21, 0x02
    .byte 0x15, 0x39, 0x00, 0x2c, 0x03, 0x00, 0x00, 0x00, 0x2c, 0x01, 0x00, 0x00, 0x00, 0x20, 0x00, 0x00
    .byte 0x20, 0x00, 0x00, 0x20, 0x00, 0x00, 0x15, 0x4f, 0x20, 0x00, 0x00, 0x15, 0x18, 0x20, 0x00, 0x00
    .byte 0x15, 0x19, 0x2c, 0x05, 0x00, 0x00, 0x00, 0x2c, 0x07, 0x00, 0x00, 0x00, 0x15, 0x47, 0x18, 0x70
    .byte 0x27, 0x00, 0x01, 0x2c, 0x05, 0x00, 0x00, 0x00, 0x2c, 0x08, 0x00, 0x00, 0x00, 0x15, 0x47, 0x18
    .byte 0x70, 0x27, 0x00, 0x02, 0x2c, 0x01, 0x00, 0x00, 0x00, 0x15, 0x2b, 0x2e, 0x01, 0x2e, 0x02, 0x20
    .byte 0x00, 0x00, 0x2c, 0x00, 0x18, 0x00, 0x00, 0x2c, 0x07, 0x00, 0x00, 0x00, 0x20, 0x00, 0x00, 0x15
    .byte 0x1a, 0x15, 0x21, 0x2c, 0x0a, 0x00, 0x00, 0x00, 0x15, 0x07, 0x15, 0x08, 0x2c, 0x08, 0x00, 0x00
    .byte 0x00, 0x15, 0x05, 0x20, 0x00, 0x00, 0x15, 0x55, 0x2c, 0x05, 0x00, 0x00, 0x00, 0x15, 0x07, 0x15
    .byte 0x08, 0x2c, 0x05, 0x00, 0x00, 0x00, 0x2c, 0xaf, 0xfe, 0x21, 0x02, 0x15, 0x39, 0x2c, 0x13, 0x10
    .byte 0x00, 0x00, 0x2c, 0x01, 0x10, 0x00, 0x00, 0x2c, 0x14, 0x10, 0x00, 0x00, 0x2c, 0x02, 0x00, 0x00
    .byte 0x00, 0x2c, 0x09, 0x00, 0x00, 0x00, 0x15, 0x73, 0x2c, 0x01, 0x00, 0x00, 0x00, 0x15, 0x06, 0x2c
    .byte 0x00, 0x01, 0x00, 0x00, 0x15, 0x17, 0x2c, 0xff, 0xff, 0xff, 0xff, 0x2c, 0x80, 0x02, 0x00, 0x00
    .byte 0x2c, 0xff, 0xff, 0xff, 0xff, 0x2c, 0xff, 0xff, 0xff, 0xff, 0x2c, 0xff, 0xff, 0xff, 0xff, 0x2c
    .byte 0xff, 0xff, 0xff, 0xff, 0x15, 0x00, 0x2e, 0x01, 0x2a, 0x00, 0x02, 0x05, 0x00, 0x02, 0x00, 0x00
    .byte 0x00, 0x17, 0x00, 0x20, 0x00, 0x00, 0x15, 0x02, 0x2c, 0x01, 0x00, 0x00, 0x00, 0x15, 0x07, 0x15
    .byte 0x08, 0x15, 0x12, 0x18, 0x70, 0x33, 0x00, 0x00, 0x00, 0x00, 0x00, 0x13, 0x65, 0xfe, 0x21, 0x02
    .byte 0x01, 0x51, 0xfe, 0x21, 0x02, 0x2c, 0x00, 0x01, 0x00, 0x00, 0x15, 0x17, 0x2c, 0x05, 0x00, 0x00
    .byte 0x00, 0x2c, 0x08, 0x00, 0x00, 0x00, 0x15, 0x47, 0x18, 0x70, 0x27, 0x00, 0x02, 0x2a, 0x00, 0x02
    .byte 0x33, 0x00, 0xcc, 0x01, 0x00, 0x00, 0x14, 0xae, 0xfe, 0x21, 0x02, 0x2e, 0x01, 0x2e, 0x02, 0x20
    .byte 0x00, 0x00, 0x15, 0x02, 0x2c, 0x01, 0x00, 0x00, 0x00, 0x15, 0x07, 0x15, 0x08, 0x2a, 0x00, 0x02
    .byte 0x05, 0x00, 0x01, 0x00, 0x00, 0x00, 0x27, 0x00, 0x02, 0x25, 0x7d, 0xfe, 0x21, 0x02, 0x00, 0x20
    .byte 0x00, 0x00, 0x15, 0x18, 0x20, 0x00, 0x00, 0x15, 0x2b, 0x2c, 0x02, 0x00, 0x00, 0x00, 0x15, 0x07
    .byte 0x15, 0x08, 0x2c, 0xff, 0xff, 0xff, 0xff, 0x2c, 0x00, 0x02, 0x00, 0x00, 0x2c, 0xff, 0xff, 0xff
    .byte 0xff, 0x2c, 0xff, 0xff, 0xff, 0xff, 0x2c, 0xff, 0xff, 0xff, 0xff, 0x2c, 0xff, 0xff, 0xff, 0xff
    .byte 0x15, 0x00, 0x20, 0x00, 0x00, 0x2c, 0x81, 0x3b, 0x00, 0x00, 0x15, 0xe0, 0x2c, 0x01, 0x00, 0x00
    .byte 0x00, 0x15, 0x07, 0x15, 0x08, 0x15, 0x27, 0x18, 0x70, 0x33, 0x00, 0x00, 0x00, 0x00, 0x00, 0x13
    .byte 0x09, 0xff, 0x21, 0x02, 0x01, 0xf5, 0xfe, 0x21, 0x02, 0x20, 0x00, 0x00, 0x2c, 0x82, 0x3b, 0x00
    .byte 0x00, 0x15, 0xe0, 0x20, 0x00, 0x00, 0x2c, 0x40, 0x00, 0x00, 0x00, 0x20, 0x00, 0x00, 0x2c, 0x00
    .byte 0x14, 0x00, 0x00, 0x2c, 0x06, 0x00, 0x00, 0x00, 0x20, 0x00, 0x00, 0x15, 0x1a, 0x15, 0x21, 0x2c
    .byte 0x14, 0x00, 0x00, 0x00, 0x15, 0x07, 0x15, 0x08, 0x2c, 0x01, 0x00, 0x00, 0x00, 0x15, 0x18, 0x00
    .byte 0x2c, 0x01, 0x00, 0x00, 0x00, 0x2c, 0x80, 0x01, 0x00, 0x00, 0x2c, 0x5b, 0x01, 0x00, 0x00, 0x20
    .byte 0x00, 0x00, 0x20, 0x00, 0x00, 0x15, 0x4f, 0x20, 0x00, 0x00, 0x2c, 0x97, 0xdf, 0x21, 0x02, 0x15
    .byte 0x39, 0x2c, 0x04, 0x00, 0x00, 0x00, 0x2c, 0x84, 0x01, 0x22, 0x02, 0x15, 0x39, 0x20, 0x00, 0x00
    .byte 0x2c, 0x83, 0x3b, 0x00, 0x00, 0x15, 0xe0, 0x2c, 0x0a, 0x00, 0x00, 0x00, 0x20, 0x00, 0x00, 0x15
    .byte 0x9d, 0x18, 0x70, 0x07, 0x00, 0x0c, 0x00, 0x00, 0x00, 0x17, 0x00, 0x15, 0x07, 0x15, 0x08, 0x2c
    .byte 0x05, 0x00, 0x00, 0x00, 0x2c, 0x3e, 0x01, 0x22, 0x02, 0x15, 0x39, 0x20, 0x00, 0x00, 0x2c, 0xdc
    .byte 0xff, 0x21, 0x02, 0x15, 0x39, 0x20, 0x00, 0x00, 0x15, 0x42, 0x18, 0x70, 0x32, 0x00, 0x00, 0x00
    .byte 0x00, 0x00, 0x14, 0xbc, 0xff, 0x21, 0x02, 0x01, 0xa5, 0xff, 0x21, 0x02, 0x2c, 0x04, 0x00, 0x00
    .byte 0x00, 0x2c, 0x9e, 0x01, 0x22, 0x02, 0x15, 0x39, 0x2c, 0x03, 0x00, 0x00, 0x00, 0x20, 0x00, 0x00
    .byte 0x20, 0x00, 0x00, 0x20, 0x00, 0x00, 0x20, 0x00, 0x00, 0x15, 0x4f, 0x00, 0x20, 0x00, 0x00, 0x15
    .byte 0x09, 0x20, 0x00, 0x00, 0x15, 0x18, 0x2c, 0x05, 0x00, 0x00, 0x00, 0x2c, 0x07, 0x00, 0x00, 0x00
    .byte 0x15, 0x47, 0x18, 0x70, 0x17, 0x00, 0x2c, 0x05, 0x00, 0x00, 0x00, 0x2c, 0x08, 0x00, 0x00, 0x00
    .byte 0x15, 0x47, 0x18, 0x70, 0x17, 0x00, 0x20, 0x00, 0x00, 0x15, 0x02, 0x2c, 0x01, 0x00, 0x00, 0x00
    .byte 0x15, 0x2b, 0x2c, 0x08, 0x00, 0x00, 0x00, 0x15, 0x05, 0x2c, 0x01, 0x00, 0x00, 0x00, 0x15, 0x06
    .byte 0x2c, 0x00, 0x01, 0x00, 0x00, 0x15, 0x17, 0x2c, 0x14, 0x00, 0x00, 0x00, 0x15, 0x07, 0x15, 0x08
    .byte 0x2c, 0x01, 0x00, 0x00, 0x00, 0x15, 0x09, 0x2c, 0x05, 0x00, 0x00, 0x00, 0x2c, 0x07, 0x00, 0x00
    .byte 0x00, 0x15, 0x47, 0x18, 0x70, 0x17, 0x00, 0x2c, 0x05, 0x00, 0x00, 0x00, 0x2c, 0x08, 0x00, 0x00
    .byte 0x00, 0x15, 0x47, 0x18, 0x70, 0x17, 0x00, 0x20, 0x00, 0x00, 0x15, 0x02, 0x2c, 0x05, 0x00, 0x00
    .byte 0x00, 0x2c, 0x08, 0x00, 0x00, 0x00, 0x15, 0x47, 0x18, 0x70, 0x33, 0x00, 0x6f, 0x01, 0x00, 0x00
    .byte 0x14, 0x7a, 0x00, 0x22, 0x02, 0x25, 0x88, 0x00, 0x22, 0x02, 0x2c, 0x01, 0x00, 0x00, 0x00, 0x15
    .byte 0x07, 0x15, 0x08, 0x25, 0x37, 0x00, 0x22, 0x02, 0x2c, 0x13, 0x10, 0x00, 0x00, 0x2c, 0x01, 0x10
    .byte 0x00, 0x00, 0x2c, 0x14, 0x10, 0x00, 0x00, 0x2c, 0x02, 0x00, 0x00, 0x00, 0x2c, 0x09, 0x00, 0x00
    .byte 0x00, 0x15, 0x73, 0x2c, 0xff, 0xff, 0xff, 0xff, 0x2c, 0x0a, 0x00, 0x00, 0x00, 0x20, 0x00, 0x00
    .byte 0x15, 0x9d, 0x18, 0x70, 0x07, 0x00, 0x40, 0x00, 0x00, 0x00, 0x17, 0x00, 0x2c, 0xff, 0xff, 0xff
    .byte 0xff, 0x2c, 0xff, 0xff, 0xff, 0xff, 0x2c, 0xff, 0xff, 0xff, 0xff, 0x2c, 0xff, 0xff, 0xff, 0xff
    .byte 0x15, 0x00, 0x2c, 0x05, 0x00, 0x00, 0x00, 0x15, 0x07, 0x15, 0x08, 0x2c, 0x01, 0x00, 0x00, 0x00
    .byte 0x15, 0x2b, 0x2c, 0x09, 0x00, 0x00, 0x00, 0x15, 0x05, 0x2c, 0x00, 0x01, 0x00, 0x00, 0x15, 0x17
    .byte 0x2c, 0x01, 0x00, 0x00, 0x00, 0x15, 0x07, 0x15, 0x08, 0x15, 0x12, 0x18, 0x70, 0x33, 0x00, 0x00
    .byte 0x00, 0x00, 0x00, 0x13, 0x0d, 0x01, 0x22, 0x02, 0x01, 0xf9, 0x00, 0x22, 0x02, 0x20, 0x00, 0x00
    .byte 0x15, 0x75, 0x2c, 0x09, 0x10, 0x00, 0x00, 0x2c, 0x01, 0x10, 0x00, 0x00, 0x2c, 0x0a, 0x10, 0x00
    .byte 0x00, 0x2c, 0x02, 0x00, 0x00, 0x00, 0x2c, 0x14, 0x00, 0x00, 0x00, 0x15, 0x73, 0x2c, 0x14, 0x00
    .byte 0x00, 0x00, 0x15, 0x05, 0x15, 0x16, 0x2c, 0x01, 0x00, 0x00, 0x00, 0x15, 0x18, 0x00, 0x20, 0x00
    .byte 0x00, 0x15, 0x18, 0x20, 0x00, 0x00, 0x15, 0x2b, 0x20, 0x00, 0x00, 0x2c, 0xb0, 0xff, 0xff, 0xff
    .byte 0x20, 0x00, 0x00, 0x2c, 0x00, 0x14, 0x00, 0x00, 0x2c, 0x06, 0x00, 0x00, 0x00, 0x20, 0x00, 0x00
    .byte 0x15, 0x1a, 0x15, 0x21, 0x2c, 0x01, 0x00, 0x00, 0x00, 0x2c, 0x83, 0x3b, 0x00, 0x00, 0x15, 0xe0
    .byte 0x20, 0x00, 0x00, 0x2c, 0x81, 0x3b, 0x00, 0x00, 0x15, 0xe0, 0x2c, 0x14, 0x00, 0x00, 0x00, 0x15
    .byte 0x07, 0x15, 0x08, 0x00, 0x20, 0x00, 0x00, 0x20, 0x00, 0x00, 0x2c, 0x10, 0x00, 0x00, 0x00, 0x15
    .byte 0x47, 0x18, 0x70, 0x24, 0x00, 0x01, 0x00, 0x00, 0x00, 0x17, 0x00, 0x15, 0x38, 0x00, 0x20, 0x00
    .byte 0x00, 0x20, 0x00, 0x00, 0x2c, 0x10, 0x00, 0x00, 0x00, 0x15, 0x47, 0x18, 0x70, 0x05, 0x00, 0x01
    .byte 0x00, 0x00, 0x00, 0x17, 0x00, 0x15, 0x38, 0x00, 0x2c, 0x38, 0x00, 0x00, 0x00, 0x15, 0x1b, 0x2c
    .byte 0x80, 0x01, 0x00, 0x00, 0x2c, 0xbf, 0x01, 0x00, 0x00, 0x20, 0x00, 0x00, 0x15, 0x02, 0x00, 0x2c
    .byte 0x80, 0x01, 0x00, 0x00, 0x2c, 0x72, 0x01, 0x00, 0x00, 0x20, 0x00, 0x00, 0x15, 0x02, 0x2c, 0x04
    .byte 0x00, 0x00, 0x00, 0x15, 0x75, 0x2c, 0x01, 0x00, 0x00, 0x00, 0x15, 0x06, 0x00, 0x2c, 0x38, 0x00
    .byte 0x00, 0x00, 0x15, 0x1b, 0x2c, 0x80, 0x01, 0x00, 0x00, 0x2c, 0x70, 0x01, 0x00, 0x00, 0x20, 0x00
    .byte 0x00, 0x15, 0x02, 0x00, 0x2c, 0x80, 0x01, 0x00, 0x00, 0x2c, 0x56, 0x01, 0x00, 0x00, 0x20, 0x00
    .byte 0x00, 0x15, 0x02, 0x2c, 0x04, 0x00, 0x00, 0x00, 0x15, 0x75, 0x2c, 0x01, 0x00, 0x00, 0x00, 0x15
    .byte 0x06, 0x00, 0x2c, 0xec, 0x0b, 0x00, 0x00, 0x15, 0x37, 0x18, 0x70, 0x32, 0x00, 0x01, 0x00, 0x00
    .byte 0x00, 0x14, 0x44, 0x02, 0x22, 0x02, 0x03, 0x00, 0x0c, 0x00, 0x00, 0x00, 0x26, 0x00, 0x71, 0x25
    .byte 0xb5, 0x03, 0x22, 0x02, 0x2c, 0xeb, 0x0b, 0x00, 0x00, 0x15, 0x37, 0x18, 0x70, 0x32, 0x00, 0x01
    .byte 0x00, 0x00, 0x00, 0x14, 0x66, 0x02, 0x22, 0x02, 0x03, 0x00, 0x0b, 0x00, 0x00, 0x00, 0x26, 0x00
    .byte 0x71, 0x25, 0xb5, 0x03, 0x22, 0x02, 0x2c, 0xea, 0x0b, 0x00, 0x00, 0x15, 0x37, 0x18, 0x70, 0x32
    .byte 0x00, 0x01, 0x00, 0x00, 0x00, 0x14, 0x88, 0x02, 0x22, 0x02, 0x03, 0x00, 0x0a, 0x00, 0x00, 0x00
    .byte 0x26, 0x00, 0x71, 0x25, 0xb5, 0x03, 0x22, 0x02, 0x2c, 0xe9, 0x0b, 0x00, 0x00, 0x15, 0x37, 0x18
    .byte 0x70, 0x32, 0x00, 0x01, 0x00, 0x00, 0x00, 0x14, 0xaa, 0x02, 0x22, 0x02, 0x03, 0x00, 0x09, 0x00
    .byte 0x00, 0x00, 0x26, 0x00, 0x71, 0x25, 0xb5, 0x03, 0x22, 0x02, 0x2c, 0xe8, 0x0b, 0x00, 0x00, 0x15
    .byte 0x37, 0x18, 0x70, 0x32, 0x00, 0x01, 0x00, 0x00, 0x00, 0x14, 0xcc, 0x02, 0x22, 0x02, 0x03, 0x00
    .byte 0x08, 0x00, 0x00, 0x00, 0x26, 0x00, 0x71, 0x25, 0xb5, 0x03, 0x22, 0x02, 0x2c, 0xe7, 0x0b, 0x00
    .byte 0x00, 0x15, 0x37, 0x18, 0x70, 0x32, 0x00, 0x01, 0x00, 0x00, 0x00, 0x14, 0xee, 0x02, 0x22, 0x02
    .byte 0x03, 0x00, 0x07, 0x00, 0x00, 0x00, 0x26, 0x00, 0x71, 0x25, 0xb5, 0x03, 0x22, 0x02, 0x2c, 0xe6
    .byte 0x0b, 0x00, 0x00, 0x15, 0x37, 0x18, 0x70, 0x32, 0x00, 0x01, 0x00, 0x00, 0x00, 0x14, 0x10, 0x03
    .byte 0x22, 0x02, 0x03, 0x00, 0x06, 0x00, 0x00, 0x00, 0x26, 0x00, 0x71, 0x25, 0xb5, 0x03, 0x22, 0x02
    .byte 0x2c, 0xe5, 0x0b, 0x00, 0x00, 0x15, 0x37, 0x18, 0x70, 0x32, 0x00, 0x01, 0x00, 0x00, 0x00, 0x14
    .byte 0x32, 0x03, 0x22, 0x02, 0x03, 0x00, 0x05, 0x00, 0x00, 0x00, 0x26, 0x00, 0x71, 0x25, 0xb5, 0x03
    .byte 0x22, 0x02, 0x2c, 0xe4, 0x0b, 0x00, 0x00, 0x15, 0x37, 0x18, 0x70, 0x32, 0x00, 0x01, 0x00, 0x00
    .byte 0x00, 0x14, 0x54, 0x03, 0x22, 0x02, 0x03, 0x00, 0x04, 0x00, 0x00, 0x00, 0x26, 0x00, 0x71, 0x25
    .byte 0xb5, 0x03, 0x22, 0x02, 0x2c, 0xe3, 0x0b, 0x00, 0x00, 0x15, 0x37, 0x18, 0x70, 0x32, 0x00, 0x01
    .byte 0x00, 0x00, 0x00, 0x14, 0x76, 0x03, 0x22, 0x02, 0x03, 0x00, 0x03, 0x00, 0x00, 0x00, 0x26, 0x00
    .byte 0x71, 0x25, 0xb5, 0x03, 0x22, 0x02, 0x2c, 0xe2, 0x0b, 0x00, 0x00, 0x15, 0x37, 0x18, 0x70, 0x32
    .byte 0x00, 0x01, 0x00, 0x00, 0x00, 0x14, 0x98, 0x03, 0x22, 0x02, 0x03, 0x00, 0x02, 0x00, 0x00, 0x00
    .byte 0x26, 0x00, 0x71, 0x25, 0xb5, 0x03, 0x22, 0x02, 0x2c, 0xe1, 0x0b, 0x00, 0x00, 0x15, 0x37, 0x18
    .byte 0x70, 0x32, 0x00, 0x01, 0x00, 0x00, 0x00, 0x14, 0xb5, 0x03, 0x22, 0x02, 0x03, 0x00, 0x01, 0x00
    .byte 0x00, 0x00, 0x26, 0x00, 0x71, 0x2c, 0x06, 0x00, 0x00, 0x00, 0x20, 0x00, 0x00, 0x20, 0x00, 0x00
    .byte 0x20, 0x00, 0x00, 0x20, 0x00, 0x00, 0x20, 0x00, 0x00, 0x20, 0x00, 0x00, 0x15, 0x53, 0x22, 0x2c
    .byte 0x02, 0x00, 0x00, 0x00, 0x20, 0x00, 0x00, 0x20, 0x00, 0x00, 0x15, 0xce, 0x2c, 0x01, 0x00, 0x00
    .byte 0x00, 0x15, 0x07, 0x15, 0x08, 0x2c, 0xd2, 0x03, 0x00, 0x00, 0x15, 0x37, 0x18, 0x70, 0x32, 0x00
    .byte 0x00, 0x00, 0x00, 0x00, 0x14, 0xfe, 0x03, 0x22, 0x02, 0x25, 0x03, 0x04, 0x22, 0x02, 0x25, 0xdc
    .byte 0x03, 0x22, 0x02, 0x2c, 0x0d, 0x00, 0x00, 0x00, 0x2c, 0x8f, 0xdf, 0x21, 0x02, 0x15, 0x39, 0x2c
    .byte 0x04, 0x00, 0x00, 0x00, 0x20, 0x00, 0x00, 0x2c, 0x01, 0x00, 0x00, 0x00, 0x20, 0x00, 0x00, 0x20
    .byte 0x00, 0x00, 0x20, 0x00, 0x00, 0x15, 0xbd, 0x2c, 0xcf, 0x03, 0x00, 0x00, 0x15, 0x35, 0x2c, 0x01
    .byte 0x00, 0x00, 0x00, 0x15, 0x07, 0x15, 0x08, 0x2c, 0xd2, 0x03, 0x00, 0x00, 0x15, 0x37, 0x18, 0x70
    .byte 0x32, 0x00, 0x00, 0x00, 0x00, 0x00, 0x14, 0x50, 0x04, 0x22, 0x02, 0x25, 0x55, 0x04, 0x22, 0x02
    .byte 0x25, 0x2e, 0x04, 0x22, 0x02, 0x22, 0x2c, 0xd0, 0x03, 0x00, 0x00, 0x15, 0x35, 0x2c, 0x01, 0x00
    .byte 0x00, 0x00, 0x15, 0x07, 0x15, 0x08, 0x2c, 0xd2, 0x03, 0x00, 0x00, 0x15, 0x37, 0x18, 0x70, 0x32
    .byte 0x00, 0x00, 0x00, 0x00, 0x00, 0x14, 0x7f, 0x04, 0x22, 0x02, 0x25, 0x84, 0x04, 0x22, 0x02, 0x25
    .byte 0x5d, 0x04, 0x22, 0x02, 0x2c, 0x0d, 0x00, 0x00, 0x00, 0x2c, 0x97, 0xdf, 0x21, 0x02, 0x15, 0x39
    .byte 0x2c, 0x04, 0x00, 0x00, 0x00, 0x20, 0x00, 0x00, 0x20, 0x00, 0x00, 0x20, 0x00, 0x00, 0x20, 0x00
    .byte 0x00, 0x20, 0x00, 0x00, 0x15, 0xbd, 0x2c, 0xd1, 0x03, 0x00, 0x00, 0x15, 0x35, 0x2c, 0x01, 0x00
    .byte 0x00, 0x00, 0x15, 0x07, 0x15, 0x08, 0x2c, 0xd2, 0x03, 0x00, 0x00, 0x15, 0x37, 0x18, 0x70, 0x32
    .byte 0x00, 0x00, 0x00, 0x00, 0x00, 0x14, 0xcf, 0x04, 0x22, 0x02, 0x25, 0xd4, 0x04, 0x22, 0x02, 0x25
    .byte 0xad, 0x04, 0x22, 0x02, 0x22, 0x03, 0x00, 0x01, 0x00, 0x00, 0x00, 0x32, 0x00, 0x01, 0x00, 0x00
    .byte 0x00, 0x14, 0x1e, 0x05, 0x22, 0x02, 0x2c, 0x12, 0x00, 0x00, 0x00, 0x2c, 0x03, 0x00, 0x00, 0x00
    .byte 0x2c, 0xff, 0x7d, 0x00, 0x00, 0x15, 0xce, 0x2c, 0x12, 0x00, 0x00, 0x00, 0x2c, 0x04, 0x00, 0x00
    .byte 0x00, 0x2c, 0x1f, 0x00, 0x00, 0x00, 0x15, 0xce, 0x2c, 0x12, 0x00, 0x00, 0x00, 0x2c, 0x07, 0x00
    .byte 0x00, 0x00, 0x2c, 0x1f, 0x7c, 0x00, 0x00, 0x15, 0xce, 0x25, 0x2b, 0x05, 0x22, 0x02, 0x2c, 0x13
    .byte 0x00, 0x00, 0x00, 0x20, 0x00, 0x00, 0x20, 0x00, 0x00, 0x15, 0xce, 0x20, 0x00, 0x00, 0x15, 0x07
    .byte 0x15, 0x08, 0x2c, 0x0a, 0x00, 0x00, 0x00, 0x15, 0x07, 0x15, 0x08, 0x20, 0x00, 0x00, 0x20, 0x00
    .byte 0x00, 0x20, 0x00, 0x00, 0x15, 0xba, 0x15, 0x8f, 0x2c, 0x3c, 0x00, 0x00, 0x00, 0x15, 0x07, 0x15
    .byte 0x08, 0x2c, 0x02, 0x00, 0x00, 0x00, 0x20, 0x00, 0x00, 0x20, 0x00, 0x00, 0x15, 0xce, 0x2c, 0x06
    .byte 0x00, 0x00, 0x00, 0x2c, 0x02, 0x00, 0x00, 0x00, 0x15, 0xe0, 0x2c, 0xd2, 0x03, 0x00, 0x00, 0x15
    .byte 0x37, 0x18, 0x70, 0x32, 0x00, 0x00, 0x00, 0x00, 0x00, 0x13, 0x83, 0x05, 0x22, 0x02, 0x01, 0x6a
    .byte 0x05, 0x22, 0x02, 0x22, 0x2c, 0xf5, 0x03, 0x00, 0x00, 0x15, 0x35, 0x03, 0x00, 0x01, 0x00, 0x00
    .byte 0x00, 0x32, 0x00, 0x01, 0x00, 0x00, 0x00, 0x14, 0xd4, 0x05, 0x22, 0x02, 0x2c, 0x12, 0x00, 0x00
    .byte 0x00, 0x2c, 0x03, 0x00, 0x00, 0x00, 0x2c, 0xff, 0x7d, 0x00, 0x00, 0x15, 0xce, 0x2c, 0x12, 0x00
    .byte 0x00, 0x00, 0x2c, 0x04, 0x00, 0x00, 0x00, 0x2c, 0x1f, 0x00, 0x00, 0x00, 0x15, 0xce, 0x2c, 0x12
    .byte 0x00, 0x00, 0x00, 0x2c, 0x07, 0x00, 0x00, 0x00, 0x2c, 0x1f, 0x7c, 0x00, 0x00, 0x15, 0xce, 0x25
    .byte 0xe1, 0x05, 0x22, 0x02, 0x2c, 0x13, 0x00, 0x00, 0x00, 0x20, 0x00, 0x00, 0x20, 0x00, 0x00, 0x15
    .byte 0xce, 0x20, 0x00, 0x00, 0x15, 0x07, 0x15, 0x08, 0x2c, 0x3c, 0x00, 0x00, 0x00, 0x15, 0x07, 0x15
    .byte 0x08, 0x20, 0x00, 0x00, 0x20, 0x00, 0x00, 0x20, 0x00, 0x00, 0x15, 0xba, 0x15, 0x8f, 0x2c, 0x3c
    .byte 0x00, 0x00, 0x00, 0x15, 0x07, 0x15, 0x08, 0x2c, 0x02, 0x00, 0x00, 0x00, 0x20, 0x00, 0x00, 0x20
    .byte 0x00, 0x00, 0x15, 0xce, 0x2c, 0x06, 0x00, 0x00, 0x00, 0x2c, 0x02, 0x00, 0x00, 0x00, 0x15, 0xe0
    .byte 0x2c, 0xd2, 0x03, 0x00, 0x00, 0x15, 0x37, 0x18, 0x70, 0x32, 0x00, 0x00, 0x00, 0x00, 0x00, 0x13
    .byte 0x39, 0x06, 0x22, 0x02, 0x01, 0x20, 0x06, 0x22, 0x02, 0x22, 0x2c, 0xcf, 0x03, 0x00, 0x00, 0x15
    .byte 0x35, 0x2c, 0x01, 0x00, 0x00, 0x00, 0x15, 0x07, 0x15, 0x08, 0x2c, 0x06, 0x00, 0x00, 0x00, 0x2c
    .byte 0x01, 0x00, 0x00, 0x00, 0x15, 0xe0, 0x2c, 0xd2, 0x03, 0x00, 0x00, 0x15, 0x37, 0x18, 0x70, 0x32
    .byte 0x00, 0x00, 0x00, 0x00, 0x00, 0x13, 0x6f, 0x06, 0x22, 0x02, 0x01, 0x56, 0x06, 0x22, 0x02, 0x22
    .byte 0x2c, 0xd0, 0x03, 0x00, 0x00, 0x15, 0x35, 0x2c, 0x01, 0x00, 0x00, 0x00, 0x15, 0x07, 0x15, 0x08
    .byte 0x2c, 0x06, 0x00, 0x00, 0x00, 0x2c, 0x02, 0x00, 0x00, 0x00, 0x15, 0xe0, 0x2c, 0xd2, 0x03, 0x00
    .byte 0x00, 0x15, 0x37, 0x18, 0x70, 0x32, 0x00, 0x00, 0x00, 0x00, 0x00, 0x13, 0xa5, 0x06, 0x22, 0x02
    .byte 0x01, 0x8c, 0x06, 0x22, 0x02, 0x22, 0x2c, 0xd1, 0x03, 0x00, 0x00, 0x15, 0x35, 0x2c, 0x01, 0x00
    .byte 0x00, 0x00, 0x15, 0x07, 0x15, 0x08, 0x2c, 0x06, 0x00, 0x00, 0x00, 0x2c, 0x01, 0x00, 0x00, 0x00
    .byte 0x15, 0xe0, 0x2c, 0xd2, 0x03, 0x00, 0x00, 0x15, 0x37, 0x18, 0x70, 0x32, 0x00, 0x00, 0x00, 0x00
    .byte 0x00, 0x13, 0xdb, 0x06, 0x22, 0x02, 0x01, 0xc2, 0x06, 0x22, 0x02, 0x15, 0x8e, 0x2c, 0x3c, 0x00
    .byte 0x00, 0x00, 0x15, 0x07, 0x15, 0x08, 0x2c, 0x01, 0x00, 0x00, 0x00, 0x2c, 0xfa, 0x00, 0x00, 0x00
    .byte 0x2c, 0x1e, 0x00, 0x00, 0x00, 0x15, 0xba, 0x2c, 0xf5, 0x03, 0x00, 0x00, 0x15, 0x36, 0x03, 0x00
    .byte 0x00, 0x00, 0x00, 0x00, 0x32, 0x00, 0x01, 0x00, 0x00, 0x00, 0x14, 0x47, 0x07, 0x22, 0x02, 0x2c
    .byte 0x12, 0x00, 0x00, 0x00, 0x2c, 0x03, 0x00, 0x00, 0x00, 0x2c, 0xff, 0x7d, 0x00, 0x00, 0x15, 0xce
    .byte 0x2c, 0x12, 0x00, 0x00, 0x00, 0x2c, 0x04, 0x00, 0x00, 0x00, 0x2c, 0x1f, 0x00, 0x00, 0x00, 0x15
    .byte 0xce, 0x2c, 0x12, 0x00, 0x00, 0x00, 0x2c, 0x07, 0x00, 0x00, 0x00, 0x2c, 0x1f, 0x7c, 0x00, 0x00
    .byte 0x15, 0xce, 0x25, 0x54, 0x07, 0x22, 0x02, 0x2c, 0x13, 0x00, 0x00, 0x00, 0x20, 0x00, 0x00, 0x20
    .byte 0x00, 0x00, 0x15, 0xce, 0x20, 0x00, 0x00, 0x15, 0x07, 0x15, 0x08, 0x22, 0x20, 0x00, 0x00, 0x15
    .byte 0x06, 0x2c, 0x1e, 0x00, 0x00, 0x00, 0x15, 0x07, 0x15, 0x08, 0x2c, 0x0f, 0x10, 0x00, 0x00, 0x2c
    .byte 0x01, 0x10, 0x00, 0x00, 0x2c, 0x10, 0x10, 0x00, 0x00, 0x2c, 0x02, 0x00, 0x00, 0x00, 0x2c, 0x24
    .byte 0x00, 0x00, 0x00, 0x15, 0x73, 0x2c, 0x00, 0x01, 0x00, 0x00, 0x15, 0x17, 0x2c, 0x24, 0x00, 0x00
    .byte 0x00, 0x15, 0x05, 0x20, 0x00, 0x00, 0x2c, 0x49, 0x00, 0x00, 0x00, 0x15, 0xe0, 0x15, 0x16, 0x2c
    .byte 0x24, 0x00, 0x00, 0x00, 0x15, 0x05, 0x15, 0x16, 0x2c, 0x14, 0x00, 0x00, 0x00, 0x15, 0x07, 0x15
    .byte 0x08, 0x00, 0x15, 0x8f, 0x2c, 0x0b, 0x00, 0x00, 0x00, 0x20, 0x00, 0x00, 0x15, 0x9d, 0x18, 0x70
    .byte 0x28, 0x00, 0x00, 0x2b, 0x00, 0x00, 0x32, 0x00, 0x02, 0x00, 0x00, 0x00, 0x14, 0x02, 0x08, 0x22
    .byte 0x02, 0x15, 0x8b, 0x18, 0x70, 0x32, 0x00, 0x00, 0x00, 0x00, 0x00, 0x13, 0xe5, 0x07, 0x22, 0x02
    .byte 0x01, 0xd1, 0x07, 0x22, 0x02, 0x2c, 0x39, 0x08, 0x00, 0x00, 0x20, 0x00, 0x00, 0x2c, 0x01, 0x00
    .byte 0x00, 0x00, 0x15, 0xea, 0x2c, 0x01, 0x00, 0x00, 0x00, 0x15, 0x07, 0x15, 0x08, 0x25, 0x6d, 0x08
    .byte 0x22, 0x02, 0x2b, 0x00, 0x00, 0x32, 0x00, 0x01, 0x00, 0x00, 0x00, 0x14, 0x41, 0x08, 0x22, 0x02
    .byte 0x15, 0x8b, 0x18, 0x70, 0x32, 0x00, 0x00, 0x00, 0x00, 0x00, 0x13, 0x24, 0x08, 0x22, 0x02, 0x01
    .byte 0x10, 0x08, 0x22, 0x02, 0x2c, 0x38, 0x08, 0x00, 0x00, 0x20, 0x00, 0x00, 0x2c, 0x01, 0x00, 0x00
    .byte 0x00, 0x15, 0xea, 0x2c, 0x01, 0x00, 0x00, 0x00, 0x15, 0x07, 0x15, 0x08, 0x25, 0x6d, 0x08, 0x22
    .byte 0x02, 0x15, 0x8b, 0x18, 0x70, 0x32, 0x00, 0x00, 0x00, 0x00, 0x00, 0x13, 0x55, 0x08, 0x22, 0x02
    .byte 0x01, 0x41, 0x08, 0x22, 0x02, 0x2c, 0x37, 0x08, 0x00, 0x00, 0x20, 0x00, 0x00, 0x2c, 0x01, 0x00
    .byte 0x00, 0x00, 0x15, 0xea, 0x2c, 0x01, 0x00, 0x00, 0x00, 0x15, 0x07, 0x15, 0x08, 0x15, 0x8e, 0x22
    .byte 0x2c, 0x05, 0x10, 0x00, 0x00, 0x2c, 0x01, 0x10, 0x00, 0x00, 0x2c, 0x06, 0x10, 0x00, 0x00, 0x2c
    .byte 0x02, 0x00, 0x00, 0x00, 0x2c, 0x0a, 0x00, 0x00, 0x00, 0x15, 0x73, 0x2c, 0x0a, 0x00, 0x00, 0x00
    .byte 0x15, 0x05, 0x2c, 0x01, 0x00, 0x00, 0x00, 0x15, 0x06, 0x00, 0x2c, 0x00, 0x10, 0x00, 0x00, 0x2c
    .byte 0x01, 0x10, 0x00, 0x00, 0x2c, 0x02, 0x10, 0x00, 0x00, 0x2c, 0x02, 0x00, 0x00, 0x00, 0x2c, 0x0a
    .byte 0x00, 0x00, 0x00, 0x15, 0x73, 0x2c, 0x04, 0x00, 0x00, 0x00, 0x15, 0x05, 0x20, 0x00, 0x00, 0x15
    .byte 0x55, 0x00, 0x2c, 0x05, 0x10, 0x00, 0x00, 0x2c, 0x01, 0x10, 0x00, 0x00, 0x2c, 0x06, 0x10, 0x00
    .byte 0x00, 0x2c, 0x02, 0x00, 0x00, 0x00, 0x2c, 0x0a, 0x00, 0x00, 0x00, 0x15, 0x73, 0x2c, 0x0a, 0x00
    .byte 0x00, 0x00, 0x15, 0x05, 0x15, 0x16, 0x2c, 0x0a, 0x00, 0x00, 0x00, 0x15, 0x05, 0x15, 0x16, 0x2c
    .byte 0x0a, 0x00, 0x00, 0x00, 0x15, 0x05, 0x15, 0x16, 0x2c, 0x2d, 0x00, 0x00, 0x00, 0x15, 0x07, 0x15
    .byte 0x08, 0x2c, 0x00, 0x10, 0x00, 0x00, 0x2c, 0x01, 0x10, 0x00, 0x00, 0x2c, 0x02, 0x10, 0x00, 0x00
    .byte 0x2c, 0x02, 0x00, 0x00, 0x00, 0x2c, 0x0a, 0x00, 0x00, 0x00, 0x15, 0x73, 0x2c, 0x04, 0x00, 0x00
    .byte 0x00, 0x15, 0x05, 0x20, 0x00, 0x00, 0x15, 0x55, 0x00, 0x29, 0x00, 0xfd, 0x32, 0x00, 0x00, 0x00
    .byte 0x00, 0x00, 0x14, 0x71, 0x09, 0x22, 0x02, 0x2c, 0x04, 0x00, 0x00, 0x00, 0x2c, 0x04, 0x00, 0x00
    .byte 0x00, 0x15, 0x9d, 0x2c, 0x0c, 0x00, 0x00, 0x00, 0x2c, 0x04, 0x00, 0x00, 0x00, 0x15, 0x9d, 0x03
    .byte 0x00, 0x04, 0x00, 0x00, 0x00, 0x26, 0x00, 0xc1, 0x03, 0x00, 0x04, 0x00, 0x00, 0x00, 0x26, 0x00
    .byte 0x71, 0x2c, 0xed, 0x0b, 0x00, 0x00, 0x15, 0x35, 0x03, 0x00, 0x99, 0x00, 0x00, 0x00, 0x26, 0x00
    .byte 0xfd, 0x2c, 0x92, 0x03, 0x00, 0x00, 0x15, 0x35, 0x2c, 0x8b, 0x03, 0x00, 0x00, 0x15, 0x35, 0x20
    .byte 0x00, 0x00, 0x2c, 0xff, 0xff, 0xff, 0xff, 0x2c, 0xff, 0xff, 0xff, 0xff, 0x15, 0xdd, 0x18, 0x70
    .byte 0x14, 0xae, 0x09, 0x22, 0x02, 0x2c, 0x06, 0x00, 0x00, 0x00, 0x20, 0x00, 0x00, 0x2c, 0xff, 0xff
    .byte 0xff, 0xff, 0x2c, 0xff, 0xff, 0xff, 0xff, 0x2c, 0xff, 0xff, 0xff, 0xff, 0x15, 0xdc, 0x21, 0x3f
    .byte 0x0a, 0x22, 0x02, 0x2c, 0x08, 0x00, 0x00, 0x00, 0x2c, 0x22, 0xec, 0x21, 0x02, 0x15, 0x39, 0x29
    .byte 0x00, 0xfd, 0x32, 0x00, 0x8c, 0x00, 0x00, 0x00, 0x14, 0xf4, 0x09, 0x22, 0x02, 0x2c, 0x05, 0x00
    .byte 0x00, 0x00, 0x2c, 0xb8, 0x01, 0x22, 0x02, 0x15, 0x39, 0x20, 0x00, 0x00, 0x2c, 0xcf, 0x01, 0x22
    .byte 0x02, 0x15, 0x39, 0x2c, 0x03, 0x00, 0x00, 0x00, 0x2c, 0x40, 0xff, 0x21, 0x02, 0x15, 0x29, 0x25
    .byte 0x35, 0x0a, 0x22, 0x02, 0x29, 0x00, 0xfd, 0x32, 0x00, 0x99, 0x00, 0x00, 0x00, 0x14, 0x29, 0x0a
    .byte 0x22, 0x02, 0x2c, 0x05, 0x00, 0x00, 0x00, 0x2c, 0xed, 0x01, 0x22, 0x02, 0x15, 0x39, 0x20, 0x00
    .byte 0x00, 0x2c, 0x04, 0x02, 0x22, 0x02, 0x15, 0x39, 0x2c, 0x03, 0x00, 0x00, 0x00, 0x2c, 0x2e, 0x11
    .byte 0x22, 0x02, 0x15, 0x29, 0x25, 0x35, 0x0a, 0x22, 0x02, 0x2c, 0x05, 0x00, 0x00, 0x00, 0x2c, 0xed
    .byte 0x01, 0x22, 0x02, 0x15, 0x39, 0x2c, 0x05, 0x00, 0x00, 0x00, 0x15, 0x07, 0x15, 0x08, 0x00, 0x2c
    .byte 0x02, 0x00, 0x00, 0x00, 0x20, 0x00, 0x00, 0x15, 0xd9, 0x2c, 0x03, 0x00, 0x00, 0x00, 0x2c, 0x04
    .byte 0x00, 0x00, 0x00, 0x20, 0x00, 0x00, 0x15, 0xce, 0x20, 0x00, 0x00, 0x20, 0x00, 0x00, 0x20, 0x00
    .byte 0x00, 0x2c, 0x02, 0x00, 0x00, 0x00, 0x2c, 0x04, 0x00, 0x00, 0x00, 0x20, 0x00, 0x00, 0x15, 0xbd
    .byte 0x2c, 0x02, 0x00, 0x00, 0x00, 0x20, 0x00, 0x00, 0x2c, 0x32, 0x90, 0x00, 0x00, 0x2c, 0x33, 0x90
    .byte 0x00, 0x00, 0x2c, 0x36, 0x90, 0x00, 0x00, 0x20, 0x00, 0x00, 0x15, 0xbd, 0x2c, 0x04, 0x00, 0x00
    .byte 0x00, 0x20, 0x00, 0x00, 0x20, 0x00, 0x00, 0x20, 0x00, 0x00, 0x20, 0x00, 0x00, 0x20, 0x00, 0x00
    .byte 0x15, 0xbd, 0x2c, 0x03, 0x00, 0x00, 0x00, 0x20, 0x00, 0x00, 0x20, 0x00, 0x00, 0x20, 0x00, 0x00
    .byte 0x20, 0x00, 0x00, 0x20, 0x00, 0x00, 0x15, 0xbd, 0x20, 0x00, 0x00, 0x2c, 0x01, 0x00, 0x00, 0x00
    .byte 0x20, 0x00, 0x00, 0x2c, 0x03, 0x00, 0x00, 0x00, 0x20, 0x00, 0x00, 0x20, 0x00, 0x00, 0x15, 0xbd
    .byte 0x2c, 0x02, 0x00, 0x00, 0x00, 0x2c, 0x01, 0x00, 0x00, 0x00, 0x2c, 0xab, 0xb0, 0x00, 0x00, 0x2c
    .byte 0xac, 0xb0, 0x00, 0x00, 0x2c, 0xad, 0xb0, 0x00, 0x00, 0x20, 0x00, 0x00, 0x15, 0xbd, 0x2c, 0x04
    .byte 0x00, 0x00, 0x00, 0x2c, 0x01, 0x00, 0x00, 0x00, 0x2c, 0x01, 0x00, 0x00, 0x00, 0x20, 0x00, 0x00
    .byte 0x20, 0x00, 0x00, 0x20, 0x00, 0x00, 0x15, 0xbd, 0x2c, 0x03, 0x00, 0x00, 0x00, 0x2c, 0x01, 0x00
    .byte 0x00, 0x00, 0x20, 0x00, 0x00, 0x20, 0x00, 0x00, 0x20, 0x00, 0x00, 0x20, 0x00, 0x00, 0x15, 0xbd
    .byte 0x2c, 0x01, 0x00, 0x00, 0x00, 0x2c, 0x01, 0x00, 0x00, 0x00, 0x20, 0x00, 0x00, 0x2c, 0x03, 0x00
    .byte 0x00, 0x00, 0x2c, 0x02, 0x00, 0x00, 0x00, 0x20, 0x00, 0x00, 0x15, 0xbe, 0x2c, 0x02, 0x00, 0x00
    .byte 0x00, 0x2c, 0x01, 0x00, 0x00, 0x00, 0x2c, 0xcc, 0xb0, 0x00, 0x00, 0x2c, 0xcd, 0xb0, 0x00, 0x00
    .byte 0x2c, 0xce, 0xb0, 0x00, 0x00, 0x2c, 0x08, 0x00, 0x00, 0x00, 0x15, 0xbe, 0x2c, 0x04, 0x00, 0x00
    .byte 0x00, 0x2c, 0x01, 0x00, 0x00, 0x00, 0x2c, 0x01, 0x00, 0x00, 0x00, 0x20, 0x00, 0x00, 0x20, 0x00
    .byte 0x00, 0x20, 0x00, 0x00, 0x15, 0xbe, 0x2c, 0x03, 0x00, 0x00, 0x00, 0x2c, 0x01, 0x00, 0x00, 0x00
    .byte 0x20, 0x00, 0x00, 0x20, 0x00, 0x00, 0x20, 0x00, 0x00, 0x20, 0x00, 0x00, 0x15, 0xbe, 0x22, 0x2c
    .byte 0xf4, 0x03, 0x00, 0x00, 0x15, 0x37, 0x18, 0x70, 0x32, 0x00, 0x01, 0x00, 0x00, 0x00, 0x13, 0xa8
    .byte 0x0b, 0x22, 0x02, 0x01, 0x8f, 0x0b, 0x22, 0x02, 0x21, 0x3f, 0x0a, 0x22, 0x02, 0x2c, 0xf4, 0x03
    .byte 0x00, 0x00, 0x15, 0x36, 0x25, 0x8f, 0x0b, 0x22, 0x02, 0x00, 0x20, 0x00, 0x00, 0x2c, 0x02, 0x00
    .byte 0x00, 0x00, 0x15, 0x38, 0x20, 0x00, 0x00, 0x15, 0x09, 0x00, 0x20, 0x00, 0x00, 0x2c, 0x02, 0x00
    .byte 0x00, 0x00, 0x15, 0x38, 0x20, 0x00, 0x00, 0x15, 0x09, 0x00, 0x20, 0x00, 0x00, 0x2c, 0x02, 0x00
    .byte 0x00, 0x00, 0x15, 0x38, 0x20, 0x00, 0x00, 0x15, 0x09, 0x00, 0x20, 0x00, 0x00, 0x2c, 0x02, 0x00
    .byte 0x00, 0x00, 0x15, 0x38, 0x20, 0x00, 0x00, 0x15, 0x09, 0x00, 0x20, 0x00, 0x00, 0x2c, 0x02, 0x00
    .byte 0x00, 0x00, 0x15, 0x38, 0x20, 0x00, 0x00, 0x15, 0x09, 0x00, 0x20, 0x00, 0x00, 0x2c, 0x02, 0x00
    .byte 0x00, 0x00, 0x15, 0x38, 0x20, 0x00, 0x00, 0x15, 0x09, 0x00, 0x20, 0x00, 0x00, 0x2c, 0x02, 0x00
    .byte 0x00, 0x00, 0x15, 0x38, 0x20, 0x00, 0x00, 0x15, 0x09, 0x00, 0x20, 0x00, 0x00, 0x2c, 0x02, 0x00
    .byte 0x00, 0x00, 0x15, 0x38, 0x20, 0x00, 0x00, 0x15, 0x09, 0x00, 0x2c, 0x80, 0x00, 0x00, 0x00, 0x2c
    .byte 0x94, 0xff, 0xff, 0xff, 0x20, 0x00, 0x00, 0x15, 0x02, 0x2c, 0x01, 0x00, 0x00, 0x00, 0x15, 0x09
    .byte 0x2c, 0x02, 0x00, 0x00, 0x00, 0x15, 0x05, 0x20, 0x00, 0x00, 0x15, 0x55, 0x2c, 0xfb, 0xff, 0xff
    .byte 0xff, 0x15, 0x1b, 0x00, 0x2c, 0x80, 0x00, 0x00, 0x00, 0x2c, 0x94, 0xff, 0xff, 0xff, 0x20, 0x00
    .byte 0x00, 0x15, 0x02, 0x2c, 0x01, 0x00, 0x00, 0x00, 0x15, 0x09, 0x2c, 0x03, 0x00, 0x00, 0x00, 0x15
    .byte 0x05, 0x20, 0x00, 0x00, 0x15, 0x55, 0x01, 0x75, 0x0d, 0x22, 0x02, 0x00, 0x2c, 0x38, 0x00, 0x00
    .byte 0x00, 0x2c, 0x80, 0xff, 0xff, 0xff, 0x20, 0x00, 0x00, 0x15, 0x02, 0x2c, 0x01, 0x00, 0x00, 0x00
    .byte 0x15, 0x09, 0x2c, 0x14, 0x00, 0x00, 0x00, 0x15, 0x1b, 0x20, 0x00, 0x00, 0x15, 0x05, 0x2c, 0x01
    .byte 0x00, 0x00, 0x00, 0x15, 0x06, 0x00, 0x2c, 0xd3, 0x00, 0x00, 0x00, 0x2c, 0x85, 0xff, 0xff, 0xff
    .byte 0x20, 0x00, 0x00, 0x15, 0x02, 0x2c, 0x01, 0x00, 0x00, 0x00, 0x15, 0x09, 0x2c, 0x0f, 0x00, 0x00
    .byte 0x00, 0x15, 0x1b, 0x20, 0x00, 0x00, 0x15, 0x05, 0x2c, 0x01, 0x00, 0x00, 0x00, 0x15, 0x06, 0x00
    .byte 0x2c, 0x1d, 0x00, 0x00, 0x00, 0x2c, 0x99, 0xff, 0xff, 0xff, 0x20, 0x00, 0x00, 0x15, 0x02, 0x2c
    .byte 0x01, 0x00, 0x00, 0x00, 0x15, 0x09, 0x03, 0x00, 0x96, 0x00, 0x00, 0x00, 0x2c, 0x64, 0x00, 0x00
    .byte 0x00, 0x15, 0x01, 0x18, 0x71, 0x04, 0x10, 0x17, 0x00, 0x15, 0x17, 0x2c, 0x01, 0x00, 0x00, 0x00
    .byte 0x15, 0x05, 0x15, 0x16, 0x25, 0xf6, 0x0c, 0x22, 0x02, 0x00, 0x2c, 0xe2, 0x00, 0x00, 0x00, 0x2c
    .byte 0x99, 0xff, 0xff, 0xff, 0x20, 0x00, 0x00, 0x15, 0x02, 0x2c, 0x01, 0x00, 0x00, 0x00, 0x15, 0x09
    .byte 0x03, 0x00, 0x96, 0x00, 0x00, 0x00, 0x2c, 0x64, 0x00, 0x00, 0x00, 0x15, 0x01, 0x18, 0x71, 0x04
    .byte 0x10, 0x17, 0x00, 0x15, 0x17, 0x20, 0x00, 0x00, 0x15, 0x05, 0x15, 0x16, 0x25, 0x30, 0x0d, 0x22
    .byte 0x02, 0x00, 0x2c, 0x80, 0x00, 0x00, 0x00, 0x2c, 0x94, 0xff, 0xff, 0xff, 0x20, 0x00, 0x00, 0x15
    .byte 0x02, 0x2c, 0x01, 0x00, 0x00, 0x00, 0x15, 0x09, 0x20, 0x00, 0x00, 0x15, 0x05, 0x2c, 0x01, 0x00
    .byte 0x00, 0x00, 0x15, 0x06, 0x00, 0x2c, 0x03, 0x00, 0x00, 0x00, 0x15, 0x05, 0x15, 0x16, 0x2c, 0x02
    .byte 0x00, 0x00, 0x00, 0x15, 0x01, 0x18, 0x70, 0x32, 0x00, 0x00, 0x00, 0x00, 0x00, 0x14, 0x9b, 0x0d
    .byte 0x22, 0x02, 0x2c, 0x03, 0x00, 0x00, 0x00, 0x15, 0x05, 0x15, 0x16, 0x2c, 0x02, 0x00, 0x00, 0x00
    .byte 0x15, 0x01, 0x18, 0x70, 0x32, 0x00, 0x00, 0x00, 0x00, 0x00, 0x14, 0xb8, 0x0d, 0x22, 0x02, 0x2c
    .byte 0x03, 0x00, 0x00, 0x00, 0x15, 0x05, 0x15, 0x16, 0x2c, 0x03, 0x00, 0x00, 0x00, 0x15, 0x01, 0x18
    .byte 0x70, 0x32, 0x00, 0x00, 0x00, 0x00, 0x00, 0x14, 0xd5, 0x0d, 0x22, 0x02, 0x2c, 0x04, 0x00, 0x00
    .byte 0x00, 0x15, 0x05, 0x15, 0x16, 0x03, 0x00, 0x05, 0x00, 0x00, 0x00, 0x2c, 0x32, 0x00, 0x00, 0x00
    .byte 0x15, 0x01, 0x18, 0x71, 0x04, 0x10, 0x17, 0x00, 0x15, 0x07, 0x15, 0x08, 0x25, 0x75, 0x0d, 0x22
    .byte 0x02, 0x2c, 0x2d, 0x00, 0x00, 0x00, 0x15, 0x07, 0x15, 0x08, 0x2c, 0x02, 0x00, 0x00, 0x00, 0x15
    .byte 0x45, 0x15, 0x8b, 0x18, 0x70, 0x32, 0x00, 0x00, 0x00, 0x00, 0x00, 0x13, 0x15, 0x0e, 0x22, 0x02
    .byte 0x01, 0x01, 0x0e, 0x22, 0x02, 0x2c, 0x27, 0x08, 0x00, 0x00, 0x20, 0x00, 0x00, 0x20, 0x00, 0x00
    .byte 0x20, 0x00, 0x00, 0x15, 0x59, 0x15, 0x5a, 0x2c, 0x14, 0x00, 0x00, 0x00, 0x15, 0x07, 0x15, 0x08
    .byte 0x2c, 0x0e, 0x00, 0x00, 0x00, 0x2c, 0x6c, 0x0e, 0x22, 0x02, 0x15, 0x39, 0x2c, 0x28, 0x00, 0x00
    .byte 0x00, 0x15, 0x07, 0x15, 0x08, 0x15, 0x8b, 0x18, 0x70, 0x32, 0x00, 0x00, 0x00, 0x00, 0x00, 0x13
    .byte 0x59, 0x0e, 0x22, 0x02, 0x01, 0x45, 0x0e, 0x22, 0x02, 0x2c, 0x28, 0x08, 0x00, 0x00, 0x20, 0x00
    .byte 0x00, 0x20, 0x00, 0x00, 0x20, 0x00, 0x00, 0x15, 0x59, 0x15, 0x5a, 0x00, 0x2c, 0xf6, 0xff, 0xff
    .byte 0xff, 0x15, 0x1b, 0x2c, 0x05, 0x00, 0x00, 0x00, 0x15, 0x05, 0x2c, 0x01, 0x00, 0x00, 0x00, 0x15
    .byte 0x06, 0x00, 0x2c, 0x0b, 0x00, 0x00, 0x00, 0x15, 0x05, 0x20, 0x00, 0x00, 0x2c, 0x01, 0x58, 0x00
    .byte 0x00, 0x15, 0xe0, 0x2c, 0x01, 0x00, 0x00, 0x00, 0x15, 0x06, 0x00, 0x2c, 0x05, 0x00, 0x00, 0x00
    .byte 0x15, 0x07, 0x15, 0x08, 0x2c, 0x80, 0x00, 0x00, 0x00, 0x2c, 0x94, 0xff, 0xff, 0xff, 0x20, 0x00
    .byte 0x00, 0x15, 0x02, 0x2c, 0x01, 0x00, 0x00, 0x00, 0x15, 0x09, 0x2c, 0xf1, 0xff, 0xff, 0xff, 0x15
    .byte 0x1b, 0x20, 0x00, 0x00, 0x2c, 0x00, 0x58, 0x00, 0x00, 0x15, 0xe0, 0x2c, 0x0e, 0x00, 0x00, 0x00
    .byte 0x2c, 0x0a, 0x00, 0x00, 0x00, 0x2c, 0x06, 0x00, 0x00, 0x00, 0x15, 0xa8, 0x2c, 0x07, 0x00, 0x00
    .byte 0x00, 0x15, 0x05, 0x15, 0x16, 0x2c, 0x0d, 0x00, 0x00, 0x00, 0x2c, 0x0a, 0x00, 0x00, 0x00, 0x2c
    .byte 0x0a, 0x00, 0x00, 0x00, 0x15, 0xa8, 0x20, 0x00, 0x00, 0x2c, 0x02, 0x58, 0x00, 0x00, 0x15, 0xe0
    .byte 0x2c, 0x08, 0x00, 0x00, 0x00, 0x15, 0x05, 0x15, 0x16, 0x2c, 0x09, 0x00, 0x00, 0x00, 0x15, 0x05
    .byte 0x15, 0x16, 0x2c, 0x0c, 0x00, 0x00, 0x00, 0x15, 0x05, 0x15, 0x16, 0x2c, 0x0c, 0x00, 0x00, 0x00
    .byte 0x15, 0x05, 0x15, 0x16, 0x2c, 0x02, 0x00, 0x00, 0x00, 0x15, 0x01, 0x18, 0x70, 0x32, 0x00, 0x00
    .byte 0x00, 0x00, 0x00, 0x14, 0x41, 0x0f, 0x22, 0x02, 0x2c, 0x0c, 0x00, 0x00, 0x00, 0x15, 0x05, 0x15
    .byte 0x16, 0x2c, 0x02, 0x00, 0x00, 0x00, 0x15, 0x01, 0x18, 0x70, 0x32, 0x00, 0x00, 0x00, 0x00, 0x00
    .byte 0x14, 0x5e, 0x0f, 0x22, 0x02, 0x2c, 0x0c, 0x00, 0x00, 0x00, 0x15, 0x05, 0x15, 0x16, 0x2c, 0x02
    .byte 0x00, 0x00, 0x00, 0x15, 0x01, 0x18, 0x70, 0x32, 0x00, 0x00, 0x00, 0x00, 0x00, 0x14, 0x7b, 0x0f
    .byte 0x22, 0x02, 0x2c, 0x0c, 0x00, 0x00, 0x00, 0x15, 0x05, 0x15, 0x16, 0x2c, 0x02, 0x00, 0x00, 0x00
    .byte 0x15, 0x01, 0x18, 0x70, 0x32, 0x00, 0x00, 0x00, 0x00, 0x00, 0x14, 0x98, 0x0f, 0x22, 0x02, 0x2c
    .byte 0x0c, 0x00, 0x00, 0x00, 0x15, 0x05, 0x15, 0x16, 0x2c, 0x02, 0x00, 0x00, 0x00, 0x15, 0x01, 0x18
    .byte 0x70, 0x32, 0x00, 0x00, 0x00, 0x00, 0x00, 0x14, 0xb5, 0x0f, 0x22, 0x02, 0x2c, 0x0c, 0x00, 0x00
    .byte 0x00, 0x15, 0x05, 0x15, 0x16, 0x03, 0x00, 0x05, 0x00, 0x00, 0x00, 0x2c, 0x0f, 0x00, 0x00, 0x00
    .byte 0x15, 0x01, 0x18, 0x71, 0x04, 0x10, 0x17, 0x00, 0x15, 0x07, 0x15, 0x08, 0x25, 0x12, 0x0f, 0x22
    .byte 0x02, 0x00, 0x21, 0x84, 0x05, 0x22, 0x02, 0x2c, 0x0d, 0x00, 0x00, 0x00, 0x2c, 0x3a, 0x0c, 0x22
    .byte 0x02, 0x15, 0x39, 0x2c, 0x0e, 0x00, 0x00, 0x00, 0x2c, 0x64, 0x0c, 0x22, 0x02, 0x15, 0x39, 0x2c
    .byte 0x11, 0x00, 0x00, 0x00, 0x2c, 0x8c, 0x0c, 0x22, 0x02, 0x15, 0x39, 0x2c, 0x12, 0x00, 0x00, 0x00
    .byte 0x2c, 0xb6, 0x0c, 0x22, 0x02, 0x15, 0x39, 0x2c, 0x13, 0x00, 0x00, 0x00, 0x2c, 0xe0, 0x0c, 0x22
    .byte 0x02, 0x15, 0x39, 0x2c, 0x14, 0x00, 0x00, 0x00, 0x2c, 0x1a, 0x0d, 0x22, 0x02, 0x15, 0x39, 0x2c
    .byte 0x15, 0x00, 0x00, 0x00, 0x2c, 0x52, 0x0d, 0x22, 0x02, 0x15, 0x39, 0x2c, 0x04, 0x00, 0x00, 0x00
    .byte 0x20, 0x00, 0x00, 0x2c, 0x01, 0x00, 0x00, 0x00, 0x20, 0x00, 0x00, 0x20, 0x00, 0x00, 0x20, 0x00
    .byte 0x00, 0x15, 0xbd, 0x21, 0x3a, 0x06, 0x22, 0x02, 0x20, 0x00, 0x00, 0x2c, 0x80, 0x8c, 0x00, 0x00
    .byte 0x15, 0xe0, 0x2c, 0x0d, 0x00, 0x00, 0x00, 0x2c, 0xf1, 0x0d, 0x22, 0x02, 0x15, 0x39, 0x2c, 0x0d
    .byte 0x00, 0x00, 0x00, 0x15, 0x42, 0x18, 0x70, 0x32, 0x00, 0x00, 0x00, 0x00, 0x00, 0x14, 0x77, 0x10
    .byte 0x22, 0x02, 0x01, 0x5e, 0x10, 0x22, 0x02, 0x2c, 0x0e, 0x00, 0x00, 0x00, 0x2c, 0x82, 0x0e, 0x22
    .byte 0x02, 0x15, 0x39, 0x2c, 0x3c, 0x00, 0x00, 0x00, 0x15, 0x07, 0x15, 0x08, 0x2c, 0x0f, 0x00, 0x00
    .byte 0x00, 0x2c, 0x9b, 0x0e, 0x22, 0x02, 0x15, 0x39, 0x2c, 0x64, 0x00, 0x00, 0x00, 0x15, 0x07, 0x15
    .byte 0x08, 0x2c, 0x01, 0x00, 0x00, 0x00, 0x2c, 0x80, 0x8c, 0x00, 0x00, 0x15, 0xe0, 0x21, 0x70, 0x06
    .byte 0x22, 0x02, 0x2c, 0x0d, 0x00, 0x00, 0x00, 0x2c, 0x97, 0xdf, 0x21, 0x02, 0x15, 0x39, 0x2c, 0x0e
    .byte 0x00, 0x00, 0x00, 0x2c, 0x97, 0xdf, 0x21, 0x02, 0x15, 0x39, 0x2c, 0x11, 0x00, 0x00, 0x00, 0x2c
    .byte 0x97, 0xdf, 0x21, 0x02, 0x15, 0x39, 0x2c, 0x0f, 0x00, 0x00, 0x00, 0x2c, 0x97, 0xdf, 0x21, 0x02
    .byte 0x15, 0x39, 0x2c, 0x12, 0x00, 0x00, 0x00, 0x2c, 0x97, 0xdf, 0x21, 0x02, 0x15, 0x39, 0x2c, 0x13
    .byte 0x00, 0x00, 0x00, 0x2c, 0x97, 0xdf, 0x21, 0x02, 0x15, 0x39, 0x2c, 0x14, 0x00, 0x00, 0x00, 0x2c
    .byte 0x97, 0xdf, 0x21, 0x02, 0x15, 0x39, 0x2c, 0x15, 0x00, 0x00, 0x00, 0x2c, 0x97, 0xdf, 0x21, 0x02
    .byte 0x15, 0x39, 0x2c, 0x04, 0x00, 0x00, 0x00, 0x20, 0x00, 0x00, 0x20, 0x00, 0x00, 0x20, 0x00, 0x00
    .byte 0x20, 0x00, 0x00, 0x20, 0x00, 0x00, 0x15, 0xbd, 0x21, 0xa6, 0x06, 0x22, 0x02, 0x22, 0x21, 0xbc
    .byte 0xe7, 0x21, 0x02, 0x00, 0x2c, 0x03, 0x00, 0x00, 0x00, 0x2c, 0x3d, 0x00, 0x00, 0x00, 0x15, 0xef
    .byte 0x22, 0x00, 0x00, 0x00, 0x00, 0x00, 0x00, 0x00, 0x00, 0x00, 0x00, 0x00, 0x00, 0x00, 0x00, 0x00
    .byte 0x00, 0x00, 0x00, 0x00, 0x00, 0x00, 0x00, 0x00, 0x00, 0x00, 0x00, 0x00, 0x00, 0x00, 0x00, 0x00
