.text
; Matching fallback for the portable implementation in src/overlays/ov146/overlay146_recovery.c.
.extern data_ov146_0221d720
.extern data_ov146_0221d730
.extern data_ov146_0221d7a4
.extern data_ov146_0221ec5c
.extern data_ov146_022279c0
.extern func_02008f58
.extern func_0203aac4
.extern func_0203abac
.extern func_0203b38c
.extern func_0203b3ac

.global func_ov146_0221d6c0
func_ov146_0221d6c0:
    stmdb sp!, {r3, lr}
    cmp r0, #0x0
    ldmneia sp!, {r3, pc}
    bl func_0203aac4
    ldr r0, .L_0221d6fc
    ldr r2, .L_0221d700
    mov r1, #0xf
    bl func_0203b38c
    ldr r0, .L_0221d704
    bl func_0203abac
    ldr r0, .L_0221d708
    bl func_02008f58
    ldr r0, .L_0221d70c
    bl func_0203b3ac
    ldmia sp!, {r3, pc}
.L_0221d6fc: .word data_ov146_0221d720
.L_0221d700: .word data_ov146_0221d7a4
.L_0221d704: .word data_ov146_022279c0
.L_0221d708: .word data_ov146_0221d730
.L_0221d70c: .word data_ov146_0221ec5c
.size func_ov146_0221d6c0, . - func_ov146_0221d6c0

; Matching fallback for initialized records and BSS documented in
; src/overlays/ov146/overlay146_recovery.c.
; Absolute labels preserve fixed-address record and BSS references without alignment padding.
.global data_ov146_0221d720
.set data_ov146_0221d720, 0x0221d720
.global data_ov146_0221d730
.set data_ov146_0221d730, 0x0221d730
.global data_ov146_0221d744
.set data_ov146_0221d744, 0x0221d744
.global data_ov146_0221d7a4
.set data_ov146_0221d7a4, 0x0221d7a4
.global data_ov146_0221e6a3
.set data_ov146_0221e6a3, 0x0221e6a3
.global data_ov146_0221e6b1
.set data_ov146_0221e6b1, 0x0221e6b1
.global data_ov146_0221e807
.set data_ov146_0221e807, 0x0221e807
.global data_ov146_0221e84e
.set data_ov146_0221e84e, 0x0221e84e
.global data_ov146_0221e891
.set data_ov146_0221e891, 0x0221e891
.global data_ov146_0221e8a8
.set data_ov146_0221e8a8, 0x0221e8a8
.global data_ov146_0221e8ce
.set data_ov146_0221e8ce, 0x0221e8ce
.global data_ov146_0221e908
.set data_ov146_0221e908, 0x0221e908
.global data_ov146_0221e9fc
.set data_ov146_0221e9fc, 0x0221e9fc
.global data_ov146_0221ea10
.set data_ov146_0221ea10, 0x0221ea10
.global data_ov146_0221ea36
.set data_ov146_0221ea36, 0x0221ea36
.global data_ov146_0221eab9
.set data_ov146_0221eab9, 0x0221eab9
.global data_ov146_0221eaba
.set data_ov146_0221eaba, 0x0221eaba
.global data_ov146_0221eaf7
.set data_ov146_0221eaf7, 0x0221eaf7
.global data_ov146_0221eb6f
.set data_ov146_0221eb6f, 0x0221eb6f
.global data_ov146_0221ec30
.set data_ov146_0221ec30, 0x0221ec30
.global data_ov146_0221ec42
.set data_ov146_0221ec42, 0x0221ec42
.global data_ov146_0221ec5c
.set data_ov146_0221ec5c, 0x0221ec5c
.global data_ov146_0221ecec
.set data_ov146_0221ecec, 0x0221ecec
.global data_ov146_0221ed20
.set data_ov146_0221ed20, 0x0221ed20
.global data_ov146_0221ef1b
.set data_ov146_0221ef1b, 0x0221ef1b
.global data_ov146_0221ef51
.set data_ov146_0221ef51, 0x0221ef51
.global data_ov146_0221efc8
.set data_ov146_0221efc8, 0x0221efc8
.global data_ov146_0221efe9
.set data_ov146_0221efe9, 0x0221efe9
.global data_ov146_0221effe
.set data_ov146_0221effe, 0x0221effe
.global data_ov146_0221f024
.set data_ov146_0221f024, 0x0221f024
.global data_ov146_0221f0a6
.set data_ov146_0221f0a6, 0x0221f0a6
.global data_ov146_0221f129
.set data_ov146_0221f129, 0x0221f129
.global data_ov146_0221f170
.set data_ov146_0221f170, 0x0221f170
.global data_ov146_0221f24f
.set data_ov146_0221f24f, 0x0221f24f
.global data_ov146_0221f25b
.set data_ov146_0221f25b, 0x0221f25b
.global data_ov146_0221f2b7
.set data_ov146_0221f2b7, 0x0221f2b7
.global data_ov146_0221f33a
.set data_ov146_0221f33a, 0x0221f33a
.global data_ov146_0221f3a2
.set data_ov146_0221f3a2, 0x0221f3a2
.global data_ov146_0221f416
.set data_ov146_0221f416, 0x0221f416
.global data_ov146_0221f488
.set data_ov146_0221f488, 0x0221f488
.global data_ov146_0221f499
.set data_ov146_0221f499, 0x0221f499
.global data_ov146_0221f511
.set data_ov146_0221f511, 0x0221f511
.global data_ov146_0221f53b
.set data_ov146_0221f53b, 0x0221f53b
.global data_ov146_0221f5ef
.set data_ov146_0221f5ef, 0x0221f5ef
.global data_ov146_0221f5f4
.set data_ov146_0221f5f4, 0x0221f5f4
.global data_ov146_0221f635
.set data_ov146_0221f635, 0x0221f635
.global data_ov146_0221f6a0
.set data_ov146_0221f6a0, 0x0221f6a0
.global data_ov146_0221f81d
.set data_ov146_0221f81d, 0x0221f81d
.global data_ov146_0221f8a1
.set data_ov146_0221f8a1, 0x0221f8a1
.global data_ov146_0221f90e
.set data_ov146_0221f90e, 0x0221f90e
.global data_ov146_0221f948
.set data_ov146_0221f948, 0x0221f948
.global data_ov146_0221fa46
.set data_ov146_0221fa46, 0x0221fa46
.global data_ov146_0221fa68
.set data_ov146_0221fa68, 0x0221fa68
.global data_ov146_0221fa89
.set data_ov146_0221fa89, 0x0221fa89
.global data_ov146_0221faf1
.set data_ov146_0221faf1, 0x0221faf1
.global data_ov146_0221fbab
.set data_ov146_0221fbab, 0x0221fbab
.global data_ov146_0221fbd2
.set data_ov146_0221fbd2, 0x0221fbd2
.global data_ov146_0221fc42
.set data_ov146_0221fc42, 0x0221fc42
.global data_ov146_0221fcc5
.set data_ov146_0221fcc5, 0x0221fcc5
.global data_ov146_0221fd80
.set data_ov146_0221fd80, 0x0221fd80
.global data_ov146_0221fd91
.set data_ov146_0221fd91, 0x0221fd91
.global data_ov146_0221fe2d
.set data_ov146_0221fe2d, 0x0221fe2d
.global data_ov146_0221fec9
.set data_ov146_0221fec9, 0x0221fec9
.global data_ov146_0221ff83
.set data_ov146_0221ff83, 0x0221ff83
.global data_ov146_0221ffaa
.set data_ov146_0221ffaa, 0x0221ffaa
.global data_ov146_0222001a
.set data_ov146_0222001a, 0x0222001a
.global data_ov146_02220065
.set data_ov146_02220065, 0x02220065
.global data_ov146_022200be
.set data_ov146_022200be, 0x022200be
.global data_ov146_022200f8
.set data_ov146_022200f8, 0x022200f8
.global data_ov146_022201f6
.set data_ov146_022201f6, 0x022201f6
.global data_ov146_02220218
.set data_ov146_02220218, 0x02220218
.global data_ov146_02220239
.set data_ov146_02220239, 0x02220239
.global data_ov146_022202c5
.set data_ov146_022202c5, 0x022202c5
.global data_ov146_0222037f
.set data_ov146_0222037f, 0x0222037f
.global data_ov146_022203a6
.set data_ov146_022203a6, 0x022203a6
.global data_ov146_02220416
.set data_ov146_02220416, 0x02220416
.global data_ov146_02220443
.set data_ov146_02220443, 0x02220443
.global data_ov146_02220508
.set data_ov146_02220508, 0x02220508
.global data_ov146_022205ae
.set data_ov146_022205ae, 0x022205ae
.global data_ov146_022205f7
.set data_ov146_022205f7, 0x022205f7
.global data_ov146_02220601
.set data_ov146_02220601, 0x02220601
.global data_ov146_02220685
.set data_ov146_02220685, 0x02220685
.global data_ov146_0222073f
.set data_ov146_0222073f, 0x0222073f
.global data_ov146_02220766
.set data_ov146_02220766, 0x02220766
.global data_ov146_022207d6
.set data_ov146_022207d6, 0x022207d6
.global data_ov146_02220856
.set data_ov146_02220856, 0x02220856
.global data_ov146_02220890
.set data_ov146_02220890, 0x02220890
.global data_ov146_0222098e
.set data_ov146_0222098e, 0x0222098e
.global data_ov146_022209b0
.set data_ov146_022209b0, 0x022209b0
.global data_ov146_022209d1
.set data_ov146_022209d1, 0x022209d1
.global data_ov146_02220a3d
.set data_ov146_02220a3d, 0x02220a3d
.global data_ov146_02220a54
.set data_ov146_02220a54, 0x02220a54
.global data_ov146_02220a6a
.set data_ov146_02220a6a, 0x02220a6a
.global data_ov146_02220ca4
.set data_ov146_02220ca4, 0x02220ca4
.global data_ov146_02220d5b
.set data_ov146_02220d5b, 0x02220d5b
.global data_ov146_02220dec
.set data_ov146_02220dec, 0x02220dec
.global data_ov146_02221242
.set data_ov146_02221242, 0x02221242
.global data_ov146_0222158f
.set data_ov146_0222158f, 0x0222158f
.global data_ov146_02222197
.set data_ov146_02222197, 0x02222197
.global data_ov146_022223ed
.set data_ov146_022223ed, 0x022223ed
.global data_ov146_022223ee
.set data_ov146_022223ee, 0x022223ee
.global data_ov146_022224a5
.set data_ov146_022224a5, 0x022224a5
.global data_ov146_02222665
.set data_ov146_02222665, 0x02222665
.global data_ov146_0222269c
.set data_ov146_0222269c, 0x0222269c
.global data_ov146_02222713
.set data_ov146_02222713, 0x02222713
.global data_ov146_02222783
.set data_ov146_02222783, 0x02222783
.global data_ov146_022228e7
.set data_ov146_022228e7, 0x022228e7
.global data_ov146_0222291a
.set data_ov146_0222291a, 0x0222291a
.global data_ov146_0222294d
.set data_ov146_0222294d, 0x0222294d
.global data_ov146_02222980
.set data_ov146_02222980, 0x02222980
.global data_ov146_022229b3
.set data_ov146_022229b3, 0x022229b3
.global data_ov146_02222a31
.set data_ov146_02222a31, 0x02222a31
.global data_ov146_02222abc
.set data_ov146_02222abc, 0x02222abc
.global data_ov146_02222ae2
.set data_ov146_02222ae2, 0x02222ae2
.global data_ov146_02222b0b
.set data_ov146_02222b0b, 0x02222b0b
.global data_ov146_02222b28
.set data_ov146_02222b28, 0x02222b28
.global data_ov146_02222b55
.set data_ov146_02222b55, 0x02222b55
.global data_ov146_02222b89
.set data_ov146_02222b89, 0x02222b89
.global data_ov146_02222bd7
.set data_ov146_02222bd7, 0x02222bd7
.global data_ov146_02222ce7
.set data_ov146_02222ce7, 0x02222ce7
.global data_ov146_02222e26
.set data_ov146_02222e26, 0x02222e26
.global data_ov146_02222e6e
.set data_ov146_02222e6e, 0x02222e6e
.global data_ov146_02222e9f
.set data_ov146_02222e9f, 0x02222e9f
.global data_ov146_02222f3b
.set data_ov146_02222f3b, 0x02222f3b
.global data_ov146_02222f8a
.set data_ov146_02222f8a, 0x02222f8a
.global data_ov146_02222fbb
.set data_ov146_02222fbb, 0x02222fbb
.global data_ov146_02223057
.set data_ov146_02223057, 0x02223057
.global data_ov146_022230ad
.set data_ov146_022230ad, 0x022230ad
.global data_ov146_022230c6
.set data_ov146_022230c6, 0x022230c6
.global data_ov146_02223110
.set data_ov146_02223110, 0x02223110
.global data_ov146_022231a7
.set data_ov146_022231a7, 0x022231a7
.global data_ov146_022231c7
.set data_ov146_022231c7, 0x022231c7
.global data_ov146_02223215
.set data_ov146_02223215, 0x02223215
.global data_ov146_0222329e
.set data_ov146_0222329e, 0x0222329e
.global data_ov146_022232e4
.set data_ov146_022232e4, 0x022232e4
.global data_ov146_02223320
.set data_ov146_02223320, 0x02223320
.global data_ov146_022233c7
.set data_ov146_022233c7, 0x022233c7
.global data_ov146_0222340d
.set data_ov146_0222340d, 0x0222340d
.global data_ov146_02223465
.set data_ov146_02223465, 0x02223465
.global data_ov146_022234e5
.set data_ov146_022234e5, 0x022234e5
.global data_ov146_022235a0
.set data_ov146_022235a0, 0x022235a0
.global data_ov146_022235d4
.set data_ov146_022235d4, 0x022235d4
.global data_ov146_02223639
.set data_ov146_02223639, 0x02223639
.global data_ov146_02223650
.set data_ov146_02223650, 0x02223650
.global data_ov146_02223676
.set data_ov146_02223676, 0x02223676
.global data_ov146_022236c2
.set data_ov146_022236c2, 0x022236c2
.global data_ov146_022236e3
.set data_ov146_022236e3, 0x022236e3
.global data_ov146_0222385e
.set data_ov146_0222385e, 0x0222385e
.global data_ov146_0222395e
.set data_ov146_0222395e, 0x0222395e
.global data_ov146_0222397b
.set data_ov146_0222397b, 0x0222397b
.global data_ov146_02223a0b
.set data_ov146_02223a0b, 0x02223a0b
.global data_ov146_02223b31
.set data_ov146_02223b31, 0x02223b31
.global data_ov146_02223b3a
.set data_ov146_02223b3a, 0x02223b3a
.global data_ov146_02223b8f
.set data_ov146_02223b8f, 0x02223b8f
.global data_ov146_02223ba9
.set data_ov146_02223ba9, 0x02223ba9
.global data_ov146_02223d69
.set data_ov146_02223d69, 0x02223d69
.global data_ov146_02223d97
.set data_ov146_02223d97, 0x02223d97
.global data_ov146_02223e20
.set data_ov146_02223e20, 0x02223e20
.global data_ov146_02223e54
.set data_ov146_02223e54, 0x02223e54
.global data_ov146_02223e7a
.set data_ov146_02223e7a, 0x02223e7a
.global data_ov146_0222403a
.set data_ov146_0222403a, 0x0222403a
.global data_ov146_02224091
.set data_ov146_02224091, 0x02224091
.global data_ov146_022240bf
.set data_ov146_022240bf, 0x022240bf
.global data_ov146_02224120
.set data_ov146_02224120, 0x02224120
.global data_ov146_0222414d
.set data_ov146_0222414d, 0x0222414d
.global data_ov146_02224161
.set data_ov146_02224161, 0x02224161
.global data_ov146_022241d9
.set data_ov146_022241d9, 0x022241d9
.global data_ov146_02224362
.set data_ov146_02224362, 0x02224362
.global data_ov146_02224485
.set data_ov146_02224485, 0x02224485
.global data_ov146_022244c7
.set data_ov146_022244c7, 0x022244c7
.global data_ov146_02224515
.set data_ov146_02224515, 0x02224515
.global data_ov146_0222456e
.set data_ov146_0222456e, 0x0222456e
.global data_ov146_02224577
.set data_ov146_02224577, 0x02224577
.global data_ov146_022245bb
.set data_ov146_022245bb, 0x022245bb
.global data_ov146_02224651
.set data_ov146_02224651, 0x02224651
.global data_ov146_02224691
.set data_ov146_02224691, 0x02224691
.global data_ov146_022246cc
.set data_ov146_022246cc, 0x022246cc
.global data_ov146_02224783
.set data_ov146_02224783, 0x02224783
.global data_ov146_022247c7
.set data_ov146_022247c7, 0x022247c7
.global data_ov146_022248f3
.set data_ov146_022248f3, 0x022248f3
.global data_ov146_0222492e
.set data_ov146_0222492e, 0x0222492e
.global data_ov146_022249b3
.set data_ov146_022249b3, 0x022249b3
.global data_ov146_02224a73
.set data_ov146_02224a73, 0x02224a73
.global data_ov146_02224a99
.set data_ov146_02224a99, 0x02224a99
.global data_ov146_02224abf
.set data_ov146_02224abf, 0x02224abf
.global data_ov146_02224af8
.set data_ov146_02224af8, 0x02224af8
.global data_ov146_02224bed
.set data_ov146_02224bed, 0x02224bed
.global data_ov146_02224c69
.set data_ov146_02224c69, 0x02224c69
.global data_ov146_02224cbb
.set data_ov146_02224cbb, 0x02224cbb
.global data_ov146_02224f65
.set data_ov146_02224f65, 0x02224f65
.global data_ov146_02224fb5
.set data_ov146_02224fb5, 0x02224fb5
.global data_ov146_0222502f
.set data_ov146_0222502f, 0x0222502f
.global data_ov146_022250c1
.set data_ov146_022250c1, 0x022250c1
.global data_ov146_022250ef
.set data_ov146_022250ef, 0x022250ef
.global data_ov146_0222510a
.set data_ov146_0222510a, 0x0222510a
.global data_ov146_02225166
.set data_ov146_02225166, 0x02225166
.global data_ov146_022251c2
.set data_ov146_022251c2, 0x022251c2
.global data_ov146_0222521e
.set data_ov146_0222521e, 0x0222521e
.global data_ov146_0222526b
.set data_ov146_0222526b, 0x0222526b
.global data_ov146_02225285
.set data_ov146_02225285, 0x02225285
.global data_ov146_0222533f
.set data_ov146_0222533f, 0x0222533f
.global data_ov146_02225359
.set data_ov146_02225359, 0x02225359
.global data_ov146_0222535c
.set data_ov146_0222535c, 0x0222535c
.global data_ov146_0222539b
.set data_ov146_0222539b, 0x0222539b
.global data_ov146_022254a1
.set data_ov146_022254a1, 0x022254a1
.global data_ov146_02225569
.set data_ov146_02225569, 0x02225569
.global data_ov146_022255e9
.set data_ov146_022255e9, 0x022255e9
.global data_ov146_022255ee
.set data_ov146_022255ee, 0x022255ee
.global data_ov146_02225669
.set data_ov146_02225669, 0x02225669
.global data_ov146_0222566e
.set data_ov146_0222566e, 0x0222566e
.global data_ov146_02225698
.set data_ov146_02225698, 0x02225698
.global data_ov146_02225705
.set data_ov146_02225705, 0x02225705
.global data_ov146_0222578f
.set data_ov146_0222578f, 0x0222578f
.global data_ov146_0222583f
.set data_ov146_0222583f, 0x0222583f
.global data_ov146_0222587e
.set data_ov146_0222587e, 0x0222587e
.global data_ov146_022258e2
.set data_ov146_022258e2, 0x022258e2
.global data_ov146_022258e7
.set data_ov146_022258e7, 0x022258e7
.global data_ov146_02225951
.set data_ov146_02225951, 0x02225951
.global data_ov146_022259bf
.set data_ov146_022259bf, 0x022259bf
.global data_ov146_02225b20
.set data_ov146_02225b20, 0x02225b20
.global data_ov146_02225b5d
.set data_ov146_02225b5d, 0x02225b5d
.global data_ov146_02225bb1
.set data_ov146_02225bb1, 0x02225bb1
.global data_ov146_02225c11
.set data_ov146_02225c11, 0x02225c11
.global data_ov146_02225c53
.set data_ov146_02225c53, 0x02225c53
.global data_ov146_02225c70
.set data_ov146_02225c70, 0x02225c70
.global data_ov146_02225c77
.set data_ov146_02225c77, 0x02225c77
.global data_ov146_02225eb9
.set data_ov146_02225eb9, 0x02225eb9
.global data_ov146_02225edb
.set data_ov146_02225edb, 0x02225edb
.global data_ov146_02225fcc
.set data_ov146_02225fcc, 0x02225fcc
.global data_ov146_02225fd3
.set data_ov146_02225fd3, 0x02225fd3
.global data_ov146_02226092
.set data_ov146_02226092, 0x02226092
.global data_ov146_02226111
.set data_ov146_02226111, 0x02226111
.global data_ov146_022261d9
.set data_ov146_022261d9, 0x022261d9
.global data_ov146_02226200
.set data_ov146_02226200, 0x02226200
.global data_ov146_02226238
.set data_ov146_02226238, 0x02226238
.global data_ov146_02226255
.set data_ov146_02226255, 0x02226255
.global data_ov146_022262ac
.set data_ov146_022262ac, 0x022262ac
.global data_ov146_022262fd
.set data_ov146_022262fd, 0x022262fd
.global data_ov146_022264b1
.set data_ov146_022264b1, 0x022264b1
.global data_ov146_022264dc
.set data_ov146_022264dc, 0x022264dc
.global data_ov146_022265c4
.set data_ov146_022265c4, 0x022265c4
.global data_ov146_0222666a
.set data_ov146_0222666a, 0x0222666a
.global data_ov146_022266b3
.set data_ov146_022266b3, 0x022266b3
.global data_ov146_022266bd
.set data_ov146_022266bd, 0x022266bd
.global data_ov146_022266ed
.set data_ov146_022266ed, 0x022266ed
.global data_ov146_02226746
.set data_ov146_02226746, 0x02226746
.global data_ov146_02226780
.set data_ov146_02226780, 0x02226780
.global data_ov146_0222687e
.set data_ov146_0222687e, 0x0222687e
.global data_ov146_022268a0
.set data_ov146_022268a0, 0x022268a0
.global data_ov146_022268c1
.set data_ov146_022268c1, 0x022268c1
.global data_ov146_0222694d
.set data_ov146_0222694d, 0x0222694d
.global data_ov146_02226a07
.set data_ov146_02226a07, 0x02226a07
.global data_ov146_02226a2e
.set data_ov146_02226a2e, 0x02226a2e
.global data_ov146_02226a9e
.set data_ov146_02226a9e, 0x02226a9e
.global data_ov146_02226ae9
.set data_ov146_02226ae9, 0x02226ae9
.global data_ov146_02226b42
.set data_ov146_02226b42, 0x02226b42
.global data_ov146_02226b7c
.set data_ov146_02226b7c, 0x02226b7c
.global data_ov146_02226c7a
.set data_ov146_02226c7a, 0x02226c7a
.global data_ov146_02226c9c
.set data_ov146_02226c9c, 0x02226c9c
.global data_ov146_02226cbd
.set data_ov146_02226cbd, 0x02226cbd
.global data_ov146_02226cc9
.set data_ov146_02226cc9, 0x02226cc9
.global data_ov146_02226da5
.set data_ov146_02226da5, 0x02226da5
.global data_ov146_02226e0b
.set data_ov146_02226e0b, 0x02226e0b
.global data_ov146_02226e13
.set data_ov146_02226e13, 0x02226e13
.global data_ov146_02226e55
.set data_ov146_02226e55, 0x02226e55
.global data_ov146_02226ed5
.set data_ov146_02226ed5, 0x02226ed5
.global data_ov146_02226f8e
.set data_ov146_02226f8e, 0x02226f8e
.global data_ov146_02226fae
.set data_ov146_02226fae, 0x02226fae
.global data_ov146_022273df
.set data_ov146_022273df, 0x022273df
.global data_ov146_022273f1
.set data_ov146_022273f1, 0x022273f1
.global data_ov146_0222760d
.set data_ov146_0222760d, 0x0222760d
.global data_ov146_022277a5
.set data_ov146_022277a5, 0x022277a5
.global data_ov146_02227841
.set data_ov146_02227841, 0x02227841
.global data_ov146_022278f8
.set data_ov146_022278f8, 0x022278f8
.global data_ov146_02227946
.set data_ov146_02227946, 0x02227946
.global data_ov146_0222798f
.set data_ov146_0222798f, 0x0222798f
.global data_ov146_02227999
.set data_ov146_02227999, 0x02227999
.global data_ov146_022279c0
.set data_ov146_022279c0, 0x022279c0
    .section .data, 4, 1, 4
    .byte 0xf2, 0x30, 0x00, 0x00, 0xf3, 0x30, 0x00, 0x00, 0xf4, 0x30, 0x00, 0x00, 0x00, 0x00, 0x00, 0x00
    .byte 0xff, 0xff, 0xff, 0xff, 0x00, 0x00, 0x00, 0x00, 0x00, 0x00, 0x00, 0x00, 0xff, 0xff, 0x00, 0x00
    .byte 0x00, 0x00, 0x00, 0x00, 0x90, 0x02, 0x00, 0x00, 0xf0, 0x01, 0x00, 0x00, 0x01, 0x00, 0x00, 0x00
    .byte 0xc0, 0x02, 0x00, 0x00, 0xb0, 0x01, 0x00, 0x00, 0x01, 0x00, 0x00, 0x00, 0xc0, 0x02, 0x00, 0x00
    .byte 0xf0, 0x00, 0x00, 0x00, 0x01, 0x00, 0x07, 0x00, 0xa0, 0x03, 0x00, 0x00, 0xf0, 0x00, 0x00, 0x00
    .byte 0x01, 0x00, 0x01, 0x00, 0xa0, 0x03, 0x00, 0x00, 0xa0, 0x01, 0x00, 0x00, 0x01, 0x00, 0x00, 0x00
    .byte 0xa0, 0x03, 0x00, 0x00, 0xf0, 0x01, 0x00, 0x00, 0x01, 0x00, 0x02, 0x00, 0x90, 0x02, 0x00, 0x00
    .byte 0xf0, 0x01, 0x00, 0x00, 0x01, 0x00, 0x00, 0x00, 0xff, 0xff, 0xff, 0xff, 0xff, 0xff, 0xff, 0xff
    .byte 0x00, 0x00, 0x00, 0x00, 0x03, 0x00, 0x00, 0x00, 0x1e, 0x14, 0x00, 0x00, 0x1a, 0x14, 0x00, 0x00
    .byte 0x1f, 0x14, 0x00, 0x00, 0x02, 0x00, 0x18, 0x14, 0x00, 0x04, 0x00, 0x00, 0x00, 0x00, 0xf0, 0xff
    .byte 0xcf, 0xff, 0x10, 0x00, 0x07, 0x00, 0x00, 0xfe, 0x00, 0xfe, 0x00, 0x00, 0x0a, 0x00, 0x00, 0x00
    .byte 0x7e, 0x58, 0x22, 0x02, 0x00, 0x00, 0x00, 0x00, 0x00, 0x00, 0x00, 0x00, 0x00, 0x00, 0x00, 0x00
    .byte 0xff, 0xff, 0x00, 0x00, 0x00, 0x00, 0x00, 0x00, 0x00, 0x00, 0x00, 0x00, 0xff, 0xff, 0xff, 0xff
    .byte 0xff, 0xff, 0xff, 0xff, 0x00, 0x00, 0x03, 0x00, 0xff, 0xff, 0xff, 0xff, 0x00, 0x00, 0x04, 0x00
    .byte 0xf4, 0xd8, 0x0c, 0x00, 0x00, 0x00, 0x00, 0x00, 0x03, 0x00, 0x00, 0x00, 0x4d, 0x16, 0x00, 0x00
    .byte 0x01, 0x10, 0x00, 0x00, 0x4e, 0x16, 0x00, 0x00, 0x02, 0x00, 0x00, 0x00, 0x00, 0x00, 0x00, 0x00
    .byte 0x00, 0x00, 0xf0, 0xff, 0xcf, 0xff, 0x10, 0x00, 0x07, 0x00, 0x00, 0xfe, 0x00, 0xfe, 0x00, 0x00
    .byte 0x00, 0x00, 0x00, 0x00, 0x5c, 0x53, 0x22, 0x02, 0x00, 0x00, 0x00, 0x00, 0x00, 0x00, 0x00, 0x00
    .byte 0x00, 0x00, 0x00, 0x00, 0xff, 0xff, 0x00, 0x00, 0x00, 0x00, 0x00, 0x00, 0x00, 0x00, 0x00, 0x00
    .byte 0xff, 0xff, 0xff, 0xff, 0xff, 0xff, 0xff, 0xff, 0x00, 0x00, 0x04, 0x00, 0xff, 0xff, 0xff, 0xff
    .byte 0x00, 0x00, 0x1f, 0x00, 0xf4, 0xd8, 0x0c, 0x00, 0x00, 0x00, 0x00, 0x00, 0x03, 0x00, 0x00, 0x00
    .byte 0x4d, 0x16, 0x00, 0x00, 0x01, 0x10, 0x00, 0x00, 0x4e, 0x16, 0x00, 0x00, 0x02, 0x00, 0x00, 0x00
    .byte 0x00, 0x00, 0x00, 0x00, 0x00, 0x00, 0xf0, 0xff, 0xcf, 0xff, 0x10, 0x00, 0x07, 0x00, 0x00, 0xfe
    .byte 0x00, 0xfe, 0x00, 0x00, 0x00, 0x00, 0x00, 0x00, 0xe2, 0x58, 0x22, 0x02, 0x00, 0x00, 0x00, 0x00
    .byte 0x00, 0x00, 0x00, 0x00, 0x00, 0x00, 0x00, 0x00, 0xff, 0xff, 0x00, 0x00, 0x00, 0x00, 0x00, 0x00
    .byte 0x00, 0x00, 0x00, 0x00, 0xff, 0xff, 0xff, 0xff, 0xff, 0xff, 0xff, 0xff, 0x00, 0x00, 0x05, 0x00
    .byte 0xff, 0xff, 0xff, 0xff, 0x00, 0x00, 0x1f, 0x00, 0xf4, 0xd8, 0x0c, 0x00, 0x00, 0x00, 0x00, 0x00
    .byte 0x03, 0x00, 0x00, 0x00, 0x34, 0x14, 0x00, 0x00, 0x35, 0x14, 0x00, 0x00, 0x36, 0x14, 0x00, 0x00
    .byte 0x02, 0x00, 0x1c, 0x20, 0x00, 0xfe, 0x00, 0x00, 0x00, 0x00, 0xec, 0xff, 0xcc, 0xff, 0x10, 0x00
    .byte 0x04, 0x00, 0x00, 0xfe, 0x00, 0xfe, 0x00, 0x00, 0x0a, 0x00, 0x00, 0x00, 0x65, 0x34, 0x22, 0x02
    .byte 0x00, 0x00, 0x00, 0x00, 0x00, 0x00, 0x00, 0x00, 0x00, 0x00, 0x00, 0x00, 0xff, 0xff, 0x0c, 0x00
    .byte 0x00, 0x00, 0x00, 0x00, 0x00, 0x00, 0x00, 0x00, 0xff, 0xff, 0xff, 0xff, 0xff, 0xff, 0xff, 0xff
    .byte 0x00, 0x00, 0x06, 0x00, 0xff, 0xff, 0xff, 0xff, 0x00, 0x00, 0x04, 0x00, 0xec, 0xcc, 0x10, 0x04
    .byte 0x00, 0x00, 0x00, 0x00, 0x03, 0x00, 0x00, 0x00, 0x3e, 0x14, 0x00, 0x00, 0x3c, 0x14, 0x00, 0x00
    .byte 0x3f, 0x14, 0x00, 0x00, 0x02, 0x00, 0x1c, 0x20, 0x00, 0xfe, 0x00, 0x00, 0x00, 0x00, 0xec, 0xff
    .byte 0xcc, 0xff, 0x10, 0x00, 0x04, 0x00, 0x00, 0xfe, 0x00, 0xfe, 0x00, 0x00, 0x0a, 0x00, 0x00, 0x00
    .byte 0xf3, 0x48, 0x22, 0x02, 0x00, 0x00, 0x00, 0x00, 0x00, 0x00, 0x00, 0x00, 0x00, 0x00, 0x00, 0x00
    .byte 0xff, 0xff, 0x0c, 0x00, 0x00, 0x00, 0x00, 0x00, 0x00, 0x00, 0x00, 0x00, 0xff, 0xff, 0xff, 0xff
    .byte 0xff, 0xff, 0xff, 0xff, 0x00, 0x00, 0x07, 0x00, 0xff, 0xff, 0xff, 0xff, 0x00, 0x00, 0x04, 0x00
    .byte 0xec, 0xcc, 0x10, 0x04, 0x00, 0x00, 0x00, 0x00, 0x03, 0x00, 0x00, 0x00, 0x43, 0x14, 0x00, 0x00
    .byte 0x41, 0x14, 0x00, 0x00, 0x44, 0x14, 0x00, 0x00, 0x02, 0x00, 0x1c, 0x20, 0x00, 0xfe, 0x00, 0x00
    .byte 0x00, 0x00, 0xec, 0xff, 0xcc, 0xff, 0x10, 0x00, 0x04, 0x00, 0x00, 0xfe, 0x00, 0xfe, 0x00, 0x00
    .byte 0x0a, 0x00, 0x00, 0x00, 0xb3, 0x49, 0x22, 0x02, 0x00, 0x00, 0x00, 0x00, 0x00, 0x00, 0x00, 0x00
    .byte 0x00, 0x00, 0x00, 0x00, 0xff, 0xff, 0x0c, 0x00, 0x00, 0x00, 0x00, 0x00, 0x00, 0x00, 0x00, 0x00
    .byte 0xff, 0xff, 0xff, 0xff, 0xff, 0xff, 0xff, 0xff, 0x00, 0x00, 0x08, 0x00, 0xff, 0xff, 0xff, 0xff
    .byte 0x00, 0x00, 0x04, 0x00, 0xec, 0xcc, 0x10, 0x04, 0x00, 0x00, 0x00, 0x00, 0x06, 0x00, 0x00, 0x00
    .byte 0x4d, 0x16, 0x00, 0x00, 0x01, 0x10, 0x00, 0x00, 0x4e, 0x16, 0x00, 0x00, 0x02, 0x00, 0x00, 0x00
    .byte 0x00, 0x00, 0x00, 0x00, 0x00, 0x00, 0xf0, 0xff, 0xcf, 0xff, 0x10, 0x00, 0x07, 0x00, 0x00, 0xfe
    .byte 0x00, 0xfe, 0x00, 0x00, 0x00, 0x00, 0x00, 0x00, 0x26, 0x2e, 0x22, 0x02, 0x00, 0x00, 0x00, 0x00
    .byte 0x00, 0x00, 0x00, 0x00, 0x00, 0x00, 0x00, 0x00, 0xff, 0xff, 0x00, 0x00, 0x00, 0x00, 0x00, 0x00
    .byte 0x00, 0x00, 0x00, 0x00, 0xff, 0xff, 0xff, 0xff, 0xff, 0xff, 0xff, 0xff, 0x09, 0x03, 0x09, 0x00
    .byte 0xff, 0xff, 0xff, 0xff, 0x00, 0x00, 0x1f, 0x00, 0xf4, 0xd8, 0x0c, 0x00, 0x00, 0x00, 0x00, 0x00
    .byte 0x03, 0x00, 0x00, 0x00, 0xaa, 0x20, 0x00, 0x00, 0xab, 0x20, 0x00, 0x00, 0xac, 0x20, 0x00, 0x00
    .byte 0x02, 0x02, 0x00, 0x00, 0x00, 0x00, 0x00, 0x00, 0x00, 0x00, 0xe0, 0xff, 0xe0, 0xff, 0x20, 0x00
    .byte 0x40, 0x00, 0x80, 0x02, 0x60, 0x02, 0x00, 0x00, 0x00, 0x00, 0x00, 0x00, 0x00, 0x00, 0x00, 0x00
    .byte 0x00, 0x00, 0x00, 0x00, 0x00, 0x00, 0x00, 0x00, 0x00, 0x00, 0x00, 0x00, 0x02, 0x00, 0x00, 0x00
    .byte 0x00, 0x00, 0x00, 0x00, 0x00, 0x00, 0x00, 0x00, 0xff, 0xff, 0xff, 0xff, 0xff, 0xff, 0xff, 0xff
    .byte 0x09, 0x03, 0xff, 0xff, 0xff, 0xff, 0xff, 0xff, 0x00, 0x00, 0x0e, 0x00, 0xf4, 0xd8, 0x0c, 0x00
    .byte 0x00, 0x02, 0x00, 0x00, 0x03, 0x00, 0x00, 0x00, 0xaa, 0x20, 0x00, 0x00, 0xab, 0x20, 0x00, 0x00
    .byte 0xac, 0x20, 0x00, 0x00, 0x02, 0x05, 0x00, 0x00, 0x00, 0x00, 0x00, 0x00, 0x00, 0x00, 0xe0, 0xff
    .byte 0x00, 0x00, 0x20, 0x00, 0x40, 0x00, 0x80, 0x02, 0xa0, 0x02, 0x00, 0x00, 0x00, 0x00, 0x00, 0x00
    .byte 0x00, 0x00, 0x00, 0x00, 0x00, 0x00, 0x00, 0x00, 0x00, 0x00, 0x00, 0x00, 0x00, 0x00, 0x00, 0x00
    .byte 0x02, 0x00, 0x00, 0x00, 0x00, 0x00, 0x00, 0x00, 0x00, 0x00, 0x00, 0x00, 0xff, 0xff, 0xff, 0xff
    .byte 0xff, 0xff, 0xff, 0xff, 0x54, 0x00, 0xff, 0xff, 0xff, 0xff, 0xff, 0xff, 0x00, 0x00, 0x0e, 0x00
    .byte 0xf4, 0xd8, 0x0c, 0x00, 0x00, 0x02, 0x00, 0x00, 0x03, 0x00, 0x00, 0x00, 0xaa, 0x20, 0x00, 0x00
    .byte 0xab, 0x20, 0x00, 0x00, 0xac, 0x20, 0x00, 0x00, 0x02, 0x06, 0x00, 0x00, 0x00, 0x00, 0x00, 0x00
    .byte 0x00, 0x00, 0xe0, 0xff, 0xe0, 0xff, 0x20, 0x00, 0x00, 0x00, 0x80, 0x02, 0xe0, 0x02, 0x00, 0x00
    .byte 0x00, 0x00, 0x00, 0x00, 0x00, 0x00, 0x00, 0x00, 0x00, 0x00, 0x00, 0x00, 0x00, 0x00, 0x00, 0x00
    .byte 0x00, 0x00, 0x00, 0x00, 0x02, 0x00, 0x00, 0x00, 0x00, 0x00, 0x00, 0x00, 0x00, 0x00, 0x00, 0x00
    .byte 0xff, 0xff, 0xff, 0xff, 0xff, 0xff, 0xff, 0xff, 0x54, 0x00, 0xff, 0xff, 0xff, 0xff, 0xff, 0xff
    .byte 0x00, 0x00, 0x0e, 0x00, 0xf4, 0xd8, 0x0c, 0x00, 0x00, 0x02, 0x00, 0x00, 0x03, 0x00, 0x00, 0x00
    .byte 0xaa, 0x20, 0x00, 0x00, 0xab, 0x20, 0x00, 0x00, 0xac, 0x20, 0x00, 0x00, 0x02, 0x01, 0x00, 0x00
    .byte 0x00, 0x00, 0x00, 0x00, 0x00, 0x00, 0xe0, 0xff, 0xc0, 0xff, 0x20, 0x00, 0x20, 0x00, 0x80, 0x02
    .byte 0x20, 0x03, 0x00, 0x00, 0x00, 0x00, 0x00, 0x00, 0x00, 0x00, 0x00, 0x00, 0x00, 0x00, 0x00, 0x00
    .byte 0x00, 0x00, 0x00, 0x00, 0x00, 0x00, 0x00, 0x00, 0x02, 0x00, 0x00, 0x00, 0x00, 0x00, 0x00, 0x00
    .byte 0x00, 0x00, 0x00, 0x00, 0xff, 0xff, 0xff, 0xff, 0xff, 0xff, 0xff, 0xff, 0x09, 0x03, 0xff, 0xff
    .byte 0xff, 0xff, 0xff, 0xff, 0x00, 0x00, 0x0e, 0x00, 0xf4, 0xd8, 0x0c, 0x00, 0x00, 0x02, 0x00, 0x00
    .byte 0x03, 0x00, 0x00, 0x00, 0xaa, 0x20, 0x00, 0x00, 0xab, 0x20, 0x00, 0x00, 0xac, 0x20, 0x00, 0x00
    .byte 0x02, 0x03, 0x00, 0x00, 0x00, 0x00, 0x00, 0x00, 0x00, 0x00, 0xe0, 0xff, 0x00, 0x00, 0x20, 0x00
    .byte 0x40, 0x00, 0x80, 0x02, 0xa0, 0x02, 0x00, 0x00, 0x00, 0x00, 0x00, 0x00, 0x00, 0x00, 0x00, 0x00
    .byte 0x00, 0x00, 0x00, 0x00, 0x00, 0x00, 0x00, 0x00, 0x00, 0x00, 0x00, 0x00, 0x02, 0x00, 0x00, 0x00
    .byte 0x00, 0x00, 0x00, 0x00, 0x00, 0x00, 0x00, 0x00, 0xff, 0xff, 0xff, 0xff, 0xff, 0xff, 0xff, 0xff
    .byte 0xac, 0xff, 0xff, 0xff, 0xff, 0xff, 0xff, 0xff, 0x00, 0x00, 0x0e, 0x00, 0xf4, 0xd8, 0x0c, 0x00
    .byte 0x00, 0x02, 0x00, 0x00, 0x03, 0x00, 0x00, 0x00, 0x56, 0x32, 0x00, 0x00, 0x57, 0x32, 0x00, 0x00
    .byte 0x58, 0x32, 0x00, 0x00, 0x02, 0x02, 0x30, 0x28, 0x00, 0x04, 0x00, 0x00, 0x00, 0x00, 0xe0, 0xff
    .byte 0xd8, 0xff, 0x20, 0x00, 0x04, 0x00, 0x80, 0x02, 0x90, 0x02, 0x00, 0x00, 0x0a, 0x00, 0x00, 0x00
    .byte 0x9e, 0x32, 0x22, 0x02, 0x00, 0x00, 0x00, 0x00, 0x00, 0x00, 0x00, 0x00, 0x00, 0x00, 0x00, 0x00
    .byte 0xff, 0xff, 0x00, 0x00, 0x00, 0x00, 0x00, 0x00, 0x00, 0x00, 0x00, 0x00, 0xff, 0xff, 0xff, 0xff
    .byte 0xff, 0xff, 0xff, 0xff, 0x54, 0x00, 0x0f, 0x00, 0xff, 0xff, 0xff, 0xff, 0x00, 0x00, 0x1f, 0x00
    .byte 0xf4, 0xd8, 0x0c, 0x00, 0x00, 0x00, 0x00, 0x00, 0x06, 0x00, 0x00, 0x00, 0x4d, 0x16, 0x00, 0x00
    .byte 0x01, 0x10, 0x00, 0x00, 0x4e, 0x16, 0x00, 0x00, 0x02, 0x00, 0x00, 0x00, 0x00, 0x00, 0x00, 0x00
    .byte 0x00, 0x00, 0xf0, 0xff, 0xcf, 0xff, 0x10, 0x00, 0x07, 0x00, 0x00, 0xfe, 0x00, 0xfe, 0x00, 0x00
    .byte 0x00, 0x00, 0x00, 0x00, 0x73, 0x4a, 0x22, 0x02, 0x00, 0x00, 0x00, 0x00, 0x00, 0x00, 0x00, 0x00
    .byte 0x00, 0x00, 0x00, 0x00, 0xff, 0xff, 0x00, 0x00, 0x00, 0x00, 0x00, 0x00, 0x00, 0x00, 0x00, 0x00
    .byte 0xff, 0xff, 0xff, 0xff, 0xff, 0xff, 0xff, 0xff, 0x09, 0x03, 0x10, 0x00, 0xff, 0xff, 0xff, 0xff
    .byte 0x00, 0x00, 0x1f, 0x00, 0xf4, 0xd8, 0x0c, 0x00, 0x00, 0x00, 0x00, 0x00, 0x06, 0x00, 0x00, 0x00
    .byte 0x4d, 0x16, 0x00, 0x00, 0x01, 0x10, 0x00, 0x00, 0x4e, 0x16, 0x00, 0x00, 0x02, 0x00, 0x00, 0x00
    .byte 0x00, 0x00, 0x00, 0x00, 0x00, 0x00, 0xf0, 0xff, 0xcf, 0xff, 0x10, 0x00, 0x07, 0x00, 0x00, 0xfe
    .byte 0x00, 0xfe, 0x00, 0x00, 0x00, 0x00, 0x00, 0x00, 0x15, 0x45, 0x22, 0x02, 0x00, 0x00, 0x00, 0x00
    .byte 0x00, 0x00, 0x00, 0x00, 0x00, 0x00, 0x00, 0x00, 0xff, 0xff, 0x00, 0x00, 0x00, 0x00, 0x00, 0x00
    .byte 0x00, 0x00, 0x00, 0x00, 0xff, 0xff, 0xff, 0xff, 0xff, 0xff, 0xff, 0xff, 0x09, 0x03, 0x11, 0x00
    .byte 0xff, 0xff, 0xff, 0xff, 0x00, 0x00, 0x1f, 0x00, 0xf4, 0xd8, 0x0c, 0x00, 0x00, 0x00, 0x00, 0x00
    .byte 0x03, 0x00, 0x00, 0x00, 0xaa, 0x20, 0x00, 0x00, 0xab, 0x20, 0x00, 0x00, 0xac, 0x20, 0x00, 0x00
    .byte 0x02, 0x01, 0x00, 0x00, 0x00, 0x00, 0x00, 0x00, 0x00, 0x00, 0xe0, 0xff, 0xc0, 0xff, 0x20, 0x00
    .byte 0x20, 0x00, 0x00, 0x02, 0xc0, 0x00, 0x00, 0x00, 0x00, 0x00, 0x00, 0x00, 0x00, 0x00, 0x00, 0x00
    .byte 0x00, 0x00, 0x00, 0x00, 0x00, 0x00, 0x00, 0x00, 0x00, 0x00, 0x00, 0x00, 0x02, 0x00, 0x00, 0x00
    .byte 0x00, 0x00, 0x00, 0x00, 0x00, 0x00, 0x00, 0x00, 0xff, 0xff, 0xff, 0xff, 0xff, 0xff, 0xff, 0xff
    .byte 0x09, 0x03, 0xff, 0xff, 0xff, 0xff, 0xff, 0xff, 0x00, 0x00, 0x0e, 0x00, 0xf4, 0xd8, 0x0c, 0x00
    .byte 0x00, 0x02, 0x00, 0x00, 0x03, 0x00, 0x00, 0x00, 0xaa, 0x20, 0x00, 0x00, 0xab, 0x20, 0x00, 0x00
    .byte 0xac, 0x20, 0x00, 0x00, 0x02, 0x06, 0x00, 0x00, 0x00, 0x00, 0x00, 0x00, 0x00, 0x00, 0xe0, 0xff
    .byte 0xe0, 0xff, 0x20, 0x00, 0x00, 0x00, 0x00, 0x02, 0x80, 0x00, 0x00, 0x00, 0x00, 0x00, 0x00, 0x00
    .byte 0x00, 0x00, 0x00, 0x00, 0x00, 0x00, 0x00, 0x00, 0x00, 0x00, 0x00, 0x00, 0x00, 0x00, 0x00, 0x00
    .byte 0x02, 0x00, 0x00, 0x00, 0x00, 0x00, 0x00, 0x00, 0x00, 0x00, 0x00, 0x00, 0xff, 0xff, 0xff, 0xff
    .byte 0xff, 0xff, 0xff, 0xff, 0x24, 0x21, 0xff, 0xff, 0xff, 0xff, 0xff, 0xff, 0x00, 0x00, 0x0e, 0x00
    .byte 0xf4, 0xd8, 0x0c, 0x00, 0x00, 0x02, 0x00, 0x00, 0x03, 0x00, 0x00, 0x00, 0xaa, 0x20, 0x00, 0x00
    .byte 0xab, 0x20, 0x00, 0x00, 0xac, 0x20, 0x00, 0x00, 0x02, 0x03, 0x00, 0x00, 0x00, 0x00, 0x00, 0x00
    .byte 0x00, 0x00, 0xe0, 0xff, 0x00, 0x00, 0x20, 0x00, 0x40, 0x00, 0x00, 0x02, 0x40, 0x00, 0x00, 0x00
    .byte 0x00, 0x00, 0x00, 0x00, 0x00, 0x00, 0x00, 0x00, 0x00, 0x00, 0x00, 0x00, 0x00, 0x00, 0x00, 0x00
    .byte 0x00, 0x00, 0x00, 0x00, 0x02, 0x00, 0x00, 0x00, 0x00, 0x00, 0x00, 0x00, 0x00, 0x00, 0x00, 0x00
    .byte 0xff, 0xff, 0xff, 0xff, 0xff, 0xff, 0xff, 0xff, 0xdc, 0xde, 0xff, 0xff, 0xff, 0xff, 0xff, 0xff
    .byte 0x00, 0x00, 0x0e, 0x00, 0xf4, 0xd8, 0x0c, 0x00, 0x00, 0x02, 0x00, 0x00, 0x03, 0x00, 0x00, 0x00
    .byte 0xaa, 0x20, 0x00, 0x00, 0xab, 0x20, 0x00, 0x00, 0xac, 0x20, 0x00, 0x00, 0x02, 0x03, 0x00, 0x00
    .byte 0x00, 0x00, 0x00, 0x00, 0x00, 0x00, 0xe0, 0xff, 0x00, 0x00, 0x20, 0x00, 0x40, 0x00, 0x00, 0x02
    .byte 0x00, 0x00, 0x00, 0x00, 0x00, 0x00, 0x00, 0x00, 0x00, 0x00, 0x00, 0x00, 0x00, 0x00, 0x00, 0x00
    .byte 0x00, 0x00, 0x00, 0x00, 0x00, 0x00, 0x00, 0x00, 0x02, 0x00, 0x00, 0x00, 0x00, 0x00, 0x00, 0x00
    .byte 0x00, 0x00, 0x00, 0x00, 0xff, 0xff, 0xff, 0xff, 0xff, 0xff, 0xff, 0xff, 0xdc, 0xde, 0xff, 0xff
    .byte 0xff, 0xff, 0xff, 0xff, 0x00, 0x00, 0x0e, 0x00, 0xf4, 0xd8, 0x0c, 0x00, 0x00, 0x02, 0x00, 0x00
    .byte 0x03, 0x00, 0x10, 0x00, 0x9d, 0x16, 0x00, 0x00, 0x9e, 0x16, 0x00, 0x00, 0x9f, 0x16, 0x00, 0x00
    .byte 0x02, 0x00, 0x30, 0x38, 0x00, 0x0c, 0x00, 0x00, 0x00, 0x00, 0xe8, 0xff, 0xe0, 0xff, 0x18, 0x00
    .byte 0x20, 0x00, 0x98, 0x01, 0xf0, 0x00, 0x00, 0x00, 0x00, 0x00, 0x00, 0x00, 0x13, 0x6e, 0x22, 0x02
    .byte 0x00, 0x00, 0x00, 0x00, 0x00, 0x00, 0x00, 0x00, 0x00, 0x00, 0x00, 0x00, 0x02, 0x00, 0x00, 0x00
    .byte 0x00, 0x00, 0x00, 0x00, 0x00, 0x00, 0x00, 0x00, 0xff, 0xff, 0xff, 0xff, 0xff, 0xff, 0xff, 0xff
    .byte 0x00, 0x00, 0x16, 0x00, 0xff, 0xff, 0xff, 0xff, 0x00, 0x00, 0x04, 0x00, 0xe8, 0xf8, 0x18, 0x20
    .byte 0x00, 0x00, 0x00, 0x00, 0x03, 0x00, 0x00, 0x00, 0x92, 0xd0, 0x00, 0x00, 0x81, 0xd0, 0x00, 0x00
    .byte 0x82, 0xd0, 0x00, 0x00, 0x02, 0x00, 0x20, 0x14, 0x00, 0x00, 0x00, 0x00, 0x00, 0x00, 0xf4, 0xff
    .byte 0xf4, 0xff, 0x0c, 0x00, 0x0c, 0x00, 0x98, 0x01, 0xfc, 0x00, 0x00, 0x00, 0x00, 0x00, 0x00, 0x00
    .byte 0x0b, 0x6e, 0x22, 0x02, 0x00, 0x00, 0x00, 0x00, 0x00, 0x00, 0x00, 0x00, 0x00, 0x00, 0x00, 0x00
    .byte 0x02, 0x00, 0x00, 0x00, 0x00, 0x00, 0x00, 0x00, 0x00, 0x00, 0x00, 0x00, 0xff, 0xff, 0xff, 0xff
    .byte 0xff, 0xff, 0xff, 0xff, 0x00, 0x00, 0x17, 0x00, 0xff, 0xff, 0xff, 0xff, 0x00, 0x00, 0x04, 0x00
    .byte 0xf2, 0xf2, 0x0e, 0x0e, 0x00, 0x00, 0x00, 0x00, 0x02, 0x00, 0x0d, 0x00, 0x00, 0x10, 0x00, 0x00
    .byte 0x01, 0x10, 0x00, 0x00, 0x02, 0x10, 0x00, 0x00, 0x02, 0x00, 0x10, 0x10, 0x00, 0x00, 0x00, 0x00
    .byte 0x00, 0x00, 0xf0, 0xff, 0xcf, 0xff, 0x10, 0x00, 0x07, 0x00, 0x90, 0x02, 0xf0, 0x01, 0x00, 0x00
    .byte 0x08, 0x00, 0x00, 0x02, 0x00, 0x00, 0x00, 0x00, 0x00, 0x02, 0x00, 0x00, 0x00, 0x00, 0x00, 0x00
    .byte 0x44, 0xd7, 0x21, 0x02, 0xff, 0xff, 0x00, 0x00, 0x00, 0x00, 0x00, 0x00, 0x00, 0x00, 0x00, 0x00
    .byte 0xff, 0xff, 0xff, 0xff, 0xff, 0xff, 0xff, 0xff, 0x00, 0x00, 0xff, 0xff, 0x01, 0x00, 0x00, 0x00
    .byte 0x00, 0x00, 0x00, 0x00, 0xf4, 0xd8, 0x0c, 0x00, 0x00, 0x00, 0x00, 0x00, 0x02, 0x00, 0x10, 0x00
    .byte 0x00, 0x10, 0x00, 0x00, 0x01, 0x10, 0x00, 0x00, 0x02, 0x10, 0x00, 0x00, 0x02, 0x00, 0x0c, 0x08
    .byte 0x00, 0x00, 0x00, 0x00, 0x00, 0x00, 0xf0, 0xff, 0xcf, 0xff, 0x10, 0x00, 0x07, 0x00, 0x00, 0x02
    .byte 0xd0, 0x00, 0x00, 0x00, 0x08, 0x02, 0x00, 0x00, 0x00, 0x00, 0x00, 0x00, 0x00, 0x02, 0x00, 0x00
    .byte 0x00, 0x00, 0x00, 0x00, 0x00, 0x00, 0x00, 0x00, 0xff, 0xff, 0x00, 0x00, 0x00, 0x00, 0x00, 0x00
    .byte 0x00, 0x00, 0x00, 0x00, 0xff, 0xff, 0xff, 0xff, 0xff, 0xff, 0xff, 0xff, 0x00, 0x00, 0xff, 0xff
    .byte 0x01, 0x00, 0x00, 0x00, 0x00, 0x00, 0x00, 0x00, 0xf4, 0xd8, 0x0c, 0x00, 0x00, 0x00, 0x00, 0x00
    .byte 0x02, 0x00, 0x10, 0x00, 0x00, 0x10, 0x00, 0x00, 0x01, 0x10, 0x00, 0x00, 0x02, 0x10, 0x00, 0x00
    .byte 0x02, 0x00, 0x0c, 0x08, 0x00, 0x00, 0x00, 0x00, 0x00, 0x00, 0xf0, 0xff, 0xcf, 0xff, 0x10, 0x00
    .byte 0x07, 0x00, 0x40, 0x02, 0xf0, 0x00, 0x00, 0x00, 0x08, 0x02, 0x00, 0x00, 0x00, 0x00, 0x00, 0x00
    .byte 0x00, 0x02, 0x00, 0x00, 0x00, 0x00, 0x00, 0x00, 0x00, 0x00, 0x00, 0x00, 0xff, 0xff, 0x00, 0x00
    .byte 0x00, 0x00, 0x00, 0x00, 0x00, 0x00, 0x00, 0x00, 0xff, 0xff, 0xff, 0xff, 0xff, 0xff, 0xff, 0xff
    .byte 0x00, 0x00, 0xff, 0xff, 0x01, 0x00, 0x00, 0x00, 0x00, 0x00, 0x00, 0x00, 0xf4, 0xd8, 0x0c, 0x00
    .byte 0x00, 0x00, 0x00, 0x00, 0x02, 0x00, 0x10, 0x00, 0x00, 0x10, 0x00, 0x00, 0x01, 0x10, 0x00, 0x00
    .byte 0x02, 0x10, 0x00, 0x00, 0x02, 0x00, 0x0c, 0x08, 0x00, 0x00, 0x00, 0x00, 0x00, 0x00, 0xf0, 0xff
    .byte 0xcf, 0xff, 0x10, 0x00, 0x07, 0x00, 0x80, 0x00, 0x50, 0x02, 0x00, 0x00, 0x08, 0x02, 0x00, 0x00
    .byte 0x00, 0x00, 0x00, 0x00, 0x00, 0x02, 0x00, 0x00, 0x00, 0x00, 0x00, 0x00, 0x00, 0x00, 0x00, 0x00
    .byte 0xff, 0xff, 0x00, 0x00, 0x00, 0x00, 0x00, 0x00, 0x00, 0x00, 0x00, 0x00, 0xff, 0xff, 0xff, 0xff
    .byte 0xff, 0xff, 0xff, 0xff, 0x00, 0x00, 0xff, 0xff, 0x01, 0x00, 0x00, 0x00, 0x00, 0x00, 0x00, 0x00
    .byte 0xf4, 0xd8, 0x0c, 0x00, 0x00, 0x00, 0x00, 0x00, 0x02, 0x00, 0x10, 0x00, 0x00, 0x10, 0x00, 0x00
    .byte 0x01, 0x10, 0x00, 0x00, 0x02, 0x10, 0x00, 0x00, 0x02, 0x00, 0x0c, 0x08, 0x00, 0x00, 0x00, 0x00
    .byte 0x00, 0x00, 0xf0, 0xff, 0xcf, 0xff, 0x10, 0x00, 0x07, 0x00, 0xb0, 0x00, 0x80, 0x02, 0x00, 0x00
    .byte 0x08, 0x02, 0x00, 0x00, 0x00, 0x00, 0x00, 0x00, 0x00, 0x02, 0x00, 0x00, 0x00, 0x00, 0x00, 0x00
    .byte 0x00, 0x00, 0x00, 0x00, 0xff, 0xff, 0x00, 0x00, 0x00, 0x00, 0x00, 0x00, 0x00, 0x00, 0x00, 0x00
    .byte 0xff, 0xff, 0xff, 0xff, 0xff, 0xff, 0xff, 0xff, 0x00, 0x00, 0xff, 0xff, 0x01, 0x00, 0x00, 0x00
    .byte 0x00, 0x00, 0x00, 0x00, 0xf4, 0xd8, 0x0c, 0x00, 0x00, 0x00, 0x00, 0x00, 0x02, 0x00, 0x68, 0x00
    .byte 0x00, 0x10, 0x00, 0x00, 0x01, 0x10, 0x00, 0x00, 0x02, 0x10, 0x00, 0x00, 0x02, 0x00, 0x0c, 0x08
    .byte 0x00, 0x00, 0x00, 0x00, 0x00, 0x00, 0xf0, 0xff, 0xcf, 0xff, 0x10, 0x00, 0x07, 0x00, 0x50, 0x01
    .byte 0x30, 0x02, 0x00, 0x00, 0x08, 0x02, 0x00, 0x00, 0x00, 0x00, 0x00, 0x00, 0x00, 0x02, 0x00, 0x00
    .byte 0x00, 0x00, 0x00, 0x00, 0x00, 0x00, 0x00, 0x00, 0xff, 0xff, 0x00, 0x00, 0x00, 0x00, 0x00, 0x00
    .byte 0x00, 0x00, 0x00, 0x00, 0x2c, 0x01, 0x00, 0x00, 0xff, 0xff, 0xff, 0xff, 0x00, 0x00, 0xff, 0xff
    .byte 0x01, 0x00, 0x00, 0x00, 0x00, 0x00, 0x00, 0x00, 0xf4, 0xd8, 0x0c, 0x00, 0x00, 0x00, 0x00, 0x00
    .byte 0x03, 0x00, 0x00, 0x00, 0xf2, 0x30, 0x00, 0x00, 0xf3, 0x30, 0x00, 0x00, 0xf4, 0x30, 0x00, 0x00
    .byte 0x02, 0x00, 0x00, 0x00, 0x00, 0x00, 0x00, 0x00, 0x00, 0x00, 0xe0, 0xff, 0xe0, 0xff, 0x20, 0x00
    .byte 0x20, 0x00, 0xc8, 0x02, 0xb0, 0x00, 0x40, 0x00, 0x40, 0x00, 0x00, 0x00, 0x00, 0x00, 0x00, 0x00
    .byte 0x00, 0x00, 0x00, 0x00, 0x00, 0x00, 0x00, 0x00, 0x00, 0x00, 0x00, 0x00, 0x02, 0x00, 0x00, 0x00
    .byte 0x00, 0x00, 0x00, 0x00, 0x00, 0x00, 0x00, 0x00, 0xff, 0xff, 0xff, 0xff, 0xff, 0xff, 0xff, 0xff
    .byte 0x00, 0x00, 0xff, 0xff, 0xff, 0xff, 0xff, 0xff, 0x00, 0x00, 0x00, 0x00, 0xf4, 0xd8, 0x0c, 0x00
    .byte 0x00, 0x00, 0x00, 0x00, 0x03, 0x00, 0x00, 0x00, 0xf7, 0x30, 0x00, 0x00, 0xf3, 0x30, 0x00, 0x00
    .byte 0xf8, 0x30, 0x00, 0x00, 0x02, 0x00, 0x00, 0x00, 0x00, 0x00, 0x00, 0x00, 0x00, 0x00, 0xf0, 0xff
    .byte 0xcf, 0xff, 0x10, 0x00, 0x07, 0x00, 0xc0, 0x02, 0xa0, 0x00, 0x40, 0x00, 0x06, 0x00, 0x00, 0x00
    .byte 0xee, 0x23, 0x22, 0x02, 0x00, 0x00, 0x00, 0x00, 0x00, 0x00, 0x00, 0x00, 0x00, 0x00, 0x00, 0x00
    .byte 0xff, 0xff, 0x00, 0x00, 0x00, 0x00, 0x00, 0x00, 0x00, 0x00, 0x00, 0x00, 0xff, 0xff, 0xff, 0xff
    .byte 0xff, 0xff, 0xff, 0xff, 0x00, 0x00, 0x1f, 0x00, 0xff, 0xff, 0xff, 0xff, 0x00, 0x00, 0x00, 0x00
    .byte 0xf4, 0xd8, 0x0c, 0x00, 0x00, 0x00, 0x00, 0x00, 0x03, 0x00, 0x00, 0x00, 0xf7, 0x30, 0x00, 0x00
    .byte 0xf3, 0x30, 0x00, 0x00, 0xf8, 0x30, 0x00, 0x00, 0x02, 0x00, 0x00, 0x00, 0x00, 0x00, 0x00, 0x00
    .byte 0x00, 0x00, 0xf0, 0xff, 0xcf, 0xff, 0x10, 0x00, 0x07, 0x00, 0xc6, 0x02, 0x95, 0x00, 0x40, 0x00
    .byte 0x06, 0x00, 0x00, 0x00, 0xe7, 0x28, 0x22, 0x02, 0x00, 0x00, 0x00, 0x00, 0x00, 0x00, 0x00, 0x00
    .byte 0x00, 0x00, 0x00, 0x00, 0xff, 0xff, 0x00, 0x00, 0x00, 0x00, 0x00, 0x00, 0x00, 0x00, 0x00, 0x00
    .byte 0xff, 0xff, 0xff, 0xff, 0xff, 0xff, 0xff, 0xff, 0x00, 0x00, 0x20, 0x00, 0xff, 0xff, 0xff, 0xff
    .byte 0x00, 0x00, 0x00, 0x00, 0xf4, 0xd8, 0x0c, 0x00, 0x00, 0x00, 0x00, 0x00, 0x03, 0x00, 0x00, 0x00
    .byte 0xf7, 0x30, 0x00, 0x00, 0xf3, 0x30, 0x00, 0x00, 0xf8, 0x30, 0x00, 0x00, 0x02, 0x00, 0x00, 0x00
    .byte 0x00, 0x00, 0x00, 0x00, 0x00, 0x00, 0xf0, 0xff, 0xcf, 0xff, 0x10, 0x00, 0x07, 0x00, 0xb0, 0x02
    .byte 0xa2, 0x00, 0x40, 0x00, 0x06, 0x00, 0x00, 0x00, 0x1a, 0x29, 0x22, 0x02, 0x00, 0x00, 0x00, 0x00
    .byte 0x00, 0x00, 0x00, 0x00, 0x00, 0x00, 0x00, 0x00, 0xff, 0xff, 0x00, 0x00, 0x00, 0x00, 0x00, 0x00
    .byte 0x00, 0x00, 0x00, 0x00, 0xff, 0xff, 0xff, 0xff, 0xff, 0xff, 0xff, 0xff, 0x00, 0x00, 0x21, 0x00
    .byte 0xff, 0xff, 0xff, 0xff, 0x00, 0x00, 0x00, 0x00, 0xf4, 0xd8, 0x0c, 0x00, 0x00, 0x00, 0x00, 0x00
    .byte 0x03, 0x00, 0x00, 0x00, 0xf7, 0x30, 0x00, 0x00, 0xf3, 0x30, 0x00, 0x00, 0xf8, 0x30, 0x00, 0x00
    .byte 0x02, 0x00, 0x00, 0x00, 0x00, 0x00, 0x00, 0x00, 0x00, 0x00, 0xf0, 0xff, 0xcf, 0xff, 0x10, 0x00
    .byte 0x07, 0x00, 0xdc, 0x02, 0xa2, 0x00, 0x40, 0x00, 0x06, 0x00, 0x00, 0x00, 0x4d, 0x29, 0x22, 0x02
    .byte 0x00, 0x00, 0x00, 0x00, 0x00, 0x00, 0x00, 0x00, 0x00, 0x00, 0x00, 0x00, 0xff, 0xff, 0x00, 0x00
    .byte 0x00, 0x00, 0x00, 0x00, 0x00, 0x00, 0x00, 0x00, 0xff, 0xff, 0xff, 0xff, 0xff, 0xff, 0xff, 0xff
    .byte 0x00, 0x00, 0x22, 0x00, 0xff, 0xff, 0xff, 0xff, 0x00, 0x00, 0x00, 0x00, 0xf4, 0xd8, 0x0c, 0x00
    .byte 0x00, 0x00, 0x00, 0x00, 0x03, 0x00, 0x00, 0x00, 0xf7, 0x30, 0x00, 0x00, 0xf3, 0x30, 0x00, 0x00
    .byte 0xf8, 0x30, 0x00, 0x00, 0x02, 0x00, 0x00, 0x00, 0x00, 0x00, 0x00, 0x00, 0x00, 0x00, 0xf0, 0xff
    .byte 0xcf, 0xff, 0x10, 0x00, 0x07, 0x00, 0xd7, 0x02, 0xb9, 0x00, 0x40, 0x00, 0x06, 0x00, 0x00, 0x00
    .byte 0x80, 0x29, 0x22, 0x02, 0x00, 0x00, 0x00, 0x00, 0x00, 0x00, 0x00, 0x00, 0x00, 0x00, 0x00, 0x00
    .byte 0xff, 0xff, 0x00, 0x00, 0x00, 0x00, 0x00, 0x00, 0x00, 0x00, 0x00, 0x00, 0xff, 0xff, 0xff, 0xff
    .byte 0xff, 0xff, 0xff, 0xff, 0x00, 0x00, 0x23, 0x00, 0xff, 0xff, 0xff, 0xff, 0x00, 0x00, 0x00, 0x00
    .byte 0xf4, 0xd8, 0x0c, 0x00, 0x00, 0x00, 0x00, 0x00, 0x03, 0x00, 0x00, 0x00, 0xf7, 0x30, 0x00, 0x00
    .byte 0xf3, 0x30, 0x00, 0x00, 0xf8, 0x30, 0x00, 0x00, 0x02, 0x00, 0x00, 0x00, 0x00, 0x00, 0x00, 0x00
    .byte 0x00, 0x00, 0xf0, 0xff, 0xcf, 0xff, 0x10, 0x00, 0x07, 0x00, 0xb5, 0x02, 0xb9, 0x00, 0x40, 0x00
    .byte 0x06, 0x00, 0x00, 0x00, 0xb3, 0x29, 0x22, 0x02, 0x00, 0x00, 0x00, 0x00, 0x00, 0x00, 0x00, 0x00
    .byte 0x00, 0x00, 0x00, 0x00, 0xff, 0xff, 0x00, 0x00, 0x00, 0x00, 0x00, 0x00, 0x00, 0x00, 0x00, 0x00
    .byte 0xff, 0xff, 0xff, 0xff, 0xff, 0xff, 0xff, 0xff, 0x00, 0x00, 0x24, 0x00, 0xff, 0xff, 0xff, 0xff
    .byte 0x00, 0x00, 0x00, 0x00, 0xf4, 0xd8, 0x0c, 0x00, 0x00, 0x00, 0x00, 0x00, 0x03, 0x00, 0x00, 0x00
    .byte 0x25, 0x15, 0x00, 0x00, 0x26, 0x15, 0x00, 0x00, 0x27, 0x15, 0x00, 0x00, 0x02, 0x00, 0x18, 0x10
    .byte 0x00, 0x00, 0x00, 0x00, 0x00, 0x00, 0xf0, 0xff, 0xcf, 0xff, 0x10, 0x00, 0x07, 0x00, 0x00, 0xfe
    .byte 0x00, 0xfe, 0x00, 0x00, 0x01, 0x00, 0x00, 0x00, 0xe2, 0x2a, 0x22, 0x02, 0x00, 0x00, 0x00, 0x00
    .byte 0x00, 0x00, 0x00, 0x00, 0x00, 0x00, 0x00, 0x00, 0xff, 0xff, 0x10, 0x00, 0x00, 0x00, 0x00, 0x00
    .byte 0x00, 0x00, 0x00, 0x00, 0xff, 0xff, 0xff, 0xff, 0xff, 0xff, 0xff, 0xff, 0x00, 0x00, 0x25, 0x00
    .byte 0xff, 0xff, 0xff, 0xff, 0x00, 0x00, 0x04, 0x00, 0xf4, 0xd3, 0x0c, 0x00, 0x00, 0x00, 0x00, 0x00
    .byte 0x03, 0x00, 0x00, 0x00, 0x96, 0x16, 0x00, 0x00, 0x97, 0x16, 0x00, 0x00, 0x98, 0x16, 0x00, 0x00
    .byte 0x02, 0x00, 0x1c, 0x10, 0x00, 0xfc, 0x00, 0x00, 0x00, 0x00, 0xf0, 0xff, 0xe8, 0xff, 0x10, 0x00
    .byte 0x04, 0x00, 0x78, 0x02, 0xb8, 0x00, 0x00, 0x00, 0x00, 0x00, 0x00, 0x02, 0x99, 0xf4, 0x21, 0x02
    .byte 0x00, 0x00, 0x00, 0x00, 0x00, 0x00, 0x00, 0x00, 0x00, 0x00, 0x00, 0x00, 0xff, 0xff, 0x00, 0x00
    .byte 0x00, 0x00, 0x00, 0x00, 0x00, 0x00, 0x00, 0x00, 0xff, 0xff, 0xff, 0xff, 0xff, 0xff, 0xff, 0xff
    .byte 0x00, 0x00, 0x26, 0x00, 0xff, 0xff, 0xff, 0xff, 0x00, 0x00, 0x04, 0x00, 0xf0, 0xe0, 0x10, 0x08
    .byte 0x00, 0x00, 0x00, 0x00, 0x00, 0x00, 0x00, 0x00, 0x00, 0x00, 0x00, 0x00, 0x00, 0x00, 0x00, 0x00
    .byte 0x00, 0x00, 0x00, 0x00, 0x00, 0x00, 0x00, 0x00, 0x00, 0x00, 0x00, 0x00, 0x00, 0x00, 0x00, 0x00
    .byte 0x00, 0x00, 0x00, 0x00, 0x00, 0x00, 0x00, 0x00, 0x00, 0x00, 0x00, 0x00, 0x00, 0x00, 0x00, 0x00
    .byte 0x00, 0x00, 0x00, 0x00, 0x00, 0x00, 0x00, 0x00, 0x00, 0x00, 0x00, 0x00, 0x00, 0x00, 0x00, 0x00
    .byte 0x00, 0x00, 0x00, 0x00, 0x00, 0x00, 0x00, 0x00, 0x00, 0x00, 0x00, 0x00, 0x00, 0x00, 0x00, 0x00
    .byte 0x00, 0x00, 0x00, 0x00, 0x00, 0x00, 0x00, 0x00, 0x00, 0x00, 0x00, 0x00, 0x00, 0x00, 0x00, 0x00
    .byte 0x00, 0x00, 0x00, 0x00, 0x00, 0x00, 0x00, 0x00, 0x2c, 0x62, 0x10, 0x00, 0x00, 0x2c, 0x01, 0x10
    .byte 0x00, 0x00, 0x2c, 0x63, 0x10, 0x00, 0x00, 0x2c, 0x02, 0x00, 0x00, 0x00, 0x2c, 0x10, 0x00, 0x00
    .byte 0x00, 0x15, 0x73, 0x20, 0x00, 0x00, 0x15, 0x55, 0x20, 0x00, 0x00, 0x2c, 0x61, 0x00, 0x00, 0x00
    .byte 0x15, 0xe0, 0x2c, 0x3c, 0x00, 0x00, 0x00, 0x15, 0x07, 0x15, 0x08, 0x00, 0x15, 0x28, 0x2c, 0x00
    .byte 0x10, 0x00, 0x00, 0x2c, 0x01, 0x10, 0x00, 0x00, 0x2c, 0x02, 0x10, 0x00, 0x00, 0x2c, 0x02, 0x00
    .byte 0x00, 0x00, 0x20, 0x00, 0x00, 0x15, 0x73, 0x2c, 0x01, 0x00, 0x00, 0x00, 0x15, 0x25, 0x2c, 0x12
    .byte 0x00, 0x00, 0x00, 0x20, 0x00, 0x00, 0x15, 0x32, 0x2d, 0x58, 0x2c, 0x07, 0x00, 0x00, 0x00, 0x15
    .byte 0x47, 0x18, 0x70, 0x17, 0x00, 0x2d, 0x58, 0x2c, 0x08, 0x00, 0x00, 0x00, 0x15, 0x47, 0x18, 0x70
    .byte 0x17, 0x00, 0x15, 0x1e, 0x18, 0x70, 0x17, 0x00, 0x15, 0x75, 0x20, 0x00, 0x00, 0x15, 0x06, 0x00
    .byte 0x15, 0xa2, 0x00, 0x2c, 0x01, 0x00, 0x00, 0x00, 0x15, 0x09, 0x00, 0x20, 0x00, 0x00, 0x15, 0x09
    .byte 0x00, 0x15, 0x0d, 0x00, 0x00, 0x20, 0x00, 0x00, 0x15, 0x17, 0x00, 0x2c, 0x01, 0x00, 0x00, 0x00
    .byte 0x15, 0x25, 0x00, 0x20, 0x00, 0x00, 0x15, 0x25, 0x00, 0x20, 0x00, 0x00, 0x20, 0x00, 0x00, 0x20
    .byte 0x00, 0x00, 0x15, 0x02, 0x20, 0x00, 0x00, 0x15, 0x3d, 0x20, 0x00, 0x00, 0x15, 0x09, 0x00, 0x20
    .byte 0x00, 0x00, 0x15, 0x18, 0x20, 0x00, 0x00, 0x15, 0x19, 0x20, 0x00, 0x00, 0x15, 0x09, 0x00, 0x2c
    .byte 0x0c, 0xfe, 0xff, 0xff, 0x2c, 0x0c, 0xfe, 0xff, 0xff, 0x20, 0x00, 0x00, 0x15, 0x02, 0x20, 0x00
    .byte 0x00, 0x15, 0x09, 0x00, 0x15, 0x2c, 0x00, 0x20, 0x00, 0x00, 0x15, 0x17, 0x2c, 0x00, 0x10, 0x00
    .byte 0x00, 0x2c, 0x01, 0x10, 0x00, 0x00, 0x2c, 0x02, 0x10, 0x00, 0x00, 0x2c, 0x02, 0x00, 0x00, 0x00
    .byte 0x20, 0x00, 0x00, 0x15, 0x73, 0x2c, 0x01, 0x00, 0x00, 0x00, 0x15, 0x09, 0x20, 0x00, 0x00, 0x15
    .byte 0x75, 0x00, 0x2c, 0x06, 0x00, 0x00, 0x00, 0x20, 0x00, 0x00, 0x20, 0x00, 0x00, 0x20, 0x00, 0x00
    .byte 0x15, 0xcd, 0x00, 0x22, 0x2c, 0x15, 0x00, 0x00, 0x00, 0x2c, 0x9e, 0x00, 0x00, 0x00, 0x2c, 0x7f
    .byte 0x00, 0x00, 0x00, 0x15, 0x0a, 0x2c, 0x03, 0x10, 0x00, 0x00, 0x2c, 0x01, 0x10, 0x00, 0x00, 0x2c
    .byte 0x04, 0x10, 0x00, 0x00, 0x2c, 0x02, 0x00, 0x00, 0x00, 0x2c, 0x18, 0x00, 0x00, 0x00, 0x15, 0x73
    .byte 0x2c, 0x00, 0x01, 0x00, 0x00, 0x15, 0x17, 0x2c, 0x01, 0x00, 0x00, 0x00, 0x15, 0x06, 0x2c, 0x01
    .byte 0x00, 0x00, 0x00, 0x15, 0x09, 0x2c, 0x13, 0x00, 0x00, 0x00, 0x20, 0x00, 0x00, 0x20, 0x00, 0x00
    .byte 0x2c, 0x30, 0x00, 0x00, 0x00, 0x20, 0x00, 0x00, 0x20, 0x00, 0x00, 0x20, 0x00, 0x00, 0x15, 0x53
    .byte 0x15, 0x46, 0x15, 0x8b, 0x18, 0x70, 0x32, 0x00, 0x00, 0x00, 0x00, 0x00, 0x13, 0xb6, 0xe7, 0x21
    .byte 0x02, 0x01, 0xa2, 0xe7, 0x21, 0x02, 0x2c, 0x93, 0x00, 0x00, 0x00, 0x2c, 0x01, 0x00, 0x00, 0x00
    .byte 0x20, 0x00, 0x00, 0x20, 0x00, 0x00, 0x15, 0xb8, 0x15, 0x5a, 0x20, 0x00, 0x00, 0x15, 0x75, 0x2c
    .byte 0x85, 0x03, 0x00, 0x00, 0x15, 0x36, 0x2c, 0x2b, 0x00, 0x00, 0x00, 0x15, 0x05, 0x2c, 0x01, 0x00
    .byte 0x00, 0x00, 0x15, 0x06, 0x2c, 0x5a, 0x00, 0x00, 0x00, 0x15, 0x07, 0x15, 0x08, 0x2c, 0xe0, 0x03
    .byte 0x00, 0x00, 0x15, 0x37, 0x18, 0x70, 0x32, 0x00, 0x00, 0x00, 0x00, 0x00, 0x14, 0x06, 0xe8, 0x21
    .byte 0x02, 0x01, 0xed, 0xe7, 0x21, 0x02, 0x00, 0x20, 0x00, 0x00, 0x15, 0x75, 0x2c, 0x00, 0x01, 0x00
    .byte 0x00, 0x15, 0x17, 0x2c, 0x0f, 0x10, 0x00, 0x00, 0x2c, 0x01, 0x10, 0x00, 0x00, 0x2c, 0x10, 0x10
    .byte 0x00, 0x00, 0x2c, 0x02, 0x00, 0x00, 0x00, 0x2c, 0x21, 0x00, 0x00, 0x00, 0x15, 0x73, 0x15, 0x16
    .byte 0x15, 0x46, 0x29, 0x00, 0x66, 0x32, 0x00, 0x01, 0x00, 0x00, 0x00, 0x13, 0x4e, 0xe8, 0x21, 0x02
    .byte 0x29, 0x00, 0x66, 0x32, 0x00, 0x08, 0x00, 0x00, 0x00, 0x14, 0xd3, 0xe8, 0x21, 0x02, 0x2c, 0x03
    .byte 0x00, 0x00, 0x00, 0x38, 0x00, 0x20, 0x00, 0x00, 0x20, 0x00, 0x00, 0x20, 0x00, 0x00, 0x20, 0x00
    .byte 0x00, 0x20, 0x00, 0x00, 0x15, 0x53, 0x2c, 0x01, 0x00, 0x00, 0x00, 0x38, 0x00, 0x15, 0x85, 0x37
    .byte 0x00, 0x00, 0x32, 0x00, 0x01, 0x00, 0x00, 0x00, 0x14, 0xa8, 0xe8, 0x21, 0x02, 0x15, 0x8b, 0x18
    .byte 0x70, 0x32, 0x00, 0x00, 0x00, 0x00, 0x00, 0x13, 0x91, 0xe8, 0x21, 0x02, 0x01, 0x7d, 0xe8, 0x21
    .byte 0x02, 0x2c, 0x20, 0x03, 0x00, 0x00, 0x2c, 0x01, 0x00, 0x00, 0x00, 0x20, 0x00, 0x00, 0x20, 0x00
    .byte 0x00, 0x15, 0xb8, 0x25, 0xce, 0xe8, 0x21, 0x02, 0x15, 0x8b, 0x18, 0x70, 0x32, 0x00, 0x00, 0x00
    .byte 0x00, 0x00, 0x13, 0xbc, 0xe8, 0x21, 0x02, 0x01, 0xa8, 0xe8, 0x21, 0x02, 0x2c, 0xe1, 0x02, 0x00
    .byte 0x00, 0x2c, 0x01, 0x00, 0x00, 0x00, 0x20, 0x00, 0x00, 0x20, 0x00, 0x00, 0x15, 0xb8, 0x25, 0x36
    .byte 0xea, 0x21, 0x02, 0x29, 0x00, 0x66, 0x32, 0x00, 0x03, 0x00, 0x00, 0x00, 0x13, 0xef, 0xe8, 0x21
    .byte 0x02, 0x29, 0x00, 0x66, 0x32, 0x00, 0x09, 0x00, 0x00, 0x00, 0x14, 0x33, 0xe9, 0x21, 0x02, 0x2c
    .byte 0x04, 0x00, 0x00, 0x00, 0x2c, 0x03, 0x00, 0x00, 0x00, 0x2d, 0xd9, 0x2d, 0x63, 0x20, 0x00, 0x00
    .byte 0x20, 0x00, 0x00, 0x20, 0x00, 0x00, 0x15, 0x53, 0x15, 0x8b, 0x18, 0x70, 0x32, 0x00, 0x00, 0x00
    .byte 0x00, 0x00, 0x13, 0x1c, 0xe9, 0x21, 0x02, 0x01, 0x08, 0xe9, 0x21, 0x02, 0x2c, 0x01, 0x00, 0x00
    .byte 0x00, 0x2c, 0x01, 0x00, 0x00, 0x00, 0x20, 0x00, 0x00, 0x20, 0x00, 0x00, 0x15, 0xb8, 0x25, 0x36
    .byte 0xea, 0x21, 0x02, 0x29, 0x00, 0x66, 0x32, 0x00, 0x04, 0x00, 0x00, 0x00, 0x14, 0x8e, 0xe9, 0x21
    .byte 0x02, 0x2c, 0x04, 0x00, 0x00, 0x00, 0x2c, 0x03, 0x00, 0x00, 0x00, 0x2c, 0x3d, 0x00, 0x00, 0x00
    .byte 0x2d, 0x63, 0x20, 0x00, 0x00, 0x20, 0x00, 0x00, 0x20, 0x00, 0x00, 0x15, 0x53, 0x29, 0x00, 0xd9
    .byte 0x26, 0x00, 0xc0, 0x15, 0x8b, 0x18, 0x70, 0x32, 0x00, 0x00, 0x00, 0x00, 0x00, 0x13, 0x77, 0xe9
    .byte 0x21, 0x02, 0x01, 0x63, 0xe9, 0x21, 0x02, 0x2c, 0x02, 0x00, 0x00, 0x00, 0x2c, 0x01, 0x00, 0x00
    .byte 0x00, 0x20, 0x00, 0x00, 0x20, 0x00, 0x00, 0x15, 0xb8, 0x25, 0x36, 0xea, 0x21, 0x02, 0x29, 0x00
    .byte 0x66, 0x32, 0x00, 0x0a, 0x00, 0x00, 0x00, 0x14, 0xfc, 0xe9, 0x21, 0x02, 0x29, 0x00, 0xd9, 0x26
    .byte 0x00, 0xbe, 0x15, 0x8b, 0x18, 0x70, 0x32, 0x00, 0x00, 0x00, 0x00, 0x00, 0x13, 0xb6, 0xe9, 0x21
    .byte 0x02, 0x01, 0xa2, 0xe9, 0x21, 0x02, 0x2c, 0x46, 0x00, 0x00, 0x00, 0x2c, 0x01, 0x00, 0x00, 0x00
    .byte 0x20, 0x00, 0x00, 0x20, 0x00, 0x00, 0x15, 0xb8, 0x15, 0x5a, 0x2c, 0x97, 0x03, 0x00, 0x00, 0x15
    .byte 0x37, 0x18, 0x70, 0x32, 0x00, 0x00, 0x00, 0x00, 0x00, 0x14, 0xef, 0xe9, 0x21, 0x02, 0x2c, 0xb4
    .byte 0x03, 0x00, 0x00, 0x15, 0x35, 0x2c, 0x08, 0x00, 0x00, 0x00, 0x20, 0x00, 0x00, 0x15, 0x78, 0x2c
    .byte 0x97, 0x03, 0x00, 0x00, 0x15, 0x35, 0x00, 0x25, 0x36, 0xea, 0x21, 0x02, 0x29, 0x00, 0x66, 0x32
    .byte 0x00, 0x0b, 0x00, 0x00, 0x00, 0x14, 0x36, 0xea, 0x21, 0x02, 0x29, 0x00, 0xd9, 0x26, 0x00, 0xbe
    .byte 0x15, 0x8b, 0x18, 0x70, 0x32, 0x00, 0x00, 0x00, 0x00, 0x00, 0x13, 0x24, 0xea, 0x21, 0x02, 0x01
    .byte 0x10, 0xea, 0x21, 0x02, 0x2c, 0x57, 0x02, 0x00, 0x00, 0x2c, 0x01, 0x00, 0x00, 0x00, 0x20, 0x00
    .byte 0x00, 0x20, 0x00, 0x00, 0x15, 0xb8, 0x15, 0x5a, 0x00, 0x20, 0x00, 0x00, 0x2c, 0x5b, 0xea, 0x21
    .byte 0x02, 0x15, 0x39, 0x20, 0x00, 0x00, 0x15, 0x42, 0x18, 0x70, 0x32, 0x00, 0x00, 0x00, 0x00, 0x00
    .byte 0x14, 0x5a, 0xea, 0x21, 0x02, 0x01, 0x43, 0xea, 0x21, 0x02, 0x22, 0x2c, 0x15, 0x00, 0x00, 0x00
    .byte 0x2c, 0x9d, 0x00, 0x00, 0x00, 0x2c, 0x7f, 0x00, 0x00, 0x00, 0x15, 0x0a, 0x2c, 0x00, 0x01, 0x00
    .byte 0x00, 0x15, 0x17, 0x2c, 0x0f, 0x10, 0x00, 0x00, 0x2c, 0x01, 0x10, 0x00, 0x00, 0x2c, 0x10, 0x10
    .byte 0x00, 0x00, 0x2c, 0x02, 0x00, 0x00, 0x00, 0x2c, 0x21, 0x00, 0x00, 0x00, 0x15, 0x73, 0x2c, 0x21
    .byte 0x00, 0x00, 0x00, 0x15, 0x05, 0x15, 0x16, 0x00, 0x20, 0x00, 0x00, 0x2c, 0xba, 0xea, 0x21, 0x02
    .byte 0x15, 0x39, 0x20, 0x00, 0x00, 0x15, 0x42, 0x18, 0x70, 0x32, 0x00, 0x00, 0x00, 0x00, 0x00, 0x14
    .byte 0xb9, 0xea, 0x21, 0x02, 0x01, 0xa2, 0xea, 0x21, 0x02, 0x22, 0x2c, 0x15, 0x00, 0x00, 0x00, 0x2c
    .byte 0x9c, 0x00, 0x00, 0x00, 0x2c, 0x7f, 0x00, 0x00, 0x00, 0x15, 0x0a, 0x2c, 0x00, 0x01, 0x00, 0x00
    .byte 0x15, 0x17, 0x2c, 0x0f, 0x10, 0x00, 0x00, 0x2c, 0x01, 0x10, 0x00, 0x00, 0x2c, 0x10, 0x10, 0x00
    .byte 0x00, 0x2c, 0x02, 0x00, 0x00, 0x00, 0x2c, 0x21, 0x00, 0x00, 0x00, 0x15, 0x73, 0x2c, 0x21, 0x00
    .byte 0x00, 0x00, 0x15, 0x05, 0x15, 0x16, 0x00, 0x2c, 0x00, 0x10, 0x00, 0x00, 0x2c, 0x01, 0x10, 0x00
    .byte 0x00, 0x2c, 0x02, 0x10, 0x00, 0x00, 0x2c, 0x02, 0x00, 0x00, 0x00, 0x20, 0x00, 0x00, 0x15, 0x73
    .byte 0x2c, 0x01, 0x00, 0x00, 0x00, 0x15, 0x25, 0x2c, 0x12, 0x00, 0x00, 0x00, 0x20, 0x00, 0x00, 0x15
    .byte 0x32, 0x2d, 0xd2, 0x2c, 0x07, 0x00, 0x00, 0x00, 0x15, 0x47, 0x18, 0x70, 0x17, 0x00, 0x2d, 0xd2
    .byte 0x2c, 0x08, 0x00, 0x00, 0x00, 0x15, 0x47, 0x18, 0x70, 0x17, 0x00, 0x15, 0x1e, 0x18, 0x70, 0x17
    .byte 0x00, 0x15, 0x75, 0x20, 0x00, 0x00, 0x15, 0x06, 0x00, 0x2c, 0x01, 0x00, 0x00, 0x00, 0x15, 0x09
    .byte 0x2c, 0x00, 0x10, 0x00, 0x00, 0x2c, 0x01, 0x10, 0x00, 0x00, 0x2c, 0x02, 0x10, 0x00, 0x00, 0x2c
    .byte 0x02, 0x00, 0x00, 0x00, 0x20, 0x00, 0x00, 0x15, 0x73, 0x20, 0x00, 0x00, 0x15, 0x75, 0x00, 0x2c
    .byte 0x00, 0x10, 0x00, 0x00, 0x2c, 0x01, 0x10, 0x00, 0x00, 0x2c, 0x02, 0x10, 0x00, 0x00, 0x2c, 0x02
    .byte 0x00, 0x00, 0x00, 0x20, 0x00, 0x00, 0x15, 0x73, 0x2c, 0x12, 0x00, 0x00, 0x00, 0x2c, 0x08, 0x00
    .byte 0x00, 0x00, 0x15, 0x32, 0x2d, 0x02, 0x2c, 0x07, 0x00, 0x00, 0x00, 0x15, 0x47, 0x18, 0x70, 0x17
    .byte 0x00, 0x2d, 0x02, 0x2c, 0x08, 0x00, 0x00, 0x00, 0x15, 0x47, 0x18, 0x70, 0x17, 0x00, 0x15, 0x1e
    .byte 0x18, 0x70, 0x17, 0x00, 0x15, 0x75, 0x20, 0x00, 0x00, 0x15, 0x06, 0x2c, 0x01, 0x00, 0x00, 0x00
    .byte 0x15, 0x07, 0x15, 0x08, 0x25, 0x94, 0xeb, 0x21, 0x02, 0x00, 0x2c, 0x00, 0x10, 0x00, 0x00, 0x2c
    .byte 0x01, 0x10, 0x00, 0x00, 0x2c, 0x02, 0x10, 0x00, 0x00, 0x2c, 0x02, 0x00, 0x00, 0x00, 0x2c, 0x1e
    .byte 0x00, 0x00, 0x00, 0x15, 0x73, 0x2c, 0x01, 0x00, 0x00, 0x00, 0x15, 0x06, 0x2c, 0x3c, 0x00, 0x00
    .byte 0x00, 0x15, 0x07, 0x15, 0x08, 0x00, 0x2c, 0x0b, 0x10, 0x00, 0x00, 0x2c, 0x01, 0x10, 0x00, 0x00
    .byte 0x2c, 0x0c, 0x10, 0x00, 0x00, 0x2c, 0x02, 0x00, 0x00, 0x00, 0x03, 0x00, 0x08, 0x00, 0x00, 0x00
    .byte 0x29, 0x01, 0xff, 0x04, 0x10, 0x17, 0x00, 0x15, 0x73, 0x00, 0x2c, 0x01, 0x00, 0x00, 0x00, 0x15
    .byte 0x09, 0x2c, 0x01, 0x00, 0x00, 0x00, 0x15, 0x06, 0x2c, 0xff, 0xff, 0xff, 0xff, 0x15, 0x1b, 0x00
    .byte 0x20, 0x00, 0x00, 0x15, 0x09, 0x20, 0x00, 0x00, 0x15, 0x06, 0x2c, 0x00, 0x01, 0x00, 0x00, 0x15
    .byte 0x1b, 0x00, 0x2c, 0x92, 0xd0, 0x00, 0x00, 0x2c, 0x81, 0xd0, 0x00, 0x00, 0x2c, 0x82, 0xd0, 0x00
    .byte 0x00, 0x2c, 0x02, 0x00, 0x00, 0x00, 0x20, 0x00, 0x00, 0x15, 0x73, 0x00, 0x2c, 0x0d, 0x00, 0x00
    .byte 0x00, 0x20, 0x00, 0x00, 0x2c, 0xff, 0xff, 0xff, 0xff, 0x2c, 0xff, 0xff, 0xff, 0xff, 0x2c, 0xff
    .byte 0xff, 0xff, 0xff, 0x15, 0xdc, 0x2c, 0x76, 0x0d, 0x22, 0x02, 0x15, 0x4d, 0x20, 0x00, 0x00, 0x2c
    .byte 0xff, 0xff, 0xff, 0xff, 0x2c, 0xff, 0xff, 0xff, 0xff, 0x15, 0xdd, 0x18, 0x70, 0x14, 0x20, 0xed
    .byte 0x21, 0x02, 0x2c, 0x01, 0x00, 0x00, 0x00, 0x2c, 0xff, 0xff, 0xff, 0xff, 0x2c, 0xff, 0xff, 0xff
    .byte 0xff, 0x15, 0xdd, 0x18, 0x70, 0x32, 0x00, 0x5b, 0x02, 0x00, 0x00, 0x13, 0xec, 0xec, 0x21, 0x02
    .byte 0x2c, 0x01, 0x00, 0x00, 0x00, 0x2c, 0xff, 0xff, 0xff, 0xff, 0x2c, 0xff, 0xff, 0xff, 0xff, 0x15
    .byte 0xdd, 0x18, 0x70, 0x32, 0x00, 0x5c, 0x02, 0x00, 0x00, 0x13, 0xec, 0xec, 0x21, 0x02, 0x2c, 0x01
    .byte 0x00, 0x00, 0x00, 0x2c, 0xff, 0xff, 0xff, 0xff, 0x2c, 0xff, 0xff, 0xff, 0xff, 0x15, 0xdd, 0x18
    .byte 0x70, 0x32, 0x00, 0x5d, 0x02, 0x00, 0x00, 0x14, 0x20, 0xed, 0x21, 0x02, 0x2c, 0x06, 0x00, 0x00
    .byte 0x00, 0x20, 0x00, 0x00, 0x2c, 0xff, 0xff, 0xff, 0xff, 0x2c, 0xff, 0xff, 0xff, 0xff, 0x2c, 0xff
    .byte 0xff, 0xff, 0xff, 0x15, 0xdc, 0x2c, 0x0b, 0x00, 0x00, 0x00, 0x2c, 0xff, 0xff, 0xff, 0xff, 0x2c
    .byte 0xff, 0xff, 0xff, 0xff, 0x2c, 0xff, 0xff, 0xff, 0xff, 0x2c, 0xff, 0xff, 0xff, 0xff, 0x15, 0xdc
    .byte 0x2c, 0x14, 0x00, 0x00, 0x00, 0x15, 0x35, 0x2c, 0x26, 0x00, 0x00, 0x00, 0x2c, 0x99, 0xf4, 0x21
    .byte 0x02, 0x15, 0x39, 0x29, 0x00, 0xfd, 0x32, 0x00, 0x00, 0x00, 0x00, 0x00, 0x14, 0x27, 0xee, 0x21
    .byte 0x02, 0x29, 0x00, 0xed, 0x0d, 0x00, 0x00, 0x02, 0x00, 0x00, 0x35, 0x00, 0x00, 0x00, 0x00, 0x00
    .byte 0x32, 0x00, 0x01, 0x00, 0x00, 0x00, 0x14, 0x9c, 0xed, 0x21, 0x02, 0x2c, 0x04, 0x00, 0x00, 0x00
    .byte 0x2c, 0xbb, 0x00, 0x00, 0x00, 0x15, 0xef, 0x2c, 0x04, 0x00, 0x00, 0x00, 0x2c, 0xbc, 0x00, 0x00
    .byte 0x00, 0x15, 0xef, 0x2c, 0x04, 0x00, 0x00, 0x00, 0x2c, 0xbd, 0x00, 0x00, 0x00, 0x15, 0xef, 0x2c
    .byte 0x04, 0x00, 0x00, 0x00, 0x2c, 0x1e, 0x00, 0x00, 0x00, 0x15, 0xef, 0x2c, 0x66, 0x00, 0x00, 0x00
    .byte 0x15, 0x35, 0x20, 0x00, 0x00, 0x2c, 0x89, 0xf4, 0x21, 0x02, 0x15, 0x39, 0x2c, 0x42, 0x00, 0x00
    .byte 0x00, 0x2c, 0x01, 0x00, 0x00, 0x00, 0x2c, 0x01, 0x00, 0x00, 0x00, 0x15, 0xb3, 0x2c, 0x54, 0x01
    .byte 0x00, 0x00, 0x2c, 0x01, 0x00, 0x00, 0x00, 0x2c, 0x01, 0x00, 0x00, 0x00, 0x15, 0xb3, 0x2c, 0x55
    .byte 0x01, 0x00, 0x00, 0x2c, 0x01, 0x00, 0x00, 0x00, 0x2c, 0x01, 0x00, 0x00, 0x00, 0x15, 0xb3, 0x2c
    .byte 0x64, 0x00, 0x00, 0x00, 0x15, 0xaa, 0x03, 0x00, 0x04, 0x00, 0x00, 0x00, 0x26, 0x00, 0x7f, 0x2c
    .byte 0x03, 0x00, 0x00, 0x00, 0x2c, 0x2a, 0x00, 0x00, 0x00, 0x15, 0xef, 0x2c, 0x03, 0x00, 0x00, 0x00
    .byte 0x2c, 0x38, 0x00, 0x00, 0x00, 0x15, 0xef, 0x2c, 0x03, 0x00, 0x00, 0x00, 0x2c, 0x3c, 0x00, 0x00
    .byte 0x00, 0x15, 0xef, 0x2c, 0x03, 0x00, 0x00, 0x00, 0x2c, 0x48, 0x00, 0x00, 0x00, 0x15, 0xef, 0x2c
    .byte 0x04, 0x00, 0x00, 0x00, 0x2c, 0xbc, 0x00, 0x00, 0x00, 0x15, 0xef, 0x2c, 0x04, 0x00, 0x00, 0x00
    .byte 0x2c, 0xbd, 0x00, 0x00, 0x00, 0x15, 0xef, 0x21, 0xfe, 0xef, 0x21, 0x02, 0x29, 0x00, 0xfd, 0x32
    .byte 0x00, 0x20, 0x00, 0x00, 0x00, 0x14, 0x2b, 0xef, 0x21, 0x02, 0x2c, 0x10, 0x00, 0x00, 0x00, 0x15
    .byte 0x36, 0x2c, 0xd1, 0x09, 0x00, 0x00, 0x15, 0x37, 0x18, 0x70, 0x28, 0x00, 0x00, 0x2c, 0xd2, 0x09
    .byte 0x00, 0x00, 0x15, 0x37, 0x18, 0x70, 0x28, 0x00, 0x01, 0x2c, 0xd3, 0x09, 0x00, 0x00, 0x15, 0x37
    .byte 0x18, 0x70, 0x28, 0x00, 0x02, 0x2b, 0x00, 0x00, 0x32, 0x00, 0x00, 0x00, 0x00, 0x00, 0x14, 0x9d
    .byte 0xee, 0x21, 0x02, 0x2b, 0x00, 0x02, 0x32, 0x00, 0x00, 0x00, 0x00, 0x00, 0x14, 0x9d, 0xee, 0x21
    .byte 0x02, 0x2b, 0x00, 0x02, 0x32, 0x00, 0x00, 0x00, 0x00, 0x00, 0x14, 0x9d, 0xee, 0x21, 0x02, 0x03
    .byte 0x00, 0xfe, 0xff, 0xff, 0xff, 0x26, 0x00, 0x07, 0x25, 0x1f, 0xef, 0x21, 0x02, 0x2c, 0x03, 0x00
    .byte 0x00, 0x00, 0x15, 0x01, 0x18, 0x70, 0x26, 0x00, 0x07, 0x29, 0x00, 0x07, 0x32, 0x00, 0x00, 0x00
    .byte 0x00, 0x00, 0x14, 0xcf, 0xee, 0x21, 0x02, 0x2c, 0xd1, 0x09, 0x00, 0x00, 0x15, 0x37, 0x18, 0x70
    .byte 0x14, 0xcf, 0xee, 0x21, 0x02, 0x25, 0x1b, 0xef, 0x21, 0x02, 0x25, 0x16, 0xef, 0x21, 0x02, 0x29
    .byte 0x00, 0x07, 0x32, 0x00, 0x01, 0x00, 0x00, 0x00, 0x14, 0xf5, 0xee, 0x21, 0x02, 0x2c, 0xd2, 0x09
    .byte 0x00, 0x00, 0x15, 0x37, 0x18, 0x70, 0x14, 0xf5, 0xee, 0x21, 0x02, 0x25, 0x1b, 0xef, 0x21, 0x02
    .byte 0x25, 0x16, 0xef, 0x21, 0x02, 0x29, 0x00, 0x07, 0x32, 0x00, 0x02, 0x00, 0x00, 0x00, 0x14, 0x16
    .byte 0xef, 0x21, 0x02, 0x2c, 0xd3, 0x09, 0x00, 0x00, 0x15, 0x37, 0x18, 0x70, 0x14, 0x16, 0xef, 0x21
    .byte 0x02, 0x25, 0x1b, 0xef, 0x21, 0x02, 0x25, 0x9d, 0xee, 0x21, 0x02, 0x2d, 0x07, 0x15, 0xfc, 0x20
    .byte 0x00, 0x00, 0x15, 0x07, 0x15, 0x08, 0x25, 0x51, 0xef, 0x21, 0x02, 0x29, 0x00, 0xfd, 0x32, 0x00
    .byte 0x28, 0x00, 0x00, 0x00, 0x14, 0x3e, 0xef, 0x21, 0x02, 0x25, 0x51, 0xef, 0x21, 0x02, 0x29, 0x00
    .byte 0xfd, 0x32, 0x00, 0x2a, 0x00, 0x00, 0x00, 0x14, 0x51, 0xef, 0x21, 0x02, 0x25, 0x51, 0xef, 0x21
    .byte 0x02, 0x2c, 0x25, 0x00, 0x00, 0x00, 0x2c, 0xe3, 0x2a, 0x22, 0x02, 0x15, 0x39, 0x2c, 0x2c, 0x01
    .byte 0x00, 0x00, 0x15, 0x36, 0x03, 0x00, 0x00, 0x00, 0x00, 0x00, 0x26, 0x00, 0x4e, 0x2c, 0x20, 0x00
    .byte 0x00, 0x00, 0x15, 0x01, 0x18, 0x70, 0x26, 0x00, 0x4e, 0x29, 0x00, 0x4e, 0x32, 0x00, 0x00, 0x00
    .byte 0x00, 0x00, 0x14, 0x93, 0xef, 0x21, 0x02, 0x2c, 0x2c, 0x01, 0x00, 0x00, 0x15, 0x35, 0x25, 0xe9
    .byte 0xef, 0x21, 0x02, 0x15, 0x0b, 0x18, 0x70, 0x33, 0x00, 0x0a, 0x00, 0x00, 0x00, 0x14, 0xe9, 0xef
    .byte 0x21, 0x02, 0x2c, 0x20, 0x00, 0x00, 0x00, 0x15, 0x01, 0x18, 0x70, 0x26, 0x00, 0x4e, 0x29, 0x00
    .byte 0x4e, 0x32, 0x00, 0x00, 0x00, 0x00, 0x00, 0x14, 0xc8, 0xef, 0x21, 0x02, 0x2c, 0x2c, 0x01, 0x00
    .byte 0x00, 0x15, 0x35, 0x25, 0xe9, 0xef, 0x21, 0x02, 0x2c, 0x20, 0x00, 0x00, 0x00, 0x15, 0x01, 0x18
    .byte 0x70, 0x26, 0x00, 0x4e, 0x29, 0x00, 0x4e, 0x32, 0x00, 0x00, 0x00, 0x00, 0x00, 0x14, 0xe9, 0xef
    .byte 0x21, 0x02, 0x2c, 0x2c, 0x01, 0x00, 0x00, 0x15, 0x35, 0x2d, 0x4e, 0x15, 0x41, 0x20, 0x00, 0x00
    .byte 0x15, 0x07, 0x15, 0x08, 0x2c, 0x05, 0x00, 0x00, 0x00, 0x15, 0x07, 0x15, 0x08, 0x00, 0x2c, 0x01
    .byte 0x00, 0x00, 0x00, 0x2c, 0xbe, 0x00, 0x00, 0x00, 0x15, 0xef, 0x18, 0x70, 0x32, 0x00, 0x01, 0x00
    .byte 0x00, 0x00, 0x14, 0x39, 0xf0, 0x21, 0x02, 0x21, 0xc6, 0x30, 0x22, 0x02, 0x2c, 0x06, 0x00, 0x00
    .byte 0x00, 0x2c, 0xb1, 0xe6, 0x21, 0x02, 0x15, 0x39, 0x2c, 0x09, 0x00, 0x00, 0x00, 0x2c, 0xb1, 0xe6
    .byte 0x21, 0x02, 0x15, 0x39, 0x25, 0x70, 0xf1, 0x21, 0x02, 0x2c, 0x02, 0x00, 0x00, 0x00, 0x2c, 0xbb
    .byte 0x00, 0x00, 0x00, 0x15, 0xef, 0x18, 0x70, 0x32, 0x00, 0x01, 0x00, 0x00, 0x00, 0x14, 0xa6, 0xf0
    .byte 0x21, 0x02, 0x2c, 0x02, 0x00, 0x00, 0x00, 0x2c, 0xbc, 0x00, 0x00, 0x00, 0x15, 0xef, 0x18, 0x70
    .byte 0x32, 0x00, 0x01, 0x00, 0x00, 0x00, 0x14, 0xa6, 0xf0, 0x21, 0x02, 0x2c, 0x02, 0x00, 0x00, 0x00
    .byte 0x2c, 0xbd, 0x00, 0x00, 0x00, 0x15, 0xef, 0x18, 0x70, 0x32, 0x00, 0x01, 0x00, 0x00, 0x00, 0x14
    .byte 0xa6, 0xf0, 0x21, 0x02, 0x21, 0xc6, 0x30, 0x22, 0x02, 0x2c, 0x09, 0x00, 0x00, 0x00, 0x2c, 0xb1
    .byte 0xe6, 0x21, 0x02, 0x15, 0x39, 0x2c, 0x06, 0x00, 0x00, 0x00, 0x2c, 0x71, 0x48, 0x22, 0x02, 0x15
    .byte 0x39, 0x25, 0x70, 0xf1, 0x21, 0x02, 0x2c, 0x02, 0x00, 0x00, 0x00, 0x2c, 0xbb, 0x00, 0x00, 0x00
    .byte 0x15, 0xef, 0x18, 0x70, 0x32, 0x00, 0x00, 0x00, 0x00, 0x00, 0x14, 0x29, 0xf1, 0x21, 0x02, 0x2c
    .byte 0x02, 0x00, 0x00, 0x00, 0x2c, 0xbc, 0x00, 0x00, 0x00, 0x15, 0xef, 0x18, 0x70, 0x32, 0x00, 0x01
    .byte 0x00, 0x00, 0x00, 0x14, 0x29, 0xf1, 0x21, 0x02, 0x2c, 0x02, 0x00, 0x00, 0x00, 0x2c, 0xbd, 0x00
    .byte 0x00, 0x00, 0x15, 0xef, 0x18, 0x70, 0x32, 0x00, 0x01, 0x00, 0x00, 0x00, 0x14, 0x29, 0xf1, 0x21
    .byte 0x02, 0x2c, 0x01, 0x00, 0x00, 0x00, 0x2c, 0x1d, 0x00, 0x00, 0x00, 0x15, 0xef, 0x18, 0x70, 0x32
    .byte 0x00, 0x00, 0x00, 0x00, 0x00, 0x14, 0x29, 0xf1, 0x21, 0x02, 0x29, 0x00, 0x7f, 0x31, 0x00, 0x04
    .byte 0x00, 0x00, 0x00, 0x14, 0x29, 0xf1, 0x21, 0x02, 0x2c, 0x06, 0x00, 0x00, 0x00, 0x2c, 0x65, 0x34
    .byte 0x22, 0x02, 0x15, 0x39, 0x25, 0x70, 0xf1, 0x21, 0x02, 0x2c, 0x01, 0x00, 0x00, 0x00, 0x2c, 0x1d
    .byte 0x00, 0x00, 0x00, 0x15, 0xef, 0x18, 0x70, 0x32, 0x00, 0x01, 0x00, 0x00, 0x00, 0x14, 0x64, 0xf1
    .byte 0x21, 0x02, 0x21, 0xc6, 0x30, 0x22, 0x02, 0x2c, 0x06, 0x00, 0x00, 0x00, 0x2c, 0xb1, 0xe6, 0x21
    .byte 0x02, 0x15, 0x39, 0x2c, 0x09, 0x00, 0x00, 0x00, 0x2c, 0xb1, 0xe6, 0x21, 0x02, 0x15, 0x39, 0x25
    .byte 0x70, 0xf1, 0x21, 0x02, 0x2c, 0x06, 0x00, 0x00, 0x00, 0x2c, 0x65, 0x34, 0x22, 0x02, 0x15, 0x39
    .byte 0x2c, 0x02, 0x00, 0x00, 0x00, 0x2c, 0xbb, 0x00, 0x00, 0x00, 0x15, 0xef, 0x18, 0x70, 0x32, 0x00
    .byte 0x01, 0x00, 0x00, 0x00, 0x14, 0xcc, 0xf1, 0x21, 0x02, 0x2c, 0x02, 0x00, 0x00, 0x00, 0x2c, 0xbc
    .byte 0x00, 0x00, 0x00, 0x15, 0xef, 0x18, 0x70, 0x32, 0x00, 0x01, 0x00, 0x00, 0x00, 0x14, 0xcc, 0xf1
    .byte 0x21, 0x02, 0x2c, 0x02, 0x00, 0x00, 0x00, 0x2c, 0xbd, 0x00, 0x00, 0x00, 0x15, 0xef, 0x18, 0x70
    .byte 0x32, 0x00, 0x01, 0x00, 0x00, 0x00, 0x14, 0xcc, 0xf1, 0x21, 0x02, 0x2c, 0x07, 0x00, 0x00, 0x00
    .byte 0x2c, 0xf3, 0x48, 0x22, 0x02, 0x15, 0x39, 0x25, 0x5b, 0xf2, 0x21, 0x02, 0x2c, 0x02, 0x00, 0x00
    .byte 0x00, 0x2c, 0xbb, 0x00, 0x00, 0x00, 0x15, 0xef, 0x18, 0x70, 0x32, 0x00, 0x00, 0x00, 0x00, 0x00
    .byte 0x14, 0x4f, 0xf2, 0x21, 0x02, 0x2c, 0x02, 0x00, 0x00, 0x00, 0x2c, 0xbc, 0x00, 0x00, 0x00, 0x15
    .byte 0xef, 0x18, 0x70, 0x32, 0x00, 0x01, 0x00, 0x00, 0x00, 0x14, 0x4f, 0xf2, 0x21, 0x02, 0x2c, 0x02
    .byte 0x00, 0x00, 0x00, 0x2c, 0xbd, 0x00, 0x00, 0x00, 0x15, 0xef, 0x18, 0x70, 0x32, 0x00, 0x01, 0x00
    .byte 0x00, 0x00, 0x14, 0x4f, 0xf2, 0x21, 0x02, 0x2c, 0x01, 0x00, 0x00, 0x00, 0x2c, 0x1d, 0x00, 0x00
    .byte 0x00, 0x15, 0xef, 0x18, 0x70, 0x32, 0x00, 0x00, 0x00, 0x00, 0x00, 0x14, 0x4f, 0xf2, 0x21, 0x02
    .byte 0x29, 0x00, 0x7f, 0x31, 0x00, 0x04, 0x00, 0x00, 0x00, 0x14, 0x4f, 0xf2, 0x21, 0x02, 0x2c, 0x07
    .byte 0x00, 0x00, 0x00, 0x2c, 0x2e, 0x49, 0x22, 0x02, 0x15, 0x39, 0x25, 0x5b, 0xf2, 0x21, 0x02, 0x2c
    .byte 0x07, 0x00, 0x00, 0x00, 0x2c, 0xb1, 0xe6, 0x21, 0x02, 0x15, 0x39, 0x2c, 0x02, 0x00, 0x00, 0x00
    .byte 0x2c, 0xbb, 0x00, 0x00, 0x00, 0x15, 0xef, 0x18, 0x70, 0x32, 0x00, 0x01, 0x00, 0x00, 0x00, 0x14
    .byte 0xb7, 0xf2, 0x21, 0x02, 0x2c, 0x02, 0x00, 0x00, 0x00, 0x2c, 0xbc, 0x00, 0x00, 0x00, 0x15, 0xef
    .byte 0x18, 0x70, 0x32, 0x00, 0x01, 0x00, 0x00, 0x00, 0x14, 0xb7, 0xf2, 0x21, 0x02, 0x2c, 0x02, 0x00
    .byte 0x00, 0x00, 0x2c, 0xbd, 0x00, 0x00, 0x00, 0x15, 0xef, 0x18, 0x70, 0x32, 0x00, 0x01, 0x00, 0x00
    .byte 0x00, 0x14, 0xb7, 0xf2, 0x21, 0x02, 0x2c, 0x08, 0x00, 0x00, 0x00, 0x2c, 0xb3, 0x49, 0x22, 0x02
    .byte 0x15, 0x39, 0x25, 0x46, 0xf3, 0x21, 0x02, 0x2c, 0x02, 0x00, 0x00, 0x00, 0x2c, 0xbb, 0x00, 0x00
    .byte 0x00, 0x15, 0xef, 0x18, 0x70, 0x32, 0x00, 0x00, 0x00, 0x00, 0x00, 0x14, 0x3a, 0xf3, 0x21, 0x02
    .byte 0x2c, 0x02, 0x00, 0x00, 0x00, 0x2c, 0xbc, 0x00, 0x00, 0x00, 0x15, 0xef, 0x18, 0x70, 0x32, 0x00
    .byte 0x01, 0x00, 0x00, 0x00, 0x14, 0x3a, 0xf3, 0x21, 0x02, 0x2c, 0x02, 0x00, 0x00, 0x00, 0x2c, 0xbd
    .byte 0x00, 0x00, 0x00, 0x15, 0xef, 0x18, 0x70, 0x32, 0x00, 0x01, 0x00, 0x00, 0x00, 0x14, 0x3a, 0xf3
    .byte 0x21, 0x02, 0x2c, 0x01, 0x00, 0x00, 0x00, 0x2c, 0x1d, 0x00, 0x00, 0x00, 0x15, 0xef, 0x18, 0x70
    .byte 0x32, 0x00, 0x00, 0x00, 0x00, 0x00, 0x14, 0x3a, 0xf3, 0x21, 0x02, 0x29, 0x00, 0x7f, 0x31, 0x00
    .byte 0x04, 0x00, 0x00, 0x00, 0x14, 0x3a, 0xf3, 0x21, 0x02, 0x2c, 0x08, 0x00, 0x00, 0x00, 0x2c, 0xee
    .byte 0x49, 0x22, 0x02, 0x15, 0x39, 0x25, 0x46, 0xf3, 0x21, 0x02, 0x2c, 0x08, 0x00, 0x00, 0x00, 0x2c
    .byte 0xb1, 0xe6, 0x21, 0x02, 0x15, 0x39, 0x2c, 0x02, 0x00, 0x00, 0x00, 0x2c, 0xbb, 0x00, 0x00, 0x00
    .byte 0x15, 0xef, 0x18, 0x70, 0x32, 0x00, 0x01, 0x00, 0x00, 0x00, 0x14, 0xa2, 0xf3, 0x21, 0x02, 0x2c
    .byte 0x02, 0x00, 0x00, 0x00, 0x2c, 0xbc, 0x00, 0x00, 0x00, 0x15, 0xef, 0x18, 0x70, 0x32, 0x00, 0x01
    .byte 0x00, 0x00, 0x00, 0x14, 0xa2, 0xf3, 0x21, 0x02, 0x2c, 0x02, 0x00, 0x00, 0x00, 0x2c, 0xbd, 0x00
    .byte 0x00, 0x00, 0x15, 0xef, 0x18, 0x70, 0x32, 0x00, 0x01, 0x00, 0x00, 0x00, 0x14, 0xa2, 0xf3, 0x21
    .byte 0x02, 0x2c, 0x10, 0x00, 0x00, 0x00, 0x2c, 0x74, 0x4a, 0x22, 0x02, 0x15, 0x39, 0x25, 0x22, 0xf4
    .byte 0x21, 0x02, 0x2c, 0x01, 0x00, 0x00, 0x00, 0x2c, 0xbb, 0x00, 0x00, 0x00, 0x15, 0xef, 0x18, 0x70
    .byte 0x32, 0x00, 0x00, 0x00, 0x00, 0x00, 0x14, 0xce, 0xf3, 0x21, 0x02, 0x29, 0x00, 0x7f, 0x32, 0x00
    .byte 0x04, 0x00, 0x00, 0x00, 0x14, 0xce, 0xf3, 0x21, 0x02, 0x25, 0x22, 0xf4, 0x21, 0x02, 0x2c, 0x02
    .byte 0x00, 0x00, 0x00, 0x2c, 0xbe, 0x00, 0x00, 0x00, 0x15, 0xef, 0x18, 0x70, 0x32, 0x00, 0x01, 0x00
    .byte 0x00, 0x00, 0x13, 0x00, 0xf4, 0x21, 0x02, 0x2c, 0x01, 0x00, 0x00, 0x00, 0x2c, 0xbe, 0x00, 0x00
    .byte 0x00, 0x15, 0xef, 0x18, 0x70, 0x32, 0x00, 0x01, 0x00, 0x00, 0x00, 0x14, 0x16, 0xf4, 0x21, 0x02
    .byte 0x21, 0x99, 0x46, 0x22, 0x02, 0x2c, 0x10, 0x00, 0x00, 0x00, 0x2c, 0xb1, 0xe6, 0x21, 0x02, 0x15
    .byte 0x39, 0x25, 0x22, 0xf4, 0x21, 0x02, 0x2c, 0x10, 0x00, 0x00, 0x00, 0x2c, 0xb1, 0xe6, 0x21, 0x02
    .byte 0x15, 0x39, 0x2c, 0x16, 0x00, 0x00, 0x00, 0x2c, 0x13, 0x6e, 0x22, 0x02, 0x15, 0x39, 0x2c, 0x17
    .byte 0x00, 0x00, 0x00, 0x2c, 0x0b, 0x6e, 0x22, 0x02, 0x15, 0x39, 0x2c, 0x02, 0x00, 0x00, 0x00, 0x2c
    .byte 0x1e, 0x00, 0x00, 0x00, 0x15, 0xef, 0x18, 0x70, 0x32, 0x00, 0x01, 0x00, 0x00, 0x00, 0x14, 0x64
    .byte 0xf4, 0x21, 0x02, 0x2c, 0x03, 0x00, 0x00, 0x00, 0x2c, 0x7e, 0x58, 0x22, 0x02, 0x15, 0x39, 0x25
    .byte 0x88, 0xf4, 0x21, 0x02, 0x2c, 0x03, 0x00, 0x00, 0x00, 0x2c, 0xb1, 0xe6, 0x21, 0x02, 0x15, 0x39
    .byte 0x2c, 0x04, 0x00, 0x00, 0x00, 0x2c, 0xb1, 0xe6, 0x21, 0x02, 0x15, 0x39, 0x2c, 0x05, 0x00, 0x00
    .byte 0x00, 0x2c, 0xb1, 0xe6, 0x21, 0x02, 0x15, 0x39, 0x22, 0x2c, 0x10, 0x03, 0x00, 0x00, 0x2c, 0x40
    .byte 0x02, 0x00, 0x00, 0x20, 0x00, 0x00, 0x15, 0x02, 0x00, 0x20, 0x00, 0x00, 0x15, 0x18, 0x2c, 0x01
    .byte 0x00, 0x00, 0x00, 0x2c, 0xfc, 0xff, 0xff, 0xff, 0x20, 0x00, 0x00, 0x2c, 0x04, 0x00, 0x00, 0x00
    .byte 0x2c, 0x08, 0x00, 0x00, 0x00, 0x15, 0xd8, 0x2c, 0xb4, 0x0a, 0x00, 0x00, 0x15, 0x37, 0x18, 0x70
    .byte 0x32, 0x00, 0x00, 0x00, 0x00, 0x00, 0x14, 0xe1, 0xf4, 0x21, 0x02, 0x20, 0x00, 0x00, 0x15, 0x09
    .byte 0x20, 0x00, 0x00, 0x15, 0x19, 0x2c, 0x02, 0x00, 0x00, 0x00, 0x15, 0x05, 0x25, 0x3b, 0xf5, 0x21
    .byte 0x02, 0x2c, 0xaa, 0x0a, 0x00, 0x00, 0x15, 0x37, 0x18, 0x70, 0x14, 0x28, 0xf5, 0x21, 0x02, 0x2c
    .byte 0x14, 0x00, 0x00, 0x00, 0x15, 0x36, 0x2c, 0xb5, 0x0a, 0x00, 0x00, 0x15, 0x37, 0x18, 0x70, 0x14
    .byte 0x11, 0xf5, 0x21, 0x02, 0x2c, 0x01, 0x00, 0x00, 0x00, 0x15, 0x05, 0x00, 0x25, 0x23, 0xf5, 0x21
    .byte 0x02, 0x2c, 0x01, 0x00, 0x00, 0x00, 0x2c, 0x52, 0xf7, 0x21, 0x02, 0x15, 0x29, 0x20, 0x00, 0x00
    .byte 0x15, 0x05, 0x00, 0x25, 0x3b, 0xf5, 0x21, 0x02, 0x2c, 0x01, 0x00, 0x00, 0x00, 0x2c, 0x52, 0xf7
    .byte 0x21, 0x02, 0x15, 0x29, 0x2c, 0x02, 0x00, 0x00, 0x00, 0x15, 0x05, 0x2a, 0x00, 0x78, 0x32, 0x00
    .byte 0x03, 0x00, 0x00, 0x00, 0x13, 0x57, 0xf5, 0x21, 0x02, 0x2a, 0x00, 0x78, 0x32, 0x00, 0x04, 0x00
    .byte 0x00, 0x00, 0x14, 0xef, 0xf5, 0x21, 0x02, 0x03, 0x00, 0x00, 0x00, 0x00, 0x00, 0x27, 0x00, 0x78
    .byte 0x2c, 0xb4, 0x0a, 0x00, 0x00, 0x15, 0x37, 0x18, 0x70, 0x14, 0xef, 0xf5, 0x21, 0x02, 0x2c, 0x06
    .byte 0x00, 0x00, 0x00, 0x15, 0x31, 0x18, 0x70, 0x14, 0xef, 0xf5, 0x21, 0x02, 0x2c, 0x00, 0x04, 0x00
    .byte 0x00, 0x15, 0x37, 0x18, 0x70, 0x14, 0x8f, 0xf5, 0x21, 0x02, 0x01, 0x7c, 0xf5, 0x21, 0x02, 0x2c
    .byte 0xee, 0x03, 0x00, 0x00, 0x15, 0x37, 0x18, 0x70, 0x14, 0xa2, 0xf5, 0x21, 0x02, 0x01, 0x8f, 0xf5
    .byte 0x21, 0x02, 0x2c, 0x02, 0x00, 0x00, 0x00, 0x15, 0x9b, 0x18, 0x70, 0x32, 0x00, 0x00, 0x00, 0x00
    .byte 0x00, 0x14, 0xbb, 0xf5, 0x21, 0x02, 0x01, 0xa2, 0xf5, 0x21, 0x02, 0x20, 0x00, 0x00, 0x15, 0x9b
    .byte 0x18, 0x70, 0x14, 0xdb, 0xf5, 0x21, 0x02, 0x20, 0x00, 0x00, 0x2c, 0xff, 0xff, 0xff, 0xff, 0x2c
    .byte 0xff, 0xff, 0xff, 0xff, 0x2c, 0xff, 0xff, 0xff, 0xff, 0x15, 0x89, 0x20, 0x00, 0x00, 0x15, 0x07
    .byte 0x15, 0x08, 0x2c, 0x03, 0x00, 0x00, 0x00, 0x2c, 0xf4, 0xf5, 0x21, 0x02, 0x15, 0x29, 0x00, 0x01
    .byte 0x3b, 0xf5, 0x21, 0x02, 0x2c, 0xaa, 0x0a, 0x00, 0x00, 0x15, 0x35, 0x2c, 0x14, 0x00, 0x00, 0x00
    .byte 0x15, 0x36, 0x2c, 0x06, 0x00, 0x00, 0x00, 0x15, 0x31, 0x18, 0x70, 0x13, 0x35, 0xf6, 0x21, 0x02
    .byte 0x2c, 0x01, 0x00, 0x00, 0x00, 0x15, 0x10, 0x18, 0x70, 0x17, 0x00, 0x15, 0x11, 0x18, 0x70, 0x17
    .byte 0x00, 0x2c, 0x00, 0x20, 0x00, 0x00, 0x2c, 0x01, 0x00, 0x00, 0x00, 0x15, 0x4f, 0x18, 0x70, 0x17
    .byte 0x00, 0x15, 0x07, 0x15, 0x08, 0x2c, 0x1e, 0x00, 0x00, 0x00, 0x15, 0x07, 0x15, 0x08, 0x2c, 0x03
    .byte 0x00, 0x00, 0x00, 0x15, 0x05, 0x20, 0x00, 0x00, 0x2c, 0x2f, 0x00, 0x00, 0x00, 0x15, 0xe0, 0x2c
    .byte 0xff, 0xff, 0xff, 0xff, 0x2c, 0x00, 0x04, 0x00, 0x00, 0x2c, 0xff, 0xff, 0xff, 0xff, 0x2c, 0xff
    .byte 0xff, 0xff, 0xff, 0x2c, 0xff, 0xff, 0xff, 0xff, 0x2c, 0xff, 0xff, 0xff, 0xff, 0x15, 0x00, 0x15
    .byte 0x10, 0x18, 0x70, 0x15, 0x10, 0x18, 0x71, 0x23, 0x10, 0x07, 0x00, 0x80, 0x00, 0x00, 0x00, 0x17
    .byte 0x00, 0x15, 0x1c, 0x15, 0x11, 0x18, 0x70, 0x15, 0x11, 0x18, 0x71, 0x23, 0x10, 0x07, 0x00, 0x80
    .byte 0x00, 0x00, 0x00, 0x17, 0x00, 0x15, 0x1d, 0x2c, 0x01, 0x00, 0x00, 0x00, 0x15, 0x07, 0x15, 0x08
    .byte 0x15, 0x12, 0x18, 0x70, 0x15, 0x10, 0x18, 0x71, 0x09, 0x01, 0x10, 0x00, 0x00, 0x00, 0x17, 0x10
    .byte 0x15, 0x11, 0x18, 0x71, 0x09, 0x01, 0x10, 0x00, 0x00, 0x00, 0x17, 0x10, 0x15, 0x40, 0x18, 0x71
    .byte 0x07, 0x01, 0x10, 0x00, 0x00, 0x00, 0x1a, 0x10, 0x14, 0xfc, 0xf6, 0x21, 0x02, 0x03, 0x00, 0x01
    .byte 0x00, 0x00, 0x00, 0x32, 0x00, 0x00, 0x00, 0x00, 0x00, 0x14, 0xf7, 0xf6, 0x21, 0x02, 0x2c, 0x06
    .byte 0x00, 0x00, 0x00, 0x15, 0x31, 0x18, 0x70, 0x32, 0x00, 0x00, 0x00, 0x00, 0x00, 0x14, 0xf7, 0xf6
    .byte 0x21, 0x02, 0x25, 0xfc, 0xf6, 0x21, 0x02, 0x01, 0xa0, 0xf6, 0x21, 0x02, 0x15, 0x28, 0x20, 0x00
    .byte 0x00, 0x2c, 0x57, 0x00, 0x00, 0x00, 0x15, 0xe0, 0x2c, 0x1e, 0x00, 0x00, 0x00, 0x15, 0x07, 0x15
    .byte 0x08, 0x2c, 0x06, 0x00, 0x00, 0x00, 0x15, 0x31, 0x18, 0x70, 0x13, 0x51, 0xf7, 0x21, 0x02, 0x2c
    .byte 0x02, 0x00, 0x00, 0x00, 0x2c, 0x00, 0x20, 0x00, 0x00, 0x2c, 0x01, 0x00, 0x00, 0x00, 0x20, 0x00
    .byte 0x00, 0x20, 0x00, 0x00, 0x15, 0x4f, 0x18, 0x70, 0x17, 0x00, 0x15, 0x07, 0x15, 0x08, 0x2c, 0x03
    .byte 0x00, 0x00, 0x00, 0x20, 0x00, 0x00, 0x20, 0x00, 0x00, 0x20, 0x00, 0x00, 0x20, 0x00, 0x00, 0x15
    .byte 0x4f, 0x00, 0x2c, 0xaa, 0x0a, 0x00, 0x00, 0x15, 0x37, 0x18, 0x70, 0x32, 0x00, 0x00, 0x00, 0x00
    .byte 0x00, 0x14, 0x0c, 0xf8, 0x21, 0x02, 0x20, 0x00, 0x00, 0x2c, 0xab, 0xe6, 0x21, 0x02, 0x15, 0x39
    .byte 0x20, 0x00, 0x00, 0x15, 0x42, 0x18, 0x70, 0x32, 0x00, 0x00, 0x00, 0x00, 0x00, 0x14, 0x87, 0xf7
    .byte 0x21, 0x02, 0x01, 0x70, 0xf7, 0x21, 0x02, 0x2c, 0x08, 0x00, 0x00, 0x00, 0x2c, 0x66, 0x00, 0x00
    .byte 0x00, 0x15, 0xe0, 0x20, 0x00, 0x00, 0x2c, 0x01, 0x33, 0x00, 0x00, 0x15, 0xe0, 0x2c, 0x2f, 0x10
    .byte 0x00, 0x00, 0x2c, 0x30, 0x10, 0x00, 0x00, 0x2c, 0x31, 0x10, 0x00, 0x00, 0x2c, 0x02, 0x00, 0x00
    .byte 0x00, 0x20, 0x00, 0x00, 0x15, 0x73, 0x2c, 0x38, 0x00, 0x00, 0x00, 0x15, 0x07, 0x15, 0x08, 0x2c
    .byte 0x96, 0x16, 0x00, 0x00, 0x2c, 0x97, 0x16, 0x00, 0x00, 0x2c, 0x98, 0x16, 0x00, 0x00, 0x2c, 0x02
    .byte 0x00, 0x00, 0x00, 0x2c, 0x02, 0x00, 0x00, 0x00, 0x15, 0x73, 0x20, 0x00, 0x00, 0x2c, 0x6b, 0x0a
    .byte 0x22, 0x02, 0x15, 0x39, 0x20, 0x00, 0x00, 0x15, 0x42, 0x18, 0x70, 0x32, 0x00, 0x00, 0x00, 0x00
    .byte 0x00, 0x14, 0xfb, 0xf7, 0x21, 0x02, 0x01, 0xe4, 0xf7, 0x21, 0x02, 0x2c, 0x09, 0x00, 0x00, 0x00
    .byte 0x2c, 0x66, 0x00, 0x00, 0x00, 0x15, 0xe0, 0x25, 0x6a, 0x0a, 0x22, 0x02, 0x2c, 0xb5, 0x0a, 0x00
    .byte 0x00, 0x15, 0x35, 0x20, 0x00, 0x00, 0x2c, 0xab, 0xe6, 0x21, 0x02, 0x15, 0x39, 0x20, 0x00, 0x00
    .byte 0x15, 0x42, 0x18, 0x70, 0x32, 0x00, 0x00, 0x00, 0x00, 0x00, 0x14, 0x34, 0xf8, 0x21, 0x02, 0x01
    .byte 0x1d, 0xf8, 0x21, 0x02, 0x2c, 0x08, 0x00, 0x00, 0x00, 0x2c, 0x66, 0x00, 0x00, 0x00, 0x15, 0xe0
    .byte 0x20, 0x00, 0x00, 0x2c, 0x02, 0x33, 0x00, 0x00, 0x15, 0xe0, 0x2c, 0x2f, 0x10, 0x00, 0x00, 0x2c
    .byte 0x30, 0x10, 0x00, 0x00, 0x2c, 0x31, 0x10, 0x00, 0x00, 0x2c, 0x02, 0x00, 0x00, 0x00, 0x20, 0x00
    .byte 0x00, 0x15, 0x73, 0x15, 0x16, 0x2c, 0x96, 0x16, 0x00, 0x00, 0x2c, 0x97, 0x16, 0x00, 0x00, 0x2c
    .byte 0x98, 0x16, 0x00, 0x00, 0x2c, 0x02, 0x00, 0x00, 0x00, 0x2c, 0x01, 0x00, 0x00, 0x00, 0x15, 0x73
    .byte 0x20, 0x00, 0x00, 0x2c, 0xa3, 0xe6, 0x21, 0x02, 0x15, 0x39, 0x20, 0x00, 0x00, 0x15, 0x42, 0x18
    .byte 0x70, 0x32, 0x00, 0x00, 0x00, 0x00, 0x00, 0x14, 0xa1, 0xf8, 0x21, 0x02, 0x01, 0x8a, 0xf8, 0x21
    .byte 0x02, 0x2c, 0x09, 0x00, 0x00, 0x00, 0x2c, 0x66, 0x00, 0x00, 0x00, 0x15, 0xe0, 0x2c, 0xf5, 0x1f
    .byte 0x00, 0x00, 0x15, 0x41, 0x03, 0x00, 0x09, 0x00, 0x00, 0x00, 0x32, 0x00, 0x01, 0x00, 0x00, 0x00
    .byte 0x14, 0x8e, 0xfa, 0x21, 0x02, 0x2c, 0x03, 0x00, 0x00, 0x00, 0x15, 0xaa, 0x03, 0x00, 0x01, 0x00
    .byte 0x00, 0x00, 0x26, 0x00, 0x66, 0x03, 0x00, 0x00, 0x00, 0x00, 0x00, 0x26, 0x00, 0xd9, 0x03, 0x00
    .byte 0x01, 0x00, 0x00, 0x00, 0x32, 0x00, 0x01, 0x00, 0x00, 0x00, 0x13, 0x00, 0xf9, 0x21, 0x02, 0x03
    .byte 0x00, 0x01, 0x00, 0x00, 0x00, 0x32, 0x00, 0x08, 0x00, 0x00, 0x00, 0x14, 0x0e, 0xf9, 0x21, 0x02
    .byte 0x03, 0x00, 0x03, 0x00, 0x00, 0x00, 0x36, 0x00, 0x00, 0x25, 0x17, 0xf9, 0x21, 0x02, 0x03, 0x00
    .byte 0x03, 0x00, 0x00, 0x00, 0x26, 0x00, 0x63, 0x03, 0x00, 0x01, 0x00, 0x00, 0x00, 0x32, 0x00, 0x01
    .byte 0x00, 0x00, 0x00, 0x14, 0x48, 0xf9, 0x21, 0x02, 0x20, 0x00, 0x00, 0x2c, 0x0f, 0x00, 0x00, 0x00
    .byte 0x15, 0xe0, 0x2c, 0x15, 0x00, 0x00, 0x00, 0x2c, 0x9d, 0x00, 0x00, 0x00, 0x2c, 0x7f, 0x00, 0x00
    .byte 0x00, 0x15, 0x0a, 0x25, 0x68, 0xfa, 0x21, 0x02, 0x03, 0x00, 0x01, 0x00, 0x00, 0x00, 0x32, 0x00
    .byte 0x08, 0x00, 0x00, 0x00, 0x14, 0x79, 0xf9, 0x21, 0x02, 0x20, 0x00, 0x00, 0x2c, 0x0f, 0x00, 0x00
    .byte 0x00, 0x15, 0xe0, 0x2c, 0x15, 0x00, 0x00, 0x00, 0x2c, 0x9c, 0x00, 0x00, 0x00, 0x2c, 0x7f, 0x00
    .byte 0x00, 0x00, 0x15, 0x0a, 0x25, 0x68, 0xfa, 0x21, 0x02, 0x03, 0x00, 0x01, 0x00, 0x00, 0x00, 0x32
    .byte 0x00, 0x03, 0x00, 0x00, 0x00, 0x14, 0xd1, 0xf9, 0x21, 0x02, 0x03, 0x00, 0x00, 0x00, 0x00, 0x00
    .byte 0x32, 0x00, 0x3e, 0x00, 0x00, 0x00, 0x14, 0xbb, 0xf9, 0x21, 0x02, 0x20, 0x00, 0x00, 0x2c, 0x75
    .byte 0x00, 0x00, 0x00, 0x15, 0xe0, 0x2c, 0x15, 0x00, 0x00, 0x00, 0x2c, 0x9d, 0x00, 0x00, 0x00, 0x2c
    .byte 0x7f, 0x00, 0x00, 0x00, 0x15, 0x0a, 0x25, 0xcc, 0xf9, 0x21, 0x02, 0x2c, 0x15, 0x00, 0x00, 0x00
    .byte 0x2c, 0x9d, 0x00, 0x00, 0x00, 0x2c, 0x7f, 0x00, 0x00, 0x00, 0x15, 0x0a, 0x25, 0x68, 0xfa, 0x21
    .byte 0x02, 0x03, 0x00, 0x01, 0x00, 0x00, 0x00, 0x32, 0x00, 0x09, 0x00, 0x00, 0x00, 0x14, 0xf8, 0xf9
    .byte 0x21, 0x02, 0x2c, 0x15, 0x00, 0x00, 0x00, 0x2c, 0x9c, 0x00, 0x00, 0x00, 0x2c, 0x7f, 0x00, 0x00
    .byte 0x00, 0x15, 0x0a, 0x25, 0x68, 0xfa, 0x21, 0x02, 0x03, 0x00, 0x01, 0x00, 0x00, 0x00, 0x32, 0x00
    .byte 0x04, 0x00, 0x00, 0x00, 0x14, 0x1f, 0xfa, 0x21, 0x02, 0x2c, 0x15, 0x00, 0x00, 0x00, 0x2c, 0x9c
    .byte 0x00, 0x00, 0x00, 0x2c, 0x7f, 0x00, 0x00, 0x00, 0x15, 0x0a, 0x25, 0x68, 0xfa, 0x21, 0x02, 0x03
    .byte 0x00, 0x01, 0x00, 0x00, 0x00, 0x32, 0x00, 0x0a, 0x00, 0x00, 0x00, 0x14, 0x46, 0xfa, 0x21, 0x02
    .byte 0x2c, 0x15, 0x00, 0x00, 0x00, 0x2c, 0x9d, 0x00, 0x00, 0x00, 0x2c, 0x7f, 0x00, 0x00, 0x00, 0x15
    .byte 0x0a, 0x25, 0x68, 0xfa, 0x21, 0x02, 0x03, 0x00, 0x01, 0x00, 0x00, 0x00, 0x32, 0x00, 0x0b, 0x00
    .byte 0x00, 0x00, 0x14, 0x68, 0xfa, 0x21, 0x02, 0x2c, 0x15, 0x00, 0x00, 0x00, 0x2c, 0x9c, 0x00, 0x00
    .byte 0x00, 0x2c, 0x7f, 0x00, 0x00, 0x00, 0x15, 0x0a, 0x20, 0x00, 0x00, 0x2c, 0x07, 0xe8, 0x21, 0x02
    .byte 0x15, 0x39, 0x20, 0x00, 0x00, 0x15, 0x42, 0x18, 0x70, 0x32, 0x00, 0x00, 0x00, 0x00, 0x00, 0x14
    .byte 0x89, 0xfa, 0x21, 0x02, 0x01, 0x72, 0xfa, 0x21, 0x02, 0x25, 0x54, 0x0a, 0x22, 0x02, 0x03, 0x00
    .byte 0x09, 0x00, 0x00, 0x00, 0x32, 0x00, 0x08, 0x00, 0x00, 0x00, 0x14, 0x68, 0xfc, 0x21, 0x02, 0x2c
    .byte 0x03, 0x00, 0x00, 0x00, 0x15, 0xaa, 0x03, 0x00, 0x08, 0x00, 0x00, 0x00, 0x26, 0x00, 0x66, 0x03
    .byte 0x00, 0x00, 0x00, 0x00, 0x00, 0x26, 0x00, 0xd9, 0x03, 0x00, 0x08, 0x00, 0x00, 0x00, 0x32, 0x00
    .byte 0x01, 0x00, 0x00, 0x00, 0x13, 0xda, 0xfa, 0x21, 0x02, 0x03, 0x00, 0x08, 0x00, 0x00, 0x00, 0x32
    .byte 0x00, 0x08, 0x00, 0x00, 0x00, 0x14, 0xe8, 0xfa, 0x21, 0x02, 0x03, 0x00, 0x03, 0x00, 0x00, 0x00
    .byte 0x36, 0x00, 0x00, 0x25, 0xf1, 0xfa, 0x21, 0x02, 0x03, 0x00, 0x03, 0x00, 0x00, 0x00, 0x26, 0x00
    .byte 0x63, 0x03, 0x00, 0x08, 0x00, 0x00, 0x00, 0x32, 0x00, 0x01, 0x00, 0x00, 0x00, 0x14, 0x22, 0xfb
    .byte 0x21, 0x02, 0x20, 0x00, 0x00, 0x2c, 0x0f, 0x00, 0x00, 0x00, 0x15, 0xe0, 0x2c, 0x15, 0x00, 0x00
    .byte 0x00, 0x2c, 0x9d, 0x00, 0x00, 0x00, 0x2c, 0x7f, 0x00, 0x00, 0x00, 0x15, 0x0a, 0x25, 0x42, 0xfc
    .byte 0x21, 0x02, 0x03, 0x00, 0x08, 0x00, 0x00, 0x00, 0x32, 0x00, 0x08, 0x00, 0x00, 0x00, 0x14, 0x53
    .byte 0xfb, 0x21, 0x02, 0x20, 0x00, 0x00, 0x2c, 0x0f, 0x00, 0x00, 0x00, 0x15, 0xe0, 0x2c, 0x15, 0x00
    .byte 0x00, 0x00, 0x2c, 0x9c, 0x00, 0x00, 0x00, 0x2c, 0x7f, 0x00, 0x00, 0x00, 0x15, 0x0a, 0x25, 0x42
    .byte 0xfc, 0x21, 0x02, 0x03, 0x00, 0x08, 0x00, 0x00, 0x00, 0x32, 0x00, 0x03, 0x00, 0x00, 0x00, 0x14
    .byte 0xab, 0xfb, 0x21, 0x02, 0x03, 0x00, 0x00, 0x00, 0x00, 0x00, 0x32, 0x00, 0x3e, 0x00, 0x00, 0x00
    .byte 0x14, 0x95, 0xfb, 0x21, 0x02, 0x20, 0x00, 0x00, 0x2c, 0x75, 0x00, 0x00, 0x00, 0x15, 0xe0, 0x2c
    .byte 0x15, 0x00, 0x00, 0x00, 0x2c, 0x9d, 0x00, 0x00, 0x00, 0x2c, 0x7f, 0x00, 0x00, 0x00, 0x15, 0x0a
    .byte 0x25, 0xa6, 0xfb, 0x21, 0x02, 0x2c, 0x15, 0x00, 0x00, 0x00, 0x2c, 0x9d, 0x00, 0x00, 0x00, 0x2c
    .byte 0x7f, 0x00, 0x00, 0x00, 0x15, 0x0a, 0x25, 0x42, 0xfc, 0x21, 0x02, 0x03, 0x00, 0x08, 0x00, 0x00
    .byte 0x00, 0x32, 0x00, 0x09, 0x00, 0x00, 0x00, 0x14, 0xd2, 0xfb, 0x21, 0x02, 0x2c, 0x15, 0x00, 0x00
    .byte 0x00, 0x2c, 0x9c, 0x00, 0x00, 0x00, 0x2c, 0x7f, 0x00, 0x00, 0x00, 0x15, 0x0a, 0x25, 0x42, 0xfc
    .byte 0x21, 0x02, 0x03, 0x00, 0x08, 0x00, 0x00, 0x00, 0x32, 0x00, 0x04, 0x00, 0x00, 0x00, 0x14, 0xf9
    .byte 0xfb, 0x21, 0x02, 0x2c, 0x15, 0x00, 0x00, 0x00, 0x2c, 0x9c, 0x00, 0x00, 0x00, 0x2c, 0x7f, 0x00
    .byte 0x00, 0x00, 0x15, 0x0a, 0x25, 0x42, 0xfc, 0x21, 0x02, 0x03, 0x00, 0x08, 0x00, 0x00, 0x00, 0x32
    .byte 0x00, 0x0a, 0x00, 0x00, 0x00, 0x14, 0x20, 0xfc, 0x21, 0x02, 0x2c, 0x15, 0x00, 0x00, 0x00, 0x2c
    .byte 0x9d, 0x00, 0x00, 0x00, 0x2c, 0x7f, 0x00, 0x00, 0x00, 0x15, 0x0a, 0x25, 0x42, 0xfc, 0x21, 0x02
    .byte 0x03, 0x00, 0x08, 0x00, 0x00, 0x00, 0x32, 0x00, 0x0b, 0x00, 0x00, 0x00, 0x14, 0x42, 0xfc, 0x21
    .byte 0x02, 0x2c, 0x15, 0x00, 0x00, 0x00, 0x2c, 0x9c, 0x00, 0x00, 0x00, 0x2c, 0x7f, 0x00, 0x00, 0x00
    .byte 0x15, 0x0a, 0x20, 0x00, 0x00, 0x2c, 0x07, 0xe8, 0x21, 0x02, 0x15, 0x39, 0x20, 0x00, 0x00, 0x15
    .byte 0x42, 0x18, 0x70, 0x32, 0x00, 0x00, 0x00, 0x00, 0x00, 0x14, 0x63, 0xfc, 0x21, 0x02, 0x01, 0x4c
    .byte 0xfc, 0x21, 0x02, 0x25, 0x54, 0x0a, 0x22, 0x02, 0x03, 0x00, 0x09, 0x00, 0x00, 0x00, 0x32, 0x00
    .byte 0x03, 0x00, 0x00, 0x00, 0x14, 0x1d, 0x06, 0x22, 0x02, 0x03, 0x00, 0x18, 0x01, 0x00, 0x00, 0x32
    .byte 0x00, 0x3e, 0x00, 0x00, 0x00, 0x14, 0x4f, 0x04, 0x22, 0x02, 0x2c, 0x01, 0x00, 0x00, 0x00, 0x15
    .byte 0xe1, 0x03, 0x00, 0x03, 0x00, 0x00, 0x00, 0x26, 0x00, 0x66, 0x03, 0x00, 0x3e, 0x00, 0x00, 0x00
    .byte 0x26, 0x00, 0xd9, 0x03, 0x00, 0x03, 0x00, 0x00, 0x00, 0x32, 0x00, 0x01, 0x00, 0x00, 0x00, 0x13
    .byte 0xc5, 0xfc, 0x21, 0x02, 0x03, 0x00, 0x03, 0x00, 0x00, 0x00, 0x32, 0x00, 0x08, 0x00, 0x00, 0x00
    .byte 0x14, 0xd3, 0xfc, 0x21, 0x02, 0x03, 0x00, 0x01, 0x00, 0x00, 0x00, 0x36, 0x00, 0x00, 0x25, 0xdc
    .byte 0xfc, 0x21, 0x02, 0x03, 0x00, 0x01, 0x00, 0x00, 0x00, 0x26, 0x00, 0x63, 0x03, 0x00, 0x03, 0x00
    .byte 0x00, 0x00, 0x32, 0x00, 0x01, 0x00, 0x00, 0x00, 0x14, 0x0d, 0xfd, 0x21, 0x02, 0x20, 0x00, 0x00
    .byte 0x2c, 0x0f, 0x00, 0x00, 0x00, 0x15, 0xe0, 0x2c, 0x15, 0x00, 0x00, 0x00, 0x2c, 0x9d, 0x00, 0x00
    .byte 0x00, 0x2c, 0x7f, 0x00, 0x00, 0x00, 0x15, 0x0a, 0x25, 0x2d, 0xfe, 0x21, 0x02, 0x03, 0x00, 0x03
    .byte 0x00, 0x00, 0x00, 0x32, 0x00, 0x08, 0x00, 0x00, 0x00, 0x14, 0x3e, 0xfd, 0x21, 0x02, 0x20, 0x00
    .byte 0x00, 0x2c, 0x0f, 0x00, 0x00, 0x00, 0x15, 0xe0, 0x2c, 0x15, 0x00, 0x00, 0x00, 0x2c, 0x9c, 0x00
    .byte 0x00, 0x00, 0x2c, 0x7f, 0x00, 0x00, 0x00, 0x15, 0x0a, 0x25, 0x2d, 0xfe, 0x21, 0x02, 0x03, 0x00
    .byte 0x03, 0x00, 0x00, 0x00, 0x32, 0x00, 0x03, 0x00, 0x00, 0x00, 0x14, 0x96, 0xfd, 0x21, 0x02, 0x03
    .byte 0x00, 0x3e, 0x00, 0x00, 0x00, 0x32, 0x00, 0x3e, 0x00, 0x00, 0x00, 0x14, 0x80, 0xfd, 0x21, 0x02
    .byte 0x20, 0x00, 0x00, 0x2c, 0x75, 0x00, 0x00, 0x00, 0x15, 0xe0, 0x2c, 0x15, 0x00, 0x00, 0x00, 0x2c
    .byte 0x9d, 0x00, 0x00, 0x00, 0x2c, 0x7f, 0x00, 0x00, 0x00, 0x15, 0x0a, 0x25, 0x91, 0xfd, 0x21, 0x02
    .byte 0x2c, 0x15, 0x00, 0x00, 0x00, 0x2c, 0x9d, 0x00, 0x00, 0x00, 0x2c, 0x7f, 0x00, 0x00, 0x00, 0x15
    .byte 0x0a, 0x25, 0x2d, 0xfe, 0x21, 0x02, 0x03, 0x00, 0x03, 0x00, 0x00, 0x00, 0x32, 0x00, 0x09, 0x00
    .byte 0x00, 0x00, 0x14, 0xbd, 0xfd, 0x21, 0x02, 0x2c, 0x15, 0x00, 0x00, 0x00, 0x2c, 0x9c, 0x00, 0x00
    .byte 0x00, 0x2c, 0x7f, 0x00, 0x00, 0x00, 0x15, 0x0a, 0x25, 0x2d, 0xfe, 0x21, 0x02, 0x03, 0x00, 0x03
    .byte 0x00, 0x00, 0x00, 0x32, 0x00, 0x04, 0x00, 0x00, 0x00, 0x14, 0xe4, 0xfd, 0x21, 0x02, 0x2c, 0x15
    .byte 0x00, 0x00, 0x00, 0x2c, 0x9c, 0x00, 0x00, 0x00, 0x2c, 0x7f, 0x00, 0x00, 0x00, 0x15, 0x0a, 0x25
    .byte 0x2d, 0xfe, 0x21, 0x02, 0x03, 0x00, 0x03, 0x00, 0x00, 0x00, 0x32, 0x00, 0x0a, 0x00, 0x00, 0x00
    .byte 0x14, 0x0b, 0xfe, 0x21, 0x02, 0x2c, 0x15, 0x00, 0x00, 0x00, 0x2c, 0x9d, 0x00, 0x00, 0x00, 0x2c
    .byte 0x7f, 0x00, 0x00, 0x00, 0x15, 0x0a, 0x25, 0x2d, 0xfe, 0x21, 0x02, 0x03, 0x00, 0x03, 0x00, 0x00
    .byte 0x00, 0x32, 0x00, 0x0b, 0x00, 0x00, 0x00, 0x14, 0x2d, 0xfe, 0x21, 0x02, 0x2c, 0x15, 0x00, 0x00
    .byte 0x00, 0x2c, 0x9c, 0x00, 0x00, 0x00, 0x2c, 0x7f, 0x00, 0x00, 0x00, 0x15, 0x0a, 0x20, 0x00, 0x00
    .byte 0x2c, 0x07, 0xe8, 0x21, 0x02, 0x15, 0x39, 0x20, 0x00, 0x00, 0x15, 0x42, 0x18, 0x70, 0x32, 0x00
    .byte 0x00, 0x00, 0x00, 0x00, 0x14, 0x4e, 0xfe, 0x21, 0x02, 0x01, 0x37, 0xfe, 0x21, 0x02, 0x15, 0x63
    .byte 0x18, 0x70, 0x32, 0x00, 0x0c, 0x00, 0x00, 0x00, 0x14, 0x4c, 0x00, 0x22, 0x02, 0x20, 0x00, 0x00
    .byte 0x2c, 0x18, 0xe6, 0x21, 0x02, 0x15, 0x39, 0x20, 0x00, 0x00, 0x15, 0x42, 0x18, 0x70, 0x32, 0x00
    .byte 0x00, 0x00, 0x00, 0x00, 0x14, 0x7e, 0xfe, 0x21, 0x02, 0x01, 0x67, 0xfe, 0x21, 0x02, 0x03, 0x00
    .byte 0x09, 0x00, 0x00, 0x00, 0x26, 0x00, 0x66, 0x03, 0x00, 0x61, 0x01, 0x00, 0x00, 0x26, 0x00, 0xd9
    .byte 0x03, 0x00, 0x09, 0x00, 0x00, 0x00, 0x32, 0x00, 0x01, 0x00, 0x00, 0x00, 0x13, 0xb2, 0xfe, 0x21
    .byte 0x02, 0x03, 0x00, 0x09, 0x00, 0x00, 0x00, 0x32, 0x00, 0x08, 0x00, 0x00, 0x00, 0x14, 0xc0, 0xfe
    .byte 0x21, 0x02, 0x03, 0x00, 0x01, 0x00, 0x00, 0x00, 0x36, 0x00, 0x00, 0x25, 0xc9, 0xfe, 0x21, 0x02
    .byte 0x03, 0x00, 0x01, 0x00, 0x00, 0x00, 0x26, 0x00, 0x63, 0x03, 0x00, 0x09, 0x00, 0x00, 0x00, 0x32
    .byte 0x00, 0x01, 0x00, 0x00, 0x00, 0x14, 0xfa, 0xfe, 0x21, 0x02, 0x20, 0x00, 0x00, 0x2c, 0x0f, 0x00
    .byte 0x00, 0x00, 0x15, 0xe0, 0x2c, 0x15, 0x00, 0x00, 0x00, 0x2c, 0x9d, 0x00, 0x00, 0x00, 0x2c, 0x7f
    .byte 0x00, 0x00, 0x00, 0x15, 0x0a, 0x25, 0x1a, 0x00, 0x22, 0x02, 0x03, 0x00, 0x09, 0x00, 0x00, 0x00
    .byte 0x32, 0x00, 0x08, 0x00, 0x00, 0x00, 0x14, 0x2b, 0xff, 0x21, 0x02, 0x20, 0x00, 0x00, 0x2c, 0x0f
    .byte 0x00, 0x00, 0x00, 0x15, 0xe0, 0x2c, 0x15, 0x00, 0x00, 0x00, 0x2c, 0x9c, 0x00, 0x00, 0x00, 0x2c
    .byte 0x7f, 0x00, 0x00, 0x00, 0x15, 0x0a, 0x25, 0x1a, 0x00, 0x22, 0x02, 0x03, 0x00, 0x09, 0x00, 0x00
    .byte 0x00, 0x32, 0x00, 0x03, 0x00, 0x00, 0x00, 0x14, 0x83, 0xff, 0x21, 0x02, 0x03, 0x00, 0x61, 0x01
    .byte 0x00, 0x00, 0x32, 0x00, 0x3e, 0x00, 0x00, 0x00, 0x14, 0x6d, 0xff, 0x21, 0x02, 0x20, 0x00, 0x00
    .byte 0x2c, 0x75, 0x00, 0x00, 0x00, 0x15, 0xe0, 0x2c, 0x15, 0x00, 0x00, 0x00, 0x2c, 0x9d, 0x00, 0x00
    .byte 0x00, 0x2c, 0x7f, 0x00, 0x00, 0x00, 0x15, 0x0a, 0x25, 0x7e, 0xff, 0x21, 0x02, 0x2c, 0x15, 0x00
    .byte 0x00, 0x00, 0x2c, 0x9d, 0x00, 0x00, 0x00, 0x2c, 0x7f, 0x00, 0x00, 0x00, 0x15, 0x0a, 0x25, 0x1a
    .byte 0x00, 0x22, 0x02, 0x03, 0x00, 0x09, 0x00, 0x00, 0x00, 0x32, 0x00, 0x09, 0x00, 0x00, 0x00, 0x14
    .byte 0xaa, 0xff, 0x21, 0x02, 0x2c, 0x15, 0x00, 0x00, 0x00, 0x2c, 0x9c, 0x00, 0x00, 0x00, 0x2c, 0x7f
    .byte 0x00, 0x00, 0x00, 0x15, 0x0a, 0x25, 0x1a, 0x00, 0x22, 0x02, 0x03, 0x00, 0x09, 0x00, 0x00, 0x00
    .byte 0x32, 0x00, 0x04, 0x00, 0x00, 0x00, 0x14, 0xd1, 0xff, 0x21, 0x02, 0x2c, 0x15, 0x00, 0x00, 0x00
    .byte 0x2c, 0x9c, 0x00, 0x00, 0x00, 0x2c, 0x7f, 0x00, 0x00, 0x00, 0x15, 0x0a, 0x25, 0x1a, 0x00, 0x22
    .byte 0x02, 0x03, 0x00, 0x09, 0x00, 0x00, 0x00, 0x32, 0x00, 0x0a, 0x00, 0x00, 0x00, 0x14, 0xf8, 0xff
    .byte 0x21, 0x02, 0x2c, 0x15, 0x00, 0x00, 0x00, 0x2c, 0x9d, 0x00, 0x00, 0x00, 0x2c, 0x7f, 0x00, 0x00
    .byte 0x00, 0x15, 0x0a, 0x25, 0x1a, 0x00, 0x22, 0x02, 0x03, 0x00, 0x09, 0x00, 0x00, 0x00, 0x32, 0x00
    .byte 0x0b, 0x00, 0x00, 0x00, 0x14, 0x1a, 0x00, 0x22, 0x02, 0x2c, 0x15, 0x00, 0x00, 0x00, 0x2c, 0x9c
    .byte 0x00, 0x00, 0x00, 0x2c, 0x7f, 0x00, 0x00, 0x00, 0x15, 0x0a, 0x20, 0x00, 0x00, 0x2c, 0x07, 0xe8
    .byte 0x21, 0x02, 0x15, 0x39, 0x20, 0x00, 0x00, 0x15, 0x42, 0x18, 0x70, 0x32, 0x00, 0x00, 0x00, 0x00
    .byte 0x00, 0x14, 0x3b, 0x00, 0x22, 0x02, 0x01, 0x24, 0x00, 0x22, 0x02, 0x2c, 0x61, 0x01, 0x00, 0x00
    .byte 0x2c, 0x01, 0x00, 0x00, 0x00, 0x15, 0x76, 0x25, 0x43, 0x04, 0x22, 0x02, 0x15, 0x63, 0x18, 0x70
    .byte 0x32, 0x00, 0x13, 0x00, 0x00, 0x00, 0x14, 0x4a, 0x02, 0x22, 0x02, 0x20, 0x00, 0x00, 0x2c, 0x18
    .byte 0xe6, 0x21, 0x02, 0x15, 0x39, 0x20, 0x00, 0x00, 0x15, 0x42, 0x18, 0x70, 0x32, 0x00, 0x00, 0x00
    .byte 0x00, 0x00, 0x14, 0x7c, 0x00, 0x22, 0x02, 0x01, 0x65, 0x00, 0x22, 0x02, 0x03, 0x00, 0x09, 0x00
    .byte 0x00, 0x00, 0x26, 0x00, 0x66, 0x03, 0x00, 0x62, 0x01, 0x00, 0x00, 0x26, 0x00, 0xd9, 0x03, 0x00
    .byte 0x09, 0x00, 0x00, 0x00, 0x32, 0x00, 0x01, 0x00, 0x00, 0x00, 0x13, 0xb0, 0x00, 0x22, 0x02, 0x03
    .byte 0x00, 0x09, 0x00, 0x00, 0x00, 0x32, 0x00, 0x08, 0x00, 0x00, 0x00, 0x14, 0xbe, 0x00, 0x22, 0x02
    .byte 0x03, 0x00, 0x01, 0x00, 0x00, 0x00, 0x36, 0x00, 0x00, 0x25, 0xc7, 0x00, 0x22, 0x02, 0x03, 0x00
    .byte 0x01, 0x00, 0x00, 0x00, 0x26, 0x00, 0x63, 0x03, 0x00, 0x09, 0x00, 0x00, 0x00, 0x32, 0x00, 0x01
    .byte 0x00, 0x00, 0x00, 0x14, 0xf8, 0x00, 0x22, 0x02, 0x20, 0x00, 0x00, 0x2c, 0x0f, 0x00, 0x00, 0x00
    .byte 0x15, 0xe0, 0x2c, 0x15, 0x00, 0x00, 0x00, 0x2c, 0x9d, 0x00, 0x00, 0x00, 0x2c, 0x7f, 0x00, 0x00
    .byte 0x00, 0x15, 0x0a, 0x25, 0x18, 0x02, 0x22, 0x02, 0x03, 0x00, 0x09, 0x00, 0x00, 0x00, 0x32, 0x00
    .byte 0x08, 0x00, 0x00, 0x00, 0x14, 0x29, 0x01, 0x22, 0x02, 0x20, 0x00, 0x00, 0x2c, 0x0f, 0x00, 0x00
    .byte 0x00, 0x15, 0xe0, 0x2c, 0x15, 0x00, 0x00, 0x00, 0x2c, 0x9c, 0x00, 0x00, 0x00, 0x2c, 0x7f, 0x00
    .byte 0x00, 0x00, 0x15, 0x0a, 0x25, 0x18, 0x02, 0x22, 0x02, 0x03, 0x00, 0x09, 0x00, 0x00, 0x00, 0x32
    .byte 0x00, 0x03, 0x00, 0x00, 0x00, 0x14, 0x81, 0x01, 0x22, 0x02, 0x03, 0x00, 0x62, 0x01, 0x00, 0x00
    .byte 0x32, 0x00, 0x3e, 0x00, 0x00, 0x00, 0x14, 0x6b, 0x01, 0x22, 0x02, 0x20, 0x00, 0x00, 0x2c, 0x75
    .byte 0x00, 0x00, 0x00, 0x15, 0xe0, 0x2c, 0x15, 0x00, 0x00, 0x00, 0x2c, 0x9d, 0x00, 0x00, 0x00, 0x2c
    .byte 0x7f, 0x00, 0x00, 0x00, 0x15, 0x0a, 0x25, 0x7c, 0x01, 0x22, 0x02, 0x2c, 0x15, 0x00, 0x00, 0x00
    .byte 0x2c, 0x9d, 0x00, 0x00, 0x00, 0x2c, 0x7f, 0x00, 0x00, 0x00, 0x15, 0x0a, 0x25, 0x18, 0x02, 0x22
    .byte 0x02, 0x03, 0x00, 0x09, 0x00, 0x00, 0x00, 0x32, 0x00, 0x09, 0x00, 0x00, 0x00, 0x14, 0xa8, 0x01
    .byte 0x22, 0x02, 0x2c, 0x15, 0x00, 0x00, 0x00, 0x2c, 0x9c, 0x00, 0x00, 0x00, 0x2c, 0x7f, 0x00, 0x00
    .byte 0x00, 0x15, 0x0a, 0x25, 0x18, 0x02, 0x22, 0x02, 0x03, 0x00, 0x09, 0x00, 0x00, 0x00, 0x32, 0x00
    .byte 0x04, 0x00, 0x00, 0x00, 0x14, 0xcf, 0x01, 0x22, 0x02, 0x2c, 0x15, 0x00, 0x00, 0x00, 0x2c, 0x9c
    .byte 0x00, 0x00, 0x00, 0x2c, 0x7f, 0x00, 0x00, 0x00, 0x15, 0x0a, 0x25, 0x18, 0x02, 0x22, 0x02, 0x03
    .byte 0x00, 0x09, 0x00, 0x00, 0x00, 0x32, 0x00, 0x0a, 0x00, 0x00, 0x00, 0x14, 0xf6, 0x01, 0x22, 0x02
    .byte 0x2c, 0x15, 0x00, 0x00, 0x00, 0x2c, 0x9d, 0x00, 0x00, 0x00, 0x2c, 0x7f, 0x00, 0x00, 0x00, 0x15
    .byte 0x0a, 0x25, 0x18, 0x02, 0x22, 0x02, 0x03, 0x00, 0x09, 0x00, 0x00, 0x00, 0x32, 0x00, 0x0b, 0x00
    .byte 0x00, 0x00, 0x14, 0x18, 0x02, 0x22, 0x02, 0x2c, 0x15, 0x00, 0x00, 0x00, 0x2c, 0x9c, 0x00, 0x00
    .byte 0x00, 0x2c, 0x7f, 0x00, 0x00, 0x00, 0x15, 0x0a, 0x20, 0x00, 0x00, 0x2c, 0x07, 0xe8, 0x21, 0x02
    .byte 0x15, 0x39, 0x20, 0x00, 0x00, 0x15, 0x42, 0x18, 0x70, 0x32, 0x00, 0x00, 0x00, 0x00, 0x00, 0x14
    .byte 0x39, 0x02, 0x22, 0x02, 0x01, 0x22, 0x02, 0x22, 0x02, 0x2c, 0x62, 0x01, 0x00, 0x00, 0x2c, 0x01
    .byte 0x00, 0x00, 0x00, 0x15, 0x76, 0x25, 0x43, 0x04, 0x22, 0x02, 0x15, 0x63, 0x18, 0x70, 0x32, 0x00
    .byte 0x17, 0x00, 0x00, 0x00, 0x14, 0x43, 0x04, 0x22, 0x02, 0x20, 0x00, 0x00, 0x2c, 0x18, 0xe6, 0x21
    .byte 0x02, 0x15, 0x39, 0x20, 0x00, 0x00, 0x15, 0x42, 0x18, 0x70, 0x32, 0x00, 0x00, 0x00, 0x00, 0x00
    .byte 0x14, 0x7a, 0x02, 0x22, 0x02, 0x01, 0x63, 0x02, 0x22, 0x02, 0x03, 0x00, 0x09, 0x00, 0x00, 0x00
    .byte 0x26, 0x00, 0x66, 0x03, 0x00, 0x63, 0x01, 0x00, 0x00, 0x26, 0x00, 0xd9, 0x03, 0x00, 0x09, 0x00
    .byte 0x00, 0x00, 0x32, 0x00, 0x01, 0x00, 0x00, 0x00, 0x13, 0xae, 0x02, 0x22, 0x02, 0x03, 0x00, 0x09
    .byte 0x00, 0x00, 0x00, 0x32, 0x00, 0x08, 0x00, 0x00, 0x00, 0x14, 0xbc, 0x02, 0x22, 0x02, 0x03, 0x00
    .byte 0x01, 0x00, 0x00, 0x00, 0x36, 0x00, 0x00, 0x25, 0xc5, 0x02, 0x22, 0x02, 0x03, 0x00, 0x01, 0x00
    .byte 0x00, 0x00, 0x26, 0x00, 0x63, 0x03, 0x00, 0x09, 0x00, 0x00, 0x00, 0x32, 0x00, 0x01, 0x00, 0x00
    .byte 0x00, 0x14, 0xf6, 0x02, 0x22, 0x02, 0x20, 0x00, 0x00, 0x2c, 0x0f, 0x00, 0x00, 0x00, 0x15, 0xe0
    .byte 0x2c, 0x15, 0x00, 0x00, 0x00, 0x2c, 0x9d, 0x00, 0x00, 0x00, 0x2c, 0x7f, 0x00, 0x00, 0x00, 0x15
    .byte 0x0a, 0x25, 0x16, 0x04, 0x22, 0x02, 0x03, 0x00, 0x09, 0x00, 0x00, 0x00, 0x32, 0x00, 0x08, 0x00
    .byte 0x00, 0x00, 0x14, 0x27, 0x03, 0x22, 0x02, 0x20, 0x00, 0x00, 0x2c, 0x0f, 0x00, 0x00, 0x00, 0x15
    .byte 0xe0, 0x2c, 0x15, 0x00, 0x00, 0x00, 0x2c, 0x9c, 0x00, 0x00, 0x00, 0x2c, 0x7f, 0x00, 0x00, 0x00
    .byte 0x15, 0x0a, 0x25, 0x16, 0x04, 0x22, 0x02, 0x03, 0x00, 0x09, 0x00, 0x00, 0x00, 0x32, 0x00, 0x03
    .byte 0x00, 0x00, 0x00, 0x14, 0x7f, 0x03, 0x22, 0x02, 0x03, 0x00, 0x63, 0x01, 0x00, 0x00, 0x32, 0x00
    .byte 0x3e, 0x00, 0x00, 0x00, 0x14, 0x69, 0x03, 0x22, 0x02, 0x20, 0x00, 0x00, 0x2c, 0x75, 0x00, 0x00
    .byte 0x00, 0x15, 0xe0, 0x2c, 0x15, 0x00, 0x00, 0x00, 0x2c, 0x9d, 0x00, 0x00, 0x00, 0x2c, 0x7f, 0x00
    .byte 0x00, 0x00, 0x15, 0x0a, 0x25, 0x7a, 0x03, 0x22, 0x02, 0x2c, 0x15, 0x00, 0x00, 0x00, 0x2c, 0x9d
    .byte 0x00, 0x00, 0x00, 0x2c, 0x7f, 0x00, 0x00, 0x00, 0x15, 0x0a, 0x25, 0x16, 0x04, 0x22, 0x02, 0x03
    .byte 0x00, 0x09, 0x00, 0x00, 0x00, 0x32, 0x00, 0x09, 0x00, 0x00, 0x00, 0x14, 0xa6, 0x03, 0x22, 0x02
    .byte 0x2c, 0x15, 0x00, 0x00, 0x00, 0x2c, 0x9c, 0x00, 0x00, 0x00, 0x2c, 0x7f, 0x00, 0x00, 0x00, 0x15
    .byte 0x0a, 0x25, 0x16, 0x04, 0x22, 0x02, 0x03, 0x00, 0x09, 0x00, 0x00, 0x00, 0x32, 0x00, 0x04, 0x00
    .byte 0x00, 0x00, 0x14, 0xcd, 0x03, 0x22, 0x02, 0x2c, 0x15, 0x00, 0x00, 0x00, 0x2c, 0x9c, 0x00, 0x00
    .byte 0x00, 0x2c, 0x7f, 0x00, 0x00, 0x00, 0x15, 0x0a, 0x25, 0x16, 0x04, 0x22, 0x02, 0x03, 0x00, 0x09
    .byte 0x00, 0x00, 0x00, 0x32, 0x00, 0x0a, 0x00, 0x00, 0x00, 0x14, 0xf4, 0x03, 0x22, 0x02, 0x2c, 0x15
    .byte 0x00, 0x00, 0x00, 0x2c, 0x9d, 0x00, 0x00, 0x00, 0x2c, 0x7f, 0x00, 0x00, 0x00, 0x15, 0x0a, 0x25
    .byte 0x16, 0x04, 0x22, 0x02, 0x03, 0x00, 0x09, 0x00, 0x00, 0x00, 0x32, 0x00, 0x0b, 0x00, 0x00, 0x00
    .byte 0x14, 0x16, 0x04, 0x22, 0x02, 0x2c, 0x15, 0x00, 0x00, 0x00, 0x2c, 0x9c, 0x00, 0x00, 0x00, 0x2c
    .byte 0x7f, 0x00, 0x00, 0x00, 0x15, 0x0a, 0x20, 0x00, 0x00, 0x2c, 0x07, 0xe8, 0x21, 0x02, 0x15, 0x39
    .byte 0x20, 0x00, 0x00, 0x15, 0x42, 0x18, 0x70, 0x32, 0x00, 0x00, 0x00, 0x00, 0x00, 0x14, 0x37, 0x04
    .byte 0x22, 0x02, 0x01, 0x20, 0x04, 0x22, 0x02, 0x2c, 0x63, 0x01, 0x00, 0x00, 0x2c, 0x01, 0x00, 0x00
    .byte 0x00, 0x15, 0x76, 0x20, 0x00, 0x00, 0x15, 0x07, 0x15, 0x08, 0x25, 0x18, 0x06, 0x22, 0x02, 0x2c
    .byte 0x18, 0x01, 0x00, 0x00, 0x2c, 0x03, 0x00, 0x00, 0x00, 0x15, 0x76, 0x03, 0x00, 0x09, 0x00, 0x00
    .byte 0x00, 0x26, 0x00, 0x66, 0x03, 0x00, 0x18, 0x01, 0x00, 0x00, 0x26, 0x00, 0xd9, 0x03, 0x00, 0x09
    .byte 0x00, 0x00, 0x00, 0x32, 0x00, 0x01, 0x00, 0x00, 0x00, 0x13, 0x8f, 0x04, 0x22, 0x02, 0x03, 0x00
    .byte 0x09, 0x00, 0x00, 0x00, 0x32, 0x00, 0x08, 0x00, 0x00, 0x00, 0x14, 0x9d, 0x04, 0x22, 0x02, 0x03
    .byte 0x00, 0x03, 0x00, 0x00, 0x00, 0x36, 0x00, 0x00, 0x25, 0xa6, 0x04, 0x22, 0x02, 0x03, 0x00, 0x03
    .byte 0x00, 0x00, 0x00, 0x26, 0x00, 0x63, 0x03, 0x00, 0x09, 0x00, 0x00, 0x00, 0x32, 0x00, 0x01, 0x00
    .byte 0x00, 0x00, 0x14, 0xd7, 0x04, 0x22, 0x02, 0x20, 0x00, 0x00, 0x2c, 0x0f, 0x00, 0x00, 0x00, 0x15
    .byte 0xe0, 0x2c, 0x15, 0x00, 0x00, 0x00, 0x2c, 0x9d, 0x00, 0x00, 0x00, 0x2c, 0x7f, 0x00, 0x00, 0x00
    .byte 0x15, 0x0a, 0x25, 0xf7, 0x05, 0x22, 0x02, 0x03, 0x00, 0x09, 0x00, 0x00, 0x00, 0x32, 0x00, 0x08
    .byte 0x00, 0x00, 0x00, 0x14, 0x08, 0x05, 0x22, 0x02, 0x20, 0x00, 0x00, 0x2c, 0x0f, 0x00, 0x00, 0x00
    .byte 0x15, 0xe0, 0x2c, 0x15, 0x00, 0x00, 0x00, 0x2c, 0x9c, 0x00, 0x00, 0x00, 0x2c, 0x7f, 0x00, 0x00
    .byte 0x00, 0x15, 0x0a, 0x25, 0xf7, 0x05, 0x22, 0x02, 0x03, 0x00, 0x09, 0x00, 0x00, 0x00, 0x32, 0x00
    .byte 0x03, 0x00, 0x00, 0x00, 0x14, 0x60, 0x05, 0x22, 0x02, 0x03, 0x00, 0x18, 0x01, 0x00, 0x00, 0x32
    .byte 0x00, 0x3e, 0x00, 0x00, 0x00, 0x14, 0x4a, 0x05, 0x22, 0x02, 0x20, 0x00, 0x00, 0x2c, 0x75, 0x00
    .byte 0x00, 0x00, 0x15, 0xe0, 0x2c, 0x15, 0x00, 0x00, 0x00, 0x2c, 0x9d, 0x00, 0x00, 0x00, 0x2c, 0x7f
    .byte 0x00, 0x00, 0x00, 0x15, 0x0a, 0x25, 0x5b, 0x05, 0x22, 0x02, 0x2c, 0x15, 0x00, 0x00, 0x00, 0x2c
    .byte 0x9d, 0x00, 0x00, 0x00, 0x2c, 0x7f, 0x00, 0x00, 0x00, 0x15, 0x0a, 0x25, 0xf7, 0x05, 0x22, 0x02
    .byte 0x03, 0x00, 0x09, 0x00, 0x00, 0x00, 0x32, 0x00, 0x09, 0x00, 0x00, 0x00, 0x14, 0x87, 0x05, 0x22
    .byte 0x02, 0x2c, 0x15, 0x00, 0x00, 0x00, 0x2c, 0x9c, 0x00, 0x00, 0x00, 0x2c, 0x7f, 0x00, 0x00, 0x00
    .byte 0x15, 0x0a, 0x25, 0xf7, 0x05, 0x22, 0x02, 0x03, 0x00, 0x09, 0x00, 0x00, 0x00, 0x32, 0x00, 0x04
    .byte 0x00, 0x00, 0x00, 0x14, 0xae, 0x05, 0x22, 0x02, 0x2c, 0x15, 0x00, 0x00, 0x00, 0x2c, 0x9c, 0x00
    .byte 0x00, 0x00, 0x2c, 0x7f, 0x00, 0x00, 0x00, 0x15, 0x0a, 0x25, 0xf7, 0x05, 0x22, 0x02, 0x03, 0x00
    .byte 0x09, 0x00, 0x00, 0x00, 0x32, 0x00, 0x0a, 0x00, 0x00, 0x00, 0x14, 0xd5, 0x05, 0x22, 0x02, 0x2c
    .byte 0x15, 0x00, 0x00, 0x00, 0x2c, 0x9d, 0x00, 0x00, 0x00, 0x2c, 0x7f, 0x00, 0x00, 0x00, 0x15, 0x0a
    .byte 0x25, 0xf7, 0x05, 0x22, 0x02, 0x03, 0x00, 0x09, 0x00, 0x00, 0x00, 0x32, 0x00, 0x0b, 0x00, 0x00
    .byte 0x00, 0x14, 0xf7, 0x05, 0x22, 0x02, 0x2c, 0x15, 0x00, 0x00, 0x00, 0x2c, 0x9c, 0x00, 0x00, 0x00
    .byte 0x2c, 0x7f, 0x00, 0x00, 0x00, 0x15, 0x0a, 0x20, 0x00, 0x00, 0x2c, 0x07, 0xe8, 0x21, 0x02, 0x15
    .byte 0x39, 0x20, 0x00, 0x00, 0x15, 0x42, 0x18, 0x70, 0x32, 0x00, 0x00, 0x00, 0x00, 0x00, 0x14, 0x18
    .byte 0x06, 0x22, 0x02, 0x01, 0x01, 0x06, 0x22, 0x02, 0x25, 0x54, 0x0a, 0x22, 0x02, 0x03, 0x00, 0x09
    .byte 0x00, 0x00, 0x00, 0x32, 0x00, 0x09, 0x00, 0x00, 0x00, 0x14, 0xfc, 0x07, 0x22, 0x02, 0x2c, 0x18
    .byte 0x01, 0x00, 0x00, 0x2c, 0x03, 0x00, 0x00, 0x00, 0x15, 0x76, 0x03, 0x00, 0x09, 0x00, 0x00, 0x00
    .byte 0x26, 0x00, 0x66, 0x03, 0x00, 0x18, 0x01, 0x00, 0x00, 0x26, 0x00, 0xd9, 0x03, 0x00, 0x09, 0x00
    .byte 0x00, 0x00, 0x32, 0x00, 0x01, 0x00, 0x00, 0x00, 0x13, 0x6e, 0x06, 0x22, 0x02, 0x03, 0x00, 0x09
    .byte 0x00, 0x00, 0x00, 0x32, 0x00, 0x08, 0x00, 0x00, 0x00, 0x14, 0x7c, 0x06, 0x22, 0x02, 0x03, 0x00
    .byte 0x03, 0x00, 0x00, 0x00, 0x36, 0x00, 0x00, 0x25, 0x85, 0x06, 0x22, 0x02, 0x03, 0x00, 0x03, 0x00
    .byte 0x00, 0x00, 0x26, 0x00, 0x63, 0x03, 0x00, 0x09, 0x00, 0x00, 0x00, 0x32, 0x00, 0x01, 0x00, 0x00
    .byte 0x00, 0x14, 0xb6, 0x06, 0x22, 0x02, 0x20, 0x00, 0x00, 0x2c, 0x0f, 0x00, 0x00, 0x00, 0x15, 0xe0
    .byte 0x2c, 0x15, 0x00, 0x00, 0x00, 0x2c, 0x9d, 0x00, 0x00, 0x00, 0x2c, 0x7f, 0x00, 0x00, 0x00, 0x15
    .byte 0x0a, 0x25, 0xd6, 0x07, 0x22, 0x02, 0x03, 0x00, 0x09, 0x00, 0x00, 0x00, 0x32, 0x00, 0x08, 0x00
    .byte 0x00, 0x00, 0x14, 0xe7, 0x06, 0x22, 0x02, 0x20, 0x00, 0x00, 0x2c, 0x0f, 0x00, 0x00, 0x00, 0x15
    .byte 0xe0, 0x2c, 0x15, 0x00, 0x00, 0x00, 0x2c, 0x9c, 0x00, 0x00, 0x00, 0x2c, 0x7f, 0x00, 0x00, 0x00
    .byte 0x15, 0x0a, 0x25, 0xd6, 0x07, 0x22, 0x02, 0x03, 0x00, 0x09, 0x00, 0x00, 0x00, 0x32, 0x00, 0x03
    .byte 0x00, 0x00, 0x00, 0x14, 0x3f, 0x07, 0x22, 0x02, 0x03, 0x00, 0x18, 0x01, 0x00, 0x00, 0x32, 0x00
    .byte 0x3e, 0x00, 0x00, 0x00, 0x14, 0x29, 0x07, 0x22, 0x02, 0x20, 0x00, 0x00, 0x2c, 0x75, 0x00, 0x00
    .byte 0x00, 0x15, 0xe0, 0x2c, 0x15, 0x00, 0x00, 0x00, 0x2c, 0x9d, 0x00, 0x00, 0x00, 0x2c, 0x7f, 0x00
    .byte 0x00, 0x00, 0x15, 0x0a, 0x25, 0x3a, 0x07, 0x22, 0x02, 0x2c, 0x15, 0x00, 0x00, 0x00, 0x2c, 0x9d
    .byte 0x00, 0x00, 0x00, 0x2c, 0x7f, 0x00, 0x00, 0x00, 0x15, 0x0a, 0x25, 0xd6, 0x07, 0x22, 0x02, 0x03
    .byte 0x00, 0x09, 0x00, 0x00, 0x00, 0x32, 0x00, 0x09, 0x00, 0x00, 0x00, 0x14, 0x66, 0x07, 0x22, 0x02
    .byte 0x2c, 0x15, 0x00, 0x00, 0x00, 0x2c, 0x9c, 0x00, 0x00, 0x00, 0x2c, 0x7f, 0x00, 0x00, 0x00, 0x15
    .byte 0x0a, 0x25, 0xd6, 0x07, 0x22, 0x02, 0x03, 0x00, 0x09, 0x00, 0x00, 0x00, 0x32, 0x00, 0x04, 0x00
    .byte 0x00, 0x00, 0x14, 0x8d, 0x07, 0x22, 0x02, 0x2c, 0x15, 0x00, 0x00, 0x00, 0x2c, 0x9c, 0x00, 0x00
    .byte 0x00, 0x2c, 0x7f, 0x00, 0x00, 0x00, 0x15, 0x0a, 0x25, 0xd6, 0x07, 0x22, 0x02, 0x03, 0x00, 0x09
    .byte 0x00, 0x00, 0x00, 0x32, 0x00, 0x0a, 0x00, 0x00, 0x00, 0x14, 0xb4, 0x07, 0x22, 0x02, 0x2c, 0x15
    .byte 0x00, 0x00, 0x00, 0x2c, 0x9d, 0x00, 0x00, 0x00, 0x2c, 0x7f, 0x00, 0x00, 0x00, 0x15, 0x0a, 0x25
    .byte 0xd6, 0x07, 0x22, 0x02, 0x03, 0x00, 0x09, 0x00, 0x00, 0x00, 0x32, 0x00, 0x0b, 0x00, 0x00, 0x00
    .byte 0x14, 0xd6, 0x07, 0x22, 0x02, 0x2c, 0x15, 0x00, 0x00, 0x00, 0x2c, 0x9c, 0x00, 0x00, 0x00, 0x2c
    .byte 0x7f, 0x00, 0x00, 0x00, 0x15, 0x0a, 0x20, 0x00, 0x00, 0x2c, 0x07, 0xe8, 0x21, 0x02, 0x15, 0x39
    .byte 0x20, 0x00, 0x00, 0x15, 0x42, 0x18, 0x70, 0x32, 0x00, 0x00, 0x00, 0x00, 0x00, 0x14, 0xf7, 0x07
    .byte 0x22, 0x02, 0x01, 0xe0, 0x07, 0x22, 0x02, 0x25, 0x54, 0x0a, 0x22, 0x02, 0x03, 0x00, 0x09, 0x00
    .byte 0x00, 0x00, 0x32, 0x00, 0x04, 0x00, 0x00, 0x00, 0x14, 0x12, 0x0a, 0x22, 0x02, 0x2c, 0x18, 0x01
    .byte 0x00, 0x00, 0x15, 0xde, 0x03, 0x00, 0x04, 0x00, 0x00, 0x00, 0x26, 0x00, 0x66, 0x03, 0x00, 0x18
    .byte 0x01, 0x00, 0x00, 0x26, 0x00, 0xd9, 0x03, 0x00, 0x04, 0x00, 0x00, 0x00, 0x32, 0x00, 0x01, 0x00
    .byte 0x00, 0x00, 0x13, 0x48, 0x08, 0x22, 0x02, 0x03, 0x00, 0x04, 0x00, 0x00, 0x00, 0x32, 0x00, 0x08
    .byte 0x00, 0x00, 0x00, 0x14, 0x56, 0x08, 0x22, 0x02, 0x03, 0x00, 0x01, 0x00, 0x00, 0x00, 0x36, 0x00
    .byte 0x00, 0x25, 0x5f, 0x08, 0x22, 0x02, 0x03, 0x00, 0x01, 0x00, 0x00, 0x00, 0x26, 0x00, 0x63, 0x03
    .byte 0x00, 0x04, 0x00, 0x00, 0x00, 0x32, 0x00, 0x01, 0x00, 0x00, 0x00, 0x14, 0x90, 0x08, 0x22, 0x02
    .byte 0x20, 0x00, 0x00, 0x2c, 0x0f, 0x00, 0x00, 0x00, 0x15, 0xe0, 0x2c, 0x15, 0x00, 0x00, 0x00, 0x2c
    .byte 0x9d, 0x00, 0x00, 0x00, 0x2c, 0x7f, 0x00, 0x00, 0x00, 0x15, 0x0a, 0x25, 0xb0, 0x09, 0x22, 0x02
    .byte 0x03, 0x00, 0x04, 0x00, 0x00, 0x00, 0x32, 0x00, 0x08, 0x00, 0x00, 0x00, 0x14, 0xc1, 0x08, 0x22
    .byte 0x02, 0x20, 0x00, 0x00, 0x2c, 0x0f, 0x00, 0x00, 0x00, 0x15, 0xe0, 0x2c, 0x15, 0x00, 0x00, 0x00
    .byte 0x2c, 0x9c, 0x00, 0x00, 0x00, 0x2c, 0x7f, 0x00, 0x00, 0x00, 0x15, 0x0a, 0x25, 0xb0, 0x09, 0x22
    .byte 0x02, 0x03, 0x00, 0x04, 0x00, 0x00, 0x00, 0x32, 0x00, 0x03, 0x00, 0x00, 0x00, 0x14, 0x19, 0x09
    .byte 0x22, 0x02, 0x03, 0x00, 0x18, 0x01, 0x00, 0x00, 0x32, 0x00, 0x3e, 0x00, 0x00, 0x00, 0x14, 0x03
    .byte 0x09, 0x22, 0x02, 0x20, 0x00, 0x00, 0x2c, 0x75, 0x00, 0x00, 0x00, 0x15, 0xe0, 0x2c, 0x15, 0x00
    .byte 0x00, 0x00, 0x2c, 0x9d, 0x00, 0x00, 0x00, 0x2c, 0x7f, 0x00, 0x00, 0x00, 0x15, 0x0a, 0x25, 0x14
    .byte 0x09, 0x22, 0x02, 0x2c, 0x15, 0x00, 0x00, 0x00, 0x2c, 0x9d, 0x00, 0x00, 0x00, 0x2c, 0x7f, 0x00
    .byte 0x00, 0x00, 0x15, 0x0a, 0x25, 0xb0, 0x09, 0x22, 0x02, 0x03, 0x00, 0x04, 0x00, 0x00, 0x00, 0x32
    .byte 0x00, 0x09, 0x00, 0x00, 0x00, 0x14, 0x40, 0x09, 0x22, 0x02, 0x2c, 0x15, 0x00, 0x00, 0x00, 0x2c
    .byte 0x9c, 0x00, 0x00, 0x00, 0x2c, 0x7f, 0x00, 0x00, 0x00, 0x15, 0x0a, 0x25, 0xb0, 0x09, 0x22, 0x02
    .byte 0x03, 0x00, 0x04, 0x00, 0x00, 0x00, 0x32, 0x00, 0x04, 0x00, 0x00, 0x00, 0x14, 0x67, 0x09, 0x22
    .byte 0x02, 0x2c, 0x15, 0x00, 0x00, 0x00, 0x2c, 0x9c, 0x00, 0x00, 0x00, 0x2c, 0x7f, 0x00, 0x00, 0x00
    .byte 0x15, 0x0a, 0x25, 0xb0, 0x09, 0x22, 0x02, 0x03, 0x00, 0x04, 0x00, 0x00, 0x00, 0x32, 0x00, 0x0a
    .byte 0x00, 0x00, 0x00, 0x14, 0x8e, 0x09, 0x22, 0x02, 0x2c, 0x15, 0x00, 0x00, 0x00, 0x2c, 0x9d, 0x00
    .byte 0x00, 0x00, 0x2c, 0x7f, 0x00, 0x00, 0x00, 0x15, 0x0a, 0x25, 0xb0, 0x09, 0x22, 0x02, 0x03, 0x00
    .byte 0x04, 0x00, 0x00, 0x00, 0x32, 0x00, 0x0b, 0x00, 0x00, 0x00, 0x14, 0xb0, 0x09, 0x22, 0x02, 0x2c
    .byte 0x15, 0x00, 0x00, 0x00, 0x2c, 0x9c, 0x00, 0x00, 0x00, 0x2c, 0x7f, 0x00, 0x00, 0x00, 0x15, 0x0a
    .byte 0x20, 0x00, 0x00, 0x2c, 0x07, 0xe8, 0x21, 0x02, 0x15, 0x39, 0x20, 0x00, 0x00, 0x15, 0x42, 0x18
    .byte 0x70, 0x32, 0x00, 0x00, 0x00, 0x00, 0x00, 0x14, 0xd1, 0x09, 0x22, 0x02, 0x01, 0xba, 0x09, 0x22
    .byte 0x02, 0x2c, 0x98, 0x03, 0x00, 0x00, 0x15, 0x37, 0x18, 0x70, 0x32, 0x00, 0x00, 0x00, 0x00, 0x00
    .byte 0x14, 0x06, 0x0a, 0x22, 0x02, 0x2c, 0x14, 0x00, 0x00, 0x00, 0x15, 0x07, 0x15, 0x08, 0x2c, 0x98
    .byte 0x03, 0x00, 0x00, 0x15, 0x35, 0x2c, 0xb5, 0x03, 0x00, 0x00, 0x15, 0x35, 0x2c, 0x08, 0x00, 0x00
    .byte 0x00, 0x20, 0x00, 0x00, 0x15, 0x78, 0x20, 0x00, 0x00, 0x15, 0x07, 0x15, 0x08, 0x25, 0x54, 0x0a
    .byte 0x22, 0x02, 0x03, 0x00, 0x09, 0x00, 0x00, 0x00, 0x32, 0x00, 0x05, 0x00, 0x00, 0x00, 0x14, 0x54
    .byte 0x0a, 0x22, 0x02, 0x2c, 0x18, 0x01, 0x00, 0x00, 0x15, 0xf7, 0x03, 0x00, 0x18, 0x01, 0x00, 0x00
    .byte 0x26, 0x00, 0xc0, 0x20, 0x00, 0x00, 0x2c, 0x44, 0xe7, 0x21, 0x02, 0x15, 0x39, 0x20, 0x00, 0x00
    .byte 0x15, 0x42, 0x18, 0x70, 0x32, 0x00, 0x00, 0x00, 0x00, 0x00, 0x14, 0x54, 0x0a, 0x22, 0x02, 0x01
    .byte 0x3d, 0x0a, 0x22, 0x02, 0x20, 0x00, 0x00, 0x15, 0x07, 0x15, 0x08, 0x20, 0x00, 0x00, 0x15, 0xd7
    .byte 0x2c, 0x01, 0x00, 0x00, 0x00, 0x20, 0x00, 0x00, 0x15, 0x29, 0x00, 0x2c, 0x01, 0x00, 0x00, 0x00
    .byte 0x15, 0x09, 0x2c, 0x00, 0x10, 0x00, 0x00, 0x2c, 0x01, 0x10, 0x00, 0x00, 0x2c, 0x02, 0x10, 0x00
    .byte 0x00, 0x2c, 0x02, 0x00, 0x00, 0x00, 0x2c, 0x04, 0x00, 0x00, 0x00, 0x15, 0x73, 0x2c, 0x04, 0x00
    .byte 0x00, 0x00, 0x15, 0x05, 0x2c, 0x01, 0x00, 0x00, 0x00, 0x15, 0x25, 0x2c, 0x04, 0x00, 0x00, 0x00
    .byte 0x15, 0x07, 0x15, 0x08, 0x2c, 0x03, 0x00, 0x00, 0x00, 0x15, 0x05, 0x2c, 0x01, 0x00, 0x00, 0x00
    .byte 0x15, 0x25, 0x2c, 0x04, 0x00, 0x00, 0x00, 0x15, 0x07, 0x15, 0x08, 0x2c, 0x02, 0x00, 0x00, 0x00
    .byte 0x15, 0x05, 0x2c, 0x01, 0x00, 0x00, 0x00, 0x15, 0x25, 0x2c, 0x04, 0x00, 0x00, 0x00, 0x15, 0x07
    .byte 0x15, 0x08, 0x2c, 0x01, 0x00, 0x00, 0x00, 0x15, 0x05, 0x2c, 0x01, 0x00, 0x00, 0x00, 0x15, 0x25
    .byte 0x2c, 0x04, 0x00, 0x00, 0x00, 0x15, 0x07, 0x15, 0x08, 0x20, 0x00, 0x00, 0x2c, 0x26, 0x00, 0x00
    .byte 0x00, 0x15, 0xe0, 0x2c, 0x15, 0x10, 0x00, 0x00, 0x2c, 0x01, 0x10, 0x00, 0x00, 0x2c, 0x16, 0x10
    .byte 0x00, 0x00, 0x2c, 0x02, 0x00, 0x00, 0x00, 0x2c, 0x0e, 0x00, 0x00, 0x00, 0x15, 0x73, 0x15, 0x16
    .byte 0x2c, 0x14, 0x00, 0x00, 0x00, 0x15, 0x07, 0x15, 0x08, 0x20, 0x00, 0x00, 0x15, 0x75, 0x00, 0x2c
    .byte 0xb4, 0x0a, 0x00, 0x00, 0x15, 0x35, 0x2c, 0x02, 0x00, 0x00, 0x00, 0x15, 0x05, 0x2c, 0x01, 0x00
    .byte 0x00, 0x00, 0x15, 0x09, 0x15, 0x1f, 0x18, 0x70, 0x17, 0x00, 0x15, 0x20, 0x18, 0x70, 0x17, 0x00
    .byte 0x15, 0x1e, 0x18, 0x70, 0x32, 0x00, 0x00, 0x00, 0x00, 0x00, 0x14, 0x66, 0x0b, 0x22, 0x02, 0x03
    .byte 0x00, 0x00, 0x00, 0x00, 0x00, 0x28, 0x00, 0x06, 0x03, 0x00, 0xf8, 0xff, 0xff, 0xff, 0x28, 0x00
    .byte 0x07, 0x25, 0xa4, 0x0c, 0x22, 0x02, 0x15, 0x1f, 0x18, 0x70, 0x17, 0x00, 0x15, 0x20, 0x18, 0x70
    .byte 0x17, 0x00, 0x15, 0x1e, 0x18, 0x70, 0x32, 0x00, 0x01, 0x00, 0x00, 0x00, 0x14, 0x98, 0x0b, 0x22
    .byte 0x02, 0x03, 0x00, 0x06, 0x00, 0x00, 0x00, 0x28, 0x00, 0x06, 0x03, 0x00, 0xfa, 0xff, 0xff, 0xff
    .byte 0x28, 0x00, 0x07, 0x25, 0xa4, 0x0c, 0x22, 0x02, 0x15, 0x1f, 0x18, 0x70, 0x17, 0x00, 0x15, 0x20
    .byte 0x18, 0x70, 0x17, 0x00, 0x15, 0x1e, 0x18, 0x70, 0x32, 0x00, 0x02, 0x00, 0x00, 0x00, 0x14, 0xca
    .byte 0x0b, 0x22, 0x02, 0x03, 0x00, 0x08, 0x00, 0x00, 0x00, 0x28, 0x00, 0x06, 0x03, 0x00, 0x00, 0x00
    .byte 0x00, 0x00, 0x28, 0x00, 0x07, 0x25, 0xa4, 0x0c, 0x22, 0x02, 0x15, 0x1f, 0x18, 0x70, 0x17, 0x00
    .byte 0x15, 0x20, 0x18, 0x70, 0x17, 0x00, 0x15, 0x1e, 0x18, 0x70, 0x32, 0x00, 0x03, 0x00, 0x00, 0x00
    .byte 0x14, 0xfc, 0x0b, 0x22, 0x02, 0x03, 0x00, 0x06, 0x00, 0x00, 0x00, 0x28, 0x00, 0x06, 0x03, 0x00
    .byte 0x06, 0x00, 0x00, 0x00, 0x28, 0x00, 0x07, 0x25, 0xa4, 0x0c, 0x22, 0x02, 0x15, 0x1f, 0x18, 0x70
    .byte 0x17, 0x00, 0x15, 0x20, 0x18, 0x70, 0x17, 0x00, 0x15, 0x1e, 0x18, 0x70, 0x32, 0x00, 0x04, 0x00
    .byte 0x00, 0x00, 0x14, 0x2e, 0x0c, 0x22, 0x02, 0x03, 0x00, 0x00, 0x00, 0x00, 0x00, 0x28, 0x00, 0x06
    .byte 0x03, 0x00, 0x08, 0x00, 0x00, 0x00, 0x28, 0x00, 0x07, 0x25, 0xa4, 0x0c, 0x22, 0x02, 0x15, 0x1f
    .byte 0x18, 0x70, 0x17, 0x00, 0x15, 0x20, 0x18, 0x70, 0x17, 0x00, 0x15, 0x1e, 0x18, 0x70, 0x32, 0x00
    .byte 0x05, 0x00, 0x00, 0x00, 0x14, 0x60, 0x0c, 0x22, 0x02, 0x03, 0x00, 0xfa, 0xff, 0xff, 0xff, 0x28
    .byte 0x00, 0x06, 0x03, 0x00, 0x06, 0x00, 0x00, 0x00, 0x28, 0x00, 0x07, 0x25, 0xa4, 0x0c, 0x22, 0x02
    .byte 0x15, 0x1f, 0x18, 0x70, 0x17, 0x00, 0x15, 0x20, 0x18, 0x70, 0x17, 0x00, 0x15, 0x1e, 0x18, 0x70
    .byte 0x32, 0x00, 0x06, 0x00, 0x00, 0x00, 0x14, 0x92, 0x0c, 0x22, 0x02, 0x03, 0x00, 0xf8, 0xff, 0xff
    .byte 0xff, 0x28, 0x00, 0x06, 0x03, 0x00, 0x00, 0x00, 0x00, 0x00, 0x28, 0x00, 0x07, 0x25, 0xa4, 0x0c
    .byte 0x22, 0x02, 0x03, 0x00, 0xfa, 0xff, 0xff, 0xff, 0x28, 0x00, 0x06, 0x03, 0x00, 0xfa, 0xff, 0xff
    .byte 0xff, 0x28, 0x00, 0x07, 0x2c, 0xff, 0xff, 0xff, 0xff, 0x2c, 0x00, 0x04, 0x00, 0x00, 0x2c, 0xff
    .byte 0xff, 0xff, 0xff, 0x2c, 0xff, 0xff, 0xff, 0xff, 0x2c, 0xff, 0xff, 0xff, 0xff, 0x2c, 0xff, 0xff
    .byte 0xff, 0xff, 0x15, 0x00, 0x15, 0x10, 0x18, 0x70, 0x2b, 0x01, 0x06, 0x04, 0x10, 0x15, 0x10, 0x18
    .byte 0x71, 0x23, 0x10, 0x07, 0x00, 0x80, 0x00, 0x00, 0x00, 0x17, 0x00, 0x15, 0x1c, 0x15, 0x11, 0x18
    .byte 0x70, 0x2b, 0x01, 0x07, 0x04, 0x10, 0x15, 0x11, 0x18, 0x71, 0x23, 0x10, 0x07, 0x00, 0x80, 0x00
    .byte 0x00, 0x00, 0x17, 0x00, 0x15, 0x1d, 0x2c, 0x01, 0x00, 0x00, 0x00, 0x15, 0x07, 0x15, 0x08, 0x15
    .byte 0x12, 0x18, 0x70, 0x15, 0x10, 0x18, 0x71, 0x09, 0x01, 0x10, 0x00, 0x00, 0x00, 0x17, 0x10, 0x15
    .byte 0x11, 0x18, 0x71, 0x09, 0x01, 0x10, 0x00, 0x00, 0x00, 0x17, 0x10, 0x15, 0x40, 0x18, 0x71, 0x07
    .byte 0x01, 0x10, 0x00, 0x00, 0x00, 0x1a, 0x10, 0x14, 0x5b, 0x0d, 0x22, 0x02, 0x03, 0x00, 0x01, 0x00
    .byte 0x00, 0x00, 0x32, 0x00, 0x00, 0x00, 0x00, 0x00, 0x14, 0x56, 0x0d, 0x22, 0x02, 0x2c, 0x06, 0x00
    .byte 0x00, 0x00, 0x15, 0x31, 0x18, 0x70, 0x32, 0x00, 0x00, 0x00, 0x00, 0x00, 0x14, 0x56, 0x0d, 0x22
    .byte 0x02, 0x25, 0x5b, 0x0d, 0x22, 0x02, 0x01, 0xff, 0x0c, 0x22, 0x02, 0x15, 0x28, 0x2c, 0x01, 0x00
    .byte 0x00, 0x00, 0x15, 0x19, 0x2c, 0x01, 0x00, 0x00, 0x00, 0x2c, 0x52, 0xf7, 0x21, 0x02, 0x15, 0x29
    .byte 0x01, 0x3b, 0xf5, 0x21, 0x02, 0x00, 0x29, 0x00, 0x08, 0x32, 0x00, 0x01, 0x00, 0x00, 0x00, 0x14
    .byte 0xed, 0x23, 0x22, 0x02, 0x29, 0x00, 0x09, 0x09, 0x00, 0x10, 0x00, 0x00, 0x00, 0x28, 0x00, 0x00
    .byte 0x29, 0x00, 0x0a, 0x09, 0x00, 0x10, 0x00, 0x00, 0x00, 0x28, 0x00, 0x01, 0x2f, 0x00, 0x15, 0x41
    .byte 0x2f, 0x01, 0x15, 0x41, 0x2f, 0x00, 0x2f, 0x01, 0x15, 0x56, 0x18, 0x70, 0x13, 0xec, 0x0d, 0x22
    .byte 0x02, 0x2f, 0x00, 0x2f, 0x01, 0x2c, 0x27, 0x00, 0x00, 0x00, 0x2c, 0x0b, 0x00, 0x00, 0x00, 0x2c
    .byte 0x28, 0x00, 0x00, 0x00, 0x2c, 0x0c, 0x00, 0x00, 0x00, 0x15, 0x5d, 0x18, 0x70, 0x14, 0xec, 0x0d
    .byte 0x22, 0x02, 0x2c, 0xb4, 0x0a, 0x00, 0x00, 0x15, 0x37, 0x18, 0x70, 0x13, 0xec, 0x0d, 0x22, 0x02
    .byte 0x2c, 0x26, 0x00, 0x00, 0x00, 0x2c, 0x1f, 0x0b, 0x22, 0x02, 0x15, 0x39, 0x2f, 0x00, 0x2f, 0x01
    .byte 0x20, 0x00, 0x00, 0x20, 0x00, 0x00, 0x2c, 0x40, 0x00, 0x00, 0x00, 0x2c, 0x30, 0x00, 0x00, 0x00
    .byte 0x15, 0x5d, 0x18, 0x70, 0x14, 0xd8, 0x23, 0x22, 0x02, 0x2f, 0x00, 0x2f, 0x01, 0x15, 0x56, 0x18
    .byte 0x70, 0x13, 0xd8, 0x23, 0x22, 0x02, 0x2c, 0x64, 0x00, 0x00, 0x00, 0x15, 0x01, 0x18, 0x70, 0x28
    .byte 0x00, 0x02, 0x03, 0x00, 0x16, 0x01, 0x00, 0x00, 0x32, 0x00, 0xff, 0xff, 0xff, 0xff, 0x14, 0xcf
    .byte 0x17, 0x22, 0x02, 0x2b, 0x00, 0x02, 0x34, 0x00, 0x03, 0x00, 0x00, 0x00, 0x14, 0x8f, 0x15, 0x22
    .byte 0x02, 0x2d, 0xfe, 0x15, 0x7c, 0x18, 0x70, 0x31, 0x00, 0x05, 0x00, 0x00, 0x00, 0x14, 0x8f, 0x15
    .byte 0x22, 0x02, 0x29, 0x00, 0xfe, 0x35, 0x00, 0x25, 0x00, 0x00, 0x00, 0x14, 0x8f, 0x15, 0x22, 0x02
    .byte 0x29, 0x00, 0xfe, 0x35, 0x00, 0x4f, 0x00, 0x00, 0x00, 0x14, 0x8f, 0x15, 0x22, 0x02, 0x2d, 0xfe
    .byte 0x15, 0x7c, 0x18, 0x70, 0x31, 0x00, 0x08, 0x00, 0x00, 0x00, 0x14, 0x3d, 0x13, 0x22, 0x02, 0x2c
    .byte 0x02, 0x00, 0x00, 0x00, 0x15, 0x01, 0x18, 0x70, 0x28, 0x00, 0x02, 0x2b, 0x00, 0x02, 0x32, 0x00
    .byte 0x00, 0x00, 0x00, 0x00, 0x14, 0xeb, 0x10, 0x22, 0x02, 0x29, 0x00, 0xff, 0x32, 0x00, 0x00, 0x00
    .byte 0x00, 0x00, 0x14, 0xe5, 0x0e, 0x22, 0x02, 0x2c, 0x01, 0x00, 0x00, 0x00, 0x2c, 0x65, 0x01, 0x00
    .byte 0x00, 0x15, 0x1f, 0x18, 0x70, 0x05, 0x00, 0x00, 0x00, 0x00, 0x00, 0x17, 0x00, 0x15, 0x20, 0x18
    .byte 0x70, 0x05, 0x00, 0x10, 0x00, 0x00, 0x00, 0x17, 0x00, 0x15, 0x27, 0x18, 0x70, 0x17, 0x00, 0x2c
    .byte 0xff, 0xff, 0xff, 0xff, 0x2c, 0xff, 0xff, 0xff, 0xff, 0x2c, 0xff, 0xff, 0xff, 0xff, 0x15, 0x33
    .byte 0x25, 0xe6, 0x10, 0x22, 0x02, 0x29, 0x00, 0xff, 0x32, 0x00, 0x01, 0x00, 0x00, 0x00, 0x14, 0x31
    .byte 0x0f, 0x22, 0x02, 0x2c, 0x01, 0x00, 0x00, 0x00, 0x2c, 0x65, 0x01, 0x00, 0x00, 0x15, 0x1f, 0x18
    .byte 0x70, 0x24, 0x00, 0x0c, 0x00, 0x00, 0x00, 0x17, 0x00, 0x15, 0x20, 0x18, 0x70, 0x05, 0x00, 0x0c
    .byte 0x00, 0x00, 0x00, 0x17, 0x00, 0x15, 0x27, 0x18, 0x70, 0x17, 0x00, 0x2c, 0xff, 0xff, 0xff, 0xff
    .byte 0x2c, 0xff, 0xff, 0xff, 0xff, 0x2c, 0xff, 0xff, 0xff, 0xff, 0x15, 0x33, 0x25, 0xe6, 0x10, 0x22
    .byte 0x02, 0x29, 0x00, 0xff, 0x32, 0x00, 0x02, 0x00, 0x00, 0x00, 0x14, 0x7d, 0x0f, 0x22, 0x02, 0x2c
    .byte 0x01, 0x00, 0x00, 0x00, 0x2c, 0x65, 0x01, 0x00, 0x00, 0x15, 0x1f, 0x18, 0x70, 0x24, 0x00, 0x10
    .byte 0x00, 0x00, 0x00, 0x17, 0x00, 0x15, 0x20, 0x18, 0x70, 0x05, 0x00, 0x00, 0x00, 0x00, 0x00, 0x17
    .byte 0x00, 0x15, 0x27, 0x18, 0x70, 0x17, 0x00, 0x2c, 0xff, 0xff, 0xff, 0xff, 0x2c, 0xff, 0xff, 0xff
    .byte 0xff, 0x2c, 0xff, 0xff, 0xff, 0xff, 0x15, 0x33, 0x25, 0xe6, 0x10, 0x22, 0x02, 0x29, 0x00, 0xff
    .byte 0x32, 0x00, 0x03, 0x00, 0x00, 0x00, 0x14, 0xc9, 0x0f, 0x22, 0x02, 0x2c, 0x01, 0x00, 0x00, 0x00
    .byte 0x2c, 0x65, 0x01, 0x00, 0x00, 0x15, 0x1f, 0x18, 0x70, 0x24, 0x00, 0x0c, 0x00, 0x00, 0x00, 0x17
    .byte 0x00, 0x15, 0x20, 0x18, 0x70, 0x24, 0x00, 0x0c, 0x00, 0x00, 0x00, 0x17, 0x00, 0x15, 0x27, 0x18
    .byte 0x70, 0x17, 0x00, 0x2c, 0xff, 0xff, 0xff, 0xff, 0x2c, 0xff, 0xff, 0xff, 0xff, 0x2c, 0xff, 0xff
    .byte 0xff, 0xff, 0x15, 0x33, 0x25, 0xe6, 0x10, 0x22, 0x02, 0x29, 0x00, 0xff, 0x32, 0x00, 0x04, 0x00
    .byte 0x00, 0x00, 0x14, 0x15, 0x10, 0x22, 0x02, 0x2c, 0x01, 0x00, 0x00, 0x00, 0x2c, 0x65, 0x01, 0x00
    .byte 0x00, 0x15, 0x1f, 0x18, 0x70, 0x05, 0x00, 0x00, 0x00, 0x00, 0x00, 0x17, 0x00, 0x15, 0x20, 0x18
    .byte 0x70, 0x24, 0x00, 0x10, 0x00, 0x00, 0x00, 0x17, 0x00, 0x15, 0x27, 0x18, 0x70, 0x17, 0x00, 0x2c
    .byte 0xff, 0xff, 0xff, 0xff, 0x2c, 0xff, 0xff, 0xff, 0xff, 0x2c, 0xff, 0xff, 0xff, 0xff, 0x15, 0x33
    .byte 0x25, 0xe6, 0x10, 0x22, 0x02, 0x29, 0x00, 0xff, 0x32, 0x00, 0x05, 0x00, 0x00, 0x00, 0x14, 0x61
    .byte 0x10, 0x22, 0x02, 0x2c, 0x01, 0x00, 0x00, 0x00, 0x2c, 0x65, 0x01, 0x00, 0x00, 0x15, 0x1f, 0x18
    .byte 0x70, 0x05, 0x00, 0x0c, 0x00, 0x00, 0x00, 0x17, 0x00, 0x15, 0x20, 0x18, 0x70, 0x24, 0x00, 0x0c
    .byte 0x00, 0x00, 0x00, 0x17, 0x00, 0x15, 0x27, 0x18, 0x70, 0x17, 0x00, 0x2c, 0xff, 0xff, 0xff, 0xff
    .byte 0x2c, 0xff, 0xff, 0xff, 0xff, 0x2c, 0xff, 0xff, 0xff, 0xff, 0x15, 0x33, 0x25, 0xe6, 0x10, 0x22
    .byte 0x02, 0x29, 0x00, 0xff, 0x32, 0x00, 0x06, 0x00, 0x00, 0x00, 0x14, 0xad, 0x10, 0x22, 0x02, 0x2c
    .byte 0x01, 0x00, 0x00, 0x00, 0x2c, 0x65, 0x01, 0x00, 0x00, 0x15, 0x1f, 0x18, 0x70, 0x05, 0x00, 0x10
    .byte 0x00, 0x00, 0x00, 0x17, 0x00, 0x15, 0x20, 0x18, 0x70, 0x05, 0x00, 0x00, 0x00, 0x00, 0x00, 0x17
    .byte 0x00, 0x15, 0x27, 0x18, 0x70, 0x17, 0x00, 0x2c, 0xff, 0xff, 0xff, 0xff, 0x2c, 0xff, 0xff, 0xff
    .byte 0xff, 0x2c, 0xff, 0xff, 0xff, 0xff, 0x15, 0x33, 0x25, 0xe6, 0x10, 0x22, 0x02, 0x2c, 0x01, 0x00
    .byte 0x00, 0x00, 0x2c, 0x65, 0x01, 0x00, 0x00, 0x15, 0x1f, 0x18, 0x70, 0x05, 0x00, 0x0c, 0x00, 0x00
    .byte 0x00, 0x17, 0x00, 0x15, 0x20, 0x18, 0x70, 0x05, 0x00, 0x0c, 0x00, 0x00, 0x00, 0x17, 0x00, 0x15
    .byte 0x27, 0x18, 0x70, 0x17, 0x00, 0x2c, 0xff, 0xff, 0xff, 0xff, 0x2c, 0xff, 0xff, 0xff, 0xff, 0x2c
    .byte 0xff, 0xff, 0xff, 0xff, 0x15, 0x33, 0x25, 0x38, 0x13, 0x22, 0x02, 0x29, 0x00, 0xff, 0x32, 0x00
    .byte 0x00, 0x00, 0x00, 0x00, 0x14, 0x37, 0x11, 0x22, 0x02, 0x2c, 0x01, 0x00, 0x00, 0x00, 0x2c, 0x64
    .byte 0x01, 0x00, 0x00, 0x15, 0x1f, 0x18, 0x70, 0x05, 0x00, 0x00, 0x00, 0x00, 0x00, 0x17, 0x00, 0x15
    .byte 0x20, 0x18, 0x70, 0x05, 0x00, 0x10, 0x00, 0x00, 0x00, 0x17, 0x00, 0x15, 0x27, 0x18, 0x70, 0x17
    .byte 0x00, 0x2c, 0xff, 0xff, 0xff, 0xff, 0x2c, 0xff, 0xff, 0xff, 0xff, 0x2c, 0xff, 0xff, 0xff, 0xff
    .byte 0x15, 0x33, 0x25, 0x38, 0x13, 0x22, 0x02, 0x29, 0x00, 0xff, 0x32, 0x00, 0x01, 0x00, 0x00, 0x00
    .byte 0x14, 0x83, 0x11, 0x22, 0x02, 0x2c, 0x01, 0x00, 0x00, 0x00, 0x2c, 0x64, 0x01, 0x00, 0x00, 0x15
    .byte 0x1f, 0x18, 0x70, 0x24, 0x00, 0x0c, 0x00, 0x00, 0x00, 0x17, 0x00, 0x15, 0x20, 0x18, 0x70, 0x05
    .byte 0x00, 0x0c, 0x00, 0x00, 0x00, 0x17, 0x00, 0x15, 0x27, 0x18, 0x70, 0x17, 0x00, 0x2c, 0xff, 0xff
    .byte 0xff, 0xff, 0x2c, 0xff, 0xff, 0xff, 0xff, 0x2c, 0xff, 0xff, 0xff, 0xff, 0x15, 0x33, 0x25, 0x38
    .byte 0x13, 0x22, 0x02, 0x29, 0x00, 0xff, 0x32, 0x00, 0x02, 0x00, 0x00, 0x00, 0x14, 0xcf, 0x11, 0x22
    .byte 0x02, 0x2c, 0x01, 0x00, 0x00, 0x00, 0x2c, 0x64, 0x01, 0x00, 0x00, 0x15, 0x1f, 0x18, 0x70, 0x24
    .byte 0x00, 0x10, 0x00, 0x00, 0x00, 0x17, 0x00, 0x15, 0x20, 0x18, 0x70, 0x05, 0x00, 0x00, 0x00, 0x00
    .byte 0x00, 0x17, 0x00, 0x15, 0x27, 0x18, 0x70, 0x17, 0x00, 0x2c, 0xff, 0xff, 0xff, 0xff, 0x2c, 0xff
    .byte 0xff, 0xff, 0xff, 0x2c, 0xff, 0xff, 0xff, 0xff, 0x15, 0x33, 0x25, 0x38, 0x13, 0x22, 0x02, 0x29
    .byte 0x00, 0xff, 0x32, 0x00, 0x03, 0x00, 0x00, 0x00, 0x14, 0x1b, 0x12, 0x22, 0x02, 0x2c, 0x01, 0x00
    .byte 0x00, 0x00, 0x2c, 0x64, 0x01, 0x00, 0x00, 0x15, 0x1f, 0x18, 0x70, 0x24, 0x00, 0x0c, 0x00, 0x00
    .byte 0x00, 0x17, 0x00, 0x15, 0x20, 0x18, 0x70, 0x24, 0x00, 0x0c, 0x00, 0x00, 0x00, 0x17, 0x00, 0x15
    .byte 0x27, 0x18, 0x70, 0x17, 0x00, 0x2c, 0xff, 0xff, 0xff, 0xff, 0x2c, 0xff, 0xff, 0xff, 0xff, 0x2c
    .byte 0xff, 0xff, 0xff, 0xff, 0x15, 0x33, 0x25, 0x38, 0x13, 0x22, 0x02, 0x29, 0x00, 0xff, 0x32, 0x00
    .byte 0x04, 0x00, 0x00, 0x00, 0x14, 0x67, 0x12, 0x22, 0x02, 0x2c, 0x01, 0x00, 0x00, 0x00, 0x2c, 0x64
    .byte 0x01, 0x00, 0x00, 0x15, 0x1f, 0x18, 0x70, 0x05, 0x00, 0x00, 0x00, 0x00, 0x00, 0x17, 0x00, 0x15
    .byte 0x20, 0x18, 0x70, 0x24, 0x00, 0x10, 0x00, 0x00, 0x00, 0x17, 0x00, 0x15, 0x27, 0x18, 0x70, 0x17
    .byte 0x00, 0x2c, 0xff, 0xff, 0xff, 0xff, 0x2c, 0xff, 0xff, 0xff, 0xff, 0x2c, 0xff, 0xff, 0xff, 0xff
    .byte 0x15, 0x33, 0x25, 0x38, 0x13, 0x22, 0x02, 0x29, 0x00, 0xff, 0x32, 0x00, 0x05, 0x00, 0x00, 0x00
    .byte 0x14, 0xb3, 0x12, 0x22, 0x02, 0x2c, 0x01, 0x00, 0x00, 0x00, 0x2c, 0x64, 0x01, 0x00, 0x00, 0x15
    .byte 0x1f, 0x18, 0x70, 0x05, 0x00, 0x0c, 0x00, 0x00, 0x00, 0x17, 0x00, 0x15, 0x20, 0x18, 0x70, 0x24
    .byte 0x00, 0x0c, 0x00, 0x00, 0x00, 0x17, 0x00, 0x15, 0x27, 0x18, 0x70, 0x17, 0x00, 0x2c, 0xff, 0xff
    .byte 0xff, 0xff, 0x2c, 0xff, 0xff, 0xff, 0xff, 0x2c, 0xff, 0xff, 0xff, 0xff, 0x15, 0x33, 0x25, 0x38
    .byte 0x13, 0x22, 0x02, 0x29, 0x00, 0xff, 0x32, 0x00, 0x06, 0x00, 0x00, 0x00, 0x14, 0xff, 0x12, 0x22
    .byte 0x02, 0x2c, 0x01, 0x00, 0x00, 0x00, 0x2c, 0x64, 0x01, 0x00, 0x00, 0x15, 0x1f, 0x18, 0x70, 0x05
    .byte 0x00, 0x10, 0x00, 0x00, 0x00, 0x17, 0x00, 0x15, 0x20, 0x18, 0x70, 0x05, 0x00, 0x00, 0x00, 0x00
    .byte 0x00, 0x17, 0x00, 0x15, 0x27, 0x18, 0x70, 0x17, 0x00, 0x2c, 0xff, 0xff, 0xff, 0xff, 0x2c, 0xff
    .byte 0xff, 0xff, 0xff, 0x2c, 0xff, 0xff, 0xff, 0xff, 0x15, 0x33, 0x25, 0x38, 0x13, 0x22, 0x02, 0x2c
    .byte 0x01, 0x00, 0x00, 0x00, 0x2c, 0x64, 0x01, 0x00, 0x00, 0x15, 0x1f, 0x18, 0x70, 0x05, 0x00, 0x0c
    .byte 0x00, 0x00, 0x00, 0x17, 0x00, 0x15, 0x20, 0x18, 0x70, 0x05, 0x00, 0x0c, 0x00, 0x00, 0x00, 0x17
    .byte 0x00, 0x15, 0x27, 0x18, 0x70, 0x17, 0x00, 0x2c, 0xff, 0xff, 0xff, 0xff, 0x2c, 0xff, 0xff, 0xff
    .byte 0xff, 0x2c, 0xff, 0xff, 0xff, 0xff, 0x15, 0x33, 0x25, 0x8a, 0x15, 0x22, 0x02, 0x29, 0x00, 0xff
    .byte 0x32, 0x00, 0x00, 0x00, 0x00, 0x00, 0x14, 0x89, 0x13, 0x22, 0x02, 0x2c, 0x01, 0x00, 0x00, 0x00
    .byte 0x2c, 0x64, 0x01, 0x00, 0x00, 0x15, 0x1f, 0x18, 0x70, 0x05, 0x00, 0x00, 0x00, 0x00, 0x00, 0x17
    .byte 0x00, 0x15, 0x20, 0x18, 0x70, 0x05, 0x00, 0x10, 0x00, 0x00, 0x00, 0x17, 0x00, 0x15, 0x27, 0x18
    .byte 0x70, 0x17, 0x00, 0x2c, 0xff, 0xff, 0xff, 0xff, 0x2c, 0xff, 0xff, 0xff, 0xff, 0x2c, 0xff, 0xff
    .byte 0xff, 0xff, 0x15, 0x33, 0x25, 0x8a, 0x15, 0x22, 0x02, 0x29, 0x00, 0xff, 0x32, 0x00, 0x01, 0x00
    .byte 0x00, 0x00, 0x14, 0xd5, 0x13, 0x22, 0x02, 0x2c, 0x01, 0x00, 0x00, 0x00, 0x2c, 0x64, 0x01, 0x00
    .byte 0x00, 0x15, 0x1f, 0x18, 0x70, 0x24, 0x00, 0x0c, 0x00, 0x00, 0x00, 0x17, 0x00, 0x15, 0x20, 0x18
    .byte 0x70, 0x05, 0x00, 0x0c, 0x00, 0x00, 0x00, 0x17, 0x00, 0x15, 0x27, 0x18, 0x70, 0x17, 0x00, 0x2c
    .byte 0xff, 0xff, 0xff, 0xff, 0x2c, 0xff, 0xff, 0xff, 0xff, 0x2c, 0xff, 0xff, 0xff, 0xff, 0x15, 0x33
    .byte 0x25, 0x8a, 0x15, 0x22, 0x02, 0x29, 0x00, 0xff, 0x32, 0x00, 0x02, 0x00, 0x00, 0x00, 0x14, 0x21
    .byte 0x14, 0x22, 0x02, 0x2c, 0x01, 0x00, 0x00, 0x00, 0x2c, 0x64, 0x01, 0x00, 0x00, 0x15, 0x1f, 0x18
    .byte 0x70, 0x24, 0x00, 0x10, 0x00, 0x00, 0x00, 0x17, 0x00, 0x15, 0x20, 0x18, 0x70, 0x05, 0x00, 0x00
    .byte 0x00, 0x00, 0x00, 0x17, 0x00, 0x15, 0x27, 0x18, 0x70, 0x17, 0x00, 0x2c, 0xff, 0xff, 0xff, 0xff
    .byte 0x2c, 0xff, 0xff, 0xff, 0xff, 0x2c, 0xff, 0xff, 0xff, 0xff, 0x15, 0x33, 0x25, 0x8a, 0x15, 0x22
    .byte 0x02, 0x29, 0x00, 0xff, 0x32, 0x00, 0x03, 0x00, 0x00, 0x00, 0x14, 0x6d, 0x14, 0x22, 0x02, 0x2c
    .byte 0x01, 0x00, 0x00, 0x00, 0x2c, 0x64, 0x01, 0x00, 0x00, 0x15, 0x1f, 0x18, 0x70, 0x24, 0x00, 0x0c
    .byte 0x00, 0x00, 0x00, 0x17, 0x00, 0x15, 0x20, 0x18, 0x70, 0x24, 0x00, 0x0c, 0x00, 0x00, 0x00, 0x17
    .byte 0x00, 0x15, 0x27, 0x18, 0x70, 0x17, 0x00, 0x2c, 0xff, 0xff, 0xff, 0xff, 0x2c, 0xff, 0xff, 0xff
    .byte 0xff, 0x2c, 0xff, 0xff, 0xff, 0xff, 0x15, 0x33, 0x25, 0x8a, 0x15, 0x22, 0x02, 0x29, 0x00, 0xff
    .byte 0x32, 0x00, 0x04, 0x00, 0x00, 0x00, 0x14, 0xb9, 0x14, 0x22, 0x02, 0x2c, 0x01, 0x00, 0x00, 0x00
    .byte 0x2c, 0x64, 0x01, 0x00, 0x00, 0x15, 0x1f, 0x18, 0x70, 0x05, 0x00, 0x00, 0x00, 0x00, 0x00, 0x17
    .byte 0x00, 0x15, 0x20, 0x18, 0x70, 0x24, 0x00, 0x10, 0x00, 0x00, 0x00, 0x17, 0x00, 0x15, 0x27, 0x18
    .byte 0x70, 0x17, 0x00, 0x2c, 0xff, 0xff, 0xff, 0xff, 0x2c, 0xff, 0xff, 0xff, 0xff, 0x2c, 0xff, 0xff
    .byte 0xff, 0xff, 0x15, 0x33, 0x25, 0x8a, 0x15, 0x22, 0x02, 0x29, 0x00, 0xff, 0x32, 0x00, 0x05, 0x00
    .byte 0x00, 0x00, 0x14, 0x05, 0x15, 0x22, 0x02, 0x2c, 0x01, 0x00, 0x00, 0x00, 0x2c, 0x64, 0x01, 0x00
    .byte 0x00, 0x15, 0x1f, 0x18, 0x70, 0x05, 0x00, 0x0c, 0x00, 0x00, 0x00, 0x17, 0x00, 0x15, 0x20, 0x18
    .byte 0x70, 0x24, 0x00, 0x0c, 0x00, 0x00, 0x00, 0x17, 0x00, 0x15, 0x27, 0x18, 0x70, 0x17, 0x00, 0x2c
    .byte 0xff, 0xff, 0xff, 0xff, 0x2c, 0xff, 0xff, 0xff, 0xff, 0x2c, 0xff, 0xff, 0xff, 0xff, 0x15, 0x33
    .byte 0x25, 0x8a, 0x15, 0x22, 0x02, 0x29, 0x00, 0xff, 0x32, 0x00, 0x06, 0x00, 0x00, 0x00, 0x14, 0x51
    .byte 0x15, 0x22, 0x02, 0x2c, 0x01, 0x00, 0x00, 0x00, 0x2c, 0x64, 0x01, 0x00, 0x00, 0x15, 0x1f, 0x18
    .byte 0x70, 0x05, 0x00, 0x10, 0x00, 0x00, 0x00, 0x17, 0x00, 0x15, 0x20, 0x18, 0x70, 0x05, 0x00, 0x00
    .byte 0x00, 0x00, 0x00, 0x17, 0x00, 0x15, 0x27, 0x18, 0x70, 0x17, 0x00, 0x2c, 0xff, 0xff, 0xff, 0xff
    .byte 0x2c, 0xff, 0xff, 0xff, 0xff, 0x2c, 0xff, 0xff, 0xff, 0xff, 0x15, 0x33, 0x25, 0x8a, 0x15, 0x22
    .byte 0x02, 0x2c, 0x01, 0x00, 0x00, 0x00, 0x2c, 0x64, 0x01, 0x00, 0x00, 0x15, 0x1f, 0x18, 0x70, 0x05
    .byte 0x00, 0x0c, 0x00, 0x00, 0x00, 0x17, 0x00, 0x15, 0x20, 0x18, 0x70, 0x05, 0x00, 0x0c, 0x00, 0x00
    .byte 0x00, 0x17, 0x00, 0x15, 0x27, 0x18, 0x70, 0x17, 0x00, 0x2c, 0xff, 0xff, 0xff, 0xff, 0x2c, 0xff
    .byte 0xff, 0xff, 0xff, 0x2c, 0xff, 0xff, 0xff, 0xff, 0x15, 0x33, 0x25, 0xca, 0x17, 0x22, 0x02, 0x2b
    .byte 0x00, 0x02, 0x34, 0x00, 0x19, 0x00, 0x00, 0x00, 0x14, 0xca, 0x17, 0x22, 0x02, 0x29, 0x00, 0xff
    .byte 0x32, 0x00, 0x00, 0x00, 0x00, 0x00, 0x14, 0xe5, 0x15, 0x22, 0x02, 0x2c, 0x01, 0x00, 0x00, 0x00
    .byte 0x15, 0x1f, 0x18, 0x70, 0x05, 0x00, 0x00, 0x00, 0x00, 0x00, 0x17, 0x00, 0x15, 0x20, 0x18, 0x70
    .byte 0x05, 0x00, 0x10, 0x00, 0x00, 0x00, 0x17, 0x00, 0x15, 0x27, 0x18, 0x70, 0x17, 0x00, 0x20, 0x00
    .byte 0x00, 0x20, 0x00, 0x00, 0x2c, 0xf4, 0x01, 0x00, 0x00, 0x2c, 0x2c, 0x01, 0x00, 0x00, 0x15, 0xb2
    .byte 0x25, 0xca, 0x17, 0x22, 0x02, 0x29, 0x00, 0xff, 0x32, 0x00, 0x01, 0x00, 0x00, 0x00, 0x14, 0x2d
    .byte 0x16, 0x22, 0x02, 0x2c, 0x01, 0x00, 0x00, 0x00, 0x15, 0x1f, 0x18, 0x70, 0x24, 0x00, 0x0c, 0x00
    .byte 0x00, 0x00, 0x17, 0x00, 0x15, 0x20, 0x18, 0x70, 0x05, 0x00, 0x0c, 0x00, 0x00, 0x00, 0x17, 0x00
    .byte 0x15, 0x27, 0x18, 0x70, 0x17, 0x00, 0x20, 0x00, 0x00, 0x20, 0x00, 0x00, 0x2c, 0xf4, 0x01, 0x00
    .byte 0x00, 0x2c, 0x2c, 0x01, 0x00, 0x00, 0x15, 0xb2, 0x25, 0xca, 0x17, 0x22, 0x02, 0x29, 0x00, 0xff
    .byte 0x32, 0x00, 0x02, 0x00, 0x00, 0x00, 0x14, 0x75, 0x16, 0x22, 0x02, 0x2c, 0x01, 0x00, 0x00, 0x00
    .byte 0x15, 0x1f, 0x18, 0x70, 0x24, 0x00, 0x10, 0x00, 0x00, 0x00, 0x17, 0x00, 0x15, 0x20, 0x18, 0x70
    .byte 0x05, 0x00, 0x00, 0x00, 0x00, 0x00, 0x17, 0x00, 0x15, 0x27, 0x18, 0x70, 0x17, 0x00, 0x20, 0x00
    .byte 0x00, 0x20, 0x00, 0x00, 0x2c, 0xf4, 0x01, 0x00, 0x00, 0x2c, 0x2c, 0x01, 0x00, 0x00, 0x15, 0xb2
    .byte 0x25, 0xca, 0x17, 0x22, 0x02, 0x29, 0x00, 0xff, 0x32, 0x00, 0x03, 0x00, 0x00, 0x00, 0x14, 0xbd
    .byte 0x16, 0x22, 0x02, 0x2c, 0x01, 0x00, 0x00, 0x00, 0x15, 0x1f, 0x18, 0x70, 0x24, 0x00, 0x0c, 0x00
    .byte 0x00, 0x00, 0x17, 0x00, 0x15, 0x20, 0x18, 0x70, 0x24, 0x00, 0x0c, 0x00, 0x00, 0x00, 0x17, 0x00
    .byte 0x15, 0x27, 0x18, 0x70, 0x17, 0x00, 0x20, 0x00, 0x00, 0x20, 0x00, 0x00, 0x2c, 0xf4, 0x01, 0x00
    .byte 0x00, 0x2c, 0x2c, 0x01, 0x00, 0x00, 0x15, 0xb2, 0x25, 0xca, 0x17, 0x22, 0x02, 0x29, 0x00, 0xff
    .byte 0x32, 0x00, 0x04, 0x00, 0x00, 0x00, 0x14, 0x05, 0x17, 0x22, 0x02, 0x2c, 0x01, 0x00, 0x00, 0x00
    .byte 0x15, 0x1f, 0x18, 0x70, 0x05, 0x00, 0x00, 0x00, 0x00, 0x00, 0x17, 0x00, 0x15, 0x20, 0x18, 0x70
    .byte 0x24, 0x00, 0x10, 0x00, 0x00, 0x00, 0x17, 0x00, 0x15, 0x27, 0x18, 0x70, 0x17, 0x00, 0x20, 0x00
    .byte 0x00, 0x20, 0x00, 0x00, 0x2c, 0xf4, 0x01, 0x00, 0x00, 0x2c, 0x2c, 0x01, 0x00, 0x00, 0x15, 0xb2
    .byte 0x25, 0xca, 0x17, 0x22, 0x02, 0x29, 0x00, 0xff, 0x32, 0x00, 0x05, 0x00, 0x00, 0x00, 0x14, 0x4d
    .byte 0x17, 0x22, 0x02, 0x2c, 0x01, 0x00, 0x00, 0x00, 0x15, 0x1f, 0x18, 0x70, 0x05, 0x00, 0x0c, 0x00
    .byte 0x00, 0x00, 0x17, 0x00, 0x15, 0x20, 0x18, 0x70, 0x24, 0x00, 0x0c, 0x00, 0x00, 0x00, 0x17, 0x00
    .byte 0x15, 0x27, 0x18, 0x70, 0x17, 0x00, 0x20, 0x00, 0x00, 0x20, 0x00, 0x00, 0x2c, 0xf4, 0x01, 0x00
    .byte 0x00, 0x2c, 0x2c, 0x01, 0x00, 0x00, 0x15, 0xb2, 0x25, 0xca, 0x17, 0x22, 0x02, 0x29, 0x00, 0xff
    .byte 0x32, 0x00, 0x06, 0x00, 0x00, 0x00, 0x14, 0x95, 0x17, 0x22, 0x02, 0x2c, 0x01, 0x00, 0x00, 0x00
    .byte 0x15, 0x1f, 0x18, 0x70, 0x05, 0x00, 0x10, 0x00, 0x00, 0x00, 0x17, 0x00, 0x15, 0x20, 0x18, 0x70
    .byte 0x05, 0x00, 0x00, 0x00, 0x00, 0x00, 0x17, 0x00, 0x15, 0x27, 0x18, 0x70, 0x17, 0x00, 0x20, 0x00
    .byte 0x00, 0x20, 0x00, 0x00, 0x2c, 0xf4, 0x01, 0x00, 0x00, 0x2c, 0x2c, 0x01, 0x00, 0x00, 0x15, 0xb2
    .byte 0x25, 0xca, 0x17, 0x22, 0x02, 0x2c, 0x01, 0x00, 0x00, 0x00, 0x15, 0x1f, 0x18, 0x70, 0x05, 0x00
    .byte 0x0c, 0x00, 0x00, 0x00, 0x17, 0x00, 0x15, 0x20, 0x18, 0x70, 0x05, 0x00, 0x0c, 0x00, 0x00, 0x00
    .byte 0x17, 0x00, 0x15, 0x27, 0x18, 0x70, 0x17, 0x00, 0x20, 0x00, 0x00, 0x20, 0x00, 0x00, 0x2c, 0xf4
    .byte 0x01, 0x00, 0x00, 0x2c, 0x2c, 0x01, 0x00, 0x00, 0x15, 0xb2, 0x25, 0xd2, 0x23, 0x22, 0x02, 0x2b
    .byte 0x00, 0x02, 0x34, 0x00, 0x0a, 0x00, 0x00, 0x00, 0x14, 0x2f, 0x1a, 0x22, 0x02, 0x29, 0x00, 0xff
    .byte 0x32, 0x00, 0x00, 0x00, 0x00, 0x00, 0x14, 0x29, 0x18, 0x22, 0x02, 0x2c, 0x01, 0x00, 0x00, 0x00
    .byte 0x2c, 0x16, 0x01, 0x00, 0x00, 0x15, 0x1f, 0x18, 0x70, 0x05, 0x00, 0x00, 0x00, 0x00, 0x00, 0x17
    .byte 0x00, 0x15, 0x20, 0x18, 0x70, 0x05, 0x00, 0x10, 0x00, 0x00, 0x00, 0x17, 0x00, 0x15, 0x27, 0x18
    .byte 0x70, 0x17, 0x00, 0x2c, 0xff, 0xff, 0xff, 0xff, 0x2c, 0xff, 0xff, 0xff, 0xff, 0x2c, 0xff, 0xff
    .byte 0xff, 0xff, 0x15, 0x33, 0x25, 0x2a, 0x1a, 0x22, 0x02, 0x29, 0x00, 0xff, 0x32, 0x00, 0x01, 0x00
    .byte 0x00, 0x00, 0x14, 0x75, 0x18, 0x22, 0x02, 0x2c, 0x01, 0x00, 0x00, 0x00, 0x2c, 0x16, 0x01, 0x00
    .byte 0x00, 0x15, 0x1f, 0x18, 0x70, 0x24, 0x00, 0x0c, 0x00, 0x00, 0x00, 0x17, 0x00, 0x15, 0x20, 0x18
    .byte 0x70, 0x05, 0x00, 0x0c, 0x00, 0x00, 0x00, 0x17, 0x00, 0x15, 0x27, 0x18, 0x70, 0x17, 0x00, 0x2c
    .byte 0xff, 0xff, 0xff, 0xff, 0x2c, 0xff, 0xff, 0xff, 0xff, 0x2c, 0xff, 0xff, 0xff, 0xff, 0x15, 0x33
    .byte 0x25, 0x2a, 0x1a, 0x22, 0x02, 0x29, 0x00, 0xff, 0x32, 0x00, 0x02, 0x00, 0x00, 0x00, 0x14, 0xc1
    .byte 0x18, 0x22, 0x02, 0x2c, 0x01, 0x00, 0x00, 0x00, 0x2c, 0x16, 0x01, 0x00, 0x00, 0x15, 0x1f, 0x18
    .byte 0x70, 0x24, 0x00, 0x10, 0x00, 0x00, 0x00, 0x17, 0x00, 0x15, 0x20, 0x18, 0x70, 0x05, 0x00, 0x00
    .byte 0x00, 0x00, 0x00, 0x17, 0x00, 0x15, 0x27, 0x18, 0x70, 0x17, 0x00, 0x2c, 0xff, 0xff, 0xff, 0xff
    .byte 0x2c, 0xff, 0xff, 0xff, 0xff, 0x2c, 0xff, 0xff, 0xff, 0xff, 0x15, 0x33, 0x25, 0x2a, 0x1a, 0x22
    .byte 0x02, 0x29, 0x00, 0xff, 0x32, 0x00, 0x03, 0x00, 0x00, 0x00, 0x14, 0x0d, 0x19, 0x22, 0x02, 0x2c
    .byte 0x01, 0x00, 0x00, 0x00, 0x2c, 0x16, 0x01, 0x00, 0x00, 0x15, 0x1f, 0x18, 0x70, 0x24, 0x00, 0x0c
    .byte 0x00, 0x00, 0x00, 0x17, 0x00, 0x15, 0x20, 0x18, 0x70, 0x24, 0x00, 0x0c, 0x00, 0x00, 0x00, 0x17
    .byte 0x00, 0x15, 0x27, 0x18, 0x70, 0x17, 0x00, 0x2c, 0xff, 0xff, 0xff, 0xff, 0x2c, 0xff, 0xff, 0xff
    .byte 0xff, 0x2c, 0xff, 0xff, 0xff, 0xff, 0x15, 0x33, 0x25, 0x2a, 0x1a, 0x22, 0x02, 0x29, 0x00, 0xff
    .byte 0x32, 0x00, 0x04, 0x00, 0x00, 0x00, 0x14, 0x59, 0x19, 0x22, 0x02, 0x2c, 0x01, 0x00, 0x00, 0x00
    .byte 0x2c, 0x16, 0x01, 0x00, 0x00, 0x15, 0x1f, 0x18, 0x70, 0x05, 0x00, 0x00, 0x00, 0x00, 0x00, 0x17
    .byte 0x00, 0x15, 0x20, 0x18, 0x70, 0x24, 0x00, 0x10, 0x00, 0x00, 0x00, 0x17, 0x00, 0x15, 0x27, 0x18
    .byte 0x70, 0x17, 0x00, 0x2c, 0xff, 0xff, 0xff, 0xff, 0x2c, 0xff, 0xff, 0xff, 0xff, 0x2c, 0xff, 0xff
    .byte 0xff, 0xff, 0x15, 0x33, 0x25, 0x2a, 0x1a, 0x22, 0x02, 0x29, 0x00, 0xff, 0x32, 0x00, 0x05, 0x00
    .byte 0x00, 0x00, 0x14, 0xa5, 0x19, 0x22, 0x02, 0x2c, 0x01, 0x00, 0x00, 0x00, 0x2c, 0x16, 0x01, 0x00
    .byte 0x00, 0x15, 0x1f, 0x18, 0x70, 0x05, 0x00, 0x0c, 0x00, 0x00, 0x00, 0x17, 0x00, 0x15, 0x20, 0x18
    .byte 0x70, 0x24, 0x00, 0x0c, 0x00, 0x00, 0x00, 0x17, 0x00, 0x15, 0x27, 0x18, 0x70, 0x17, 0x00, 0x2c
    .byte 0xff, 0xff, 0xff, 0xff, 0x2c, 0xff, 0xff, 0xff, 0xff, 0x2c, 0xff, 0xff, 0xff, 0xff, 0x15, 0x33
    .byte 0x25, 0x2a, 0x1a, 0x22, 0x02, 0x29, 0x00, 0xff, 0x32, 0x00, 0x06, 0x00, 0x00, 0x00, 0x14, 0xf1
    .byte 0x19, 0x22, 0x02, 0x2c, 0x01, 0x00, 0x00, 0x00, 0x2c, 0x16, 0x01, 0x00, 0x00, 0x15, 0x1f, 0x18
    .byte 0x70, 0x05, 0x00, 0x10, 0x00, 0x00, 0x00, 0x17, 0x00, 0x15, 0x20, 0x18, 0x70, 0x05, 0x00, 0x00
    .byte 0x00, 0x00, 0x00, 0x17, 0x00, 0x15, 0x27, 0x18, 0x70, 0x17, 0x00, 0x2c, 0xff, 0xff, 0xff, 0xff
    .byte 0x2c, 0xff, 0xff, 0xff, 0xff, 0x2c, 0xff, 0xff, 0xff, 0xff, 0x15, 0x33, 0x25, 0x2a, 0x1a, 0x22
    .byte 0x02, 0x2c, 0x01, 0x00, 0x00, 0x00, 0x2c, 0x16, 0x01, 0x00, 0x00, 0x15, 0x1f, 0x18, 0x70, 0x05
    .byte 0x00, 0x0c, 0x00, 0x00, 0x00, 0x17, 0x00, 0x15, 0x20, 0x18, 0x70, 0x05, 0x00, 0x0c, 0x00, 0x00
    .byte 0x00, 0x17, 0x00, 0x15, 0x27, 0x18, 0x70, 0x17, 0x00, 0x2c, 0xff, 0xff, 0xff, 0xff, 0x2c, 0xff
    .byte 0xff, 0xff, 0xff, 0x2c, 0xff, 0xff, 0xff, 0xff, 0x15, 0x33, 0x25, 0xd2, 0x23, 0x22, 0x02, 0x2c
    .byte 0x64, 0x00, 0x00, 0x00, 0x15, 0x01, 0x18, 0x70, 0x28, 0x00, 0x02, 0x2b, 0x00, 0x02, 0x34, 0x00
    .byte 0x03, 0x00, 0x00, 0x00, 0x14, 0x97, 0x21, 0x22, 0x02, 0x2d, 0xfe, 0x15, 0x7c, 0x18, 0x70, 0x31
    .byte 0x00, 0x05, 0x00, 0x00, 0x00, 0x14, 0x97, 0x21, 0x22, 0x02, 0x29, 0x00, 0xfe, 0x35, 0x00, 0x25
    .byte 0x00, 0x00, 0x00, 0x14, 0x97, 0x21, 0x22, 0x02, 0x29, 0x00, 0xfe, 0x35, 0x00, 0x4f, 0x00, 0x00
    .byte 0x00, 0x14, 0x97, 0x21, 0x22, 0x02, 0x2d, 0xfe, 0x15, 0x7c, 0x18, 0x70, 0x31, 0x00, 0x08, 0x00
    .byte 0x00, 0x00, 0x14, 0x45, 0x1f, 0x22, 0x02, 0x2c, 0x02, 0x00, 0x00, 0x00, 0x15, 0x01, 0x18, 0x70
    .byte 0x28, 0x00, 0x02, 0x2b, 0x00, 0x02, 0x32, 0x00, 0x00, 0x00, 0x00, 0x00, 0x14, 0xf3, 0x1c, 0x22
    .byte 0x02, 0x29, 0x00, 0xff, 0x32, 0x00, 0x00, 0x00, 0x00, 0x00, 0x14, 0xed, 0x1a, 0x22, 0x02, 0x2c
    .byte 0x01, 0x00, 0x00, 0x00, 0x2c, 0x65, 0x01, 0x00, 0x00, 0x15, 0x1f, 0x18, 0x70, 0x05, 0x00, 0x00
    .byte 0x00, 0x00, 0x00, 0x17, 0x00, 0x15, 0x20, 0x18, 0x70, 0x05, 0x00, 0x10, 0x00, 0x00, 0x00, 0x17
    .byte 0x00, 0x15, 0x27, 0x18, 0x70, 0x17, 0x00, 0x2c, 0xff, 0xff, 0xff, 0xff, 0x2c, 0xff, 0xff, 0xff
    .byte 0xff, 0x2c, 0xff, 0xff, 0xff, 0xff, 0x15, 0x33, 0x25, 0xee, 0x1c, 0x22, 0x02, 0x29, 0x00, 0xff
    .byte 0x32, 0x00, 0x01, 0x00, 0x00, 0x00, 0x14, 0x39, 0x1b, 0x22, 0x02, 0x2c, 0x01, 0x00, 0x00, 0x00
    .byte 0x2c, 0x65, 0x01, 0x00, 0x00, 0x15, 0x1f, 0x18, 0x70, 0x24, 0x00, 0x0c, 0x00, 0x00, 0x00, 0x17
    .byte 0x00, 0x15, 0x20, 0x18, 0x70, 0x05, 0x00, 0x0c, 0x00, 0x00, 0x00, 0x17, 0x00, 0x15, 0x27, 0x18
    .byte 0x70, 0x17, 0x00, 0x2c, 0xff, 0xff, 0xff, 0xff, 0x2c, 0xff, 0xff, 0xff, 0xff, 0x2c, 0xff, 0xff
    .byte 0xff, 0xff, 0x15, 0x33, 0x25, 0xee, 0x1c, 0x22, 0x02, 0x29, 0x00, 0xff, 0x32, 0x00, 0x02, 0x00
    .byte 0x00, 0x00, 0x14, 0x85, 0x1b, 0x22, 0x02, 0x2c, 0x01, 0x00, 0x00, 0x00, 0x2c, 0x65, 0x01, 0x00
    .byte 0x00, 0x15, 0x1f, 0x18, 0x70, 0x24, 0x00, 0x10, 0x00, 0x00, 0x00, 0x17, 0x00, 0x15, 0x20, 0x18
    .byte 0x70, 0x05, 0x00, 0x00, 0x00, 0x00, 0x00, 0x17, 0x00, 0x15, 0x27, 0x18, 0x70, 0x17, 0x00, 0x2c
    .byte 0xff, 0xff, 0xff, 0xff, 0x2c, 0xff, 0xff, 0xff, 0xff, 0x2c, 0xff, 0xff, 0xff, 0xff, 0x15, 0x33
    .byte 0x25, 0xee, 0x1c, 0x22, 0x02, 0x29, 0x00, 0xff, 0x32, 0x00, 0x03, 0x00, 0x00, 0x00, 0x14, 0xd1
    .byte 0x1b, 0x22, 0x02, 0x2c, 0x01, 0x00, 0x00, 0x00, 0x2c, 0x65, 0x01, 0x00, 0x00, 0x15, 0x1f, 0x18
    .byte 0x70, 0x24, 0x00, 0x0c, 0x00, 0x00, 0x00, 0x17, 0x00, 0x15, 0x20, 0x18, 0x70, 0x24, 0x00, 0x0c
    .byte 0x00, 0x00, 0x00, 0x17, 0x00, 0x15, 0x27, 0x18, 0x70, 0x17, 0x00, 0x2c, 0xff, 0xff, 0xff, 0xff
    .byte 0x2c, 0xff, 0xff, 0xff, 0xff, 0x2c, 0xff, 0xff, 0xff, 0xff, 0x15, 0x33, 0x25, 0xee, 0x1c, 0x22
    .byte 0x02, 0x29, 0x00, 0xff, 0x32, 0x00, 0x04, 0x00, 0x00, 0x00, 0x14, 0x1d, 0x1c, 0x22, 0x02, 0x2c
    .byte 0x01, 0x00, 0x00, 0x00, 0x2c, 0x65, 0x01, 0x00, 0x00, 0x15, 0x1f, 0x18, 0x70, 0x05, 0x00, 0x00
    .byte 0x00, 0x00, 0x00, 0x17, 0x00, 0x15, 0x20, 0x18, 0x70, 0x24, 0x00, 0x10, 0x00, 0x00, 0x00, 0x17
    .byte 0x00, 0x15, 0x27, 0x18, 0x70, 0x17, 0x00, 0x2c, 0xff, 0xff, 0xff, 0xff, 0x2c, 0xff, 0xff, 0xff
    .byte 0xff, 0x2c, 0xff, 0xff, 0xff, 0xff, 0x15, 0x33, 0x25, 0xee, 0x1c, 0x22, 0x02, 0x29, 0x00, 0xff
    .byte 0x32, 0x00, 0x05, 0x00, 0x00, 0x00, 0x14, 0x69, 0x1c, 0x22, 0x02, 0x2c, 0x01, 0x00, 0x00, 0x00
    .byte 0x2c, 0x65, 0x01, 0x00, 0x00, 0x15, 0x1f, 0x18, 0x70, 0x05, 0x00, 0x0c, 0x00, 0x00, 0x00, 0x17
    .byte 0x00, 0x15, 0x20, 0x18, 0x70, 0x24, 0x00, 0x0c, 0x00, 0x00, 0x00, 0x17, 0x00, 0x15, 0x27, 0x18
    .byte 0x70, 0x17, 0x00, 0x2c, 0xff, 0xff, 0xff, 0xff, 0x2c, 0xff, 0xff, 0xff, 0xff, 0x2c, 0xff, 0xff
    .byte 0xff, 0xff, 0x15, 0x33, 0x25, 0xee, 0x1c, 0x22, 0x02, 0x29, 0x00, 0xff, 0x32, 0x00, 0x06, 0x00
    .byte 0x00, 0x00, 0x14, 0xb5, 0x1c, 0x22, 0x02, 0x2c, 0x01, 0x00, 0x00, 0x00, 0x2c, 0x65, 0x01, 0x00
    .byte 0x00, 0x15, 0x1f, 0x18, 0x70, 0x05, 0x00, 0x10, 0x00, 0x00, 0x00, 0x17, 0x00, 0x15, 0x20, 0x18
    .byte 0x70, 0x05, 0x00, 0x00, 0x00, 0x00, 0x00, 0x17, 0x00, 0x15, 0x27, 0x18, 0x70, 0x17, 0x00, 0x2c
    .byte 0xff, 0xff, 0xff, 0xff, 0x2c, 0xff, 0xff, 0xff, 0xff, 0x2c, 0xff, 0xff, 0xff, 0xff, 0x15, 0x33
    .byte 0x25, 0xee, 0x1c, 0x22, 0x02, 0x2c, 0x01, 0x00, 0x00, 0x00, 0x2c, 0x65, 0x01, 0x00, 0x00, 0x15
    .byte 0x1f, 0x18, 0x70, 0x05, 0x00, 0x0c, 0x00, 0x00, 0x00, 0x17, 0x00, 0x15, 0x20, 0x18, 0x70, 0x05
    .byte 0x00, 0x0c, 0x00, 0x00, 0x00, 0x17, 0x00, 0x15, 0x27, 0x18, 0x70, 0x17, 0x00, 0x2c, 0xff, 0xff
    .byte 0xff, 0xff, 0x2c, 0xff, 0xff, 0xff, 0xff, 0x2c, 0xff, 0xff, 0xff, 0xff, 0x15, 0x33, 0x25, 0x40
    .byte 0x1f, 0x22, 0x02, 0x29, 0x00, 0xff, 0x32, 0x00, 0x00, 0x00, 0x00, 0x00, 0x14, 0x3f, 0x1d, 0x22
    .byte 0x02, 0x2c, 0x01, 0x00, 0x00, 0x00, 0x2c, 0x64, 0x01, 0x00, 0x00, 0x15, 0x1f, 0x18, 0x70, 0x05
    .byte 0x00, 0x00, 0x00, 0x00, 0x00, 0x17, 0x00, 0x15, 0x20, 0x18, 0x70, 0x05, 0x00, 0x10, 0x00, 0x00
    .byte 0x00, 0x17, 0x00, 0x15, 0x27, 0x18, 0x70, 0x17, 0x00, 0x2c, 0xff, 0xff, 0xff, 0xff, 0x2c, 0xff
    .byte 0xff, 0xff, 0xff, 0x2c, 0xff, 0xff, 0xff, 0xff, 0x15, 0x33, 0x25, 0x40, 0x1f, 0x22, 0x02, 0x29
    .byte 0x00, 0xff, 0x32, 0x00, 0x01, 0x00, 0x00, 0x00, 0x14, 0x8b, 0x1d, 0x22, 0x02, 0x2c, 0x01, 0x00
    .byte 0x00, 0x00, 0x2c, 0x64, 0x01, 0x00, 0x00, 0x15, 0x1f, 0x18, 0x70, 0x24, 0x00, 0x0c, 0x00, 0x00
    .byte 0x00, 0x17, 0x00, 0x15, 0x20, 0x18, 0x70, 0x05, 0x00, 0x0c, 0x00, 0x00, 0x00, 0x17, 0x00, 0x15
    .byte 0x27, 0x18, 0x70, 0x17, 0x00, 0x2c, 0xff, 0xff, 0xff, 0xff, 0x2c, 0xff, 0xff, 0xff, 0xff, 0x2c
    .byte 0xff, 0xff, 0xff, 0xff, 0x15, 0x33, 0x25, 0x40, 0x1f, 0x22, 0x02, 0x29, 0x00, 0xff, 0x32, 0x00
    .byte 0x02, 0x00, 0x00, 0x00, 0x14, 0xd7, 0x1d, 0x22, 0x02, 0x2c, 0x01, 0x00, 0x00, 0x00, 0x2c, 0x64
    .byte 0x01, 0x00, 0x00, 0x15, 0x1f, 0x18, 0x70, 0x24, 0x00, 0x10, 0x00, 0x00, 0x00, 0x17, 0x00, 0x15
    .byte 0x20, 0x18, 0x70, 0x05, 0x00, 0x00, 0x00, 0x00, 0x00, 0x17, 0x00, 0x15, 0x27, 0x18, 0x70, 0x17
    .byte 0x00, 0x2c, 0xff, 0xff, 0xff, 0xff, 0x2c, 0xff, 0xff, 0xff, 0xff, 0x2c, 0xff, 0xff, 0xff, 0xff
    .byte 0x15, 0x33, 0x25, 0x40, 0x1f, 0x22, 0x02, 0x29, 0x00, 0xff, 0x32, 0x00, 0x03, 0x00, 0x00, 0x00
    .byte 0x14, 0x23, 0x1e, 0x22, 0x02, 0x2c, 0x01, 0x00, 0x00, 0x00, 0x2c, 0x64, 0x01, 0x00, 0x00, 0x15
    .byte 0x1f, 0x18, 0x70, 0x24, 0x00, 0x0c, 0x00, 0x00, 0x00, 0x17, 0x00, 0x15, 0x20, 0x18, 0x70, 0x24
    .byte 0x00, 0x0c, 0x00, 0x00, 0x00, 0x17, 0x00, 0x15, 0x27, 0x18, 0x70, 0x17, 0x00, 0x2c, 0xff, 0xff
    .byte 0xff, 0xff, 0x2c, 0xff, 0xff, 0xff, 0xff, 0x2c, 0xff, 0xff, 0xff, 0xff, 0x15, 0x33, 0x25, 0x40
    .byte 0x1f, 0x22, 0x02, 0x29, 0x00, 0xff, 0x32, 0x00, 0x04, 0x00, 0x00, 0x00, 0x14, 0x6f, 0x1e, 0x22
    .byte 0x02, 0x2c, 0x01, 0x00, 0x00, 0x00, 0x2c, 0x64, 0x01, 0x00, 0x00, 0x15, 0x1f, 0x18, 0x70, 0x05
    .byte 0x00, 0x00, 0x00, 0x00, 0x00, 0x17, 0x00, 0x15, 0x20, 0x18, 0x70, 0x24, 0x00, 0x10, 0x00, 0x00
    .byte 0x00, 0x17, 0x00, 0x15, 0x27, 0x18, 0x70, 0x17, 0x00, 0x2c, 0xff, 0xff, 0xff, 0xff, 0x2c, 0xff
    .byte 0xff, 0xff, 0xff, 0x2c, 0xff, 0xff, 0xff, 0xff, 0x15, 0x33, 0x25, 0x40, 0x1f, 0x22, 0x02, 0x29
    .byte 0x00, 0xff, 0x32, 0x00, 0x05, 0x00, 0x00, 0x00, 0x14, 0xbb, 0x1e, 0x22, 0x02, 0x2c, 0x01, 0x00
    .byte 0x00, 0x00, 0x2c, 0x64, 0x01, 0x00, 0x00, 0x15, 0x1f, 0x18, 0x70, 0x05, 0x00, 0x0c, 0x00, 0x00
    .byte 0x00, 0x17, 0x00, 0x15, 0x20, 0x18, 0x70, 0x24, 0x00, 0x0c, 0x00, 0x00, 0x00, 0x17, 0x00, 0x15
    .byte 0x27, 0x18, 0x70, 0x17, 0x00, 0x2c, 0xff, 0xff, 0xff, 0xff, 0x2c, 0xff, 0xff, 0xff, 0xff, 0x2c
    .byte 0xff, 0xff, 0xff, 0xff, 0x15, 0x33, 0x25, 0x40, 0x1f, 0x22, 0x02, 0x29, 0x00, 0xff, 0x32, 0x00
    .byte 0x06, 0x00, 0x00, 0x00, 0x14, 0x07, 0x1f, 0x22, 0x02, 0x2c, 0x01, 0x00, 0x00, 0x00, 0x2c, 0x64
    .byte 0x01, 0x00, 0x00, 0x15, 0x1f, 0x18, 0x70, 0x05, 0x00, 0x10, 0x00, 0x00, 0x00, 0x17, 0x00, 0x15
    .byte 0x20, 0x18, 0x70, 0x05, 0x00, 0x00, 0x00, 0x00, 0x00, 0x17, 0x00, 0x15, 0x27, 0x18, 0x70, 0x17
    .byte 0x00, 0x2c, 0xff, 0xff, 0xff, 0xff, 0x2c, 0xff, 0xff, 0xff, 0xff, 0x2c, 0xff, 0xff, 0xff, 0xff
    .byte 0x15, 0x33, 0x25, 0x40, 0x1f, 0x22, 0x02, 0x2c, 0x01, 0x00, 0x00, 0x00, 0x2c, 0x64, 0x01, 0x00
    .byte 0x00, 0x15, 0x1f, 0x18, 0x70, 0x05, 0x00, 0x0c, 0x00, 0x00, 0x00, 0x17, 0x00, 0x15, 0x20, 0x18
    .byte 0x70, 0x05, 0x00, 0x0c, 0x00, 0x00, 0x00, 0x17, 0x00, 0x15, 0x27, 0x18, 0x70, 0x17, 0x00, 0x2c
    .byte 0xff, 0xff, 0xff, 0xff, 0x2c, 0xff, 0xff, 0xff, 0xff, 0x2c, 0xff, 0xff, 0xff, 0xff, 0x15, 0x33
    .byte 0x25, 0x92, 0x21, 0x22, 0x02, 0x29, 0x00, 0xff, 0x32, 0x00, 0x00, 0x00, 0x00, 0x00, 0x14, 0x91
    .byte 0x1f, 0x22, 0x02, 0x2c, 0x01, 0x00, 0x00, 0x00, 0x2c, 0x64, 0x01, 0x00, 0x00, 0x15, 0x1f, 0x18
    .byte 0x70, 0x05, 0x00, 0x00, 0x00, 0x00, 0x00, 0x17, 0x00, 0x15, 0x20, 0x18, 0x70, 0x05, 0x00, 0x10
    .byte 0x00, 0x00, 0x00, 0x17, 0x00, 0x15, 0x27, 0x18, 0x70, 0x17, 0x00, 0x2c, 0xff, 0xff, 0xff, 0xff
    .byte 0x2c, 0xff, 0xff, 0xff, 0xff, 0x2c, 0xff, 0xff, 0xff, 0xff, 0x15, 0x33, 0x25, 0x92, 0x21, 0x22
    .byte 0x02, 0x29, 0x00, 0xff, 0x32, 0x00, 0x01, 0x00, 0x00, 0x00, 0x14, 0xdd, 0x1f, 0x22, 0x02, 0x2c
    .byte 0x01, 0x00, 0x00, 0x00, 0x2c, 0x64, 0x01, 0x00, 0x00, 0x15, 0x1f, 0x18, 0x70, 0x24, 0x00, 0x0c
    .byte 0x00, 0x00, 0x00, 0x17, 0x00, 0x15, 0x20, 0x18, 0x70, 0x05, 0x00, 0x0c, 0x00, 0x00, 0x00, 0x17
    .byte 0x00, 0x15, 0x27, 0x18, 0x70, 0x17, 0x00, 0x2c, 0xff, 0xff, 0xff, 0xff, 0x2c, 0xff, 0xff, 0xff
    .byte 0xff, 0x2c, 0xff, 0xff, 0xff, 0xff, 0x15, 0x33, 0x25, 0x92, 0x21, 0x22, 0x02, 0x29, 0x00, 0xff
    .byte 0x32, 0x00, 0x02, 0x00, 0x00, 0x00, 0x14, 0x29, 0x20, 0x22, 0x02, 0x2c, 0x01, 0x00, 0x00, 0x00
    .byte 0x2c, 0x64, 0x01, 0x00, 0x00, 0x15, 0x1f, 0x18, 0x70, 0x24, 0x00, 0x10, 0x00, 0x00, 0x00, 0x17
    .byte 0x00, 0x15, 0x20, 0x18, 0x70, 0x05, 0x00, 0x00, 0x00, 0x00, 0x00, 0x17, 0x00, 0x15, 0x27, 0x18
    .byte 0x70, 0x17, 0x00, 0x2c, 0xff, 0xff, 0xff, 0xff, 0x2c, 0xff, 0xff, 0xff, 0xff, 0x2c, 0xff, 0xff
    .byte 0xff, 0xff, 0x15, 0x33, 0x25, 0x92, 0x21, 0x22, 0x02, 0x29, 0x00, 0xff, 0x32, 0x00, 0x03, 0x00
    .byte 0x00, 0x00, 0x14, 0x75, 0x20, 0x22, 0x02, 0x2c, 0x01, 0x00, 0x00, 0x00, 0x2c, 0x64, 0x01, 0x00
    .byte 0x00, 0x15, 0x1f, 0x18, 0x70, 0x24, 0x00, 0x0c, 0x00, 0x00, 0x00, 0x17, 0x00, 0x15, 0x20, 0x18
    .byte 0x70, 0x24, 0x00, 0x0c, 0x00, 0x00, 0x00, 0x17, 0x00, 0x15, 0x27, 0x18, 0x70, 0x17, 0x00, 0x2c
    .byte 0xff, 0xff, 0xff, 0xff, 0x2c, 0xff, 0xff, 0xff, 0xff, 0x2c, 0xff, 0xff, 0xff, 0xff, 0x15, 0x33
    .byte 0x25, 0x92, 0x21, 0x22, 0x02, 0x29, 0x00, 0xff, 0x32, 0x00, 0x04, 0x00, 0x00, 0x00, 0x14, 0xc1
    .byte 0x20, 0x22, 0x02, 0x2c, 0x01, 0x00, 0x00, 0x00, 0x2c, 0x64, 0x01, 0x00, 0x00, 0x15, 0x1f, 0x18
    .byte 0x70, 0x05, 0x00, 0x00, 0x00, 0x00, 0x00, 0x17, 0x00, 0x15, 0x20, 0x18, 0x70, 0x24, 0x00, 0x10
    .byte 0x00, 0x00, 0x00, 0x17, 0x00, 0x15, 0x27, 0x18, 0x70, 0x17, 0x00, 0x2c, 0xff, 0xff, 0xff, 0xff
    .byte 0x2c, 0xff, 0xff, 0xff, 0xff, 0x2c, 0xff, 0xff, 0xff, 0xff, 0x15, 0x33, 0x25, 0x92, 0x21, 0x22
    .byte 0x02, 0x29, 0x00, 0xff, 0x32, 0x00, 0x05, 0x00, 0x00, 0x00, 0x14, 0x0d, 0x21, 0x22, 0x02, 0x2c
    .byte 0x01, 0x00, 0x00, 0x00, 0x2c, 0x64, 0x01, 0x00, 0x00, 0x15, 0x1f, 0x18, 0x70, 0x05, 0x00, 0x0c
    .byte 0x00, 0x00, 0x00, 0x17, 0x00, 0x15, 0x20, 0x18, 0x70, 0x24, 0x00, 0x0c, 0x00, 0x00, 0x00, 0x17
    .byte 0x00, 0x15, 0x27, 0x18, 0x70, 0x17, 0x00, 0x2c, 0xff, 0xff, 0xff, 0xff, 0x2c, 0xff, 0xff, 0xff
    .byte 0xff, 0x2c, 0xff, 0xff, 0xff, 0xff, 0x15, 0x33, 0x25, 0x92, 0x21, 0x22, 0x02, 0x29, 0x00, 0xff
    .byte 0x32, 0x00, 0x06, 0x00, 0x00, 0x00, 0x14, 0x59, 0x21, 0x22, 0x02, 0x2c, 0x01, 0x00, 0x00, 0x00
    .byte 0x2c, 0x64, 0x01, 0x00, 0x00, 0x15, 0x1f, 0x18, 0x70, 0x05, 0x00, 0x10, 0x00, 0x00, 0x00, 0x17
    .byte 0x00, 0x15, 0x20, 0x18, 0x70, 0x05, 0x00, 0x00, 0x00, 0x00, 0x00, 0x17, 0x00, 0x15, 0x27, 0x18
    .byte 0x70, 0x17, 0x00, 0x2c, 0xff, 0xff, 0xff, 0xff, 0x2c, 0xff, 0xff, 0xff, 0xff, 0x2c, 0xff, 0xff
    .byte 0xff, 0xff, 0x15, 0x33, 0x25, 0x92, 0x21, 0x22, 0x02, 0x2c, 0x01, 0x00, 0x00, 0x00, 0x2c, 0x64
    .byte 0x01, 0x00, 0x00, 0x15, 0x1f, 0x18, 0x70, 0x05, 0x00, 0x0c, 0x00, 0x00, 0x00, 0x17, 0x00, 0x15
    .byte 0x20, 0x18, 0x70, 0x05, 0x00, 0x0c, 0x00, 0x00, 0x00, 0x17, 0x00, 0x15, 0x27, 0x18, 0x70, 0x17
    .byte 0x00, 0x2c, 0xff, 0xff, 0xff, 0xff, 0x2c, 0xff, 0xff, 0xff, 0xff, 0x2c, 0xff, 0xff, 0xff, 0xff
    .byte 0x15, 0x33, 0x25, 0xd2, 0x23, 0x22, 0x02, 0x2b, 0x00, 0x02, 0x34, 0x00, 0x19, 0x00, 0x00, 0x00
    .byte 0x14, 0xd2, 0x23, 0x22, 0x02, 0x29, 0x00, 0xff, 0x32, 0x00, 0x00, 0x00, 0x00, 0x00, 0x14, 0xed
    .byte 0x21, 0x22, 0x02, 0x2c, 0x01, 0x00, 0x00, 0x00, 0x15, 0x1f, 0x18, 0x70, 0x05, 0x00, 0x00, 0x00
    .byte 0x00, 0x00, 0x17, 0x00, 0x15, 0x20, 0x18, 0x70, 0x05, 0x00, 0x10, 0x00, 0x00, 0x00, 0x17, 0x00
    .byte 0x15, 0x27, 0x18, 0x70, 0x17, 0x00, 0x20, 0x00, 0x00, 0x20, 0x00, 0x00, 0x2c, 0xf4, 0x01, 0x00
    .byte 0x00, 0x2c, 0x2c, 0x01, 0x00, 0x00, 0x15, 0xb2, 0x25, 0xd2, 0x23, 0x22, 0x02, 0x29, 0x00, 0xff
    .byte 0x32, 0x00, 0x01, 0x00, 0x00, 0x00, 0x14, 0x35, 0x22, 0x22, 0x02, 0x2c, 0x01, 0x00, 0x00, 0x00
    .byte 0x15, 0x1f, 0x18, 0x70, 0x24, 0x00, 0x0c, 0x00, 0x00, 0x00, 0x17, 0x00, 0x15, 0x20, 0x18, 0x70
    .byte 0x05, 0x00, 0x0c, 0x00, 0x00, 0x00, 0x17, 0x00, 0x15, 0x27, 0x18, 0x70, 0x17, 0x00, 0x20, 0x00
    .byte 0x00, 0x20, 0x00, 0x00, 0x2c, 0xf4, 0x01, 0x00, 0x00, 0x2c, 0x2c, 0x01, 0x00, 0x00, 0x15, 0xb2
    .byte 0x25, 0xd2, 0x23, 0x22, 0x02, 0x29, 0x00, 0xff, 0x32, 0x00, 0x02, 0x00, 0x00, 0x00, 0x14, 0x7d
    .byte 0x22, 0x22, 0x02, 0x2c, 0x01, 0x00, 0x00, 0x00, 0x15, 0x1f, 0x18, 0x70, 0x24, 0x00, 0x10, 0x00
    .byte 0x00, 0x00, 0x17, 0x00, 0x15, 0x20, 0x18, 0x70, 0x05, 0x00, 0x00, 0x00, 0x00, 0x00, 0x17, 0x00
    .byte 0x15, 0x27, 0x18, 0x70, 0x17, 0x00, 0x20, 0x00, 0x00, 0x20, 0x00, 0x00, 0x2c, 0xf4, 0x01, 0x00
    .byte 0x00, 0x2c, 0x2c, 0x01, 0x00, 0x00, 0x15, 0xb2, 0x25, 0xd2, 0x23, 0x22, 0x02, 0x29, 0x00, 0xff
    .byte 0x32, 0x00, 0x03, 0x00, 0x00, 0x00, 0x14, 0xc5, 0x22, 0x22, 0x02, 0x2c, 0x01, 0x00, 0x00, 0x00
    .byte 0x15, 0x1f, 0x18, 0x70, 0x24, 0x00, 0x0c, 0x00, 0x00, 0x00, 0x17, 0x00, 0x15, 0x20, 0x18, 0x70
    .byte 0x24, 0x00, 0x0c, 0x00, 0x00, 0x00, 0x17, 0x00, 0x15, 0x27, 0x18, 0x70, 0x17, 0x00, 0x20, 0x00
    .byte 0x00, 0x20, 0x00, 0x00, 0x2c, 0xf4, 0x01, 0x00, 0x00, 0x2c, 0x2c, 0x01, 0x00, 0x00, 0x15, 0xb2
    .byte 0x25, 0xd2, 0x23, 0x22, 0x02, 0x29, 0x00, 0xff, 0x32, 0x00, 0x04, 0x00, 0x00, 0x00, 0x14, 0x0d
    .byte 0x23, 0x22, 0x02, 0x2c, 0x01, 0x00, 0x00, 0x00, 0x15, 0x1f, 0x18, 0x70, 0x05, 0x00, 0x00, 0x00
    .byte 0x00, 0x00, 0x17, 0x00, 0x15, 0x20, 0x18, 0x70, 0x24, 0x00, 0x10, 0x00, 0x00, 0x00, 0x17, 0x00
    .byte 0x15, 0x27, 0x18, 0x70, 0x17, 0x00, 0x20, 0x00, 0x00, 0x20, 0x00, 0x00, 0x2c, 0xf4, 0x01, 0x00
    .byte 0x00, 0x2c, 0x2c, 0x01, 0x00, 0x00, 0x15, 0xb2, 0x25, 0xd2, 0x23, 0x22, 0x02, 0x29, 0x00, 0xff
    .byte 0x32, 0x00, 0x05, 0x00, 0x00, 0x00, 0x14, 0x55, 0x23, 0x22, 0x02, 0x2c, 0x01, 0x00, 0x00, 0x00
    .byte 0x15, 0x1f, 0x18, 0x70, 0x05, 0x00, 0x0c, 0x00, 0x00, 0x00, 0x17, 0x00, 0x15, 0x20, 0x18, 0x70
    .byte 0x24, 0x00, 0x0c, 0x00, 0x00, 0x00, 0x17, 0x00, 0x15, 0x27, 0x18, 0x70, 0x17, 0x00, 0x20, 0x00
    .byte 0x00, 0x20, 0x00, 0x00, 0x2c, 0xf4, 0x01, 0x00, 0x00, 0x2c, 0x2c, 0x01, 0x00, 0x00, 0x15, 0xb2
    .byte 0x25, 0xd2, 0x23, 0x22, 0x02, 0x29, 0x00, 0xff, 0x32, 0x00, 0x06, 0x00, 0x00, 0x00, 0x14, 0x9d
    .byte 0x23, 0x22, 0x02, 0x2c, 0x01, 0x00, 0x00, 0x00, 0x15, 0x1f, 0x18, 0x70, 0x05, 0x00, 0x10, 0x00
    .byte 0x00, 0x00, 0x17, 0x00, 0x15, 0x20, 0x18, 0x70, 0x05, 0x00, 0x00, 0x00, 0x00, 0x00, 0x17, 0x00
    .byte 0x15, 0x27, 0x18, 0x70, 0x17, 0x00, 0x20, 0x00, 0x00, 0x20, 0x00, 0x00, 0x2c, 0xf4, 0x01, 0x00
    .byte 0x00, 0x2c, 0x2c, 0x01, 0x00, 0x00, 0x15, 0xb2, 0x25, 0xd2, 0x23, 0x22, 0x02, 0x2c, 0x01, 0x00
    .byte 0x00, 0x00, 0x15, 0x1f, 0x18, 0x70, 0x05, 0x00, 0x0c, 0x00, 0x00, 0x00, 0x17, 0x00, 0x15, 0x20
    .byte 0x18, 0x70, 0x05, 0x00, 0x0c, 0x00, 0x00, 0x00, 0x17, 0x00, 0x15, 0x27, 0x18, 0x70, 0x17, 0x00
    .byte 0x20, 0x00, 0x00, 0x20, 0x00, 0x00, 0x2c, 0xf4, 0x01, 0x00, 0x00, 0x2c, 0x2c, 0x01, 0x00, 0x00
    .byte 0x15, 0xb2, 0x2f, 0x00, 0x2f, 0x01, 0x15, 0x57, 0x20, 0x00, 0x00, 0x15, 0x07, 0x15, 0x08, 0x2f
    .byte 0x00, 0x15, 0x41, 0x2f, 0x01, 0x15, 0x41, 0x2f, 0x00, 0x2f, 0x01, 0x15, 0x57, 0x00, 0x2c, 0x06
    .byte 0x00, 0x00, 0x00, 0x2c, 0x40, 0x00, 0x00, 0x00, 0x20, 0x00, 0x00, 0x20, 0x00, 0x00, 0x20, 0x00
    .byte 0x00, 0x15, 0x5c, 0x2c, 0x07, 0x00, 0x00, 0x00, 0x2c, 0x40, 0x00, 0x00, 0x00, 0x20, 0x00, 0x00
    .byte 0x20, 0x00, 0x00, 0x20, 0x00, 0x00, 0x15, 0x5c, 0x2c, 0x08, 0x00, 0x00, 0x00, 0x20, 0x00, 0x00
    .byte 0x2c, 0xd0, 0xff, 0xff, 0xff, 0x20, 0x00, 0x00, 0x20, 0x00, 0x00, 0x15, 0x5c, 0x2c, 0xc8, 0x02
    .byte 0x00, 0x00, 0x2c, 0xa8, 0x00, 0x00, 0x00, 0x20, 0x00, 0x00, 0x15, 0x02, 0x2c, 0x06, 0x00, 0x00
    .byte 0x00, 0x2c, 0x80, 0x00, 0x00, 0x00, 0x20, 0x00, 0x00, 0x20, 0x00, 0x00, 0x20, 0x00, 0x00, 0x15
    .byte 0xd8, 0x2c, 0x07, 0x00, 0x00, 0x00, 0x2c, 0x80, 0x00, 0x00, 0x00, 0x20, 0x00, 0x00, 0x20, 0x00
    .byte 0x00, 0x20, 0x00, 0x00, 0x15, 0xd8, 0x20, 0x00, 0x00, 0x15, 0x09, 0x2c, 0x01, 0x00, 0x00, 0x00
    .byte 0x2c, 0x78, 0x24, 0x22, 0x02, 0x15, 0x29, 0x00, 0x2c, 0x1b, 0x00, 0x00, 0x00, 0x15, 0x31, 0x18
    .byte 0x70, 0x26, 0x00, 0xd2, 0x20, 0x00, 0x00, 0x2c, 0xf7, 0xea, 0x21, 0x02, 0x15, 0x39, 0x20, 0x00
    .byte 0x00, 0x15, 0x42, 0x18, 0x70, 0x32, 0x00, 0x00, 0x00, 0x00, 0x00, 0x14, 0xa5, 0x24, 0x22, 0x02
    .byte 0x01, 0x8e, 0x24, 0x22, 0x02, 0x2c, 0x01, 0x00, 0x00, 0x00, 0x15, 0x10, 0x18, 0x70, 0x17, 0x00
    .byte 0x15, 0x11, 0x18, 0x70, 0x24, 0x00, 0x40, 0x00, 0x00, 0x00, 0x17, 0x00, 0x2c, 0x3c, 0x00, 0x00
    .byte 0x00, 0x20, 0x00, 0x00, 0x15, 0x4f, 0x2c, 0x4b, 0x00, 0x00, 0x00, 0x15, 0x07, 0x15, 0x08, 0x2c
    .byte 0x15, 0x00, 0x00, 0x00, 0x2c, 0x93, 0x00, 0x00, 0x00, 0x2c, 0x7f, 0x00, 0x00, 0x00, 0x15, 0x0a
    .byte 0x21, 0xf3, 0x27, 0x22, 0x02, 0x2c, 0x1e, 0x00, 0x00, 0x00, 0x15, 0x07, 0x15, 0x08, 0x21, 0x6d
    .byte 0x28, 0x22, 0x02, 0x2c, 0x1e, 0x00, 0x00, 0x00, 0x15, 0x07, 0x15, 0x08, 0x21, 0xf3, 0x27, 0x22
    .byte 0x02, 0x2c, 0x1e, 0x00, 0x00, 0x00, 0x15, 0x07, 0x15, 0x08, 0x21, 0x6d, 0x28, 0x22, 0x02, 0x2c
    .byte 0x1e, 0x00, 0x00, 0x00, 0x15, 0x07, 0x15, 0x08, 0x21, 0x30, 0x28, 0x22, 0x02, 0x2c, 0x1e, 0x00
    .byte 0x00, 0x00, 0x15, 0x07, 0x15, 0x08, 0x21, 0xaa, 0x28, 0x22, 0x02, 0x2c, 0x1e, 0x00, 0x00, 0x00
    .byte 0x15, 0x07, 0x15, 0x08, 0x21, 0xf3, 0x27, 0x22, 0x02, 0x2c, 0x1e, 0x00, 0x00, 0x00, 0x15, 0x07
    .byte 0x15, 0x08, 0x21, 0x6d, 0x28, 0x22, 0x02, 0x2c, 0x1e, 0x00, 0x00, 0x00, 0x15, 0x07, 0x15, 0x08
    .byte 0x21, 0x30, 0x28, 0x22, 0x02, 0x2c, 0x1e, 0x00, 0x00, 0x00, 0x15, 0x07, 0x15, 0x08, 0x21, 0xaa
    .byte 0x28, 0x22, 0x02, 0x2c, 0x1e, 0x00, 0x00, 0x00, 0x15, 0x07, 0x15, 0x08, 0x21, 0x30, 0x28, 0x22
    .byte 0x02, 0x2c, 0x1e, 0x00, 0x00, 0x00, 0x15, 0x07, 0x15, 0x08, 0x21, 0xaa, 0x28, 0x22, 0x02, 0x2c
    .byte 0x1e, 0x00, 0x00, 0x00, 0x15, 0x07, 0x15, 0x08, 0x21, 0xf3, 0x27, 0x22, 0x02, 0x2c, 0x1e, 0x00
    .byte 0x00, 0x00, 0x15, 0x07, 0x15, 0x08, 0x21, 0x6d, 0x28, 0x22, 0x02, 0x2c, 0x1e, 0x00, 0x00, 0x00
    .byte 0x15, 0x07, 0x15, 0x08, 0x21, 0x30, 0x28, 0x22, 0x02, 0x2c, 0x1e, 0x00, 0x00, 0x00, 0x15, 0x07
    .byte 0x15, 0x08, 0x21, 0xaa, 0x28, 0x22, 0x02, 0x2c, 0x1e, 0x00, 0x00, 0x00, 0x15, 0x07, 0x15, 0x08
    .byte 0x2c, 0x0f, 0x00, 0x00, 0x00, 0x15, 0x07, 0x15, 0x08, 0x2c, 0x37, 0x02, 0x00, 0x00, 0x15, 0x37
    .byte 0x18, 0x70, 0x32, 0x00, 0x00, 0x00, 0x00, 0x00, 0x14, 0xc7, 0x26, 0x22, 0x02, 0x2c, 0x37, 0x02
    .byte 0x00, 0x00, 0x15, 0x35, 0x2c, 0x05, 0x00, 0x00, 0x00, 0x15, 0x01, 0x18, 0x70, 0x28, 0x00, 0x00
    .byte 0x2b, 0x00, 0x00, 0x32, 0x00, 0x00, 0x00, 0x00, 0x00, 0x14, 0x0f, 0x26, 0x22, 0x02, 0x2c, 0x20
    .byte 0x00, 0x00, 0x00, 0x2c, 0x83, 0x27, 0x22, 0x02, 0x15, 0x39, 0x25, 0x1b, 0x26, 0x22, 0x02, 0x2c
    .byte 0x20, 0x00, 0x00, 0x00, 0x2c, 0x13, 0x27, 0x22, 0x02, 0x15, 0x39, 0x2b, 0x00, 0x00, 0x32, 0x00
    .byte 0x01, 0x00, 0x00, 0x00, 0x14, 0x3a, 0x26, 0x22, 0x02, 0x2c, 0x21, 0x00, 0x00, 0x00, 0x2c, 0x83
    .byte 0x27, 0x22, 0x02, 0x15, 0x39, 0x25, 0x46, 0x26, 0x22, 0x02, 0x2c, 0x21, 0x00, 0x00, 0x00, 0x2c
    .byte 0x13, 0x27, 0x22, 0x02, 0x15, 0x39, 0x2b, 0x00, 0x00, 0x32, 0x00, 0x02, 0x00, 0x00, 0x00, 0x14
    .byte 0x65, 0x26, 0x22, 0x02, 0x2c, 0x22, 0x00, 0x00, 0x00, 0x2c, 0x83, 0x27, 0x22, 0x02, 0x15, 0x39
    .byte 0x25, 0x71, 0x26, 0x22, 0x02, 0x2c, 0x22, 0x00, 0x00, 0x00, 0x2c, 0x13, 0x27, 0x22, 0x02, 0x15
    .byte 0x39, 0x2b, 0x00, 0x00, 0x32, 0x00, 0x03, 0x00, 0x00, 0x00, 0x14, 0x90, 0x26, 0x22, 0x02, 0x2c
    .byte 0x23, 0x00, 0x00, 0x00, 0x2c, 0x83, 0x27, 0x22, 0x02, 0x15, 0x39, 0x25, 0x9c, 0x26, 0x22, 0x02
    .byte 0x2c, 0x23, 0x00, 0x00, 0x00, 0x2c, 0x13, 0x27, 0x22, 0x02, 0x15, 0x39, 0x2b, 0x00, 0x00, 0x32
    .byte 0x00, 0x04, 0x00, 0x00, 0x00, 0x14, 0xbb, 0x26, 0x22, 0x02, 0x2c, 0x24, 0x00, 0x00, 0x00, 0x2c
    .byte 0x83, 0x27, 0x22, 0x02, 0x15, 0x39, 0x25, 0xc7, 0x26, 0x22, 0x02, 0x2c, 0x24, 0x00, 0x00, 0x00
    .byte 0x2c, 0x13, 0x27, 0x22, 0x02, 0x15, 0x39, 0x2c, 0x16, 0x00, 0x00, 0x00, 0x2c, 0x93, 0x00, 0x00
    .byte 0x00, 0x2c, 0x1e, 0x00, 0x00, 0x00, 0x15, 0x0a, 0x2c, 0x0f, 0x00, 0x00, 0x00, 0x15, 0x07, 0x15
    .byte 0x08, 0x2c, 0x02, 0x00, 0x00, 0x00, 0x2c, 0x3c, 0x00, 0x00, 0x00, 0x20, 0x00, 0x00, 0x20, 0x00
    .byte 0x00, 0x20, 0x00, 0x00, 0x15, 0x4f, 0x2c, 0x3c, 0x00, 0x00, 0x00, 0x15, 0x07, 0x15, 0x08, 0x2c
    .byte 0x03, 0x00, 0x00, 0x00, 0x20, 0x00, 0x00, 0x20, 0x00, 0x00, 0x20, 0x00, 0x00, 0x20, 0x00, 0x00
    .byte 0x15, 0x4f, 0x00, 0x2c, 0x1e, 0x00, 0x00, 0x00, 0x15, 0x01, 0x18, 0x70, 0x05, 0x00, 0x0f, 0x00
    .byte 0x00, 0x00, 0x17, 0x00, 0x15, 0x07, 0x15, 0x08, 0x20, 0x00, 0x00, 0x2c, 0x0e, 0x00, 0x00, 0x00
    .byte 0x15, 0xe0, 0x2c, 0x01, 0x00, 0x00, 0x00, 0x15, 0x10, 0x18, 0x70, 0x17, 0x00, 0x15, 0x11, 0x18
    .byte 0x70, 0x17, 0x00, 0x15, 0x12, 0x18, 0x70, 0x17, 0x00, 0x2c, 0x00, 0x01, 0x00, 0x00, 0x15, 0x01
    .byte 0x18, 0x70, 0x24, 0x00, 0x80, 0x00, 0x00, 0x00, 0x17, 0x00, 0x03, 0x00, 0x5e, 0x01, 0x00, 0x00
    .byte 0x2c, 0x80, 0x00, 0x00, 0x00, 0x15, 0x01, 0x18, 0x71, 0x04, 0x10, 0x17, 0x00, 0x2c, 0xd0, 0x07
    .byte 0x00, 0x00, 0x2c, 0xf0, 0x00, 0x00, 0x00, 0x15, 0xb2, 0x2c, 0x64, 0x00, 0x00, 0x00, 0x15, 0x07
    .byte 0x15, 0x08, 0x00, 0x2c, 0x1e, 0x00, 0x00, 0x00, 0x15, 0x01, 0x18, 0x70, 0x05, 0x00, 0x0f, 0x00
    .byte 0x00, 0x00, 0x17, 0x00, 0x15, 0x07, 0x15, 0x08, 0x20, 0x00, 0x00, 0x2c, 0x0e, 0x00, 0x00, 0x00
    .byte 0x15, 0xe0, 0x2c, 0x64, 0x00, 0x00, 0x00, 0x15, 0x10, 0x18, 0x70, 0x17, 0x00, 0x15, 0x11, 0x18
    .byte 0x70, 0x17, 0x00, 0x15, 0x12, 0x18, 0x70, 0x17, 0x00, 0x2c, 0x00, 0x01, 0x00, 0x00, 0x15, 0x01
    .byte 0x18, 0x70, 0x24, 0x00, 0x80, 0x00, 0x00, 0x00, 0x17, 0x00, 0x03, 0x00, 0x5e, 0x01, 0x00, 0x00
    .byte 0x2c, 0x80, 0x00, 0x00, 0x00, 0x15, 0x01, 0x18, 0x71, 0x04, 0x10, 0x17, 0x00, 0x2c, 0xd0, 0x07
    .byte 0x00, 0x00, 0x2c, 0xf0, 0x00, 0x00, 0x00, 0x15, 0xb2, 0x2c, 0x64, 0x00, 0x00, 0x00, 0x15, 0x07
    .byte 0x15, 0x08, 0x00, 0x2c, 0x20, 0x00, 0x00, 0x00, 0x2c, 0xe8, 0x29, 0x22, 0x02, 0x15, 0x39, 0x2c
    .byte 0x21, 0x00, 0x00, 0x00, 0x2c, 0xe8, 0x29, 0x22, 0x02, 0x15, 0x39, 0x2c, 0x22, 0x00, 0x00, 0x00
    .byte 0x2c, 0xe8, 0x29, 0x22, 0x02, 0x15, 0x39, 0x2c, 0x23, 0x00, 0x00, 0x00, 0x2c, 0xe8, 0x29, 0x22
    .byte 0x02, 0x15, 0x39, 0x2c, 0x24, 0x00, 0x00, 0x00, 0x2c, 0x4a, 0x2a, 0x22, 0x02, 0x15, 0x39, 0x22
    .byte 0x2c, 0x20, 0x00, 0x00, 0x00, 0x2c, 0x18, 0x2a, 0x22, 0x02, 0x15, 0x39, 0x2c, 0x21, 0x00, 0x00
    .byte 0x00, 0x2c, 0x18, 0x2a, 0x22, 0x02, 0x15, 0x39, 0x2c, 0x22, 0x00, 0x00, 0x00, 0x2c, 0x18, 0x2a
    .byte 0x22, 0x02, 0x15, 0x39, 0x2c, 0x23, 0x00, 0x00, 0x00, 0x2c, 0x18, 0x2a, 0x22, 0x02, 0x15, 0x39
    .byte 0x2c, 0x24, 0x00, 0x00, 0x00, 0x2c, 0x96, 0x2a, 0x22, 0x02, 0x15, 0x39, 0x22, 0x2c, 0x20, 0x00
    .byte 0x00, 0x00, 0x2c, 0xff, 0x29, 0x22, 0x02, 0x15, 0x39, 0x2c, 0x21, 0x00, 0x00, 0x00, 0x2c, 0xff
    .byte 0x29, 0x22, 0x02, 0x15, 0x39, 0x2c, 0x22, 0x00, 0x00, 0x00, 0x2c, 0xff, 0x29, 0x22, 0x02, 0x15
    .byte 0x39, 0x2c, 0x23, 0x00, 0x00, 0x00, 0x2c, 0xff, 0x29, 0x22, 0x02, 0x15, 0x39, 0x2c, 0x24, 0x00
    .byte 0x00, 0x00, 0x2c, 0x70, 0x2a, 0x22, 0x02, 0x15, 0x39, 0x22, 0x2c, 0x20, 0x00, 0x00, 0x00, 0x2c
    .byte 0x31, 0x2a, 0x22, 0x02, 0x15, 0x39, 0x2c, 0x21, 0x00, 0x00, 0x00, 0x2c, 0x31, 0x2a, 0x22, 0x02
    .byte 0x15, 0x39, 0x2c, 0x22, 0x00, 0x00, 0x00, 0x2c, 0x31, 0x2a, 0x22, 0x02, 0x15, 0x39, 0x2c, 0x23
    .byte 0x00, 0x00, 0x00, 0x2c, 0x31, 0x2a, 0x22, 0x02, 0x15, 0x39, 0x2c, 0x24, 0x00, 0x00, 0x00, 0x2c
    .byte 0xbc, 0x2a, 0x22, 0x02, 0x15, 0x39, 0x22, 0x2c, 0x06, 0x00, 0x00, 0x00, 0x20, 0x00, 0x00, 0x20
    .byte 0x00, 0x00, 0x20, 0x00, 0x00, 0x20, 0x00, 0x00, 0x15, 0x5c, 0x2c, 0x07, 0x00, 0x00, 0x00, 0x20
    .byte 0x00, 0x00, 0x20, 0x00, 0x00, 0x20, 0x00, 0x00, 0x20, 0x00, 0x00, 0x15, 0x5c, 0x20, 0x00, 0x00
    .byte 0x15, 0x05, 0x2c, 0x01, 0x00, 0x00, 0x00, 0x15, 0x25, 0x00, 0x2c, 0x06, 0x00, 0x00, 0x00, 0x20
    .byte 0x00, 0x00, 0x20, 0x00, 0x00, 0x20, 0x00, 0x00, 0x20, 0x00, 0x00, 0x15, 0x5c, 0x2c, 0x07, 0x00
    .byte 0x00, 0x00, 0x20, 0x00, 0x00, 0x20, 0x00, 0x00, 0x20, 0x00, 0x00, 0x20, 0x00, 0x00, 0x15, 0x5c
    .byte 0x20, 0x00, 0x00, 0x15, 0x05, 0x2c, 0x01, 0x00, 0x00, 0x00, 0x15, 0x25, 0x00, 0x2c, 0x06, 0x00
    .byte 0x00, 0x00, 0x20, 0x00, 0x00, 0x20, 0x00, 0x00, 0x20, 0x00, 0x00, 0x20, 0x00, 0x00, 0x15, 0x5c
    .byte 0x2c, 0x07, 0x00, 0x00, 0x00, 0x20, 0x00, 0x00, 0x20, 0x00, 0x00, 0x20, 0x00, 0x00, 0x20, 0x00
    .byte 0x00, 0x15, 0x5c, 0x20, 0x00, 0x00, 0x15, 0x05, 0x2c, 0x01, 0x00, 0x00, 0x00, 0x15, 0x25, 0x00
    .byte 0x2c, 0x06, 0x00, 0x00, 0x00, 0x20, 0x00, 0x00, 0x20, 0x00, 0x00, 0x20, 0x00, 0x00, 0x20, 0x00
    .byte 0x00, 0x15, 0x5c, 0x2c, 0x07, 0x00, 0x00, 0x00, 0x20, 0x00, 0x00, 0x20, 0x00, 0x00, 0x20, 0x00
    .byte 0x00, 0x20, 0x00, 0x00, 0x15, 0x5c, 0x20, 0x00, 0x00, 0x15, 0x05, 0x2c, 0x01, 0x00, 0x00, 0x00
    .byte 0x15, 0x25, 0x00, 0x2c, 0x06, 0x00, 0x00, 0x00, 0x20, 0x00, 0x00, 0x20, 0x00, 0x00, 0x20, 0x00
    .byte 0x00, 0x20, 0x00, 0x00, 0x15, 0x5c, 0x2c, 0x07, 0x00, 0x00, 0x00, 0x20, 0x00, 0x00, 0x20, 0x00
    .byte 0x00, 0x20, 0x00, 0x00, 0x20, 0x00, 0x00, 0x15, 0x5c, 0x2c, 0x04, 0x00, 0x00, 0x00, 0x15, 0x05
    .byte 0x2c, 0x01, 0x00, 0x00, 0x00, 0x15, 0x25, 0x00, 0x2c, 0x08, 0x00, 0x00, 0x00, 0x15, 0x01, 0x18
    .byte 0x70, 0x17, 0x00, 0x15, 0x07, 0x15, 0x08, 0x20, 0x00, 0x00, 0x15, 0x05, 0x15, 0x16, 0x00, 0x2c
    .byte 0x08, 0x00, 0x00, 0x00, 0x15, 0x01, 0x18, 0x70, 0x17, 0x00, 0x15, 0x07, 0x15, 0x08, 0x2c, 0x01
    .byte 0x00, 0x00, 0x00, 0x15, 0x05, 0x15, 0x16, 0x00, 0x2c, 0x08, 0x00, 0x00, 0x00, 0x15, 0x01, 0x18
    .byte 0x70, 0x17, 0x00, 0x15, 0x07, 0x15, 0x08, 0x2c, 0x02, 0x00, 0x00, 0x00, 0x15, 0x05, 0x15, 0x16
    .byte 0x00, 0x2c, 0x08, 0x00, 0x00, 0x00, 0x15, 0x01, 0x18, 0x70, 0x17, 0x00, 0x15, 0x07, 0x15, 0x08
    .byte 0x2c, 0x03, 0x00, 0x00, 0x00, 0x15, 0x05, 0x15, 0x16, 0x00, 0x2c, 0x0e, 0x00, 0x00, 0x00, 0x15
    .byte 0x01, 0x18, 0x70, 0x05, 0x00, 0x06, 0x00, 0x00, 0x00, 0x17, 0x00, 0x15, 0x07, 0x15, 0x08, 0x2c
    .byte 0x80, 0x00, 0x00, 0x00, 0x15, 0x17, 0x2c, 0x04, 0x00, 0x00, 0x00, 0x15, 0x05, 0x15, 0x16, 0x00
    .byte 0x2c, 0x0e, 0x00, 0x00, 0x00, 0x15, 0x01, 0x18, 0x70, 0x05, 0x00, 0x06, 0x00, 0x00, 0x00, 0x17
    .byte 0x00, 0x15, 0x07, 0x15, 0x08, 0x2c, 0x80, 0x00, 0x00, 0x00, 0x15, 0x17, 0x2c, 0x05, 0x00, 0x00
    .byte 0x00, 0x15, 0x05, 0x15, 0x16, 0x00, 0x2c, 0x0e, 0x00, 0x00, 0x00, 0x15, 0x01, 0x18, 0x70, 0x05
    .byte 0x00, 0x06, 0x00, 0x00, 0x00, 0x17, 0x00, 0x15, 0x07, 0x15, 0x08, 0x2c, 0x80, 0x00, 0x00, 0x00
    .byte 0x15, 0x17, 0x2c, 0x06, 0x00, 0x00, 0x00, 0x15, 0x05, 0x15, 0x16, 0x00, 0x2c, 0x0e, 0x00, 0x00
    .byte 0x00, 0x15, 0x01, 0x18, 0x70, 0x05, 0x00, 0x06, 0x00, 0x00, 0x00, 0x17, 0x00, 0x15, 0x07, 0x15
    .byte 0x08, 0x2c, 0x80, 0x00, 0x00, 0x00, 0x15, 0x17, 0x2c, 0x07, 0x00, 0x00, 0x00, 0x15, 0x05, 0x15
    .byte 0x16, 0x00, 0x00, 0x2c, 0x6c, 0x03, 0x00, 0x00, 0x2c, 0x49, 0x02, 0x00, 0x00, 0x20, 0x00, 0x00
    .byte 0x15, 0x02, 0x2c, 0x01, 0x00, 0x00, 0x00, 0x2c, 0x28, 0x2b, 0x22, 0x02, 0x15, 0x29, 0x2c, 0x01
    .byte 0x00, 0x00, 0x00, 0x15, 0xd7, 0x01, 0x0b, 0x2b, 0x22, 0x02, 0x00, 0x2c, 0xef, 0xff, 0xff, 0xff
    .byte 0x15, 0x05, 0x15, 0x16, 0x2c, 0x3c, 0x00, 0x00, 0x00, 0x15, 0x01, 0x18, 0x70, 0x17, 0x00, 0x15
    .byte 0x07, 0x15, 0x08, 0x25, 0x0b, 0x2b, 0x22, 0x02, 0x2c, 0x1b, 0x00, 0x00, 0x00, 0x15, 0x31, 0x18
    .byte 0x70, 0x26, 0x00, 0xd2, 0x20, 0x00, 0x00, 0x2c, 0xf7, 0xea, 0x21, 0x02, 0x15, 0x39, 0x20, 0x00
    .byte 0x00, 0x15, 0x42, 0x18, 0x70, 0x32, 0x00, 0x00, 0x00, 0x00, 0x00, 0x14, 0x55, 0x2b, 0x22, 0x02
    .byte 0x01, 0x3e, 0x2b, 0x22, 0x02, 0x2c, 0xff, 0xff, 0xff, 0xff, 0x15, 0x45, 0x2c, 0x02, 0x00, 0x00
    .byte 0x00, 0x2c, 0x1e, 0x00, 0x00, 0x00, 0x15, 0xef, 0x18, 0x70, 0x32, 0x00, 0x01, 0x00, 0x00, 0x00
    .byte 0x14, 0xa2, 0x2b, 0x22, 0x02, 0x15, 0x8b, 0x18, 0x70, 0x32, 0x00, 0x00, 0x00, 0x00, 0x00, 0x13
    .byte 0x89, 0x2b, 0x22, 0x02, 0x01, 0x75, 0x2b, 0x22, 0x02, 0x2c, 0x2a, 0x03, 0x00, 0x00, 0x2c, 0x01
    .byte 0x00, 0x00, 0x00, 0x20, 0x00, 0x00, 0x20, 0x00, 0x00, 0x15, 0x59, 0x15, 0x5a, 0x25, 0xca, 0x2b
    .byte 0x22, 0x02, 0x15, 0x8b, 0x18, 0x70, 0x32, 0x00, 0x00, 0x00, 0x00, 0x00, 0x13, 0xb6, 0x2b, 0x22
    .byte 0x02, 0x01, 0xa2, 0x2b, 0x22, 0x02, 0x2c, 0x29, 0x03, 0x00, 0x00, 0x2c, 0x01, 0x00, 0x00, 0x00
    .byte 0x20, 0x00, 0x00, 0x20, 0x00, 0x00, 0x15, 0x59, 0x15, 0x5a, 0x2c, 0x25, 0x00, 0x00, 0x00, 0x2c
    .byte 0x0b, 0x2b, 0x22, 0x02, 0x15, 0x39, 0x00, 0x2c, 0x09, 0x00, 0x00, 0x00, 0x15, 0x05, 0x15, 0x16
    .byte 0x2c, 0x08, 0x00, 0x00, 0x00, 0x15, 0x05, 0x2c, 0x01, 0x00, 0x00, 0x00, 0x15, 0x06, 0x03, 0x00
    .byte 0x3c, 0x00, 0x00, 0x00, 0x2c, 0x1e, 0x00, 0x00, 0x00, 0x15, 0x01, 0x18, 0x71, 0x04, 0x10, 0x17
    .byte 0x00, 0x15, 0x07, 0x15, 0x08, 0x2c, 0x0a, 0x00, 0x00, 0x00, 0x15, 0x05, 0x15, 0x16, 0x2c, 0x08
    .byte 0x00, 0x00, 0x00, 0x15, 0x05, 0x2c, 0x01, 0x00, 0x00, 0x00, 0x15, 0x06, 0x03, 0x00, 0x5a, 0x00
    .byte 0x00, 0x00, 0x2c, 0x5a, 0x00, 0x00, 0x00, 0x15, 0x01, 0x18, 0x71, 0x04, 0x10, 0x17, 0x00, 0x15
    .byte 0x07, 0x15, 0x08, 0x01, 0xd7, 0x2b, 0x22, 0x02, 0x2c, 0x15, 0x00, 0x00, 0x00, 0x2c, 0x02, 0x00
    .byte 0x00, 0x00, 0x2c, 0x7f, 0x00, 0x00, 0x00, 0x15, 0x0a, 0x2c, 0x08, 0x00, 0x00, 0x00, 0x15, 0x05
    .byte 0x20, 0x00, 0x00, 0x15, 0x06, 0x2c, 0x3c, 0x00, 0x00, 0x00, 0x15, 0x07, 0x15, 0x08, 0x2c, 0x08
    .byte 0x00, 0x00, 0x00, 0x15, 0x05, 0x20, 0x00, 0x00, 0x15, 0x06, 0x2c, 0x3c, 0x00, 0x00, 0x00, 0x15
    .byte 0x07, 0x15, 0x08, 0x2c, 0x15, 0x00, 0x00, 0x00, 0x15, 0x05, 0x2c, 0x01, 0x00, 0x00, 0x00, 0x15
    .byte 0x06, 0x2c, 0x96, 0x00, 0x00, 0x00, 0x15, 0x07, 0x15, 0x08, 0x2c, 0x09, 0x00, 0x00, 0x00, 0x15
    .byte 0x05, 0x20, 0x00, 0x00, 0x15, 0x06, 0x2c, 0x1e, 0x00, 0x00, 0x00, 0x15, 0x07, 0x15, 0x08, 0x2c
    .byte 0x0a, 0x00, 0x00, 0x00, 0x15, 0x05, 0x20, 0x00, 0x00, 0x15, 0x06, 0x2c, 0x01, 0x00, 0x00, 0x00
    .byte 0x15, 0x55, 0x2c, 0x0a, 0x00, 0x00, 0x00, 0x15, 0x07, 0x15, 0x08, 0x2c, 0x02, 0x00, 0x00, 0x00
    .byte 0x15, 0x55, 0x2c, 0x0a, 0x00, 0x00, 0x00, 0x15, 0x07, 0x15, 0x08, 0x2c, 0x03, 0x00, 0x00, 0x00
    .byte 0x15, 0x55, 0x2c, 0x0a, 0x00, 0x00, 0x00, 0x15, 0x07, 0x15, 0x08, 0x15, 0x16, 0x2c, 0x3c, 0x00
    .byte 0x00, 0x00, 0x15, 0x07, 0x15, 0x08, 0x22, 0x03, 0x00, 0x10, 0x00, 0x00, 0x00, 0x2c, 0x05, 0x00
    .byte 0x00, 0x00, 0x15, 0x01, 0x18, 0x71, 0x04, 0x10, 0x17, 0x00, 0x15, 0x05, 0x2c, 0x01, 0x00, 0x00
    .byte 0x00, 0x15, 0x06, 0x20, 0x00, 0x00, 0x2c, 0x00, 0x46, 0x00, 0x00, 0x15, 0xe0, 0x2c, 0x08, 0x00
    .byte 0x00, 0x00, 0x15, 0x07, 0x15, 0x08, 0x20, 0x00, 0x00, 0x2c, 0x01, 0x46, 0x00, 0x00, 0x15, 0xe0
    .byte 0x2c, 0x05, 0x00, 0x00, 0x00, 0x15, 0x07, 0x15, 0x08, 0x20, 0x00, 0x00, 0x2c, 0x02, 0x46, 0x00
    .byte 0x00, 0x15, 0xe0, 0x2c, 0x05, 0x00, 0x00, 0x00, 0x15, 0x07, 0x15, 0x08, 0x20, 0x00, 0x00, 0x2c
    .byte 0x01, 0x46, 0x00, 0x00, 0x15, 0xe0, 0x2c, 0x05, 0x00, 0x00, 0x00, 0x15, 0x07, 0x15, 0x08, 0x20
    .byte 0x00, 0x00, 0x2c, 0x01, 0x46, 0x00, 0x00, 0x15, 0xe0, 0x2c, 0x05, 0x00, 0x00, 0x00, 0x15, 0x07
    .byte 0x15, 0x08, 0x20, 0x00, 0x00, 0x2c, 0x02, 0x46, 0x00, 0x00, 0x15, 0xe0, 0x2c, 0x0a, 0x00, 0x00
    .byte 0x00, 0x15, 0x07, 0x15, 0x08, 0x20, 0x00, 0x00, 0x2c, 0x04, 0x46, 0x00, 0x00, 0x15, 0xe0, 0x2c
    .byte 0x08, 0x00, 0x00, 0x00, 0x15, 0x07, 0x15, 0x08, 0x20, 0x00, 0x00, 0x2c, 0x04, 0x46, 0x00, 0x00
    .byte 0x15, 0xe0, 0x2c, 0x0a, 0x00, 0x00, 0x00, 0x15, 0x07, 0x15, 0x08, 0x22, 0x20, 0x00, 0x00, 0x2c
    .byte 0xfe, 0xff, 0xff, 0xff, 0x20, 0x00, 0x00, 0x2c, 0x01, 0x00, 0x00, 0x00, 0x20, 0x00, 0x00, 0x20
    .byte 0x00, 0x00, 0x15, 0x1a, 0x2c, 0x0e, 0x00, 0x00, 0x00, 0x15, 0x07, 0x15, 0x08, 0x20, 0x00, 0x00
    .byte 0x2c, 0xfe, 0xff, 0xff, 0xff, 0x20, 0x00, 0x00, 0x2c, 0x01, 0x00, 0x00, 0x00, 0x20, 0x00, 0x00
    .byte 0x20, 0x00, 0x00, 0x15, 0x1a, 0x2c, 0x0e, 0x00, 0x00, 0x00, 0x15, 0x07, 0x15, 0x08, 0x20, 0x00
    .byte 0x00, 0x2c, 0x02, 0x00, 0x00, 0x00, 0x20, 0x00, 0x00, 0x2c, 0x01, 0x00, 0x00, 0x00, 0x20, 0x00
    .byte 0x00, 0x20, 0x00, 0x00, 0x15, 0x1a, 0x2c, 0x0e, 0x00, 0x00, 0x00, 0x15, 0x07, 0x15, 0x08, 0x20
    .byte 0x00, 0x00, 0x2c, 0x02, 0x00, 0x00, 0x00, 0x20, 0x00, 0x00, 0x2c, 0x01, 0x00, 0x00, 0x00, 0x20
    .byte 0x00, 0x00, 0x20, 0x00, 0x00, 0x15, 0x1a, 0x2c, 0x0e, 0x00, 0x00, 0x00, 0x15, 0x07, 0x15, 0x08
    .byte 0x01, 0x9c, 0x2d, 0x22, 0x02, 0x00, 0x03, 0x00, 0x26, 0x00, 0x00, 0x00, 0x28, 0x00, 0x06, 0x2b
    .byte 0x00, 0x06, 0x34, 0x00, 0x2a, 0x00, 0x00, 0x00, 0x14, 0x7f, 0x2e, 0x22, 0x02, 0x03, 0x00, 0x26
    .byte 0x00, 0x00, 0x00, 0x28, 0x00, 0x07, 0x2b, 0x00, 0x07, 0x34, 0x00, 0x2a, 0x00, 0x00, 0x00, 0x14
    .byte 0x6e, 0x2e, 0x22, 0x02, 0x2f, 0x07, 0x2f, 0x06, 0x20, 0x00, 0x00, 0x15, 0x3f, 0x2b, 0x00, 0x07
    .byte 0x05, 0x00, 0x01, 0x00, 0x00, 0x00, 0x28, 0x00, 0x07, 0x25, 0x46, 0x2e, 0x22, 0x02, 0x2b, 0x00
    .byte 0x06, 0x05, 0x00, 0x01, 0x00, 0x00, 0x00, 0x28, 0x00, 0x06, 0x25, 0x2f, 0x2e, 0x22, 0x02, 0x03
    .byte 0x00, 0x26, 0x00, 0x00, 0x00, 0x28, 0x00, 0x06, 0x2b, 0x00, 0x06, 0x34, 0x00, 0x2a, 0x00, 0x00
    .byte 0x00, 0x14, 0xdd, 0x2e, 0x22, 0x02, 0x03, 0x00, 0x26, 0x00, 0x00, 0x00, 0x28, 0x00, 0x07, 0x2b
    .byte 0x00, 0x07, 0x34, 0x00, 0x2a, 0x00, 0x00, 0x00, 0x14, 0xcc, 0x2e, 0x22, 0x02, 0x2c, 0x02, 0x00
    .byte 0x00, 0x00, 0x2f, 0x07, 0x2f, 0x06, 0x20, 0x00, 0x00, 0x15, 0x68, 0x2b, 0x00, 0x07, 0x05, 0x00
    .byte 0x01, 0x00, 0x00, 0x00, 0x28, 0x00, 0x07, 0x25, 0x9f, 0x2e, 0x22, 0x02, 0x2b, 0x00, 0x06, 0x05
    .byte 0x00, 0x01, 0x00, 0x00, 0x00, 0x28, 0x00, 0x06, 0x25, 0x88, 0x2e, 0x22, 0x02, 0x03, 0x00, 0x26
    .byte 0x00, 0x00, 0x00, 0x28, 0x00, 0x06, 0x2b, 0x00, 0x06, 0x34, 0x00, 0x2a, 0x00, 0x00, 0x00, 0x14
    .byte 0x3b, 0x2f, 0x22, 0x02, 0x03, 0x00, 0x26, 0x00, 0x00, 0x00, 0x28, 0x00, 0x07, 0x2b, 0x00, 0x07
    .byte 0x34, 0x00, 0x2a, 0x00, 0x00, 0x00, 0x14, 0x2a, 0x2f, 0x22, 0x02, 0x2c, 0x01, 0x00, 0x00, 0x00
    .byte 0x2f, 0x07, 0x2f, 0x06, 0x20, 0x00, 0x00, 0x15, 0x68, 0x2b, 0x00, 0x07, 0x05, 0x00, 0x01, 0x00
    .byte 0x00, 0x00, 0x28, 0x00, 0x07, 0x25, 0xfd, 0x2e, 0x22, 0x02, 0x2b, 0x00, 0x06, 0x05, 0x00, 0x01
    .byte 0x00, 0x00, 0x00, 0x28, 0x00, 0x06, 0x25, 0xe6, 0x2e, 0x22, 0x02, 0x20, 0x00, 0x00, 0x15, 0x07
    .byte 0x15, 0x08, 0x03, 0x00, 0x2e, 0x00, 0x00, 0x00, 0x28, 0x00, 0x06, 0x2b, 0x00, 0x06, 0x34, 0x00
    .byte 0x32, 0x00, 0x00, 0x00, 0x14, 0x9b, 0x2f, 0x22, 0x02, 0x03, 0x00, 0x26, 0x00, 0x00, 0x00, 0x28
    .byte 0x00, 0x07, 0x2b, 0x00, 0x07, 0x34, 0x00, 0x2a, 0x00, 0x00, 0x00, 0x14, 0x8a, 0x2f, 0x22, 0x02
    .byte 0x2f, 0x07, 0x2f, 0x06, 0x20, 0x00, 0x00, 0x15, 0x3f, 0x2b, 0x00, 0x07, 0x05, 0x00, 0x01, 0x00
    .byte 0x00, 0x00, 0x28, 0x00, 0x07, 0x25, 0x62, 0x2f, 0x22, 0x02, 0x2b, 0x00, 0x06, 0x05, 0x00, 0x01
    .byte 0x00, 0x00, 0x00, 0x28, 0x00, 0x06, 0x25, 0x4b, 0x2f, 0x22, 0x02, 0x03, 0x00, 0x2e, 0x00, 0x00
    .byte 0x00, 0x28, 0x00, 0x06, 0x2b, 0x00, 0x06, 0x34, 0x00, 0x32, 0x00, 0x00, 0x00, 0x14, 0xf9, 0x2f
    .byte 0x22, 0x02, 0x03, 0x00, 0x26, 0x00, 0x00, 0x00, 0x28, 0x00, 0x07, 0x2b, 0x00, 0x07, 0x34, 0x00
    .byte 0x2a, 0x00, 0x00, 0x00, 0x14, 0xe8, 0x2f, 0x22, 0x02, 0x2c, 0x02, 0x00, 0x00, 0x00, 0x2f, 0x07
    .byte 0x2f, 0x06, 0x20, 0x00, 0x00, 0x15, 0x68, 0x2b, 0x00, 0x07, 0x05, 0x00, 0x01, 0x00, 0x00, 0x00
    .byte 0x28, 0x00, 0x07, 0x25, 0xbb, 0x2f, 0x22, 0x02, 0x2b, 0x00, 0x06, 0x05, 0x00, 0x01, 0x00, 0x00
    .byte 0x00, 0x28, 0x00, 0x06, 0x25, 0xa4, 0x2f, 0x22, 0x02, 0x03, 0x00, 0x2e, 0x00, 0x00, 0x00, 0x28
    .byte 0x00, 0x06, 0x2b, 0x00, 0x06, 0x34, 0x00, 0x32, 0x00, 0x00, 0x00, 0x14, 0x57, 0x30, 0x22, 0x02
    .byte 0x03, 0x00, 0x26, 0x00, 0x00, 0x00, 0x28, 0x00, 0x07, 0x2b, 0x00, 0x07, 0x34, 0x00, 0x2a, 0x00
    .byte 0x00, 0x00, 0x14, 0x46, 0x30, 0x22, 0x02, 0x2c, 0x01, 0x00, 0x00, 0x00, 0x2f, 0x07, 0x2f, 0x06
    .byte 0x20, 0x00, 0x00, 0x15, 0x68, 0x2b, 0x00, 0x07, 0x05, 0x00, 0x01, 0x00, 0x00, 0x00, 0x28, 0x00
    .byte 0x07, 0x25, 0x19, 0x30, 0x22, 0x02, 0x2b, 0x00, 0x06, 0x05, 0x00, 0x01, 0x00, 0x00, 0x00, 0x28
    .byte 0x00, 0x06, 0x25, 0x02, 0x30, 0x22, 0x02, 0x20, 0x00, 0x00, 0x15, 0x07, 0x15, 0x08, 0x03, 0x00
    .byte 0x2f, 0x00, 0x00, 0x00, 0x28, 0x00, 0x06, 0x2b, 0x00, 0x06, 0x34, 0x00, 0x30, 0x00, 0x00, 0x00
    .byte 0x14, 0xbe, 0x30, 0x22, 0x02, 0x03, 0x00, 0x26, 0x00, 0x00, 0x00, 0x28, 0x00, 0x07, 0x2b, 0x00
    .byte 0x07, 0x34, 0x00, 0x2a, 0x00, 0x00, 0x00, 0x14, 0xad, 0x30, 0x22, 0x02, 0x2c, 0x01, 0x00, 0x00
    .byte 0x00, 0x2f, 0x07, 0x2f, 0x06, 0x2c, 0x07, 0x00, 0x00, 0x00, 0x15, 0x68, 0x2b, 0x00, 0x07, 0x05
    .byte 0x00, 0x01, 0x00, 0x00, 0x00, 0x28, 0x00, 0x07, 0x25, 0x7e, 0x30, 0x22, 0x02, 0x2b, 0x00, 0x06
    .byte 0x05, 0x00, 0x01, 0x00, 0x00, 0x00, 0x28, 0x00, 0x06, 0x25, 0x67, 0x30, 0x22, 0x02, 0x20, 0x00
    .byte 0x00, 0x15, 0x07, 0x15, 0x08, 0x00, 0x2c, 0x04, 0x00, 0x00, 0x00, 0x2c, 0xac, 0xff, 0xff, 0xff
    .byte 0x2c, 0xff, 0xff, 0xff, 0xff, 0x2c, 0xff, 0xff, 0xff, 0xff, 0x2c, 0xff, 0xff, 0xff, 0xff, 0x2c
    .byte 0xff, 0xff, 0xff, 0xff, 0x2c, 0xff, 0xff, 0xff, 0xff, 0x2c, 0xff, 0xff, 0xff, 0xff, 0x15, 0x33
    .byte 0x03, 0x00, 0x26, 0x00, 0x00, 0x00, 0x28, 0x00, 0x06, 0x2b, 0x00, 0x06, 0x34, 0x00, 0x30, 0x00
    .byte 0x00, 0x00, 0x14, 0x49, 0x31, 0x22, 0x02, 0x03, 0x00, 0x26, 0x00, 0x00, 0x00, 0x28, 0x00, 0x07
    .byte 0x2b, 0x00, 0x07, 0x34, 0x00, 0x2a, 0x00, 0x00, 0x00, 0x14, 0x38, 0x31, 0x22, 0x02, 0x2f, 0x07
    .byte 0x2f, 0x06, 0x20, 0x00, 0x00, 0x15, 0x3f, 0x2b, 0x00, 0x07, 0x05, 0x00, 0x01, 0x00, 0x00, 0x00
    .byte 0x28, 0x00, 0x07, 0x25, 0x10, 0x31, 0x22, 0x02, 0x2b, 0x00, 0x06, 0x05, 0x00, 0x01, 0x00, 0x00
    .byte 0x00, 0x28, 0x00, 0x06, 0x25, 0xf9, 0x30, 0x22, 0x02, 0x03, 0x00, 0x26, 0x00, 0x00, 0x00, 0x28
    .byte 0x00, 0x06, 0x2b, 0x00, 0x06, 0x34, 0x00, 0x30, 0x00, 0x00, 0x00, 0x14, 0xa7, 0x31, 0x22, 0x02
    .byte 0x03, 0x00, 0x26, 0x00, 0x00, 0x00, 0x28, 0x00, 0x07, 0x2b, 0x00, 0x07, 0x34, 0x00, 0x2a, 0x00
    .byte 0x00, 0x00, 0x14, 0x96, 0x31, 0x22, 0x02, 0x2c, 0x02, 0x00, 0x00, 0x00, 0x2f, 0x07, 0x2f, 0x06
    .byte 0x20, 0x00, 0x00, 0x15, 0x68, 0x2b, 0x00, 0x07, 0x05, 0x00, 0x01, 0x00, 0x00, 0x00, 0x28, 0x00
    .byte 0x07, 0x25, 0x69, 0x31, 0x22, 0x02, 0x2b, 0x00, 0x06, 0x05, 0x00, 0x01, 0x00, 0x00, 0x00, 0x28
    .byte 0x00, 0x06, 0x25, 0x52, 0x31, 0x22, 0x02, 0x03, 0x00, 0x26, 0x00, 0x00, 0x00, 0x28, 0x00, 0x06
    .byte 0x2b, 0x00, 0x06, 0x34, 0x00, 0x30, 0x00, 0x00, 0x00, 0x14, 0x05, 0x32, 0x22, 0x02, 0x03, 0x00
    .byte 0x26, 0x00, 0x00, 0x00, 0x28, 0x00, 0x07, 0x2b, 0x00, 0x07, 0x34, 0x00, 0x2a, 0x00, 0x00, 0x00
    .byte 0x14, 0xf4, 0x31, 0x22, 0x02, 0x2c, 0x01, 0x00, 0x00, 0x00, 0x2f, 0x07, 0x2f, 0x06, 0x20, 0x00
    .byte 0x00, 0x15, 0x68, 0x2b, 0x00, 0x07, 0x05, 0x00, 0x01, 0x00, 0x00, 0x00, 0x28, 0x00, 0x07, 0x25
    .byte 0xc7, 0x31, 0x22, 0x02, 0x2b, 0x00, 0x06, 0x05, 0x00, 0x01, 0x00, 0x00, 0x00, 0x28, 0x00, 0x06
    .byte 0x25, 0xb0, 0x31, 0x22, 0x02, 0x20, 0x00, 0x00, 0x15, 0x07, 0x15, 0x08, 0x03, 0x00, 0x2f, 0x00
    .byte 0x00, 0x00, 0x28, 0x00, 0x06, 0x2b, 0x00, 0x06, 0x34, 0x00, 0x30, 0x00, 0x00, 0x00, 0x14, 0x6c
    .byte 0x32, 0x22, 0x02, 0x03, 0x00, 0x26, 0x00, 0x00, 0x00, 0x28, 0x00, 0x07, 0x2b, 0x00, 0x07, 0x34
    .byte 0x00, 0x2a, 0x00, 0x00, 0x00, 0x14, 0x5b, 0x32, 0x22, 0x02, 0x2c, 0x01, 0x00, 0x00, 0x00, 0x2f
    .byte 0x07, 0x2f, 0x06, 0x2c, 0x07, 0x00, 0x00, 0x00, 0x15, 0x68, 0x2b, 0x00, 0x07, 0x05, 0x00, 0x01
    .byte 0x00, 0x00, 0x00, 0x28, 0x00, 0x07, 0x25, 0x2c, 0x32, 0x22, 0x02, 0x2b, 0x00, 0x06, 0x05, 0x00
    .byte 0x01, 0x00, 0x00, 0x00, 0x28, 0x00, 0x06, 0x25, 0x15, 0x32, 0x22, 0x02, 0x20, 0x00, 0x00, 0x15
    .byte 0x07, 0x15, 0x08, 0x2c, 0x05, 0x00, 0x00, 0x00, 0x2c, 0x54, 0x00, 0x00, 0x00, 0x2c, 0xff, 0xff
    .byte 0xff, 0xff, 0x2c, 0xff, 0xff, 0xff, 0xff, 0x2c, 0xff, 0xff, 0xff, 0xff, 0x2c, 0xff, 0xff, 0xff
    .byte 0xff, 0x2c, 0xff, 0xff, 0xff, 0xff, 0x2c, 0xff, 0xff, 0xff, 0xff, 0x15, 0x33, 0x22, 0x15, 0x11
    .byte 0x18, 0x70, 0x09, 0x00, 0x10, 0x00, 0x00, 0x00, 0x24, 0x00, 0x01, 0x00, 0x00, 0x00, 0x28, 0x00
    .byte 0x06, 0x2b, 0x00, 0x06, 0x15, 0x11, 0x18, 0x71, 0x09, 0x01, 0x10, 0x00, 0x00, 0x00, 0x24, 0x01
    .byte 0x01, 0x00, 0x00, 0x00, 0x05, 0x01, 0x01, 0x00, 0x00, 0x00, 0x1e, 0x10, 0x14, 0x31, 0x33, 0x22
    .byte 0x02, 0x15, 0x10, 0x18, 0x70, 0x09, 0x00, 0x10, 0x00, 0x00, 0x00, 0x24, 0x00, 0x02, 0x00, 0x00
    .byte 0x00, 0x28, 0x00, 0x07, 0x2b, 0x00, 0x07, 0x15, 0x10, 0x18, 0x71, 0x09, 0x01, 0x10, 0x00, 0x00
    .byte 0x00, 0x24, 0x01, 0x02, 0x00, 0x00, 0x00, 0x05, 0x01, 0x04, 0x00, 0x00, 0x00, 0x1e, 0x10, 0x14
    .byte 0x20, 0x33, 0x22, 0x02, 0x2f, 0x07, 0x2f, 0x06, 0x2c, 0x02, 0x00, 0x00, 0x00, 0x15, 0x3f, 0x2b
    .byte 0x00, 0x07, 0x05, 0x00, 0x01, 0x00, 0x00, 0x00, 0x28, 0x00, 0x07, 0x25, 0xe4, 0x32, 0x22, 0x02
    .byte 0x2b, 0x00, 0x06, 0x05, 0x00, 0x01, 0x00, 0x00, 0x00, 0x28, 0x00, 0x06, 0x25, 0xb1, 0x32, 0x22
    .byte 0x02, 0x15, 0x11, 0x18, 0x70, 0x09, 0x00, 0x10, 0x00, 0x00, 0x00, 0x24, 0x00, 0x01, 0x00, 0x00
    .byte 0x00, 0x28, 0x00, 0x06, 0x2b, 0x00, 0x06, 0x15, 0x11, 0x18, 0x71, 0x09, 0x01, 0x10, 0x00, 0x00
    .byte 0x00, 0x24, 0x01, 0x01, 0x00, 0x00, 0x00, 0x05, 0x01, 0x01, 0x00, 0x00, 0x00, 0x1e, 0x10, 0x14
    .byte 0xc7, 0x33, 0x22, 0x02, 0x15, 0x10, 0x18, 0x70, 0x09, 0x00, 0x10, 0x00, 0x00, 0x00, 0x24, 0x00
    .byte 0x02, 0x00, 0x00, 0x00, 0x28, 0x00, 0x07, 0x2b, 0x00, 0x07, 0x15, 0x10, 0x18, 0x71, 0x09, 0x01
    .byte 0x10, 0x00, 0x00, 0x00, 0x24, 0x01, 0x02, 0x00, 0x00, 0x00, 0x05, 0x01, 0x04, 0x00, 0x00, 0x00
    .byte 0x1e, 0x10, 0x14, 0xb6, 0x33, 0x22, 0x02, 0x2c, 0x02, 0x00, 0x00, 0x00, 0x2f, 0x07, 0x2f, 0x06
    .byte 0x20, 0x00, 0x00, 0x15, 0x68, 0x2b, 0x00, 0x07, 0x05, 0x00, 0x01, 0x00, 0x00, 0x00, 0x28, 0x00
    .byte 0x07, 0x25, 0x77, 0x33, 0x22, 0x02, 0x2b, 0x00, 0x06, 0x05, 0x00, 0x01, 0x00, 0x00, 0x00, 0x28
    .byte 0x00, 0x06, 0x25, 0x44, 0x33, 0x22, 0x02, 0x15, 0x11, 0x18, 0x70, 0x09, 0x00, 0x10, 0x00, 0x00
    .byte 0x00, 0x24, 0x00, 0x01, 0x00, 0x00, 0x00, 0x28, 0x00, 0x06, 0x2b, 0x00, 0x06, 0x15, 0x11, 0x18
    .byte 0x71, 0x09, 0x01, 0x10, 0x00, 0x00, 0x00, 0x24, 0x01, 0x01, 0x00, 0x00, 0x00, 0x05, 0x01, 0x01
    .byte 0x00, 0x00, 0x00, 0x1e, 0x10, 0x14, 0x5d, 0x34, 0x22, 0x02, 0x15, 0x10, 0x18, 0x70, 0x09, 0x00
    .byte 0x10, 0x00, 0x00, 0x00, 0x24, 0x00, 0x02, 0x00, 0x00, 0x00, 0x28, 0x00, 0x07, 0x2b, 0x00, 0x07
    .byte 0x15, 0x10, 0x18, 0x71, 0x09, 0x01, 0x10, 0x00, 0x00, 0x00, 0x24, 0x01, 0x02, 0x00, 0x00, 0x00
    .byte 0x05, 0x01, 0x04, 0x00, 0x00, 0x00, 0x1e, 0x10, 0x14, 0x4c, 0x34, 0x22, 0x02, 0x2c, 0x01, 0x00
    .byte 0x00, 0x00, 0x2f, 0x07, 0x2f, 0x06, 0x20, 0x00, 0x00, 0x15, 0x68, 0x2b, 0x00, 0x07, 0x05, 0x00
    .byte 0x01, 0x00, 0x00, 0x00, 0x28, 0x00, 0x07, 0x25, 0x0d, 0x34, 0x22, 0x02, 0x2b, 0x00, 0x06, 0x05
    .byte 0x00, 0x01, 0x00, 0x00, 0x00, 0x28, 0x00, 0x06, 0x25, 0xda, 0x33, 0x22, 0x02, 0x20, 0x00, 0x00
    .byte 0x15, 0x07, 0x15, 0x08, 0x00, 0x03, 0x00, 0x00, 0x00, 0x00, 0x00, 0x28, 0x00, 0x01, 0x2c, 0x01
    .byte 0x00, 0x00, 0x00, 0x15, 0x09, 0x2c, 0xa0, 0x02, 0x00, 0x00, 0x2c, 0x40, 0x02, 0x00, 0x00, 0x20
    .byte 0x00, 0x00, 0x15, 0x02, 0x2c, 0x01, 0x00, 0x00, 0x00, 0x15, 0xd7, 0x20, 0x00, 0x00, 0x2c, 0xcc
    .byte 0xff, 0xff, 0xff, 0x15, 0xd1, 0x2c, 0x01, 0x00, 0x00, 0x00, 0x2c, 0xa7, 0x34, 0x22, 0x02, 0x15
    .byte 0x29, 0x01, 0xd7, 0x2b, 0x22, 0x02, 0x00, 0x2c, 0x05, 0x00, 0x00, 0x00, 0x2c, 0x64, 0x00, 0x00
    .byte 0x00, 0x15, 0xe0, 0x18, 0x70, 0x32, 0x00, 0x01, 0x00, 0x00, 0x00, 0x14, 0xe5, 0x34, 0x22, 0x02
    .byte 0x2c, 0x1c, 0x00, 0x00, 0x00, 0x2c, 0x64, 0x00, 0x00, 0x00, 0x20, 0x00, 0x00, 0x2c, 0x05, 0x00
    .byte 0x00, 0x00, 0x15, 0x0c, 0x2c, 0x17, 0x00, 0x00, 0x00, 0x2c, 0x64, 0x00, 0x00, 0x00, 0x2c, 0x01
    .byte 0x00, 0x00, 0x00, 0x15, 0x0a, 0x2c, 0x1b, 0x00, 0x00, 0x00, 0x15, 0x31, 0x18, 0x70, 0x26, 0x00
    .byte 0xd2, 0x20, 0x00, 0x00, 0x2c, 0xf7, 0xea, 0x21, 0x02, 0x15, 0x39, 0x20, 0x00, 0x00, 0x15, 0x42
    .byte 0x18, 0x70, 0x32, 0x00, 0x00, 0x00, 0x00, 0x00, 0x14, 0x12, 0x35, 0x22, 0x02, 0x01, 0xfb, 0x34
    .byte 0x22, 0x02, 0x2c, 0x08, 0x00, 0x00, 0x00, 0x2c, 0x8c, 0x00, 0x00, 0x00, 0x15, 0xe0, 0x2c, 0x22
    .byte 0x00, 0x00, 0x00, 0x2c, 0x01, 0x00, 0x00, 0x00, 0x15, 0xe0, 0x2c, 0x15, 0x00, 0x00, 0x00, 0x2c
    .byte 0x03, 0x00, 0x00, 0x00, 0x20, 0x00, 0x00, 0x15, 0x0a, 0x2c, 0x1c, 0x00, 0x00, 0x00, 0x2c, 0x03
    .byte 0x00, 0x00, 0x00, 0x2c, 0x7f, 0x00, 0x00, 0x00, 0x2c, 0x0a, 0x00, 0x00, 0x00, 0x15, 0x0c, 0x2c
    .byte 0x34, 0x14, 0x00, 0x00, 0x2c, 0x35, 0x14, 0x00, 0x00, 0x2c, 0x36, 0x14, 0x00, 0x00, 0x2c, 0x02
    .byte 0x00, 0x00, 0x00, 0x2c, 0x09, 0x00, 0x00, 0x00, 0x15, 0x73, 0x03, 0x00, 0x17, 0x00, 0x00, 0x00
    .byte 0x15, 0x1f, 0x18, 0x71, 0x17, 0x10, 0x15, 0x20, 0x18, 0x71, 0x17, 0x10, 0x15, 0x1e, 0x18, 0x71
    .byte 0x04, 0x10, 0x17, 0x00, 0x15, 0x45, 0x29, 0x00, 0x7f, 0x32, 0x00, 0x00, 0x00, 0x00, 0x00, 0x14
    .byte 0xd4, 0x35, 0x22, 0x02, 0x29, 0x00, 0x7f, 0x05, 0x00, 0x01, 0x00, 0x00, 0x00, 0x26, 0x00, 0x7f
    .byte 0x15, 0x8b, 0x18, 0x70, 0x32, 0x00, 0x00, 0x00, 0x00, 0x00, 0x13, 0xb4, 0x35, 0x22, 0x02, 0x01
    .byte 0xa0, 0x35, 0x22, 0x02, 0x2c, 0xfa, 0x02, 0x00, 0x00, 0x2c, 0x01, 0x00, 0x00, 0x00, 0x20, 0x00
    .byte 0x00, 0x20, 0x00, 0x00, 0x15, 0xb8, 0x03, 0x00, 0x01, 0x00, 0x00, 0x00, 0x28, 0x00, 0x02, 0x25
    .byte 0x76, 0x36, 0x22, 0x02, 0x2c, 0xaa, 0x02, 0x00, 0x00, 0x15, 0x37, 0x18, 0x70, 0x32, 0x00, 0x00
    .byte 0x00, 0x00, 0x00, 0x14, 0x50, 0x36, 0x22, 0x02, 0x2b, 0x00, 0x02, 0x32, 0x00, 0x00, 0x00, 0x00
    .byte 0x00, 0x14, 0x1e, 0x36, 0x22, 0x02, 0x15, 0x8b, 0x18, 0x70, 0x32, 0x00, 0x00, 0x00, 0x00, 0x00
    .byte 0x13, 0x0a, 0x36, 0x22, 0x02, 0x01, 0xf6, 0x35, 0x22, 0x02, 0x2c, 0x1d, 0x03, 0x00, 0x00, 0x2c
    .byte 0x01, 0x00, 0x00, 0x00, 0x20, 0x00, 0x00, 0x20, 0x00, 0x00, 0x15, 0x59, 0x15, 0x5a, 0x2c, 0xaa
    .byte 0x02, 0x00, 0x00, 0x15, 0x35, 0x15, 0x8b, 0x18, 0x70, 0x32, 0x00, 0x00, 0x00, 0x00, 0x00, 0x13
    .byte 0x39, 0x36, 0x22, 0x02, 0x01, 0x25, 0x36, 0x22, 0x02, 0x2c, 0x1e, 0x03, 0x00, 0x00, 0x2c, 0x01
    .byte 0x00, 0x00, 0x00, 0x20, 0x00, 0x00, 0x20, 0x00, 0x00, 0x15, 0x59, 0x25, 0x76, 0x36, 0x22, 0x02
    .byte 0x15, 0x8b, 0x18, 0x70, 0x32, 0x00, 0x00, 0x00, 0x00, 0x00, 0x13, 0x64, 0x36, 0x22, 0x02, 0x01
    .byte 0x50, 0x36, 0x22, 0x02, 0x2c, 0x00, 0x03, 0x00, 0x00, 0x2c, 0x01, 0x00, 0x00, 0x00, 0x20, 0x00
    .byte 0x00, 0x20, 0x00, 0x00, 0x15, 0xb8, 0x15, 0x5a, 0x03, 0x00, 0x00, 0x00, 0x00, 0x00, 0x36, 0x00
    .byte 0x00, 0x2c, 0x0c, 0x04, 0x00, 0x00, 0x15, 0x35, 0x2c, 0x0d, 0x00, 0x00, 0x00, 0x2c, 0x01, 0x00
    .byte 0x00, 0x00, 0x15, 0x78, 0x2c, 0x0c, 0x04, 0x00, 0x00, 0x15, 0x36, 0x2c, 0x01, 0x00, 0x00, 0x00
    .byte 0x15, 0x07, 0x15, 0x08, 0x2c, 0x90, 0x03, 0x00, 0x00, 0x15, 0x37, 0x18, 0x70, 0x32, 0x00, 0x00
    .byte 0x00, 0x00, 0x00, 0x14, 0xc2, 0x36, 0x22, 0x02, 0x01, 0xb8, 0x43, 0x22, 0x02, 0x25, 0x76, 0x37
    .byte 0x22, 0x02, 0x37, 0x00, 0x00, 0x32, 0x00, 0x00, 0x00, 0x00, 0x00, 0x14, 0xe3, 0x36, 0x22, 0x02
    .byte 0x2c, 0x2d, 0x00, 0x00, 0x00, 0x15, 0x07, 0x15, 0x08, 0x01, 0x77, 0x37, 0x22, 0x02, 0x25, 0x76
    .byte 0x37, 0x22, 0x02, 0x37, 0x00, 0x00, 0x34, 0x00, 0x00, 0x00, 0x00, 0x00, 0x14, 0x36, 0x37, 0x22
    .byte 0x02, 0x03, 0x00, 0x00, 0x00, 0x00, 0x00, 0x37, 0x01, 0x00, 0x23, 0x10, 0x17, 0x00, 0x15, 0xaa
    .byte 0x2c, 0x03, 0x00, 0x00, 0x00, 0x03, 0x00, 0x00, 0x00, 0x00, 0x00, 0x37, 0x01, 0x00, 0x23, 0x10
    .byte 0x17, 0x00, 0x20, 0x00, 0x00, 0x20, 0x00, 0x00, 0x20, 0x00, 0x00, 0x20, 0x00, 0x00, 0x20, 0x00
    .byte 0x00, 0x15, 0x53, 0x2c, 0x5a, 0x00, 0x00, 0x00, 0x15, 0x07, 0x15, 0x08, 0x01, 0x77, 0x37, 0x22
    .byte 0x02, 0x25, 0x76, 0x37, 0x22, 0x02, 0x03, 0x00, 0x00, 0x00, 0x00, 0x00, 0x37, 0x01, 0x00, 0x23
    .byte 0x10, 0x17, 0x00, 0x15, 0xaa, 0x2c, 0x03, 0x00, 0x00, 0x00, 0x03, 0x00, 0x00, 0x00, 0x00, 0x00
    .byte 0x37, 0x01, 0x00, 0x23, 0x10, 0x17, 0x00, 0x20, 0x00, 0x00, 0x20, 0x00, 0x00, 0x20, 0x00, 0x00
    .byte 0x20, 0x00, 0x00, 0x20, 0x00, 0x00, 0x15, 0x53, 0x2c, 0x5a, 0x00, 0x00, 0x00, 0x15, 0x07, 0x15
    .byte 0x08, 0x01, 0x77, 0x37, 0x22, 0x02, 0x00, 0x37, 0x00, 0x00, 0x31, 0x00, 0x63, 0x00, 0x00, 0x00
    .byte 0x14, 0x93, 0x37, 0x22, 0x02, 0x03, 0x00, 0x63, 0x00, 0x00, 0x00, 0x26, 0x00, 0x82, 0x25, 0x9e
    .byte 0x37, 0x22, 0x02, 0x29, 0x00, 0x82, 0x37, 0x01, 0x00, 0x04, 0x10, 0x26, 0x00, 0x82, 0x2c, 0x16
    .byte 0x00, 0x00, 0x00, 0x2c, 0x03, 0x00, 0x00, 0x00, 0x2c, 0x0a, 0x00, 0x00, 0x00, 0x15, 0x0a, 0x2c
    .byte 0x0a, 0x00, 0x00, 0x00, 0x15, 0x07, 0x15, 0x08, 0x2c, 0x15, 0x00, 0x00, 0x00, 0x2c, 0x05, 0x00
    .byte 0x00, 0x00, 0x2c, 0x7f, 0x00, 0x00, 0x00, 0x15, 0x0a, 0x2c, 0x01, 0x00, 0x00, 0x00, 0x2c, 0x80
    .byte 0x02, 0x00, 0x00, 0x2c, 0x50, 0x02, 0x00, 0x00, 0x2c, 0x23, 0x00, 0x00, 0x00, 0x20, 0x00, 0x00
    .byte 0x15, 0x4f, 0x2c, 0x0f, 0x00, 0x00, 0x00, 0x15, 0x07, 0x15, 0x08, 0x20, 0x00, 0x00, 0x15, 0x18
    .byte 0x20, 0x00, 0x00, 0x15, 0x19, 0x03, 0x00, 0x06, 0x00, 0x00, 0x00, 0x26, 0x00, 0x02, 0x20, 0x00
    .byte 0x00, 0x2c, 0x6f, 0xeb, 0x21, 0x02, 0x15, 0x39, 0x2c, 0x01, 0x00, 0x00, 0x00, 0x15, 0x2b, 0x2c
    .byte 0x80, 0x02, 0x00, 0x00, 0x2c, 0x70, 0x02, 0x00, 0x00, 0x20, 0x00, 0x00, 0x2c, 0xfe, 0x0f, 0x00
    .byte 0x00, 0x2c, 0x05, 0x00, 0x00, 0x00, 0x20, 0x00, 0x00, 0x15, 0x1a, 0x2c, 0x01, 0x00, 0x00, 0x00
    .byte 0x15, 0x07, 0x15, 0x08, 0x15, 0x22, 0x18, 0x70, 0x13, 0x44, 0x38, 0x22, 0x02, 0x15, 0x28, 0x25
    .byte 0x5e, 0x38, 0x22, 0x02, 0x2c, 0x06, 0x00, 0x00, 0x00, 0x15, 0x31, 0x18, 0x70, 0x13, 0x59, 0x38
    .byte 0x22, 0x02, 0x15, 0x28, 0x25, 0x5e, 0x38, 0x22, 0x02, 0x25, 0x2b, 0x38, 0x22, 0x02, 0x2b, 0x00
    .byte 0x00, 0x32, 0x00, 0x00, 0x00, 0x00, 0x00, 0x14, 0x3a, 0x3b, 0x22, 0x02, 0x2c, 0x0f, 0x00, 0x00
    .byte 0x00, 0x15, 0x07, 0x15, 0x08, 0x03, 0x00, 0x01, 0x00, 0x00, 0x00, 0x28, 0x00, 0x00, 0x2c, 0x13
    .byte 0x00, 0x00, 0x00, 0x15, 0x05, 0x2c, 0x02, 0x00, 0x00, 0x00, 0x15, 0x55, 0x2c, 0x04, 0x00, 0x00
    .byte 0x00, 0x15, 0x07, 0x15, 0x08, 0x2c, 0x03, 0x00, 0x00, 0x00, 0x15, 0x55, 0x2c, 0x04, 0x00, 0x00
    .byte 0x00, 0x15, 0x07, 0x15, 0x08, 0x2c, 0x0f, 0x00, 0x00, 0x00, 0x2c, 0x08, 0x00, 0x00, 0x00, 0x15
    .byte 0x47, 0x18, 0x70, 0x09, 0x00, 0x10, 0x00, 0x00, 0x00, 0x24, 0x00, 0x01, 0x00, 0x00, 0x00, 0x28
    .byte 0x00, 0x06, 0x2b, 0x00, 0x06, 0x2c, 0x0f, 0x00, 0x00, 0x00, 0x2c, 0x08, 0x00, 0x00, 0x00, 0x15
    .byte 0x47, 0x18, 0x71, 0x09, 0x01, 0x10, 0x00, 0x00, 0x00, 0x24, 0x01, 0x01, 0x00, 0x00, 0x00, 0x05
    .byte 0x01, 0x01, 0x00, 0x00, 0x00, 0x1e, 0x10, 0x14, 0x5e, 0x39, 0x22, 0x02, 0x2c, 0x0f, 0x00, 0x00
    .byte 0x00, 0x2c, 0x07, 0x00, 0x00, 0x00, 0x15, 0x47, 0x18, 0x70, 0x09, 0x00, 0x10, 0x00, 0x00, 0x00
    .byte 0x24, 0x00, 0x02, 0x00, 0x00, 0x00, 0x28, 0x00, 0x07, 0x2b, 0x00, 0x07, 0x2c, 0x0f, 0x00, 0x00
    .byte 0x00, 0x2c, 0x07, 0x00, 0x00, 0x00, 0x15, 0x47, 0x18, 0x71, 0x09, 0x01, 0x10, 0x00, 0x00, 0x00
    .byte 0x24, 0x01, 0x02, 0x00, 0x00, 0x00, 0x05, 0x01, 0x04, 0x00, 0x00, 0x00, 0x1e, 0x10, 0x14, 0x4d
    .byte 0x39, 0x22, 0x02, 0x2f, 0x07, 0x2f, 0x06, 0x20, 0x00, 0x00, 0x15, 0x3f, 0x2b, 0x00, 0x07, 0x05
    .byte 0x00, 0x01, 0x00, 0x00, 0x00, 0x28, 0x00, 0x07, 0x25, 0x09, 0x39, 0x22, 0x02, 0x2b, 0x00, 0x06
    .byte 0x05, 0x00, 0x01, 0x00, 0x00, 0x00, 0x28, 0x00, 0x06, 0x25, 0xc2, 0x38, 0x22, 0x02, 0x2c, 0x0f
    .byte 0x00, 0x00, 0x00, 0x2c, 0x08, 0x00, 0x00, 0x00, 0x15, 0x47, 0x18, 0x70, 0x09, 0x00, 0x10, 0x00
    .byte 0x00, 0x00, 0x24, 0x00, 0x01, 0x00, 0x00, 0x00, 0x28, 0x00, 0x06, 0x2b, 0x00, 0x06, 0x2c, 0x0f
    .byte 0x00, 0x00, 0x00, 0x2c, 0x08, 0x00, 0x00, 0x00, 0x15, 0x47, 0x18, 0x71, 0x09, 0x01, 0x10, 0x00
    .byte 0x00, 0x00, 0x24, 0x01, 0x01, 0x00, 0x00, 0x00, 0x05, 0x01, 0x01, 0x00, 0x00, 0x00, 0x1e, 0x10
    .byte 0x14, 0x1c, 0x3a, 0x22, 0x02, 0x2c, 0x0f, 0x00, 0x00, 0x00, 0x2c, 0x07, 0x00, 0x00, 0x00, 0x15
    .byte 0x47, 0x18, 0x70, 0x09, 0x00, 0x10, 0x00, 0x00, 0x00, 0x24, 0x00, 0x02, 0x00, 0x00, 0x00, 0x28
    .byte 0x00, 0x07, 0x2b, 0x00, 0x07, 0x2c, 0x0f, 0x00, 0x00, 0x00, 0x2c, 0x07, 0x00, 0x00, 0x00, 0x15
    .byte 0x47, 0x18, 0x71, 0x09, 0x01, 0x10, 0x00, 0x00, 0x00, 0x24, 0x01, 0x02, 0x00, 0x00, 0x00, 0x05
    .byte 0x01, 0x04, 0x00, 0x00, 0x00, 0x1e, 0x10, 0x14, 0x0b, 0x3a, 0x22, 0x02, 0x2c, 0x02, 0x00, 0x00
    .byte 0x00, 0x2f, 0x07, 0x2f, 0x06, 0x20, 0x00, 0x00, 0x15, 0x68, 0x2b, 0x00, 0x07, 0x05, 0x00, 0x01
    .byte 0x00, 0x00, 0x00, 0x28, 0x00, 0x07, 0x25, 0xc2, 0x39, 0x22, 0x02, 0x2b, 0x00, 0x06, 0x05, 0x00
    .byte 0x01, 0x00, 0x00, 0x00, 0x28, 0x00, 0x06, 0x25, 0x7b, 0x39, 0x22, 0x02, 0x2c, 0x0f, 0x00, 0x00
    .byte 0x00, 0x2c, 0x08, 0x00, 0x00, 0x00, 0x15, 0x47, 0x18, 0x70, 0x09, 0x00, 0x10, 0x00, 0x00, 0x00
    .byte 0x24, 0x00, 0x01, 0x00, 0x00, 0x00, 0x28, 0x00, 0x06, 0x2b, 0x00, 0x06, 0x2c, 0x0f, 0x00, 0x00
    .byte 0x00, 0x2c, 0x08, 0x00, 0x00, 0x00, 0x15, 0x47, 0x18, 0x71, 0x09, 0x01, 0x10, 0x00, 0x00, 0x00
    .byte 0x24, 0x01, 0x01, 0x00, 0x00, 0x00, 0x05, 0x01, 0x01, 0x00, 0x00, 0x00, 0x1e, 0x10, 0x14, 0xda
    .byte 0x3a, 0x22, 0x02, 0x2c, 0x0f, 0x00, 0x00, 0x00, 0x2c, 0x07, 0x00, 0x00, 0x00, 0x15, 0x47, 0x18
    .byte 0x70, 0x09, 0x00, 0x10, 0x00, 0x00, 0x00, 0x24, 0x00, 0x02, 0x00, 0x00, 0x00, 0x28, 0x00, 0x07
    .byte 0x2b, 0x00, 0x07, 0x2c, 0x0f, 0x00, 0x00, 0x00, 0x2c, 0x07, 0x00, 0x00, 0x00, 0x15, 0x47, 0x18
    .byte 0x71, 0x09, 0x01, 0x10, 0x00, 0x00, 0x00, 0x24, 0x01, 0x02, 0x00, 0x00, 0x00, 0x05, 0x01, 0x04
    .byte 0x00, 0x00, 0x00, 0x1e, 0x10, 0x14, 0xc9, 0x3a, 0x22, 0x02, 0x2c, 0x01, 0x00, 0x00, 0x00, 0x2f
    .byte 0x07, 0x2f, 0x06, 0x20, 0x00, 0x00, 0x15, 0x68, 0x2b, 0x00, 0x07, 0x05, 0x00, 0x01, 0x00, 0x00
    .byte 0x00, 0x28, 0x00, 0x07, 0x25, 0x80, 0x3a, 0x22, 0x02, 0x2b, 0x00, 0x06, 0x05, 0x00, 0x01, 0x00
    .byte 0x00, 0x00, 0x28, 0x00, 0x06, 0x25, 0x39, 0x3a, 0x22, 0x02, 0x20, 0x00, 0x00, 0x15, 0x07, 0x15
    .byte 0x08, 0x2c, 0x0f, 0x00, 0x00, 0x00, 0x2c, 0x86, 0x44, 0x22, 0x02, 0x15, 0x39, 0x20, 0x00, 0x00
    .byte 0x2c, 0x09, 0x46, 0x00, 0x00, 0x15, 0xe0, 0x20, 0x00, 0x00, 0x2c, 0x0a, 0x46, 0x00, 0x00, 0x15
    .byte 0xe0, 0x2c, 0x04, 0x00, 0x00, 0x00, 0x15, 0x55, 0x2c, 0x04, 0x00, 0x00, 0x00, 0x15, 0x07, 0x15
    .byte 0x08, 0x2c, 0x05, 0x00, 0x00, 0x00, 0x15, 0x55, 0x2c, 0x0f, 0x00, 0x00, 0x00, 0x15, 0x42, 0x18
    .byte 0x70, 0x32, 0x00, 0x00, 0x00, 0x00, 0x00, 0x14, 0x31, 0x3b, 0x22, 0x02, 0x01, 0x18, 0x3b, 0x22
    .byte 0x02, 0x2c, 0x14, 0x00, 0x00, 0x00, 0x15, 0x07, 0x15, 0x08, 0x2c, 0x01, 0x00, 0x00, 0x00, 0x2c
    .byte 0x80, 0x02, 0x00, 0x00, 0x2c, 0x98, 0x02, 0x00, 0x00, 0x2c, 0x23, 0x00, 0x00, 0x00, 0x20, 0x00
    .byte 0x00, 0x15, 0x4f, 0x2c, 0x01, 0x00, 0x00, 0x00, 0x15, 0x2b, 0x2c, 0x80, 0x02, 0x00, 0x00, 0x2c
    .byte 0xb8, 0x02, 0x00, 0x00, 0x20, 0x00, 0x00, 0x2c, 0xfe, 0x0f, 0x00, 0x00, 0x2c, 0x05, 0x00, 0x00
    .byte 0x00, 0x20, 0x00, 0x00, 0x15, 0x1a, 0x2c, 0x01, 0x00, 0x00, 0x00, 0x15, 0x07, 0x15, 0x08, 0x15
    .byte 0x22, 0x18, 0x70, 0x13, 0x8f, 0x3b, 0x22, 0x02, 0x15, 0x28, 0x25, 0xa9, 0x3b, 0x22, 0x02, 0x2c
    .byte 0x06, 0x00, 0x00, 0x00, 0x15, 0x31, 0x18, 0x70, 0x13, 0xa4, 0x3b, 0x22, 0x02, 0x15, 0x28, 0x25
    .byte 0xa9, 0x3b, 0x22, 0x02, 0x25, 0x76, 0x3b, 0x22, 0x02, 0x20, 0x00, 0x00, 0x20, 0x00, 0x00, 0x15
    .byte 0x39, 0x2c, 0x1e, 0x00, 0x00, 0x00, 0x15, 0x07, 0x15, 0x08, 0x2c, 0x09, 0x00, 0x00, 0x00, 0x2c
    .byte 0x06, 0x00, 0x00, 0x00, 0x2c, 0x07, 0x00, 0x00, 0x00, 0x15, 0x47, 0x18, 0x70, 0x24, 0x00, 0x10
    .byte 0x00, 0x00, 0x00, 0x17, 0x00, 0x2c, 0x06, 0x00, 0x00, 0x00, 0x2c, 0x08, 0x00, 0x00, 0x00, 0x15
    .byte 0x47, 0x18, 0x70, 0x05, 0x00, 0x20, 0x00, 0x00, 0x00, 0x17, 0x00, 0x20, 0x00, 0x00, 0x2c, 0xf0
    .byte 0x00, 0x00, 0x00, 0x2c, 0xff, 0xff, 0xff, 0xff, 0x2c, 0xff, 0xff, 0xff, 0xff, 0x15, 0x53, 0x2c
    .byte 0x09, 0x00, 0x00, 0x00, 0x2c, 0x06, 0x00, 0x00, 0x00, 0x2c, 0x07, 0x00, 0x00, 0x00, 0x15, 0x47
    .byte 0x18, 0x70, 0x05, 0x00, 0x10, 0x00, 0x00, 0x00, 0x17, 0x00, 0x2c, 0x06, 0x00, 0x00, 0x00, 0x2c
    .byte 0x08, 0x00, 0x00, 0x00, 0x15, 0x47, 0x18, 0x70, 0x05, 0x00, 0x20, 0x00, 0x00, 0x00, 0x17, 0x00
    .byte 0x20, 0x00, 0x00, 0x2c, 0xf0, 0x00, 0x00, 0x00, 0x2c, 0xff, 0xff, 0xff, 0xff, 0x2c, 0xff, 0xff
    .byte 0xff, 0xff, 0x15, 0x53, 0x21, 0xe7, 0x2c, 0x22, 0x02, 0x21, 0xe7, 0x2c, 0x22, 0x02, 0x21, 0xe7
    .byte 0x2c, 0x22, 0x02, 0x21, 0xe7, 0x2c, 0x22, 0x02, 0x29, 0x00, 0x82, 0x31, 0x00, 0x63, 0x00, 0x00
    .byte 0x00, 0x14, 0x41, 0x40, 0x22, 0x02, 0x21, 0xc6, 0x30, 0x22, 0x02, 0x2c, 0x16, 0x00, 0x00, 0x00
    .byte 0x2c, 0x05, 0x00, 0x00, 0x00, 0x2c, 0x01, 0x00, 0x00, 0x00, 0x15, 0x0a, 0x2c, 0x16, 0x00, 0x00
    .byte 0x00, 0x15, 0x05, 0x2c, 0x1e, 0x00, 0x00, 0x00, 0x15, 0x07, 0x15, 0x08, 0x20, 0x00, 0x00, 0x2c
    .byte 0x07, 0x46, 0x00, 0x00, 0x15, 0xe0, 0x2c, 0x3c, 0x00, 0x00, 0x00, 0x15, 0x07, 0x15, 0x08, 0x2c
    .byte 0x14, 0x00, 0x00, 0x00, 0x15, 0x07, 0x15, 0x08, 0x2c, 0x15, 0x00, 0x00, 0x00, 0x15, 0x05, 0x2c
    .byte 0x01, 0x00, 0x00, 0x00, 0x15, 0x06, 0x2c, 0x19, 0x00, 0x00, 0x00, 0x15, 0x07, 0x15, 0x08, 0x20
    .byte 0x00, 0x00, 0x2c, 0x06, 0x46, 0x00, 0x00, 0x15, 0xe0, 0x2c, 0x19, 0x00, 0x00, 0x00, 0x15, 0x07
    .byte 0x15, 0x08, 0x20, 0x00, 0x00, 0x2c, 0x06, 0x46, 0x00, 0x00, 0x15, 0xe0, 0x2c, 0x19, 0x00, 0x00
    .byte 0x00, 0x15, 0x07, 0x15, 0x08, 0x20, 0x00, 0x00, 0x2c, 0x06, 0x46, 0x00, 0x00, 0x15, 0xe0, 0x20
    .byte 0x00, 0x00, 0x15, 0x06, 0x15, 0x16, 0x2c, 0x3c, 0x00, 0x00, 0x00, 0x15, 0x07, 0x15, 0x08, 0x2c
    .byte 0x01, 0x00, 0x00, 0x00, 0x15, 0x10, 0x18, 0x70, 0x17, 0x00, 0x15, 0x11, 0x18, 0x70, 0x24, 0x00
    .byte 0x20, 0x00, 0x00, 0x00, 0x17, 0x00, 0x2c, 0x23, 0x00, 0x00, 0x00, 0x20, 0x00, 0x00, 0x15, 0x4f
    .byte 0x18, 0x70, 0x17, 0x00, 0x15, 0x07, 0x15, 0x08, 0x15, 0x21, 0x2c, 0x1e, 0x00, 0x00, 0x00, 0x15
    .byte 0x07, 0x15, 0x08, 0x03, 0x00, 0x06, 0x00, 0x00, 0x00, 0x26, 0x00, 0x02, 0x20, 0x00, 0x00, 0x2c
    .byte 0x6f, 0xeb, 0x21, 0x02, 0x15, 0x39, 0x2c, 0x01, 0x00, 0x00, 0x00, 0x15, 0x2b, 0x2c, 0x80, 0x02
    .byte 0x00, 0x00, 0x2c, 0x60, 0x02, 0x00, 0x00, 0x20, 0x00, 0x00, 0x2c, 0xfe, 0x0f, 0x00, 0x00, 0x2c
    .byte 0x05, 0x00, 0x00, 0x00, 0x20, 0x00, 0x00, 0x15, 0x1a, 0x2c, 0x01, 0x00, 0x00, 0x00, 0x15, 0x07
    .byte 0x15, 0x08, 0x15, 0x22, 0x18, 0x70, 0x13, 0x82, 0x3d, 0x22, 0x02, 0x15, 0x28, 0x25, 0x9c, 0x3d
    .byte 0x22, 0x02, 0x2c, 0x06, 0x00, 0x00, 0x00, 0x15, 0x31, 0x18, 0x70, 0x13, 0x97, 0x3d, 0x22, 0x02
    .byte 0x15, 0x28, 0x25, 0x9c, 0x3d, 0x22, 0x02, 0x25, 0x69, 0x3d, 0x22, 0x02, 0x20, 0x00, 0x00, 0x20
    .byte 0x00, 0x00, 0x15, 0x39, 0x2c, 0x01, 0x00, 0x00, 0x00, 0x15, 0x10, 0x18, 0x70, 0x17, 0x00, 0x15
    .byte 0x11, 0x18, 0x70, 0x24, 0x00, 0x20, 0x00, 0x00, 0x00, 0x17, 0x00, 0x2c, 0x23, 0x00, 0x00, 0x00
    .byte 0x20, 0x00, 0x00, 0x15, 0x4f, 0x2c, 0x1e, 0x00, 0x00, 0x00, 0x15, 0x07, 0x15, 0x08, 0x03, 0x00
    .byte 0x17, 0x00, 0x00, 0x00, 0x15, 0x1f, 0x18, 0x71, 0x17, 0x10, 0x15, 0x20, 0x18, 0x71, 0x17, 0x10
    .byte 0x15, 0x1e, 0x18, 0x71, 0x04, 0x10, 0x17, 0x00, 0x15, 0x45, 0x15, 0x8b, 0x18, 0x70, 0x32, 0x00
    .byte 0x00, 0x00, 0x00, 0x00, 0x13, 0xfe, 0x3d, 0x22, 0x02, 0x01, 0xea, 0x3d, 0x22, 0x02, 0x2c, 0x1f
    .byte 0x03, 0x00, 0x00, 0x2c, 0x01, 0x00, 0x00, 0x00, 0x20, 0x00, 0x00, 0x20, 0x00, 0x00, 0x15, 0x59
    .byte 0x15, 0x5a, 0x29, 0x00, 0x7f, 0x31, 0x00, 0x04, 0x00, 0x00, 0x00, 0x14, 0x54, 0x3e, 0x22, 0x02
    .byte 0x15, 0x8b, 0x18, 0x70, 0x32, 0x00, 0x00, 0x00, 0x00, 0x00, 0x13, 0x34, 0x3e, 0x22, 0x02, 0x01
    .byte 0x20, 0x3e, 0x22, 0x02, 0x2c, 0xfb, 0x02, 0x00, 0x00, 0x2c, 0x01, 0x00, 0x00, 0x00, 0x20, 0x00
    .byte 0x00, 0x20, 0x00, 0x00, 0x15, 0xb8, 0x2c, 0x01, 0x00, 0x00, 0x00, 0x15, 0x07, 0x15, 0x08, 0x25
    .byte 0x7a, 0x3e, 0x22, 0x02, 0x15, 0x8b, 0x18, 0x70, 0x32, 0x00, 0x00, 0x00, 0x00, 0x00, 0x13, 0x68
    .byte 0x3e, 0x22, 0x02, 0x01, 0x54, 0x3e, 0x22, 0x02, 0x2c, 0x20, 0x03, 0x00, 0x00, 0x2c, 0x01, 0x00
    .byte 0x00, 0x00, 0x20, 0x00, 0x00, 0x20, 0x00, 0x00, 0x15, 0x59, 0x15, 0x5a, 0x21, 0x38, 0x2c, 0x22
    .byte 0x02, 0x03, 0x00, 0x17, 0x00, 0x00, 0x00, 0x15, 0x1f, 0x18, 0x71, 0x17, 0x10, 0x15, 0x20, 0x18
    .byte 0x71, 0x17, 0x10, 0x15, 0x1e, 0x18, 0x71, 0x04, 0x10, 0x17, 0x00, 0x15, 0x05, 0x20, 0x00, 0x00
    .byte 0x2c, 0x08, 0x46, 0x00, 0x00, 0x15, 0xe0, 0x2c, 0x1e, 0x00, 0x00, 0x00, 0x15, 0x07, 0x15, 0x08
    .byte 0x20, 0x00, 0x00, 0x15, 0x18, 0x20, 0x00, 0x00, 0x15, 0x19, 0x03, 0x00, 0x06, 0x00, 0x00, 0x00
    .byte 0x26, 0x00, 0x02, 0x20, 0x00, 0x00, 0x2c, 0x6f, 0xeb, 0x21, 0x02, 0x15, 0x39, 0x2c, 0x01, 0x00
    .byte 0x00, 0x00, 0x15, 0x2b, 0x2c, 0x80, 0x02, 0x00, 0x00, 0x2c, 0xc0, 0x01, 0x00, 0x00, 0x20, 0x00
    .byte 0x00, 0x2c, 0xfe, 0x0f, 0x00, 0x00, 0x2c, 0x05, 0x00, 0x00, 0x00, 0x20, 0x00, 0x00, 0x15, 0x1a
    .byte 0x2c, 0x01, 0x00, 0x00, 0x00, 0x15, 0x07, 0x15, 0x08, 0x15, 0x22, 0x18, 0x70, 0x13, 0x09, 0x3f
    .byte 0x22, 0x02, 0x15, 0x28, 0x25, 0x23, 0x3f, 0x22, 0x02, 0x2c, 0x06, 0x00, 0x00, 0x00, 0x15, 0x31
    .byte 0x18, 0x70, 0x13, 0x1e, 0x3f, 0x22, 0x02, 0x15, 0x28, 0x25, 0x23, 0x3f, 0x22, 0x02, 0x25, 0xf0
    .byte 0x3e, 0x22, 0x02, 0x20, 0x00, 0x00, 0x15, 0x09, 0x20, 0x00, 0x00, 0x20, 0x00, 0x00, 0x15, 0x39
    .byte 0x2c, 0x02, 0x00, 0x00, 0x00, 0x2c, 0x1e, 0x00, 0x00, 0x00, 0x20, 0x00, 0x00, 0x20, 0x00, 0x00
    .byte 0x20, 0x00, 0x00, 0x15, 0x4f, 0x18, 0x70, 0x17, 0x00, 0x15, 0x07, 0x15, 0x08, 0x2c, 0x03, 0x00
    .byte 0x00, 0x00, 0x20, 0x00, 0x00, 0x20, 0x00, 0x00, 0x20, 0x00, 0x00, 0x20, 0x00, 0x00, 0x15, 0x4f
    .byte 0x29, 0x00, 0x7f, 0x05, 0x00, 0x01, 0x00, 0x00, 0x00, 0x26, 0x00, 0x7f, 0x2c, 0x03, 0x00, 0x00
    .byte 0x00, 0x2c, 0x1d, 0x00, 0x00, 0x00, 0x15, 0xef, 0x2c, 0x09, 0x00, 0x00, 0x00, 0x2c, 0x8c, 0x00
    .byte 0x00, 0x00, 0x15, 0xe0, 0x2c, 0x22, 0x00, 0x00, 0x00, 0x20, 0x00, 0x00, 0x15, 0xe0, 0x2c, 0x37
    .byte 0x14, 0x00, 0x00, 0x2c, 0x35, 0x14, 0x00, 0x00, 0x2c, 0x38, 0x14, 0x00, 0x00, 0x2c, 0x02, 0x00
    .byte 0x00, 0x00, 0x2c, 0x09, 0x00, 0x00, 0x00, 0x15, 0x73, 0x29, 0x00, 0x7f, 0x31, 0x00, 0x05, 0x00
    .byte 0x00, 0x00, 0x14, 0x3a, 0x40, 0x22, 0x02, 0x2c, 0x02, 0x00, 0x00, 0x00, 0x2c, 0xbb, 0x00, 0x00
    .byte 0x00, 0x15, 0xef, 0x18, 0x70, 0x32, 0x00, 0x01, 0x00, 0x00, 0x00, 0x14, 0x3a, 0x40, 0x22, 0x02
    .byte 0x2c, 0x02, 0x00, 0x00, 0x00, 0x2c, 0xbc, 0x00, 0x00, 0x00, 0x15, 0xef, 0x18, 0x70, 0x32, 0x00
    .byte 0x01, 0x00, 0x00, 0x00, 0x14, 0x3a, 0x40, 0x22, 0x02, 0x2c, 0x02, 0x00, 0x00, 0x00, 0x2c, 0xbd
    .byte 0x00, 0x00, 0x00, 0x15, 0xef, 0x18, 0x70, 0x32, 0x00, 0x01, 0x00, 0x00, 0x00, 0x14, 0x3a, 0x40
    .byte 0x22, 0x02, 0x2c, 0x00, 0x02, 0x00, 0x00, 0x2c, 0xf0, 0x00, 0x00, 0x00, 0x20, 0x00, 0x00, 0x15
    .byte 0x02, 0x2c, 0x07, 0x00, 0x00, 0x00, 0x2c, 0xf3, 0x48, 0x22, 0x02, 0x15, 0x39, 0x2c, 0x08, 0x00
    .byte 0x00, 0x00, 0x2c, 0xb3, 0x49, 0x22, 0x02, 0x15, 0x39, 0x2c, 0x10, 0x00, 0x00, 0x00, 0x2c, 0x74
    .byte 0x4a, 0x22, 0x02, 0x15, 0x39, 0x25, 0x3c, 0x40, 0x22, 0x02, 0x15, 0x0d, 0x25, 0x78, 0x43, 0x22
    .byte 0x02, 0x2c, 0x16, 0x00, 0x00, 0x00, 0x2c, 0x05, 0x00, 0x00, 0x00, 0x2c, 0x01, 0x00, 0x00, 0x00
    .byte 0x15, 0x0a, 0x2c, 0x3c, 0x00, 0x00, 0x00, 0x15, 0x07, 0x15, 0x08, 0x03, 0x00, 0x06, 0x00, 0x00
    .byte 0x00, 0x26, 0x00, 0x02, 0x20, 0x00, 0x00, 0x2c, 0x6f, 0xeb, 0x21, 0x02, 0x15, 0x39, 0x2c, 0x01
    .byte 0x00, 0x00, 0x00, 0x15, 0x2b, 0x2c, 0x80, 0x02, 0x00, 0x00, 0x2c, 0x60, 0x02, 0x00, 0x00, 0x20
    .byte 0x00, 0x00, 0x2c, 0xfe, 0x0f, 0x00, 0x00, 0x2c, 0x05, 0x00, 0x00, 0x00, 0x20, 0x00, 0x00, 0x15
    .byte 0x1a, 0x2c, 0x01, 0x00, 0x00, 0x00, 0x15, 0x07, 0x15, 0x08, 0x15, 0x22, 0x18, 0x70, 0x13, 0xaa
    .byte 0x40, 0x22, 0x02, 0x15, 0x28, 0x25, 0xc4, 0x40, 0x22, 0x02, 0x2c, 0x06, 0x00, 0x00, 0x00, 0x15
    .byte 0x31, 0x18, 0x70, 0x13, 0xbf, 0x40, 0x22, 0x02, 0x15, 0x28, 0x25, 0xc4, 0x40, 0x22, 0x02, 0x25
    .byte 0x91, 0x40, 0x22, 0x02, 0x20, 0x00, 0x00, 0x20, 0x00, 0x00, 0x15, 0x39, 0x2c, 0x01, 0x00, 0x00
    .byte 0x00, 0x15, 0x10, 0x18, 0x70, 0x17, 0x00, 0x15, 0x11, 0x18, 0x70, 0x24, 0x00, 0x20, 0x00, 0x00
    .byte 0x00, 0x17, 0x00, 0x2c, 0x23, 0x00, 0x00, 0x00, 0x20, 0x00, 0x00, 0x15, 0x4f, 0x2c, 0x1e, 0x00
    .byte 0x00, 0x00, 0x15, 0x07, 0x15, 0x08, 0x03, 0x00, 0x17, 0x00, 0x00, 0x00, 0x15, 0x1f, 0x18, 0x71
    .byte 0x17, 0x10, 0x15, 0x20, 0x18, 0x71, 0x17, 0x10, 0x15, 0x1e, 0x18, 0x71, 0x04, 0x10, 0x17, 0x00
    .byte 0x15, 0x45, 0x37, 0x00, 0x00, 0x32, 0x00, 0x00, 0x00, 0x00, 0x00, 0x14, 0x4d, 0x41, 0x22, 0x02
    .byte 0x15, 0x8b, 0x18, 0x70, 0x32, 0x00, 0x00, 0x00, 0x00, 0x00, 0x13, 0x34, 0x41, 0x22, 0x02, 0x01
    .byte 0x20, 0x41, 0x22, 0x02, 0x2c, 0x21, 0x03, 0x00, 0x00, 0x2c, 0x01, 0x00, 0x00, 0x00, 0x20, 0x00
    .byte 0x00, 0x20, 0x00, 0x00, 0x15, 0x59, 0x15, 0x5a, 0x25, 0x38, 0x42, 0x22, 0x02, 0x15, 0x8b, 0x18
    .byte 0x70, 0x32, 0x00, 0x00, 0x00, 0x00, 0x00, 0x13, 0x61, 0x41, 0x22, 0x02, 0x01, 0x4d, 0x41, 0x22
    .byte 0x02, 0x2c, 0x03, 0x03, 0x00, 0x00, 0x2c, 0x01, 0x00, 0x00, 0x00, 0x20, 0x00, 0x00, 0x20, 0x00
    .byte 0x00, 0x15, 0xb8, 0x15, 0x5a, 0x29, 0x00, 0x82, 0x31, 0x00, 0x4a, 0x00, 0x00, 0x00, 0x14, 0xb7
    .byte 0x41, 0x22, 0x02, 0x15, 0x8b, 0x18, 0x70, 0x32, 0x00, 0x00, 0x00, 0x00, 0x00, 0x13, 0x97, 0x41
    .byte 0x22, 0x02, 0x01, 0x83, 0x41, 0x22, 0x02, 0x2c, 0x04, 0x03, 0x00, 0x00, 0x2c, 0x01, 0x00, 0x00
    .byte 0x00, 0x20, 0x00, 0x00, 0x20, 0x00, 0x00, 0x15, 0xb8, 0x2c, 0x01, 0x00, 0x00, 0x00, 0x15, 0x07
    .byte 0x15, 0x08, 0x25, 0x36, 0x42, 0x22, 0x02, 0x29, 0x00, 0x82, 0x31, 0x00, 0x31, 0x00, 0x00, 0x00
    .byte 0x14, 0xf9, 0x41, 0x22, 0x02, 0x15, 0x8b, 0x18, 0x70, 0x32, 0x00, 0x00, 0x00, 0x00, 0x00, 0x13
    .byte 0xd9, 0x41, 0x22, 0x02, 0x01, 0xc5, 0x41, 0x22, 0x02, 0x2c, 0x05, 0x03, 0x00, 0x00, 0x2c, 0x01
    .byte 0x00, 0x00, 0x00, 0x20, 0x00, 0x00, 0x20, 0x00, 0x00, 0x15, 0xb8, 0x2c, 0x01, 0x00, 0x00, 0x00
    .byte 0x15, 0x07, 0x15, 0x08, 0x25, 0x36, 0x42, 0x22, 0x02, 0x29, 0x00, 0x82, 0x34, 0x00, 0x31, 0x00
    .byte 0x00, 0x00, 0x14, 0x36, 0x42, 0x22, 0x02, 0x15, 0x8b, 0x18, 0x70, 0x32, 0x00, 0x00, 0x00, 0x00
    .byte 0x00, 0x13, 0x1b, 0x42, 0x22, 0x02, 0x01, 0x07, 0x42, 0x22, 0x02, 0x2c, 0x06, 0x03, 0x00, 0x00
    .byte 0x2c, 0x01, 0x00, 0x00, 0x00, 0x20, 0x00, 0x00, 0x20, 0x00, 0x00, 0x15, 0xb8, 0x2c, 0x01, 0x00
    .byte 0x00, 0x00, 0x15, 0x07, 0x15, 0x08, 0x15, 0x5a, 0x20, 0x00, 0x00, 0x15, 0x18, 0x20, 0x00, 0x00
    .byte 0x15, 0x19, 0x03, 0x00, 0x06, 0x00, 0x00, 0x00, 0x26, 0x00, 0x02, 0x20, 0x00, 0x00, 0x2c, 0x6f
    .byte 0xeb, 0x21, 0x02, 0x15, 0x39, 0x2c, 0x01, 0x00, 0x00, 0x00, 0x15, 0x2b, 0x2c, 0xa0, 0x02, 0x00
    .byte 0x00, 0x2c, 0x40, 0x02, 0x00, 0x00, 0x20, 0x00, 0x00, 0x2c, 0xfe, 0x0f, 0x00, 0x00, 0x2c, 0x05
    .byte 0x00, 0x00, 0x00, 0x20, 0x00, 0x00, 0x15, 0x1a, 0x2c, 0x01, 0x00, 0x00, 0x00, 0x15, 0x07, 0x15
    .byte 0x08, 0x15, 0x22, 0x18, 0x70, 0x13, 0x91, 0x42, 0x22, 0x02, 0x15, 0x28, 0x25, 0xab, 0x42, 0x22
    .byte 0x02, 0x2c, 0x06, 0x00, 0x00, 0x00, 0x15, 0x31, 0x18, 0x70, 0x13, 0xa6, 0x42, 0x22, 0x02, 0x15
    .byte 0x28, 0x25, 0xab, 0x42, 0x22, 0x02, 0x25, 0x78, 0x42, 0x22, 0x02, 0x2c, 0x37, 0x14, 0x00, 0x00
    .byte 0x2c, 0x35, 0x14, 0x00, 0x00, 0x2c, 0x38, 0x14, 0x00, 0x00, 0x2c, 0x02, 0x00, 0x00, 0x00, 0x2c
    .byte 0x09, 0x00, 0x00, 0x00, 0x15, 0x73, 0x2c, 0x01, 0x00, 0x00, 0x00, 0x15, 0x06, 0x20, 0x00, 0x00
    .byte 0x20, 0x00, 0x00, 0x15, 0x39, 0x2c, 0x01, 0x00, 0x00, 0x00, 0x15, 0x18, 0x2c, 0x01, 0x00, 0x00
    .byte 0x00, 0x15, 0x19, 0x2c, 0x02, 0x00, 0x00, 0x00, 0x2c, 0x1e, 0x00, 0x00, 0x00, 0x20, 0x00, 0x00
    .byte 0x20, 0x00, 0x00, 0x20, 0x00, 0x00, 0x15, 0x4f, 0x18, 0x70, 0x17, 0x00, 0x15, 0x07, 0x15, 0x08
    .byte 0x2c, 0x03, 0x00, 0x00, 0x00, 0x20, 0x00, 0x00, 0x20, 0x00, 0x00, 0x20, 0x00, 0x00, 0x20, 0x00
    .byte 0x00, 0x15, 0x4f, 0x2c, 0x0a, 0x00, 0x00, 0x00, 0x15, 0x07, 0x15, 0x08, 0x2c, 0x15, 0x00, 0x00
    .byte 0x00, 0x2c, 0x04, 0x00, 0x00, 0x00, 0x2c, 0x7f, 0x00, 0x00, 0x00, 0x15, 0x0a, 0x2c, 0x0a, 0x00
    .byte 0x00, 0x00, 0x15, 0x07, 0x15, 0x08, 0x2c, 0x05, 0x00, 0x00, 0x00, 0x2c, 0x04, 0x00, 0x00, 0x00
    .byte 0x15, 0xe0, 0x18, 0x70, 0x32, 0x00, 0x00, 0x00, 0x00, 0x00, 0x14, 0x54, 0x43, 0x22, 0x02, 0x25
    .byte 0x62, 0x43, 0x22, 0x02, 0x2c, 0x01, 0x00, 0x00, 0x00, 0x15, 0x07, 0x15, 0x08, 0x25, 0x36, 0x43
    .byte 0x22, 0x02, 0x2c, 0x09, 0x00, 0x00, 0x00, 0x2c, 0x8c, 0x00, 0x00, 0x00, 0x15, 0xe0, 0x2c, 0x22
    .byte 0x00, 0x00, 0x00, 0x20, 0x00, 0x00, 0x15, 0xe0, 0x2c, 0x05, 0x00, 0x00, 0x00, 0x2c, 0x64, 0x00
    .byte 0x00, 0x00, 0x15, 0xe0, 0x18, 0x70, 0x32, 0x00, 0x01, 0x00, 0x00, 0x00, 0x14, 0xb6, 0x43, 0x22
    .byte 0x02, 0x2c, 0x17, 0x00, 0x00, 0x00, 0x2c, 0x64, 0x00, 0x00, 0x00, 0x20, 0x00, 0x00, 0x15, 0x0a
    .byte 0x2c, 0x1c, 0x00, 0x00, 0x00, 0x2c, 0x64, 0x00, 0x00, 0x00, 0x2c, 0x40, 0x00, 0x00, 0x00, 0x2c
    .byte 0x05, 0x00, 0x00, 0x00, 0x15, 0x0c, 0x00, 0x00, 0x2c, 0x16, 0x00, 0x00, 0x00, 0x2c, 0x03, 0x00
    .byte 0x00, 0x00, 0x2c, 0x0a, 0x00, 0x00, 0x00, 0x15, 0x0a, 0x2c, 0x0a, 0x00, 0x00, 0x00, 0x15, 0x07
    .byte 0x15, 0x08, 0x03, 0x00, 0x17, 0x00, 0x00, 0x00, 0x15, 0x1f, 0x18, 0x71, 0x17, 0x10, 0x15, 0x20
    .byte 0x18, 0x71, 0x17, 0x10, 0x15, 0x1e, 0x18, 0x71, 0x04, 0x10, 0x17, 0x00, 0x15, 0x45, 0x15, 0x8b
    .byte 0x18, 0x70, 0x32, 0x00, 0x00, 0x00, 0x00, 0x00, 0x13, 0x02, 0x44, 0x22, 0x02, 0x01, 0xee, 0x43
    .byte 0x22, 0x02, 0x2c, 0x0f, 0x03, 0x00, 0x00, 0x2c, 0x01, 0x00, 0x00, 0x00, 0x20, 0x00, 0x00, 0x20
    .byte 0x00, 0x00, 0x15, 0xb8, 0x15, 0x5a, 0x2c, 0x09, 0x00, 0x00, 0x00, 0x2c, 0x8c, 0x00, 0x00, 0x00
    .byte 0x15, 0xe0, 0x2c, 0x22, 0x00, 0x00, 0x00, 0x20, 0x00, 0x00, 0x15, 0xe0, 0x2c, 0x37, 0x14, 0x00
    .byte 0x00, 0x2c, 0x35, 0x14, 0x00, 0x00, 0x2c, 0x38, 0x14, 0x00, 0x00, 0x2c, 0x02, 0x00, 0x00, 0x00
    .byte 0x2c, 0x09, 0x00, 0x00, 0x00, 0x15, 0x73, 0x2c, 0x05, 0x00, 0x00, 0x00, 0x2c, 0x64, 0x00, 0x00
    .byte 0x00, 0x15, 0xe0, 0x18, 0x70, 0x32, 0x00, 0x01, 0x00, 0x00, 0x00, 0x14, 0x85, 0x44, 0x22, 0x02
    .byte 0x2c, 0x17, 0x00, 0x00, 0x00, 0x2c, 0x64, 0x00, 0x00, 0x00, 0x20, 0x00, 0x00, 0x15, 0x0a, 0x2c
    .byte 0x1c, 0x00, 0x00, 0x00, 0x2c, 0x64, 0x00, 0x00, 0x00, 0x2c, 0x40, 0x00, 0x00, 0x00, 0x2c, 0x05
    .byte 0x00, 0x00, 0x00, 0x15, 0x0c, 0x00, 0x2c, 0xff, 0xff, 0xff, 0xff, 0x2c, 0x00, 0x08, 0x00, 0x00
    .byte 0x2c, 0xff, 0xff, 0xff, 0xff, 0x2c, 0xff, 0xff, 0xff, 0xff, 0x2c, 0xff, 0xff, 0xff, 0xff, 0x2c
    .byte 0xff, 0xff, 0xff, 0xff, 0x15, 0x00, 0x20, 0x00, 0x00, 0x15, 0x2b, 0x2c, 0xe0, 0x00, 0x00, 0x00
    .byte 0x2c, 0x10, 0xff, 0xff, 0xff, 0x20, 0x00, 0x00, 0x2c, 0x00, 0x18, 0x00, 0x00, 0x2c, 0x04, 0x00
    .byte 0x00, 0x00, 0x20, 0x00, 0x00, 0x15, 0x1a, 0x2c, 0x01, 0x00, 0x00, 0x00, 0x15, 0x07, 0x15, 0x08
    .byte 0x2b, 0x00, 0x01, 0x05, 0x00, 0x0f, 0x00, 0x00, 0x00, 0x28, 0x00, 0x01, 0x2f, 0x01, 0x15, 0x81
    .byte 0x15, 0x22, 0x18, 0x70, 0x13, 0xf5, 0x44, 0x22, 0x02, 0x15, 0x28, 0x20, 0x00, 0x00, 0x15, 0x09
    .byte 0x25, 0x14, 0x45, 0x22, 0x02, 0x2c, 0x06, 0x00, 0x00, 0x00, 0x15, 0x31, 0x18, 0x70, 0x13, 0x0f
    .byte 0x45, 0x22, 0x02, 0x15, 0x28, 0x20, 0x00, 0x00, 0x15, 0x09, 0x25, 0x14, 0x45, 0x22, 0x02, 0x25
    .byte 0xc7, 0x44, 0x22, 0x02, 0x00, 0x03, 0x00, 0x08, 0x00, 0x00, 0x00, 0x28, 0x00, 0x06, 0x2b, 0x00
    .byte 0x06, 0x34, 0x00, 0x0b, 0x00, 0x00, 0x00, 0x14, 0x6e, 0x45, 0x22, 0x02, 0x03, 0x00, 0x1e, 0x00
    .byte 0x00, 0x00, 0x28, 0x00, 0x07, 0x2b, 0x00, 0x07, 0x34, 0x00, 0x22, 0x00, 0x00, 0x00, 0x14, 0x5d
    .byte 0x45, 0x22, 0x02, 0x2f, 0x07, 0x2f, 0x06, 0x20, 0x00, 0x00, 0x15, 0x3f, 0x2b, 0x00, 0x07, 0x05
    .byte 0x00, 0x01, 0x00, 0x00, 0x00, 0x28, 0x00, 0x07, 0x25, 0x35, 0x45, 0x22, 0x02, 0x2b, 0x00, 0x06
    .byte 0x05, 0x00, 0x01, 0x00, 0x00, 0x00, 0x28, 0x00, 0x06, 0x25, 0x1e, 0x45, 0x22, 0x02, 0x03, 0x00
    .byte 0x08, 0x00, 0x00, 0x00, 0x28, 0x00, 0x06, 0x2b, 0x00, 0x06, 0x34, 0x00, 0x0b, 0x00, 0x00, 0x00
    .byte 0x14, 0xcc, 0x45, 0x22, 0x02, 0x03, 0x00, 0x1e, 0x00, 0x00, 0x00, 0x28, 0x00, 0x07, 0x2b, 0x00
    .byte 0x07, 0x34, 0x00, 0x22, 0x00, 0x00, 0x00, 0x14, 0xbb, 0x45, 0x22, 0x02, 0x2c, 0x02, 0x00, 0x00
    .byte 0x00, 0x2f, 0x07, 0x2f, 0x06, 0x20, 0x00, 0x00, 0x15, 0x68, 0x2b, 0x00, 0x07, 0x05, 0x00, 0x01
    .byte 0x00, 0x00, 0x00, 0x28, 0x00, 0x07, 0x25, 0x8e, 0x45, 0x22, 0x02, 0x2b, 0x00, 0x06, 0x05, 0x00
    .byte 0x01, 0x00, 0x00, 0x00, 0x28, 0x00, 0x06, 0x25, 0x77, 0x45, 0x22, 0x02, 0x03, 0x00, 0x08, 0x00
    .byte 0x00, 0x00, 0x28, 0x00, 0x06, 0x2b, 0x00, 0x06, 0x34, 0x00, 0x0b, 0x00, 0x00, 0x00, 0x14, 0x2a
    .byte 0x46, 0x22, 0x02, 0x03, 0x00, 0x1e, 0x00, 0x00, 0x00, 0x28, 0x00, 0x07, 0x2b, 0x00, 0x07, 0x34
    .byte 0x00, 0x22, 0x00, 0x00, 0x00, 0x14, 0x19, 0x46, 0x22, 0x02, 0x2c, 0x01, 0x00, 0x00, 0x00, 0x2f
    .byte 0x07, 0x2f, 0x06, 0x20, 0x00, 0x00, 0x15, 0x68, 0x2b, 0x00, 0x07, 0x05, 0x00, 0x01, 0x00, 0x00
    .byte 0x00, 0x28, 0x00, 0x07, 0x25, 0xec, 0x45, 0x22, 0x02, 0x2b, 0x00, 0x06, 0x05, 0x00, 0x01, 0x00
    .byte 0x00, 0x00, 0x28, 0x00, 0x06, 0x25, 0xd5, 0x45, 0x22, 0x02, 0x20, 0x00, 0x00, 0x15, 0x07, 0x15
    .byte 0x08, 0x03, 0x00, 0x00, 0x00, 0x00, 0x00, 0x28, 0x00, 0x06, 0x2b, 0x00, 0x06, 0x34, 0x00, 0x01
    .byte 0x00, 0x00, 0x00, 0x14, 0x91, 0x46, 0x22, 0x02, 0x03, 0x00, 0x1e, 0x00, 0x00, 0x00, 0x28, 0x00
    .byte 0x07, 0x2b, 0x00, 0x07, 0x34, 0x00, 0x22, 0x00, 0x00, 0x00, 0x14, 0x80, 0x46, 0x22, 0x02, 0x2c
    .byte 0x01, 0x00, 0x00, 0x00, 0x2f, 0x07, 0x2f, 0x06, 0x2c, 0x07, 0x00, 0x00, 0x00, 0x15, 0x68, 0x2b
    .byte 0x00, 0x07, 0x05, 0x00, 0x01, 0x00, 0x00, 0x00, 0x28, 0x00, 0x07, 0x25, 0x51, 0x46, 0x22, 0x02
    .byte 0x2b, 0x00, 0x06, 0x05, 0x00, 0x01, 0x00, 0x00, 0x00, 0x28, 0x00, 0x06, 0x25, 0x3a, 0x46, 0x22
    .byte 0x02, 0x20, 0x00, 0x00, 0x15, 0x07, 0x15, 0x08, 0x00, 0x2c, 0x04, 0x00, 0x00, 0x00, 0x2c, 0xdc
    .byte 0xde, 0xff, 0xff, 0x2c, 0xff, 0xff, 0xff, 0xff, 0x2c, 0xff, 0xff, 0xff, 0xff, 0x2c, 0xff, 0xff
    .byte 0xff, 0xff, 0x2c, 0xff, 0xff, 0xff, 0xff, 0x2c, 0xff, 0xff, 0xff, 0xff, 0x2c, 0xff, 0xff, 0xff
    .byte 0xff, 0x15, 0x33, 0x03, 0x00, 0x00, 0x00, 0x00, 0x00, 0x28, 0x00, 0x06, 0x2b, 0x00, 0x06, 0x34
    .byte 0x00, 0x0b, 0x00, 0x00, 0x00, 0x14, 0x1c, 0x47, 0x22, 0x02, 0x03, 0x00, 0x1e, 0x00, 0x00, 0x00
    .byte 0x28, 0x00, 0x07, 0x2b, 0x00, 0x07, 0x34, 0x00, 0x22, 0x00, 0x00, 0x00, 0x14, 0x0b, 0x47, 0x22
    .byte 0x02, 0x2f, 0x07, 0x2f, 0x06, 0x20, 0x00, 0x00, 0x15, 0x3f, 0x2b, 0x00, 0x07, 0x05, 0x00, 0x01
    .byte 0x00, 0x00, 0x00, 0x28, 0x00, 0x07, 0x25, 0xe3, 0x46, 0x22, 0x02, 0x2b, 0x00, 0x06, 0x05, 0x00
    .byte 0x01, 0x00, 0x00, 0x00, 0x28, 0x00, 0x06, 0x25, 0xcc, 0x46, 0x22, 0x02, 0x03, 0x00, 0x00, 0x00
    .byte 0x00, 0x00, 0x28, 0x00, 0x06, 0x2b, 0x00, 0x06, 0x34, 0x00, 0x0b, 0x00, 0x00, 0x00, 0x14, 0x7a
    .byte 0x47, 0x22, 0x02, 0x03, 0x00, 0x1e, 0x00, 0x00, 0x00, 0x28, 0x00, 0x07, 0x2b, 0x00, 0x07, 0x34
    .byte 0x00, 0x22, 0x00, 0x00, 0x00, 0x14, 0x69, 0x47, 0x22, 0x02, 0x2c, 0x02, 0x00, 0x00, 0x00, 0x2f
    .byte 0x07, 0x2f, 0x06, 0x20, 0x00, 0x00, 0x15, 0x68, 0x2b, 0x00, 0x07, 0x05, 0x00, 0x01, 0x00, 0x00
    .byte 0x00, 0x28, 0x00, 0x07, 0x25, 0x3c, 0x47, 0x22, 0x02, 0x2b, 0x00, 0x06, 0x05, 0x00, 0x01, 0x00
    .byte 0x00, 0x00, 0x28, 0x00, 0x06, 0x25, 0x25, 0x47, 0x22, 0x02, 0x03, 0x00, 0x00, 0x00, 0x00, 0x00
    .byte 0x28, 0x00, 0x06, 0x2b, 0x00, 0x06, 0x34, 0x00, 0x0b, 0x00, 0x00, 0x00, 0x14, 0xd8, 0x47, 0x22
    .byte 0x02, 0x03, 0x00, 0x1e, 0x00, 0x00, 0x00, 0x28, 0x00, 0x07, 0x2b, 0x00, 0x07, 0x34, 0x00, 0x22
    .byte 0x00, 0x00, 0x00, 0x14, 0xc7, 0x47, 0x22, 0x02, 0x2c, 0x01, 0x00, 0x00, 0x00, 0x2f, 0x07, 0x2f
    .byte 0x06, 0x20, 0x00, 0x00, 0x15, 0x68, 0x2b, 0x00, 0x07, 0x05, 0x00, 0x01, 0x00, 0x00, 0x00, 0x28
    .byte 0x00, 0x07, 0x25, 0x9a, 0x47, 0x22, 0x02, 0x2b, 0x00, 0x06, 0x05, 0x00, 0x01, 0x00, 0x00, 0x00
    .byte 0x28, 0x00, 0x06, 0x25, 0x83, 0x47, 0x22, 0x02, 0x20, 0x00, 0x00, 0x15, 0x07, 0x15, 0x08, 0x03
    .byte 0x00, 0x00, 0x00, 0x00, 0x00, 0x28, 0x00, 0x06, 0x2b, 0x00, 0x06, 0x34, 0x00, 0x01, 0x00, 0x00
    .byte 0x00, 0x14, 0x3f, 0x48, 0x22, 0x02, 0x03, 0x00, 0x1e, 0x00, 0x00, 0x00, 0x28, 0x00, 0x07, 0x2b
    .byte 0x00, 0x07, 0x34, 0x00, 0x22, 0x00, 0x00, 0x00, 0x14, 0x2e, 0x48, 0x22, 0x02, 0x2c, 0x01, 0x00
    .byte 0x00, 0x00, 0x2f, 0x07, 0x2f, 0x06, 0x2c, 0x07, 0x00, 0x00, 0x00, 0x15, 0x68, 0x2b, 0x00, 0x07
    .byte 0x05, 0x00, 0x01, 0x00, 0x00, 0x00, 0x28, 0x00, 0x07, 0x25, 0xff, 0x47, 0x22, 0x02, 0x2b, 0x00
    .byte 0x06, 0x05, 0x00, 0x01, 0x00, 0x00, 0x00, 0x28, 0x00, 0x06, 0x25, 0xe8, 0x47, 0x22, 0x02, 0x20
    .byte 0x00, 0x00, 0x15, 0x07, 0x15, 0x08, 0x2c, 0x05, 0x00, 0x00, 0x00, 0x2c, 0x24, 0x21, 0x00, 0x00
    .byte 0x2c, 0xff, 0xff, 0xff, 0xff, 0x2c, 0xff, 0xff, 0xff, 0xff, 0x2c, 0xff, 0xff, 0xff, 0xff, 0x2c
    .byte 0xff, 0xff, 0xff, 0xff, 0x2c, 0xff, 0xff, 0xff, 0xff, 0x2c, 0xff, 0xff, 0xff, 0xff, 0x15, 0x33
    .byte 0x22, 0x2c, 0x01, 0x00, 0x00, 0x00, 0x15, 0x09, 0x2c, 0x00, 0x02, 0x00, 0x00, 0x2c, 0xf0, 0x00
    .byte 0x00, 0x00, 0x20, 0x00, 0x00, 0x15, 0x02, 0x2c, 0x01, 0x00, 0x00, 0x00, 0x15, 0xd7, 0x20, 0x00
    .byte 0x00, 0x2c, 0xcc, 0xff, 0xff, 0xff, 0x15, 0xd1, 0x01, 0xd7, 0x2b, 0x22, 0x02, 0x00, 0x2c, 0x34
    .byte 0x14, 0x00, 0x00, 0x2c, 0x35, 0x14, 0x00, 0x00, 0x2c, 0x36, 0x14, 0x00, 0x00, 0x2c, 0x02, 0x00
    .byte 0x00, 0x00, 0x2c, 0x09, 0x00, 0x00, 0x00, 0x15, 0x73, 0x03, 0x00, 0x17, 0x00, 0x00, 0x00, 0x15
    .byte 0x1f, 0x18, 0x71, 0x17, 0x10, 0x15, 0x20, 0x18, 0x71, 0x17, 0x10, 0x15, 0x1e, 0x18, 0x71, 0x04
    .byte 0x10, 0x17, 0x00, 0x15, 0x45, 0x15, 0x5a, 0x2c, 0x37, 0x14, 0x00, 0x00, 0x2c, 0x35, 0x14, 0x00
    .byte 0x00, 0x2c, 0x38, 0x14, 0x00, 0x00, 0x2c, 0x02, 0x00, 0x00, 0x00, 0x2c, 0x09, 0x00, 0x00, 0x00
    .byte 0x15, 0x73, 0x00, 0x2c, 0x01, 0x00, 0x00, 0x00, 0x15, 0x09, 0x2c, 0x01, 0x00, 0x00, 0x00, 0x15
    .byte 0x18, 0x2c, 0x01, 0x00, 0x00, 0x00, 0x15, 0x19, 0x2c, 0xd0, 0x01, 0x00, 0x00, 0x2c, 0xc0, 0x00
    .byte 0x00, 0x00, 0x20, 0x00, 0x00, 0x15, 0x02, 0x2c, 0x01, 0x00, 0x00, 0x00, 0x15, 0xd7, 0x20, 0x00
    .byte 0x00, 0x2c, 0xcc, 0xff, 0xff, 0xff, 0x15, 0xd1, 0x01, 0xd7, 0x2b, 0x22, 0x02, 0x00, 0x20, 0x00
    .byte 0x00, 0x15, 0x09, 0x20, 0x00, 0x00, 0x15, 0x18, 0x20, 0x00, 0x00, 0x15, 0x19, 0x2c, 0xd0, 0x01
    .byte 0x00, 0x00, 0x2c, 0xc0, 0x00, 0x00, 0x00, 0x20, 0x00, 0x00, 0x15, 0x02, 0x2c, 0x01, 0x00, 0x00
    .byte 0x00, 0x15, 0xd7, 0x20, 0x00, 0x00, 0x2c, 0xcc, 0xff, 0xff, 0xff, 0x15, 0xd1, 0x00, 0x2c, 0x3b
    .byte 0x14, 0x00, 0x00, 0x2c, 0x3c, 0x14, 0x00, 0x00, 0x2c, 0x3d, 0x14, 0x00, 0x00, 0x2c, 0x02, 0x00
    .byte 0x00, 0x00, 0x2c, 0x17, 0x00, 0x00, 0x00, 0x15, 0x73, 0x03, 0x00, 0x17, 0x00, 0x00, 0x00, 0x15
    .byte 0x1f, 0x18, 0x71, 0x17, 0x10, 0x15, 0x20, 0x18, 0x71, 0x17, 0x10, 0x15, 0x1e, 0x18, 0x71, 0x04
    .byte 0x10, 0x17, 0x00, 0x15, 0x45, 0x15, 0x5a, 0x2c, 0x3e, 0x14, 0x00, 0x00, 0x2c, 0x3c, 0x14, 0x00
    .byte 0x00, 0x2c, 0x3f, 0x14, 0x00, 0x00, 0x2c, 0x02, 0x00, 0x00, 0x00, 0x2c, 0x09, 0x00, 0x00, 0x00
    .byte 0x15, 0x73, 0x00, 0x2c, 0x01, 0x00, 0x00, 0x00, 0x15, 0x09, 0x2c, 0x01, 0x00, 0x00, 0x00, 0x15
    .byte 0x18, 0x2c, 0x01, 0x00, 0x00, 0x00, 0x15, 0x19, 0x2c, 0x30, 0x02, 0x00, 0x00, 0x2c, 0xc0, 0x00
    .byte 0x00, 0x00, 0x20, 0x00, 0x00, 0x15, 0x02, 0x2c, 0x01, 0x00, 0x00, 0x00, 0x15, 0xd7, 0x20, 0x00
    .byte 0x00, 0x2c, 0xcc, 0xff, 0xff, 0xff, 0x15, 0xd1, 0x01, 0xd7, 0x2b, 0x22, 0x02, 0x00, 0x20, 0x00
    .byte 0x00, 0x15, 0x09, 0x20, 0x00, 0x00, 0x15, 0x18, 0x20, 0x00, 0x00, 0x15, 0x19, 0x2c, 0x30, 0x02
    .byte 0x00, 0x00, 0x2c, 0xc0, 0x00, 0x00, 0x00, 0x20, 0x00, 0x00, 0x15, 0x02, 0x2c, 0x01, 0x00, 0x00
    .byte 0x00, 0x15, 0xd7, 0x20, 0x00, 0x00, 0x2c, 0xcc, 0xff, 0xff, 0xff, 0x15, 0xd1, 0x00, 0x2c, 0x40
    .byte 0x14, 0x00, 0x00, 0x2c, 0x41, 0x14, 0x00, 0x00, 0x2c, 0x42, 0x14, 0x00, 0x00, 0x2c, 0x02, 0x00
    .byte 0x00, 0x00, 0x2c, 0x17, 0x00, 0x00, 0x00, 0x15, 0x73, 0x03, 0x00, 0x17, 0x00, 0x00, 0x00, 0x15
    .byte 0x1f, 0x18, 0x71, 0x17, 0x10, 0x15, 0x20, 0x18, 0x71, 0x17, 0x10, 0x15, 0x1e, 0x18, 0x71, 0x04
    .byte 0x10, 0x17, 0x00, 0x15, 0x45, 0x15, 0x5a, 0x2c, 0x43, 0x14, 0x00, 0x00, 0x2c, 0x41, 0x14, 0x00
    .byte 0x00, 0x2c, 0x44, 0x14, 0x00, 0x00, 0x2c, 0x02, 0x00, 0x00, 0x00, 0x2c, 0x09, 0x00, 0x00, 0x00
    .byte 0x15, 0x73, 0x00, 0x00, 0x20, 0x00, 0x00, 0x2c, 0x50, 0x01, 0x00, 0x00, 0x2c, 0x70, 0x00, 0x00
    .byte 0x00, 0x2c, 0x60, 0x02, 0x00, 0x00, 0x2c, 0xa0, 0x01, 0x00, 0x00, 0x15, 0x8d, 0x18, 0x70, 0x13
    .byte 0x99, 0x4a, 0x22, 0x02, 0x01, 0x74, 0x4a, 0x22, 0x02, 0x2c, 0x00, 0x04, 0x00, 0x00, 0x15, 0x37
    .byte 0x18, 0x70, 0x14, 0xac, 0x4a, 0x22, 0x02, 0x01, 0x99, 0x4a, 0x22, 0x02, 0x2c, 0xee, 0x03, 0x00
    .byte 0x00, 0x15, 0x37, 0x18, 0x70, 0x14, 0xbf, 0x4a, 0x22, 0x02, 0x01, 0xac, 0x4a, 0x22, 0x02, 0x2c
    .byte 0x02, 0x00, 0x00, 0x00, 0x15, 0x9b, 0x18, 0x70, 0x32, 0x00, 0x00, 0x00, 0x00, 0x00, 0x14, 0xd8
    .byte 0x4a, 0x22, 0x02, 0x01, 0xbf, 0x4a, 0x22, 0x02, 0x20, 0x00, 0x00, 0x15, 0x9b, 0x18, 0x70, 0x14
    .byte 0xf8, 0x4a, 0x22, 0x02, 0x20, 0x00, 0x00, 0x2c, 0xff, 0xff, 0xff, 0xff, 0x2c, 0xff, 0xff, 0xff
    .byte 0xff, 0x2c, 0xff, 0xff, 0xff, 0xff, 0x15, 0x89, 0x20, 0x00, 0x00, 0x15, 0x07, 0x15, 0x08, 0x2c
    .byte 0x03, 0x00, 0x00, 0x00, 0x2c, 0x0c, 0x4b, 0x22, 0x02, 0x15, 0x29, 0x00, 0x2c, 0x05, 0x00, 0x00
    .byte 0x00, 0x2c, 0x64, 0x00, 0x00, 0x00, 0x15, 0xe0, 0x18, 0x70, 0x32, 0x00, 0x01, 0x00, 0x00, 0x00
    .byte 0x14, 0x4a, 0x4b, 0x22, 0x02, 0x2c, 0x1c, 0x00, 0x00, 0x00, 0x2c, 0x64, 0x00, 0x00, 0x00, 0x20
    .byte 0x00, 0x00, 0x2c, 0x05, 0x00, 0x00, 0x00, 0x15, 0x0c, 0x2c, 0x17, 0x00, 0x00, 0x00, 0x2c, 0x64
    .byte 0x00, 0x00, 0x00, 0x2c, 0x01, 0x00, 0x00, 0x00, 0x15, 0x0a, 0x2c, 0x08, 0x00, 0x00, 0x00, 0x2c
    .byte 0x8c, 0x00, 0x00, 0x00, 0x15, 0xe0, 0x2c, 0x22, 0x00, 0x00, 0x00, 0x2c, 0x01, 0x00, 0x00, 0x00
    .byte 0x15, 0xe0, 0x2c, 0x0a, 0x00, 0x00, 0x00, 0x15, 0x07, 0x15, 0x08, 0x2c, 0x15, 0x00, 0x00, 0x00
    .byte 0x2c, 0x03, 0x00, 0x00, 0x00, 0x20, 0x00, 0x00, 0x15, 0x0a, 0x2c, 0x1c, 0x00, 0x00, 0x00, 0x2c
    .byte 0x03, 0x00, 0x00, 0x00, 0x2c, 0x7f, 0x00, 0x00, 0x00, 0x2c, 0x1e, 0x00, 0x00, 0x00, 0x15, 0x0c
    .byte 0x2c, 0x03, 0x00, 0x00, 0x00, 0x2c, 0x01, 0x00, 0x00, 0x00, 0x20, 0x00, 0x00, 0x20, 0x00, 0x00
    .byte 0x20, 0x00, 0x00, 0x15, 0x4f, 0x2c, 0x01, 0x00, 0x00, 0x00, 0x2c, 0x06, 0x00, 0x00, 0x00, 0x2c
    .byte 0x07, 0x00, 0x00, 0x00, 0x15, 0x47, 0x18, 0x70, 0x17, 0x00, 0x2c, 0x06, 0x00, 0x00, 0x00, 0x2c
    .byte 0x08, 0x00, 0x00, 0x00, 0x15, 0x47, 0x18, 0x70, 0x24, 0x00, 0x40, 0x00, 0x00, 0x00, 0x17, 0x00
    .byte 0x2c, 0x23, 0x00, 0x00, 0x00, 0x20, 0x00, 0x00, 0x15, 0x4f, 0x03, 0x00, 0x06, 0x00, 0x00, 0x00
    .byte 0x26, 0x00, 0xd2, 0x20, 0x00, 0x00, 0x2c, 0xf7, 0xea, 0x21, 0x02, 0x15, 0x39, 0x20, 0x00, 0x00
    .byte 0x15, 0x42, 0x18, 0x70, 0x32, 0x00, 0x00, 0x00, 0x00, 0x00, 0x14, 0x04, 0x4c, 0x22, 0x02, 0x01
    .byte 0xed, 0x4b, 0x22, 0x02, 0x2c, 0x0a, 0x00, 0x00, 0x00, 0x15, 0x07, 0x15, 0x08, 0x2c, 0x1e, 0x00
    .byte 0x00, 0x00, 0x15, 0x07, 0x15, 0x08, 0x2c, 0x06, 0x00, 0x00, 0x00, 0x2c, 0x65, 0x4f, 0x22, 0x02
    .byte 0x15, 0x39, 0x2c, 0x06, 0x00, 0x00, 0x00, 0x15, 0x42, 0x18, 0x70, 0x32, 0x00, 0x00, 0x00, 0x00
    .byte 0x00, 0x14, 0x3b, 0x4c, 0x22, 0x02, 0x01, 0x22, 0x4c, 0x22, 0x02, 0x2c, 0x0a, 0x00, 0x00, 0x00
    .byte 0x15, 0x07, 0x15, 0x08, 0x2c, 0x07, 0x00, 0x00, 0x00, 0x2c, 0xca, 0x4f, 0x22, 0x02, 0x15, 0x39
    .byte 0x2c, 0x07, 0x00, 0x00, 0x00, 0x15, 0x42, 0x18, 0x70, 0x32, 0x00, 0x00, 0x00, 0x00, 0x00, 0x14
    .byte 0x69, 0x4c, 0x22, 0x02, 0x01, 0x50, 0x4c, 0x22, 0x02, 0x2c, 0x0a, 0x00, 0x00, 0x00, 0x15, 0x07
    .byte 0x15, 0x08, 0x2c, 0x08, 0x00, 0x00, 0x00, 0x2c, 0x2f, 0x50, 0x22, 0x02, 0x15, 0x39, 0x2c, 0x08
    .byte 0x00, 0x00, 0x00, 0x15, 0x42, 0x18, 0x70, 0x32, 0x00, 0x00, 0x00, 0x00, 0x00, 0x14, 0x97, 0x4c
    .byte 0x22, 0x02, 0x01, 0x7e, 0x4c, 0x22, 0x02, 0x2c, 0x06, 0x00, 0x00, 0x00, 0x2c, 0x94, 0x50, 0x22
    .byte 0x02, 0x15, 0x39, 0x2c, 0x07, 0x00, 0x00, 0x00, 0x2c, 0x94, 0x50, 0x22, 0x02, 0x15, 0x39, 0x2c
    .byte 0x08, 0x00, 0x00, 0x00, 0x2c, 0x94, 0x50, 0x22, 0x02, 0x15, 0x39, 0x2c, 0x08, 0x00, 0x00, 0x00
    .byte 0x15, 0x42, 0x18, 0x70, 0x32, 0x00, 0x00, 0x00, 0x00, 0x00, 0x14, 0xd4, 0x4c, 0x22, 0x02, 0x01
    .byte 0xbb, 0x4c, 0x22, 0x02, 0x2c, 0x01, 0x00, 0x00, 0x00, 0x2c, 0x06, 0x00, 0x00, 0x00, 0x2c, 0x07
    .byte 0x00, 0x00, 0x00, 0x15, 0x47, 0x18, 0x70, 0x17, 0x00, 0x2c, 0x06, 0x00, 0x00, 0x00, 0x2c, 0x08
    .byte 0x00, 0x00, 0x00, 0x15, 0x47, 0x18, 0x70, 0x17, 0x00, 0x2c, 0x23, 0x00, 0x00, 0x00, 0x20, 0x00
    .byte 0x00, 0x15, 0x4f, 0x2c, 0x09, 0x00, 0x00, 0x00, 0x2c, 0x06, 0x00, 0x00, 0x00, 0x2c, 0x07, 0x00
    .byte 0x00, 0x00, 0x15, 0x47, 0x18, 0x70, 0x24, 0x00, 0x10, 0x00, 0x00, 0x00, 0x17, 0x00, 0x2c, 0x06
    .byte 0x00, 0x00, 0x00, 0x2c, 0x08, 0x00, 0x00, 0x00, 0x15, 0x47, 0x18, 0x70, 0x17, 0x00, 0x20, 0x00
    .byte 0x00, 0x2c, 0xf0, 0x00, 0x00, 0x00, 0x2c, 0xff, 0xff, 0xff, 0xff, 0x2c, 0xff, 0xff, 0xff, 0xff
    .byte 0x15, 0x53, 0x2c, 0x09, 0x00, 0x00, 0x00, 0x2c, 0x06, 0x00, 0x00, 0x00, 0x2c, 0x07, 0x00, 0x00
    .byte 0x00, 0x15, 0x47, 0x18, 0x70, 0x05, 0x00, 0x10, 0x00, 0x00, 0x00, 0x17, 0x00, 0x2c, 0x06, 0x00
    .byte 0x00, 0x00, 0x2c, 0x08, 0x00, 0x00, 0x00, 0x15, 0x47, 0x18, 0x70, 0x17, 0x00, 0x20, 0x00, 0x00
    .byte 0x2c, 0xf0, 0x00, 0x00, 0x00, 0x2c, 0xff, 0xff, 0xff, 0xff, 0x2c, 0xff, 0xff, 0xff, 0xff, 0x15
    .byte 0x53, 0x2c, 0x06, 0x00, 0x00, 0x00, 0x2c, 0xf5, 0x50, 0x22, 0x02, 0x15, 0x39, 0x2c, 0x07, 0x00
    .byte 0x00, 0x00, 0x2c, 0xf5, 0x50, 0x22, 0x02, 0x15, 0x39, 0x2c, 0x08, 0x00, 0x00, 0x00, 0x2c, 0xf5
    .byte 0x50, 0x22, 0x02, 0x15, 0x39, 0x2c, 0x08, 0x00, 0x00, 0x00, 0x15, 0x42, 0x18, 0x70, 0x32, 0x00
    .byte 0x00, 0x00, 0x00, 0x00, 0x14, 0xbe, 0x4d, 0x22, 0x02, 0x01, 0xa5, 0x4d, 0x22, 0x02, 0x21, 0x99
    .byte 0x46, 0x22, 0x02, 0x20, 0x00, 0x00, 0x2c, 0x07, 0x46, 0x00, 0x00, 0x15, 0xe0, 0x2c, 0x0a, 0x00
    .byte 0x00, 0x00, 0x15, 0x07, 0x15, 0x08, 0x20, 0x00, 0x00, 0x2c, 0x07, 0x46, 0x00, 0x00, 0x15, 0xe0
    .byte 0x2c, 0x0f, 0x00, 0x00, 0x00, 0x15, 0x07, 0x15, 0x08, 0x2c, 0x1e, 0x00, 0x00, 0x00, 0x2c, 0x06
    .byte 0x46, 0x00, 0x00, 0x2c, 0x7f, 0x00, 0x00, 0x00, 0x20, 0x00, 0x00, 0x2c, 0x68, 0x01, 0x00, 0x00
    .byte 0x15, 0x3e, 0x2c, 0x06, 0x00, 0x00, 0x00, 0x2c, 0x0a, 0x51, 0x22, 0x02, 0x15, 0x39, 0x2c, 0x07
    .byte 0x00, 0x00, 0x00, 0x2c, 0x66, 0x51, 0x22, 0x02, 0x15, 0x39, 0x2c, 0x08, 0x00, 0x00, 0x00, 0x2c
    .byte 0xc2, 0x51, 0x22, 0x02, 0x15, 0x39, 0x2c, 0x08, 0x00, 0x00, 0x00, 0x15, 0x42, 0x18, 0x70, 0x32
    .byte 0x00, 0x00, 0x00, 0x00, 0x00, 0x14, 0x3f, 0x4e, 0x22, 0x02, 0x01, 0x26, 0x4e, 0x22, 0x02, 0x2c
    .byte 0x78, 0x00, 0x00, 0x00, 0x15, 0x07, 0x15, 0x08, 0x2c, 0x08, 0x00, 0x00, 0x00, 0x2c, 0xf2, 0x52
    .byte 0x22, 0x02, 0x15, 0x39, 0x2c, 0x1e, 0x00, 0x00, 0x00, 0x15, 0x07, 0x15, 0x08, 0x2c, 0x07, 0x00
    .byte 0x00, 0x00, 0x2c, 0x88, 0x52, 0x22, 0x02, 0x15, 0x39, 0x2c, 0x2d, 0x00, 0x00, 0x00, 0x15, 0x07
    .byte 0x15, 0x08, 0x2c, 0x06, 0x00, 0x00, 0x00, 0x2c, 0x1e, 0x52, 0x22, 0x02, 0x15, 0x39, 0x2c, 0x06
    .byte 0x00, 0x00, 0x00, 0x15, 0x42, 0x18, 0x70, 0x32, 0x00, 0x00, 0x00, 0x00, 0x00, 0x14, 0x97, 0x4e
    .byte 0x22, 0x02, 0x01, 0x7e, 0x4e, 0x22, 0x02, 0x2c, 0x03, 0x00, 0x00, 0x00, 0x2c, 0xbb, 0x00, 0x00
    .byte 0x00, 0x15, 0xef, 0x2c, 0x03, 0x00, 0x00, 0x00, 0x2c, 0xbc, 0x00, 0x00, 0x00, 0x15, 0xef, 0x2c
    .byte 0x03, 0x00, 0x00, 0x00, 0x2c, 0xbd, 0x00, 0x00, 0x00, 0x15, 0xef, 0x2c, 0x0a, 0x00, 0x00, 0x00
    .byte 0x15, 0x07, 0x15, 0x08, 0x2c, 0x16, 0x00, 0x00, 0x00, 0x2c, 0x03, 0x00, 0x00, 0x00, 0x2c, 0x3c
    .byte 0x00, 0x00, 0x00, 0x15, 0x0a, 0x2c, 0x02, 0x00, 0x00, 0x00, 0x2c, 0x1e, 0x00, 0x00, 0x00, 0x20
    .byte 0x00, 0x00, 0x20, 0x00, 0x00, 0x20, 0x00, 0x00, 0x15, 0x4f, 0x18, 0x70, 0x17, 0x00, 0x15, 0x07
    .byte 0x15, 0x08, 0x2c, 0x03, 0x00, 0x00, 0x00, 0x20, 0x00, 0x00, 0x20, 0x00, 0x00, 0x20, 0x00, 0x00
    .byte 0x20, 0x00, 0x00, 0x15, 0x4f, 0x2c, 0x0a, 0x00, 0x00, 0x00, 0x15, 0x07, 0x15, 0x08, 0x2c, 0x09
    .byte 0x00, 0x00, 0x00, 0x2c, 0x8c, 0x00, 0x00, 0x00, 0x15, 0xe0, 0x2c, 0x22, 0x00, 0x00, 0x00, 0x20
    .byte 0x00, 0x00, 0x15, 0xe0, 0x2c, 0x05, 0x00, 0x00, 0x00, 0x2c, 0x64, 0x00, 0x00, 0x00, 0x15, 0xe0
    .byte 0x18, 0x70, 0x32, 0x00, 0x01, 0x00, 0x00, 0x00, 0x14, 0x62, 0x4f, 0x22, 0x02, 0x2c, 0x17, 0x00
    .byte 0x00, 0x00, 0x2c, 0x64, 0x00, 0x00, 0x00, 0x20, 0x00, 0x00, 0x15, 0x0a, 0x2c, 0x1c, 0x00, 0x00
    .byte 0x00, 0x2c, 0x64, 0x00, 0x00, 0x00, 0x2c, 0x40, 0x00, 0x00, 0x00, 0x2c, 0x05, 0x00, 0x00, 0x00
    .byte 0x15, 0x0c, 0x15, 0x0d, 0x00, 0x2c, 0x34, 0x14, 0x00, 0x00, 0x2c, 0x35, 0x14, 0x00, 0x00, 0x2c
    .byte 0x36, 0x14, 0x00, 0x00, 0x2c, 0x02, 0x00, 0x00, 0x00, 0x2c, 0x17, 0x00, 0x00, 0x00, 0x15, 0x73
    .byte 0x2c, 0x17, 0x00, 0x00, 0x00, 0x15, 0x05, 0x20, 0x00, 0x00, 0x15, 0x55, 0x2c, 0x04, 0x00, 0x00
    .byte 0x00, 0x15, 0x75, 0x2c, 0x1b, 0x00, 0x00, 0x00, 0x15, 0x05, 0x2c, 0x1b, 0x00, 0x00, 0x00, 0x15
    .byte 0x45, 0x15, 0x8b, 0x18, 0x70, 0x32, 0x00, 0x00, 0x00, 0x00, 0x00, 0x13, 0xb5, 0x4f, 0x22, 0x02
    .byte 0x01, 0xa1, 0x4f, 0x22, 0x02, 0x2c, 0x19, 0x03, 0x00, 0x00, 0x2c, 0x01, 0x00, 0x00, 0x00, 0x20
    .byte 0x00, 0x00, 0x20, 0x00, 0x00, 0x15, 0x59, 0x15, 0x5a, 0x00, 0x2c, 0x3b, 0x14, 0x00, 0x00, 0x2c
    .byte 0x3c, 0x14, 0x00, 0x00, 0x2c, 0x3d, 0x14, 0x00, 0x00, 0x2c, 0x02, 0x00, 0x00, 0x00, 0x2c, 0x17
    .byte 0x00, 0x00, 0x00, 0x15, 0x73, 0x2c, 0x17, 0x00, 0x00, 0x00, 0x15, 0x05, 0x20, 0x00, 0x00, 0x15
    .byte 0x55, 0x2c, 0x07, 0x00, 0x00, 0x00, 0x15, 0x75, 0x2c, 0x1e, 0x00, 0x00, 0x00, 0x15, 0x05, 0x2c
    .byte 0x1e, 0x00, 0x00, 0x00, 0x15, 0x45, 0x15, 0x8b, 0x18, 0x70, 0x32, 0x00, 0x00, 0x00, 0x00, 0x00
    .byte 0x13, 0x1a, 0x50, 0x22, 0x02, 0x01, 0x06, 0x50, 0x22, 0x02, 0x2c, 0x1a, 0x03, 0x00, 0x00, 0x2c
    .byte 0x01, 0x00, 0x00, 0x00, 0x20, 0x00, 0x00, 0x20, 0x00, 0x00, 0x15, 0x59, 0x15, 0x5a, 0x00, 0x2c
    .byte 0x40, 0x14, 0x00, 0x00, 0x2c, 0x41, 0x14, 0x00, 0x00, 0x2c, 0x42, 0x14, 0x00, 0x00, 0x2c, 0x02
    .byte 0x00, 0x00, 0x00, 0x2c, 0x17, 0x00, 0x00, 0x00, 0x15, 0x73, 0x2c, 0x17, 0x00, 0x00, 0x00, 0x15
    .byte 0x05, 0x20, 0x00, 0x00, 0x15, 0x55, 0x2c, 0x01, 0x00, 0x00, 0x00, 0x15, 0x75, 0x2c, 0x18, 0x00
    .byte 0x00, 0x00, 0x15, 0x05, 0x2c, 0x18, 0x00, 0x00, 0x00, 0x15, 0x45, 0x15, 0x8b, 0x18, 0x70, 0x32
    .byte 0x00, 0x00, 0x00, 0x00, 0x00, 0x13, 0x7f, 0x50, 0x22, 0x02, 0x01, 0x6b, 0x50, 0x22, 0x02, 0x2c
    .byte 0x1b, 0x03, 0x00, 0x00, 0x2c, 0x01, 0x00, 0x00, 0x00, 0x20, 0x00, 0x00, 0x20, 0x00, 0x00, 0x15
    .byte 0x59, 0x15, 0x5a, 0x00, 0x20, 0x00, 0x00, 0x15, 0x18, 0x20, 0x00, 0x00, 0x15, 0x19, 0x2c, 0x01
    .byte 0x00, 0x00, 0x00, 0x15, 0x2b, 0x2c, 0x00, 0x02, 0x00, 0x00, 0x2c, 0x80, 0x00, 0x00, 0x00, 0x20
    .byte 0x00, 0x00, 0x2c, 0x00, 0x30, 0x00, 0x00, 0x2c, 0x05, 0x00, 0x00, 0x00, 0x20, 0x00, 0x00, 0x15
    .byte 0x1a, 0x2c, 0x01, 0x00, 0x00, 0x00, 0x15, 0x07, 0x15, 0x08, 0x15, 0x22, 0x18, 0x70, 0x13, 0xda
    .byte 0x50, 0x22, 0x02, 0x15, 0x28, 0x25, 0xf4, 0x50, 0x22, 0x02, 0x2c, 0x06, 0x00, 0x00, 0x00, 0x15
    .byte 0x31, 0x18, 0x70, 0x13, 0xef, 0x50, 0x22, 0x02, 0x15, 0x28, 0x25, 0xf4, 0x50, 0x22, 0x02, 0x25
    .byte 0xc1, 0x50, 0x22, 0x02, 0x00, 0x21, 0xe7, 0x2c, 0x22, 0x02, 0x21, 0xe7, 0x2c, 0x22, 0x02, 0x21
    .byte 0xe7, 0x2c, 0x22, 0x02, 0x21, 0xe7, 0x2c, 0x22, 0x02, 0x00, 0x2c, 0xff, 0xff, 0xff, 0xff, 0x2c
    .byte 0x80, 0x02, 0x00, 0x00, 0x2c, 0xff, 0xff, 0xff, 0xff, 0x2c, 0xff, 0xff, 0xff, 0xff, 0x2c, 0xff
    .byte 0xff, 0xff, 0xff, 0x2c, 0xff, 0xff, 0xff, 0xff, 0x15, 0x00, 0x20, 0x00, 0x00, 0x15, 0x2b, 0x20
    .byte 0x00, 0x00, 0x2c, 0x10, 0x00, 0x00, 0x00, 0x20, 0x00, 0x00, 0x2c, 0x3c, 0x00, 0x00, 0x00, 0x20
    .byte 0x00, 0x00, 0x20, 0x00, 0x00, 0x15, 0x1a, 0x15, 0x21, 0x2c, 0x04, 0x00, 0x00, 0x00, 0x15, 0x75
    .byte 0x2c, 0x1b, 0x00, 0x00, 0x00, 0x15, 0x05, 0x2c, 0x01, 0x00, 0x00, 0x00, 0x15, 0x18, 0x2c, 0x01
    .byte 0x00, 0x00, 0x00, 0x15, 0x19, 0x00, 0x2c, 0xff, 0xff, 0xff, 0xff, 0x2c, 0x80, 0x02, 0x00, 0x00
    .byte 0x2c, 0xff, 0xff, 0xff, 0xff, 0x2c, 0xff, 0xff, 0xff, 0xff, 0x2c, 0xff, 0xff, 0xff, 0xff, 0x2c
    .byte 0xff, 0xff, 0xff, 0xff, 0x15, 0x00, 0x20, 0x00, 0x00, 0x15, 0x2b, 0x2c, 0xf0, 0xff, 0xff, 0xff
    .byte 0x20, 0x00, 0x00, 0x20, 0x00, 0x00, 0x2c, 0x3c, 0x00, 0x00, 0x00, 0x20, 0x00, 0x00, 0x20, 0x00
    .byte 0x00, 0x15, 0x1a, 0x15, 0x21, 0x2c, 0x07, 0x00, 0x00, 0x00, 0x15, 0x75, 0x2c, 0x1e, 0x00, 0x00
    .byte 0x00, 0x15, 0x05, 0x2c, 0x01, 0x00, 0x00, 0x00, 0x15, 0x18, 0x2c, 0x01, 0x00, 0x00, 0x00, 0x15
    .byte 0x19, 0x00, 0x2c, 0xff, 0xff, 0xff, 0xff, 0x2c, 0x80, 0x02, 0x00, 0x00, 0x2c, 0xff, 0xff, 0xff
    .byte 0xff, 0x2c, 0xff, 0xff, 0xff, 0xff, 0x2c, 0xff, 0xff, 0xff, 0xff, 0x2c, 0xff, 0xff, 0xff, 0xff
    .byte 0x15, 0x00, 0x20, 0x00, 0x00, 0x15, 0x2b, 0x2c, 0x10, 0x00, 0x00, 0x00, 0x20, 0x00, 0x00, 0x20
    .byte 0x00, 0x00, 0x2c, 0x3c, 0x00, 0x00, 0x00, 0x20, 0x00, 0x00, 0x20, 0x00, 0x00, 0x15, 0x1a, 0x15
    .byte 0x21, 0x2c, 0x01, 0x00, 0x00, 0x00, 0x15, 0x75, 0x2c, 0x18, 0x00, 0x00, 0x00, 0x15, 0x05, 0x2c
    .byte 0x01, 0x00, 0x00, 0x00, 0x15, 0x18, 0x2c, 0x01, 0x00, 0x00, 0x00, 0x15, 0x19, 0x00, 0x20, 0x00
    .byte 0x00, 0x15, 0x18, 0x20, 0x00, 0x00, 0x15, 0x19, 0x2c, 0x01, 0x00, 0x00, 0x00, 0x15, 0x2b, 0x2c
    .byte 0x01, 0x00, 0x00, 0x00, 0x15, 0x2b, 0x2c, 0x00, 0x02, 0x00, 0x00, 0x2c, 0xe0, 0xff, 0xff, 0xff
    .byte 0x20, 0x00, 0x00, 0x2c, 0x00, 0x30, 0x00, 0x00, 0x2c, 0x05, 0x00, 0x00, 0x00, 0x20, 0x00, 0x00
    .byte 0x15, 0x1a, 0x2c, 0x01, 0x00, 0x00, 0x00, 0x15, 0x07, 0x15, 0x08, 0x15, 0x22, 0x18, 0x70, 0x13
    .byte 0x6b, 0x52, 0x22, 0x02, 0x15, 0x28, 0x25, 0x85, 0x52, 0x22, 0x02, 0x2c, 0x06, 0x00, 0x00, 0x00
    .byte 0x15, 0x31, 0x18, 0x70, 0x13, 0x80, 0x52, 0x22, 0x02, 0x15, 0x28, 0x25, 0x85, 0x52, 0x22, 0x02
    .byte 0x25, 0x52, 0x52, 0x22, 0x02, 0x15, 0x0d, 0x00, 0x20, 0x00, 0x00, 0x15, 0x18, 0x20, 0x00, 0x00
    .byte 0x15, 0x19, 0x2c, 0x01, 0x00, 0x00, 0x00, 0x15, 0x2b, 0x2c, 0x01, 0x00, 0x00, 0x00, 0x15, 0x2b
    .byte 0x2c, 0x00, 0x02, 0x00, 0x00, 0x2c, 0xe0, 0xff, 0xff, 0xff, 0x20, 0x00, 0x00, 0x2c, 0x00, 0x30
    .byte 0x00, 0x00, 0x2c, 0x05, 0x00, 0x00, 0x00, 0x20, 0x00, 0x00, 0x15, 0x1a, 0x2c, 0x01, 0x00, 0x00
    .byte 0x00, 0x15, 0x07, 0x15, 0x08, 0x15, 0x22, 0x18, 0x70, 0x13, 0xd5, 0x52, 0x22, 0x02, 0x15, 0x28
    .byte 0x25, 0xef, 0x52, 0x22, 0x02, 0x2c, 0x06, 0x00, 0x00, 0x00, 0x15, 0x31, 0x18, 0x70, 0x13, 0xea
    .byte 0x52, 0x22, 0x02, 0x15, 0x28, 0x25, 0xef, 0x52, 0x22, 0x02, 0x25, 0xbc, 0x52, 0x22, 0x02, 0x15
    .byte 0x0d, 0x00, 0x20, 0x00, 0x00, 0x15, 0x18, 0x20, 0x00, 0x00, 0x15, 0x19, 0x2c, 0x01, 0x00, 0x00
    .byte 0x00, 0x15, 0x2b, 0x2c, 0x01, 0x00, 0x00, 0x00, 0x15, 0x2b, 0x2c, 0x00, 0x02, 0x00, 0x00, 0x2c
    .byte 0xe0, 0xff, 0xff, 0xff, 0x20, 0x00, 0x00, 0x2c, 0x00, 0x30, 0x00, 0x00, 0x2c, 0x05, 0x00, 0x00
    .byte 0x00, 0x20, 0x00, 0x00, 0x15, 0x1a, 0x2c, 0x01, 0x00, 0x00, 0x00, 0x15, 0x07, 0x15, 0x08, 0x15
    .byte 0x22, 0x18, 0x70, 0x13, 0x3f, 0x53, 0x22, 0x02, 0x15, 0x28, 0x25, 0x59, 0x53, 0x22, 0x02, 0x2c
    .byte 0x06, 0x00, 0x00, 0x00, 0x15, 0x31, 0x18, 0x70, 0x13, 0x54, 0x53, 0x22, 0x02, 0x15, 0x28, 0x25
    .byte 0x59, 0x53, 0x22, 0x02, 0x25, 0x26, 0x53, 0x22, 0x02, 0x15, 0x0d, 0x00, 0x00, 0x2c, 0x03, 0x00
    .byte 0x00, 0x00, 0x2c, 0x06, 0x00, 0x00, 0x00, 0x15, 0x47, 0x18, 0x70, 0x32, 0x00, 0x00, 0x00, 0x00
    .byte 0x00, 0x14, 0xc4, 0x53, 0x22, 0x02, 0x2c, 0x03, 0x00, 0x00, 0x00, 0x2c, 0x11, 0x61, 0x22, 0x02
    .byte 0x15, 0x39, 0x2c, 0x03, 0x00, 0x00, 0x00, 0x15, 0x42, 0x18, 0x70, 0x32, 0x00, 0x00, 0x00, 0x00
    .byte 0x00, 0x14, 0x9b, 0x53, 0x22, 0x02, 0x01, 0x82, 0x53, 0x22, 0x02, 0x2c, 0x03, 0x00, 0x00, 0x00
    .byte 0x2c, 0x06, 0x00, 0x00, 0x00, 0x15, 0x47, 0x18, 0x70, 0x14, 0xbf, 0x53, 0x22, 0x02, 0x2c, 0x03
    .byte 0x00, 0x00, 0x00, 0x2c, 0x5d, 0x5b, 0x22, 0x02, 0x15, 0x39, 0x25, 0xc4, 0x53, 0x22, 0x02, 0x01
    .byte 0x9b, 0x53, 0x22, 0x02, 0x15, 0x1f, 0x18, 0x70, 0x17, 0x00, 0x15, 0x20, 0x18, 0x70, 0x17, 0x00
    .byte 0x15, 0x27, 0x18, 0x70, 0x17, 0x00, 0x2c, 0x03, 0x00, 0x00, 0x00, 0x2c, 0x07, 0x00, 0x00, 0x00
    .byte 0x15, 0x47, 0x18, 0x70, 0x17, 0x00, 0x2c, 0x03, 0x00, 0x00, 0x00, 0x2c, 0x08, 0x00, 0x00, 0x00
    .byte 0x15, 0x47, 0x18, 0x70, 0x17, 0x00, 0x2c, 0x03, 0x00, 0x00, 0x00, 0x2c, 0x09, 0x00, 0x00, 0x00
    .byte 0x15, 0x47, 0x18, 0x70, 0x17, 0x00, 0x15, 0x65, 0x18, 0x70, 0x33, 0x00, 0x30, 0x00, 0x00, 0x00
    .byte 0x14, 0xa1, 0x54, 0x22, 0x02, 0x2c, 0x03, 0x00, 0x00, 0x00, 0x2c, 0x11, 0x61, 0x22, 0x02, 0x15
    .byte 0x39, 0x2c, 0x03, 0x00, 0x00, 0x00, 0x15, 0x42, 0x18, 0x70, 0x32, 0x00, 0x00, 0x00, 0x00, 0x00
    .byte 0x14, 0x3a, 0x54, 0x22, 0x02, 0x01, 0x21, 0x54, 0x22, 0x02, 0x15, 0x1f, 0x18, 0x70, 0x17, 0x00
    .byte 0x15, 0x20, 0x18, 0x70, 0x17, 0x00, 0x15, 0x27, 0x18, 0x70, 0x17, 0x00, 0x2c, 0x03, 0x00, 0x00
    .byte 0x00, 0x2c, 0x07, 0x00, 0x00, 0x00, 0x15, 0x47, 0x18, 0x70, 0x17, 0x00, 0x2c, 0x03, 0x00, 0x00
    .byte 0x00, 0x2c, 0x08, 0x00, 0x00, 0x00, 0x15, 0x47, 0x18, 0x70, 0x17, 0x00, 0x2c, 0x03, 0x00, 0x00
    .byte 0x00, 0x2c, 0x09, 0x00, 0x00, 0x00, 0x15, 0x47, 0x18, 0x70, 0x17, 0x00, 0x15, 0x65, 0x18, 0x70
    .byte 0x30, 0x00, 0x30, 0x00, 0x00, 0x00, 0x14, 0x9c, 0x54, 0x22, 0x02, 0x2c, 0x03, 0x00, 0x00, 0x00
    .byte 0x2c, 0x5d, 0x5b, 0x22, 0x02, 0x15, 0x39, 0x25, 0xa1, 0x54, 0x22, 0x02, 0x01, 0x3a, 0x54, 0x22
    .byte 0x02, 0x20, 0x00, 0x00, 0x2c, 0xff, 0xff, 0xff, 0xff, 0x2c, 0xff, 0xff, 0xff, 0xff, 0x15, 0xdd
    .byte 0x18, 0x70, 0x14, 0xee, 0x55, 0x22, 0x02, 0x2c, 0x03, 0x00, 0x00, 0x00, 0x2c, 0xff, 0xff, 0xff
    .byte 0xff, 0x2c, 0xff, 0xff, 0xff, 0xff, 0x15, 0xdd, 0x18, 0x70, 0x35, 0x00, 0x02, 0x00, 0x00, 0x00
    .byte 0x14, 0xee, 0x55, 0x22, 0x02, 0x2c, 0x01, 0x00, 0x00, 0x00, 0x2c, 0x07, 0x00, 0x00, 0x00, 0x15
    .byte 0x47, 0x18, 0x70, 0x17, 0x00, 0x2c, 0x01, 0x00, 0x00, 0x00, 0x2c, 0x08, 0x00, 0x00, 0x00, 0x15
    .byte 0x47, 0x18, 0x70, 0x17, 0x00, 0x2c, 0x01, 0x00, 0x00, 0x00, 0x2c, 0x09, 0x00, 0x00, 0x00, 0x15
    .byte 0x47, 0x18, 0x70, 0x17, 0x00, 0x2c, 0x03, 0x00, 0x00, 0x00, 0x2c, 0x07, 0x00, 0x00, 0x00, 0x15
    .byte 0x47, 0x18, 0x70, 0x17, 0x00, 0x2c, 0x03, 0x00, 0x00, 0x00, 0x2c, 0x08, 0x00, 0x00, 0x00, 0x15
    .byte 0x47, 0x18, 0x70, 0x17, 0x00, 0x2c, 0x03, 0x00, 0x00, 0x00, 0x2c, 0x09, 0x00, 0x00, 0x00, 0x15
    .byte 0x47, 0x18, 0x70, 0x17, 0x00, 0x15, 0x65, 0x18, 0x70, 0x33, 0x00, 0x30, 0x00, 0x00, 0x00, 0x14
    .byte 0xee, 0x55, 0x22, 0x02, 0x2c, 0x03, 0x00, 0x00, 0x00, 0x2c, 0x11, 0x61, 0x22, 0x02, 0x15, 0x39
    .byte 0x2c, 0x03, 0x00, 0x00, 0x00, 0x15, 0x42, 0x18, 0x70, 0x32, 0x00, 0x00, 0x00, 0x00, 0x00, 0x14
    .byte 0x69, 0x55, 0x22, 0x02, 0x01, 0x50, 0x55, 0x22, 0x02, 0x2c, 0x01, 0x00, 0x00, 0x00, 0x2c, 0x07
    .byte 0x00, 0x00, 0x00, 0x15, 0x47, 0x18, 0x70, 0x17, 0x00, 0x2c, 0x01, 0x00, 0x00, 0x00, 0x2c, 0x08
    .byte 0x00, 0x00, 0x00, 0x15, 0x47, 0x18, 0x70, 0x17, 0x00, 0x2c, 0x01, 0x00, 0x00, 0x00, 0x2c, 0x09
    .byte 0x00, 0x00, 0x00, 0x15, 0x47, 0x18, 0x70, 0x17, 0x00, 0x2c, 0x03, 0x00, 0x00, 0x00, 0x2c, 0x07
    .byte 0x00, 0x00, 0x00, 0x15, 0x47, 0x18, 0x70, 0x17, 0x00, 0x2c, 0x03, 0x00, 0x00, 0x00, 0x2c, 0x08
    .byte 0x00, 0x00, 0x00, 0x15, 0x47, 0x18, 0x70, 0x17, 0x00, 0x2c, 0x03, 0x00, 0x00, 0x00, 0x2c, 0x09
    .byte 0x00, 0x00, 0x00, 0x15, 0x47, 0x18, 0x70, 0x17, 0x00, 0x15, 0x65, 0x18, 0x70, 0x30, 0x00, 0x30
    .byte 0x00, 0x00, 0x00, 0x14, 0xe9, 0x55, 0x22, 0x02, 0x2c, 0x03, 0x00, 0x00, 0x00, 0x2c, 0x5d, 0x5b
    .byte 0x22, 0x02, 0x15, 0x39, 0x25, 0xee, 0x55, 0x22, 0x02, 0x01, 0x69, 0x55, 0x22, 0x02, 0x2a, 0x00
    .byte 0x01, 0x32, 0x00, 0x01, 0x00, 0x00, 0x00, 0x14, 0x6e, 0x56, 0x22, 0x02, 0x2c, 0x03, 0x00, 0x00
    .byte 0x00, 0x2c, 0x07, 0x00, 0x00, 0x00, 0x15, 0x47, 0x18, 0x70, 0x15, 0x1f, 0x18, 0x71, 0x1a, 0x10
    .byte 0x14, 0x69, 0x56, 0x22, 0x02, 0x2c, 0x03, 0x00, 0x00, 0x00, 0x2c, 0x11, 0x61, 0x22, 0x02, 0x15
    .byte 0x39, 0x2c, 0x03, 0x00, 0x00, 0x00, 0x15, 0x42, 0x18, 0x70, 0x32, 0x00, 0x00, 0x00, 0x00, 0x00
    .byte 0x14, 0x3a, 0x56, 0x22, 0x02, 0x01, 0x21, 0x56, 0x22, 0x02, 0x2c, 0x03, 0x00, 0x00, 0x00, 0x2c
    .byte 0x07, 0x00, 0x00, 0x00, 0x15, 0x47, 0x18, 0x70, 0x15, 0x1f, 0x18, 0x71, 0x1d, 0x10, 0x14, 0x64
    .byte 0x56, 0x22, 0x02, 0x2c, 0x03, 0x00, 0x00, 0x00, 0x2c, 0x5d, 0x5b, 0x22, 0x02, 0x15, 0x39, 0x25
    .byte 0x69, 0x56, 0x22, 0x02, 0x01, 0x3a, 0x56, 0x22, 0x02, 0x25, 0x05, 0x57, 0x22, 0x02, 0x2a, 0x00
    .byte 0x01, 0x32, 0x00, 0x02, 0x00, 0x00, 0x00, 0x13, 0x98, 0x56, 0x22, 0x02, 0x2a, 0x00, 0x01, 0x32
    .byte 0x00, 0x03, 0x00, 0x00, 0x00, 0x13, 0x98, 0x56, 0x22, 0x02, 0x2a, 0x00, 0x01, 0x32, 0x00, 0x04
    .byte 0x00, 0x00, 0x00, 0x14, 0x05, 0x57, 0x22, 0x02, 0x2c, 0x03, 0x00, 0x00, 0x00, 0x2c, 0x08, 0x00
    .byte 0x00, 0x00, 0x15, 0x47, 0x18, 0x70, 0x15, 0x20, 0x18, 0x71, 0x1a, 0x10, 0x14, 0x05, 0x57, 0x22
    .byte 0x02, 0x2c, 0x03, 0x00, 0x00, 0x00, 0x2c, 0x11, 0x61, 0x22, 0x02, 0x15, 0x39, 0x2c, 0x03, 0x00
    .byte 0x00, 0x00, 0x15, 0x42, 0x18, 0x70, 0x32, 0x00, 0x00, 0x00, 0x00, 0x00, 0x14, 0xd6, 0x56, 0x22
    .byte 0x02, 0x01, 0xbd, 0x56, 0x22, 0x02, 0x2c, 0x03, 0x00, 0x00, 0x00, 0x2c, 0x08, 0x00, 0x00, 0x00
    .byte 0x15, 0x47, 0x18, 0x70, 0x15, 0x20, 0x18, 0x71, 0x1d, 0x10, 0x14, 0x00, 0x57, 0x22, 0x02, 0x2c
    .byte 0x03, 0x00, 0x00, 0x00, 0x2c, 0x5d, 0x5b, 0x22, 0x02, 0x15, 0x39, 0x25, 0x05, 0x57, 0x22, 0x02
    .byte 0x01, 0xd6, 0x56, 0x22, 0x02, 0x20, 0x00, 0x00, 0x2c, 0xff, 0xff, 0xff, 0xff, 0x2c, 0xff, 0xff
    .byte 0xff, 0xff, 0x15, 0xdd, 0x18, 0x70, 0x14, 0x78, 0x58, 0x22, 0x02, 0x2c, 0x03, 0x00, 0x00, 0x00
    .byte 0x2c, 0xff, 0xff, 0xff, 0xff, 0x2c, 0xff, 0xff, 0xff, 0xff, 0x15, 0xdd, 0x18, 0x70, 0x35, 0x00
    .byte 0x02, 0x00, 0x00, 0x00, 0x14, 0x78, 0x58, 0x22, 0x02, 0x2a, 0x00, 0x01, 0x32, 0x00, 0x01, 0x00
    .byte 0x00, 0x00, 0x14, 0xcd, 0x57, 0x22, 0x02, 0x2c, 0x03, 0x00, 0x00, 0x00, 0x2c, 0x07, 0x00, 0x00
    .byte 0x00, 0x15, 0x47, 0x18, 0x70, 0x2c, 0x01, 0x00, 0x00, 0x00, 0x2c, 0x07, 0x00, 0x00, 0x00, 0x15
    .byte 0x47, 0x18, 0x71, 0x1a, 0x10, 0x14, 0xc8, 0x57, 0x22, 0x02, 0x2c, 0x03, 0x00, 0x00, 0x00, 0x2c
    .byte 0x11, 0x61, 0x22, 0x02, 0x15, 0x39, 0x2c, 0x03, 0x00, 0x00, 0x00, 0x15, 0x42, 0x18, 0x70, 0x32
    .byte 0x00, 0x00, 0x00, 0x00, 0x00, 0x14, 0x8f, 0x57, 0x22, 0x02, 0x01, 0x76, 0x57, 0x22, 0x02, 0x2c
    .byte 0x03, 0x00, 0x00, 0x00, 0x2c, 0x07, 0x00, 0x00, 0x00, 0x15, 0x47, 0x18, 0x70, 0x2c, 0x01, 0x00
    .byte 0x00, 0x00, 0x2c, 0x07, 0x00, 0x00, 0x00, 0x15, 0x47, 0x18, 0x71, 0x1d, 0x10, 0x14, 0xc3, 0x57
    .byte 0x22, 0x02, 0x2c, 0x03, 0x00, 0x00, 0x00, 0x2c, 0x5d, 0x5b, 0x22, 0x02, 0x15, 0x39, 0x25, 0xc8
    .byte 0x57, 0x22, 0x02, 0x01, 0x8f, 0x57, 0x22, 0x02, 0x25, 0x78, 0x58, 0x22, 0x02, 0x2a, 0x00, 0x01
    .byte 0x32, 0x00, 0x02, 0x00, 0x00, 0x00, 0x13, 0xf7, 0x57, 0x22, 0x02, 0x2a, 0x00, 0x01, 0x32, 0x00
    .byte 0x03, 0x00, 0x00, 0x00, 0x13, 0xf7, 0x57, 0x22, 0x02, 0x2a, 0x00, 0x01, 0x32, 0x00, 0x04, 0x00
    .byte 0x00, 0x00, 0x14, 0x78, 0x58, 0x22, 0x02, 0x2c, 0x03, 0x00, 0x00, 0x00, 0x2c, 0x08, 0x00, 0x00
    .byte 0x00, 0x15, 0x47, 0x18, 0x70, 0x2c, 0x01, 0x00, 0x00, 0x00, 0x2c, 0x08, 0x00, 0x00, 0x00, 0x15
    .byte 0x47, 0x18, 0x71, 0x1a, 0x10, 0x14, 0x78, 0x58, 0x22, 0x02, 0x2c, 0x03, 0x00, 0x00, 0x00, 0x2c
    .byte 0x11, 0x61, 0x22, 0x02, 0x15, 0x39, 0x2c, 0x03, 0x00, 0x00, 0x00, 0x15, 0x42, 0x18, 0x70, 0x32
    .byte 0x00, 0x00, 0x00, 0x00, 0x00, 0x14, 0x3f, 0x58, 0x22, 0x02, 0x01, 0x26, 0x58, 0x22, 0x02, 0x2c
    .byte 0x03, 0x00, 0x00, 0x00, 0x2c, 0x08, 0x00, 0x00, 0x00, 0x15, 0x47, 0x18, 0x70, 0x2c, 0x01, 0x00
    .byte 0x00, 0x00, 0x2c, 0x08, 0x00, 0x00, 0x00, 0x15, 0x47, 0x18, 0x71, 0x1d, 0x10, 0x14, 0x73, 0x58
    .byte 0x22, 0x02, 0x2c, 0x03, 0x00, 0x00, 0x00, 0x2c, 0x5d, 0x5b, 0x22, 0x02, 0x15, 0x39, 0x25, 0x78
    .byte 0x58, 0x22, 0x02, 0x01, 0x3f, 0x58, 0x22, 0x02, 0x01, 0x5d, 0x53, 0x22, 0x02, 0x00, 0x2c, 0x12
    .byte 0x00, 0x00, 0x00, 0x15, 0x05, 0x2c, 0x01, 0x00, 0x00, 0x00, 0x15, 0x06, 0x2c, 0x01, 0x00, 0x00
    .byte 0x00, 0x15, 0xd7, 0x2c, 0x01, 0x00, 0x00, 0x00, 0x2c, 0xe8, 0xff, 0xff, 0xff, 0x2c, 0xe0, 0xff
    .byte 0xff, 0xff, 0x2c, 0x18, 0x00, 0x00, 0x00, 0x2c, 0x20, 0x00, 0x00, 0x00, 0x15, 0xd8, 0x2c, 0x1e
    .byte 0x00, 0x00, 0x00, 0x2c, 0x0a, 0x00, 0x00, 0x00, 0x15, 0x32, 0x2c, 0x1f, 0x00, 0x00, 0x00, 0x2c
    .byte 0x00, 0x01, 0x00, 0x00, 0x15, 0x32, 0x2c, 0x1d, 0x00, 0x00, 0x00, 0x2c, 0x01, 0x00, 0x00, 0x00
    .byte 0x15, 0x32, 0x2c, 0xa0, 0x01, 0x00, 0x00, 0x2c, 0x40, 0x02, 0x00, 0x00, 0x20, 0x00, 0x00, 0x15
    .byte 0x02, 0x00, 0x20, 0x00, 0x00, 0x15, 0x09, 0x2c, 0x03, 0x00, 0x00, 0x00, 0x2c, 0x06, 0x00, 0x00
    .byte 0x00, 0x15, 0x47, 0x18, 0x70, 0x32, 0x00, 0x00, 0x00, 0x00, 0x00, 0x14, 0xbf, 0x59, 0x22, 0x02
    .byte 0x2c, 0x03, 0x00, 0x00, 0x00, 0x2c, 0x06, 0x00, 0x00, 0x00, 0x15, 0x47, 0x18, 0x70, 0x14, 0xba
    .byte 0x59, 0x22, 0x02, 0x2a, 0x00, 0x00, 0x32, 0x00, 0x00, 0x00, 0x00, 0x00, 0x14, 0xb5, 0x59, 0x22
    .byte 0x02, 0x2c, 0x04, 0x00, 0x00, 0x00, 0x20, 0x00, 0x00, 0x15, 0x39, 0x2c, 0x00, 0x04, 0x00, 0x00
    .byte 0x15, 0x37, 0x18, 0x70, 0x14, 0x3e, 0x59, 0x22, 0x02, 0x01, 0x2b, 0x59, 0x22, 0x02, 0x2c, 0xee
    .byte 0x03, 0x00, 0x00, 0x15, 0x37, 0x18, 0x70, 0x14, 0x51, 0x59, 0x22, 0x02, 0x01, 0x3e, 0x59, 0x22
    .byte 0x02, 0x2c, 0x02, 0x00, 0x00, 0x00, 0x15, 0x9b, 0x18, 0x70, 0x32, 0x00, 0x00, 0x00, 0x00, 0x00
    .byte 0x14, 0x6a, 0x59, 0x22, 0x02, 0x01, 0x51, 0x59, 0x22, 0x02, 0x20, 0x00, 0x00, 0x15, 0x9b, 0x18
    .byte 0x70, 0x14, 0x8a, 0x59, 0x22, 0x02, 0x20, 0x00, 0x00, 0x2c, 0xff, 0xff, 0xff, 0xff, 0x2c, 0xff
    .byte 0xff, 0xff, 0xff, 0x2c, 0xff, 0xff, 0xff, 0xff, 0x15, 0x89, 0x20, 0x00, 0x00, 0x15, 0x07, 0x15
    .byte 0x08, 0x2c, 0x03, 0x00, 0x00, 0x00, 0x2c, 0xc4, 0x59, 0x22, 0x02, 0x15, 0x29, 0x2c, 0x04, 0x00
    .byte 0x00, 0x00, 0x2c, 0x5d, 0x53, 0x22, 0x02, 0x15, 0x39, 0x2c, 0x01, 0x00, 0x00, 0x00, 0x15, 0x07
    .byte 0x15, 0x08, 0x15, 0x0d, 0x00, 0x25, 0xbf, 0x59, 0x22, 0x02, 0x01, 0x00, 0x59, 0x22, 0x02, 0x01
    .byte 0xe7, 0x58, 0x22, 0x02, 0x03, 0x00, 0x03, 0x00, 0x00, 0x00, 0x26, 0x00, 0xd2, 0x20, 0x00, 0x00
    .byte 0x2c, 0xf7, 0xea, 0x21, 0x02, 0x15, 0x39, 0x20, 0x00, 0x00, 0x15, 0x42, 0x18, 0x70, 0x32, 0x00
    .byte 0x00, 0x00, 0x00, 0x00, 0x14, 0xee, 0x59, 0x22, 0x02, 0x01, 0xd7, 0x59, 0x22, 0x02, 0x2c, 0x22
    .byte 0x00, 0x00, 0x00, 0x2c, 0x01, 0x00, 0x00, 0x00, 0x15, 0xe0, 0x03, 0x00, 0x01, 0x00, 0x00, 0x00
    .byte 0x27, 0x00, 0x00, 0x2c, 0x03, 0x00, 0x00, 0x00, 0x2c, 0x11, 0x5b, 0x22, 0x02, 0x15, 0x39, 0x2c
    .byte 0x15, 0x00, 0x00, 0x00, 0x2c, 0x64, 0x00, 0x00, 0x00, 0x2c, 0x7f, 0x00, 0x00, 0x00, 0x15, 0x0a
    .byte 0x2c, 0x0a, 0x00, 0x00, 0x00, 0x15, 0x07, 0x15, 0x08, 0x2c, 0x03, 0x00, 0x00, 0x00, 0x2c, 0x01
    .byte 0x00, 0x00, 0x00, 0x20, 0x00, 0x00, 0x20, 0x00, 0x00, 0x20, 0x00, 0x00, 0x15, 0x4f, 0x2c, 0x01
    .byte 0x00, 0x00, 0x00, 0x2c, 0x03, 0x00, 0x00, 0x00, 0x2c, 0x07, 0x00, 0x00, 0x00, 0x15, 0x47, 0x18
    .byte 0x70, 0x05, 0x00, 0x30, 0x00, 0x00, 0x00, 0x17, 0x00, 0x2c, 0x03, 0x00, 0x00, 0x00, 0x2c, 0x08
    .byte 0x00, 0x00, 0x00, 0x15, 0x47, 0x18, 0x70, 0x05, 0x00, 0x10, 0x00, 0x00, 0x00, 0x17, 0x00, 0x2c
    .byte 0x1e, 0x00, 0x00, 0x00, 0x20, 0x00, 0x00, 0x15, 0x4f, 0x18, 0x70, 0x17, 0x00, 0x15, 0x07, 0x15
    .byte 0x08, 0x2c, 0x0a, 0x00, 0x00, 0x00, 0x15, 0x07, 0x15, 0x08, 0x2c, 0x03, 0x00, 0x00, 0x00, 0x2c
    .byte 0x20, 0x5b, 0x22, 0x02, 0x15, 0x39, 0x2c, 0x03, 0x00, 0x00, 0x00, 0x15, 0x42, 0x18, 0x70, 0x32
    .byte 0x00, 0x00, 0x00, 0x00, 0x00, 0x14, 0xaf, 0x5a, 0x22, 0x02, 0x01, 0x96, 0x5a, 0x22, 0x02, 0x2c
    .byte 0x03, 0x00, 0x00, 0x00, 0x2c, 0x5d, 0x5b, 0x22, 0x02, 0x15, 0x39, 0x2c, 0x14, 0x00, 0x00, 0x00
    .byte 0x15, 0x07, 0x15, 0x08, 0x2c, 0x0a, 0x00, 0x00, 0x00, 0x15, 0x07, 0x15, 0x08, 0x2c, 0x02, 0x00
    .byte 0x00, 0x00, 0x2c, 0x1e, 0x00, 0x00, 0x00, 0x20, 0x00, 0x00, 0x20, 0x00, 0x00, 0x20, 0x00, 0x00
    .byte 0x15, 0x4f, 0x18, 0x70, 0x17, 0x00, 0x15, 0x07, 0x15, 0x08, 0x2c, 0x03, 0x00, 0x00, 0x00, 0x20
    .byte 0x00, 0x00, 0x20, 0x00, 0x00, 0x20, 0x00, 0x00, 0x20, 0x00, 0x00, 0x15, 0x4f, 0x2c, 0x0a, 0x00
    .byte 0x00, 0x00, 0x15, 0x07, 0x15, 0x08, 0x2c, 0x22, 0x00, 0x00, 0x00, 0x20, 0x00, 0x00, 0x15, 0xe0
    .byte 0x00, 0x2c, 0x12, 0x00, 0x00, 0x00, 0x15, 0x05, 0x2c, 0x01, 0x00, 0x00, 0x00, 0x15, 0x06, 0x00
    .byte 0x2c, 0x1e, 0x00, 0x00, 0x00, 0x15, 0x07, 0x15, 0x08, 0x2c, 0x01, 0x00, 0x00, 0x00, 0x15, 0x25
    .byte 0x2c, 0x3c, 0x00, 0x00, 0x00, 0x15, 0x07, 0x15, 0x08, 0x20, 0x00, 0x00, 0x15, 0x25, 0x2c, 0x1e
    .byte 0x00, 0x00, 0x00, 0x15, 0x07, 0x15, 0x08, 0x2c, 0x01, 0x00, 0x00, 0x00, 0x15, 0x25, 0x2c, 0x3c
    .byte 0x00, 0x00, 0x00, 0x15, 0x07, 0x15, 0x08, 0x20, 0x00, 0x00, 0x15, 0x25, 0x00, 0x2c, 0x05, 0x00
    .byte 0x00, 0x00, 0x2c, 0x64, 0x00, 0x00, 0x00, 0x15, 0xe0, 0x18, 0x70, 0x32, 0x00, 0x01, 0x00, 0x00
    .byte 0x00, 0x14, 0xa0, 0x5b, 0x22, 0x02, 0x2c, 0x17, 0x00, 0x00, 0x00, 0x2c, 0x64, 0x00, 0x00, 0x00
    .byte 0x20, 0x00, 0x00, 0x15, 0x0a, 0x2c, 0x1c, 0x00, 0x00, 0x00, 0x2c, 0x64, 0x00, 0x00, 0x00, 0x2c
    .byte 0x7f, 0x00, 0x00, 0x00, 0x2c, 0x05, 0x00, 0x00, 0x00, 0x15, 0x0c, 0x25, 0xb1, 0x5b, 0x22, 0x02
    .byte 0x2c, 0x15, 0x00, 0x00, 0x00, 0x2c, 0x64, 0x00, 0x00, 0x00, 0x2c, 0x7f, 0x00, 0x00, 0x00, 0x15
    .byte 0x0a, 0x2c, 0x01, 0x00, 0x00, 0x00, 0x15, 0x2b, 0x2a, 0x00, 0x01, 0x33, 0x00, 0x01, 0x00, 0x00
    .byte 0x00, 0x14, 0x4e, 0x5d, 0x22, 0x02, 0x03, 0x00, 0x01, 0x00, 0x00, 0x00, 0x27, 0x00, 0x01, 0x2c
    .byte 0xe0, 0x00, 0x00, 0x00, 0x2c, 0x00, 0x02, 0x00, 0x00, 0x20, 0x00, 0x00, 0x2c, 0x00, 0x0c, 0x00
    .byte 0x00, 0x2c, 0x05, 0x00, 0x00, 0x00, 0x20, 0x00, 0x00, 0x15, 0x1a, 0x15, 0x22, 0x18, 0x70, 0x14
    .byte 0x11, 0x5c, 0x22, 0x02, 0x2c, 0x01, 0x00, 0x00, 0x00, 0x15, 0x10, 0x18, 0x70, 0x17, 0x00, 0x15
    .byte 0x11, 0x18, 0x70, 0x17, 0x00, 0x2c, 0xa0, 0x00, 0x00, 0x00, 0x15, 0x89, 0x01, 0xeb, 0x5b, 0x22
    .byte 0x02, 0x15, 0x28, 0x2c, 0x05, 0x00, 0x00, 0x00, 0x2c, 0x64, 0x00, 0x00, 0x00, 0x15, 0xe0, 0x18
    .byte 0x70, 0x32, 0x00, 0x01, 0x00, 0x00, 0x00, 0x14, 0x53, 0x5c, 0x22, 0x02, 0x2c, 0x1c, 0x00, 0x00
    .byte 0x00, 0x2c, 0x64, 0x00, 0x00, 0x00, 0x2c, 0x40, 0x00, 0x00, 0x00, 0x2c, 0x05, 0x00, 0x00, 0x00
    .byte 0x15, 0x0c, 0x2c, 0x17, 0x00, 0x00, 0x00, 0x2c, 0x64, 0x00, 0x00, 0x00, 0x2c, 0x01, 0x00, 0x00
    .byte 0x00, 0x15, 0x0a, 0x03, 0x00, 0x04, 0x00, 0x00, 0x00, 0x32, 0x00, 0x07, 0x00, 0x00, 0x00, 0x14
    .byte 0x70, 0x5c, 0x22, 0x02, 0x2c, 0x10, 0x00, 0x00, 0x00, 0x15, 0x05, 0x25, 0x77, 0x5c, 0x22, 0x02
    .byte 0x2c, 0x15, 0x00, 0x00, 0x00, 0x15, 0x05, 0x2c, 0x01, 0x00, 0x00, 0x00, 0x15, 0x06, 0x03, 0x00
    .byte 0x3c, 0x00, 0x00, 0x00, 0x2c, 0x1e, 0x00, 0x00, 0x00, 0x15, 0x01, 0x18, 0x71, 0x04, 0x10, 0x17
    .byte 0x00, 0x15, 0x07, 0x15, 0x08, 0x03, 0x00, 0x04, 0x00, 0x00, 0x00, 0x32, 0x00, 0x00, 0x00, 0x00
    .byte 0x00, 0x14, 0xb2, 0x5c, 0x22, 0x02, 0x2c, 0x17, 0x00, 0x00, 0x00, 0x15, 0x05, 0x25, 0xb9, 0x5c
    .byte 0x22, 0x02, 0x2c, 0x13, 0x00, 0x00, 0x00, 0x15, 0x05, 0x2c, 0x01, 0x00, 0x00, 0x00, 0x15, 0x06
    .byte 0x03, 0x00, 0x3c, 0x00, 0x00, 0x00, 0x2c, 0x1e, 0x00, 0x00, 0x00, 0x15, 0x01, 0x18, 0x71, 0x04
    .byte 0x10, 0x17, 0x00, 0x15, 0x07, 0x15, 0x08, 0x2c, 0x0c, 0x00, 0x00, 0x00, 0x15, 0x05, 0x2c, 0x01
    .byte 0x00, 0x00, 0x00, 0x15, 0x06, 0x2c, 0x0a, 0x00, 0x00, 0x00, 0x15, 0x07, 0x15, 0x08, 0x2c, 0x05
    .byte 0x00, 0x00, 0x00, 0x2c, 0x64, 0x00, 0x00, 0x00, 0x15, 0xe0, 0x18, 0x70, 0x32, 0x00, 0x01, 0x00
    .byte 0x00, 0x00, 0x14, 0x2c, 0x5d, 0x22, 0x02, 0x2c, 0x1c, 0x00, 0x00, 0x00, 0x2c, 0x64, 0x00, 0x00
    .byte 0x00, 0x2c, 0x7f, 0x00, 0x00, 0x00, 0x2c, 0x05, 0x00, 0x00, 0x00, 0x15, 0x0c, 0x2c, 0x17, 0x00
    .byte 0x00, 0x00, 0x2c, 0x64, 0x00, 0x00, 0x00, 0x20, 0x00, 0x00, 0x15, 0x0a, 0x2c, 0x02, 0x00, 0x00
    .byte 0x00, 0x2c, 0xff, 0xff, 0xff, 0xff, 0x2c, 0xff, 0xff, 0xff, 0xff, 0x2c, 0xff, 0xff, 0xff, 0xff
    .byte 0x15, 0x89, 0x2a, 0x00, 0x01, 0x05, 0x00, 0x01, 0x00, 0x00, 0x00, 0x27, 0x00, 0x01, 0x2a, 0x00
    .byte 0x01, 0x33, 0x00, 0x02, 0x00, 0x00, 0x00, 0x14, 0xdb, 0x5e, 0x22, 0x02, 0x2c, 0xe0, 0x00, 0x00
    .byte 0x00, 0x2c, 0x60, 0x01, 0x00, 0x00, 0x20, 0x00, 0x00, 0x2c, 0x00, 0x0c, 0x00, 0x00, 0x2c, 0x05
    .byte 0x00, 0x00, 0x00, 0x20, 0x00, 0x00, 0x15, 0x1a, 0x15, 0x22, 0x18, 0x70, 0x14, 0x9e, 0x5d, 0x22
    .byte 0x02, 0x2c, 0x01, 0x00, 0x00, 0x00, 0x15, 0x10, 0x18, 0x70, 0x17, 0x00, 0x15, 0x11, 0x18, 0x70
    .byte 0x17, 0x00, 0x2c, 0xa0, 0x00, 0x00, 0x00, 0x15, 0x89, 0x01, 0x78, 0x5d, 0x22, 0x02, 0x15, 0x28
    .byte 0x2c, 0x05, 0x00, 0x00, 0x00, 0x2c, 0x64, 0x00, 0x00, 0x00, 0x15, 0xe0, 0x18, 0x70, 0x32, 0x00
    .byte 0x01, 0x00, 0x00, 0x00, 0x14, 0xe0, 0x5d, 0x22, 0x02, 0x2c, 0x1c, 0x00, 0x00, 0x00, 0x2c, 0x64
    .byte 0x00, 0x00, 0x00, 0x2c, 0x40, 0x00, 0x00, 0x00, 0x2c, 0x05, 0x00, 0x00, 0x00, 0x15, 0x0c, 0x2c
    .byte 0x17, 0x00, 0x00, 0x00, 0x2c, 0x64, 0x00, 0x00, 0x00, 0x2c, 0x01, 0x00, 0x00, 0x00, 0x15, 0x0a
    .byte 0x03, 0x00, 0x04, 0x00, 0x00, 0x00, 0x32, 0x00, 0x07, 0x00, 0x00, 0x00, 0x14, 0xfd, 0x5d, 0x22
    .byte 0x02, 0x2c, 0x10, 0x00, 0x00, 0x00, 0x15, 0x05, 0x25, 0x04, 0x5e, 0x22, 0x02, 0x2c, 0x15, 0x00
    .byte 0x00, 0x00, 0x15, 0x05, 0x2c, 0x01, 0x00, 0x00, 0x00, 0x15, 0x06, 0x03, 0x00, 0x3c, 0x00, 0x00
    .byte 0x00, 0x2c, 0x1e, 0x00, 0x00, 0x00, 0x15, 0x01, 0x18, 0x71, 0x04, 0x10, 0x17, 0x00, 0x15, 0x07
    .byte 0x15, 0x08, 0x03, 0x00, 0x04, 0x00, 0x00, 0x00, 0x32, 0x00, 0x00, 0x00, 0x00, 0x00, 0x14, 0x3f
    .byte 0x5e, 0x22, 0x02, 0x2c, 0x17, 0x00, 0x00, 0x00, 0x15, 0x05, 0x25, 0x46, 0x5e, 0x22, 0x02, 0x2c
    .byte 0x13, 0x00, 0x00, 0x00, 0x15, 0x05, 0x2c, 0x01, 0x00, 0x00, 0x00, 0x15, 0x06, 0x03, 0x00, 0x3c
    .byte 0x00, 0x00, 0x00, 0x2c, 0x1e, 0x00, 0x00, 0x00, 0x15, 0x01, 0x18, 0x71, 0x04, 0x10, 0x17, 0x00
    .byte 0x15, 0x07, 0x15, 0x08, 0x2c, 0x0c, 0x00, 0x00, 0x00, 0x15, 0x05, 0x2c, 0x01, 0x00, 0x00, 0x00
    .byte 0x15, 0x06, 0x2c, 0x0a, 0x00, 0x00, 0x00, 0x15, 0x07, 0x15, 0x08, 0x2c, 0x05, 0x00, 0x00, 0x00
    .byte 0x2c, 0x64, 0x00, 0x00, 0x00, 0x15, 0xe0, 0x18, 0x70, 0x32, 0x00, 0x01, 0x00, 0x00, 0x00, 0x14
    .byte 0xb9, 0x5e, 0x22, 0x02, 0x2c, 0x1c, 0x00, 0x00, 0x00, 0x2c, 0x64, 0x00, 0x00, 0x00, 0x2c, 0x7f
    .byte 0x00, 0x00, 0x00, 0x2c, 0x05, 0x00, 0x00, 0x00, 0x15, 0x0c, 0x2c, 0x17, 0x00, 0x00, 0x00, 0x2c
    .byte 0x64, 0x00, 0x00, 0x00, 0x20, 0x00, 0x00, 0x15, 0x0a, 0x2c, 0x02, 0x00, 0x00, 0x00, 0x2c, 0xff
    .byte 0xff, 0xff, 0xff, 0x2c, 0xff, 0xff, 0xff, 0xff, 0x2c, 0xff, 0xff, 0xff, 0xff, 0x15, 0x89, 0x2a
    .byte 0x00, 0x01, 0x05, 0x00, 0x01, 0x00, 0x00, 0x00, 0x27, 0x00, 0x01, 0x2a, 0x00, 0x01, 0x33, 0x00
    .byte 0x03, 0x00, 0x00, 0x00, 0x14, 0x68, 0x60, 0x22, 0x02, 0x2c, 0xe0, 0x00, 0x00, 0x00, 0x2c, 0xc0
    .byte 0x00, 0x00, 0x00, 0x20, 0x00, 0x00, 0x2c, 0x00, 0x0c, 0x00, 0x00, 0x2c, 0x05, 0x00, 0x00, 0x00
    .byte 0x20, 0x00, 0x00, 0x15, 0x1a, 0x15, 0x22, 0x18, 0x70, 0x14, 0x2b, 0x5f, 0x22, 0x02, 0x2c, 0x01
    .byte 0x00, 0x00, 0x00, 0x15, 0x10, 0x18, 0x70, 0x17, 0x00, 0x15, 0x11, 0x18, 0x70, 0x17, 0x00, 0x2c
    .byte 0xa0, 0x00, 0x00, 0x00, 0x15, 0x89, 0x01, 0x05, 0x5f, 0x22, 0x02, 0x15, 0x28, 0x2c, 0x05, 0x00
    .byte 0x00, 0x00, 0x2c, 0x64, 0x00, 0x00, 0x00, 0x15, 0xe0, 0x18, 0x70, 0x32, 0x00, 0x01, 0x00, 0x00
    .byte 0x00, 0x14, 0x6d, 0x5f, 0x22, 0x02, 0x2c, 0x1c, 0x00, 0x00, 0x00, 0x2c, 0x64, 0x00, 0x00, 0x00
    .byte 0x2c, 0x40, 0x00, 0x00, 0x00, 0x2c, 0x05, 0x00, 0x00, 0x00, 0x15, 0x0c, 0x2c, 0x17, 0x00, 0x00
    .byte 0x00, 0x2c, 0x64, 0x00, 0x00, 0x00, 0x2c, 0x01, 0x00, 0x00, 0x00, 0x15, 0x0a, 0x03, 0x00, 0x03
    .byte 0x00, 0x00, 0x00, 0x32, 0x00, 0x07, 0x00, 0x00, 0x00, 0x14, 0x8a, 0x5f, 0x22, 0x02, 0x2c, 0x10
    .byte 0x00, 0x00, 0x00, 0x15, 0x05, 0x25, 0x91, 0x5f, 0x22, 0x02, 0x2c, 0x14, 0x00, 0x00, 0x00, 0x15
    .byte 0x05, 0x2c, 0x01, 0x00, 0x00, 0x00, 0x15, 0x06, 0x03, 0x00, 0x3c, 0x00, 0x00, 0x00, 0x2c, 0x1e
    .byte 0x00, 0x00, 0x00, 0x15, 0x01, 0x18, 0x71, 0x04, 0x10, 0x17, 0x00, 0x15, 0x07, 0x15, 0x08, 0x03
    .byte 0x00, 0x03, 0x00, 0x00, 0x00, 0x32, 0x00, 0x00, 0x00, 0x00, 0x00, 0x14, 0xcc, 0x5f, 0x22, 0x02
    .byte 0x2c, 0x17, 0x00, 0x00, 0x00, 0x15, 0x05, 0x25, 0xd3, 0x5f, 0x22, 0x02, 0x2c, 0x12, 0x00, 0x00
    .byte 0x00, 0x15, 0x05, 0x2c, 0x01, 0x00, 0x00, 0x00, 0x15, 0x06, 0x03, 0x00, 0x3c, 0x00, 0x00, 0x00
    .byte 0x2c, 0x1e, 0x00, 0x00, 0x00, 0x15, 0x01, 0x18, 0x71, 0x04, 0x10, 0x17, 0x00, 0x15, 0x07, 0x15
    .byte 0x08, 0x2c, 0x0b, 0x00, 0x00, 0x00, 0x15, 0x05, 0x2c, 0x01, 0x00, 0x00, 0x00, 0x15, 0x06, 0x2c
    .byte 0x0a, 0x00, 0x00, 0x00, 0x15, 0x07, 0x15, 0x08, 0x2c, 0x05, 0x00, 0x00, 0x00, 0x2c, 0x64, 0x00
    .byte 0x00, 0x00, 0x15, 0xe0, 0x18, 0x70, 0x32, 0x00, 0x01, 0x00, 0x00, 0x00, 0x14, 0x46, 0x60, 0x22
    .byte 0x02, 0x2c, 0x1c, 0x00, 0x00, 0x00, 0x2c, 0x64, 0x00, 0x00, 0x00, 0x2c, 0x7f, 0x00, 0x00, 0x00
    .byte 0x2c, 0x05, 0x00, 0x00, 0x00, 0x15, 0x0c, 0x2c, 0x17, 0x00, 0x00, 0x00, 0x2c, 0x64, 0x00, 0x00
    .byte 0x00, 0x20, 0x00, 0x00, 0x15, 0x0a, 0x2c, 0x02, 0x00, 0x00, 0x00, 0x2c, 0xff, 0xff, 0xff, 0xff
    .byte 0x2c, 0xff, 0xff, 0xff, 0xff, 0x2c, 0xff, 0xff, 0xff, 0xff, 0x15, 0x89, 0x2a, 0x00, 0x01, 0x05
    .byte 0x00, 0x01, 0x00, 0x00, 0x00, 0x27, 0x00, 0x01, 0x2a, 0x00, 0x01, 0x33, 0x00, 0x04, 0x00, 0x00
    .byte 0x00, 0x14, 0x10, 0x61, 0x22, 0x02, 0x2c, 0x80, 0x00, 0x00, 0x00, 0x2c, 0x40, 0x00, 0x00, 0x00
    .byte 0x20, 0x00, 0x00, 0x2c, 0x00, 0x0c, 0x00, 0x00, 0x2c, 0x05, 0x00, 0x00, 0x00, 0x20, 0x00, 0x00
    .byte 0x15, 0x1a, 0x15, 0x22, 0x18, 0x70, 0x14, 0xb8, 0x60, 0x22, 0x02, 0x2c, 0x01, 0x00, 0x00, 0x00
    .byte 0x15, 0x10, 0x18, 0x70, 0x17, 0x00, 0x15, 0x11, 0x18, 0x70, 0x17, 0x00, 0x2c, 0xa0, 0x00, 0x00
    .byte 0x00, 0x15, 0x89, 0x01, 0x92, 0x60, 0x22, 0x02, 0x2c, 0x02, 0x00, 0x00, 0x00, 0x2c, 0xff, 0xff
    .byte 0xff, 0xff, 0x2c, 0xff, 0xff, 0xff, 0xff, 0x2c, 0xff, 0xff, 0xff, 0xff, 0x15, 0x89, 0x15, 0x28
    .byte 0x2a, 0x00, 0x01, 0x05, 0x00, 0x01, 0x00, 0x00, 0x00, 0x27, 0x00, 0x01, 0x2c, 0x01, 0x00, 0x00
    .byte 0x00, 0x20, 0x00, 0x00, 0x2c, 0x01, 0x00, 0x00, 0x00, 0x2c, 0x0a, 0x00, 0x00, 0x00, 0x20, 0x00
    .byte 0x00, 0x15, 0x04, 0x2c, 0x04, 0x00, 0x00, 0x00, 0x2c, 0x55, 0x62, 0x22, 0x02, 0x15, 0x39, 0x2c
    .byte 0x01, 0x00, 0x00, 0x00, 0x2c, 0xa5, 0x63, 0x22, 0x02, 0x15, 0x29, 0x01, 0x38, 0x62, 0x22, 0x02
    .byte 0x00, 0x2c, 0x1c, 0x00, 0x00, 0x00, 0x2c, 0x64, 0x00, 0x00, 0x00, 0x2c, 0x40, 0x00, 0x00, 0x00
    .byte 0x2c, 0x05, 0x00, 0x00, 0x00, 0x15, 0x0c, 0x15, 0x28, 0x2c, 0x06, 0x00, 0x00, 0x00, 0x15, 0x31
    .byte 0x18, 0x70, 0x14, 0x91, 0x61, 0x22, 0x02, 0x2c, 0x05, 0x00, 0x00, 0x00, 0x15, 0x07, 0x15, 0x08
    .byte 0x15, 0x10, 0x18, 0x70, 0x28, 0x00, 0x05, 0x15, 0x11, 0x18, 0x70, 0x28, 0x00, 0x06, 0x15, 0x12
    .byte 0x18, 0x70, 0x05, 0x00, 0x20, 0x00, 0x00, 0x00, 0x28, 0x00, 0x07, 0x2c, 0x07, 0x00, 0x00, 0x00
    .byte 0x2c, 0x8a, 0x13, 0x00, 0x00, 0x2c, 0x78, 0x10, 0x00, 0x00, 0x2c, 0x8b, 0x13, 0x00, 0x00, 0x2c
    .byte 0x11, 0x00, 0x00, 0x00, 0x20, 0x00, 0x00, 0x2c, 0x01, 0x00, 0x00, 0x00, 0x15, 0x53, 0x20, 0x00
    .byte 0x00, 0x2c, 0x5b, 0x00, 0x00, 0x00, 0x15, 0xe0, 0x2c, 0x1e, 0x00, 0x00, 0x00, 0x15, 0x07, 0x15
    .byte 0x08, 0x2c, 0x22, 0x00, 0x00, 0x00, 0x15, 0x05, 0x2c, 0x01, 0x00, 0x00, 0x00, 0x15, 0x06, 0x2c
    .byte 0x01, 0x00, 0x00, 0x00, 0x2c, 0xac, 0x61, 0x22, 0x02, 0x15, 0x29, 0x00, 0x2c, 0x1b, 0x00, 0x00
    .byte 0x00, 0x15, 0x31, 0x18, 0x70, 0x26, 0x00, 0xd2, 0x20, 0x00, 0x00, 0x2c, 0xf7, 0xea, 0x21, 0x02
    .byte 0x15, 0x39, 0x20, 0x00, 0x00, 0x15, 0x42, 0x18, 0x70, 0x32, 0x00, 0x00, 0x00, 0x00, 0x00, 0x14
    .byte 0xd9, 0x61, 0x22, 0x02, 0x01, 0xc2, 0x61, 0x22, 0x02, 0x20, 0x00, 0x00, 0x15, 0x9b, 0x18, 0x70
    .byte 0x14, 0xf9, 0x61, 0x22, 0x02, 0x20, 0x00, 0x00, 0x2c, 0xff, 0xff, 0xff, 0xff, 0x2c, 0xff, 0xff
    .byte 0xff, 0xff, 0x2c, 0xff, 0xff, 0xff, 0xff, 0x15, 0x89, 0x2c, 0x22, 0x00, 0x00, 0x00, 0x15, 0x45
    .byte 0x15, 0x8b, 0x18, 0x70, 0x32, 0x00, 0x00, 0x00, 0x00, 0x00, 0x13, 0x14, 0x62, 0x22, 0x02, 0x01
    .byte 0x00, 0x62, 0x22, 0x02, 0x2c, 0x22, 0x03, 0x00, 0x00, 0x2c, 0x01, 0x00, 0x00, 0x00, 0x20, 0x00
    .byte 0x00, 0x20, 0x00, 0x00, 0x15, 0x59, 0x15, 0x5a, 0x2c, 0x22, 0x00, 0x00, 0x00, 0x15, 0x05, 0x2c
    .byte 0x01, 0x00, 0x00, 0x00, 0x15, 0x06, 0x00, 0x00, 0x2c, 0x1d, 0x00, 0x00, 0x00, 0x15, 0x05, 0x15
    .byte 0x16, 0x2c, 0x14, 0x00, 0x00, 0x00, 0x15, 0x01, 0x18, 0x70, 0x17, 0x00, 0x15, 0x07, 0x15, 0x08
    .byte 0x01, 0x38, 0x62, 0x22, 0x02, 0x2c, 0x01, 0x00, 0x00, 0x00, 0x15, 0x87, 0x18, 0x70, 0x32, 0x00
    .byte 0x00, 0x00, 0x00, 0x00, 0x14, 0x9b, 0x62, 0x22, 0x02, 0x2c, 0x03, 0x00, 0x00, 0x00, 0x2c, 0xa1
    .byte 0x62, 0x22, 0x02, 0x15, 0x39, 0x2c, 0x03, 0x00, 0x00, 0x00, 0x15, 0x42, 0x18, 0x70, 0x32, 0x00
    .byte 0x00, 0x00, 0x00, 0x00, 0x14, 0x8e, 0x62, 0x22, 0x02, 0x01, 0x75, 0x62, 0x22, 0x02, 0x2c, 0x03
    .byte 0x00, 0x00, 0x00, 0x2c, 0xac, 0x62, 0x22, 0x02, 0x15, 0x39, 0x00, 0x01, 0x55, 0x62, 0x22, 0x02
    .byte 0x00, 0x2c, 0x01, 0x00, 0x00, 0x00, 0x20, 0x00, 0x00, 0x15, 0x29, 0x00, 0x2c, 0x05, 0x00, 0x00
    .byte 0x00, 0x15, 0x07, 0x15, 0x08, 0x2c, 0x22, 0x00, 0x00, 0x00, 0x15, 0x05, 0x2c, 0x01, 0x00, 0x00
    .byte 0x00, 0x15, 0x06, 0x2c, 0x01, 0x00, 0x00, 0x00, 0x2c, 0xd0, 0x62, 0x22, 0x02, 0x15, 0x29, 0x00
    .byte 0x2c, 0x1b, 0x00, 0x00, 0x00, 0x15, 0x31, 0x18, 0x70, 0x26, 0x00, 0xd2, 0x20, 0x00, 0x00, 0x2c
    .byte 0xf7, 0xea, 0x21, 0x02, 0x15, 0x39, 0x20, 0x00, 0x00, 0x15, 0x42, 0x18, 0x70, 0x32, 0x00, 0x00
    .byte 0x00, 0x00, 0x00, 0x14, 0xfd, 0x62, 0x22, 0x02, 0x01, 0xe6, 0x62, 0x22, 0x02, 0x20, 0x00, 0x00
    .byte 0x15, 0x9b, 0x18, 0x70, 0x14, 0x1d, 0x63, 0x22, 0x02, 0x20, 0x00, 0x00, 0x2c, 0xff, 0xff, 0xff
    .byte 0xff, 0x2c, 0xff, 0xff, 0xff, 0xff, 0x2c, 0xff, 0xff, 0xff, 0xff, 0x15, 0x89, 0x2c, 0x16, 0x00
    .byte 0x00, 0x00, 0x2c, 0x64, 0x00, 0x00, 0x00, 0x2c, 0x05, 0x00, 0x00, 0x00, 0x15, 0x0a, 0x2c, 0x22
    .byte 0x00, 0x00, 0x00, 0x2c, 0x01, 0x00, 0x00, 0x00, 0x15, 0xe0, 0x2c, 0x05, 0x00, 0x00, 0x00, 0x15
    .byte 0x07, 0x15, 0x08, 0x2c, 0x22, 0x00, 0x00, 0x00, 0x15, 0x45, 0x15, 0x8b, 0x18, 0x70, 0x32, 0x00
    .byte 0x00, 0x00, 0x00, 0x00, 0x13, 0x5e, 0x63, 0x22, 0x02, 0x01, 0x4a, 0x63, 0x22, 0x02, 0x2c, 0x24
    .byte 0x03, 0x00, 0x00, 0x2c, 0x01, 0x00, 0x00, 0x00, 0x20, 0x00, 0x00, 0x20, 0x00, 0x00, 0x15, 0x59
    .byte 0x15, 0x5a, 0x2c, 0x05, 0x00, 0x00, 0x00, 0x15, 0x07, 0x15, 0x08, 0x2c, 0x15, 0x00, 0x00, 0x00
    .byte 0x2c, 0x66, 0x00, 0x00, 0x00, 0x2c, 0x7f, 0x00, 0x00, 0x00, 0x15, 0x0a, 0x2c, 0x22, 0x00, 0x00
    .byte 0x00, 0x15, 0x05, 0x2c, 0x01, 0x00, 0x00, 0x00, 0x15, 0x06, 0x2c, 0x22, 0x00, 0x00, 0x00, 0x20
    .byte 0x00, 0x00, 0x15, 0xe0, 0x00, 0x2c, 0x1b, 0x00, 0x00, 0x00, 0x15, 0x31, 0x18, 0x70, 0x26, 0x00
    .byte 0xd2, 0x20, 0x00, 0x00, 0x2c, 0xf7, 0xea, 0x21, 0x02, 0x15, 0x39, 0x20, 0x00, 0x00, 0x15, 0x42
    .byte 0x18, 0x70, 0x32, 0x00, 0x00, 0x00, 0x00, 0x00, 0x14, 0xd2, 0x63, 0x22, 0x02, 0x01, 0xbb, 0x63
    .byte 0x22, 0x02, 0x20, 0x00, 0x00, 0x15, 0x9b, 0x18, 0x70, 0x14, 0xf2, 0x63, 0x22, 0x02, 0x20, 0x00
    .byte 0x00, 0x2c, 0xff, 0xff, 0xff, 0xff, 0x2c, 0xff, 0xff, 0xff, 0xff, 0x2c, 0xff, 0xff, 0xff, 0xff
    .byte 0x15, 0x89, 0x2c, 0x16, 0x00, 0x00, 0x00, 0x2c, 0x64, 0x00, 0x00, 0x00, 0x2c, 0x05, 0x00, 0x00
    .byte 0x00, 0x15, 0x0a, 0x2c, 0x22, 0x00, 0x00, 0x00, 0x2c, 0x01, 0x00, 0x00, 0x00, 0x15, 0xe0, 0x2c
    .byte 0x0a, 0x00, 0x00, 0x00, 0x15, 0x07, 0x15, 0x08, 0x2c, 0x20, 0x00, 0x00, 0x00, 0x15, 0x05, 0x2c
    .byte 0x01, 0x00, 0x00, 0x00, 0x15, 0x25, 0x20, 0x00, 0x00, 0x15, 0x06, 0x2c, 0x03, 0x00, 0x00, 0x00
    .byte 0x2c, 0x01, 0x00, 0x00, 0x00, 0x20, 0x00, 0x00, 0x20, 0x00, 0x00, 0x20, 0x00, 0x00, 0x15, 0x4f
    .byte 0x2c, 0x01, 0x00, 0x00, 0x00, 0x2c, 0x03, 0x00, 0x00, 0x00, 0x2c, 0x07, 0x00, 0x00, 0x00, 0x15
    .byte 0x47, 0x18, 0x70, 0x17, 0x00, 0x2c, 0x03, 0x00, 0x00, 0x00, 0x2c, 0x08, 0x00, 0x00, 0x00, 0x15
    .byte 0x47, 0x18, 0x70, 0x2c, 0x03, 0x00, 0x00, 0x00, 0x2c, 0x09, 0x00, 0x00, 0x00, 0x15, 0x47, 0x18
    .byte 0x71, 0x23, 0x10, 0x17, 0x00, 0x2c, 0x3c, 0x00, 0x00, 0x00, 0x20, 0x00, 0x00, 0x15, 0x4f, 0x2c
    .byte 0x1e, 0x00, 0x00, 0x00, 0x15, 0x07, 0x15, 0x08, 0x20, 0x00, 0x00, 0x15, 0x25, 0x2c, 0x25, 0x00
    .byte 0x00, 0x00, 0x15, 0x45, 0x2c, 0x0a, 0x00, 0x00, 0x00, 0x15, 0x07, 0x15, 0x08, 0x15, 0x8b, 0x18
    .byte 0x70, 0x32, 0x00, 0x00, 0x00, 0x00, 0x00, 0x13, 0xb1, 0x64, 0x22, 0x02, 0x01, 0x9d, 0x64, 0x22
    .byte 0x02, 0x2c, 0x25, 0x03, 0x00, 0x00, 0x2c, 0x01, 0x00, 0x00, 0x00, 0x20, 0x00, 0x00, 0x20, 0x00
    .byte 0x00, 0x15, 0x59, 0x15, 0x5a, 0x2c, 0x23, 0x00, 0x00, 0x00, 0x15, 0x05, 0x2c, 0x2d, 0x00, 0x00
    .byte 0x00, 0x15, 0x07, 0x15, 0x08, 0x2c, 0x23, 0x00, 0x00, 0x00, 0x15, 0x45, 0x15, 0x8b, 0x18, 0x70
    .byte 0x32, 0x00, 0x00, 0x00, 0x00, 0x00, 0x13, 0xf0, 0x64, 0x22, 0x02, 0x01, 0xdc, 0x64, 0x22, 0x02
    .byte 0x2c, 0x26, 0x03, 0x00, 0x00, 0x2c, 0x01, 0x00, 0x00, 0x00, 0x20, 0x00, 0x00, 0x20, 0x00, 0x00
    .byte 0x15, 0x59, 0x15, 0x5a, 0x15, 0x46, 0x20, 0x00, 0x00, 0x15, 0x05, 0x20, 0x00, 0x00, 0x15, 0x55
    .byte 0x2c, 0x01, 0x00, 0x00, 0x00, 0x15, 0xe1, 0x03, 0x00, 0x03, 0x00, 0x00, 0x00, 0x26, 0x00, 0x66
    .byte 0x03, 0x00, 0x3e, 0x00, 0x00, 0x00, 0x26, 0x00, 0xd9, 0x03, 0x00, 0x03, 0x00, 0x00, 0x00, 0x32
    .byte 0x00, 0x01, 0x00, 0x00, 0x00, 0x13, 0x4b, 0x65, 0x22, 0x02, 0x03, 0x00, 0x03, 0x00, 0x00, 0x00
    .byte 0x32, 0x00, 0x08, 0x00, 0x00, 0x00, 0x14, 0x59, 0x65, 0x22, 0x02, 0x03, 0x00, 0x01, 0x00, 0x00
    .byte 0x00, 0x36, 0x00, 0x00, 0x25, 0x62, 0x65, 0x22, 0x02, 0x03, 0x00, 0x01, 0x00, 0x00, 0x00, 0x26
    .byte 0x00, 0x63, 0x03, 0x00, 0x03, 0x00, 0x00, 0x00, 0x32, 0x00, 0x01, 0x00, 0x00, 0x00, 0x14, 0x93
    .byte 0x65, 0x22, 0x02, 0x20, 0x00, 0x00, 0x2c, 0x0f, 0x00, 0x00, 0x00, 0x15, 0xe0, 0x2c, 0x15, 0x00
    .byte 0x00, 0x00, 0x2c, 0x9d, 0x00, 0x00, 0x00, 0x2c, 0x7f, 0x00, 0x00, 0x00, 0x15, 0x0a, 0x25, 0xb3
    .byte 0x66, 0x22, 0x02, 0x03, 0x00, 0x03, 0x00, 0x00, 0x00, 0x32, 0x00, 0x08, 0x00, 0x00, 0x00, 0x14
    .byte 0xc4, 0x65, 0x22, 0x02, 0x20, 0x00, 0x00, 0x2c, 0x0f, 0x00, 0x00, 0x00, 0x15, 0xe0, 0x2c, 0x15
    .byte 0x00, 0x00, 0x00, 0x2c, 0x9c, 0x00, 0x00, 0x00, 0x2c, 0x7f, 0x00, 0x00, 0x00, 0x15, 0x0a, 0x25
    .byte 0xb3, 0x66, 0x22, 0x02, 0x03, 0x00, 0x03, 0x00, 0x00, 0x00, 0x32, 0x00, 0x03, 0x00, 0x00, 0x00
    .byte 0x14, 0x1c, 0x66, 0x22, 0x02, 0x03, 0x00, 0x3e, 0x00, 0x00, 0x00, 0x32, 0x00, 0x3e, 0x00, 0x00
    .byte 0x00, 0x14, 0x06, 0x66, 0x22, 0x02, 0x20, 0x00, 0x00, 0x2c, 0x75, 0x00, 0x00, 0x00, 0x15, 0xe0
    .byte 0x2c, 0x15, 0x00, 0x00, 0x00, 0x2c, 0x9d, 0x00, 0x00, 0x00, 0x2c, 0x7f, 0x00, 0x00, 0x00, 0x15
    .byte 0x0a, 0x25, 0x17, 0x66, 0x22, 0x02, 0x2c, 0x15, 0x00, 0x00, 0x00, 0x2c, 0x9d, 0x00, 0x00, 0x00
    .byte 0x2c, 0x7f, 0x00, 0x00, 0x00, 0x15, 0x0a, 0x25, 0xb3, 0x66, 0x22, 0x02, 0x03, 0x00, 0x03, 0x00
    .byte 0x00, 0x00, 0x32, 0x00, 0x09, 0x00, 0x00, 0x00, 0x14, 0x43, 0x66, 0x22, 0x02, 0x2c, 0x15, 0x00
    .byte 0x00, 0x00, 0x2c, 0x9c, 0x00, 0x00, 0x00, 0x2c, 0x7f, 0x00, 0x00, 0x00, 0x15, 0x0a, 0x25, 0xb3
    .byte 0x66, 0x22, 0x02, 0x03, 0x00, 0x03, 0x00, 0x00, 0x00, 0x32, 0x00, 0x04, 0x00, 0x00, 0x00, 0x14
    .byte 0x6a, 0x66, 0x22, 0x02, 0x2c, 0x15, 0x00, 0x00, 0x00, 0x2c, 0x9c, 0x00, 0x00, 0x00, 0x2c, 0x7f
    .byte 0x00, 0x00, 0x00, 0x15, 0x0a, 0x25, 0xb3, 0x66, 0x22, 0x02, 0x03, 0x00, 0x03, 0x00, 0x00, 0x00
    .byte 0x32, 0x00, 0x0a, 0x00, 0x00, 0x00, 0x14, 0x91, 0x66, 0x22, 0x02, 0x2c, 0x15, 0x00, 0x00, 0x00
    .byte 0x2c, 0x9d, 0x00, 0x00, 0x00, 0x2c, 0x7f, 0x00, 0x00, 0x00, 0x15, 0x0a, 0x25, 0xb3, 0x66, 0x22
    .byte 0x02, 0x03, 0x00, 0x03, 0x00, 0x00, 0x00, 0x32, 0x00, 0x0b, 0x00, 0x00, 0x00, 0x14, 0xb3, 0x66
    .byte 0x22, 0x02, 0x2c, 0x15, 0x00, 0x00, 0x00, 0x2c, 0x9c, 0x00, 0x00, 0x00, 0x2c, 0x7f, 0x00, 0x00
    .byte 0x00, 0x15, 0x0a, 0x20, 0x00, 0x00, 0x2c, 0x07, 0xe8, 0x21, 0x02, 0x15, 0x39, 0x20, 0x00, 0x00
    .byte 0x15, 0x42, 0x18, 0x70, 0x32, 0x00, 0x00, 0x00, 0x00, 0x00, 0x14, 0xd4, 0x66, 0x22, 0x02, 0x01
    .byte 0xbd, 0x66, 0x22, 0x02, 0x15, 0x63, 0x18, 0x70, 0x32, 0x00, 0x0c, 0x00, 0x00, 0x00, 0x14, 0xd2
    .byte 0x68, 0x22, 0x02, 0x20, 0x00, 0x00, 0x2c, 0x18, 0xe6, 0x21, 0x02, 0x15, 0x39, 0x20, 0x00, 0x00
    .byte 0x15, 0x42, 0x18, 0x70, 0x32, 0x00, 0x00, 0x00, 0x00, 0x00, 0x14, 0x04, 0x67, 0x22, 0x02, 0x01
    .byte 0xed, 0x66, 0x22, 0x02, 0x03, 0x00, 0x09, 0x00, 0x00, 0x00, 0x26, 0x00, 0x66, 0x03, 0x00, 0x61
    .byte 0x01, 0x00, 0x00, 0x26, 0x00, 0xd9, 0x03, 0x00, 0x09, 0x00, 0x00, 0x00, 0x32, 0x00, 0x01, 0x00
    .byte 0x00, 0x00, 0x13, 0x38, 0x67, 0x22, 0x02, 0x03, 0x00, 0x09, 0x00, 0x00, 0x00, 0x32, 0x00, 0x08
    .byte 0x00, 0x00, 0x00, 0x14, 0x46, 0x67, 0x22, 0x02, 0x03, 0x00, 0x01, 0x00, 0x00, 0x00, 0x36, 0x00
    .byte 0x00, 0x25, 0x4f, 0x67, 0x22, 0x02, 0x03, 0x00, 0x01, 0x00, 0x00, 0x00, 0x26, 0x00, 0x63, 0x03
    .byte 0x00, 0x09, 0x00, 0x00, 0x00, 0x32, 0x00, 0x01, 0x00, 0x00, 0x00, 0x14, 0x80, 0x67, 0x22, 0x02
    .byte 0x20, 0x00, 0x00, 0x2c, 0x0f, 0x00, 0x00, 0x00, 0x15, 0xe0, 0x2c, 0x15, 0x00, 0x00, 0x00, 0x2c
    .byte 0x9d, 0x00, 0x00, 0x00, 0x2c, 0x7f, 0x00, 0x00, 0x00, 0x15, 0x0a, 0x25, 0xa0, 0x68, 0x22, 0x02
    .byte 0x03, 0x00, 0x09, 0x00, 0x00, 0x00, 0x32, 0x00, 0x08, 0x00, 0x00, 0x00, 0x14, 0xb1, 0x67, 0x22
    .byte 0x02, 0x20, 0x00, 0x00, 0x2c, 0x0f, 0x00, 0x00, 0x00, 0x15, 0xe0, 0x2c, 0x15, 0x00, 0x00, 0x00
    .byte 0x2c, 0x9c, 0x00, 0x00, 0x00, 0x2c, 0x7f, 0x00, 0x00, 0x00, 0x15, 0x0a, 0x25, 0xa0, 0x68, 0x22
    .byte 0x02, 0x03, 0x00, 0x09, 0x00, 0x00, 0x00, 0x32, 0x00, 0x03, 0x00, 0x00, 0x00, 0x14, 0x09, 0x68
    .byte 0x22, 0x02, 0x03, 0x00, 0x61, 0x01, 0x00, 0x00, 0x32, 0x00, 0x3e, 0x00, 0x00, 0x00, 0x14, 0xf3
    .byte 0x67, 0x22, 0x02, 0x20, 0x00, 0x00, 0x2c, 0x75, 0x00, 0x00, 0x00, 0x15, 0xe0, 0x2c, 0x15, 0x00
    .byte 0x00, 0x00, 0x2c, 0x9d, 0x00, 0x00, 0x00, 0x2c, 0x7f, 0x00, 0x00, 0x00, 0x15, 0x0a, 0x25, 0x04
    .byte 0x68, 0x22, 0x02, 0x2c, 0x15, 0x00, 0x00, 0x00, 0x2c, 0x9d, 0x00, 0x00, 0x00, 0x2c, 0x7f, 0x00
    .byte 0x00, 0x00, 0x15, 0x0a, 0x25, 0xa0, 0x68, 0x22, 0x02, 0x03, 0x00, 0x09, 0x00, 0x00, 0x00, 0x32
    .byte 0x00, 0x09, 0x00, 0x00, 0x00, 0x14, 0x30, 0x68, 0x22, 0x02, 0x2c, 0x15, 0x00, 0x00, 0x00, 0x2c
    .byte 0x9c, 0x00, 0x00, 0x00, 0x2c, 0x7f, 0x00, 0x00, 0x00, 0x15, 0x0a, 0x25, 0xa0, 0x68, 0x22, 0x02
    .byte 0x03, 0x00, 0x09, 0x00, 0x00, 0x00, 0x32, 0x00, 0x04, 0x00, 0x00, 0x00, 0x14, 0x57, 0x68, 0x22
    .byte 0x02, 0x2c, 0x15, 0x00, 0x00, 0x00, 0x2c, 0x9c, 0x00, 0x00, 0x00, 0x2c, 0x7f, 0x00, 0x00, 0x00
    .byte 0x15, 0x0a, 0x25, 0xa0, 0x68, 0x22, 0x02, 0x03, 0x00, 0x09, 0x00, 0x00, 0x00, 0x32, 0x00, 0x0a
    .byte 0x00, 0x00, 0x00, 0x14, 0x7e, 0x68, 0x22, 0x02, 0x2c, 0x15, 0x00, 0x00, 0x00, 0x2c, 0x9d, 0x00
    .byte 0x00, 0x00, 0x2c, 0x7f, 0x00, 0x00, 0x00, 0x15, 0x0a, 0x25, 0xa0, 0x68, 0x22, 0x02, 0x03, 0x00
    .byte 0x09, 0x00, 0x00, 0x00, 0x32, 0x00, 0x0b, 0x00, 0x00, 0x00, 0x14, 0xa0, 0x68, 0x22, 0x02, 0x2c
    .byte 0x15, 0x00, 0x00, 0x00, 0x2c, 0x9c, 0x00, 0x00, 0x00, 0x2c, 0x7f, 0x00, 0x00, 0x00, 0x15, 0x0a
    .byte 0x20, 0x00, 0x00, 0x2c, 0x07, 0xe8, 0x21, 0x02, 0x15, 0x39, 0x20, 0x00, 0x00, 0x15, 0x42, 0x18
    .byte 0x70, 0x32, 0x00, 0x00, 0x00, 0x00, 0x00, 0x14, 0xc1, 0x68, 0x22, 0x02, 0x01, 0xaa, 0x68, 0x22
    .byte 0x02, 0x2c, 0x61, 0x01, 0x00, 0x00, 0x2c, 0x01, 0x00, 0x00, 0x00, 0x15, 0x76, 0x25, 0xc9, 0x6c
    .byte 0x22, 0x02, 0x15, 0x63, 0x18, 0x70, 0x32, 0x00, 0x13, 0x00, 0x00, 0x00, 0x14, 0xd0, 0x6a, 0x22
    .byte 0x02, 0x20, 0x00, 0x00, 0x2c, 0x18, 0xe6, 0x21, 0x02, 0x15, 0x39, 0x20, 0x00, 0x00, 0x15, 0x42
    .byte 0x18, 0x70, 0x32, 0x00, 0x00, 0x00, 0x00, 0x00, 0x14, 0x02, 0x69, 0x22, 0x02, 0x01, 0xeb, 0x68
    .byte 0x22, 0x02, 0x03, 0x00, 0x09, 0x00, 0x00, 0x00, 0x26, 0x00, 0x66, 0x03, 0x00, 0x62, 0x01, 0x00
    .byte 0x00, 0x26, 0x00, 0xd9, 0x03, 0x00, 0x09, 0x00, 0x00, 0x00, 0x32, 0x00, 0x01, 0x00, 0x00, 0x00
    .byte 0x13, 0x36, 0x69, 0x22, 0x02, 0x03, 0x00, 0x09, 0x00, 0x00, 0x00, 0x32, 0x00, 0x08, 0x00, 0x00
    .byte 0x00, 0x14, 0x44, 0x69, 0x22, 0x02, 0x03, 0x00, 0x01, 0x00, 0x00, 0x00, 0x36, 0x00, 0x00, 0x25
    .byte 0x4d, 0x69, 0x22, 0x02, 0x03, 0x00, 0x01, 0x00, 0x00, 0x00, 0x26, 0x00, 0x63, 0x03, 0x00, 0x09
    .byte 0x00, 0x00, 0x00, 0x32, 0x00, 0x01, 0x00, 0x00, 0x00, 0x14, 0x7e, 0x69, 0x22, 0x02, 0x20, 0x00
    .byte 0x00, 0x2c, 0x0f, 0x00, 0x00, 0x00, 0x15, 0xe0, 0x2c, 0x15, 0x00, 0x00, 0x00, 0x2c, 0x9d, 0x00
    .byte 0x00, 0x00, 0x2c, 0x7f, 0x00, 0x00, 0x00, 0x15, 0x0a, 0x25, 0x9e, 0x6a, 0x22, 0x02, 0x03, 0x00
    .byte 0x09, 0x00, 0x00, 0x00, 0x32, 0x00, 0x08, 0x00, 0x00, 0x00, 0x14, 0xaf, 0x69, 0x22, 0x02, 0x20
    .byte 0x00, 0x00, 0x2c, 0x0f, 0x00, 0x00, 0x00, 0x15, 0xe0, 0x2c, 0x15, 0x00, 0x00, 0x00, 0x2c, 0x9c
    .byte 0x00, 0x00, 0x00, 0x2c, 0x7f, 0x00, 0x00, 0x00, 0x15, 0x0a, 0x25, 0x9e, 0x6a, 0x22, 0x02, 0x03
    .byte 0x00, 0x09, 0x00, 0x00, 0x00, 0x32, 0x00, 0x03, 0x00, 0x00, 0x00, 0x14, 0x07, 0x6a, 0x22, 0x02
    .byte 0x03, 0x00, 0x62, 0x01, 0x00, 0x00, 0x32, 0x00, 0x3e, 0x00, 0x00, 0x00, 0x14, 0xf1, 0x69, 0x22
    .byte 0x02, 0x20, 0x00, 0x00, 0x2c, 0x75, 0x00, 0x00, 0x00, 0x15, 0xe0, 0x2c, 0x15, 0x00, 0x00, 0x00
    .byte 0x2c, 0x9d, 0x00, 0x00, 0x00, 0x2c, 0x7f, 0x00, 0x00, 0x00, 0x15, 0x0a, 0x25, 0x02, 0x6a, 0x22
    .byte 0x02, 0x2c, 0x15, 0x00, 0x00, 0x00, 0x2c, 0x9d, 0x00, 0x00, 0x00, 0x2c, 0x7f, 0x00, 0x00, 0x00
    .byte 0x15, 0x0a, 0x25, 0x9e, 0x6a, 0x22, 0x02, 0x03, 0x00, 0x09, 0x00, 0x00, 0x00, 0x32, 0x00, 0x09
    .byte 0x00, 0x00, 0x00, 0x14, 0x2e, 0x6a, 0x22, 0x02, 0x2c, 0x15, 0x00, 0x00, 0x00, 0x2c, 0x9c, 0x00
    .byte 0x00, 0x00, 0x2c, 0x7f, 0x00, 0x00, 0x00, 0x15, 0x0a, 0x25, 0x9e, 0x6a, 0x22, 0x02, 0x03, 0x00
    .byte 0x09, 0x00, 0x00, 0x00, 0x32, 0x00, 0x04, 0x00, 0x00, 0x00, 0x14, 0x55, 0x6a, 0x22, 0x02, 0x2c
    .byte 0x15, 0x00, 0x00, 0x00, 0x2c, 0x9c, 0x00, 0x00, 0x00, 0x2c, 0x7f, 0x00, 0x00, 0x00, 0x15, 0x0a
    .byte 0x25, 0x9e, 0x6a, 0x22, 0x02, 0x03, 0x00, 0x09, 0x00, 0x00, 0x00, 0x32, 0x00, 0x0a, 0x00, 0x00
    .byte 0x00, 0x14, 0x7c, 0x6a, 0x22, 0x02, 0x2c, 0x15, 0x00, 0x00, 0x00, 0x2c, 0x9d, 0x00, 0x00, 0x00
    .byte 0x2c, 0x7f, 0x00, 0x00, 0x00, 0x15, 0x0a, 0x25, 0x9e, 0x6a, 0x22, 0x02, 0x03, 0x00, 0x09, 0x00
    .byte 0x00, 0x00, 0x32, 0x00, 0x0b, 0x00, 0x00, 0x00, 0x14, 0x9e, 0x6a, 0x22, 0x02, 0x2c, 0x15, 0x00
    .byte 0x00, 0x00, 0x2c, 0x9c, 0x00, 0x00, 0x00, 0x2c, 0x7f, 0x00, 0x00, 0x00, 0x15, 0x0a, 0x20, 0x00
    .byte 0x00, 0x2c, 0x07, 0xe8, 0x21, 0x02, 0x15, 0x39, 0x20, 0x00, 0x00, 0x15, 0x42, 0x18, 0x70, 0x32
    .byte 0x00, 0x00, 0x00, 0x00, 0x00, 0x14, 0xbf, 0x6a, 0x22, 0x02, 0x01, 0xa8, 0x6a, 0x22, 0x02, 0x2c
    .byte 0x62, 0x01, 0x00, 0x00, 0x2c, 0x01, 0x00, 0x00, 0x00, 0x15, 0x76, 0x25, 0xc9, 0x6c, 0x22, 0x02
    .byte 0x15, 0x63, 0x18, 0x70, 0x32, 0x00, 0x17, 0x00, 0x00, 0x00, 0x14, 0xc9, 0x6c, 0x22, 0x02, 0x20
    .byte 0x00, 0x00, 0x2c, 0x18, 0xe6, 0x21, 0x02, 0x15, 0x39, 0x20, 0x00, 0x00, 0x15, 0x42, 0x18, 0x70
    .byte 0x32, 0x00, 0x00, 0x00, 0x00, 0x00, 0x14, 0x00, 0x6b, 0x22, 0x02, 0x01, 0xe9, 0x6a, 0x22, 0x02
    .byte 0x03, 0x00, 0x09, 0x00, 0x00, 0x00, 0x26, 0x00, 0x66, 0x03, 0x00, 0x63, 0x01, 0x00, 0x00, 0x26
    .byte 0x00, 0xd9, 0x03, 0x00, 0x09, 0x00, 0x00, 0x00, 0x32, 0x00, 0x01, 0x00, 0x00, 0x00, 0x13, 0x34
    .byte 0x6b, 0x22, 0x02, 0x03, 0x00, 0x09, 0x00, 0x00, 0x00, 0x32, 0x00, 0x08, 0x00, 0x00, 0x00, 0x14
    .byte 0x42, 0x6b, 0x22, 0x02, 0x03, 0x00, 0x01, 0x00, 0x00, 0x00, 0x36, 0x00, 0x00, 0x25, 0x4b, 0x6b
    .byte 0x22, 0x02, 0x03, 0x00, 0x01, 0x00, 0x00, 0x00, 0x26, 0x00, 0x63, 0x03, 0x00, 0x09, 0x00, 0x00
    .byte 0x00, 0x32, 0x00, 0x01, 0x00, 0x00, 0x00, 0x14, 0x7c, 0x6b, 0x22, 0x02, 0x20, 0x00, 0x00, 0x2c
    .byte 0x0f, 0x00, 0x00, 0x00, 0x15, 0xe0, 0x2c, 0x15, 0x00, 0x00, 0x00, 0x2c, 0x9d, 0x00, 0x00, 0x00
    .byte 0x2c, 0x7f, 0x00, 0x00, 0x00, 0x15, 0x0a, 0x25, 0x9c, 0x6c, 0x22, 0x02, 0x03, 0x00, 0x09, 0x00
    .byte 0x00, 0x00, 0x32, 0x00, 0x08, 0x00, 0x00, 0x00, 0x14, 0xad, 0x6b, 0x22, 0x02, 0x20, 0x00, 0x00
    .byte 0x2c, 0x0f, 0x00, 0x00, 0x00, 0x15, 0xe0, 0x2c, 0x15, 0x00, 0x00, 0x00, 0x2c, 0x9c, 0x00, 0x00
    .byte 0x00, 0x2c, 0x7f, 0x00, 0x00, 0x00, 0x15, 0x0a, 0x25, 0x9c, 0x6c, 0x22, 0x02, 0x03, 0x00, 0x09
    .byte 0x00, 0x00, 0x00, 0x32, 0x00, 0x03, 0x00, 0x00, 0x00, 0x14, 0x05, 0x6c, 0x22, 0x02, 0x03, 0x00
    .byte 0x63, 0x01, 0x00, 0x00, 0x32, 0x00, 0x3e, 0x00, 0x00, 0x00, 0x14, 0xef, 0x6b, 0x22, 0x02, 0x20
    .byte 0x00, 0x00, 0x2c, 0x75, 0x00, 0x00, 0x00, 0x15, 0xe0, 0x2c, 0x15, 0x00, 0x00, 0x00, 0x2c, 0x9d
    .byte 0x00, 0x00, 0x00, 0x2c, 0x7f, 0x00, 0x00, 0x00, 0x15, 0x0a, 0x25, 0x00, 0x6c, 0x22, 0x02, 0x2c
    .byte 0x15, 0x00, 0x00, 0x00, 0x2c, 0x9d, 0x00, 0x00, 0x00, 0x2c, 0x7f, 0x00, 0x00, 0x00, 0x15, 0x0a
    .byte 0x25, 0x9c, 0x6c, 0x22, 0x02, 0x03, 0x00, 0x09, 0x00, 0x00, 0x00, 0x32, 0x00, 0x09, 0x00, 0x00
    .byte 0x00, 0x14, 0x2c, 0x6c, 0x22, 0x02, 0x2c, 0x15, 0x00, 0x00, 0x00, 0x2c, 0x9c, 0x00, 0x00, 0x00
    .byte 0x2c, 0x7f, 0x00, 0x00, 0x00, 0x15, 0x0a, 0x25, 0x9c, 0x6c, 0x22, 0x02, 0x03, 0x00, 0x09, 0x00
    .byte 0x00, 0x00, 0x32, 0x00, 0x04, 0x00, 0x00, 0x00, 0x14, 0x53, 0x6c, 0x22, 0x02, 0x2c, 0x15, 0x00
    .byte 0x00, 0x00, 0x2c, 0x9c, 0x00, 0x00, 0x00, 0x2c, 0x7f, 0x00, 0x00, 0x00, 0x15, 0x0a, 0x25, 0x9c
    .byte 0x6c, 0x22, 0x02, 0x03, 0x00, 0x09, 0x00, 0x00, 0x00, 0x32, 0x00, 0x0a, 0x00, 0x00, 0x00, 0x14
    .byte 0x7a, 0x6c, 0x22, 0x02, 0x2c, 0x15, 0x00, 0x00, 0x00, 0x2c, 0x9d, 0x00, 0x00, 0x00, 0x2c, 0x7f
    .byte 0x00, 0x00, 0x00, 0x15, 0x0a, 0x25, 0x9c, 0x6c, 0x22, 0x02, 0x03, 0x00, 0x09, 0x00, 0x00, 0x00
    .byte 0x32, 0x00, 0x0b, 0x00, 0x00, 0x00, 0x14, 0x9c, 0x6c, 0x22, 0x02, 0x2c, 0x15, 0x00, 0x00, 0x00
    .byte 0x2c, 0x9c, 0x00, 0x00, 0x00, 0x2c, 0x7f, 0x00, 0x00, 0x00, 0x15, 0x0a, 0x20, 0x00, 0x00, 0x2c
    .byte 0x07, 0xe8, 0x21, 0x02, 0x15, 0x39, 0x20, 0x00, 0x00, 0x15, 0x42, 0x18, 0x70, 0x32, 0x00, 0x00
    .byte 0x00, 0x00, 0x00, 0x14, 0xbd, 0x6c, 0x22, 0x02, 0x01, 0xa6, 0x6c, 0x22, 0x02, 0x2c, 0x63, 0x01
    .byte 0x00, 0x00, 0x2c, 0x01, 0x00, 0x00, 0x00, 0x15, 0x76, 0x20, 0x00, 0x00, 0x15, 0x07, 0x15, 0x08
    .byte 0x2c, 0x15, 0x00, 0x00, 0x00, 0x2c, 0x65, 0x00, 0x00, 0x00, 0x2c, 0x7f, 0x00, 0x00, 0x00, 0x15
    .byte 0x0a, 0x20, 0x00, 0x00, 0x15, 0x18, 0x20, 0x00, 0x00, 0x15, 0x19, 0x2c, 0x01, 0x00, 0x00, 0x00
    .byte 0x15, 0x2b, 0x2c, 0x40, 0x00, 0x00, 0x00, 0x2c, 0xa0, 0x00, 0x00, 0x00, 0x20, 0x00, 0x00, 0x2c
    .byte 0x00, 0x30, 0x00, 0x00, 0x2c, 0x04, 0x00, 0x00, 0x00, 0x20, 0x00, 0x00, 0x15, 0x1a, 0x15, 0x21
    .byte 0x20, 0x00, 0x00, 0x15, 0x09, 0x2c, 0x02, 0x00, 0x00, 0x00, 0x2c, 0x3c, 0x00, 0x00, 0x00, 0x20
    .byte 0x00, 0x00, 0x20, 0x00, 0x00, 0x20, 0x00, 0x00, 0x15, 0x4f, 0x18, 0x70, 0x17, 0x00, 0x15, 0x07
    .byte 0x15, 0x08, 0x2c, 0x03, 0x00, 0x00, 0x00, 0x20, 0x00, 0x00, 0x20, 0x00, 0x00, 0x20, 0x00, 0x00
    .byte 0x20, 0x00, 0x00, 0x15, 0x4f, 0x2c, 0x0f, 0x00, 0x00, 0x00, 0x15, 0x07, 0x15, 0x08, 0x15, 0x8b
    .byte 0x18, 0x70, 0x32, 0x00, 0x00, 0x00, 0x00, 0x00, 0x13, 0x62, 0x6d, 0x22, 0x02, 0x01, 0x4e, 0x6d
    .byte 0x22, 0x02, 0x2c, 0x27, 0x03, 0x00, 0x00, 0x2c, 0x01, 0x00, 0x00, 0x00, 0x20, 0x00, 0x00, 0x20
    .byte 0x00, 0x00, 0x15, 0x59, 0x15, 0x5a, 0x2c, 0x1e, 0x00, 0x00, 0x00, 0x15, 0x07, 0x15, 0x08, 0x03
    .byte 0x00, 0x12, 0x00, 0x00, 0x00, 0x26, 0x00, 0xe0, 0x03, 0x00, 0xba, 0xff, 0xff, 0xff, 0x26, 0x00
    .byte 0xe1, 0x15, 0x8b, 0x18, 0x70, 0x32, 0x00, 0x00, 0x00, 0x00, 0x00, 0x13, 0xa5, 0x6d, 0x22, 0x02
    .byte 0x01, 0x91, 0x6d, 0x22, 0x02, 0x2c, 0x28, 0x03, 0x00, 0x00, 0x2c, 0x01, 0x00, 0x00, 0x00, 0x20
    .byte 0x00, 0x00, 0x20, 0x00, 0x00, 0x15, 0x59, 0x2c, 0x0a, 0x00, 0x00, 0x00, 0x15, 0x07, 0x15, 0x08
    .byte 0x15, 0x5a, 0x03, 0x00, 0x00, 0x00, 0x00, 0x00, 0x26, 0x00, 0xe0, 0x03, 0x00, 0x00, 0x00, 0x00
    .byte 0x00, 0x26, 0x00, 0xe1, 0x2c, 0x14, 0x00, 0x00, 0x00, 0x15, 0x07, 0x15, 0x08, 0x2c, 0x1e, 0x00
    .byte 0x00, 0x00, 0x15, 0x07, 0x15, 0x08, 0x2c, 0x03, 0x00, 0x00, 0x00, 0x2c, 0x1e, 0x00, 0x00, 0x00
    .byte 0x15, 0xef, 0x2c, 0x04, 0x00, 0x00, 0x00, 0x2c, 0xb1, 0xe6, 0x21, 0x02, 0x15, 0x39, 0x2c, 0x22
    .byte 0x00, 0x00, 0x00, 0x20, 0x00, 0x00, 0x15, 0xe0, 0x15, 0x0d, 0x00, 0x2c, 0x00, 0x01, 0x00, 0x00
    .byte 0x15, 0x1b, 0x00, 0x2c, 0x63, 0x02, 0x00, 0x00, 0x15, 0x37, 0x18, 0x70, 0x32, 0x00, 0x01, 0x00
    .byte 0x00, 0x00, 0x14, 0x31, 0x6e, 0x22, 0x02, 0x01, 0x55, 0x6e, 0x22, 0x02, 0x25, 0x54, 0x6e, 0x22
    .byte 0x02, 0x2c, 0x04, 0x00, 0x00, 0x00, 0x15, 0x87, 0x18, 0x70, 0x32, 0x00, 0x01, 0x00, 0x00, 0x00
    .byte 0x14, 0x4f, 0x6e, 0x22, 0x02, 0x01, 0xdb, 0x6e, 0x22, 0x02, 0x25, 0x54, 0x6e, 0x22, 0x02, 0x01
    .byte 0x8e, 0x6f, 0x22, 0x02, 0x00, 0x20, 0x00, 0x00, 0x15, 0x1b, 0x2c, 0x02, 0x00, 0x00, 0x00, 0x15
    .byte 0x05, 0x2c, 0x17, 0x00, 0x00, 0x00, 0x2c, 0xab, 0xe6, 0x21, 0x02, 0x15, 0x39, 0x2c, 0x01, 0x00
    .byte 0x00, 0x00, 0x20, 0x00, 0x00, 0x15, 0x29, 0x2c, 0x01, 0x00, 0x00, 0x00, 0x15, 0x07, 0x15, 0x08
    .byte 0x2c, 0x04, 0x00, 0x00, 0x00, 0x15, 0x87, 0x18, 0x70, 0x32, 0x00, 0x00, 0x00, 0x00, 0x00, 0x14
    .byte 0xd5, 0x6e, 0x22, 0x02, 0x2c, 0x63, 0x02, 0x00, 0x00, 0x15, 0x36, 0x2c, 0x04, 0x00, 0x00, 0x00
    .byte 0x20, 0x00, 0x00, 0x2c, 0x01, 0x00, 0x00, 0x00, 0x03, 0x00, 0x84, 0x03, 0x00, 0x00, 0x2c, 0x58
    .byte 0x02, 0x00, 0x00, 0x15, 0x01, 0x18, 0x71, 0x04, 0x10, 0x17, 0x00, 0x20, 0x00, 0x00, 0x15, 0x04
    .byte 0x2c, 0x03, 0x00, 0x00, 0x00, 0x15, 0x05, 0x15, 0x16, 0x20, 0x00, 0x00, 0x15, 0x05, 0x15, 0x16
    .byte 0x01, 0xdb, 0x6e, 0x22, 0x02, 0x25, 0x77, 0x6e, 0x22, 0x02, 0x00, 0x20, 0x00, 0x00, 0x15, 0x1b
    .byte 0x20, 0x00, 0x00, 0x15, 0x05, 0x2c, 0x17, 0x00, 0x00, 0x00, 0x2c, 0xab, 0xe6, 0x21, 0x02, 0x15
    .byte 0x39, 0x2c, 0x04, 0x00, 0x00, 0x00, 0x15, 0x87, 0x18, 0x70, 0x32, 0x00, 0x00, 0x00, 0x00, 0x00
    .byte 0x14, 0x16, 0x6f, 0x22, 0x02, 0x2c, 0x17, 0x00, 0x00, 0x00, 0x2c, 0x30, 0xec, 0x21, 0x02, 0x15
    .byte 0x39, 0x01, 0x8e, 0x6f, 0x22, 0x02, 0x2c, 0x01, 0x00, 0x00, 0x00, 0x15, 0x07, 0x15, 0x08, 0x2c
    .byte 0x1a, 0x00, 0x00, 0x00, 0x2c, 0x03, 0x43, 0x00, 0x00, 0x20, 0x00, 0x00, 0x2c, 0x80, 0x00, 0x00
    .byte 0x00, 0x15, 0x0c, 0x2c, 0x03, 0x00, 0x00, 0x00, 0x15, 0x81, 0x20, 0x00, 0x00, 0x15, 0x05, 0x15
    .byte 0x16, 0x2c, 0xfd, 0xff, 0xff, 0xff, 0x15, 0x81, 0x20, 0x00, 0x00, 0x15, 0x05, 0x15, 0x16, 0x20
    .byte 0x00, 0x00, 0x15, 0x81, 0x20, 0x00, 0x00, 0x15, 0x05, 0x15, 0x16, 0x03, 0x00, 0x64, 0x00, 0x00
    .byte 0x00, 0x2c, 0x68, 0x01, 0x00, 0x00, 0x15, 0x01, 0x18, 0x71, 0x04, 0x10, 0x17, 0x00, 0x15, 0x07
    .byte 0x15, 0x08, 0x25, 0xf1, 0x6e, 0x22, 0x02, 0x00, 0x2c, 0x01, 0x00, 0x00, 0x00, 0x15, 0x09, 0x2c
    .byte 0x01, 0x00, 0x00, 0x00, 0x15, 0x18, 0x2c, 0x01, 0x00, 0x00, 0x00, 0x15, 0x19, 0x00, 0x20, 0x00
    .byte 0x00, 0x15, 0x1b, 0x2c, 0x01, 0x00, 0x00, 0x00, 0x2c, 0xe9, 0xff, 0xff, 0xff, 0x2c, 0xf9, 0xff
    .byte 0xff, 0xff, 0x2c, 0x17, 0x00, 0x00, 0x00, 0x2c, 0x29, 0x00, 0x00, 0x00, 0x15, 0xd8, 0x2c, 0x17
    .byte 0x00, 0x00, 0x00, 0x2c, 0x30, 0xec, 0x21, 0x02, 0x15, 0x39, 0x2c, 0x17, 0x00, 0x00, 0x00, 0x2c
    .byte 0x42, 0xec, 0x21, 0x02, 0x15, 0x39, 0x20, 0x00, 0x00, 0x15, 0x05, 0x2c, 0x01, 0x00, 0x00, 0x00
    .byte 0x2c, 0xd0, 0x71, 0x22, 0x02, 0x15, 0x29, 0x03, 0x00, 0x78, 0x00, 0x00, 0x00, 0x2c, 0x78, 0x00
    .byte 0x00, 0x00, 0x15, 0x01, 0x18, 0x71, 0x04, 0x10, 0x17, 0x00, 0x15, 0x07, 0x15, 0x08, 0x2c, 0x1a
    .byte 0x00, 0x00, 0x00, 0x2c, 0x03, 0x43, 0x00, 0x00, 0x20, 0x00, 0x00, 0x2c, 0x80, 0x00, 0x00, 0x00
    .byte 0x15, 0x0c, 0x2c, 0x03, 0x00, 0x00, 0x00, 0x15, 0x81, 0x20, 0x00, 0x00, 0x15, 0x05, 0x15, 0x16
    .byte 0x2c, 0xfd, 0xff, 0xff, 0xff, 0x15, 0x81, 0x20, 0x00, 0x00, 0x15, 0x05, 0x15, 0x16, 0x20, 0x00
    .byte 0x00, 0x15, 0x81, 0x20, 0x00, 0x00, 0x15, 0x05, 0x15, 0x16, 0x2c, 0x14, 0x00, 0x00, 0x00, 0x15
    .byte 0x07, 0x15, 0x08, 0x2c, 0x01, 0x00, 0x00, 0x00, 0x15, 0x05, 0x20, 0x00, 0x00, 0x15, 0x06, 0x20
    .byte 0x00, 0x00, 0x15, 0x55, 0x2c, 0x04, 0x00, 0x00, 0x00, 0x15, 0x07, 0x15, 0x08, 0x2c, 0x01, 0x00
    .byte 0x00, 0x00, 0x15, 0x55, 0x2c, 0x04, 0x00, 0x00, 0x00, 0x15, 0x07, 0x15, 0x08, 0x2c, 0x02, 0x00
    .byte 0x00, 0x00, 0x15, 0x55, 0x2c, 0x17, 0x00, 0x00, 0x00, 0x2c, 0x1a, 0xec, 0x21, 0x02, 0x15, 0x39
    .byte 0x2c, 0x04, 0x00, 0x00, 0x00, 0x15, 0x07, 0x15, 0x08, 0x2c, 0x03, 0x00, 0x00, 0x00, 0x15, 0x55
    .byte 0x2c, 0x02, 0x00, 0x00, 0x00, 0x15, 0x07, 0x15, 0x08, 0x2c, 0x04, 0x00, 0x00, 0x00, 0x15, 0x55
    .byte 0x15, 0x16, 0x2c, 0x02, 0x00, 0x00, 0x00, 0x15, 0x05, 0x2c, 0x1a, 0x00, 0x00, 0x00, 0x2c, 0x0b
    .byte 0x00, 0x00, 0x00, 0x15, 0x32, 0x2c, 0x01, 0x00, 0x00, 0x00, 0x2c, 0xbc, 0x75, 0x22, 0x02, 0x15
    .byte 0x29, 0x2c, 0x0b, 0x00, 0x00, 0x00, 0x20, 0x00, 0x00, 0x2c, 0x17, 0x00, 0x00, 0x00, 0x2c, 0x07
    .byte 0x00, 0x00, 0x00, 0x15, 0x47, 0x18, 0x70, 0x17, 0x00, 0x2c, 0x17, 0x00, 0x00, 0x00, 0x2c, 0x08
    .byte 0x00, 0x00, 0x00, 0x15, 0x47, 0x18, 0x70, 0x2c, 0x17, 0x00, 0x00, 0x00, 0x2c, 0x09, 0x00, 0x00
    .byte 0x00, 0x15, 0x47, 0x18, 0x71, 0x23, 0x10, 0x24, 0x00, 0x10, 0x00, 0x00, 0x00, 0x17, 0x00, 0x2c
    .byte 0x10, 0x00, 0x00, 0x00, 0x2c, 0x10, 0x00, 0x00, 0x00, 0x2c, 0xff, 0xff, 0xff, 0xff, 0x15, 0x53
    .byte 0x18, 0x70, 0x28, 0x00, 0x02, 0x03, 0x00, 0x24, 0x00, 0x00, 0x00, 0x2c, 0x06, 0x00, 0x00, 0x00
    .byte 0x15, 0x01, 0x18, 0x71, 0x04, 0x10, 0x17, 0x00, 0x15, 0x07, 0x15, 0x08, 0x2c, 0x01, 0x00, 0x00
    .byte 0x00, 0x20, 0x00, 0x00, 0x15, 0x29, 0x2c, 0x03, 0x00, 0x00, 0x00, 0x15, 0x05, 0x20, 0x00, 0x00
    .byte 0x15, 0x06, 0x20, 0x00, 0x00, 0x15, 0x55, 0x2c, 0x03, 0x00, 0x00, 0x00, 0x15, 0x07, 0x15, 0x08
    .byte 0x2c, 0x01, 0x00, 0x00, 0x00, 0x15, 0x55, 0x2c, 0x04, 0x00, 0x00, 0x00, 0x15, 0x07, 0x15, 0x08
    .byte 0x2c, 0x02, 0x00, 0x00, 0x00, 0x15, 0x55, 0x2c, 0x03, 0x00, 0x00, 0x00, 0x15, 0x07, 0x15, 0x08
    .byte 0x2c, 0x03, 0x00, 0x00, 0x00, 0x15, 0x55, 0x2c, 0x12, 0x00, 0x00, 0x00, 0x2f, 0x02, 0x2c, 0xff
    .byte 0xff, 0xff, 0xff, 0x2c, 0xff, 0xff, 0xff, 0xff, 0x2c, 0xff, 0xff, 0xff, 0xff, 0x2c, 0xff, 0xff
    .byte 0xff, 0xff, 0x2c, 0xff, 0xff, 0xff, 0xff, 0x15, 0x53, 0x2c, 0x1a, 0x00, 0x00, 0x00, 0x2c, 0x02
    .byte 0x43, 0x00, 0x00, 0x20, 0x00, 0x00, 0x2c, 0x80, 0x00, 0x00, 0x00, 0x15, 0x0c, 0x2c, 0x17, 0x00
    .byte 0x00, 0x00, 0x2c, 0x30, 0xec, 0x21, 0x02, 0x15, 0x39, 0x2c, 0x02, 0x00, 0x00, 0x00, 0x15, 0x07
    .byte 0x15, 0x08, 0x2c, 0x04, 0x00, 0x00, 0x00, 0x15, 0x55, 0x2c, 0x02, 0x00, 0x00, 0x00, 0x15, 0x07
    .byte 0x15, 0x08, 0x2c, 0x05, 0x00, 0x00, 0x00, 0x15, 0x55, 0x15, 0x16, 0x01, 0xae, 0x6f, 0x22, 0x02
    .byte 0x2c, 0x03, 0x00, 0x00, 0x00, 0x2c, 0x01, 0x00, 0x00, 0x00, 0x20, 0x00, 0x00, 0x20, 0x00, 0x00
    .byte 0x20, 0x00, 0x00, 0x15, 0x4f, 0x2c, 0x09, 0x00, 0x00, 0x00, 0x2c, 0x01, 0x00, 0x00, 0x00, 0x20
    .byte 0x00, 0x00, 0x20, 0x00, 0x00, 0x20, 0x00, 0x00, 0x15, 0x4f, 0x2c, 0x02, 0x00, 0x00, 0x00, 0x2c
    .byte 0x0a, 0x00, 0x00, 0x00, 0x20, 0x00, 0x00, 0x20, 0x00, 0x00, 0x20, 0x00, 0x00, 0x15, 0x4f, 0x2c
    .byte 0x01, 0x00, 0x00, 0x00, 0x15, 0x05, 0x20, 0x00, 0x00, 0x15, 0x06, 0x20, 0x00, 0x00, 0x15, 0x55
    .byte 0x2c, 0x04, 0x00, 0x00, 0x00, 0x15, 0x07, 0x15, 0x08, 0x2c, 0x01, 0x00, 0x00, 0x00, 0x15, 0x55
    .byte 0x2c, 0x04, 0x00, 0x00, 0x00, 0x15, 0x07, 0x15, 0x08, 0x2c, 0x02, 0x00, 0x00, 0x00, 0x15, 0x55
    .byte 0x2c, 0x17, 0x00, 0x00, 0x00, 0x2c, 0x1a, 0xec, 0x21, 0x02, 0x15, 0x39, 0x2c, 0x04, 0x00, 0x00
    .byte 0x00, 0x15, 0x07, 0x15, 0x08, 0x2c, 0x03, 0x00, 0x00, 0x00, 0x15, 0x55, 0x2c, 0x02, 0x00, 0x00
    .byte 0x00, 0x15, 0x07, 0x15, 0x08, 0x2c, 0x04, 0x00, 0x00, 0x00, 0x15, 0x55, 0x2c, 0x17, 0x00, 0x00
    .byte 0x00, 0x2c, 0x30, 0xec, 0x21, 0x02, 0x15, 0x39, 0x15, 0x16, 0x20, 0x00, 0x00, 0x2c, 0x2c, 0x74
    .byte 0x22, 0x02, 0x15, 0x39, 0x20, 0x00, 0x00, 0x15, 0x42, 0x18, 0x70, 0x32, 0x00, 0x00, 0x00, 0x00
    .byte 0x00, 0x14, 0x9b, 0x72, 0x22, 0x02, 0x01, 0x84, 0x72, 0x22, 0x02, 0x2c, 0x03, 0x00, 0x00, 0x00
    .byte 0x15, 0x05, 0x20, 0x00, 0x00, 0x15, 0x06, 0x20, 0x00, 0x00, 0x15, 0x55, 0x2c, 0x03, 0x00, 0x00
    .byte 0x00, 0x15, 0x07, 0x15, 0x08, 0x2c, 0x01, 0x00, 0x00, 0x00, 0x15, 0x55, 0x2c, 0x04, 0x00, 0x00
    .byte 0x00, 0x15, 0x07, 0x15, 0x08, 0x2c, 0x02, 0x00, 0x00, 0x00, 0x15, 0x55, 0x15, 0x16, 0x2c, 0x03
    .byte 0x00, 0x00, 0x00, 0x15, 0x07, 0x15, 0x08, 0x20, 0x00, 0x00, 0x2c, 0x01, 0x43, 0x00, 0x00, 0x15
    .byte 0xe0, 0x20, 0x00, 0x00, 0x2c, 0x7a, 0x74, 0x22, 0x02, 0x15, 0x39, 0x2c, 0x03, 0x00, 0x00, 0x00
    .byte 0x15, 0x55, 0x2c, 0x02, 0x00, 0x00, 0x00, 0x15, 0x07, 0x15, 0x08, 0x2c, 0x04, 0x00, 0x00, 0x00
    .byte 0x15, 0x55, 0x2c, 0x02, 0x00, 0x00, 0x00, 0x15, 0x07, 0x15, 0x08, 0x2c, 0x05, 0x00, 0x00, 0x00
    .byte 0x15, 0x55, 0x20, 0x00, 0x00, 0x2c, 0x9b, 0x74, 0x22, 0x02, 0x15, 0x39, 0x20, 0x00, 0x00, 0x15
    .byte 0x42, 0x18, 0x70, 0x32, 0x00, 0x00, 0x00, 0x00, 0x00, 0x14, 0x33, 0x73, 0x22, 0x02, 0x01, 0x1c
    .byte 0x73, 0x22, 0x02, 0x20, 0x00, 0x00, 0x15, 0x05, 0x20, 0x00, 0x00, 0x15, 0x06, 0x2c, 0x00, 0x01
    .byte 0x00, 0x00, 0x15, 0x17, 0x03, 0x00, 0x04, 0x00, 0x00, 0x00, 0x2c, 0x08, 0x00, 0x00, 0x00, 0x15
    .byte 0x01, 0x18, 0x71, 0x04, 0x10, 0x28, 0x00, 0x00, 0x03, 0x00, 0x00, 0x00, 0x00, 0x00, 0x28, 0x00
    .byte 0x01, 0x29, 0x00, 0xf8, 0x32, 0x00, 0x01, 0x00, 0x00, 0x00, 0x14, 0xdf, 0x73, 0x22, 0x02, 0x2c
    .byte 0x16, 0x00, 0x00, 0x00, 0x2c, 0x0e, 0x00, 0x00, 0x00, 0x15, 0x47, 0x18, 0x70, 0x32, 0x00, 0x01
    .byte 0x00, 0x00, 0x00, 0x14, 0xdf, 0x73, 0x22, 0x02, 0x2c, 0x16, 0x00, 0x00, 0x00, 0x2c, 0x0e, 0x00
    .byte 0x00, 0x00, 0x15, 0x47, 0x18, 0x70, 0x17, 0x00, 0x15, 0x41, 0x2b, 0x00, 0x01, 0x05, 0x00, 0x01
    .byte 0x00, 0x00, 0x00, 0x28, 0x00, 0x01, 0x20, 0x00, 0x00, 0x2c, 0x01, 0x43, 0x00, 0x00, 0x15, 0xe0
    .byte 0x2c, 0x00, 0x02, 0x00, 0x00, 0x15, 0x17, 0x2c, 0x04, 0x00, 0x00, 0x00, 0x15, 0x05, 0x20, 0x00
    .byte 0x00, 0x2c, 0xcc, 0x74, 0x22, 0x02, 0x15, 0x39, 0x20, 0x00, 0x00, 0x15, 0x42, 0x18, 0x70, 0x32
    .byte 0x00, 0x00, 0x00, 0x00, 0x00, 0x14, 0xdf, 0x73, 0x22, 0x02, 0x01, 0xc8, 0x73, 0x22, 0x02, 0x2b
    .byte 0x00, 0x01, 0x2b, 0x01, 0x00, 0x1e, 0x10, 0x14, 0xf1, 0x73, 0x22, 0x02, 0x01, 0x61, 0x73, 0x22
    .byte 0x02, 0x2c, 0x00, 0x01, 0x00, 0x00, 0x15, 0x17, 0x2c, 0x04, 0x00, 0x00, 0x00, 0x15, 0x05, 0x15
    .byte 0x16, 0x20, 0x00, 0x00, 0x2c, 0x33, 0x75, 0x22, 0x02, 0x15, 0x39, 0x20, 0x00, 0x00, 0x15, 0x42
    .byte 0x18, 0x70, 0x32, 0x00, 0x00, 0x00, 0x00, 0x00, 0x14, 0x22, 0x74, 0x22, 0x02, 0x01, 0x0b, 0x74
    .byte 0x22, 0x02, 0x2c, 0x01, 0x00, 0x00, 0x00, 0x15, 0x07, 0x15, 0x08, 0x00, 0x2c, 0x16, 0x00, 0x00
    .byte 0x00, 0x2c, 0x07, 0x00, 0x00, 0x00, 0x15, 0x47, 0x18, 0x70, 0x17, 0x00, 0x2c, 0x16, 0x00, 0x00
    .byte 0x00, 0x2c, 0x08, 0x00, 0x00, 0x00, 0x15, 0x47, 0x18, 0x70, 0x05, 0x00, 0x20, 0x00, 0x00, 0x00
    .byte 0x17, 0x00, 0x2c, 0x16, 0x00, 0x00, 0x00, 0x2c, 0x09, 0x00, 0x00, 0x00, 0x15, 0x47, 0x18, 0x70
    .byte 0x17, 0x00, 0x15, 0x02, 0x2c, 0x02, 0x00, 0x00, 0x00, 0x2c, 0x0f, 0x00, 0x00, 0x00, 0x20, 0x00
    .byte 0x00, 0x20, 0x00, 0x00, 0x20, 0x00, 0x00, 0x15, 0x4f, 0x00, 0x2c, 0x0f, 0x10, 0x00, 0x00, 0x2c
    .byte 0x01, 0x10, 0x00, 0x00, 0x2c, 0x10, 0x10, 0x00, 0x00, 0x2c, 0x02, 0x00, 0x00, 0x00, 0x2c, 0x25
    .byte 0x00, 0x00, 0x00, 0x15, 0x73, 0x20, 0x00, 0x00, 0x15, 0x55, 0x00, 0x2c, 0x0f, 0x10, 0x00, 0x00
    .byte 0x2c, 0x01, 0x10, 0x00, 0x00, 0x2c, 0x10, 0x10, 0x00, 0x00, 0x2c, 0x02, 0x00, 0x00, 0x00, 0x2c
    .byte 0x25, 0x00, 0x00, 0x00, 0x15, 0x73, 0x2c, 0x25, 0x00, 0x00, 0x00, 0x15, 0x05, 0x2c, 0x01, 0x00
    .byte 0x00, 0x00, 0x15, 0x06, 0x2c, 0x00, 0x01, 0x00, 0x00, 0x15, 0x17, 0x00, 0x2c, 0x00, 0x02, 0x00
    .byte 0x00, 0x15, 0x17, 0x2c, 0x25, 0x00, 0x00, 0x00, 0x15, 0x05, 0x15, 0x16, 0x20, 0x00, 0x00, 0x15
    .byte 0x2b, 0x20, 0x00, 0x00, 0x2c, 0x04, 0x00, 0x00, 0x00, 0x20, 0x00, 0x00, 0x2c, 0x00, 0x18, 0x00
    .byte 0x00, 0x2c, 0x06, 0x00, 0x00, 0x00, 0x20, 0x00, 0x00, 0x15, 0x1a, 0x15, 0x21, 0x20, 0x00, 0x00
    .byte 0x2c, 0xfc, 0xff, 0xff, 0xff, 0x20, 0x00, 0x00, 0x2c, 0x00, 0x18, 0x00, 0x00, 0x2c, 0x06, 0x00
    .byte 0x00, 0x00, 0x20, 0x00, 0x00, 0x15, 0x1a, 0x15, 0x21, 0x2c, 0x25, 0x00, 0x00, 0x00, 0x15, 0x05
    .byte 0x15, 0x16, 0x2c, 0x00, 0x01, 0x00, 0x00, 0x15, 0x17, 0x2c, 0x06, 0x00, 0x00, 0x00, 0x15, 0x07
    .byte 0x15, 0x08, 0x00, 0x20, 0x00, 0x00, 0x2c, 0x00, 0x43, 0x00, 0x00, 0x15, 0xe0, 0x2c, 0x09, 0x00
    .byte 0x00, 0x00, 0x20, 0x00, 0x00, 0x20, 0x00, 0x00, 0x20, 0x00, 0x00, 0x20, 0x00, 0x00, 0x15, 0x4f
    .byte 0x2c, 0x03, 0x00, 0x00, 0x00, 0x20, 0x00, 0x00, 0x20, 0x00, 0x00, 0x20, 0x00, 0x00, 0x20, 0x00
    .byte 0x00, 0x15, 0x4f, 0x20, 0x00, 0x00, 0x2c, 0x80, 0x01, 0x00, 0x00, 0x20, 0x00, 0x00, 0x2c, 0x01
    .byte 0x00, 0x00, 0x00, 0x15, 0xca, 0x2c, 0x05, 0x00, 0x00, 0x00, 0x15, 0x07, 0x15, 0x08, 0x03, 0x00
    .byte 0xf6, 0xff, 0xff, 0xff, 0x03, 0x01, 0xff, 0xff, 0xff, 0xff, 0x2c, 0x0a, 0x00, 0x00, 0x00, 0x15
    .byte 0x01, 0x18, 0x72, 0x06, 0x21, 0x04, 0x10, 0x28, 0x00, 0x03, 0x2f, 0x03, 0x15, 0xaa, 0x2c, 0x03
    .byte 0x00, 0x00, 0x00, 0x2f, 0x03, 0x20, 0x00, 0x00, 0x20, 0x00, 0x00, 0x20, 0x00, 0x00, 0x20, 0x00
    .byte 0x00, 0x20, 0x00, 0x00, 0x15, 0x53, 0x20, 0x00, 0x00, 0x15, 0x75, 0x00, 0x2c, 0x03, 0x00, 0x00
    .byte 0x00, 0x2c, 0x01, 0x00, 0x00, 0x00, 0x20, 0x00, 0x00, 0x20, 0x00, 0x00, 0x20, 0x00, 0x00, 0x15
    .byte 0x4f, 0x2c, 0x09, 0x00, 0x00, 0x00, 0x2c, 0x01, 0x00, 0x00, 0x00, 0x20, 0x00, 0x00, 0x20, 0x00
    .byte 0x00, 0x20, 0x00, 0x00, 0x15, 0x4f, 0x2c, 0x02, 0x00, 0x00, 0x00, 0x2c, 0x1e, 0x00, 0x00, 0x00
    .byte 0x20, 0x00, 0x00, 0x20, 0x00, 0x00, 0x20, 0x00, 0x00, 0x15, 0x4f, 0x18, 0x70, 0x17, 0x00, 0x15
    .byte 0x07, 0x15, 0x08, 0x20, 0x00, 0x00, 0x2c, 0xa7, 0x76, 0x22, 0x02, 0x15, 0x39, 0x20, 0x00, 0x00
    .byte 0x15, 0x42, 0x18, 0x70, 0x32, 0x00, 0x00, 0x00, 0x00, 0x00, 0x14, 0x24, 0x76, 0x22, 0x02, 0x01
    .byte 0x0d, 0x76, 0x22, 0x02, 0x2c, 0x12, 0x00, 0x00, 0x00, 0x2f, 0x02, 0x2c, 0xff, 0xff, 0xff, 0xff
    .byte 0x2c, 0xff, 0xff, 0xff, 0xff, 0x2c, 0xff, 0xff, 0xff, 0xff, 0x2c, 0xff, 0xff, 0xff, 0xff, 0x2c
    .byte 0xff, 0xff, 0xff, 0xff, 0x15, 0x53, 0x2c, 0x09, 0x00, 0x00, 0x00, 0x20, 0x00, 0x00, 0x20, 0x00
    .byte 0x00, 0x20, 0x00, 0x00, 0x20, 0x00, 0x00, 0x15, 0x4f, 0x21, 0xee, 0x77, 0x22, 0x02, 0x2c, 0x63
    .byte 0x02, 0x00, 0x00, 0x15, 0x35, 0x21, 0xb5, 0x77, 0x22, 0x02, 0x2c, 0x02, 0x00, 0x00, 0x00, 0x2c
    .byte 0x1e, 0x00, 0x00, 0x00, 0x20, 0x00, 0x00, 0x20, 0x00, 0x00, 0x20, 0x00, 0x00, 0x15, 0x4f, 0x18
    .byte 0x70, 0x17, 0x00, 0x15, 0x07, 0x15, 0x08, 0x2c, 0x03, 0x00, 0x00, 0x00, 0x20, 0x00, 0x00, 0x20
    .byte 0x00, 0x00, 0x20, 0x00, 0x00, 0x20, 0x00, 0x00, 0x15, 0x4f, 0x2c, 0x16, 0x00, 0x00, 0x00, 0x2c
    .byte 0x55, 0x6e, 0x22, 0x02, 0x15, 0x39, 0x00, 0x20, 0x00, 0x00, 0x15, 0x18, 0x2c, 0x17, 0x00, 0x00
    .byte 0x00, 0x2c, 0x07, 0x00, 0x00, 0x00, 0x15, 0x47, 0x18, 0x70, 0x17, 0x00, 0x2c, 0x17, 0x00, 0x00
    .byte 0x00, 0x2c, 0x08, 0x00, 0x00, 0x00, 0x15, 0x47, 0x18, 0x70, 0x05, 0x00, 0x0c, 0x00, 0x00, 0x00
    .byte 0x17, 0x00, 0x2c, 0x17, 0x00, 0x00, 0x00, 0x2c, 0x09, 0x00, 0x00, 0x00, 0x15, 0x47, 0x18, 0x70
    .byte 0x17, 0x00, 0x15, 0x02, 0x2c, 0x00, 0x01, 0x00, 0x00, 0x15, 0x17, 0x2c, 0xa1, 0x10, 0x00, 0x00
    .byte 0x2c, 0x01, 0x10, 0x00, 0x00, 0x2c, 0xa2, 0x10, 0x00, 0x00, 0x2c, 0x02, 0x00, 0x00, 0x00, 0x2c
    .byte 0x05, 0x00, 0x00, 0x00, 0x15, 0x73, 0x2c, 0x05, 0x00, 0x00, 0x00, 0x15, 0x05, 0x15, 0x16, 0x2c
    .byte 0x02, 0x00, 0x00, 0x00, 0x15, 0x07, 0x15, 0x08, 0x2c, 0x04, 0x00, 0x00, 0x00, 0x15, 0x05, 0x15
    .byte 0x16, 0x2c, 0x03, 0x00, 0x00, 0x00, 0x15, 0x07, 0x15, 0x08, 0x2c, 0x17, 0x00, 0x00, 0x00, 0x2c
    .byte 0xa5, 0x77, 0x22, 0x02, 0x15, 0x39, 0x2c, 0x0b, 0x10, 0x00, 0x00, 0x2c, 0x01, 0x10, 0x00, 0x00
    .byte 0x2c, 0x0c, 0x10, 0x00, 0x00, 0x2c, 0x02, 0x00, 0x00, 0x00, 0x2c, 0x0c, 0x00, 0x00, 0x00, 0x15
    .byte 0x73, 0x2c, 0x0c, 0x00, 0x00, 0x00, 0x15, 0x05, 0x15, 0x16, 0x2c, 0x05, 0x00, 0x00, 0x00, 0x15
    .byte 0x07, 0x15, 0x08, 0x15, 0x16, 0x2c, 0x17, 0x00, 0x00, 0x00, 0x2c, 0x07, 0x00, 0x00, 0x00, 0x15
    .byte 0x47, 0x18, 0x70, 0x17, 0x00, 0x2c, 0x17, 0x00, 0x00, 0x00, 0x2c, 0x08, 0x00, 0x00, 0x00, 0x15
    .byte 0x47, 0x18, 0x70, 0x05, 0x00, 0x29, 0x00, 0x00, 0x00, 0x17, 0x00, 0x2c, 0x17, 0x00, 0x00, 0x00
    .byte 0x2c, 0x09, 0x00, 0x00, 0x00, 0x15, 0x47, 0x18, 0x70, 0x17, 0x00, 0x15, 0x02, 0x2c, 0x01, 0x00
    .byte 0x00, 0x00, 0x15, 0x18, 0x00, 0x20, 0x00, 0x00, 0x15, 0x09, 0x20, 0x00, 0x00, 0x15, 0x18, 0x20
    .byte 0x00, 0x00, 0x15, 0x19, 0x00, 0x2c, 0x02, 0x00, 0x00, 0x00, 0x15, 0x05, 0x15, 0x16, 0x2c, 0x01
    .byte 0x00, 0x00, 0x00, 0x20, 0x00, 0x00, 0x15, 0x29, 0x2c, 0x04, 0x00, 0x00, 0x00, 0x20, 0x00, 0x00
    .byte 0x2c, 0x01, 0x00, 0x00, 0x00, 0x03, 0x00, 0x96, 0x00, 0x00, 0x00, 0x2c, 0x1e, 0x00, 0x00, 0x00
    .byte 0x15, 0x01, 0x18, 0x71, 0x04, 0x10, 0x17, 0x00, 0x20, 0x00, 0x00, 0x15, 0x04, 0x22, 0x03, 0x00
    .byte 0xdf, 0x00, 0x00, 0x00, 0x26, 0x00, 0xd9, 0x15, 0x46, 0x03, 0x00, 0x03, 0x00, 0x00, 0x00, 0x26
    .byte 0x00, 0x66, 0x29, 0x00, 0xd9, 0x26, 0x00, 0xd9, 0x03, 0x00, 0x03, 0x00, 0x00, 0x00, 0x32, 0x00
    .byte 0x01, 0x00, 0x00, 0x00, 0x13, 0x2a, 0x78, 0x22, 0x02, 0x03, 0x00, 0x03, 0x00, 0x00, 0x00, 0x32
    .byte 0x00, 0x08, 0x00, 0x00, 0x00, 0x14, 0x38, 0x78, 0x22, 0x02, 0x03, 0x00, 0x01, 0x00, 0x00, 0x00
    .byte 0x36, 0x00, 0x00, 0x25, 0x41, 0x78, 0x22, 0x02, 0x03, 0x00, 0x01, 0x00, 0x00, 0x00, 0x26, 0x00
    .byte 0x63, 0x03, 0x00, 0x03, 0x00, 0x00, 0x00, 0x32, 0x00, 0x01, 0x00, 0x00, 0x00, 0x14, 0x72, 0x78
    .byte 0x22, 0x02, 0x20, 0x00, 0x00, 0x2c, 0x0f, 0x00, 0x00, 0x00, 0x15, 0xe0, 0x2c, 0x15, 0x00, 0x00
    .byte 0x00, 0x2c, 0x9d, 0x00, 0x00, 0x00, 0x2c, 0x7f, 0x00, 0x00, 0x00, 0x15, 0x0a, 0x25, 0x8f, 0x79
    .byte 0x22, 0x02, 0x03, 0x00, 0x03, 0x00, 0x00, 0x00, 0x32, 0x00, 0x08, 0x00, 0x00, 0x00, 0x14, 0xa3
    .byte 0x78, 0x22, 0x02, 0x20, 0x00, 0x00, 0x2c, 0x0f, 0x00, 0x00, 0x00, 0x15, 0xe0, 0x2c, 0x15, 0x00
    .byte 0x00, 0x00, 0x2c, 0x9c, 0x00, 0x00, 0x00, 0x2c, 0x7f, 0x00, 0x00, 0x00, 0x15, 0x0a, 0x25, 0x8f
    .byte 0x79, 0x22, 0x02, 0x03, 0x00, 0x03, 0x00, 0x00, 0x00, 0x32, 0x00, 0x03, 0x00, 0x00, 0x00, 0x14
    .byte 0xf8, 0x78, 0x22, 0x02, 0x29, 0x00, 0xd9, 0x32, 0x00, 0x3e, 0x00, 0x00, 0x00, 0x14, 0xe2, 0x78
    .byte 0x22, 0x02, 0x20, 0x00, 0x00, 0x2c, 0x75, 0x00, 0x00, 0x00, 0x15, 0xe0, 0x2c, 0x15, 0x00, 0x00
    .byte 0x00, 0x2c, 0x9d, 0x00, 0x00, 0x00, 0x2c, 0x7f, 0x00, 0x00, 0x00, 0x15, 0x0a, 0x25, 0xf3, 0x78
    .byte 0x22, 0x02, 0x2c, 0x15, 0x00, 0x00, 0x00, 0x2c, 0x9d, 0x00, 0x00, 0x00, 0x2c, 0x7f, 0x00, 0x00
    .byte 0x00, 0x15, 0x0a, 0x25, 0x8f, 0x79, 0x22, 0x02, 0x03, 0x00, 0x03, 0x00, 0x00, 0x00, 0x32, 0x00
    .byte 0x09, 0x00, 0x00, 0x00, 0x14, 0x1f, 0x79, 0x22, 0x02, 0x2c, 0x15, 0x00, 0x00, 0x00, 0x2c, 0x9c
    .byte 0x00, 0x00, 0x00, 0x2c, 0x7f, 0x00, 0x00, 0x00, 0x15, 0x0a, 0x25, 0x8f, 0x79, 0x22, 0x02, 0x03
    .byte 0x00, 0x03, 0x00, 0x00, 0x00, 0x32, 0x00, 0x04, 0x00, 0x00, 0x00, 0x14, 0x46, 0x79, 0x22, 0x02
    .byte 0x2c, 0x15, 0x00, 0x00, 0x00, 0x2c, 0x9c, 0x00, 0x00, 0x00, 0x2c, 0x7f, 0x00, 0x00, 0x00, 0x15
    .byte 0x0a, 0x25, 0x8f, 0x79, 0x22, 0x02, 0x03, 0x00, 0x03, 0x00, 0x00, 0x00, 0x32, 0x00, 0x0a, 0x00
    .byte 0x00, 0x00, 0x14, 0x6d, 0x79, 0x22, 0x02, 0x2c, 0x15, 0x00, 0x00, 0x00, 0x2c, 0x9d, 0x00, 0x00
    .byte 0x00, 0x2c, 0x7f, 0x00, 0x00, 0x00, 0x15, 0x0a, 0x25, 0x8f, 0x79, 0x22, 0x02, 0x03, 0x00, 0x03
    .byte 0x00, 0x00, 0x00, 0x32, 0x00, 0x0b, 0x00, 0x00, 0x00, 0x14, 0x8f, 0x79, 0x22, 0x02, 0x2c, 0x15
    .byte 0x00, 0x00, 0x00, 0x2c, 0x9c, 0x00, 0x00, 0x00, 0x2c, 0x7f, 0x00, 0x00, 0x00, 0x15, 0x0a, 0x20
    .byte 0x00, 0x00, 0x2c, 0x07, 0xe8, 0x21, 0x02, 0x15, 0x39, 0x20, 0x00, 0x00, 0x15, 0x42, 0x18, 0x70
    .byte 0x32, 0x00, 0x00, 0x00, 0x00, 0x00, 0x14, 0xb0, 0x79, 0x22, 0x02, 0x01, 0x99, 0x79, 0x22, 0x02
    .byte 0x2c, 0xdf, 0x00, 0x00, 0x00, 0x2c, 0x01, 0x00, 0x00, 0x00, 0x15, 0x76, 0x22, 0x00, 0x00, 0x00
