.text
; Matching fallback for the portable implementation in src/overlays/ov222/overlay222_recovery.c.
.extern data_ov222_0221d720
.extern data_ov222_0221d734
.extern data_ov222_0221efeb
.extern data_ov222_022213a0
.extern data_ov222_022213a4
.extern func_02008f58
.extern ActorInteractionRuntime_Init
.extern func_0203abac
.extern func_0203b38c
.extern func_0203b3ac

.global func_ov222_0221d6c0
func_ov222_0221d6c0:
    stmdb sp!, {r3, lr}
    cmp r0, #0x0
    ldmneia sp!, {r3, pc}
    bl ActorInteractionRuntime_Init
    ldr r0, .L_0221d6fc
    ldr r2, .L_0221d700
    mov r1, #0x3
    bl func_0203b38c
    ldr r0, .L_0221d704
    bl func_0203abac
    ldr r0, .L_0221d708
    bl func_02008f58
    ldr r0, .L_0221d70c
    bl func_0203b3ac
    ldmia sp!, {r3, pc}
.L_0221d6fc: .word data_ov222_022213a4
.L_0221d700: .word data_ov222_0221d734
.L_0221d704: .word data_ov222_022213a0
.L_0221d708: .word data_ov222_0221d720
.L_0221d70c: .word data_ov222_0221efeb
.size func_ov222_0221d6c0, . - func_ov222_0221d6c0

; Matching fallback for initialized records and BSS documented in
; src/overlays/ov222/overlay222_recovery.c.
; Absolute labels preserve fixed-address record and BSS references without alignment padding.
.global data_ov222_0221d720
.set data_ov222_0221d720, 0x0221d720
.global data_ov222_0221d734
.set data_ov222_0221d734, 0x0221d734
.global data_ov222_0221e9c4
.set data_ov222_0221e9c4, 0x0221e9c4
.global data_ov222_0221eb7f
.set data_ov222_0221eb7f, 0x0221eb7f
.global data_ov222_0221ebc6
.set data_ov222_0221ebc6, 0x0221ebc6
.global data_ov222_0221ec09
.set data_ov222_0221ec09, 0x0221ec09
.global data_ov222_0221ec20
.set data_ov222_0221ec20, 0x0221ec20
.global data_ov222_0221ec46
.set data_ov222_0221ec46, 0x0221ec46
.global data_ov222_0221ec80
.set data_ov222_0221ec80, 0x0221ec80
.global data_ov222_0221ed74
.set data_ov222_0221ed74, 0x0221ed74
.global data_ov222_0221ed88
.set data_ov222_0221ed88, 0x0221ed88
.global data_ov222_0221edae
.set data_ov222_0221edae, 0x0221edae
.global data_ov222_0221ee31
.set data_ov222_0221ee31, 0x0221ee31
.global data_ov222_0221ee32
.set data_ov222_0221ee32, 0x0221ee32
.global data_ov222_0221ef92
.set data_ov222_0221ef92, 0x0221ef92
.global data_ov222_0221efb8
.set data_ov222_0221efb8, 0x0221efb8
.global data_ov222_0221efcb
.set data_ov222_0221efcb, 0x0221efcb
.global data_ov222_0221efeb
.set data_ov222_0221efeb, 0x0221efeb
.global data_ov222_0221f020
.set data_ov222_0221f020, 0x0221f020
.global data_ov222_0221f024
.set data_ov222_0221f024, 0x0221f024
.global data_ov222_0221f0b0
.set data_ov222_0221f0b0, 0x0221f0b0
.global data_ov222_0221f12d
.set data_ov222_0221f12d, 0x0221f12d
.global data_ov222_0221f19d
.set data_ov222_0221f19d, 0x0221f19d
.global data_ov222_0221f1fa
.set data_ov222_0221f1fa, 0x0221f1fa
.global data_ov222_0221f204
.set data_ov222_0221f204, 0x0221f204
.global data_ov222_0221f23e
.set data_ov222_0221f23e, 0x0221f23e
.global data_ov222_0221f2f5
.set data_ov222_0221f2f5, 0x0221f2f5
.global data_ov222_0221f32a
.set data_ov222_0221f32a, 0x0221f32a
.global data_ov222_0221f355
.set data_ov222_0221f355, 0x0221f355
.global data_ov222_0221f3c9
.set data_ov222_0221f3c9, 0x0221f3c9
.global data_ov222_0221f43d
.set data_ov222_0221f43d, 0x0221f43d
.global data_ov222_0221f49d
.set data_ov222_0221f49d, 0x0221f49d
.global data_ov222_0221f504
.set data_ov222_0221f504, 0x0221f504
.global data_ov222_0221f554
.set data_ov222_0221f554, 0x0221f554
.global data_ov222_0221f5eb
.set data_ov222_0221f5eb, 0x0221f5eb
.global data_ov222_0221f633
.set data_ov222_0221f633, 0x0221f633
.global data_ov222_0221f649
.set data_ov222_0221f649, 0x0221f649
.global data_ov222_0221f681
.set data_ov222_0221f681, 0x0221f681
.global data_ov222_0221f6d9
.set data_ov222_0221f6d9, 0x0221f6d9
.global data_ov222_0221f702
.set data_ov222_0221f702, 0x0221f702
.global data_ov222_0221f713
.set data_ov222_0221f713, 0x0221f713
.global data_ov222_0221f75a
.set data_ov222_0221f75a, 0x0221f75a
.global data_ov222_0221f783
.set data_ov222_0221f783, 0x0221f783
.global data_ov222_0221f7bb
.set data_ov222_0221f7bb, 0x0221f7bb
.global data_ov222_0221f830
.set data_ov222_0221f830, 0x0221f830
.global data_ov222_0221f893
.set data_ov222_0221f893, 0x0221f893
.global data_ov222_0221f924
.set data_ov222_0221f924, 0x0221f924
.global data_ov222_0221f929
.set data_ov222_0221f929, 0x0221f929
.global data_ov222_0221f957
.set data_ov222_0221f957, 0x0221f957
.global data_ov222_0221f985
.set data_ov222_0221f985, 0x0221f985
.global data_ov222_0221fa29
.set data_ov222_0221fa29, 0x0221fa29
.global data_ov222_0221fa47
.set data_ov222_0221fa47, 0x0221fa47
.global data_ov222_0221faa9
.set data_ov222_0221faa9, 0x0221faa9
.global data_ov222_0221fb21
.set data_ov222_0221fb21, 0x0221fb21
.global data_ov222_0221fba8
.set data_ov222_0221fba8, 0x0221fba8
.global data_ov222_0221fbdf
.set data_ov222_0221fbdf, 0x0221fbdf
.global data_ov222_0221fcca
.set data_ov222_0221fcca, 0x0221fcca
.global data_ov222_0221fcf5
.set data_ov222_0221fcf5, 0x0221fcf5
.global data_ov222_0221fd18
.set data_ov222_0221fd18, 0x0221fd18
.global data_ov222_0221fd4a
.set data_ov222_0221fd4a, 0x0221fd4a
.global data_ov222_0221fded
.set data_ov222_0221fded, 0x0221fded
.global data_ov222_0221fe04
.set data_ov222_0221fe04, 0x0221fe04
.global data_ov222_0221fe2a
.set data_ov222_0221fe2a, 0x0221fe2a
.global data_ov222_0221fe9c
.set data_ov222_0221fe9c, 0x0221fe9c
.global data_ov222_0221ffc1
.set data_ov222_0221ffc1, 0x0221ffc1
.global data_ov222_0221ffd8
.set data_ov222_0221ffd8, 0x0221ffd8
.global data_ov222_0221fffe
.set data_ov222_0221fffe, 0x0221fffe
.global data_ov222_02220041
.set data_ov222_02220041, 0x02220041
.global data_ov222_02220101
.set data_ov222_02220101, 0x02220101
.global data_ov222_02220138
.set data_ov222_02220138, 0x02220138
.global data_ov222_022201ba
.set data_ov222_022201ba, 0x022201ba
.global data_ov222_022201f4
.set data_ov222_022201f4, 0x022201f4
.global data_ov222_022202f2
.set data_ov222_022202f2, 0x022202f2
.global data_ov222_02220314
.set data_ov222_02220314, 0x02220314
.global data_ov222_02220335
.set data_ov222_02220335, 0x02220335
.global data_ov222_0222043c
.set data_ov222_0222043c, 0x0222043c
.global data_ov222_022204e2
.set data_ov222_022204e2, 0x022204e2
.global data_ov222_0222052b
.set data_ov222_0222052b, 0x0222052b
.global data_ov222_02220535
.set data_ov222_02220535, 0x02220535
.global data_ov222_02220551
.set data_ov222_02220551, 0x02220551
.global data_ov222_022205a8
.set data_ov222_022205a8, 0x022205a8
.global data_ov222_0222062a
.set data_ov222_0222062a, 0x0222062a
.global data_ov222_02220664
.set data_ov222_02220664, 0x02220664
.global data_ov222_02220762
.set data_ov222_02220762, 0x02220762
.global data_ov222_02220784
.set data_ov222_02220784, 0x02220784
.global data_ov222_022207a5
.set data_ov222_022207a5, 0x022207a5
.global data_ov222_022207aa
.set data_ov222_022207aa, 0x022207aa
.global data_ov222_022207b8
.set data_ov222_022207b8, 0x022207b8
.global data_ov222_0222083a
.set data_ov222_0222083a, 0x0222083a
.global data_ov222_02220874
.set data_ov222_02220874, 0x02220874
.global data_ov222_02220972
.set data_ov222_02220972, 0x02220972
.global data_ov222_02220994
.set data_ov222_02220994, 0x02220994
.global data_ov222_022209b5
.set data_ov222_022209b5, 0x022209b5
.global data_ov222_022209ba
.set data_ov222_022209ba, 0x022209ba
.global data_ov222_022209c8
.set data_ov222_022209c8, 0x022209c8
.global data_ov222_02220a4a
.set data_ov222_02220a4a, 0x02220a4a
.global data_ov222_02220a84
.set data_ov222_02220a84, 0x02220a84
.global data_ov222_02220b82
.set data_ov222_02220b82, 0x02220b82
.global data_ov222_02220ba4
.set data_ov222_02220ba4, 0x02220ba4
.global data_ov222_02220bc5
.set data_ov222_02220bc5, 0x02220bc5
.global data_ov222_02220bca
.set data_ov222_02220bca, 0x02220bca
.global data_ov222_02220c19
.set data_ov222_02220c19, 0x02220c19
.global data_ov222_02220c79
.set data_ov222_02220c79, 0x02220c79
.global data_ov222_02220d34
.set data_ov222_02220d34, 0x02220d34
.global data_ov222_02220d45
.set data_ov222_02220d45, 0x02220d45
.global data_ov222_02220de1
.set data_ov222_02220de1, 0x02220de1
.global data_ov222_02220e29
.set data_ov222_02220e29, 0x02220e29
.global data_ov222_02220e89
.set data_ov222_02220e89, 0x02220e89
.global data_ov222_02220f44
.set data_ov222_02220f44, 0x02220f44
.global data_ov222_02220f55
.set data_ov222_02220f55, 0x02220f55
.global data_ov222_02220ff1
.set data_ov222_02220ff1, 0x02220ff1
.global data_ov222_02221039
.set data_ov222_02221039, 0x02221039
.global data_ov222_02221099
.set data_ov222_02221099, 0x02221099
.global data_ov222_02221154
.set data_ov222_02221154, 0x02221154
.global data_ov222_02221165
.set data_ov222_02221165, 0x02221165
.global data_ov222_02221201
.set data_ov222_02221201, 0x02221201
.global data_ov222_02221242
.set data_ov222_02221242, 0x02221242
.global data_ov222_0222124f
.set data_ov222_0222124f, 0x0222124f
.global data_ov222_02221271
.set data_ov222_02221271, 0x02221271
.global data_ov222_02221288
.set data_ov222_02221288, 0x02221288
.global data_ov222_022212ae
.set data_ov222_022212ae, 0x022212ae
.global data_ov222_02221309
.set data_ov222_02221309, 0x02221309
.global data_ov222_0222131d
.set data_ov222_0222131d, 0x0222131d
.global data_ov222_02221362
.set data_ov222_02221362, 0x02221362
.global data_ov222_022213a0
.set data_ov222_022213a0, 0x022213a0
.global data_ov222_022213a4
.set data_ov222_022213a4, 0x022213a4
    .section .data, 4, 1, 4
    .byte 0xff, 0xff, 0xff, 0xff, 0x00, 0x00, 0x00, 0x00, 0x00, 0x00, 0x00, 0x00, 0xff, 0xff, 0x00, 0x00
    .byte 0x00, 0x00, 0x00, 0x00, 0x03, 0x00, 0x00, 0x00, 0x9e, 0x22, 0x00, 0x00, 0x9f, 0x22, 0x00, 0x00
    .byte 0xa0, 0x22, 0x00, 0x00, 0x02, 0x00, 0x40, 0x10, 0x00, 0xe0, 0x00, 0x00, 0x00, 0x00, 0xd8, 0xff
    .byte 0xc0, 0xff, 0x28, 0x00, 0x10, 0x00, 0x80, 0x01, 0x5e, 0x02, 0x00, 0x00, 0x01, 0x00, 0x00, 0x00
    .byte 0xbb, 0xf7, 0x21, 0x02, 0x00, 0x00, 0x00, 0x00, 0x00, 0x00, 0x00, 0x00, 0x00, 0x00, 0x00, 0x00
    .byte 0xff, 0xff, 0x00, 0x00, 0x00, 0x00, 0x00, 0x00, 0x00, 0x00, 0x00, 0x00, 0xff, 0xff, 0xff, 0xff
    .byte 0xff, 0xff, 0xff, 0xff, 0x00, 0x00, 0x03, 0x00, 0xff, 0xff, 0xff, 0xff, 0x00, 0x00, 0x06, 0x00
    .byte 0xf4, 0xd8, 0x0c, 0x00, 0x00, 0x00, 0x00, 0x00, 0x03, 0x00, 0x00, 0x00, 0x98, 0x22, 0x00, 0x00
    .byte 0x99, 0x22, 0x00, 0x00, 0x9a, 0x22, 0x00, 0x00, 0x02, 0x00, 0x00, 0x00, 0x00, 0x00, 0x00, 0x00
    .byte 0x00, 0x00, 0xf0, 0xff, 0xcf, 0xff, 0x10, 0x00, 0x07, 0x00, 0x3b, 0x01, 0x92, 0x00, 0x00, 0x00
    .byte 0x09, 0x00, 0x00, 0x00, 0x04, 0xf2, 0x21, 0x02, 0x00, 0x00, 0x00, 0x00, 0x00, 0x00, 0x00, 0x00
    .byte 0x00, 0x00, 0x00, 0x00, 0xff, 0xff, 0x00, 0x00, 0x00, 0x00, 0x00, 0x00, 0x00, 0x00, 0x00, 0x00
    .byte 0xff, 0xff, 0xff, 0xff, 0xff, 0xff, 0xff, 0xff, 0x00, 0x00, 0x04, 0x00, 0xff, 0xff, 0xff, 0xff
    .byte 0x00, 0x00, 0x00, 0x00, 0xf4, 0xd8, 0x0c, 0x00, 0x00, 0x00, 0x00, 0x00, 0x03, 0x00, 0x00, 0x00
    .byte 0x98, 0x22, 0x00, 0x00, 0x99, 0x22, 0x00, 0x00, 0x9a, 0x22, 0x00, 0x00, 0x02, 0x00, 0x00, 0x00
    .byte 0x00, 0x00, 0x00, 0x00, 0x00, 0x00, 0xf0, 0xff, 0xcf, 0xff, 0x10, 0x00, 0x07, 0x00, 0x2b, 0x01
    .byte 0x92, 0x00, 0x00, 0x00, 0x09, 0x00, 0x00, 0x00, 0x04, 0xf2, 0x21, 0x02, 0x00, 0x00, 0x00, 0x00
    .byte 0x00, 0x00, 0x00, 0x00, 0x00, 0x00, 0x00, 0x00, 0xff, 0xff, 0x00, 0x00, 0x00, 0x00, 0x00, 0x00
    .byte 0x00, 0x00, 0x00, 0x00, 0xff, 0xff, 0xff, 0xff, 0xff, 0xff, 0xff, 0xff, 0x00, 0x00, 0x05, 0x00
    .byte 0xff, 0xff, 0xff, 0xff, 0x00, 0x00, 0x00, 0x00, 0xf4, 0xd8, 0x0c, 0x00, 0x00, 0x00, 0x00, 0x00
    .byte 0x03, 0x00, 0x00, 0x00, 0x98, 0x22, 0x00, 0x00, 0x99, 0x22, 0x00, 0x00, 0x9a, 0x22, 0x00, 0x00
    .byte 0x02, 0x00, 0x00, 0x00, 0x00, 0x00, 0x00, 0x00, 0x00, 0x00, 0xf0, 0xff, 0xcf, 0xff, 0x10, 0x00
    .byte 0x07, 0x00, 0x33, 0x01, 0xa2, 0x00, 0x00, 0x00, 0x09, 0x00, 0x00, 0x00, 0x2d, 0xf1, 0x21, 0x02
    .byte 0x00, 0x00, 0x00, 0x00, 0x00, 0x00, 0x00, 0x00, 0x00, 0x00, 0x00, 0x00, 0xff, 0xff, 0x00, 0x00
    .byte 0x00, 0x00, 0x00, 0x00, 0x00, 0x00, 0x00, 0x00, 0xff, 0xff, 0xff, 0xff, 0xff, 0xff, 0xff, 0xff
    .byte 0x00, 0x00, 0x06, 0x00, 0xff, 0xff, 0xff, 0xff, 0x00, 0x00, 0x00, 0x00, 0xf4, 0xd8, 0x0c, 0x00
    .byte 0x00, 0x00, 0x00, 0x00, 0x03, 0x00, 0x00, 0x00, 0xf5, 0x32, 0x00, 0x00, 0xf6, 0x32, 0x00, 0x00
    .byte 0xf7, 0x32, 0x00, 0x00, 0x02, 0x00, 0x00, 0x00, 0x00, 0x00, 0x00, 0x00, 0x00, 0x00, 0xf0, 0xff
    .byte 0xcf, 0xff, 0x10, 0x00, 0x07, 0x00, 0xde, 0x01, 0xb2, 0x00, 0x00, 0x00, 0x09, 0x00, 0x00, 0x00
    .byte 0xf5, 0xf2, 0x21, 0x02, 0x00, 0x00, 0x00, 0x00, 0x00, 0x00, 0x00, 0x00, 0x00, 0x00, 0x00, 0x00
    .byte 0xff, 0xff, 0x00, 0x00, 0x00, 0x00, 0x00, 0x00, 0x00, 0x00, 0x00, 0x00, 0xff, 0xff, 0xff, 0xff
    .byte 0xff, 0xff, 0xff, 0xff, 0x00, 0x00, 0x07, 0x00, 0xff, 0xff, 0xff, 0xff, 0x00, 0x00, 0x00, 0x00
    .byte 0xf4, 0xd8, 0x0c, 0x00, 0x00, 0x00, 0x00, 0x00, 0x03, 0x00, 0x00, 0x00, 0xf5, 0x32, 0x00, 0x00
    .byte 0xf6, 0x32, 0x00, 0x00, 0xf7, 0x32, 0x00, 0x00, 0x02, 0x00, 0x00, 0x00, 0x00, 0x00, 0x00, 0x00
    .byte 0x00, 0x00, 0xf0, 0xff, 0xcf, 0xff, 0x10, 0x00, 0x07, 0x00, 0xce, 0x01, 0xb0, 0x00, 0x00, 0x00
    .byte 0x09, 0x00, 0x00, 0x00, 0xf5, 0xf2, 0x21, 0x02, 0x00, 0x00, 0x00, 0x00, 0x00, 0x00, 0x00, 0x00
    .byte 0x00, 0x00, 0x00, 0x00, 0xff, 0xff, 0x00, 0x00, 0x00, 0x00, 0x00, 0x00, 0x00, 0x00, 0x00, 0x00
    .byte 0xff, 0xff, 0xff, 0xff, 0xff, 0xff, 0xff, 0xff, 0x00, 0x00, 0x08, 0x00, 0xff, 0xff, 0xff, 0xff
    .byte 0x00, 0x00, 0x00, 0x00, 0xf4, 0xd8, 0x0c, 0x00, 0x00, 0x00, 0x00, 0x00, 0x03, 0x00, 0x00, 0x00
    .byte 0xf5, 0x32, 0x00, 0x00, 0xf6, 0x32, 0x00, 0x00, 0xf7, 0x32, 0x00, 0x00, 0x02, 0x00, 0x00, 0x00
    .byte 0x00, 0x00, 0x00, 0x00, 0x00, 0x00, 0xf0, 0xff, 0xcf, 0xff, 0x10, 0x00, 0x07, 0x00, 0xbe, 0x01
    .byte 0xae, 0x00, 0x00, 0x00, 0x09, 0x00, 0x00, 0x00, 0xf5, 0xf2, 0x21, 0x02, 0x00, 0x00, 0x00, 0x00
    .byte 0x00, 0x00, 0x00, 0x00, 0x00, 0x00, 0x00, 0x00, 0xff, 0xff, 0x00, 0x00, 0x00, 0x00, 0x00, 0x00
    .byte 0x00, 0x00, 0x00, 0x00, 0xff, 0xff, 0xff, 0xff, 0xff, 0xff, 0xff, 0xff, 0x00, 0x00, 0x09, 0x00
    .byte 0xff, 0xff, 0xff, 0xff, 0x00, 0x00, 0x00, 0x00, 0xf4, 0xd8, 0x0c, 0x00, 0x00, 0x00, 0x00, 0x00
    .byte 0x03, 0x00, 0x00, 0x00, 0xc8, 0x32, 0x00, 0x00, 0xc9, 0x32, 0x00, 0x00, 0xca, 0x32, 0x00, 0x00
    .byte 0x02, 0x03, 0x00, 0x00, 0x00, 0x00, 0x00, 0x00, 0x00, 0x00, 0xf0, 0xff, 0xcf, 0xff, 0x10, 0x00
    .byte 0x07, 0x00, 0x40, 0x01, 0xc8, 0x01, 0x10, 0x00, 0x09, 0x00, 0x00, 0x00, 0x00, 0x00, 0x00, 0x00
    .byte 0x00, 0x00, 0x00, 0x00, 0x00, 0x00, 0x00, 0x00, 0x00, 0x00, 0x00, 0x00, 0xff, 0xff, 0x00, 0x00
    .byte 0x00, 0x00, 0x00, 0x00, 0x00, 0x00, 0x00, 0x00, 0xff, 0xff, 0xff, 0xff, 0xff, 0xff, 0xff, 0xff
    .byte 0x00, 0x00, 0xff, 0xff, 0xff, 0xff, 0xff, 0xff, 0x00, 0x00, 0x00, 0x00, 0xf4, 0xd8, 0x0c, 0x00
    .byte 0x00, 0x01, 0x00, 0x00, 0x03, 0x00, 0x00, 0x00, 0xc8, 0x32, 0x00, 0x00, 0xc9, 0x32, 0x00, 0x00
    .byte 0xca, 0x32, 0x00, 0x00, 0x02, 0x03, 0x00, 0x00, 0x00, 0x00, 0x00, 0x00, 0x00, 0x00, 0xf0, 0xff
    .byte 0xcf, 0xff, 0x10, 0x00, 0x07, 0x00, 0x80, 0x01, 0xc8, 0x01, 0x10, 0x00, 0x09, 0x00, 0x00, 0x00
    .byte 0x00, 0x00, 0x00, 0x00, 0x00, 0x00, 0x00, 0x00, 0x00, 0x00, 0x00, 0x00, 0x00, 0x00, 0x00, 0x00
    .byte 0xff, 0xff, 0x00, 0x00, 0x00, 0x00, 0x00, 0x00, 0x00, 0x00, 0x00, 0x00, 0xff, 0xff, 0xff, 0xff
    .byte 0xff, 0xff, 0xff, 0xff, 0x00, 0x00, 0xff, 0xff, 0xff, 0xff, 0xff, 0xff, 0x00, 0x00, 0x00, 0x00
    .byte 0xf4, 0xd8, 0x0c, 0x00, 0x00, 0x01, 0x00, 0x00, 0x03, 0x00, 0x00, 0x00, 0xc8, 0x32, 0x00, 0x00
    .byte 0xc9, 0x32, 0x00, 0x00, 0xca, 0x32, 0x00, 0x00, 0x02, 0x03, 0x00, 0x00, 0x00, 0x00, 0x00, 0x00
    .byte 0x00, 0x00, 0xf0, 0xff, 0xcf, 0xff, 0x10, 0x00, 0x07, 0x00, 0xc0, 0x01, 0xc8, 0x01, 0x10, 0x00
    .byte 0x09, 0x00, 0x00, 0x00, 0x00, 0x00, 0x00, 0x00, 0x00, 0x00, 0x00, 0x00, 0x00, 0x00, 0x00, 0x00
    .byte 0x00, 0x00, 0x00, 0x00, 0xff, 0xff, 0x00, 0x00, 0x00, 0x00, 0x00, 0x00, 0x00, 0x00, 0x00, 0x00
    .byte 0xff, 0xff, 0xff, 0xff, 0xff, 0xff, 0xff, 0xff, 0x00, 0x00, 0xff, 0xff, 0xff, 0xff, 0xff, 0xff
    .byte 0x00, 0x00, 0x00, 0x00, 0xf4, 0xd8, 0x0c, 0x00, 0x00, 0x01, 0x00, 0x00, 0x03, 0x00, 0x10, 0x00
    .byte 0xd1, 0x32, 0x00, 0x00, 0xd2, 0x32, 0x00, 0x00, 0xd3, 0x32, 0x00, 0x00, 0x02, 0x00, 0x26, 0x20
    .byte 0x00, 0x00, 0x00, 0x00, 0x00, 0x00, 0xf0, 0xff, 0xcf, 0xff, 0x10, 0x00, 0x07, 0x00, 0x31, 0x01
    .byte 0x32, 0x01, 0x00, 0x00, 0x09, 0x00, 0x00, 0x00, 0x00, 0x00, 0x00, 0x00, 0x00, 0x00, 0x00, 0x00
    .byte 0x00, 0x00, 0x00, 0x00, 0x00, 0x00, 0x00, 0x00, 0xff, 0xff, 0x00, 0x00, 0x00, 0x00, 0x00, 0x00
    .byte 0x00, 0x00, 0x00, 0x00, 0xff, 0xff, 0xff, 0xff, 0xff, 0xff, 0xff, 0xff, 0x01, 0x00, 0xff, 0xff
    .byte 0xff, 0xff, 0xff, 0xff, 0x00, 0x00, 0x00, 0x00, 0xf4, 0xd8, 0x0c, 0x00, 0x00, 0x00, 0x00, 0x00
    .byte 0x03, 0x00, 0x10, 0x00, 0xd1, 0x32, 0x00, 0x00, 0xd2, 0x32, 0x00, 0x00, 0xd3, 0x32, 0x00, 0x00
    .byte 0x02, 0x00, 0x26, 0x20, 0x00, 0x00, 0x00, 0x00, 0x00, 0x00, 0xf0, 0xff, 0xcf, 0xff, 0x10, 0x00
    .byte 0x07, 0x00, 0x31, 0x01, 0x32, 0x01, 0x00, 0x00, 0x09, 0x00, 0x00, 0x00, 0x00, 0x00, 0x00, 0x00
    .byte 0x00, 0x00, 0x00, 0x00, 0x00, 0x00, 0x00, 0x00, 0x00, 0x00, 0x00, 0x00, 0xff, 0xff, 0x00, 0x00
    .byte 0x00, 0x00, 0x00, 0x00, 0x00, 0x00, 0x00, 0x00, 0xff, 0xff, 0xff, 0xff, 0xff, 0xff, 0xff, 0xff
    .byte 0x01, 0x00, 0xff, 0xff, 0xff, 0xff, 0xff, 0xff, 0x00, 0x00, 0x00, 0x00, 0xf4, 0xd8, 0x0c, 0x00
    .byte 0x00, 0x00, 0x00, 0x00, 0x03, 0x00, 0x10, 0x00, 0xd1, 0x32, 0x00, 0x00, 0xd2, 0x32, 0x00, 0x00
    .byte 0xd3, 0x32, 0x00, 0x00, 0x02, 0x00, 0x26, 0x20, 0x00, 0x00, 0x00, 0x00, 0x00, 0x00, 0xf0, 0xff
    .byte 0xcf, 0xff, 0x10, 0x00, 0x07, 0x00, 0x31, 0x01, 0x32, 0x01, 0x00, 0x00, 0x09, 0x00, 0x00, 0x00
    .byte 0x00, 0x00, 0x00, 0x00, 0x00, 0x00, 0x00, 0x00, 0x00, 0x00, 0x00, 0x00, 0x00, 0x00, 0x00, 0x00
    .byte 0xff, 0xff, 0x00, 0x00, 0x00, 0x00, 0x00, 0x00, 0x00, 0x00, 0x00, 0x00, 0xff, 0xff, 0xff, 0xff
    .byte 0xff, 0xff, 0xff, 0xff, 0x01, 0x00, 0xff, 0xff, 0xff, 0xff, 0xff, 0xff, 0x00, 0x00, 0x00, 0x00
    .byte 0xf4, 0xd8, 0x0c, 0x00, 0x00, 0x00, 0x00, 0x00, 0x03, 0x00, 0x10, 0x00, 0xd1, 0x32, 0x00, 0x00
    .byte 0xd2, 0x32, 0x00, 0x00, 0xd3, 0x32, 0x00, 0x00, 0x02, 0x00, 0x26, 0x20, 0x00, 0x00, 0x00, 0x00
    .byte 0x00, 0x00, 0xf0, 0xff, 0xcf, 0xff, 0x10, 0x00, 0x07, 0x00, 0x31, 0x01, 0x32, 0x01, 0x00, 0x00
    .byte 0x09, 0x00, 0x00, 0x00, 0x00, 0x00, 0x00, 0x00, 0x00, 0x00, 0x00, 0x00, 0x00, 0x00, 0x00, 0x00
    .byte 0x00, 0x00, 0x00, 0x00, 0xff, 0xff, 0x00, 0x00, 0x00, 0x00, 0x00, 0x00, 0x00, 0x00, 0x00, 0x00
    .byte 0xff, 0xff, 0xff, 0xff, 0xff, 0xff, 0xff, 0xff, 0x01, 0x00, 0xff, 0xff, 0xff, 0xff, 0xff, 0xff
    .byte 0x00, 0x00, 0x00, 0x00, 0xf4, 0xd8, 0x0c, 0x00, 0x00, 0x00, 0x00, 0x00, 0x03, 0x00, 0x10, 0x00
    .byte 0xd1, 0x32, 0x00, 0x00, 0xd2, 0x32, 0x00, 0x00, 0xd3, 0x32, 0x00, 0x00, 0x02, 0x00, 0x26, 0x20
    .byte 0x00, 0x00, 0x00, 0x00, 0x00, 0x00, 0xf0, 0xff, 0xcf, 0xff, 0x10, 0x00, 0x07, 0x00, 0x31, 0x01
    .byte 0x32, 0x01, 0x00, 0x00, 0x09, 0x00, 0x00, 0x00, 0x00, 0x00, 0x00, 0x00, 0x00, 0x00, 0x00, 0x00
    .byte 0x00, 0x00, 0x00, 0x00, 0x00, 0x00, 0x00, 0x00, 0xff, 0xff, 0x00, 0x00, 0x00, 0x00, 0x00, 0x00
    .byte 0x00, 0x00, 0x00, 0x00, 0xff, 0xff, 0xff, 0xff, 0xff, 0xff, 0xff, 0xff, 0x01, 0x00, 0xff, 0xff
    .byte 0xff, 0xff, 0xff, 0xff, 0x00, 0x00, 0x00, 0x00, 0xf4, 0xd8, 0x0c, 0x00, 0x00, 0x00, 0x00, 0x00
    .byte 0x03, 0x00, 0x10, 0x00, 0xef, 0x32, 0x00, 0x00, 0xf0, 0x32, 0x00, 0x00, 0xf1, 0x32, 0x00, 0x00
    .byte 0x02, 0x00, 0x26, 0x20, 0x00, 0x00, 0x00, 0x00, 0x00, 0x00, 0xf0, 0xff, 0xcf, 0xff, 0x10, 0x00
    .byte 0x07, 0x00, 0x31, 0x01, 0x32, 0x01, 0x00, 0x00, 0x09, 0x00, 0x00, 0x00, 0x00, 0x00, 0x00, 0x00
    .byte 0x00, 0x00, 0x00, 0x00, 0x00, 0x00, 0x00, 0x00, 0x00, 0x00, 0x00, 0x00, 0xff, 0xff, 0x00, 0x00
    .byte 0x00, 0x00, 0x00, 0x00, 0x00, 0x00, 0x00, 0x00, 0xff, 0xff, 0xff, 0xff, 0xff, 0xff, 0xff, 0xff
    .byte 0x01, 0x00, 0xff, 0xff, 0xff, 0xff, 0xff, 0xff, 0x00, 0x00, 0x00, 0x00, 0xf4, 0xd8, 0x0c, 0x00
    .byte 0x00, 0x00, 0x00, 0x00, 0x03, 0x00, 0x10, 0x00, 0xf8, 0x32, 0x00, 0x00, 0xe2, 0x32, 0x00, 0x00
    .byte 0xf9, 0x32, 0x00, 0x00, 0x02, 0x00, 0x26, 0x20, 0x00, 0x00, 0x00, 0x00, 0x00, 0x00, 0xf0, 0xff
    .byte 0xcf, 0xff, 0x10, 0x00, 0x07, 0x00, 0x31, 0x01, 0x32, 0x01, 0x00, 0x00, 0x09, 0x00, 0x00, 0x00
    .byte 0x00, 0x00, 0x00, 0x00, 0x00, 0x00, 0x00, 0x00, 0x00, 0x00, 0x00, 0x00, 0x00, 0x00, 0x00, 0x00
    .byte 0xff, 0xff, 0x00, 0x00, 0x00, 0x00, 0x00, 0x00, 0x00, 0x00, 0x00, 0x00, 0xff, 0xff, 0xff, 0xff
    .byte 0xff, 0xff, 0xff, 0xff, 0x01, 0x00, 0xff, 0xff, 0xff, 0xff, 0xff, 0xff, 0x00, 0x00, 0x00, 0x00
    .byte 0xf4, 0xd8, 0x0c, 0x00, 0x00, 0x00, 0x00, 0x00, 0x03, 0x00, 0x10, 0x00, 0xb1, 0x14, 0x00, 0x00
    .byte 0xb2, 0x14, 0x00, 0x00, 0xb3, 0x14, 0x00, 0x00, 0x02, 0x00, 0x1c, 0x04, 0x00, 0x00, 0x00, 0x00
    .byte 0x00, 0x00, 0xf0, 0xff, 0xcf, 0xff, 0x10, 0x00, 0x07, 0x00, 0x33, 0x01, 0xca, 0x00, 0x10, 0x00
    .byte 0x09, 0x00, 0x00, 0x00, 0xfa, 0xf1, 0x21, 0x02, 0x00, 0x00, 0x00, 0x00, 0x00, 0x00, 0x00, 0x00
    .byte 0x00, 0x00, 0x00, 0x00, 0xff, 0xff, 0x00, 0x00, 0x00, 0x00, 0x00, 0x00, 0x00, 0x00, 0x00, 0x00
    .byte 0xff, 0xff, 0xff, 0xff, 0xff, 0xff, 0xff, 0xff, 0x00, 0x00, 0x14, 0x00, 0xff, 0xff, 0xff, 0xff
    .byte 0x00, 0x00, 0x00, 0x00, 0xf4, 0xd8, 0x0c, 0x00, 0x00, 0x00, 0x00, 0x00, 0x03, 0x00, 0x00, 0x00
    .byte 0xb1, 0x14, 0x00, 0x00, 0xb2, 0x14, 0x00, 0x00, 0xb3, 0x14, 0x00, 0x00, 0x02, 0x00, 0x10, 0x08
    .byte 0x00, 0x00, 0x00, 0x00, 0x00, 0x00, 0xf0, 0xff, 0xcf, 0xff, 0x10, 0x00, 0x07, 0x00, 0xe0, 0x01
    .byte 0x17, 0x02, 0x00, 0x00, 0x08, 0x00, 0x00, 0x00, 0x93, 0xf8, 0x21, 0x02, 0x00, 0x00, 0x00, 0x00
    .byte 0x00, 0x00, 0x00, 0x00, 0x00, 0x00, 0x00, 0x00, 0xff, 0xff, 0x00, 0x00, 0x00, 0x00, 0x00, 0x00
    .byte 0x00, 0x00, 0x00, 0x00, 0xff, 0xff, 0xff, 0xff, 0xff, 0xff, 0xff, 0xff, 0x00, 0x00, 0x15, 0x00
    .byte 0xff, 0xff, 0xff, 0xff, 0x00, 0x00, 0x00, 0x00, 0xf4, 0xd8, 0x0c, 0x00, 0x00, 0x00, 0x00, 0x00
    .byte 0x03, 0x00, 0x00, 0x00, 0x95, 0x22, 0x00, 0x00, 0x96, 0x22, 0x00, 0x00, 0x97, 0x22, 0x00, 0x00
    .byte 0x01, 0x00, 0x00, 0x00, 0x00, 0x00, 0x00, 0x00, 0x00, 0x00, 0xf0, 0xff, 0xcf, 0xff, 0x10, 0x00
    .byte 0x07, 0x00, 0x18, 0x01, 0xd8, 0x00, 0x00, 0x00, 0x09, 0x00, 0x00, 0x00, 0xc9, 0xf3, 0x21, 0x02
    .byte 0x00, 0x00, 0x00, 0x00, 0x00, 0x00, 0x00, 0x00, 0x00, 0x00, 0x00, 0x00, 0xff, 0xff, 0x00, 0x00
    .byte 0x00, 0x00, 0x00, 0x00, 0x00, 0x00, 0x00, 0x00, 0xff, 0xff, 0xff, 0xff, 0xff, 0xff, 0xff, 0xff
    .byte 0x00, 0x00, 0x16, 0x00, 0xff, 0xff, 0xff, 0xff, 0x00, 0x00, 0x00, 0x00, 0xf4, 0xd8, 0x0c, 0x00
    .byte 0x00, 0x00, 0x00, 0x00, 0x03, 0x00, 0x00, 0x00, 0x95, 0x22, 0x00, 0x00, 0x96, 0x22, 0x00, 0x00
    .byte 0x97, 0x22, 0x00, 0x00, 0x01, 0x00, 0x00, 0x00, 0x00, 0x00, 0x00, 0x00, 0x00, 0x00, 0xf0, 0xff
    .byte 0xcf, 0xff, 0x10, 0x00, 0x07, 0x00, 0x18, 0x01, 0xf8, 0x00, 0x00, 0x00, 0x09, 0x00, 0x00, 0x00
    .byte 0xc9, 0xf3, 0x21, 0x02, 0x00, 0x00, 0x00, 0x00, 0x00, 0x00, 0x00, 0x00, 0x00, 0x00, 0x00, 0x00
    .byte 0xff, 0xff, 0x00, 0x00, 0x00, 0x00, 0x00, 0x00, 0x00, 0x00, 0x00, 0x00, 0xff, 0xff, 0xff, 0xff
    .byte 0xff, 0xff, 0xff, 0xff, 0x00, 0x00, 0x17, 0x00, 0xff, 0xff, 0xff, 0xff, 0x00, 0x00, 0x00, 0x00
    .byte 0xf4, 0xd8, 0x0c, 0x00, 0x00, 0x00, 0x00, 0x00, 0x03, 0x00, 0x00, 0x00, 0x95, 0x22, 0x00, 0x00
    .byte 0x96, 0x22, 0x00, 0x00, 0x97, 0x22, 0x00, 0x00, 0x01, 0x00, 0x00, 0x00, 0x00, 0x00, 0x00, 0x00
    .byte 0x00, 0x00, 0xf0, 0xff, 0xcf, 0xff, 0x10, 0x00, 0x07, 0x00, 0x18, 0x01, 0x18, 0x01, 0x00, 0x00
    .byte 0x09, 0x00, 0x00, 0x00, 0xc9, 0xf3, 0x21, 0x02, 0x00, 0x00, 0x00, 0x00, 0x00, 0x00, 0x00, 0x00
    .byte 0x00, 0x00, 0x00, 0x00, 0xff, 0xff, 0x00, 0x00, 0x00, 0x00, 0x00, 0x00, 0x00, 0x00, 0x00, 0x00
    .byte 0xff, 0xff, 0xff, 0xff, 0xff, 0xff, 0xff, 0xff, 0x00, 0x00, 0x18, 0x00, 0xff, 0xff, 0xff, 0xff
    .byte 0x00, 0x00, 0x00, 0x00, 0xf4, 0xd8, 0x0c, 0x00, 0x00, 0x00, 0x00, 0x00, 0x03, 0x00, 0x00, 0x00
    .byte 0x95, 0x22, 0x00, 0x00, 0x96, 0x22, 0x00, 0x00, 0x97, 0x22, 0x00, 0x00, 0x01, 0x00, 0x00, 0x00
    .byte 0x00, 0x00, 0x00, 0x00, 0x00, 0x00, 0xf0, 0xff, 0xcf, 0xff, 0x10, 0x00, 0x07, 0x00, 0x18, 0x01
    .byte 0x38, 0x01, 0x00, 0x00, 0x09, 0x00, 0x00, 0x00, 0xc9, 0xf3, 0x21, 0x02, 0x00, 0x00, 0x00, 0x00
    .byte 0x00, 0x00, 0x00, 0x00, 0x00, 0x00, 0x00, 0x00, 0xff, 0xff, 0x00, 0x00, 0x00, 0x00, 0x00, 0x00
    .byte 0x00, 0x00, 0x00, 0x00, 0xff, 0xff, 0xff, 0xff, 0xff, 0xff, 0xff, 0xff, 0x00, 0x00, 0x19, 0x00
    .byte 0xff, 0xff, 0xff, 0xff, 0x00, 0x00, 0x00, 0x00, 0xf4, 0xd8, 0x0c, 0x00, 0x00, 0x00, 0x00, 0x00
    .byte 0x03, 0x00, 0x00, 0x00, 0x95, 0x22, 0x00, 0x00, 0x96, 0x22, 0x00, 0x00, 0x97, 0x22, 0x00, 0x00
    .byte 0x01, 0x00, 0x00, 0x00, 0x00, 0x00, 0x00, 0x00, 0x00, 0x00, 0xf0, 0xff, 0xcf, 0xff, 0x10, 0x00
    .byte 0x07, 0x00, 0x18, 0x01, 0x98, 0x01, 0x00, 0x00, 0x09, 0x00, 0x00, 0x00, 0xc9, 0xf3, 0x21, 0x02
    .byte 0x00, 0x00, 0x00, 0x00, 0x00, 0x00, 0x00, 0x00, 0x00, 0x00, 0x00, 0x00, 0xff, 0xff, 0x00, 0x00
    .byte 0x00, 0x00, 0x00, 0x00, 0x00, 0x00, 0x00, 0x00, 0xff, 0xff, 0xff, 0xff, 0xff, 0xff, 0xff, 0xff
    .byte 0x00, 0x00, 0x1a, 0x00, 0xff, 0xff, 0xff, 0xff, 0x00, 0x00, 0x00, 0x00, 0xf4, 0xd8, 0x0c, 0x00
    .byte 0x00, 0x00, 0x00, 0x00, 0x03, 0x00, 0x00, 0x00, 0x95, 0x22, 0x00, 0x00, 0x96, 0x22, 0x00, 0x00
    .byte 0x97, 0x22, 0x00, 0x00, 0x01, 0x00, 0x00, 0x00, 0x00, 0x00, 0x00, 0x00, 0x00, 0x00, 0xf0, 0xff
    .byte 0xcf, 0xff, 0x10, 0x00, 0x07, 0x00, 0x18, 0x01, 0xb4, 0x01, 0x00, 0x00, 0x09, 0x00, 0x00, 0x00
    .byte 0xc9, 0xf3, 0x21, 0x02, 0x00, 0x00, 0x00, 0x00, 0x00, 0x00, 0x00, 0x00, 0x00, 0x00, 0x00, 0x00
    .byte 0xff, 0xff, 0x00, 0x00, 0x00, 0x00, 0x00, 0x00, 0x00, 0x00, 0x00, 0x00, 0xff, 0xff, 0xff, 0xff
    .byte 0xff, 0xff, 0xff, 0xff, 0x00, 0x00, 0x1b, 0x00, 0xff, 0xff, 0xff, 0xff, 0x00, 0x00, 0x00, 0x00
    .byte 0xf4, 0xd8, 0x0c, 0x00, 0x00, 0x00, 0x00, 0x00, 0x03, 0x00, 0x00, 0x00, 0x95, 0x22, 0x00, 0x00
    .byte 0x96, 0x22, 0x00, 0x00, 0x97, 0x22, 0x00, 0x00, 0x01, 0x00, 0x00, 0x00, 0x00, 0x00, 0x00, 0x00
    .byte 0x00, 0x00, 0xf0, 0xff, 0xcf, 0xff, 0x10, 0x00, 0x07, 0x00, 0x18, 0x01, 0xd0, 0x01, 0x00, 0x00
    .byte 0x09, 0x00, 0x00, 0x00, 0xc9, 0xf3, 0x21, 0x02, 0x00, 0x00, 0x00, 0x00, 0x00, 0x00, 0x00, 0x00
    .byte 0x00, 0x00, 0x00, 0x00, 0xff, 0xff, 0x00, 0x00, 0x00, 0x00, 0x00, 0x00, 0x00, 0x00, 0x00, 0x00
    .byte 0xff, 0xff, 0xff, 0xff, 0xff, 0xff, 0xff, 0xff, 0x00, 0x00, 0x1c, 0x00, 0xff, 0xff, 0xff, 0xff
    .byte 0x00, 0x00, 0x00, 0x00, 0xf4, 0xd8, 0x0c, 0x00, 0x00, 0x00, 0x00, 0x00, 0x03, 0x00, 0x00, 0x00
    .byte 0x95, 0x22, 0x00, 0x00, 0x96, 0x22, 0x00, 0x00, 0x97, 0x22, 0x00, 0x00, 0x01, 0x00, 0x00, 0x00
    .byte 0x00, 0x00, 0x00, 0x00, 0x00, 0x00, 0xf0, 0xff, 0xcf, 0xff, 0x10, 0x00, 0x07, 0x00, 0x53, 0x01
    .byte 0x98, 0x00, 0x00, 0x00, 0x09, 0x00, 0x00, 0x00, 0xc9, 0xf3, 0x21, 0x02, 0x00, 0x00, 0x00, 0x00
    .byte 0x00, 0x00, 0x00, 0x00, 0x00, 0x00, 0x00, 0x00, 0xff, 0xff, 0x00, 0x00, 0x00, 0x00, 0x00, 0x00
    .byte 0x00, 0x00, 0x00, 0x00, 0xff, 0xff, 0xff, 0xff, 0xff, 0xff, 0xff, 0xff, 0x00, 0x00, 0x1d, 0x00
    .byte 0xff, 0xff, 0xff, 0xff, 0x00, 0x00, 0x00, 0x00, 0xf4, 0xd8, 0x0c, 0x00, 0x00, 0x00, 0x00, 0x00
    .byte 0x03, 0x00, 0x00, 0x00, 0x95, 0x22, 0x00, 0x00, 0x96, 0x22, 0x00, 0x00, 0x97, 0x22, 0x00, 0x00
    .byte 0x01, 0x00, 0x00, 0x00, 0x00, 0x00, 0x00, 0x00, 0x00, 0x00, 0xf0, 0xff, 0xcf, 0xff, 0x10, 0x00
    .byte 0x07, 0x00, 0x68, 0x01, 0x8e, 0x00, 0x00, 0x00, 0x09, 0x00, 0x00, 0x00, 0xc9, 0xf3, 0x21, 0x02
    .byte 0x00, 0x00, 0x00, 0x00, 0x00, 0x00, 0x00, 0x00, 0x00, 0x00, 0x00, 0x00, 0xff, 0xff, 0x00, 0x00
    .byte 0x00, 0x00, 0x00, 0x00, 0x00, 0x00, 0x00, 0x00, 0xff, 0xff, 0xff, 0xff, 0xff, 0xff, 0xff, 0xff
    .byte 0x00, 0x00, 0x1e, 0x00, 0xff, 0xff, 0xff, 0xff, 0x00, 0x00, 0x00, 0x00, 0xf4, 0xd8, 0x0c, 0x00
    .byte 0x00, 0x00, 0x00, 0x00, 0x03, 0x00, 0x00, 0x00, 0x95, 0x22, 0x00, 0x00, 0x96, 0x22, 0x00, 0x00
    .byte 0x97, 0x22, 0x00, 0x00, 0x01, 0x00, 0x00, 0x00, 0x00, 0x00, 0x00, 0x00, 0x00, 0x00, 0xf0, 0xff
    .byte 0xcf, 0xff, 0x10, 0x00, 0x07, 0x00, 0x80, 0x01, 0x88, 0x00, 0x00, 0x00, 0x09, 0x00, 0x00, 0x00
    .byte 0xc9, 0xf3, 0x21, 0x02, 0x00, 0x00, 0x00, 0x00, 0x00, 0x00, 0x00, 0x00, 0x00, 0x00, 0x00, 0x00
    .byte 0xff, 0xff, 0x00, 0x00, 0x00, 0x00, 0x00, 0x00, 0x00, 0x00, 0x00, 0x00, 0xff, 0xff, 0xff, 0xff
    .byte 0xff, 0xff, 0xff, 0xff, 0x00, 0x00, 0x1f, 0x00, 0xff, 0xff, 0xff, 0xff, 0x00, 0x00, 0x00, 0x00
    .byte 0xf4, 0xd8, 0x0c, 0x00, 0x00, 0x00, 0x00, 0x00, 0x03, 0x00, 0x00, 0x00, 0x95, 0x22, 0x00, 0x00
    .byte 0x96, 0x22, 0x00, 0x00, 0x97, 0x22, 0x00, 0x00, 0x01, 0x00, 0x00, 0x00, 0x00, 0x00, 0x00, 0x00
    .byte 0x00, 0x00, 0xf0, 0xff, 0xcf, 0xff, 0x10, 0x00, 0x07, 0x00, 0x98, 0x01, 0x8e, 0x00, 0x00, 0x00
    .byte 0x09, 0x00, 0x00, 0x00, 0xc9, 0xf3, 0x21, 0x02, 0x00, 0x00, 0x00, 0x00, 0x00, 0x00, 0x00, 0x00
    .byte 0x00, 0x00, 0x00, 0x00, 0xff, 0xff, 0x00, 0x00, 0x00, 0x00, 0x00, 0x00, 0x00, 0x00, 0x00, 0x00
    .byte 0xff, 0xff, 0xff, 0xff, 0xff, 0xff, 0xff, 0xff, 0x00, 0x00, 0x20, 0x00, 0xff, 0xff, 0xff, 0xff
    .byte 0x00, 0x00, 0x00, 0x00, 0xf4, 0xd8, 0x0c, 0x00, 0x00, 0x00, 0x00, 0x00, 0x03, 0x00, 0x00, 0x00
    .byte 0x95, 0x22, 0x00, 0x00, 0x96, 0x22, 0x00, 0x00, 0x97, 0x22, 0x00, 0x00, 0x01, 0x00, 0x00, 0x00
    .byte 0x00, 0x00, 0x00, 0x00, 0x00, 0x00, 0xf0, 0xff, 0xcf, 0xff, 0x10, 0x00, 0x07, 0x00, 0xad, 0x01
    .byte 0x98, 0x00, 0x00, 0x00, 0x09, 0x00, 0x00, 0x00, 0xc9, 0xf3, 0x21, 0x02, 0x00, 0x00, 0x00, 0x00
    .byte 0x00, 0x00, 0x00, 0x00, 0x00, 0x00, 0x00, 0x00, 0xff, 0xff, 0x00, 0x00, 0x00, 0x00, 0x00, 0x00
    .byte 0x00, 0x00, 0x00, 0x00, 0xff, 0xff, 0xff, 0xff, 0xff, 0xff, 0xff, 0xff, 0x00, 0x00, 0x21, 0x00
    .byte 0xff, 0xff, 0xff, 0xff, 0x00, 0x00, 0x00, 0x00, 0xf4, 0xd8, 0x0c, 0x00, 0x00, 0x00, 0x00, 0x00
    .byte 0x03, 0x00, 0x00, 0x00, 0x95, 0x22, 0x00, 0x00, 0x96, 0x22, 0x00, 0x00, 0x97, 0x22, 0x00, 0x00
    .byte 0x01, 0x00, 0x00, 0x00, 0x00, 0x00, 0x00, 0x00, 0x00, 0x00, 0xf0, 0xff, 0xcf, 0xff, 0x10, 0x00
    .byte 0x07, 0x00, 0xe8, 0x01, 0xd8, 0x00, 0x00, 0x00, 0x09, 0x00, 0x00, 0x00, 0xc9, 0xf3, 0x21, 0x02
    .byte 0x00, 0x00, 0x00, 0x00, 0x00, 0x00, 0x00, 0x00, 0x00, 0x00, 0x00, 0x00, 0xff, 0xff, 0x00, 0x00
    .byte 0x00, 0x00, 0x00, 0x00, 0x00, 0x00, 0x00, 0x00, 0xff, 0xff, 0xff, 0xff, 0xff, 0xff, 0xff, 0xff
    .byte 0x00, 0x00, 0x22, 0x00, 0xff, 0xff, 0xff, 0xff, 0x00, 0x00, 0x00, 0x00, 0xf4, 0xd8, 0x0c, 0x00
    .byte 0x00, 0x00, 0x00, 0x00, 0x03, 0x00, 0x00, 0x00, 0x95, 0x22, 0x00, 0x00, 0x96, 0x22, 0x00, 0x00
    .byte 0x97, 0x22, 0x00, 0x00, 0x01, 0x00, 0x00, 0x00, 0x00, 0x00, 0x00, 0x00, 0x00, 0x00, 0xf0, 0xff
    .byte 0xcf, 0xff, 0x10, 0x00, 0x07, 0x00, 0xe8, 0x01, 0xf8, 0x00, 0x00, 0x00, 0x09, 0x00, 0x00, 0x00
    .byte 0xc9, 0xf3, 0x21, 0x02, 0x00, 0x00, 0x00, 0x00, 0x00, 0x00, 0x00, 0x00, 0x00, 0x00, 0x00, 0x00
    .byte 0xff, 0xff, 0x00, 0x00, 0x00, 0x00, 0x00, 0x00, 0x00, 0x00, 0x00, 0x00, 0xff, 0xff, 0xff, 0xff
    .byte 0xff, 0xff, 0xff, 0xff, 0x00, 0x00, 0x23, 0x00, 0xff, 0xff, 0xff, 0xff, 0x00, 0x00, 0x00, 0x00
    .byte 0xf4, 0xd8, 0x0c, 0x00, 0x00, 0x00, 0x00, 0x00, 0x03, 0x00, 0x00, 0x00, 0x95, 0x22, 0x00, 0x00
    .byte 0x96, 0x22, 0x00, 0x00, 0x97, 0x22, 0x00, 0x00, 0x01, 0x00, 0x00, 0x00, 0x00, 0x00, 0x00, 0x00
    .byte 0x00, 0x00, 0xf0, 0xff, 0xcf, 0xff, 0x10, 0x00, 0x07, 0x00, 0xe8, 0x01, 0x18, 0x01, 0x00, 0x00
    .byte 0x09, 0x00, 0x00, 0x00, 0xc9, 0xf3, 0x21, 0x02, 0x00, 0x00, 0x00, 0x00, 0x00, 0x00, 0x00, 0x00
    .byte 0x00, 0x00, 0x00, 0x00, 0xff, 0xff, 0x00, 0x00, 0x00, 0x00, 0x00, 0x00, 0x00, 0x00, 0x00, 0x00
    .byte 0xff, 0xff, 0xff, 0xff, 0xff, 0xff, 0xff, 0xff, 0x00, 0x00, 0x24, 0x00, 0xff, 0xff, 0xff, 0xff
    .byte 0x00, 0x00, 0x00, 0x00, 0xf4, 0xd8, 0x0c, 0x00, 0x00, 0x00, 0x00, 0x00, 0x03, 0x00, 0x00, 0x00
    .byte 0x95, 0x22, 0x00, 0x00, 0x96, 0x22, 0x00, 0x00, 0x97, 0x22, 0x00, 0x00, 0x01, 0x00, 0x00, 0x00
    .byte 0x00, 0x00, 0x00, 0x00, 0x00, 0x00, 0xf0, 0xff, 0xcf, 0xff, 0x10, 0x00, 0x07, 0x00, 0xe8, 0x01
    .byte 0x38, 0x01, 0x00, 0x00, 0x09, 0x00, 0x00, 0x00, 0xc9, 0xf3, 0x21, 0x02, 0x00, 0x00, 0x00, 0x00
    .byte 0x00, 0x00, 0x00, 0x00, 0x00, 0x00, 0x00, 0x00, 0xff, 0xff, 0x00, 0x00, 0x00, 0x00, 0x00, 0x00
    .byte 0x00, 0x00, 0x00, 0x00, 0xff, 0xff, 0xff, 0xff, 0xff, 0xff, 0xff, 0xff, 0x00, 0x00, 0x25, 0x00
    .byte 0xff, 0xff, 0xff, 0xff, 0x00, 0x00, 0x00, 0x00, 0xf4, 0xd8, 0x0c, 0x00, 0x00, 0x00, 0x00, 0x00
    .byte 0x03, 0x00, 0x00, 0x00, 0x95, 0x22, 0x00, 0x00, 0x96, 0x22, 0x00, 0x00, 0x97, 0x22, 0x00, 0x00
    .byte 0x01, 0x00, 0x00, 0x00, 0x00, 0x00, 0x00, 0x00, 0x00, 0x00, 0xf0, 0xff, 0xcf, 0xff, 0x10, 0x00
    .byte 0x07, 0x00, 0xe8, 0x01, 0x98, 0x01, 0x00, 0x00, 0x09, 0x00, 0x00, 0x00, 0xc9, 0xf3, 0x21, 0x02
    .byte 0x00, 0x00, 0x00, 0x00, 0x00, 0x00, 0x00, 0x00, 0x00, 0x00, 0x00, 0x00, 0xff, 0xff, 0x00, 0x00
    .byte 0x00, 0x00, 0x00, 0x00, 0x00, 0x00, 0x00, 0x00, 0xff, 0xff, 0xff, 0xff, 0xff, 0xff, 0xff, 0xff
    .byte 0x00, 0x00, 0x26, 0x00, 0xff, 0xff, 0xff, 0xff, 0x00, 0x00, 0x00, 0x00, 0xf4, 0xd8, 0x0c, 0x00
    .byte 0x00, 0x00, 0x00, 0x00, 0x03, 0x00, 0x00, 0x00, 0x95, 0x22, 0x00, 0x00, 0x96, 0x22, 0x00, 0x00
    .byte 0x97, 0x22, 0x00, 0x00, 0x01, 0x00, 0x00, 0x00, 0x00, 0x00, 0x00, 0x00, 0x00, 0x00, 0xf0, 0xff
    .byte 0xcf, 0xff, 0x10, 0x00, 0x07, 0x00, 0xe8, 0x01, 0xb4, 0x01, 0x00, 0x00, 0x09, 0x00, 0x00, 0x00
    .byte 0xc9, 0xf3, 0x21, 0x02, 0x00, 0x00, 0x00, 0x00, 0x00, 0x00, 0x00, 0x00, 0x00, 0x00, 0x00, 0x00
    .byte 0xff, 0xff, 0x00, 0x00, 0x00, 0x00, 0x00, 0x00, 0x00, 0x00, 0x00, 0x00, 0xff, 0xff, 0xff, 0xff
    .byte 0xff, 0xff, 0xff, 0xff, 0x00, 0x00, 0x27, 0x00, 0xff, 0xff, 0xff, 0xff, 0x00, 0x00, 0x00, 0x00
    .byte 0xf4, 0xd8, 0x0c, 0x00, 0x00, 0x00, 0x00, 0x00, 0x03, 0x00, 0x00, 0x00, 0x95, 0x22, 0x00, 0x00
    .byte 0x96, 0x22, 0x00, 0x00, 0x97, 0x22, 0x00, 0x00, 0x01, 0x00, 0x00, 0x00, 0x00, 0x00, 0x00, 0x00
    .byte 0x00, 0x00, 0xf0, 0xff, 0xcf, 0xff, 0x10, 0x00, 0x07, 0x00, 0xe8, 0x01, 0xd0, 0x01, 0x00, 0x00
    .byte 0x09, 0x00, 0x00, 0x00, 0xc9, 0xf3, 0x21, 0x02, 0x00, 0x00, 0x00, 0x00, 0x00, 0x00, 0x00, 0x00
    .byte 0x00, 0x00, 0x00, 0x00, 0xff, 0xff, 0x00, 0x00, 0x00, 0x00, 0x00, 0x00, 0x00, 0x00, 0x00, 0x00
    .byte 0xff, 0xff, 0xff, 0xff, 0xff, 0xff, 0xff, 0xff, 0x00, 0x00, 0x28, 0x00, 0xff, 0xff, 0xff, 0xff
    .byte 0x00, 0x00, 0x00, 0x00, 0xf4, 0xd8, 0x0c, 0x00, 0x00, 0x00, 0x00, 0x00, 0x03, 0x00, 0x00, 0x00
    .byte 0x95, 0x22, 0x00, 0x00, 0x96, 0x22, 0x00, 0x00, 0x97, 0x22, 0x00, 0x00, 0x01, 0x00, 0x00, 0x00
    .byte 0x00, 0x00, 0x00, 0x00, 0x00, 0x00, 0xf0, 0xff, 0xcf, 0xff, 0x10, 0x00, 0x07, 0x00, 0x18, 0x01
    .byte 0x58, 0x01, 0x00, 0x00, 0x09, 0x00, 0x00, 0x00, 0x00, 0x00, 0x00, 0x00, 0x00, 0x00, 0x00, 0x00
    .byte 0x00, 0x00, 0x00, 0x00, 0x00, 0x00, 0x00, 0x00, 0xff, 0xff, 0x00, 0x00, 0x00, 0x00, 0x00, 0x00
    .byte 0x00, 0x00, 0x00, 0x00, 0xff, 0xff, 0xff, 0xff, 0xff, 0xff, 0xff, 0xff, 0x00, 0x00, 0xff, 0xff
    .byte 0xff, 0xff, 0xff, 0xff, 0x00, 0x00, 0x00, 0x00, 0xf4, 0xd8, 0x0c, 0x00, 0x00, 0x00, 0x00, 0x00
    .byte 0x03, 0x00, 0x00, 0x00, 0x95, 0x22, 0x00, 0x00, 0x96, 0x22, 0x00, 0x00, 0x97, 0x22, 0x00, 0x00
    .byte 0x01, 0x00, 0x00, 0x00, 0x00, 0x00, 0x00, 0x00, 0x00, 0x00, 0xf0, 0xff, 0xcf, 0xff, 0x10, 0x00
    .byte 0x07, 0x00, 0x18, 0x01, 0x78, 0x01, 0x00, 0x00, 0x09, 0x00, 0x00, 0x00, 0x00, 0x00, 0x00, 0x00
    .byte 0x00, 0x00, 0x00, 0x00, 0x00, 0x00, 0x00, 0x00, 0x00, 0x00, 0x00, 0x00, 0xff, 0xff, 0x00, 0x00
    .byte 0x00, 0x00, 0x00, 0x00, 0x00, 0x00, 0x00, 0x00, 0xff, 0xff, 0xff, 0xff, 0xff, 0xff, 0xff, 0xff
    .byte 0x00, 0x00, 0xff, 0xff, 0xff, 0xff, 0xff, 0xff, 0x00, 0x00, 0x00, 0x00, 0xf4, 0xd8, 0x0c, 0x00
    .byte 0x00, 0x00, 0x00, 0x00, 0x03, 0x00, 0x00, 0x00, 0x95, 0x22, 0x00, 0x00, 0x96, 0x22, 0x00, 0x00
    .byte 0x97, 0x22, 0x00, 0x00, 0x01, 0x00, 0x00, 0x00, 0x00, 0x00, 0x00, 0x00, 0x00, 0x00, 0xf0, 0xff
    .byte 0xcf, 0xff, 0x10, 0x00, 0x07, 0x00, 0xe8, 0x01, 0x58, 0x01, 0x00, 0x00, 0x09, 0x00, 0x00, 0x00
    .byte 0x00, 0x00, 0x00, 0x00, 0x00, 0x00, 0x00, 0x00, 0x00, 0x00, 0x00, 0x00, 0x00, 0x00, 0x00, 0x00
    .byte 0xff, 0xff, 0x00, 0x00, 0x00, 0x00, 0x00, 0x00, 0x00, 0x00, 0x00, 0x00, 0xff, 0xff, 0xff, 0xff
    .byte 0xff, 0xff, 0xff, 0xff, 0x00, 0x00, 0xff, 0xff, 0xff, 0xff, 0xff, 0xff, 0x00, 0x00, 0x00, 0x00
    .byte 0xf4, 0xd8, 0x0c, 0x00, 0x00, 0x00, 0x00, 0x00, 0x03, 0x00, 0x00, 0x00, 0x95, 0x22, 0x00, 0x00
    .byte 0x96, 0x22, 0x00, 0x00, 0x97, 0x22, 0x00, 0x00, 0x01, 0x00, 0x00, 0x00, 0x00, 0x00, 0x00, 0x00
    .byte 0x00, 0x00, 0xf0, 0xff, 0xcf, 0xff, 0x10, 0x00, 0x07, 0x00, 0xe8, 0x01, 0x78, 0x01, 0x00, 0x00
    .byte 0x09, 0x00, 0x00, 0x00, 0x00, 0x00, 0x00, 0x00, 0x00, 0x00, 0x00, 0x00, 0x00, 0x00, 0x00, 0x00
    .byte 0x00, 0x00, 0x00, 0x00, 0xff, 0xff, 0x00, 0x00, 0x00, 0x00, 0x00, 0x00, 0x00, 0x00, 0x00, 0x00
    .byte 0xff, 0xff, 0xff, 0xff, 0xff, 0xff, 0xff, 0xff, 0x00, 0x00, 0xff, 0xff, 0xff, 0xff, 0xff, 0xff
    .byte 0x00, 0x00, 0x00, 0x00, 0xf4, 0xd8, 0x0c, 0x00, 0x00, 0x00, 0x00, 0x00, 0x03, 0x00, 0x10, 0x00
    .byte 0xe1, 0x32, 0x00, 0x00, 0xe2, 0x32, 0x00, 0x00, 0xe3, 0x32, 0x00, 0x00, 0x02, 0x00, 0x00, 0x00
    .byte 0x00, 0x00, 0x00, 0x00, 0x00, 0x00, 0xf0, 0xff, 0xcf, 0xff, 0x10, 0x00, 0x07, 0x00, 0x5c, 0x01
    .byte 0xcc, 0x00, 0x10, 0x00, 0x09, 0x00, 0x00, 0x00, 0x9d, 0xf4, 0x21, 0x02, 0x00, 0x00, 0x00, 0x00
    .byte 0x00, 0x00, 0x00, 0x00, 0x00, 0x00, 0x00, 0x00, 0x03, 0x00, 0x00, 0x00, 0x00, 0x00, 0x00, 0x00
    .byte 0x00, 0x00, 0x00, 0x00, 0xff, 0xff, 0xff, 0xff, 0xff, 0xff, 0xff, 0xff, 0x00, 0x00, 0x2d, 0x00
    .byte 0xff, 0xff, 0xff, 0xff, 0x00, 0x00, 0x00, 0x00, 0xf4, 0xd8, 0x0c, 0x00, 0x00, 0x00, 0x00, 0x00
    .byte 0x03, 0x00, 0x00, 0x00, 0xa1, 0x22, 0x00, 0x00, 0xa2, 0x22, 0x00, 0x00, 0xa3, 0x22, 0x00, 0x00
    .byte 0x02, 0x00, 0x08, 0x08, 0x00, 0x00, 0x00, 0x00, 0x00, 0x00, 0xf0, 0xff, 0xf0, 0xff, 0x10, 0x00
    .byte 0x10, 0x00, 0x80, 0x01, 0xb0, 0x02, 0x00, 0x00, 0x10, 0x00, 0x00, 0x00, 0x49, 0xf6, 0x21, 0x02
    .byte 0x00, 0x00, 0x00, 0x00, 0x00, 0x00, 0x00, 0x00, 0x00, 0x00, 0x00, 0x00, 0x02, 0x00, 0x00, 0x00
    .byte 0x00, 0x00, 0x00, 0x00, 0x00, 0x00, 0x00, 0x00, 0xff, 0xff, 0xff, 0xff, 0xff, 0xff, 0xff, 0xff
    .byte 0x00, 0x00, 0x2e, 0x00, 0xff, 0xff, 0xff, 0xff, 0x00, 0x00, 0x0e, 0x00, 0xf4, 0xd8, 0x0c, 0x00
    .byte 0x20, 0x00, 0x00, 0x00, 0x03, 0x00, 0x00, 0x00, 0xa1, 0x22, 0x00, 0x00, 0xa2, 0x22, 0x00, 0x00
    .byte 0xa3, 0x22, 0x00, 0x00, 0x02, 0x00, 0x08, 0x08, 0x00, 0x00, 0x00, 0x00, 0x00, 0x00, 0xf0, 0xff
    .byte 0xf0, 0xff, 0x10, 0x00, 0x10, 0x00, 0x80, 0x01, 0xb0, 0x02, 0x00, 0x00, 0x10, 0x00, 0x00, 0x00
    .byte 0x02, 0xf7, 0x21, 0x02, 0x00, 0x00, 0x00, 0x00, 0x00, 0x00, 0x00, 0x00, 0x00, 0x00, 0x00, 0x00
    .byte 0x02, 0x00, 0x00, 0x00, 0x00, 0x00, 0x00, 0x00, 0x00, 0x00, 0x00, 0x00, 0xff, 0xff, 0xff, 0xff
    .byte 0xff, 0xff, 0xff, 0xff, 0x00, 0x00, 0x2f, 0x00, 0xff, 0xff, 0xff, 0xff, 0x00, 0x00, 0x0e, 0x00
    .byte 0xf4, 0xd8, 0x0c, 0x00, 0x20, 0x00, 0x00, 0x00, 0x06, 0x00, 0x03, 0x00, 0x00, 0x10, 0x00, 0x00
    .byte 0x01, 0x10, 0x00, 0x00, 0x02, 0x10, 0x00, 0x00, 0x02, 0x00, 0x00, 0x00, 0x00, 0x00, 0x00, 0x00
    .byte 0x00, 0x00, 0xf0, 0xff, 0xcf, 0xff, 0x10, 0x00, 0x07, 0x00, 0x00, 0x02, 0x2a, 0x01, 0x00, 0x00
    .byte 0x00, 0x00, 0x00, 0x00, 0x00, 0x00, 0x00, 0x00, 0x00, 0x00, 0x00, 0x00, 0x00, 0x00, 0x00, 0x00
    .byte 0x00, 0x00, 0x00, 0x00, 0xff, 0xff, 0x00, 0x00, 0x00, 0x00, 0x00, 0x00, 0x00, 0x00, 0x00, 0x00
    .byte 0xff, 0xff, 0xff, 0xff, 0xff, 0xff, 0xff, 0xff, 0x00, 0x00, 0xff, 0xff, 0xff, 0xff, 0xff, 0xff
    .byte 0x00, 0x00, 0x00, 0x00, 0xf4, 0xd8, 0x0c, 0x00, 0x00, 0x00, 0x00, 0x00, 0x00, 0x00, 0x00, 0x00
    .byte 0x00, 0x00, 0x00, 0x00, 0x00, 0x00, 0x00, 0x00, 0x00, 0x00, 0x00, 0x00, 0x00, 0x00, 0x00, 0x00
    .byte 0x00, 0x00, 0x00, 0x00, 0x00, 0x00, 0x00, 0x00, 0x00, 0x00, 0x00, 0x00, 0x00, 0x00, 0x00, 0x00
    .byte 0x00, 0x00, 0x00, 0x00, 0x00, 0x00, 0x00, 0x00, 0x00, 0x00, 0x00, 0x00, 0x00, 0x00, 0x00, 0x00
    .byte 0x00, 0x00, 0x00, 0x00, 0x00, 0x00, 0x00, 0x00, 0x00, 0x00, 0x00, 0x00, 0x00, 0x00, 0x00, 0x00
    .byte 0x00, 0x00, 0x00, 0x00, 0x00, 0x00, 0x00, 0x00, 0x00, 0x00, 0x00, 0x00, 0x00, 0x00, 0x00, 0x00
    .byte 0x00, 0x00, 0x00, 0x00, 0x00, 0x00, 0x00, 0x00, 0x00, 0x00, 0x00, 0x00, 0x00, 0x00, 0x00, 0x00
    .byte 0x2c, 0x62, 0x10, 0x00, 0x00, 0x2c, 0x01, 0x10, 0x00, 0x00, 0x2c, 0x63, 0x10, 0x00, 0x00, 0x2c
    .byte 0x02, 0x00, 0x00, 0x00, 0x2c, 0x10, 0x00, 0x00, 0x00, 0x15, 0x73, 0x20, 0x00, 0x00, 0x15, 0x55
    .byte 0x20, 0x00, 0x00, 0x2c, 0x61, 0x00, 0x00, 0x00, 0x15, 0xe0, 0x2c, 0x3c, 0x00, 0x00, 0x00, 0x15
    .byte 0x07, 0x15, 0x08, 0x00, 0x15, 0x28, 0x2c, 0x00, 0x10, 0x00, 0x00, 0x2c, 0x01, 0x10, 0x00, 0x00
    .byte 0x2c, 0x02, 0x10, 0x00, 0x00, 0x2c, 0x02, 0x00, 0x00, 0x00, 0x20, 0x00, 0x00, 0x15, 0x73, 0x2c
    .byte 0x01, 0x00, 0x00, 0x00, 0x15, 0x25, 0x2c, 0x12, 0x00, 0x00, 0x00, 0x20, 0x00, 0x00, 0x15, 0x32
    .byte 0x2d, 0x58, 0x2c, 0x07, 0x00, 0x00, 0x00, 0x15, 0x47, 0x18, 0x70, 0x17, 0x00, 0x2d, 0x58, 0x2c
    .byte 0x08, 0x00, 0x00, 0x00, 0x15, 0x47, 0x18, 0x70, 0x17, 0x00, 0x15, 0x1e, 0x18, 0x70, 0x17, 0x00
    .byte 0x15, 0x75, 0x20, 0x00, 0x00, 0x15, 0x06, 0x00, 0x15, 0xa2, 0x00, 0x2c, 0x01, 0x00, 0x00, 0x00
    .byte 0x15, 0x09, 0x00, 0x20, 0x00, 0x00, 0x15, 0x09, 0x00, 0x15, 0x0d, 0x00, 0x00, 0x20, 0x00, 0x00
    .byte 0x15, 0x17, 0x00, 0x2c, 0x01, 0x00, 0x00, 0x00, 0x15, 0x25, 0x00, 0x20, 0x00, 0x00, 0x15, 0x25
    .byte 0x00, 0x20, 0x00, 0x00, 0x20, 0x00, 0x00, 0x20, 0x00, 0x00, 0x15, 0x02, 0x20, 0x00, 0x00, 0x15
    .byte 0x3d, 0x20, 0x00, 0x00, 0x15, 0x09, 0x00, 0x20, 0x00, 0x00, 0x15, 0x18, 0x20, 0x00, 0x00, 0x15
    .byte 0x19, 0x20, 0x00, 0x00, 0x15, 0x09, 0x00, 0x2c, 0x0c, 0xfe, 0xff, 0xff, 0x2c, 0x0c, 0xfe, 0xff
    .byte 0xff, 0x20, 0x00, 0x00, 0x15, 0x02, 0x20, 0x00, 0x00, 0x15, 0x09, 0x00, 0x15, 0x2c, 0x00, 0x20
    .byte 0x00, 0x00, 0x15, 0x17, 0x2c, 0x00, 0x10, 0x00, 0x00, 0x2c, 0x01, 0x10, 0x00, 0x00, 0x2c, 0x02
    .byte 0x10, 0x00, 0x00, 0x2c, 0x02, 0x00, 0x00, 0x00, 0x20, 0x00, 0x00, 0x15, 0x73, 0x2c, 0x01, 0x00
    .byte 0x00, 0x00, 0x15, 0x09, 0x20, 0x00, 0x00, 0x15, 0x75, 0x00, 0x2c, 0x06, 0x00, 0x00, 0x00, 0x20
    .byte 0x00, 0x00, 0x20, 0x00, 0x00, 0x20, 0x00, 0x00, 0x15, 0xcd, 0x00, 0x22, 0x2c, 0x15, 0x00, 0x00
    .byte 0x00, 0x2c, 0x9e, 0x00, 0x00, 0x00, 0x2c, 0x7f, 0x00, 0x00, 0x00, 0x15, 0x0a, 0x2c, 0x03, 0x10
    .byte 0x00, 0x00, 0x2c, 0x01, 0x10, 0x00, 0x00, 0x2c, 0x04, 0x10, 0x00, 0x00, 0x2c, 0x02, 0x00, 0x00
    .byte 0x00, 0x2c, 0x18, 0x00, 0x00, 0x00, 0x15, 0x73, 0x2c, 0x00, 0x01, 0x00, 0x00, 0x15, 0x17, 0x2c
    .byte 0x01, 0x00, 0x00, 0x00, 0x15, 0x06, 0x2c, 0x01, 0x00, 0x00, 0x00, 0x15, 0x09, 0x2c, 0x13, 0x00
    .byte 0x00, 0x00, 0x20, 0x00, 0x00, 0x20, 0x00, 0x00, 0x2c, 0x30, 0x00, 0x00, 0x00, 0x20, 0x00, 0x00
    .byte 0x20, 0x00, 0x00, 0x20, 0x00, 0x00, 0x15, 0x53, 0x15, 0x46, 0x15, 0x8b, 0x18, 0x70, 0x32, 0x00
    .byte 0x00, 0x00, 0x00, 0x00, 0x13, 0x2e, 0xeb, 0x21, 0x02, 0x01, 0x1a, 0xeb, 0x21, 0x02, 0x2c, 0x93
    .byte 0x00, 0x00, 0x00, 0x2c, 0x01, 0x00, 0x00, 0x00, 0x20, 0x00, 0x00, 0x20, 0x00, 0x00, 0x15, 0xb8
    .byte 0x15, 0x5a, 0x20, 0x00, 0x00, 0x15, 0x75, 0x2c, 0x85, 0x03, 0x00, 0x00, 0x15, 0x36, 0x2c, 0x2b
    .byte 0x00, 0x00, 0x00, 0x15, 0x05, 0x2c, 0x01, 0x00, 0x00, 0x00, 0x15, 0x06, 0x2c, 0x5a, 0x00, 0x00
    .byte 0x00, 0x15, 0x07, 0x15, 0x08, 0x2c, 0xe0, 0x03, 0x00, 0x00, 0x15, 0x37, 0x18, 0x70, 0x32, 0x00
    .byte 0x00, 0x00, 0x00, 0x00, 0x14, 0x7e, 0xeb, 0x21, 0x02, 0x01, 0x65, 0xeb, 0x21, 0x02, 0x00, 0x20
    .byte 0x00, 0x00, 0x15, 0x75, 0x2c, 0x00, 0x01, 0x00, 0x00, 0x15, 0x17, 0x2c, 0x0f, 0x10, 0x00, 0x00
    .byte 0x2c, 0x01, 0x10, 0x00, 0x00, 0x2c, 0x10, 0x10, 0x00, 0x00, 0x2c, 0x02, 0x00, 0x00, 0x00, 0x2c
    .byte 0x21, 0x00, 0x00, 0x00, 0x15, 0x73, 0x15, 0x16, 0x15, 0x46, 0x29, 0x00, 0x66, 0x32, 0x00, 0x01
    .byte 0x00, 0x00, 0x00, 0x13, 0xc6, 0xeb, 0x21, 0x02, 0x29, 0x00, 0x66, 0x32, 0x00, 0x08, 0x00, 0x00
    .byte 0x00, 0x14, 0x4b, 0xec, 0x21, 0x02, 0x2c, 0x03, 0x00, 0x00, 0x00, 0x38, 0x00, 0x20, 0x00, 0x00
    .byte 0x20, 0x00, 0x00, 0x20, 0x00, 0x00, 0x20, 0x00, 0x00, 0x20, 0x00, 0x00, 0x15, 0x53, 0x2c, 0x01
    .byte 0x00, 0x00, 0x00, 0x38, 0x00, 0x15, 0x85, 0x37, 0x00, 0x00, 0x32, 0x00, 0x01, 0x00, 0x00, 0x00
    .byte 0x14, 0x20, 0xec, 0x21, 0x02, 0x15, 0x8b, 0x18, 0x70, 0x32, 0x00, 0x00, 0x00, 0x00, 0x00, 0x13
    .byte 0x09, 0xec, 0x21, 0x02, 0x01, 0xf5, 0xeb, 0x21, 0x02, 0x2c, 0x20, 0x03, 0x00, 0x00, 0x2c, 0x01
    .byte 0x00, 0x00, 0x00, 0x20, 0x00, 0x00, 0x20, 0x00, 0x00, 0x15, 0xb8, 0x25, 0x46, 0xec, 0x21, 0x02
    .byte 0x15, 0x8b, 0x18, 0x70, 0x32, 0x00, 0x00, 0x00, 0x00, 0x00, 0x13, 0x34, 0xec, 0x21, 0x02, 0x01
    .byte 0x20, 0xec, 0x21, 0x02, 0x2c, 0xe1, 0x02, 0x00, 0x00, 0x2c, 0x01, 0x00, 0x00, 0x00, 0x20, 0x00
    .byte 0x00, 0x20, 0x00, 0x00, 0x15, 0xb8, 0x25, 0xae, 0xed, 0x21, 0x02, 0x29, 0x00, 0x66, 0x32, 0x00
    .byte 0x03, 0x00, 0x00, 0x00, 0x13, 0x67, 0xec, 0x21, 0x02, 0x29, 0x00, 0x66, 0x32, 0x00, 0x09, 0x00
    .byte 0x00, 0x00, 0x14, 0xab, 0xec, 0x21, 0x02, 0x2c, 0x04, 0x00, 0x00, 0x00, 0x2c, 0x03, 0x00, 0x00
    .byte 0x00, 0x2d, 0xd9, 0x2d, 0x63, 0x20, 0x00, 0x00, 0x20, 0x00, 0x00, 0x20, 0x00, 0x00, 0x15, 0x53
    .byte 0x15, 0x8b, 0x18, 0x70, 0x32, 0x00, 0x00, 0x00, 0x00, 0x00, 0x13, 0x94, 0xec, 0x21, 0x02, 0x01
    .byte 0x80, 0xec, 0x21, 0x02, 0x2c, 0x01, 0x00, 0x00, 0x00, 0x2c, 0x01, 0x00, 0x00, 0x00, 0x20, 0x00
    .byte 0x00, 0x20, 0x00, 0x00, 0x15, 0xb8, 0x25, 0xae, 0xed, 0x21, 0x02, 0x29, 0x00, 0x66, 0x32, 0x00
    .byte 0x04, 0x00, 0x00, 0x00, 0x14, 0x06, 0xed, 0x21, 0x02, 0x2c, 0x04, 0x00, 0x00, 0x00, 0x2c, 0x03
    .byte 0x00, 0x00, 0x00, 0x2c, 0x3d, 0x00, 0x00, 0x00, 0x2d, 0x63, 0x20, 0x00, 0x00, 0x20, 0x00, 0x00
    .byte 0x20, 0x00, 0x00, 0x15, 0x53, 0x29, 0x00, 0xd9, 0x26, 0x00, 0xc0, 0x15, 0x8b, 0x18, 0x70, 0x32
    .byte 0x00, 0x00, 0x00, 0x00, 0x00, 0x13, 0xef, 0xec, 0x21, 0x02, 0x01, 0xdb, 0xec, 0x21, 0x02, 0x2c
    .byte 0x02, 0x00, 0x00, 0x00, 0x2c, 0x01, 0x00, 0x00, 0x00, 0x20, 0x00, 0x00, 0x20, 0x00, 0x00, 0x15
    .byte 0xb8, 0x25, 0xae, 0xed, 0x21, 0x02, 0x29, 0x00, 0x66, 0x32, 0x00, 0x0a, 0x00, 0x00, 0x00, 0x14
    .byte 0x74, 0xed, 0x21, 0x02, 0x29, 0x00, 0xd9, 0x26, 0x00, 0xbe, 0x15, 0x8b, 0x18, 0x70, 0x32, 0x00
    .byte 0x00, 0x00, 0x00, 0x00, 0x13, 0x2e, 0xed, 0x21, 0x02, 0x01, 0x1a, 0xed, 0x21, 0x02, 0x2c, 0x46
    .byte 0x00, 0x00, 0x00, 0x2c, 0x01, 0x00, 0x00, 0x00, 0x20, 0x00, 0x00, 0x20, 0x00, 0x00, 0x15, 0xb8
    .byte 0x15, 0x5a, 0x2c, 0x97, 0x03, 0x00, 0x00, 0x15, 0x37, 0x18, 0x70, 0x32, 0x00, 0x00, 0x00, 0x00
    .byte 0x00, 0x14, 0x67, 0xed, 0x21, 0x02, 0x2c, 0xb4, 0x03, 0x00, 0x00, 0x15, 0x35, 0x2c, 0x08, 0x00
    .byte 0x00, 0x00, 0x20, 0x00, 0x00, 0x15, 0x78, 0x2c, 0x97, 0x03, 0x00, 0x00, 0x15, 0x35, 0x00, 0x25
    .byte 0xae, 0xed, 0x21, 0x02, 0x29, 0x00, 0x66, 0x32, 0x00, 0x0b, 0x00, 0x00, 0x00, 0x14, 0xae, 0xed
    .byte 0x21, 0x02, 0x29, 0x00, 0xd9, 0x26, 0x00, 0xbe, 0x15, 0x8b, 0x18, 0x70, 0x32, 0x00, 0x00, 0x00
    .byte 0x00, 0x00, 0x13, 0x9c, 0xed, 0x21, 0x02, 0x01, 0x88, 0xed, 0x21, 0x02, 0x2c, 0x57, 0x02, 0x00
    .byte 0x00, 0x2c, 0x01, 0x00, 0x00, 0x00, 0x20, 0x00, 0x00, 0x20, 0x00, 0x00, 0x15, 0xb8, 0x15, 0x5a
    .byte 0x00, 0x20, 0x00, 0x00, 0x2c, 0xd3, 0xed, 0x21, 0x02, 0x15, 0x39, 0x20, 0x00, 0x00, 0x15, 0x42
    .byte 0x18, 0x70, 0x32, 0x00, 0x00, 0x00, 0x00, 0x00, 0x14, 0xd2, 0xed, 0x21, 0x02, 0x01, 0xbb, 0xed
    .byte 0x21, 0x02, 0x22, 0x2c, 0x15, 0x00, 0x00, 0x00, 0x2c, 0x9d, 0x00, 0x00, 0x00, 0x2c, 0x7f, 0x00
    .byte 0x00, 0x00, 0x15, 0x0a, 0x2c, 0x00, 0x01, 0x00, 0x00, 0x15, 0x17, 0x2c, 0x0f, 0x10, 0x00, 0x00
    .byte 0x2c, 0x01, 0x10, 0x00, 0x00, 0x2c, 0x10, 0x10, 0x00, 0x00, 0x2c, 0x02, 0x00, 0x00, 0x00, 0x2c
    .byte 0x21, 0x00, 0x00, 0x00, 0x15, 0x73, 0x2c, 0x21, 0x00, 0x00, 0x00, 0x15, 0x05, 0x15, 0x16, 0x00
    .byte 0x20, 0x00, 0x00, 0x2c, 0x32, 0xee, 0x21, 0x02, 0x15, 0x39, 0x20, 0x00, 0x00, 0x15, 0x42, 0x18
    .byte 0x70, 0x32, 0x00, 0x00, 0x00, 0x00, 0x00, 0x14, 0x31, 0xee, 0x21, 0x02, 0x01, 0x1a, 0xee, 0x21
    .byte 0x02, 0x22, 0x2c, 0x15, 0x00, 0x00, 0x00, 0x2c, 0x9c, 0x00, 0x00, 0x00, 0x2c, 0x7f, 0x00, 0x00
    .byte 0x00, 0x15, 0x0a, 0x2c, 0x00, 0x01, 0x00, 0x00, 0x15, 0x17, 0x2c, 0x0f, 0x10, 0x00, 0x00, 0x2c
    .byte 0x01, 0x10, 0x00, 0x00, 0x2c, 0x10, 0x10, 0x00, 0x00, 0x2c, 0x02, 0x00, 0x00, 0x00, 0x2c, 0x21
    .byte 0x00, 0x00, 0x00, 0x15, 0x73, 0x2c, 0x21, 0x00, 0x00, 0x00, 0x15, 0x05, 0x15, 0x16, 0x00, 0x2c
    .byte 0x00, 0x10, 0x00, 0x00, 0x2c, 0x01, 0x10, 0x00, 0x00, 0x2c, 0x02, 0x10, 0x00, 0x00, 0x2c, 0x02
    .byte 0x00, 0x00, 0x00, 0x20, 0x00, 0x00, 0x15, 0x73, 0x2c, 0x01, 0x00, 0x00, 0x00, 0x15, 0x25, 0x2c
    .byte 0x12, 0x00, 0x00, 0x00, 0x20, 0x00, 0x00, 0x15, 0x32, 0x2d, 0xd2, 0x2c, 0x07, 0x00, 0x00, 0x00
    .byte 0x15, 0x47, 0x18, 0x70, 0x17, 0x00, 0x2d, 0xd2, 0x2c, 0x08, 0x00, 0x00, 0x00, 0x15, 0x47, 0x18
    .byte 0x70, 0x17, 0x00, 0x15, 0x1e, 0x18, 0x70, 0x17, 0x00, 0x15, 0x75, 0x20, 0x00, 0x00, 0x15, 0x06
    .byte 0x00, 0x2c, 0x01, 0x00, 0x00, 0x00, 0x15, 0x09, 0x2c, 0x00, 0x10, 0x00, 0x00, 0x2c, 0x01, 0x10
    .byte 0x00, 0x00, 0x2c, 0x02, 0x10, 0x00, 0x00, 0x2c, 0x02, 0x00, 0x00, 0x00, 0x20, 0x00, 0x00, 0x15
    .byte 0x73, 0x20, 0x00, 0x00, 0x15, 0x75, 0x00, 0x2c, 0x00, 0x10, 0x00, 0x00, 0x2c, 0x01, 0x10, 0x00
    .byte 0x00, 0x2c, 0x02, 0x10, 0x00, 0x00, 0x2c, 0x02, 0x00, 0x00, 0x00, 0x20, 0x00, 0x00, 0x15, 0x73
    .byte 0x2c, 0x12, 0x00, 0x00, 0x00, 0x2c, 0x08, 0x00, 0x00, 0x00, 0x15, 0x32, 0x2d, 0x02, 0x2c, 0x07
    .byte 0x00, 0x00, 0x00, 0x15, 0x47, 0x18, 0x70, 0x17, 0x00, 0x2d, 0x02, 0x2c, 0x08, 0x00, 0x00, 0x00
    .byte 0x15, 0x47, 0x18, 0x70, 0x17, 0x00, 0x15, 0x1e, 0x18, 0x70, 0x17, 0x00, 0x15, 0x75, 0x20, 0x00
    .byte 0x00, 0x15, 0x06, 0x2c, 0x01, 0x00, 0x00, 0x00, 0x15, 0x07, 0x15, 0x08, 0x25, 0x0c, 0xef, 0x21
    .byte 0x02, 0x00, 0x2c, 0x00, 0x10, 0x00, 0x00, 0x2c, 0x01, 0x10, 0x00, 0x00, 0x2c, 0x02, 0x10, 0x00
    .byte 0x00, 0x2c, 0x02, 0x00, 0x00, 0x00, 0x2c, 0x1e, 0x00, 0x00, 0x00, 0x15, 0x73, 0x2c, 0x01, 0x00
    .byte 0x00, 0x00, 0x15, 0x06, 0x2c, 0x3c, 0x00, 0x00, 0x00, 0x15, 0x07, 0x15, 0x08, 0x00, 0x2c, 0x0b
    .byte 0x10, 0x00, 0x00, 0x2c, 0x01, 0x10, 0x00, 0x00, 0x2c, 0x0c, 0x10, 0x00, 0x00, 0x2c, 0x02, 0x00
    .byte 0x00, 0x00, 0x03, 0x00, 0x08, 0x00, 0x00, 0x00, 0x29, 0x01, 0xff, 0x04, 0x10, 0x17, 0x00, 0x15
    .byte 0x73, 0x00, 0x29, 0x00, 0xfe, 0x32, 0x00, 0x75, 0x00, 0x00, 0x00, 0x14, 0xb8, 0xef, 0x21, 0x02
    .byte 0x15, 0x10, 0x18, 0x70, 0x17, 0x00, 0x15, 0x11, 0x18, 0x70, 0x17, 0x00, 0x2c, 0x40, 0x00, 0x00
    .byte 0x00, 0x15, 0x02, 0x25, 0xcb, 0xef, 0x21, 0x02, 0x15, 0x10, 0x18, 0x70, 0x17, 0x00, 0x15, 0x11
    .byte 0x18, 0x70, 0x17, 0x00, 0x2c, 0x60, 0x00, 0x00, 0x00, 0x15, 0x02, 0x2c, 0x1b, 0x00, 0x00, 0x00
    .byte 0x15, 0x31, 0x18, 0x70, 0x32, 0x00, 0x01, 0x00, 0x00, 0x00, 0x14, 0xea, 0xef, 0x21, 0x02, 0x2c
    .byte 0x03, 0x00, 0x00, 0x00, 0x15, 0x07, 0x15, 0x08, 0x15, 0x2c, 0x00, 0x2c, 0xc4, 0x02, 0x00, 0x00
    .byte 0x15, 0x35, 0x29, 0x00, 0xfd, 0x32, 0x00, 0x36, 0x00, 0x00, 0x00, 0x14, 0x20, 0xf0, 0x21, 0x02
    .byte 0x03, 0x00, 0x94, 0x01, 0x00, 0x00, 0x26, 0x00, 0xca, 0x03, 0x00, 0x00, 0x00, 0x00, 0x00, 0x27
    .byte 0x00, 0x06, 0x03, 0x00, 0x32, 0x00, 0x00, 0x00, 0x27, 0x00, 0x07, 0x25, 0xb0, 0xf0, 0x21, 0x02
    .byte 0x29, 0x00, 0xfd, 0x32, 0x00, 0x4f, 0x00, 0x00, 0x00, 0x14, 0x4e, 0xf0, 0x21, 0x02, 0x03, 0x00
    .byte 0x5d, 0x02, 0x00, 0x00, 0x26, 0x00, 0xca, 0x03, 0x00, 0x01, 0x00, 0x00, 0x00, 0x27, 0x00, 0x06
    .byte 0x03, 0x00, 0xc8, 0x00, 0x00, 0x00, 0x27, 0x00, 0x07, 0x25, 0xb0, 0xf0, 0x21, 0x02, 0x2c, 0xe8
    .byte 0x03, 0x00, 0x00, 0x15, 0xaa, 0x29, 0x00, 0xed, 0x0d, 0x00, 0x00, 0x02, 0x00, 0x00, 0x14, 0x8c
    .byte 0xf0, 0x21, 0x02, 0x03, 0x00, 0x36, 0x00, 0x00, 0x00, 0x26, 0x00, 0xfd, 0x03, 0x00, 0x94, 0x01
    .byte 0x00, 0x00, 0x26, 0x00, 0xca, 0x03, 0x00, 0x00, 0x00, 0x00, 0x00, 0x27, 0x00, 0x06, 0x03, 0x00
    .byte 0x32, 0x00, 0x00, 0x00, 0x27, 0x00, 0x07, 0x25, 0xb0, 0xf0, 0x21, 0x02, 0x03, 0x00, 0x4f, 0x00
    .byte 0x00, 0x00, 0x26, 0x00, 0xfd, 0x03, 0x00, 0x5d, 0x02, 0x00, 0x00, 0x26, 0x00, 0xca, 0x03, 0x00
    .byte 0x01, 0x00, 0x00, 0x00, 0x27, 0x00, 0x06, 0x03, 0x00, 0xc8, 0x00, 0x00, 0x00, 0x27, 0x00, 0x07
    .byte 0x20, 0x00, 0x00, 0x15, 0xe2, 0x2c, 0xc4, 0x02, 0x00, 0x00, 0x15, 0x37, 0x18, 0x70, 0x14, 0xf6
    .byte 0xf0, 0x21, 0x02, 0x2c, 0xc4, 0x02, 0x00, 0x00, 0x15, 0x36, 0x20, 0x00, 0x00, 0x2c, 0x92, 0xef
    .byte 0x21, 0x02, 0x15, 0x39, 0x20, 0x00, 0x00, 0x2c, 0xff, 0xff, 0xff, 0xff, 0x2c, 0xff, 0xff, 0xff
    .byte 0xff, 0x15, 0xdd, 0x18, 0x70, 0x14, 0xf6, 0xf0, 0x21, 0x02, 0x2c, 0x01, 0x00, 0x00, 0x00, 0x2c
    .byte 0x92, 0xef, 0x21, 0x02, 0x15, 0x39, 0x2c, 0x05, 0x00, 0x00, 0x00, 0x15, 0x07, 0x15, 0x08, 0x00
    .byte 0x15, 0x28, 0x2c, 0x15, 0x00, 0x00, 0x00, 0x2c, 0x07, 0x00, 0x00, 0x00, 0x15, 0x47, 0x18, 0x70
    .byte 0x17, 0x00, 0x2c, 0x15, 0x00, 0x00, 0x00, 0x2c, 0x08, 0x00, 0x00, 0x00, 0x15, 0x47, 0x18, 0x70
    .byte 0x17, 0x00, 0x15, 0x1e, 0x18, 0x70, 0x17, 0x00, 0x15, 0x75, 0x15, 0x2c, 0x00, 0x2c, 0x14, 0x00
    .byte 0x00, 0x00, 0x15, 0x1b, 0x2c, 0x0a, 0x00, 0x00, 0x00, 0x15, 0x05, 0x03, 0x00, 0x0a, 0x00, 0x00
    .byte 0x00, 0x28, 0x00, 0x01, 0x2c, 0x01, 0x00, 0x00, 0x00, 0x15, 0x06, 0x2c, 0x01, 0x00, 0x00, 0x00
    .byte 0x15, 0x09, 0x2a, 0x00, 0x05, 0x30, 0x00, 0x00, 0x00, 0x00, 0x00, 0x14, 0x9d, 0xf1, 0x21, 0x02
    .byte 0x2a, 0x00, 0x05, 0x24, 0x00, 0x01, 0x00, 0x00, 0x00, 0x27, 0x00, 0x05, 0x2b, 0x00, 0x01, 0x35
    .byte 0x00, 0x0b, 0x00, 0x00, 0x00, 0x14, 0x98, 0xf1, 0x21, 0x02, 0x03, 0x00, 0x0b, 0x00, 0x00, 0x00
    .byte 0x28, 0x00, 0x01, 0x2f, 0x01, 0x15, 0x05, 0x2c, 0x01, 0x00, 0x00, 0x00, 0x15, 0x06, 0x20, 0x00
    .byte 0x00, 0x2c, 0x84, 0xb9, 0x00, 0x00, 0x15, 0xe0, 0x25, 0xcb, 0xf1, 0x21, 0x02, 0x2b, 0x00, 0x01
    .byte 0x35, 0x00, 0x0a, 0x00, 0x00, 0x00, 0x14, 0xcb, 0xf1, 0x21, 0x02, 0x03, 0x00, 0x0a, 0x00, 0x00
    .byte 0x00, 0x28, 0x00, 0x01, 0x2f, 0x01, 0x15, 0x05, 0x2c, 0x01, 0x00, 0x00, 0x00, 0x15, 0x06, 0x2c
    .byte 0x01, 0x00, 0x00, 0x00, 0x2c, 0x84, 0xb9, 0x00, 0x00, 0x15, 0xe0, 0x15, 0x10, 0x18, 0x70, 0x17
    .byte 0x00, 0x15, 0x11, 0x18, 0x70, 0x17, 0x00, 0x2c, 0x14, 0x00, 0x00, 0x00, 0x2c, 0x09, 0x00, 0x00
    .byte 0x00, 0x15, 0x47, 0x18, 0x70, 0x24, 0x00, 0x10, 0x00, 0x00, 0x00, 0x09, 0x00, 0x02, 0x00, 0x00
    .byte 0x00, 0x17, 0x00, 0x15, 0x02, 0x01, 0x52, 0xf1, 0x21, 0x02, 0x2c, 0x01, 0x00, 0x00, 0x00, 0x15
    .byte 0x09, 0x15, 0x2c, 0x00, 0x20, 0x00, 0x00, 0x15, 0x09, 0x20, 0x00, 0x00, 0x2c, 0x02, 0x00, 0x00
    .byte 0x00, 0x15, 0x38, 0x03, 0x00, 0xff, 0xff, 0xff, 0xff, 0x28, 0x00, 0x01, 0x2c, 0x1b, 0x00, 0x00
    .byte 0x00, 0x15, 0x31, 0x18, 0x70, 0x32, 0x00, 0x04, 0x00, 0x00, 0x00, 0x14, 0x3e, 0xf2, 0x21, 0x02
    .byte 0x03, 0x00, 0x00, 0x00, 0x00, 0x00, 0x28, 0x00, 0x03, 0x25, 0x47, 0xf2, 0x21, 0x02, 0x03, 0x00
    .byte 0x01, 0x00, 0x00, 0x00, 0x28, 0x00, 0x03, 0x2a, 0x00, 0x01, 0x35, 0x00, 0x02, 0x00, 0x00, 0x00
    .byte 0x13, 0x63, 0xf2, 0x21, 0x02, 0x2a, 0x00, 0x08, 0x32, 0x00, 0x01, 0x00, 0x00, 0x00, 0x14, 0x72
    .byte 0xf2, 0x21, 0x02, 0x20, 0x00, 0x00, 0x15, 0x09, 0x01, 0x47, 0xf2, 0x21, 0x02, 0x25, 0x79, 0xf2
    .byte 0x21, 0x02, 0x2c, 0x01, 0x00, 0x00, 0x00, 0x15, 0x09, 0x03, 0x00, 0x53, 0x15, 0x00, 0x00, 0x2a
    .byte 0x01, 0x00, 0x23, 0x10, 0x28, 0x00, 0x02, 0x2b, 0x00, 0x02, 0x09, 0x00, 0x3c, 0x00, 0x00, 0x00
    .byte 0x28, 0x00, 0x02, 0x03, 0x00, 0x00, 0x00, 0x00, 0x00, 0x28, 0x00, 0x00, 0x2b, 0x00, 0x00, 0x2b
    .byte 0x01, 0x03, 0x1e, 0x10, 0x14, 0xc6, 0xf2, 0x21, 0x02, 0x2b, 0x00, 0x02, 0x09, 0x00, 0x0a, 0x00
    .byte 0x00, 0x00, 0x28, 0x00, 0x02, 0x2b, 0x00, 0x00, 0x05, 0x00, 0x01, 0x00, 0x00, 0x00, 0x28, 0x00
    .byte 0x00, 0x25, 0x9c, 0xf2, 0x21, 0x02, 0x2b, 0x00, 0x02, 0x0b, 0x00, 0x0a, 0x00, 0x00, 0x00, 0x28
    .byte 0x00, 0x02, 0x2b, 0x00, 0x01, 0x2b, 0x01, 0x02, 0x1f, 0x10, 0x14, 0xf0, 0xf2, 0x21, 0x02, 0x2b
    .byte 0x00, 0x02, 0x28, 0x00, 0x01, 0x2f, 0x01, 0x15, 0x05, 0x2c, 0x01, 0x00, 0x00, 0x00, 0x15, 0x09
    .byte 0x01, 0x47, 0xf2, 0x21, 0x02, 0x20, 0x00, 0x00, 0x2c, 0x02, 0x00, 0x00, 0x00, 0x15, 0x38, 0x03
    .byte 0x00, 0xff, 0xff, 0xff, 0xff, 0x28, 0x00, 0x01, 0x2c, 0x1b, 0x00, 0x00, 0x00, 0x15, 0x31, 0x18
    .byte 0x70, 0x32, 0x00, 0x07, 0x00, 0x00, 0x00, 0x14, 0x2a, 0xf3, 0x21, 0x02, 0x03, 0x00, 0x00, 0x00
    .byte 0x00, 0x00, 0x28, 0x00, 0x03, 0x25, 0x55, 0xf3, 0x21, 0x02, 0x2c, 0x1b, 0x00, 0x00, 0x00, 0x15
    .byte 0x31, 0x18, 0x70, 0x32, 0x00, 0x08, 0x00, 0x00, 0x00, 0x14, 0x4c, 0xf3, 0x21, 0x02, 0x03, 0x00
    .byte 0x01, 0x00, 0x00, 0x00, 0x28, 0x00, 0x03, 0x25, 0x55, 0xf3, 0x21, 0x02, 0x03, 0x00, 0x02, 0x00
    .byte 0x00, 0x00, 0x28, 0x00, 0x03, 0x2c, 0x0a, 0x00, 0x00, 0x00, 0x15, 0x05, 0x20, 0x00, 0x00, 0x15
    .byte 0x09, 0x2a, 0x00, 0x02, 0x28, 0x00, 0x02, 0x03, 0x00, 0x00, 0x00, 0x00, 0x00, 0x28, 0x00, 0x00
    .byte 0x2b, 0x00, 0x00, 0x2b, 0x01, 0x03, 0x1e, 0x10, 0x14, 0x9a, 0xf3, 0x21, 0x02, 0x2b, 0x00, 0x02
    .byte 0x09, 0x00, 0x0a, 0x00, 0x00, 0x00, 0x28, 0x00, 0x02, 0x2b, 0x00, 0x00, 0x05, 0x00, 0x01, 0x00
    .byte 0x00, 0x00, 0x28, 0x00, 0x00, 0x25, 0x70, 0xf3, 0x21, 0x02, 0x2b, 0x00, 0x02, 0x0b, 0x00, 0x0a
    .byte 0x00, 0x00, 0x00, 0x28, 0x00, 0x02, 0x2b, 0x00, 0x01, 0x2b, 0x01, 0x02, 0x1f, 0x10, 0x14, 0xc4
    .byte 0xf3, 0x21, 0x02, 0x2b, 0x00, 0x02, 0x28, 0x00, 0x01, 0x2f, 0x01, 0x15, 0x05, 0x2c, 0x01, 0x00
    .byte 0x00, 0x00, 0x15, 0x09, 0x01, 0x61, 0xf3, 0x21, 0x02, 0x03, 0x00, 0x00, 0x00, 0x00, 0x00, 0x28
    .byte 0x00, 0x00, 0x2f, 0x00, 0x15, 0x05, 0x2c, 0x01, 0x00, 0x00, 0x00, 0x15, 0x06, 0x2c, 0x01, 0x00
    .byte 0x00, 0x00, 0x15, 0x09, 0x2a, 0x00, 0x03, 0x32, 0x00, 0x01, 0x00, 0x00, 0x00, 0x13, 0x00, 0xf4
    .byte 0x21, 0x02, 0x2a, 0x00, 0x03, 0x32, 0x00, 0x03, 0x00, 0x00, 0x00, 0x14, 0x3d, 0xf4, 0x21, 0x02
    .byte 0x03, 0x00, 0x02, 0x00, 0x00, 0x00, 0x2c, 0x1b, 0x00, 0x00, 0x00, 0x15, 0x31, 0x18, 0x71, 0x0b
    .byte 0x01, 0x05, 0x00, 0x00, 0x00, 0x04, 0x10, 0x28, 0x00, 0x01, 0x2b, 0x00, 0x00, 0x2b, 0x01, 0x01
    .byte 0x1f, 0x10, 0x14, 0x38, 0xf4, 0x21, 0x02, 0x2b, 0x00, 0x01, 0x28, 0x00, 0x00, 0x2f, 0x01, 0x15
    .byte 0x05, 0x2c, 0x01, 0x00, 0x00, 0x00, 0x15, 0x06, 0x25, 0x98, 0xf4, 0x21, 0x02, 0x2a, 0x00, 0x03
    .byte 0x32, 0x00, 0x00, 0x00, 0x00, 0x00, 0x14, 0x73, 0xf4, 0x21, 0x02, 0x2b, 0x00, 0x00, 0x35, 0x00
    .byte 0x00, 0x00, 0x00, 0x00, 0x14, 0x6e, 0xf4, 0x21, 0x02, 0x03, 0x00, 0x00, 0x00, 0x00, 0x00, 0x28
    .byte 0x00, 0x00, 0x20, 0x00, 0x00, 0x15, 0x05, 0x2c, 0x01, 0x00, 0x00, 0x00, 0x15, 0x06, 0x25, 0x98
    .byte 0xf4, 0x21, 0x02, 0x2b, 0x00, 0x00, 0x35, 0x00, 0x01, 0x00, 0x00, 0x00, 0x14, 0x98, 0xf4, 0x21
    .byte 0x02, 0x03, 0x00, 0x01, 0x00, 0x00, 0x00, 0x28, 0x00, 0x00, 0x2c, 0x01, 0x00, 0x00, 0x00, 0x15
    .byte 0x05, 0x2c, 0x01, 0x00, 0x00, 0x00, 0x15, 0x06, 0x01, 0xe4, 0xf3, 0x21, 0x02, 0x03, 0x00, 0x00
    .byte 0x00, 0x00, 0x00, 0x28, 0x00, 0x00, 0x03, 0x00, 0x00, 0x00, 0x00, 0x00, 0x28, 0x00, 0x01, 0x03
    .byte 0x00, 0x84, 0x03, 0x00, 0x00, 0x28, 0x00, 0x02, 0x03, 0x00, 0x5c, 0x01, 0x00, 0x00, 0x28, 0x00
    .byte 0x03, 0x03, 0x00, 0x5e, 0x01, 0x00, 0x00, 0x28, 0x00, 0x04, 0x2f, 0x00, 0x15, 0x05, 0x2c, 0x01
    .byte 0x00, 0x00, 0x00, 0x15, 0x06, 0x2c, 0x01, 0x00, 0x00, 0x00, 0x15, 0x09, 0x2a, 0x00, 0x03, 0x32
    .byte 0x00, 0x00, 0x00, 0x00, 0x00, 0x14, 0x59, 0xf5, 0x21, 0x02, 0x2b, 0x00, 0x02, 0x30, 0x00, 0x00
    .byte 0x00, 0x00, 0x00, 0x14, 0x04, 0xf5, 0x21, 0x02, 0x2b, 0x00, 0x02, 0x24, 0x00, 0x01, 0x00, 0x00
    .byte 0x00, 0x28, 0x00, 0x02, 0x2b, 0x00, 0x02, 0x32, 0x00, 0x00, 0x00, 0x00, 0x00, 0x14, 0x34, 0xf5
    .byte 0x21, 0x02, 0x03, 0x00, 0xb4, 0x00, 0x00, 0x00, 0x28, 0x00, 0x01, 0x03, 0x00, 0xb0, 0x04, 0x00
    .byte 0x00, 0x2c, 0x58, 0x02, 0x00, 0x00, 0x15, 0x01, 0x18, 0x71, 0x04, 0x10, 0x28, 0x00, 0x02, 0x25
    .byte 0x54, 0xf5, 0x21, 0x02, 0x2b, 0x00, 0x05, 0x30, 0x00, 0x00, 0x00, 0x00, 0x00, 0x14, 0x54, 0xf5
    .byte 0x21, 0x02, 0x03, 0x00, 0x14, 0x00, 0x00, 0x00, 0x28, 0x00, 0x02, 0x03, 0x00, 0x00, 0x00, 0x00
    .byte 0x00, 0x28, 0x00, 0x05, 0x25, 0x6b, 0xf5, 0x21, 0x02, 0x03, 0x00, 0x00, 0x00, 0x00, 0x00, 0x28
    .byte 0x00, 0x01, 0x03, 0x00, 0x00, 0x00, 0x00, 0x00, 0x28, 0x00, 0x04, 0x2b, 0x00, 0x01, 0x30, 0x00
    .byte 0x00, 0x00, 0x00, 0x00, 0x14, 0xf0, 0xf5, 0x21, 0x02, 0x2b, 0x00, 0x00, 0x32, 0x00, 0x00, 0x00
    .byte 0x00, 0x00, 0x14, 0x9e, 0xf5, 0x21, 0x02, 0x03, 0x00, 0x01, 0x00, 0x00, 0x00, 0x28, 0x00, 0x00
    .byte 0x2c, 0x01, 0x00, 0x00, 0x00, 0x15, 0x05, 0x15, 0x16, 0x25, 0xeb, 0xf5, 0x21, 0x02, 0x2b, 0x00
    .byte 0x00, 0x32, 0x00, 0x01, 0x00, 0x00, 0x00, 0x14, 0xeb, 0xf5, 0x21, 0x02, 0x2b, 0x00, 0x01, 0x30
    .byte 0x00, 0x00, 0x00, 0x00, 0x00, 0x14, 0xcb, 0xf5, 0x21, 0x02, 0x2b, 0x00, 0x01, 0x24, 0x00, 0x01
    .byte 0x00, 0x00, 0x00, 0x28, 0x00, 0x01, 0x25, 0xeb, 0xf5, 0x21, 0x02, 0x2c, 0x02, 0x00, 0x00, 0x00
    .byte 0x15, 0x05, 0x03, 0x00, 0x02, 0x00, 0x00, 0x00, 0x28, 0x00, 0x00, 0x15, 0x16, 0x03, 0x00, 0x00
    .byte 0x00, 0x00, 0x00, 0x28, 0x00, 0x00, 0x20, 0x00, 0x00, 0x15, 0x05, 0x25, 0x33, 0xf6, 0x21, 0x02
    .byte 0x2b, 0x00, 0x00, 0x35, 0x00, 0x00, 0x00, 0x00, 0x00, 0x14, 0x33, 0xf6, 0x21, 0x02, 0x15, 0x16
    .byte 0x2b, 0x00, 0x00, 0x32, 0x00, 0x01, 0x00, 0x00, 0x00, 0x14, 0x25, 0xf6, 0x21, 0x02, 0x2c, 0x02
    .byte 0x00, 0x00, 0x00, 0x15, 0x05, 0x03, 0x00, 0x02, 0x00, 0x00, 0x00, 0x28, 0x00, 0x00, 0x15, 0x16
    .byte 0x25, 0x33, 0xf6, 0x21, 0x02, 0x20, 0x00, 0x00, 0x15, 0x05, 0x03, 0x00, 0x00, 0x00, 0x00, 0x00
    .byte 0x28, 0x00, 0x00, 0x2c, 0x4c, 0x01, 0x00, 0x00, 0x2c, 0xc4, 0x00, 0x00, 0x00, 0x2c, 0x10, 0x00
    .byte 0x00, 0x00, 0x15, 0x02, 0x01, 0xdc, 0xf4, 0x21, 0x02, 0x29, 0x00, 0xfd, 0x35, 0x00, 0x36, 0x00
    .byte 0x00, 0x00, 0x14, 0x5a, 0xf6, 0x21, 0x02, 0x15, 0x0d, 0x00, 0x2c, 0x01, 0x00, 0x00, 0x00, 0x15
    .byte 0x06, 0x2c, 0x02, 0x00, 0x00, 0x00, 0x2c, 0xca, 0xf6, 0x21, 0x02, 0x15, 0x29, 0x15, 0x27, 0x18
    .byte 0x70, 0x35, 0x00, 0x00, 0x00, 0x00, 0x00, 0x14, 0x81, 0xf6, 0x21, 0x02, 0x01, 0x6d, 0xf6, 0x21
    .byte 0x02, 0x20, 0x00, 0x00, 0x2c, 0x57, 0x00, 0x00, 0x00, 0x15, 0xe0, 0x20, 0x00, 0x00, 0x2c, 0xff
    .byte 0xff, 0xff, 0xff, 0x2c, 0xff, 0xff, 0xff, 0xff, 0x15, 0xdd, 0x18, 0x70, 0x14, 0xc9, 0xf6, 0x21
    .byte 0x02, 0x2c, 0x01, 0x00, 0x00, 0x00, 0x2c, 0x09, 0x00, 0x00, 0x00, 0x15, 0x47, 0x18, 0x70, 0x35
    .byte 0x00, 0x00, 0x00, 0x00, 0x00, 0x14, 0xbf, 0xf6, 0x21, 0x02, 0x01, 0xa1, 0xf6, 0x21, 0x02, 0x20
    .byte 0x00, 0x00, 0x2c, 0x57, 0x00, 0x00, 0x00, 0x15, 0xe0, 0x00, 0x2c, 0x81, 0x09, 0x00, 0x00, 0x15
    .byte 0x37, 0x18, 0x70, 0x14, 0xd9, 0xf6, 0x21, 0x02, 0x00, 0x20, 0x00, 0x00, 0x2c, 0x3b, 0x00, 0x00
    .byte 0x00, 0x15, 0xe0, 0x2c, 0x0a, 0x00, 0x00, 0x00, 0x20, 0x00, 0x00, 0x15, 0xe0, 0x2c, 0x36, 0x00
    .byte 0x00, 0x00, 0x2c, 0x2c, 0x02, 0x00, 0x00, 0x2c, 0xba, 0x01, 0x00, 0x00, 0x20, 0x00, 0x00, 0x15
    .byte 0x4a, 0x00, 0x29, 0x00, 0xfd, 0x35, 0x00, 0x4f, 0x00, 0x00, 0x00, 0x14, 0x13, 0xf7, 0x21, 0x02
    .byte 0x15, 0x0d, 0x00, 0x2c, 0x01, 0x00, 0x00, 0x00, 0x15, 0x06, 0x2c, 0x02, 0x00, 0x00, 0x00, 0x2c
    .byte 0x83, 0xf7, 0x21, 0x02, 0x15, 0x29, 0x15, 0x27, 0x18, 0x70, 0x35, 0x00, 0x00, 0x00, 0x00, 0x00
    .byte 0x14, 0x3a, 0xf7, 0x21, 0x02, 0x01, 0x26, 0xf7, 0x21, 0x02, 0x20, 0x00, 0x00, 0x2c, 0x57, 0x00
    .byte 0x00, 0x00, 0x15, 0xe0, 0x20, 0x00, 0x00, 0x2c, 0xff, 0xff, 0xff, 0xff, 0x2c, 0xff, 0xff, 0xff
    .byte 0xff, 0x15, 0xdd, 0x18, 0x70, 0x14, 0x82, 0xf7, 0x21, 0x02, 0x2c, 0x01, 0x00, 0x00, 0x00, 0x2c
    .byte 0x09, 0x00, 0x00, 0x00, 0x15, 0x47, 0x18, 0x70, 0x35, 0x00, 0x00, 0x00, 0x00, 0x00, 0x14, 0x78
    .byte 0xf7, 0x21, 0x02, 0x01, 0x5a, 0xf7, 0x21, 0x02, 0x20, 0x00, 0x00, 0x2c, 0x57, 0x00, 0x00, 0x00
    .byte 0x15, 0xe0, 0x00, 0x2c, 0x81, 0x09, 0x00, 0x00, 0x15, 0x37, 0x18, 0x70, 0x14, 0x92, 0xf7, 0x21
    .byte 0x02, 0x00, 0x20, 0x00, 0x00, 0x2c, 0x3b, 0x00, 0x00, 0x00, 0x15, 0xe0, 0x2c, 0x0a, 0x00, 0x00
    .byte 0x00, 0x20, 0x00, 0x00, 0x15, 0xe0, 0x2c, 0x4f, 0x00, 0x00, 0x00, 0x2c, 0xa8, 0x03, 0x00, 0x00
    .byte 0x2c, 0x90, 0x01, 0x00, 0x00, 0x20, 0x00, 0x00, 0x15, 0x4a, 0x00, 0x20, 0x00, 0x00, 0x15, 0x18
    .byte 0x20, 0x00, 0x00, 0x15, 0x19, 0x2c, 0x01, 0x00, 0x00, 0x00, 0x15, 0x05, 0x00, 0x20, 0x00, 0x00
    .byte 0x2c, 0x86, 0xb9, 0x00, 0x00, 0x15, 0xe0, 0x2c, 0x03, 0x00, 0x00, 0x00, 0x15, 0x05, 0x2c, 0x15
    .byte 0x00, 0x00, 0x00, 0x15, 0x07, 0x15, 0x08, 0x20, 0x00, 0x00, 0x2c, 0x87, 0xb9, 0x00, 0x00, 0x15
    .byte 0xe0, 0x2c, 0x15, 0x00, 0x00, 0x00, 0x15, 0x07, 0x15, 0x08, 0x20, 0x00, 0x00, 0x2c, 0x87, 0xb9
    .byte 0x00, 0x00, 0x15, 0xe0, 0x2c, 0x15, 0x00, 0x00, 0x00, 0x15, 0x07, 0x15, 0x08, 0x20, 0x00, 0x00
    .byte 0x2c, 0x87, 0xb9, 0x00, 0x00, 0x15, 0xe0, 0x15, 0x16, 0x2c, 0x01, 0x00, 0x00, 0x00, 0x15, 0x05
    .byte 0x20, 0x00, 0x00, 0x2c, 0x86, 0xb9, 0x00, 0x00, 0x15, 0xe0, 0x20, 0x00, 0x00, 0x15, 0x19, 0x00
    .byte 0x20, 0x00, 0x00, 0x2c, 0x86, 0xb9, 0x00, 0x00, 0x15, 0xe0, 0x2c, 0x02, 0x00, 0x00, 0x00, 0x15
    .byte 0x05, 0x2c, 0x03, 0x00, 0x00, 0x00, 0x15, 0x07, 0x15, 0x08, 0x20, 0x00, 0x00, 0x2c, 0x87, 0xb9
    .byte 0x00, 0x00, 0x15, 0xe0, 0x2c, 0x15, 0x00, 0x00, 0x00, 0x15, 0x07, 0x15, 0x08, 0x20, 0x00, 0x00
    .byte 0x2c, 0x87, 0xb9, 0x00, 0x00, 0x15, 0xe0, 0x2c, 0x15, 0x00, 0x00, 0x00, 0x15, 0x07, 0x15, 0x08
    .byte 0x20, 0x00, 0x00, 0x2c, 0x87, 0xb9, 0x00, 0x00, 0x15, 0xe0, 0x15, 0x16, 0x20, 0x00, 0x00, 0x15
    .byte 0x05, 0x20, 0x00, 0x00, 0x2c, 0x85, 0xb9, 0x00, 0x00, 0x15, 0xe0, 0x2c, 0x01, 0x00, 0x00, 0x00
    .byte 0x15, 0x19, 0x00, 0x03, 0x00, 0x00, 0x00, 0x00, 0x00, 0x28, 0x00, 0x00, 0x2c, 0xe0, 0x01, 0x00
    .byte 0x00, 0x2c, 0x17, 0x02, 0x00, 0x00, 0x20, 0x00, 0x00, 0x15, 0x02, 0x2c, 0x01, 0x00, 0x00, 0x00
    .byte 0x15, 0x09, 0x2c, 0x08, 0x00, 0x00, 0x00, 0x15, 0x05, 0x2c, 0x01, 0x00, 0x00, 0x00, 0x15, 0x2b
    .byte 0x2c, 0x01, 0x00, 0x00, 0x00, 0x2c, 0xec, 0xff, 0xff, 0xff, 0x2c, 0xee, 0xff, 0xff, 0xff, 0x2c
    .byte 0x14, 0x00, 0x00, 0x00, 0x2c, 0x08, 0x00, 0x00, 0x00, 0x15, 0xd8, 0x2c, 0x01, 0x00, 0x00, 0x00
    .byte 0x2c, 0x57, 0xf9, 0x21, 0x02, 0x15, 0x29, 0x2c, 0x01, 0x00, 0x00, 0x00, 0x15, 0xd7, 0x2b, 0x00
    .byte 0x00, 0x32, 0x00, 0x01, 0x00, 0x00, 0x00, 0x14, 0x29, 0xf9, 0x21, 0x02, 0x2a, 0x00, 0x01, 0x32
    .byte 0x00, 0x00, 0x00, 0x00, 0x00, 0x14, 0x29, 0xf9, 0x21, 0x02, 0x2c, 0x02, 0x00, 0x00, 0x00, 0x15
    .byte 0x9b, 0x18, 0x70, 0x14, 0x24, 0xf9, 0x21, 0x02, 0x2c, 0x03, 0x00, 0x00, 0x00, 0x2c, 0x14, 0x00
    .byte 0x22, 0x02, 0x15, 0x29, 0x01, 0xee, 0xf8, 0x21, 0x02, 0x20, 0x00, 0x00, 0x2c, 0x07, 0x00, 0x00
    .byte 0x00, 0x15, 0x47, 0x18, 0x70, 0x17, 0x00, 0x20, 0x00, 0x00, 0x2c, 0x08, 0x00, 0x00, 0x00, 0x15
    .byte 0x47, 0x18, 0x70, 0x17, 0x00, 0x15, 0x1e, 0x18, 0x70, 0x17, 0x00, 0x15, 0x75, 0x20, 0x00, 0x00
    .byte 0x15, 0x06, 0x01, 0xee, 0xf8, 0x21, 0x02, 0x03, 0x00, 0x00, 0x00, 0x00, 0x00, 0x27, 0x00, 0x04
    .byte 0x2a, 0x00, 0x01, 0x35, 0x00, 0x00, 0x00, 0x00, 0x00, 0x14, 0x6f, 0xf9, 0x21, 0x02, 0x00, 0x2c
    .byte 0x1b, 0x00, 0x00, 0x00, 0x15, 0x31, 0x18, 0x70, 0x26, 0x00, 0x58, 0x20, 0x00, 0x00, 0x2c, 0xc4
    .byte 0xe9, 0x21, 0x02, 0x15, 0x39, 0x20, 0x00, 0x00, 0x15, 0x42, 0x18, 0x70, 0x32, 0x00, 0x00, 0x00
    .byte 0x00, 0x00, 0x14, 0x9c, 0xf9, 0x21, 0x02, 0x01, 0x85, 0xf9, 0x21, 0x02, 0x20, 0x00, 0x00, 0x20
    .byte 0x00, 0x00, 0x15, 0x71, 0x20, 0x00, 0x00, 0x15, 0x06, 0x03, 0x00, 0xec, 0xff, 0xff, 0xff, 0x26
    .byte 0x00, 0xe1, 0x03, 0x00, 0x10, 0x00, 0x00, 0x00, 0x15, 0x1f, 0x18, 0x71, 0x17, 0x10, 0x15, 0x20
    .byte 0x18, 0x71, 0x17, 0x10, 0x15, 0x1e, 0x18, 0x71, 0x04, 0x10, 0x17, 0x00, 0x15, 0x45, 0x2b, 0x00
    .byte 0x02, 0x32, 0x00, 0x01, 0x00, 0x00, 0x00, 0x14, 0x47, 0xfa, 0x21, 0x02, 0x2a, 0x00, 0x06, 0x32
    .byte 0x00, 0x00, 0x00, 0x00, 0x00, 0x14, 0x15, 0xfa, 0x21, 0x02, 0x15, 0x8b, 0x18, 0x70, 0x32, 0x00
    .byte 0x00, 0x00, 0x00, 0x00, 0x13, 0xfe, 0xf9, 0x21, 0x02, 0x01, 0xea, 0xf9, 0x21, 0x02, 0x2c, 0x2c
    .byte 0x06, 0x00, 0x00, 0x2c, 0x01, 0x00, 0x00, 0x00, 0x20, 0x00, 0x00, 0x20, 0x00, 0x00, 0x15, 0x59
    .byte 0x25, 0x3b, 0xfa, 0x21, 0x02, 0x15, 0x8b, 0x18, 0x70, 0x32, 0x00, 0x00, 0x00, 0x00, 0x00, 0x13
    .byte 0x29, 0xfa, 0x21, 0x02, 0x01, 0x15, 0xfa, 0x21, 0x02, 0x2c, 0x2d, 0x06, 0x00, 0x00, 0x2c, 0x01
    .byte 0x00, 0x00, 0x00, 0x20, 0x00, 0x00, 0x20, 0x00, 0x00, 0x15, 0x59, 0x15, 0x5a, 0x03, 0x00, 0x00
    .byte 0x00, 0x00, 0x00, 0x26, 0x00, 0xe1, 0x00, 0x2c, 0xd5, 0x09, 0x00, 0x00, 0x15, 0x37, 0x18, 0x70
    .byte 0x13, 0xbd, 0xfa, 0x21, 0x02, 0x2c, 0xd5, 0x09, 0x00, 0x00, 0x15, 0x35, 0x2a, 0x00, 0x06, 0x32
    .byte 0x00, 0x00, 0x00, 0x00, 0x00, 0x14, 0x95, 0xfa, 0x21, 0x02, 0x15, 0x8b, 0x18, 0x70, 0x32, 0x00
    .byte 0x00, 0x00, 0x00, 0x00, 0x13, 0x7e, 0xfa, 0x21, 0x02, 0x01, 0x6a, 0xfa, 0x21, 0x02, 0x2c, 0x1e
    .byte 0x06, 0x00, 0x00, 0x2c, 0x01, 0x00, 0x00, 0x00, 0x20, 0x00, 0x00, 0x20, 0x00, 0x00, 0x15, 0x59
    .byte 0x25, 0xbb, 0xfa, 0x21, 0x02, 0x15, 0x8b, 0x18, 0x70, 0x32, 0x00, 0x00, 0x00, 0x00, 0x00, 0x13
    .byte 0xa9, 0xfa, 0x21, 0x02, 0x01, 0x95, 0xfa, 0x21, 0x02, 0x2c, 0x1f, 0x06, 0x00, 0x00, 0x2c, 0x01
    .byte 0x00, 0x00, 0x00, 0x20, 0x00, 0x00, 0x20, 0x00, 0x00, 0x15, 0x59, 0x15, 0x5a, 0x2b, 0x00, 0x01
    .byte 0x32, 0x00, 0x00, 0x00, 0x00, 0x00, 0x14, 0x35, 0xfb, 0x21, 0x02, 0x03, 0x00, 0x01, 0x00, 0x00
    .byte 0x00, 0x28, 0x00, 0x01, 0x2a, 0x00, 0x06, 0x32, 0x00, 0x00, 0x00, 0x00, 0x00, 0x14, 0x0d, 0xfb
    .byte 0x21, 0x02, 0x15, 0x8b, 0x18, 0x70, 0x32, 0x00, 0x00, 0x00, 0x00, 0x00, 0x13, 0xf6, 0xfa, 0x21
    .byte 0x02, 0x01, 0xe2, 0xfa, 0x21, 0x02, 0x2c, 0x20, 0x06, 0x00, 0x00, 0x2c, 0x01, 0x00, 0x00, 0x00
    .byte 0x20, 0x00, 0x00, 0x20, 0x00, 0x00, 0x15, 0x59, 0x25, 0x33, 0xfb, 0x21, 0x02, 0x15, 0x8b, 0x18
    .byte 0x70, 0x32, 0x00, 0x00, 0x00, 0x00, 0x00, 0x13, 0x21, 0xfb, 0x21, 0x02, 0x01, 0x0d, 0xfb, 0x21
    .byte 0x02, 0x2c, 0x21, 0x06, 0x00, 0x00, 0x2c, 0x01, 0x00, 0x00, 0x00, 0x20, 0x00, 0x00, 0x20, 0x00
    .byte 0x00, 0x15, 0x59, 0x15, 0x5a, 0x29, 0x00, 0xfd, 0x32, 0x00, 0x4f, 0x00, 0x00, 0x00, 0x14, 0x9a
    .byte 0xfb, 0x21, 0x02, 0x15, 0x8b, 0x18, 0x70, 0x32, 0x00, 0x00, 0x00, 0x00, 0x00, 0x13, 0x57, 0xfb
    .byte 0x21, 0x02, 0x01, 0x43, 0xfb, 0x21, 0x02, 0x2c, 0x22, 0x06, 0x00, 0x00, 0x2c, 0x01, 0x00, 0x00
    .byte 0x00, 0x20, 0x00, 0x00, 0x20, 0x00, 0x00, 0x20, 0x00, 0x00, 0x15, 0xe7, 0x2c, 0x01, 0x00, 0x00
    .byte 0x00, 0x15, 0x07, 0x15, 0x08, 0x2c, 0xea, 0x03, 0x00, 0x00, 0x15, 0x37, 0x18, 0x70, 0x14, 0x91
    .byte 0xfb, 0x21, 0x02, 0x03, 0x00, 0x01, 0x00, 0x00, 0x00, 0x27, 0x00, 0x04, 0x25, 0x9a, 0xfb, 0x21
    .byte 0x02, 0x03, 0x00, 0x00, 0x00, 0x00, 0x00, 0x27, 0x00, 0x04, 0x2a, 0x00, 0x06, 0x32, 0x00, 0x00
    .byte 0x00, 0x00, 0x00, 0x14, 0xdf, 0xfb, 0x21, 0x02, 0x15, 0x8b, 0x18, 0x70, 0x32, 0x00, 0x00, 0x00
    .byte 0x00, 0x00, 0x13, 0xbc, 0xfb, 0x21, 0x02, 0x01, 0xa8, 0xfb, 0x21, 0x02, 0x2c, 0x23, 0x06, 0x00
    .byte 0x00, 0x2c, 0x01, 0x00, 0x00, 0x00, 0x20, 0x00, 0x00, 0x20, 0x00, 0x00, 0x20, 0x00, 0x00, 0x15
    .byte 0xe7, 0x2c, 0x01, 0x00, 0x00, 0x00, 0x15, 0x07, 0x15, 0x08, 0x25, 0x11, 0xfc, 0x21, 0x02, 0x15
    .byte 0x8b, 0x18, 0x70, 0x32, 0x00, 0x00, 0x00, 0x00, 0x00, 0x13, 0xf3, 0xfb, 0x21, 0x02, 0x01, 0xdf
    .byte 0xfb, 0x21, 0x02, 0x2c, 0x24, 0x06, 0x00, 0x00, 0x2c, 0x01, 0x00, 0x00, 0x00, 0x20, 0x00, 0x00
    .byte 0x20, 0x00, 0x00, 0x20, 0x00, 0x00, 0x15, 0xe7, 0x2c, 0x01, 0x00, 0x00, 0x00, 0x15, 0x07, 0x15
    .byte 0x08, 0x20, 0x00, 0x00, 0x15, 0x07, 0x15, 0x08, 0x2c, 0xea, 0x03, 0x00, 0x00, 0x15, 0x37, 0x18
    .byte 0x70, 0x14, 0x30, 0xfc, 0x21, 0x02, 0x01, 0xca, 0xfc, 0x21, 0x02, 0x25, 0xca, 0xfc, 0x21, 0x02
    .byte 0x2a, 0x00, 0x06, 0x32, 0x00, 0x00, 0x00, 0x00, 0x00, 0x14, 0x69, 0xfc, 0x21, 0x02, 0x15, 0x8b
    .byte 0x18, 0x70, 0x32, 0x00, 0x00, 0x00, 0x00, 0x00, 0x13, 0x52, 0xfc, 0x21, 0x02, 0x01, 0x3e, 0xfc
    .byte 0x21, 0x02, 0x2c, 0x25, 0x06, 0x00, 0x00, 0x2c, 0x01, 0x00, 0x00, 0x00, 0x20, 0x00, 0x00, 0x20
    .byte 0x00, 0x00, 0x15, 0x59, 0x25, 0xc8, 0xfc, 0x21, 0x02, 0x2a, 0x00, 0x04, 0x32, 0x00, 0x00, 0x00
    .byte 0x00, 0x00, 0x14, 0xa2, 0xfc, 0x21, 0x02, 0x15, 0x8b, 0x18, 0x70, 0x32, 0x00, 0x00, 0x00, 0x00
    .byte 0x00, 0x13, 0x8b, 0xfc, 0x21, 0x02, 0x01, 0x77, 0xfc, 0x21, 0x02, 0x2c, 0x26, 0x06, 0x00, 0x00
    .byte 0x2c, 0x01, 0x00, 0x00, 0x00, 0x20, 0x00, 0x00, 0x20, 0x00, 0x00, 0x15, 0x59, 0x25, 0xc8, 0xfc
    .byte 0x21, 0x02, 0x15, 0x8b, 0x18, 0x70, 0x32, 0x00, 0x00, 0x00, 0x00, 0x00, 0x13, 0xb6, 0xfc, 0x21
    .byte 0x02, 0x01, 0xa2, 0xfc, 0x21, 0x02, 0x2c, 0x27, 0x06, 0x00, 0x00, 0x2c, 0x01, 0x00, 0x00, 0x00
    .byte 0x20, 0x00, 0x00, 0x20, 0x00, 0x00, 0x15, 0x59, 0x15, 0x5a, 0x2c, 0x01, 0x00, 0x00, 0x00, 0x2e
    .byte 0x07, 0x15, 0x85, 0x2a, 0x00, 0x06, 0x32, 0x00, 0x00, 0x00, 0x00, 0x00, 0x14, 0x18, 0xfd, 0x21
    .byte 0x02, 0x15, 0x8b, 0x18, 0x70, 0x32, 0x00, 0x00, 0x00, 0x00, 0x00, 0x13, 0xf5, 0xfc, 0x21, 0x02
    .byte 0x01, 0xe1, 0xfc, 0x21, 0x02, 0x2c, 0x28, 0x06, 0x00, 0x00, 0x2c, 0x01, 0x00, 0x00, 0x00, 0x20
    .byte 0x00, 0x00, 0x20, 0x00, 0x00, 0x20, 0x00, 0x00, 0x15, 0xe7, 0x2c, 0x01, 0x00, 0x00, 0x00, 0x15
    .byte 0x07, 0x15, 0x08, 0x25, 0x4a, 0xfd, 0x21, 0x02, 0x15, 0x8b, 0x18, 0x70, 0x32, 0x00, 0x00, 0x00
    .byte 0x00, 0x00, 0x13, 0x2c, 0xfd, 0x21, 0x02, 0x01, 0x18, 0xfd, 0x21, 0x02, 0x2c, 0x29, 0x06, 0x00
    .byte 0x00, 0x2c, 0x01, 0x00, 0x00, 0x00, 0x20, 0x00, 0x00, 0x20, 0x00, 0x00, 0x20, 0x00, 0x00, 0x15
    .byte 0xe7, 0x2c, 0x01, 0x00, 0x00, 0x00, 0x15, 0x07, 0x15, 0x08, 0x20, 0x00, 0x00, 0x15, 0x07, 0x15
    .byte 0x08, 0x2c, 0xea, 0x03, 0x00, 0x00, 0x15, 0x37, 0x18, 0x70, 0x14, 0x31, 0xfe, 0x21, 0x02, 0x15
    .byte 0x0b, 0x18, 0x70, 0x2a, 0x01, 0x07, 0x1a, 0x10, 0x14, 0xc2, 0xfd, 0x21, 0x02, 0x2c, 0xd6, 0x09
    .byte 0x00, 0x00, 0x15, 0x35, 0x03, 0x00, 0xff, 0xff, 0xff, 0xff, 0x2a, 0x01, 0x07, 0x06, 0x10, 0x17
    .byte 0x00, 0x15, 0xaa, 0x2c, 0x03, 0x00, 0x00, 0x00, 0x03, 0x00, 0xff, 0xff, 0xff, 0xff, 0x2a, 0x01
    .byte 0x07, 0x06, 0x10, 0x17, 0x00, 0x20, 0x00, 0x00, 0x20, 0x00, 0x00, 0x20, 0x00, 0x00, 0x20, 0x00
    .byte 0x00, 0x20, 0x00, 0x00, 0x15, 0x53, 0x2c, 0x28, 0x00, 0x00, 0x00, 0x15, 0x07, 0x15, 0x08, 0x21
    .byte 0x9c, 0xfe, 0x21, 0x02, 0x03, 0x00, 0x01, 0x00, 0x00, 0x00, 0x27, 0x00, 0x01, 0x25, 0x2c, 0xfe
    .byte 0x21, 0x02, 0x03, 0x00, 0x01, 0x00, 0x00, 0x00, 0x28, 0x00, 0x02, 0x2a, 0x00, 0x06, 0x32, 0x00
    .byte 0x00, 0x00, 0x00, 0x00, 0x14, 0x04, 0xfe, 0x21, 0x02, 0x15, 0x8b, 0x18, 0x70, 0x32, 0x00, 0x00
    .byte 0x00, 0x00, 0x00, 0x13, 0xed, 0xfd, 0x21, 0x02, 0x01, 0xd9, 0xfd, 0x21, 0x02, 0x2c, 0x2a, 0x06
    .byte 0x00, 0x00, 0x2c, 0x01, 0x00, 0x00, 0x00, 0x20, 0x00, 0x00, 0x20, 0x00, 0x00, 0x15, 0x59, 0x25
    .byte 0x2a, 0xfe, 0x21, 0x02, 0x15, 0x8b, 0x18, 0x70, 0x32, 0x00, 0x00, 0x00, 0x00, 0x00, 0x13, 0x18
    .byte 0xfe, 0x21, 0x02, 0x01, 0x04, 0xfe, 0x21, 0x02, 0x2c, 0x2b, 0x06, 0x00, 0x00, 0x2c, 0x01, 0x00
    .byte 0x00, 0x00, 0x20, 0x00, 0x00, 0x20, 0x00, 0x00, 0x15, 0x59, 0x15, 0x5a, 0x25, 0x92, 0xfe, 0x21
    .byte 0x02, 0x2a, 0x00, 0x06, 0x32, 0x00, 0x00, 0x00, 0x00, 0x00, 0x14, 0x6a, 0xfe, 0x21, 0x02, 0x15
    .byte 0x8b, 0x18, 0x70, 0x32, 0x00, 0x00, 0x00, 0x00, 0x00, 0x13, 0x53, 0xfe, 0x21, 0x02, 0x01, 0x3f
    .byte 0xfe, 0x21, 0x02, 0x2c, 0x30, 0x06, 0x00, 0x00, 0x2c, 0x01, 0x00, 0x00, 0x00, 0x20, 0x00, 0x00
    .byte 0x20, 0x00, 0x00, 0x15, 0x59, 0x25, 0x90, 0xfe, 0x21, 0x02, 0x15, 0x8b, 0x18, 0x70, 0x32, 0x00
    .byte 0x00, 0x00, 0x00, 0x00, 0x13, 0x7e, 0xfe, 0x21, 0x02, 0x01, 0x6a, 0xfe, 0x21, 0x02, 0x2c, 0x31
    .byte 0x06, 0x00, 0x00, 0x2c, 0x01, 0x00, 0x00, 0x00, 0x20, 0x00, 0x00, 0x20, 0x00, 0x00, 0x15, 0x59
    .byte 0x15, 0x5a, 0x03, 0x00, 0x00, 0x00, 0x00, 0x00, 0x26, 0x00, 0xe1, 0x00, 0x2a, 0x00, 0x04, 0x32
    .byte 0x00, 0x00, 0x00, 0x00, 0x00, 0x14, 0xd9, 0xfe, 0x21, 0x02, 0x2c, 0x02, 0x00, 0x00, 0x00, 0x2c
    .byte 0x67, 0x00, 0x00, 0x00, 0x2c, 0xff, 0xff, 0xff, 0xff, 0x2c, 0xff, 0xff, 0xff, 0xff, 0x2c, 0xff
    .byte 0xff, 0xff, 0xff, 0x2c, 0xff, 0xff, 0xff, 0xff, 0x2c, 0xff, 0xff, 0xff, 0xff, 0x2c, 0xff, 0xff
    .byte 0xff, 0xff, 0x15, 0x33, 0x25, 0x03, 0xff, 0x21, 0x02, 0x2c, 0x02, 0x00, 0x00, 0x00, 0x2c, 0x68
    .byte 0x00, 0x00, 0x00, 0x2c, 0xff, 0xff, 0xff, 0xff, 0x2c, 0xff, 0xff, 0xff, 0xff, 0x2c, 0xff, 0xff
    .byte 0xff, 0xff, 0x2c, 0xff, 0xff, 0xff, 0xff, 0x2c, 0xff, 0xff, 0xff, 0xff, 0x2c, 0xff, 0xff, 0xff
    .byte 0xff, 0x15, 0x33, 0x15, 0x1f, 0x18, 0x70, 0x28, 0x00, 0x05, 0x15, 0x20, 0x18, 0x70, 0x28, 0x00
    .byte 0x06, 0x15, 0x27, 0x18, 0x70, 0x05, 0x00, 0x18, 0x00, 0x00, 0x00, 0x28, 0x00, 0x07, 0x2c, 0x07
    .byte 0x00, 0x00, 0x00, 0x2c, 0x1a, 0x16, 0x00, 0x00, 0x2c, 0x1b, 0x16, 0x00, 0x00, 0x2c, 0x1c, 0x16
    .byte 0x00, 0x00, 0x20, 0x00, 0x00, 0x2c, 0xfc, 0xff, 0xff, 0xff, 0x2c, 0x01, 0x00, 0x00, 0x00, 0x15
    .byte 0x53, 0x20, 0x00, 0x00, 0x15, 0x18, 0x20, 0x00, 0x00, 0x15, 0x19, 0x2c, 0x01, 0x00, 0x00, 0x00
    .byte 0x15, 0x06, 0x2c, 0x03, 0x00, 0x00, 0x00, 0x2c, 0x30, 0xf8, 0x21, 0x02, 0x15, 0x39, 0x2c, 0x01
    .byte 0x00, 0x00, 0x00, 0x15, 0x2b, 0x2c, 0xe0, 0x01, 0x00, 0x00, 0x2c, 0x2b, 0x02, 0x00, 0x00, 0x20
    .byte 0x00, 0x00, 0x2c, 0x1e, 0x00, 0x00, 0x00, 0x2c, 0x01, 0x00, 0x00, 0x00, 0x20, 0x00, 0x00, 0x15
    .byte 0x1a, 0x15, 0x21, 0x03, 0x00, 0x10, 0x00, 0x00, 0x00, 0x15, 0x1f, 0x18, 0x71, 0x17, 0x10, 0x15
    .byte 0x20, 0x18, 0x71, 0x17, 0x10, 0x15, 0x1e, 0x18, 0x71, 0x04, 0x10, 0x17, 0x00, 0x15, 0x45, 0x2a
    .byte 0x00, 0x06, 0x32, 0x00, 0x00, 0x00, 0x00, 0x00, 0x14, 0xd8, 0xff, 0x21, 0x02, 0x15, 0x8b, 0x18
    .byte 0x70, 0x32, 0x00, 0x00, 0x00, 0x00, 0x00, 0x13, 0xc1, 0xff, 0x21, 0x02, 0x01, 0xad, 0xff, 0x21
    .byte 0x02, 0x2c, 0x2e, 0x06, 0x00, 0x00, 0x2c, 0x01, 0x00, 0x00, 0x00, 0x20, 0x00, 0x00, 0x20, 0x00
    .byte 0x00, 0x15, 0x59, 0x25, 0xfe, 0xff, 0x21, 0x02, 0x15, 0x8b, 0x18, 0x70, 0x32, 0x00, 0x00, 0x00
    .byte 0x00, 0x00, 0x13, 0xec, 0xff, 0x21, 0x02, 0x01, 0xd8, 0xff, 0x21, 0x02, 0x2c, 0x2f, 0x06, 0x00
    .byte 0x00, 0x2c, 0x01, 0x00, 0x00, 0x00, 0x20, 0x00, 0x00, 0x20, 0x00, 0x00, 0x15, 0x59, 0x15, 0x5a
    .byte 0x2c, 0x01, 0x00, 0x00, 0x00, 0x20, 0x00, 0x00, 0x15, 0x29, 0x03, 0x00, 0x01, 0x00, 0x00, 0x00
    .byte 0x28, 0x00, 0x00, 0x22, 0x2c, 0x1b, 0x00, 0x00, 0x00, 0x15, 0x31, 0x18, 0x70, 0x26, 0x00, 0x58
    .byte 0x20, 0x00, 0x00, 0x2c, 0xc4, 0xe9, 0x21, 0x02, 0x15, 0x39, 0x20, 0x00, 0x00, 0x15, 0x42, 0x18
    .byte 0x70, 0x32, 0x00, 0x00, 0x00, 0x00, 0x00, 0x14, 0x41, 0x00, 0x22, 0x02, 0x01, 0x2a, 0x00, 0x22
    .byte 0x02, 0x2c, 0x03, 0x00, 0x00, 0x00, 0x2c, 0xcd, 0xf7, 0x21, 0x02, 0x15, 0x39, 0x2c, 0x06, 0x00
    .byte 0x00, 0x00, 0x2c, 0x01, 0x00, 0x00, 0x00, 0x15, 0x71, 0x20, 0x00, 0x00, 0x15, 0x18, 0x20, 0x00
    .byte 0x00, 0x15, 0x19, 0x2c, 0xe0, 0x01, 0x00, 0x00, 0x2c, 0x17, 0x02, 0x00, 0x00, 0x20, 0x00, 0x00
    .byte 0x2c, 0x1e, 0x00, 0x00, 0x00, 0x2c, 0x01, 0x00, 0x00, 0x00, 0x20, 0x00, 0x00, 0x15, 0x1a, 0x15
    .byte 0x21, 0x2c, 0x01, 0x00, 0x00, 0x00, 0x15, 0x18, 0x2c, 0x01, 0x00, 0x00, 0x00, 0x15, 0x19, 0x03
    .byte 0x00, 0x10, 0x00, 0x00, 0x00, 0x15, 0x1f, 0x18, 0x71, 0x17, 0x10, 0x15, 0x20, 0x18, 0x71, 0x17
    .byte 0x10, 0x15, 0x1e, 0x18, 0x71, 0x04, 0x10, 0x17, 0x00, 0x15, 0x45, 0x2c, 0x01, 0x00, 0x00, 0x00
    .byte 0x2e, 0x02, 0x15, 0x85, 0x2a, 0x00, 0x06, 0x32, 0x00, 0x00, 0x00, 0x00, 0x00, 0x14, 0xed, 0x00
    .byte 0x22, 0x02, 0x15, 0x8b, 0x18, 0x70, 0x32, 0x00, 0x00, 0x00, 0x00, 0x00, 0x13, 0xd6, 0x00, 0x22
    .byte 0x02, 0x01, 0xc2, 0x00, 0x22, 0x02, 0x2c, 0x32, 0x06, 0x00, 0x00, 0x2c, 0x01, 0x00, 0x00, 0x00
    .byte 0x20, 0x00, 0x00, 0x20, 0x00, 0x00, 0x15, 0x59, 0x25, 0x13, 0x01, 0x22, 0x02, 0x15, 0x8b, 0x18
    .byte 0x70, 0x32, 0x00, 0x00, 0x00, 0x00, 0x00, 0x13, 0x01, 0x01, 0x22, 0x02, 0x01, 0xed, 0x00, 0x22
    .byte 0x02, 0x2c, 0x33, 0x06, 0x00, 0x00, 0x2c, 0x01, 0x00, 0x00, 0x00, 0x20, 0x00, 0x00, 0x20, 0x00
    .byte 0x00, 0x15, 0x59, 0x15, 0x5a, 0x2a, 0x00, 0x06, 0x32, 0x00, 0x00, 0x00, 0x00, 0x00, 0x14, 0x8c
    .byte 0x05, 0x22, 0x02, 0x2a, 0x00, 0x02, 0x31, 0x00, 0x2c, 0x01, 0x00, 0x00, 0x14, 0x3a, 0x03, 0x22
    .byte 0x02, 0x2c, 0x6e, 0x09, 0x00, 0x00, 0x15, 0x35, 0x15, 0x8b, 0x18, 0x70, 0x32, 0x00, 0x00, 0x00
    .byte 0x00, 0x00, 0x13, 0x4c, 0x01, 0x22, 0x02, 0x01, 0x38, 0x01, 0x22, 0x02, 0x2c, 0x3b, 0x06, 0x00
    .byte 0x00, 0x2c, 0x01, 0x00, 0x00, 0x00, 0x20, 0x00, 0x00, 0x20, 0x00, 0x00, 0x15, 0x59, 0x15, 0x5a
    .byte 0x2c, 0x01, 0x00, 0x00, 0x00, 0x2c, 0xfa, 0x00, 0x00, 0x00, 0x2c, 0x1e, 0x00, 0x00, 0x00, 0x15
    .byte 0xba, 0x2c, 0xf4, 0x01, 0x00, 0x00, 0x15, 0xaa, 0x03, 0x00, 0x01, 0x00, 0x00, 0x00, 0x26, 0x00
    .byte 0x66, 0x03, 0x00, 0x00, 0x00, 0x00, 0x00, 0x26, 0x00, 0xd9, 0x03, 0x00, 0x01, 0x00, 0x00, 0x00
    .byte 0x32, 0x00, 0x01, 0x00, 0x00, 0x00, 0x13, 0xac, 0x01, 0x22, 0x02, 0x03, 0x00, 0x01, 0x00, 0x00
    .byte 0x00, 0x32, 0x00, 0x08, 0x00, 0x00, 0x00, 0x14, 0xba, 0x01, 0x22, 0x02, 0x03, 0x00, 0xf4, 0x01
    .byte 0x00, 0x00, 0x36, 0x00, 0x00, 0x25, 0xc3, 0x01, 0x22, 0x02, 0x03, 0x00, 0xf4, 0x01, 0x00, 0x00
    .byte 0x26, 0x00, 0x63, 0x03, 0x00, 0x01, 0x00, 0x00, 0x00, 0x32, 0x00, 0x01, 0x00, 0x00, 0x00, 0x14
    .byte 0xf4, 0x01, 0x22, 0x02, 0x20, 0x00, 0x00, 0x2c, 0x0f, 0x00, 0x00, 0x00, 0x15, 0xe0, 0x2c, 0x15
    .byte 0x00, 0x00, 0x00, 0x2c, 0x9d, 0x00, 0x00, 0x00, 0x2c, 0x7f, 0x00, 0x00, 0x00, 0x15, 0x0a, 0x25
    .byte 0x14, 0x03, 0x22, 0x02, 0x03, 0x00, 0x01, 0x00, 0x00, 0x00, 0x32, 0x00, 0x08, 0x00, 0x00, 0x00
    .byte 0x14, 0x25, 0x02, 0x22, 0x02, 0x20, 0x00, 0x00, 0x2c, 0x0f, 0x00, 0x00, 0x00, 0x15, 0xe0, 0x2c
    .byte 0x15, 0x00, 0x00, 0x00, 0x2c, 0x9c, 0x00, 0x00, 0x00, 0x2c, 0x7f, 0x00, 0x00, 0x00, 0x15, 0x0a
    .byte 0x25, 0x14, 0x03, 0x22, 0x02, 0x03, 0x00, 0x01, 0x00, 0x00, 0x00, 0x32, 0x00, 0x03, 0x00, 0x00
    .byte 0x00, 0x14, 0x7d, 0x02, 0x22, 0x02, 0x03, 0x00, 0x00, 0x00, 0x00, 0x00, 0x32, 0x00, 0x3e, 0x00
    .byte 0x00, 0x00, 0x14, 0x67, 0x02, 0x22, 0x02, 0x20, 0x00, 0x00, 0x2c, 0x75, 0x00, 0x00, 0x00, 0x15
    .byte 0xe0, 0x2c, 0x15, 0x00, 0x00, 0x00, 0x2c, 0x9d, 0x00, 0x00, 0x00, 0x2c, 0x7f, 0x00, 0x00, 0x00
    .byte 0x15, 0x0a, 0x25, 0x78, 0x02, 0x22, 0x02, 0x2c, 0x15, 0x00, 0x00, 0x00, 0x2c, 0x9d, 0x00, 0x00
    .byte 0x00, 0x2c, 0x7f, 0x00, 0x00, 0x00, 0x15, 0x0a, 0x25, 0x14, 0x03, 0x22, 0x02, 0x03, 0x00, 0x01
    .byte 0x00, 0x00, 0x00, 0x32, 0x00, 0x09, 0x00, 0x00, 0x00, 0x14, 0xa4, 0x02, 0x22, 0x02, 0x2c, 0x15
    .byte 0x00, 0x00, 0x00, 0x2c, 0x9c, 0x00, 0x00, 0x00, 0x2c, 0x7f, 0x00, 0x00, 0x00, 0x15, 0x0a, 0x25
    .byte 0x14, 0x03, 0x22, 0x02, 0x03, 0x00, 0x01, 0x00, 0x00, 0x00, 0x32, 0x00, 0x04, 0x00, 0x00, 0x00
    .byte 0x14, 0xcb, 0x02, 0x22, 0x02, 0x2c, 0x15, 0x00, 0x00, 0x00, 0x2c, 0x9c, 0x00, 0x00, 0x00, 0x2c
    .byte 0x7f, 0x00, 0x00, 0x00, 0x15, 0x0a, 0x25, 0x14, 0x03, 0x22, 0x02, 0x03, 0x00, 0x01, 0x00, 0x00
    .byte 0x00, 0x32, 0x00, 0x0a, 0x00, 0x00, 0x00, 0x14, 0xf2, 0x02, 0x22, 0x02, 0x2c, 0x15, 0x00, 0x00
    .byte 0x00, 0x2c, 0x9d, 0x00, 0x00, 0x00, 0x2c, 0x7f, 0x00, 0x00, 0x00, 0x15, 0x0a, 0x25, 0x14, 0x03
    .byte 0x22, 0x02, 0x03, 0x00, 0x01, 0x00, 0x00, 0x00, 0x32, 0x00, 0x0b, 0x00, 0x00, 0x00, 0x14, 0x14
    .byte 0x03, 0x22, 0x02, 0x2c, 0x15, 0x00, 0x00, 0x00, 0x2c, 0x9c, 0x00, 0x00, 0x00, 0x2c, 0x7f, 0x00
    .byte 0x00, 0x00, 0x15, 0x0a, 0x20, 0x00, 0x00, 0x2c, 0x7f, 0xeb, 0x21, 0x02, 0x15, 0x39, 0x20, 0x00
    .byte 0x00, 0x15, 0x42, 0x18, 0x70, 0x32, 0x00, 0x00, 0x00, 0x00, 0x00, 0x14, 0x35, 0x03, 0x22, 0x02
    .byte 0x01, 0x1e, 0x03, 0x22, 0x02, 0x25, 0x87, 0x05, 0x22, 0x02, 0x2a, 0x00, 0x02, 0x31, 0x00, 0xc8
    .byte 0x00, 0x00, 0x00, 0x14, 0x51, 0x05, 0x22, 0x02, 0x2c, 0x6e, 0x09, 0x00, 0x00, 0x15, 0x35, 0x15
    .byte 0x8b, 0x18, 0x70, 0x32, 0x00, 0x00, 0x00, 0x00, 0x00, 0x13, 0x63, 0x03, 0x22, 0x02, 0x01, 0x4f
    .byte 0x03, 0x22, 0x02, 0x2c, 0x38, 0x06, 0x00, 0x00, 0x2c, 0x01, 0x00, 0x00, 0x00, 0x20, 0x00, 0x00
    .byte 0x20, 0x00, 0x00, 0x15, 0x59, 0x15, 0x5a, 0x2c, 0x01, 0x00, 0x00, 0x00, 0x2c, 0xfa, 0x00, 0x00
    .byte 0x00, 0x2c, 0x1e, 0x00, 0x00, 0x00, 0x15, 0xba, 0x2c, 0xc8, 0x00, 0x00, 0x00, 0x15, 0xaa, 0x03
    .byte 0x00, 0x01, 0x00, 0x00, 0x00, 0x26, 0x00, 0x66, 0x03, 0x00, 0x00, 0x00, 0x00, 0x00, 0x26, 0x00
    .byte 0xd9, 0x03, 0x00, 0x01, 0x00, 0x00, 0x00, 0x32, 0x00, 0x01, 0x00, 0x00, 0x00, 0x13, 0xc3, 0x03
    .byte 0x22, 0x02, 0x03, 0x00, 0x01, 0x00, 0x00, 0x00, 0x32, 0x00, 0x08, 0x00, 0x00, 0x00, 0x14, 0xd1
    .byte 0x03, 0x22, 0x02, 0x03, 0x00, 0xc8, 0x00, 0x00, 0x00, 0x36, 0x00, 0x00, 0x25, 0xda, 0x03, 0x22
    .byte 0x02, 0x03, 0x00, 0xc8, 0x00, 0x00, 0x00, 0x26, 0x00, 0x63, 0x03, 0x00, 0x01, 0x00, 0x00, 0x00
    .byte 0x32, 0x00, 0x01, 0x00, 0x00, 0x00, 0x14, 0x0b, 0x04, 0x22, 0x02, 0x20, 0x00, 0x00, 0x2c, 0x0f
    .byte 0x00, 0x00, 0x00, 0x15, 0xe0, 0x2c, 0x15, 0x00, 0x00, 0x00, 0x2c, 0x9d, 0x00, 0x00, 0x00, 0x2c
    .byte 0x7f, 0x00, 0x00, 0x00, 0x15, 0x0a, 0x25, 0x2b, 0x05, 0x22, 0x02, 0x03, 0x00, 0x01, 0x00, 0x00
    .byte 0x00, 0x32, 0x00, 0x08, 0x00, 0x00, 0x00, 0x14, 0x3c, 0x04, 0x22, 0x02, 0x20, 0x00, 0x00, 0x2c
    .byte 0x0f, 0x00, 0x00, 0x00, 0x15, 0xe0, 0x2c, 0x15, 0x00, 0x00, 0x00, 0x2c, 0x9c, 0x00, 0x00, 0x00
    .byte 0x2c, 0x7f, 0x00, 0x00, 0x00, 0x15, 0x0a, 0x25, 0x2b, 0x05, 0x22, 0x02, 0x03, 0x00, 0x01, 0x00
    .byte 0x00, 0x00, 0x32, 0x00, 0x03, 0x00, 0x00, 0x00, 0x14, 0x94, 0x04, 0x22, 0x02, 0x03, 0x00, 0x00
    .byte 0x00, 0x00, 0x00, 0x32, 0x00, 0x3e, 0x00, 0x00, 0x00, 0x14, 0x7e, 0x04, 0x22, 0x02, 0x20, 0x00
    .byte 0x00, 0x2c, 0x75, 0x00, 0x00, 0x00, 0x15, 0xe0, 0x2c, 0x15, 0x00, 0x00, 0x00, 0x2c, 0x9d, 0x00
    .byte 0x00, 0x00, 0x2c, 0x7f, 0x00, 0x00, 0x00, 0x15, 0x0a, 0x25, 0x8f, 0x04, 0x22, 0x02, 0x2c, 0x15
    .byte 0x00, 0x00, 0x00, 0x2c, 0x9d, 0x00, 0x00, 0x00, 0x2c, 0x7f, 0x00, 0x00, 0x00, 0x15, 0x0a, 0x25
    .byte 0x2b, 0x05, 0x22, 0x02, 0x03, 0x00, 0x01, 0x00, 0x00, 0x00, 0x32, 0x00, 0x09, 0x00, 0x00, 0x00
    .byte 0x14, 0xbb, 0x04, 0x22, 0x02, 0x2c, 0x15, 0x00, 0x00, 0x00, 0x2c, 0x9c, 0x00, 0x00, 0x00, 0x2c
    .byte 0x7f, 0x00, 0x00, 0x00, 0x15, 0x0a, 0x25, 0x2b, 0x05, 0x22, 0x02, 0x03, 0x00, 0x01, 0x00, 0x00
    .byte 0x00, 0x32, 0x00, 0x04, 0x00, 0x00, 0x00, 0x14, 0xe2, 0x04, 0x22, 0x02, 0x2c, 0x15, 0x00, 0x00
    .byte 0x00, 0x2c, 0x9c, 0x00, 0x00, 0x00, 0x2c, 0x7f, 0x00, 0x00, 0x00, 0x15, 0x0a, 0x25, 0x2b, 0x05
    .byte 0x22, 0x02, 0x03, 0x00, 0x01, 0x00, 0x00, 0x00, 0x32, 0x00, 0x0a, 0x00, 0x00, 0x00, 0x14, 0x09
    .byte 0x05, 0x22, 0x02, 0x2c, 0x15, 0x00, 0x00, 0x00, 0x2c, 0x9d, 0x00, 0x00, 0x00, 0x2c, 0x7f, 0x00
    .byte 0x00, 0x00, 0x15, 0x0a, 0x25, 0x2b, 0x05, 0x22, 0x02, 0x03, 0x00, 0x01, 0x00, 0x00, 0x00, 0x32
    .byte 0x00, 0x0b, 0x00, 0x00, 0x00, 0x14, 0x2b, 0x05, 0x22, 0x02, 0x2c, 0x15, 0x00, 0x00, 0x00, 0x2c
    .byte 0x9c, 0x00, 0x00, 0x00, 0x2c, 0x7f, 0x00, 0x00, 0x00, 0x15, 0x0a, 0x20, 0x00, 0x00, 0x2c, 0x7f
    .byte 0xeb, 0x21, 0x02, 0x15, 0x39, 0x20, 0x00, 0x00, 0x15, 0x42, 0x18, 0x70, 0x32, 0x00, 0x00, 0x00
    .byte 0x00, 0x00, 0x14, 0x4c, 0x05, 0x22, 0x02, 0x01, 0x35, 0x05, 0x22, 0x02, 0x25, 0x87, 0x05, 0x22
    .byte 0x02, 0x2a, 0x00, 0x02, 0x31, 0x00, 0x64, 0x00, 0x00, 0x00, 0x14, 0x87, 0x05, 0x22, 0x02, 0x15
    .byte 0x8b, 0x18, 0x70, 0x32, 0x00, 0x00, 0x00, 0x00, 0x00, 0x13, 0x73, 0x05, 0x22, 0x02, 0x01, 0x5f
    .byte 0x05, 0x22, 0x02, 0x2c, 0x35, 0x06, 0x00, 0x00, 0x2c, 0x01, 0x00, 0x00, 0x00, 0x20, 0x00, 0x00
    .byte 0x20, 0x00, 0x00, 0x15, 0x59, 0x15, 0x5a, 0x25, 0x4f, 0x12, 0x22, 0x02, 0x2a, 0x00, 0x04, 0x32
    .byte 0x00, 0x00, 0x00, 0x00, 0x00, 0x14, 0xf7, 0x0b, 0x22, 0x02, 0x2a, 0x00, 0x02, 0x31, 0x00, 0x2c
    .byte 0x01, 0x00, 0x00, 0x14, 0xaa, 0x07, 0x22, 0x02, 0x15, 0x8b, 0x18, 0x70, 0x32, 0x00, 0x00, 0x00
    .byte 0x00, 0x00, 0x13, 0xbc, 0x05, 0x22, 0x02, 0x01, 0xa8, 0x05, 0x22, 0x02, 0x2c, 0x3c, 0x06, 0x00
    .byte 0x00, 0x2c, 0x01, 0x00, 0x00, 0x00, 0x20, 0x00, 0x00, 0x20, 0x00, 0x00, 0x15, 0x59, 0x15, 0x5a
    .byte 0x2c, 0x01, 0x00, 0x00, 0x00, 0x2c, 0xfa, 0x00, 0x00, 0x00, 0x2c, 0x1e, 0x00, 0x00, 0x00, 0x15
    .byte 0xba, 0x2c, 0xb0, 0x04, 0x00, 0x00, 0x15, 0xaa, 0x03, 0x00, 0x01, 0x00, 0x00, 0x00, 0x26, 0x00
    .byte 0x66, 0x03, 0x00, 0x00, 0x00, 0x00, 0x00, 0x26, 0x00, 0xd9, 0x03, 0x00, 0x01, 0x00, 0x00, 0x00
    .byte 0x32, 0x00, 0x01, 0x00, 0x00, 0x00, 0x13, 0x1c, 0x06, 0x22, 0x02, 0x03, 0x00, 0x01, 0x00, 0x00
    .byte 0x00, 0x32, 0x00, 0x08, 0x00, 0x00, 0x00, 0x14, 0x2a, 0x06, 0x22, 0x02, 0x03, 0x00, 0xb0, 0x04
    .byte 0x00, 0x00, 0x36, 0x00, 0x00, 0x25, 0x33, 0x06, 0x22, 0x02, 0x03, 0x00, 0xb0, 0x04, 0x00, 0x00
    .byte 0x26, 0x00, 0x63, 0x03, 0x00, 0x01, 0x00, 0x00, 0x00, 0x32, 0x00, 0x01, 0x00, 0x00, 0x00, 0x14
    .byte 0x64, 0x06, 0x22, 0x02, 0x20, 0x00, 0x00, 0x2c, 0x0f, 0x00, 0x00, 0x00, 0x15, 0xe0, 0x2c, 0x15
    .byte 0x00, 0x00, 0x00, 0x2c, 0x9d, 0x00, 0x00, 0x00, 0x2c, 0x7f, 0x00, 0x00, 0x00, 0x15, 0x0a, 0x25
    .byte 0x84, 0x07, 0x22, 0x02, 0x03, 0x00, 0x01, 0x00, 0x00, 0x00, 0x32, 0x00, 0x08, 0x00, 0x00, 0x00
    .byte 0x14, 0x95, 0x06, 0x22, 0x02, 0x20, 0x00, 0x00, 0x2c, 0x0f, 0x00, 0x00, 0x00, 0x15, 0xe0, 0x2c
    .byte 0x15, 0x00, 0x00, 0x00, 0x2c, 0x9c, 0x00, 0x00, 0x00, 0x2c, 0x7f, 0x00, 0x00, 0x00, 0x15, 0x0a
    .byte 0x25, 0x84, 0x07, 0x22, 0x02, 0x03, 0x00, 0x01, 0x00, 0x00, 0x00, 0x32, 0x00, 0x03, 0x00, 0x00
    .byte 0x00, 0x14, 0xed, 0x06, 0x22, 0x02, 0x03, 0x00, 0x00, 0x00, 0x00, 0x00, 0x32, 0x00, 0x3e, 0x00
    .byte 0x00, 0x00, 0x14, 0xd7, 0x06, 0x22, 0x02, 0x20, 0x00, 0x00, 0x2c, 0x75, 0x00, 0x00, 0x00, 0x15
    .byte 0xe0, 0x2c, 0x15, 0x00, 0x00, 0x00, 0x2c, 0x9d, 0x00, 0x00, 0x00, 0x2c, 0x7f, 0x00, 0x00, 0x00
    .byte 0x15, 0x0a, 0x25, 0xe8, 0x06, 0x22, 0x02, 0x2c, 0x15, 0x00, 0x00, 0x00, 0x2c, 0x9d, 0x00, 0x00
    .byte 0x00, 0x2c, 0x7f, 0x00, 0x00, 0x00, 0x15, 0x0a, 0x25, 0x84, 0x07, 0x22, 0x02, 0x03, 0x00, 0x01
    .byte 0x00, 0x00, 0x00, 0x32, 0x00, 0x09, 0x00, 0x00, 0x00, 0x14, 0x14, 0x07, 0x22, 0x02, 0x2c, 0x15
    .byte 0x00, 0x00, 0x00, 0x2c, 0x9c, 0x00, 0x00, 0x00, 0x2c, 0x7f, 0x00, 0x00, 0x00, 0x15, 0x0a, 0x25
    .byte 0x84, 0x07, 0x22, 0x02, 0x03, 0x00, 0x01, 0x00, 0x00, 0x00, 0x32, 0x00, 0x04, 0x00, 0x00, 0x00
    .byte 0x14, 0x3b, 0x07, 0x22, 0x02, 0x2c, 0x15, 0x00, 0x00, 0x00, 0x2c, 0x9c, 0x00, 0x00, 0x00, 0x2c
    .byte 0x7f, 0x00, 0x00, 0x00, 0x15, 0x0a, 0x25, 0x84, 0x07, 0x22, 0x02, 0x03, 0x00, 0x01, 0x00, 0x00
    .byte 0x00, 0x32, 0x00, 0x0a, 0x00, 0x00, 0x00, 0x14, 0x62, 0x07, 0x22, 0x02, 0x2c, 0x15, 0x00, 0x00
    .byte 0x00, 0x2c, 0x9d, 0x00, 0x00, 0x00, 0x2c, 0x7f, 0x00, 0x00, 0x00, 0x15, 0x0a, 0x25, 0x84, 0x07
    .byte 0x22, 0x02, 0x03, 0x00, 0x01, 0x00, 0x00, 0x00, 0x32, 0x00, 0x0b, 0x00, 0x00, 0x00, 0x14, 0x84
    .byte 0x07, 0x22, 0x02, 0x2c, 0x15, 0x00, 0x00, 0x00, 0x2c, 0x9c, 0x00, 0x00, 0x00, 0x2c, 0x7f, 0x00
    .byte 0x00, 0x00, 0x15, 0x0a, 0x20, 0x00, 0x00, 0x2c, 0x7f, 0xeb, 0x21, 0x02, 0x15, 0x39, 0x20, 0x00
    .byte 0x00, 0x15, 0x42, 0x18, 0x70, 0x32, 0x00, 0x00, 0x00, 0x00, 0x00, 0x14, 0xa5, 0x07, 0x22, 0x02
    .byte 0x01, 0x8e, 0x07, 0x22, 0x02, 0x25, 0xf2, 0x0b, 0x22, 0x02, 0x2a, 0x00, 0x02, 0x31, 0x00, 0xc8
    .byte 0x00, 0x00, 0x00, 0x14, 0xba, 0x09, 0x22, 0x02, 0x15, 0x8b, 0x18, 0x70, 0x32, 0x00, 0x00, 0x00
    .byte 0x00, 0x00, 0x13, 0xcc, 0x07, 0x22, 0x02, 0x01, 0xb8, 0x07, 0x22, 0x02, 0x2c, 0x39, 0x06, 0x00
    .byte 0x00, 0x2c, 0x01, 0x00, 0x00, 0x00, 0x20, 0x00, 0x00, 0x20, 0x00, 0x00, 0x15, 0x59, 0x15, 0x5a
    .byte 0x2c, 0x01, 0x00, 0x00, 0x00, 0x2c, 0xfa, 0x00, 0x00, 0x00, 0x2c, 0x1e, 0x00, 0x00, 0x00, 0x15
    .byte 0xba, 0x2c, 0x20, 0x03, 0x00, 0x00, 0x15, 0xaa, 0x03, 0x00, 0x01, 0x00, 0x00, 0x00, 0x26, 0x00
    .byte 0x66, 0x03, 0x00, 0x00, 0x00, 0x00, 0x00, 0x26, 0x00, 0xd9, 0x03, 0x00, 0x01, 0x00, 0x00, 0x00
    .byte 0x32, 0x00, 0x01, 0x00, 0x00, 0x00, 0x13, 0x2c, 0x08, 0x22, 0x02, 0x03, 0x00, 0x01, 0x00, 0x00
    .byte 0x00, 0x32, 0x00, 0x08, 0x00, 0x00, 0x00, 0x14, 0x3a, 0x08, 0x22, 0x02, 0x03, 0x00, 0x20, 0x03
    .byte 0x00, 0x00, 0x36, 0x00, 0x00, 0x25, 0x43, 0x08, 0x22, 0x02, 0x03, 0x00, 0x20, 0x03, 0x00, 0x00
    .byte 0x26, 0x00, 0x63, 0x03, 0x00, 0x01, 0x00, 0x00, 0x00, 0x32, 0x00, 0x01, 0x00, 0x00, 0x00, 0x14
    .byte 0x74, 0x08, 0x22, 0x02, 0x20, 0x00, 0x00, 0x2c, 0x0f, 0x00, 0x00, 0x00, 0x15, 0xe0, 0x2c, 0x15
    .byte 0x00, 0x00, 0x00, 0x2c, 0x9d, 0x00, 0x00, 0x00, 0x2c, 0x7f, 0x00, 0x00, 0x00, 0x15, 0x0a, 0x25
    .byte 0x94, 0x09, 0x22, 0x02, 0x03, 0x00, 0x01, 0x00, 0x00, 0x00, 0x32, 0x00, 0x08, 0x00, 0x00, 0x00
    .byte 0x14, 0xa5, 0x08, 0x22, 0x02, 0x20, 0x00, 0x00, 0x2c, 0x0f, 0x00, 0x00, 0x00, 0x15, 0xe0, 0x2c
    .byte 0x15, 0x00, 0x00, 0x00, 0x2c, 0x9c, 0x00, 0x00, 0x00, 0x2c, 0x7f, 0x00, 0x00, 0x00, 0x15, 0x0a
    .byte 0x25, 0x94, 0x09, 0x22, 0x02, 0x03, 0x00, 0x01, 0x00, 0x00, 0x00, 0x32, 0x00, 0x03, 0x00, 0x00
    .byte 0x00, 0x14, 0xfd, 0x08, 0x22, 0x02, 0x03, 0x00, 0x00, 0x00, 0x00, 0x00, 0x32, 0x00, 0x3e, 0x00
    .byte 0x00, 0x00, 0x14, 0xe7, 0x08, 0x22, 0x02, 0x20, 0x00, 0x00, 0x2c, 0x75, 0x00, 0x00, 0x00, 0x15
    .byte 0xe0, 0x2c, 0x15, 0x00, 0x00, 0x00, 0x2c, 0x9d, 0x00, 0x00, 0x00, 0x2c, 0x7f, 0x00, 0x00, 0x00
    .byte 0x15, 0x0a, 0x25, 0xf8, 0x08, 0x22, 0x02, 0x2c, 0x15, 0x00, 0x00, 0x00, 0x2c, 0x9d, 0x00, 0x00
    .byte 0x00, 0x2c, 0x7f, 0x00, 0x00, 0x00, 0x15, 0x0a, 0x25, 0x94, 0x09, 0x22, 0x02, 0x03, 0x00, 0x01
    .byte 0x00, 0x00, 0x00, 0x32, 0x00, 0x09, 0x00, 0x00, 0x00, 0x14, 0x24, 0x09, 0x22, 0x02, 0x2c, 0x15
    .byte 0x00, 0x00, 0x00, 0x2c, 0x9c, 0x00, 0x00, 0x00, 0x2c, 0x7f, 0x00, 0x00, 0x00, 0x15, 0x0a, 0x25
    .byte 0x94, 0x09, 0x22, 0x02, 0x03, 0x00, 0x01, 0x00, 0x00, 0x00, 0x32, 0x00, 0x04, 0x00, 0x00, 0x00
    .byte 0x14, 0x4b, 0x09, 0x22, 0x02, 0x2c, 0x15, 0x00, 0x00, 0x00, 0x2c, 0x9c, 0x00, 0x00, 0x00, 0x2c
    .byte 0x7f, 0x00, 0x00, 0x00, 0x15, 0x0a, 0x25, 0x94, 0x09, 0x22, 0x02, 0x03, 0x00, 0x01, 0x00, 0x00
    .byte 0x00, 0x32, 0x00, 0x0a, 0x00, 0x00, 0x00, 0x14, 0x72, 0x09, 0x22, 0x02, 0x2c, 0x15, 0x00, 0x00
    .byte 0x00, 0x2c, 0x9d, 0x00, 0x00, 0x00, 0x2c, 0x7f, 0x00, 0x00, 0x00, 0x15, 0x0a, 0x25, 0x94, 0x09
    .byte 0x22, 0x02, 0x03, 0x00, 0x01, 0x00, 0x00, 0x00, 0x32, 0x00, 0x0b, 0x00, 0x00, 0x00, 0x14, 0x94
    .byte 0x09, 0x22, 0x02, 0x2c, 0x15, 0x00, 0x00, 0x00, 0x2c, 0x9c, 0x00, 0x00, 0x00, 0x2c, 0x7f, 0x00
    .byte 0x00, 0x00, 0x15, 0x0a, 0x20, 0x00, 0x00, 0x2c, 0x7f, 0xeb, 0x21, 0x02, 0x15, 0x39, 0x20, 0x00
    .byte 0x00, 0x15, 0x42, 0x18, 0x70, 0x32, 0x00, 0x00, 0x00, 0x00, 0x00, 0x14, 0xb5, 0x09, 0x22, 0x02
    .byte 0x01, 0x9e, 0x09, 0x22, 0x02, 0x25, 0xf2, 0x0b, 0x22, 0x02, 0x2a, 0x00, 0x02, 0x31, 0x00, 0x64
    .byte 0x00, 0x00, 0x00, 0x14, 0xca, 0x0b, 0x22, 0x02, 0x15, 0x8b, 0x18, 0x70, 0x32, 0x00, 0x00, 0x00
    .byte 0x00, 0x00, 0x13, 0xdc, 0x09, 0x22, 0x02, 0x01, 0xc8, 0x09, 0x22, 0x02, 0x2c, 0x36, 0x06, 0x00
    .byte 0x00, 0x2c, 0x01, 0x00, 0x00, 0x00, 0x20, 0x00, 0x00, 0x20, 0x00, 0x00, 0x15, 0x59, 0x15, 0x5a
    .byte 0x2c, 0x01, 0x00, 0x00, 0x00, 0x2c, 0xfa, 0x00, 0x00, 0x00, 0x2c, 0x1e, 0x00, 0x00, 0x00, 0x15
    .byte 0xba, 0x2c, 0xf4, 0x01, 0x00, 0x00, 0x15, 0xaa, 0x03, 0x00, 0x01, 0x00, 0x00, 0x00, 0x26, 0x00
    .byte 0x66, 0x03, 0x00, 0x00, 0x00, 0x00, 0x00, 0x26, 0x00, 0xd9, 0x03, 0x00, 0x01, 0x00, 0x00, 0x00
    .byte 0x32, 0x00, 0x01, 0x00, 0x00, 0x00, 0x13, 0x3c, 0x0a, 0x22, 0x02, 0x03, 0x00, 0x01, 0x00, 0x00
    .byte 0x00, 0x32, 0x00, 0x08, 0x00, 0x00, 0x00, 0x14, 0x4a, 0x0a, 0x22, 0x02, 0x03, 0x00, 0xf4, 0x01
    .byte 0x00, 0x00, 0x36, 0x00, 0x00, 0x25, 0x53, 0x0a, 0x22, 0x02, 0x03, 0x00, 0xf4, 0x01, 0x00, 0x00
    .byte 0x26, 0x00, 0x63, 0x03, 0x00, 0x01, 0x00, 0x00, 0x00, 0x32, 0x00, 0x01, 0x00, 0x00, 0x00, 0x14
    .byte 0x84, 0x0a, 0x22, 0x02, 0x20, 0x00, 0x00, 0x2c, 0x0f, 0x00, 0x00, 0x00, 0x15, 0xe0, 0x2c, 0x15
    .byte 0x00, 0x00, 0x00, 0x2c, 0x9d, 0x00, 0x00, 0x00, 0x2c, 0x7f, 0x00, 0x00, 0x00, 0x15, 0x0a, 0x25
    .byte 0xa4, 0x0b, 0x22, 0x02, 0x03, 0x00, 0x01, 0x00, 0x00, 0x00, 0x32, 0x00, 0x08, 0x00, 0x00, 0x00
    .byte 0x14, 0xb5, 0x0a, 0x22, 0x02, 0x20, 0x00, 0x00, 0x2c, 0x0f, 0x00, 0x00, 0x00, 0x15, 0xe0, 0x2c
    .byte 0x15, 0x00, 0x00, 0x00, 0x2c, 0x9c, 0x00, 0x00, 0x00, 0x2c, 0x7f, 0x00, 0x00, 0x00, 0x15, 0x0a
    .byte 0x25, 0xa4, 0x0b, 0x22, 0x02, 0x03, 0x00, 0x01, 0x00, 0x00, 0x00, 0x32, 0x00, 0x03, 0x00, 0x00
    .byte 0x00, 0x14, 0x0d, 0x0b, 0x22, 0x02, 0x03, 0x00, 0x00, 0x00, 0x00, 0x00, 0x32, 0x00, 0x3e, 0x00
    .byte 0x00, 0x00, 0x14, 0xf7, 0x0a, 0x22, 0x02, 0x20, 0x00, 0x00, 0x2c, 0x75, 0x00, 0x00, 0x00, 0x15
    .byte 0xe0, 0x2c, 0x15, 0x00, 0x00, 0x00, 0x2c, 0x9d, 0x00, 0x00, 0x00, 0x2c, 0x7f, 0x00, 0x00, 0x00
    .byte 0x15, 0x0a, 0x25, 0x08, 0x0b, 0x22, 0x02, 0x2c, 0x15, 0x00, 0x00, 0x00, 0x2c, 0x9d, 0x00, 0x00
    .byte 0x00, 0x2c, 0x7f, 0x00, 0x00, 0x00, 0x15, 0x0a, 0x25, 0xa4, 0x0b, 0x22, 0x02, 0x03, 0x00, 0x01
    .byte 0x00, 0x00, 0x00, 0x32, 0x00, 0x09, 0x00, 0x00, 0x00, 0x14, 0x34, 0x0b, 0x22, 0x02, 0x2c, 0x15
    .byte 0x00, 0x00, 0x00, 0x2c, 0x9c, 0x00, 0x00, 0x00, 0x2c, 0x7f, 0x00, 0x00, 0x00, 0x15, 0x0a, 0x25
    .byte 0xa4, 0x0b, 0x22, 0x02, 0x03, 0x00, 0x01, 0x00, 0x00, 0x00, 0x32, 0x00, 0x04, 0x00, 0x00, 0x00
    .byte 0x14, 0x5b, 0x0b, 0x22, 0x02, 0x2c, 0x15, 0x00, 0x00, 0x00, 0x2c, 0x9c, 0x00, 0x00, 0x00, 0x2c
    .byte 0x7f, 0x00, 0x00, 0x00, 0x15, 0x0a, 0x25, 0xa4, 0x0b, 0x22, 0x02, 0x03, 0x00, 0x01, 0x00, 0x00
    .byte 0x00, 0x32, 0x00, 0x0a, 0x00, 0x00, 0x00, 0x14, 0x82, 0x0b, 0x22, 0x02, 0x2c, 0x15, 0x00, 0x00
    .byte 0x00, 0x2c, 0x9d, 0x00, 0x00, 0x00, 0x2c, 0x7f, 0x00, 0x00, 0x00, 0x15, 0x0a, 0x25, 0xa4, 0x0b
    .byte 0x22, 0x02, 0x03, 0x00, 0x01, 0x00, 0x00, 0x00, 0x32, 0x00, 0x0b, 0x00, 0x00, 0x00, 0x14, 0xa4
    .byte 0x0b, 0x22, 0x02, 0x2c, 0x15, 0x00, 0x00, 0x00, 0x2c, 0x9c, 0x00, 0x00, 0x00, 0x2c, 0x7f, 0x00
    .byte 0x00, 0x00, 0x15, 0x0a, 0x20, 0x00, 0x00, 0x2c, 0x7f, 0xeb, 0x21, 0x02, 0x15, 0x39, 0x20, 0x00
    .byte 0x00, 0x15, 0x42, 0x18, 0x70, 0x32, 0x00, 0x00, 0x00, 0x00, 0x00, 0x14, 0xc5, 0x0b, 0x22, 0x02
    .byte 0x01, 0xae, 0x0b, 0x22, 0x02, 0x25, 0xf2, 0x0b, 0x22, 0x02, 0x15, 0x8b, 0x18, 0x70, 0x32, 0x00
    .byte 0x00, 0x00, 0x00, 0x00, 0x13, 0xde, 0x0b, 0x22, 0x02, 0x01, 0xca, 0x0b, 0x22, 0x02, 0x2c, 0x34
    .byte 0x06, 0x00, 0x00, 0x2c, 0x01, 0x00, 0x00, 0x00, 0x20, 0x00, 0x00, 0x20, 0x00, 0x00, 0x15, 0x59
    .byte 0x15, 0x5a, 0x25, 0x4f, 0x12, 0x22, 0x02, 0x2a, 0x00, 0x02, 0x31, 0x00, 0x2c, 0x01, 0x00, 0x00
    .byte 0x14, 0x07, 0x0e, 0x22, 0x02, 0x15, 0x8b, 0x18, 0x70, 0x32, 0x00, 0x00, 0x00, 0x00, 0x00, 0x13
    .byte 0x19, 0x0c, 0x22, 0x02, 0x01, 0x05, 0x0c, 0x22, 0x02, 0x2c, 0x3d, 0x06, 0x00, 0x00, 0x2c, 0x01
    .byte 0x00, 0x00, 0x00, 0x20, 0x00, 0x00, 0x20, 0x00, 0x00, 0x15, 0x59, 0x15, 0x5a, 0x2c, 0x01, 0x00
    .byte 0x00, 0x00, 0x2c, 0xfa, 0x00, 0x00, 0x00, 0x2c, 0x1e, 0x00, 0x00, 0x00, 0x15, 0xba, 0x2c, 0x88
    .byte 0x13, 0x00, 0x00, 0x15, 0xaa, 0x03, 0x00, 0x01, 0x00, 0x00, 0x00, 0x26, 0x00, 0x66, 0x03, 0x00
    .byte 0x00, 0x00, 0x00, 0x00, 0x26, 0x00, 0xd9, 0x03, 0x00, 0x01, 0x00, 0x00, 0x00, 0x32, 0x00, 0x01
    .byte 0x00, 0x00, 0x00, 0x13, 0x79, 0x0c, 0x22, 0x02, 0x03, 0x00, 0x01, 0x00, 0x00, 0x00, 0x32, 0x00
    .byte 0x08, 0x00, 0x00, 0x00, 0x14, 0x87, 0x0c, 0x22, 0x02, 0x03, 0x00, 0x88, 0x13, 0x00, 0x00, 0x36
    .byte 0x00, 0x00, 0x25, 0x90, 0x0c, 0x22, 0x02, 0x03, 0x00, 0x88, 0x13, 0x00, 0x00, 0x26, 0x00, 0x63
    .byte 0x03, 0x00, 0x01, 0x00, 0x00, 0x00, 0x32, 0x00, 0x01, 0x00, 0x00, 0x00, 0x14, 0xc1, 0x0c, 0x22
    .byte 0x02, 0x20, 0x00, 0x00, 0x2c, 0x0f, 0x00, 0x00, 0x00, 0x15, 0xe0, 0x2c, 0x15, 0x00, 0x00, 0x00
    .byte 0x2c, 0x9d, 0x00, 0x00, 0x00, 0x2c, 0x7f, 0x00, 0x00, 0x00, 0x15, 0x0a, 0x25, 0xe1, 0x0d, 0x22
    .byte 0x02, 0x03, 0x00, 0x01, 0x00, 0x00, 0x00, 0x32, 0x00, 0x08, 0x00, 0x00, 0x00, 0x14, 0xf2, 0x0c
    .byte 0x22, 0x02, 0x20, 0x00, 0x00, 0x2c, 0x0f, 0x00, 0x00, 0x00, 0x15, 0xe0, 0x2c, 0x15, 0x00, 0x00
    .byte 0x00, 0x2c, 0x9c, 0x00, 0x00, 0x00, 0x2c, 0x7f, 0x00, 0x00, 0x00, 0x15, 0x0a, 0x25, 0xe1, 0x0d
    .byte 0x22, 0x02, 0x03, 0x00, 0x01, 0x00, 0x00, 0x00, 0x32, 0x00, 0x03, 0x00, 0x00, 0x00, 0x14, 0x4a
    .byte 0x0d, 0x22, 0x02, 0x03, 0x00, 0x00, 0x00, 0x00, 0x00, 0x32, 0x00, 0x3e, 0x00, 0x00, 0x00, 0x14
    .byte 0x34, 0x0d, 0x22, 0x02, 0x20, 0x00, 0x00, 0x2c, 0x75, 0x00, 0x00, 0x00, 0x15, 0xe0, 0x2c, 0x15
    .byte 0x00, 0x00, 0x00, 0x2c, 0x9d, 0x00, 0x00, 0x00, 0x2c, 0x7f, 0x00, 0x00, 0x00, 0x15, 0x0a, 0x25
    .byte 0x45, 0x0d, 0x22, 0x02, 0x2c, 0x15, 0x00, 0x00, 0x00, 0x2c, 0x9d, 0x00, 0x00, 0x00, 0x2c, 0x7f
    .byte 0x00, 0x00, 0x00, 0x15, 0x0a, 0x25, 0xe1, 0x0d, 0x22, 0x02, 0x03, 0x00, 0x01, 0x00, 0x00, 0x00
    .byte 0x32, 0x00, 0x09, 0x00, 0x00, 0x00, 0x14, 0x71, 0x0d, 0x22, 0x02, 0x2c, 0x15, 0x00, 0x00, 0x00
    .byte 0x2c, 0x9c, 0x00, 0x00, 0x00, 0x2c, 0x7f, 0x00, 0x00, 0x00, 0x15, 0x0a, 0x25, 0xe1, 0x0d, 0x22
    .byte 0x02, 0x03, 0x00, 0x01, 0x00, 0x00, 0x00, 0x32, 0x00, 0x04, 0x00, 0x00, 0x00, 0x14, 0x98, 0x0d
    .byte 0x22, 0x02, 0x2c, 0x15, 0x00, 0x00, 0x00, 0x2c, 0x9c, 0x00, 0x00, 0x00, 0x2c, 0x7f, 0x00, 0x00
    .byte 0x00, 0x15, 0x0a, 0x25, 0xe1, 0x0d, 0x22, 0x02, 0x03, 0x00, 0x01, 0x00, 0x00, 0x00, 0x32, 0x00
    .byte 0x0a, 0x00, 0x00, 0x00, 0x14, 0xbf, 0x0d, 0x22, 0x02, 0x2c, 0x15, 0x00, 0x00, 0x00, 0x2c, 0x9d
    .byte 0x00, 0x00, 0x00, 0x2c, 0x7f, 0x00, 0x00, 0x00, 0x15, 0x0a, 0x25, 0xe1, 0x0d, 0x22, 0x02, 0x03
    .byte 0x00, 0x01, 0x00, 0x00, 0x00, 0x32, 0x00, 0x0b, 0x00, 0x00, 0x00, 0x14, 0xe1, 0x0d, 0x22, 0x02
    .byte 0x2c, 0x15, 0x00, 0x00, 0x00, 0x2c, 0x9c, 0x00, 0x00, 0x00, 0x2c, 0x7f, 0x00, 0x00, 0x00, 0x15
    .byte 0x0a, 0x20, 0x00, 0x00, 0x2c, 0x7f, 0xeb, 0x21, 0x02, 0x15, 0x39, 0x20, 0x00, 0x00, 0x15, 0x42
    .byte 0x18, 0x70, 0x32, 0x00, 0x00, 0x00, 0x00, 0x00, 0x14, 0x02, 0x0e, 0x22, 0x02, 0x01, 0xeb, 0x0d
    .byte 0x22, 0x02, 0x25, 0x4f, 0x12, 0x22, 0x02, 0x2a, 0x00, 0x02, 0x31, 0x00, 0xc8, 0x00, 0x00, 0x00
    .byte 0x14, 0x17, 0x10, 0x22, 0x02, 0x15, 0x8b, 0x18, 0x70, 0x32, 0x00, 0x00, 0x00, 0x00, 0x00, 0x13
    .byte 0x29, 0x0e, 0x22, 0x02, 0x01, 0x15, 0x0e, 0x22, 0x02, 0x2c, 0x3a, 0x06, 0x00, 0x00, 0x2c, 0x01
    .byte 0x00, 0x00, 0x00, 0x20, 0x00, 0x00, 0x20, 0x00, 0x00, 0x15, 0x59, 0x15, 0x5a, 0x2c, 0x01, 0x00
    .byte 0x00, 0x00, 0x2c, 0xfa, 0x00, 0x00, 0x00, 0x2c, 0x1e, 0x00, 0x00, 0x00, 0x15, 0xba, 0x2c, 0xd0
    .byte 0x07, 0x00, 0x00, 0x15, 0xaa, 0x03, 0x00, 0x01, 0x00, 0x00, 0x00, 0x26, 0x00, 0x66, 0x03, 0x00
    .byte 0x00, 0x00, 0x00, 0x00, 0x26, 0x00, 0xd9, 0x03, 0x00, 0x01, 0x00, 0x00, 0x00, 0x32, 0x00, 0x01
    .byte 0x00, 0x00, 0x00, 0x13, 0x89, 0x0e, 0x22, 0x02, 0x03, 0x00, 0x01, 0x00, 0x00, 0x00, 0x32, 0x00
    .byte 0x08, 0x00, 0x00, 0x00, 0x14, 0x97, 0x0e, 0x22, 0x02, 0x03, 0x00, 0xd0, 0x07, 0x00, 0x00, 0x36
    .byte 0x00, 0x00, 0x25, 0xa0, 0x0e, 0x22, 0x02, 0x03, 0x00, 0xd0, 0x07, 0x00, 0x00, 0x26, 0x00, 0x63
    .byte 0x03, 0x00, 0x01, 0x00, 0x00, 0x00, 0x32, 0x00, 0x01, 0x00, 0x00, 0x00, 0x14, 0xd1, 0x0e, 0x22
    .byte 0x02, 0x20, 0x00, 0x00, 0x2c, 0x0f, 0x00, 0x00, 0x00, 0x15, 0xe0, 0x2c, 0x15, 0x00, 0x00, 0x00
    .byte 0x2c, 0x9d, 0x00, 0x00, 0x00, 0x2c, 0x7f, 0x00, 0x00, 0x00, 0x15, 0x0a, 0x25, 0xf1, 0x0f, 0x22
    .byte 0x02, 0x03, 0x00, 0x01, 0x00, 0x00, 0x00, 0x32, 0x00, 0x08, 0x00, 0x00, 0x00, 0x14, 0x02, 0x0f
    .byte 0x22, 0x02, 0x20, 0x00, 0x00, 0x2c, 0x0f, 0x00, 0x00, 0x00, 0x15, 0xe0, 0x2c, 0x15, 0x00, 0x00
    .byte 0x00, 0x2c, 0x9c, 0x00, 0x00, 0x00, 0x2c, 0x7f, 0x00, 0x00, 0x00, 0x15, 0x0a, 0x25, 0xf1, 0x0f
    .byte 0x22, 0x02, 0x03, 0x00, 0x01, 0x00, 0x00, 0x00, 0x32, 0x00, 0x03, 0x00, 0x00, 0x00, 0x14, 0x5a
    .byte 0x0f, 0x22, 0x02, 0x03, 0x00, 0x00, 0x00, 0x00, 0x00, 0x32, 0x00, 0x3e, 0x00, 0x00, 0x00, 0x14
    .byte 0x44, 0x0f, 0x22, 0x02, 0x20, 0x00, 0x00, 0x2c, 0x75, 0x00, 0x00, 0x00, 0x15, 0xe0, 0x2c, 0x15
    .byte 0x00, 0x00, 0x00, 0x2c, 0x9d, 0x00, 0x00, 0x00, 0x2c, 0x7f, 0x00, 0x00, 0x00, 0x15, 0x0a, 0x25
    .byte 0x55, 0x0f, 0x22, 0x02, 0x2c, 0x15, 0x00, 0x00, 0x00, 0x2c, 0x9d, 0x00, 0x00, 0x00, 0x2c, 0x7f
    .byte 0x00, 0x00, 0x00, 0x15, 0x0a, 0x25, 0xf1, 0x0f, 0x22, 0x02, 0x03, 0x00, 0x01, 0x00, 0x00, 0x00
    .byte 0x32, 0x00, 0x09, 0x00, 0x00, 0x00, 0x14, 0x81, 0x0f, 0x22, 0x02, 0x2c, 0x15, 0x00, 0x00, 0x00
    .byte 0x2c, 0x9c, 0x00, 0x00, 0x00, 0x2c, 0x7f, 0x00, 0x00, 0x00, 0x15, 0x0a, 0x25, 0xf1, 0x0f, 0x22
    .byte 0x02, 0x03, 0x00, 0x01, 0x00, 0x00, 0x00, 0x32, 0x00, 0x04, 0x00, 0x00, 0x00, 0x14, 0xa8, 0x0f
    .byte 0x22, 0x02, 0x2c, 0x15, 0x00, 0x00, 0x00, 0x2c, 0x9c, 0x00, 0x00, 0x00, 0x2c, 0x7f, 0x00, 0x00
    .byte 0x00, 0x15, 0x0a, 0x25, 0xf1, 0x0f, 0x22, 0x02, 0x03, 0x00, 0x01, 0x00, 0x00, 0x00, 0x32, 0x00
    .byte 0x0a, 0x00, 0x00, 0x00, 0x14, 0xcf, 0x0f, 0x22, 0x02, 0x2c, 0x15, 0x00, 0x00, 0x00, 0x2c, 0x9d
    .byte 0x00, 0x00, 0x00, 0x2c, 0x7f, 0x00, 0x00, 0x00, 0x15, 0x0a, 0x25, 0xf1, 0x0f, 0x22, 0x02, 0x03
    .byte 0x00, 0x01, 0x00, 0x00, 0x00, 0x32, 0x00, 0x0b, 0x00, 0x00, 0x00, 0x14, 0xf1, 0x0f, 0x22, 0x02
    .byte 0x2c, 0x15, 0x00, 0x00, 0x00, 0x2c, 0x9c, 0x00, 0x00, 0x00, 0x2c, 0x7f, 0x00, 0x00, 0x00, 0x15
    .byte 0x0a, 0x20, 0x00, 0x00, 0x2c, 0x7f, 0xeb, 0x21, 0x02, 0x15, 0x39, 0x20, 0x00, 0x00, 0x15, 0x42
    .byte 0x18, 0x70, 0x32, 0x00, 0x00, 0x00, 0x00, 0x00, 0x14, 0x12, 0x10, 0x22, 0x02, 0x01, 0xfb, 0x0f
    .byte 0x22, 0x02, 0x25, 0x4f, 0x12, 0x22, 0x02, 0x2a, 0x00, 0x02, 0x31, 0x00, 0x64, 0x00, 0x00, 0x00
    .byte 0x14, 0x27, 0x12, 0x22, 0x02, 0x15, 0x8b, 0x18, 0x70, 0x32, 0x00, 0x00, 0x00, 0x00, 0x00, 0x13
    .byte 0x39, 0x10, 0x22, 0x02, 0x01, 0x25, 0x10, 0x22, 0x02, 0x2c, 0x37, 0x06, 0x00, 0x00, 0x2c, 0x01
    .byte 0x00, 0x00, 0x00, 0x20, 0x00, 0x00, 0x20, 0x00, 0x00, 0x15, 0x59, 0x15, 0x5a, 0x2c, 0x01, 0x00
    .byte 0x00, 0x00, 0x2c, 0xfa, 0x00, 0x00, 0x00, 0x2c, 0x1e, 0x00, 0x00, 0x00, 0x15, 0xba, 0x2c, 0xe8
    .byte 0x03, 0x00, 0x00, 0x15, 0xaa, 0x03, 0x00, 0x01, 0x00, 0x00, 0x00, 0x26, 0x00, 0x66, 0x03, 0x00
    .byte 0x00, 0x00, 0x00, 0x00, 0x26, 0x00, 0xd9, 0x03, 0x00, 0x01, 0x00, 0x00, 0x00, 0x32, 0x00, 0x01
    .byte 0x00, 0x00, 0x00, 0x13, 0x99, 0x10, 0x22, 0x02, 0x03, 0x00, 0x01, 0x00, 0x00, 0x00, 0x32, 0x00
    .byte 0x08, 0x00, 0x00, 0x00, 0x14, 0xa7, 0x10, 0x22, 0x02, 0x03, 0x00, 0xe8, 0x03, 0x00, 0x00, 0x36
    .byte 0x00, 0x00, 0x25, 0xb0, 0x10, 0x22, 0x02, 0x03, 0x00, 0xe8, 0x03, 0x00, 0x00, 0x26, 0x00, 0x63
    .byte 0x03, 0x00, 0x01, 0x00, 0x00, 0x00, 0x32, 0x00, 0x01, 0x00, 0x00, 0x00, 0x14, 0xe1, 0x10, 0x22
    .byte 0x02, 0x20, 0x00, 0x00, 0x2c, 0x0f, 0x00, 0x00, 0x00, 0x15, 0xe0, 0x2c, 0x15, 0x00, 0x00, 0x00
    .byte 0x2c, 0x9d, 0x00, 0x00, 0x00, 0x2c, 0x7f, 0x00, 0x00, 0x00, 0x15, 0x0a, 0x25, 0x01, 0x12, 0x22
    .byte 0x02, 0x03, 0x00, 0x01, 0x00, 0x00, 0x00, 0x32, 0x00, 0x08, 0x00, 0x00, 0x00, 0x14, 0x12, 0x11
    .byte 0x22, 0x02, 0x20, 0x00, 0x00, 0x2c, 0x0f, 0x00, 0x00, 0x00, 0x15, 0xe0, 0x2c, 0x15, 0x00, 0x00
    .byte 0x00, 0x2c, 0x9c, 0x00, 0x00, 0x00, 0x2c, 0x7f, 0x00, 0x00, 0x00, 0x15, 0x0a, 0x25, 0x01, 0x12
    .byte 0x22, 0x02, 0x03, 0x00, 0x01, 0x00, 0x00, 0x00, 0x32, 0x00, 0x03, 0x00, 0x00, 0x00, 0x14, 0x6a
    .byte 0x11, 0x22, 0x02, 0x03, 0x00, 0x00, 0x00, 0x00, 0x00, 0x32, 0x00, 0x3e, 0x00, 0x00, 0x00, 0x14
    .byte 0x54, 0x11, 0x22, 0x02, 0x20, 0x00, 0x00, 0x2c, 0x75, 0x00, 0x00, 0x00, 0x15, 0xe0, 0x2c, 0x15
    .byte 0x00, 0x00, 0x00, 0x2c, 0x9d, 0x00, 0x00, 0x00, 0x2c, 0x7f, 0x00, 0x00, 0x00, 0x15, 0x0a, 0x25
    .byte 0x65, 0x11, 0x22, 0x02, 0x2c, 0x15, 0x00, 0x00, 0x00, 0x2c, 0x9d, 0x00, 0x00, 0x00, 0x2c, 0x7f
    .byte 0x00, 0x00, 0x00, 0x15, 0x0a, 0x25, 0x01, 0x12, 0x22, 0x02, 0x03, 0x00, 0x01, 0x00, 0x00, 0x00
    .byte 0x32, 0x00, 0x09, 0x00, 0x00, 0x00, 0x14, 0x91, 0x11, 0x22, 0x02, 0x2c, 0x15, 0x00, 0x00, 0x00
    .byte 0x2c, 0x9c, 0x00, 0x00, 0x00, 0x2c, 0x7f, 0x00, 0x00, 0x00, 0x15, 0x0a, 0x25, 0x01, 0x12, 0x22
    .byte 0x02, 0x03, 0x00, 0x01, 0x00, 0x00, 0x00, 0x32, 0x00, 0x04, 0x00, 0x00, 0x00, 0x14, 0xb8, 0x11
    .byte 0x22, 0x02, 0x2c, 0x15, 0x00, 0x00, 0x00, 0x2c, 0x9c, 0x00, 0x00, 0x00, 0x2c, 0x7f, 0x00, 0x00
    .byte 0x00, 0x15, 0x0a, 0x25, 0x01, 0x12, 0x22, 0x02, 0x03, 0x00, 0x01, 0x00, 0x00, 0x00, 0x32, 0x00
    .byte 0x0a, 0x00, 0x00, 0x00, 0x14, 0xdf, 0x11, 0x22, 0x02, 0x2c, 0x15, 0x00, 0x00, 0x00, 0x2c, 0x9d
    .byte 0x00, 0x00, 0x00, 0x2c, 0x7f, 0x00, 0x00, 0x00, 0x15, 0x0a, 0x25, 0x01, 0x12, 0x22, 0x02, 0x03
    .byte 0x00, 0x01, 0x00, 0x00, 0x00, 0x32, 0x00, 0x0b, 0x00, 0x00, 0x00, 0x14, 0x01, 0x12, 0x22, 0x02
    .byte 0x2c, 0x15, 0x00, 0x00, 0x00, 0x2c, 0x9c, 0x00, 0x00, 0x00, 0x2c, 0x7f, 0x00, 0x00, 0x00, 0x15
    .byte 0x0a, 0x20, 0x00, 0x00, 0x2c, 0x7f, 0xeb, 0x21, 0x02, 0x15, 0x39, 0x20, 0x00, 0x00, 0x15, 0x42
    .byte 0x18, 0x70, 0x32, 0x00, 0x00, 0x00, 0x00, 0x00, 0x14, 0x22, 0x12, 0x22, 0x02, 0x01, 0x0b, 0x12
    .byte 0x22, 0x02, 0x25, 0x4f, 0x12, 0x22, 0x02, 0x15, 0x8b, 0x18, 0x70, 0x32, 0x00, 0x00, 0x00, 0x00
    .byte 0x00, 0x13, 0x3b, 0x12, 0x22, 0x02, 0x01, 0x27, 0x12, 0x22, 0x02, 0x2c, 0x34, 0x06, 0x00, 0x00
    .byte 0x2c, 0x01, 0x00, 0x00, 0x00, 0x20, 0x00, 0x00, 0x20, 0x00, 0x00, 0x15, 0x59, 0x15, 0x5a, 0x2a
    .byte 0x00, 0x06, 0x32, 0x00, 0x00, 0x00, 0x00, 0x00, 0x14, 0x88, 0x12, 0x22, 0x02, 0x15, 0x8b, 0x18
    .byte 0x70, 0x32, 0x00, 0x00, 0x00, 0x00, 0x00, 0x13, 0x71, 0x12, 0x22, 0x02, 0x01, 0x5d, 0x12, 0x22
    .byte 0x02, 0x2c, 0x3e, 0x06, 0x00, 0x00, 0x2c, 0x01, 0x00, 0x00, 0x00, 0x20, 0x00, 0x00, 0x20, 0x00
    .byte 0x00, 0x15, 0x59, 0x25, 0xae, 0x12, 0x22, 0x02, 0x15, 0x8b, 0x18, 0x70, 0x32, 0x00, 0x00, 0x00
    .byte 0x00, 0x00, 0x13, 0x9c, 0x12, 0x22, 0x02, 0x01, 0x88, 0x12, 0x22, 0x02, 0x2c, 0x3f, 0x06, 0x00
    .byte 0x00, 0x2c, 0x01, 0x00, 0x00, 0x00, 0x20, 0x00, 0x00, 0x20, 0x00, 0x00, 0x15, 0x59, 0x15, 0x5a
    .byte 0x2a, 0x00, 0x06, 0x32, 0x00, 0x00, 0x00, 0x00, 0x00, 0x14, 0x62, 0x13, 0x22, 0x02, 0x2c, 0x6e
    .byte 0x09, 0x00, 0x00, 0x15, 0x37, 0x18, 0x70, 0x13, 0x62, 0x13, 0x22, 0x02, 0x2c, 0x6e, 0x09, 0x00
    .byte 0x00, 0x15, 0x35, 0x2c, 0x3c, 0x00, 0x00, 0x00, 0x15, 0x07, 0x15, 0x08, 0x2c, 0x1b, 0x00, 0x00
    .byte 0x00, 0x15, 0x31, 0x18, 0x70, 0x26, 0x00, 0x58, 0x20, 0x00, 0x00, 0x2c, 0xc4, 0xe9, 0x21, 0x02
    .byte 0x15, 0x39, 0x20, 0x00, 0x00, 0x15, 0x42, 0x18, 0x70, 0x32, 0x00, 0x00, 0x00, 0x00, 0x00, 0x14
    .byte 0x09, 0x13, 0x22, 0x02, 0x01, 0xf2, 0x12, 0x22, 0x02, 0x15, 0x8b, 0x18, 0x70, 0x32, 0x00, 0x00
    .byte 0x00, 0x00, 0x00, 0x13, 0x1d, 0x13, 0x22, 0x02, 0x01, 0x09, 0x13, 0x22, 0x02, 0x2c, 0x40, 0x06
    .byte 0x00, 0x00, 0x2c, 0x01, 0x00, 0x00, 0x00, 0x20, 0x00, 0x00, 0x20, 0x00, 0x00, 0x15, 0x59, 0x15
    .byte 0x5a, 0x2c, 0x01, 0x00, 0x00, 0x00, 0x2e, 0x07, 0x15, 0x85, 0x15, 0x8b, 0x18, 0x70, 0x32, 0x00
    .byte 0x00, 0x00, 0x00, 0x00, 0x13, 0x4e, 0x13, 0x22, 0x02, 0x01, 0x3a, 0x13, 0x22, 0x02, 0x2c, 0x41
    .byte 0x06, 0x00, 0x00, 0x2c, 0x01, 0x00, 0x00, 0x00, 0x20, 0x00, 0x00, 0x20, 0x00, 0x00, 0x15, 0x59
    .byte 0x15, 0x5a, 0x2c, 0x01, 0x00, 0x00, 0x00, 0x2c, 0x57, 0xf9, 0x21, 0x02, 0x15, 0x29, 0x03, 0x00
    .byte 0x00, 0x00, 0x00, 0x00, 0x28, 0x00, 0x00, 0x2c, 0x01, 0x00, 0x00, 0x00, 0x2c, 0xfa, 0x00, 0x00
    .byte 0x00, 0x2c, 0x1e, 0x00, 0x00, 0x00, 0x15, 0xba, 0x00, 0x00, 0x00, 0x00, 0x00, 0x00, 0x00, 0x00
    .byte 0x00, 0x00, 0x00, 0x00, 0x00, 0x00, 0x00, 0x00, 0x00, 0x00, 0x00, 0x00, 0x00, 0x00, 0x00, 0x00
