.text
; Matching fallback for the portable implementation in src/overlays/ov125/overlay125_recovery.c.
.extern data_ov125_0221d720
.extern data_ov125_0221d734
.extern data_ov125_0221fb95
.extern data_ov125_02228660
.extern data_ov125_02228664
.extern func_02008f58
.extern func_0203aac4
.extern func_0203abac
.extern func_0203b38c
.extern func_0203b3ac

.global func_ov125_0221d6c0
func_ov125_0221d6c0:
    stmdb sp!, {r3, lr}
    cmp r0, #0x0
    ldmneia sp!, {r3, pc}
    bl func_0203aac4
    ldr r0, .L_0221d6fc
    ldr r2, .L_0221d700
    mov r1, #0x3
    bl func_0203b38c
    ldr r0, .L_0221d704
    bl func_0203abac
    ldr r0, .L_0221d708
    bl func_02008f58
    ldr r0, .L_0221d70c
    bl func_0203b3ac
    ldmia sp!, {r3, pc}
.L_0221d6fc: .word data_ov125_02228664
.L_0221d700: .word data_ov125_0221d734
.L_0221d704: .word data_ov125_02228660
.L_0221d708: .word data_ov125_0221d720
.L_0221d70c: .word data_ov125_0221fb95
.size func_ov125_0221d6c0, . - func_ov125_0221d6c0

; Matching fallback for initialized records and BSS documented in
; src/overlays/ov125/overlay125_recovery.c.
; Absolute labels preserve fixed-address record and BSS references without alignment padding.
.global data_ov125_0221d720
.set data_ov125_0221d720, 0x0221d720
.global data_ov125_0221d734
.set data_ov125_0221d734, 0x0221d734
.global data_ov125_0221f024
.set data_ov125_0221f024, 0x0221f024
.global data_ov125_0221f56f
.set data_ov125_0221f56f, 0x0221f56f
.global data_ov125_0221f57d
.set data_ov125_0221f57d, 0x0221f57d
.global data_ov125_0221f71a
.set data_ov125_0221f71a, 0x0221f71a
.global data_ov125_0221f75d
.set data_ov125_0221f75d, 0x0221f75d
.global data_ov125_0221f774
.set data_ov125_0221f774, 0x0221f774
.global data_ov125_0221f79a
.set data_ov125_0221f79a, 0x0221f79a
.global data_ov125_0221f7d4
.set data_ov125_0221f7d4, 0x0221f7d4
.global data_ov125_0221f8c8
.set data_ov125_0221f8c8, 0x0221f8c8
.global data_ov125_0221f8dc
.set data_ov125_0221f8dc, 0x0221f8dc
.global data_ov125_0221f902
.set data_ov125_0221f902, 0x0221f902
.global data_ov125_0221f985
.set data_ov125_0221f985, 0x0221f985
.global data_ov125_0221f986
.set data_ov125_0221f986, 0x0221f986
.global data_ov125_0221f9c3
.set data_ov125_0221f9c3, 0x0221f9c3
.global data_ov125_0221fb95
.set data_ov125_0221fb95, 0x0221fb95
.global data_ov125_0221fc1e
.set data_ov125_0221fc1e, 0x0221fc1e
.global data_ov125_0221fc48
.set data_ov125_0221fc48, 0x0221fc48
.global data_ov125_0221fc4f
.set data_ov125_0221fc4f, 0x0221fc4f
.global data_ov125_0221fcaf
.set data_ov125_0221fcaf, 0x0221fcaf
.global data_ov125_0221ff61
.set data_ov125_0221ff61, 0x0221ff61
.global data_ov125_0221ffea
.set data_ov125_0221ffea, 0x0221ffea
.global data_ov125_02220078
.set data_ov125_02220078, 0x02220078
.global data_ov125_02220299
.set data_ov125_02220299, 0x02220299
.global data_ov125_022202b3
.set data_ov125_022202b3, 0x022202b3
.global data_ov125_02220368
.set data_ov125_02220368, 0x02220368
.global data_ov125_022204b5
.set data_ov125_022204b5, 0x022204b5
.global data_ov125_02220523
.set data_ov125_02220523, 0x02220523
.global data_ov125_0222052d
.set data_ov125_0222052d, 0x0222052d
.global data_ov125_022205e2
.set data_ov125_022205e2, 0x022205e2
.global data_ov125_022207bd
.set data_ov125_022207bd, 0x022207bd
.global data_ov125_022207ed
.set data_ov125_022207ed, 0x022207ed
.global data_ov125_02220880
.set data_ov125_02220880, 0x02220880
.global data_ov125_022209ba
.set data_ov125_022209ba, 0x022209ba
.global data_ov125_02220b1e
.set data_ov125_02220b1e, 0x02220b1e
.global data_ov125_02220cf9
.set data_ov125_02220cf9, 0x02220cf9
.global data_ov125_02220d29
.set data_ov125_02220d29, 0x02220d29
.global data_ov125_02220dbc
.set data_ov125_02220dbc, 0x02220dbc
.global data_ov125_02220ef6
.set data_ov125_02220ef6, 0x02220ef6
.global data_ov125_0222105a
.set data_ov125_0222105a, 0x0222105a
.global data_ov125_02221235
.set data_ov125_02221235, 0x02221235
.global data_ov125_02221242
.set data_ov125_02221242, 0x02221242
.global data_ov125_02221265
.set data_ov125_02221265, 0x02221265
.global data_ov125_022212f8
.set data_ov125_022212f8, 0x022212f8
.global data_ov125_02221432
.set data_ov125_02221432, 0x02221432
.global data_ov125_02221596
.set data_ov125_02221596, 0x02221596
.global data_ov125_022215be
.set data_ov125_022215be, 0x022215be
.global data_ov125_0222161e
.set data_ov125_0222161e, 0x0222161e
.global data_ov125_02221653
.set data_ov125_02221653, 0x02221653
.global data_ov125_02221724
.set data_ov125_02221724, 0x02221724
.global data_ov125_0222175b
.set data_ov125_0222175b, 0x0222175b
.global data_ov125_0222178d
.set data_ov125_0222178d, 0x0222178d
.global data_ov125_02221878
.set data_ov125_02221878, 0x02221878
.global data_ov125_022218af
.set data_ov125_022218af, 0x022218af
.global data_ov125_022218e1
.set data_ov125_022218e1, 0x022218e1
.global data_ov125_022219cc
.set data_ov125_022219cc, 0x022219cc
.global data_ov125_02221a03
.set data_ov125_02221a03, 0x02221a03
.global data_ov125_02221a35
.set data_ov125_02221a35, 0x02221a35
.global data_ov125_02221a53
.set data_ov125_02221a53, 0x02221a53
.global data_ov125_02221a90
.set data_ov125_02221a90, 0x02221a90
.global data_ov125_02221abb
.set data_ov125_02221abb, 0x02221abb
.global data_ov125_02221aed
.set data_ov125_02221aed, 0x02221aed
.global data_ov125_02221bb4
.set data_ov125_02221bb4, 0x02221bb4
.global data_ov125_02221bdf
.set data_ov125_02221bdf, 0x02221bdf
.global data_ov125_02221c11
.set data_ov125_02221c11, 0x02221c11
.global data_ov125_02221cd8
.set data_ov125_02221cd8, 0x02221cd8
.global data_ov125_02221d03
.set data_ov125_02221d03, 0x02221d03
.global data_ov125_02221d35
.set data_ov125_02221d35, 0x02221d35
.global data_ov125_02221dd9
.set data_ov125_02221dd9, 0x02221dd9
.global data_ov125_02221e17
.set data_ov125_02221e17, 0x02221e17
.global data_ov125_02221ebf
.set data_ov125_02221ebf, 0x02221ebf
.global data_ov125_02221ec4
.set data_ov125_02221ec4, 0x02221ec4
.global data_ov125_02221f10
.set data_ov125_02221f10, 0x02221f10
.global data_ov125_02221f57
.set data_ov125_02221f57, 0x02221f57
.global data_ov125_02221f5a
.set data_ov125_02221f5a, 0x02221f5a
.global data_ov125_02221fcb
.set data_ov125_02221fcb, 0x02221fcb
.global data_ov125_02222009
.set data_ov125_02222009, 0x02222009
.global data_ov125_02222043
.set data_ov125_02222043, 0x02222043
.global data_ov125_0222207e
.set data_ov125_0222207e, 0x0222207e
.global data_ov125_02222141
.set data_ov125_02222141, 0x02222141
.global data_ov125_0222219d
.set data_ov125_0222219d, 0x0222219d
.global data_ov125_022221f9
.set data_ov125_022221f9, 0x022221f9
.global data_ov125_02222255
.set data_ov125_02222255, 0x02222255
.global data_ov125_02222380
.set data_ov125_02222380, 0x02222380
.global data_ov125_02222471
.set data_ov125_02222471, 0x02222471
.global data_ov125_02222476
.set data_ov125_02222476, 0x02222476
.global data_ov125_022225aa
.set data_ov125_022225aa, 0x022225aa
.global data_ov125_022225e2
.set data_ov125_022225e2, 0x022225e2
.global data_ov125_022225f7
.set data_ov125_022225f7, 0x022225f7
.global data_ov125_022225f8
.set data_ov125_022225f8, 0x022225f8
.global data_ov125_022226b5
.set data_ov125_022226b5, 0x022226b5
.global data_ov125_02222770
.set data_ov125_02222770, 0x02222770
.global data_ov125_022227bc
.set data_ov125_022227bc, 0x022227bc
.global data_ov125_02222831
.set data_ov125_02222831, 0x02222831
.global data_ov125_02222848
.set data_ov125_02222848, 0x02222848
.global data_ov125_0222286e
.set data_ov125_0222286e, 0x0222286e
.global data_ov125_02222899
.set data_ov125_02222899, 0x02222899
.global data_ov125_022228e7
.set data_ov125_022228e7, 0x022228e7
.global data_ov125_0222291d
.set data_ov125_0222291d, 0x0222291d
.global data_ov125_02222950
.set data_ov125_02222950, 0x02222950
.global data_ov125_02222976
.set data_ov125_02222976, 0x02222976
.global data_ov125_022229bd
.set data_ov125_022229bd, 0x022229bd
.global data_ov125_022229de
.set data_ov125_022229de, 0x022229de
.global data_ov125_02222a05
.set data_ov125_02222a05, 0x02222a05
.global data_ov125_02222a51
.set data_ov125_02222a51, 0x02222a51
.global data_ov125_02222adf
.set data_ov125_02222adf, 0x02222adf
.global data_ov125_02222c0e
.set data_ov125_02222c0e, 0x02222c0e
.global data_ov125_02222c25
.set data_ov125_02222c25, 0x02222c25
.global data_ov125_02222ca8
.set data_ov125_02222ca8, 0x02222ca8
.global data_ov125_02222cc0
.set data_ov125_02222cc0, 0x02222cc0
.global data_ov125_02222cc5
.set data_ov125_02222cc5, 0x02222cc5
.global data_ov125_02222d7a
.set data_ov125_02222d7a, 0x02222d7a
.global data_ov125_02222e4c
.set data_ov125_02222e4c, 0x02222e4c
.global data_ov125_02222e64
.set data_ov125_02222e64, 0x02222e64
.global data_ov125_02222e69
.set data_ov125_02222e69, 0x02222e69
.global data_ov125_02222ecd
.set data_ov125_02222ecd, 0x02222ecd
.global data_ov125_02222ed5
.set data_ov125_02222ed5, 0x02222ed5
.global data_ov125_02222fd9
.set data_ov125_02222fd9, 0x02222fd9
.global data_ov125_02223011
.set data_ov125_02223011, 0x02223011
.global data_ov125_0222306d
.set data_ov125_0222306d, 0x0222306d
.global data_ov125_022232c1
.set data_ov125_022232c1, 0x022232c1
.global data_ov125_02223353
.set data_ov125_02223353, 0x02223353
.global data_ov125_0222339d
.set data_ov125_0222339d, 0x0222339d
.global data_ov125_0222344c
.set data_ov125_0222344c, 0x0222344c
.global data_ov125_02223485
.set data_ov125_02223485, 0x02223485
.global data_ov125_02223558
.set data_ov125_02223558, 0x02223558
.global data_ov125_02223571
.set data_ov125_02223571, 0x02223571
.global data_ov125_022236b5
.set data_ov125_022236b5, 0x022236b5
.global data_ov125_02223747
.set data_ov125_02223747, 0x02223747
.global data_ov125_02223791
.set data_ov125_02223791, 0x02223791
.global data_ov125_02223840
.set data_ov125_02223840, 0x02223840
.global data_ov125_02223879
.set data_ov125_02223879, 0x02223879
.global data_ov125_0222394c
.set data_ov125_0222394c, 0x0222394c
.global data_ov125_02223965
.set data_ov125_02223965, 0x02223965
.global data_ov125_02223aa9
.set data_ov125_02223aa9, 0x02223aa9
.global data_ov125_02223ad5
.set data_ov125_02223ad5, 0x02223ad5
.global data_ov125_02223b01
.set data_ov125_02223b01, 0x02223b01
.global data_ov125_02223b1e
.set data_ov125_02223b1e, 0x02223b1e
.global data_ov125_02223b3b
.set data_ov125_02223b3b, 0x02223b3b
.global data_ov125_02223cbb
.set data_ov125_02223cbb, 0x02223cbb
.global data_ov125_02223d1a
.set data_ov125_02223d1a, 0x02223d1a
.global data_ov125_02223d9b
.set data_ov125_02223d9b, 0x02223d9b
.global data_ov125_02223e1b
.set data_ov125_02223e1b, 0x02223e1b
.global data_ov125_02223f9b
.set data_ov125_02223f9b, 0x02223f9b
.global data_ov125_02223ffa
.set data_ov125_02223ffa, 0x02223ffa
.global data_ov125_0222407b
.set data_ov125_0222407b, 0x0222407b
.global data_ov125_022240fb
.set data_ov125_022240fb, 0x022240fb
.global data_ov125_02224184
.set data_ov125_02224184, 0x02224184
.global data_ov125_022241a4
.set data_ov125_022241a4, 0x022241a4
.global data_ov125_022241ab
.set data_ov125_022241ab, 0x022241ab
.global data_ov125_022241cc
.set data_ov125_022241cc, 0x022241cc
.global data_ov125_02224235
.set data_ov125_02224235, 0x02224235
.global data_ov125_0222429d
.set data_ov125_0222429d, 0x0222429d
.global data_ov125_0222429e
.set data_ov125_0222429e, 0x0222429e
.global data_ov125_022242fa
.set data_ov125_022242fa, 0x022242fa
.global data_ov125_02224459
.set data_ov125_02224459, 0x02224459
.global data_ov125_0222454b
.set data_ov125_0222454b, 0x0222454b
.global data_ov125_02224555
.set data_ov125_02224555, 0x02224555
.global data_ov125_02224598
.set data_ov125_02224598, 0x02224598
.global data_ov125_022245b9
.set data_ov125_022245b9, 0x022245b9
.global data_ov125_022246a8
.set data_ov125_022246a8, 0x022246a8
.global data_ov125_022246b1
.set data_ov125_022246b1, 0x022246b1
.global data_ov125_022246f9
.set data_ov125_022246f9, 0x022246f9
.global data_ov125_022246fa
.set data_ov125_022246fa, 0x022246fa
.global data_ov125_022247e9
.set data_ov125_022247e9, 0x022247e9
.global data_ov125_0222485b
.set data_ov125_0222485b, 0x0222485b
.global data_ov125_0222498b
.set data_ov125_0222498b, 0x0222498b
.global data_ov125_02224a27
.set data_ov125_02224a27, 0x02224a27
.global data_ov125_02224a43
.set data_ov125_02224a43, 0x02224a43
.global data_ov125_02224b4f
.set data_ov125_02224b4f, 0x02224b4f
.global data_ov125_02224c1e
.set data_ov125_02224c1e, 0x02224c1e
.global data_ov125_02224c48
.set data_ov125_02224c48, 0x02224c48
.global data_ov125_02224d69
.set data_ov125_02224d69, 0x02224d69
.global data_ov125_02224e3c
.set data_ov125_02224e3c, 0x02224e3c
.global data_ov125_02224e95
.set data_ov125_02224e95, 0x02224e95
.global data_ov125_02224ed4
.set data_ov125_02224ed4, 0x02224ed4
.global data_ov125_02224eff
.set data_ov125_02224eff, 0x02224eff
.global data_ov125_02224f2d
.set data_ov125_02224f2d, 0x02224f2d
.global data_ov125_0222504a
.set data_ov125_0222504a, 0x0222504a
.global data_ov125_02225084
.set data_ov125_02225084, 0x02225084
.global data_ov125_0222508d
.set data_ov125_0222508d, 0x0222508d
.global data_ov125_022250d5
.set data_ov125_022250d5, 0x022250d5
.global data_ov125_022251aa
.set data_ov125_022251aa, 0x022251aa
.global data_ov125_022251f3
.set data_ov125_022251f3, 0x022251f3
.global data_ov125_022251fd
.set data_ov125_022251fd, 0x022251fd
.global data_ov125_0222564b
.set data_ov125_0222564b, 0x0222564b
.global data_ov125_0222570d
.set data_ov125_0222570d, 0x0222570d
.global data_ov125_0222577c
.set data_ov125_0222577c, 0x0222577c
.global data_ov125_0222578a
.set data_ov125_0222578a, 0x0222578a
.global data_ov125_0222583b
.set data_ov125_0222583b, 0x0222583b
.global data_ov125_0222597e
.set data_ov125_0222597e, 0x0222597e
.global data_ov125_02225a21
.set data_ov125_02225a21, 0x02225a21
.global data_ov125_02225a35
.set data_ov125_02225a35, 0x02225a35
.global data_ov125_02225a4a
.set data_ov125_02225a4a, 0x02225a4a
.global data_ov125_02225a8d
.set data_ov125_02225a8d, 0x02225a8d
.global data_ov125_02225ae4
.set data_ov125_02225ae4, 0x02225ae4
.global data_ov125_02225b9c
.set data_ov125_02225b9c, 0x02225b9c
.global data_ov125_02225c41
.set data_ov125_02225c41, 0x02225c41
.global data_ov125_02225c7e
.set data_ov125_02225c7e, 0x02225c7e
.global data_ov125_02225d63
.set data_ov125_02225d63, 0x02225d63
.global data_ov125_02225d7c
.set data_ov125_02225d7c, 0x02225d7c
.global data_ov125_02225dcc
.set data_ov125_02225dcc, 0x02225dcc
.global data_ov125_02225df9
.set data_ov125_02225df9, 0x02225df9
.global data_ov125_02225eb3
.set data_ov125_02225eb3, 0x02225eb3
.global data_ov125_02225ef1
.set data_ov125_02225ef1, 0x02225ef1
.global data_ov125_02225f41
.set data_ov125_02225f41, 0x02225f41
.global data_ov125_02225f83
.set data_ov125_02225f83, 0x02225f83
.global data_ov125_02225fb7
.set data_ov125_02225fb7, 0x02225fb7
.global data_ov125_02225fdb
.set data_ov125_02225fdb, 0x02225fdb
.global data_ov125_02225ff1
.set data_ov125_02225ff1, 0x02225ff1
.global data_ov125_02226031
.set data_ov125_02226031, 0x02226031
.global data_ov125_02226060
.set data_ov125_02226060, 0x02226060
.global data_ov125_022260ac
.set data_ov125_022260ac, 0x022260ac
.global data_ov125_02226105
.set data_ov125_02226105, 0x02226105
.global data_ov125_02226119
.set data_ov125_02226119, 0x02226119
.global data_ov125_0222612e
.set data_ov125_0222612e, 0x0222612e
.global data_ov125_0222613f
.set data_ov125_0222613f, 0x0222613f
.global data_ov125_02226163
.set data_ov125_02226163, 0x02226163
.global data_ov125_022261a5
.set data_ov125_022261a5, 0x022261a5
.global data_ov125_022261d1
.set data_ov125_022261d1, 0x022261d1
.global data_ov125_02226284
.set data_ov125_02226284, 0x02226284
.global data_ov125_0222628d
.set data_ov125_0222628d, 0x0222628d
.global data_ov125_022262e1
.set data_ov125_022262e1, 0x022262e1
.global data_ov125_02226361
.set data_ov125_02226361, 0x02226361
.global data_ov125_02226387
.set data_ov125_02226387, 0x02226387
.global data_ov125_022263c0
.set data_ov125_022263c0, 0x022263c0
.global data_ov125_022263f9
.set data_ov125_022263f9, 0x022263f9
.global data_ov125_0222641f
.set data_ov125_0222641f, 0x0222641f
.global data_ov125_02226458
.set data_ov125_02226458, 0x02226458
.global data_ov125_0222655f
.set data_ov125_0222655f, 0x0222655f
.global data_ov125_02226585
.set data_ov125_02226585, 0x02226585
.global data_ov125_02226700
.set data_ov125_02226700, 0x02226700
.global data_ov125_02226741
.set data_ov125_02226741, 0x02226741
.global data_ov125_0222676d
.set data_ov125_0222676d, 0x0222676d
.global data_ov125_022267a1
.set data_ov125_022267a1, 0x022267a1
.global data_ov125_022267d9
.set data_ov125_022267d9, 0x022267d9
.global data_ov125_02226805
.set data_ov125_02226805, 0x02226805
.global data_ov125_0222683e
.set data_ov125_0222683e, 0x0222683e
.global data_ov125_0222699f
.set data_ov125_0222699f, 0x0222699f
.global data_ov125_022269c9
.set data_ov125_022269c9, 0x022269c9
.global data_ov125_02226a05
.set data_ov125_02226a05, 0x02226a05
.global data_ov125_02226ad3
.set data_ov125_02226ad3, 0x02226ad3
.global data_ov125_02226b0b
.set data_ov125_02226b0b, 0x02226b0b
.global data_ov125_02226b49
.set data_ov125_02226b49, 0x02226b49
.global data_ov125_02226b85
.set data_ov125_02226b85, 0x02226b85
.global data_ov125_02226b98
.set data_ov125_02226b98, 0x02226b98
.global data_ov125_02226bbd
.set data_ov125_02226bbd, 0x02226bbd
.global data_ov125_02226bfd
.set data_ov125_02226bfd, 0x02226bfd
.global data_ov125_02226c8b
.set data_ov125_02226c8b, 0x02226c8b
.global data_ov125_02226cb7
.set data_ov125_02226cb7, 0x02226cb7
.global data_ov125_02226cc3
.set data_ov125_02226cc3, 0x02226cc3
.global data_ov125_02226d01
.set data_ov125_02226d01, 0x02226d01
.global data_ov125_02226d39
.set data_ov125_02226d39, 0x02226d39
.global data_ov125_02226d41
.set data_ov125_02226d41, 0x02226d41
.global data_ov125_02226e15
.set data_ov125_02226e15, 0x02226e15
.global data_ov125_02226e4c
.set data_ov125_02226e4c, 0x02226e4c
.global data_ov125_02226eb4
.set data_ov125_02226eb4, 0x02226eb4
.global data_ov125_02226ec7
.set data_ov125_02226ec7, 0x02226ec7
.global data_ov125_02226ed9
.set data_ov125_02226ed9, 0x02226ed9
.global data_ov125_02226f66
.set data_ov125_02226f66, 0x02226f66
.global data_ov125_02226f90
.set data_ov125_02226f90, 0x02226f90
.global data_ov125_02226fe1
.set data_ov125_02226fe1, 0x02226fe1
.global data_ov125_02226fe2
.set data_ov125_02226fe2, 0x02226fe2
.global data_ov125_02227112
.set data_ov125_02227112, 0x02227112
.global data_ov125_02227270
.set data_ov125_02227270, 0x02227270
.global data_ov125_022272ea
.set data_ov125_022272ea, 0x022272ea
.global data_ov125_022272f4
.set data_ov125_022272f4, 0x022272f4
.global data_ov125_022273ca
.set data_ov125_022273ca, 0x022273ca
.global data_ov125_022274ff
.set data_ov125_022274ff, 0x022274ff
.global data_ov125_02227500
.set data_ov125_02227500, 0x02227500
.global data_ov125_0222762d
.set data_ov125_0222762d, 0x0222762d
.global data_ov125_02227648
.set data_ov125_02227648, 0x02227648
.global data_ov125_022276f6
.set data_ov125_022276f6, 0x022276f6
.global data_ov125_022277e4
.set data_ov125_022277e4, 0x022277e4
.global data_ov125_022278bd
.set data_ov125_022278bd, 0x022278bd
.global data_ov125_02227963
.set data_ov125_02227963, 0x02227963
.global data_ov125_02227a14
.set data_ov125_02227a14, 0x02227a14
.global data_ov125_02227a70
.set data_ov125_02227a70, 0x02227a70
.global data_ov125_02227acc
.set data_ov125_02227acc, 0x02227acc
.global data_ov125_02227b28
.set data_ov125_02227b28, 0x02227b28
.global data_ov125_02227b51
.set data_ov125_02227b51, 0x02227b51
.global data_ov125_02227b95
.set data_ov125_02227b95, 0x02227b95
.global data_ov125_02227d5b
.set data_ov125_02227d5b, 0x02227d5b
.global data_ov125_02227db6
.set data_ov125_02227db6, 0x02227db6
.global data_ov125_02227dec
.set data_ov125_02227dec, 0x02227dec
.global data_ov125_02227e3c
.set data_ov125_02227e3c, 0x02227e3c
.global data_ov125_02227eb2
.set data_ov125_02227eb2, 0x02227eb2
.global data_ov125_02227f29
.set data_ov125_02227f29, 0x02227f29
.global data_ov125_02228031
.set data_ov125_02228031, 0x02228031
.global data_ov125_02228082
.set data_ov125_02228082, 0x02228082
.global data_ov125_02228138
.set data_ov125_02228138, 0x02228138
.global data_ov125_02228177
.set data_ov125_02228177, 0x02228177
.global data_ov125_02228237
.set data_ov125_02228237, 0x02228237
.global data_ov125_0222828e
.set data_ov125_0222828e, 0x0222828e
.global data_ov125_02228321
.set data_ov125_02228321, 0x02228321
.global data_ov125_02228382
.set data_ov125_02228382, 0x02228382
.global data_ov125_022283ef
.set data_ov125_022283ef, 0x022283ef
.global data_ov125_02228489
.set data_ov125_02228489, 0x02228489
.global data_ov125_02228544
.set data_ov125_02228544, 0x02228544
.global data_ov125_02228555
.set data_ov125_02228555, 0x02228555
.global data_ov125_022285f1
.set data_ov125_022285f1, 0x022285f1
.global data_ov125_02228660
.set data_ov125_02228660, 0x02228660
.global data_ov125_02228664
.set data_ov125_02228664, 0x02228664
    .section .data, 4, 1, 4
    .byte 0xff, 0xff, 0xff, 0xff, 0x00, 0x00, 0x00, 0x00, 0x00, 0x00, 0x00, 0x00, 0xff, 0xff, 0x00, 0x00
    .byte 0x00, 0x00, 0x00, 0x00, 0x06, 0x00, 0x00, 0x00, 0x00, 0x10, 0x00, 0x00, 0x01, 0x10, 0x00, 0x00
    .byte 0x02, 0x10, 0x00, 0x00, 0x02, 0x00, 0x0c, 0x08, 0x00, 0x00, 0x00, 0x00, 0x00, 0x00, 0xf0, 0xff
    .byte 0xcf, 0xff, 0x10, 0x00, 0x07, 0x00, 0x00, 0xfe, 0x00, 0xfe, 0x00, 0x00, 0x00, 0x00, 0x00, 0x00
    .byte 0x17, 0x1e, 0x22, 0x02, 0x00, 0x00, 0x00, 0x00, 0x00, 0x00, 0x00, 0x00, 0x00, 0x00, 0x00, 0x00
    .byte 0xff, 0xff, 0x00, 0x00, 0x00, 0x00, 0x00, 0x00, 0x00, 0x00, 0x00, 0x00, 0xff, 0xff, 0xff, 0xff
    .byte 0xff, 0xff, 0xff, 0xff, 0x00, 0x00, 0x03, 0x00, 0xff, 0xff, 0xff, 0xff, 0x00, 0x00, 0x00, 0x00
    .byte 0xf4, 0xd8, 0x0c, 0x00, 0x00, 0x00, 0x00, 0x00, 0x03, 0x00, 0x00, 0x00, 0x2d, 0x11, 0x00, 0x00
    .byte 0x2b, 0x11, 0x00, 0x00, 0x2e, 0x11, 0x00, 0x00, 0x02, 0x00, 0x00, 0x00, 0x00, 0x00, 0x00, 0x00
    .byte 0x00, 0x00, 0xf0, 0xff, 0xcf, 0xff, 0x10, 0x00, 0x07, 0x00, 0x00, 0xfe, 0x00, 0xfe, 0x00, 0x00
    .byte 0x00, 0x00, 0x00, 0x00, 0x37, 0x82, 0x22, 0x02, 0x00, 0x00, 0x00, 0x00, 0x00, 0x00, 0x00, 0x00
    .byte 0x00, 0x00, 0x00, 0x00, 0xff, 0xff, 0x00, 0x00, 0x00, 0x00, 0x00, 0x00, 0x00, 0x00, 0x00, 0x00
    .byte 0xff, 0xff, 0xff, 0xff, 0xff, 0xff, 0xff, 0xff, 0x00, 0x00, 0x04, 0x00, 0xff, 0xff, 0xff, 0xff
    .byte 0x00, 0x00, 0x04, 0x00, 0xe8, 0xd8, 0x18, 0x08, 0x00, 0x00, 0x00, 0x00, 0x03, 0x00, 0x00, 0x00
    .byte 0x2a, 0x11, 0x00, 0x00, 0x2b, 0x11, 0x00, 0x00, 0x2c, 0x11, 0x00, 0x00, 0x02, 0x00, 0x00, 0x00
    .byte 0x00, 0x00, 0x00, 0x00, 0x00, 0x00, 0xf0, 0xff, 0xcf, 0xff, 0x10, 0x00, 0x07, 0x00, 0x00, 0xfe
    .byte 0x00, 0xfe, 0x00, 0x00, 0x00, 0x00, 0x00, 0x00, 0x38, 0x81, 0x22, 0x02, 0x00, 0x00, 0x00, 0x00
    .byte 0x00, 0x00, 0x00, 0x00, 0x00, 0x00, 0x00, 0x00, 0xff, 0xff, 0x00, 0x00, 0x00, 0x00, 0x00, 0x00
    .byte 0x00, 0x00, 0x00, 0x00, 0xff, 0xff, 0xff, 0xff, 0xff, 0xff, 0xff, 0xff, 0x00, 0x00, 0x05, 0x00
    .byte 0xff, 0xff, 0xff, 0xff, 0x00, 0x00, 0x00, 0x00, 0xf4, 0xd8, 0x0c, 0x00, 0x00, 0x00, 0x00, 0x00
    .byte 0x03, 0x00, 0x00, 0x00, 0x2a, 0x11, 0x00, 0x00, 0x2b, 0x11, 0x00, 0x00, 0x2c, 0x11, 0x00, 0x00
    .byte 0x02, 0x00, 0x00, 0x00, 0x00, 0x00, 0x00, 0x00, 0x00, 0x00, 0xf0, 0xff, 0xcf, 0xff, 0x10, 0x00
    .byte 0x07, 0x00, 0x00, 0xfe, 0x00, 0xfe, 0x00, 0x00, 0x00, 0x00, 0x00, 0x00, 0xb2, 0x7e, 0x22, 0x02
    .byte 0x00, 0x00, 0x00, 0x00, 0x00, 0x00, 0x00, 0x00, 0x00, 0x00, 0x00, 0x00, 0xff, 0xff, 0x00, 0x00
    .byte 0x00, 0x00, 0x00, 0x00, 0x00, 0x00, 0x00, 0x00, 0xff, 0xff, 0xff, 0xff, 0xff, 0xff, 0xff, 0xff
    .byte 0x00, 0x00, 0x06, 0x00, 0xff, 0xff, 0xff, 0xff, 0x00, 0x00, 0x0e, 0x00, 0xf4, 0xd8, 0x0c, 0x00
    .byte 0x00, 0x00, 0x00, 0x00, 0x03, 0x00, 0x00, 0x00, 0x2a, 0x11, 0x00, 0x00, 0x2b, 0x11, 0x00, 0x00
    .byte 0x2c, 0x11, 0x00, 0x00, 0x02, 0x00, 0x00, 0x00, 0x00, 0x00, 0x00, 0x00, 0x00, 0x00, 0xf0, 0xff
    .byte 0xcf, 0xff, 0x10, 0x00, 0x07, 0x00, 0x00, 0xfe, 0x00, 0xfe, 0x00, 0x00, 0x00, 0x00, 0x00, 0x00
    .byte 0x63, 0x79, 0x22, 0x02, 0x00, 0x00, 0x00, 0x00, 0x00, 0x00, 0x00, 0x00, 0x00, 0x00, 0x00, 0x00
    .byte 0xff, 0xff, 0x00, 0x00, 0x00, 0x00, 0x00, 0x00, 0x00, 0x00, 0x00, 0x00, 0xff, 0xff, 0xff, 0xff
    .byte 0xff, 0xff, 0xff, 0xff, 0x00, 0x00, 0x07, 0x00, 0xff, 0xff, 0xff, 0xff, 0x00, 0x00, 0x00, 0x00
    .byte 0xf4, 0xd8, 0x0c, 0x00, 0x00, 0x00, 0x00, 0x00, 0x03, 0x00, 0x00, 0x00, 0x00, 0x10, 0x00, 0x00
    .byte 0x01, 0x10, 0x00, 0x00, 0x02, 0x10, 0x00, 0x00, 0x02, 0x00, 0x80, 0x02, 0x00, 0x00, 0x00, 0x00
    .byte 0x00, 0x00, 0xf0, 0xff, 0xcf, 0xff, 0x10, 0x00, 0x07, 0x00, 0x80, 0x00, 0x70, 0x01, 0x00, 0x00
    .byte 0x00, 0x00, 0x00, 0x10, 0x3c, 0x7e, 0x22, 0x02, 0x00, 0x00, 0x00, 0x00, 0x00, 0x00, 0x00, 0x00
    .byte 0x00, 0x00, 0x00, 0x00, 0xff, 0xff, 0x00, 0x00, 0x00, 0x00, 0x00, 0x00, 0x00, 0x00, 0x00, 0x00
    .byte 0xff, 0xff, 0xff, 0xff, 0xff, 0xff, 0xff, 0xff, 0x00, 0x00, 0x08, 0x00, 0xff, 0xff, 0xff, 0xff
    .byte 0x00, 0x00, 0x0e, 0x00, 0xf4, 0xd8, 0x0c, 0x00, 0x00, 0x00, 0x00, 0x00, 0x03, 0x00, 0x00, 0x00
    .byte 0xaa, 0x22, 0x00, 0x00, 0xab, 0x22, 0x00, 0x00, 0xac, 0x22, 0x00, 0x00, 0x02, 0x00, 0x04, 0x04
    .byte 0x00, 0x00, 0x00, 0x00, 0x00, 0x00, 0xf0, 0xff, 0xcf, 0xff, 0x10, 0x00, 0x07, 0x00, 0x80, 0x01
    .byte 0x10, 0x01, 0x10, 0x00, 0x00, 0x00, 0x00, 0x00, 0xd5, 0x2e, 0x22, 0x02, 0x00, 0x00, 0x00, 0x00
    .byte 0x00, 0x00, 0x00, 0x00, 0x00, 0x00, 0x00, 0x00, 0x02, 0x00, 0x00, 0x00, 0x00, 0x00, 0x00, 0x00
    .byte 0x00, 0x00, 0x00, 0x00, 0xff, 0xff, 0xff, 0xff, 0xff, 0xff, 0xff, 0xff, 0x00, 0x00, 0x09, 0x00
    .byte 0xff, 0xff, 0xff, 0xff, 0x00, 0x00, 0x0e, 0x00, 0xf4, 0xd8, 0x0c, 0x00, 0x00, 0x00, 0x00, 0x00
    .byte 0x03, 0x00, 0x00, 0x00, 0xaa, 0x22, 0x00, 0x00, 0xab, 0x22, 0x00, 0x00, 0xac, 0x22, 0x00, 0x00
    .byte 0x02, 0x00, 0x04, 0x04, 0x00, 0x00, 0x00, 0x00, 0x00, 0x00, 0xf0, 0xff, 0xcf, 0xff, 0x10, 0x00
    .byte 0x07, 0x00, 0x70, 0x00, 0x50, 0x00, 0x10, 0x00, 0x00, 0x00, 0x00, 0x00, 0xc1, 0x32, 0x22, 0x02
    .byte 0x00, 0x00, 0x00, 0x00, 0x00, 0x00, 0x00, 0x00, 0x00, 0x00, 0x00, 0x00, 0x02, 0x00, 0x00, 0x00
    .byte 0x00, 0x00, 0x00, 0x00, 0x00, 0x00, 0x00, 0x00, 0xff, 0xff, 0xff, 0xff, 0xff, 0xff, 0xff, 0xff
    .byte 0x00, 0x00, 0x0a, 0x00, 0xff, 0xff, 0xff, 0xff, 0x00, 0x00, 0x0e, 0x00, 0xf4, 0xd8, 0x0c, 0x00
    .byte 0x00, 0x00, 0x00, 0x00, 0x03, 0x00, 0x00, 0x00, 0xaa, 0x22, 0x00, 0x00, 0xab, 0x22, 0x00, 0x00
    .byte 0xac, 0x22, 0x00, 0x00, 0x02, 0x00, 0x04, 0x04, 0x00, 0x00, 0x00, 0x00, 0x00, 0x00, 0xf0, 0xff
    .byte 0xcf, 0xff, 0x10, 0x00, 0x07, 0x00, 0xa0, 0x03, 0x40, 0x01, 0x10, 0x00, 0x00, 0x00, 0x00, 0x00
    .byte 0xb5, 0x36, 0x22, 0x02, 0x00, 0x00, 0x00, 0x00, 0x00, 0x00, 0x00, 0x00, 0x00, 0x00, 0x00, 0x00
    .byte 0x02, 0x00, 0x00, 0x00, 0x00, 0x00, 0x00, 0x00, 0x00, 0x00, 0x00, 0x00, 0xff, 0xff, 0xff, 0xff
    .byte 0xff, 0xff, 0xff, 0xff, 0x00, 0x00, 0x0b, 0x00, 0xff, 0xff, 0xff, 0xff, 0x00, 0x00, 0x0e, 0x00
    .byte 0xf4, 0xd8, 0x0c, 0x00, 0x00, 0x00, 0x00, 0x00, 0x06, 0x00, 0x00, 0x00, 0x00, 0x10, 0x00, 0x00
    .byte 0x01, 0x10, 0x00, 0x00, 0x02, 0x10, 0x00, 0x00, 0x02, 0x00, 0x0c, 0x08, 0x00, 0x00, 0x00, 0x00
    .byte 0x00, 0x00, 0xf0, 0xff, 0xcf, 0xff, 0x10, 0x00, 0x07, 0x00, 0x00, 0xfe, 0x00, 0xfe, 0x00, 0x00
    .byte 0x00, 0x00, 0x00, 0x00, 0x9d, 0x42, 0x22, 0x02, 0x00, 0x00, 0x00, 0x00, 0x00, 0x00, 0x00, 0x00
    .byte 0x00, 0x00, 0x00, 0x00, 0xff, 0xff, 0x00, 0x00, 0x00, 0x00, 0x00, 0x00, 0x00, 0x00, 0x00, 0x00
    .byte 0xff, 0xff, 0xff, 0xff, 0xff, 0xff, 0xff, 0xff, 0x00, 0x00, 0x0c, 0x00, 0xff, 0xff, 0xff, 0xff
    .byte 0x00, 0x00, 0x00, 0x00, 0xf4, 0xd8, 0x0c, 0x00, 0x00, 0x00, 0x00, 0x00, 0x03, 0x00, 0x00, 0x00
    .byte 0x00, 0x10, 0x00, 0x00, 0x01, 0x10, 0x00, 0x00, 0x02, 0x10, 0x00, 0x00, 0x02, 0x00, 0x00, 0x00
    .byte 0x00, 0x00, 0x00, 0x00, 0x00, 0x00, 0xf0, 0xff, 0xcf, 0xff, 0x10, 0x00, 0x07, 0x00, 0x00, 0xfe
    .byte 0x00, 0xfe, 0x00, 0x00, 0x00, 0x00, 0x00, 0x00, 0xfa, 0x42, 0x22, 0x02, 0x00, 0x00, 0x00, 0x00
    .byte 0x00, 0x00, 0x00, 0x00, 0x00, 0x00, 0x00, 0x00, 0xff, 0xff, 0x00, 0x00, 0x00, 0x00, 0x00, 0x00
    .byte 0x00, 0x00, 0x00, 0x00, 0xff, 0xff, 0xff, 0xff, 0xff, 0xff, 0xff, 0xff, 0x00, 0x00, 0x0d, 0x00
    .byte 0xff, 0xff, 0xff, 0xff, 0x00, 0x00, 0x0e, 0x00, 0xf4, 0xd8, 0x0c, 0x00, 0x00, 0x00, 0x00, 0x00
    .byte 0x03, 0x00, 0x00, 0x00, 0x00, 0x10, 0x00, 0x00, 0x01, 0x10, 0x00, 0x00, 0x02, 0x10, 0x00, 0x00
    .byte 0x02, 0x00, 0x00, 0x00, 0x00, 0x00, 0x00, 0x00, 0x00, 0x00, 0xf0, 0xff, 0xcf, 0xff, 0x10, 0x00
    .byte 0x07, 0x00, 0x00, 0xfe, 0x00, 0xfe, 0x00, 0x00, 0x00, 0x00, 0x00, 0x00, 0x3c, 0x4e, 0x22, 0x02
    .byte 0x00, 0x00, 0x00, 0x00, 0x00, 0x00, 0x00, 0x00, 0x00, 0x00, 0x00, 0x00, 0xff, 0xff, 0x00, 0x00
    .byte 0x00, 0x00, 0x00, 0x00, 0x00, 0x00, 0x00, 0x00, 0xff, 0xff, 0xff, 0xff, 0xff, 0xff, 0xff, 0xff
    .byte 0x00, 0x00, 0x0e, 0x00, 0xff, 0xff, 0xff, 0xff, 0x00, 0x00, 0x0e, 0x00, 0xf4, 0xd8, 0x0c, 0x00
    .byte 0x00, 0x00, 0x00, 0x00, 0x03, 0x00, 0x18, 0x00, 0xc8, 0x22, 0x00, 0x00, 0xc9, 0x22, 0x00, 0x00
    .byte 0xca, 0x22, 0x00, 0x00, 0x02, 0x03, 0x1a, 0x1a, 0x00, 0x00, 0x00, 0x00, 0x00, 0x00, 0xf0, 0xff
    .byte 0xcf, 0xff, 0x10, 0x00, 0x07, 0x00, 0x20, 0x00, 0x50, 0x02, 0x00, 0x00, 0x00, 0x00, 0x00, 0x00
    .byte 0x00, 0x00, 0x00, 0x00, 0x00, 0x00, 0x00, 0x00, 0x00, 0x00, 0x00, 0x00, 0x00, 0x00, 0x00, 0x00
    .byte 0xff, 0xff, 0x00, 0x00, 0x00, 0x00, 0x00, 0x00, 0x00, 0x00, 0x00, 0x00, 0xff, 0xff, 0xff, 0xff
    .byte 0xff, 0xff, 0xff, 0xff, 0x00, 0x00, 0xff, 0xff, 0xff, 0xff, 0xff, 0xff, 0x00, 0x00, 0x06, 0x00
    .byte 0xf4, 0xd8, 0x0c, 0x00, 0x00, 0x00, 0x00, 0x00, 0x03, 0x00, 0x18, 0x00, 0xc8, 0x22, 0x00, 0x00
    .byte 0xc9, 0x22, 0x00, 0x00, 0xca, 0x22, 0x00, 0x00, 0x02, 0x03, 0x1a, 0x1a, 0x00, 0x00, 0x00, 0x00
    .byte 0x00, 0x00, 0xf0, 0xff, 0xcf, 0xff, 0x10, 0x00, 0x07, 0x00, 0x40, 0x00, 0x80, 0x02, 0x00, 0x00
    .byte 0x00, 0x00, 0x00, 0x00, 0x00, 0x00, 0x00, 0x00, 0x00, 0x00, 0x00, 0x00, 0x00, 0x00, 0x00, 0x00
    .byte 0x00, 0x00, 0x00, 0x00, 0xff, 0xff, 0x00, 0x00, 0x00, 0x00, 0x00, 0x00, 0x00, 0x00, 0x00, 0x00
    .byte 0xff, 0xff, 0xff, 0xff, 0xff, 0xff, 0xff, 0xff, 0x00, 0x00, 0xff, 0xff, 0xff, 0xff, 0xff, 0xff
    .byte 0x00, 0x00, 0x06, 0x00, 0xf4, 0xd8, 0x0c, 0x00, 0x00, 0x00, 0x00, 0x00, 0x03, 0x00, 0x18, 0x00
    .byte 0xc8, 0x22, 0x00, 0x00, 0xc9, 0x22, 0x00, 0x00, 0xca, 0x22, 0x00, 0x00, 0x02, 0x03, 0x1a, 0x1a
    .byte 0x00, 0x00, 0x00, 0x00, 0x00, 0x00, 0xf0, 0xff, 0xcf, 0xff, 0x10, 0x00, 0x07, 0x00, 0x60, 0x00
    .byte 0xb0, 0x02, 0x00, 0x00, 0x00, 0x00, 0x00, 0x00, 0x00, 0x00, 0x00, 0x00, 0x00, 0x00, 0x00, 0x00
    .byte 0x00, 0x00, 0x00, 0x00, 0x00, 0x00, 0x00, 0x00, 0xff, 0xff, 0x00, 0x00, 0x00, 0x00, 0x00, 0x00
    .byte 0x00, 0x00, 0x00, 0x00, 0xff, 0xff, 0xff, 0xff, 0xff, 0xff, 0xff, 0xff, 0x00, 0x00, 0xff, 0xff
    .byte 0xff, 0xff, 0xff, 0xff, 0x00, 0x00, 0x06, 0x00, 0xf4, 0xd8, 0x0c, 0x00, 0x00, 0x00, 0x00, 0x00
    .byte 0x03, 0x00, 0x18, 0x00, 0xc8, 0x22, 0x00, 0x00, 0xc9, 0x22, 0x00, 0x00, 0xca, 0x22, 0x00, 0x00
    .byte 0x02, 0x02, 0x1a, 0x1a, 0x00, 0x00, 0x00, 0x00, 0x00, 0x00, 0xf0, 0xff, 0xcf, 0xff, 0x10, 0x00
    .byte 0x07, 0x00, 0xe0, 0x00, 0x50, 0x02, 0x00, 0x00, 0x00, 0x00, 0x00, 0x00, 0x00, 0x00, 0x00, 0x00
    .byte 0x00, 0x00, 0x00, 0x00, 0x00, 0x00, 0x00, 0x00, 0x00, 0x00, 0x00, 0x00, 0xff, 0xff, 0x00, 0x00
    .byte 0x00, 0x00, 0x00, 0x00, 0x00, 0x00, 0x00, 0x00, 0xff, 0xff, 0xff, 0xff, 0xff, 0xff, 0xff, 0xff
    .byte 0x00, 0x00, 0xff, 0xff, 0xff, 0xff, 0xff, 0xff, 0x00, 0x00, 0x06, 0x00, 0xf4, 0xd8, 0x0c, 0x00
    .byte 0x00, 0x00, 0x00, 0x00, 0x03, 0x00, 0x18, 0x00, 0xc8, 0x22, 0x00, 0x00, 0xc9, 0x22, 0x00, 0x00
    .byte 0xca, 0x22, 0x00, 0x00, 0x02, 0x02, 0x1a, 0x1a, 0x00, 0x00, 0x00, 0x00, 0x00, 0x00, 0xf0, 0xff
    .byte 0xcf, 0xff, 0x10, 0x00, 0x07, 0x00, 0xc0, 0x00, 0x80, 0x02, 0x00, 0x00, 0x00, 0x00, 0x00, 0x00
    .byte 0x00, 0x00, 0x00, 0x00, 0x00, 0x00, 0x00, 0x00, 0x00, 0x00, 0x00, 0x00, 0x00, 0x00, 0x00, 0x00
    .byte 0xff, 0xff, 0x00, 0x00, 0x00, 0x00, 0x00, 0x00, 0x00, 0x00, 0x00, 0x00, 0xff, 0xff, 0xff, 0xff
    .byte 0xff, 0xff, 0xff, 0xff, 0x00, 0x00, 0xff, 0xff, 0xff, 0xff, 0xff, 0xff, 0x00, 0x00, 0x06, 0x00
    .byte 0xf4, 0xd8, 0x0c, 0x00, 0x00, 0x00, 0x00, 0x00, 0x03, 0x00, 0x18, 0x00, 0xc8, 0x22, 0x00, 0x00
    .byte 0xc9, 0x22, 0x00, 0x00, 0xca, 0x22, 0x00, 0x00, 0x02, 0x02, 0x1a, 0x1a, 0x00, 0x00, 0x00, 0x00
    .byte 0x00, 0x00, 0xf0, 0xff, 0xcf, 0xff, 0x10, 0x00, 0x07, 0x00, 0xa0, 0x00, 0xb0, 0x02, 0x00, 0x00
    .byte 0x00, 0x00, 0x00, 0x00, 0x00, 0x00, 0x00, 0x00, 0x00, 0x00, 0x00, 0x00, 0x00, 0x00, 0x00, 0x00
    .byte 0x00, 0x00, 0x00, 0x00, 0xff, 0xff, 0x00, 0x00, 0x00, 0x00, 0x00, 0x00, 0x00, 0x00, 0x00, 0x00
    .byte 0xff, 0xff, 0xff, 0xff, 0xff, 0xff, 0xff, 0xff, 0x00, 0x00, 0xff, 0xff, 0xff, 0xff, 0xff, 0xff
    .byte 0x00, 0x00, 0x06, 0x00, 0xf4, 0xd8, 0x0c, 0x00, 0x00, 0x00, 0x00, 0x00, 0x03, 0x00, 0x00, 0x00
    .byte 0xbc, 0x22, 0x00, 0x00, 0xbd, 0x22, 0x00, 0x00, 0xbe, 0x22, 0x00, 0x00, 0x02, 0x00, 0x00, 0x00
    .byte 0x00, 0x00, 0x00, 0x00, 0x00, 0x00, 0xf0, 0xff, 0xcf, 0xff, 0x10, 0x00, 0x07, 0x00, 0x58, 0x01
    .byte 0x20, 0x01, 0x20, 0x00, 0x40, 0x00, 0x00, 0x00, 0x01, 0x3b, 0x22, 0x02, 0x00, 0x00, 0x00, 0x00
    .byte 0x00, 0x00, 0x00, 0x00, 0x00, 0x00, 0x00, 0x00, 0x02, 0x00, 0x00, 0x00, 0x00, 0x00, 0x00, 0x00
    .byte 0x00, 0x00, 0x00, 0x00, 0xff, 0xff, 0xff, 0xff, 0xff, 0xff, 0xff, 0xff, 0x00, 0x00, 0x15, 0x00
    .byte 0xff, 0xff, 0xff, 0xff, 0x00, 0x00, 0x00, 0x00, 0xf4, 0xd8, 0x0c, 0x00, 0x00, 0x00, 0x00, 0x00
    .byte 0x03, 0x00, 0x00, 0x00, 0xbc, 0x22, 0x00, 0x00, 0xbd, 0x22, 0x00, 0x00, 0xbe, 0x22, 0x00, 0x00
    .byte 0x02, 0x00, 0x00, 0x00, 0x00, 0x00, 0x00, 0x00, 0x00, 0x00, 0xf0, 0xff, 0xcf, 0xff, 0x10, 0x00
    .byte 0x07, 0x00, 0xa8, 0x01, 0x20, 0x01, 0x20, 0x00, 0x40, 0x00, 0x00, 0x00, 0x1e, 0x3b, 0x22, 0x02
    .byte 0x00, 0x00, 0x00, 0x00, 0x00, 0x00, 0x00, 0x00, 0x00, 0x00, 0x00, 0x00, 0x02, 0x00, 0x00, 0x00
    .byte 0x00, 0x00, 0x00, 0x00, 0x00, 0x00, 0x00, 0x00, 0xff, 0xff, 0xff, 0xff, 0xff, 0xff, 0xff, 0xff
    .byte 0x00, 0x00, 0x16, 0x00, 0xff, 0xff, 0xff, 0xff, 0x00, 0x00, 0x00, 0x00, 0xf4, 0xd8, 0x0c, 0x00
    .byte 0x00, 0x00, 0x00, 0x00, 0x03, 0x00, 0x00, 0x00, 0xbc, 0x22, 0x00, 0x00, 0xbd, 0x22, 0x00, 0x00
    .byte 0xbe, 0x22, 0x00, 0x00, 0x02, 0x00, 0x00, 0x00, 0x00, 0x00, 0x00, 0x00, 0x00, 0x00, 0xf0, 0xff
    .byte 0xcf, 0xff, 0x10, 0x00, 0x07, 0x00, 0x00, 0xfe, 0x00, 0xfe, 0x00, 0x00, 0x00, 0x00, 0x00, 0x00
    .byte 0xa9, 0x3a, 0x22, 0x02, 0x00, 0x00, 0x00, 0x00, 0x00, 0x00, 0x00, 0x00, 0x00, 0x00, 0x00, 0x00
    .byte 0x02, 0x00, 0x00, 0x00, 0x00, 0x00, 0x00, 0x00, 0x00, 0x00, 0x00, 0x00, 0xff, 0xff, 0xff, 0xff
    .byte 0xff, 0xff, 0xff, 0xff, 0x00, 0x00, 0x17, 0x00, 0xff, 0xff, 0xff, 0xff, 0x00, 0x00, 0x00, 0x00
    .byte 0xf4, 0xd8, 0x0c, 0x00, 0x00, 0x00, 0x00, 0x00, 0x03, 0x00, 0x00, 0x00, 0xbc, 0x22, 0x00, 0x00
    .byte 0xbd, 0x22, 0x00, 0x00, 0xbe, 0x22, 0x00, 0x00, 0x02, 0x00, 0x00, 0x00, 0x00, 0x00, 0x00, 0x00
    .byte 0x00, 0x00, 0xf0, 0xff, 0xcf, 0xff, 0x10, 0x00, 0x07, 0x00, 0x00, 0xfe, 0x00, 0xfe, 0x00, 0x00
    .byte 0x00, 0x00, 0x00, 0x00, 0xd5, 0x3a, 0x22, 0x02, 0x00, 0x00, 0x00, 0x00, 0x00, 0x00, 0x00, 0x00
    .byte 0x00, 0x00, 0x00, 0x00, 0x02, 0x00, 0x00, 0x00, 0x00, 0x00, 0x00, 0x00, 0x00, 0x00, 0x00, 0x00
    .byte 0xff, 0xff, 0xff, 0xff, 0xff, 0xff, 0xff, 0xff, 0x00, 0x00, 0x18, 0x00, 0xff, 0xff, 0xff, 0xff
    .byte 0x00, 0x00, 0x00, 0x00, 0xf4, 0xd8, 0x0c, 0x00, 0x00, 0x00, 0x00, 0x00, 0x03, 0x00, 0x00, 0x00
    .byte 0xbc, 0x22, 0x00, 0x00, 0xbd, 0x22, 0x00, 0x00, 0xbe, 0x22, 0x00, 0x00, 0x02, 0x02, 0x00, 0x00
    .byte 0x00, 0x00, 0x00, 0x00, 0x00, 0x00, 0xf0, 0xff, 0xcf, 0xff, 0x10, 0x00, 0x07, 0x00, 0x70, 0x02
    .byte 0x60, 0x00, 0x20, 0x00, 0x40, 0x00, 0x00, 0x00, 0x00, 0x00, 0x00, 0x00, 0x00, 0x00, 0x00, 0x00
    .byte 0x00, 0x00, 0x00, 0x00, 0x00, 0x00, 0x00, 0x00, 0x02, 0x00, 0x00, 0x00, 0x00, 0x00, 0x00, 0x00
    .byte 0x00, 0x00, 0x00, 0x00, 0xff, 0xff, 0xff, 0xff, 0xff, 0xff, 0xff, 0xff, 0x00, 0x00, 0xff, 0xff
    .byte 0xff, 0xff, 0xff, 0xff, 0x00, 0x00, 0x00, 0x00, 0xf4, 0xd8, 0x0c, 0x00, 0x00, 0x00, 0x00, 0x00
    .byte 0x03, 0x00, 0x00, 0x00, 0xbc, 0x22, 0x00, 0x00, 0xbd, 0x22, 0x00, 0x00, 0xbe, 0x22, 0x00, 0x00
    .byte 0x02, 0x02, 0x00, 0x00, 0x00, 0x00, 0x00, 0x00, 0x00, 0x00, 0xf0, 0xff, 0xcf, 0xff, 0x10, 0x00
    .byte 0x07, 0x00, 0x90, 0x00, 0x90, 0x00, 0x20, 0x00, 0x40, 0x00, 0x00, 0x00, 0x00, 0x00, 0x00, 0x00
    .byte 0x00, 0x00, 0x00, 0x00, 0x00, 0x00, 0x00, 0x00, 0x00, 0x00, 0x00, 0x00, 0x02, 0x00, 0x00, 0x00
    .byte 0x00, 0x00, 0x00, 0x00, 0x00, 0x00, 0x00, 0x00, 0xff, 0xff, 0xff, 0xff, 0xff, 0xff, 0xff, 0xff
    .byte 0x00, 0x00, 0xff, 0xff, 0xff, 0xff, 0xff, 0xff, 0x00, 0x00, 0x00, 0x00, 0xf4, 0xd8, 0x0c, 0x00
    .byte 0x00, 0x00, 0x00, 0x00, 0x03, 0x00, 0x00, 0x00, 0xbc, 0x22, 0x00, 0x00, 0xbd, 0x22, 0x00, 0x00
    .byte 0xbe, 0x22, 0x00, 0x00, 0x02, 0x02, 0x00, 0x00, 0x00, 0x00, 0x00, 0x00, 0x00, 0x00, 0xf0, 0xff
    .byte 0xcf, 0xff, 0x10, 0x00, 0x07, 0x00, 0x68, 0x01, 0x50, 0x02, 0x44, 0x00, 0x40, 0x00, 0x00, 0x00
    .byte 0x00, 0x00, 0x00, 0x00, 0x00, 0x00, 0x00, 0x00, 0x00, 0x00, 0x00, 0x00, 0x00, 0x00, 0x00, 0x00
    .byte 0x02, 0x00, 0x00, 0x00, 0x00, 0x00, 0x00, 0x00, 0x00, 0x00, 0x00, 0x00, 0xff, 0xff, 0xff, 0xff
    .byte 0xff, 0xff, 0xff, 0xff, 0x00, 0x00, 0xff, 0xff, 0xff, 0xff, 0xff, 0xff, 0x00, 0x00, 0x00, 0x00
    .byte 0xf4, 0xd8, 0x0c, 0x00, 0x00, 0x00, 0x00, 0x00, 0x03, 0x00, 0x00, 0x00, 0xbc, 0x22, 0x00, 0x00
    .byte 0xbd, 0x22, 0x00, 0x00, 0xbe, 0x22, 0x00, 0x00, 0x02, 0x01, 0x00, 0x00, 0x00, 0x00, 0x00, 0x00
    .byte 0x00, 0x00, 0xf0, 0xff, 0xcf, 0xff, 0x10, 0x00, 0x07, 0x00, 0xa8, 0x01, 0x50, 0x02, 0x44, 0x00
    .byte 0x40, 0x00, 0x00, 0x00, 0x00, 0x00, 0x00, 0x00, 0x00, 0x00, 0x00, 0x00, 0x00, 0x00, 0x00, 0x00
    .byte 0x00, 0x00, 0x00, 0x00, 0x02, 0x00, 0x00, 0x00, 0x00, 0x00, 0x00, 0x00, 0x00, 0x00, 0x00, 0x00
    .byte 0xff, 0xff, 0xff, 0xff, 0xff, 0xff, 0xff, 0xff, 0x00, 0x00, 0xff, 0xff, 0xff, 0xff, 0xff, 0xff
    .byte 0x00, 0x00, 0x00, 0x00, 0xf4, 0xd8, 0x0c, 0x00, 0x00, 0x00, 0x00, 0x00, 0x03, 0x00, 0x00, 0x00
    .byte 0x9a, 0x16, 0x00, 0x00, 0x9b, 0x16, 0x00, 0x00, 0x9c, 0x16, 0x00, 0x00, 0x02, 0x00, 0x14, 0x08
    .byte 0x00, 0xfe, 0x00, 0x00, 0x00, 0x00, 0xf0, 0xff, 0xe0, 0xff, 0x10, 0x00, 0x04, 0x00, 0x40, 0x01
    .byte 0x68, 0x00, 0x10, 0x00, 0x00, 0x00, 0x00, 0x00, 0xe2, 0x05, 0x22, 0x02, 0x00, 0x00, 0x00, 0x00
    .byte 0x00, 0x00, 0x00, 0x00, 0x00, 0x00, 0x00, 0x00, 0xff, 0xff, 0x02, 0x00, 0x00, 0x00, 0x00, 0x00
    .byte 0x00, 0x00, 0x00, 0x00, 0xff, 0xff, 0xff, 0xff, 0xff, 0xff, 0xff, 0xff, 0x00, 0x00, 0x1d, 0x00
    .byte 0xff, 0xff, 0xff, 0xff, 0x00, 0x00, 0x0e, 0x00, 0xf4, 0xe0, 0x0c, 0x04, 0x00, 0x00, 0x00, 0x00
    .byte 0x03, 0x00, 0x00, 0x00, 0x9a, 0x16, 0x00, 0x00, 0x9b, 0x16, 0x00, 0x00, 0x9c, 0x16, 0x00, 0x00
    .byte 0x02, 0x00, 0x14, 0x08, 0x00, 0xfe, 0x00, 0x00, 0x00, 0x00, 0xf0, 0xff, 0xe0, 0xff, 0x10, 0x00
    .byte 0x04, 0x00, 0x70, 0x01, 0x68, 0x00, 0x10, 0x00, 0x00, 0x00, 0x00, 0x00, 0x80, 0x08, 0x22, 0x02
    .byte 0x00, 0x00, 0x00, 0x00, 0x00, 0x00, 0x00, 0x00, 0x00, 0x00, 0x00, 0x00, 0xff, 0xff, 0x02, 0x00
    .byte 0x00, 0x00, 0x00, 0x00, 0x00, 0x00, 0x00, 0x00, 0xff, 0xff, 0xff, 0xff, 0xff, 0xff, 0xff, 0xff
    .byte 0x00, 0x00, 0x1e, 0x00, 0xff, 0xff, 0xff, 0xff, 0x00, 0x00, 0x0e, 0x00, 0xf4, 0xe0, 0x0c, 0x04
    .byte 0x00, 0x00, 0x00, 0x00, 0x03, 0x00, 0x00, 0x00, 0x9a, 0x16, 0x00, 0x00, 0x9b, 0x16, 0x00, 0x00
    .byte 0x9c, 0x16, 0x00, 0x00, 0x02, 0x00, 0x14, 0x08, 0x00, 0xfe, 0x00, 0x00, 0x00, 0x00, 0xf0, 0xff
    .byte 0xe0, 0xff, 0x10, 0x00, 0x04, 0x00, 0x20, 0x02, 0xd0, 0x01, 0x10, 0x00, 0x00, 0x00, 0x00, 0x00
    .byte 0x1e, 0x0b, 0x22, 0x02, 0x00, 0x00, 0x00, 0x00, 0x00, 0x00, 0x00, 0x00, 0x00, 0x00, 0x00, 0x00
    .byte 0xff, 0xff, 0x02, 0x00, 0x00, 0x00, 0x00, 0x00, 0x00, 0x00, 0x00, 0x00, 0xff, 0xff, 0xff, 0xff
    .byte 0xff, 0xff, 0xff, 0xff, 0x00, 0x00, 0x1f, 0x00, 0xff, 0xff, 0xff, 0xff, 0x00, 0x00, 0x0e, 0x00
    .byte 0xf4, 0xe0, 0x0c, 0x04, 0x00, 0x00, 0x00, 0x00, 0x03, 0x00, 0x00, 0x00, 0x9a, 0x16, 0x00, 0x00
    .byte 0x9b, 0x16, 0x00, 0x00, 0x9c, 0x16, 0x00, 0x00, 0x02, 0x00, 0x14, 0x08, 0x00, 0xfe, 0x00, 0x00
    .byte 0x00, 0x00, 0xf0, 0xff, 0xe0, 0xff, 0x10, 0x00, 0x04, 0x00, 0x40, 0x02, 0xd0, 0x01, 0x10, 0x00
    .byte 0x00, 0x00, 0x00, 0x00, 0xbc, 0x0d, 0x22, 0x02, 0x00, 0x00, 0x00, 0x00, 0x00, 0x00, 0x00, 0x00
    .byte 0x00, 0x00, 0x00, 0x00, 0xff, 0xff, 0x02, 0x00, 0x00, 0x00, 0x00, 0x00, 0x00, 0x00, 0x00, 0x00
    .byte 0xff, 0xff, 0xff, 0xff, 0xff, 0xff, 0xff, 0xff, 0x00, 0x00, 0x20, 0x00, 0xff, 0xff, 0xff, 0xff
    .byte 0x00, 0x00, 0x0e, 0x00, 0xf4, 0xe0, 0x0c, 0x04, 0x00, 0x00, 0x00, 0x00, 0x03, 0x00, 0x00, 0x00
    .byte 0x9a, 0x16, 0x00, 0x00, 0x9b, 0x16, 0x00, 0x00, 0x9c, 0x16, 0x00, 0x00, 0x02, 0x00, 0x14, 0x08
    .byte 0x00, 0xfe, 0x00, 0x00, 0x00, 0x00, 0xf0, 0xff, 0xe0, 0xff, 0x10, 0x00, 0x04, 0x00, 0xe0, 0x03
    .byte 0x88, 0x02, 0xb0, 0xff, 0x00, 0x00, 0x00, 0x00, 0x5a, 0x10, 0x22, 0x02, 0x00, 0x00, 0x00, 0x00
    .byte 0x00, 0x00, 0x00, 0x00, 0x00, 0x00, 0x00, 0x00, 0xff, 0xff, 0x02, 0x00, 0x00, 0x00, 0x00, 0x00
    .byte 0x00, 0x00, 0x00, 0x00, 0xff, 0xff, 0xff, 0xff, 0xff, 0xff, 0xff, 0xff, 0x00, 0x00, 0x21, 0x00
    .byte 0xff, 0xff, 0xff, 0xff, 0x00, 0x00, 0x0e, 0x00, 0xf4, 0xe0, 0x0c, 0x04, 0x00, 0x00, 0x00, 0x00
    .byte 0x03, 0x00, 0x00, 0x00, 0x9a, 0x16, 0x00, 0x00, 0x9b, 0x16, 0x00, 0x00, 0x9c, 0x16, 0x00, 0x00
    .byte 0x02, 0x00, 0x14, 0x08, 0x00, 0xfe, 0x00, 0x00, 0x00, 0x00, 0xf0, 0xff, 0xe0, 0xff, 0x10, 0x00
    .byte 0x04, 0x00, 0xb0, 0x03, 0x88, 0x02, 0xb0, 0xff, 0x00, 0x00, 0x00, 0x00, 0xf8, 0x12, 0x22, 0x02
    .byte 0x00, 0x00, 0x00, 0x00, 0x00, 0x00, 0x00, 0x00, 0x00, 0x00, 0x00, 0x00, 0xff, 0xff, 0x02, 0x00
    .byte 0x00, 0x00, 0x00, 0x00, 0x00, 0x00, 0x00, 0x00, 0xff, 0xff, 0xff, 0xff, 0xff, 0xff, 0xff, 0xff
    .byte 0x00, 0x00, 0x22, 0x00, 0xff, 0xff, 0xff, 0xff, 0x00, 0x00, 0x0e, 0x00, 0xf4, 0xe0, 0x0c, 0x04
    .byte 0x00, 0x00, 0x00, 0x00, 0x03, 0x00, 0x00, 0x00, 0x58, 0x22, 0x00, 0x00, 0x59, 0x22, 0x00, 0x00
    .byte 0x5a, 0x22, 0x00, 0x00, 0x02, 0x00, 0x00, 0x00, 0x00, 0x00, 0x00, 0x00, 0x00, 0x00, 0xf0, 0xff
    .byte 0xcf, 0xff, 0x10, 0x00, 0x07, 0x00, 0x00, 0xfe, 0x00, 0xfe, 0x00, 0x00, 0x00, 0x00, 0x00, 0x00
    .byte 0x3b, 0x3b, 0x22, 0x02, 0x00, 0x00, 0x00, 0x00, 0x00, 0x00, 0x00, 0x00, 0x00, 0x00, 0x00, 0x00
    .byte 0xff, 0xff, 0x00, 0x00, 0x00, 0x00, 0x00, 0x00, 0x00, 0x00, 0x00, 0x00, 0xff, 0xff, 0xff, 0xff
    .byte 0xff, 0xff, 0xff, 0xff, 0x00, 0x00, 0x23, 0x00, 0xff, 0xff, 0xff, 0xff, 0x00, 0x00, 0x06, 0x00
    .byte 0xf4, 0xd8, 0x0c, 0x00, 0x00, 0x00, 0x00, 0x00, 0x03, 0x00, 0x18, 0x00, 0xad, 0x22, 0x00, 0x00
    .byte 0xae, 0x22, 0x00, 0x00, 0xaf, 0x22, 0x00, 0x00, 0x02, 0x00, 0x00, 0x00, 0x00, 0x00, 0x00, 0x00
    .byte 0x00, 0x00, 0xf0, 0xff, 0xcf, 0xff, 0x10, 0x00, 0x07, 0x00, 0x00, 0xfe, 0x00, 0xfe, 0x00, 0x00
    .byte 0x00, 0x00, 0x00, 0x00, 0x1b, 0x3e, 0x22, 0x02, 0x00, 0x00, 0x00, 0x00, 0x00, 0x00, 0x00, 0x00
    .byte 0x00, 0x00, 0x00, 0x00, 0x02, 0x00, 0x00, 0x00, 0x00, 0x00, 0x00, 0x00, 0x00, 0x00, 0x00, 0x00
    .byte 0xff, 0xff, 0xff, 0xff, 0xff, 0xff, 0xff, 0xff, 0x00, 0x00, 0x24, 0x00, 0xff, 0xff, 0xff, 0xff
    .byte 0x00, 0x00, 0x06, 0x00, 0xf4, 0xd8, 0x0c, 0x00, 0x00, 0x00, 0x00, 0x00, 0x03, 0x00, 0x00, 0x00
    .byte 0xba, 0x16, 0x00, 0x00, 0xb8, 0x16, 0x00, 0x00, 0xbb, 0x16, 0x00, 0x00, 0x02, 0x00, 0x00, 0x00
    .byte 0x00, 0x00, 0x00, 0x00, 0x00, 0x00, 0xf0, 0xff, 0xcf, 0xff, 0x10, 0x00, 0x07, 0x00, 0x00, 0xfe
    .byte 0x00, 0xfe, 0x00, 0x00, 0x00, 0x00, 0x00, 0x00, 0xfb, 0x40, 0x22, 0x02, 0x00, 0x00, 0x00, 0x00
    .byte 0x00, 0x00, 0x00, 0x00, 0x00, 0x00, 0x00, 0x00, 0x02, 0x00, 0x00, 0x00, 0x00, 0x00, 0x00, 0x00
    .byte 0x00, 0x00, 0x00, 0x00, 0xff, 0xff, 0xff, 0xff, 0xff, 0xff, 0xff, 0xff, 0x00, 0x00, 0x25, 0x00
    .byte 0xff, 0xff, 0xff, 0xff, 0x00, 0x00, 0x0e, 0x00, 0xf4, 0xd8, 0x0c, 0x00, 0x00, 0x00, 0x00, 0x00
    .byte 0x03, 0x00, 0x00, 0x00, 0xba, 0x16, 0x00, 0x00, 0xb8, 0x16, 0x00, 0x00, 0xbb, 0x16, 0x00, 0x00
    .byte 0x02, 0x00, 0x00, 0x00, 0x00, 0x00, 0x00, 0x00, 0x00, 0x00, 0xf0, 0xff, 0xcf, 0xff, 0x10, 0x00
    .byte 0x07, 0x00, 0x00, 0xfe, 0x00, 0xfe, 0x00, 0x00, 0x00, 0x00, 0x00, 0x00, 0xcc, 0x41, 0x22, 0x02
    .byte 0x00, 0x00, 0x00, 0x00, 0x00, 0x00, 0x00, 0x00, 0x00, 0x00, 0x00, 0x00, 0x02, 0x00, 0x00, 0x00
    .byte 0x00, 0x00, 0x00, 0x00, 0x00, 0x00, 0x00, 0x00, 0xff, 0xff, 0xff, 0xff, 0xff, 0xff, 0xff, 0xff
    .byte 0x00, 0x00, 0x26, 0x00, 0xff, 0xff, 0xff, 0xff, 0x00, 0x00, 0x0e, 0x00, 0xf4, 0xd8, 0x0c, 0x00
    .byte 0x00, 0x00, 0x00, 0x00, 0x02, 0x00, 0x75, 0x00, 0x00, 0x10, 0x00, 0x00, 0x01, 0x10, 0x00, 0x00
    .byte 0x02, 0x10, 0x00, 0x00, 0x02, 0x00, 0x18, 0x14, 0x00, 0x00, 0x00, 0x00, 0x00, 0x00, 0xf0, 0xff
    .byte 0xcf, 0xff, 0x10, 0x00, 0x07, 0x00, 0x70, 0x01, 0x60, 0x00, 0x00, 0x00, 0x00, 0x00, 0x01, 0x00
    .byte 0x00, 0x00, 0x00, 0x00, 0x00, 0x03, 0x00, 0x00, 0x00, 0x00, 0x00, 0x00, 0x00, 0x00, 0x00, 0x00
    .byte 0xff, 0xff, 0x00, 0x00, 0x00, 0x00, 0x00, 0x00, 0x00, 0x00, 0x00, 0x00, 0x36, 0x00, 0x00, 0x00
    .byte 0xff, 0xff, 0xff, 0xff, 0x00, 0x00, 0xff, 0xff, 0x01, 0x00, 0x00, 0x00, 0x00, 0x00, 0x00, 0x00
    .byte 0xf4, 0xd8, 0x0c, 0x00, 0x00, 0x00, 0x00, 0x00, 0x02, 0x00, 0x75, 0x00, 0x00, 0x10, 0x00, 0x00
    .byte 0x01, 0x10, 0x00, 0x00, 0x02, 0x10, 0x00, 0x00, 0x02, 0x00, 0x18, 0x14, 0x00, 0x00, 0x00, 0x00
    .byte 0x00, 0x00, 0xf0, 0xff, 0xcf, 0xff, 0x10, 0x00, 0x07, 0x00, 0xe0, 0x01, 0x70, 0x00, 0x00, 0x00
    .byte 0x00, 0x00, 0x01, 0x00, 0x00, 0x00, 0x00, 0x00, 0x00, 0x03, 0x00, 0x00, 0x00, 0x00, 0x00, 0x00
    .byte 0x00, 0x00, 0x00, 0x00, 0xff, 0xff, 0x00, 0x00, 0x00, 0x00, 0x00, 0x00, 0x00, 0x00, 0x00, 0x00
    .byte 0xff, 0xff, 0xff, 0xff, 0xff, 0xff, 0xff, 0xff, 0x00, 0x00, 0xff, 0xff, 0x01, 0x00, 0x00, 0x00
    .byte 0x00, 0x00, 0x00, 0x00, 0xf4, 0xd8, 0x0c, 0x00, 0x00, 0x00, 0x00, 0x00, 0x02, 0x00, 0x75, 0x00
    .byte 0x00, 0x10, 0x00, 0x00, 0x01, 0x10, 0x00, 0x00, 0x02, 0x10, 0x00, 0x00, 0x02, 0x00, 0x18, 0x14
    .byte 0x00, 0x00, 0x00, 0x00, 0x00, 0x00, 0xf0, 0xff, 0xcf, 0xff, 0x10, 0x00, 0x07, 0x00, 0x00, 0x03
    .byte 0x10, 0x02, 0xb0, 0xff, 0x00, 0x00, 0x01, 0x00, 0x00, 0x00, 0x00, 0x00, 0x00, 0x03, 0x00, 0x00
    .byte 0x00, 0x00, 0x00, 0x00, 0x00, 0x00, 0x00, 0x00, 0xff, 0xff, 0x00, 0x00, 0x00, 0x00, 0x00, 0x00
    .byte 0x00, 0x00, 0x00, 0x00, 0xff, 0xff, 0xff, 0xff, 0xff, 0xff, 0xff, 0xff, 0x00, 0x00, 0xff, 0xff
    .byte 0x01, 0x00, 0x00, 0x00, 0x00, 0x00, 0x00, 0x00, 0xf4, 0xd8, 0x0c, 0x00, 0x00, 0x00, 0x00, 0x00
    .byte 0x02, 0x00, 0x75, 0x00, 0x00, 0x10, 0x00, 0x00, 0x01, 0x10, 0x00, 0x00, 0x02, 0x10, 0x00, 0x00
    .byte 0x02, 0x00, 0x18, 0x14, 0x00, 0x00, 0x00, 0x00, 0x00, 0x00, 0xf0, 0xff, 0xcf, 0xff, 0x10, 0x00
    .byte 0x07, 0x00, 0x70, 0x03, 0x30, 0x02, 0xb0, 0xff, 0x00, 0x00, 0x01, 0x00, 0x00, 0x00, 0x00, 0x00
    .byte 0x00, 0x03, 0x00, 0x00, 0x00, 0x00, 0x00, 0x00, 0x00, 0x00, 0x00, 0x00, 0xff, 0xff, 0x00, 0x00
    .byte 0x00, 0x00, 0x00, 0x00, 0x00, 0x00, 0x00, 0x00, 0xff, 0xff, 0xff, 0xff, 0xff, 0xff, 0xff, 0xff
    .byte 0x00, 0x00, 0xff, 0xff, 0x01, 0x00, 0x00, 0x00, 0x00, 0x00, 0x00, 0x00, 0xf4, 0xd8, 0x0c, 0x00
    .byte 0x00, 0x00, 0x00, 0x00, 0x02, 0x00, 0x75, 0x00, 0x00, 0x10, 0x00, 0x00, 0x01, 0x10, 0x00, 0x00
    .byte 0x02, 0x10, 0x00, 0x00, 0x02, 0x00, 0x18, 0x14, 0x00, 0x00, 0x00, 0x00, 0x00, 0x00, 0xf0, 0xff
    .byte 0xcf, 0xff, 0x10, 0x00, 0x07, 0x00, 0x40, 0x02, 0x50, 0x02, 0xb0, 0xff, 0x00, 0x00, 0x01, 0x00
    .byte 0x00, 0x00, 0x00, 0x00, 0x00, 0x03, 0x00, 0x00, 0x00, 0x00, 0x00, 0x00, 0x00, 0x00, 0x00, 0x00
    .byte 0xff, 0xff, 0x00, 0x00, 0x00, 0x00, 0x00, 0x00, 0x00, 0x00, 0x00, 0x00, 0x36, 0x00, 0x00, 0x00
    .byte 0xff, 0xff, 0xff, 0xff, 0x00, 0x00, 0xff, 0xff, 0x01, 0x00, 0x00, 0x00, 0x00, 0x00, 0x00, 0x00
    .byte 0xf4, 0xd8, 0x0c, 0x00, 0x00, 0x00, 0x00, 0x00, 0x02, 0x00, 0x75, 0x00, 0x00, 0x10, 0x00, 0x00
    .byte 0x01, 0x10, 0x00, 0x00, 0x02, 0x10, 0x00, 0x00, 0x02, 0x00, 0x18, 0x14, 0x00, 0x00, 0x00, 0x00
    .byte 0x00, 0x00, 0xf0, 0xff, 0xcf, 0xff, 0x10, 0x00, 0x07, 0x00, 0x80, 0x02, 0xf0, 0x01, 0xb0, 0xff
    .byte 0x00, 0x00, 0x01, 0x00, 0x00, 0x00, 0x00, 0x00, 0x00, 0x03, 0x00, 0x00, 0x00, 0x00, 0x00, 0x00
    .byte 0x00, 0x00, 0x00, 0x00, 0xff, 0xff, 0x00, 0x00, 0x00, 0x00, 0x00, 0x00, 0x00, 0x00, 0x00, 0x00
    .byte 0x36, 0x00, 0x00, 0x00, 0xff, 0xff, 0xff, 0xff, 0x00, 0x00, 0xff, 0xff, 0x01, 0x00, 0x00, 0x00
    .byte 0x00, 0x00, 0x00, 0x00, 0xf4, 0xd8, 0x0c, 0x00, 0x00, 0x00, 0x00, 0x00, 0x02, 0x00, 0x75, 0x00
    .byte 0x00, 0x10, 0x00, 0x00, 0x01, 0x10, 0x00, 0x00, 0x02, 0x10, 0x00, 0x00, 0x02, 0x00, 0x18, 0x14
    .byte 0x00, 0x00, 0x00, 0x00, 0x00, 0x00, 0xf0, 0xff, 0xcf, 0xff, 0x10, 0x00, 0x07, 0x00, 0x00, 0x03
    .byte 0x30, 0x02, 0xb0, 0xff, 0x00, 0x00, 0x01, 0x00, 0x00, 0x00, 0x00, 0x00, 0x00, 0x03, 0x00, 0x00
    .byte 0x00, 0x00, 0x00, 0x00, 0x00, 0x00, 0x00, 0x00, 0xff, 0xff, 0x00, 0x00, 0x00, 0x00, 0x00, 0x00
    .byte 0x00, 0x00, 0x00, 0x00, 0x36, 0x00, 0x00, 0x00, 0xff, 0xff, 0xff, 0xff, 0x00, 0x00, 0xff, 0xff
    .byte 0x01, 0x00, 0x00, 0x00, 0x00, 0x00, 0x00, 0x00, 0xf4, 0xd8, 0x0c, 0x00, 0x00, 0x00, 0x00, 0x00
    .byte 0x03, 0x00, 0x00, 0x00, 0x00, 0x10, 0x00, 0x00, 0x01, 0x10, 0x00, 0x00, 0x02, 0x10, 0x00, 0x00
    .byte 0x02, 0x00, 0x20, 0x08, 0x00, 0x00, 0x00, 0x00, 0x00, 0x00, 0xf0, 0xff, 0xcf, 0xff, 0x10, 0x00
    .byte 0x07, 0x00, 0x80, 0x00, 0xf8, 0x02, 0x00, 0x00, 0x00, 0x00, 0x00, 0x00, 0x78, 0x00, 0x22, 0x02
    .byte 0x00, 0x00, 0x00, 0x00, 0x00, 0x00, 0x00, 0x00, 0x00, 0x00, 0x00, 0x00, 0xff, 0xff, 0x00, 0x00
    .byte 0x00, 0x00, 0x00, 0x00, 0x00, 0x00, 0x00, 0x00, 0xff, 0xff, 0xff, 0xff, 0xff, 0xff, 0xff, 0xff
    .byte 0x00, 0x00, 0x2e, 0x00, 0xff, 0xff, 0xff, 0xff, 0x00, 0x00, 0x06, 0x00, 0xf4, 0xd8, 0x0c, 0x00
    .byte 0x00, 0x00, 0x00, 0x00, 0x03, 0x00, 0x00, 0x00, 0xb4, 0x16, 0x00, 0x00, 0xb5, 0x16, 0x00, 0x00
    .byte 0xb6, 0x16, 0x00, 0x00, 0x02, 0x01, 0x00, 0x00, 0x00, 0x00, 0x00, 0x00, 0x00, 0x00, 0xf0, 0xff
    .byte 0xcf, 0xff, 0x10, 0x00, 0x07, 0x00, 0x80, 0x03, 0x50, 0x00, 0x20, 0x00, 0x40, 0x00, 0x00, 0x00
    .byte 0x4a, 0x5a, 0x22, 0x02, 0x00, 0x00, 0x00, 0x00, 0x00, 0x00, 0x00, 0x00, 0x00, 0x00, 0x00, 0x00
    .byte 0x02, 0x00, 0x00, 0x00, 0x00, 0x00, 0x00, 0x00, 0x00, 0x00, 0x00, 0x00, 0xff, 0xff, 0xff, 0xff
    .byte 0xff, 0xff, 0xff, 0xff, 0x00, 0x00, 0x2f, 0x00, 0xff, 0xff, 0xff, 0xff, 0x00, 0x00, 0x00, 0x00
    .byte 0xf4, 0xd8, 0x0c, 0x00, 0x00, 0x00, 0x00, 0x00, 0x03, 0x00, 0x00, 0x00, 0xb4, 0x16, 0x00, 0x00
    .byte 0xb5, 0x16, 0x00, 0x00, 0xb6, 0x16, 0x00, 0x00, 0x02, 0x07, 0x20, 0x18, 0x00, 0x00, 0x00, 0x00
    .byte 0x00, 0x00, 0xf0, 0xff, 0xcf, 0xff, 0x10, 0x00, 0x07, 0x00, 0x80, 0x03, 0x80, 0x00, 0x10, 0x00
    .byte 0x00, 0x00, 0x00, 0x00, 0x8d, 0x5a, 0x22, 0x02, 0x00, 0x00, 0x00, 0x00, 0x00, 0x00, 0x00, 0x00
    .byte 0x00, 0x00, 0x00, 0x00, 0xff, 0xff, 0x00, 0x00, 0x00, 0x00, 0x00, 0x00, 0x00, 0x00, 0x00, 0x00
    .byte 0xff, 0xff, 0xff, 0xff, 0xff, 0xff, 0xff, 0xff, 0x00, 0x00, 0x30, 0x00, 0xff, 0xff, 0xff, 0xff
    .byte 0x00, 0x00, 0x06, 0x00, 0xf4, 0xd8, 0x0c, 0x00, 0x00, 0x00, 0x00, 0x00, 0x03, 0x00, 0x00, 0x00
    .byte 0xb4, 0x16, 0x00, 0x00, 0xb5, 0x16, 0x00, 0x00, 0xb6, 0x16, 0x00, 0x00, 0x02, 0x00, 0x00, 0x00
    .byte 0x00, 0x00, 0x00, 0x00, 0x00, 0x00, 0xf0, 0xff, 0xcf, 0xff, 0x10, 0x00, 0x07, 0x00, 0x80, 0x03
    .byte 0x50, 0x00, 0x20, 0x00, 0x40, 0x00, 0x00, 0x00, 0x00, 0x00, 0x00, 0x00, 0x00, 0x00, 0x00, 0x00
    .byte 0x00, 0x00, 0x00, 0x00, 0x00, 0x00, 0x00, 0x00, 0x02, 0x00, 0x00, 0x00, 0x00, 0x00, 0x00, 0x00
    .byte 0x00, 0x00, 0x00, 0x00, 0xff, 0xff, 0xff, 0xff, 0xff, 0xff, 0xff, 0xff, 0x00, 0x00, 0xff, 0xff
    .byte 0xff, 0xff, 0xff, 0xff, 0x00, 0x00, 0x00, 0x00, 0xf4, 0xd8, 0x0c, 0x00, 0x00, 0x00, 0x00, 0x00
    .byte 0x03, 0x00, 0x00, 0x00, 0xb4, 0x16, 0x00, 0x00, 0xb5, 0x16, 0x00, 0x00, 0xb6, 0x16, 0x00, 0x00
    .byte 0x02, 0x00, 0x20, 0x18, 0x00, 0x00, 0x00, 0x00, 0x00, 0x00, 0xf0, 0xff, 0xcf, 0xff, 0x10, 0x00
    .byte 0x07, 0x00, 0x00, 0xfe, 0x00, 0xfe, 0x00, 0x00, 0x00, 0x00, 0x00, 0x00, 0x9c, 0x5b, 0x22, 0x02
    .byte 0x00, 0x00, 0x00, 0x00, 0x00, 0x00, 0x00, 0x00, 0x00, 0x00, 0x00, 0x00, 0xff, 0xff, 0x00, 0x00
    .byte 0x00, 0x00, 0x00, 0x00, 0x00, 0x00, 0x00, 0x00, 0xff, 0xff, 0xff, 0xff, 0xff, 0xff, 0xff, 0xff
    .byte 0x00, 0x00, 0x32, 0x00, 0xff, 0xff, 0xff, 0xff, 0x00, 0x00, 0x0e, 0x00, 0xf4, 0xd8, 0x0c, 0x00
    .byte 0x00, 0x00, 0x00, 0x00, 0x03, 0x00, 0x00, 0x00, 0xaa, 0x16, 0x00, 0x00, 0xab, 0x16, 0x00, 0x00
    .byte 0xac, 0x16, 0x00, 0x00, 0x02, 0x00, 0x20, 0x0c, 0x00, 0x00, 0x00, 0x00, 0x00, 0x00, 0xf0, 0xff
    .byte 0xcf, 0xff, 0x10, 0x00, 0x07, 0x00, 0xd0, 0x03, 0x70, 0x00, 0x10, 0x00, 0x10, 0x00, 0x00, 0x00
    .byte 0xb7, 0x5f, 0x22, 0x02, 0x00, 0x00, 0x00, 0x00, 0x00, 0x00, 0x00, 0x00, 0x00, 0x00, 0x00, 0x00
    .byte 0xff, 0xff, 0x00, 0x00, 0x00, 0x00, 0x00, 0x00, 0x00, 0x00, 0x00, 0x00, 0xff, 0xff, 0xff, 0xff
    .byte 0xff, 0xff, 0xff, 0xff, 0x00, 0x00, 0x33, 0x00, 0xff, 0xff, 0xff, 0xff, 0x00, 0x00, 0x0e, 0x00
    .byte 0xf4, 0xd8, 0x0c, 0x00, 0x00, 0x00, 0x00, 0x00, 0x03, 0x00, 0x00, 0x00, 0xaa, 0x16, 0x00, 0x00
    .byte 0xab, 0x16, 0x00, 0x00, 0xac, 0x16, 0x00, 0x00, 0x02, 0x00, 0x20, 0x0c, 0x00, 0x00, 0x00, 0x00
    .byte 0x00, 0x00, 0xf0, 0xff, 0xcf, 0xff, 0x10, 0x00, 0x07, 0x00, 0xd0, 0x00, 0x96, 0x00, 0x0f, 0x00
    .byte 0x00, 0x00, 0x00, 0x00, 0xac, 0x60, 0x22, 0x02, 0x00, 0x00, 0x00, 0x00, 0x00, 0x00, 0x00, 0x00
    .byte 0x00, 0x00, 0x00, 0x00, 0x02, 0x00, 0x00, 0x00, 0x00, 0x00, 0x00, 0x00, 0x00, 0x00, 0x00, 0x00
    .byte 0xff, 0xff, 0xff, 0xff, 0xff, 0xff, 0xff, 0xff, 0x00, 0x00, 0x34, 0x00, 0xff, 0xff, 0xff, 0xff
    .byte 0x00, 0x00, 0x0e, 0x00, 0xf4, 0xd8, 0x0c, 0x00, 0x00, 0x00, 0x00, 0x00, 0x06, 0x00, 0x00, 0x00
    .byte 0x00, 0x10, 0x00, 0x00, 0x01, 0x10, 0x00, 0x00, 0x02, 0x10, 0x00, 0x00, 0x02, 0x00, 0x0c, 0x08
    .byte 0x00, 0x00, 0x00, 0x00, 0x00, 0x00, 0xf0, 0xff, 0xcf, 0xff, 0x10, 0x00, 0x07, 0x00, 0x00, 0xfe
    .byte 0x00, 0xfe, 0x00, 0x00, 0x00, 0x00, 0x00, 0x00, 0x2e, 0x61, 0x22, 0x02, 0x00, 0x00, 0x00, 0x00
    .byte 0x00, 0x00, 0x00, 0x00, 0x00, 0x00, 0x00, 0x00, 0xff, 0xff, 0x00, 0x00, 0x00, 0x00, 0x00, 0x00
    .byte 0x00, 0x00, 0x00, 0x00, 0xff, 0xff, 0xff, 0xff, 0xff, 0xff, 0xff, 0xff, 0x00, 0x00, 0x35, 0x00
    .byte 0xff, 0xff, 0xff, 0xff, 0x00, 0x00, 0x00, 0x00, 0xf4, 0xd8, 0x0c, 0x00, 0x00, 0x00, 0x00, 0x00
    .byte 0x03, 0x00, 0x00, 0x00, 0x58, 0x22, 0x00, 0x00, 0x59, 0x22, 0x00, 0x00, 0x5a, 0x22, 0x00, 0x00
    .byte 0x02, 0x00, 0x00, 0x00, 0x00, 0x00, 0x00, 0x00, 0x00, 0x00, 0xf0, 0xff, 0xcf, 0xff, 0x10, 0x00
    .byte 0x07, 0x00, 0x00, 0xfe, 0x00, 0xfe, 0x00, 0x00, 0x00, 0x00, 0x00, 0x00, 0x00, 0x75, 0x22, 0x02
    .byte 0x00, 0x00, 0x00, 0x00, 0x00, 0x00, 0x00, 0x00, 0x00, 0x00, 0x00, 0x00, 0xff, 0xff, 0x00, 0x00
    .byte 0x00, 0x00, 0x00, 0x00, 0x00, 0x00, 0x00, 0x00, 0xff, 0xff, 0xff, 0xff, 0xff, 0xff, 0xff, 0xff
    .byte 0x00, 0x00, 0x36, 0x00, 0xff, 0xff, 0xff, 0xff, 0x00, 0x00, 0x06, 0x00, 0xf4, 0xd8, 0x0c, 0x00
    .byte 0x00, 0x00, 0x00, 0x00, 0x03, 0x00, 0x00, 0x00, 0xbc, 0x16, 0x00, 0x00, 0xbd, 0x16, 0x00, 0x00
    .byte 0xbe, 0x16, 0x00, 0x00, 0x02, 0x00, 0x00, 0x00, 0x00, 0x00, 0x00, 0x00, 0x00, 0x00, 0xc0, 0xff
    .byte 0xe0, 0xff, 0x40, 0x00, 0x20, 0x00, 0x00, 0xfe, 0x00, 0xfe, 0x00, 0x00, 0x40, 0x00, 0x00, 0x00
    .byte 0x90, 0x6f, 0x22, 0x02, 0x00, 0x00, 0x00, 0x00, 0x00, 0x00, 0x00, 0x00, 0x00, 0x00, 0x00, 0x00
    .byte 0x01, 0x00, 0x00, 0x00, 0x00, 0x00, 0x00, 0x00, 0x00, 0x00, 0x00, 0x00, 0xff, 0xff, 0xff, 0xff
    .byte 0xff, 0xff, 0xff, 0xff, 0x00, 0x00, 0x37, 0x00, 0xff, 0xff, 0xff, 0xff, 0x00, 0x00, 0x00, 0x00
    .byte 0xf4, 0xd8, 0x0c, 0x00, 0x00, 0x00, 0x00, 0x00, 0x03, 0x00, 0x00, 0x00, 0xbc, 0x16, 0x00, 0x00
    .byte 0xbd, 0x16, 0x00, 0x00, 0xbe, 0x16, 0x00, 0x00, 0x02, 0x00, 0x00, 0x00, 0x00, 0x00, 0x00, 0x00
    .byte 0x00, 0x00, 0xc0, 0xff, 0xe0, 0xff, 0x40, 0x00, 0x20, 0x00, 0x00, 0xfe, 0x00, 0xfe, 0x00, 0x00
    .byte 0x40, 0x00, 0x00, 0x00, 0x66, 0x6f, 0x22, 0x02, 0x00, 0x00, 0x00, 0x00, 0x00, 0x00, 0x00, 0x00
    .byte 0x00, 0x00, 0x00, 0x00, 0x01, 0x00, 0x00, 0x00, 0x00, 0x00, 0x00, 0x00, 0x00, 0x00, 0x00, 0x00
    .byte 0xff, 0xff, 0xff, 0xff, 0xff, 0xff, 0xff, 0xff, 0x00, 0x00, 0x38, 0x00, 0xff, 0xff, 0xff, 0xff
    .byte 0x00, 0x00, 0x00, 0x00, 0xf4, 0xd8, 0x0c, 0x00, 0x00, 0x00, 0x00, 0x00, 0x03, 0x00, 0x00, 0x00
    .byte 0xb7, 0x16, 0x00, 0x00, 0xb8, 0x16, 0x00, 0x00, 0xb9, 0x16, 0x00, 0x00, 0x02, 0x00, 0x00, 0x00
    .byte 0x00, 0x00, 0x00, 0x00, 0x00, 0x00, 0xf0, 0xff, 0xf0, 0xff, 0x10, 0x00, 0x10, 0x00, 0x00, 0xfe
    .byte 0x00, 0xfe, 0x00, 0x00, 0x00, 0x00, 0x00, 0x00, 0x4c, 0x6e, 0x22, 0x02, 0x00, 0x00, 0x00, 0x00
    .byte 0x00, 0x00, 0x00, 0x00, 0x00, 0x00, 0x00, 0x00, 0xff, 0xff, 0x00, 0x00, 0x00, 0x00, 0x00, 0x00
    .byte 0x00, 0x00, 0x00, 0x00, 0xff, 0xff, 0xff, 0xff, 0xff, 0xff, 0xff, 0xff, 0x00, 0x00, 0x39, 0x00
    .byte 0xff, 0xff, 0xff, 0xff, 0x00, 0x00, 0x06, 0x00, 0xf4, 0xd8, 0x0c, 0x00, 0x00, 0x00, 0x00, 0x00
    .byte 0x03, 0x00, 0x00, 0x00, 0xb7, 0x16, 0x00, 0x00, 0xb8, 0x16, 0x00, 0x00, 0xb9, 0x16, 0x00, 0x00
    .byte 0x02, 0x00, 0x00, 0x00, 0x00, 0x00, 0x00, 0x00, 0x00, 0x00, 0xf0, 0xff, 0xf0, 0xff, 0x10, 0x00
    .byte 0x10, 0x00, 0x00, 0xfe, 0x00, 0xfe, 0x00, 0x00, 0x00, 0x00, 0x00, 0x00, 0xd9, 0x6e, 0x22, 0x02
    .byte 0x00, 0x00, 0x00, 0x00, 0x00, 0x00, 0x00, 0x00, 0x00, 0x00, 0x00, 0x00, 0xff, 0xff, 0x00, 0x00
    .byte 0x00, 0x00, 0x00, 0x00, 0x00, 0x00, 0x00, 0x00, 0xff, 0xff, 0xff, 0xff, 0xff, 0xff, 0xff, 0xff
    .byte 0x00, 0x00, 0x3a, 0x00, 0xff, 0xff, 0xff, 0xff, 0x00, 0x00, 0x06, 0x00, 0xf4, 0xd8, 0x0c, 0x00
    .byte 0x00, 0x00, 0x00, 0x00, 0x03, 0x00, 0x00, 0x00, 0xc2, 0x22, 0x00, 0x00, 0xc3, 0x22, 0x00, 0x00
    .byte 0xc4, 0x22, 0x00, 0x00, 0x02, 0x00, 0x00, 0x00, 0x00, 0x00, 0x00, 0x00, 0x00, 0x00, 0xf0, 0xff
    .byte 0xcf, 0xff, 0x10, 0x00, 0x07, 0x00, 0x80, 0x00, 0xc0, 0x02, 0x00, 0x00, 0x00, 0x00, 0x00, 0x00
    .byte 0x00, 0x00, 0x00, 0x00, 0x00, 0x00, 0x00, 0x00, 0x00, 0x00, 0x00, 0x00, 0x00, 0x00, 0x00, 0x00
    .byte 0x02, 0x00, 0x00, 0x00, 0x00, 0x00, 0x00, 0x00, 0x00, 0x00, 0x00, 0x00, 0xff, 0xff, 0xff, 0xff
    .byte 0xff, 0xff, 0xff, 0xff, 0x00, 0x00, 0xff, 0xff, 0xff, 0xff, 0xff, 0xff, 0x00, 0x00, 0x00, 0x00
    .byte 0xf4, 0xd8, 0x0c, 0x00, 0x00, 0x00, 0x00, 0x00, 0x03, 0x00, 0x00, 0x00, 0x9e, 0x20, 0x00, 0x00
    .byte 0x9f, 0x20, 0x00, 0x00, 0xa0, 0x20, 0x00, 0x00, 0x02, 0x00, 0x00, 0x00, 0x00, 0x00, 0x00, 0x00
    .byte 0x00, 0x00, 0xf0, 0xff, 0xcf, 0xff, 0x10, 0x00, 0x07, 0x00, 0xd8, 0x02, 0x58, 0x00, 0x10, 0x00
    .byte 0x00, 0x00, 0x00, 0x00, 0x7e, 0x59, 0x22, 0x02, 0x00, 0x00, 0x00, 0x00, 0x00, 0x00, 0x00, 0x00
    .byte 0x00, 0x00, 0x00, 0x00, 0x02, 0x00, 0x08, 0x00, 0x00, 0x00, 0x00, 0x00, 0x00, 0x00, 0x00, 0x00
    .byte 0xff, 0xff, 0xff, 0xff, 0xff, 0xff, 0xff, 0xff, 0x00, 0x00, 0x3c, 0x00, 0xff, 0xff, 0xff, 0xff
    .byte 0x00, 0x00, 0x0e, 0x00, 0xf4, 0xd8, 0x0c, 0x00, 0x00, 0x00, 0x00, 0x00, 0x03, 0x00, 0x00, 0x00
    .byte 0x67, 0x22, 0x00, 0x00, 0x68, 0x22, 0x00, 0x00, 0x69, 0x22, 0x00, 0x00, 0x02, 0x00, 0x00, 0x00
    .byte 0x00, 0x00, 0x00, 0x00, 0x00, 0x00, 0xe0, 0xff, 0xe8, 0xff, 0x20, 0x00, 0x18, 0x00, 0x00, 0xfe
    .byte 0x00, 0xfe, 0x00, 0x00, 0x00, 0x00, 0x00, 0x00, 0x05, 0x2a, 0x22, 0x02, 0x00, 0x00, 0x00, 0x00
    .byte 0x00, 0x00, 0x00, 0x00, 0x00, 0x00, 0x00, 0x00, 0xff, 0xff, 0x00, 0x00, 0x00, 0x00, 0x00, 0x00
    .byte 0x00, 0x00, 0x00, 0x00, 0xff, 0xff, 0xff, 0xff, 0xff, 0xff, 0xff, 0xff, 0x00, 0x00, 0x3d, 0x00
    .byte 0xff, 0xff, 0xff, 0xff, 0x00, 0x00, 0x1f, 0x00, 0xf4, 0xd8, 0x0c, 0x00, 0xff, 0xff, 0x00, 0x00
    .byte 0x03, 0x00, 0x00, 0x00, 0x67, 0x22, 0x00, 0x00, 0x68, 0x22, 0x00, 0x00, 0x69, 0x22, 0x00, 0x00
    .byte 0x02, 0x00, 0x00, 0x00, 0x00, 0x00, 0x00, 0x00, 0x00, 0x00, 0xe0, 0xff, 0xe8, 0xff, 0x20, 0x00
    .byte 0x18, 0x00, 0x00, 0xfe, 0x00, 0xfe, 0x00, 0x00, 0x00, 0x00, 0x00, 0x00, 0x05, 0x2a, 0x22, 0x02
    .byte 0x00, 0x00, 0x00, 0x00, 0x00, 0x00, 0x00, 0x00, 0x00, 0x00, 0x00, 0x00, 0xff, 0xff, 0x00, 0x00
    .byte 0x00, 0x00, 0x00, 0x00, 0x00, 0x00, 0x00, 0x00, 0xff, 0xff, 0xff, 0xff, 0xff, 0xff, 0xff, 0xff
    .byte 0x00, 0x00, 0x3e, 0x00, 0xff, 0xff, 0xff, 0xff, 0x00, 0x00, 0x1f, 0x00, 0xf4, 0xd8, 0x0c, 0x00
    .byte 0xff, 0xff, 0x00, 0x00, 0x03, 0x00, 0x00, 0x00, 0x67, 0x22, 0x00, 0x00, 0x68, 0x22, 0x00, 0x00
    .byte 0x69, 0x22, 0x00, 0x00, 0x02, 0x00, 0x00, 0x00, 0x00, 0x00, 0x00, 0x00, 0x00, 0x00, 0xf0, 0xff
    .byte 0xe8, 0xff, 0x10, 0x00, 0x18, 0x00, 0x00, 0xfe, 0x00, 0xfe, 0x00, 0x00, 0x00, 0x00, 0x00, 0x00
    .byte 0x76, 0x29, 0x22, 0x02, 0x00, 0x00, 0x00, 0x00, 0x00, 0x00, 0x00, 0x00, 0x00, 0x00, 0x00, 0x00
    .byte 0xff, 0xff, 0x00, 0x00, 0x00, 0x00, 0x00, 0x00, 0x00, 0x00, 0x00, 0x00, 0xff, 0xff, 0xff, 0xff
    .byte 0xff, 0xff, 0xff, 0xff, 0x00, 0x00, 0x3f, 0x00, 0xff, 0xff, 0xff, 0xff, 0x00, 0x00, 0x1f, 0x00
    .byte 0xf4, 0xd8, 0x0c, 0x00, 0x00, 0x00, 0x00, 0x00, 0x03, 0x00, 0x00, 0x00, 0x67, 0x22, 0x00, 0x00
    .byte 0x68, 0x22, 0x00, 0x00, 0x69, 0x22, 0x00, 0x00, 0x02, 0x00, 0x00, 0x00, 0x00, 0x00, 0x00, 0x00
    .byte 0x00, 0x00, 0xf0, 0xff, 0xe8, 0xff, 0x10, 0x00, 0x18, 0x00, 0x00, 0xfe, 0x00, 0xfe, 0x00, 0x00
    .byte 0x00, 0x00, 0x00, 0x00, 0x76, 0x29, 0x22, 0x02, 0x00, 0x00, 0x00, 0x00, 0x00, 0x00, 0x00, 0x00
    .byte 0x00, 0x00, 0x00, 0x00, 0xff, 0xff, 0x00, 0x00, 0x00, 0x00, 0x00, 0x00, 0x00, 0x00, 0x00, 0x00
    .byte 0xff, 0xff, 0xff, 0xff, 0xff, 0xff, 0xff, 0xff, 0x00, 0x00, 0x40, 0x00, 0xff, 0xff, 0xff, 0xff
    .byte 0x00, 0x00, 0x1f, 0x00, 0xf4, 0xd8, 0x0c, 0x00, 0x00, 0x00, 0x00, 0x00, 0x03, 0x00, 0x00, 0x00
    .byte 0x78, 0x22, 0x00, 0x00, 0x79, 0x22, 0x00, 0x00, 0x7a, 0x22, 0x00, 0x00, 0x02, 0x00, 0x00, 0x00
    .byte 0x00, 0x00, 0x00, 0x00, 0x00, 0x00, 0xa0, 0xff, 0x90, 0xff, 0x60, 0x00, 0x00, 0x00, 0x80, 0x00
    .byte 0x20, 0x02, 0x00, 0x00, 0x00, 0x00, 0x00, 0x00, 0x00, 0x00, 0x00, 0x00, 0x00, 0x00, 0x00, 0x00
    .byte 0x00, 0x00, 0x00, 0x00, 0x00, 0x00, 0x00, 0x00, 0xff, 0xff, 0x00, 0x00, 0x00, 0x00, 0x00, 0x00
    .byte 0x00, 0x00, 0x00, 0x00, 0xff, 0xff, 0xff, 0xff, 0xff, 0xff, 0xff, 0xff, 0x00, 0x00, 0xff, 0xff
    .byte 0xff, 0xff, 0xff, 0xff, 0x00, 0x00, 0x1f, 0x00, 0xf4, 0xd8, 0x0c, 0x00, 0x00, 0x00, 0x00, 0x00
    .byte 0x03, 0x00, 0x00, 0x00, 0x64, 0x22, 0x00, 0x00, 0x65, 0x22, 0x00, 0x00, 0x66, 0x22, 0x00, 0x00
    .byte 0x02, 0x00, 0x30, 0x08, 0x00, 0x00, 0x00, 0x00, 0x00, 0x00, 0xe0, 0xff, 0xa0, 0xff, 0x20, 0x00
    .byte 0x00, 0x00, 0x00, 0xfe, 0x00, 0xfe, 0x00, 0x00, 0x00, 0x00, 0x00, 0x00, 0xaa, 0x25, 0x22, 0x02
    .byte 0x00, 0x00, 0x00, 0x00, 0x00, 0x00, 0x00, 0x00, 0x00, 0x00, 0x00, 0x00, 0x02, 0x00, 0x00, 0x00
    .byte 0x00, 0x00, 0x00, 0x00, 0x00, 0x00, 0x00, 0x00, 0xff, 0xff, 0xff, 0xff, 0xff, 0xff, 0xff, 0xff
    .byte 0x00, 0x00, 0x42, 0x00, 0xff, 0xff, 0xff, 0xff, 0x00, 0x00, 0x06, 0x00, 0xf4, 0xd8, 0x0c, 0x00
    .byte 0x00, 0x00, 0x00, 0x00, 0x03, 0x00, 0x00, 0x00, 0x00, 0x10, 0x00, 0x00, 0x01, 0x10, 0x00, 0x00
    .byte 0x02, 0x10, 0x00, 0x00, 0x02, 0x00, 0x08, 0x08, 0x00, 0x00, 0x00, 0x00, 0x00, 0x00, 0xf0, 0xff
    .byte 0xcf, 0xff, 0x10, 0x00, 0x07, 0x00, 0x00, 0xfe, 0x00, 0xfe, 0x00, 0x00, 0x10, 0x00, 0x00, 0x00
    .byte 0x10, 0x1f, 0x22, 0x02, 0x00, 0x00, 0x00, 0x00, 0x00, 0x00, 0x00, 0x00, 0x00, 0x00, 0x00, 0x00
    .byte 0xff, 0xff, 0x00, 0x00, 0x00, 0x00, 0x00, 0x00, 0x00, 0x00, 0x00, 0x00, 0xff, 0xff, 0xff, 0xff
    .byte 0xff, 0xff, 0xff, 0xff, 0x00, 0x00, 0x43, 0x00, 0xff, 0xff, 0xff, 0xff, 0x00, 0x00, 0x0e, 0x00
    .byte 0xf4, 0xd8, 0x0c, 0x00, 0x00, 0x00, 0x00, 0x00, 0x03, 0x00, 0x00, 0x00, 0x67, 0x22, 0x00, 0x00
    .byte 0x68, 0x22, 0x00, 0x00, 0x69, 0x22, 0x00, 0x00, 0x02, 0x00, 0x00, 0x00, 0x00, 0x00, 0x00, 0x00
    .byte 0x00, 0x00, 0xf0, 0xff, 0xcf, 0xff, 0x10, 0x00, 0x07, 0x00, 0x00, 0xfe, 0x00, 0xfe, 0x00, 0x00
    .byte 0x00, 0x00, 0x00, 0x00, 0xb5, 0x26, 0x22, 0x02, 0x00, 0x00, 0x00, 0x00, 0x00, 0x00, 0x00, 0x00
    .byte 0x00, 0x00, 0x00, 0x00, 0xff, 0xff, 0x00, 0x00, 0x00, 0x00, 0x00, 0x00, 0x00, 0x00, 0x00, 0x00
    .byte 0xff, 0xff, 0xff, 0xff, 0xff, 0xff, 0xff, 0xff, 0x00, 0x00, 0x44, 0x00, 0xff, 0xff, 0xff, 0xff
    .byte 0x00, 0x00, 0x1f, 0x00, 0xf4, 0xd8, 0x0c, 0x00, 0x00, 0x00, 0x00, 0x00, 0x03, 0x00, 0x00, 0x00
    .byte 0x67, 0x22, 0x00, 0x00, 0x68, 0x22, 0x00, 0x00, 0x69, 0x22, 0x00, 0x00, 0x02, 0x00, 0x0c, 0x08
    .byte 0x00, 0x00, 0x00, 0x00, 0x00, 0x00, 0xf0, 0xff, 0xcf, 0xff, 0x10, 0x00, 0x07, 0x00, 0x00, 0xfe
    .byte 0x00, 0xfe, 0x00, 0x00, 0x00, 0x00, 0x00, 0x00, 0xe7, 0x28, 0x22, 0x02, 0x00, 0x00, 0x00, 0x00
    .byte 0x00, 0x00, 0x00, 0x00, 0x00, 0x00, 0x00, 0x00, 0xff, 0xff, 0x00, 0x00, 0x00, 0x00, 0x00, 0x00
    .byte 0x00, 0x00, 0x00, 0x00, 0xff, 0xff, 0xff, 0xff, 0xff, 0xff, 0xff, 0xff, 0x00, 0x00, 0x45, 0x00
    .byte 0xff, 0xff, 0xff, 0xff, 0x00, 0x00, 0x1f, 0x00, 0xf4, 0xd8, 0x0c, 0x00, 0x00, 0x00, 0x00, 0x00
    .byte 0x03, 0x00, 0x00, 0x00, 0x67, 0x22, 0x00, 0x00, 0x68, 0x22, 0x00, 0x00, 0x69, 0x22, 0x00, 0x00
    .byte 0x02, 0x00, 0x0c, 0x08, 0x00, 0x00, 0x00, 0x00, 0x00, 0x00, 0xf0, 0xff, 0xcf, 0xff, 0x10, 0x00
    .byte 0x07, 0x00, 0x00, 0xfe, 0x00, 0xfe, 0x00, 0x00, 0x00, 0x00, 0x00, 0x00, 0xe7, 0x28, 0x22, 0x02
    .byte 0x00, 0x00, 0x00, 0x00, 0x00, 0x00, 0x00, 0x00, 0x00, 0x00, 0x00, 0x00, 0xff, 0xff, 0x00, 0x00
    .byte 0x00, 0x00, 0x00, 0x00, 0x00, 0x00, 0x00, 0x00, 0xff, 0xff, 0xff, 0xff, 0xff, 0xff, 0xff, 0xff
    .byte 0x00, 0x00, 0x46, 0x00, 0xff, 0xff, 0xff, 0xff, 0x00, 0x00, 0x1f, 0x00, 0xf4, 0xd8, 0x0c, 0x00
    .byte 0x00, 0x00, 0x00, 0x00, 0x03, 0x00, 0x00, 0x00, 0x7b, 0x22, 0x00, 0x00, 0x7c, 0x22, 0x00, 0x00
    .byte 0x7d, 0x22, 0x00, 0x00, 0x02, 0x00, 0x00, 0x00, 0x00, 0x00, 0x00, 0x00, 0x00, 0x00, 0xfc, 0xff
    .byte 0xf8, 0xff, 0x04, 0x00, 0x08, 0x00, 0x00, 0xfe, 0x00, 0xfe, 0x00, 0x00, 0x00, 0x00, 0x00, 0x00
    .byte 0xdf, 0x2a, 0x22, 0x02, 0x00, 0x00, 0x00, 0x00, 0x00, 0x00, 0x00, 0x00, 0x00, 0x00, 0x00, 0x00
    .byte 0x01, 0x00, 0x00, 0x00, 0x00, 0x00, 0x00, 0x00, 0x00, 0x00, 0x00, 0x00, 0xff, 0xff, 0xff, 0xff
    .byte 0xff, 0xff, 0xff, 0xff, 0x00, 0x00, 0x47, 0x00, 0xff, 0xff, 0xff, 0xff, 0x00, 0x00, 0x1f, 0x00
    .byte 0xf4, 0xd8, 0x0c, 0x00, 0x00, 0x00, 0x00, 0x00, 0x03, 0x00, 0x00, 0x00, 0x7b, 0x22, 0x00, 0x00
    .byte 0x7c, 0x22, 0x00, 0x00, 0x7d, 0x22, 0x00, 0x00, 0x02, 0x00, 0x00, 0x00, 0x00, 0x00, 0x00, 0x00
    .byte 0x00, 0x00, 0xfc, 0xff, 0xf8, 0xff, 0x04, 0x00, 0x08, 0x00, 0x00, 0xfe, 0x00, 0xfe, 0x00, 0x00
    .byte 0x00, 0x00, 0x00, 0x00, 0xdf, 0x2a, 0x22, 0x02, 0x00, 0x00, 0x00, 0x00, 0x00, 0x00, 0x00, 0x00
    .byte 0x00, 0x00, 0x00, 0x00, 0x01, 0x00, 0x00, 0x00, 0x00, 0x00, 0x00, 0x00, 0x00, 0x00, 0x00, 0x00
    .byte 0xff, 0xff, 0xff, 0xff, 0xff, 0xff, 0xff, 0xff, 0x00, 0x00, 0x48, 0x00, 0xff, 0xff, 0xff, 0xff
    .byte 0x00, 0x00, 0x1f, 0x00, 0xf4, 0xd8, 0x0c, 0x00, 0x00, 0x00, 0x00, 0x00, 0x03, 0x00, 0x00, 0x00
    .byte 0x7b, 0x22, 0x00, 0x00, 0x7c, 0x22, 0x00, 0x00, 0x7d, 0x22, 0x00, 0x00, 0x02, 0x00, 0x00, 0x00
    .byte 0x00, 0x00, 0x00, 0x00, 0x00, 0x00, 0xfc, 0xff, 0xf8, 0xff, 0x04, 0x00, 0x08, 0x00, 0x00, 0xfe
    .byte 0x00, 0xfe, 0x00, 0x00, 0x00, 0x00, 0x00, 0x00, 0xdf, 0x2a, 0x22, 0x02, 0x00, 0x00, 0x00, 0x00
    .byte 0x00, 0x00, 0x00, 0x00, 0x00, 0x00, 0x00, 0x00, 0x01, 0x00, 0x00, 0x00, 0x00, 0x00, 0x00, 0x00
    .byte 0x00, 0x00, 0x00, 0x00, 0xff, 0xff, 0xff, 0xff, 0xff, 0xff, 0xff, 0xff, 0x00, 0x00, 0x49, 0x00
    .byte 0xff, 0xff, 0xff, 0xff, 0x00, 0x00, 0x1f, 0x00, 0xf4, 0xd8, 0x0c, 0x00, 0x00, 0x00, 0x00, 0x00
    .byte 0x03, 0x00, 0x00, 0x00, 0x7b, 0x22, 0x00, 0x00, 0x7c, 0x22, 0x00, 0x00, 0x7d, 0x22, 0x00, 0x00
    .byte 0x02, 0x00, 0x00, 0x00, 0x00, 0x00, 0x00, 0x00, 0x00, 0x00, 0xfc, 0xff, 0xf8, 0xff, 0x04, 0x00
    .byte 0x08, 0x00, 0x00, 0xfe, 0x00, 0xfe, 0x00, 0x00, 0x00, 0x00, 0x00, 0x00, 0xdf, 0x2a, 0x22, 0x02
    .byte 0x00, 0x00, 0x00, 0x00, 0x00, 0x00, 0x00, 0x00, 0x00, 0x00, 0x00, 0x00, 0x01, 0x00, 0x00, 0x00
    .byte 0x00, 0x00, 0x00, 0x00, 0x00, 0x00, 0x00, 0x00, 0xff, 0xff, 0xff, 0xff, 0xff, 0xff, 0xff, 0xff
    .byte 0x00, 0x00, 0x4a, 0x00, 0xff, 0xff, 0xff, 0xff, 0x00, 0x00, 0x1f, 0x00, 0xf4, 0xd8, 0x0c, 0x00
    .byte 0x00, 0x00, 0x00, 0x00, 0x03, 0x00, 0x00, 0x00, 0x7b, 0x22, 0x00, 0x00, 0x7c, 0x22, 0x00, 0x00
    .byte 0x7d, 0x22, 0x00, 0x00, 0x02, 0x00, 0x00, 0x00, 0x00, 0x00, 0x00, 0x00, 0x00, 0x00, 0xfc, 0xff
    .byte 0xf8, 0xff, 0x04, 0x00, 0x08, 0x00, 0x00, 0xfe, 0x00, 0xfe, 0x00, 0x00, 0x00, 0x00, 0x00, 0x00
    .byte 0xdf, 0x2a, 0x22, 0x02, 0x00, 0x00, 0x00, 0x00, 0x00, 0x00, 0x00, 0x00, 0x00, 0x00, 0x00, 0x00
    .byte 0x01, 0x00, 0x00, 0x00, 0x00, 0x00, 0x00, 0x00, 0x00, 0x00, 0x00, 0x00, 0xff, 0xff, 0xff, 0xff
    .byte 0xff, 0xff, 0xff, 0xff, 0x00, 0x00, 0x4b, 0x00, 0xff, 0xff, 0xff, 0xff, 0x00, 0x00, 0x1f, 0x00
    .byte 0xf4, 0xd8, 0x0c, 0x00, 0x00, 0x00, 0x00, 0x00, 0x03, 0x00, 0x00, 0x00, 0x7b, 0x22, 0x00, 0x00
    .byte 0x7c, 0x22, 0x00, 0x00, 0x7d, 0x22, 0x00, 0x00, 0x02, 0x00, 0x00, 0x00, 0x00, 0x00, 0x00, 0x00
    .byte 0x00, 0x00, 0xfc, 0xff, 0xf8, 0xff, 0x04, 0x00, 0x08, 0x00, 0x00, 0xfe, 0x00, 0xfe, 0x00, 0x00
    .byte 0x00, 0x00, 0x00, 0x00, 0xdf, 0x2a, 0x22, 0x02, 0x00, 0x00, 0x00, 0x00, 0x00, 0x00, 0x00, 0x00
    .byte 0x00, 0x00, 0x00, 0x00, 0x01, 0x00, 0x00, 0x00, 0x00, 0x00, 0x00, 0x00, 0x00, 0x00, 0x00, 0x00
    .byte 0xff, 0xff, 0xff, 0xff, 0xff, 0xff, 0xff, 0xff, 0x00, 0x00, 0x4c, 0x00, 0xff, 0xff, 0xff, 0xff
    .byte 0x00, 0x00, 0x1f, 0x00, 0xf4, 0xd8, 0x0c, 0x00, 0x00, 0x00, 0x00, 0x00, 0x03, 0x00, 0x00, 0x00
    .byte 0x7b, 0x22, 0x00, 0x00, 0x7c, 0x22, 0x00, 0x00, 0x7d, 0x22, 0x00, 0x00, 0x02, 0x00, 0x00, 0x00
    .byte 0x00, 0x00, 0x00, 0x00, 0x00, 0x00, 0xfc, 0xff, 0xf8, 0xff, 0x04, 0x00, 0x08, 0x00, 0x00, 0xfe
    .byte 0x00, 0xfe, 0x00, 0x00, 0x00, 0x00, 0x00, 0x00, 0xdf, 0x2a, 0x22, 0x02, 0x00, 0x00, 0x00, 0x00
    .byte 0x00, 0x00, 0x00, 0x00, 0x00, 0x00, 0x00, 0x00, 0x01, 0x00, 0x00, 0x00, 0x00, 0x00, 0x00, 0x00
    .byte 0x00, 0x00, 0x00, 0x00, 0xff, 0xff, 0xff, 0xff, 0xff, 0xff, 0xff, 0xff, 0x00, 0x00, 0x4d, 0x00
    .byte 0xff, 0xff, 0xff, 0xff, 0x00, 0x00, 0x1f, 0x00, 0xf4, 0xd8, 0x0c, 0x00, 0x00, 0x00, 0x00, 0x00
    .byte 0x00, 0x00, 0x00, 0x00, 0x00, 0x00, 0x00, 0x00, 0x00, 0x00, 0x00, 0x00, 0x00, 0x00, 0x00, 0x00
    .byte 0x00, 0x00, 0x00, 0x00, 0x00, 0x00, 0x00, 0x00, 0x00, 0x00, 0x00, 0x00, 0x00, 0x00, 0x00, 0x00
    .byte 0x00, 0x00, 0x00, 0x00, 0x00, 0x00, 0x00, 0x00, 0x00, 0x00, 0x00, 0x00, 0x00, 0x00, 0x00, 0x00
    .byte 0x00, 0x00, 0x00, 0x00, 0x00, 0x00, 0x00, 0x00, 0x00, 0x00, 0x00, 0x00, 0x00, 0x00, 0x00, 0x00
    .byte 0x00, 0x00, 0x00, 0x00, 0x00, 0x00, 0x00, 0x00, 0x00, 0x00, 0x00, 0x00, 0x00, 0x00, 0x00, 0x00
    .byte 0x00, 0x00, 0x00, 0x00, 0x00, 0x00, 0x00, 0x00, 0x00, 0x00, 0x00, 0x00, 0x00, 0x00, 0x00, 0x00
    .byte 0x00, 0x00, 0x00, 0x00, 0x2c, 0x62, 0x10, 0x00, 0x00, 0x2c, 0x01, 0x10, 0x00, 0x00, 0x2c, 0x63
    .byte 0x10, 0x00, 0x00, 0x2c, 0x02, 0x00, 0x00, 0x00, 0x2c, 0x10, 0x00, 0x00, 0x00, 0x15, 0x73, 0x20
    .byte 0x00, 0x00, 0x15, 0x55, 0x20, 0x00, 0x00, 0x2c, 0x61, 0x00, 0x00, 0x00, 0x15, 0xe0, 0x2c, 0x3c
    .byte 0x00, 0x00, 0x00, 0x15, 0x07, 0x15, 0x08, 0x00, 0x15, 0x28, 0x2c, 0x00, 0x10, 0x00, 0x00, 0x2c
    .byte 0x01, 0x10, 0x00, 0x00, 0x2c, 0x02, 0x10, 0x00, 0x00, 0x2c, 0x02, 0x00, 0x00, 0x00, 0x20, 0x00
    .byte 0x00, 0x15, 0x73, 0x2c, 0x01, 0x00, 0x00, 0x00, 0x15, 0x25, 0x2c, 0x12, 0x00, 0x00, 0x00, 0x20
    .byte 0x00, 0x00, 0x15, 0x32, 0x2d, 0x58, 0x2c, 0x07, 0x00, 0x00, 0x00, 0x15, 0x47, 0x18, 0x70, 0x17
    .byte 0x00, 0x2d, 0x58, 0x2c, 0x08, 0x00, 0x00, 0x00, 0x15, 0x47, 0x18, 0x70, 0x17, 0x00, 0x15, 0x1e
    .byte 0x18, 0x70, 0x17, 0x00, 0x15, 0x75, 0x20, 0x00, 0x00, 0x15, 0x06, 0x00, 0x15, 0xa2, 0x00, 0x2c
    .byte 0x01, 0x00, 0x00, 0x00, 0x15, 0x09, 0x00, 0x20, 0x00, 0x00, 0x15, 0x09, 0x00, 0x15, 0x0d, 0x00
    .byte 0x00, 0x20, 0x00, 0x00, 0x15, 0x17, 0x00, 0x2c, 0x01, 0x00, 0x00, 0x00, 0x15, 0x25, 0x00, 0x20
    .byte 0x00, 0x00, 0x15, 0x25, 0x00, 0x20, 0x00, 0x00, 0x20, 0x00, 0x00, 0x20, 0x00, 0x00, 0x15, 0x02
    .byte 0x20, 0x00, 0x00, 0x15, 0x3d, 0x20, 0x00, 0x00, 0x15, 0x09, 0x00, 0x20, 0x00, 0x00, 0x15, 0x18
    .byte 0x20, 0x00, 0x00, 0x15, 0x19, 0x20, 0x00, 0x00, 0x15, 0x09, 0x00, 0x2c, 0x0c, 0xfe, 0xff, 0xff
    .byte 0x2c, 0x0c, 0xfe, 0xff, 0xff, 0x20, 0x00, 0x00, 0x15, 0x02, 0x20, 0x00, 0x00, 0x15, 0x09, 0x00
    .byte 0x15, 0x2c, 0x00, 0x20, 0x00, 0x00, 0x15, 0x17, 0x2c, 0x00, 0x10, 0x00, 0x00, 0x2c, 0x01, 0x10
    .byte 0x00, 0x00, 0x2c, 0x02, 0x10, 0x00, 0x00, 0x2c, 0x02, 0x00, 0x00, 0x00, 0x20, 0x00, 0x00, 0x15
    .byte 0x73, 0x2c, 0x01, 0x00, 0x00, 0x00, 0x15, 0x09, 0x20, 0x00, 0x00, 0x15, 0x75, 0x00, 0x2c, 0x06
    .byte 0x00, 0x00, 0x00, 0x20, 0x00, 0x00, 0x20, 0x00, 0x00, 0x20, 0x00, 0x00, 0x15, 0xcd, 0x00, 0x22
    .byte 0x2c, 0x15, 0x00, 0x00, 0x00, 0x2c, 0x9e, 0x00, 0x00, 0x00, 0x2c, 0x7f, 0x00, 0x00, 0x00, 0x15
    .byte 0x0a, 0x2c, 0x03, 0x10, 0x00, 0x00, 0x2c, 0x01, 0x10, 0x00, 0x00, 0x2c, 0x04, 0x10, 0x00, 0x00
    .byte 0x2c, 0x02, 0x00, 0x00, 0x00, 0x2c, 0x18, 0x00, 0x00, 0x00, 0x15, 0x73, 0x2c, 0x00, 0x01, 0x00
    .byte 0x00, 0x15, 0x17, 0x2c, 0x01, 0x00, 0x00, 0x00, 0x15, 0x06, 0x2c, 0x01, 0x00, 0x00, 0x00, 0x15
    .byte 0x09, 0x2c, 0x13, 0x00, 0x00, 0x00, 0x20, 0x00, 0x00, 0x20, 0x00, 0x00, 0x2c, 0x30, 0x00, 0x00
    .byte 0x00, 0x20, 0x00, 0x00, 0x20, 0x00, 0x00, 0x20, 0x00, 0x00, 0x15, 0x53, 0x15, 0x46, 0x15, 0x8b
    .byte 0x18, 0x70, 0x32, 0x00, 0x00, 0x00, 0x00, 0x00, 0x13, 0x82, 0xf6, 0x21, 0x02, 0x01, 0x6e, 0xf6
    .byte 0x21, 0x02, 0x2c, 0x93, 0x00, 0x00, 0x00, 0x2c, 0x01, 0x00, 0x00, 0x00, 0x20, 0x00, 0x00, 0x20
    .byte 0x00, 0x00, 0x15, 0xb8, 0x15, 0x5a, 0x20, 0x00, 0x00, 0x15, 0x75, 0x2c, 0x85, 0x03, 0x00, 0x00
    .byte 0x15, 0x36, 0x2c, 0x2b, 0x00, 0x00, 0x00, 0x15, 0x05, 0x2c, 0x01, 0x00, 0x00, 0x00, 0x15, 0x06
    .byte 0x2c, 0x5a, 0x00, 0x00, 0x00, 0x15, 0x07, 0x15, 0x08, 0x2c, 0xe0, 0x03, 0x00, 0x00, 0x15, 0x37
    .byte 0x18, 0x70, 0x32, 0x00, 0x00, 0x00, 0x00, 0x00, 0x14, 0xd2, 0xf6, 0x21, 0x02, 0x01, 0xb9, 0xf6
    .byte 0x21, 0x02, 0x00, 0x20, 0x00, 0x00, 0x15, 0x75, 0x2c, 0x00, 0x01, 0x00, 0x00, 0x15, 0x17, 0x2c
    .byte 0x0f, 0x10, 0x00, 0x00, 0x2c, 0x01, 0x10, 0x00, 0x00, 0x2c, 0x10, 0x10, 0x00, 0x00, 0x2c, 0x02
    .byte 0x00, 0x00, 0x00, 0x2c, 0x21, 0x00, 0x00, 0x00, 0x15, 0x73, 0x15, 0x16, 0x15, 0x46, 0x29, 0x00
    .byte 0x66, 0x32, 0x00, 0x01, 0x00, 0x00, 0x00, 0x13, 0x1a, 0xf7, 0x21, 0x02, 0x29, 0x00, 0x66, 0x32
    .byte 0x00, 0x08, 0x00, 0x00, 0x00, 0x14, 0x9f, 0xf7, 0x21, 0x02, 0x2c, 0x03, 0x00, 0x00, 0x00, 0x38
    .byte 0x00, 0x20, 0x00, 0x00, 0x20, 0x00, 0x00, 0x20, 0x00, 0x00, 0x20, 0x00, 0x00, 0x20, 0x00, 0x00
    .byte 0x15, 0x53, 0x2c, 0x01, 0x00, 0x00, 0x00, 0x38, 0x00, 0x15, 0x85, 0x37, 0x00, 0x00, 0x32, 0x00
    .byte 0x01, 0x00, 0x00, 0x00, 0x14, 0x74, 0xf7, 0x21, 0x02, 0x15, 0x8b, 0x18, 0x70, 0x32, 0x00, 0x00
    .byte 0x00, 0x00, 0x00, 0x13, 0x5d, 0xf7, 0x21, 0x02, 0x01, 0x49, 0xf7, 0x21, 0x02, 0x2c, 0x20, 0x03
    .byte 0x00, 0x00, 0x2c, 0x01, 0x00, 0x00, 0x00, 0x20, 0x00, 0x00, 0x20, 0x00, 0x00, 0x15, 0xb8, 0x25
    .byte 0x9a, 0xf7, 0x21, 0x02, 0x15, 0x8b, 0x18, 0x70, 0x32, 0x00, 0x00, 0x00, 0x00, 0x00, 0x13, 0x88
    .byte 0xf7, 0x21, 0x02, 0x01, 0x74, 0xf7, 0x21, 0x02, 0x2c, 0xe1, 0x02, 0x00, 0x00, 0x2c, 0x01, 0x00
    .byte 0x00, 0x00, 0x20, 0x00, 0x00, 0x20, 0x00, 0x00, 0x15, 0xb8, 0x25, 0x02, 0xf9, 0x21, 0x02, 0x29
    .byte 0x00, 0x66, 0x32, 0x00, 0x03, 0x00, 0x00, 0x00, 0x13, 0xbb, 0xf7, 0x21, 0x02, 0x29, 0x00, 0x66
    .byte 0x32, 0x00, 0x09, 0x00, 0x00, 0x00, 0x14, 0xff, 0xf7, 0x21, 0x02, 0x2c, 0x04, 0x00, 0x00, 0x00
    .byte 0x2c, 0x03, 0x00, 0x00, 0x00, 0x2d, 0xd9, 0x2d, 0x63, 0x20, 0x00, 0x00, 0x20, 0x00, 0x00, 0x20
    .byte 0x00, 0x00, 0x15, 0x53, 0x15, 0x8b, 0x18, 0x70, 0x32, 0x00, 0x00, 0x00, 0x00, 0x00, 0x13, 0xe8
    .byte 0xf7, 0x21, 0x02, 0x01, 0xd4, 0xf7, 0x21, 0x02, 0x2c, 0x01, 0x00, 0x00, 0x00, 0x2c, 0x01, 0x00
    .byte 0x00, 0x00, 0x20, 0x00, 0x00, 0x20, 0x00, 0x00, 0x15, 0xb8, 0x25, 0x02, 0xf9, 0x21, 0x02, 0x29
    .byte 0x00, 0x66, 0x32, 0x00, 0x04, 0x00, 0x00, 0x00, 0x14, 0x5a, 0xf8, 0x21, 0x02, 0x2c, 0x04, 0x00
    .byte 0x00, 0x00, 0x2c, 0x03, 0x00, 0x00, 0x00, 0x2c, 0x3d, 0x00, 0x00, 0x00, 0x2d, 0x63, 0x20, 0x00
    .byte 0x00, 0x20, 0x00, 0x00, 0x20, 0x00, 0x00, 0x15, 0x53, 0x29, 0x00, 0xd9, 0x26, 0x00, 0xc0, 0x15
    .byte 0x8b, 0x18, 0x70, 0x32, 0x00, 0x00, 0x00, 0x00, 0x00, 0x13, 0x43, 0xf8, 0x21, 0x02, 0x01, 0x2f
    .byte 0xf8, 0x21, 0x02, 0x2c, 0x02, 0x00, 0x00, 0x00, 0x2c, 0x01, 0x00, 0x00, 0x00, 0x20, 0x00, 0x00
    .byte 0x20, 0x00, 0x00, 0x15, 0xb8, 0x25, 0x02, 0xf9, 0x21, 0x02, 0x29, 0x00, 0x66, 0x32, 0x00, 0x0a
    .byte 0x00, 0x00, 0x00, 0x14, 0xc8, 0xf8, 0x21, 0x02, 0x29, 0x00, 0xd9, 0x26, 0x00, 0xbe, 0x15, 0x8b
    .byte 0x18, 0x70, 0x32, 0x00, 0x00, 0x00, 0x00, 0x00, 0x13, 0x82, 0xf8, 0x21, 0x02, 0x01, 0x6e, 0xf8
    .byte 0x21, 0x02, 0x2c, 0x46, 0x00, 0x00, 0x00, 0x2c, 0x01, 0x00, 0x00, 0x00, 0x20, 0x00, 0x00, 0x20
    .byte 0x00, 0x00, 0x15, 0xb8, 0x15, 0x5a, 0x2c, 0x97, 0x03, 0x00, 0x00, 0x15, 0x37, 0x18, 0x70, 0x32
    .byte 0x00, 0x00, 0x00, 0x00, 0x00, 0x14, 0xbb, 0xf8, 0x21, 0x02, 0x2c, 0xb4, 0x03, 0x00, 0x00, 0x15
    .byte 0x35, 0x2c, 0x08, 0x00, 0x00, 0x00, 0x20, 0x00, 0x00, 0x15, 0x78, 0x2c, 0x97, 0x03, 0x00, 0x00
    .byte 0x15, 0x35, 0x00, 0x25, 0x02, 0xf9, 0x21, 0x02, 0x29, 0x00, 0x66, 0x32, 0x00, 0x0b, 0x00, 0x00
    .byte 0x00, 0x14, 0x02, 0xf9, 0x21, 0x02, 0x29, 0x00, 0xd9, 0x26, 0x00, 0xbe, 0x15, 0x8b, 0x18, 0x70
    .byte 0x32, 0x00, 0x00, 0x00, 0x00, 0x00, 0x13, 0xf0, 0xf8, 0x21, 0x02, 0x01, 0xdc, 0xf8, 0x21, 0x02
    .byte 0x2c, 0x57, 0x02, 0x00, 0x00, 0x2c, 0x01, 0x00, 0x00, 0x00, 0x20, 0x00, 0x00, 0x20, 0x00, 0x00
    .byte 0x15, 0xb8, 0x15, 0x5a, 0x00, 0x20, 0x00, 0x00, 0x2c, 0x27, 0xf9, 0x21, 0x02, 0x15, 0x39, 0x20
    .byte 0x00, 0x00, 0x15, 0x42, 0x18, 0x70, 0x32, 0x00, 0x00, 0x00, 0x00, 0x00, 0x14, 0x26, 0xf9, 0x21
    .byte 0x02, 0x01, 0x0f, 0xf9, 0x21, 0x02, 0x22, 0x2c, 0x15, 0x00, 0x00, 0x00, 0x2c, 0x9d, 0x00, 0x00
    .byte 0x00, 0x2c, 0x7f, 0x00, 0x00, 0x00, 0x15, 0x0a, 0x2c, 0x00, 0x01, 0x00, 0x00, 0x15, 0x17, 0x2c
    .byte 0x0f, 0x10, 0x00, 0x00, 0x2c, 0x01, 0x10, 0x00, 0x00, 0x2c, 0x10, 0x10, 0x00, 0x00, 0x2c, 0x02
    .byte 0x00, 0x00, 0x00, 0x2c, 0x21, 0x00, 0x00, 0x00, 0x15, 0x73, 0x2c, 0x21, 0x00, 0x00, 0x00, 0x15
    .byte 0x05, 0x15, 0x16, 0x00, 0x20, 0x00, 0x00, 0x2c, 0x86, 0xf9, 0x21, 0x02, 0x15, 0x39, 0x20, 0x00
    .byte 0x00, 0x15, 0x42, 0x18, 0x70, 0x32, 0x00, 0x00, 0x00, 0x00, 0x00, 0x14, 0x85, 0xf9, 0x21, 0x02
    .byte 0x01, 0x6e, 0xf9, 0x21, 0x02, 0x22, 0x2c, 0x15, 0x00, 0x00, 0x00, 0x2c, 0x9c, 0x00, 0x00, 0x00
    .byte 0x2c, 0x7f, 0x00, 0x00, 0x00, 0x15, 0x0a, 0x2c, 0x00, 0x01, 0x00, 0x00, 0x15, 0x17, 0x2c, 0x0f
    .byte 0x10, 0x00, 0x00, 0x2c, 0x01, 0x10, 0x00, 0x00, 0x2c, 0x10, 0x10, 0x00, 0x00, 0x2c, 0x02, 0x00
    .byte 0x00, 0x00, 0x2c, 0x21, 0x00, 0x00, 0x00, 0x15, 0x73, 0x2c, 0x21, 0x00, 0x00, 0x00, 0x15, 0x05
    .byte 0x15, 0x16, 0x00, 0x2c, 0x00, 0x10, 0x00, 0x00, 0x2c, 0x01, 0x10, 0x00, 0x00, 0x2c, 0x02, 0x10
    .byte 0x00, 0x00, 0x2c, 0x02, 0x00, 0x00, 0x00, 0x20, 0x00, 0x00, 0x15, 0x73, 0x2c, 0x01, 0x00, 0x00
    .byte 0x00, 0x15, 0x25, 0x2c, 0x12, 0x00, 0x00, 0x00, 0x20, 0x00, 0x00, 0x15, 0x32, 0x2d, 0xd2, 0x2c
    .byte 0x07, 0x00, 0x00, 0x00, 0x15, 0x47, 0x18, 0x70, 0x17, 0x00, 0x2d, 0xd2, 0x2c, 0x08, 0x00, 0x00
    .byte 0x00, 0x15, 0x47, 0x18, 0x70, 0x17, 0x00, 0x15, 0x1e, 0x18, 0x70, 0x17, 0x00, 0x15, 0x75, 0x20
    .byte 0x00, 0x00, 0x15, 0x06, 0x00, 0x2c, 0x01, 0x00, 0x00, 0x00, 0x15, 0x09, 0x2c, 0x00, 0x10, 0x00
    .byte 0x00, 0x2c, 0x01, 0x10, 0x00, 0x00, 0x2c, 0x02, 0x10, 0x00, 0x00, 0x2c, 0x02, 0x00, 0x00, 0x00
    .byte 0x20, 0x00, 0x00, 0x15, 0x73, 0x20, 0x00, 0x00, 0x15, 0x75, 0x00, 0x2c, 0x00, 0x10, 0x00, 0x00
    .byte 0x2c, 0x01, 0x10, 0x00, 0x00, 0x2c, 0x02, 0x10, 0x00, 0x00, 0x2c, 0x02, 0x00, 0x00, 0x00, 0x20
    .byte 0x00, 0x00, 0x15, 0x73, 0x2c, 0x12, 0x00, 0x00, 0x00, 0x2c, 0x08, 0x00, 0x00, 0x00, 0x15, 0x32
    .byte 0x2d, 0x02, 0x2c, 0x07, 0x00, 0x00, 0x00, 0x15, 0x47, 0x18, 0x70, 0x17, 0x00, 0x2d, 0x02, 0x2c
    .byte 0x08, 0x00, 0x00, 0x00, 0x15, 0x47, 0x18, 0x70, 0x17, 0x00, 0x15, 0x1e, 0x18, 0x70, 0x17, 0x00
    .byte 0x15, 0x75, 0x20, 0x00, 0x00, 0x15, 0x06, 0x2c, 0x01, 0x00, 0x00, 0x00, 0x15, 0x07, 0x15, 0x08
    .byte 0x25, 0x60, 0xfa, 0x21, 0x02, 0x00, 0x2c, 0x00, 0x10, 0x00, 0x00, 0x2c, 0x01, 0x10, 0x00, 0x00
    .byte 0x2c, 0x02, 0x10, 0x00, 0x00, 0x2c, 0x02, 0x00, 0x00, 0x00, 0x2c, 0x1e, 0x00, 0x00, 0x00, 0x15
    .byte 0x73, 0x2c, 0x01, 0x00, 0x00, 0x00, 0x15, 0x06, 0x2c, 0x3c, 0x00, 0x00, 0x00, 0x15, 0x07, 0x15
    .byte 0x08, 0x00, 0x2c, 0x0b, 0x10, 0x00, 0x00, 0x2c, 0x01, 0x10, 0x00, 0x00, 0x2c, 0x0c, 0x10, 0x00
    .byte 0x00, 0x2c, 0x02, 0x00, 0x00, 0x00, 0x03, 0x00, 0x08, 0x00, 0x00, 0x00, 0x29, 0x01, 0xff, 0x04
    .byte 0x10, 0x17, 0x00, 0x15, 0x73, 0x00, 0x2c, 0x15, 0x10, 0x00, 0x00, 0x2c, 0x01, 0x10, 0x00, 0x00
    .byte 0x2c, 0x16, 0x10, 0x00, 0x00, 0x2c, 0x02, 0x00, 0x00, 0x00, 0x20, 0x00, 0x00, 0x15, 0x73, 0x20
    .byte 0x00, 0x00, 0x2c, 0x58, 0x00, 0x00, 0x00, 0x15, 0xe0, 0x03, 0x00, 0x06, 0x00, 0x00, 0x00, 0x2c
    .byte 0x01, 0x00, 0x00, 0x00, 0x2c, 0x07, 0x00, 0x00, 0x00, 0x15, 0x47, 0x18, 0x71, 0x17, 0x10, 0x2c
    .byte 0x01, 0x00, 0x00, 0x00, 0x2c, 0x08, 0x00, 0x00, 0x00, 0x15, 0x47, 0x18, 0x71, 0x17, 0x10, 0x15
    .byte 0x1e, 0x18, 0x71, 0x04, 0x10, 0x17, 0x00, 0x15, 0x05, 0x15, 0x16, 0x2c, 0x1e, 0x00, 0x00, 0x00
    .byte 0x15, 0x07, 0x15, 0x08, 0x20, 0x00, 0x00, 0x2c, 0x26, 0x00, 0x00, 0x00, 0x15, 0xe0, 0x2c, 0x0e
    .byte 0x00, 0x00, 0x00, 0x15, 0x05, 0x15, 0x16, 0x20, 0x00, 0x00, 0x15, 0x75, 0x00, 0x2c, 0x12, 0x00
    .byte 0x00, 0x00, 0x20, 0x00, 0x00, 0x15, 0x32, 0x2d, 0xd2, 0x2c, 0x07, 0x00, 0x00, 0x00, 0x15, 0x47
    .byte 0x18, 0x70, 0x17, 0x00, 0x2d, 0xd2, 0x2c, 0x08, 0x00, 0x00, 0x00, 0x15, 0x47, 0x18, 0x70, 0x17
    .byte 0x00, 0x15, 0x1e, 0x18, 0x70, 0x05, 0x00, 0x08, 0x00, 0x00, 0x00, 0x17, 0x00, 0x15, 0x05, 0x20
    .byte 0x00, 0x00, 0x15, 0x06, 0x00, 0x2c, 0x26, 0x00, 0x00, 0x00, 0x15, 0x37, 0x18, 0x70, 0x14, 0xb1
    .byte 0xfb, 0x21, 0x02, 0x2c, 0x26, 0x00, 0x00, 0x00, 0x15, 0x36, 0x2c, 0x86, 0x03, 0x00, 0x00, 0x15
    .byte 0x35, 0x29, 0x00, 0xfd, 0x32, 0x00, 0x00, 0x00, 0x00, 0x00, 0x14, 0xc6, 0xfb, 0x21, 0x02, 0x2c
    .byte 0x10, 0x27, 0x00, 0x00, 0x15, 0xaa, 0x2c, 0x94, 0x0a, 0x00, 0x00, 0x15, 0x37, 0x18, 0x70, 0x13
    .byte 0x1e, 0xfc, 0x21, 0x02, 0x03, 0x00, 0x92, 0x00, 0x00, 0x00, 0x35, 0x00, 0xff, 0xff, 0xff, 0xff
    .byte 0x14, 0x04, 0xfc, 0x21, 0x02, 0x03, 0x00, 0x92, 0x00, 0x00, 0x00, 0x26, 0x00, 0xae, 0x2c, 0x15
    .byte 0x00, 0x00, 0x00, 0x2c, 0x92, 0x00, 0x00, 0x00, 0x2c, 0x7f, 0x00, 0x00, 0x00, 0x15, 0x0a, 0x25
    .byte 0x1e, 0xfc, 0x21, 0x02, 0x29, 0x00, 0xae, 0x35, 0x00, 0xff, 0xff, 0xff, 0xff, 0x14, 0x1e, 0xfc
    .byte 0x21, 0x02, 0x2c, 0x16, 0x00, 0x00, 0x00, 0x2d, 0xae, 0x20, 0x00, 0x00, 0x15, 0x0a, 0x29, 0x00
    .byte 0xfe, 0x32, 0x00, 0xc1, 0x00, 0x00, 0x00, 0x13, 0x48, 0xfc, 0x21, 0x02, 0x29, 0x00, 0xfe, 0x32
    .byte 0x00, 0xc2, 0x00, 0x00, 0x00, 0x13, 0x48, 0xfc, 0x21, 0x02, 0x29, 0x00, 0xfe, 0x32, 0x00, 0xc3
    .byte 0x00, 0x00, 0x00, 0x14, 0x4f, 0xfc, 0x21, 0x02, 0x2c, 0x9f, 0x03, 0x00, 0x00, 0x15, 0x35, 0x2c
    .byte 0xa2, 0x03, 0x00, 0x00, 0x15, 0x35, 0x20, 0x00, 0x00, 0x2c, 0xff, 0xff, 0xff, 0xff, 0x2c, 0xff
    .byte 0xff, 0xff, 0xff, 0x15, 0xdd, 0x18, 0x70, 0x14, 0xaf, 0xfc, 0x21, 0x02, 0x2c, 0x01, 0x00, 0x00
    .byte 0x00, 0x2c, 0xff, 0xff, 0xff, 0xff, 0x2c, 0xff, 0xff, 0xff, 0xff, 0x15, 0xdd, 0x18, 0x70, 0x35
    .byte 0x00, 0x4d, 0x00, 0x00, 0x00, 0x14, 0xaf, 0xfc, 0x21, 0x02, 0x2c, 0x01, 0x00, 0x00, 0x00, 0x2c
    .byte 0x96, 0x15, 0x22, 0x02, 0x15, 0x39, 0x2c, 0x01, 0x00, 0x00, 0x00, 0x15, 0x42, 0x18, 0x70, 0x32
    .byte 0x00, 0x00, 0x00, 0x00, 0x00, 0x14, 0xaf, 0xfc, 0x21, 0x02, 0x01, 0x96, 0xfc, 0x21, 0x02, 0x29
    .byte 0x00, 0xfd, 0x32, 0x00, 0x15, 0x00, 0x00, 0x00, 0x14, 0xcc, 0xfc, 0x21, 0x02, 0x2c, 0x0c, 0x00
    .byte 0x00, 0x00, 0x2c, 0xff, 0xff, 0xff, 0xff, 0x20, 0x00, 0x00, 0x15, 0xce, 0x29, 0x00, 0xfd, 0x32
    .byte 0x00, 0x20, 0x00, 0x00, 0x00, 0x14, 0x72, 0xfe, 0x21, 0x02, 0x2c, 0xc4, 0x08, 0x00, 0x00, 0x15
    .byte 0x41, 0x2c, 0x4e, 0x09, 0x00, 0x00, 0x15, 0x36, 0x2c, 0x4f, 0x09, 0x00, 0x00, 0x15, 0x36, 0x2c
    .byte 0x50, 0x09, 0x00, 0x00, 0x15, 0x36, 0x2c, 0x51, 0x09, 0x00, 0x00, 0x15, 0x36, 0x2c, 0x52, 0x09
    .byte 0x00, 0x00, 0x15, 0x36, 0x2c, 0x53, 0x09, 0x00, 0x00, 0x15, 0x36, 0x2c, 0x54, 0x09, 0x00, 0x00
    .byte 0x15, 0x36, 0x2c, 0x55, 0x09, 0x00, 0x00, 0x15, 0x36, 0x2c, 0x56, 0x09, 0x00, 0x00, 0x15, 0x36
    .byte 0x2c, 0x57, 0x09, 0x00, 0x00, 0x15, 0x36, 0x2c, 0x58, 0x09, 0x00, 0x00, 0x15, 0x36, 0x2c, 0x59
    .byte 0x09, 0x00, 0x00, 0x15, 0x36, 0x2c, 0x5a, 0x09, 0x00, 0x00, 0x15, 0x36, 0x2c, 0x5b, 0x09, 0x00
    .byte 0x00, 0x15, 0x36, 0x2c, 0x5c, 0x09, 0x00, 0x00, 0x15, 0x36, 0x2c, 0x5d, 0x09, 0x00, 0x00, 0x15
    .byte 0x36, 0x2c, 0x5e, 0x09, 0x00, 0x00, 0x15, 0x36, 0x2c, 0x5f, 0x09, 0x00, 0x00, 0x15, 0x36, 0x2c
    .byte 0x60, 0x09, 0x00, 0x00, 0x15, 0x36, 0x2c, 0x61, 0x09, 0x00, 0x00, 0x15, 0x36, 0x2c, 0x62, 0x09
    .byte 0x00, 0x00, 0x15, 0x36, 0x2c, 0x63, 0x09, 0x00, 0x00, 0x15, 0x36, 0x2c, 0x64, 0x09, 0x00, 0x00
    .byte 0x15, 0x36, 0x2c, 0x65, 0x09, 0x00, 0x00, 0x15, 0x36, 0x2c, 0x66, 0x09, 0x00, 0x00, 0x15, 0x36
    .byte 0x2c, 0x67, 0x09, 0x00, 0x00, 0x15, 0x36, 0x2c, 0x68, 0x09, 0x00, 0x00, 0x15, 0x36, 0x2c, 0x69
    .byte 0x09, 0x00, 0x00, 0x15, 0x36, 0x2c, 0x6a, 0x09, 0x00, 0x00, 0x15, 0x36, 0x2c, 0x6b, 0x09, 0x00
    .byte 0x00, 0x15, 0x36, 0x2c, 0x6c, 0x09, 0x00, 0x00, 0x15, 0x36, 0x2c, 0x6d, 0x09, 0x00, 0x00, 0x15
    .byte 0x36, 0x2c, 0x1f, 0x06, 0x00, 0x00, 0x15, 0x36, 0x2c, 0x1e, 0x06, 0x00, 0x00, 0x15, 0x36, 0x2c
    .byte 0x1d, 0x06, 0x00, 0x00, 0x15, 0x36, 0x2c, 0x1c, 0x06, 0x00, 0x00, 0x15, 0x36, 0x2c, 0x03, 0x00
    .byte 0x00, 0x00, 0x2c, 0x8f, 0x00, 0x22, 0x02, 0x15, 0x29, 0x2c, 0x04, 0x00, 0x00, 0x00, 0x2c, 0x7d
    .byte 0xf5, 0x21, 0x02, 0x15, 0x39, 0x2c, 0x05, 0x00, 0x00, 0x00, 0x2c, 0x7d, 0xf5, 0x21, 0x02, 0x15
    .byte 0x39, 0x2c, 0x06, 0x00, 0x00, 0x00, 0x2c, 0x7d, 0xf5, 0x21, 0x02, 0x15, 0x39, 0x2c, 0x35, 0x00
    .byte 0x00, 0x00, 0x2c, 0x7d, 0xf5, 0x21, 0x02, 0x15, 0x39, 0x2c, 0x36, 0x00, 0x00, 0x00, 0x2c, 0x7d
    .byte 0xf5, 0x21, 0x02, 0x15, 0x39, 0x2c, 0x37, 0x00, 0x00, 0x00, 0x2c, 0x7d, 0xf5, 0x21, 0x02, 0x15
    .byte 0x39, 0x2c, 0x39, 0x00, 0x00, 0x00, 0x2c, 0x7d, 0xf5, 0x21, 0x02, 0x15, 0x39, 0x2c, 0x3a, 0x00
    .byte 0x00, 0x00, 0x2c, 0x7d, 0xf5, 0x21, 0x02, 0x15, 0x39, 0x2c, 0x33, 0x00, 0x00, 0x00, 0x2c, 0x7d
    .byte 0xf5, 0x21, 0x02, 0x15, 0x39, 0x2c, 0x34, 0x00, 0x00, 0x00, 0x2c, 0x7d, 0xf5, 0x21, 0x02, 0x15
    .byte 0x39, 0x2c, 0x3c, 0x00, 0x00, 0x00, 0x2c, 0x7d, 0xf5, 0x21, 0x02, 0x15, 0x39, 0x25, 0x6e, 0x00
    .byte 0x22, 0x02, 0x29, 0x00, 0xfd, 0x32, 0x00, 0x15, 0x00, 0x00, 0x00, 0x14, 0xea, 0xff, 0x21, 0x02
    .byte 0x2c, 0x2f, 0x00, 0x00, 0x00, 0x15, 0x37, 0x18, 0x70, 0x13, 0x9c, 0xfe, 0x21, 0x02, 0x2c, 0x30
    .byte 0x00, 0x00, 0x00, 0x15, 0x37, 0x18, 0x70, 0x14, 0x61, 0xff, 0x21, 0x02, 0x2c, 0x43, 0x00, 0x00
    .byte 0x00, 0x2c, 0x7d, 0xf5, 0x21, 0x02, 0x15, 0x39, 0x2c, 0x42, 0x00, 0x00, 0x00, 0x2c, 0x7d, 0xf5
    .byte 0x21, 0x02, 0x15, 0x39, 0x2c, 0x44, 0x00, 0x00, 0x00, 0x2c, 0x7d, 0xf5, 0x21, 0x02, 0x15, 0x39
    .byte 0x2c, 0x45, 0x00, 0x00, 0x00, 0x2c, 0x7d, 0xf5, 0x21, 0x02, 0x15, 0x39, 0x2c, 0x46, 0x00, 0x00
    .byte 0x00, 0x2c, 0x7d, 0xf5, 0x21, 0x02, 0x15, 0x39, 0x2c, 0x3f, 0x00, 0x00, 0x00, 0x2c, 0x7d, 0xf5
    .byte 0x21, 0x02, 0x15, 0x39, 0x2c, 0x40, 0x00, 0x00, 0x00, 0x2c, 0x7d, 0xf5, 0x21, 0x02, 0x15, 0x39
    .byte 0x2c, 0x3d, 0x00, 0x00, 0x00, 0x2c, 0x7d, 0xf5, 0x21, 0x02, 0x15, 0x39, 0x2c, 0x3e, 0x00, 0x00
    .byte 0x00, 0x2c, 0x7d, 0xf5, 0x21, 0x02, 0x15, 0x39, 0x2c, 0x47, 0x00, 0x00, 0x00, 0x2c, 0x7d, 0xf5
    .byte 0x21, 0x02, 0x15, 0x39, 0x2c, 0x48, 0x00, 0x00, 0x00, 0x2c, 0x7d, 0xf5, 0x21, 0x02, 0x15, 0x39
    .byte 0x2c, 0x49, 0x00, 0x00, 0x00, 0x2c, 0x7d, 0xf5, 0x21, 0x02, 0x15, 0x39, 0x2c, 0x4a, 0x00, 0x00
    .byte 0x00, 0x2c, 0x7d, 0xf5, 0x21, 0x02, 0x15, 0x39, 0x2c, 0x4b, 0x00, 0x00, 0x00, 0x2c, 0x7d, 0xf5
    .byte 0x21, 0x02, 0x15, 0x39, 0x2c, 0x4c, 0x00, 0x00, 0x00, 0x2c, 0x7d, 0xf5, 0x21, 0x02, 0x15, 0x39
    .byte 0x2c, 0x4d, 0x00, 0x00, 0x00, 0x2c, 0x7d, 0xf5, 0x21, 0x02, 0x15, 0x39, 0x25, 0xe5, 0xff, 0x21
    .byte 0x02, 0x2c, 0x04, 0x00, 0x00, 0x00, 0x2c, 0x7d, 0xf5, 0x21, 0x02, 0x15, 0x39, 0x2c, 0x05, 0x00
    .byte 0x00, 0x00, 0x2c, 0x7d, 0xf5, 0x21, 0x02, 0x15, 0x39, 0x2c, 0x06, 0x00, 0x00, 0x00, 0x2c, 0x7d
    .byte 0xf5, 0x21, 0x02, 0x15, 0x39, 0x2c, 0x35, 0x00, 0x00, 0x00, 0x2c, 0x7d, 0xf5, 0x21, 0x02, 0x15
    .byte 0x39, 0x2c, 0x36, 0x00, 0x00, 0x00, 0x2c, 0x7d, 0xf5, 0x21, 0x02, 0x15, 0x39, 0x2c, 0x37, 0x00
    .byte 0x00, 0x00, 0x2c, 0x7d, 0xf5, 0x21, 0x02, 0x15, 0x39, 0x2c, 0x39, 0x00, 0x00, 0x00, 0x2c, 0x7d
    .byte 0xf5, 0x21, 0x02, 0x15, 0x39, 0x2c, 0x3a, 0x00, 0x00, 0x00, 0x2c, 0x7d, 0xf5, 0x21, 0x02, 0x15
    .byte 0x39, 0x2c, 0x33, 0x00, 0x00, 0x00, 0x2c, 0x7d, 0xf5, 0x21, 0x02, 0x15, 0x39, 0x2c, 0x34, 0x00
    .byte 0x00, 0x00, 0x2c, 0x7d, 0xf5, 0x21, 0x02, 0x15, 0x39, 0x2c, 0x3c, 0x00, 0x00, 0x00, 0x2c, 0x7d
    .byte 0xf5, 0x21, 0x02, 0x15, 0x39, 0x25, 0x6e, 0x00, 0x22, 0x02, 0x2c, 0x04, 0x00, 0x00, 0x00, 0x2c
    .byte 0x7d, 0xf5, 0x21, 0x02, 0x15, 0x39, 0x2c, 0x05, 0x00, 0x00, 0x00, 0x2c, 0x7d, 0xf5, 0x21, 0x02
    .byte 0x15, 0x39, 0x2c, 0x06, 0x00, 0x00, 0x00, 0x2c, 0x7d, 0xf5, 0x21, 0x02, 0x15, 0x39, 0x2c, 0x35
    .byte 0x00, 0x00, 0x00, 0x2c, 0x7d, 0xf5, 0x21, 0x02, 0x15, 0x39, 0x2c, 0x36, 0x00, 0x00, 0x00, 0x2c
    .byte 0x7d, 0xf5, 0x21, 0x02, 0x15, 0x39, 0x2c, 0x37, 0x00, 0x00, 0x00, 0x2c, 0x7d, 0xf5, 0x21, 0x02
    .byte 0x15, 0x39, 0x2c, 0x39, 0x00, 0x00, 0x00, 0x2c, 0x7d, 0xf5, 0x21, 0x02, 0x15, 0x39, 0x2c, 0x3a
    .byte 0x00, 0x00, 0x00, 0x2c, 0x7d, 0xf5, 0x21, 0x02, 0x15, 0x39, 0x2c, 0x33, 0x00, 0x00, 0x00, 0x2c
    .byte 0x7d, 0xf5, 0x21, 0x02, 0x15, 0x39, 0x2c, 0x34, 0x00, 0x00, 0x00, 0x2c, 0x7d, 0xf5, 0x21, 0x02
    .byte 0x15, 0x39, 0x2c, 0x3c, 0x00, 0x00, 0x00, 0x2c, 0x7d, 0xf5, 0x21, 0x02, 0x15, 0x39, 0x2c, 0x05
    .byte 0x00, 0x00, 0x00, 0x15, 0x07, 0x15, 0x08, 0x00, 0x20, 0x00, 0x00, 0x15, 0x18, 0x20, 0x00, 0x00
    .byte 0x15, 0x09, 0x2c, 0x02, 0x00, 0x00, 0x00, 0x2c, 0xb5, 0x04, 0x22, 0x02, 0x15, 0x29, 0x00, 0x2c
    .byte 0xc4, 0x08, 0x00, 0x00, 0x15, 0x41, 0x2c, 0x4e, 0x09, 0x00, 0x00, 0x15, 0x36, 0x2c, 0x4f, 0x09
    .byte 0x00, 0x00, 0x15, 0x36, 0x2c, 0x50, 0x09, 0x00, 0x00, 0x15, 0x36, 0x2c, 0x51, 0x09, 0x00, 0x00
    .byte 0x15, 0x36, 0x2c, 0x52, 0x09, 0x00, 0x00, 0x15, 0x36, 0x2c, 0x53, 0x09, 0x00, 0x00, 0x15, 0x36
    .byte 0x2c, 0x54, 0x09, 0x00, 0x00, 0x15, 0x36, 0x2c, 0x55, 0x09, 0x00, 0x00, 0x15, 0x36, 0x2c, 0x56
    .byte 0x09, 0x00, 0x00, 0x15, 0x36, 0x2c, 0x57, 0x09, 0x00, 0x00, 0x15, 0x36, 0x2c, 0x58, 0x09, 0x00
    .byte 0x00, 0x15, 0x36, 0x2c, 0x59, 0x09, 0x00, 0x00, 0x15, 0x36, 0x2c, 0x5a, 0x09, 0x00, 0x00, 0x15
    .byte 0x36, 0x2c, 0x5b, 0x09, 0x00, 0x00, 0x15, 0x36, 0x2c, 0x5c, 0x09, 0x00, 0x00, 0x15, 0x36, 0x2c
    .byte 0x5d, 0x09, 0x00, 0x00, 0x15, 0x36, 0x2c, 0x5e, 0x09, 0x00, 0x00, 0x15, 0x36, 0x2c, 0x5f, 0x09
    .byte 0x00, 0x00, 0x15, 0x36, 0x2c, 0x60, 0x09, 0x00, 0x00, 0x15, 0x36, 0x2c, 0x61, 0x09, 0x00, 0x00
    .byte 0x15, 0x36, 0x2c, 0x62, 0x09, 0x00, 0x00, 0x15, 0x36, 0x2c, 0x63, 0x09, 0x00, 0x00, 0x15, 0x36
    .byte 0x2c, 0x64, 0x09, 0x00, 0x00, 0x15, 0x36, 0x2c, 0x65, 0x09, 0x00, 0x00, 0x15, 0x36, 0x2c, 0x66
    .byte 0x09, 0x00, 0x00, 0x15, 0x36, 0x2c, 0x67, 0x09, 0x00, 0x00, 0x15, 0x36, 0x2c, 0x68, 0x09, 0x00
    .byte 0x00, 0x15, 0x36, 0x2c, 0x69, 0x09, 0x00, 0x00, 0x15, 0x36, 0x2c, 0x6a, 0x09, 0x00, 0x00, 0x15
    .byte 0x36, 0x2c, 0x6b, 0x09, 0x00, 0x00, 0x15, 0x36, 0x2c, 0x6c, 0x09, 0x00, 0x00, 0x15, 0x36, 0x2c
    .byte 0x6d, 0x09, 0x00, 0x00, 0x15, 0x36, 0x2c, 0x1f, 0x06, 0x00, 0x00, 0x15, 0x36, 0x2c, 0x1e, 0x06
    .byte 0x00, 0x00, 0x15, 0x36, 0x2c, 0x1d, 0x06, 0x00, 0x00, 0x15, 0x36, 0x2c, 0x1c, 0x06, 0x00, 0x00
    .byte 0x15, 0x36, 0x2c, 0x38, 0x00, 0x00, 0x00, 0x15, 0x37, 0x18, 0x70, 0x32, 0x00, 0x00, 0x00, 0x00
    .byte 0x00, 0x14, 0xb2, 0x01, 0x22, 0x02, 0x2c, 0x07, 0x00, 0x00, 0x00, 0x2c, 0x01, 0x00, 0x00, 0x00
    .byte 0x15, 0x71, 0x2c, 0x0a, 0x00, 0x00, 0x00, 0x2c, 0x01, 0x00, 0x00, 0x00, 0x15, 0xe0, 0x20, 0x00
    .byte 0x00, 0x2c, 0x0c, 0x04, 0x22, 0x02, 0x15, 0x39, 0x20, 0x00, 0x00, 0x15, 0x42, 0x18, 0x70, 0x32
    .byte 0x00, 0x00, 0x00, 0x00, 0x00, 0x14, 0xdf, 0x01, 0x22, 0x02, 0x01, 0xc8, 0x01, 0x22, 0x02, 0x20
    .byte 0x00, 0x00, 0x2c, 0xff, 0xff, 0xff, 0xff, 0x2c, 0xff, 0xff, 0xff, 0xff, 0x15, 0xdd, 0x18, 0x70
    .byte 0x14, 0x9d, 0x03, 0x22, 0x02, 0x2c, 0x01, 0x00, 0x00, 0x00, 0x2c, 0xff, 0xff, 0xff, 0xff, 0x2c
    .byte 0xff, 0xff, 0xff, 0xff, 0x15, 0xdd, 0x18, 0x70, 0x35, 0x00, 0x4d, 0x00, 0x00, 0x00, 0x14, 0x9d
    .byte 0x03, 0x22, 0x02, 0x2c, 0x1e, 0x00, 0x00, 0x00, 0x15, 0x07, 0x15, 0x08, 0x03, 0x00, 0x01, 0x00
    .byte 0x00, 0x00, 0x26, 0x00, 0x58, 0x20, 0x00, 0x00, 0x2c, 0x18, 0xf5, 0x21, 0x02, 0x15, 0x39, 0x20
    .byte 0x00, 0x00, 0x15, 0x42, 0x18, 0x70, 0x32, 0x00, 0x00, 0x00, 0x00, 0x00, 0x14, 0x46, 0x02, 0x22
    .byte 0x02, 0x01, 0x2f, 0x02, 0x22, 0x02, 0x2c, 0x01, 0x00, 0x00, 0x00, 0x2c, 0xbe, 0x15, 0x22, 0x02
    .byte 0x15, 0x39, 0x2c, 0x01, 0x00, 0x00, 0x00, 0x15, 0x42, 0x18, 0x70, 0x32, 0x00, 0x00, 0x00, 0x00
    .byte 0x00, 0x14, 0x6b, 0x02, 0x22, 0x02, 0x01, 0x52, 0x02, 0x22, 0x02, 0x03, 0x00, 0x00, 0x00, 0x00
    .byte 0x00, 0x27, 0x00, 0x05, 0x2c, 0x01, 0x00, 0x00, 0x00, 0x2c, 0x54, 0x1a, 0x22, 0x02, 0x15, 0x39
    .byte 0x2c, 0x01, 0x00, 0x00, 0x00, 0x15, 0x42, 0x18, 0x70, 0x32, 0x00, 0x00, 0x00, 0x00, 0x00, 0x14
    .byte 0x99, 0x02, 0x22, 0x02, 0x01, 0x80, 0x02, 0x22, 0x02, 0x2a, 0x00, 0x05, 0x35, 0x00, 0x00, 0x00
    .byte 0x00, 0x00, 0x14, 0x6d, 0x03, 0x22, 0x02, 0x2c, 0x01, 0x00, 0x00, 0x00, 0x2c, 0xee, 0x1d, 0x22
    .byte 0x02, 0x15, 0x39, 0x2c, 0x01, 0x00, 0x00, 0x00, 0x15, 0x42, 0x18, 0x70, 0x32, 0x00, 0x00, 0x00
    .byte 0x00, 0x00, 0x14, 0xcc, 0x02, 0x22, 0x02, 0x01, 0xb3, 0x02, 0x22, 0x02, 0x2c, 0x06, 0x00, 0x00
    .byte 0x00, 0x20, 0x00, 0x00, 0x2c, 0xff, 0xff, 0xff, 0xff, 0x2c, 0xff, 0xff, 0xff, 0xff, 0x2c, 0xff
    .byte 0xff, 0xff, 0xff, 0x15, 0xdc, 0x2c, 0x01, 0x00, 0x00, 0x00, 0x15, 0x07, 0x15, 0x08, 0x2c, 0x01
    .byte 0x00, 0x00, 0x00, 0x2c, 0xff, 0xff, 0xff, 0xff, 0x2c, 0xff, 0xff, 0xff, 0xff, 0x2c, 0xff, 0xff
    .byte 0xff, 0xff, 0x2c, 0xff, 0xff, 0xff, 0xff, 0x15, 0xdc, 0x2c, 0x01, 0x00, 0x00, 0x00, 0x15, 0x07
    .byte 0x15, 0x08, 0x2c, 0x0b, 0x00, 0x00, 0x00, 0x2c, 0xff, 0xff, 0xff, 0xff, 0x2c, 0xff, 0xff, 0xff
    .byte 0xff, 0x2c, 0xff, 0xff, 0xff, 0xff, 0x2c, 0xff, 0xff, 0xff, 0xff, 0x15, 0xdc, 0x2c, 0x01, 0x00
    .byte 0x00, 0x00, 0x15, 0x07, 0x15, 0x08, 0x2c, 0xc9, 0x02, 0x00, 0x00, 0x15, 0x37, 0x18, 0x70, 0x14
    .byte 0x68, 0x03, 0x22, 0x02, 0x20, 0x00, 0x00, 0x2c, 0x4d, 0x00, 0x00, 0x00, 0x2c, 0x80, 0x00, 0x00
    .byte 0x00, 0x2c, 0x34, 0x02, 0x00, 0x00, 0x2d, 0x2a, 0x15, 0xdc, 0x2c, 0xc9, 0x02, 0x00, 0x00, 0x15
    .byte 0x36, 0x2c, 0x10, 0x00, 0x00, 0x00, 0x15, 0x36, 0x25, 0x98, 0x03, 0x22, 0x02, 0x2c, 0x01, 0x00
    .byte 0x00, 0x00, 0x2c, 0xee, 0x1d, 0x22, 0x02, 0x15, 0x39, 0x2c, 0x01, 0x00, 0x00, 0x00, 0x15, 0x42
    .byte 0x18, 0x70, 0x32, 0x00, 0x00, 0x00, 0x00, 0x00, 0x14, 0x92, 0x03, 0x22, 0x02, 0x01, 0x79, 0x03
    .byte 0x22, 0x02, 0x01, 0xb5, 0x04, 0x22, 0x02, 0x00, 0x25, 0x0b, 0x04, 0x22, 0x02, 0x2c, 0xc9, 0x02
    .byte 0x00, 0x00, 0x15, 0x37, 0x18, 0x70, 0x14, 0x0b, 0x04, 0x22, 0x02, 0x2c, 0x01, 0x00, 0x00, 0x00
    .byte 0x2c, 0xff, 0xff, 0xff, 0xff, 0x2c, 0xff, 0xff, 0xff, 0xff, 0x2c, 0xff, 0xff, 0xff, 0xff, 0x2c
    .byte 0xff, 0xff, 0xff, 0xff, 0x15, 0xdc, 0x20, 0x00, 0x00, 0x2c, 0x4d, 0x00, 0x00, 0x00, 0x2c, 0x80
    .byte 0x00, 0x00, 0x00, 0x2c, 0x34, 0x02, 0x00, 0x00, 0x2d, 0x2a, 0x15, 0xdc, 0x2c, 0xc9, 0x02, 0x00
    .byte 0x00, 0x15, 0x36, 0x2c, 0x10, 0x00, 0x00, 0x00, 0x15, 0x36, 0x2c, 0x01, 0x00, 0x00, 0x00, 0x15
    .byte 0x07, 0x15, 0x08, 0x2c, 0x0e, 0x00, 0x00, 0x00, 0x2d, 0x1b, 0x2c, 0xff, 0xff, 0xff, 0xff, 0x2c
    .byte 0xff, 0xff, 0xff, 0xff, 0x2c, 0xff, 0xff, 0xff, 0xff, 0x15, 0xdc, 0x00, 0x2c, 0x03, 0x00, 0x00
    .byte 0x00, 0x2c, 0x01, 0x00, 0x00, 0x00, 0x20, 0x00, 0x00, 0x20, 0x00, 0x00, 0x20, 0x00, 0x00, 0x15
    .byte 0x4f, 0x2c, 0x01, 0x00, 0x00, 0x00, 0x2c, 0x80, 0x00, 0x00, 0x00, 0x2c, 0xa0, 0x02, 0x00, 0x00
    .byte 0x2c, 0x01, 0x00, 0x00, 0x00, 0x20, 0x00, 0x00, 0x15, 0x4f, 0x2c, 0x80, 0x00, 0x00, 0x00, 0x2c
    .byte 0xfd, 0x02, 0x00, 0x00, 0x20, 0x00, 0x00, 0x15, 0x02, 0x2c, 0x01, 0x00, 0x00, 0x00, 0x15, 0x07
    .byte 0x15, 0x08, 0x20, 0x00, 0x00, 0x15, 0x18, 0x20, 0x00, 0x00, 0x15, 0x19, 0x20, 0x00, 0x00, 0x2c
    .byte 0x01, 0x31, 0x00, 0x00, 0x15, 0xe0, 0x2c, 0x01, 0x00, 0x00, 0x00, 0x15, 0x2b, 0x15, 0x1f, 0x18
    .byte 0x70, 0x17, 0x00, 0x15, 0x20, 0x18, 0x70, 0x24, 0x00, 0x20, 0x00, 0x00, 0x00, 0x17, 0x00, 0x20
    .byte 0x00, 0x00, 0x2c, 0x00, 0x18, 0x00, 0x00, 0x2c, 0x05, 0x00, 0x00, 0x00, 0x20, 0x00, 0x00, 0x15
    .byte 0x1a, 0x15, 0x21, 0x2c, 0x03, 0x00, 0x00, 0x00, 0x20, 0x00, 0x00, 0x20, 0x00, 0x00, 0x20, 0x00
    .byte 0x00, 0x20, 0x00, 0x00, 0x15, 0x4f, 0x2c, 0x01, 0x00, 0x00, 0x00, 0x15, 0x18, 0x2c, 0x01, 0x00
    .byte 0x00, 0x00, 0x15, 0x19, 0x00, 0x2c, 0x03, 0x00, 0x00, 0x00, 0x2c, 0x01, 0x00, 0x00, 0x00, 0x20
    .byte 0x00, 0x00, 0x20, 0x00, 0x00, 0x20, 0x00, 0x00, 0x15, 0x4f, 0x20, 0x00, 0x00, 0x2c, 0xff, 0xff
    .byte 0xff, 0xff, 0x2c, 0xff, 0xff, 0xff, 0xff, 0x15, 0xdd, 0x18, 0x70, 0x14, 0x23, 0x05, 0x22, 0x02
    .byte 0x2c, 0x01, 0x00, 0x00, 0x00, 0x2c, 0xff, 0xff, 0xff, 0xff, 0x2c, 0xff, 0xff, 0xff, 0xff, 0x15
    .byte 0xdd, 0x18, 0x70, 0x32, 0x00, 0x4d, 0x00, 0x00, 0x00, 0x14, 0x23, 0x05, 0x22, 0x02, 0x2c, 0x01
    .byte 0x00, 0x00, 0x00, 0x2c, 0xe4, 0x77, 0x22, 0x02, 0x15, 0x39, 0x2c, 0x01, 0x00, 0x00, 0x00, 0x15
    .byte 0x42, 0x18, 0x70, 0x32, 0x00, 0x00, 0x00, 0x00, 0x00, 0x14, 0x23, 0x05, 0x22, 0x02, 0x01, 0x0a
    .byte 0x05, 0x22, 0x02, 0x20, 0x00, 0x00, 0x2c, 0x9a, 0x05, 0x22, 0x02, 0x15, 0x39, 0x20, 0x00, 0x00
    .byte 0x15, 0x42, 0x18, 0x70, 0x32, 0x00, 0x00, 0x00, 0x00, 0x00, 0x14, 0x44, 0x05, 0x22, 0x02, 0x01
    .byte 0x2d, 0x05, 0x22, 0x02, 0x2c, 0x16, 0x00, 0x00, 0x00, 0x2d, 0xae, 0x2c, 0x3c, 0x00, 0x00, 0x00
    .byte 0x15, 0x0a, 0x2c, 0x0a, 0x00, 0x00, 0x00, 0x20, 0x00, 0x00, 0x15, 0xe0, 0x2a, 0x00, 0x05, 0x35
    .byte 0x00, 0x00, 0x00, 0x00, 0x00, 0x14, 0x85, 0x05, 0x22, 0x02, 0x2c, 0x0b, 0x00, 0x00, 0x00, 0x2c
    .byte 0xff, 0xff, 0xff, 0xff, 0x2c, 0xff, 0xff, 0xff, 0xff, 0x2c, 0xff, 0xff, 0xff, 0xff, 0x2c, 0xff
    .byte 0xff, 0xff, 0xff, 0x15, 0xdc, 0x2c, 0x20, 0x00, 0x00, 0x00, 0x2c, 0x00, 0x03, 0x00, 0x00, 0x2c
    .byte 0x10, 0x02, 0x00, 0x00, 0x20, 0x00, 0x00, 0x15, 0x4a, 0x00, 0x20, 0x00, 0x00, 0x15, 0x18, 0x20
    .byte 0x00, 0x00, 0x15, 0x19, 0x2c, 0x01, 0x00, 0x00, 0x00, 0x15, 0x2b, 0x20, 0x00, 0x00, 0x2c, 0x00
    .byte 0x31, 0x00, 0x00, 0x15, 0xe0, 0x2c, 0x80, 0x00, 0x00, 0x00, 0x2c, 0x30, 0x03, 0x00, 0x00, 0x20
    .byte 0x00, 0x00, 0x2c, 0x00, 0x18, 0x00, 0x00, 0x2c, 0x05, 0x00, 0x00, 0x00, 0x20, 0x00, 0x00, 0x15
    .byte 0x1a, 0x15, 0x21, 0x2c, 0x01, 0x00, 0x00, 0x00, 0x15, 0x18, 0x2c, 0x01, 0x00, 0x00, 0x00, 0x15
    .byte 0x19, 0x00, 0x20, 0x00, 0x00, 0x15, 0x18, 0x2c, 0x4e, 0x09, 0x00, 0x00, 0x15, 0x37, 0x18, 0x70
    .byte 0x14, 0x09, 0x06, 0x22, 0x02, 0x20, 0x00, 0x00, 0x15, 0x19, 0x2c, 0xff, 0x7f, 0x00, 0x00, 0x15
    .byte 0x1b, 0x2c, 0x01, 0x00, 0x00, 0x00, 0x15, 0x05, 0x00, 0x2c, 0x01, 0x00, 0x00, 0x00, 0x2c, 0x16
    .byte 0x06, 0x22, 0x02, 0x15, 0x29, 0x00, 0x2c, 0x4e, 0x09, 0x00, 0x00, 0x15, 0x35, 0x15, 0x10, 0x18
    .byte 0x70, 0x26, 0x00, 0x69, 0x15, 0x11, 0x18, 0x70, 0x26, 0x00, 0x6a, 0x20, 0x00, 0x00, 0x2c, 0x19
    .byte 0x08, 0x22, 0x02, 0x15, 0x39, 0x2c, 0x08, 0x00, 0x00, 0x00, 0x2c, 0x2b, 0x01, 0x00, 0x00, 0x15
    .byte 0xe0, 0x20, 0x00, 0x00, 0x2c, 0x80, 0x95, 0x00, 0x00, 0x15, 0xe0, 0x2c, 0x29, 0x10, 0x00, 0x00
    .byte 0x2c, 0x2a, 0x10, 0x00, 0x00, 0x2c, 0x2b, 0x10, 0x00, 0x00, 0x2c, 0x02, 0x00, 0x00, 0x00, 0x15
    .byte 0x1f, 0x18, 0x70, 0x17, 0x00, 0x15, 0x20, 0x18, 0x70, 0x17, 0x00, 0x15, 0x1e, 0x18, 0x70, 0x05
    .byte 0x00, 0x04, 0x00, 0x00, 0x00, 0x0b, 0x00, 0x08, 0x00, 0x00, 0x00, 0x09, 0x00, 0x02, 0x00, 0x00
    .byte 0x00, 0x17, 0x00, 0x15, 0x73, 0x2c, 0x2d, 0x00, 0x00, 0x00, 0x15, 0x07, 0x15, 0x08, 0x20, 0x00
    .byte 0x00, 0x2c, 0x81, 0x95, 0x00, 0x00, 0x15, 0xe0, 0x15, 0x16, 0x2c, 0x9a, 0x16, 0x00, 0x00, 0x2c
    .byte 0x9b, 0x16, 0x00, 0x00, 0x2c, 0x9c, 0x16, 0x00, 0x00, 0x2c, 0x02, 0x00, 0x00, 0x00, 0x2c, 0x01
    .byte 0x00, 0x00, 0x00, 0x15, 0x73, 0x2c, 0xff, 0x7f, 0x00, 0x00, 0x15, 0x1b, 0x2c, 0x09, 0x00, 0x00
    .byte 0x00, 0x2c, 0x2b, 0x01, 0x00, 0x00, 0x15, 0xe0, 0x03, 0x00, 0x04, 0x00, 0x00, 0x00, 0x31, 0x00
    .byte 0x0a, 0x00, 0x00, 0x00, 0x14, 0x21, 0x07, 0x22, 0x02, 0x2c, 0x02, 0x00, 0x00, 0x00, 0x15, 0x01
    .byte 0x18, 0x70, 0x28, 0x00, 0x00, 0x2b, 0x00, 0x00, 0x32, 0x00, 0x00, 0x00, 0x00, 0x00, 0x14, 0x0a
    .byte 0x07, 0x22, 0x02, 0x03, 0x00, 0x04, 0x00, 0x00, 0x00, 0x20, 0x00, 0x00, 0x15, 0x01, 0x18, 0x71
    .byte 0x04, 0x10, 0x28, 0x00, 0x00, 0x25, 0x1c, 0x07, 0x22, 0x02, 0x03, 0x00, 0x04, 0x00, 0x00, 0x00
    .byte 0x20, 0x00, 0x00, 0x15, 0x01, 0x18, 0x71, 0x23, 0x10, 0x28, 0x00, 0x00, 0x25, 0xbd, 0x07, 0x22
    .byte 0x02, 0x2c, 0x05, 0x00, 0x00, 0x00, 0x15, 0x01, 0x18, 0x70, 0x28, 0x00, 0x00, 0x2b, 0x00, 0x00
    .byte 0x32, 0x00, 0x00, 0x00, 0x00, 0x00, 0x14, 0x49, 0x07, 0x22, 0x02, 0x03, 0x00, 0x02, 0x00, 0x00
    .byte 0x00, 0x28, 0x00, 0x00, 0x25, 0xa6, 0x07, 0x22, 0x02, 0x2b, 0x00, 0x00, 0x32, 0x00, 0x01, 0x00
    .byte 0x00, 0x00, 0x14, 0x65, 0x07, 0x22, 0x02, 0x03, 0x00, 0x03, 0x00, 0x00, 0x00, 0x28, 0x00, 0x00
    .byte 0x25, 0xa6, 0x07, 0x22, 0x02, 0x2b, 0x00, 0x00, 0x32, 0x00, 0x02, 0x00, 0x00, 0x00, 0x14, 0x81
    .byte 0x07, 0x22, 0x02, 0x03, 0x00, 0x04, 0x00, 0x00, 0x00, 0x28, 0x00, 0x00, 0x25, 0xa6, 0x07, 0x22
    .byte 0x02, 0x2b, 0x00, 0x00, 0x32, 0x00, 0x03, 0x00, 0x00, 0x00, 0x14, 0x9d, 0x07, 0x22, 0x02, 0x03
    .byte 0x00, 0x05, 0x00, 0x00, 0x00, 0x28, 0x00, 0x00, 0x25, 0xa6, 0x07, 0x22, 0x02, 0x03, 0x00, 0x06
    .byte 0x00, 0x00, 0x00, 0x28, 0x00, 0x00, 0x2b, 0x00, 0x00, 0x34, 0x00, 0x00, 0x00, 0x00, 0x00, 0x14
    .byte 0xbd, 0x07, 0x22, 0x02, 0x03, 0x00, 0x01, 0x00, 0x00, 0x00, 0x28, 0x00, 0x00, 0x2c, 0x03, 0x00
    .byte 0x00, 0x00, 0x2f, 0x00, 0x20, 0x00, 0x00, 0x20, 0x00, 0x00, 0x20, 0x00, 0x00, 0x20, 0x00, 0x00
    .byte 0x20, 0x00, 0x00, 0x15, 0x53, 0x2f, 0x00, 0x15, 0xaa, 0x20, 0x00, 0x00, 0x2c, 0x0f, 0x00, 0x00
    .byte 0x00, 0x15, 0xe0, 0x20, 0x00, 0x00, 0x2c, 0x4f, 0x08, 0x22, 0x02, 0x15, 0x39, 0x20, 0x00, 0x00
    .byte 0x15, 0x42, 0x18, 0x70, 0x32, 0x00, 0x00, 0x00, 0x00, 0x00, 0x14, 0x04, 0x08, 0x22, 0x02, 0x01
    .byte 0xed, 0x07, 0x22, 0x02, 0x20, 0x00, 0x00, 0x15, 0x19, 0x2c, 0x01, 0x00, 0x00, 0x00, 0x20, 0x00
    .byte 0x00, 0x15, 0x29, 0x20, 0x00, 0x00, 0x15, 0xd7, 0x00, 0x20, 0x00, 0x00, 0x15, 0x09, 0x20, 0x00
    .byte 0x00, 0x15, 0x18, 0x20, 0x00, 0x00, 0x15, 0x19, 0x2d, 0x69, 0x2d, 0x6a, 0x20, 0x00, 0x00, 0x2c
    .byte 0x1e, 0x00, 0x00, 0x00, 0x2c, 0x01, 0x00, 0x00, 0x00, 0x20, 0x00, 0x00, 0x15, 0x1a, 0x15, 0x21
    .byte 0x2c, 0x01, 0x00, 0x00, 0x00, 0x15, 0x18, 0x2c, 0x01, 0x00, 0x00, 0x00, 0x15, 0x19, 0x00, 0x2c
    .byte 0x01, 0x00, 0x00, 0x00, 0x15, 0x09, 0x20, 0x00, 0x00, 0x15, 0x75, 0x2c, 0x00, 0x01, 0x00, 0x00
    .byte 0x15, 0x17, 0x2c, 0x0f, 0x10, 0x00, 0x00, 0x2c, 0x01, 0x10, 0x00, 0x00, 0x2c, 0x10, 0x10, 0x00
    .byte 0x00, 0x2c, 0x02, 0x00, 0x00, 0x00, 0x2c, 0x21, 0x00, 0x00, 0x00, 0x15, 0x73, 0x15, 0x16, 0x00
    .byte 0x20, 0x00, 0x00, 0x15, 0x18, 0x2c, 0x4f, 0x09, 0x00, 0x00, 0x15, 0x37, 0x18, 0x70, 0x14, 0xa7
    .byte 0x08, 0x22, 0x02, 0x20, 0x00, 0x00, 0x15, 0x19, 0x2c, 0xff, 0x7f, 0x00, 0x00, 0x15, 0x1b, 0x2c
    .byte 0x01, 0x00, 0x00, 0x00, 0x15, 0x05, 0x00, 0x2c, 0x01, 0x00, 0x00, 0x00, 0x2c, 0xb4, 0x08, 0x22
    .byte 0x02, 0x15, 0x29, 0x00, 0x2c, 0x4f, 0x09, 0x00, 0x00, 0x15, 0x35, 0x15, 0x10, 0x18, 0x70, 0x26
    .byte 0x00, 0x69, 0x15, 0x11, 0x18, 0x70, 0x26, 0x00, 0x6a, 0x20, 0x00, 0x00, 0x2c, 0xb7, 0x0a, 0x22
    .byte 0x02, 0x15, 0x39, 0x2c, 0x08, 0x00, 0x00, 0x00, 0x2c, 0x2b, 0x01, 0x00, 0x00, 0x15, 0xe0, 0x20
    .byte 0x00, 0x00, 0x2c, 0x80, 0x95, 0x00, 0x00, 0x15, 0xe0, 0x2c, 0x29, 0x10, 0x00, 0x00, 0x2c, 0x2a
    .byte 0x10, 0x00, 0x00, 0x2c, 0x2b, 0x10, 0x00, 0x00, 0x2c, 0x02, 0x00, 0x00, 0x00, 0x15, 0x1f, 0x18
    .byte 0x70, 0x17, 0x00, 0x15, 0x20, 0x18, 0x70, 0x17, 0x00, 0x15, 0x1e, 0x18, 0x70, 0x05, 0x00, 0x04
    .byte 0x00, 0x00, 0x00, 0x0b, 0x00, 0x08, 0x00, 0x00, 0x00, 0x09, 0x00, 0x02, 0x00, 0x00, 0x00, 0x17
    .byte 0x00, 0x15, 0x73, 0x2c, 0x2d, 0x00, 0x00, 0x00, 0x15, 0x07, 0x15, 0x08, 0x20, 0x00, 0x00, 0x2c
    .byte 0x81, 0x95, 0x00, 0x00, 0x15, 0xe0, 0x15, 0x16, 0x2c, 0x9a, 0x16, 0x00, 0x00, 0x2c, 0x9b, 0x16
    .byte 0x00, 0x00, 0x2c, 0x9c, 0x16, 0x00, 0x00, 0x2c, 0x02, 0x00, 0x00, 0x00, 0x2c, 0x01, 0x00, 0x00
    .byte 0x00, 0x15, 0x73, 0x2c, 0xff, 0x7f, 0x00, 0x00, 0x15, 0x1b, 0x2c, 0x09, 0x00, 0x00, 0x00, 0x2c
    .byte 0x2b, 0x01, 0x00, 0x00, 0x15, 0xe0, 0x03, 0x00, 0x04, 0x00, 0x00, 0x00, 0x31, 0x00, 0x0a, 0x00
    .byte 0x00, 0x00, 0x14, 0xbf, 0x09, 0x22, 0x02, 0x2c, 0x02, 0x00, 0x00, 0x00, 0x15, 0x01, 0x18, 0x70
    .byte 0x28, 0x00, 0x00, 0x2b, 0x00, 0x00, 0x32, 0x00, 0x00, 0x00, 0x00, 0x00, 0x14, 0xa8, 0x09, 0x22
    .byte 0x02, 0x03, 0x00, 0x04, 0x00, 0x00, 0x00, 0x20, 0x00, 0x00, 0x15, 0x01, 0x18, 0x71, 0x04, 0x10
    .byte 0x28, 0x00, 0x00, 0x25, 0xba, 0x09, 0x22, 0x02, 0x03, 0x00, 0x04, 0x00, 0x00, 0x00, 0x20, 0x00
    .byte 0x00, 0x15, 0x01, 0x18, 0x71, 0x23, 0x10, 0x28, 0x00, 0x00, 0x25, 0x5b, 0x0a, 0x22, 0x02, 0x2c
    .byte 0x05, 0x00, 0x00, 0x00, 0x15, 0x01, 0x18, 0x70, 0x28, 0x00, 0x00, 0x2b, 0x00, 0x00, 0x32, 0x00
    .byte 0x00, 0x00, 0x00, 0x00, 0x14, 0xe7, 0x09, 0x22, 0x02, 0x03, 0x00, 0x02, 0x00, 0x00, 0x00, 0x28
    .byte 0x00, 0x00, 0x25, 0x44, 0x0a, 0x22, 0x02, 0x2b, 0x00, 0x00, 0x32, 0x00, 0x01, 0x00, 0x00, 0x00
    .byte 0x14, 0x03, 0x0a, 0x22, 0x02, 0x03, 0x00, 0x03, 0x00, 0x00, 0x00, 0x28, 0x00, 0x00, 0x25, 0x44
    .byte 0x0a, 0x22, 0x02, 0x2b, 0x00, 0x00, 0x32, 0x00, 0x02, 0x00, 0x00, 0x00, 0x14, 0x1f, 0x0a, 0x22
    .byte 0x02, 0x03, 0x00, 0x04, 0x00, 0x00, 0x00, 0x28, 0x00, 0x00, 0x25, 0x44, 0x0a, 0x22, 0x02, 0x2b
    .byte 0x00, 0x00, 0x32, 0x00, 0x03, 0x00, 0x00, 0x00, 0x14, 0x3b, 0x0a, 0x22, 0x02, 0x03, 0x00, 0x05
    .byte 0x00, 0x00, 0x00, 0x28, 0x00, 0x00, 0x25, 0x44, 0x0a, 0x22, 0x02, 0x03, 0x00, 0x06, 0x00, 0x00
    .byte 0x00, 0x28, 0x00, 0x00, 0x2b, 0x00, 0x00, 0x34, 0x00, 0x00, 0x00, 0x00, 0x00, 0x14, 0x5b, 0x0a
    .byte 0x22, 0x02, 0x03, 0x00, 0x01, 0x00, 0x00, 0x00, 0x28, 0x00, 0x00, 0x2c, 0x03, 0x00, 0x00, 0x00
    .byte 0x2f, 0x00, 0x20, 0x00, 0x00, 0x20, 0x00, 0x00, 0x20, 0x00, 0x00, 0x20, 0x00, 0x00, 0x20, 0x00
    .byte 0x00, 0x15, 0x53, 0x2f, 0x00, 0x15, 0xaa, 0x20, 0x00, 0x00, 0x2c, 0x0f, 0x00, 0x00, 0x00, 0x15
    .byte 0xe0, 0x20, 0x00, 0x00, 0x2c, 0xed, 0x0a, 0x22, 0x02, 0x15, 0x39, 0x20, 0x00, 0x00, 0x15, 0x42
    .byte 0x18, 0x70, 0x32, 0x00, 0x00, 0x00, 0x00, 0x00, 0x14, 0xa2, 0x0a, 0x22, 0x02, 0x01, 0x8b, 0x0a
    .byte 0x22, 0x02, 0x20, 0x00, 0x00, 0x15, 0x19, 0x2c, 0x01, 0x00, 0x00, 0x00, 0x20, 0x00, 0x00, 0x15
    .byte 0x29, 0x20, 0x00, 0x00, 0x15, 0xd7, 0x00, 0x20, 0x00, 0x00, 0x15, 0x09, 0x20, 0x00, 0x00, 0x15
    .byte 0x18, 0x20, 0x00, 0x00, 0x15, 0x19, 0x2d, 0x69, 0x2d, 0x6a, 0x20, 0x00, 0x00, 0x2c, 0x1e, 0x00
    .byte 0x00, 0x00, 0x2c, 0x01, 0x00, 0x00, 0x00, 0x20, 0x00, 0x00, 0x15, 0x1a, 0x15, 0x21, 0x2c, 0x01
    .byte 0x00, 0x00, 0x00, 0x15, 0x18, 0x2c, 0x01, 0x00, 0x00, 0x00, 0x15, 0x19, 0x00, 0x2c, 0x01, 0x00
    .byte 0x00, 0x00, 0x15, 0x09, 0x20, 0x00, 0x00, 0x15, 0x75, 0x2c, 0x00, 0x01, 0x00, 0x00, 0x15, 0x17
    .byte 0x2c, 0x0f, 0x10, 0x00, 0x00, 0x2c, 0x01, 0x10, 0x00, 0x00, 0x2c, 0x10, 0x10, 0x00, 0x00, 0x2c
    .byte 0x02, 0x00, 0x00, 0x00, 0x2c, 0x21, 0x00, 0x00, 0x00, 0x15, 0x73, 0x15, 0x16, 0x00, 0x20, 0x00
    .byte 0x00, 0x15, 0x18, 0x2c, 0x50, 0x09, 0x00, 0x00, 0x15, 0x37, 0x18, 0x70, 0x14, 0x45, 0x0b, 0x22
    .byte 0x02, 0x20, 0x00, 0x00, 0x15, 0x19, 0x2c, 0xff, 0x7f, 0x00, 0x00, 0x15, 0x1b, 0x2c, 0x01, 0x00
    .byte 0x00, 0x00, 0x15, 0x05, 0x00, 0x2c, 0x01, 0x00, 0x00, 0x00, 0x2c, 0x52, 0x0b, 0x22, 0x02, 0x15
    .byte 0x29, 0x00, 0x2c, 0x50, 0x09, 0x00, 0x00, 0x15, 0x35, 0x15, 0x10, 0x18, 0x70, 0x26, 0x00, 0x69
    .byte 0x15, 0x11, 0x18, 0x70, 0x26, 0x00, 0x6a, 0x20, 0x00, 0x00, 0x2c, 0x55, 0x0d, 0x22, 0x02, 0x15
    .byte 0x39, 0x2c, 0x08, 0x00, 0x00, 0x00, 0x2c, 0x2b, 0x01, 0x00, 0x00, 0x15, 0xe0, 0x20, 0x00, 0x00
    .byte 0x2c, 0x80, 0x95, 0x00, 0x00, 0x15, 0xe0, 0x2c, 0x29, 0x10, 0x00, 0x00, 0x2c, 0x2a, 0x10, 0x00
    .byte 0x00, 0x2c, 0x2b, 0x10, 0x00, 0x00, 0x2c, 0x02, 0x00, 0x00, 0x00, 0x15, 0x1f, 0x18, 0x70, 0x17
    .byte 0x00, 0x15, 0x20, 0x18, 0x70, 0x17, 0x00, 0x15, 0x1e, 0x18, 0x70, 0x05, 0x00, 0x04, 0x00, 0x00
    .byte 0x00, 0x0b, 0x00, 0x08, 0x00, 0x00, 0x00, 0x09, 0x00, 0x02, 0x00, 0x00, 0x00, 0x17, 0x00, 0x15
    .byte 0x73, 0x2c, 0x2d, 0x00, 0x00, 0x00, 0x15, 0x07, 0x15, 0x08, 0x20, 0x00, 0x00, 0x2c, 0x81, 0x95
    .byte 0x00, 0x00, 0x15, 0xe0, 0x15, 0x16, 0x2c, 0x9a, 0x16, 0x00, 0x00, 0x2c, 0x9b, 0x16, 0x00, 0x00
    .byte 0x2c, 0x9c, 0x16, 0x00, 0x00, 0x2c, 0x02, 0x00, 0x00, 0x00, 0x2c, 0x01, 0x00, 0x00, 0x00, 0x15
    .byte 0x73, 0x2c, 0xff, 0x7f, 0x00, 0x00, 0x15, 0x1b, 0x2c, 0x09, 0x00, 0x00, 0x00, 0x2c, 0x2b, 0x01
    .byte 0x00, 0x00, 0x15, 0xe0, 0x03, 0x00, 0x04, 0x00, 0x00, 0x00, 0x31, 0x00, 0x0a, 0x00, 0x00, 0x00
    .byte 0x14, 0x5d, 0x0c, 0x22, 0x02, 0x2c, 0x02, 0x00, 0x00, 0x00, 0x15, 0x01, 0x18, 0x70, 0x28, 0x00
    .byte 0x00, 0x2b, 0x00, 0x00, 0x32, 0x00, 0x00, 0x00, 0x00, 0x00, 0x14, 0x46, 0x0c, 0x22, 0x02, 0x03
    .byte 0x00, 0x04, 0x00, 0x00, 0x00, 0x20, 0x00, 0x00, 0x15, 0x01, 0x18, 0x71, 0x04, 0x10, 0x28, 0x00
    .byte 0x00, 0x25, 0x58, 0x0c, 0x22, 0x02, 0x03, 0x00, 0x04, 0x00, 0x00, 0x00, 0x20, 0x00, 0x00, 0x15
    .byte 0x01, 0x18, 0x71, 0x23, 0x10, 0x28, 0x00, 0x00, 0x25, 0xf9, 0x0c, 0x22, 0x02, 0x2c, 0x05, 0x00
    .byte 0x00, 0x00, 0x15, 0x01, 0x18, 0x70, 0x28, 0x00, 0x00, 0x2b, 0x00, 0x00, 0x32, 0x00, 0x00, 0x00
    .byte 0x00, 0x00, 0x14, 0x85, 0x0c, 0x22, 0x02, 0x03, 0x00, 0x02, 0x00, 0x00, 0x00, 0x28, 0x00, 0x00
    .byte 0x25, 0xe2, 0x0c, 0x22, 0x02, 0x2b, 0x00, 0x00, 0x32, 0x00, 0x01, 0x00, 0x00, 0x00, 0x14, 0xa1
    .byte 0x0c, 0x22, 0x02, 0x03, 0x00, 0x03, 0x00, 0x00, 0x00, 0x28, 0x00, 0x00, 0x25, 0xe2, 0x0c, 0x22
    .byte 0x02, 0x2b, 0x00, 0x00, 0x32, 0x00, 0x02, 0x00, 0x00, 0x00, 0x14, 0xbd, 0x0c, 0x22, 0x02, 0x03
    .byte 0x00, 0x04, 0x00, 0x00, 0x00, 0x28, 0x00, 0x00, 0x25, 0xe2, 0x0c, 0x22, 0x02, 0x2b, 0x00, 0x00
    .byte 0x32, 0x00, 0x03, 0x00, 0x00, 0x00, 0x14, 0xd9, 0x0c, 0x22, 0x02, 0x03, 0x00, 0x05, 0x00, 0x00
    .byte 0x00, 0x28, 0x00, 0x00, 0x25, 0xe2, 0x0c, 0x22, 0x02, 0x03, 0x00, 0x06, 0x00, 0x00, 0x00, 0x28
    .byte 0x00, 0x00, 0x2b, 0x00, 0x00, 0x34, 0x00, 0x00, 0x00, 0x00, 0x00, 0x14, 0xf9, 0x0c, 0x22, 0x02
    .byte 0x03, 0x00, 0x01, 0x00, 0x00, 0x00, 0x28, 0x00, 0x00, 0x2c, 0x03, 0x00, 0x00, 0x00, 0x2f, 0x00
    .byte 0x20, 0x00, 0x00, 0x20, 0x00, 0x00, 0x20, 0x00, 0x00, 0x20, 0x00, 0x00, 0x20, 0x00, 0x00, 0x15
    .byte 0x53, 0x2f, 0x00, 0x15, 0xaa, 0x20, 0x00, 0x00, 0x2c, 0x0f, 0x00, 0x00, 0x00, 0x15, 0xe0, 0x20
    .byte 0x00, 0x00, 0x2c, 0x8b, 0x0d, 0x22, 0x02, 0x15, 0x39, 0x20, 0x00, 0x00, 0x15, 0x42, 0x18, 0x70
    .byte 0x32, 0x00, 0x00, 0x00, 0x00, 0x00, 0x14, 0x40, 0x0d, 0x22, 0x02, 0x01, 0x29, 0x0d, 0x22, 0x02
    .byte 0x20, 0x00, 0x00, 0x15, 0x19, 0x2c, 0x01, 0x00, 0x00, 0x00, 0x20, 0x00, 0x00, 0x15, 0x29, 0x20
    .byte 0x00, 0x00, 0x15, 0xd7, 0x00, 0x20, 0x00, 0x00, 0x15, 0x09, 0x20, 0x00, 0x00, 0x15, 0x18, 0x20
    .byte 0x00, 0x00, 0x15, 0x19, 0x2d, 0x69, 0x2d, 0x6a, 0x20, 0x00, 0x00, 0x2c, 0x1e, 0x00, 0x00, 0x00
    .byte 0x2c, 0x01, 0x00, 0x00, 0x00, 0x20, 0x00, 0x00, 0x15, 0x1a, 0x15, 0x21, 0x2c, 0x01, 0x00, 0x00
    .byte 0x00, 0x15, 0x18, 0x2c, 0x01, 0x00, 0x00, 0x00, 0x15, 0x19, 0x00, 0x2c, 0x01, 0x00, 0x00, 0x00
    .byte 0x15, 0x09, 0x20, 0x00, 0x00, 0x15, 0x75, 0x2c, 0x00, 0x01, 0x00, 0x00, 0x15, 0x17, 0x2c, 0x0f
    .byte 0x10, 0x00, 0x00, 0x2c, 0x01, 0x10, 0x00, 0x00, 0x2c, 0x10, 0x10, 0x00, 0x00, 0x2c, 0x02, 0x00
    .byte 0x00, 0x00, 0x2c, 0x21, 0x00, 0x00, 0x00, 0x15, 0x73, 0x15, 0x16, 0x00, 0x20, 0x00, 0x00, 0x15
    .byte 0x18, 0x2c, 0x51, 0x09, 0x00, 0x00, 0x15, 0x37, 0x18, 0x70, 0x14, 0xe3, 0x0d, 0x22, 0x02, 0x20
    .byte 0x00, 0x00, 0x15, 0x19, 0x2c, 0xff, 0x7f, 0x00, 0x00, 0x15, 0x1b, 0x2c, 0x01, 0x00, 0x00, 0x00
    .byte 0x15, 0x05, 0x00, 0x2c, 0x01, 0x00, 0x00, 0x00, 0x2c, 0xf0, 0x0d, 0x22, 0x02, 0x15, 0x29, 0x00
    .byte 0x2c, 0x51, 0x09, 0x00, 0x00, 0x15, 0x35, 0x15, 0x10, 0x18, 0x70, 0x26, 0x00, 0x69, 0x15, 0x11
    .byte 0x18, 0x70, 0x26, 0x00, 0x6a, 0x20, 0x00, 0x00, 0x2c, 0xf3, 0x0f, 0x22, 0x02, 0x15, 0x39, 0x2c
    .byte 0x08, 0x00, 0x00, 0x00, 0x2c, 0x2b, 0x01, 0x00, 0x00, 0x15, 0xe0, 0x20, 0x00, 0x00, 0x2c, 0x80
    .byte 0x95, 0x00, 0x00, 0x15, 0xe0, 0x2c, 0x29, 0x10, 0x00, 0x00, 0x2c, 0x2a, 0x10, 0x00, 0x00, 0x2c
    .byte 0x2b, 0x10, 0x00, 0x00, 0x2c, 0x02, 0x00, 0x00, 0x00, 0x15, 0x1f, 0x18, 0x70, 0x17, 0x00, 0x15
    .byte 0x20, 0x18, 0x70, 0x17, 0x00, 0x15, 0x1e, 0x18, 0x70, 0x05, 0x00, 0x04, 0x00, 0x00, 0x00, 0x0b
    .byte 0x00, 0x08, 0x00, 0x00, 0x00, 0x09, 0x00, 0x02, 0x00, 0x00, 0x00, 0x17, 0x00, 0x15, 0x73, 0x2c
    .byte 0x2d, 0x00, 0x00, 0x00, 0x15, 0x07, 0x15, 0x08, 0x20, 0x00, 0x00, 0x2c, 0x81, 0x95, 0x00, 0x00
    .byte 0x15, 0xe0, 0x15, 0x16, 0x2c, 0x9a, 0x16, 0x00, 0x00, 0x2c, 0x9b, 0x16, 0x00, 0x00, 0x2c, 0x9c
    .byte 0x16, 0x00, 0x00, 0x2c, 0x02, 0x00, 0x00, 0x00, 0x2c, 0x01, 0x00, 0x00, 0x00, 0x15, 0x73, 0x2c
    .byte 0xff, 0x7f, 0x00, 0x00, 0x15, 0x1b, 0x2c, 0x09, 0x00, 0x00, 0x00, 0x2c, 0x2b, 0x01, 0x00, 0x00
    .byte 0x15, 0xe0, 0x03, 0x00, 0x04, 0x00, 0x00, 0x00, 0x31, 0x00, 0x0a, 0x00, 0x00, 0x00, 0x14, 0xfb
    .byte 0x0e, 0x22, 0x02, 0x2c, 0x02, 0x00, 0x00, 0x00, 0x15, 0x01, 0x18, 0x70, 0x28, 0x00, 0x00, 0x2b
    .byte 0x00, 0x00, 0x32, 0x00, 0x00, 0x00, 0x00, 0x00, 0x14, 0xe4, 0x0e, 0x22, 0x02, 0x03, 0x00, 0x04
    .byte 0x00, 0x00, 0x00, 0x20, 0x00, 0x00, 0x15, 0x01, 0x18, 0x71, 0x04, 0x10, 0x28, 0x00, 0x00, 0x25
    .byte 0xf6, 0x0e, 0x22, 0x02, 0x03, 0x00, 0x04, 0x00, 0x00, 0x00, 0x20, 0x00, 0x00, 0x15, 0x01, 0x18
    .byte 0x71, 0x23, 0x10, 0x28, 0x00, 0x00, 0x25, 0x97, 0x0f, 0x22, 0x02, 0x2c, 0x05, 0x00, 0x00, 0x00
    .byte 0x15, 0x01, 0x18, 0x70, 0x28, 0x00, 0x00, 0x2b, 0x00, 0x00, 0x32, 0x00, 0x00, 0x00, 0x00, 0x00
    .byte 0x14, 0x23, 0x0f, 0x22, 0x02, 0x03, 0x00, 0x02, 0x00, 0x00, 0x00, 0x28, 0x00, 0x00, 0x25, 0x80
    .byte 0x0f, 0x22, 0x02, 0x2b, 0x00, 0x00, 0x32, 0x00, 0x01, 0x00, 0x00, 0x00, 0x14, 0x3f, 0x0f, 0x22
    .byte 0x02, 0x03, 0x00, 0x03, 0x00, 0x00, 0x00, 0x28, 0x00, 0x00, 0x25, 0x80, 0x0f, 0x22, 0x02, 0x2b
    .byte 0x00, 0x00, 0x32, 0x00, 0x02, 0x00, 0x00, 0x00, 0x14, 0x5b, 0x0f, 0x22, 0x02, 0x03, 0x00, 0x04
    .byte 0x00, 0x00, 0x00, 0x28, 0x00, 0x00, 0x25, 0x80, 0x0f, 0x22, 0x02, 0x2b, 0x00, 0x00, 0x32, 0x00
    .byte 0x03, 0x00, 0x00, 0x00, 0x14, 0x77, 0x0f, 0x22, 0x02, 0x03, 0x00, 0x05, 0x00, 0x00, 0x00, 0x28
    .byte 0x00, 0x00, 0x25, 0x80, 0x0f, 0x22, 0x02, 0x03, 0x00, 0x06, 0x00, 0x00, 0x00, 0x28, 0x00, 0x00
    .byte 0x2b, 0x00, 0x00, 0x34, 0x00, 0x00, 0x00, 0x00, 0x00, 0x14, 0x97, 0x0f, 0x22, 0x02, 0x03, 0x00
    .byte 0x01, 0x00, 0x00, 0x00, 0x28, 0x00, 0x00, 0x2c, 0x03, 0x00, 0x00, 0x00, 0x2f, 0x00, 0x20, 0x00
    .byte 0x00, 0x20, 0x00, 0x00, 0x20, 0x00, 0x00, 0x20, 0x00, 0x00, 0x20, 0x00, 0x00, 0x15, 0x53, 0x2f
    .byte 0x00, 0x15, 0xaa, 0x20, 0x00, 0x00, 0x2c, 0x0f, 0x00, 0x00, 0x00, 0x15, 0xe0, 0x20, 0x00, 0x00
    .byte 0x2c, 0x29, 0x10, 0x22, 0x02, 0x15, 0x39, 0x20, 0x00, 0x00, 0x15, 0x42, 0x18, 0x70, 0x32, 0x00
    .byte 0x00, 0x00, 0x00, 0x00, 0x14, 0xde, 0x0f, 0x22, 0x02, 0x01, 0xc7, 0x0f, 0x22, 0x02, 0x20, 0x00
    .byte 0x00, 0x15, 0x19, 0x2c, 0x01, 0x00, 0x00, 0x00, 0x20, 0x00, 0x00, 0x15, 0x29, 0x20, 0x00, 0x00
    .byte 0x15, 0xd7, 0x00, 0x20, 0x00, 0x00, 0x15, 0x09, 0x20, 0x00, 0x00, 0x15, 0x18, 0x20, 0x00, 0x00
    .byte 0x15, 0x19, 0x2d, 0x69, 0x2d, 0x6a, 0x20, 0x00, 0x00, 0x2c, 0x1e, 0x00, 0x00, 0x00, 0x2c, 0x01
    .byte 0x00, 0x00, 0x00, 0x20, 0x00, 0x00, 0x15, 0x1a, 0x15, 0x21, 0x2c, 0x01, 0x00, 0x00, 0x00, 0x15
    .byte 0x18, 0x2c, 0x01, 0x00, 0x00, 0x00, 0x15, 0x19, 0x00, 0x2c, 0x01, 0x00, 0x00, 0x00, 0x15, 0x09
    .byte 0x20, 0x00, 0x00, 0x15, 0x75, 0x2c, 0x00, 0x01, 0x00, 0x00, 0x15, 0x17, 0x2c, 0x0f, 0x10, 0x00
    .byte 0x00, 0x2c, 0x01, 0x10, 0x00, 0x00, 0x2c, 0x10, 0x10, 0x00, 0x00, 0x2c, 0x02, 0x00, 0x00, 0x00
    .byte 0x2c, 0x21, 0x00, 0x00, 0x00, 0x15, 0x73, 0x15, 0x16, 0x00, 0x20, 0x00, 0x00, 0x15, 0x18, 0x2c
    .byte 0x52, 0x09, 0x00, 0x00, 0x15, 0x37, 0x18, 0x70, 0x14, 0x81, 0x10, 0x22, 0x02, 0x20, 0x00, 0x00
    .byte 0x15, 0x19, 0x2c, 0xff, 0x7f, 0x00, 0x00, 0x15, 0x1b, 0x2c, 0x01, 0x00, 0x00, 0x00, 0x15, 0x05
    .byte 0x00, 0x2c, 0x01, 0x00, 0x00, 0x00, 0x2c, 0x8e, 0x10, 0x22, 0x02, 0x15, 0x29, 0x00, 0x2c, 0x52
    .byte 0x09, 0x00, 0x00, 0x15, 0x35, 0x15, 0x10, 0x18, 0x70, 0x26, 0x00, 0x69, 0x15, 0x11, 0x18, 0x70
    .byte 0x26, 0x00, 0x6a, 0x20, 0x00, 0x00, 0x2c, 0x91, 0x12, 0x22, 0x02, 0x15, 0x39, 0x2c, 0x08, 0x00
    .byte 0x00, 0x00, 0x2c, 0x2b, 0x01, 0x00, 0x00, 0x15, 0xe0, 0x20, 0x00, 0x00, 0x2c, 0x80, 0x95, 0x00
    .byte 0x00, 0x15, 0xe0, 0x2c, 0x29, 0x10, 0x00, 0x00, 0x2c, 0x2a, 0x10, 0x00, 0x00, 0x2c, 0x2b, 0x10
    .byte 0x00, 0x00, 0x2c, 0x02, 0x00, 0x00, 0x00, 0x15, 0x1f, 0x18, 0x70, 0x17, 0x00, 0x15, 0x20, 0x18
    .byte 0x70, 0x17, 0x00, 0x15, 0x1e, 0x18, 0x70, 0x05, 0x00, 0x04, 0x00, 0x00, 0x00, 0x0b, 0x00, 0x08
    .byte 0x00, 0x00, 0x00, 0x09, 0x00, 0x02, 0x00, 0x00, 0x00, 0x17, 0x00, 0x15, 0x73, 0x2c, 0x2d, 0x00
    .byte 0x00, 0x00, 0x15, 0x07, 0x15, 0x08, 0x20, 0x00, 0x00, 0x2c, 0x81, 0x95, 0x00, 0x00, 0x15, 0xe0
    .byte 0x15, 0x16, 0x2c, 0x9a, 0x16, 0x00, 0x00, 0x2c, 0x9b, 0x16, 0x00, 0x00, 0x2c, 0x9c, 0x16, 0x00
    .byte 0x00, 0x2c, 0x02, 0x00, 0x00, 0x00, 0x2c, 0x01, 0x00, 0x00, 0x00, 0x15, 0x73, 0x2c, 0xff, 0x7f
    .byte 0x00, 0x00, 0x15, 0x1b, 0x2c, 0x09, 0x00, 0x00, 0x00, 0x2c, 0x2b, 0x01, 0x00, 0x00, 0x15, 0xe0
    .byte 0x03, 0x00, 0x04, 0x00, 0x00, 0x00, 0x31, 0x00, 0x0a, 0x00, 0x00, 0x00, 0x14, 0x99, 0x11, 0x22
    .byte 0x02, 0x2c, 0x02, 0x00, 0x00, 0x00, 0x15, 0x01, 0x18, 0x70, 0x28, 0x00, 0x00, 0x2b, 0x00, 0x00
    .byte 0x32, 0x00, 0x00, 0x00, 0x00, 0x00, 0x14, 0x82, 0x11, 0x22, 0x02, 0x03, 0x00, 0x04, 0x00, 0x00
    .byte 0x00, 0x20, 0x00, 0x00, 0x15, 0x01, 0x18, 0x71, 0x04, 0x10, 0x28, 0x00, 0x00, 0x25, 0x94, 0x11
    .byte 0x22, 0x02, 0x03, 0x00, 0x04, 0x00, 0x00, 0x00, 0x20, 0x00, 0x00, 0x15, 0x01, 0x18, 0x71, 0x23
    .byte 0x10, 0x28, 0x00, 0x00, 0x25, 0x35, 0x12, 0x22, 0x02, 0x2c, 0x05, 0x00, 0x00, 0x00, 0x15, 0x01
    .byte 0x18, 0x70, 0x28, 0x00, 0x00, 0x2b, 0x00, 0x00, 0x32, 0x00, 0x00, 0x00, 0x00, 0x00, 0x14, 0xc1
    .byte 0x11, 0x22, 0x02, 0x03, 0x00, 0x02, 0x00, 0x00, 0x00, 0x28, 0x00, 0x00, 0x25, 0x1e, 0x12, 0x22
    .byte 0x02, 0x2b, 0x00, 0x00, 0x32, 0x00, 0x01, 0x00, 0x00, 0x00, 0x14, 0xdd, 0x11, 0x22, 0x02, 0x03
    .byte 0x00, 0x03, 0x00, 0x00, 0x00, 0x28, 0x00, 0x00, 0x25, 0x1e, 0x12, 0x22, 0x02, 0x2b, 0x00, 0x00
    .byte 0x32, 0x00, 0x02, 0x00, 0x00, 0x00, 0x14, 0xf9, 0x11, 0x22, 0x02, 0x03, 0x00, 0x04, 0x00, 0x00
    .byte 0x00, 0x28, 0x00, 0x00, 0x25, 0x1e, 0x12, 0x22, 0x02, 0x2b, 0x00, 0x00, 0x32, 0x00, 0x03, 0x00
    .byte 0x00, 0x00, 0x14, 0x15, 0x12, 0x22, 0x02, 0x03, 0x00, 0x05, 0x00, 0x00, 0x00, 0x28, 0x00, 0x00
    .byte 0x25, 0x1e, 0x12, 0x22, 0x02, 0x03, 0x00, 0x06, 0x00, 0x00, 0x00, 0x28, 0x00, 0x00, 0x2b, 0x00
    .byte 0x00, 0x34, 0x00, 0x00, 0x00, 0x00, 0x00, 0x14, 0x35, 0x12, 0x22, 0x02, 0x03, 0x00, 0x01, 0x00
    .byte 0x00, 0x00, 0x28, 0x00, 0x00, 0x2c, 0x03, 0x00, 0x00, 0x00, 0x2f, 0x00, 0x20, 0x00, 0x00, 0x20
    .byte 0x00, 0x00, 0x20, 0x00, 0x00, 0x20, 0x00, 0x00, 0x20, 0x00, 0x00, 0x15, 0x53, 0x2f, 0x00, 0x15
    .byte 0xaa, 0x20, 0x00, 0x00, 0x2c, 0x0f, 0x00, 0x00, 0x00, 0x15, 0xe0, 0x20, 0x00, 0x00, 0x2c, 0xc7
    .byte 0x12, 0x22, 0x02, 0x15, 0x39, 0x20, 0x00, 0x00, 0x15, 0x42, 0x18, 0x70, 0x32, 0x00, 0x00, 0x00
    .byte 0x00, 0x00, 0x14, 0x7c, 0x12, 0x22, 0x02, 0x01, 0x65, 0x12, 0x22, 0x02, 0x20, 0x00, 0x00, 0x15
    .byte 0x19, 0x2c, 0x01, 0x00, 0x00, 0x00, 0x20, 0x00, 0x00, 0x15, 0x29, 0x20, 0x00, 0x00, 0x15, 0xd7
    .byte 0x00, 0x20, 0x00, 0x00, 0x15, 0x09, 0x20, 0x00, 0x00, 0x15, 0x18, 0x20, 0x00, 0x00, 0x15, 0x19
    .byte 0x2d, 0x69, 0x2d, 0x6a, 0x20, 0x00, 0x00, 0x2c, 0x1e, 0x00, 0x00, 0x00, 0x2c, 0x01, 0x00, 0x00
    .byte 0x00, 0x20, 0x00, 0x00, 0x15, 0x1a, 0x15, 0x21, 0x2c, 0x01, 0x00, 0x00, 0x00, 0x15, 0x18, 0x2c
    .byte 0x01, 0x00, 0x00, 0x00, 0x15, 0x19, 0x00, 0x2c, 0x01, 0x00, 0x00, 0x00, 0x15, 0x09, 0x20, 0x00
    .byte 0x00, 0x15, 0x75, 0x2c, 0x00, 0x01, 0x00, 0x00, 0x15, 0x17, 0x2c, 0x0f, 0x10, 0x00, 0x00, 0x2c
    .byte 0x01, 0x10, 0x00, 0x00, 0x2c, 0x10, 0x10, 0x00, 0x00, 0x2c, 0x02, 0x00, 0x00, 0x00, 0x2c, 0x21
    .byte 0x00, 0x00, 0x00, 0x15, 0x73, 0x15, 0x16, 0x00, 0x20, 0x00, 0x00, 0x15, 0x18, 0x2c, 0x53, 0x09
    .byte 0x00, 0x00, 0x15, 0x37, 0x18, 0x70, 0x14, 0x1f, 0x13, 0x22, 0x02, 0x20, 0x00, 0x00, 0x15, 0x19
    .byte 0x2c, 0xff, 0x7f, 0x00, 0x00, 0x15, 0x1b, 0x2c, 0x01, 0x00, 0x00, 0x00, 0x15, 0x05, 0x00, 0x2c
    .byte 0x01, 0x00, 0x00, 0x00, 0x2c, 0x2c, 0x13, 0x22, 0x02, 0x15, 0x29, 0x00, 0x2c, 0x53, 0x09, 0x00
    .byte 0x00, 0x15, 0x35, 0x15, 0x10, 0x18, 0x70, 0x26, 0x00, 0x69, 0x15, 0x11, 0x18, 0x70, 0x26, 0x00
    .byte 0x6a, 0x20, 0x00, 0x00, 0x2c, 0x2f, 0x15, 0x22, 0x02, 0x15, 0x39, 0x2c, 0x08, 0x00, 0x00, 0x00
    .byte 0x2c, 0x2b, 0x01, 0x00, 0x00, 0x15, 0xe0, 0x20, 0x00, 0x00, 0x2c, 0x80, 0x95, 0x00, 0x00, 0x15
    .byte 0xe0, 0x2c, 0x29, 0x10, 0x00, 0x00, 0x2c, 0x2a, 0x10, 0x00, 0x00, 0x2c, 0x2b, 0x10, 0x00, 0x00
    .byte 0x2c, 0x02, 0x00, 0x00, 0x00, 0x15, 0x1f, 0x18, 0x70, 0x17, 0x00, 0x15, 0x20, 0x18, 0x70, 0x17
    .byte 0x00, 0x15, 0x1e, 0x18, 0x70, 0x05, 0x00, 0x04, 0x00, 0x00, 0x00, 0x0b, 0x00, 0x08, 0x00, 0x00
    .byte 0x00, 0x09, 0x00, 0x02, 0x00, 0x00, 0x00, 0x17, 0x00, 0x15, 0x73, 0x2c, 0x2d, 0x00, 0x00, 0x00
    .byte 0x15, 0x07, 0x15, 0x08, 0x20, 0x00, 0x00, 0x2c, 0x81, 0x95, 0x00, 0x00, 0x15, 0xe0, 0x15, 0x16
    .byte 0x2c, 0x9a, 0x16, 0x00, 0x00, 0x2c, 0x9b, 0x16, 0x00, 0x00, 0x2c, 0x9c, 0x16, 0x00, 0x00, 0x2c
    .byte 0x02, 0x00, 0x00, 0x00, 0x2c, 0x01, 0x00, 0x00, 0x00, 0x15, 0x73, 0x2c, 0xff, 0x7f, 0x00, 0x00
    .byte 0x15, 0x1b, 0x2c, 0x09, 0x00, 0x00, 0x00, 0x2c, 0x2b, 0x01, 0x00, 0x00, 0x15, 0xe0, 0x03, 0x00
    .byte 0x04, 0x00, 0x00, 0x00, 0x31, 0x00, 0x0a, 0x00, 0x00, 0x00, 0x14, 0x37, 0x14, 0x22, 0x02, 0x2c
    .byte 0x02, 0x00, 0x00, 0x00, 0x15, 0x01, 0x18, 0x70, 0x28, 0x00, 0x00, 0x2b, 0x00, 0x00, 0x32, 0x00
    .byte 0x00, 0x00, 0x00, 0x00, 0x14, 0x20, 0x14, 0x22, 0x02, 0x03, 0x00, 0x04, 0x00, 0x00, 0x00, 0x20
    .byte 0x00, 0x00, 0x15, 0x01, 0x18, 0x71, 0x04, 0x10, 0x28, 0x00, 0x00, 0x25, 0x32, 0x14, 0x22, 0x02
    .byte 0x03, 0x00, 0x04, 0x00, 0x00, 0x00, 0x20, 0x00, 0x00, 0x15, 0x01, 0x18, 0x71, 0x23, 0x10, 0x28
    .byte 0x00, 0x00, 0x25, 0xd3, 0x14, 0x22, 0x02, 0x2c, 0x05, 0x00, 0x00, 0x00, 0x15, 0x01, 0x18, 0x70
    .byte 0x28, 0x00, 0x00, 0x2b, 0x00, 0x00, 0x32, 0x00, 0x00, 0x00, 0x00, 0x00, 0x14, 0x5f, 0x14, 0x22
    .byte 0x02, 0x03, 0x00, 0x02, 0x00, 0x00, 0x00, 0x28, 0x00, 0x00, 0x25, 0xbc, 0x14, 0x22, 0x02, 0x2b
    .byte 0x00, 0x00, 0x32, 0x00, 0x01, 0x00, 0x00, 0x00, 0x14, 0x7b, 0x14, 0x22, 0x02, 0x03, 0x00, 0x03
    .byte 0x00, 0x00, 0x00, 0x28, 0x00, 0x00, 0x25, 0xbc, 0x14, 0x22, 0x02, 0x2b, 0x00, 0x00, 0x32, 0x00
    .byte 0x02, 0x00, 0x00, 0x00, 0x14, 0x97, 0x14, 0x22, 0x02, 0x03, 0x00, 0x04, 0x00, 0x00, 0x00, 0x28
    .byte 0x00, 0x00, 0x25, 0xbc, 0x14, 0x22, 0x02, 0x2b, 0x00, 0x00, 0x32, 0x00, 0x03, 0x00, 0x00, 0x00
    .byte 0x14, 0xb3, 0x14, 0x22, 0x02, 0x03, 0x00, 0x05, 0x00, 0x00, 0x00, 0x28, 0x00, 0x00, 0x25, 0xbc
    .byte 0x14, 0x22, 0x02, 0x03, 0x00, 0x06, 0x00, 0x00, 0x00, 0x28, 0x00, 0x00, 0x2b, 0x00, 0x00, 0x34
    .byte 0x00, 0x00, 0x00, 0x00, 0x00, 0x14, 0xd3, 0x14, 0x22, 0x02, 0x03, 0x00, 0x01, 0x00, 0x00, 0x00
    .byte 0x28, 0x00, 0x00, 0x2c, 0x03, 0x00, 0x00, 0x00, 0x2f, 0x00, 0x20, 0x00, 0x00, 0x20, 0x00, 0x00
    .byte 0x20, 0x00, 0x00, 0x20, 0x00, 0x00, 0x20, 0x00, 0x00, 0x15, 0x53, 0x2f, 0x00, 0x15, 0xaa, 0x20
    .byte 0x00, 0x00, 0x2c, 0x0f, 0x00, 0x00, 0x00, 0x15, 0xe0, 0x20, 0x00, 0x00, 0x2c, 0x65, 0x15, 0x22
    .byte 0x02, 0x15, 0x39, 0x20, 0x00, 0x00, 0x15, 0x42, 0x18, 0x70, 0x32, 0x00, 0x00, 0x00, 0x00, 0x00
    .byte 0x14, 0x1a, 0x15, 0x22, 0x02, 0x01, 0x03, 0x15, 0x22, 0x02, 0x20, 0x00, 0x00, 0x15, 0x19, 0x2c
    .byte 0x01, 0x00, 0x00, 0x00, 0x20, 0x00, 0x00, 0x15, 0x29, 0x20, 0x00, 0x00, 0x15, 0xd7, 0x00, 0x20
    .byte 0x00, 0x00, 0x15, 0x09, 0x20, 0x00, 0x00, 0x15, 0x18, 0x20, 0x00, 0x00, 0x15, 0x19, 0x2d, 0x69
    .byte 0x2d, 0x6a, 0x20, 0x00, 0x00, 0x2c, 0x1e, 0x00, 0x00, 0x00, 0x2c, 0x01, 0x00, 0x00, 0x00, 0x20
    .byte 0x00, 0x00, 0x15, 0x1a, 0x15, 0x21, 0x2c, 0x01, 0x00, 0x00, 0x00, 0x15, 0x18, 0x2c, 0x01, 0x00
    .byte 0x00, 0x00, 0x15, 0x19, 0x00, 0x2c, 0x01, 0x00, 0x00, 0x00, 0x15, 0x09, 0x20, 0x00, 0x00, 0x15
    .byte 0x75, 0x2c, 0x00, 0x01, 0x00, 0x00, 0x15, 0x17, 0x2c, 0x0f, 0x10, 0x00, 0x00, 0x2c, 0x01, 0x10
    .byte 0x00, 0x00, 0x2c, 0x10, 0x10, 0x00, 0x00, 0x2c, 0x02, 0x00, 0x00, 0x00, 0x2c, 0x21, 0x00, 0x00
    .byte 0x00, 0x15, 0x73, 0x15, 0x16, 0x00, 0x20, 0x00, 0x00, 0x2c, 0x02, 0x00, 0x00, 0x00, 0x15, 0x38
    .byte 0x2c, 0x80, 0x00, 0x00, 0x00, 0x2c, 0x10, 0x03, 0x00, 0x00, 0x20, 0x00, 0x00, 0x15, 0x02, 0x2c
    .byte 0x0c, 0x00, 0x00, 0x00, 0x15, 0x05, 0x2c, 0x01, 0x00, 0x00, 0x00, 0x15, 0x06, 0x00, 0x2c, 0x01
    .byte 0x00, 0x00, 0x00, 0x15, 0x2b, 0x2c, 0x80, 0x00, 0x00, 0x00, 0x2c, 0x00, 0x03, 0x00, 0x00, 0x20
    .byte 0x00, 0x00, 0x2c, 0x00, 0x18, 0x00, 0x00, 0x2c, 0x05, 0x00, 0x00, 0x00, 0x20, 0x00, 0x00, 0x15
    .byte 0x1a, 0x15, 0x21, 0x2c, 0x01, 0x00, 0x00, 0x00, 0x2c, 0xff, 0xff, 0xff, 0xff, 0x2c, 0xff, 0xff
    .byte 0xff, 0xff, 0x15, 0xdd, 0x18, 0x70, 0x32, 0x00, 0x2c, 0x01, 0x00, 0x00, 0x14, 0x10, 0x16, 0x22
    .byte 0x02, 0x20, 0x00, 0x00, 0x2c, 0x04, 0x36, 0x00, 0x00, 0x15, 0xe0, 0x25, 0x1e, 0x16, 0x22, 0x02
    .byte 0x2c, 0x0c, 0x00, 0x00, 0x00, 0x15, 0x05, 0x2c, 0x01, 0x00, 0x00, 0x00, 0x15, 0x06, 0x2c, 0x3c
    .byte 0x00, 0x00, 0x00, 0x15, 0x07, 0x15, 0x08, 0x2c, 0x01, 0x00, 0x00, 0x00, 0x2c, 0xff, 0xff, 0xff
    .byte 0xff, 0x2c, 0xff, 0xff, 0xff, 0xff, 0x15, 0xdd, 0x18, 0x70, 0x32, 0x00, 0x2c, 0x01, 0x00, 0x00
    .byte 0x14, 0x4c, 0x16, 0x22, 0x02, 0x15, 0x46, 0x25, 0x53, 0x16, 0x22, 0x02, 0x2c, 0x0c, 0x00, 0x00
    .byte 0x00, 0x15, 0x45, 0x03, 0x00, 0xd8, 0xff, 0xff, 0xff, 0x26, 0x00, 0xe1, 0x2c, 0x01, 0x00, 0x00
    .byte 0x00, 0x2c, 0xff, 0xff, 0xff, 0xff, 0x2c, 0xff, 0xff, 0xff, 0xff, 0x15, 0xdd, 0x18, 0x70, 0x32
    .byte 0x00, 0x64, 0x00, 0x00, 0x00, 0x14, 0xb1, 0x16, 0x22, 0x02, 0x15, 0x8b, 0x18, 0x70, 0x32, 0x00
    .byte 0x00, 0x00, 0x00, 0x00, 0x13, 0x8e, 0x16, 0x22, 0x02, 0x01, 0x7a, 0x16, 0x22, 0x02, 0x2c, 0x4d
    .byte 0x01, 0x00, 0x00, 0x2c, 0x01, 0x00, 0x00, 0x00, 0x20, 0x00, 0x00, 0x20, 0x00, 0x00, 0x20, 0x00
    .byte 0x00, 0x15, 0xe7, 0x2c, 0x01, 0x00, 0x00, 0x00, 0x15, 0x07, 0x15, 0x08, 0x25, 0x53, 0x1a, 0x22
    .byte 0x02, 0x2c, 0x01, 0x00, 0x00, 0x00, 0x2c, 0xff, 0xff, 0xff, 0xff, 0x2c, 0xff, 0xff, 0xff, 0xff
    .byte 0x15, 0xdd, 0x18, 0x70, 0x32, 0x00, 0x65, 0x00, 0x00, 0x00, 0x14, 0x06, 0x17, 0x22, 0x02, 0x15
    .byte 0x8b, 0x18, 0x70, 0x32, 0x00, 0x00, 0x00, 0x00, 0x00, 0x13, 0xe3, 0x16, 0x22, 0x02, 0x01, 0xcf
    .byte 0x16, 0x22, 0x02, 0x2c, 0x4f, 0x01, 0x00, 0x00, 0x2c, 0x01, 0x00, 0x00, 0x00, 0x20, 0x00, 0x00
    .byte 0x20, 0x00, 0x00, 0x20, 0x00, 0x00, 0x15, 0xe7, 0x2c, 0x01, 0x00, 0x00, 0x00, 0x15, 0x07, 0x15
    .byte 0x08, 0x25, 0x53, 0x1a, 0x22, 0x02, 0x2c, 0x01, 0x00, 0x00, 0x00, 0x2c, 0xff, 0xff, 0xff, 0xff
    .byte 0x2c, 0xff, 0xff, 0xff, 0xff, 0x15, 0xdd, 0x18, 0x70, 0x32, 0x00, 0x66, 0x00, 0x00, 0x00, 0x14
    .byte 0x5b, 0x17, 0x22, 0x02, 0x15, 0x8b, 0x18, 0x70, 0x32, 0x00, 0x00, 0x00, 0x00, 0x00, 0x13, 0x38
    .byte 0x17, 0x22, 0x02, 0x01, 0x24, 0x17, 0x22, 0x02, 0x2c, 0x51, 0x01, 0x00, 0x00, 0x2c, 0x01, 0x00
    .byte 0x00, 0x00, 0x20, 0x00, 0x00, 0x20, 0x00, 0x00, 0x20, 0x00, 0x00, 0x15, 0xe7, 0x2c, 0x01, 0x00
    .byte 0x00, 0x00, 0x15, 0x07, 0x15, 0x08, 0x25, 0x53, 0x1a, 0x22, 0x02, 0x2c, 0x01, 0x00, 0x00, 0x00
    .byte 0x2c, 0xff, 0xff, 0xff, 0xff, 0x2c, 0xff, 0xff, 0xff, 0xff, 0x15, 0xdd, 0x18, 0x70, 0x32, 0x00
    .byte 0xc8, 0x00, 0x00, 0x00, 0x14, 0xb0, 0x17, 0x22, 0x02, 0x15, 0x8b, 0x18, 0x70, 0x32, 0x00, 0x00
    .byte 0x00, 0x00, 0x00, 0x13, 0x8d, 0x17, 0x22, 0x02, 0x01, 0x79, 0x17, 0x22, 0x02, 0x2c, 0x53, 0x01
    .byte 0x00, 0x00, 0x2c, 0x01, 0x00, 0x00, 0x00, 0x20, 0x00, 0x00, 0x20, 0x00, 0x00, 0x20, 0x00, 0x00
    .byte 0x15, 0xe7, 0x2c, 0x01, 0x00, 0x00, 0x00, 0x15, 0x07, 0x15, 0x08, 0x25, 0x53, 0x1a, 0x22, 0x02
    .byte 0x2c, 0x01, 0x00, 0x00, 0x00, 0x2c, 0xff, 0xff, 0xff, 0xff, 0x2c, 0xff, 0xff, 0xff, 0xff, 0x15
    .byte 0xdd, 0x18, 0x70, 0x32, 0x00, 0xc9, 0x00, 0x00, 0x00, 0x14, 0x05, 0x18, 0x22, 0x02, 0x15, 0x8b
    .byte 0x18, 0x70, 0x32, 0x00, 0x00, 0x00, 0x00, 0x00, 0x13, 0xe2, 0x17, 0x22, 0x02, 0x01, 0xce, 0x17
    .byte 0x22, 0x02, 0x2c, 0x55, 0x01, 0x00, 0x00, 0x2c, 0x01, 0x00, 0x00, 0x00, 0x20, 0x00, 0x00, 0x20
    .byte 0x00, 0x00, 0x20, 0x00, 0x00, 0x15, 0xe7, 0x2c, 0x01, 0x00, 0x00, 0x00, 0x15, 0x07, 0x15, 0x08
    .byte 0x25, 0x53, 0x1a, 0x22, 0x02, 0x2c, 0x01, 0x00, 0x00, 0x00, 0x2c, 0xff, 0xff, 0xff, 0xff, 0x2c
    .byte 0xff, 0xff, 0xff, 0xff, 0x15, 0xdd, 0x18, 0x70, 0x32, 0x00, 0xca, 0x00, 0x00, 0x00, 0x14, 0x5a
    .byte 0x18, 0x22, 0x02, 0x15, 0x8b, 0x18, 0x70, 0x32, 0x00, 0x00, 0x00, 0x00, 0x00, 0x13, 0x37, 0x18
    .byte 0x22, 0x02, 0x01, 0x23, 0x18, 0x22, 0x02, 0x2c, 0x57, 0x01, 0x00, 0x00, 0x2c, 0x01, 0x00, 0x00
    .byte 0x00, 0x20, 0x00, 0x00, 0x20, 0x00, 0x00, 0x20, 0x00, 0x00, 0x15, 0xe7, 0x2c, 0x01, 0x00, 0x00
    .byte 0x00, 0x15, 0x07, 0x15, 0x08, 0x25, 0x53, 0x1a, 0x22, 0x02, 0x2c, 0x01, 0x00, 0x00, 0x00, 0x2c
    .byte 0xff, 0xff, 0xff, 0xff, 0x2c, 0xff, 0xff, 0xff, 0xff, 0x15, 0xdd, 0x18, 0x70, 0x32, 0x00, 0x2c
    .byte 0x01, 0x00, 0x00, 0x14, 0xaf, 0x18, 0x22, 0x02, 0x15, 0x8b, 0x18, 0x70, 0x32, 0x00, 0x00, 0x00
    .byte 0x00, 0x00, 0x13, 0x8c, 0x18, 0x22, 0x02, 0x01, 0x78, 0x18, 0x22, 0x02, 0x2c, 0x59, 0x01, 0x00
    .byte 0x00, 0x2c, 0x01, 0x00, 0x00, 0x00, 0x20, 0x00, 0x00, 0x20, 0x00, 0x00, 0x20, 0x00, 0x00, 0x15
    .byte 0xe7, 0x2c, 0x01, 0x00, 0x00, 0x00, 0x15, 0x07, 0x15, 0x08, 0x25, 0x53, 0x1a, 0x22, 0x02, 0x2c
    .byte 0x01, 0x00, 0x00, 0x00, 0x2c, 0xff, 0xff, 0xff, 0xff, 0x2c, 0xff, 0xff, 0xff, 0xff, 0x15, 0xdd
    .byte 0x18, 0x70, 0x32, 0x00, 0x2d, 0x01, 0x00, 0x00, 0x14, 0x04, 0x19, 0x22, 0x02, 0x15, 0x8b, 0x18
    .byte 0x70, 0x32, 0x00, 0x00, 0x00, 0x00, 0x00, 0x13, 0xe1, 0x18, 0x22, 0x02, 0x01, 0xcd, 0x18, 0x22
    .byte 0x02, 0x2c, 0x5b, 0x01, 0x00, 0x00, 0x2c, 0x01, 0x00, 0x00, 0x00, 0x20, 0x00, 0x00, 0x20, 0x00
    .byte 0x00, 0x20, 0x00, 0x00, 0x15, 0xe7, 0x2c, 0x01, 0x00, 0x00, 0x00, 0x15, 0x07, 0x15, 0x08, 0x25
    .byte 0x53, 0x1a, 0x22, 0x02, 0x2c, 0x01, 0x00, 0x00, 0x00, 0x2c, 0xff, 0xff, 0xff, 0xff, 0x2c, 0xff
    .byte 0xff, 0xff, 0xff, 0x15, 0xdd, 0x18, 0x70, 0x32, 0x00, 0x2e, 0x01, 0x00, 0x00, 0x14, 0x59, 0x19
    .byte 0x22, 0x02, 0x15, 0x8b, 0x18, 0x70, 0x32, 0x00, 0x00, 0x00, 0x00, 0x00, 0x13, 0x36, 0x19, 0x22
    .byte 0x02, 0x01, 0x22, 0x19, 0x22, 0x02, 0x2c, 0x5d, 0x01, 0x00, 0x00, 0x2c, 0x01, 0x00, 0x00, 0x00
    .byte 0x20, 0x00, 0x00, 0x20, 0x00, 0x00, 0x20, 0x00, 0x00, 0x15, 0xe7, 0x2c, 0x01, 0x00, 0x00, 0x00
    .byte 0x15, 0x07, 0x15, 0x08, 0x25, 0x53, 0x1a, 0x22, 0x02, 0x2c, 0x01, 0x00, 0x00, 0x00, 0x2c, 0xff
    .byte 0xff, 0xff, 0xff, 0x2c, 0xff, 0xff, 0xff, 0xff, 0x15, 0xdd, 0x18, 0x70, 0x32, 0x00, 0x58, 0x02
    .byte 0x00, 0x00, 0x14, 0xae, 0x19, 0x22, 0x02, 0x15, 0x8b, 0x18, 0x70, 0x32, 0x00, 0x00, 0x00, 0x00
    .byte 0x00, 0x13, 0x8b, 0x19, 0x22, 0x02, 0x01, 0x77, 0x19, 0x22, 0x02, 0x2c, 0x5f, 0x01, 0x00, 0x00
    .byte 0x2c, 0x01, 0x00, 0x00, 0x00, 0x20, 0x00, 0x00, 0x20, 0x00, 0x00, 0x20, 0x00, 0x00, 0x15, 0xe7
    .byte 0x2c, 0x01, 0x00, 0x00, 0x00, 0x15, 0x07, 0x15, 0x08, 0x25, 0x53, 0x1a, 0x22, 0x02, 0x2c, 0x01
    .byte 0x00, 0x00, 0x00, 0x2c, 0xff, 0xff, 0xff, 0xff, 0x2c, 0xff, 0xff, 0xff, 0xff, 0x15, 0xdd, 0x18
    .byte 0x70, 0x32, 0x00, 0x59, 0x02, 0x00, 0x00, 0x14, 0x03, 0x1a, 0x22, 0x02, 0x15, 0x8b, 0x18, 0x70
    .byte 0x32, 0x00, 0x00, 0x00, 0x00, 0x00, 0x13, 0xe0, 0x19, 0x22, 0x02, 0x01, 0xcc, 0x19, 0x22, 0x02
    .byte 0x2c, 0x61, 0x01, 0x00, 0x00, 0x2c, 0x01, 0x00, 0x00, 0x00, 0x20, 0x00, 0x00, 0x20, 0x00, 0x00
    .byte 0x20, 0x00, 0x00, 0x15, 0xe7, 0x2c, 0x01, 0x00, 0x00, 0x00, 0x15, 0x07, 0x15, 0x08, 0x25, 0x53
    .byte 0x1a, 0x22, 0x02, 0x2c, 0x01, 0x00, 0x00, 0x00, 0x2c, 0xff, 0xff, 0xff, 0xff, 0x2c, 0xff, 0xff
    .byte 0xff, 0xff, 0x15, 0xdd, 0x18, 0x70, 0x32, 0x00, 0x5a, 0x02, 0x00, 0x00, 0x14, 0x53, 0x1a, 0x22
    .byte 0x02, 0x15, 0x8b, 0x18, 0x70, 0x32, 0x00, 0x00, 0x00, 0x00, 0x00, 0x13, 0x35, 0x1a, 0x22, 0x02
    .byte 0x01, 0x21, 0x1a, 0x22, 0x02, 0x2c, 0x63, 0x01, 0x00, 0x00, 0x2c, 0x01, 0x00, 0x00, 0x00, 0x20
    .byte 0x00, 0x00, 0x20, 0x00, 0x00, 0x20, 0x00, 0x00, 0x15, 0xe7, 0x2c, 0x01, 0x00, 0x00, 0x00, 0x15
    .byte 0x07, 0x15, 0x08, 0x00, 0x2c, 0xea, 0x03, 0x00, 0x00, 0x15, 0x37, 0x18, 0x70, 0x14, 0xe4, 0x1d
    .byte 0x22, 0x02, 0x03, 0x00, 0x01, 0x00, 0x00, 0x00, 0x27, 0x00, 0x05, 0x2c, 0x0c, 0x00, 0x00, 0x00
    .byte 0x15, 0x45, 0x2c, 0x01, 0x00, 0x00, 0x00, 0x2c, 0xff, 0xff, 0xff, 0xff, 0x2c, 0xff, 0xff, 0xff
    .byte 0xff, 0x15, 0xdd, 0x18, 0x70, 0x32, 0x00, 0x64, 0x00, 0x00, 0x00, 0x14, 0xbb, 0x1a, 0x22, 0x02
    .byte 0x15, 0x8b, 0x18, 0x70, 0x32, 0x00, 0x00, 0x00, 0x00, 0x00, 0x13, 0xa4, 0x1a, 0x22, 0x02, 0x01
    .byte 0x90, 0x1a, 0x22, 0x02, 0x2c, 0x4e, 0x01, 0x00, 0x00, 0x2c, 0x01, 0x00, 0x00, 0x00, 0x20, 0x00
    .byte 0x00, 0x20, 0x00, 0x00, 0x15, 0x59, 0x25, 0xd9, 0x1d, 0x22, 0x02, 0x2c, 0x01, 0x00, 0x00, 0x00
    .byte 0x2c, 0xff, 0xff, 0xff, 0xff, 0x2c, 0xff, 0xff, 0xff, 0xff, 0x15, 0xdd, 0x18, 0x70, 0x32, 0x00
    .byte 0x65, 0x00, 0x00, 0x00, 0x14, 0x04, 0x1b, 0x22, 0x02, 0x15, 0x8b, 0x18, 0x70, 0x32, 0x00, 0x00
    .byte 0x00, 0x00, 0x00, 0x13, 0xed, 0x1a, 0x22, 0x02, 0x01, 0xd9, 0x1a, 0x22, 0x02, 0x2c, 0x50, 0x01
    .byte 0x00, 0x00, 0x2c, 0x01, 0x00, 0x00, 0x00, 0x20, 0x00, 0x00, 0x20, 0x00, 0x00, 0x15, 0x59, 0x25
    .byte 0xd9, 0x1d, 0x22, 0x02, 0x2c, 0x01, 0x00, 0x00, 0x00, 0x2c, 0xff, 0xff, 0xff, 0xff, 0x2c, 0xff
    .byte 0xff, 0xff, 0xff, 0x15, 0xdd, 0x18, 0x70, 0x32, 0x00, 0x66, 0x00, 0x00, 0x00, 0x14, 0x4d, 0x1b
    .byte 0x22, 0x02, 0x15, 0x8b, 0x18, 0x70, 0x32, 0x00, 0x00, 0x00, 0x00, 0x00, 0x13, 0x36, 0x1b, 0x22
    .byte 0x02, 0x01, 0x22, 0x1b, 0x22, 0x02, 0x2c, 0x52, 0x01, 0x00, 0x00, 0x2c, 0x01, 0x00, 0x00, 0x00
    .byte 0x20, 0x00, 0x00, 0x20, 0x00, 0x00, 0x15, 0x59, 0x25, 0xd9, 0x1d, 0x22, 0x02, 0x2c, 0x01, 0x00
    .byte 0x00, 0x00, 0x2c, 0xff, 0xff, 0xff, 0xff, 0x2c, 0xff, 0xff, 0xff, 0xff, 0x15, 0xdd, 0x18, 0x70
    .byte 0x32, 0x00, 0xc8, 0x00, 0x00, 0x00, 0x14, 0x96, 0x1b, 0x22, 0x02, 0x15, 0x8b, 0x18, 0x70, 0x32
    .byte 0x00, 0x00, 0x00, 0x00, 0x00, 0x13, 0x7f, 0x1b, 0x22, 0x02, 0x01, 0x6b, 0x1b, 0x22, 0x02, 0x2c
    .byte 0x54, 0x01, 0x00, 0x00, 0x2c, 0x01, 0x00, 0x00, 0x00, 0x20, 0x00, 0x00, 0x20, 0x00, 0x00, 0x15
    .byte 0x59, 0x25, 0xd9, 0x1d, 0x22, 0x02, 0x2c, 0x01, 0x00, 0x00, 0x00, 0x2c, 0xff, 0xff, 0xff, 0xff
    .byte 0x2c, 0xff, 0xff, 0xff, 0xff, 0x15, 0xdd, 0x18, 0x70, 0x32, 0x00, 0xc9, 0x00, 0x00, 0x00, 0x14
    .byte 0xdf, 0x1b, 0x22, 0x02, 0x15, 0x8b, 0x18, 0x70, 0x32, 0x00, 0x00, 0x00, 0x00, 0x00, 0x13, 0xc8
    .byte 0x1b, 0x22, 0x02, 0x01, 0xb4, 0x1b, 0x22, 0x02, 0x2c, 0x56, 0x01, 0x00, 0x00, 0x2c, 0x01, 0x00
    .byte 0x00, 0x00, 0x20, 0x00, 0x00, 0x20, 0x00, 0x00, 0x15, 0x59, 0x25, 0xd9, 0x1d, 0x22, 0x02, 0x2c
    .byte 0x01, 0x00, 0x00, 0x00, 0x2c, 0xff, 0xff, 0xff, 0xff, 0x2c, 0xff, 0xff, 0xff, 0xff, 0x15, 0xdd
    .byte 0x18, 0x70, 0x32, 0x00, 0xca, 0x00, 0x00, 0x00, 0x14, 0x28, 0x1c, 0x22, 0x02, 0x15, 0x8b, 0x18
    .byte 0x70, 0x32, 0x00, 0x00, 0x00, 0x00, 0x00, 0x13, 0x11, 0x1c, 0x22, 0x02, 0x01, 0xfd, 0x1b, 0x22
    .byte 0x02, 0x2c, 0x58, 0x01, 0x00, 0x00, 0x2c, 0x01, 0x00, 0x00, 0x00, 0x20, 0x00, 0x00, 0x20, 0x00
    .byte 0x00, 0x15, 0x59, 0x25, 0xd9, 0x1d, 0x22, 0x02, 0x2c, 0x01, 0x00, 0x00, 0x00, 0x2c, 0xff, 0xff
    .byte 0xff, 0xff, 0x2c, 0xff, 0xff, 0xff, 0xff, 0x15, 0xdd, 0x18, 0x70, 0x32, 0x00, 0x2c, 0x01, 0x00
    .byte 0x00, 0x14, 0x71, 0x1c, 0x22, 0x02, 0x15, 0x8b, 0x18, 0x70, 0x32, 0x00, 0x00, 0x00, 0x00, 0x00
    .byte 0x13, 0x5a, 0x1c, 0x22, 0x02, 0x01, 0x46, 0x1c, 0x22, 0x02, 0x2c, 0x5a, 0x01, 0x00, 0x00, 0x2c
    .byte 0x01, 0x00, 0x00, 0x00, 0x20, 0x00, 0x00, 0x20, 0x00, 0x00, 0x15, 0x59, 0x25, 0xd9, 0x1d, 0x22
    .byte 0x02, 0x2c, 0x01, 0x00, 0x00, 0x00, 0x2c, 0xff, 0xff, 0xff, 0xff, 0x2c, 0xff, 0xff, 0xff, 0xff
    .byte 0x15, 0xdd, 0x18, 0x70, 0x32, 0x00, 0x2d, 0x01, 0x00, 0x00, 0x14, 0xba, 0x1c, 0x22, 0x02, 0x15
    .byte 0x8b, 0x18, 0x70, 0x32, 0x00, 0x00, 0x00, 0x00, 0x00, 0x13, 0xa3, 0x1c, 0x22, 0x02, 0x01, 0x8f
    .byte 0x1c, 0x22, 0x02, 0x2c, 0x5c, 0x01, 0x00, 0x00, 0x2c, 0x01, 0x00, 0x00, 0x00, 0x20, 0x00, 0x00
    .byte 0x20, 0x00, 0x00, 0x15, 0x59, 0x25, 0xd9, 0x1d, 0x22, 0x02, 0x2c, 0x01, 0x00, 0x00, 0x00, 0x2c
    .byte 0xff, 0xff, 0xff, 0xff, 0x2c, 0xff, 0xff, 0xff, 0xff, 0x15, 0xdd, 0x18, 0x70, 0x32, 0x00, 0x2e
    .byte 0x01, 0x00, 0x00, 0x14, 0x03, 0x1d, 0x22, 0x02, 0x15, 0x8b, 0x18, 0x70, 0x32, 0x00, 0x00, 0x00
    .byte 0x00, 0x00, 0x13, 0xec, 0x1c, 0x22, 0x02, 0x01, 0xd8, 0x1c, 0x22, 0x02, 0x2c, 0x5e, 0x01, 0x00
    .byte 0x00, 0x2c, 0x01, 0x00, 0x00, 0x00, 0x20, 0x00, 0x00, 0x20, 0x00, 0x00, 0x15, 0x59, 0x25, 0xd9
    .byte 0x1d, 0x22, 0x02, 0x2c, 0x01, 0x00, 0x00, 0x00, 0x2c, 0xff, 0xff, 0xff, 0xff, 0x2c, 0xff, 0xff
    .byte 0xff, 0xff, 0x15, 0xdd, 0x18, 0x70, 0x32, 0x00, 0x58, 0x02, 0x00, 0x00, 0x14, 0x4c, 0x1d, 0x22
    .byte 0x02, 0x15, 0x8b, 0x18, 0x70, 0x32, 0x00, 0x00, 0x00, 0x00, 0x00, 0x13, 0x35, 0x1d, 0x22, 0x02
    .byte 0x01, 0x21, 0x1d, 0x22, 0x02, 0x2c, 0x60, 0x01, 0x00, 0x00, 0x2c, 0x01, 0x00, 0x00, 0x00, 0x20
    .byte 0x00, 0x00, 0x20, 0x00, 0x00, 0x15, 0x59, 0x25, 0xd9, 0x1d, 0x22, 0x02, 0x2c, 0x01, 0x00, 0x00
    .byte 0x00, 0x2c, 0xff, 0xff, 0xff, 0xff, 0x2c, 0xff, 0xff, 0xff, 0xff, 0x15, 0xdd, 0x18, 0x70, 0x32
    .byte 0x00, 0x59, 0x02, 0x00, 0x00, 0x14, 0x95, 0x1d, 0x22, 0x02, 0x15, 0x8b, 0x18, 0x70, 0x32, 0x00
    .byte 0x00, 0x00, 0x00, 0x00, 0x13, 0x7e, 0x1d, 0x22, 0x02, 0x01, 0x6a, 0x1d, 0x22, 0x02, 0x2c, 0x62
    .byte 0x01, 0x00, 0x00, 0x2c, 0x01, 0x00, 0x00, 0x00, 0x20, 0x00, 0x00, 0x20, 0x00, 0x00, 0x15, 0x59
    .byte 0x25, 0xd9, 0x1d, 0x22, 0x02, 0x2c, 0x01, 0x00, 0x00, 0x00, 0x2c, 0xff, 0xff, 0xff, 0xff, 0x2c
    .byte 0xff, 0xff, 0xff, 0xff, 0x15, 0xdd, 0x18, 0x70, 0x32, 0x00, 0x5a, 0x02, 0x00, 0x00, 0x14, 0xd9
    .byte 0x1d, 0x22, 0x02, 0x15, 0x8b, 0x18, 0x70, 0x32, 0x00, 0x00, 0x00, 0x00, 0x00, 0x13, 0xc7, 0x1d
    .byte 0x22, 0x02, 0x01, 0xb3, 0x1d, 0x22, 0x02, 0x2c, 0x64, 0x01, 0x00, 0x00, 0x2c, 0x01, 0x00, 0x00
    .byte 0x00, 0x20, 0x00, 0x00, 0x20, 0x00, 0x00, 0x15, 0x59, 0x15, 0x5a, 0x2c, 0x3c, 0x00, 0x00, 0x00
    .byte 0x15, 0x07, 0x15, 0x08, 0x03, 0x00, 0x00, 0x00, 0x00, 0x00, 0x26, 0x00, 0xe1, 0x00, 0x2c, 0x01
    .byte 0x00, 0x00, 0x00, 0x15, 0x2b, 0x20, 0x00, 0x00, 0x2c, 0x20, 0x00, 0x00, 0x00, 0x20, 0x00, 0x00
    .byte 0x2c, 0x00, 0x18, 0x00, 0x00, 0x2c, 0x04, 0x00, 0x00, 0x00, 0x20, 0x00, 0x00, 0x15, 0x1a, 0x15
    .byte 0x21, 0x20, 0x00, 0x00, 0x15, 0x09, 0x00, 0x29, 0x00, 0xfd, 0x35, 0x00, 0x20, 0x00, 0x00, 0x00
    .byte 0x14, 0x26, 0x1e, 0x22, 0x02, 0x00, 0x20, 0x00, 0x00, 0x2c, 0x60, 0x00, 0x00, 0x00, 0x2c, 0xe0
    .byte 0x01, 0x00, 0x00, 0x2c, 0xa0, 0x00, 0x00, 0x00, 0x2c, 0x00, 0x02, 0x00, 0x00, 0x15, 0x8d, 0x18
    .byte 0x70, 0x32, 0x00, 0x01, 0x00, 0x00, 0x00, 0x14, 0xbf, 0x1e, 0x22, 0x02, 0x2c, 0x00, 0x04, 0x00
    .byte 0x00, 0x15, 0x37, 0x18, 0x70, 0x14, 0x5f, 0x1e, 0x22, 0x02, 0x01, 0x4c, 0x1e, 0x22, 0x02, 0x2c
    .byte 0xee, 0x03, 0x00, 0x00, 0x15, 0x37, 0x18, 0x70, 0x14, 0x72, 0x1e, 0x22, 0x02, 0x01, 0x5f, 0x1e
    .byte 0x22, 0x02, 0x2c, 0x02, 0x00, 0x00, 0x00, 0x15, 0x9b, 0x18, 0x70, 0x32, 0x00, 0x00, 0x00, 0x00
    .byte 0x00, 0x14, 0x8b, 0x1e, 0x22, 0x02, 0x01, 0x72, 0x1e, 0x22, 0x02, 0x20, 0x00, 0x00, 0x15, 0x9b
    .byte 0x18, 0x70, 0x14, 0xab, 0x1e, 0x22, 0x02, 0x20, 0x00, 0x00, 0x2c, 0xff, 0xff, 0xff, 0xff, 0x2c
    .byte 0xff, 0xff, 0xff, 0xff, 0x2c, 0xff, 0xff, 0xff, 0xff, 0x15, 0x89, 0x20, 0x00, 0x00, 0x15, 0x07
    .byte 0x15, 0x08, 0x2c, 0x03, 0x00, 0x00, 0x00, 0x2c, 0xc4, 0x1e, 0x22, 0x02, 0x15, 0x29, 0x00, 0x01
    .byte 0x17, 0x1e, 0x22, 0x02, 0x2c, 0x08, 0x00, 0x00, 0x00, 0x2c, 0xd1, 0x01, 0x00, 0x00, 0x15, 0xe0
    .byte 0x20, 0x00, 0x00, 0x2c, 0x80, 0xe8, 0x00, 0x00, 0x15, 0xe0, 0x2c, 0x0e, 0x00, 0x00, 0x00, 0x20
    .byte 0x00, 0x00, 0x20, 0x00, 0x00, 0x15, 0xce, 0x2c, 0xaf, 0x00, 0x00, 0x00, 0x15, 0x07, 0x15, 0x08
    .byte 0x20, 0x00, 0x00, 0x2c, 0x81, 0xe8, 0x00, 0x00, 0x15, 0xe0, 0x2c, 0x3c, 0x00, 0x00, 0x00, 0x15
    .byte 0x07, 0x15, 0x08, 0x2c, 0x09, 0x00, 0x00, 0x00, 0x2c, 0xd1, 0x01, 0x00, 0x00, 0x15, 0xe0, 0x00
    .byte 0x2c, 0x80, 0x00, 0x00, 0x00, 0x2c, 0x20, 0x02, 0x00, 0x00, 0x20, 0x00, 0x00, 0x15, 0x02, 0x20
    .byte 0x00, 0x00, 0x15, 0x09, 0x20, 0x00, 0x00, 0x15, 0x18, 0x20, 0x00, 0x00, 0x15, 0x19, 0x2c, 0x46
    .byte 0x01, 0x00, 0x00, 0x15, 0x37, 0x18, 0x70, 0x13, 0x57, 0x1f, 0x22, 0x02, 0x2c, 0x01, 0x00, 0x00
    .byte 0x00, 0x15, 0x18, 0x2c, 0x01, 0x00, 0x00, 0x00, 0x15, 0x19, 0x2c, 0x02, 0x00, 0x00, 0x00, 0x2c
    .byte 0x5a, 0x1f, 0x22, 0x02, 0x15, 0x29, 0x00, 0x15, 0x0d, 0x00, 0x20, 0x00, 0x00, 0x15, 0x9b, 0x18
    .byte 0x70, 0x14, 0x7a, 0x1f, 0x22, 0x02, 0x20, 0x00, 0x00, 0x2c, 0xff, 0xff, 0xff, 0xff, 0x2c, 0xff
    .byte 0xff, 0xff, 0xff, 0x2c, 0xff, 0xff, 0xff, 0xff, 0x15, 0x89, 0x20, 0x00, 0x00, 0x2c, 0x36, 0x25
    .byte 0x22, 0x02, 0x15, 0x39, 0x20, 0x00, 0x00, 0x15, 0x42, 0x18, 0x70, 0x32, 0x00, 0x00, 0x00, 0x00
    .byte 0x00, 0x14, 0x9b, 0x1f, 0x22, 0x02, 0x01, 0x84, 0x1f, 0x22, 0x02, 0x2c, 0x08, 0x00, 0x00, 0x00
    .byte 0x2c, 0x69, 0x00, 0x00, 0x00, 0x15, 0xe0, 0x20, 0x00, 0x00, 0x2c, 0x20, 0x00, 0x00, 0x00, 0x15
    .byte 0xe0, 0x2c, 0x5b, 0x01, 0x00, 0x00, 0x15, 0x37, 0x18, 0x70, 0x13, 0xe4, 0x1f, 0x22, 0x02, 0x2c
    .byte 0x42, 0x00, 0x00, 0x00, 0x2c, 0x16, 0x26, 0x22, 0x02, 0x15, 0x39, 0x2c, 0x42, 0x00, 0x00, 0x00
    .byte 0x15, 0x42, 0x18, 0x70, 0x32, 0x00, 0x00, 0x00, 0x00, 0x00, 0x14, 0xe4, 0x1f, 0x22, 0x02, 0x01
    .byte 0xcb, 0x1f, 0x22, 0x02, 0x2c, 0x3d, 0x00, 0x00, 0x00, 0x2c, 0xbf, 0x2a, 0x22, 0x02, 0x15, 0x39
    .byte 0x2c, 0x3d, 0x00, 0x00, 0x00, 0x15, 0x42, 0x18, 0x70, 0x32, 0x00, 0x00, 0x00, 0x00, 0x00, 0x14
    .byte 0x09, 0x20, 0x22, 0x02, 0x01, 0xf0, 0x1f, 0x22, 0x02, 0x2c, 0x3e, 0x00, 0x00, 0x00, 0x2c, 0xbf
    .byte 0x2a, 0x22, 0x02, 0x15, 0x39, 0x2c, 0x3e, 0x00, 0x00, 0x00, 0x15, 0x42, 0x18, 0x70, 0x32, 0x00
    .byte 0x00, 0x00, 0x00, 0x00, 0x14, 0x2e, 0x20, 0x22, 0x02, 0x01, 0x15, 0x20, 0x22, 0x02, 0x2c, 0x1e
    .byte 0x00, 0x00, 0x00, 0x15, 0x07, 0x15, 0x08, 0x2c, 0x44, 0x00, 0x00, 0x00, 0x2c, 0x1a, 0x27, 0x22
    .byte 0x02, 0x15, 0x39, 0x2c, 0x44, 0x00, 0x00, 0x00, 0x15, 0x42, 0x18, 0x70, 0x32, 0x00, 0x00, 0x00
    .byte 0x00, 0x00, 0x14, 0x5c, 0x20, 0x22, 0x02, 0x01, 0x43, 0x20, 0x22, 0x02, 0x2c, 0x90, 0x03, 0x00
    .byte 0x00, 0x15, 0x37, 0x18, 0x70, 0x32, 0x00, 0x00, 0x00, 0x00, 0x00, 0x13, 0x7e, 0x20, 0x22, 0x02
    .byte 0x37, 0x00, 0x00, 0x32, 0x00, 0x00, 0x00, 0x00, 0x00, 0x14, 0xda, 0x20, 0x22, 0x02, 0x2c, 0x44
    .byte 0x00, 0x00, 0x00, 0x2c, 0xbc, 0x27, 0x22, 0x02, 0x15, 0x39, 0x2c, 0x44, 0x00, 0x00, 0x00, 0x15
    .byte 0x42, 0x18, 0x70, 0x32, 0x00, 0x00, 0x00, 0x00, 0x00, 0x14, 0xa3, 0x20, 0x22, 0x02, 0x01, 0x8a
    .byte 0x20, 0x22, 0x02, 0x2c, 0x3d, 0x00, 0x00, 0x00, 0x2c, 0x51, 0x2a, 0x22, 0x02, 0x15, 0x39, 0x2c
    .byte 0x3e, 0x00, 0x00, 0x00, 0x2c, 0x51, 0x2a, 0x22, 0x02, 0x15, 0x39, 0x2c, 0x1b, 0x00, 0x00, 0x00
    .byte 0x15, 0x31, 0x18, 0x70, 0x17, 0x00, 0x2c, 0x9b, 0x24, 0x22, 0x02, 0x15, 0x39, 0x2c, 0x09, 0x00
    .byte 0x00, 0x00, 0x2c, 0x69, 0x00, 0x00, 0x00, 0x15, 0xe0, 0x00, 0x2c, 0x1e, 0x00, 0x00, 0x00, 0x15
    .byte 0x07, 0x15, 0x08, 0x37, 0x00, 0x06, 0x37, 0x01, 0x00, 0x04, 0x10, 0x36, 0x00, 0x06, 0x2c, 0x03
    .byte 0x00, 0x00, 0x00, 0x37, 0x00, 0x00, 0x07, 0x00, 0xff, 0xff, 0xff, 0xff, 0x17, 0x00, 0x20, 0x00
    .byte 0x00, 0x20, 0x00, 0x00, 0x20, 0x00, 0x00, 0x20, 0x00, 0x00, 0x20, 0x00, 0x00, 0x15, 0x53, 0x37
    .byte 0x00, 0x00, 0x07, 0x00, 0xff, 0xff, 0xff, 0xff, 0x17, 0x00, 0x15, 0xaa, 0x2c, 0x47, 0x00, 0x00
    .byte 0x00, 0x2c, 0x0e, 0x2c, 0x22, 0x02, 0x15, 0x39, 0x2c, 0x47, 0x00, 0x00, 0x00, 0x15, 0x42, 0x18
    .byte 0x70, 0x32, 0x00, 0x00, 0x00, 0x00, 0x00, 0x14, 0x41, 0x21, 0x22, 0x02, 0x01, 0x28, 0x21, 0x22
    .byte 0x02, 0x2c, 0x04, 0x00, 0x00, 0x00, 0x15, 0x07, 0x15, 0x08, 0x2c, 0x48, 0x00, 0x00, 0x00, 0x2c
    .byte 0x0e, 0x2c, 0x22, 0x02, 0x15, 0x39, 0x2c, 0x48, 0x00, 0x00, 0x00, 0x15, 0x42, 0x18, 0x70, 0x32
    .byte 0x00, 0x00, 0x00, 0x00, 0x00, 0x14, 0x6f, 0x21, 0x22, 0x02, 0x01, 0x56, 0x21, 0x22, 0x02, 0x2c
    .byte 0x04, 0x00, 0x00, 0x00, 0x15, 0x07, 0x15, 0x08, 0x2c, 0x49, 0x00, 0x00, 0x00, 0x2c, 0x0e, 0x2c
    .byte 0x22, 0x02, 0x15, 0x39, 0x2c, 0x49, 0x00, 0x00, 0x00, 0x15, 0x42, 0x18, 0x70, 0x32, 0x00, 0x00
    .byte 0x00, 0x00, 0x00, 0x14, 0x9d, 0x21, 0x22, 0x02, 0x01, 0x84, 0x21, 0x22, 0x02, 0x2c, 0x04, 0x00
    .byte 0x00, 0x00, 0x15, 0x07, 0x15, 0x08, 0x2c, 0x4a, 0x00, 0x00, 0x00, 0x2c, 0x0e, 0x2c, 0x22, 0x02
    .byte 0x15, 0x39, 0x2c, 0x4a, 0x00, 0x00, 0x00, 0x15, 0x42, 0x18, 0x70, 0x32, 0x00, 0x00, 0x00, 0x00
    .byte 0x00, 0x14, 0xcb, 0x21, 0x22, 0x02, 0x01, 0xb2, 0x21, 0x22, 0x02, 0x2c, 0x04, 0x00, 0x00, 0x00
    .byte 0x15, 0x07, 0x15, 0x08, 0x2c, 0x4b, 0x00, 0x00, 0x00, 0x2c, 0x0e, 0x2c, 0x22, 0x02, 0x15, 0x39
    .byte 0x2c, 0x4b, 0x00, 0x00, 0x00, 0x15, 0x42, 0x18, 0x70, 0x32, 0x00, 0x00, 0x00, 0x00, 0x00, 0x14
    .byte 0xf9, 0x21, 0x22, 0x02, 0x01, 0xe0, 0x21, 0x22, 0x02, 0x2c, 0x04, 0x00, 0x00, 0x00, 0x15, 0x07
    .byte 0x15, 0x08, 0x2c, 0x4c, 0x00, 0x00, 0x00, 0x2c, 0x0e, 0x2c, 0x22, 0x02, 0x15, 0x39, 0x2c, 0x4c
    .byte 0x00, 0x00, 0x00, 0x15, 0x42, 0x18, 0x70, 0x32, 0x00, 0x00, 0x00, 0x00, 0x00, 0x14, 0x27, 0x22
    .byte 0x22, 0x02, 0x01, 0x0e, 0x22, 0x22, 0x02, 0x2c, 0x04, 0x00, 0x00, 0x00, 0x15, 0x07, 0x15, 0x08
    .byte 0x2c, 0x4d, 0x00, 0x00, 0x00, 0x2c, 0x0e, 0x2c, 0x22, 0x02, 0x15, 0x39, 0x2c, 0x4d, 0x00, 0x00
    .byte 0x00, 0x15, 0x42, 0x18, 0x70, 0x32, 0x00, 0x00, 0x00, 0x00, 0x00, 0x14, 0x55, 0x22, 0x22, 0x02
    .byte 0x01, 0x3c, 0x22, 0x22, 0x02, 0x2c, 0x04, 0x00, 0x00, 0x00, 0x15, 0x07, 0x15, 0x08, 0x2c, 0x5a
    .byte 0x00, 0x00, 0x00, 0x15, 0x07, 0x15, 0x08, 0x20, 0x00, 0x00, 0x2c, 0x82, 0x34, 0x00, 0x00, 0x15
    .byte 0xe0, 0x2c, 0x44, 0x00, 0x00, 0x00, 0x2c, 0xf4, 0x26, 0x22, 0x02, 0x15, 0x39, 0x2c, 0x14, 0x00
    .byte 0x00, 0x00, 0x15, 0x07, 0x15, 0x08, 0x2c, 0x45, 0x00, 0x00, 0x00, 0x2c, 0x50, 0x29, 0x22, 0x02
    .byte 0x15, 0x39, 0x2c, 0x46, 0x00, 0x00, 0x00, 0x2c, 0x50, 0x29, 0x22, 0x02, 0x15, 0x39, 0x2c, 0x14
    .byte 0x00, 0x00, 0x00, 0x15, 0x07, 0x15, 0x08, 0x2c, 0x3f, 0x00, 0x00, 0x00, 0x2c, 0xdf, 0x29, 0x22
    .byte 0x02, 0x15, 0x39, 0x2c, 0x40, 0x00, 0x00, 0x00, 0x2c, 0xdf, 0x29, 0x22, 0x02, 0x15, 0x39, 0x2c
    .byte 0x50, 0x00, 0x00, 0x00, 0x15, 0x07, 0x15, 0x08, 0x37, 0x00, 0x06, 0x31, 0x00, 0x32, 0x00, 0x00
    .byte 0x00, 0x14, 0xe8, 0x23, 0x22, 0x02, 0x2c, 0x1e, 0x00, 0x00, 0x00, 0x15, 0x07, 0x15, 0x08, 0x2c
    .byte 0x01, 0x00, 0x00, 0x00, 0x2c, 0x82, 0x34, 0x00, 0x00, 0x15, 0xe0, 0x2c, 0x44, 0x00, 0x00, 0x00
    .byte 0x2c, 0x0a, 0x27, 0x22, 0x02, 0x15, 0x39, 0x2c, 0x45, 0x00, 0x00, 0x00, 0x2c, 0x66, 0x29, 0x22
    .byte 0x02, 0x15, 0x39, 0x2c, 0x46, 0x00, 0x00, 0x00, 0x2c, 0x66, 0x29, 0x22, 0x02, 0x15, 0x39, 0x2c
    .byte 0x3f, 0x00, 0x00, 0x00, 0x2c, 0xf5, 0x29, 0x22, 0x02, 0x15, 0x39, 0x2c, 0x40, 0x00, 0x00, 0x00
    .byte 0x2c, 0xf5, 0x29, 0x22, 0x02, 0x15, 0x39, 0x20, 0x00, 0x00, 0x2c, 0x85, 0x34, 0x00, 0x00, 0x15
    .byte 0xe0, 0x2c, 0x1e, 0x00, 0x00, 0x00, 0x15, 0x07, 0x15, 0x08, 0x2c, 0x44, 0x00, 0x00, 0x00, 0x2c
    .byte 0x99, 0x28, 0x22, 0x02, 0x15, 0x39, 0x2c, 0x44, 0x00, 0x00, 0x00, 0x15, 0x42, 0x18, 0x70, 0x32
    .byte 0x00, 0x00, 0x00, 0x00, 0x00, 0x14, 0x5f, 0x23, 0x22, 0x02, 0x01, 0x46, 0x23, 0x22, 0x02, 0x2c
    .byte 0x02, 0x00, 0x00, 0x00, 0x20, 0x00, 0x00, 0x15, 0x29, 0x2c, 0x46, 0x01, 0x00, 0x00, 0x15, 0x35
    .byte 0x21, 0x05, 0xf9, 0x21, 0x02, 0x2c, 0x1e, 0x00, 0x00, 0x00, 0x15, 0x07, 0x15, 0x08, 0x15, 0x46
    .byte 0x15, 0x8b, 0x18, 0x70, 0x32, 0x00, 0x00, 0x00, 0x00, 0x00, 0x13, 0x94, 0x23, 0x22, 0x02, 0x01
    .byte 0x80, 0x23, 0x22, 0x02, 0x2c, 0xe0, 0x02, 0x00, 0x00, 0x2c, 0x01, 0x00, 0x00, 0x00, 0x20, 0x00
    .byte 0x00, 0x20, 0x00, 0x00, 0x15, 0xb8, 0x15, 0x5a, 0x20, 0x00, 0x00, 0x2c, 0x83, 0x34, 0x00, 0x00
    .byte 0x15, 0xe0, 0x2c, 0x42, 0x00, 0x00, 0x00, 0x2c, 0xf8, 0x25, 0x22, 0x02, 0x15, 0x39, 0x2c, 0x42
    .byte 0x00, 0x00, 0x00, 0x15, 0x42, 0x18, 0x70, 0x32, 0x00, 0x00, 0x00, 0x00, 0x00, 0x14, 0xd7, 0x23
    .byte 0x22, 0x02, 0x01, 0xbe, 0x23, 0x22, 0x02, 0x2c, 0x01, 0x00, 0x00, 0x00, 0x2c, 0x83, 0x34, 0x00
    .byte 0x00, 0x15, 0xe0, 0x25, 0x76, 0x24, 0x22, 0x02, 0x2c, 0x1e, 0x00, 0x00, 0x00, 0x15, 0x07, 0x15
    .byte 0x08, 0x2c, 0x01, 0x00, 0x00, 0x00, 0x2c, 0x82, 0x34, 0x00, 0x00, 0x15, 0xe0, 0x2c, 0x44, 0x00
    .byte 0x00, 0x00, 0x2c, 0x12, 0x27, 0x22, 0x02, 0x15, 0x39, 0x2c, 0x45, 0x00, 0x00, 0x00, 0x2c, 0x6e
    .byte 0x29, 0x22, 0x02, 0x15, 0x39, 0x2c, 0x46, 0x00, 0x00, 0x00, 0x2c, 0x6e, 0x29, 0x22, 0x02, 0x15
    .byte 0x39, 0x2c, 0x3f, 0x00, 0x00, 0x00, 0x2c, 0xfd, 0x29, 0x22, 0x02, 0x15, 0x39, 0x2c, 0x40, 0x00
    .byte 0x00, 0x00, 0x2c, 0xfd, 0x29, 0x22, 0x02, 0x15, 0x39, 0x20, 0x00, 0x00, 0x2c, 0x84, 0x34, 0x00
    .byte 0x00, 0x15, 0xe0, 0x2c, 0x3c, 0x00, 0x00, 0x00, 0x15, 0x07, 0x15, 0x08, 0x2c, 0x44, 0x00, 0x00
    .byte 0x00, 0x2c, 0x01, 0x28, 0x22, 0x02, 0x15, 0x39, 0x2c, 0x44, 0x00, 0x00, 0x00, 0x15, 0x42, 0x18
    .byte 0x70, 0x32, 0x00, 0x00, 0x00, 0x00, 0x00, 0x14, 0x71, 0x24, 0x22, 0x02, 0x01, 0x58, 0x24, 0x22
    .byte 0x02, 0x01, 0x5c, 0x20, 0x22, 0x02, 0x2c, 0x3d, 0x00, 0x00, 0x00, 0x2c, 0x51, 0x2a, 0x22, 0x02
    .byte 0x15, 0x39, 0x2c, 0x3e, 0x00, 0x00, 0x00, 0x2c, 0x51, 0x2a, 0x22, 0x02, 0x15, 0x39, 0x2c, 0x09
    .byte 0x00, 0x00, 0x00, 0x2c, 0x69, 0x00, 0x00, 0x00, 0x15, 0xe0, 0x00, 0x2c, 0x06, 0x00, 0x00, 0x00
    .byte 0x2c, 0x3e, 0x00, 0x00, 0x00, 0x15, 0x1f, 0x18, 0x70, 0x17, 0x00, 0x15, 0x20, 0x18, 0x70, 0x17
    .byte 0x00, 0x15, 0x27, 0x18, 0x70, 0x17, 0x00, 0x15, 0x10, 0x18, 0x70, 0x17, 0x00, 0x15, 0x11, 0x18
    .byte 0x70, 0x24, 0x00, 0x10, 0x00, 0x00, 0x00, 0x17, 0x00, 0x15, 0x12, 0x18, 0x70, 0x17, 0x00, 0x15
    .byte 0x33, 0x00, 0x20, 0x00, 0x00, 0x15, 0x18, 0x20, 0x00, 0x00, 0x15, 0x19, 0x20, 0x00, 0x00, 0x2c
    .byte 0x26, 0x00, 0x00, 0x00, 0x15, 0xe0, 0x2c, 0x00, 0x10, 0x00, 0x00, 0x2c, 0x01, 0x10, 0x00, 0x00
    .byte 0x2c, 0x02, 0x10, 0x00, 0x00, 0x2c, 0x02, 0x00, 0x00, 0x00, 0x2c, 0x18, 0x00, 0x00, 0x00, 0x15
    .byte 0x73, 0x20, 0x00, 0x00, 0x15, 0x2b, 0x20, 0x00, 0x00, 0x2c, 0x18, 0x00, 0x00, 0x00, 0x20, 0x00
    .byte 0x00, 0x2c, 0x14, 0x00, 0x00, 0x00, 0x20, 0x00, 0x00, 0x20, 0x00, 0x00, 0x15, 0x1a, 0x15, 0x21
    .byte 0x2c, 0x01, 0x00, 0x00, 0x00, 0x15, 0x18, 0x2c, 0x01, 0x00, 0x00, 0x00, 0x15, 0x19, 0x2c, 0x04
    .byte 0x00, 0x00, 0x00, 0x15, 0x75, 0x00, 0x20, 0x00, 0x00, 0x15, 0x18, 0x20, 0x00, 0x00, 0x15, 0x19
    .byte 0x2c, 0x00, 0x10, 0x00, 0x00, 0x2c, 0x01, 0x10, 0x00, 0x00, 0x2c, 0x02, 0x10, 0x00, 0x00, 0x2c
    .byte 0x02, 0x00, 0x00, 0x00, 0x20, 0x00, 0x00, 0x15, 0x73, 0x2c, 0x01, 0x00, 0x00, 0x00, 0x15, 0x2b
    .byte 0x2c, 0x43, 0x00, 0x00, 0x00, 0x2c, 0x07, 0x00, 0x00, 0x00, 0x15, 0x47, 0x18, 0x70, 0x17, 0x00
    .byte 0x2c, 0x43, 0x00, 0x00, 0x00, 0x2c, 0x08, 0x00, 0x00, 0x00, 0x15, 0x47, 0x18, 0x70, 0x17, 0x00
    .byte 0x20, 0x00, 0x00, 0x2c, 0x00, 0x10, 0x00, 0x00, 0x2c, 0x05, 0x00, 0x00, 0x00, 0x20, 0x00, 0x00
    .byte 0x15, 0x1a, 0x15, 0x21, 0x2c, 0x01, 0x00, 0x00, 0x00, 0x15, 0x18, 0x2c, 0x01, 0x00, 0x00, 0x00
    .byte 0x15, 0x19, 0x2c, 0x04, 0x00, 0x00, 0x00, 0x15, 0x75, 0x00, 0x2c, 0x80, 0x00, 0x00, 0x00, 0x2c
    .byte 0x16, 0x02, 0x00, 0x00, 0x20, 0x00, 0x00, 0x15, 0x02, 0x20, 0x00, 0x00, 0x15, 0x3c, 0x2c, 0x46
    .byte 0x01, 0x00, 0x00, 0x15, 0x37, 0x18, 0x70, 0x14, 0xe2, 0x25, 0x22, 0x02, 0x2c, 0x01, 0x00, 0x00
    .byte 0x00, 0x15, 0x05, 0x20, 0x00, 0x00, 0x15, 0x18, 0x20, 0x00, 0x00, 0x15, 0x19, 0x25, 0xf7, 0x25
    .byte 0x22, 0x02, 0x2c, 0x5b, 0x01, 0x00, 0x00, 0x15, 0x37, 0x18, 0x70, 0x13, 0xf7, 0x25, 0x22, 0x02
    .byte 0x2c, 0x01, 0x00, 0x00, 0x00, 0x15, 0x05, 0x00, 0x20, 0x00, 0x00, 0x2c, 0x86, 0x34, 0x00, 0x00
    .byte 0x15, 0xe0, 0x2c, 0x02, 0x00, 0x00, 0x00, 0x15, 0x05, 0x15, 0x16, 0x20, 0x00, 0x00, 0x15, 0x18
    .byte 0x20, 0x00, 0x00, 0x15, 0x19, 0x00, 0x2c, 0x5b, 0x01, 0x00, 0x00, 0x15, 0x35, 0x20, 0x00, 0x00
    .byte 0x2c, 0x86, 0x34, 0x00, 0x00, 0x15, 0xe0, 0x2c, 0x04, 0x00, 0x00, 0x00, 0x15, 0x05, 0x15, 0x16
    .byte 0x20, 0x00, 0x00, 0x15, 0x05, 0x15, 0x10, 0x18, 0x70, 0x28, 0x00, 0x05, 0x15, 0x11, 0x18, 0x70
    .byte 0x28, 0x00, 0x06, 0x15, 0x12, 0x18, 0x70, 0x28, 0x00, 0x07, 0x2c, 0x07, 0x00, 0x00, 0x00, 0x2c
    .byte 0x37, 0x16, 0x00, 0x00, 0x2c, 0x2c, 0x16, 0x00, 0x00, 0x2c, 0x38, 0x16, 0x00, 0x00, 0x2c, 0x02
    .byte 0x00, 0x00, 0x00, 0x20, 0x00, 0x00, 0x2c, 0x01, 0x00, 0x00, 0x00, 0x15, 0x53, 0x2c, 0x01, 0x00
    .byte 0x00, 0x00, 0x2c, 0x86, 0x34, 0x00, 0x00, 0x15, 0xe0, 0x20, 0x00, 0x00, 0x2c, 0x05, 0x00, 0x00
    .byte 0x00, 0x2c, 0x02, 0x00, 0x00, 0x00, 0x15, 0xa6, 0x2c, 0x0f, 0x00, 0x00, 0x00, 0x15, 0x07, 0x15
    .byte 0x08, 0x20, 0x00, 0x00, 0x2c, 0x02, 0x00, 0x00, 0x00, 0x2c, 0x01, 0x00, 0x00, 0x00, 0x15, 0xa6
    .byte 0x2c, 0x05, 0x00, 0x00, 0x00, 0x15, 0x07, 0x15, 0x08, 0x15, 0xa7, 0x2c, 0x1e, 0x00, 0x00, 0x00
    .byte 0x15, 0x07, 0x15, 0x08, 0x00, 0x2c, 0x80, 0x00, 0x00, 0x00, 0x2c, 0x20, 0x02, 0x00, 0x00, 0x2c
    .byte 0x60, 0x00, 0x00, 0x00, 0x15, 0x02, 0x20, 0x00, 0x00, 0x15, 0x3c, 0x20, 0x00, 0x00, 0x15, 0x09
    .byte 0x2c, 0x46, 0x01, 0x00, 0x00, 0x15, 0x37, 0x18, 0x70, 0x14, 0xf3, 0x26, 0x22, 0x02, 0x2c, 0x01
    .byte 0x00, 0x00, 0x00, 0x15, 0x09, 0x2c, 0x09, 0x00, 0x00, 0x00, 0x15, 0x05, 0x2c, 0x01, 0x00, 0x00
    .byte 0x00, 0x15, 0x06, 0x00, 0x2c, 0x01, 0x00, 0x00, 0x00, 0x15, 0x09, 0x2c, 0x06, 0x00, 0x00, 0x00
    .byte 0x15, 0x05, 0x2c, 0x01, 0x00, 0x00, 0x00, 0x15, 0x06, 0x00, 0x2c, 0x07, 0x00, 0x00, 0x00, 0x15
    .byte 0x05, 0x00, 0x2c, 0x08, 0x00, 0x00, 0x00, 0x15, 0x05, 0x00, 0x2c, 0x01, 0x00, 0x00, 0x00, 0x15
    .byte 0x09, 0x2c, 0x06, 0x00, 0x00, 0x00, 0x15, 0x45, 0x2b, 0x00, 0x00, 0x32, 0x00, 0x00, 0x00, 0x00
    .byte 0x00, 0x14, 0x70, 0x27, 0x22, 0x02, 0x03, 0x00, 0x01, 0x00, 0x00, 0x00, 0x28, 0x00, 0x00, 0x15
    .byte 0x8b, 0x18, 0x70, 0x32, 0x00, 0x00, 0x00, 0x00, 0x00, 0x13, 0x53, 0x27, 0x22, 0x02, 0x01, 0x3f
    .byte 0x27, 0x22, 0x02, 0x2c, 0xda, 0x02, 0x00, 0x00, 0x2c, 0x01, 0x00, 0x00, 0x00, 0x20, 0x00, 0x00
    .byte 0x20, 0x00, 0x00, 0x15, 0xb8, 0x15, 0x5a, 0x2c, 0x04, 0x00, 0x00, 0x00, 0x15, 0x07, 0x15, 0x08
    .byte 0x15, 0x8b, 0x18, 0x70, 0x32, 0x00, 0x00, 0x00, 0x00, 0x00, 0x13, 0x84, 0x27, 0x22, 0x02, 0x01
    .byte 0x70, 0x27, 0x22, 0x02, 0x2c, 0xde, 0x02, 0x00, 0x00, 0x2c, 0x01, 0x00, 0x00, 0x00, 0x20, 0x00
    .byte 0x00, 0x20, 0x00, 0x00, 0x15, 0xb8, 0x15, 0x5a, 0x2c, 0x0c, 0x04, 0x00, 0x00, 0x15, 0x35, 0x2c
    .byte 0x0d, 0x00, 0x00, 0x00, 0x2c, 0x01, 0x00, 0x00, 0x00, 0x15, 0x78, 0x2c, 0x0c, 0x04, 0x00, 0x00
    .byte 0x15, 0x36, 0x2c, 0x01, 0x00, 0x00, 0x00, 0x15, 0x07, 0x15, 0x08, 0x00, 0x2c, 0x1e, 0x00, 0x00
    .byte 0x00, 0x15, 0x07, 0x15, 0x08, 0x2c, 0x01, 0x00, 0x00, 0x00, 0x15, 0x09, 0x2c, 0x06, 0x00, 0x00
    .byte 0x00, 0x15, 0x45, 0x15, 0x8b, 0x18, 0x70, 0x32, 0x00, 0x00, 0x00, 0x00, 0x00, 0x13, 0xe7, 0x27
    .byte 0x22, 0x02, 0x01, 0xd3, 0x27, 0x22, 0x02, 0x2c, 0xdf, 0x02, 0x00, 0x00, 0x2c, 0x01, 0x00, 0x00
    .byte 0x00, 0x20, 0x00, 0x00, 0x20, 0x00, 0x00, 0x15, 0xb8, 0x15, 0x5a, 0x20, 0x00, 0x00, 0x15, 0x09
    .byte 0x00, 0x2c, 0x01, 0x00, 0x00, 0x00, 0x15, 0x09, 0x2c, 0x06, 0x00, 0x00, 0x00, 0x15, 0x45, 0x37
    .byte 0x00, 0x06, 0x31, 0x00, 0x28, 0x00, 0x00, 0x00, 0x14, 0x48, 0x28, 0x22, 0x02, 0x15, 0x8b, 0x18
    .byte 0x70, 0x32, 0x00, 0x00, 0x00, 0x00, 0x00, 0x13, 0x31, 0x28, 0x22, 0x02, 0x01, 0x1d, 0x28, 0x22
    .byte 0x02, 0x2c, 0xdc, 0x02, 0x00, 0x00, 0x2c, 0x01, 0x00, 0x00, 0x00, 0x20, 0x00, 0x00, 0x20, 0x00
    .byte 0x00, 0x15, 0xb8, 0x25, 0x6e, 0x28, 0x22, 0x02, 0x15, 0x8b, 0x18, 0x70, 0x32, 0x00, 0x00, 0x00
    .byte 0x00, 0x00, 0x13, 0x5c, 0x28, 0x22, 0x02, 0x01, 0x48, 0x28, 0x22, 0x02, 0x2c, 0xdb, 0x02, 0x00
    .byte 0x00, 0x2c, 0x01, 0x00, 0x00, 0x00, 0x20, 0x00, 0x00, 0x20, 0x00, 0x00, 0x15, 0xb8, 0x15, 0x5a
    .byte 0x20, 0x00, 0x00, 0x15, 0x09, 0x2c, 0x0c, 0x04, 0x00, 0x00, 0x15, 0x35, 0x2c, 0x0d, 0x00, 0x00
    .byte 0x00, 0x2c, 0x01, 0x00, 0x00, 0x00, 0x15, 0x78, 0x2c, 0x0c, 0x04, 0x00, 0x00, 0x15, 0x36, 0x2c
    .byte 0x01, 0x00, 0x00, 0x00, 0x15, 0x07, 0x15, 0x08, 0x00, 0x2c, 0x07, 0x00, 0x00, 0x00, 0x15, 0x05
    .byte 0x2c, 0x19, 0x00, 0x00, 0x00, 0x15, 0x07, 0x15, 0x08, 0x2c, 0x01, 0x00, 0x00, 0x00, 0x15, 0x09
    .byte 0x2c, 0x06, 0x00, 0x00, 0x00, 0x15, 0x45, 0x15, 0x8b, 0x18, 0x70, 0x32, 0x00, 0x00, 0x00, 0x00
    .byte 0x00, 0x13, 0xcb, 0x28, 0x22, 0x02, 0x01, 0xb7, 0x28, 0x22, 0x02, 0x2c, 0xdd, 0x02, 0x00, 0x00
    .byte 0x2c, 0x01, 0x00, 0x00, 0x00, 0x20, 0x00, 0x00, 0x20, 0x00, 0x00, 0x15, 0xb8, 0x15, 0x5a, 0x2c
    .byte 0x07, 0x00, 0x00, 0x00, 0x15, 0x05, 0x00, 0x20, 0x00, 0x00, 0x15, 0x3c, 0x2c, 0x1b, 0x00, 0x00
    .byte 0x00, 0x15, 0x31, 0x18, 0x70, 0x32, 0x00, 0x45, 0x00, 0x00, 0x00, 0x14, 0x1d, 0x29, 0x22, 0x02
    .byte 0x2c, 0x01, 0x00, 0x00, 0x00, 0x15, 0x23, 0x2c, 0x40, 0x00, 0x00, 0x00, 0x2c, 0x20, 0x02, 0x00
    .byte 0x00, 0x2c, 0x58, 0x00, 0x00, 0x00, 0x15, 0x02, 0x25, 0x2e, 0x29, 0x22, 0x02, 0x2c, 0xc0, 0x00
    .byte 0x00, 0x00, 0x2c, 0x20, 0x02, 0x00, 0x00, 0x2c, 0x58, 0x00, 0x00, 0x00, 0x15, 0x02, 0x20, 0x00
    .byte 0x00, 0x15, 0x09, 0x2c, 0x46, 0x01, 0x00, 0x00, 0x15, 0x37, 0x18, 0x70, 0x14, 0x4f, 0x29, 0x22
    .byte 0x02, 0x2c, 0x01, 0x00, 0x00, 0x00, 0x15, 0x09, 0x2c, 0x03, 0x00, 0x00, 0x00, 0x15, 0x05, 0x00
    .byte 0x2c, 0x01, 0x00, 0x00, 0x00, 0x15, 0x09, 0x2c, 0x02, 0x00, 0x00, 0x00, 0x15, 0x05, 0x2c, 0x01
    .byte 0x00, 0x00, 0x00, 0x15, 0x06, 0x00, 0x2c, 0x03, 0x00, 0x00, 0x00, 0x15, 0x05, 0x00, 0x2c, 0x04
    .byte 0x00, 0x00, 0x00, 0x15, 0x05, 0x00, 0x20, 0x00, 0x00, 0x15, 0x3c, 0x2c, 0x1b, 0x00, 0x00, 0x00
    .byte 0x15, 0x31, 0x18, 0x70, 0x32, 0x00, 0x3f, 0x00, 0x00, 0x00, 0x14, 0xac, 0x29, 0x22, 0x02, 0x2c
    .byte 0x01, 0x00, 0x00, 0x00, 0x15, 0x23, 0x2c, 0x40, 0x00, 0x00, 0x00, 0x2c, 0x20, 0x02, 0x00, 0x00
    .byte 0x2c, 0x38, 0x00, 0x00, 0x00, 0x15, 0x02, 0x25, 0xbd, 0x29, 0x22, 0x02, 0x2c, 0xc0, 0x00, 0x00
    .byte 0x00, 0x2c, 0x20, 0x02, 0x00, 0x00, 0x2c, 0x38, 0x00, 0x00, 0x00, 0x15, 0x02, 0x20, 0x00, 0x00
    .byte 0x15, 0x09, 0x2c, 0x46, 0x01, 0x00, 0x00, 0x15, 0x37, 0x18, 0x70, 0x14, 0xde, 0x29, 0x22, 0x02
    .byte 0x2c, 0x01, 0x00, 0x00, 0x00, 0x15, 0x09, 0x2c, 0x0d, 0x00, 0x00, 0x00, 0x15, 0x05, 0x00, 0x2c
    .byte 0x01, 0x00, 0x00, 0x00, 0x15, 0x09, 0x2c, 0x0b, 0x00, 0x00, 0x00, 0x15, 0x05, 0x2c, 0x01, 0x00
    .byte 0x00, 0x00, 0x15, 0x06, 0x00, 0x2c, 0x0d, 0x00, 0x00, 0x00, 0x15, 0x05, 0x00, 0x2c, 0x0f, 0x00
    .byte 0x00, 0x00, 0x15, 0x05, 0x00, 0x2c, 0x1b, 0x00, 0x00, 0x00, 0x15, 0x31, 0x18, 0x70, 0x32, 0x00
    .byte 0x3d, 0x00, 0x00, 0x00, 0x14, 0x36, 0x2a, 0x22, 0x02, 0x2c, 0x01, 0x00, 0x00, 0x00, 0x15, 0x23
    .byte 0x2c, 0x40, 0x00, 0x00, 0x00, 0x2c, 0x20, 0x02, 0x00, 0x00, 0x2c, 0x38, 0x00, 0x00, 0x00, 0x15
    .byte 0x02, 0x25, 0x47, 0x2a, 0x22, 0x02, 0x2c, 0xc0, 0x00, 0x00, 0x00, 0x2c, 0x20, 0x02, 0x00, 0x00
    .byte 0x2c, 0x38, 0x00, 0x00, 0x00, 0x15, 0x02, 0x20, 0x00, 0x00, 0x15, 0x3c, 0x20, 0x00, 0x00, 0x15
    .byte 0x09, 0x2c, 0x07, 0x00, 0x00, 0x00, 0x15, 0x07, 0x15, 0x08, 0x2c, 0x14, 0x00, 0x00, 0x00, 0x15
    .byte 0x01, 0x18, 0x70, 0x32, 0x00, 0x00, 0x00, 0x00, 0x00, 0x14, 0x73, 0x2a, 0x22, 0x02, 0x01, 0x78
    .byte 0x2a, 0x22, 0x02, 0x01, 0x51, 0x2a, 0x22, 0x02, 0x2c, 0x01, 0x00, 0x00, 0x00, 0x15, 0x09, 0x2c
    .byte 0x02, 0x00, 0x00, 0x00, 0x15, 0x01, 0x18, 0x70, 0x32, 0x00, 0x00, 0x00, 0x00, 0x00, 0x14, 0xa2
    .byte 0x2a, 0x22, 0x02, 0x20, 0x00, 0x00, 0x2c, 0x02, 0x35, 0x00, 0x00, 0x15, 0xe0, 0x25, 0xac, 0x2a
    .byte 0x22, 0x02, 0x20, 0x00, 0x00, 0x2c, 0x03, 0x35, 0x00, 0x00, 0x15, 0xe0, 0x2c, 0x01, 0x00, 0x00
    .byte 0x00, 0x15, 0x05, 0x15, 0x16, 0x20, 0x00, 0x00, 0x15, 0x09, 0x01, 0x51, 0x2a, 0x22, 0x02, 0x2c
    .byte 0x01, 0x00, 0x00, 0x00, 0x15, 0x09, 0x20, 0x00, 0x00, 0x2c, 0x03, 0x35, 0x00, 0x00, 0x15, 0xe0
    .byte 0x2c, 0x01, 0x00, 0x00, 0x00, 0x15, 0x05, 0x15, 0x16, 0x20, 0x00, 0x00, 0x15, 0x09, 0x00, 0x03
    .byte 0x00, 0x0a, 0x00, 0x00, 0x00, 0x28, 0x00, 0x01, 0x20, 0x00, 0x00, 0x15, 0x3c, 0x2c, 0x1b, 0x00
    .byte 0x00, 0x00, 0x15, 0x31, 0x18, 0x70, 0x32, 0x00, 0x47, 0x00, 0x00, 0x00, 0x14, 0x17, 0x2b, 0x22
    .byte 0x02, 0x2c, 0x9e, 0x00, 0x00, 0x00, 0x2c, 0x20, 0x02, 0x00, 0x00, 0x2c, 0x48, 0x00, 0x00, 0x00
    .byte 0x15, 0x02, 0x25, 0x0e, 0x2c, 0x22, 0x02, 0x2c, 0x1b, 0x00, 0x00, 0x00, 0x15, 0x31, 0x18, 0x70
    .byte 0x32, 0x00, 0x48, 0x00, 0x00, 0x00, 0x14, 0x41, 0x2b, 0x22, 0x02, 0x2c, 0x94, 0x00, 0x00, 0x00
    .byte 0x2c, 0x20, 0x02, 0x00, 0x00, 0x2c, 0x48, 0x00, 0x00, 0x00, 0x15, 0x02, 0x25, 0x0e, 0x2c, 0x22
    .byte 0x02, 0x2c, 0x1b, 0x00, 0x00, 0x00, 0x15, 0x31, 0x18, 0x70, 0x32, 0x00, 0x49, 0x00, 0x00, 0x00
    .byte 0x14, 0x6b, 0x2b, 0x22, 0x02, 0x2c, 0x8a, 0x00, 0x00, 0x00, 0x2c, 0x20, 0x02, 0x00, 0x00, 0x2c
    .byte 0x48, 0x00, 0x00, 0x00, 0x15, 0x02, 0x25, 0x0e, 0x2c, 0x22, 0x02, 0x2c, 0x1b, 0x00, 0x00, 0x00
    .byte 0x15, 0x31, 0x18, 0x70, 0x32, 0x00, 0x4a, 0x00, 0x00, 0x00, 0x14, 0x95, 0x2b, 0x22, 0x02, 0x2c
    .byte 0x80, 0x00, 0x00, 0x00, 0x2c, 0x20, 0x02, 0x00, 0x00, 0x2c, 0x48, 0x00, 0x00, 0x00, 0x15, 0x02
    .byte 0x25, 0x0e, 0x2c, 0x22, 0x02, 0x2c, 0x1b, 0x00, 0x00, 0x00, 0x15, 0x31, 0x18, 0x70, 0x32, 0x00
    .byte 0x4b, 0x00, 0x00, 0x00, 0x14, 0xbf, 0x2b, 0x22, 0x02, 0x2c, 0x76, 0x00, 0x00, 0x00, 0x2c, 0x20
    .byte 0x02, 0x00, 0x00, 0x2c, 0x48, 0x00, 0x00, 0x00, 0x15, 0x02, 0x25, 0x0e, 0x2c, 0x22, 0x02, 0x2c
    .byte 0x1b, 0x00, 0x00, 0x00, 0x15, 0x31, 0x18, 0x70, 0x32, 0x00, 0x4c, 0x00, 0x00, 0x00, 0x14, 0xe9
    .byte 0x2b, 0x22, 0x02, 0x2c, 0x6c, 0x00, 0x00, 0x00, 0x2c, 0x20, 0x02, 0x00, 0x00, 0x2c, 0x48, 0x00
    .byte 0x00, 0x00, 0x15, 0x02, 0x25, 0x0e, 0x2c, 0x22, 0x02, 0x2c, 0x1b, 0x00, 0x00, 0x00, 0x15, 0x31
    .byte 0x18, 0x70, 0x32, 0x00, 0x4d, 0x00, 0x00, 0x00, 0x14, 0x0e, 0x2c, 0x22, 0x02, 0x2c, 0x62, 0x00
    .byte 0x00, 0x00, 0x2c, 0x20, 0x02, 0x00, 0x00, 0x2c, 0x48, 0x00, 0x00, 0x00, 0x15, 0x02, 0x37, 0x00
    .byte 0x06, 0x30, 0x00, 0x7f, 0x96, 0x98, 0x00, 0x14, 0x25, 0x2c, 0x22, 0x02, 0x03, 0x00, 0x7f, 0x96
    .byte 0x98, 0x00, 0x36, 0x00, 0x06, 0x2c, 0x1b, 0x00, 0x00, 0x00, 0x15, 0x31, 0x18, 0x70, 0x32, 0x00
    .byte 0x47, 0x00, 0x00, 0x00, 0x14, 0x5c, 0x2c, 0x22, 0x02, 0x37, 0x00, 0x06, 0x0b, 0x00, 0x0a, 0x00
    .byte 0x00, 0x00, 0x28, 0x00, 0x00, 0x2c, 0x0a, 0x00, 0x00, 0x00, 0x15, 0x05, 0x2f, 0x01, 0x15, 0x07
    .byte 0x15, 0x08, 0x2f, 0x00, 0x15, 0x05, 0x00, 0x25, 0xcd, 0x2e, 0x22, 0x02, 0x2c, 0x1b, 0x00, 0x00
    .byte 0x00, 0x15, 0x31, 0x18, 0x70, 0x32, 0x00, 0x48, 0x00, 0x00, 0x00, 0x14, 0xc5, 0x2c, 0x22, 0x02
    .byte 0x37, 0x00, 0x06, 0x0b, 0x00, 0x64, 0x00, 0x00, 0x00, 0x09, 0x00, 0x0a, 0x00, 0x00, 0x00, 0x28
    .byte 0x00, 0x00, 0x2b, 0x00, 0x00, 0x32, 0x00, 0x00, 0x00, 0x00, 0x00, 0x14, 0xa8, 0x2c, 0x22, 0x02
    .byte 0x37, 0x00, 0x06, 0x34, 0x00, 0x0a, 0x00, 0x00, 0x00, 0x14, 0xa8, 0x2c, 0x22, 0x02, 0x20, 0x00
    .byte 0x00, 0x15, 0x09, 0x25, 0xc0, 0x2c, 0x22, 0x02, 0x2c, 0x01, 0x00, 0x00, 0x00, 0x15, 0x09, 0x2c
    .byte 0x0a, 0x00, 0x00, 0x00, 0x15, 0x05, 0x2f, 0x01, 0x15, 0x07, 0x15, 0x08, 0x2f, 0x00, 0x15, 0x05
    .byte 0x25, 0xcd, 0x2e, 0x22, 0x02, 0x2c, 0x1b, 0x00, 0x00, 0x00, 0x15, 0x31, 0x18, 0x70, 0x32, 0x00
    .byte 0x49, 0x00, 0x00, 0x00, 0x14, 0x2e, 0x2d, 0x22, 0x02, 0x37, 0x00, 0x06, 0x0b, 0x00, 0xe8, 0x03
    .byte 0x00, 0x00, 0x09, 0x00, 0x64, 0x00, 0x00, 0x00, 0x28, 0x00, 0x00, 0x2b, 0x00, 0x00, 0x32, 0x00
    .byte 0x00, 0x00, 0x00, 0x00, 0x14, 0x11, 0x2d, 0x22, 0x02, 0x37, 0x00, 0x06, 0x34, 0x00, 0x64, 0x00
    .byte 0x00, 0x00, 0x14, 0x11, 0x2d, 0x22, 0x02, 0x20, 0x00, 0x00, 0x15, 0x09, 0x25, 0x29, 0x2d, 0x22
    .byte 0x02, 0x2c, 0x01, 0x00, 0x00, 0x00, 0x15, 0x09, 0x2c, 0x0a, 0x00, 0x00, 0x00, 0x15, 0x05, 0x2f
    .byte 0x01, 0x15, 0x07, 0x15, 0x08, 0x2f, 0x00, 0x15, 0x05, 0x25, 0xcd, 0x2e, 0x22, 0x02, 0x2c, 0x1b
    .byte 0x00, 0x00, 0x00, 0x15, 0x31, 0x18, 0x70, 0x32, 0x00, 0x4a, 0x00, 0x00, 0x00, 0x14, 0x97, 0x2d
    .byte 0x22, 0x02, 0x37, 0x00, 0x06, 0x0b, 0x00, 0x10, 0x27, 0x00, 0x00, 0x09, 0x00, 0xe8, 0x03, 0x00
    .byte 0x00, 0x28, 0x00, 0x00, 0x2b, 0x00, 0x00, 0x32, 0x00, 0x00, 0x00, 0x00, 0x00, 0x14, 0x7a, 0x2d
    .byte 0x22, 0x02, 0x37, 0x00, 0x06, 0x34, 0x00, 0xe8, 0x03, 0x00, 0x00, 0x14, 0x7a, 0x2d, 0x22, 0x02
    .byte 0x20, 0x00, 0x00, 0x15, 0x09, 0x25, 0x92, 0x2d, 0x22, 0x02, 0x2c, 0x01, 0x00, 0x00, 0x00, 0x15
    .byte 0x09, 0x2c, 0x0a, 0x00, 0x00, 0x00, 0x15, 0x05, 0x2f, 0x01, 0x15, 0x07, 0x15, 0x08, 0x2f, 0x00
    .byte 0x15, 0x05, 0x25, 0xcd, 0x2e, 0x22, 0x02, 0x2c, 0x1b, 0x00, 0x00, 0x00, 0x15, 0x31, 0x18, 0x70
    .byte 0x32, 0x00, 0x4b, 0x00, 0x00, 0x00, 0x14, 0x00, 0x2e, 0x22, 0x02, 0x37, 0x00, 0x06, 0x0b, 0x00
    .byte 0xa0, 0x86, 0x01, 0x00, 0x09, 0x00, 0x10, 0x27, 0x00, 0x00, 0x28, 0x00, 0x00, 0x2b, 0x00, 0x00
    .byte 0x32, 0x00, 0x00, 0x00, 0x00, 0x00, 0x14, 0xe3, 0x2d, 0x22, 0x02, 0x37, 0x00, 0x06, 0x34, 0x00
    .byte 0x10, 0x27, 0x00, 0x00, 0x14, 0xe3, 0x2d, 0x22, 0x02, 0x20, 0x00, 0x00, 0x15, 0x09, 0x25, 0xfb
    .byte 0x2d, 0x22, 0x02, 0x2c, 0x01, 0x00, 0x00, 0x00, 0x15, 0x09, 0x2c, 0x0a, 0x00, 0x00, 0x00, 0x15
    .byte 0x05, 0x2f, 0x01, 0x15, 0x07, 0x15, 0x08, 0x2f, 0x00, 0x15, 0x05, 0x25, 0xcd, 0x2e, 0x22, 0x02
    .byte 0x2c, 0x1b, 0x00, 0x00, 0x00, 0x15, 0x31, 0x18, 0x70, 0x32, 0x00, 0x4c, 0x00, 0x00, 0x00, 0x14
    .byte 0x69, 0x2e, 0x22, 0x02, 0x37, 0x00, 0x06, 0x0b, 0x00, 0x40, 0x42, 0x0f, 0x00, 0x09, 0x00, 0xa0
    .byte 0x86, 0x01, 0x00, 0x28, 0x00, 0x00, 0x2b, 0x00, 0x00, 0x32, 0x00, 0x00, 0x00, 0x00, 0x00, 0x14
    .byte 0x4c, 0x2e, 0x22, 0x02, 0x37, 0x00, 0x06, 0x34, 0x00, 0xa0, 0x86, 0x01, 0x00, 0x14, 0x4c, 0x2e
    .byte 0x22, 0x02, 0x20, 0x00, 0x00, 0x15, 0x09, 0x25, 0x64, 0x2e, 0x22, 0x02, 0x2c, 0x01, 0x00, 0x00
    .byte 0x00, 0x15, 0x09, 0x2c, 0x0a, 0x00, 0x00, 0x00, 0x15, 0x05, 0x2f, 0x01, 0x15, 0x07, 0x15, 0x08
    .byte 0x2f, 0x00, 0x15, 0x05, 0x25, 0xcd, 0x2e, 0x22, 0x02, 0x2c, 0x1b, 0x00, 0x00, 0x00, 0x15, 0x31
    .byte 0x18, 0x70, 0x32, 0x00, 0x4d, 0x00, 0x00, 0x00, 0x14, 0xcd, 0x2e, 0x22, 0x02, 0x37, 0x00, 0x06
    .byte 0x0b, 0x00, 0x80, 0x96, 0x98, 0x00, 0x09, 0x00, 0x40, 0x42, 0x0f, 0x00, 0x28, 0x00, 0x00, 0x2b
    .byte 0x00, 0x00, 0x32, 0x00, 0x00, 0x00, 0x00, 0x00, 0x14, 0xb5, 0x2e, 0x22, 0x02, 0x37, 0x00, 0x06
    .byte 0x34, 0x00, 0x40, 0x42, 0x0f, 0x00, 0x14, 0xb5, 0x2e, 0x22, 0x02, 0x20, 0x00, 0x00, 0x15, 0x09
    .byte 0x25, 0xcd, 0x2e, 0x22, 0x02, 0x2c, 0x01, 0x00, 0x00, 0x00, 0x15, 0x09, 0x2c, 0x0a, 0x00, 0x00
    .byte 0x00, 0x15, 0x05, 0x2f, 0x01, 0x15, 0x07, 0x15, 0x08, 0x2f, 0x00, 0x15, 0x05, 0x20, 0x00, 0x00
    .byte 0x15, 0x07, 0x15, 0x08, 0x00, 0x2c, 0x01, 0x00, 0x00, 0x00, 0x15, 0x09, 0x03, 0x00, 0x00, 0x00
    .byte 0x00, 0x00, 0x32, 0x00, 0x01, 0x00, 0x00, 0x00, 0x14, 0xf9, 0x2e, 0x22, 0x02, 0x2c, 0x01, 0x00
    .byte 0x00, 0x00, 0x15, 0x05, 0x25, 0xfe, 0x2e, 0x22, 0x02, 0x20, 0x00, 0x00, 0x15, 0x05, 0x2c, 0x80
    .byte 0x01, 0x00, 0x00, 0x2c, 0x10, 0x01, 0x00, 0x00, 0x20, 0x00, 0x00, 0x15, 0x02, 0x20, 0x00, 0x00
    .byte 0x2c, 0xff, 0xff, 0xff, 0xff, 0x15, 0x03, 0x2c, 0x2e, 0x00, 0x00, 0x00, 0x15, 0x37, 0x18, 0x70
    .byte 0x32, 0x00, 0x01, 0x00, 0x00, 0x00, 0x14, 0x58, 0x2f, 0x22, 0x02, 0x2c, 0x0b, 0x00, 0x00, 0x00
    .byte 0x2c, 0x02, 0x00, 0x00, 0x00, 0x15, 0x78, 0x2c, 0x01, 0x00, 0x00, 0x00, 0x15, 0x07, 0x15, 0x08
    .byte 0x2c, 0x01, 0x00, 0x00, 0x00, 0x2c, 0x03, 0x00, 0x00, 0x00, 0x15, 0x4b, 0x2c, 0x03, 0x00, 0x00
    .byte 0x00, 0x2c, 0x65, 0x2f, 0x22, 0x02, 0x15, 0x29, 0x2c, 0x02, 0x00, 0x00, 0x00, 0x2c, 0x5e, 0x30
    .byte 0x22, 0x02, 0x15, 0x29, 0x00, 0x20, 0x00, 0x00, 0x2c, 0xff, 0xff, 0xff, 0xff, 0x2c, 0xff, 0xff
    .byte 0xff, 0xff, 0x15, 0xdd, 0x18, 0x70, 0x14, 0xa5, 0x2f, 0x22, 0x02, 0x2c, 0x03, 0x00, 0x00, 0x00
    .byte 0x2c, 0xff, 0xff, 0xff, 0xff, 0x2c, 0xff, 0xff, 0xff, 0xff, 0x15, 0xdd, 0x18, 0x70, 0x32, 0x00
    .byte 0x00, 0x00, 0x00, 0x00, 0x14, 0xa5, 0x2f, 0x22, 0x02, 0x2c, 0x01, 0x00, 0x00, 0x00, 0x2c, 0xaf
    .byte 0x30, 0x22, 0x02, 0x15, 0x39, 0x20, 0x00, 0x00, 0x2c, 0x77, 0xf5, 0x21, 0x02, 0x15, 0x39, 0x20
    .byte 0x00, 0x00, 0x15, 0x42, 0x18, 0x70, 0x32, 0x00, 0x00, 0x00, 0x00, 0x00, 0x14, 0xc6, 0x2f, 0x22
    .byte 0x02, 0x01, 0xaf, 0x2f, 0x22, 0x02, 0x2c, 0x1e, 0x00, 0x00, 0x00, 0x15, 0x07, 0x15, 0x08, 0x20
    .byte 0x00, 0x00, 0x2c, 0xd1, 0x31, 0x22, 0x02, 0x15, 0x39, 0x20, 0x00, 0x00, 0x15, 0x42, 0x18, 0x70
    .byte 0x32, 0x00, 0x00, 0x00, 0x00, 0x00, 0x14, 0xf0, 0x2f, 0x22, 0x02, 0x01, 0xd9, 0x2f, 0x22, 0x02
    .byte 0x20, 0x00, 0x00, 0x2c, 0x6f, 0xf5, 0x21, 0x02, 0x15, 0x39, 0x20, 0x00, 0x00, 0x15, 0x42, 0x18
    .byte 0x70, 0x32, 0x00, 0x00, 0x00, 0x00, 0x00, 0x14, 0x11, 0x30, 0x22, 0x02, 0x01, 0xfa, 0x2f, 0x22
    .byte 0x02, 0x20, 0x00, 0x00, 0x2c, 0xff, 0xff, 0xff, 0xff, 0x2c, 0xff, 0xff, 0xff, 0xff, 0x15, 0xdd
    .byte 0x18, 0x70, 0x14, 0x51, 0x30, 0x22, 0x02, 0x2c, 0x03, 0x00, 0x00, 0x00, 0x2c, 0xff, 0xff, 0xff
    .byte 0xff, 0x2c, 0xff, 0xff, 0xff, 0xff, 0x15, 0xdd, 0x18, 0x70, 0x32, 0x00, 0x00, 0x00, 0x00, 0x00
    .byte 0x14, 0x51, 0x30, 0x22, 0x02, 0x2c, 0x01, 0x00, 0x00, 0x00, 0x2c, 0xd2, 0x30, 0x22, 0x02, 0x15
    .byte 0x39, 0x2c, 0x02, 0x00, 0x00, 0x00, 0x2c, 0x5e, 0x30, 0x22, 0x02, 0x15, 0x29, 0x00, 0x2c, 0xee
    .byte 0x03, 0x00, 0x00, 0x15, 0x37, 0x18, 0x70, 0x14, 0x6d, 0x30, 0x22, 0x02, 0x00, 0x20, 0x00, 0x00
    .byte 0x15, 0x9b, 0x18, 0x70, 0x14, 0x8d, 0x30, 0x22, 0x02, 0x20, 0x00, 0x00, 0x2c, 0xff, 0xff, 0xff
    .byte 0xff, 0x2c, 0xff, 0xff, 0xff, 0xff, 0x2c, 0xff, 0xff, 0xff, 0xff, 0x15, 0x89, 0x20, 0x00, 0x00
    .byte 0x2c, 0xdc, 0x30, 0x22, 0x02, 0x15, 0x39, 0x20, 0x00, 0x00, 0x15, 0x42, 0x18, 0x70, 0x32, 0x00
    .byte 0x00, 0x00, 0x00, 0x00, 0x14, 0xae, 0x30, 0x22, 0x02, 0x01, 0x97, 0x30, 0x22, 0x02, 0x00, 0x20
    .byte 0x00, 0x00, 0x15, 0x09, 0x2c, 0x80, 0x01, 0x00, 0x00, 0x2c, 0x10, 0x01, 0x00, 0x00, 0x20, 0x00
    .byte 0x00, 0x15, 0x02, 0x2c, 0x08, 0x00, 0x00, 0x00, 0x15, 0x05, 0x2c, 0x01, 0x00, 0x00, 0x00, 0x15
    .byte 0x06, 0x00, 0x2c, 0x01, 0x00, 0x00, 0x00, 0x15, 0x09, 0x15, 0x2c, 0x00, 0x20, 0x00, 0x00, 0x15
    .byte 0x18, 0x20, 0x00, 0x00, 0x15, 0x19, 0x2c, 0x80, 0x01, 0x00, 0x00, 0x2c, 0x11, 0x01, 0x00, 0x00
    .byte 0x20, 0x00, 0x00, 0x15, 0x02, 0x2c, 0x05, 0x00, 0x00, 0x00, 0x2d, 0xae, 0x15, 0xe0, 0x18, 0x70
    .byte 0x14, 0x13, 0x31, 0x22, 0x02, 0x2c, 0x16, 0x00, 0x00, 0x00, 0x2d, 0xae, 0x2c, 0x3c, 0x00, 0x00
    .byte 0x00, 0x15, 0x0a, 0x2c, 0x07, 0x00, 0x00, 0x00, 0x2c, 0x3c, 0x00, 0x00, 0x00, 0x15, 0xe0, 0x2c
    .byte 0x08, 0x00, 0x00, 0x00, 0x2c, 0x2e, 0x01, 0x00, 0x00, 0x15, 0xe0, 0x20, 0x00, 0x00, 0x2c, 0x00
    .byte 0x97, 0x00, 0x00, 0x15, 0xe0, 0x03, 0x00, 0x00, 0x00, 0x00, 0x00, 0x32, 0x00, 0x01, 0x00, 0x00
    .byte 0x00, 0x14, 0x66, 0x31, 0x22, 0x02, 0x2c, 0x05, 0x10, 0x00, 0x00, 0x2c, 0x01, 0x10, 0x00, 0x00
    .byte 0x2c, 0x06, 0x10, 0x00, 0x00, 0x2c, 0x02, 0x00, 0x00, 0x00, 0x2c, 0x03, 0x00, 0x00, 0x00, 0x15
    .byte 0x73, 0x25, 0x7f, 0x31, 0x22, 0x02, 0x2c, 0x05, 0x10, 0x00, 0x00, 0x2c, 0x01, 0x10, 0x00, 0x00
    .byte 0x2c, 0x06, 0x10, 0x00, 0x00, 0x2c, 0x02, 0x00, 0x00, 0x00, 0x20, 0x00, 0x00, 0x15, 0x73, 0x2c
    .byte 0x00, 0x01, 0x00, 0x00, 0x15, 0x17, 0x15, 0x16, 0x2c, 0x2e, 0x00, 0x00, 0x00, 0x15, 0x35, 0x20
    .byte 0x00, 0x00, 0x15, 0x09, 0x2c, 0x0b, 0x00, 0x00, 0x00, 0x2c, 0x01, 0x00, 0x00, 0x00, 0x15, 0x78
    .byte 0x2c, 0x1e, 0x00, 0x00, 0x00, 0x15, 0x07, 0x15, 0x08, 0x2c, 0x09, 0x00, 0x00, 0x00, 0x2c, 0x2e
    .byte 0x01, 0x00, 0x00, 0x15, 0xe0, 0x2c, 0x15, 0x00, 0x00, 0x00, 0x2c, 0x80, 0x01, 0x00, 0x00, 0x2c
    .byte 0x10, 0x01, 0x00, 0x00, 0x20, 0x00, 0x00, 0x15, 0x4a, 0x2c, 0x26, 0x00, 0x00, 0x00, 0x15, 0x35
    .byte 0x00, 0x20, 0x00, 0x00, 0x15, 0x18, 0x20, 0x00, 0x00, 0x15, 0x19, 0x2c, 0x80, 0x01, 0x00, 0x00
    .byte 0x2c, 0x11, 0x01, 0x00, 0x00, 0x20, 0x00, 0x00, 0x15, 0x02, 0x2c, 0x08, 0x00, 0x00, 0x00, 0x2c
    .byte 0x2e, 0x01, 0x00, 0x00, 0x15, 0xe0, 0x20, 0x00, 0x00, 0x2c, 0x01, 0x97, 0x00, 0x00, 0x15, 0xe0
    .byte 0x03, 0x00, 0x00, 0x00, 0x00, 0x00, 0x32, 0x00, 0x01, 0x00, 0x00, 0x00, 0x14, 0x31, 0x32, 0x22
    .byte 0x02, 0x2c, 0x05, 0x10, 0x00, 0x00, 0x2c, 0x01, 0x10, 0x00, 0x00, 0x2c, 0x06, 0x10, 0x00, 0x00
    .byte 0x2c, 0x02, 0x00, 0x00, 0x00, 0x2c, 0x02, 0x00, 0x00, 0x00, 0x15, 0x73, 0x25, 0x4c, 0x32, 0x22
    .byte 0x02, 0x2c, 0x05, 0x10, 0x00, 0x00, 0x2c, 0x01, 0x10, 0x00, 0x00, 0x2c, 0x06, 0x10, 0x00, 0x00
    .byte 0x2c, 0x02, 0x00, 0x00, 0x00, 0x2c, 0x01, 0x00, 0x00, 0x00, 0x15, 0x73, 0x2c, 0x00, 0x01, 0x00
    .byte 0x00, 0x15, 0x17, 0x15, 0x16, 0x2c, 0x00, 0x10, 0x00, 0x00, 0x2c, 0x01, 0x10, 0x00, 0x00, 0x2c
    .byte 0x02, 0x10, 0x00, 0x00, 0x2c, 0x02, 0x00, 0x00, 0x00, 0x20, 0x00, 0x00, 0x15, 0x73, 0x2c, 0x01
    .byte 0x00, 0x00, 0x00, 0x15, 0x2b, 0x2c, 0x01, 0x00, 0x00, 0x00, 0x15, 0x06, 0x20, 0x00, 0x00, 0x2c
    .byte 0x10, 0x00, 0x00, 0x00, 0x20, 0x00, 0x00, 0x2c, 0x00, 0x10, 0x00, 0x00, 0x2c, 0x04, 0x00, 0x00
    .byte 0x00, 0x20, 0x00, 0x00, 0x15, 0x1a, 0x15, 0x21, 0x2c, 0x09, 0x00, 0x00, 0x00, 0x2c, 0x2e, 0x01
    .byte 0x00, 0x00, 0x15, 0xe0, 0x2c, 0x37, 0x00, 0x00, 0x00, 0x15, 0x35, 0x2c, 0x01, 0x00, 0x00, 0x00
    .byte 0x15, 0x18, 0x2c, 0x01, 0x00, 0x00, 0x00, 0x15, 0x19, 0x2c, 0x2e, 0x00, 0x00, 0x00, 0x15, 0x36
    .byte 0x00, 0x2c, 0x01, 0x00, 0x00, 0x00, 0x15, 0x09, 0x03, 0x00, 0x00, 0x00, 0x00, 0x00, 0x32, 0x00
    .byte 0x01, 0x00, 0x00, 0x00, 0x14, 0xe5, 0x32, 0x22, 0x02, 0x2c, 0x01, 0x00, 0x00, 0x00, 0x15, 0x05
    .byte 0x25, 0xea, 0x32, 0x22, 0x02, 0x20, 0x00, 0x00, 0x15, 0x05, 0x2c, 0x40, 0x00, 0x00, 0x00, 0x2c
    .byte 0x60, 0x00, 0x00, 0x00, 0x2c, 0x10, 0x00, 0x00, 0x00, 0x15, 0x02, 0x20, 0x00, 0x00, 0x2c, 0xff
    .byte 0xff, 0xff, 0xff, 0x15, 0x03, 0x2c, 0x2f, 0x00, 0x00, 0x00, 0x15, 0x37, 0x18, 0x70, 0x32, 0x00
    .byte 0x01, 0x00, 0x00, 0x00, 0x14, 0x46, 0x33, 0x22, 0x02, 0x2c, 0x0b, 0x00, 0x00, 0x00, 0x2c, 0x02
    .byte 0x00, 0x00, 0x00, 0x15, 0x78, 0x2c, 0x01, 0x00, 0x00, 0x00, 0x15, 0x07, 0x15, 0x08, 0x2c, 0x01
    .byte 0x00, 0x00, 0x00, 0x2c, 0x03, 0x00, 0x00, 0x00, 0x15, 0x4b, 0x2c, 0x03, 0x00, 0x00, 0x00, 0x2c
    .byte 0x53, 0x33, 0x22, 0x02, 0x15, 0x29, 0x2c, 0x02, 0x00, 0x00, 0x00, 0x2c, 0x4c, 0x34, 0x22, 0x02
    .byte 0x15, 0x29, 0x00, 0x20, 0x00, 0x00, 0x2c, 0xff, 0xff, 0xff, 0xff, 0x2c, 0xff, 0xff, 0xff, 0xff
    .byte 0x15, 0xdd, 0x18, 0x70, 0x14, 0x93, 0x33, 0x22, 0x02, 0x2c, 0x03, 0x00, 0x00, 0x00, 0x2c, 0xff
    .byte 0xff, 0xff, 0xff, 0x2c, 0xff, 0xff, 0xff, 0xff, 0x15, 0xdd, 0x18, 0x70, 0x32, 0x00, 0x00, 0x00
    .byte 0x00, 0x00, 0x14, 0x93, 0x33, 0x22, 0x02, 0x2c, 0x01, 0x00, 0x00, 0x00, 0x2c, 0x9d, 0x34, 0x22
    .byte 0x02, 0x15, 0x39, 0x20, 0x00, 0x00, 0x2c, 0x77, 0xf5, 0x21, 0x02, 0x15, 0x39, 0x20, 0x00, 0x00
    .byte 0x15, 0x42, 0x18, 0x70, 0x32, 0x00, 0x00, 0x00, 0x00, 0x00, 0x14, 0xb4, 0x33, 0x22, 0x02, 0x01
    .byte 0x9d, 0x33, 0x22, 0x02, 0x2c, 0x1e, 0x00, 0x00, 0x00, 0x15, 0x07, 0x15, 0x08, 0x20, 0x00, 0x00
    .byte 0x2c, 0xc3, 0x35, 0x22, 0x02, 0x15, 0x39, 0x20, 0x00, 0x00, 0x15, 0x42, 0x18, 0x70, 0x32, 0x00
    .byte 0x00, 0x00, 0x00, 0x00, 0x14, 0xde, 0x33, 0x22, 0x02, 0x01, 0xc7, 0x33, 0x22, 0x02, 0x20, 0x00
    .byte 0x00, 0x2c, 0x6f, 0xf5, 0x21, 0x02, 0x15, 0x39, 0x20, 0x00, 0x00, 0x15, 0x42, 0x18, 0x70, 0x32
    .byte 0x00, 0x00, 0x00, 0x00, 0x00, 0x14, 0xff, 0x33, 0x22, 0x02, 0x01, 0xe8, 0x33, 0x22, 0x02, 0x20
    .byte 0x00, 0x00, 0x2c, 0xff, 0xff, 0xff, 0xff, 0x2c, 0xff, 0xff, 0xff, 0xff, 0x15, 0xdd, 0x18, 0x70
    .byte 0x14, 0x3f, 0x34, 0x22, 0x02, 0x2c, 0x03, 0x00, 0x00, 0x00, 0x2c, 0xff, 0xff, 0xff, 0xff, 0x2c
    .byte 0xff, 0xff, 0xff, 0xff, 0x15, 0xdd, 0x18, 0x70, 0x32, 0x00, 0x00, 0x00, 0x00, 0x00, 0x14, 0x3f
    .byte 0x34, 0x22, 0x02, 0x2c, 0x01, 0x00, 0x00, 0x00, 0x2c, 0xc2, 0x34, 0x22, 0x02, 0x15, 0x39, 0x2c
    .byte 0x02, 0x00, 0x00, 0x00, 0x2c, 0x4c, 0x34, 0x22, 0x02, 0x15, 0x29, 0x00, 0x2c, 0xee, 0x03, 0x00
    .byte 0x00, 0x15, 0x37, 0x18, 0x70, 0x14, 0x5b, 0x34, 0x22, 0x02, 0x00, 0x20, 0x00, 0x00, 0x15, 0x9b
    .byte 0x18, 0x70, 0x14, 0x7b, 0x34, 0x22, 0x02, 0x20, 0x00, 0x00, 0x2c, 0xff, 0xff, 0xff, 0xff, 0x2c
    .byte 0xff, 0xff, 0xff, 0xff, 0x2c, 0xff, 0xff, 0xff, 0xff, 0x15, 0x89, 0x20, 0x00, 0x00, 0x2c, 0xcc
    .byte 0x34, 0x22, 0x02, 0x15, 0x39, 0x20, 0x00, 0x00, 0x15, 0x42, 0x18, 0x70, 0x32, 0x00, 0x00, 0x00
    .byte 0x00, 0x00, 0x14, 0x9c, 0x34, 0x22, 0x02, 0x01, 0x85, 0x34, 0x22, 0x02, 0x00, 0x20, 0x00, 0x00
    .byte 0x15, 0x09, 0x2c, 0x40, 0x00, 0x00, 0x00, 0x2c, 0x60, 0x00, 0x00, 0x00, 0x2c, 0x10, 0x00, 0x00
    .byte 0x00, 0x15, 0x02, 0x2c, 0x08, 0x00, 0x00, 0x00, 0x15, 0x05, 0x2c, 0x01, 0x00, 0x00, 0x00, 0x15
    .byte 0x06, 0x00, 0x2c, 0x01, 0x00, 0x00, 0x00, 0x15, 0x09, 0x15, 0x2c, 0x00, 0x20, 0x00, 0x00, 0x15
    .byte 0x18, 0x20, 0x00, 0x00, 0x15, 0x19, 0x2c, 0x40, 0x00, 0x00, 0x00, 0x2c, 0x61, 0x00, 0x00, 0x00
    .byte 0x2c, 0x10, 0x00, 0x00, 0x00, 0x15, 0x02, 0x2c, 0x05, 0x00, 0x00, 0x00, 0x2d, 0xae, 0x15, 0xe0
    .byte 0x18, 0x70, 0x14, 0x05, 0x35, 0x22, 0x02, 0x2c, 0x16, 0x00, 0x00, 0x00, 0x2d, 0xae, 0x2c, 0x3c
    .byte 0x00, 0x00, 0x00, 0x15, 0x0a, 0x2c, 0x07, 0x00, 0x00, 0x00, 0x2c, 0x3c, 0x00, 0x00, 0x00, 0x15
    .byte 0xe0, 0x2c, 0x08, 0x00, 0x00, 0x00, 0x2c, 0x2e, 0x01, 0x00, 0x00, 0x15, 0xe0, 0x20, 0x00, 0x00
    .byte 0x2c, 0x00, 0x97, 0x00, 0x00, 0x15, 0xe0, 0x03, 0x00, 0x00, 0x00, 0x00, 0x00, 0x32, 0x00, 0x01
    .byte 0x00, 0x00, 0x00, 0x14, 0x58, 0x35, 0x22, 0x02, 0x2c, 0x05, 0x10, 0x00, 0x00, 0x2c, 0x01, 0x10
    .byte 0x00, 0x00, 0x2c, 0x06, 0x10, 0x00, 0x00, 0x2c, 0x02, 0x00, 0x00, 0x00, 0x2c, 0x03, 0x00, 0x00
    .byte 0x00, 0x15, 0x73, 0x25, 0x71, 0x35, 0x22, 0x02, 0x2c, 0x05, 0x10, 0x00, 0x00, 0x2c, 0x01, 0x10
    .byte 0x00, 0x00, 0x2c, 0x06, 0x10, 0x00, 0x00, 0x2c, 0x02, 0x00, 0x00, 0x00, 0x20, 0x00, 0x00, 0x15
    .byte 0x73, 0x2c, 0x00, 0x01, 0x00, 0x00, 0x15, 0x17, 0x15, 0x16, 0x2c, 0x2f, 0x00, 0x00, 0x00, 0x15
    .byte 0x35, 0x20, 0x00, 0x00, 0x15, 0x09, 0x2c, 0x0b, 0x00, 0x00, 0x00, 0x2c, 0x01, 0x00, 0x00, 0x00
    .byte 0x15, 0x78, 0x2c, 0x1e, 0x00, 0x00, 0x00, 0x15, 0x07, 0x15, 0x08, 0x2c, 0x09, 0x00, 0x00, 0x00
    .byte 0x2c, 0x2e, 0x01, 0x00, 0x00, 0x15, 0xe0, 0x2c, 0x15, 0x00, 0x00, 0x00, 0x2c, 0x40, 0x00, 0x00
    .byte 0x00, 0x2c, 0x50, 0x00, 0x00, 0x00, 0x20, 0x00, 0x00, 0x15, 0x4a, 0x2c, 0x26, 0x00, 0x00, 0x00
    .byte 0x15, 0x35, 0x00, 0x20, 0x00, 0x00, 0x15, 0x18, 0x20, 0x00, 0x00, 0x15, 0x19, 0x2c, 0x40, 0x00
    .byte 0x00, 0x00, 0x2c, 0x61, 0x00, 0x00, 0x00, 0x2c, 0x10, 0x00, 0x00, 0x00, 0x15, 0x02, 0x2c, 0x08
    .byte 0x00, 0x00, 0x00, 0x2c, 0x2e, 0x01, 0x00, 0x00, 0x15, 0xe0, 0x20, 0x00, 0x00, 0x2c, 0x01, 0x97
    .byte 0x00, 0x00, 0x15, 0xe0, 0x03, 0x00, 0x00, 0x00, 0x00, 0x00, 0x32, 0x00, 0x01, 0x00, 0x00, 0x00
    .byte 0x14, 0x25, 0x36, 0x22, 0x02, 0x2c, 0x05, 0x10, 0x00, 0x00, 0x2c, 0x01, 0x10, 0x00, 0x00, 0x2c
    .byte 0x06, 0x10, 0x00, 0x00, 0x2c, 0x02, 0x00, 0x00, 0x00, 0x2c, 0x02, 0x00, 0x00, 0x00, 0x15, 0x73
    .byte 0x25, 0x40, 0x36, 0x22, 0x02, 0x2c, 0x05, 0x10, 0x00, 0x00, 0x2c, 0x01, 0x10, 0x00, 0x00, 0x2c
    .byte 0x06, 0x10, 0x00, 0x00, 0x2c, 0x02, 0x00, 0x00, 0x00, 0x2c, 0x01, 0x00, 0x00, 0x00, 0x15, 0x73
    .byte 0x2c, 0x00, 0x01, 0x00, 0x00, 0x15, 0x17, 0x15, 0x16, 0x2c, 0x00, 0x10, 0x00, 0x00, 0x2c, 0x01
    .byte 0x10, 0x00, 0x00, 0x2c, 0x02, 0x10, 0x00, 0x00, 0x2c, 0x02, 0x00, 0x00, 0x00, 0x20, 0x00, 0x00
    .byte 0x15, 0x73, 0x2c, 0x01, 0x00, 0x00, 0x00, 0x15, 0x2b, 0x2c, 0x01, 0x00, 0x00, 0x00, 0x15, 0x06
    .byte 0x20, 0x00, 0x00, 0x2c, 0x10, 0x00, 0x00, 0x00, 0x20, 0x00, 0x00, 0x2c, 0x00, 0x10, 0x00, 0x00
    .byte 0x2c, 0x04, 0x00, 0x00, 0x00, 0x20, 0x00, 0x00, 0x15, 0x1a, 0x15, 0x21, 0x2c, 0x09, 0x00, 0x00
    .byte 0x00, 0x2c, 0x2e, 0x01, 0x00, 0x00, 0x15, 0xe0, 0x2c, 0x37, 0x00, 0x00, 0x00, 0x15, 0x35, 0x2c
    .byte 0x01, 0x00, 0x00, 0x00, 0x15, 0x18, 0x2c, 0x01, 0x00, 0x00, 0x00, 0x15, 0x19, 0x2c, 0x2f, 0x00
    .byte 0x00, 0x00, 0x15, 0x36, 0x00, 0x2c, 0x01, 0x00, 0x00, 0x00, 0x15, 0x09, 0x03, 0x00, 0x00, 0x00
    .byte 0x00, 0x00, 0x32, 0x00, 0x01, 0x00, 0x00, 0x00, 0x14, 0xd9, 0x36, 0x22, 0x02, 0x2c, 0x01, 0x00
    .byte 0x00, 0x00, 0x15, 0x05, 0x25, 0xde, 0x36, 0x22, 0x02, 0x20, 0x00, 0x00, 0x15, 0x05, 0x2c, 0xa0
    .byte 0x03, 0x00, 0x00, 0x2c, 0x10, 0x01, 0x00, 0x00, 0x2c, 0xd0, 0xff, 0xff, 0xff, 0x15, 0x02, 0x20
    .byte 0x00, 0x00, 0x2c, 0xff, 0xff, 0xff, 0xff, 0x15, 0x03, 0x2c, 0x30, 0x00, 0x00, 0x00, 0x15, 0x37
    .byte 0x18, 0x70, 0x32, 0x00, 0x01, 0x00, 0x00, 0x00, 0x14, 0x3a, 0x37, 0x22, 0x02, 0x2c, 0x0b, 0x00
    .byte 0x00, 0x00, 0x2c, 0x02, 0x00, 0x00, 0x00, 0x15, 0x78, 0x2c, 0x01, 0x00, 0x00, 0x00, 0x15, 0x07
    .byte 0x15, 0x08, 0x2c, 0x01, 0x00, 0x00, 0x00, 0x2c, 0x03, 0x00, 0x00, 0x00, 0x15, 0x4b, 0x2c, 0x03
    .byte 0x00, 0x00, 0x00, 0x2c, 0x47, 0x37, 0x22, 0x02, 0x15, 0x29, 0x2c, 0x02, 0x00, 0x00, 0x00, 0x2c
    .byte 0x40, 0x38, 0x22, 0x02, 0x15, 0x29, 0x00, 0x20, 0x00, 0x00, 0x2c, 0xff, 0xff, 0xff, 0xff, 0x2c
    .byte 0xff, 0xff, 0xff, 0xff, 0x15, 0xdd, 0x18, 0x70, 0x14, 0x87, 0x37, 0x22, 0x02, 0x2c, 0x03, 0x00
    .byte 0x00, 0x00, 0x2c, 0xff, 0xff, 0xff, 0xff, 0x2c, 0xff, 0xff, 0xff, 0xff, 0x15, 0xdd, 0x18, 0x70
    .byte 0x32, 0x00, 0x00, 0x00, 0x00, 0x00, 0x14, 0x87, 0x37, 0x22, 0x02, 0x2c, 0x01, 0x00, 0x00, 0x00
    .byte 0x2c, 0x91, 0x38, 0x22, 0x02, 0x15, 0x39, 0x20, 0x00, 0x00, 0x2c, 0x77, 0xf5, 0x21, 0x02, 0x15
    .byte 0x39, 0x20, 0x00, 0x00, 0x15, 0x42, 0x18, 0x70, 0x32, 0x00, 0x00, 0x00, 0x00, 0x00, 0x14, 0xa8
    .byte 0x37, 0x22, 0x02, 0x01, 0x91, 0x37, 0x22, 0x02, 0x2c, 0x1e, 0x00, 0x00, 0x00, 0x15, 0x07, 0x15
    .byte 0x08, 0x20, 0x00, 0x00, 0x2c, 0xb7, 0x39, 0x22, 0x02, 0x15, 0x39, 0x20, 0x00, 0x00, 0x15, 0x42
    .byte 0x18, 0x70, 0x32, 0x00, 0x00, 0x00, 0x00, 0x00, 0x14, 0xd2, 0x37, 0x22, 0x02, 0x01, 0xbb, 0x37
    .byte 0x22, 0x02, 0x20, 0x00, 0x00, 0x2c, 0x6f, 0xf5, 0x21, 0x02, 0x15, 0x39, 0x20, 0x00, 0x00, 0x15
    .byte 0x42, 0x18, 0x70, 0x32, 0x00, 0x00, 0x00, 0x00, 0x00, 0x14, 0xf3, 0x37, 0x22, 0x02, 0x01, 0xdc
    .byte 0x37, 0x22, 0x02, 0x20, 0x00, 0x00, 0x2c, 0xff, 0xff, 0xff, 0xff, 0x2c, 0xff, 0xff, 0xff, 0xff
    .byte 0x15, 0xdd, 0x18, 0x70, 0x14, 0x33, 0x38, 0x22, 0x02, 0x2c, 0x03, 0x00, 0x00, 0x00, 0x2c, 0xff
    .byte 0xff, 0xff, 0xff, 0x2c, 0xff, 0xff, 0xff, 0xff, 0x15, 0xdd, 0x18, 0x70, 0x32, 0x00, 0x00, 0x00
    .byte 0x00, 0x00, 0x14, 0x33, 0x38, 0x22, 0x02, 0x2c, 0x01, 0x00, 0x00, 0x00, 0x2c, 0xb6, 0x38, 0x22
    .byte 0x02, 0x15, 0x39, 0x2c, 0x02, 0x00, 0x00, 0x00, 0x2c, 0x40, 0x38, 0x22, 0x02, 0x15, 0x29, 0x00
    .byte 0x2c, 0xee, 0x03, 0x00, 0x00, 0x15, 0x37, 0x18, 0x70, 0x14, 0x4f, 0x38, 0x22, 0x02, 0x00, 0x20
    .byte 0x00, 0x00, 0x15, 0x9b, 0x18, 0x70, 0x14, 0x6f, 0x38, 0x22, 0x02, 0x20, 0x00, 0x00, 0x2c, 0xff
    .byte 0xff, 0xff, 0xff, 0x2c, 0xff, 0xff, 0xff, 0xff, 0x2c, 0xff, 0xff, 0xff, 0xff, 0x15, 0x89, 0x20
    .byte 0x00, 0x00, 0x2c, 0xc0, 0x38, 0x22, 0x02, 0x15, 0x39, 0x20, 0x00, 0x00, 0x15, 0x42, 0x18, 0x70
    .byte 0x32, 0x00, 0x00, 0x00, 0x00, 0x00, 0x14, 0x90, 0x38, 0x22, 0x02, 0x01, 0x79, 0x38, 0x22, 0x02
    .byte 0x00, 0x20, 0x00, 0x00, 0x15, 0x09, 0x2c, 0xa0, 0x03, 0x00, 0x00, 0x2c, 0x10, 0x01, 0x00, 0x00
    .byte 0x2c, 0xd0, 0xff, 0xff, 0xff, 0x15, 0x02, 0x2c, 0x08, 0x00, 0x00, 0x00, 0x15, 0x05, 0x2c, 0x01
    .byte 0x00, 0x00, 0x00, 0x15, 0x06, 0x00, 0x2c, 0x01, 0x00, 0x00, 0x00, 0x15, 0x09, 0x15, 0x2c, 0x00
    .byte 0x20, 0x00, 0x00, 0x15, 0x18, 0x20, 0x00, 0x00, 0x15, 0x19, 0x2c, 0xa0, 0x03, 0x00, 0x00, 0x2c
    .byte 0x11, 0x01, 0x00, 0x00, 0x2c, 0xd0, 0xff, 0xff, 0xff, 0x15, 0x02, 0x2c, 0x05, 0x00, 0x00, 0x00
    .byte 0x2d, 0xae, 0x15, 0xe0, 0x18, 0x70, 0x14, 0xf9, 0x38, 0x22, 0x02, 0x2c, 0x16, 0x00, 0x00, 0x00
    .byte 0x2d, 0xae, 0x2c, 0x3c, 0x00, 0x00, 0x00, 0x15, 0x0a, 0x2c, 0x07, 0x00, 0x00, 0x00, 0x2c, 0x3c
    .byte 0x00, 0x00, 0x00, 0x15, 0xe0, 0x2c, 0x08, 0x00, 0x00, 0x00, 0x2c, 0x2e, 0x01, 0x00, 0x00, 0x15
    .byte 0xe0, 0x20, 0x00, 0x00, 0x2c, 0x00, 0x97, 0x00, 0x00, 0x15, 0xe0, 0x03, 0x00, 0x00, 0x00, 0x00
    .byte 0x00, 0x32, 0x00, 0x01, 0x00, 0x00, 0x00, 0x14, 0x4c, 0x39, 0x22, 0x02, 0x2c, 0x05, 0x10, 0x00
    .byte 0x00, 0x2c, 0x01, 0x10, 0x00, 0x00, 0x2c, 0x06, 0x10, 0x00, 0x00, 0x2c, 0x02, 0x00, 0x00, 0x00
    .byte 0x2c, 0x03, 0x00, 0x00, 0x00, 0x15, 0x73, 0x25, 0x65, 0x39, 0x22, 0x02, 0x2c, 0x05, 0x10, 0x00
    .byte 0x00, 0x2c, 0x01, 0x10, 0x00, 0x00, 0x2c, 0x06, 0x10, 0x00, 0x00, 0x2c, 0x02, 0x00, 0x00, 0x00
    .byte 0x20, 0x00, 0x00, 0x15, 0x73, 0x2c, 0x00, 0x01, 0x00, 0x00, 0x15, 0x17, 0x15, 0x16, 0x2c, 0x30
    .byte 0x00, 0x00, 0x00, 0x15, 0x35, 0x20, 0x00, 0x00, 0x15, 0x09, 0x2c, 0x0b, 0x00, 0x00, 0x00, 0x2c
    .byte 0x01, 0x00, 0x00, 0x00, 0x15, 0x78, 0x2c, 0x1e, 0x00, 0x00, 0x00, 0x15, 0x07, 0x15, 0x08, 0x2c
    .byte 0x09, 0x00, 0x00, 0x00, 0x2c, 0x2e, 0x01, 0x00, 0x00, 0x15, 0xe0, 0x2c, 0x15, 0x00, 0x00, 0x00
    .byte 0x2c, 0xa0, 0x03, 0x00, 0x00, 0x2c, 0x40, 0x01, 0x00, 0x00, 0x20, 0x00, 0x00, 0x15, 0x4a, 0x2c
    .byte 0x26, 0x00, 0x00, 0x00, 0x15, 0x35, 0x00, 0x20, 0x00, 0x00, 0x15, 0x18, 0x20, 0x00, 0x00, 0x15
    .byte 0x19, 0x2c, 0xa0, 0x03, 0x00, 0x00, 0x2c, 0x11, 0x01, 0x00, 0x00, 0x2c, 0xd0, 0xff, 0xff, 0xff
    .byte 0x15, 0x02, 0x2c, 0x08, 0x00, 0x00, 0x00, 0x2c, 0x2e, 0x01, 0x00, 0x00, 0x15, 0xe0, 0x20, 0x00
    .byte 0x00, 0x2c, 0x01, 0x97, 0x00, 0x00, 0x15, 0xe0, 0x03, 0x00, 0x00, 0x00, 0x00, 0x00, 0x32, 0x00
    .byte 0x01, 0x00, 0x00, 0x00, 0x14, 0x19, 0x3a, 0x22, 0x02, 0x2c, 0x05, 0x10, 0x00, 0x00, 0x2c, 0x01
    .byte 0x10, 0x00, 0x00, 0x2c, 0x06, 0x10, 0x00, 0x00, 0x2c, 0x02, 0x00, 0x00, 0x00, 0x2c, 0x02, 0x00
    .byte 0x00, 0x00, 0x15, 0x73, 0x25, 0x34, 0x3a, 0x22, 0x02, 0x2c, 0x05, 0x10, 0x00, 0x00, 0x2c, 0x01
    .byte 0x10, 0x00, 0x00, 0x2c, 0x06, 0x10, 0x00, 0x00, 0x2c, 0x02, 0x00, 0x00, 0x00, 0x2c, 0x01, 0x00
    .byte 0x00, 0x00, 0x15, 0x73, 0x2c, 0x00, 0x01, 0x00, 0x00, 0x15, 0x17, 0x15, 0x16, 0x2c, 0x00, 0x10
    .byte 0x00, 0x00, 0x2c, 0x01, 0x10, 0x00, 0x00, 0x2c, 0x02, 0x10, 0x00, 0x00, 0x2c, 0x02, 0x00, 0x00
    .byte 0x00, 0x20, 0x00, 0x00, 0x15, 0x73, 0x2c, 0x01, 0x00, 0x00, 0x00, 0x15, 0x2b, 0x2c, 0x01, 0x00
    .byte 0x00, 0x00, 0x15, 0x06, 0x20, 0x00, 0x00, 0x2c, 0x10, 0x00, 0x00, 0x00, 0x20, 0x00, 0x00, 0x2c
    .byte 0x00, 0x10, 0x00, 0x00, 0x2c, 0x04, 0x00, 0x00, 0x00, 0x20, 0x00, 0x00, 0x15, 0x1a, 0x15, 0x21
    .byte 0x2c, 0x09, 0x00, 0x00, 0x00, 0x2c, 0x2e, 0x01, 0x00, 0x00, 0x15, 0xe0, 0x2c, 0x37, 0x00, 0x00
    .byte 0x00, 0x15, 0x35, 0x2c, 0x01, 0x00, 0x00, 0x00, 0x15, 0x18, 0x2c, 0x01, 0x00, 0x00, 0x00, 0x15
    .byte 0x19, 0x2c, 0x30, 0x00, 0x00, 0x00, 0x15, 0x36, 0x00, 0x2c, 0x01, 0x00, 0x00, 0x00, 0x15, 0x09
    .byte 0x2c, 0x78, 0x03, 0x00, 0x00, 0x2c, 0x30, 0x01, 0x00, 0x00, 0x20, 0x00, 0x00, 0x15, 0x02, 0x2c
    .byte 0x02, 0x00, 0x00, 0x00, 0x15, 0x05, 0x2c, 0x01, 0x00, 0x00, 0x00, 0x15, 0x06, 0x2c, 0x30, 0x00
    .byte 0x00, 0x00, 0x15, 0x1b, 0x00, 0x2c, 0x01, 0x00, 0x00, 0x00, 0x15, 0x09, 0x2c, 0xc8, 0x03, 0x00
    .byte 0x00, 0x2c, 0x30, 0x01, 0x00, 0x00, 0x20, 0x00, 0x00, 0x15, 0x02, 0x2c, 0x01, 0x00, 0x00, 0x00
    .byte 0x15, 0x05, 0x2c, 0x01, 0x00, 0x00, 0x00, 0x15, 0x06, 0x2c, 0x30, 0x00, 0x00, 0x00, 0x15, 0x1b
    .byte 0x00, 0x2c, 0x01, 0x00, 0x00, 0x00, 0x15, 0x09, 0x2c, 0x02, 0x00, 0x00, 0x00, 0x15, 0x05, 0x2c
    .byte 0x01, 0x00, 0x00, 0x00, 0x15, 0x06, 0x2c, 0x00, 0x01, 0x00, 0x00, 0x15, 0x1b, 0x00, 0x2c, 0x01
    .byte 0x00, 0x00, 0x00, 0x15, 0x09, 0x2c, 0x01, 0x00, 0x00, 0x00, 0x15, 0x05, 0x2c, 0x01, 0x00, 0x00
    .byte 0x00, 0x15, 0x06, 0x2c, 0x00, 0x01, 0x00, 0x00, 0x15, 0x1b, 0x00, 0x2c, 0x70, 0x02, 0x00, 0x00
    .byte 0x2c, 0xe0, 0x00, 0x00, 0x00, 0x2c, 0x10, 0x00, 0x00, 0x00, 0x15, 0x02, 0x20, 0x00, 0x00, 0x2c
    .byte 0x40, 0x00, 0x00, 0x00, 0x15, 0x32, 0x2c, 0x01, 0x00, 0x00, 0x00, 0x2c, 0x10, 0x00, 0x00, 0x00
    .byte 0x15, 0x32, 0x03, 0x00, 0x00, 0x00, 0x00, 0x00, 0x32, 0x00, 0x02, 0x00, 0x00, 0x00, 0x14, 0x7d
    .byte 0x3b, 0x22, 0x02, 0x20, 0x00, 0x00, 0x2c, 0xf8, 0xff, 0xff, 0xff, 0x15, 0x03, 0x03, 0x00, 0x00
    .byte 0x00, 0x00, 0x00, 0x32, 0x00, 0x00, 0x00, 0x00, 0x00, 0x14, 0xa9, 0x3b, 0x22, 0x02, 0x2c, 0xe0
    .byte 0xff, 0xff, 0xff, 0x2c, 0xc8, 0xff, 0xff, 0xff, 0x2c, 0x20, 0x00, 0x00, 0x00, 0x2c, 0x08, 0x00
    .byte 0x00, 0x00, 0x15, 0x72, 0x25, 0x04, 0x3c, 0x22, 0x02, 0x03, 0x00, 0x00, 0x00, 0x00, 0x00, 0x32
    .byte 0x00, 0x01, 0x00, 0x00, 0x00, 0x14, 0xd5, 0x3b, 0x22, 0x02, 0x2c, 0xe8, 0xff, 0xff, 0xff, 0x2c
    .byte 0xc4, 0xff, 0xff, 0xff, 0x2c, 0x18, 0x00, 0x00, 0x00, 0x2c, 0x0c, 0x00, 0x00, 0x00, 0x15, 0x72
    .byte 0x25, 0x04, 0x3c, 0x22, 0x02, 0x03, 0x00, 0x00, 0x00, 0x00, 0x00, 0x32, 0x00, 0x02, 0x00, 0x00
    .byte 0x00, 0x14, 0x04, 0x3c, 0x22, 0x02, 0x20, 0x00, 0x00, 0x2c, 0x02, 0x00, 0x00, 0x00, 0x15, 0x38
    .byte 0x2c, 0xf0, 0xff, 0xff, 0xff, 0x2c, 0x80, 0xff, 0xff, 0xff, 0x2c, 0x10, 0x00, 0x00, 0x00, 0x20
    .byte 0x00, 0x00, 0x15, 0x72, 0x2c, 0x01, 0x00, 0x00, 0x00, 0x15, 0x09, 0x2c, 0xf2, 0x00, 0x00, 0x00
    .byte 0x15, 0x37, 0x18, 0x70, 0x32, 0x00, 0x01, 0x00, 0x00, 0x00, 0x14, 0x43, 0x3c, 0x22, 0x02, 0x2c
    .byte 0x01, 0x00, 0x00, 0x00, 0x15, 0x05, 0x2c, 0x01, 0x00, 0x00, 0x00, 0x15, 0x18, 0x2c, 0x01, 0x00
    .byte 0x00, 0x00, 0x15, 0x19, 0x20, 0x00, 0x00, 0x15, 0x1b, 0x01, 0x6f, 0x3c, 0x22, 0x02, 0x25, 0x6f
    .byte 0x3c, 0x22, 0x02, 0x20, 0x00, 0x00, 0x15, 0x05, 0x20, 0x00, 0x00, 0x15, 0x18, 0x20, 0x00, 0x00
    .byte 0x15, 0x19, 0x03, 0x00, 0x00, 0x00, 0x00, 0x00, 0x35, 0x00, 0x00, 0x00, 0x00, 0x00, 0x14, 0x6a
    .byte 0x3c, 0x22, 0x02, 0x2c, 0x00, 0x01, 0x00, 0x00, 0x15, 0x1b, 0x01, 0x4b, 0x3d, 0x22, 0x02, 0x2c
    .byte 0xf2, 0x00, 0x00, 0x00, 0x15, 0x37, 0x18, 0x70, 0x32, 0x00, 0x00, 0x00, 0x00, 0x00, 0x14, 0x46
    .byte 0x3d, 0x22, 0x02, 0x20, 0x00, 0x00, 0x15, 0x18, 0x20, 0x00, 0x00, 0x15, 0x19, 0x03, 0x00, 0x00
    .byte 0x00, 0x00, 0x00, 0x32, 0x00, 0x00, 0x00, 0x00, 0x00, 0x14, 0xca, 0x3c, 0x22, 0x02, 0x29, 0x00
    .byte 0xfe, 0x32, 0x00, 0xd9, 0x00, 0x00, 0x00, 0x14, 0xbb, 0x3c, 0x22, 0x02, 0x20, 0x00, 0x00, 0x2c
    .byte 0x80, 0x09, 0x00, 0x00, 0x15, 0xe0, 0x25, 0xc5, 0x3c, 0x22, 0x02, 0x20, 0x00, 0x00, 0x2c, 0x0a
    .byte 0x31, 0x00, 0x00, 0x15, 0xe0, 0x25, 0xd4, 0x3c, 0x22, 0x02, 0x20, 0x00, 0x00, 0x2c, 0x07, 0x31
    .byte 0x00, 0x00, 0x15, 0xe0, 0x2c, 0x03, 0x00, 0x00, 0x00, 0x15, 0x05, 0x15, 0x16, 0x20, 0x00, 0x00
    .byte 0x15, 0x05, 0x03, 0x00, 0x00, 0x00, 0x00, 0x00, 0x32, 0x00, 0x00, 0x00, 0x00, 0x00, 0x14, 0x1f
    .byte 0x3d, 0x22, 0x02, 0x29, 0x00, 0xfe, 0x32, 0x00, 0xd9, 0x00, 0x00, 0x00, 0x14, 0x10, 0x3d, 0x22
    .byte 0x02, 0x20, 0x00, 0x00, 0x2c, 0x82, 0x09, 0x00, 0x00, 0x15, 0xe0, 0x25, 0x1a, 0x3d, 0x22, 0x02
    .byte 0x20, 0x00, 0x00, 0x2c, 0x0c, 0x31, 0x00, 0x00, 0x15, 0xe0, 0x25, 0x29, 0x3d, 0x22, 0x02, 0x20
    .byte 0x00, 0x00, 0x2c, 0x09, 0x31, 0x00, 0x00, 0x15, 0xe0, 0x03, 0x00, 0x00, 0x00, 0x00, 0x00, 0x35
    .byte 0x00, 0x00, 0x00, 0x00, 0x00, 0x14, 0x41, 0x3d, 0x22, 0x02, 0x2c, 0x00, 0x01, 0x00, 0x00, 0x15
    .byte 0x1b, 0x01, 0x4b, 0x3d, 0x22, 0x02, 0x01, 0x6f, 0x3c, 0x22, 0x02, 0x2c, 0xf2, 0x00, 0x00, 0x00
    .byte 0x15, 0x37, 0x18, 0x70, 0x32, 0x00, 0x01, 0x00, 0x00, 0x00, 0x14, 0x15, 0x3e, 0x22, 0x02, 0x2c
    .byte 0x01, 0x00, 0x00, 0x00, 0x15, 0x18, 0x2c, 0x01, 0x00, 0x00, 0x00, 0x15, 0x19, 0x03, 0x00, 0x00
    .byte 0x00, 0x00, 0x00, 0x32, 0x00, 0x00, 0x00, 0x00, 0x00, 0x14, 0xaa, 0x3d, 0x22, 0x02, 0x29, 0x00
    .byte 0xfe, 0x32, 0x00, 0xd9, 0x00, 0x00, 0x00, 0x14, 0x9b, 0x3d, 0x22, 0x02, 0x20, 0x00, 0x00, 0x2c
    .byte 0x80, 0x09, 0x00, 0x00, 0x15, 0xe0, 0x25, 0xa5, 0x3d, 0x22, 0x02, 0x20, 0x00, 0x00, 0x2c, 0x0a
    .byte 0x31, 0x00, 0x00, 0x15, 0xe0, 0x25, 0xb4, 0x3d, 0x22, 0x02, 0x20, 0x00, 0x00, 0x2c, 0x07, 0x31
    .byte 0x00, 0x00, 0x15, 0xe0, 0x2c, 0x02, 0x00, 0x00, 0x00, 0x15, 0x05, 0x15, 0x16, 0x2c, 0x01, 0x00
    .byte 0x00, 0x00, 0x15, 0x05, 0x03, 0x00, 0x00, 0x00, 0x00, 0x00, 0x32, 0x00, 0x00, 0x00, 0x00, 0x00
    .byte 0x14, 0x01, 0x3e, 0x22, 0x02, 0x29, 0x00, 0xfe, 0x32, 0x00, 0xd9, 0x00, 0x00, 0x00, 0x14, 0xf2
    .byte 0x3d, 0x22, 0x02, 0x20, 0x00, 0x00, 0x2c, 0x81, 0x09, 0x00, 0x00, 0x15, 0xe0, 0x25, 0xfc, 0x3d
    .byte 0x22, 0x02, 0x20, 0x00, 0x00, 0x2c, 0x0b, 0x31, 0x00, 0x00, 0x15, 0xe0, 0x25, 0x0b, 0x3e, 0x22
    .byte 0x02, 0x20, 0x00, 0x00, 0x2c, 0x08, 0x31, 0x00, 0x00, 0x15, 0xe0, 0x20, 0x00, 0x00, 0x15, 0x1b
    .byte 0x01, 0x6f, 0x3c, 0x22, 0x02, 0x01, 0x4b, 0x3d, 0x22, 0x02, 0x00, 0x2c, 0x30, 0x03, 0x00, 0x00
    .byte 0x2c, 0xcc, 0x00, 0x00, 0x00, 0x2c, 0x10, 0x00, 0x00, 0x00, 0x15, 0x02, 0x20, 0x00, 0x00, 0x2c
    .byte 0x20, 0x00, 0x00, 0x00, 0x15, 0x32, 0x2c, 0x01, 0x00, 0x00, 0x00, 0x2c, 0x48, 0x00, 0x00, 0x00
    .byte 0x15, 0x32, 0x03, 0x00, 0x02, 0x00, 0x00, 0x00, 0x32, 0x00, 0x02, 0x00, 0x00, 0x00, 0x14, 0x5d
    .byte 0x3e, 0x22, 0x02, 0x20, 0x00, 0x00, 0x2c, 0xdc, 0xff, 0xff, 0xff, 0x15, 0x03, 0x03, 0x00, 0x02
    .byte 0x00, 0x00, 0x00, 0x32, 0x00, 0x00, 0x00, 0x00, 0x00, 0x14, 0x89, 0x3e, 0x22, 0x02, 0x2c, 0xe0
    .byte 0xff, 0xff, 0xff, 0x2c, 0xc8, 0xff, 0xff, 0xff, 0x2c, 0x20, 0x00, 0x00, 0x00, 0x2c, 0x08, 0x00
    .byte 0x00, 0x00, 0x15, 0x72, 0x25, 0xe4, 0x3e, 0x22, 0x02, 0x03, 0x00, 0x02, 0x00, 0x00, 0x00, 0x32
    .byte 0x00, 0x01, 0x00, 0x00, 0x00, 0x14, 0xb5, 0x3e, 0x22, 0x02, 0x2c, 0xe8, 0xff, 0xff, 0xff, 0x2c
    .byte 0xc4, 0xff, 0xff, 0xff, 0x2c, 0x18, 0x00, 0x00, 0x00, 0x2c, 0x0c, 0x00, 0x00, 0x00, 0x15, 0x72
    .byte 0x25, 0xe4, 0x3e, 0x22, 0x02, 0x03, 0x00, 0x02, 0x00, 0x00, 0x00, 0x32, 0x00, 0x02, 0x00, 0x00
    .byte 0x00, 0x14, 0xe4, 0x3e, 0x22, 0x02, 0x20, 0x00, 0x00, 0x2c, 0x02, 0x00, 0x00, 0x00, 0x15, 0x38
    .byte 0x2c, 0xf0, 0xff, 0xff, 0xff, 0x2c, 0x80, 0xff, 0xff, 0xff, 0x2c, 0x10, 0x00, 0x00, 0x00, 0x20
    .byte 0x00, 0x00, 0x15, 0x72, 0x2c, 0x01, 0x00, 0x00, 0x00, 0x15, 0x09, 0x2c, 0xf4, 0x00, 0x00, 0x00
    .byte 0x15, 0x37, 0x18, 0x70, 0x32, 0x00, 0x00, 0x00, 0x00, 0x00, 0x14, 0x23, 0x3f, 0x22, 0x02, 0x2c
    .byte 0x01, 0x00, 0x00, 0x00, 0x15, 0x05, 0x2c, 0x01, 0x00, 0x00, 0x00, 0x15, 0x18, 0x2c, 0x01, 0x00
    .byte 0x00, 0x00, 0x15, 0x19, 0x20, 0x00, 0x00, 0x15, 0x1b, 0x01, 0x4f, 0x3f, 0x22, 0x02, 0x25, 0x4f
    .byte 0x3f, 0x22, 0x02, 0x20, 0x00, 0x00, 0x15, 0x05, 0x20, 0x00, 0x00, 0x15, 0x18, 0x20, 0x00, 0x00
    .byte 0x15, 0x19, 0x03, 0x00, 0x02, 0x00, 0x00, 0x00, 0x35, 0x00, 0x00, 0x00, 0x00, 0x00, 0x14, 0x4a
    .byte 0x3f, 0x22, 0x02, 0x2c, 0x00, 0x01, 0x00, 0x00, 0x15, 0x1b, 0x01, 0x2b, 0x40, 0x22, 0x02, 0x2c
    .byte 0xf4, 0x00, 0x00, 0x00, 0x15, 0x37, 0x18, 0x70, 0x32, 0x00, 0x01, 0x00, 0x00, 0x00, 0x14, 0x26
    .byte 0x40, 0x22, 0x02, 0x20, 0x00, 0x00, 0x15, 0x18, 0x20, 0x00, 0x00, 0x15, 0x19, 0x03, 0x00, 0x02
    .byte 0x00, 0x00, 0x00, 0x32, 0x00, 0x00, 0x00, 0x00, 0x00, 0x14, 0xaa, 0x3f, 0x22, 0x02, 0x29, 0x00
    .byte 0xfe, 0x32, 0x00, 0xd9, 0x00, 0x00, 0x00, 0x14, 0x9b, 0x3f, 0x22, 0x02, 0x20, 0x00, 0x00, 0x2c
    .byte 0x80, 0x09, 0x00, 0x00, 0x15, 0xe0, 0x25, 0xa5, 0x3f, 0x22, 0x02, 0x20, 0x00, 0x00, 0x2c, 0x0a
    .byte 0x31, 0x00, 0x00, 0x15, 0xe0, 0x25, 0xb4, 0x3f, 0x22, 0x02, 0x20, 0x00, 0x00, 0x2c, 0x07, 0x31
    .byte 0x00, 0x00, 0x15, 0xe0, 0x2c, 0x03, 0x00, 0x00, 0x00, 0x15, 0x05, 0x15, 0x16, 0x20, 0x00, 0x00
    .byte 0x15, 0x05, 0x03, 0x00, 0x02, 0x00, 0x00, 0x00, 0x32, 0x00, 0x00, 0x00, 0x00, 0x00, 0x14, 0xff
    .byte 0x3f, 0x22, 0x02, 0x29, 0x00, 0xfe, 0x32, 0x00, 0xd9, 0x00, 0x00, 0x00, 0x14, 0xf0, 0x3f, 0x22
    .byte 0x02, 0x20, 0x00, 0x00, 0x2c, 0x82, 0x09, 0x00, 0x00, 0x15, 0xe0, 0x25, 0xfa, 0x3f, 0x22, 0x02
    .byte 0x20, 0x00, 0x00, 0x2c, 0x0c, 0x31, 0x00, 0x00, 0x15, 0xe0, 0x25, 0x09, 0x40, 0x22, 0x02, 0x20
    .byte 0x00, 0x00, 0x2c, 0x09, 0x31, 0x00, 0x00, 0x15, 0xe0, 0x03, 0x00, 0x02, 0x00, 0x00, 0x00, 0x35
    .byte 0x00, 0x00, 0x00, 0x00, 0x00, 0x14, 0x21, 0x40, 0x22, 0x02, 0x2c, 0x00, 0x01, 0x00, 0x00, 0x15
    .byte 0x1b, 0x01, 0x2b, 0x40, 0x22, 0x02, 0x01, 0x4f, 0x3f, 0x22, 0x02, 0x2c, 0xf4, 0x00, 0x00, 0x00
    .byte 0x15, 0x37, 0x18, 0x70, 0x32, 0x00, 0x00, 0x00, 0x00, 0x00, 0x14, 0xf5, 0x40, 0x22, 0x02, 0x2c
    .byte 0x01, 0x00, 0x00, 0x00, 0x15, 0x18, 0x2c, 0x01, 0x00, 0x00, 0x00, 0x15, 0x19, 0x03, 0x00, 0x02
    .byte 0x00, 0x00, 0x00, 0x32, 0x00, 0x00, 0x00, 0x00, 0x00, 0x14, 0x8a, 0x40, 0x22, 0x02, 0x29, 0x00
    .byte 0xfe, 0x32, 0x00, 0xd9, 0x00, 0x00, 0x00, 0x14, 0x7b, 0x40, 0x22, 0x02, 0x20, 0x00, 0x00, 0x2c
    .byte 0x80, 0x09, 0x00, 0x00, 0x15, 0xe0, 0x25, 0x85, 0x40, 0x22, 0x02, 0x20, 0x00, 0x00, 0x2c, 0x0a
    .byte 0x31, 0x00, 0x00, 0x15, 0xe0, 0x25, 0x94, 0x40, 0x22, 0x02, 0x20, 0x00, 0x00, 0x2c, 0x07, 0x31
    .byte 0x00, 0x00, 0x15, 0xe0, 0x2c, 0x02, 0x00, 0x00, 0x00, 0x15, 0x05, 0x15, 0x16, 0x2c, 0x01, 0x00
    .byte 0x00, 0x00, 0x15, 0x05, 0x03, 0x00, 0x02, 0x00, 0x00, 0x00, 0x32, 0x00, 0x00, 0x00, 0x00, 0x00
    .byte 0x14, 0xe1, 0x40, 0x22, 0x02, 0x29, 0x00, 0xfe, 0x32, 0x00, 0xd9, 0x00, 0x00, 0x00, 0x14, 0xd2
    .byte 0x40, 0x22, 0x02, 0x20, 0x00, 0x00, 0x2c, 0x81, 0x09, 0x00, 0x00, 0x15, 0xe0, 0x25, 0xdc, 0x40
    .byte 0x22, 0x02, 0x20, 0x00, 0x00, 0x2c, 0x0b, 0x31, 0x00, 0x00, 0x15, 0xe0, 0x25, 0xeb, 0x40, 0x22
    .byte 0x02, 0x20, 0x00, 0x00, 0x2c, 0x08, 0x31, 0x00, 0x00, 0x15, 0xe0, 0x20, 0x00, 0x00, 0x15, 0x1b
    .byte 0x01, 0x4f, 0x3f, 0x22, 0x02, 0x01, 0x2b, 0x40, 0x22, 0x02, 0x00, 0x2c, 0x60, 0x02, 0x00, 0x00
    .byte 0x2c, 0x70, 0x00, 0x00, 0x00, 0x2c, 0x10, 0x00, 0x00, 0x00, 0x15, 0x02, 0x2c, 0x01, 0x00, 0x00
    .byte 0x00, 0x15, 0x7d, 0x20, 0x00, 0x00, 0x2c, 0x06, 0x00, 0x00, 0x00, 0x15, 0x32, 0x2c, 0x01, 0x00
    .byte 0x00, 0x00, 0x2c, 0x06, 0x00, 0x00, 0x00, 0x15, 0x32, 0x2c, 0x08, 0x00, 0x00, 0x00, 0x2c, 0x08
    .byte 0x00, 0x00, 0x00, 0x15, 0x03, 0x2c, 0x40, 0x00, 0x00, 0x00, 0x15, 0x1b, 0x2c, 0x01, 0x00, 0x00
    .byte 0x00, 0x15, 0x09, 0x20, 0x00, 0x00, 0x15, 0x05, 0x2c, 0x02, 0x00, 0x00, 0x00, 0x2c, 0x55, 0x41
    .byte 0x22, 0x02, 0x15, 0x29, 0x00, 0x2c, 0xee, 0x03, 0x00, 0x00, 0x15, 0x37, 0x18, 0x70, 0x14, 0x64
    .byte 0x41, 0x22, 0x02, 0x00, 0x20, 0x00, 0x00, 0x15, 0x9b, 0x18, 0x70, 0x14, 0x84, 0x41, 0x22, 0x02
    .byte 0x20, 0x00, 0x00, 0x2c, 0xff, 0xff, 0xff, 0xff, 0x2c, 0xff, 0xff, 0xff, 0xff, 0x2c, 0xff, 0xff
    .byte 0xff, 0xff, 0x15, 0x89, 0x2c, 0xf2, 0x00, 0x00, 0x00, 0x15, 0x37, 0x18, 0x70, 0x32, 0x00, 0x01
    .byte 0x00, 0x00, 0x00, 0x14, 0xa4, 0x41, 0x22, 0x02, 0x2c, 0xf2, 0x00, 0x00, 0x00, 0x15, 0x36, 0x25
    .byte 0xab, 0x41, 0x22, 0x02, 0x2c, 0xf2, 0x00, 0x00, 0x00, 0x15, 0x35, 0x2c, 0x01, 0x00, 0x00, 0x00
    .byte 0x15, 0x05, 0x20, 0x00, 0x00, 0x2c, 0x0d, 0x31, 0x00, 0x00, 0x15, 0xe0, 0x2c, 0x1e, 0x00, 0x00
    .byte 0x00, 0x15, 0x07, 0x15, 0x08, 0x20, 0x00, 0x00, 0x15, 0x05, 0x00, 0x00, 0x2c, 0x0c, 0x03, 0x00
    .byte 0x00, 0x2c, 0x70, 0x00, 0x00, 0x00, 0x2c, 0x10, 0x00, 0x00, 0x00, 0x15, 0x02, 0x2c, 0x01, 0x00
    .byte 0x00, 0x00, 0x15, 0x7d, 0x20, 0x00, 0x00, 0x2c, 0x06, 0x00, 0x00, 0x00, 0x15, 0x32, 0x2c, 0x01
    .byte 0x00, 0x00, 0x00, 0x2c, 0x06, 0x00, 0x00, 0x00, 0x15, 0x32, 0x2c, 0x08, 0x00, 0x00, 0x00, 0x2c
    .byte 0x08, 0x00, 0x00, 0x00, 0x15, 0x03, 0x2c, 0x40, 0x00, 0x00, 0x00, 0x15, 0x1b, 0x2c, 0x01, 0x00
    .byte 0x00, 0x00, 0x15, 0x09, 0x20, 0x00, 0x00, 0x15, 0x05, 0x2c, 0x02, 0x00, 0x00, 0x00, 0x2c, 0x26
    .byte 0x42, 0x22, 0x02, 0x15, 0x29, 0x00, 0x2c, 0xee, 0x03, 0x00, 0x00, 0x15, 0x37, 0x18, 0x70, 0x14
    .byte 0x35, 0x42, 0x22, 0x02, 0x00, 0x20, 0x00, 0x00, 0x15, 0x9b, 0x18, 0x70, 0x14, 0x55, 0x42, 0x22
    .byte 0x02, 0x20, 0x00, 0x00, 0x2c, 0xff, 0xff, 0xff, 0xff, 0x2c, 0xff, 0xff, 0xff, 0xff, 0x2c, 0xff
    .byte 0xff, 0xff, 0xff, 0x15, 0x89, 0x2c, 0xf4, 0x00, 0x00, 0x00, 0x15, 0x37, 0x18, 0x70, 0x32, 0x00
    .byte 0x01, 0x00, 0x00, 0x00, 0x14, 0x75, 0x42, 0x22, 0x02, 0x2c, 0xf4, 0x00, 0x00, 0x00, 0x15, 0x36
    .byte 0x25, 0x7c, 0x42, 0x22, 0x02, 0x2c, 0xf4, 0x00, 0x00, 0x00, 0x15, 0x35, 0x2c, 0x01, 0x00, 0x00
    .byte 0x00, 0x15, 0x05, 0x20, 0x00, 0x00, 0x2c, 0x0d, 0x31, 0x00, 0x00, 0x15, 0xe0, 0x2c, 0x1e, 0x00
    .byte 0x00, 0x00, 0x15, 0x07, 0x15, 0x08, 0x20, 0x00, 0x00, 0x15, 0x05, 0x00, 0x00, 0x00, 0x2c, 0x08
    .byte 0x00, 0x00, 0x00, 0x2c, 0x65, 0x00, 0x00, 0x00, 0x15, 0xe0, 0x2c, 0x14, 0x00, 0x00, 0x00, 0x15
    .byte 0x07, 0x15, 0x08, 0x03, 0x00, 0x00, 0x00, 0x00, 0x00, 0x28, 0x00, 0x00, 0x2b, 0x00, 0x00, 0x29
    .byte 0x01, 0xbe, 0x1e, 0x10, 0x14, 0xed, 0x42, 0x22, 0x02, 0x20, 0x00, 0x00, 0x2c, 0x80, 0x32, 0x00
    .byte 0x00, 0x15, 0xe0, 0x2c, 0x0f, 0x00, 0x00, 0x00, 0x15, 0x07, 0x15, 0x08, 0x2b, 0x00, 0x00, 0x05
    .byte 0x00, 0x01, 0x00, 0x00, 0x00, 0x28, 0x00, 0x00, 0x25, 0xbc, 0x42, 0x22, 0x02, 0x2c, 0x09, 0x00
    .byte 0x00, 0x00, 0x2c, 0x65, 0x00, 0x00, 0x00, 0x15, 0xe0, 0x00, 0x20, 0x00, 0x00, 0x15, 0x09, 0x03
    .byte 0x00, 0x70, 0x02, 0x00, 0x00, 0x28, 0x00, 0x00, 0x03, 0x00, 0x6f, 0x01, 0x00, 0x00, 0x28, 0x00
    .byte 0x01, 0x03, 0x00, 0xd0, 0xff, 0xff, 0xff, 0x28, 0x00, 0x02, 0x2f, 0x00, 0x2b, 0x00, 0x01, 0x2b
    .byte 0x01, 0x02, 0x04, 0x10, 0x17, 0x00, 0x2f, 0x02, 0x15, 0x02, 0x20, 0x00, 0x00, 0x2c, 0x40, 0x00
    .byte 0x00, 0x00, 0x15, 0x32, 0x2c, 0x01, 0x00, 0x00, 0x00, 0x2c, 0x02, 0x00, 0x00, 0x00, 0x15, 0x32
    .byte 0x2c, 0x01, 0x00, 0x00, 0x00, 0x15, 0x7d, 0x2c, 0x02, 0x00, 0x00, 0x00, 0x2c, 0xcd, 0x43, 0x22
    .byte 0x02, 0x15, 0x29, 0x15, 0x27, 0x18, 0x70, 0x32, 0x00, 0xd0, 0xff, 0xff, 0xff, 0x14, 0x92, 0x43
    .byte 0x22, 0x02, 0x03, 0x00, 0x70, 0x02, 0x00, 0x00, 0x28, 0x00, 0x00, 0x03, 0x00, 0x6f, 0x01, 0x00
    .byte 0x00, 0x28, 0x00, 0x01, 0x03, 0x00, 0xd0, 0xff, 0xff, 0xff, 0x28, 0x00, 0x02, 0x2f, 0x00, 0x2b
    .byte 0x00, 0x01, 0x2b, 0x01, 0x02, 0x04, 0x10, 0x17, 0x00, 0x2f, 0x02, 0x15, 0x02, 0x25, 0xbd, 0x43
    .byte 0x22, 0x02, 0x03, 0x00, 0x70, 0x02, 0x00, 0x00, 0x28, 0x00, 0x00, 0x03, 0x00, 0x2f, 0x01, 0x00
    .byte 0x00, 0x28, 0x00, 0x01, 0x03, 0x00, 0x10, 0x00, 0x00, 0x00, 0x28, 0x00, 0x02, 0x2f, 0x00, 0x2b
    .byte 0x00, 0x01, 0x2b, 0x01, 0x02, 0x04, 0x10, 0x17, 0x00, 0x2f, 0x02, 0x15, 0x02, 0x01, 0x53, 0x43
    .byte 0x22, 0x02, 0x2c, 0x02, 0x00, 0x00, 0x00, 0x20, 0x00, 0x00, 0x15, 0x29, 0x00, 0x2c, 0xee, 0x03
    .byte 0x00, 0x00, 0x15, 0x37, 0x18, 0x70, 0x14, 0xdc, 0x43, 0x22, 0x02, 0x00, 0x2c, 0x02, 0x04, 0x00
    .byte 0x00, 0x15, 0x37, 0x18, 0x70, 0x14, 0xeb, 0x43, 0x22, 0x02, 0x00, 0x20, 0x00, 0x00, 0x15, 0x9b
    .byte 0x18, 0x70, 0x14, 0x0b, 0x44, 0x22, 0x02, 0x20, 0x00, 0x00, 0x2c, 0xff, 0xff, 0xff, 0xff, 0x2c
    .byte 0xff, 0xff, 0xff, 0xff, 0x2c, 0xff, 0xff, 0xff, 0xff, 0x15, 0x89, 0x15, 0x1f, 0x18, 0x70, 0x28
    .byte 0x00, 0x03, 0x15, 0x20, 0x18, 0x70, 0x28, 0x00, 0x04, 0x15, 0x27, 0x18, 0x70, 0x28, 0x00, 0x05
    .byte 0x03, 0x00, 0x00, 0x00, 0x00, 0x00, 0x28, 0x00, 0x06, 0x15, 0x27, 0x18, 0x70, 0x32, 0x00, 0xd0
    .byte 0xff, 0xff, 0xff, 0x14, 0x98, 0x45, 0x22, 0x02, 0x20, 0x00, 0x00, 0x2c, 0xfa, 0x46, 0x22, 0x02
    .byte 0x15, 0x39, 0x20, 0x00, 0x00, 0x15, 0x42, 0x18, 0x70, 0x32, 0x00, 0x00, 0x00, 0x00, 0x00, 0x14
    .byte 0x59, 0x44, 0x22, 0x02, 0x01, 0x42, 0x44, 0x22, 0x02, 0x20, 0x00, 0x00, 0x2c, 0xff, 0xff, 0xff
    .byte 0xff, 0x2c, 0xff, 0xff, 0xff, 0xff, 0x15, 0xdd, 0x18, 0x70, 0x14, 0x4b, 0x45, 0x22, 0x02, 0x2c
    .byte 0x03, 0x00, 0x00, 0x00, 0x2c, 0xff, 0xff, 0xff, 0xff, 0x2c, 0xff, 0xff, 0xff, 0xff, 0x15, 0xdd
    .byte 0x18, 0x70, 0x32, 0x00, 0x00, 0x00, 0x00, 0x00, 0x14, 0x4b, 0x45, 0x22, 0x02, 0x03, 0x00, 0x40
    .byte 0x00, 0x00, 0x00, 0x30, 0x00, 0x10, 0x00, 0x00, 0x00, 0x14, 0x4b, 0x45, 0x22, 0x02, 0x15, 0x6f
    .byte 0x18, 0x70, 0x2b, 0x01, 0x05, 0x1c, 0x10, 0x14, 0x4b, 0x45, 0x22, 0x02, 0x15, 0x10, 0x18, 0x70
    .byte 0x17, 0x00, 0x15, 0x11, 0x18, 0x70, 0x17, 0x00, 0x20, 0x00, 0x00, 0x15, 0x6d, 0x18, 0x70, 0x17
    .byte 0x00, 0x15, 0x6e, 0x18, 0x70, 0x17, 0x00, 0x20, 0x00, 0x00, 0x15, 0x65, 0x18, 0x70, 0x28, 0x00
    .byte 0x03, 0x2b, 0x00, 0x03, 0x33, 0x00, 0x40, 0x00, 0x00, 0x00, 0x14, 0x08, 0x45, 0x22, 0x02, 0x15
    .byte 0x6e, 0x18, 0x70, 0x15, 0x11, 0x18, 0x71, 0x1b, 0x10, 0x14, 0x08, 0x45, 0x22, 0x02, 0x2c, 0x01
    .byte 0x00, 0x00, 0x00, 0x2c, 0x27, 0x4a, 0x22, 0x02, 0x15, 0x39, 0x03, 0x00, 0x01, 0x00, 0x00, 0x00
    .byte 0x28, 0x00, 0x06, 0x25, 0x4b, 0x45, 0x22, 0x02, 0x2b, 0x00, 0x03, 0x33, 0x00, 0x80, 0x00, 0x00
    .byte 0x00, 0x14, 0x4b, 0x45, 0x22, 0x02, 0x15, 0x6e, 0x18, 0x70, 0x15, 0x11, 0x18, 0x71, 0x1b, 0x10
    .byte 0x14, 0x36, 0x45, 0x22, 0x02, 0x2c, 0x01, 0x00, 0x00, 0x00, 0x2c, 0x35, 0x4a, 0x22, 0x02, 0x15
    .byte 0x39, 0x25, 0x42, 0x45, 0x22, 0x02, 0x2c, 0x01, 0x00, 0x00, 0x00, 0x2c, 0x43, 0x4a, 0x22, 0x02
    .byte 0x15, 0x39, 0x03, 0x00, 0x01, 0x00, 0x00, 0x00, 0x28, 0x00, 0x06, 0x20, 0x00, 0x00, 0x2c, 0xa3
    .byte 0x47, 0x22, 0x02, 0x15, 0x39, 0x20, 0x00, 0x00, 0x15, 0x42, 0x18, 0x70, 0x32, 0x00, 0x00, 0x00
    .byte 0x00, 0x00, 0x14, 0x6c, 0x45, 0x22, 0x02, 0x01, 0x55, 0x45, 0x22, 0x02, 0x2b, 0x00, 0x06, 0x32
    .byte 0x00, 0x01, 0x00, 0x00, 0x00, 0x14, 0x93, 0x45, 0x22, 0x02, 0x2c, 0x01, 0x00, 0x00, 0x00, 0x15
    .byte 0x42, 0x18, 0x70, 0x32, 0x00, 0x00, 0x00, 0x00, 0x00, 0x14, 0x93, 0x45, 0x22, 0x02, 0x01, 0x7a
    .byte 0x45, 0x22, 0x02, 0x25, 0xf9, 0x46, 0x22, 0x02, 0x20, 0x00, 0x00, 0x2c, 0x5b, 0x48, 0x22, 0x02
    .byte 0x15, 0x39, 0x20, 0x00, 0x00, 0x15, 0x42, 0x18, 0x70, 0x32, 0x00, 0x00, 0x00, 0x00, 0x00, 0x14
    .byte 0xb9, 0x45, 0x22, 0x02, 0x01, 0xa2, 0x45, 0x22, 0x02, 0x20, 0x00, 0x00, 0x2c, 0xff, 0xff, 0xff
    .byte 0xff, 0x2c, 0xff, 0xff, 0xff, 0xff, 0x15, 0xdd, 0x18, 0x70, 0x14, 0xb1, 0x46, 0x22, 0x02, 0x2c
    .byte 0x03, 0x00, 0x00, 0x00, 0x2c, 0xff, 0xff, 0xff, 0xff, 0x2c, 0xff, 0xff, 0xff, 0xff, 0x15, 0xdd
    .byte 0x18, 0x70, 0x32, 0x00, 0x00, 0x00, 0x00, 0x00, 0x14, 0xb1, 0x46, 0x22, 0x02, 0x03, 0x00, 0x40
    .byte 0x00, 0x00, 0x00, 0x30, 0x00, 0x10, 0x00, 0x00, 0x00, 0x14, 0xb1, 0x46, 0x22, 0x02, 0x15, 0x6f
    .byte 0x18, 0x70, 0x2b, 0x01, 0x05, 0x1c, 0x10, 0x14, 0xb1, 0x46, 0x22, 0x02, 0x15, 0x10, 0x18, 0x70
    .byte 0x17, 0x00, 0x15, 0x11, 0x18, 0x70, 0x17, 0x00, 0x20, 0x00, 0x00, 0x15, 0x6d, 0x18, 0x70, 0x17
    .byte 0x00, 0x15, 0x6e, 0x18, 0x70, 0x17, 0x00, 0x20, 0x00, 0x00, 0x15, 0x65, 0x18, 0x70, 0x28, 0x00
    .byte 0x03, 0x2b, 0x00, 0x03, 0x33, 0x00, 0x40, 0x00, 0x00, 0x00, 0x14, 0x68, 0x46, 0x22, 0x02, 0x15
    .byte 0x6e, 0x18, 0x70, 0x15, 0x11, 0x18, 0x71, 0x1d, 0x10, 0x14, 0x68, 0x46, 0x22, 0x02, 0x2c, 0x01
    .byte 0x00, 0x00, 0x00, 0x2c, 0x1e, 0x4c, 0x22, 0x02, 0x15, 0x39, 0x03, 0x00, 0x01, 0x00, 0x00, 0x00
    .byte 0x28, 0x00, 0x06, 0x25, 0xb1, 0x46, 0x22, 0x02, 0x2b, 0x00, 0x03, 0x33, 0x00, 0x80, 0x00, 0x00
    .byte 0x00, 0x14, 0xb1, 0x46, 0x22, 0x02, 0x15, 0x6e, 0x18, 0x70, 0x15, 0x11, 0x18, 0x71, 0x24, 0x01
    .byte 0x10, 0x00, 0x00, 0x00, 0x1d, 0x10, 0x14, 0x9c, 0x46, 0x22, 0x02, 0x2c, 0x01, 0x00, 0x00, 0x00
    .byte 0x2c, 0x2c, 0x4c, 0x22, 0x02, 0x15, 0x39, 0x25, 0xa8, 0x46, 0x22, 0x02, 0x2c, 0x01, 0x00, 0x00
    .byte 0x00, 0x2c, 0x3a, 0x4c, 0x22, 0x02, 0x15, 0x39, 0x03, 0x00, 0x01, 0x00, 0x00, 0x00, 0x28, 0x00
    .byte 0x06, 0x20, 0x00, 0x00, 0x2c, 0xcb, 0x48, 0x22, 0x02, 0x15, 0x39, 0x20, 0x00, 0x00, 0x15, 0x42
    .byte 0x18, 0x70, 0x32, 0x00, 0x00, 0x00, 0x00, 0x00, 0x14, 0xd2, 0x46, 0x22, 0x02, 0x01, 0xbb, 0x46
    .byte 0x22, 0x02, 0x2b, 0x00, 0x06, 0x32, 0x00, 0x01, 0x00, 0x00, 0x00, 0x14, 0xf9, 0x46, 0x22, 0x02
    .byte 0x2c, 0x01, 0x00, 0x00, 0x00, 0x15, 0x42, 0x18, 0x70, 0x32, 0x00, 0x00, 0x00, 0x00, 0x00, 0x14
    .byte 0xf9, 0x46, 0x22, 0x02, 0x01, 0xe0, 0x46, 0x22, 0x02, 0x00, 0x03, 0x00, 0x04, 0x00, 0x00, 0x00
    .byte 0x26, 0x00, 0xbe, 0x2c, 0x0c, 0x00, 0x00, 0x00, 0x2c, 0x9e, 0x42, 0x22, 0x02, 0x15, 0x39, 0x20
    .byte 0x00, 0x00, 0x15, 0x18, 0x20, 0x00, 0x00, 0x15, 0x19, 0x2c, 0x01, 0x00, 0x00, 0x00, 0x15, 0xa9
    .byte 0x2c, 0x00, 0x10, 0x00, 0x00, 0x2c, 0x01, 0x10, 0x00, 0x00, 0x2c, 0x02, 0x10, 0x00, 0x00, 0x2c
    .byte 0x02, 0x00, 0x00, 0x00, 0x20, 0x00, 0x00, 0x15, 0x73, 0x2c, 0x80, 0x01, 0x00, 0x00, 0x15, 0x17
    .byte 0x2c, 0x01, 0x00, 0x00, 0x00, 0x15, 0x2b, 0x2c, 0x70, 0x02, 0x00, 0x00, 0x2c, 0x3f, 0x01, 0x00
    .byte 0x00, 0x2c, 0xd0, 0xff, 0xff, 0xff, 0x2c, 0x00, 0x18, 0x00, 0x00, 0x2c, 0x05, 0x00, 0x00, 0x00
    .byte 0x2c, 0x01, 0x00, 0x00, 0x00, 0x15, 0x1a, 0x15, 0x21, 0x2c, 0x11, 0x10, 0x00, 0x00, 0x2c, 0x01
    .byte 0x10, 0x00, 0x00, 0x2c, 0x12, 0x10, 0x00, 0x00, 0x2c, 0x02, 0x00, 0x00, 0x00, 0x2c, 0x1c, 0x00
    .byte 0x00, 0x00, 0x15, 0x73, 0x2c, 0x00, 0x01, 0x00, 0x00, 0x15, 0x17, 0x2c, 0x1c, 0x00, 0x00, 0x00
    .byte 0x15, 0x05, 0x20, 0x00, 0x00, 0x15, 0x06, 0x15, 0x16, 0x2c, 0x0a, 0x00, 0x00, 0x00, 0x15, 0x07
    .byte 0x15, 0x08, 0x00, 0x03, 0x00, 0x40, 0x00, 0x00, 0x00, 0x31, 0x00, 0x20, 0x00, 0x00, 0x00, 0x14
    .byte 0xe9, 0x47, 0x22, 0x02, 0x2c, 0x1d, 0x00, 0x00, 0x00, 0x15, 0x05, 0x2c, 0x01, 0x00, 0x00, 0x00
    .byte 0x15, 0x06, 0x20, 0x00, 0x00, 0x15, 0x2b, 0x2c, 0x70, 0x02, 0x00, 0x00, 0x2c, 0x2f, 0x01, 0x00
    .byte 0x00, 0x2c, 0xf8, 0xff, 0xff, 0xff, 0x2c, 0x00, 0x10, 0x00, 0x00, 0x2c, 0x05, 0x00, 0x00, 0x00
    .byte 0x2c, 0x01, 0x00, 0x00, 0x00, 0x15, 0x1a, 0x15, 0x21, 0x2c, 0x1b, 0x00, 0x00, 0x00, 0x15, 0x05
    .byte 0x20, 0x00, 0x00, 0x15, 0x06, 0x20, 0x00, 0x00, 0x15, 0x2b, 0x2c, 0x70, 0x02, 0x00, 0x00, 0x2c
    .byte 0x2f, 0x01, 0x00, 0x00, 0x2c, 0x10, 0x00, 0x00, 0x00, 0x2c, 0x00, 0x10, 0x00, 0x00, 0x2c, 0x05
    .byte 0x00, 0x00, 0x00, 0x2c, 0x01, 0x00, 0x00, 0x00, 0x15, 0x1a, 0x15, 0x21, 0x2c, 0x01, 0x00, 0x00
    .byte 0x00, 0x15, 0x18, 0x2c, 0x01, 0x00, 0x00, 0x00, 0x15, 0x19, 0x20, 0x00, 0x00, 0x15, 0xa9, 0x2c
    .byte 0x00, 0x10, 0x00, 0x00, 0x2c, 0x01, 0x10, 0x00, 0x00, 0x2c, 0x02, 0x10, 0x00, 0x00, 0x2c, 0x02
    .byte 0x00, 0x00, 0x00, 0x2c, 0x0c, 0x00, 0x00, 0x00, 0x15, 0x73, 0x2c, 0x00, 0x01, 0x00, 0x00, 0x15
    .byte 0x17, 0x2c, 0x01, 0x00, 0x00, 0x00, 0x15, 0x06, 0x15, 0x28, 0x00, 0x03, 0x00, 0x04, 0x00, 0x00
    .byte 0x00, 0x26, 0x00, 0xbe, 0x2c, 0x0c, 0x00, 0x00, 0x00, 0x2c, 0x9e, 0x42, 0x22, 0x02, 0x15, 0x39
    .byte 0x2c, 0x01, 0x00, 0x00, 0x00, 0x15, 0xa9, 0x20, 0x00, 0x00, 0x15, 0x18, 0x20, 0x00, 0x00, 0x15
    .byte 0x19, 0x2c, 0x00, 0x10, 0x00, 0x00, 0x2c, 0x01, 0x10, 0x00, 0x00, 0x2c, 0x02, 0x10, 0x00, 0x00
    .byte 0x2c, 0x02, 0x00, 0x00, 0x00, 0x20, 0x00, 0x00, 0x15, 0x73, 0x2c, 0x01, 0x00, 0x00, 0x00, 0x15
    .byte 0x2b, 0x2c, 0x80, 0x01, 0x00, 0x00, 0x15, 0x17, 0x2c, 0x70, 0x02, 0x00, 0x00, 0x2c, 0x3f, 0x01
    .byte 0x00, 0x00, 0x2c, 0x10, 0x00, 0x00, 0x00, 0x2c, 0x00, 0x18, 0x00, 0x00, 0x2c, 0x05, 0x00, 0x00
    .byte 0x00, 0x2c, 0x01, 0x00, 0x00, 0x00, 0x15, 0x1a, 0x15, 0x21, 0x00, 0x2c, 0x11, 0x10, 0x00, 0x00
    .byte 0x2c, 0x01, 0x10, 0x00, 0x00, 0x2c, 0x12, 0x10, 0x00, 0x00, 0x2c, 0x02, 0x00, 0x00, 0x00, 0x2c
    .byte 0x1b, 0x00, 0x00, 0x00, 0x15, 0x73, 0x2c, 0x00, 0x01, 0x00, 0x00, 0x15, 0x17, 0x20, 0x00, 0x00
    .byte 0x15, 0x2b, 0x20, 0x00, 0x00, 0x2c, 0x01, 0x00, 0x00, 0x00, 0x15, 0x38, 0x03, 0x00, 0x40, 0x00
    .byte 0x00, 0x00, 0x33, 0x00, 0x10, 0x00, 0x00, 0x00, 0x14, 0x34, 0x49, 0x22, 0x02, 0x2c, 0x70, 0x02
    .byte 0x00, 0x00, 0x2c, 0x3f, 0x01, 0x00, 0x00, 0x2c, 0xd0, 0xff, 0xff, 0xff, 0x2c, 0x00, 0x20, 0x00
    .byte 0x00, 0x2c, 0x05, 0x00, 0x00, 0x00, 0x2c, 0x01, 0x00, 0x00, 0x00, 0x15, 0x1a, 0x15, 0x21, 0x25
    .byte 0x8b, 0x49, 0x22, 0x02, 0x2c, 0x70, 0x02, 0x00, 0x00, 0x2c, 0x3f, 0x01, 0x00, 0x00, 0x2c, 0x04
    .byte 0x00, 0x00, 0x00, 0x2c, 0x00, 0x10, 0x00, 0x00, 0x2c, 0x05, 0x00, 0x00, 0x00, 0x2c, 0x01, 0x00
    .byte 0x00, 0x00, 0x15, 0x1a, 0x15, 0x21, 0x2c, 0x1d, 0x00, 0x00, 0x00, 0x15, 0x05, 0x2c, 0x01, 0x00
    .byte 0x00, 0x00, 0x15, 0x06, 0x20, 0x00, 0x00, 0x15, 0x2b, 0x2c, 0x70, 0x02, 0x00, 0x00, 0x2c, 0x3f
    .byte 0x01, 0x00, 0x00, 0x2c, 0xd0, 0xff, 0xff, 0xff, 0x2c, 0x00, 0x10, 0x00, 0x00, 0x2c, 0x05, 0x00
    .byte 0x00, 0x00, 0x2c, 0x01, 0x00, 0x00, 0x00, 0x15, 0x1a, 0x15, 0x21, 0x2c, 0x01, 0x00, 0x00, 0x00
    .byte 0x20, 0x00, 0x00, 0x15, 0x38, 0x2c, 0x02, 0x00, 0x00, 0x00, 0x2c, 0x57, 0x00, 0x00, 0x00, 0x15
    .byte 0xe0, 0x2c, 0x09, 0x10, 0x00, 0x00, 0x2c, 0x01, 0x10, 0x00, 0x00, 0x2c, 0x0a, 0x10, 0x00, 0x00
    .byte 0x2c, 0x02, 0x00, 0x00, 0x00, 0x2c, 0x18, 0x00, 0x00, 0x00, 0x15, 0x73, 0x2c, 0x00, 0x01, 0x00
    .byte 0x00, 0x15, 0x17, 0x15, 0x16, 0x2c, 0x00, 0x10, 0x00, 0x00, 0x2c, 0x01, 0x10, 0x00, 0x00, 0x2c
    .byte 0x02, 0x10, 0x00, 0x00, 0x2c, 0x02, 0x00, 0x00, 0x00, 0x20, 0x00, 0x00, 0x15, 0x73, 0x2c, 0x00
    .byte 0x01, 0x00, 0x00, 0x15, 0x17, 0x2c, 0x01, 0x00, 0x00, 0x00, 0x15, 0x2b, 0x20, 0x00, 0x00, 0x2c
    .byte 0x0c, 0x00, 0x00, 0x00, 0x20, 0x00, 0x00, 0x2c, 0x70, 0x17, 0x00, 0x00, 0x2c, 0x04, 0x00, 0x00
    .byte 0x00, 0x2c, 0x01, 0x00, 0x00, 0x00, 0x15, 0x1a, 0x15, 0x21, 0x2c, 0x08, 0x00, 0x00, 0x00, 0x15
    .byte 0x05, 0x2c, 0x01, 0x00, 0x00, 0x00, 0x15, 0x18, 0x2c, 0x01, 0x00, 0x00, 0x00, 0x15, 0x19, 0x20
    .byte 0x00, 0x00, 0x15, 0xa9, 0x15, 0x28, 0x00, 0x03, 0x00, 0x00, 0x00, 0x00, 0x00, 0x28, 0x00, 0x00
    .byte 0x01, 0x51, 0x4a, 0x22, 0x02, 0x03, 0x00, 0x01, 0x00, 0x00, 0x00, 0x28, 0x00, 0x00, 0x01, 0x51
    .byte 0x4a, 0x22, 0x02, 0x03, 0x00, 0x02, 0x00, 0x00, 0x00, 0x28, 0x00, 0x00, 0x01, 0x51, 0x4a, 0x22
    .byte 0x02, 0x15, 0x28, 0x2c, 0x14, 0x00, 0x00, 0x00, 0x15, 0x07, 0x15, 0x08, 0x20, 0x00, 0x00, 0x15
    .byte 0x18, 0x20, 0x00, 0x00, 0x15, 0x19, 0x2c, 0x01, 0x00, 0x00, 0x00, 0x15, 0xa9, 0x2c, 0x00, 0x01
    .byte 0x00, 0x00, 0x15, 0x17, 0x2c, 0x01, 0x00, 0x00, 0x00, 0x15, 0x2b, 0x2b, 0x00, 0x00, 0x32, 0x00
    .byte 0x00, 0x00, 0x00, 0x00, 0x14, 0xb0, 0x4a, 0x22, 0x02, 0x2c, 0x70, 0x02, 0x00, 0x00, 0x2c, 0x3f
    .byte 0x01, 0x00, 0x00, 0x2c, 0xd0, 0xff, 0xff, 0xff, 0x2c, 0x00, 0x20, 0x00, 0x00, 0x2c, 0x05, 0x00
    .byte 0x00, 0x00, 0x2c, 0x01, 0x00, 0x00, 0x00, 0x15, 0x1a, 0x15, 0x21, 0x25, 0x4f, 0x4b, 0x22, 0x02
    .byte 0x2b, 0x00, 0x00, 0x32, 0x00, 0x01, 0x00, 0x00, 0x00, 0x14, 0x09, 0x4b, 0x22, 0x02, 0x2c, 0x70
    .byte 0x02, 0x00, 0x00, 0x15, 0x11, 0x18, 0x70, 0x17, 0x00, 0x2c, 0xd0, 0xff, 0xff, 0xff, 0x2c, 0x00
    .byte 0x20, 0x00, 0x00, 0x2c, 0x05, 0x00, 0x00, 0x00, 0x2c, 0x01, 0x00, 0x00, 0x00, 0x15, 0x1a, 0x15
    .byte 0x21, 0x15, 0x10, 0x18, 0x70, 0x17, 0x00, 0x2c, 0x3f, 0x01, 0x00, 0x00, 0x2c, 0xd0, 0xff, 0xff
    .byte 0xff, 0x2c, 0x00, 0x20, 0x00, 0x00, 0x2c, 0x05, 0x00, 0x00, 0x00, 0x2c, 0x01, 0x00, 0x00, 0x00
    .byte 0x15, 0x1a, 0x15, 0x21, 0x25, 0x4f, 0x4b, 0x22, 0x02, 0x15, 0x10, 0x18, 0x70, 0x17, 0x00, 0x2c
    .byte 0x3f, 0x01, 0x00, 0x00, 0x2c, 0xd0, 0xff, 0xff, 0xff, 0x2c, 0x00, 0x20, 0x00, 0x00, 0x2c, 0x05
    .byte 0x00, 0x00, 0x00, 0x2c, 0x01, 0x00, 0x00, 0x00, 0x15, 0x1a, 0x15, 0x21, 0x2c, 0x70, 0x02, 0x00
    .byte 0x00, 0x15, 0x11, 0x18, 0x70, 0x17, 0x00, 0x2c, 0xd0, 0xff, 0xff, 0xff, 0x2c, 0x00, 0x20, 0x00
    .byte 0x00, 0x2c, 0x05, 0x00, 0x00, 0x00, 0x2c, 0x01, 0x00, 0x00, 0x00, 0x15, 0x1a, 0x15, 0x21, 0x20
    .byte 0x00, 0x00, 0x2c, 0x01, 0x00, 0x00, 0x00, 0x15, 0x38, 0x03, 0x00, 0x04, 0x00, 0x00, 0x00, 0x26
    .byte 0x00, 0xbe, 0x2c, 0x0c, 0x00, 0x00, 0x00, 0x2c, 0x9e, 0x42, 0x22, 0x02, 0x15, 0x39, 0x2c, 0x16
    .byte 0x00, 0x00, 0x00, 0x15, 0x05, 0x20, 0x00, 0x00, 0x15, 0x06, 0x15, 0x16, 0x2c, 0x0a, 0x00, 0x00
    .byte 0x00, 0x15, 0x07, 0x15, 0x08, 0x03, 0x00, 0x40, 0x00, 0x00, 0x00, 0x30, 0x00, 0x10, 0x00, 0x00
    .byte 0x00, 0x14, 0xcb, 0x4b, 0x22, 0x02, 0x2c, 0x15, 0x00, 0x00, 0x00, 0x15, 0x05, 0x2c, 0x01, 0x00
    .byte 0x00, 0x00, 0x15, 0x06, 0x20, 0x00, 0x00, 0x15, 0x2b, 0x2c, 0x70, 0x02, 0x00, 0x00, 0x2c, 0x2f
    .byte 0x01, 0x00, 0x00, 0x2c, 0xf8, 0xff, 0xff, 0xff, 0x2c, 0x00, 0x10, 0x00, 0x00, 0x2c, 0x05, 0x00
    .byte 0x00, 0x00, 0x2c, 0x01, 0x00, 0x00, 0x00, 0x15, 0x1a, 0x15, 0x21, 0x2c, 0x17, 0x00, 0x00, 0x00
    .byte 0x15, 0x05, 0x20, 0x00, 0x00, 0x15, 0x06, 0x20, 0x00, 0x00, 0x15, 0x2b, 0x2c, 0x70, 0x02, 0x00
    .byte 0x00, 0x2c, 0x2f, 0x01, 0x00, 0x00, 0x2c, 0x10, 0x00, 0x00, 0x00, 0x2c, 0x00, 0x10, 0x00, 0x00
    .byte 0x2c, 0x05, 0x00, 0x00, 0x00, 0x2c, 0x01, 0x00, 0x00, 0x00, 0x15, 0x1a, 0x15, 0x21, 0x2c, 0x01
    .byte 0x00, 0x00, 0x00, 0x20, 0x00, 0x00, 0x15, 0x38, 0x2c, 0x01, 0x00, 0x00, 0x00, 0x15, 0x18, 0x2c
    .byte 0x01, 0x00, 0x00, 0x00, 0x15, 0x19, 0x20, 0x00, 0x00, 0x15, 0xa9, 0x15, 0x2c, 0x00, 0x03, 0x00
    .byte 0x00, 0x00, 0x00, 0x00, 0x28, 0x00, 0x00, 0x01, 0x48, 0x4c, 0x22, 0x02, 0x03, 0x00, 0x01, 0x00
    .byte 0x00, 0x00, 0x28, 0x00, 0x00, 0x01, 0x48, 0x4c, 0x22, 0x02, 0x03, 0x00, 0x02, 0x00, 0x00, 0x00
    .byte 0x28, 0x00, 0x00, 0x01, 0x48, 0x4c, 0x22, 0x02, 0x15, 0x28, 0x2c, 0x14, 0x00, 0x00, 0x00, 0x15
    .byte 0x07, 0x15, 0x08, 0x2c, 0x01, 0x00, 0x00, 0x00, 0x15, 0xa9, 0x20, 0x00, 0x00, 0x15, 0x18, 0x20
    .byte 0x00, 0x00, 0x15, 0x19, 0x2c, 0x01, 0x00, 0x00, 0x00, 0x15, 0x2b, 0x2b, 0x00, 0x00, 0x32, 0x00
    .byte 0x00, 0x00, 0x00, 0x00, 0x14, 0xa0, 0x4c, 0x22, 0x02, 0x2c, 0x70, 0x02, 0x00, 0x00, 0x2c, 0x33
    .byte 0x01, 0x00, 0x00, 0x2c, 0x10, 0x00, 0x00, 0x00, 0x2c, 0x00, 0x20, 0x00, 0x00, 0x2c, 0x05, 0x00
    .byte 0x00, 0x00, 0x2c, 0x01, 0x00, 0x00, 0x00, 0x15, 0x1a, 0x15, 0x21, 0x25, 0x69, 0x4d, 0x22, 0x02
    .byte 0x2b, 0x00, 0x00, 0x32, 0x00, 0x01, 0x00, 0x00, 0x00, 0x14, 0xf9, 0x4c, 0x22, 0x02, 0x2c, 0x70
    .byte 0x02, 0x00, 0x00, 0x15, 0x11, 0x18, 0x70, 0x17, 0x00, 0x2c, 0x10, 0x00, 0x00, 0x00, 0x2c, 0x00
    .byte 0x20, 0x00, 0x00, 0x2c, 0x05, 0x00, 0x00, 0x00, 0x2c, 0x01, 0x00, 0x00, 0x00, 0x15, 0x1a, 0x15
    .byte 0x21, 0x15, 0x10, 0x18, 0x70, 0x17, 0x00, 0x2c, 0x33, 0x01, 0x00, 0x00, 0x2c, 0x10, 0x00, 0x00
    .byte 0x00, 0x2c, 0x00, 0x20, 0x00, 0x00, 0x2c, 0x05, 0x00, 0x00, 0x00, 0x2c, 0x01, 0x00, 0x00, 0x00
    .byte 0x15, 0x1a, 0x15, 0x21, 0x25, 0x69, 0x4d, 0x22, 0x02, 0x15, 0x10, 0x18, 0x70, 0x17, 0x00, 0x2c
    .byte 0x23, 0x01, 0x00, 0x00, 0x2c, 0x10, 0x00, 0x00, 0x00, 0x2c, 0x00, 0x20, 0x00, 0x00, 0x2c, 0x05
    .byte 0x00, 0x00, 0x00, 0x2c, 0x01, 0x00, 0x00, 0x00, 0x15, 0x1a, 0x15, 0x21, 0x2c, 0x70, 0x02, 0x00
    .byte 0x00, 0x15, 0x11, 0x18, 0x70, 0x17, 0x00, 0x2c, 0x10, 0x00, 0x00, 0x00, 0x2c, 0x00, 0x20, 0x00
    .byte 0x00, 0x2c, 0x05, 0x00, 0x00, 0x00, 0x2c, 0x01, 0x00, 0x00, 0x00, 0x15, 0x1a, 0x15, 0x21, 0x15
    .byte 0x10, 0x18, 0x70, 0x17, 0x00, 0x15, 0x11, 0x18, 0x70, 0x05, 0x00, 0x10, 0x00, 0x00, 0x00, 0x17
    .byte 0x00, 0x2c, 0x10, 0x00, 0x00, 0x00, 0x2c, 0x00, 0x20, 0x00, 0x00, 0x2c, 0x05, 0x00, 0x00, 0x00
    .byte 0x2c, 0x01, 0x00, 0x00, 0x00, 0x15, 0x1a, 0x15, 0x21, 0x03, 0x00, 0x04, 0x00, 0x00, 0x00, 0x26
    .byte 0x00, 0xbe, 0x2c, 0x0c, 0x00, 0x00, 0x00, 0x2c, 0x9e, 0x42, 0x22, 0x02, 0x15, 0x39, 0x2c, 0x16
    .byte 0x00, 0x00, 0x00, 0x15, 0x05, 0x20, 0x00, 0x00, 0x15, 0x2b, 0x20, 0x00, 0x00, 0x2c, 0x02, 0x00
    .byte 0x00, 0x00, 0x15, 0x38, 0x2c, 0x70, 0x02, 0x00, 0x00, 0x2c, 0x3f, 0x01, 0x00, 0x00, 0x2c, 0x04
    .byte 0x00, 0x00, 0x00, 0x2c, 0x00, 0x10, 0x00, 0x00, 0x2c, 0x05, 0x00, 0x00, 0x00, 0x2c, 0x01, 0x00
    .byte 0x00, 0x00, 0x15, 0x1a, 0x15, 0x21, 0x2c, 0x15, 0x00, 0x00, 0x00, 0x15, 0x05, 0x2c, 0x01, 0x00
    .byte 0x00, 0x00, 0x15, 0x06, 0x20, 0x00, 0x00, 0x15, 0x2b, 0x2c, 0x70, 0x02, 0x00, 0x00, 0x2c, 0x3f
    .byte 0x01, 0x00, 0x00, 0x2c, 0xd0, 0xff, 0xff, 0xff, 0x2c, 0x00, 0x10, 0x00, 0x00, 0x2c, 0x05, 0x00
    .byte 0x00, 0x00, 0x2c, 0x01, 0x00, 0x00, 0x00, 0x15, 0x1a, 0x15, 0x21, 0x2c, 0x02, 0x00, 0x00, 0x00
    .byte 0x2c, 0x57, 0x00, 0x00, 0x00, 0x15, 0xe0, 0x2c, 0x01, 0x00, 0x00, 0x00, 0x15, 0x2b, 0x20, 0x00
    .byte 0x00, 0x2c, 0x08, 0x00, 0x00, 0x00, 0x20, 0x00, 0x00, 0x2c, 0x00, 0x10, 0x00, 0x00, 0x2c, 0x04
    .byte 0x00, 0x00, 0x00, 0x2c, 0x01, 0x00, 0x00, 0x00, 0x15, 0x1a, 0x15, 0x21, 0x2c, 0x01, 0x00, 0x00
    .byte 0x00, 0x20, 0x00, 0x00, 0x15, 0x38, 0x2c, 0x01, 0x00, 0x00, 0x00, 0x15, 0x18, 0x2c, 0x01, 0x00
    .byte 0x00, 0x00, 0x15, 0x19, 0x20, 0x00, 0x00, 0x15, 0xa9, 0x15, 0x2c, 0x00, 0x20, 0x00, 0x00, 0x15
    .byte 0x09, 0x03, 0x00, 0x00, 0x03, 0x00, 0x00, 0x28, 0x00, 0x00, 0x03, 0x00, 0x5f, 0x02, 0x00, 0x00
    .byte 0x28, 0x00, 0x01, 0x03, 0x00, 0xb0, 0xff, 0xff, 0xff, 0x28, 0x00, 0x02, 0x2f, 0x00, 0x2b, 0x00
    .byte 0x01, 0x2b, 0x01, 0x02, 0x04, 0x10, 0x17, 0x00, 0x2f, 0x02, 0x15, 0x02, 0x20, 0x00, 0x00, 0x2c
    .byte 0x40, 0x00, 0x00, 0x00, 0x15, 0x32, 0x2c, 0x01, 0x00, 0x00, 0x00, 0x2c, 0x02, 0x00, 0x00, 0x00
    .byte 0x15, 0x32, 0x2c, 0x01, 0x00, 0x00, 0x00, 0x15, 0x7d, 0x2c, 0x02, 0x00, 0x00, 0x00, 0x2c, 0x0f
    .byte 0x4f, 0x22, 0x02, 0x15, 0x29, 0x15, 0x27, 0x18, 0x70, 0x32, 0x00, 0xb0, 0xff, 0xff, 0xff, 0x14
    .byte 0xd4, 0x4e, 0x22, 0x02, 0x03, 0x00, 0x00, 0x03, 0x00, 0x00, 0x28, 0x00, 0x00, 0x03, 0x00, 0x5f
    .byte 0x02, 0x00, 0x00, 0x28, 0x00, 0x01, 0x03, 0x00, 0xb0, 0xff, 0xff, 0xff, 0x28, 0x00, 0x02, 0x2f
    .byte 0x00, 0x2b, 0x00, 0x01, 0x2b, 0x01, 0x02, 0x04, 0x10, 0x17, 0x00, 0x2f, 0x02, 0x15, 0x02, 0x25
    .byte 0xff, 0x4e, 0x22, 0x02, 0x03, 0x00, 0x00, 0x03, 0x00, 0x00, 0x28, 0x00, 0x00, 0x03, 0x00, 0x3f
    .byte 0x02, 0x00, 0x00, 0x28, 0x00, 0x01, 0x03, 0x00, 0xd0, 0xff, 0xff, 0xff, 0x28, 0x00, 0x02, 0x2f
    .byte 0x00, 0x2b, 0x00, 0x01, 0x2b, 0x01, 0x02, 0x04, 0x10, 0x17, 0x00, 0x2f, 0x02, 0x15, 0x02, 0x01
    .byte 0x95, 0x4e, 0x22, 0x02, 0x2c, 0x02, 0x00, 0x00, 0x00, 0x20, 0x00, 0x00, 0x15, 0x29, 0x00, 0x2c
    .byte 0xee, 0x03, 0x00, 0x00, 0x15, 0x37, 0x18, 0x70, 0x14, 0x1e, 0x4f, 0x22, 0x02, 0x00, 0x2c, 0x02
    .byte 0x04, 0x00, 0x00, 0x15, 0x37, 0x18, 0x70, 0x14, 0x2d, 0x4f, 0x22, 0x02, 0x00, 0x20, 0x00, 0x00
    .byte 0x15, 0x9b, 0x18, 0x70, 0x14, 0x4d, 0x4f, 0x22, 0x02, 0x20, 0x00, 0x00, 0x2c, 0xff, 0xff, 0xff
    .byte 0xff, 0x2c, 0xff, 0xff, 0xff, 0xff, 0x2c, 0xff, 0xff, 0xff, 0xff, 0x15, 0x89, 0x15, 0x1f, 0x18
    .byte 0x70, 0x28, 0x00, 0x03, 0x15, 0x20, 0x18, 0x70, 0x28, 0x00, 0x04, 0x15, 0x27, 0x18, 0x70, 0x28
    .byte 0x00, 0x05, 0x03, 0x00, 0x00, 0x00, 0x00, 0x00, 0x28, 0x00, 0x06, 0x15, 0x27, 0x18, 0x70, 0x32
    .byte 0x00, 0xb0, 0xff, 0xff, 0xff, 0x14, 0xda, 0x50, 0x22, 0x02, 0x20, 0x00, 0x00, 0x2c, 0x3c, 0x52
    .byte 0x22, 0x02, 0x15, 0x39, 0x20, 0x00, 0x00, 0x15, 0x42, 0x18, 0x70, 0x32, 0x00, 0x00, 0x00, 0x00
    .byte 0x00, 0x14, 0x9b, 0x4f, 0x22, 0x02, 0x01, 0x84, 0x4f, 0x22, 0x02, 0x20, 0x00, 0x00, 0x2c, 0xff
    .byte 0xff, 0xff, 0xff, 0x2c, 0xff, 0xff, 0xff, 0xff, 0x15, 0xdd, 0x18, 0x70, 0x14, 0x8d, 0x50, 0x22
    .byte 0x02, 0x2c, 0x03, 0x00, 0x00, 0x00, 0x2c, 0xff, 0xff, 0xff, 0xff, 0x2c, 0xff, 0xff, 0xff, 0xff
    .byte 0x15, 0xdd, 0x18, 0x70, 0x32, 0x00, 0x00, 0x00, 0x00, 0x00, 0x14, 0x8d, 0x50, 0x22, 0x02, 0x03
    .byte 0x00, 0x20, 0x00, 0x00, 0x00, 0x30, 0x00, 0x10, 0x00, 0x00, 0x00, 0x14, 0x8d, 0x50, 0x22, 0x02
    .byte 0x15, 0x6f, 0x18, 0x70, 0x2b, 0x01, 0x05, 0x1c, 0x10, 0x14, 0x8d, 0x50, 0x22, 0x02, 0x15, 0x10
    .byte 0x18, 0x70, 0x17, 0x00, 0x15, 0x11, 0x18, 0x70, 0x17, 0x00, 0x20, 0x00, 0x00, 0x15, 0x6d, 0x18
    .byte 0x70, 0x17, 0x00, 0x15, 0x6e, 0x18, 0x70, 0x17, 0x00, 0x20, 0x00, 0x00, 0x15, 0x65, 0x18, 0x70
    .byte 0x28, 0x00, 0x03, 0x2b, 0x00, 0x03, 0x33, 0x00, 0x40, 0x00, 0x00, 0x00, 0x14, 0x4a, 0x50, 0x22
    .byte 0x02, 0x15, 0x6e, 0x18, 0x70, 0x15, 0x11, 0x18, 0x71, 0x1b, 0x10, 0x14, 0x4a, 0x50, 0x22, 0x02
    .byte 0x2c, 0x01, 0x00, 0x00, 0x00, 0x2c, 0x69, 0x55, 0x22, 0x02, 0x15, 0x39, 0x03, 0x00, 0x01, 0x00
    .byte 0x00, 0x00, 0x28, 0x00, 0x06, 0x25, 0x8d, 0x50, 0x22, 0x02, 0x2b, 0x00, 0x03, 0x33, 0x00, 0xc0
    .byte 0x00, 0x00, 0x00, 0x14, 0x8d, 0x50, 0x22, 0x02, 0x15, 0x6e, 0x18, 0x70, 0x15, 0x11, 0x18, 0x71
    .byte 0x1b, 0x10, 0x14, 0x78, 0x50, 0x22, 0x02, 0x2c, 0x01, 0x00, 0x00, 0x00, 0x2c, 0x77, 0x55, 0x22
    .byte 0x02, 0x15, 0x39, 0x25, 0x84, 0x50, 0x22, 0x02, 0x2c, 0x01, 0x00, 0x00, 0x00, 0x2c, 0x85, 0x55
    .byte 0x22, 0x02, 0x15, 0x39, 0x03, 0x00, 0x01, 0x00, 0x00, 0x00, 0x28, 0x00, 0x06, 0x20, 0x00, 0x00
    .byte 0x2c, 0xe5, 0x52, 0x22, 0x02, 0x15, 0x39, 0x20, 0x00, 0x00, 0x15, 0x42, 0x18, 0x70, 0x32, 0x00
    .byte 0x00, 0x00, 0x00, 0x00, 0x14, 0xae, 0x50, 0x22, 0x02, 0x01, 0x97, 0x50, 0x22, 0x02, 0x2b, 0x00
    .byte 0x06, 0x32, 0x00, 0x01, 0x00, 0x00, 0x00, 0x14, 0xd5, 0x50, 0x22, 0x02, 0x2c, 0x01, 0x00, 0x00
    .byte 0x00, 0x15, 0x42, 0x18, 0x70, 0x32, 0x00, 0x00, 0x00, 0x00, 0x00, 0x14, 0xd5, 0x50, 0x22, 0x02
    .byte 0x01, 0xbc, 0x50, 0x22, 0x02, 0x25, 0x3b, 0x52, 0x22, 0x02, 0x20, 0x00, 0x00, 0x2c, 0x9d, 0x53
    .byte 0x22, 0x02, 0x15, 0x39, 0x20, 0x00, 0x00, 0x15, 0x42, 0x18, 0x70, 0x32, 0x00, 0x00, 0x00, 0x00
    .byte 0x00, 0x14, 0xfb, 0x50, 0x22, 0x02, 0x01, 0xe4, 0x50, 0x22, 0x02, 0x20, 0x00, 0x00, 0x2c, 0xff
    .byte 0xff, 0xff, 0xff, 0x2c, 0xff, 0xff, 0xff, 0xff, 0x15, 0xdd, 0x18, 0x70, 0x14, 0xf3, 0x51, 0x22
    .byte 0x02, 0x2c, 0x03, 0x00, 0x00, 0x00, 0x2c, 0xff, 0xff, 0xff, 0xff, 0x2c, 0xff, 0xff, 0xff, 0xff
    .byte 0x15, 0xdd, 0x18, 0x70, 0x32, 0x00, 0x00, 0x00, 0x00, 0x00, 0x14, 0xf3, 0x51, 0x22, 0x02, 0x03
    .byte 0x00, 0x20, 0x00, 0x00, 0x00, 0x30, 0x00, 0x10, 0x00, 0x00, 0x00, 0x14, 0xf3, 0x51, 0x22, 0x02
    .byte 0x15, 0x6f, 0x18, 0x70, 0x2b, 0x01, 0x05, 0x1c, 0x10, 0x14, 0xf3, 0x51, 0x22, 0x02, 0x15, 0x10
    .byte 0x18, 0x70, 0x17, 0x00, 0x15, 0x11, 0x18, 0x70, 0x17, 0x00, 0x20, 0x00, 0x00, 0x15, 0x6d, 0x18
    .byte 0x70, 0x17, 0x00, 0x15, 0x6e, 0x18, 0x70, 0x17, 0x00, 0x20, 0x00, 0x00, 0x15, 0x65, 0x18, 0x70
    .byte 0x28, 0x00, 0x03, 0x2b, 0x00, 0x03, 0x33, 0x00, 0x40, 0x00, 0x00, 0x00, 0x14, 0xaa, 0x51, 0x22
    .byte 0x02, 0x15, 0x6e, 0x18, 0x70, 0x15, 0x11, 0x18, 0x71, 0x1d, 0x10, 0x14, 0xaa, 0x51, 0x22, 0x02
    .byte 0x2c, 0x01, 0x00, 0x00, 0x00, 0x2c, 0x60, 0x57, 0x22, 0x02, 0x15, 0x39, 0x03, 0x00, 0x01, 0x00
    .byte 0x00, 0x00, 0x28, 0x00, 0x06, 0x25, 0xf3, 0x51, 0x22, 0x02, 0x2b, 0x00, 0x03, 0x33, 0x00, 0xc0
    .byte 0x00, 0x00, 0x00, 0x14, 0xf3, 0x51, 0x22, 0x02, 0x15, 0x6e, 0x18, 0x70, 0x15, 0x11, 0x18, 0x71
    .byte 0x24, 0x01, 0x10, 0x00, 0x00, 0x00, 0x1d, 0x10, 0x14, 0xde, 0x51, 0x22, 0x02, 0x2c, 0x01, 0x00
    .byte 0x00, 0x00, 0x2c, 0x6e, 0x57, 0x22, 0x02, 0x15, 0x39, 0x25, 0xea, 0x51, 0x22, 0x02, 0x2c, 0x01
    .byte 0x00, 0x00, 0x00, 0x2c, 0x7c, 0x57, 0x22, 0x02, 0x15, 0x39, 0x03, 0x00, 0x01, 0x00, 0x00, 0x00
    .byte 0x28, 0x00, 0x06, 0x20, 0x00, 0x00, 0x2c, 0x0d, 0x54, 0x22, 0x02, 0x15, 0x39, 0x20, 0x00, 0x00
    .byte 0x15, 0x42, 0x18, 0x70, 0x32, 0x00, 0x00, 0x00, 0x00, 0x00, 0x14, 0x14, 0x52, 0x22, 0x02, 0x01
    .byte 0xfd, 0x51, 0x22, 0x02, 0x2b, 0x00, 0x06, 0x32, 0x00, 0x01, 0x00, 0x00, 0x00, 0x14, 0x3b, 0x52
    .byte 0x22, 0x02, 0x2c, 0x01, 0x00, 0x00, 0x00, 0x15, 0x42, 0x18, 0x70, 0x32, 0x00, 0x00, 0x00, 0x00
    .byte 0x00, 0x14, 0x3b, 0x52, 0x22, 0x02, 0x01, 0x22, 0x52, 0x22, 0x02, 0x00, 0x03, 0x00, 0x02, 0x00
    .byte 0x00, 0x00, 0x26, 0x00, 0xbe, 0x2c, 0x0c, 0x00, 0x00, 0x00, 0x2c, 0x9e, 0x42, 0x22, 0x02, 0x15
    .byte 0x39, 0x20, 0x00, 0x00, 0x15, 0x18, 0x20, 0x00, 0x00, 0x15, 0x19, 0x2c, 0x01, 0x00, 0x00, 0x00
    .byte 0x15, 0xa9, 0x2c, 0x00, 0x10, 0x00, 0x00, 0x2c, 0x01, 0x10, 0x00, 0x00, 0x2c, 0x02, 0x10, 0x00
    .byte 0x00, 0x2c, 0x02, 0x00, 0x00, 0x00, 0x20, 0x00, 0x00, 0x15, 0x73, 0x2c, 0x80, 0x01, 0x00, 0x00
    .byte 0x15, 0x17, 0x2c, 0x01, 0x00, 0x00, 0x00, 0x15, 0x2b, 0x2c, 0x00, 0x03, 0x00, 0x00, 0x2c, 0x0f
    .byte 0x02, 0x00, 0x00, 0x2c, 0xb0, 0xff, 0xff, 0xff, 0x2c, 0x00, 0x18, 0x00, 0x00, 0x2c, 0x05, 0x00
    .byte 0x00, 0x00, 0x2c, 0x01, 0x00, 0x00, 0x00, 0x15, 0x1a, 0x15, 0x21, 0x2c, 0x11, 0x10, 0x00, 0x00
    .byte 0x2c, 0x01, 0x10, 0x00, 0x00, 0x2c, 0x12, 0x10, 0x00, 0x00, 0x2c, 0x02, 0x00, 0x00, 0x00, 0x2c
    .byte 0x1c, 0x00, 0x00, 0x00, 0x15, 0x73, 0x2c, 0x00, 0x01, 0x00, 0x00, 0x15, 0x17, 0x2c, 0x1c, 0x00
    .byte 0x00, 0x00, 0x15, 0x05, 0x20, 0x00, 0x00, 0x15, 0x06, 0x15, 0x16, 0x2c, 0x0a, 0x00, 0x00, 0x00
    .byte 0x15, 0x07, 0x15, 0x08, 0x00, 0x03, 0x00, 0x20, 0x00, 0x00, 0x00, 0x31, 0x00, 0x20, 0x00, 0x00
    .byte 0x00, 0x14, 0x2b, 0x53, 0x22, 0x02, 0x2c, 0x1d, 0x00, 0x00, 0x00, 0x15, 0x05, 0x2c, 0x01, 0x00
    .byte 0x00, 0x00, 0x15, 0x06, 0x20, 0x00, 0x00, 0x15, 0x2b, 0x2c, 0x00, 0x03, 0x00, 0x00, 0x2c, 0xff
    .byte 0x01, 0x00, 0x00, 0x2c, 0xb8, 0xff, 0xff, 0xff, 0x2c, 0x00, 0x10, 0x00, 0x00, 0x2c, 0x05, 0x00
    .byte 0x00, 0x00, 0x2c, 0x01, 0x00, 0x00, 0x00, 0x15, 0x1a, 0x15, 0x21, 0x2c, 0x1b, 0x00, 0x00, 0x00
    .byte 0x15, 0x05, 0x20, 0x00, 0x00, 0x15, 0x06, 0x20, 0x00, 0x00, 0x15, 0x2b, 0x2c, 0x00, 0x03, 0x00
    .byte 0x00, 0x2c, 0xff, 0x01, 0x00, 0x00, 0x2c, 0xd0, 0xff, 0xff, 0xff, 0x2c, 0x00, 0x10, 0x00, 0x00
    .byte 0x2c, 0x05, 0x00, 0x00, 0x00, 0x2c, 0x01, 0x00, 0x00, 0x00, 0x15, 0x1a, 0x15, 0x21, 0x2c, 0x01
    .byte 0x00, 0x00, 0x00, 0x15, 0x18, 0x2c, 0x01, 0x00, 0x00, 0x00, 0x15, 0x19, 0x20, 0x00, 0x00, 0x15
    .byte 0xa9, 0x2c, 0x00, 0x10, 0x00, 0x00, 0x2c, 0x01, 0x10, 0x00, 0x00, 0x2c, 0x02, 0x10, 0x00, 0x00
    .byte 0x2c, 0x02, 0x00, 0x00, 0x00, 0x2c, 0x0c, 0x00, 0x00, 0x00, 0x15, 0x73, 0x2c, 0x00, 0x01, 0x00
    .byte 0x00, 0x15, 0x17, 0x2c, 0x01, 0x00, 0x00, 0x00, 0x15, 0x06, 0x15, 0x28, 0x00, 0x03, 0x00, 0x02
    .byte 0x00, 0x00, 0x00, 0x26, 0x00, 0xbe, 0x2c, 0x0c, 0x00, 0x00, 0x00, 0x2c, 0x9e, 0x42, 0x22, 0x02
    .byte 0x15, 0x39, 0x2c, 0x01, 0x00, 0x00, 0x00, 0x15, 0xa9, 0x20, 0x00, 0x00, 0x15, 0x18, 0x20, 0x00
    .byte 0x00, 0x15, 0x19, 0x2c, 0x00, 0x10, 0x00, 0x00, 0x2c, 0x01, 0x10, 0x00, 0x00, 0x2c, 0x02, 0x10
    .byte 0x00, 0x00, 0x2c, 0x02, 0x00, 0x00, 0x00, 0x20, 0x00, 0x00, 0x15, 0x73, 0x2c, 0x01, 0x00, 0x00
    .byte 0x00, 0x15, 0x2b, 0x2c, 0x80, 0x01, 0x00, 0x00, 0x15, 0x17, 0x2c, 0x00, 0x03, 0x00, 0x00, 0x2c
    .byte 0x0f, 0x02, 0x00, 0x00, 0x2c, 0xd0, 0xff, 0xff, 0xff, 0x2c, 0x00, 0x18, 0x00, 0x00, 0x2c, 0x05
    .byte 0x00, 0x00, 0x00, 0x2c, 0x01, 0x00, 0x00, 0x00, 0x15, 0x1a, 0x15, 0x21, 0x00, 0x2c, 0x11, 0x10
    .byte 0x00, 0x00, 0x2c, 0x01, 0x10, 0x00, 0x00, 0x2c, 0x12, 0x10, 0x00, 0x00, 0x2c, 0x02, 0x00, 0x00
    .byte 0x00, 0x2c, 0x1b, 0x00, 0x00, 0x00, 0x15, 0x73, 0x2c, 0x00, 0x01, 0x00, 0x00, 0x15, 0x17, 0x20
    .byte 0x00, 0x00, 0x15, 0x2b, 0x20, 0x00, 0x00, 0x2c, 0x01, 0x00, 0x00, 0x00, 0x15, 0x38, 0x03, 0x00
    .byte 0x20, 0x00, 0x00, 0x00, 0x33, 0x00, 0x10, 0x00, 0x00, 0x00, 0x14, 0x76, 0x54, 0x22, 0x02, 0x2c
    .byte 0x00, 0x03, 0x00, 0x00, 0x2c, 0x0f, 0x02, 0x00, 0x00, 0x2c, 0xb0, 0xff, 0xff, 0xff, 0x2c, 0x00
    .byte 0x20, 0x00, 0x00, 0x2c, 0x05, 0x00, 0x00, 0x00, 0x2c, 0x01, 0x00, 0x00, 0x00, 0x15, 0x1a, 0x15
    .byte 0x21, 0x25, 0xcd, 0x54, 0x22, 0x02, 0x2c, 0x00, 0x03, 0x00, 0x00, 0x2c, 0x0f, 0x02, 0x00, 0x00
    .byte 0x2c, 0xc4, 0xff, 0xff, 0xff, 0x2c, 0x00, 0x10, 0x00, 0x00, 0x2c, 0x05, 0x00, 0x00, 0x00, 0x2c
    .byte 0x01, 0x00, 0x00, 0x00, 0x15, 0x1a, 0x15, 0x21, 0x2c, 0x1d, 0x00, 0x00, 0x00, 0x15, 0x05, 0x2c
    .byte 0x01, 0x00, 0x00, 0x00, 0x15, 0x06, 0x20, 0x00, 0x00, 0x15, 0x2b, 0x2c, 0x00, 0x03, 0x00, 0x00
    .byte 0x2c, 0x0f, 0x02, 0x00, 0x00, 0x2c, 0xb0, 0xff, 0xff, 0xff, 0x2c, 0x00, 0x10, 0x00, 0x00, 0x2c
    .byte 0x05, 0x00, 0x00, 0x00, 0x2c, 0x01, 0x00, 0x00, 0x00, 0x15, 0x1a, 0x15, 0x21, 0x2c, 0x01, 0x00
    .byte 0x00, 0x00, 0x20, 0x00, 0x00, 0x15, 0x38, 0x2c, 0x02, 0x00, 0x00, 0x00, 0x2c, 0x57, 0x00, 0x00
    .byte 0x00, 0x15, 0xe0, 0x2c, 0x09, 0x10, 0x00, 0x00, 0x2c, 0x01, 0x10, 0x00, 0x00, 0x2c, 0x0a, 0x10
    .byte 0x00, 0x00, 0x2c, 0x02, 0x00, 0x00, 0x00, 0x2c, 0x18, 0x00, 0x00, 0x00, 0x15, 0x73, 0x2c, 0x00
    .byte 0x01, 0x00, 0x00, 0x15, 0x17, 0x15, 0x16, 0x2c, 0x00, 0x10, 0x00, 0x00, 0x2c, 0x01, 0x10, 0x00
    .byte 0x00, 0x2c, 0x02, 0x10, 0x00, 0x00, 0x2c, 0x02, 0x00, 0x00, 0x00, 0x20, 0x00, 0x00, 0x15, 0x73
    .byte 0x2c, 0x00, 0x01, 0x00, 0x00, 0x15, 0x17, 0x2c, 0x01, 0x00, 0x00, 0x00, 0x15, 0x2b, 0x20, 0x00
    .byte 0x00, 0x2c, 0x0c, 0x00, 0x00, 0x00, 0x20, 0x00, 0x00, 0x2c, 0x70, 0x17, 0x00, 0x00, 0x2c, 0x04
    .byte 0x00, 0x00, 0x00, 0x2c, 0x01, 0x00, 0x00, 0x00, 0x15, 0x1a, 0x15, 0x21, 0x2c, 0x08, 0x00, 0x00
    .byte 0x00, 0x15, 0x05, 0x2c, 0x01, 0x00, 0x00, 0x00, 0x15, 0x18, 0x2c, 0x01, 0x00, 0x00, 0x00, 0x15
    .byte 0x19, 0x20, 0x00, 0x00, 0x15, 0xa9, 0x15, 0x28, 0x00, 0x03, 0x00, 0x00, 0x00, 0x00, 0x00, 0x28
    .byte 0x00, 0x00, 0x01, 0x93, 0x55, 0x22, 0x02, 0x03, 0x00, 0x01, 0x00, 0x00, 0x00, 0x28, 0x00, 0x00
    .byte 0x01, 0x93, 0x55, 0x22, 0x02, 0x03, 0x00, 0x02, 0x00, 0x00, 0x00, 0x28, 0x00, 0x00, 0x01, 0x93
    .byte 0x55, 0x22, 0x02, 0x15, 0x28, 0x2c, 0x14, 0x00, 0x00, 0x00, 0x15, 0x07, 0x15, 0x08, 0x20, 0x00
    .byte 0x00, 0x15, 0x18, 0x20, 0x00, 0x00, 0x15, 0x19, 0x2c, 0x01, 0x00, 0x00, 0x00, 0x15, 0xa9, 0x2c
    .byte 0x00, 0x01, 0x00, 0x00, 0x15, 0x17, 0x2c, 0x01, 0x00, 0x00, 0x00, 0x15, 0x2b, 0x2b, 0x00, 0x00
    .byte 0x32, 0x00, 0x00, 0x00, 0x00, 0x00, 0x14, 0xf2, 0x55, 0x22, 0x02, 0x2c, 0x00, 0x03, 0x00, 0x00
    .byte 0x2c, 0x0f, 0x02, 0x00, 0x00, 0x2c, 0xb0, 0xff, 0xff, 0xff, 0x2c, 0x00, 0x20, 0x00, 0x00, 0x2c
    .byte 0x05, 0x00, 0x00, 0x00, 0x2c, 0x01, 0x00, 0x00, 0x00, 0x15, 0x1a, 0x15, 0x21, 0x25, 0x91, 0x56
    .byte 0x22, 0x02, 0x2b, 0x00, 0x00, 0x32, 0x00, 0x01, 0x00, 0x00, 0x00, 0x14, 0x4b, 0x56, 0x22, 0x02
    .byte 0x2c, 0x00, 0x03, 0x00, 0x00, 0x15, 0x11, 0x18, 0x70, 0x17, 0x00, 0x2c, 0xb0, 0xff, 0xff, 0xff
    .byte 0x2c, 0x00, 0x20, 0x00, 0x00, 0x2c, 0x05, 0x00, 0x00, 0x00, 0x2c, 0x01, 0x00, 0x00, 0x00, 0x15
    .byte 0x1a, 0x15, 0x21, 0x15, 0x10, 0x18, 0x70, 0x17, 0x00, 0x2c, 0x0f, 0x02, 0x00, 0x00, 0x2c, 0xb0
    .byte 0xff, 0xff, 0xff, 0x2c, 0x00, 0x20, 0x00, 0x00, 0x2c, 0x05, 0x00, 0x00, 0x00, 0x2c, 0x01, 0x00
    .byte 0x00, 0x00, 0x15, 0x1a, 0x15, 0x21, 0x25, 0x91, 0x56, 0x22, 0x02, 0x15, 0x10, 0x18, 0x70, 0x17
    .byte 0x00, 0x2c, 0x0f, 0x02, 0x00, 0x00, 0x2c, 0xb0, 0xff, 0xff, 0xff, 0x2c, 0x00, 0x20, 0x00, 0x00
    .byte 0x2c, 0x05, 0x00, 0x00, 0x00, 0x2c, 0x01, 0x00, 0x00, 0x00, 0x15, 0x1a, 0x15, 0x21, 0x2c, 0x00
    .byte 0x03, 0x00, 0x00, 0x15, 0x11, 0x18, 0x70, 0x17, 0x00, 0x2c, 0xb0, 0xff, 0xff, 0xff, 0x2c, 0x00
    .byte 0x20, 0x00, 0x00, 0x2c, 0x05, 0x00, 0x00, 0x00, 0x2c, 0x01, 0x00, 0x00, 0x00, 0x15, 0x1a, 0x15
    .byte 0x21, 0x20, 0x00, 0x00, 0x2c, 0x01, 0x00, 0x00, 0x00, 0x15, 0x38, 0x03, 0x00, 0x02, 0x00, 0x00
    .byte 0x00, 0x26, 0x00, 0xbe, 0x2c, 0x0c, 0x00, 0x00, 0x00, 0x2c, 0x9e, 0x42, 0x22, 0x02, 0x15, 0x39
    .byte 0x2c, 0x16, 0x00, 0x00, 0x00, 0x15, 0x05, 0x20, 0x00, 0x00, 0x15, 0x06, 0x15, 0x16, 0x2c, 0x0a
    .byte 0x00, 0x00, 0x00, 0x15, 0x07, 0x15, 0x08, 0x03, 0x00, 0x20, 0x00, 0x00, 0x00, 0x30, 0x00, 0x10
    .byte 0x00, 0x00, 0x00, 0x14, 0x0d, 0x57, 0x22, 0x02, 0x2c, 0x15, 0x00, 0x00, 0x00, 0x15, 0x05, 0x2c
    .byte 0x01, 0x00, 0x00, 0x00, 0x15, 0x06, 0x20, 0x00, 0x00, 0x15, 0x2b, 0x2c, 0x00, 0x03, 0x00, 0x00
    .byte 0x2c, 0xff, 0x01, 0x00, 0x00, 0x2c, 0xb8, 0xff, 0xff, 0xff, 0x2c, 0x00, 0x10, 0x00, 0x00, 0x2c
    .byte 0x05, 0x00, 0x00, 0x00, 0x2c, 0x01, 0x00, 0x00, 0x00, 0x15, 0x1a, 0x15, 0x21, 0x2c, 0x17, 0x00
    .byte 0x00, 0x00, 0x15, 0x05, 0x20, 0x00, 0x00, 0x15, 0x06, 0x20, 0x00, 0x00, 0x15, 0x2b, 0x2c, 0x00
    .byte 0x03, 0x00, 0x00, 0x2c, 0xff, 0x01, 0x00, 0x00, 0x2c, 0xd0, 0xff, 0xff, 0xff, 0x2c, 0x00, 0x10
    .byte 0x00, 0x00, 0x2c, 0x05, 0x00, 0x00, 0x00, 0x2c, 0x01, 0x00, 0x00, 0x00, 0x15, 0x1a, 0x15, 0x21
    .byte 0x2c, 0x01, 0x00, 0x00, 0x00, 0x20, 0x00, 0x00, 0x15, 0x38, 0x2c, 0x01, 0x00, 0x00, 0x00, 0x15
    .byte 0x18, 0x2c, 0x01, 0x00, 0x00, 0x00, 0x15, 0x19, 0x20, 0x00, 0x00, 0x15, 0xa9, 0x15, 0x2c, 0x00
    .byte 0x03, 0x00, 0x00, 0x00, 0x00, 0x00, 0x28, 0x00, 0x00, 0x01, 0x8a, 0x57, 0x22, 0x02, 0x03, 0x00
    .byte 0x01, 0x00, 0x00, 0x00, 0x28, 0x00, 0x00, 0x01, 0x8a, 0x57, 0x22, 0x02, 0x03, 0x00, 0x02, 0x00
    .byte 0x00, 0x00, 0x28, 0x00, 0x00, 0x01, 0x8a, 0x57, 0x22, 0x02, 0x15, 0x28, 0x2c, 0x14, 0x00, 0x00
    .byte 0x00, 0x15, 0x07, 0x15, 0x08, 0x2c, 0x01, 0x00, 0x00, 0x00, 0x15, 0xa9, 0x20, 0x00, 0x00, 0x15
    .byte 0x18, 0x20, 0x00, 0x00, 0x15, 0x19, 0x2c, 0x01, 0x00, 0x00, 0x00, 0x15, 0x2b, 0x2b, 0x00, 0x00
    .byte 0x32, 0x00, 0x00, 0x00, 0x00, 0x00, 0x14, 0xe2, 0x57, 0x22, 0x02, 0x2c, 0x00, 0x03, 0x00, 0x00
    .byte 0x2c, 0x03, 0x02, 0x00, 0x00, 0x2c, 0xd0, 0xff, 0xff, 0xff, 0x2c, 0x00, 0x20, 0x00, 0x00, 0x2c
    .byte 0x05, 0x00, 0x00, 0x00, 0x2c, 0x01, 0x00, 0x00, 0x00, 0x15, 0x1a, 0x15, 0x21, 0x25, 0xab, 0x58
    .byte 0x22, 0x02, 0x2b, 0x00, 0x00, 0x32, 0x00, 0x01, 0x00, 0x00, 0x00, 0x14, 0x3b, 0x58, 0x22, 0x02
    .byte 0x2c, 0x00, 0x03, 0x00, 0x00, 0x15, 0x11, 0x18, 0x70, 0x17, 0x00, 0x2c, 0xd0, 0xff, 0xff, 0xff
    .byte 0x2c, 0x00, 0x20, 0x00, 0x00, 0x2c, 0x05, 0x00, 0x00, 0x00, 0x2c, 0x01, 0x00, 0x00, 0x00, 0x15
    .byte 0x1a, 0x15, 0x21, 0x15, 0x10, 0x18, 0x70, 0x17, 0x00, 0x2c, 0x03, 0x02, 0x00, 0x00, 0x2c, 0xd0
    .byte 0xff, 0xff, 0xff, 0x2c, 0x00, 0x20, 0x00, 0x00, 0x2c, 0x05, 0x00, 0x00, 0x00, 0x2c, 0x01, 0x00
    .byte 0x00, 0x00, 0x15, 0x1a, 0x15, 0x21, 0x25, 0xab, 0x58, 0x22, 0x02, 0x15, 0x10, 0x18, 0x70, 0x17
    .byte 0x00, 0x2c, 0xf3, 0x01, 0x00, 0x00, 0x2c, 0xd0, 0xff, 0xff, 0xff, 0x2c, 0x00, 0x20, 0x00, 0x00
    .byte 0x2c, 0x05, 0x00, 0x00, 0x00, 0x2c, 0x01, 0x00, 0x00, 0x00, 0x15, 0x1a, 0x15, 0x21, 0x2c, 0x00
    .byte 0x03, 0x00, 0x00, 0x15, 0x11, 0x18, 0x70, 0x17, 0x00, 0x2c, 0xd0, 0xff, 0xff, 0xff, 0x2c, 0x00
    .byte 0x20, 0x00, 0x00, 0x2c, 0x05, 0x00, 0x00, 0x00, 0x2c, 0x01, 0x00, 0x00, 0x00, 0x15, 0x1a, 0x15
    .byte 0x21, 0x15, 0x10, 0x18, 0x70, 0x17, 0x00, 0x15, 0x11, 0x18, 0x70, 0x05, 0x00, 0x10, 0x00, 0x00
    .byte 0x00, 0x17, 0x00, 0x2c, 0xd0, 0xff, 0xff, 0xff, 0x2c, 0x00, 0x20, 0x00, 0x00, 0x2c, 0x05, 0x00
    .byte 0x00, 0x00, 0x2c, 0x01, 0x00, 0x00, 0x00, 0x15, 0x1a, 0x15, 0x21, 0x03, 0x00, 0x02, 0x00, 0x00
    .byte 0x00, 0x26, 0x00, 0xbe, 0x2c, 0x0c, 0x00, 0x00, 0x00, 0x2c, 0x9e, 0x42, 0x22, 0x02, 0x15, 0x39
    .byte 0x2c, 0x16, 0x00, 0x00, 0x00, 0x15, 0x05, 0x20, 0x00, 0x00, 0x15, 0x2b, 0x20, 0x00, 0x00, 0x2c
    .byte 0x02, 0x00, 0x00, 0x00, 0x15, 0x38, 0x2c, 0x00, 0x03, 0x00, 0x00, 0x2c, 0x0f, 0x02, 0x00, 0x00
    .byte 0x2c, 0xc4, 0xff, 0xff, 0xff, 0x2c, 0x00, 0x10, 0x00, 0x00, 0x2c, 0x05, 0x00, 0x00, 0x00, 0x2c
    .byte 0x01, 0x00, 0x00, 0x00, 0x15, 0x1a, 0x15, 0x21, 0x2c, 0x15, 0x00, 0x00, 0x00, 0x15, 0x05, 0x2c
    .byte 0x01, 0x00, 0x00, 0x00, 0x15, 0x06, 0x20, 0x00, 0x00, 0x15, 0x2b, 0x2c, 0x00, 0x03, 0x00, 0x00
    .byte 0x2c, 0x0f, 0x02, 0x00, 0x00, 0x2c, 0xb0, 0xff, 0xff, 0xff, 0x2c, 0x00, 0x10, 0x00, 0x00, 0x2c
    .byte 0x05, 0x00, 0x00, 0x00, 0x2c, 0x01, 0x00, 0x00, 0x00, 0x15, 0x1a, 0x15, 0x21, 0x2c, 0x02, 0x00
    .byte 0x00, 0x00, 0x2c, 0x57, 0x00, 0x00, 0x00, 0x15, 0xe0, 0x2c, 0x01, 0x00, 0x00, 0x00, 0x15, 0x2b
    .byte 0x20, 0x00, 0x00, 0x2c, 0x08, 0x00, 0x00, 0x00, 0x20, 0x00, 0x00, 0x2c, 0x00, 0x10, 0x00, 0x00
    .byte 0x2c, 0x04, 0x00, 0x00, 0x00, 0x2c, 0x01, 0x00, 0x00, 0x00, 0x15, 0x1a, 0x15, 0x21, 0x2c, 0x01
    .byte 0x00, 0x00, 0x00, 0x20, 0x00, 0x00, 0x15, 0x38, 0x2c, 0x01, 0x00, 0x00, 0x00, 0x15, 0x18, 0x2c
    .byte 0x01, 0x00, 0x00, 0x00, 0x15, 0x19, 0x20, 0x00, 0x00, 0x15, 0xa9, 0x15, 0x2c, 0x00, 0x20, 0x00
    .byte 0x00, 0x15, 0x18, 0x2c, 0x03, 0x00, 0x00, 0x00, 0x15, 0x05, 0x20, 0x00, 0x00, 0x2c, 0x18, 0x00
    .byte 0x00, 0x00, 0x15, 0x32, 0x2c, 0x01, 0x00, 0x00, 0x00, 0x2c, 0x14, 0x00, 0x00, 0x00, 0x15, 0x32
    .byte 0x2c, 0x01, 0x00, 0x00, 0x00, 0x2c, 0xe8, 0xff, 0xff, 0xff, 0x2c, 0xf4, 0xff, 0xff, 0xff, 0x2c
    .byte 0x18, 0x00, 0x00, 0x00, 0x2c, 0x18, 0x00, 0x00, 0x00, 0x15, 0xd8, 0x2c, 0x01, 0x00, 0x00, 0x00
    .byte 0x2c, 0xee, 0xff, 0xff, 0xff, 0x2c, 0xe0, 0xff, 0xff, 0xff, 0x2c, 0x12, 0x00, 0x00, 0x00, 0x2c
    .byte 0x10, 0x00, 0x00, 0x00, 0x15, 0x5c, 0x2c, 0x01, 0x00, 0x00, 0x00, 0x15, 0xd7, 0x20, 0x00, 0x00
    .byte 0x2c, 0xec, 0xff, 0xff, 0xff, 0x15, 0xd1, 0x2c, 0x01, 0x00, 0x00, 0x00, 0x2c, 0xf4, 0x59, 0x22
    .byte 0x02, 0x15, 0x29, 0x00, 0x2c, 0x1b, 0x00, 0x00, 0x00, 0x15, 0x31, 0x18, 0x70, 0x26, 0x00, 0xd2
    .byte 0x20, 0x00, 0x00, 0x2c, 0xc3, 0xf9, 0x21, 0x02, 0x15, 0x39, 0x20, 0x00, 0x00, 0x15, 0x42, 0x18
    .byte 0x70, 0x32, 0x00, 0x00, 0x00, 0x00, 0x00, 0x14, 0x21, 0x5a, 0x22, 0x02, 0x01, 0x0a, 0x5a, 0x22
    .byte 0x02, 0x15, 0x8b, 0x18, 0x70, 0x32, 0x00, 0x00, 0x00, 0x00, 0x00, 0x13, 0x35, 0x5a, 0x22, 0x02
    .byte 0x01, 0x21, 0x5a, 0x22, 0x02, 0x2c, 0x45, 0x01, 0x00, 0x00, 0x2c, 0x01, 0x00, 0x00, 0x00, 0x20
    .byte 0x00, 0x00, 0x20, 0x00, 0x00, 0x15, 0x59, 0x15, 0x5a, 0x00, 0x2c, 0x01, 0x00, 0x00, 0x00, 0x15
    .byte 0x09, 0x2c, 0x18, 0x00, 0x00, 0x00, 0x2c, 0x01, 0x00, 0x00, 0x00, 0x15, 0x32, 0x2c, 0x01, 0x00
    .byte 0x00, 0x00, 0x15, 0x05, 0x00, 0x20, 0x00, 0x00, 0x2c, 0x17, 0x31, 0x00, 0x00, 0x15, 0xe0, 0x2c
    .byte 0x03, 0x00, 0x00, 0x00, 0x15, 0x05, 0x15, 0x16, 0x00, 0x20, 0x00, 0x00, 0x2c, 0x17, 0x31, 0x00
    .byte 0x00, 0x15, 0xe0, 0x2c, 0x04, 0x00, 0x00, 0x00, 0x15, 0x05, 0x15, 0x16, 0x00, 0x37, 0x00, 0x0d
    .byte 0x32, 0x00, 0x00, 0x00, 0x00, 0x00, 0x14, 0xa4, 0x5a, 0x22, 0x02, 0x03, 0x00, 0x5f, 0x00, 0x00
    .byte 0x00, 0x36, 0x00, 0x0d, 0x37, 0x00, 0x0d, 0x31, 0x00, 0x64, 0x00, 0x00, 0x00, 0x14, 0xbf, 0x5a
    .byte 0x22, 0x02, 0x2c, 0x07, 0x00, 0x00, 0x00, 0x15, 0x05, 0x00, 0x25, 0xd5, 0x5a, 0x22, 0x02, 0x37
    .byte 0x00, 0x0d, 0x31, 0x00, 0x65, 0x00, 0x00, 0x00, 0x14, 0xd5, 0x5a, 0x22, 0x02, 0x2c, 0x0f, 0x00
    .byte 0x00, 0x00, 0x15, 0x05, 0x00, 0x2c, 0x0a, 0x00, 0x00, 0x00, 0x15, 0x05, 0x2c, 0x01, 0x00, 0x00
    .byte 0x00, 0x15, 0x06, 0x00, 0x2c, 0x03, 0x00, 0x00, 0x00, 0x38, 0x0d, 0x20, 0x00, 0x00, 0x20, 0x00
    .byte 0x00, 0x20, 0x00, 0x00, 0x20, 0x00, 0x00, 0x20, 0x00, 0x00, 0x15, 0x53, 0x2c, 0x09, 0x00, 0x00
    .byte 0x00, 0x15, 0x05, 0x15, 0x16, 0x00, 0x2c, 0x0e, 0x00, 0x00, 0x00, 0x15, 0x05, 0x2c, 0x01, 0x00
    .byte 0x00, 0x00, 0x15, 0x06, 0x2c, 0x3c, 0x00, 0x00, 0x00, 0x15, 0x07, 0x15, 0x08, 0x2c, 0x10, 0x00
    .byte 0x00, 0x00, 0x15, 0x05, 0x15, 0x16, 0x2c, 0x0f, 0x00, 0x00, 0x00, 0x15, 0x05, 0x2c, 0x01, 0x00
    .byte 0x00, 0x00, 0x15, 0x06, 0x2c, 0x1e, 0x00, 0x00, 0x00, 0x15, 0x07, 0x15, 0x08, 0x00, 0x2c, 0x0d
    .byte 0x00, 0x00, 0x00, 0x15, 0x05, 0x2c, 0x01, 0x00, 0x00, 0x00, 0x15, 0x06, 0x2c, 0x3c, 0x00, 0x00
    .byte 0x00, 0x15, 0x07, 0x15, 0x08, 0x2c, 0x08, 0x00, 0x00, 0x00, 0x15, 0x05, 0x15, 0x16, 0x2c, 0x07
    .byte 0x00, 0x00, 0x00, 0x15, 0x05, 0x2c, 0x01, 0x00, 0x00, 0x00, 0x15, 0x06, 0x2c, 0x1e, 0x00, 0x00
    .byte 0x00, 0x15, 0x07, 0x15, 0x08, 0x00, 0x2c, 0x06, 0x00, 0x00, 0x00, 0x15, 0x05, 0x2c, 0x01, 0x00
    .byte 0x00, 0x00, 0x15, 0x06, 0x2c, 0x1e, 0x00, 0x00, 0x00, 0x15, 0x07, 0x15, 0x08, 0x2c, 0x0a, 0x00
    .byte 0x00, 0x00, 0x15, 0x05, 0x2c, 0x01, 0x00, 0x00, 0x00, 0x15, 0x06, 0x00, 0x20, 0x00, 0x00, 0x15
    .byte 0x09, 0x2c, 0x30, 0x00, 0x00, 0x00, 0x2c, 0x07, 0x00, 0x00, 0x00, 0x15, 0x47, 0x18, 0x70, 0x17
    .byte 0x00, 0x2c, 0x30, 0x00, 0x00, 0x00, 0x2c, 0x08, 0x00, 0x00, 0x00, 0x15, 0x47, 0x18, 0x70, 0x17
    .byte 0x00, 0x2c, 0x30, 0x00, 0x00, 0x00, 0x2c, 0x09, 0x00, 0x00, 0x00, 0x15, 0x47, 0x18, 0x70, 0x17
    .byte 0x00, 0x15, 0x02, 0x20, 0x00, 0x00, 0x2c, 0xf8, 0xff, 0xff, 0xff, 0x15, 0xd1, 0x2c, 0x52, 0x01
    .byte 0x00, 0x00, 0x15, 0x37, 0x18, 0x70, 0x32, 0x00, 0x00, 0x00, 0x00, 0x00, 0x14, 0x02, 0x5c, 0x22
    .byte 0x02, 0x2c, 0x01, 0x00, 0x00, 0x00, 0x2c, 0x14, 0x5c, 0x22, 0x02, 0x15, 0x29, 0x25, 0x0e, 0x5c
    .byte 0x22, 0x02, 0x2c, 0x01, 0x00, 0x00, 0x00, 0x2c, 0xcc, 0x5d, 0x22, 0x02, 0x15, 0x29, 0x01, 0xdd
    .byte 0x5b, 0x22, 0x02, 0x00, 0x2c, 0x1b, 0x00, 0x00, 0x00, 0x15, 0x31, 0x18, 0x70, 0x26, 0x00, 0xd2
    .byte 0x20, 0x00, 0x00, 0x2c, 0xc3, 0xf9, 0x21, 0x02, 0x15, 0x39, 0x20, 0x00, 0x00, 0x15, 0x42, 0x18
    .byte 0x70, 0x32, 0x00, 0x00, 0x00, 0x00, 0x00, 0x14, 0x41, 0x5c, 0x22, 0x02, 0x01, 0x2a, 0x5c, 0x22
    .byte 0x02, 0x2c, 0x24, 0x00, 0x00, 0x00, 0x2c, 0x01, 0x00, 0x00, 0x00, 0x15, 0x71, 0x15, 0x0b, 0x18
    .byte 0x70, 0x33, 0x00, 0x05, 0x00, 0x00, 0x00, 0x14, 0x7e, 0x5c, 0x22, 0x02, 0x37, 0x00, 0x0d, 0x34
    .byte 0x00, 0x64, 0x00, 0x00, 0x00, 0x14, 0x7e, 0x5c, 0x22, 0x02, 0x37, 0x00, 0x0d, 0x03, 0x01, 0x06
    .byte 0x00, 0x00, 0x00, 0x15, 0x0b, 0x18, 0x72, 0x23, 0x21, 0x04, 0x10, 0x36, 0x00, 0x0d, 0x38, 0x0d
    .byte 0x15, 0xaa, 0x2c, 0x30, 0x00, 0x00, 0x00, 0x2c, 0xe4, 0x5a, 0x22, 0x02, 0x15, 0x39, 0x2c, 0x30
    .byte 0x00, 0x00, 0x00, 0x15, 0x42, 0x18, 0x70, 0x32, 0x00, 0x00, 0x00, 0x00, 0x00, 0x14, 0xa7, 0x5c
    .byte 0x22, 0x02, 0x01, 0x8e, 0x5c, 0x22, 0x02, 0x03, 0x00, 0x00, 0x00, 0x00, 0x00, 0x36, 0x00, 0x0d
    .byte 0x2c, 0x01, 0x00, 0x00, 0x00, 0x15, 0x07, 0x15, 0x08, 0x2c, 0x2f, 0x00, 0x00, 0x00, 0x2c, 0x65
    .byte 0x5a, 0x22, 0x02, 0x15, 0x39, 0x2c, 0x2f, 0x00, 0x00, 0x00, 0x15, 0x42, 0x18, 0x70, 0x32, 0x00
    .byte 0x00, 0x00, 0x00, 0x00, 0x14, 0xde, 0x5c, 0x22, 0x02, 0x01, 0xc5, 0x5c, 0x22, 0x02, 0x2c, 0x1e
    .byte 0x00, 0x00, 0x00, 0x15, 0x07, 0x15, 0x08, 0x20, 0x00, 0x00, 0x2c, 0xff, 0xff, 0xff, 0xff, 0x2c
    .byte 0xff, 0xff, 0xff, 0xff, 0x15, 0xdd, 0x18, 0x70, 0x14, 0x7c, 0x5d, 0x22, 0x02, 0x2c, 0x03, 0x00
    .byte 0x00, 0x00, 0x2c, 0xff, 0xff, 0xff, 0xff, 0x2c, 0xff, 0xff, 0xff, 0xff, 0x15, 0xdd, 0x18, 0x70
    .byte 0x35, 0x00, 0x02, 0x00, 0x00, 0x00, 0x14, 0x7c, 0x5d, 0x22, 0x02, 0x15, 0x6d, 0x18, 0x70, 0x31
    .byte 0x00, 0x10, 0x03, 0x00, 0x00, 0x14, 0x7c, 0x5d, 0x22, 0x02, 0x15, 0x6d, 0x18, 0x70, 0x33, 0x00
    .byte 0x50, 0x03, 0x00, 0x00, 0x14, 0x7c, 0x5d, 0x22, 0x02, 0x15, 0x6e, 0x18, 0x70, 0x31, 0x00, 0x60
    .byte 0x00, 0x00, 0x00, 0x14, 0x7c, 0x5d, 0x22, 0x02, 0x15, 0x6e, 0x18, 0x70, 0x33, 0x00, 0xa0, 0x00
    .byte 0x00, 0x00, 0x14, 0x7c, 0x5d, 0x22, 0x02, 0x2c, 0x01, 0x00, 0x00, 0x00, 0x2c, 0x8b, 0x5d, 0x22
    .byte 0x02, 0x15, 0x39, 0x2c, 0x01, 0x00, 0x00, 0x00, 0x15, 0x42, 0x18, 0x70, 0x32, 0x00, 0x00, 0x00
    .byte 0x00, 0x00, 0x14, 0x7c, 0x5d, 0x22, 0x02, 0x01, 0x63, 0x5d, 0x22, 0x02, 0x2c, 0xf4, 0x00, 0x00
    .byte 0x00, 0x15, 0x36, 0x2c, 0x52, 0x01, 0x00, 0x00, 0x15, 0x35, 0x00, 0x20, 0x00, 0x00, 0x15, 0x18
    .byte 0x20, 0x00, 0x00, 0x15, 0x19, 0x2c, 0x01, 0x00, 0x00, 0x00, 0x15, 0x2b, 0x2c, 0x60, 0x03, 0x00
    .byte 0x00, 0x15, 0x11, 0x18, 0x70, 0x17, 0x00, 0x20, 0x00, 0x00, 0x2c, 0x00, 0x18, 0x00, 0x00, 0x2c
    .byte 0x05, 0x00, 0x00, 0x00, 0x20, 0x00, 0x00, 0x15, 0x1a, 0x15, 0x21, 0x2c, 0x01, 0x00, 0x00, 0x00
    .byte 0x15, 0x18, 0x2c, 0x01, 0x00, 0x00, 0x00, 0x15, 0x19, 0x15, 0x2c, 0x00, 0x2c, 0x1b, 0x00, 0x00
    .byte 0x00, 0x15, 0x31, 0x18, 0x70, 0x26, 0x00, 0xd2, 0x20, 0x00, 0x00, 0x2c, 0xc3, 0xf9, 0x21, 0x02
    .byte 0x15, 0x39, 0x20, 0x00, 0x00, 0x15, 0x42, 0x18, 0x70, 0x32, 0x00, 0x00, 0x00, 0x00, 0x00, 0x14
    .byte 0xf9, 0x5d, 0x22, 0x02, 0x01, 0xe2, 0x5d, 0x22, 0x02, 0x2c, 0x24, 0x00, 0x00, 0x00, 0x2c, 0x01
    .byte 0x00, 0x00, 0x00, 0x15, 0x71, 0x03, 0x00, 0x00, 0x00, 0x00, 0x00, 0x36, 0x00, 0x00, 0x2c, 0x0c
    .byte 0x04, 0x00, 0x00, 0x15, 0x35, 0x2c, 0x0d, 0x00, 0x00, 0x00, 0x2c, 0x01, 0x00, 0x00, 0x00, 0x15
    .byte 0x78, 0x2c, 0x0c, 0x04, 0x00, 0x00, 0x15, 0x36, 0x2c, 0x01, 0x00, 0x00, 0x00, 0x15, 0x07, 0x15
    .byte 0x08, 0x37, 0x00, 0x00, 0x15, 0x0b, 0x18, 0x71, 0x1b, 0x10, 0x13, 0x4d, 0x5e, 0x22, 0x02, 0x37
    .byte 0x00, 0x00, 0x34, 0x00, 0x00, 0x00, 0x00, 0x00, 0x14, 0x4e, 0x5e, 0x22, 0x02, 0x00, 0x37, 0x00
    .byte 0x00, 0x07, 0x00, 0xff, 0xff, 0xff, 0xff, 0x17, 0x00, 0x15, 0xaa, 0x2c, 0x03, 0x00, 0x00, 0x00
    .byte 0x37, 0x00, 0x00, 0x07, 0x00, 0xff, 0xff, 0xff, 0xff, 0x17, 0x00, 0x20, 0x00, 0x00, 0x20, 0x00
    .byte 0x00, 0x20, 0x00, 0x00, 0x20, 0x00, 0x00, 0x20, 0x00, 0x00, 0x15, 0x53, 0x2c, 0x01, 0x00, 0x00
    .byte 0x00, 0x15, 0x07, 0x15, 0x08, 0x37, 0x00, 0x0d, 0x37, 0x01, 0x00, 0x04, 0x10, 0x36, 0x00, 0x0d
    .byte 0x2c, 0x01, 0x00, 0x00, 0x00, 0x15, 0x07, 0x15, 0x08, 0x37, 0x00, 0x0d, 0x31, 0x00, 0x65, 0x00
    .byte 0x00, 0x00, 0x14, 0x0e, 0x5f, 0x22, 0x02, 0x2c, 0x30, 0x00, 0x00, 0x00, 0x2c, 0x06, 0x5b, 0x22
    .byte 0x02, 0x15, 0x39, 0x2c, 0x30, 0x00, 0x00, 0x00, 0x15, 0x42, 0x18, 0x70, 0x32, 0x00, 0x00, 0x00
    .byte 0x00, 0x00, 0x14, 0xcc, 0x5e, 0x22, 0x02, 0x01, 0xb3, 0x5e, 0x22, 0x02, 0x2c, 0x2f, 0x00, 0x00
    .byte 0x00, 0x2c, 0x79, 0x5a, 0x22, 0x02, 0x15, 0x39, 0x2c, 0x2f, 0x00, 0x00, 0x00, 0x15, 0x42, 0x18
    .byte 0x70, 0x32, 0x00, 0x00, 0x00, 0x00, 0x00, 0x14, 0xf1, 0x5e, 0x22, 0x02, 0x01, 0xd8, 0x5e, 0x22
    .byte 0x02, 0x2c, 0x0f, 0x00, 0x00, 0x00, 0x15, 0x07, 0x15, 0x08, 0x2c, 0xf4, 0x00, 0x00, 0x00, 0x15
    .byte 0x35, 0x2c, 0x52, 0x01, 0x00, 0x00, 0x15, 0x36, 0x00, 0x25, 0xb6, 0x5f, 0x22, 0x02, 0x37, 0x00
    .byte 0x0d, 0x31, 0x00, 0x64, 0x00, 0x00, 0x00, 0x14, 0x83, 0x5f, 0x22, 0x02, 0x2c, 0x30, 0x00, 0x00
    .byte 0x00, 0x2c, 0x3e, 0x5b, 0x22, 0x02, 0x15, 0x39, 0x2c, 0x30, 0x00, 0x00, 0x00, 0x15, 0x42, 0x18
    .byte 0x70, 0x32, 0x00, 0x00, 0x00, 0x00, 0x00, 0x14, 0x41, 0x5f, 0x22, 0x02, 0x01, 0x28, 0x5f, 0x22
    .byte 0x02, 0x2c, 0x2f, 0x00, 0x00, 0x00, 0x2c, 0x79, 0x5a, 0x22, 0x02, 0x15, 0x39, 0x2c, 0x2f, 0x00
    .byte 0x00, 0x00, 0x15, 0x42, 0x18, 0x70, 0x32, 0x00, 0x00, 0x00, 0x00, 0x00, 0x14, 0x66, 0x5f, 0x22
    .byte 0x02, 0x01, 0x4d, 0x5f, 0x22, 0x02, 0x2c, 0x0f, 0x00, 0x00, 0x00, 0x15, 0x07, 0x15, 0x08, 0x2c
    .byte 0xf4, 0x00, 0x00, 0x00, 0x15, 0x35, 0x2c, 0x52, 0x01, 0x00, 0x00, 0x15, 0x36, 0x00, 0x25, 0xb6
    .byte 0x5f, 0x22, 0x02, 0x37, 0x00, 0x0d, 0x31, 0x00, 0x01, 0x00, 0x00, 0x00, 0x14, 0xb6, 0x5f, 0x22
    .byte 0x02, 0x2c, 0x30, 0x00, 0x00, 0x00, 0x2c, 0x76, 0x5b, 0x22, 0x02, 0x15, 0x39, 0x2c, 0x30, 0x00
    .byte 0x00, 0x00, 0x15, 0x42, 0x18, 0x70, 0x32, 0x00, 0x00, 0x00, 0x00, 0x00, 0x14, 0xb6, 0x5f, 0x22
    .byte 0x02, 0x01, 0x9d, 0x5f, 0x22, 0x02, 0x00, 0x2c, 0x01, 0x00, 0x00, 0x00, 0x15, 0x09, 0x2c, 0x05
    .byte 0x00, 0x00, 0x00, 0x15, 0x05, 0x03, 0x00, 0x05, 0x00, 0x00, 0x00, 0x28, 0x00, 0x00, 0x2c, 0x01
    .byte 0x00, 0x00, 0x00, 0x2c, 0xdb, 0x5f, 0x22, 0x02, 0x15, 0x29, 0x00, 0x2c, 0x1b, 0x00, 0x00, 0x00
    .byte 0x15, 0x31, 0x18, 0x70, 0x26, 0x00, 0xd2, 0x20, 0x00, 0x00, 0x2c, 0xc3, 0xf9, 0x21, 0x02, 0x15
    .byte 0x39, 0x20, 0x00, 0x00, 0x15, 0x42, 0x18, 0x70, 0x32, 0x00, 0x00, 0x00, 0x00, 0x00, 0x14, 0x08
    .byte 0x60, 0x22, 0x02, 0x01, 0xf1, 0x5f, 0x22, 0x02, 0x37, 0x00, 0x0d, 0x15, 0x0b, 0x18, 0x71, 0x04
    .byte 0x10, 0x31, 0x00, 0x65, 0x00, 0x00, 0x00, 0x14, 0x31, 0x60, 0x22, 0x02, 0x2c, 0x53, 0x01, 0x00
    .byte 0x00, 0x15, 0x37, 0x18, 0x70, 0x32, 0x00, 0x01, 0x00, 0x00, 0x00, 0x14, 0x31, 0x60, 0x22, 0x02
    .byte 0x00, 0x37, 0x00, 0x0d, 0x15, 0x0b, 0x18, 0x71, 0x04, 0x10, 0x34, 0x00, 0x64, 0x00, 0x00, 0x00
    .byte 0x14, 0x60, 0x60, 0x22, 0x02, 0x03, 0x00, 0x65, 0x00, 0x00, 0x00, 0x37, 0x01, 0x0d, 0x15, 0x0b
    .byte 0x18, 0x72, 0x04, 0x21, 0x23, 0x10, 0x28, 0x00, 0x00, 0x2c, 0xe7, 0x03, 0x00, 0x00, 0x15, 0x41
    .byte 0x15, 0x8b, 0x18, 0x70, 0x32, 0x00, 0x00, 0x00, 0x00, 0x00, 0x13, 0x74, 0x60, 0x22, 0x02, 0x01
    .byte 0x60, 0x60, 0x22, 0x02, 0x2c, 0x42, 0x01, 0x00, 0x00, 0x2c, 0x01, 0x00, 0x00, 0x00, 0x20, 0x00
    .byte 0x00, 0x20, 0x00, 0x00, 0x15, 0x59, 0x15, 0x5a, 0x2c, 0x03, 0x00, 0x00, 0x00, 0x2f, 0x00, 0x20
    .byte 0x00, 0x00, 0x20, 0x00, 0x00, 0x20, 0x00, 0x00, 0x20, 0x00, 0x00, 0x20, 0x00, 0x00, 0x15, 0x53
    .byte 0x2f, 0x00, 0x15, 0xaa, 0x2c, 0x53, 0x01, 0x00, 0x00, 0x15, 0x35, 0x00, 0x2c, 0x01, 0x00, 0x00
    .byte 0x00, 0x15, 0x09, 0x2c, 0x04, 0x00, 0x00, 0x00, 0x15, 0x05, 0x2c, 0x00, 0x01, 0x00, 0x00, 0x15
    .byte 0x1b, 0x20, 0x00, 0x00, 0x2c, 0xfa, 0xff, 0xff, 0xff, 0x15, 0x03, 0x2c, 0x01, 0x00, 0x00, 0x00
    .byte 0x2c, 0xd8, 0x60, 0x22, 0x02, 0x15, 0x29, 0x00, 0x2c, 0x1b, 0x00, 0x00, 0x00, 0x15, 0x31, 0x18
    .byte 0x70, 0x26, 0x00, 0xd2, 0x20, 0x00, 0x00, 0x2c, 0xc3, 0xf9, 0x21, 0x02, 0x15, 0x39, 0x20, 0x00
    .byte 0x00, 0x15, 0x42, 0x18, 0x70, 0x32, 0x00, 0x00, 0x00, 0x00, 0x00, 0x14, 0x05, 0x61, 0x22, 0x02
    .byte 0x01, 0xee, 0x60, 0x22, 0x02, 0x15, 0x8b, 0x18, 0x70, 0x32, 0x00, 0x00, 0x00, 0x00, 0x00, 0x13
    .byte 0x19, 0x61, 0x22, 0x02, 0x01, 0x05, 0x61, 0x22, 0x02, 0x2c, 0x43, 0x01, 0x00, 0x00, 0x2c, 0x01
    .byte 0x00, 0x00, 0x00, 0x20, 0x00, 0x00, 0x20, 0x00, 0x00, 0x15, 0x59, 0x15, 0x5a, 0x00, 0x2c, 0x35
    .byte 0x00, 0x00, 0x00, 0x15, 0x37, 0x18, 0x70, 0x14, 0x3f, 0x61, 0x22, 0x02, 0x15, 0x0d, 0x00, 0x03
    .byte 0x00, 0x00, 0x00, 0x00, 0x00, 0x27, 0x00, 0x00, 0x03, 0x00, 0x00, 0x00, 0x00, 0x00, 0x27, 0x00
    .byte 0x01, 0x03, 0x00, 0x00, 0x00, 0x00, 0x00, 0x27, 0x00, 0x06, 0x03, 0x00, 0x00, 0x00, 0x00, 0x00
    .byte 0x27, 0x00, 0x07, 0x2a, 0x00, 0x00, 0x35, 0x00, 0x00, 0x00, 0x00, 0x00, 0x14, 0x05, 0x62, 0x22
    .byte 0x02, 0x2a, 0x00, 0x01, 0x35, 0x00, 0x00, 0x00, 0x00, 0x00, 0x14, 0x05, 0x62, 0x22, 0x02, 0x2a
    .byte 0x00, 0x06, 0x2a, 0x01, 0x07, 0x04, 0x10, 0x31, 0x00, 0x04, 0x00, 0x00, 0x00, 0x14, 0x05, 0x62
    .byte 0x22, 0x02, 0x2c, 0x00, 0x04, 0x00, 0x00, 0x15, 0x37, 0x18, 0x70, 0x14, 0xa5, 0x61, 0x22, 0x02
    .byte 0x01, 0x92, 0x61, 0x22, 0x02, 0x2c, 0xee, 0x03, 0x00, 0x00, 0x15, 0x37, 0x18, 0x70, 0x14, 0xb8
    .byte 0x61, 0x22, 0x02, 0x01, 0xa5, 0x61, 0x22, 0x02, 0x2c, 0x02, 0x00, 0x00, 0x00, 0x15, 0x9b, 0x18
    .byte 0x70, 0x32, 0x00, 0x00, 0x00, 0x00, 0x00, 0x14, 0xd1, 0x61, 0x22, 0x02, 0x01, 0xb8, 0x61, 0x22
    .byte 0x02, 0x20, 0x00, 0x00, 0x15, 0x9b, 0x18, 0x70, 0x14, 0xf1, 0x61, 0x22, 0x02, 0x20, 0x00, 0x00
    .byte 0x2c, 0xff, 0xff, 0xff, 0xff, 0x2c, 0xff, 0xff, 0xff, 0xff, 0x2c, 0xff, 0xff, 0xff, 0xff, 0x15
    .byte 0x89, 0x20, 0x00, 0x00, 0x15, 0x07, 0x15, 0x08, 0x2c, 0x03, 0x00, 0x00, 0x00, 0x2c, 0x14, 0x6d
    .byte 0x22, 0x02, 0x15, 0x29, 0x00, 0x2c, 0x70, 0x03, 0x00, 0x00, 0x2c, 0xd0, 0x01, 0x00, 0x00, 0x20
    .byte 0x00, 0x00, 0x15, 0x1f, 0x18, 0x70, 0x17, 0x00, 0x15, 0x20, 0x18, 0x70, 0x17, 0x00, 0x20, 0x00
    .byte 0x00, 0x15, 0x65, 0x18, 0x70, 0x28, 0x00, 0x00, 0x20, 0x00, 0x00, 0x2c, 0xff, 0xff, 0xff, 0xff
    .byte 0x2c, 0xff, 0xff, 0xff, 0xff, 0x15, 0xdd, 0x18, 0x70, 0x14, 0x84, 0x62, 0x22, 0x02, 0x2c, 0x03
    .byte 0x00, 0x00, 0x00, 0x2c, 0xff, 0xff, 0xff, 0xff, 0x2c, 0xff, 0xff, 0xff, 0xff, 0x15, 0xdd, 0x18
    .byte 0x70, 0x32, 0x00, 0x00, 0x00, 0x00, 0x00, 0x14, 0x84, 0x62, 0x22, 0x02, 0x2c, 0x70, 0x03, 0x00
    .byte 0x00, 0x2c, 0xd0, 0x01, 0x00, 0x00, 0x20, 0x00, 0x00, 0x15, 0x6d, 0x18, 0x70, 0x17, 0x00, 0x15
    .byte 0x6e, 0x18, 0x70, 0x17, 0x00, 0x20, 0x00, 0x00, 0x15, 0x65, 0x18, 0x70, 0x28, 0x00, 0x01, 0x25
    .byte 0x8d, 0x62, 0x22, 0x02, 0x03, 0x00, 0xff, 0x00, 0x00, 0x00, 0x28, 0x00, 0x01, 0x2a, 0x00, 0x00
    .byte 0x32, 0x00, 0x01, 0x00, 0x00, 0x00, 0x14, 0x33, 0x63, 0x22, 0x02, 0x2b, 0x00, 0x00, 0x30, 0x00
    .byte 0x0e, 0x00, 0x00, 0x00, 0x14, 0x2e, 0x63, 0x22, 0x02, 0x03, 0x00, 0x00, 0x00, 0x00, 0x00, 0x27
    .byte 0x00, 0x00, 0x03, 0x00, 0x00, 0x00, 0x00, 0x00, 0x27, 0x00, 0x06, 0x2c, 0x00, 0x04, 0x00, 0x00
    .byte 0x15, 0x37, 0x18, 0x70, 0x14, 0xce, 0x62, 0x22, 0x02, 0x01, 0xbb, 0x62, 0x22, 0x02, 0x2c, 0xee
    .byte 0x03, 0x00, 0x00, 0x15, 0x37, 0x18, 0x70, 0x14, 0xe1, 0x62, 0x22, 0x02, 0x01, 0xce, 0x62, 0x22
    .byte 0x02, 0x2c, 0x02, 0x00, 0x00, 0x00, 0x15, 0x9b, 0x18, 0x70, 0x32, 0x00, 0x00, 0x00, 0x00, 0x00
    .byte 0x14, 0xfa, 0x62, 0x22, 0x02, 0x01, 0xe1, 0x62, 0x22, 0x02, 0x20, 0x00, 0x00, 0x15, 0x9b, 0x18
    .byte 0x70, 0x14, 0x1a, 0x63, 0x22, 0x02, 0x20, 0x00, 0x00, 0x2c, 0xff, 0xff, 0xff, 0xff, 0x2c, 0xff
    .byte 0xff, 0xff, 0xff, 0x2c, 0xff, 0xff, 0xff, 0xff, 0x15, 0x89, 0x20, 0x00, 0x00, 0x15, 0x07, 0x15
    .byte 0x08, 0x2c, 0x03, 0x00, 0x00, 0x00, 0x2c, 0x5a, 0x6c, 0x22, 0x02, 0x15, 0x29, 0x00, 0x25, 0xd2
    .byte 0x65, 0x22, 0x02, 0x2a, 0x00, 0x00, 0x32, 0x00, 0x02, 0x00, 0x00, 0x00, 0x14, 0xd9, 0x63, 0x22
    .byte 0x02, 0x2b, 0x00, 0x01, 0x30, 0x00, 0x0e, 0x00, 0x00, 0x00, 0x14, 0xd4, 0x63, 0x22, 0x02, 0x03
    .byte 0x00, 0x00, 0x00, 0x00, 0x00, 0x27, 0x00, 0x00, 0x03, 0x00, 0x00, 0x00, 0x00, 0x00, 0x27, 0x00
    .byte 0x06, 0x2c, 0x00, 0x04, 0x00, 0x00, 0x15, 0x37, 0x18, 0x70, 0x14, 0x74, 0x63, 0x22, 0x02, 0x01
    .byte 0x61, 0x63, 0x22, 0x02, 0x2c, 0xee, 0x03, 0x00, 0x00, 0x15, 0x37, 0x18, 0x70, 0x14, 0x87, 0x63
    .byte 0x22, 0x02, 0x01, 0x74, 0x63, 0x22, 0x02, 0x2c, 0x02, 0x00, 0x00, 0x00, 0x15, 0x9b, 0x18, 0x70
    .byte 0x32, 0x00, 0x00, 0x00, 0x00, 0x00, 0x14, 0xa0, 0x63, 0x22, 0x02, 0x01, 0x87, 0x63, 0x22, 0x02
    .byte 0x20, 0x00, 0x00, 0x15, 0x9b, 0x18, 0x70, 0x14, 0xc0, 0x63, 0x22, 0x02, 0x20, 0x00, 0x00, 0x2c
    .byte 0xff, 0xff, 0xff, 0xff, 0x2c, 0xff, 0xff, 0xff, 0xff, 0x2c, 0xff, 0xff, 0xff, 0xff, 0x15, 0x89
    .byte 0x20, 0x00, 0x00, 0x15, 0x07, 0x15, 0x08, 0x2c, 0x03, 0x00, 0x00, 0x00, 0x2c, 0x5a, 0x6c, 0x22
    .byte 0x02, 0x15, 0x29, 0x00, 0x25, 0xd2, 0x65, 0x22, 0x02, 0x2b, 0x00, 0x00, 0x33, 0x00, 0x0e, 0x00
    .byte 0x00, 0x00, 0x14, 0x71, 0x64, 0x22, 0x02, 0x03, 0x00, 0x01, 0x00, 0x00, 0x00, 0x27, 0x00, 0x00
    .byte 0x03, 0x00, 0x01, 0x00, 0x00, 0x00, 0x27, 0x00, 0x06, 0x2c, 0x00, 0x04, 0x00, 0x00, 0x15, 0x37
    .byte 0x18, 0x70, 0x14, 0x0c, 0x64, 0x22, 0x02, 0x01, 0xf9, 0x63, 0x22, 0x02, 0x2c, 0xee, 0x03, 0x00
    .byte 0x00, 0x15, 0x37, 0x18, 0x70, 0x14, 0x1f, 0x64, 0x22, 0x02, 0x01, 0x0c, 0x64, 0x22, 0x02, 0x2c
    .byte 0x02, 0x00, 0x00, 0x00, 0x15, 0x9b, 0x18, 0x70, 0x32, 0x00, 0x00, 0x00, 0x00, 0x00, 0x14, 0x38
    .byte 0x64, 0x22, 0x02, 0x01, 0x1f, 0x64, 0x22, 0x02, 0x20, 0x00, 0x00, 0x15, 0x9b, 0x18, 0x70, 0x14
    .byte 0x58, 0x64, 0x22, 0x02, 0x20, 0x00, 0x00, 0x2c, 0xff, 0xff, 0xff, 0xff, 0x2c, 0xff, 0xff, 0xff
    .byte 0xff, 0x2c, 0xff, 0xff, 0xff, 0xff, 0x15, 0x89, 0x20, 0x00, 0x00, 0x15, 0x07, 0x15, 0x08, 0x2c
    .byte 0x03, 0x00, 0x00, 0x00, 0x2c, 0xa4, 0x69, 0x22, 0x02, 0x15, 0x29, 0x00, 0x25, 0xd2, 0x65, 0x22
    .byte 0x02, 0x2b, 0x00, 0x01, 0x33, 0x00, 0x0e, 0x00, 0x00, 0x00, 0x14, 0xd2, 0x65, 0x22, 0x02, 0x03
    .byte 0x00, 0x02, 0x00, 0x00, 0x00, 0x27, 0x00, 0x00, 0x2c, 0x01, 0x00, 0x00, 0x00, 0x2c, 0xff, 0xff
    .byte 0xff, 0xff, 0x2c, 0xff, 0xff, 0xff, 0xff, 0x15, 0xdd, 0x18, 0x70, 0x32, 0x00, 0x4d, 0x00, 0x00
    .byte 0x00, 0x14, 0xb4, 0x64, 0x22, 0x02, 0x03, 0x00, 0x03, 0x00, 0x00, 0x00, 0x27, 0x00, 0x06, 0x25
    .byte 0x5f, 0x65, 0x22, 0x02, 0x2c, 0x01, 0x00, 0x00, 0x00, 0x2c, 0xff, 0xff, 0xff, 0xff, 0x2c, 0xff
    .byte 0xff, 0xff, 0xff, 0x15, 0xdd, 0x18, 0x70, 0x32, 0x00, 0x59, 0x02, 0x00, 0x00, 0x14, 0xe0, 0x64
    .byte 0x22, 0x02, 0x03, 0x00, 0x01, 0x00, 0x00, 0x00, 0x27, 0x00, 0x06, 0x25, 0x5f, 0x65, 0x22, 0x02
    .byte 0x2c, 0x04, 0x00, 0x00, 0x00, 0x2c, 0xff, 0xff, 0xff, 0xff, 0x2c, 0xff, 0xff, 0xff, 0xff, 0x15
    .byte 0xdd, 0x18, 0x70, 0x32, 0x00, 0x00, 0x00, 0x00, 0x00, 0x14, 0x0c, 0x65, 0x22, 0x02, 0x03, 0x00
    .byte 0x01, 0x00, 0x00, 0x00, 0x27, 0x00, 0x06, 0x25, 0x5f, 0x65, 0x22, 0x02, 0x2c, 0x04, 0x00, 0x00
    .byte 0x00, 0x2c, 0xff, 0xff, 0xff, 0xff, 0x2c, 0xff, 0xff, 0xff, 0xff, 0x15, 0xdd, 0x18, 0x70, 0x32
    .byte 0x00, 0x01, 0x00, 0x00, 0x00, 0x14, 0x38, 0x65, 0x22, 0x02, 0x03, 0x00, 0x01, 0x00, 0x00, 0x00
    .byte 0x27, 0x00, 0x06, 0x25, 0x5f, 0x65, 0x22, 0x02, 0x2c, 0x04, 0x00, 0x00, 0x00, 0x2c, 0xff, 0xff
    .byte 0xff, 0xff, 0x2c, 0xff, 0xff, 0xff, 0xff, 0x15, 0xdd, 0x18, 0x70, 0x32, 0x00, 0x02, 0x00, 0x00
    .byte 0x00, 0x14, 0x5f, 0x65, 0x22, 0x02, 0x03, 0x00, 0x02, 0x00, 0x00, 0x00, 0x27, 0x00, 0x06, 0x2c
    .byte 0x00, 0x04, 0x00, 0x00, 0x15, 0x37, 0x18, 0x70, 0x14, 0x72, 0x65, 0x22, 0x02, 0x01, 0x5f, 0x65
    .byte 0x22, 0x02, 0x2c, 0xee, 0x03, 0x00, 0x00, 0x15, 0x37, 0x18, 0x70, 0x14, 0x85, 0x65, 0x22, 0x02
    .byte 0x01, 0x72, 0x65, 0x22, 0x02, 0x2c, 0x02, 0x00, 0x00, 0x00, 0x15, 0x9b, 0x18, 0x70, 0x32, 0x00
    .byte 0x00, 0x00, 0x00, 0x00, 0x14, 0x9e, 0x65, 0x22, 0x02, 0x01, 0x85, 0x65, 0x22, 0x02, 0x20, 0x00
    .byte 0x00, 0x15, 0x9b, 0x18, 0x70, 0x14, 0xbe, 0x65, 0x22, 0x02, 0x20, 0x00, 0x00, 0x2c, 0xff, 0xff
    .byte 0xff, 0xff, 0x2c, 0xff, 0xff, 0xff, 0xff, 0x2c, 0xff, 0xff, 0xff, 0xff, 0x15, 0x89, 0x20, 0x00
    .byte 0x00, 0x15, 0x07, 0x15, 0x08, 0x2c, 0x03, 0x00, 0x00, 0x00, 0x2c, 0x3d, 0x6a, 0x22, 0x02, 0x15
    .byte 0x29, 0x00, 0x2c, 0xd0, 0x03, 0x00, 0x00, 0x2c, 0xd0, 0x01, 0x00, 0x00, 0x20, 0x00, 0x00, 0x15
    .byte 0x1f, 0x18, 0x70, 0x17, 0x00, 0x15, 0x20, 0x18, 0x70, 0x17, 0x00, 0x20, 0x00, 0x00, 0x15, 0x65
    .byte 0x18, 0x70, 0x28, 0x00, 0x00, 0x20, 0x00, 0x00, 0x2c, 0xff, 0xff, 0xff, 0xff, 0x2c, 0xff, 0xff
    .byte 0xff, 0xff, 0x15, 0xdd, 0x18, 0x70, 0x14, 0x51, 0x66, 0x22, 0x02, 0x2c, 0x03, 0x00, 0x00, 0x00
    .byte 0x2c, 0xff, 0xff, 0xff, 0xff, 0x2c, 0xff, 0xff, 0xff, 0xff, 0x15, 0xdd, 0x18, 0x70, 0x32, 0x00
    .byte 0x00, 0x00, 0x00, 0x00, 0x14, 0x51, 0x66, 0x22, 0x02, 0x2c, 0xd0, 0x03, 0x00, 0x00, 0x2c, 0xd0
    .byte 0x01, 0x00, 0x00, 0x20, 0x00, 0x00, 0x15, 0x6d, 0x18, 0x70, 0x17, 0x00, 0x15, 0x6e, 0x18, 0x70
    .byte 0x17, 0x00, 0x20, 0x00, 0x00, 0x15, 0x65, 0x18, 0x70, 0x28, 0x00, 0x01, 0x25, 0x5a, 0x66, 0x22
    .byte 0x02, 0x03, 0x00, 0xff, 0x00, 0x00, 0x00, 0x28, 0x00, 0x01, 0x2a, 0x00, 0x01, 0x32, 0x00, 0x01
    .byte 0x00, 0x00, 0x00, 0x14, 0x00, 0x67, 0x22, 0x02, 0x2b, 0x00, 0x00, 0x30, 0x00, 0x0e, 0x00, 0x00
    .byte 0x00, 0x14, 0xfb, 0x66, 0x22, 0x02, 0x03, 0x00, 0x00, 0x00, 0x00, 0x00, 0x27, 0x00, 0x01, 0x03
    .byte 0x00, 0x00, 0x00, 0x00, 0x00, 0x27, 0x00, 0x07, 0x2c, 0x00, 0x04, 0x00, 0x00, 0x15, 0x37, 0x18
    .byte 0x70, 0x14, 0x9b, 0x66, 0x22, 0x02, 0x01, 0x88, 0x66, 0x22, 0x02, 0x2c, 0xee, 0x03, 0x00, 0x00
    .byte 0x15, 0x37, 0x18, 0x70, 0x14, 0xae, 0x66, 0x22, 0x02, 0x01, 0x9b, 0x66, 0x22, 0x02, 0x2c, 0x02
    .byte 0x00, 0x00, 0x00, 0x15, 0x9b, 0x18, 0x70, 0x32, 0x00, 0x00, 0x00, 0x00, 0x00, 0x14, 0xc7, 0x66
    .byte 0x22, 0x02, 0x01, 0xae, 0x66, 0x22, 0x02, 0x20, 0x00, 0x00, 0x15, 0x9b, 0x18, 0x70, 0x14, 0xe7
    .byte 0x66, 0x22, 0x02, 0x20, 0x00, 0x00, 0x2c, 0xff, 0xff, 0xff, 0xff, 0x2c, 0xff, 0xff, 0xff, 0xff
    .byte 0x2c, 0xff, 0xff, 0xff, 0xff, 0x15, 0x89, 0x20, 0x00, 0x00, 0x15, 0x07, 0x15, 0x08, 0x2c, 0x03
    .byte 0x00, 0x00, 0x00, 0x2c, 0xb7, 0x6c, 0x22, 0x02, 0x15, 0x29, 0x00, 0x25, 0x9f, 0x69, 0x22, 0x02
    .byte 0x2a, 0x00, 0x01, 0x32, 0x00, 0x02, 0x00, 0x00, 0x00, 0x14, 0xa6, 0x67, 0x22, 0x02, 0x2b, 0x00
    .byte 0x01, 0x30, 0x00, 0x0e, 0x00, 0x00, 0x00, 0x14, 0xa1, 0x67, 0x22, 0x02, 0x03, 0x00, 0x00, 0x00
    .byte 0x00, 0x00, 0x27, 0x00, 0x01, 0x03, 0x00, 0x00, 0x00, 0x00, 0x00, 0x27, 0x00, 0x07, 0x2c, 0x00
    .byte 0x04, 0x00, 0x00, 0x15, 0x37, 0x18, 0x70, 0x14, 0x41, 0x67, 0x22, 0x02, 0x01, 0x2e, 0x67, 0x22
    .byte 0x02, 0x2c, 0xee, 0x03, 0x00, 0x00, 0x15, 0x37, 0x18, 0x70, 0x14, 0x54, 0x67, 0x22, 0x02, 0x01
    .byte 0x41, 0x67, 0x22, 0x02, 0x2c, 0x02, 0x00, 0x00, 0x00, 0x15, 0x9b, 0x18, 0x70, 0x32, 0x00, 0x00
    .byte 0x00, 0x00, 0x00, 0x14, 0x6d, 0x67, 0x22, 0x02, 0x01, 0x54, 0x67, 0x22, 0x02, 0x20, 0x00, 0x00
    .byte 0x15, 0x9b, 0x18, 0x70, 0x14, 0x8d, 0x67, 0x22, 0x02, 0x20, 0x00, 0x00, 0x2c, 0xff, 0xff, 0xff
    .byte 0xff, 0x2c, 0xff, 0xff, 0xff, 0xff, 0x2c, 0xff, 0xff, 0xff, 0xff, 0x15, 0x89, 0x20, 0x00, 0x00
    .byte 0x15, 0x07, 0x15, 0x08, 0x2c, 0x03, 0x00, 0x00, 0x00, 0x2c, 0xb7, 0x6c, 0x22, 0x02, 0x15, 0x29
    .byte 0x00, 0x25, 0x9f, 0x69, 0x22, 0x02, 0x2b, 0x00, 0x00, 0x33, 0x00, 0x0e, 0x00, 0x00, 0x00, 0x14
    .byte 0x3e, 0x68, 0x22, 0x02, 0x03, 0x00, 0x01, 0x00, 0x00, 0x00, 0x27, 0x00, 0x01, 0x03, 0x00, 0x01
    .byte 0x00, 0x00, 0x00, 0x27, 0x00, 0x07, 0x2c, 0x00, 0x04, 0x00, 0x00, 0x15, 0x37, 0x18, 0x70, 0x14
    .byte 0xd9, 0x67, 0x22, 0x02, 0x01, 0xc6, 0x67, 0x22, 0x02, 0x2c, 0xee, 0x03, 0x00, 0x00, 0x15, 0x37
    .byte 0x18, 0x70, 0x14, 0xec, 0x67, 0x22, 0x02, 0x01, 0xd9, 0x67, 0x22, 0x02, 0x2c, 0x02, 0x00, 0x00
    .byte 0x00, 0x15, 0x9b, 0x18, 0x70, 0x32, 0x00, 0x00, 0x00, 0x00, 0x00, 0x14, 0x05, 0x68, 0x22, 0x02
    .byte 0x01, 0xec, 0x67, 0x22, 0x02, 0x20, 0x00, 0x00, 0x15, 0x9b, 0x18, 0x70, 0x14, 0x25, 0x68, 0x22
    .byte 0x02, 0x20, 0x00, 0x00, 0x2c, 0xff, 0xff, 0xff, 0xff, 0x2c, 0xff, 0xff, 0xff, 0xff, 0x2c, 0xff
    .byte 0xff, 0xff, 0xff, 0x15, 0x89, 0x20, 0x00, 0x00, 0x15, 0x07, 0x15, 0x08, 0x2c, 0x03, 0x00, 0x00
    .byte 0x00, 0x2c, 0xff, 0x6a, 0x22, 0x02, 0x15, 0x29, 0x00, 0x25, 0x9f, 0x69, 0x22, 0x02, 0x2b, 0x00
    .byte 0x01, 0x33, 0x00, 0x0e, 0x00, 0x00, 0x00, 0x14, 0x9f, 0x69, 0x22, 0x02, 0x03, 0x00, 0x02, 0x00
    .byte 0x00, 0x00, 0x27, 0x00, 0x01, 0x2c, 0x01, 0x00, 0x00, 0x00, 0x2c, 0xff, 0xff, 0xff, 0xff, 0x2c
    .byte 0xff, 0xff, 0xff, 0xff, 0x15, 0xdd, 0x18, 0x70, 0x32, 0x00, 0x4d, 0x00, 0x00, 0x00, 0x14, 0x81
    .byte 0x68, 0x22, 0x02, 0x03, 0x00, 0x03, 0x00, 0x00, 0x00, 0x27, 0x00, 0x07, 0x25, 0x2c, 0x69, 0x22
    .byte 0x02, 0x2c, 0x01, 0x00, 0x00, 0x00, 0x2c, 0xff, 0xff, 0xff, 0xff, 0x2c, 0xff, 0xff, 0xff, 0xff
    .byte 0x15, 0xdd, 0x18, 0x70, 0x32, 0x00, 0x59, 0x02, 0x00, 0x00, 0x14, 0xad, 0x68, 0x22, 0x02, 0x03
    .byte 0x00, 0x01, 0x00, 0x00, 0x00, 0x27, 0x00, 0x07, 0x25, 0x2c, 0x69, 0x22, 0x02, 0x2c, 0x04, 0x00
    .byte 0x00, 0x00, 0x2c, 0xff, 0xff, 0xff, 0xff, 0x2c, 0xff, 0xff, 0xff, 0xff, 0x15, 0xdd, 0x18, 0x70
    .byte 0x32, 0x00, 0x00, 0x00, 0x00, 0x00, 0x14, 0xd9, 0x68, 0x22, 0x02, 0x03, 0x00, 0x01, 0x00, 0x00
    .byte 0x00, 0x27, 0x00, 0x07, 0x25, 0x2c, 0x69, 0x22, 0x02, 0x2c, 0x04, 0x00, 0x00, 0x00, 0x2c, 0xff
    .byte 0xff, 0xff, 0xff, 0x2c, 0xff, 0xff, 0xff, 0xff, 0x15, 0xdd, 0x18, 0x70, 0x32, 0x00, 0x01, 0x00
    .byte 0x00, 0x00, 0x14, 0x05, 0x69, 0x22, 0x02, 0x03, 0x00, 0x01, 0x00, 0x00, 0x00, 0x27, 0x00, 0x07
    .byte 0x25, 0x2c, 0x69, 0x22, 0x02, 0x2c, 0x04, 0x00, 0x00, 0x00, 0x2c, 0xff, 0xff, 0xff, 0xff, 0x2c
    .byte 0xff, 0xff, 0xff, 0xff, 0x15, 0xdd, 0x18, 0x70, 0x32, 0x00, 0x02, 0x00, 0x00, 0x00, 0x14, 0x2c
    .byte 0x69, 0x22, 0x02, 0x03, 0x00, 0x02, 0x00, 0x00, 0x00, 0x27, 0x00, 0x07, 0x2c, 0x00, 0x04, 0x00
    .byte 0x00, 0x15, 0x37, 0x18, 0x70, 0x14, 0x3f, 0x69, 0x22, 0x02, 0x01, 0x2c, 0x69, 0x22, 0x02, 0x2c
    .byte 0xee, 0x03, 0x00, 0x00, 0x15, 0x37, 0x18, 0x70, 0x14, 0x52, 0x69, 0x22, 0x02, 0x01, 0x3f, 0x69
    .byte 0x22, 0x02, 0x2c, 0x02, 0x00, 0x00, 0x00, 0x15, 0x9b, 0x18, 0x70, 0x32, 0x00, 0x00, 0x00, 0x00
    .byte 0x00, 0x14, 0x6b, 0x69, 0x22, 0x02, 0x01, 0x52, 0x69, 0x22, 0x02, 0x20, 0x00, 0x00, 0x15, 0x9b
    .byte 0x18, 0x70, 0x14, 0x8b, 0x69, 0x22, 0x02, 0x20, 0x00, 0x00, 0x2c, 0xff, 0xff, 0xff, 0xff, 0x2c
    .byte 0xff, 0xff, 0xff, 0xff, 0x2c, 0xff, 0xff, 0xff, 0xff, 0x15, 0x89, 0x20, 0x00, 0x00, 0x15, 0x07
    .byte 0x15, 0x08, 0x2c, 0x03, 0x00, 0x00, 0x00, 0x2c, 0x98, 0x6b, 0x22, 0x02, 0x15, 0x29, 0x00, 0x01
    .byte 0x63, 0x61, 0x22, 0x02, 0x2c, 0x39, 0x00, 0x00, 0x00, 0x2c, 0xb5, 0x6e, 0x22, 0x02, 0x15, 0x39
    .byte 0x2c, 0x39, 0x00, 0x00, 0x00, 0x15, 0x42, 0x18, 0x70, 0x32, 0x00, 0x00, 0x00, 0x00, 0x00, 0x14
    .byte 0xc9, 0x69, 0x22, 0x02, 0x01, 0xb0, 0x69, 0x22, 0x02, 0x03, 0x00, 0x70, 0x03, 0x00, 0x00, 0x27
    .byte 0x00, 0x02, 0x03, 0x00, 0xd0, 0x01, 0x00, 0x00, 0x27, 0x00, 0x03, 0x03, 0x00, 0xd0, 0xff, 0xff
    .byte 0xff, 0x27, 0x00, 0x04, 0x20, 0x00, 0x00, 0x2c, 0x41, 0x6d, 0x22, 0x02, 0x15, 0x39, 0x20, 0x00
    .byte 0x00, 0x15, 0x42, 0x18, 0x70, 0x32, 0x00, 0x00, 0x00, 0x00, 0x00, 0x14, 0x05, 0x6a, 0x22, 0x02
    .byte 0x01, 0xee, 0x69, 0x22, 0x02, 0x2c, 0x37, 0x00, 0x00, 0x00, 0x2c, 0xe2, 0x6f, 0x22, 0x02, 0x15
    .byte 0x39, 0x2c, 0x37, 0x00, 0x00, 0x00, 0x15, 0x42, 0x18, 0x70, 0x32, 0x00, 0x00, 0x00, 0x00, 0x00
    .byte 0x14, 0x2a, 0x6a, 0x22, 0x02, 0x01, 0x11, 0x6a, 0x22, 0x02, 0x2c, 0x1b, 0x00, 0x00, 0x00, 0x15
    .byte 0x31, 0x18, 0x70, 0x17, 0x00, 0x2c, 0x63, 0x61, 0x22, 0x02, 0x15, 0x39, 0x00, 0x2c, 0x39, 0x00
    .byte 0x00, 0x00, 0x2c, 0xb5, 0x6e, 0x22, 0x02, 0x15, 0x39, 0x2c, 0x39, 0x00, 0x00, 0x00, 0x15, 0x42
    .byte 0x18, 0x70, 0x32, 0x00, 0x00, 0x00, 0x00, 0x00, 0x14, 0x62, 0x6a, 0x22, 0x02, 0x01, 0x49, 0x6a
    .byte 0x22, 0x02, 0x03, 0x00, 0x70, 0x03, 0x00, 0x00, 0x27, 0x00, 0x02, 0x03, 0x00, 0xd0, 0x01, 0x00
    .byte 0x00, 0x27, 0x00, 0x03, 0x03, 0x00, 0xd0, 0xff, 0xff, 0xff, 0x27, 0x00, 0x04, 0x2c, 0x01, 0x00
    .byte 0x00, 0x00, 0x2c, 0x9f, 0x6d, 0x22, 0x02, 0x15, 0x39, 0x2c, 0x01, 0x00, 0x00, 0x00, 0x15, 0x42
    .byte 0x18, 0x70, 0x32, 0x00, 0x00, 0x00, 0x00, 0x00, 0x14, 0xa2, 0x6a, 0x22, 0x02, 0x01, 0x89, 0x6a
    .byte 0x22, 0x02, 0x2c, 0x37, 0x00, 0x00, 0x00, 0x2c, 0xe2, 0x6f, 0x22, 0x02, 0x15, 0x39, 0x2c, 0x37
    .byte 0x00, 0x00, 0x00, 0x15, 0x42, 0x18, 0x70, 0x32, 0x00, 0x00, 0x00, 0x00, 0x00, 0x14, 0xc7, 0x6a
    .byte 0x22, 0x02, 0x01, 0xae, 0x6a, 0x22, 0x02, 0x2c, 0x01, 0x00, 0x00, 0x00, 0x2c, 0x15, 0x6e, 0x22
    .byte 0x02, 0x15, 0x39, 0x2c, 0x01, 0x00, 0x00, 0x00, 0x15, 0x42, 0x18, 0x70, 0x32, 0x00, 0x00, 0x00
    .byte 0x00, 0x00, 0x14, 0xec, 0x6a, 0x22, 0x02, 0x01, 0xd3, 0x6a, 0x22, 0x02, 0x2c, 0x1b, 0x00, 0x00
    .byte 0x00, 0x15, 0x31, 0x18, 0x70, 0x17, 0x00, 0x2c, 0x63, 0x61, 0x22, 0x02, 0x15, 0x39, 0x00, 0x2c
    .byte 0x3a, 0x00, 0x00, 0x00, 0x2c, 0x42, 0x6f, 0x22, 0x02, 0x15, 0x39, 0x2c, 0x3a, 0x00, 0x00, 0x00
    .byte 0x15, 0x42, 0x18, 0x70, 0x32, 0x00, 0x00, 0x00, 0x00, 0x00, 0x14, 0x24, 0x6b, 0x22, 0x02, 0x01
    .byte 0x0b, 0x6b, 0x22, 0x02, 0x03, 0x00, 0xd0, 0x03, 0x00, 0x00, 0x27, 0x00, 0x02, 0x03, 0x00, 0xd0
    .byte 0x01, 0x00, 0x00, 0x27, 0x00, 0x03, 0x03, 0x00, 0xd0, 0xff, 0xff, 0xff, 0x27, 0x00, 0x04, 0x20
    .byte 0x00, 0x00, 0x2c, 0x41, 0x6d, 0x22, 0x02, 0x15, 0x39, 0x20, 0x00, 0x00, 0x15, 0x42, 0x18, 0x70
    .byte 0x32, 0x00, 0x00, 0x00, 0x00, 0x00, 0x14, 0x60, 0x6b, 0x22, 0x02, 0x01, 0x49, 0x6b, 0x22, 0x02
    .byte 0x2c, 0x37, 0x00, 0x00, 0x00, 0x2c, 0xc4, 0x71, 0x22, 0x02, 0x15, 0x39, 0x2c, 0x37, 0x00, 0x00
    .byte 0x00, 0x15, 0x42, 0x18, 0x70, 0x32, 0x00, 0x00, 0x00, 0x00, 0x00, 0x14, 0x85, 0x6b, 0x22, 0x02
    .byte 0x01, 0x6c, 0x6b, 0x22, 0x02, 0x2c, 0x1b, 0x00, 0x00, 0x00, 0x15, 0x31, 0x18, 0x70, 0x17, 0x00
    .byte 0x2c, 0x63, 0x61, 0x22, 0x02, 0x15, 0x39, 0x00, 0x2c, 0x3a, 0x00, 0x00, 0x00, 0x2c, 0x42, 0x6f
    .byte 0x22, 0x02, 0x15, 0x39, 0x2c, 0x3a, 0x00, 0x00, 0x00, 0x15, 0x42, 0x18, 0x70, 0x32, 0x00, 0x00
    .byte 0x00, 0x00, 0x00, 0x14, 0xbd, 0x6b, 0x22, 0x02, 0x01, 0xa4, 0x6b, 0x22, 0x02, 0x03, 0x00, 0xd0
    .byte 0x03, 0x00, 0x00, 0x27, 0x00, 0x02, 0x03, 0x00, 0xd0, 0x01, 0x00, 0x00, 0x27, 0x00, 0x03, 0x03
    .byte 0x00, 0xd0, 0xff, 0xff, 0xff, 0x27, 0x00, 0x04, 0x2c, 0x01, 0x00, 0x00, 0x00, 0x2c, 0x9f, 0x6d
    .byte 0x22, 0x02, 0x15, 0x39, 0x2c, 0x01, 0x00, 0x00, 0x00, 0x15, 0x42, 0x18, 0x70, 0x32, 0x00, 0x00
    .byte 0x00, 0x00, 0x00, 0x14, 0xfd, 0x6b, 0x22, 0x02, 0x01, 0xe4, 0x6b, 0x22, 0x02, 0x2c, 0x37, 0x00
    .byte 0x00, 0x00, 0x2c, 0xc4, 0x71, 0x22, 0x02, 0x15, 0x39, 0x2c, 0x37, 0x00, 0x00, 0x00, 0x15, 0x42
    .byte 0x18, 0x70, 0x32, 0x00, 0x00, 0x00, 0x00, 0x00, 0x14, 0x22, 0x6c, 0x22, 0x02, 0x01, 0x09, 0x6c
    .byte 0x22, 0x02, 0x2c, 0x01, 0x00, 0x00, 0x00, 0x2c, 0x15, 0x6e, 0x22, 0x02, 0x15, 0x39, 0x2c, 0x01
    .byte 0x00, 0x00, 0x00, 0x15, 0x42, 0x18, 0x70, 0x32, 0x00, 0x00, 0x00, 0x00, 0x00, 0x14, 0x47, 0x6c
    .byte 0x22, 0x02, 0x01, 0x2e, 0x6c, 0x22, 0x02, 0x2c, 0x1b, 0x00, 0x00, 0x00, 0x15, 0x31, 0x18, 0x70
    .byte 0x17, 0x00, 0x2c, 0x63, 0x61, 0x22, 0x02, 0x15, 0x39, 0x00, 0x2c, 0x39, 0x00, 0x00, 0x00, 0x2c
    .byte 0xc7, 0x6e, 0x22, 0x02, 0x15, 0x39, 0x2c, 0x39, 0x00, 0x00, 0x00, 0x15, 0x42, 0x18, 0x70, 0x32
    .byte 0x00, 0x00, 0x00, 0x00, 0x00, 0x14, 0x7f, 0x6c, 0x22, 0x02, 0x01, 0x66, 0x6c, 0x22, 0x02, 0x2c
    .byte 0x37, 0x00, 0x00, 0x00, 0x2c, 0xa6, 0x73, 0x22, 0x02, 0x15, 0x39, 0x2c, 0x37, 0x00, 0x00, 0x00
    .byte 0x15, 0x42, 0x18, 0x70, 0x32, 0x00, 0x00, 0x00, 0x00, 0x00, 0x14, 0xa4, 0x6c, 0x22, 0x02, 0x01
    .byte 0x8b, 0x6c, 0x22, 0x02, 0x2c, 0x1b, 0x00, 0x00, 0x00, 0x15, 0x31, 0x18, 0x70, 0x17, 0x00, 0x2c
    .byte 0x63, 0x61, 0x22, 0x02, 0x15, 0x39, 0x00, 0x2c, 0x3a, 0x00, 0x00, 0x00, 0x2c, 0x54, 0x6f, 0x22
    .byte 0x02, 0x15, 0x39, 0x2c, 0x3a, 0x00, 0x00, 0x00, 0x15, 0x42, 0x18, 0x70, 0x32, 0x00, 0x00, 0x00
    .byte 0x00, 0x00, 0x14, 0xdc, 0x6c, 0x22, 0x02, 0x01, 0xc3, 0x6c, 0x22, 0x02, 0x2c, 0x37, 0x00, 0x00
    .byte 0x00, 0x2c, 0x53, 0x74, 0x22, 0x02, 0x15, 0x39, 0x2c, 0x37, 0x00, 0x00, 0x00, 0x15, 0x42, 0x18
    .byte 0x70, 0x32, 0x00, 0x00, 0x00, 0x00, 0x00, 0x14, 0x01, 0x6d, 0x22, 0x02, 0x01, 0xe8, 0x6c, 0x22
    .byte 0x02, 0x2c, 0x1b, 0x00, 0x00, 0x00, 0x15, 0x31, 0x18, 0x70, 0x17, 0x00, 0x2c, 0x63, 0x61, 0x22
    .byte 0x02, 0x15, 0x39, 0x00, 0x2c, 0x36, 0x00, 0x00, 0x00, 0x2c, 0x63, 0x75, 0x22, 0x02, 0x15, 0x39
    .byte 0x2c, 0x36, 0x00, 0x00, 0x00, 0x15, 0x42, 0x18, 0x70, 0x32, 0x00, 0x00, 0x00, 0x00, 0x00, 0x14
    .byte 0x39, 0x6d, 0x22, 0x02, 0x01, 0x20, 0x6d, 0x22, 0x02, 0x2c, 0x35, 0x00, 0x00, 0x00, 0x15, 0x35
    .byte 0x00, 0x20, 0x00, 0x00, 0x15, 0x18, 0x20, 0x00, 0x00, 0x15, 0x19, 0x2c, 0x00, 0x10, 0x00, 0x00
    .byte 0x2c, 0x01, 0x10, 0x00, 0x00, 0x2c, 0x02, 0x10, 0x00, 0x00, 0x2c, 0x02, 0x00, 0x00, 0x00, 0x20
    .byte 0x00, 0x00, 0x15, 0x73, 0x2c, 0x00, 0x01, 0x00, 0x00, 0x15, 0x17, 0x2c, 0x01, 0x00, 0x00, 0x00
    .byte 0x15, 0x2b, 0x2e, 0x02, 0x2e, 0x03, 0x2e, 0x04, 0x2c, 0x00, 0x18, 0x00, 0x00, 0x2c, 0x05, 0x00
    .byte 0x00, 0x00, 0x2c, 0x01, 0x00, 0x00, 0x00, 0x15, 0x1a, 0x15, 0x21, 0x2c, 0x01, 0x00, 0x00, 0x00
    .byte 0x15, 0x18, 0x2c, 0x01, 0x00, 0x00, 0x00, 0x15, 0x19, 0x20, 0x00, 0x00, 0x15, 0x75, 0x00, 0x15
    .byte 0x28, 0x2c, 0x03, 0x00, 0x00, 0x00, 0x2c, 0x01, 0x00, 0x00, 0x00, 0x2c, 0xff, 0xff, 0xff, 0xff
    .byte 0x2c, 0xff, 0xff, 0xff, 0xff, 0x2c, 0xff, 0xff, 0xff, 0xff, 0x15, 0xdc, 0x2c, 0x07, 0x00, 0x00
    .byte 0x00, 0x2c, 0xff, 0xff, 0xff, 0xff, 0x2c, 0xff, 0xff, 0xff, 0xff, 0x2c, 0xff, 0xff, 0xff, 0xff
    .byte 0x2c, 0xff, 0xff, 0xff, 0xff, 0x15, 0xdc, 0x20, 0x00, 0x00, 0x15, 0x18, 0x20, 0x00, 0x00, 0x15
    .byte 0x19, 0x2c, 0x01, 0x00, 0x00, 0x00, 0x15, 0x2b, 0x2e, 0x02, 0x2e, 0x03, 0x2e, 0x04, 0x2c, 0x00
    .byte 0x20, 0x00, 0x00, 0x2c, 0x05, 0x00, 0x00, 0x00, 0x2c, 0x01, 0x00, 0x00, 0x00, 0x15, 0x1a, 0x15
    .byte 0x21, 0x2c, 0x01, 0x00, 0x00, 0x00, 0x15, 0x18, 0x2c, 0x01, 0x00, 0x00, 0x00, 0x15, 0x19, 0x20
    .byte 0x00, 0x00, 0x15, 0x75, 0x00, 0x2c, 0x07, 0x00, 0x00, 0x00, 0x2c, 0xfe, 0xff, 0xff, 0xff, 0x2c
    .byte 0xff, 0xff, 0xff, 0xff, 0x2c, 0xff, 0xff, 0xff, 0xff, 0x2c, 0xff, 0xff, 0xff, 0xff, 0x15, 0xdc
    .byte 0x2c, 0x03, 0x00, 0x00, 0x00, 0x20, 0x00, 0x00, 0x2c, 0xff, 0xff, 0xff, 0xff, 0x2c, 0xff, 0xff
    .byte 0xff, 0xff, 0x2c, 0xff, 0xff, 0xff, 0xff, 0x15, 0xdc, 0x15, 0x2c, 0x00, 0x20, 0x00, 0x00, 0x2c
    .byte 0x04, 0x00, 0x00, 0x00, 0x15, 0x32, 0x2c, 0x01, 0x00, 0x00, 0x00, 0x2c, 0x04, 0x00, 0x00, 0x00
    .byte 0x15, 0x32, 0x20, 0x00, 0x00, 0x15, 0x18, 0x2c, 0x01, 0x00, 0x00, 0x00, 0x15, 0x19, 0x2c, 0x01
    .byte 0x00, 0x00, 0x00, 0x15, 0x7d, 0x2c, 0x70, 0x03, 0x00, 0x00, 0x2c, 0xd0, 0x01, 0x00, 0x00, 0x2c
    .byte 0xd0, 0xff, 0xff, 0xff, 0x15, 0x02, 0x2c, 0x10, 0x00, 0x00, 0x00, 0x15, 0x1b, 0x20, 0x00, 0x00
    .byte 0x2c, 0x02, 0x00, 0x00, 0x00, 0x15, 0x38, 0x2c, 0x06, 0x00, 0x00, 0x00, 0x15, 0x05, 0x2c, 0x35
    .byte 0x00, 0x00, 0x00, 0x15, 0x37, 0x18, 0x70, 0x14, 0xb4, 0x6e, 0x22, 0x02, 0x2c, 0x07, 0x00, 0x00
    .byte 0x00, 0x15, 0x05, 0x00, 0x00, 0x20, 0x00, 0x00, 0x2c, 0x0d, 0x31, 0x00, 0x00, 0x15, 0xe0, 0x2c
    .byte 0x07, 0x00, 0x00, 0x00, 0x15, 0x05, 0x00, 0x20, 0x00, 0x00, 0x2c, 0x0d, 0x31, 0x00, 0x00, 0x15
    .byte 0xe0, 0x2c, 0x06, 0x00, 0x00, 0x00, 0x15, 0x05, 0x00, 0x20, 0x00, 0x00, 0x2c, 0x04, 0x00, 0x00
    .byte 0x00, 0x15, 0x32, 0x2c, 0x01, 0x00, 0x00, 0x00, 0x2c, 0x04, 0x00, 0x00, 0x00, 0x15, 0x32, 0x20
    .byte 0x00, 0x00, 0x15, 0x18, 0x2c, 0x01, 0x00, 0x00, 0x00, 0x15, 0x19, 0x2c, 0x01, 0x00, 0x00, 0x00
    .byte 0x15, 0x7d, 0x2c, 0xd0, 0x03, 0x00, 0x00, 0x2c, 0xd0, 0x01, 0x00, 0x00, 0x2c, 0xd0, 0xff, 0xff
    .byte 0xff, 0x15, 0x02, 0x2c, 0x10, 0x00, 0x00, 0x00, 0x15, 0x1b, 0x20, 0x00, 0x00, 0x2c, 0x02, 0x00
    .byte 0x00, 0x00, 0x15, 0x38, 0x2c, 0x06, 0x00, 0x00, 0x00, 0x15, 0x05, 0x2c, 0x35, 0x00, 0x00, 0x00
    .byte 0x15, 0x37, 0x18, 0x70, 0x14, 0x41, 0x6f, 0x22, 0x02, 0x2c, 0x07, 0x00, 0x00, 0x00, 0x15, 0x05
    .byte 0x00, 0x00, 0x20, 0x00, 0x00, 0x2c, 0x0d, 0x31, 0x00, 0x00, 0x15, 0xe0, 0x2c, 0x07, 0x00, 0x00
    .byte 0x00, 0x15, 0x05, 0x00, 0x20, 0x00, 0x00, 0x2c, 0x0d, 0x31, 0x00, 0x00, 0x15, 0xe0, 0x2c, 0x06
    .byte 0x00, 0x00, 0x00, 0x15, 0x05, 0x00, 0x2c, 0x01, 0x00, 0x00, 0x00, 0x15, 0xa9, 0x2c, 0xa0, 0x03
    .byte 0x00, 0x00, 0x2c, 0xb0, 0x01, 0x00, 0x00, 0x2c, 0x18, 0x00, 0x00, 0x00, 0x15, 0x02, 0x2c, 0x01
    .byte 0x00, 0x00, 0x00, 0x15, 0x05, 0x00, 0x2c, 0x02, 0x00, 0x00, 0x00, 0x15, 0x05, 0x15, 0x16, 0x00
    .byte 0x2c, 0x01, 0x00, 0x00, 0x00, 0x15, 0xa9, 0x2c, 0xa0, 0x03, 0x00, 0x00, 0x2c, 0xb0, 0x01, 0x00
    .byte 0x00, 0x2c, 0x18, 0x00, 0x00, 0x00, 0x15, 0x02, 0x15, 0x10, 0x18, 0x70, 0x28, 0x00, 0x00, 0x15
    .byte 0x11, 0x18, 0x70, 0x28, 0x00, 0x01, 0x15, 0x12, 0x18, 0x70, 0x28, 0x00, 0x02, 0x20, 0x00, 0x00
    .byte 0x15, 0x05, 0x2c, 0x35, 0x00, 0x00, 0x00, 0x15, 0x37, 0x18, 0x70, 0x14, 0xe1, 0x6f, 0x22, 0x02
    .byte 0x2b, 0x00, 0x00, 0x05, 0x00, 0x4c, 0x00, 0x00, 0x00, 0x17, 0x00, 0x2f, 0x01, 0x2f, 0x02, 0x15
    .byte 0x02, 0x00, 0x2c, 0xa1, 0x0f, 0x00, 0x00, 0x15, 0x41, 0x2c, 0x01, 0x00, 0x00, 0x00, 0x2c, 0xa0
    .byte 0x03, 0x00, 0x00, 0x2c, 0xb0, 0x01, 0x00, 0x00, 0x2c, 0x1e, 0x00, 0x00, 0x00, 0x20, 0x00, 0x00
    .byte 0x15, 0x4f, 0x18, 0x70, 0x17, 0x00, 0x15, 0x07, 0x15, 0x08, 0x2c, 0x08, 0x00, 0x00, 0x00, 0x2c
    .byte 0x7d, 0x00, 0x00, 0x00, 0x15, 0xe0, 0x15, 0x10, 0x18, 0x70, 0x2a, 0x01, 0x06, 0x07, 0x01, 0x13
    .byte 0x00, 0x00, 0x00, 0x04, 0x10, 0x2b, 0x01, 0x00, 0x05, 0x01, 0x13, 0x00, 0x00, 0x00, 0x1c, 0x10
    .byte 0x14, 0x53, 0x70, 0x22, 0x02, 0x2c, 0x1e, 0x00, 0x00, 0x00, 0x2c, 0x80, 0x3e, 0x00, 0x00, 0x2c
    .byte 0x7f, 0x00, 0x00, 0x00, 0x20, 0x00, 0x00, 0x2c, 0x81, 0xff, 0xff, 0xff, 0x15, 0x3e, 0x25, 0x12
    .byte 0x71, 0x22, 0x02, 0x15, 0x10, 0x18, 0x70, 0x2a, 0x01, 0x06, 0x07, 0x01, 0x13, 0x00, 0x00, 0x00
    .byte 0x04, 0x10, 0x2b, 0x01, 0x00, 0x05, 0x01, 0x26, 0x00, 0x00, 0x00, 0x1c, 0x10, 0x14, 0x8e, 0x70
    .byte 0x22, 0x02, 0x2c, 0x1e, 0x00, 0x00, 0x00, 0x2c, 0x80, 0x3e, 0x00, 0x00, 0x2c, 0x7f, 0x00, 0x00
    .byte 0x00, 0x20, 0x00, 0x00, 0x20, 0x00, 0x00, 0x15, 0x3e, 0x25, 0x12, 0x71, 0x22, 0x02, 0x15, 0x10
    .byte 0x18, 0x70, 0x2a, 0x01, 0x06, 0x07, 0x01, 0x13, 0x00, 0x00, 0x00, 0x04, 0x10, 0x2b, 0x01, 0x00
    .byte 0x05, 0x01, 0x39, 0x00, 0x00, 0x00, 0x1c, 0x10, 0x14, 0xcb, 0x70, 0x22, 0x02, 0x2c, 0x1e, 0x00
    .byte 0x00, 0x00, 0x2c, 0x80, 0x3e, 0x00, 0x00, 0x2c, 0x7f, 0x00, 0x00, 0x00, 0x20, 0x00, 0x00, 0x2c
    .byte 0x7f, 0x00, 0x00, 0x00, 0x15, 0x3e, 0x25, 0x12, 0x71, 0x22, 0x02, 0x15, 0x10, 0x18, 0x70, 0x2a
    .byte 0x01, 0x06, 0x07, 0x01, 0x13, 0x00, 0x00, 0x00, 0x04, 0x10, 0x2b, 0x01, 0x00, 0x05, 0x01, 0x4c
    .byte 0x00, 0x00, 0x00, 0x1c, 0x10, 0x14, 0x08, 0x71, 0x22, 0x02, 0x2c, 0x1e, 0x00, 0x00, 0x00, 0x2c
    .byte 0x80, 0x3e, 0x00, 0x00, 0x2c, 0x7f, 0x00, 0x00, 0x00, 0x20, 0x00, 0x00, 0x2c, 0xff, 0x00, 0x00
    .byte 0x00, 0x15, 0x3e, 0x25, 0x12, 0x71, 0x22, 0x02, 0x20, 0x00, 0x00, 0x2c, 0x80, 0x3e, 0x00, 0x00
    .byte 0x15, 0xe0, 0x20, 0x00, 0x00, 0x15, 0x2b, 0x2a, 0x00, 0x06, 0x07, 0x00, 0x13, 0x00, 0x00, 0x00
    .byte 0x17, 0x00, 0x20, 0x00, 0x00, 0x20, 0x00, 0x00, 0x2c, 0x06, 0x00, 0x00, 0x00, 0x20, 0x00, 0x00
    .byte 0x20, 0x00, 0x00, 0x15, 0x1a, 0x15, 0x21, 0x2c, 0x02, 0x00, 0x00, 0x00, 0x20, 0x00, 0x00, 0x20
    .byte 0x00, 0x00, 0x2c, 0x01, 0x00, 0x00, 0x00, 0x20, 0x00, 0x00, 0x20, 0x00, 0x00, 0x15, 0x1a, 0x15
    .byte 0x21, 0x2c, 0x03, 0x00, 0x00, 0x00, 0x15, 0x07, 0x15, 0x08, 0x2c, 0xfe, 0xff, 0xff, 0xff, 0x20
    .byte 0x00, 0x00, 0x20, 0x00, 0x00, 0x2c, 0x01, 0x00, 0x00, 0x00, 0x20, 0x00, 0x00, 0x20, 0x00, 0x00
    .byte 0x15, 0x1a, 0x15, 0x21, 0x2c, 0x03, 0x00, 0x00, 0x00, 0x15, 0x05, 0x15, 0x10, 0x18, 0x70, 0x2b
    .byte 0x01, 0x00, 0x05, 0x01, 0x4c, 0x00, 0x00, 0x00, 0x1b, 0x10, 0x14, 0xae, 0x71, 0x22, 0x02, 0x20
    .byte 0x00, 0x00, 0x2c, 0x81, 0x3e, 0x00, 0x00, 0x15, 0xe0, 0x2c, 0x38, 0x00, 0x00, 0x00, 0x2c, 0x86
    .byte 0x6f, 0x22, 0x02, 0x15, 0x39, 0x2c, 0x1e, 0x00, 0x00, 0x00, 0x15, 0x07, 0x15, 0x08, 0x2c, 0x09
    .byte 0x00, 0x00, 0x00, 0x2c, 0x7d, 0x00, 0x00, 0x00, 0x15, 0xe0, 0x2c, 0x14, 0x00, 0x00, 0x00, 0x15
    .byte 0x07, 0x15, 0x08, 0x00, 0x2c, 0xa2, 0x0f, 0x00, 0x00, 0x15, 0x41, 0x2c, 0x01, 0x00, 0x00, 0x00
    .byte 0x2c, 0xa0, 0x03, 0x00, 0x00, 0x2c, 0xb0, 0x01, 0x00, 0x00, 0x2c, 0x1e, 0x00, 0x00, 0x00, 0x20
    .byte 0x00, 0x00, 0x15, 0x4f, 0x18, 0x70, 0x17, 0x00, 0x15, 0x07, 0x15, 0x08, 0x2c, 0x08, 0x00, 0x00
    .byte 0x00, 0x2c, 0x7d, 0x00, 0x00, 0x00, 0x15, 0xe0, 0x15, 0x10, 0x18, 0x70, 0x2a, 0x01, 0x07, 0x07
    .byte 0x01, 0x13, 0x00, 0x00, 0x00, 0x04, 0x10, 0x2b, 0x01, 0x00, 0x05, 0x01, 0x13, 0x00, 0x00, 0x00
    .byte 0x1c, 0x10, 0x14, 0x35, 0x72, 0x22, 0x02, 0x2c, 0x1e, 0x00, 0x00, 0x00, 0x2c, 0x80, 0x3e, 0x00
    .byte 0x00, 0x2c, 0x7f, 0x00, 0x00, 0x00, 0x20, 0x00, 0x00, 0x2c, 0x81, 0xff, 0xff, 0xff, 0x15, 0x3e
    .byte 0x25, 0xf4, 0x72, 0x22, 0x02, 0x15, 0x10, 0x18, 0x70, 0x2a, 0x01, 0x07, 0x07, 0x01, 0x13, 0x00
    .byte 0x00, 0x00, 0x04, 0x10, 0x2b, 0x01, 0x00, 0x05, 0x01, 0x26, 0x00, 0x00, 0x00, 0x1c, 0x10, 0x14
    .byte 0x70, 0x72, 0x22, 0x02, 0x2c, 0x1e, 0x00, 0x00, 0x00, 0x2c, 0x80, 0x3e, 0x00, 0x00, 0x2c, 0x7f
    .byte 0x00, 0x00, 0x00, 0x20, 0x00, 0x00, 0x20, 0x00, 0x00, 0x15, 0x3e, 0x25, 0xf4, 0x72, 0x22, 0x02
    .byte 0x15, 0x10, 0x18, 0x70, 0x2a, 0x01, 0x07, 0x07, 0x01, 0x13, 0x00, 0x00, 0x00, 0x04, 0x10, 0x2b
    .byte 0x01, 0x00, 0x05, 0x01, 0x39, 0x00, 0x00, 0x00, 0x1c, 0x10, 0x14, 0xad, 0x72, 0x22, 0x02, 0x2c
    .byte 0x1e, 0x00, 0x00, 0x00, 0x2c, 0x80, 0x3e, 0x00, 0x00, 0x2c, 0x7f, 0x00, 0x00, 0x00, 0x20, 0x00
    .byte 0x00, 0x2c, 0x7f, 0x00, 0x00, 0x00, 0x15, 0x3e, 0x25, 0xf4, 0x72, 0x22, 0x02, 0x15, 0x10, 0x18
    .byte 0x70, 0x2a, 0x01, 0x07, 0x07, 0x01, 0x13, 0x00, 0x00, 0x00, 0x04, 0x10, 0x2b, 0x01, 0x00, 0x05
    .byte 0x01, 0x4c, 0x00, 0x00, 0x00, 0x1c, 0x10, 0x14, 0xea, 0x72, 0x22, 0x02, 0x2c, 0x1e, 0x00, 0x00
    .byte 0x00, 0x2c, 0x80, 0x3e, 0x00, 0x00, 0x2c, 0x7f, 0x00, 0x00, 0x00, 0x20, 0x00, 0x00, 0x2c, 0xff
    .byte 0x00, 0x00, 0x00, 0x15, 0x3e, 0x25, 0xf4, 0x72, 0x22, 0x02, 0x20, 0x00, 0x00, 0x2c, 0x80, 0x3e
    .byte 0x00, 0x00, 0x15, 0xe0, 0x20, 0x00, 0x00, 0x15, 0x2b, 0x2a, 0x00, 0x07, 0x07, 0x00, 0x13, 0x00
    .byte 0x00, 0x00, 0x17, 0x00, 0x20, 0x00, 0x00, 0x20, 0x00, 0x00, 0x2c, 0x06, 0x00, 0x00, 0x00, 0x20
    .byte 0x00, 0x00, 0x20, 0x00, 0x00, 0x15, 0x1a, 0x15, 0x21, 0x2c, 0x02, 0x00, 0x00, 0x00, 0x20, 0x00
    .byte 0x00, 0x20, 0x00, 0x00, 0x2c, 0x01, 0x00, 0x00, 0x00, 0x20, 0x00, 0x00, 0x20, 0x00, 0x00, 0x15
    .byte 0x1a, 0x15, 0x21, 0x2c, 0x03, 0x00, 0x00, 0x00, 0x15, 0x07, 0x15, 0x08, 0x2c, 0xfe, 0xff, 0xff
    .byte 0xff, 0x20, 0x00, 0x00, 0x20, 0x00, 0x00, 0x2c, 0x01, 0x00, 0x00, 0x00, 0x20, 0x00, 0x00, 0x20
    .byte 0x00, 0x00, 0x15, 0x1a, 0x15, 0x21, 0x2c, 0x03, 0x00, 0x00, 0x00, 0x15, 0x05, 0x15, 0x10, 0x18
    .byte 0x70, 0x2b, 0x01, 0x00, 0x05, 0x01, 0x4c, 0x00, 0x00, 0x00, 0x1b, 0x10, 0x14, 0x90, 0x73, 0x22
    .byte 0x02, 0x20, 0x00, 0x00, 0x2c, 0x81, 0x3e, 0x00, 0x00, 0x15, 0xe0, 0x2c, 0x38, 0x00, 0x00, 0x00
    .byte 0x2c, 0x86, 0x6f, 0x22, 0x02, 0x15, 0x39, 0x2c, 0x1e, 0x00, 0x00, 0x00, 0x15, 0x07, 0x15, 0x08
    .byte 0x2c, 0x09, 0x00, 0x00, 0x00, 0x2c, 0x7d, 0x00, 0x00, 0x00, 0x15, 0xe0, 0x2c, 0x14, 0x00, 0x00
    .byte 0x00, 0x15, 0x07, 0x15, 0x08, 0x00, 0x2c, 0x08, 0x00, 0x00, 0x00, 0x2c, 0x7d, 0x00, 0x00, 0x00
    .byte 0x15, 0xe0, 0x2a, 0x00, 0x07, 0x34, 0x00, 0x00, 0x00, 0x00, 0x00, 0x14, 0xca, 0x73, 0x22, 0x02
    .byte 0x20, 0x00, 0x00, 0x2c, 0x80, 0x3e, 0x00, 0x00, 0x15, 0xe0, 0x20, 0x00, 0x00, 0x15, 0x2b, 0x2b
    .byte 0x00, 0x00, 0x2a, 0x01, 0x07, 0x07, 0x01, 0x13, 0x00, 0x00, 0x00, 0x04, 0x10, 0x17, 0x00, 0x2f
    .byte 0x01, 0x20, 0x00, 0x00, 0x2c, 0x06, 0x00, 0x00, 0x00, 0x2c, 0x01, 0x00, 0x00, 0x00, 0x20, 0x00
    .byte 0x00, 0x15, 0x1a, 0x15, 0x21, 0x2c, 0x09, 0x00, 0x00, 0x00, 0x2c, 0x7d, 0x00, 0x00, 0x00, 0x15
    .byte 0xe0, 0x2c, 0x04, 0x00, 0x00, 0x00, 0x20, 0x00, 0x00, 0x20, 0x00, 0x00, 0x20, 0x00, 0x00, 0x20
    .byte 0x00, 0x00, 0x15, 0x4f, 0x18, 0x70, 0x14, 0x52, 0x74, 0x22, 0x02, 0x2c, 0xa3, 0x0f, 0x00, 0x00
    .byte 0x15, 0x41, 0x2c, 0x02, 0x00, 0x00, 0x00, 0x2c, 0x1e, 0x00, 0x00, 0x00, 0x20, 0x00, 0x00, 0x20
    .byte 0x00, 0x00, 0x20, 0x00, 0x00, 0x15, 0x4f, 0x18, 0x70, 0x17, 0x00, 0x15, 0x07, 0x15, 0x08, 0x2c
    .byte 0x03, 0x00, 0x00, 0x00, 0x20, 0x00, 0x00, 0x20, 0x00, 0x00, 0x20, 0x00, 0x00, 0x20, 0x00, 0x00
    .byte 0x15, 0x4f, 0x00, 0x2c, 0x08, 0x00, 0x00, 0x00, 0x2c, 0x7d, 0x00, 0x00, 0x00, 0x15, 0xe0, 0x2a
    .byte 0x00, 0x06, 0x34, 0x00, 0x00, 0x00, 0x00, 0x00, 0x14, 0x77, 0x74, 0x22, 0x02, 0x20, 0x00, 0x00
    .byte 0x2c, 0x80, 0x3e, 0x00, 0x00, 0x15, 0xe0, 0x20, 0x00, 0x00, 0x15, 0x2b, 0x2b, 0x00, 0x00, 0x2a
    .byte 0x01, 0x06, 0x07, 0x01, 0x13, 0x00, 0x00, 0x00, 0x04, 0x10, 0x17, 0x00, 0x2f, 0x01, 0x20, 0x00
    .byte 0x00, 0x2c, 0x06, 0x00, 0x00, 0x00, 0x2c, 0x01, 0x00, 0x00, 0x00, 0x20, 0x00, 0x00, 0x15, 0x1a
    .byte 0x15, 0x21, 0x2c, 0x09, 0x00, 0x00, 0x00, 0x2c, 0x7d, 0x00, 0x00, 0x00, 0x15, 0xe0, 0x2c, 0x04
    .byte 0x00, 0x00, 0x00, 0x20, 0x00, 0x00, 0x20, 0x00, 0x00, 0x20, 0x00, 0x00, 0x20, 0x00, 0x00, 0x15
    .byte 0x4f, 0x18, 0x70, 0x14, 0xff, 0x74, 0x22, 0x02, 0x2c, 0xa4, 0x0f, 0x00, 0x00, 0x15, 0x41, 0x2c
    .byte 0x02, 0x00, 0x00, 0x00, 0x2c, 0x1e, 0x00, 0x00, 0x00, 0x20, 0x00, 0x00, 0x20, 0x00, 0x00, 0x20
    .byte 0x00, 0x00, 0x15, 0x4f, 0x18, 0x70, 0x17, 0x00, 0x15, 0x07, 0x15, 0x08, 0x2c, 0x03, 0x00, 0x00
    .byte 0x00, 0x20, 0x00, 0x00, 0x20, 0x00, 0x00, 0x20, 0x00, 0x00, 0x20, 0x00, 0x00, 0x15, 0x4f, 0x00
    .byte 0x2c, 0xa0, 0x03, 0x00, 0x00, 0x2c, 0xb0, 0x01, 0x00, 0x00, 0x2c, 0xd0, 0xff, 0xff, 0xff, 0x15
    .byte 0x02, 0x2c, 0xe0, 0xff, 0xff, 0xff, 0x2c, 0xc8, 0xff, 0xff, 0xff, 0x2c, 0x20, 0x00, 0x00, 0x00
    .byte 0x2c, 0x08, 0x00, 0x00, 0x00, 0x15, 0x72, 0x20, 0x00, 0x00, 0x15, 0x18, 0x2c, 0x35, 0x00, 0x00
    .byte 0x00, 0x15, 0x37, 0x18, 0x70, 0x14, 0x45, 0x75, 0x22, 0x02, 0x20, 0x00, 0x00, 0x15, 0x05, 0x20
    .byte 0x00, 0x00, 0x15, 0x19, 0x00, 0x20, 0x00, 0x00, 0x2c, 0x40, 0x00, 0x00, 0x00, 0x15, 0x32, 0x2c
    .byte 0x01, 0x00, 0x00, 0x00, 0x2c, 0x10, 0x00, 0x00, 0x00, 0x15, 0x32, 0x2c, 0x01, 0x00, 0x00, 0x00
    .byte 0x15, 0x05, 0x00, 0x20, 0x00, 0x00, 0x2c, 0x07, 0x31, 0x00, 0x00, 0x15, 0xe0, 0x2c, 0x03, 0x00
    .byte 0x00, 0x00, 0x15, 0x05, 0x15, 0x16, 0x20, 0x00, 0x00, 0x15, 0x05, 0x20, 0x00, 0x00, 0x2c, 0x09
    .byte 0x31, 0x00, 0x00, 0x15, 0xe0, 0x20, 0x00, 0x00, 0x15, 0x18, 0x20, 0x00, 0x00, 0x15, 0x19, 0x2c
    .byte 0x04, 0x00, 0x00, 0x00, 0x20, 0x00, 0x00, 0x20, 0x00, 0x00, 0x20, 0x00, 0x00, 0x20, 0x00, 0x00
    .byte 0x15, 0x4f, 0x18, 0x70, 0x14, 0xe0, 0x75, 0x22, 0x02, 0x2c, 0xa5, 0x0f, 0x00, 0x00, 0x15, 0x41
    .byte 0x2c, 0x02, 0x00, 0x00, 0x00, 0x2c, 0x1e, 0x00, 0x00, 0x00, 0x20, 0x00, 0x00, 0x20, 0x00, 0x00
    .byte 0x20, 0x00, 0x00, 0x15, 0x4f, 0x18, 0x70, 0x17, 0x00, 0x15, 0x07, 0x15, 0x08, 0x2c, 0x03, 0x00
    .byte 0x00, 0x00, 0x20, 0x00, 0x00, 0x20, 0x00, 0x00, 0x20, 0x00, 0x00, 0x20, 0x00, 0x00, 0x15, 0x4f
    .byte 0x2c, 0x08, 0x00, 0x00, 0x00, 0x2c, 0x7c, 0x00, 0x00, 0x00, 0x15, 0xe0, 0x20, 0x00, 0x00, 0x2c
    .byte 0x48, 0x76, 0x22, 0x02, 0x15, 0x39, 0x2c, 0x01, 0x00, 0x00, 0x00, 0x2c, 0xf6, 0x76, 0x22, 0x02
    .byte 0x15, 0x39, 0x20, 0x00, 0x00, 0x15, 0x42, 0x18, 0x70, 0x35, 0x00, 0x00, 0x00, 0x00, 0x00, 0x14
    .byte 0x2d, 0x76, 0x22, 0x02, 0x2c, 0x01, 0x00, 0x00, 0x00, 0x15, 0x42, 0x18, 0x70, 0x35, 0x00, 0x00
    .byte 0x00, 0x00, 0x00, 0x14, 0x2d, 0x76, 0x22, 0x02, 0x25, 0x3b, 0x76, 0x22, 0x02, 0x2c, 0x01, 0x00
    .byte 0x00, 0x00, 0x15, 0x07, 0x15, 0x08, 0x25, 0x02, 0x76, 0x22, 0x02, 0x2c, 0x09, 0x00, 0x00, 0x00
    .byte 0x2c, 0x7c, 0x00, 0x00, 0x00, 0x15, 0xe0, 0x00, 0x20, 0x00, 0x00, 0x15, 0x18, 0x20, 0x00, 0x00
    .byte 0x15, 0x19, 0x2c, 0x00, 0x10, 0x00, 0x00, 0x2c, 0x01, 0x10, 0x00, 0x00, 0x2c, 0x02, 0x10, 0x00
    .byte 0x00, 0x2c, 0x02, 0x00, 0x00, 0x00, 0x20, 0x00, 0x00, 0x15, 0x73, 0x2c, 0x00, 0x02, 0x00, 0x00
    .byte 0x15, 0x17, 0x2c, 0x01, 0x00, 0x00, 0x00, 0x15, 0x2b, 0x2c, 0xa8, 0x03, 0x00, 0x00, 0x2c, 0xe4
    .byte 0x01, 0x00, 0x00, 0x20, 0x00, 0x00, 0x2c, 0x00, 0x28, 0x00, 0x00, 0x2c, 0x05, 0x00, 0x00, 0x00
    .byte 0x20, 0x00, 0x00, 0x15, 0x1a, 0x15, 0x21, 0x2c, 0x00, 0x01, 0x00, 0x00, 0x15, 0x17, 0x2c, 0x17
    .byte 0x10, 0x00, 0x00, 0x2c, 0x01, 0x10, 0x00, 0x00, 0x2c, 0x18, 0x10, 0x00, 0x00, 0x2c, 0x02, 0x00
    .byte 0x00, 0x00, 0x2c, 0x08, 0x00, 0x00, 0x00, 0x15, 0x73, 0x2c, 0x00, 0x01, 0x00, 0x00, 0x15, 0x17
    .byte 0x15, 0x16, 0x2c, 0x08, 0x00, 0x00, 0x00, 0x15, 0x05, 0x15, 0x16, 0x2c, 0x09, 0x00, 0x00, 0x00
    .byte 0x15, 0x05, 0x2c, 0x01, 0x00, 0x00, 0x00, 0x15, 0x06, 0x2c, 0x6e, 0x00, 0x00, 0x00, 0x15, 0x07
    .byte 0x15, 0x08, 0x2c, 0x01, 0x00, 0x00, 0x00, 0x15, 0x18, 0x2c, 0x01, 0x00, 0x00, 0x00, 0x15, 0x19
    .byte 0x20, 0x00, 0x00, 0x15, 0x75, 0x00, 0x20, 0x00, 0x00, 0x15, 0x18, 0x20, 0x00, 0x00, 0x15, 0x19
    .byte 0x2c, 0x01, 0x00, 0x00, 0x00, 0x15, 0x2b, 0x2c, 0xa0, 0x03, 0x00, 0x00, 0x2c, 0xd8, 0x01, 0x00
    .byte 0x00, 0x20, 0x00, 0x00, 0x2c, 0x00, 0x28, 0x00, 0x00, 0x2c, 0x05, 0x00, 0x00, 0x00, 0x20, 0x00
    .byte 0x00, 0x15, 0x1a, 0x15, 0x21, 0x2c, 0x2d, 0x11, 0x00, 0x00, 0x2c, 0x2b, 0x11, 0x00, 0x00, 0x2c
    .byte 0x2e, 0x11, 0x00, 0x00, 0x2c, 0x02, 0x00, 0x00, 0x00, 0x2c, 0x02, 0x00, 0x00, 0x00, 0x15, 0x73
    .byte 0x2c, 0x00, 0x01, 0x00, 0x00, 0x15, 0x17, 0x15, 0x16, 0x2c, 0x14, 0x00, 0x00, 0x00, 0x15, 0x07
    .byte 0x15, 0x08, 0x20, 0x00, 0x00, 0x2c, 0x01, 0x3e, 0x00, 0x00, 0x15, 0xe0, 0x2c, 0x03, 0x00, 0x00
    .byte 0x00, 0x15, 0x05, 0x15, 0x16, 0x20, 0x00, 0x00, 0x2c, 0x00, 0x3e, 0x00, 0x00, 0x15, 0xe0, 0x2c
    .byte 0x05, 0x00, 0x00, 0x00, 0x15, 0x05, 0x2c, 0x01, 0x00, 0x00, 0x00, 0x15, 0x06, 0x2c, 0x6e, 0x00
    .byte 0x00, 0x00, 0x15, 0x07, 0x15, 0x08, 0x2c, 0x04, 0x00, 0x00, 0x00, 0x15, 0x05, 0x15, 0x16, 0x20
    .byte 0x00, 0x00, 0x15, 0x75, 0x2c, 0x07, 0x00, 0x00, 0x00, 0x2c, 0xfe, 0xff, 0xff, 0xff, 0x2c, 0xff
    .byte 0xff, 0xff, 0xff, 0x2c, 0xff, 0xff, 0xff, 0xff, 0x2c, 0xff, 0xff, 0xff, 0xff, 0x15, 0xdc, 0x2c
    .byte 0x2a, 0x11, 0x00, 0x00, 0x2c, 0x2b, 0x11, 0x00, 0x00, 0x2c, 0x2c, 0x11, 0x00, 0x00, 0x2c, 0x02
    .byte 0x00, 0x00, 0x00, 0x20, 0x00, 0x00, 0x15, 0x73, 0x2c, 0x03, 0x00, 0x00, 0x00, 0x20, 0x00, 0x00
    .byte 0x2c, 0xff, 0xff, 0xff, 0xff, 0x2c, 0xff, 0xff, 0xff, 0xff, 0x2c, 0xff, 0xff, 0xff, 0xff, 0x15
    .byte 0xdc, 0x15, 0x2c, 0x00, 0x2c, 0x03, 0x00, 0x00, 0x00, 0x2c, 0xff, 0xff, 0xff, 0xff, 0x2c, 0xff
    .byte 0xff, 0xff, 0xff, 0x15, 0xdd, 0x18, 0x70, 0x35, 0x00, 0x02, 0x00, 0x00, 0x00, 0x14, 0x5b, 0x79
    .byte 0x22, 0x02, 0x2c, 0x03, 0x00, 0x00, 0x00, 0x2c, 0x01, 0x00, 0x00, 0x00, 0x2c, 0xff, 0xff, 0xff
    .byte 0xff, 0x2c, 0xff, 0xff, 0xff, 0xff, 0x2c, 0xff, 0xff, 0xff, 0xff, 0x15, 0xdc, 0x2c, 0x07, 0x00
    .byte 0x00, 0x00, 0x2c, 0xff, 0xff, 0xff, 0xff, 0x2c, 0xff, 0xff, 0xff, 0xff, 0x2c, 0xff, 0xff, 0xff
    .byte 0xff, 0x2c, 0xff, 0xff, 0xff, 0xff, 0x15, 0xdc, 0x15, 0x6e, 0x18, 0x70, 0x34, 0x00, 0x50, 0x02
    .byte 0x00, 0x00, 0x14, 0x8f, 0x78, 0x22, 0x02, 0x03, 0x00, 0x01, 0x00, 0x00, 0x00, 0x28, 0x00, 0x00
    .byte 0x2c, 0x80, 0x00, 0x00, 0x00, 0x2c, 0x20, 0x02, 0x00, 0x00, 0x20, 0x00, 0x00, 0x15, 0x02, 0x2c
    .byte 0xa6, 0x0f, 0x00, 0x00, 0x15, 0x41, 0x2c, 0x01, 0x00, 0x00, 0x00, 0x15, 0x6d, 0x18, 0x70, 0x17
    .byte 0x00, 0x15, 0x6e, 0x18, 0x70, 0x24, 0x00, 0x10, 0x00, 0x00, 0x00, 0x17, 0x00, 0x2c, 0x3c, 0x00
    .byte 0x00, 0x00, 0x20, 0x00, 0x00, 0x15, 0x4f, 0x18, 0x70, 0x17, 0x00, 0x15, 0x07, 0x15, 0x08, 0x15
    .byte 0x1f, 0x18, 0x70, 0x17, 0x00, 0x15, 0x20, 0x18, 0x70, 0x17, 0x00, 0x15, 0x1e, 0x18, 0x70, 0x05
    .byte 0x00, 0x29, 0x00, 0x00, 0x00, 0x17, 0x00, 0x15, 0x45, 0x15, 0x8b, 0x18, 0x70, 0x32, 0x00, 0x00
    .byte 0x00, 0x00, 0x00, 0x13, 0xbd, 0x78, 0x22, 0x02, 0x01, 0xa9, 0x78, 0x22, 0x02, 0x2c, 0x3e, 0x01
    .byte 0x00, 0x00, 0x2c, 0x01, 0x00, 0x00, 0x00, 0x20, 0x00, 0x00, 0x20, 0x00, 0x00, 0x15, 0x59, 0x15
    .byte 0x5a, 0x2b, 0x00, 0x00, 0x32, 0x00, 0x01, 0x00, 0x00, 0x00, 0x14, 0x03, 0x79, 0x22, 0x02, 0x2c
    .byte 0xa7, 0x0f, 0x00, 0x00, 0x15, 0x41, 0x2c, 0x02, 0x00, 0x00, 0x00, 0x2c, 0x1e, 0x00, 0x00, 0x00
    .byte 0x20, 0x00, 0x00, 0x20, 0x00, 0x00, 0x20, 0x00, 0x00, 0x15, 0x4f, 0x18, 0x70, 0x17, 0x00, 0x15
    .byte 0x07, 0x15, 0x08, 0x2c, 0x02, 0x00, 0x00, 0x00, 0x2c, 0xff, 0xff, 0xff, 0xff, 0x2c, 0xff, 0xff
    .byte 0xff, 0xff, 0x15, 0xdd, 0x18, 0x70, 0x26, 0x00, 0x1b, 0x2c, 0x01, 0x00, 0x00, 0x00, 0x2c, 0xff
    .byte 0xff, 0xff, 0xff, 0x2c, 0xff, 0xff, 0xff, 0xff, 0x2c, 0xff, 0xff, 0xff, 0xff, 0x2c, 0xff, 0xff
    .byte 0xff, 0xff, 0x15, 0xdc, 0x2c, 0x0b, 0x00, 0x00, 0x00, 0x2c, 0xff, 0xff, 0xff, 0xff, 0x2c, 0xff
    .byte 0xff, 0xff, 0xff, 0x2c, 0xff, 0xff, 0xff, 0xff, 0x2c, 0xff, 0xff, 0xff, 0xff, 0x15, 0xdc, 0x2c
    .byte 0xc9, 0x02, 0x00, 0x00, 0x15, 0x35, 0x25, 0x62, 0x79, 0x22, 0x02, 0x2c, 0xc9, 0x02, 0x00, 0x00
    .byte 0x15, 0x36, 0x00, 0x20, 0x00, 0x00, 0x15, 0x09, 0x2c, 0x38, 0x00, 0x00, 0x00, 0x15, 0x37, 0x18
    .byte 0x70, 0x14, 0x79, 0x79, 0x22, 0x02, 0x15, 0x0d, 0x00, 0x2c, 0x01, 0x00, 0x00, 0x00, 0x15, 0x09
    .byte 0x2c, 0x05, 0x00, 0x00, 0x00, 0x15, 0x07, 0x15, 0x08, 0x2c, 0xd0, 0x00, 0x00, 0x00, 0x2c, 0x78
    .byte 0x02, 0x00, 0x00, 0x20, 0x00, 0x00, 0x15, 0x02, 0x20, 0x00, 0x00, 0x15, 0x18, 0x20, 0x00, 0x00
    .byte 0x15, 0x19, 0x03, 0x00, 0x01, 0x00, 0x00, 0x00, 0x28, 0x00, 0x00, 0x2c, 0x36, 0x00, 0x00, 0x00
    .byte 0x15, 0x05, 0x15, 0x1f, 0x18, 0x70, 0x17, 0x00, 0x15, 0x20, 0x18, 0x70, 0x17, 0x00, 0x15, 0x1e
    .byte 0x18, 0x70, 0x28, 0x00, 0x01, 0x2b, 0x00, 0x01, 0x2b, 0x01, 0x00, 0x1f, 0x10, 0x14, 0x90, 0x7b
    .byte 0x22, 0x02, 0x2b, 0x00, 0x01, 0x28, 0x00, 0x00, 0x2c, 0x01, 0x00, 0x00, 0x00, 0x15, 0x2b, 0x2c
    .byte 0x00, 0x02, 0x00, 0x00, 0x15, 0x17, 0x2b, 0x00, 0x01, 0x32, 0x00, 0x00, 0x00, 0x00, 0x00, 0x14
    .byte 0x14, 0x7a, 0x22, 0x02, 0x03, 0x00, 0xc0, 0x00, 0x00, 0x00, 0x28, 0x00, 0x02, 0x03, 0x00, 0x70
    .byte 0x02, 0x00, 0x00, 0x28, 0x00, 0x03, 0x03, 0x00, 0x04, 0x00, 0x00, 0x00, 0x28, 0x00, 0x04, 0x25
    .byte 0x51, 0x7b, 0x22, 0x02, 0x2b, 0x00, 0x01, 0x32, 0x00, 0x01, 0x00, 0x00, 0x00, 0x14, 0x42, 0x7a
    .byte 0x22, 0x02, 0x03, 0x00, 0xd0, 0x00, 0x00, 0x00, 0x28, 0x00, 0x02, 0x03, 0x00, 0x78, 0x02, 0x00
    .byte 0x00, 0x28, 0x00, 0x03, 0x03, 0x00, 0x05, 0x00, 0x00, 0x00, 0x28, 0x00, 0x04, 0x25, 0x51, 0x7b
    .byte 0x22, 0x02, 0x2b, 0x00, 0x01, 0x32, 0x00, 0x02, 0x00, 0x00, 0x00, 0x14, 0x70, 0x7a, 0x22, 0x02
    .byte 0x03, 0x00, 0xe0, 0x00, 0x00, 0x00, 0x28, 0x00, 0x02, 0x03, 0x00, 0x8c, 0x02, 0x00, 0x00, 0x28
    .byte 0x00, 0x03, 0x03, 0x00, 0x06, 0x00, 0x00, 0x00, 0x28, 0x00, 0x04, 0x25, 0x51, 0x7b, 0x22, 0x02
    .byte 0x2b, 0x00, 0x01, 0x32, 0x00, 0x03, 0x00, 0x00, 0x00, 0x14, 0x9e, 0x7a, 0x22, 0x02, 0x03, 0x00
    .byte 0xd0, 0x00, 0x00, 0x00, 0x28, 0x00, 0x02, 0x03, 0x00, 0x90, 0x02, 0x00, 0x00, 0x28, 0x00, 0x03
    .byte 0x03, 0x00, 0x07, 0x00, 0x00, 0x00, 0x28, 0x00, 0x04, 0x25, 0x51, 0x7b, 0x22, 0x02, 0x2b, 0x00
    .byte 0x01, 0x32, 0x00, 0x04, 0x00, 0x00, 0x00, 0x14, 0xcc, 0x7a, 0x22, 0x02, 0x03, 0x00, 0xc0, 0x00
    .byte 0x00, 0x00, 0x28, 0x00, 0x02, 0x03, 0x00, 0x98, 0x02, 0x00, 0x00, 0x28, 0x00, 0x03, 0x03, 0x00
    .byte 0x00, 0x00, 0x00, 0x00, 0x28, 0x00, 0x04, 0x25, 0x51, 0x7b, 0x22, 0x02, 0x2b, 0x00, 0x01, 0x32
    .byte 0x00, 0x05, 0x00, 0x00, 0x00, 0x14, 0xfa, 0x7a, 0x22, 0x02, 0x03, 0x00, 0xb0, 0x00, 0x00, 0x00
    .byte 0x28, 0x00, 0x02, 0x03, 0x00, 0x90, 0x02, 0x00, 0x00, 0x28, 0x00, 0x03, 0x03, 0x00, 0x01, 0x00
    .byte 0x00, 0x00, 0x28, 0x00, 0x04, 0x25, 0x51, 0x7b, 0x22, 0x02, 0x2b, 0x00, 0x01, 0x32, 0x00, 0x06
    .byte 0x00, 0x00, 0x00, 0x14, 0x28, 0x7b, 0x22, 0x02, 0x03, 0x00, 0xa0, 0x00, 0x00, 0x00, 0x28, 0x00
    .byte 0x02, 0x03, 0x00, 0x8c, 0x02, 0x00, 0x00, 0x28, 0x00, 0x03, 0x03, 0x00, 0x02, 0x00, 0x00, 0x00
    .byte 0x28, 0x00, 0x04, 0x25, 0x51, 0x7b, 0x22, 0x02, 0x2b, 0x00, 0x01, 0x32, 0x00, 0x07, 0x00, 0x00
    .byte 0x00, 0x14, 0x51, 0x7b, 0x22, 0x02, 0x03, 0x00, 0xb0, 0x00, 0x00, 0x00, 0x28, 0x00, 0x02, 0x03
    .byte 0x00, 0x78, 0x02, 0x00, 0x00, 0x28, 0x00, 0x03, 0x03, 0x00, 0x03, 0x00, 0x00, 0x00, 0x28, 0x00
    .byte 0x04, 0x20, 0x00, 0x00, 0x2c, 0x47, 0x00, 0x00, 0x00, 0x15, 0xe0, 0x2f, 0x02, 0x2f, 0x03, 0x20
    .byte 0x00, 0x00, 0x2c, 0x0c, 0x00, 0x00, 0x00, 0x2c, 0x01, 0x00, 0x00, 0x00, 0x20, 0x00, 0x00, 0x15
    .byte 0x1a, 0x15, 0x21, 0x2c, 0x00, 0x01, 0x00, 0x00, 0x15, 0x17, 0x03, 0x00, 0x31, 0x00, 0x00, 0x00
    .byte 0x2b, 0x01, 0x04, 0x04, 0x10, 0x17, 0x00, 0x15, 0x05, 0x2c, 0x01, 0x00, 0x00, 0x00, 0x15, 0x06
    .byte 0x01, 0xb2, 0x79, 0x22, 0x02, 0x2c, 0x80, 0x00, 0x00, 0x00, 0x2c, 0xc0, 0x01, 0x00, 0x00, 0x20
    .byte 0x00, 0x00, 0x15, 0x02, 0x2c, 0x08, 0x00, 0x00, 0x00, 0x2c, 0x69, 0x00, 0x00, 0x00, 0x15, 0xe0
    .byte 0x20, 0x00, 0x00, 0x2c, 0x8a, 0x34, 0x00, 0x00, 0x15, 0xe0, 0x15, 0x1f, 0x18, 0x70, 0x17, 0x00
    .byte 0x15, 0x11, 0x18, 0x70, 0x17, 0x00, 0x15, 0x12, 0x18, 0x70, 0x17, 0x00, 0x15, 0x02, 0x2c, 0x01
    .byte 0x00, 0x00, 0x00, 0x15, 0x09, 0x2c, 0x01, 0x00, 0x00, 0x00, 0x15, 0x2b, 0x15, 0x1f, 0x18, 0x70
    .byte 0x17, 0x00, 0x15, 0x20, 0x18, 0x70, 0x24, 0x00, 0x01, 0x00, 0x00, 0x00, 0x17, 0x00, 0x20, 0x00
    .byte 0x00, 0x2c, 0x00, 0x28, 0x00, 0x00, 0x2c, 0x05, 0x00, 0x00, 0x00, 0x20, 0x00, 0x00, 0x15, 0x1a
    .byte 0x15, 0x21, 0x2c, 0x01, 0x00, 0x00, 0x00, 0x2c, 0x8a, 0x34, 0x00, 0x00, 0x15, 0xe0, 0x20, 0x00
    .byte 0x00, 0x2c, 0xbc, 0x7c, 0x22, 0x02, 0x15, 0x39, 0x20, 0x00, 0x00, 0x15, 0x42, 0x18, 0x70, 0x32
    .byte 0x00, 0x00, 0x00, 0x00, 0x00, 0x14, 0x2f, 0x7c, 0x22, 0x02, 0x01, 0x18, 0x7c, 0x22, 0x02, 0x20
    .byte 0x00, 0x00, 0x2c, 0x8a, 0x34, 0x00, 0x00, 0x15, 0xe0, 0x20, 0x00, 0x00, 0x2c, 0x94, 0x7d, 0x22
    .byte 0x02, 0x15, 0x39, 0x15, 0x1f, 0x18, 0x70, 0x17, 0x00, 0x2c, 0x30, 0x01, 0x00, 0x00, 0x20, 0x00
    .byte 0x00, 0x2c, 0x00, 0x28, 0x00, 0x00, 0x2c, 0x05, 0x00, 0x00, 0x00, 0x20, 0x00, 0x00, 0x15, 0x1a
    .byte 0x15, 0x21, 0x2c, 0x20, 0x01, 0x00, 0x00, 0x2c, 0x30, 0x01, 0x00, 0x00, 0x20, 0x00, 0x00, 0x2c
    .byte 0x00, 0x28, 0x00, 0x00, 0x2c, 0x05, 0x00, 0x00, 0x00, 0x20, 0x00, 0x00, 0x15, 0x1a, 0x15, 0x21
    .byte 0x2c, 0x01, 0x00, 0x00, 0x00, 0x2c, 0x8a, 0x34, 0x00, 0x00, 0x15, 0xe0, 0x2c, 0x38, 0x00, 0x00
    .byte 0x00, 0x15, 0x35, 0x20, 0x00, 0x00, 0x15, 0x09, 0x20, 0x00, 0x00, 0x15, 0x42, 0x18, 0x70, 0x32
    .byte 0x00, 0x00, 0x00, 0x00, 0x00, 0x14, 0xaf, 0x7c, 0x22, 0x02, 0x01, 0x98, 0x7c, 0x22, 0x02, 0x2c
    .byte 0x09, 0x00, 0x00, 0x00, 0x2c, 0x69, 0x00, 0x00, 0x00, 0x15, 0xe0, 0x00, 0x2c, 0x00, 0x10, 0x00
    .byte 0x00, 0x2c, 0x01, 0x10, 0x00, 0x00, 0x2c, 0x02, 0x10, 0x00, 0x00, 0x2c, 0x02, 0x00, 0x00, 0x00
    .byte 0x20, 0x00, 0x00, 0x15, 0x73, 0x15, 0x1f, 0x18, 0x70, 0x28, 0x00, 0x05, 0x15, 0x20, 0x18, 0x70
    .byte 0x28, 0x00, 0x06, 0x15, 0x27, 0x18, 0x70, 0x05, 0x00, 0x18, 0x00, 0x00, 0x00, 0x28, 0x00, 0x07
    .byte 0x20, 0x00, 0x00, 0x2c, 0x89, 0x34, 0x00, 0x00, 0x15, 0xe0, 0x2c, 0x07, 0x00, 0x00, 0x00, 0x2c
    .byte 0x20, 0x16, 0x00, 0x00, 0x2c, 0x01, 0x10, 0x00, 0x00, 0x2c, 0x21, 0x16, 0x00, 0x00, 0x2c, 0x01
    .byte 0x00, 0x00, 0x00, 0x20, 0x00, 0x00, 0x2c, 0x01, 0x00, 0x00, 0x00, 0x15, 0x53, 0x15, 0x1f, 0x18
    .byte 0x70, 0x33, 0x00, 0x80, 0x00, 0x00, 0x00, 0x14, 0x5b, 0x7d, 0x22, 0x02, 0x15, 0x1f, 0x18, 0x70
    .byte 0x05, 0x00, 0x10, 0x00, 0x00, 0x00, 0x17, 0x00, 0x15, 0x20, 0x18, 0x70, 0x24, 0x00, 0x20, 0x00
    .byte 0x00, 0x00, 0x17, 0x00, 0x20, 0x00, 0x00, 0x2c, 0x0f, 0x00, 0x00, 0x00, 0x2c, 0x01, 0x00, 0x00
    .byte 0x00, 0x20, 0x00, 0x00, 0x15, 0x1a, 0x25, 0x85, 0x7d, 0x22, 0x02, 0x15, 0x1f, 0x18, 0x70, 0x24
    .byte 0x00, 0x10, 0x00, 0x00, 0x00, 0x17, 0x00, 0x15, 0x20, 0x18, 0x70, 0x24, 0x00, 0x20, 0x00, 0x00
    .byte 0x00, 0x17, 0x00, 0x20, 0x00, 0x00, 0x2c, 0x0f, 0x00, 0x00, 0x00, 0x2c, 0x01, 0x00, 0x00, 0x00
    .byte 0x20, 0x00, 0x00, 0x15, 0x1a, 0x15, 0x21, 0x15, 0x28, 0x20, 0x00, 0x00, 0x2c, 0x44, 0x00, 0x00
    .byte 0x00, 0x15, 0xe0, 0x00, 0x2c, 0x00, 0x10, 0x00, 0x00, 0x2c, 0x01, 0x10, 0x00, 0x00, 0x2c, 0x02
    .byte 0x10, 0x00, 0x00, 0x2c, 0x02, 0x00, 0x00, 0x00, 0x20, 0x00, 0x00, 0x15, 0x73, 0x03, 0x00, 0x00
    .byte 0x00, 0x00, 0x00, 0x26, 0x00, 0xbe, 0x29, 0x00, 0xbe, 0x33, 0x00, 0x1d, 0x00, 0x00, 0x00, 0x14
    .byte 0xec, 0x7d, 0x22, 0x02, 0x03, 0x00, 0x14, 0x00, 0x00, 0x00, 0x29, 0x01, 0xbe, 0x0b, 0x01, 0x08
    .byte 0x00, 0x00, 0x00, 0x04, 0x10, 0x17, 0x00, 0x15, 0x05, 0x15, 0x16, 0x29, 0x00, 0xbe, 0x05, 0x00
    .byte 0x01, 0x00, 0x00, 0x00, 0x26, 0x00, 0xbe, 0x25, 0xb6, 0x7d, 0x22, 0x02, 0x2c, 0x07, 0x10, 0x00
    .byte 0x00, 0x2c, 0x01, 0x10, 0x00, 0x00, 0x2c, 0x08, 0x10, 0x00, 0x00, 0x2c, 0x02, 0x00, 0x00, 0x00
    .byte 0x2c, 0x02, 0x00, 0x00, 0x00, 0x15, 0x73, 0x2c, 0x01, 0x00, 0x00, 0x00, 0x15, 0x06, 0x2c, 0x96
    .byte 0x00, 0x00, 0x00, 0x15, 0x07, 0x15, 0x08, 0x2c, 0x03, 0x10, 0x00, 0x00, 0x2c, 0x01, 0x10, 0x00
    .byte 0x00, 0x2c, 0x04, 0x10, 0x00, 0x00, 0x2c, 0x02, 0x00, 0x00, 0x00, 0x2c, 0x09, 0x00, 0x00, 0x00
    .byte 0x15, 0x73, 0x15, 0x16, 0x15, 0x28, 0x20, 0x00, 0x00, 0x15, 0x75, 0x00, 0x2c, 0x38, 0x00, 0x00
    .byte 0x00, 0x15, 0x37, 0x18, 0x70, 0x14, 0x4d, 0x7e, 0x22, 0x02, 0x15, 0x0d, 0x00, 0x2c, 0x02, 0x00
    .byte 0x00, 0x00, 0x2c, 0x5a, 0x7e, 0x22, 0x02, 0x15, 0x29, 0x00, 0x20, 0x00, 0x00, 0x15, 0x9b, 0x18
    .byte 0x70, 0x14, 0x7a, 0x7e, 0x22, 0x02, 0x20, 0x00, 0x00, 0x2c, 0xff, 0xff, 0xff, 0xff, 0x2c, 0xff
    .byte 0xff, 0xff, 0xff, 0x2c, 0xff, 0xff, 0xff, 0xff, 0x15, 0x89, 0x2c, 0x07, 0x00, 0x00, 0x00, 0x2c
    .byte 0x95, 0x7b, 0x22, 0x02, 0x15, 0x39, 0x2c, 0x07, 0x00, 0x00, 0x00, 0x15, 0x42, 0x18, 0x70, 0x32
    .byte 0x00, 0x00, 0x00, 0x00, 0x00, 0x14, 0x9f, 0x7e, 0x22, 0x02, 0x01, 0x86, 0x7e, 0x22, 0x02, 0x2c
    .byte 0x1b, 0x00, 0x00, 0x00, 0x15, 0x31, 0x18, 0x70, 0x17, 0x00, 0x2c, 0x7d, 0xf5, 0x21, 0x02, 0x15
    .byte 0x39, 0x00, 0x20, 0x00, 0x00, 0x15, 0x18, 0x2c, 0x3a, 0x00, 0x00, 0x00, 0x15, 0x37, 0x18, 0x70
    .byte 0x14, 0xc8, 0x7e, 0x22, 0x02, 0x15, 0x0d, 0x00, 0x20, 0x00, 0x00, 0x15, 0x09, 0x2c, 0x18, 0x03
    .byte 0x00, 0x00, 0x2c, 0xc0, 0x01, 0x00, 0x00, 0x2c, 0xd0, 0xff, 0xff, 0xff, 0x15, 0x02, 0x20, 0x00
    .byte 0x00, 0x2c, 0x50, 0x00, 0x00, 0x00, 0x15, 0x32, 0x2c, 0x01, 0x00, 0x00, 0x00, 0x2c, 0x08, 0x00
    .byte 0x00, 0x00, 0x15, 0x32, 0x2c, 0x02, 0x00, 0x00, 0x00, 0x2c, 0x01, 0x7f, 0x22, 0x02, 0x15, 0x29
    .byte 0x00, 0x2c, 0x3a, 0x00, 0x00, 0x00, 0x15, 0x35, 0x20, 0x00, 0x00, 0x2c, 0x82, 0x80, 0x22, 0x02
    .byte 0x15, 0x39, 0x20, 0x00, 0x00, 0x15, 0x42, 0x18, 0x70, 0x32, 0x00, 0x00, 0x00, 0x00, 0x00, 0x14
    .byte 0x29, 0x7f, 0x22, 0x02, 0x01, 0x12, 0x7f, 0x22, 0x02, 0x2c, 0x50, 0x02, 0x00, 0x00, 0x2c, 0x30
    .byte 0x02, 0x00, 0x00, 0x2c, 0xb0, 0xff, 0xff, 0xff, 0x15, 0x02, 0x20, 0x00, 0x00, 0x2c, 0x19, 0x00
    .byte 0x00, 0x00, 0x15, 0xe0, 0x2c, 0x08, 0x00, 0x00, 0x00, 0x2c, 0x2a, 0x01, 0x00, 0x00, 0x15, 0xe0
    .byte 0x20, 0x00, 0x00, 0x2c, 0x00, 0x95, 0x00, 0x00, 0x15, 0xe0, 0x2c, 0xa8, 0x0f, 0x00, 0x00, 0x15
    .byte 0x41, 0x2c, 0x03, 0x00, 0x00, 0x00, 0x2c, 0x01, 0x00, 0x00, 0x00, 0x20, 0x00, 0x00, 0x20, 0x00
    .byte 0x00, 0x20, 0x00, 0x00, 0x15, 0x4f, 0x2c, 0x01, 0x00, 0x00, 0x00, 0x2c, 0x50, 0x02, 0x00, 0x00
    .byte 0x2c, 0x30, 0x02, 0x00, 0x00, 0x2c, 0x3c, 0x00, 0x00, 0x00, 0x20, 0x00, 0x00, 0x15, 0x4f, 0x2c
    .byte 0x09, 0x00, 0x00, 0x00, 0x2c, 0x50, 0x02, 0x00, 0x00, 0x2c, 0x30, 0x02, 0x00, 0x00, 0x2c, 0xb0
    .byte 0xff, 0xff, 0xff, 0x2c, 0xa0, 0x00, 0x00, 0x00, 0x2c, 0xff, 0xff, 0xff, 0xff, 0x2c, 0xff, 0xff
    .byte 0xff, 0xff, 0x15, 0x53, 0x2c, 0xa0, 0x00, 0x00, 0x00, 0x15, 0x07, 0x15, 0x08, 0x2c, 0x01, 0x00
    .byte 0x00, 0x00, 0x15, 0x09, 0x2c, 0x01, 0x00, 0x00, 0x00, 0x2c, 0x00, 0x95, 0x00, 0x00, 0x15, 0xe0
    .byte 0x2c, 0x09, 0x00, 0x00, 0x00, 0x2c, 0x2a, 0x01, 0x00, 0x00, 0x15, 0xe0, 0x2c, 0x15, 0x00, 0x00
    .byte 0x00, 0x2c, 0x26, 0x00, 0x00, 0x00, 0x2c, 0x7f, 0x00, 0x00, 0x00, 0x15, 0x0a, 0x2c, 0x11, 0x00
    .byte 0x00, 0x00, 0x15, 0x05, 0x2c, 0x28, 0x00, 0x00, 0x00, 0x15, 0x07, 0x15, 0x08, 0x2c, 0x01, 0x00
    .byte 0x00, 0x00, 0x15, 0x2b, 0x2c, 0xc0, 0xff, 0xff, 0xff, 0x20, 0x00, 0x00, 0x20, 0x00, 0x00, 0x2c
    .byte 0x00, 0x28, 0x00, 0x00, 0x2c, 0x04, 0x00, 0x00, 0x00, 0x20, 0x00, 0x00, 0x15, 0x1a, 0x2c, 0x0a
    .byte 0x00, 0x00, 0x00, 0x15, 0x07, 0x15, 0x08, 0x20, 0x00, 0x00, 0x2c, 0x15, 0x81, 0x22, 0x02, 0x15
    .byte 0x39, 0x20, 0x00, 0x00, 0x15, 0x42, 0x18, 0x70, 0x32, 0x00, 0x00, 0x00, 0x00, 0x00, 0x14, 0x48
    .byte 0x80, 0x22, 0x02, 0x01, 0x31, 0x80, 0x22, 0x02, 0x2c, 0xa9, 0x0f, 0x00, 0x00, 0x15, 0x41, 0x2c
    .byte 0x02, 0x00, 0x00, 0x00, 0x2c, 0x3c, 0x00, 0x00, 0x00, 0x20, 0x00, 0x00, 0x20, 0x00, 0x00, 0x20
    .byte 0x00, 0x00, 0x15, 0x4f, 0x18, 0x70, 0x17, 0x00, 0x15, 0x07, 0x15, 0x08, 0x2c, 0x03, 0x00, 0x00
    .byte 0x00, 0x20, 0x00, 0x00, 0x20, 0x00, 0x00, 0x20, 0x00, 0x00, 0x20, 0x00, 0x00, 0x15, 0x4f, 0x15
    .byte 0x0d, 0x00, 0x15, 0x1f, 0x18, 0x70, 0x28, 0x00, 0x05, 0x15, 0x20, 0x18, 0x70, 0x28, 0x00, 0x06
    .byte 0x15, 0x27, 0x18, 0x70, 0x05, 0x00, 0x28, 0x00, 0x00, 0x00, 0x28, 0x00, 0x07, 0x2c, 0x00, 0x10
    .byte 0x00, 0x00, 0x2c, 0x01, 0x10, 0x00, 0x00, 0x2c, 0x02, 0x10, 0x00, 0x00, 0x2c, 0x02, 0x00, 0x00
    .byte 0x00, 0x2c, 0x01, 0x00, 0x00, 0x00, 0x15, 0x73, 0x2c, 0x00, 0x01, 0x00, 0x00, 0x15, 0x17, 0x2c
    .byte 0x0a, 0x00, 0x00, 0x00, 0x15, 0x07, 0x15, 0x08, 0x2c, 0x07, 0x00, 0x00, 0x00, 0x2c, 0x8a, 0x13
    .byte 0x00, 0x00, 0x2c, 0x78, 0x10, 0x00, 0x00, 0x2c, 0x8b, 0x13, 0x00, 0x00, 0x20, 0x00, 0x00, 0x20
    .byte 0x00, 0x00, 0x2c, 0x01, 0x00, 0x00, 0x00, 0x15, 0x53, 0x2c, 0x03, 0x10, 0x00, 0x00, 0x2c, 0x01
    .byte 0x10, 0x00, 0x00, 0x2c, 0x04, 0x10, 0x00, 0x00, 0x2c, 0x02, 0x00, 0x00, 0x00, 0x2c, 0x01, 0x00
    .byte 0x00, 0x00, 0x15, 0x73, 0x2c, 0x00, 0x01, 0x00, 0x00, 0x15, 0x17, 0x2c, 0x14, 0x00, 0x00, 0x00
    .byte 0x15, 0x07, 0x15, 0x08, 0x00, 0x2c, 0x00, 0x10, 0x00, 0x00, 0x2c, 0x01, 0x10, 0x00, 0x00, 0x2c
    .byte 0x02, 0x10, 0x00, 0x00, 0x2c, 0x02, 0x00, 0x00, 0x00, 0x2c, 0x09, 0x00, 0x00, 0x00, 0x15, 0x73
    .byte 0x2c, 0x00, 0x01, 0x00, 0x00, 0x15, 0x17, 0x00, 0x20, 0x00, 0x00, 0x15, 0x18, 0x20, 0x00, 0x00
    .byte 0x15, 0x19, 0x2c, 0x01, 0x00, 0x00, 0x00, 0x15, 0x09, 0x2c, 0x0e, 0x00, 0x00, 0x00, 0x15, 0x05
    .byte 0x2c, 0x01, 0x00, 0x00, 0x00, 0x15, 0x06, 0x2c, 0xd0, 0x01, 0x00, 0x00, 0x2c, 0x88, 0x00, 0x00
    .byte 0x00, 0x20, 0x00, 0x00, 0x15, 0x02, 0x2c, 0x39, 0x00, 0x00, 0x00, 0x15, 0x37, 0x18, 0x70, 0x14
    .byte 0x77, 0x81, 0x22, 0x02, 0x15, 0x0d, 0x00, 0x29, 0x00, 0xfd, 0x35, 0x00, 0x15, 0x00, 0x00, 0x00
    .byte 0x14, 0x8b, 0x81, 0x22, 0x02, 0x20, 0x00, 0x00, 0x15, 0x09, 0x00, 0x15, 0x20, 0x18, 0x70, 0x34
    .byte 0x00, 0xc8, 0x00, 0x00, 0x00, 0x14, 0xae, 0x81, 0x22, 0x02, 0x15, 0x1f, 0x18, 0x70, 0x30, 0x00
    .byte 0x00, 0x01, 0x00, 0x00, 0x14, 0xae, 0x81, 0x22, 0x02, 0x01, 0xb3, 0x81, 0x22, 0x02, 0x01, 0x8b
    .byte 0x81, 0x22, 0x02, 0x2c, 0x1d, 0x00, 0x00, 0x00, 0x15, 0x07, 0x15, 0x08, 0x2c, 0x39, 0x00, 0x00
    .byte 0x00, 0x15, 0x35, 0x20, 0x00, 0x00, 0x15, 0x42, 0x18, 0x70, 0x32, 0x00, 0x00, 0x00, 0x00, 0x00
    .byte 0x14, 0xda, 0x81, 0x22, 0x02, 0x01, 0xc3, 0x81, 0x22, 0x02, 0x2c, 0x06, 0x00, 0x00, 0x00, 0x15
    .byte 0x05, 0x2c, 0x01, 0x00, 0x00, 0x00, 0x15, 0x06, 0x20, 0x00, 0x00, 0x15, 0x2b, 0x2c, 0x40, 0x00
    .byte 0x00, 0x00, 0x20, 0x00, 0x00, 0x20, 0x00, 0x00, 0x2c, 0x00, 0x28, 0x00, 0x00, 0x2c, 0x04, 0x00
    .byte 0x00, 0x00, 0x20, 0x00, 0x00, 0x15, 0x1a, 0x15, 0x21, 0x20, 0x00, 0x00, 0x15, 0x09, 0x2c, 0x3c
    .byte 0x00, 0x00, 0x00, 0x15, 0x07, 0x15, 0x08, 0x20, 0x00, 0x00, 0x2c, 0x0a, 0x31, 0x00, 0x00, 0x15
    .byte 0xe0, 0x2c, 0x14, 0x00, 0x00, 0x00, 0x15, 0x07, 0x15, 0x08, 0x20, 0x00, 0x00, 0x2c, 0x0c, 0x31
    .byte 0x00, 0x00, 0x15, 0xe0, 0x15, 0x0d, 0x00, 0x2c, 0x59, 0x01, 0x00, 0x00, 0x15, 0x37, 0x18, 0x70
    .byte 0x13, 0x5b, 0x82, 0x22, 0x02, 0x20, 0x00, 0x00, 0x2c, 0xff, 0xff, 0xff, 0xff, 0x2c, 0xff, 0xff
    .byte 0xff, 0xff, 0x15, 0xdd, 0x18, 0x70, 0x14, 0x68, 0x82, 0x22, 0x02, 0x20, 0x00, 0x00, 0x15, 0x09
    .byte 0x15, 0x0d, 0x00, 0x25, 0x8e, 0x82, 0x22, 0x02, 0x2c, 0x01, 0x00, 0x00, 0x00, 0x2c, 0xff, 0xff
    .byte 0xff, 0xff, 0x2c, 0xff, 0xff, 0xff, 0xff, 0x15, 0xdd, 0x18, 0x70, 0x32, 0x00, 0x4d, 0x00, 0x00
    .byte 0x00, 0x14, 0x8e, 0x82, 0x22, 0x02, 0x20, 0x00, 0x00, 0x15, 0x09, 0x15, 0x0d, 0x00, 0x20, 0x00
    .byte 0x00, 0x2c, 0x18, 0x00, 0x00, 0x00, 0x15, 0x32, 0x2c, 0x01, 0x00, 0x00, 0x00, 0x2c, 0x10, 0x00
    .byte 0x00, 0x00, 0x15, 0x32, 0x2c, 0x06, 0x00, 0x00, 0x00, 0x2c, 0x20, 0x00, 0x00, 0x00, 0x20, 0x00
    .byte 0x00, 0x20, 0x00, 0x00, 0x20, 0x00, 0x00, 0x15, 0xd8, 0x2c, 0x07, 0x00, 0x00, 0x00, 0x2c, 0x18
    .byte 0x00, 0x00, 0x00, 0x20, 0x00, 0x00, 0x20, 0x00, 0x00, 0x20, 0x00, 0x00, 0x15, 0xd8, 0x2c, 0x01
    .byte 0x00, 0x00, 0x00, 0x15, 0xd7, 0x20, 0x00, 0x00, 0x15, 0x18, 0x2c, 0x80, 0x01, 0x00, 0x00, 0x2c
    .byte 0x08, 0x02, 0x00, 0x00, 0x2c, 0xb0, 0xff, 0xff, 0xff, 0x15, 0x02, 0x20, 0x00, 0x00, 0x15, 0x05
    .byte 0x2c, 0x01, 0x00, 0x00, 0x00, 0x15, 0x06, 0x2c, 0x01, 0x00, 0x00, 0x00, 0x2c, 0x0b, 0x83, 0x22
    .byte 0x02, 0x15, 0x29, 0x2c, 0x01, 0x00, 0x00, 0x00, 0x15, 0x09, 0x00, 0x2c, 0x1b, 0x00, 0x00, 0x00
    .byte 0x15, 0x31, 0x18, 0x70, 0x26, 0x00, 0x58, 0x20, 0x00, 0x00, 0x2c, 0x18, 0xf5, 0x21, 0x02, 0x15
    .byte 0x39, 0x20, 0x00, 0x00, 0x15, 0x42, 0x18, 0x70, 0x32, 0x00, 0x00, 0x00, 0x00, 0x00, 0x14, 0x38
    .byte 0x83, 0x22, 0x02, 0x01, 0x21, 0x83, 0x22, 0x02, 0x2c, 0x34, 0x00, 0x00, 0x00, 0x15, 0x37, 0x18
    .byte 0x70, 0x32, 0x00, 0x00, 0x00, 0x00, 0x00, 0x14, 0x82, 0x83, 0x22, 0x02, 0x2c, 0x34, 0x00, 0x00
    .byte 0x00, 0x15, 0x35, 0x2c, 0x01, 0x00, 0x00, 0x00, 0x15, 0x45, 0x15, 0x8b, 0x18, 0x70, 0x32, 0x00
    .byte 0x00, 0x00, 0x00, 0x00, 0x13, 0x6e, 0x83, 0x22, 0x02, 0x01, 0x5a, 0x83, 0x22, 0x02, 0x2c, 0x3f
    .byte 0x01, 0x00, 0x00, 0x2c, 0x01, 0x00, 0x00, 0x00, 0x20, 0x00, 0x00, 0x20, 0x00, 0x00, 0x15, 0x59
    .byte 0x15, 0x5a, 0x2c, 0x17, 0x00, 0x00, 0x00, 0x2c, 0xd8, 0x07, 0x00, 0x00, 0x15, 0x78, 0x2c, 0x01
    .byte 0x00, 0x00, 0x00, 0x15, 0x07, 0x15, 0x08, 0x2c, 0x8a, 0x03, 0x00, 0x00, 0x15, 0x37, 0x18, 0x70
    .byte 0x14, 0x39, 0x86, 0x22, 0x02, 0x29, 0x00, 0xdc, 0x32, 0x00, 0x03, 0x00, 0x00, 0x00, 0x14, 0xca
    .byte 0x83, 0x22, 0x02, 0x03, 0x00, 0x00, 0x00, 0x00, 0x00, 0x26, 0x00, 0x1c, 0x03, 0x00, 0x00, 0x00
    .byte 0x00, 0x00, 0x26, 0x00, 0x2a, 0x25, 0x0f, 0x84, 0x22, 0x02, 0x29, 0x00, 0xdc, 0x32, 0x00, 0x04
    .byte 0x00, 0x00, 0x00, 0x14, 0xef, 0x83, 0x22, 0x02, 0x03, 0x00, 0x05, 0x00, 0x00, 0x00, 0x26, 0x00
    .byte 0x1c, 0x03, 0x00, 0x05, 0x00, 0x00, 0x00, 0x26, 0x00, 0x2a, 0x25, 0x0f, 0x84, 0x22, 0x02, 0x29
    .byte 0x00, 0xdc, 0x32, 0x00, 0x05, 0x00, 0x00, 0x00, 0x14, 0x0f, 0x84, 0x22, 0x02, 0x03, 0x00, 0x0a
    .byte 0x00, 0x00, 0x00, 0x26, 0x00, 0x1c, 0x03, 0x00, 0x0a, 0x00, 0x00, 0x00, 0x26, 0x00, 0x2a, 0x2c
    .byte 0x36, 0x00, 0x00, 0x00, 0x15, 0x35, 0x2c, 0x1e, 0x00, 0x00, 0x00, 0x15, 0x07, 0x15, 0x08, 0x2c
    .byte 0x01, 0x00, 0x00, 0x00, 0x15, 0x45, 0x15, 0x8b, 0x18, 0x70, 0x32, 0x00, 0x00, 0x00, 0x00, 0x00
    .byte 0x13, 0x3a, 0x84, 0x22, 0x02, 0x01, 0x26, 0x84, 0x22, 0x02, 0x2c, 0x40, 0x01, 0x00, 0x00, 0x2c
    .byte 0x01, 0x00, 0x00, 0x00, 0x20, 0x00, 0x00, 0x20, 0x00, 0x00, 0x15, 0x59, 0x15, 0x5a, 0x2c, 0x20
    .byte 0x03, 0x00, 0x00, 0x15, 0x35, 0x03, 0x00, 0x0a, 0x00, 0x00, 0x00, 0x26, 0x00, 0x66, 0x03, 0x00
    .byte 0x4d, 0x00, 0x00, 0x00, 0x26, 0x00, 0xd9, 0x03, 0x00, 0x0a, 0x00, 0x00, 0x00, 0x32, 0x00, 0x01
    .byte 0x00, 0x00, 0x00, 0x13, 0x89, 0x84, 0x22, 0x02, 0x03, 0x00, 0x0a, 0x00, 0x00, 0x00, 0x32, 0x00
    .byte 0x08, 0x00, 0x00, 0x00, 0x14, 0x97, 0x84, 0x22, 0x02, 0x03, 0x00, 0x01, 0x00, 0x00, 0x00, 0x36
    .byte 0x00, 0x00, 0x25, 0xa0, 0x84, 0x22, 0x02, 0x03, 0x00, 0x01, 0x00, 0x00, 0x00, 0x26, 0x00, 0x63
    .byte 0x03, 0x00, 0x0a, 0x00, 0x00, 0x00, 0x32, 0x00, 0x01, 0x00, 0x00, 0x00, 0x14, 0xd1, 0x84, 0x22
    .byte 0x02, 0x20, 0x00, 0x00, 0x2c, 0x0f, 0x00, 0x00, 0x00, 0x15, 0xe0, 0x2c, 0x15, 0x00, 0x00, 0x00
    .byte 0x2c, 0x9d, 0x00, 0x00, 0x00, 0x2c, 0x7f, 0x00, 0x00, 0x00, 0x15, 0x0a, 0x25, 0xf1, 0x85, 0x22
    .byte 0x02, 0x03, 0x00, 0x0a, 0x00, 0x00, 0x00, 0x32, 0x00, 0x08, 0x00, 0x00, 0x00, 0x14, 0x02, 0x85
    .byte 0x22, 0x02, 0x20, 0x00, 0x00, 0x2c, 0x0f, 0x00, 0x00, 0x00, 0x15, 0xe0, 0x2c, 0x15, 0x00, 0x00
    .byte 0x00, 0x2c, 0x9c, 0x00, 0x00, 0x00, 0x2c, 0x7f, 0x00, 0x00, 0x00, 0x15, 0x0a, 0x25, 0xf1, 0x85
    .byte 0x22, 0x02, 0x03, 0x00, 0x0a, 0x00, 0x00, 0x00, 0x32, 0x00, 0x03, 0x00, 0x00, 0x00, 0x14, 0x5a
    .byte 0x85, 0x22, 0x02, 0x03, 0x00, 0x4d, 0x00, 0x00, 0x00, 0x32, 0x00, 0x3e, 0x00, 0x00, 0x00, 0x14
    .byte 0x44, 0x85, 0x22, 0x02, 0x20, 0x00, 0x00, 0x2c, 0x75, 0x00, 0x00, 0x00, 0x15, 0xe0, 0x2c, 0x15
    .byte 0x00, 0x00, 0x00, 0x2c, 0x9d, 0x00, 0x00, 0x00, 0x2c, 0x7f, 0x00, 0x00, 0x00, 0x15, 0x0a, 0x25
    .byte 0x55, 0x85, 0x22, 0x02, 0x2c, 0x15, 0x00, 0x00, 0x00, 0x2c, 0x9d, 0x00, 0x00, 0x00, 0x2c, 0x7f
    .byte 0x00, 0x00, 0x00, 0x15, 0x0a, 0x25, 0xf1, 0x85, 0x22, 0x02, 0x03, 0x00, 0x0a, 0x00, 0x00, 0x00
    .byte 0x32, 0x00, 0x09, 0x00, 0x00, 0x00, 0x14, 0x81, 0x85, 0x22, 0x02, 0x2c, 0x15, 0x00, 0x00, 0x00
    .byte 0x2c, 0x9c, 0x00, 0x00, 0x00, 0x2c, 0x7f, 0x00, 0x00, 0x00, 0x15, 0x0a, 0x25, 0xf1, 0x85, 0x22
    .byte 0x02, 0x03, 0x00, 0x0a, 0x00, 0x00, 0x00, 0x32, 0x00, 0x04, 0x00, 0x00, 0x00, 0x14, 0xa8, 0x85
    .byte 0x22, 0x02, 0x2c, 0x15, 0x00, 0x00, 0x00, 0x2c, 0x9c, 0x00, 0x00, 0x00, 0x2c, 0x7f, 0x00, 0x00
    .byte 0x00, 0x15, 0x0a, 0x25, 0xf1, 0x85, 0x22, 0x02, 0x03, 0x00, 0x0a, 0x00, 0x00, 0x00, 0x32, 0x00
    .byte 0x0a, 0x00, 0x00, 0x00, 0x14, 0xcf, 0x85, 0x22, 0x02, 0x2c, 0x15, 0x00, 0x00, 0x00, 0x2c, 0x9d
    .byte 0x00, 0x00, 0x00, 0x2c, 0x7f, 0x00, 0x00, 0x00, 0x15, 0x0a, 0x25, 0xf1, 0x85, 0x22, 0x02, 0x03
    .byte 0x00, 0x0a, 0x00, 0x00, 0x00, 0x32, 0x00, 0x0b, 0x00, 0x00, 0x00, 0x14, 0xf1, 0x85, 0x22, 0x02
    .byte 0x2c, 0x15, 0x00, 0x00, 0x00, 0x2c, 0x9c, 0x00, 0x00, 0x00, 0x2c, 0x7f, 0x00, 0x00, 0x00, 0x15
    .byte 0x0a, 0x20, 0x00, 0x00, 0x2c, 0xd3, 0xf6, 0x21, 0x02, 0x15, 0x39, 0x20, 0x00, 0x00, 0x15, 0x42
    .byte 0x18, 0x70, 0x32, 0x00, 0x00, 0x00, 0x00, 0x00, 0x14, 0x12, 0x86, 0x22, 0x02, 0x01, 0xfb, 0x85
    .byte 0x22, 0x02, 0x20, 0x00, 0x00, 0x2c, 0x4d, 0x00, 0x00, 0x00, 0x15, 0x10, 0x18, 0x70, 0x17, 0x00
    .byte 0x15, 0x11, 0x18, 0x70, 0x17, 0x00, 0x2d, 0x1c, 0x15, 0xdc, 0x2c, 0x10, 0x00, 0x00, 0x00, 0x15
    .byte 0x36, 0x20, 0x00, 0x00, 0x15, 0x09, 0x15, 0x0d, 0x00, 0x20, 0x00, 0x00, 0x15, 0x05, 0x2c, 0x01
    .byte 0x00, 0x00, 0x00, 0x15, 0x06, 0x00, 0x00, 0x00, 0x00, 0x00, 0x00, 0x00, 0x00, 0x00, 0x00, 0x00
    .byte 0x00, 0x00, 0x00, 0x00, 0x00, 0x00, 0x00, 0x00, 0x00, 0x00, 0x00, 0x00, 0x00, 0x00, 0x00, 0x00
