.text
; Matching fallback for the portable implementation in src/overlays/ov170/overlay170_recovery.c.
.extern data_ov170_0221d720
.extern data_ov170_0221d734
.extern data_ov170_0221eae5
.extern data_ov170_022213a0
.extern data_ov170_022213a4
.extern GamePhaseRuntime_SetGlobalValue30F8
.extern ActorInteractionRuntime_Init
.extern ActorInteractionRuntime_NoOp
.extern ActorDescriptorBatch_RegisterAndSpawnCategory1
.extern ActorDescriptorBatch_SetCategory1Callback

.global func_ov170_0221d6c0
func_ov170_0221d6c0:
    stmdb sp!, {r3, lr}
    cmp r0, #0x0
    ldmneia sp!, {r3, pc}
    bl ActorInteractionRuntime_Init
    ldr r0, .L_0221d6fc
    ldr r2, .L_0221d700
    mov r1, #0x3
    bl ActorDescriptorBatch_RegisterAndSpawnCategory1
    ldr r0, .L_0221d704
    bl ActorInteractionRuntime_NoOp
    ldr r0, .L_0221d708
    bl GamePhaseRuntime_SetGlobalValue30F8
    ldr r0, .L_0221d70c
    bl ActorDescriptorBatch_SetCategory1Callback
    ldmia sp!, {r3, pc}
.L_0221d6fc: .word data_ov170_022213a4
.L_0221d700: .word data_ov170_0221d734
.L_0221d704: .word data_ov170_022213a0
.L_0221d708: .word data_ov170_0221d720
.L_0221d70c: .word data_ov170_0221eae5
.size func_ov170_0221d6c0, . - func_ov170_0221d6c0

; Matching fallback for initialized records and BSS documented in
; src/overlays/ov170/overlay170_recovery.c.
; Absolute labels preserve fixed-address record and BSS references without alignment padding.
.global data_ov170_0221d720
.set data_ov170_0221d720, 0x0221d720
.global data_ov170_0221d734
.set data_ov170_0221d734, 0x0221d734
.global data_ov170_0221e586
.set data_ov170_0221e586, 0x0221e586
.global data_ov170_0221e5c9
.set data_ov170_0221e5c9, 0x0221e5c9
.global data_ov170_0221e5e0
.set data_ov170_0221e5e0, 0x0221e5e0
.global data_ov170_0221e606
.set data_ov170_0221e606, 0x0221e606
.global data_ov170_0221e640
.set data_ov170_0221e640, 0x0221e640
.global data_ov170_0221e734
.set data_ov170_0221e734, 0x0221e734
.global data_ov170_0221e748
.set data_ov170_0221e748, 0x0221e748
.global data_ov170_0221e76e
.set data_ov170_0221e76e, 0x0221e76e
.global data_ov170_0221e7f1
.set data_ov170_0221e7f1, 0x0221e7f1
.global data_ov170_0221e7f2
.set data_ov170_0221e7f2, 0x0221e7f2
.global data_ov170_0221e82f
.set data_ov170_0221e82f, 0x0221e82f
.global data_ov170_0221e952
.set data_ov170_0221e952, 0x0221e952
.global data_ov170_0221eae4
.set data_ov170_0221eae4, 0x0221eae4
.global data_ov170_0221eae5
.set data_ov170_0221eae5, 0x0221eae5
.global data_ov170_0221eb1a
.set data_ov170_0221eb1a, 0x0221eb1a
.global data_ov170_0221ec5c
.set data_ov170_0221ec5c, 0x0221ec5c
.global data_ov170_0221eca5
.set data_ov170_0221eca5, 0x0221eca5
.global data_ov170_0221ed44
.set data_ov170_0221ed44, 0x0221ed44
.global data_ov170_0221ed69
.set data_ov170_0221ed69, 0x0221ed69
.global data_ov170_0221ed76
.set data_ov170_0221ed76, 0x0221ed76
.global data_ov170_0221ef29
.set data_ov170_0221ef29, 0x0221ef29
.global data_ov170_0221f024
.set data_ov170_0221f024, 0x0221f024
.global data_ov170_0221f0c5
.set data_ov170_0221f0c5, 0x0221f0c5
.global data_ov170_0221f1b7
.set data_ov170_0221f1b7, 0x0221f1b7
.global data_ov170_0221f257
.set data_ov170_0221f257, 0x0221f257
.global data_ov170_0221f26d
.set data_ov170_0221f26d, 0x0221f26d
.global data_ov170_0221f2a1
.set data_ov170_0221f2a1, 0x0221f2a1
.global data_ov170_0221f31c
.set data_ov170_0221f31c, 0x0221f31c
.global data_ov170_0221f375
.set data_ov170_0221f375, 0x0221f375
.global data_ov170_0221f3a5
.set data_ov170_0221f3a5, 0x0221f3a5
.global data_ov170_0221f506
.set data_ov170_0221f506, 0x0221f506
.global data_ov170_0221f584
.set data_ov170_0221f584, 0x0221f584
.global data_ov170_0221f59c
.set data_ov170_0221f59c, 0x0221f59c
.global data_ov170_0221f5b2
.set data_ov170_0221f5b2, 0x0221f5b2
.global data_ov170_0221f613
.set data_ov170_0221f613, 0x0221f613
.global data_ov170_0221f61d
.set data_ov170_0221f61d, 0x0221f61d
.global data_ov170_0221f6df
.set data_ov170_0221f6df, 0x0221f6df
.global data_ov170_0221f739
.set data_ov170_0221f739, 0x0221f739
.global data_ov170_0221f775
.set data_ov170_0221f775, 0x0221f775
.global data_ov170_0221f7c8
.set data_ov170_0221f7c8, 0x0221f7c8
.global data_ov170_0221f7f5
.set data_ov170_0221f7f5, 0x0221f7f5
.global data_ov170_0221f7fc
.set data_ov170_0221f7fc, 0x0221f7fc
.global data_ov170_0221f831
.set data_ov170_0221f831, 0x0221f831
.global data_ov170_0221f918
.set data_ov170_0221f918, 0x0221f918
.global data_ov170_0221f96d
.set data_ov170_0221f96d, 0x0221f96d
.global data_ov170_0221f96e
.set data_ov170_0221f96e, 0x0221f96e
.global data_ov170_0221f99d
.set data_ov170_0221f99d, 0x0221f99d
.global data_ov170_0221f9b7
.set data_ov170_0221f9b7, 0x0221f9b7
.global data_ov170_0221fa15
.set data_ov170_0221fa15, 0x0221fa15
.global data_ov170_0221fa91
.set data_ov170_0221fa91, 0x0221fa91
.global data_ov170_0221fab7
.set data_ov170_0221fab7, 0x0221fab7
.global data_ov170_0221faf0
.set data_ov170_0221faf0, 0x0221faf0
.global data_ov170_0221fb25
.set data_ov170_0221fb25, 0x0221fb25
.global data_ov170_0221fc46
.set data_ov170_0221fc46, 0x0221fc46
.global data_ov170_0221fc7e
.set data_ov170_0221fc7e, 0x0221fc7e
.global data_ov170_0221fc91
.set data_ov170_0221fc91, 0x0221fc91
.global data_ov170_0221fcbd
.set data_ov170_0221fcbd, 0x0221fcbd
.global data_ov170_0221fda1
.set data_ov170_0221fda1, 0x0221fda1
.global data_ov170_0221fdaf
.set data_ov170_0221fdaf, 0x0221fdaf
.global data_ov170_0221ff41
.set data_ov170_0221ff41, 0x0221ff41
.global data_ov170_0221ffaa
.set data_ov170_0221ffaa, 0x0221ffaa
.global data_ov170_0221ffaf
.set data_ov170_0221ffaf, 0x0221ffaf
.global data_ov170_02220011
.set data_ov170_02220011, 0x02220011
.global data_ov170_022200d5
.set data_ov170_022200d5, 0x022200d5
.global data_ov170_02220387
.set data_ov170_02220387, 0x02220387
.global data_ov170_0222048c
.set data_ov170_0222048c, 0x0222048c
.global data_ov170_02220513
.set data_ov170_02220513, 0x02220513
.global data_ov170_02220549
.set data_ov170_02220549, 0x02220549
.global data_ov170_02220630
.set data_ov170_02220630, 0x02220630
.global data_ov170_0222066b
.set data_ov170_0222066b, 0x0222066b
.global data_ov170_02220679
.set data_ov170_02220679, 0x02220679
.global data_ov170_022206ae
.set data_ov170_022206ae, 0x022206ae
.global data_ov170_02220780
.set data_ov170_02220780, 0x02220780
.global data_ov170_02220821
.set data_ov170_02220821, 0x02220821
.global data_ov170_022208b5
.set data_ov170_022208b5, 0x022208b5
.global data_ov170_02220952
.set data_ov170_02220952, 0x02220952
.global data_ov170_022209b7
.set data_ov170_022209b7, 0x022209b7
.global data_ov170_02220a04
.set data_ov170_02220a04, 0x02220a04
.global data_ov170_02220a40
.set data_ov170_02220a40, 0x02220a40
.global data_ov170_02220a58
.set data_ov170_02220a58, 0x02220a58
.global data_ov170_02220a9e
.set data_ov170_02220a9e, 0x02220a9e
.global data_ov170_02220ac0
.set data_ov170_02220ac0, 0x02220ac0
.global data_ov170_02220ac5
.set data_ov170_02220ac5, 0x02220ac5
.global data_ov170_02220ad9
.set data_ov170_02220ad9, 0x02220ad9
.global data_ov170_02220b9a
.set data_ov170_02220b9a, 0x02220b9a
.global data_ov170_02220bee
.set data_ov170_02220bee, 0x02220bee
.global data_ov170_02220c08
.set data_ov170_02220c08, 0x02220c08
.global data_ov170_02220c88
.set data_ov170_02220c88, 0x02220c88
.global data_ov170_02220cd5
.set data_ov170_02220cd5, 0x02220cd5
.global data_ov170_02220d1e
.set data_ov170_02220d1e, 0x02220d1e
.global data_ov170_02220d86
.set data_ov170_02220d86, 0x02220d86
.global data_ov170_02220e10
.set data_ov170_02220e10, 0x02220e10
.global data_ov170_02220e25
.set data_ov170_02220e25, 0x02220e25
.global data_ov170_02220f0c
.set data_ov170_02220f0c, 0x02220f0c
.global data_ov170_02220f47
.set data_ov170_02220f47, 0x02220f47
.global data_ov170_02220f55
.set data_ov170_02220f55, 0x02220f55
.global data_ov170_02220f8a
.set data_ov170_02220f8a, 0x02220f8a
.global data_ov170_0222105c
.set data_ov170_0222105c, 0x0222105c
.global data_ov170_022210d7
.set data_ov170_022210d7, 0x022210d7
.global data_ov170_02221137
.set data_ov170_02221137, 0x02221137
.global data_ov170_02221170
.set data_ov170_02221170, 0x02221170
.global data_ov170_022211eb
.set data_ov170_022211eb, 0x022211eb
.global data_ov170_02221242
.set data_ov170_02221242, 0x02221242
.global data_ov170_0222124b
.set data_ov170_0222124b, 0x0222124b
.global data_ov170_02221284
.set data_ov170_02221284, 0x02221284
.global data_ov170_022212ff
.set data_ov170_022212ff, 0x022212ff
.global data_ov170_0222135f
.set data_ov170_0222135f, 0x0222135f
.global data_ov170_022213a0
.set data_ov170_022213a0, 0x022213a0
.global data_ov170_022213a4
.set data_ov170_022213a4, 0x022213a4
    .section .data, 4, 1, 4
    .byte 0xff, 0xff, 0xff, 0xff, 0x00, 0x00, 0x00, 0x00, 0x00, 0x00, 0x00, 0x00, 0xff, 0xff, 0x00, 0x00
    .byte 0x00, 0x00, 0x00, 0x00, 0x03, 0x00, 0x00, 0x00, 0x33, 0x15, 0x00, 0x00, 0x53, 0x14, 0x00, 0x00
    .byte 0x34, 0x15, 0x00, 0x00, 0x02, 0x00, 0x20, 0x20, 0x00, 0xf8, 0x00, 0x00, 0x00, 0x00, 0xf0, 0xff
    .byte 0xd0, 0xff, 0x10, 0x00, 0x00, 0x00, 0x30, 0x01, 0xf0, 0x01, 0x00, 0x00, 0x00, 0x00, 0x00, 0x00
    .byte 0xdf, 0xf6, 0x21, 0x02, 0x00, 0x00, 0x00, 0x00, 0x00, 0x00, 0x00, 0x00, 0x00, 0x00, 0x00, 0x00
    .byte 0xff, 0xff, 0x08, 0x00, 0x00, 0x00, 0x00, 0x00, 0x00, 0x00, 0x00, 0x00, 0xff, 0xff, 0xff, 0xff
    .byte 0xff, 0xff, 0xff, 0xff, 0x00, 0x00, 0x03, 0x00, 0xff, 0xff, 0xff, 0xff, 0x00, 0x00, 0x04, 0x00
    .byte 0xf0, 0xd0, 0x10, 0x00, 0x00, 0x00, 0x00, 0x00, 0x03, 0x00, 0x10, 0x00, 0xd4, 0x11, 0x00, 0x00
    .byte 0x01, 0x10, 0x00, 0x00, 0xd5, 0x11, 0x00, 0x00, 0x02, 0x00, 0x00, 0x00, 0x00, 0x00, 0x00, 0x00
    .byte 0x00, 0x00, 0xf0, 0xff, 0xcf, 0xff, 0x10, 0x00, 0x07, 0x00, 0x00, 0xfe, 0x00, 0xfe, 0x00, 0x00
    .byte 0x08, 0x00, 0x00, 0x00, 0x76, 0xed, 0x21, 0x02, 0x00, 0x00, 0x00, 0x00, 0x00, 0x00, 0x00, 0x00
    .byte 0x00, 0x00, 0x00, 0x00, 0xff, 0xff, 0x00, 0x00, 0x00, 0x00, 0x00, 0x00, 0x00, 0x00, 0x00, 0x00
    .byte 0xff, 0xff, 0xff, 0xff, 0xff, 0xff, 0xff, 0xff, 0x00, 0x00, 0x04, 0x00, 0xff, 0xff, 0xff, 0xff
    .byte 0x00, 0x00, 0x1f, 0x00, 0xf4, 0xd8, 0x0c, 0x00, 0x00, 0x00, 0x00, 0x00, 0x03, 0x00, 0x10, 0x00
    .byte 0x23, 0x21, 0x00, 0x00, 0x24, 0x21, 0x00, 0x00, 0x25, 0x21, 0x00, 0x00, 0x02, 0x00, 0x40, 0x30
    .byte 0x00, 0x00, 0x00, 0x00, 0x00, 0x00, 0xe0, 0xff, 0xd8, 0xff, 0x20, 0x00, 0x18, 0x00, 0xf0, 0x01
    .byte 0x60, 0x01, 0x00, 0x00, 0x00, 0x00, 0x00, 0x00, 0x6e, 0xf9, 0x21, 0x02, 0x00, 0x00, 0x00, 0x00
    .byte 0x00, 0x00, 0x00, 0x00, 0x00, 0x00, 0x00, 0x00, 0xff, 0xff, 0x00, 0x00, 0x00, 0x00, 0x00, 0x00
    .byte 0x00, 0x00, 0x00, 0x00, 0xff, 0xff, 0xff, 0xff, 0xff, 0xff, 0xff, 0xff, 0x00, 0x00, 0x05, 0x00
    .byte 0xff, 0xff, 0xff, 0xff, 0x00, 0x00, 0x00, 0x00, 0xf4, 0xd8, 0x0c, 0x00, 0x00, 0x00, 0x00, 0x00
    .byte 0x03, 0x00, 0x00, 0x00, 0x4d, 0x16, 0x00, 0x00, 0x01, 0x10, 0x00, 0x00, 0x4e, 0x16, 0x00, 0x00
    .byte 0x02, 0x00, 0x0c, 0x08, 0x00, 0x00, 0x00, 0x00, 0x00, 0x00, 0xf0, 0xff, 0xcf, 0xff, 0x10, 0x00
    .byte 0x07, 0x00, 0x00, 0xfe, 0x00, 0xfe, 0x00, 0x00, 0x00, 0x00, 0x00, 0x00, 0x31, 0xf8, 0x21, 0x02
    .byte 0x00, 0x00, 0x00, 0x00, 0x00, 0x00, 0x00, 0x00, 0x00, 0x00, 0x00, 0x00, 0xff, 0xff, 0x00, 0x00
    .byte 0x00, 0x00, 0x00, 0x00, 0x00, 0x00, 0x00, 0x00, 0xff, 0xff, 0xff, 0xff, 0xff, 0xff, 0xff, 0xff
    .byte 0x00, 0x00, 0x06, 0x00, 0xff, 0xff, 0xff, 0xff, 0x00, 0x00, 0x1f, 0x00, 0xf4, 0xd8, 0x0c, 0x00
    .byte 0x00, 0x00, 0x00, 0x00, 0x03, 0x00, 0x10, 0x00, 0xb3, 0x20, 0x00, 0x00, 0xb4, 0x20, 0x00, 0x00
    .byte 0xb5, 0x20, 0x00, 0x00, 0x02, 0x02, 0x00, 0x00, 0x00, 0xfc, 0x00, 0x00, 0x00, 0x00, 0xf0, 0xff
    .byte 0xe8, 0xff, 0x10, 0x00, 0x10, 0x00, 0x10, 0x03, 0x30, 0x01, 0x00, 0x00, 0x00, 0x00, 0x00, 0x00
    .byte 0x49, 0x05, 0x22, 0x02, 0x00, 0x00, 0x00, 0x00, 0x00, 0x00, 0x00, 0x00, 0x00, 0x00, 0x00, 0x00
    .byte 0xff, 0xff, 0x00, 0x00, 0x00, 0x00, 0x00, 0x00, 0x00, 0x00, 0x00, 0x00, 0xff, 0xff, 0xff, 0xff
    .byte 0xff, 0xff, 0xff, 0xff, 0x00, 0x00, 0x07, 0x00, 0xff, 0xff, 0xff, 0xff, 0x00, 0x00, 0x1f, 0x00
    .byte 0xf4, 0xd8, 0x0c, 0x00, 0x00, 0x00, 0x00, 0x00, 0x03, 0x00, 0x10, 0x00, 0xb3, 0x20, 0x00, 0x00
    .byte 0xb4, 0x20, 0x00, 0x00, 0xb5, 0x20, 0x00, 0x00, 0x02, 0x02, 0x00, 0x00, 0x00, 0xfc, 0x00, 0x00
    .byte 0x00, 0x00, 0xf0, 0xff, 0xe8, 0xff, 0x10, 0x00, 0x10, 0x00, 0x50, 0x03, 0xf0, 0x01, 0x00, 0x00
    .byte 0x00, 0x00, 0x00, 0x00, 0x80, 0x07, 0x22, 0x02, 0x00, 0x00, 0x00, 0x00, 0x00, 0x00, 0x00, 0x00
    .byte 0x00, 0x00, 0x00, 0x00, 0xff, 0xff, 0x00, 0x00, 0x00, 0x00, 0x00, 0x00, 0x00, 0x00, 0x00, 0x00
    .byte 0xff, 0xff, 0xff, 0xff, 0xff, 0xff, 0xff, 0xff, 0x00, 0x00, 0x08, 0x00, 0xff, 0xff, 0xff, 0xff
    .byte 0x00, 0x00, 0x1f, 0x00, 0xf4, 0xd8, 0x0c, 0x00, 0x00, 0x00, 0x00, 0x00, 0x03, 0x00, 0x10, 0x00
    .byte 0xb3, 0x20, 0x00, 0x00, 0xb4, 0x20, 0x00, 0x00, 0xb5, 0x20, 0x00, 0x00, 0x02, 0x02, 0x00, 0x00
    .byte 0x00, 0xfc, 0x00, 0x00, 0x00, 0x00, 0xf0, 0xff, 0xe8, 0xff, 0x10, 0x00, 0x10, 0x00, 0x70, 0x03
    .byte 0xf0, 0x01, 0x00, 0x00, 0x00, 0x00, 0x00, 0x00, 0xb7, 0x09, 0x22, 0x02, 0x00, 0x00, 0x00, 0x00
    .byte 0x00, 0x00, 0x00, 0x00, 0x00, 0x00, 0x00, 0x00, 0xff, 0xff, 0x00, 0x00, 0x00, 0x00, 0x00, 0x00
    .byte 0x00, 0x00, 0x00, 0x00, 0xff, 0xff, 0xff, 0xff, 0xff, 0xff, 0xff, 0xff, 0x00, 0x00, 0x09, 0x00
    .byte 0xff, 0xff, 0xff, 0xff, 0x00, 0x00, 0x1f, 0x00, 0xf4, 0xd8, 0x0c, 0x00, 0x00, 0x00, 0x00, 0x00
    .byte 0x03, 0x00, 0x10, 0x00, 0xb3, 0x20, 0x00, 0x00, 0xb4, 0x20, 0x00, 0x00, 0xb5, 0x20, 0x00, 0x00
    .byte 0x02, 0x02, 0x00, 0x00, 0x00, 0xfc, 0x00, 0x00, 0x00, 0x00, 0xf0, 0xff, 0xe8, 0xff, 0x10, 0x00
    .byte 0x10, 0x00, 0x60, 0x03, 0x60, 0x02, 0x00, 0x00, 0x00, 0x00, 0x00, 0x00, 0xee, 0x0b, 0x22, 0x02
    .byte 0x00, 0x00, 0x00, 0x00, 0x00, 0x00, 0x00, 0x00, 0x00, 0x00, 0x00, 0x00, 0xff, 0xff, 0x00, 0x00
    .byte 0x00, 0x00, 0x00, 0x00, 0x00, 0x00, 0x00, 0x00, 0xff, 0xff, 0xff, 0xff, 0xff, 0xff, 0xff, 0xff
    .byte 0x00, 0x00, 0x0a, 0x00, 0xff, 0xff, 0xff, 0xff, 0x00, 0x00, 0x1f, 0x00, 0xf4, 0xd8, 0x0c, 0x00
    .byte 0x00, 0x00, 0x00, 0x00, 0x03, 0x00, 0x10, 0x00, 0xb3, 0x20, 0x00, 0x00, 0xb4, 0x20, 0x00, 0x00
    .byte 0xb5, 0x20, 0x00, 0x00, 0x02, 0x02, 0x00, 0x00, 0x00, 0xfc, 0x00, 0x00, 0x00, 0x00, 0xf0, 0xff
    .byte 0xe8, 0xff, 0x10, 0x00, 0x10, 0x00, 0x80, 0x03, 0x60, 0x02, 0x00, 0x00, 0x00, 0x00, 0x00, 0x00
    .byte 0x25, 0x0e, 0x22, 0x02, 0x00, 0x00, 0x00, 0x00, 0x00, 0x00, 0x00, 0x00, 0x00, 0x00, 0x00, 0x00
    .byte 0xff, 0xff, 0x00, 0x00, 0x00, 0x00, 0x00, 0x00, 0x00, 0x00, 0x00, 0x00, 0xff, 0xff, 0xff, 0xff
    .byte 0xff, 0xff, 0xff, 0xff, 0x00, 0x00, 0x0b, 0x00, 0xff, 0xff, 0xff, 0xff, 0x00, 0x00, 0x1f, 0x00
    .byte 0xf4, 0xd8, 0x0c, 0x00, 0x00, 0x00, 0x00, 0x00, 0x03, 0x00, 0x00, 0x00, 0xa3, 0x16, 0x00, 0x00
    .byte 0xa4, 0x16, 0x00, 0x00, 0xa5, 0x16, 0x00, 0x00, 0x02, 0x00, 0x0c, 0x08, 0x00, 0x00, 0x00, 0x00
    .byte 0x00, 0x00, 0xf0, 0xff, 0xcf, 0xff, 0x10, 0x00, 0x07, 0x00, 0x00, 0xfe, 0x00, 0xfe, 0x00, 0x00
    .byte 0x00, 0x00, 0x00, 0x00, 0x5c, 0x10, 0x22, 0x02, 0x00, 0x00, 0x00, 0x00, 0x00, 0x00, 0x00, 0x00
    .byte 0x00, 0x00, 0x00, 0x00, 0xff, 0xff, 0x00, 0x00, 0x00, 0x00, 0x00, 0x00, 0x00, 0x00, 0x00, 0x00
    .byte 0xff, 0xff, 0xff, 0xff, 0xff, 0xff, 0xff, 0xff, 0x00, 0x00, 0x0c, 0x00, 0xff, 0xff, 0xff, 0xff
    .byte 0x00, 0x00, 0x00, 0x00, 0xf4, 0xd8, 0x0c, 0x00, 0x00, 0x00, 0x00, 0x00, 0x03, 0x00, 0x00, 0x00
    .byte 0xa3, 0x16, 0x00, 0x00, 0xa4, 0x16, 0x00, 0x00, 0xa5, 0x16, 0x00, 0x00, 0x02, 0x00, 0x0c, 0x08
    .byte 0x00, 0x00, 0x00, 0x00, 0x00, 0x00, 0xf0, 0xff, 0xcf, 0xff, 0x10, 0x00, 0x07, 0x00, 0x00, 0xfe
    .byte 0x00, 0xfe, 0x00, 0x00, 0x00, 0x00, 0x00, 0x00, 0x70, 0x11, 0x22, 0x02, 0x00, 0x00, 0x00, 0x00
    .byte 0x00, 0x00, 0x00, 0x00, 0x00, 0x00, 0x00, 0x00, 0xff, 0xff, 0x00, 0x00, 0x00, 0x00, 0x00, 0x00
    .byte 0x00, 0x00, 0x00, 0x00, 0xff, 0xff, 0xff, 0xff, 0xff, 0xff, 0xff, 0xff, 0x00, 0x00, 0x0d, 0x00
    .byte 0xff, 0xff, 0xff, 0xff, 0x00, 0x00, 0x00, 0x00, 0xf4, 0xd8, 0x0c, 0x00, 0x00, 0x00, 0x00, 0x00
    .byte 0x03, 0x00, 0x00, 0x00, 0xa3, 0x16, 0x00, 0x00, 0xa4, 0x16, 0x00, 0x00, 0xa5, 0x16, 0x00, 0x00
    .byte 0x02, 0x00, 0x0c, 0x08, 0x00, 0x00, 0x00, 0x00, 0x00, 0x00, 0xf0, 0xff, 0xcf, 0xff, 0x10, 0x00
    .byte 0x07, 0x00, 0x00, 0xfe, 0x00, 0xfe, 0x00, 0x00, 0x00, 0x00, 0x00, 0x00, 0x84, 0x12, 0x22, 0x02
    .byte 0x00, 0x00, 0x00, 0x00, 0x00, 0x00, 0x00, 0x00, 0x00, 0x00, 0x00, 0x00, 0xff, 0xff, 0x00, 0x00
    .byte 0x00, 0x00, 0x00, 0x00, 0x00, 0x00, 0x00, 0x00, 0xff, 0xff, 0xff, 0xff, 0xff, 0xff, 0xff, 0xff
    .byte 0x00, 0x00, 0x0e, 0x00, 0xff, 0xff, 0xff, 0xff, 0x00, 0x00, 0x00, 0x00, 0xf4, 0xd8, 0x0c, 0x00
    .byte 0x00, 0x00, 0x00, 0x00, 0x03, 0x00, 0x00, 0x00, 0xe1, 0x20, 0x00, 0x00, 0xe2, 0x20, 0x00, 0x00
    .byte 0xe3, 0x20, 0x00, 0x00, 0x01, 0x00, 0x18, 0x18, 0x00, 0x00, 0x00, 0x00, 0x00, 0x00, 0xe8, 0xff
    .byte 0xdc, 0xff, 0x18, 0x00, 0x18, 0x00, 0xb0, 0x02, 0xc0, 0x00, 0x00, 0x00, 0x00, 0x00, 0x00, 0x00
    .byte 0x84, 0xf5, 0x21, 0x02, 0x00, 0x00, 0x00, 0x00, 0x00, 0x00, 0x00, 0x00, 0x00, 0x00, 0x00, 0x00
    .byte 0xff, 0xff, 0x00, 0x00, 0x00, 0x00, 0x00, 0x00, 0x00, 0x00, 0x00, 0x00, 0xff, 0xff, 0xff, 0xff
    .byte 0xff, 0xff, 0xff, 0xff, 0x00, 0x00, 0x0f, 0x00, 0xff, 0xff, 0xff, 0xff, 0x00, 0x00, 0x00, 0x00
    .byte 0xf4, 0xd8, 0x0c, 0x00, 0x00, 0x00, 0x00, 0x00, 0x02, 0x00, 0x26, 0x00, 0x00, 0x10, 0x00, 0x00
    .byte 0x01, 0x10, 0x00, 0x00, 0x02, 0x10, 0x00, 0x00, 0x02, 0x00, 0x14, 0x08, 0x00, 0x00, 0x00, 0x00
    .byte 0x00, 0x00, 0xf0, 0xff, 0xcf, 0xff, 0x10, 0x00, 0x07, 0x00, 0xa8, 0x00, 0xe8, 0x00, 0x00, 0x00
    .byte 0x08, 0x02, 0x00, 0x00, 0x00, 0x00, 0x00, 0x00, 0x00, 0x02, 0x00, 0x00, 0x00, 0x00, 0x00, 0x00
    .byte 0x00, 0x00, 0x00, 0x00, 0xff, 0xff, 0x00, 0x00, 0x00, 0x00, 0x00, 0x00, 0x00, 0x00, 0x00, 0x00
    .byte 0xff, 0xff, 0xff, 0xff, 0xff, 0xff, 0xff, 0xff, 0x00, 0x00, 0xff, 0xff, 0x01, 0x00, 0x00, 0x00
    .byte 0x00, 0x00, 0x00, 0x00, 0xf4, 0xd8, 0x0c, 0x00, 0x00, 0x00, 0x00, 0x00, 0x02, 0x00, 0x26, 0x00
    .byte 0x00, 0x10, 0x00, 0x00, 0x01, 0x10, 0x00, 0x00, 0x02, 0x10, 0x00, 0x00, 0x02, 0x00, 0x14, 0x08
    .byte 0x00, 0x00, 0x00, 0x00, 0x00, 0x00, 0xf0, 0xff, 0xcf, 0xff, 0x10, 0x00, 0x07, 0x00, 0xa8, 0x00
    .byte 0x28, 0x01, 0x00, 0x00, 0x08, 0x02, 0x00, 0x00, 0x00, 0x00, 0x00, 0x00, 0x00, 0x02, 0x00, 0x00
    .byte 0x00, 0x00, 0x00, 0x00, 0x00, 0x00, 0x00, 0x00, 0xff, 0xff, 0x00, 0x00, 0x00, 0x00, 0x00, 0x00
    .byte 0x00, 0x00, 0x00, 0x00, 0xff, 0xff, 0xff, 0xff, 0xff, 0xff, 0xff, 0xff, 0x00, 0x00, 0xff, 0xff
    .byte 0x01, 0x00, 0x00, 0x00, 0x00, 0x00, 0x00, 0x00, 0xf4, 0xd8, 0x0c, 0x00, 0x00, 0x00, 0x00, 0x00
    .byte 0x02, 0x00, 0x26, 0x00, 0x00, 0x10, 0x00, 0x00, 0x01, 0x10, 0x00, 0x00, 0x02, 0x10, 0x00, 0x00
    .byte 0x02, 0x00, 0x14, 0x08, 0x00, 0x00, 0x00, 0x00, 0x00, 0x00, 0xf0, 0xff, 0xcf, 0xff, 0x10, 0x00
    .byte 0x07, 0x00, 0xe8, 0x00, 0x18, 0x01, 0x00, 0x00, 0x08, 0x02, 0x00, 0x00, 0x00, 0x00, 0x00, 0x00
    .byte 0x00, 0x02, 0x00, 0x00, 0x00, 0x00, 0x00, 0x00, 0x00, 0x00, 0x00, 0x00, 0xff, 0xff, 0x00, 0x00
    .byte 0x00, 0x00, 0x00, 0x00, 0x00, 0x00, 0x00, 0x00, 0xff, 0xff, 0xff, 0xff, 0xff, 0xff, 0xff, 0xff
    .byte 0x00, 0x00, 0xff, 0xff, 0x01, 0x00, 0x00, 0x00, 0x00, 0x00, 0x00, 0x00, 0xf4, 0xd8, 0x0c, 0x00
    .byte 0x00, 0x00, 0x00, 0x00, 0x02, 0x00, 0x24, 0x00, 0x00, 0x10, 0x00, 0x00, 0x01, 0x10, 0x00, 0x00
    .byte 0x02, 0x10, 0x00, 0x00, 0x02, 0x00, 0x14, 0x08, 0x00, 0x00, 0x00, 0x00, 0x00, 0x00, 0xf0, 0xff
    .byte 0xcf, 0xff, 0x10, 0x00, 0x07, 0x00, 0x00, 0x01, 0xc8, 0x00, 0x10, 0x00, 0x00, 0x04, 0x41, 0x00
    .byte 0x00, 0x00, 0x00, 0x00, 0x00, 0x02, 0x00, 0x00, 0x00, 0x00, 0x00, 0x00, 0x00, 0x00, 0x00, 0x00
    .byte 0xff, 0xff, 0x00, 0x00, 0x00, 0x00, 0x00, 0x00, 0x00, 0x00, 0x00, 0x00, 0xff, 0xff, 0xff, 0xff
    .byte 0xff, 0xff, 0xff, 0xff, 0x00, 0x00, 0xff, 0xff, 0x01, 0x00, 0x00, 0x00, 0x00, 0x00, 0x00, 0x00
    .byte 0xf4, 0xd8, 0x0c, 0x00, 0x00, 0x00, 0x00, 0x00, 0x02, 0x00, 0x24, 0x00, 0x00, 0x10, 0x00, 0x00
    .byte 0x01, 0x10, 0x00, 0x00, 0x02, 0x10, 0x00, 0x00, 0x02, 0x00, 0x14, 0x08, 0x00, 0x00, 0x00, 0x00
    .byte 0x00, 0x00, 0xf0, 0xff, 0xcf, 0xff, 0x10, 0x00, 0x07, 0x00, 0xc0, 0x02, 0x20, 0x02, 0x10, 0x00
    .byte 0x00, 0x04, 0x41, 0x00, 0x00, 0x00, 0x00, 0x00, 0x00, 0x02, 0x00, 0x00, 0x00, 0x00, 0x00, 0x00
    .byte 0x00, 0x00, 0x00, 0x00, 0xff, 0xff, 0x00, 0x00, 0x00, 0x00, 0x00, 0x00, 0x00, 0x00, 0x00, 0x00
    .byte 0xff, 0xff, 0xff, 0xff, 0xff, 0xff, 0xff, 0xff, 0x00, 0x00, 0xff, 0xff, 0x01, 0x00, 0x00, 0x00
    .byte 0x00, 0x00, 0x00, 0x00, 0xf4, 0xd8, 0x0c, 0x00, 0x00, 0x00, 0x00, 0x00, 0x02, 0x00, 0x1c, 0x00
    .byte 0x00, 0x10, 0x00, 0x00, 0x01, 0x10, 0x00, 0x00, 0x02, 0x10, 0x00, 0x00, 0x02, 0x00, 0x14, 0x08
    .byte 0x00, 0x00, 0x00, 0x00, 0x00, 0x00, 0xf0, 0xff, 0xcf, 0xff, 0x10, 0x00, 0x07, 0x00, 0x10, 0x03
    .byte 0x50, 0x01, 0x00, 0x00, 0x00, 0x02, 0x01, 0x02, 0x00, 0x00, 0x00, 0x00, 0x00, 0x12, 0x00, 0x00
    .byte 0x00, 0x00, 0x00, 0x00, 0x00, 0x00, 0x00, 0x00, 0xff, 0xff, 0x00, 0x00, 0x00, 0x00, 0x00, 0x00
    .byte 0x00, 0x00, 0x00, 0x00, 0xff, 0xff, 0xff, 0xff, 0xff, 0xff, 0xff, 0xff, 0x00, 0x00, 0xff, 0xff
    .byte 0x01, 0x00, 0x00, 0x00, 0x00, 0x00, 0x00, 0x00, 0xf4, 0xd8, 0x0c, 0x00, 0x00, 0x00, 0x00, 0x00
    .byte 0x02, 0x00, 0x1c, 0x00, 0x00, 0x10, 0x00, 0x00, 0x01, 0x10, 0x00, 0x00, 0x02, 0x10, 0x00, 0x00
    .byte 0x02, 0x00, 0x14, 0x08, 0x00, 0x00, 0x00, 0x00, 0x00, 0x00, 0xf0, 0xff, 0xcf, 0xff, 0x10, 0x00
    .byte 0x07, 0x00, 0x10, 0x03, 0x90, 0x01, 0x00, 0x00, 0x00, 0x02, 0x01, 0x02, 0x00, 0x00, 0x00, 0x00
    .byte 0x00, 0x12, 0x00, 0x00, 0x00, 0x00, 0x00, 0x00, 0x00, 0x00, 0x00, 0x00, 0xff, 0xff, 0x00, 0x00
    .byte 0x00, 0x00, 0x00, 0x00, 0x00, 0x00, 0x00, 0x00, 0xff, 0xff, 0xff, 0xff, 0xff, 0xff, 0xff, 0xff
    .byte 0x00, 0x00, 0xff, 0xff, 0x01, 0x00, 0x00, 0x00, 0x00, 0x00, 0x00, 0x00, 0xf4, 0xd8, 0x0c, 0x00
    .byte 0x00, 0x00, 0x00, 0x00, 0x02, 0x00, 0x1c, 0x00, 0x00, 0x10, 0x00, 0x00, 0x01, 0x10, 0x00, 0x00
    .byte 0x02, 0x10, 0x00, 0x00, 0x02, 0x00, 0x14, 0x08, 0x00, 0x00, 0x00, 0x00, 0x00, 0x00, 0xf0, 0xff
    .byte 0xcf, 0xff, 0x10, 0x00, 0x07, 0x00, 0x50, 0x03, 0x70, 0x01, 0x00, 0x00, 0x00, 0x02, 0x01, 0x02
    .byte 0x00, 0x00, 0x00, 0x00, 0x00, 0x12, 0x00, 0x00, 0x00, 0x00, 0x00, 0x00, 0x00, 0x00, 0x00, 0x00
    .byte 0xff, 0xff, 0x00, 0x00, 0x00, 0x00, 0x00, 0x00, 0x00, 0x00, 0x00, 0x00, 0xff, 0xff, 0xff, 0xff
    .byte 0xff, 0xff, 0xff, 0xff, 0x00, 0x00, 0xff, 0xff, 0x01, 0x00, 0x00, 0x00, 0x00, 0x00, 0x00, 0x00
    .byte 0xf4, 0xd8, 0x0c, 0x00, 0x00, 0x00, 0x00, 0x00, 0x02, 0x00, 0x6c, 0x00, 0x00, 0x10, 0x00, 0x00
    .byte 0x01, 0x10, 0x00, 0x00, 0x02, 0x10, 0x00, 0x00, 0x02, 0x00, 0x14, 0x08, 0x00, 0x00, 0x00, 0x00
    .byte 0x00, 0x00, 0xf0, 0xff, 0xcf, 0xff, 0x10, 0x00, 0x07, 0x00, 0xb8, 0x02, 0x60, 0x01, 0x00, 0x00
    .byte 0x08, 0x02, 0x01, 0x00, 0x00, 0x00, 0x00, 0x00, 0x00, 0x02, 0x00, 0x00, 0x00, 0x00, 0x00, 0x00
    .byte 0x00, 0x00, 0x00, 0x00, 0xff, 0xff, 0x00, 0x00, 0x00, 0x00, 0x00, 0x00, 0x00, 0x00, 0x00, 0x00
    .byte 0x2c, 0x01, 0x00, 0x00, 0xff, 0xff, 0xff, 0xff, 0x00, 0x00, 0xff, 0xff, 0x01, 0x00, 0x00, 0x00
    .byte 0x00, 0x00, 0x00, 0x00, 0xf4, 0xd8, 0x0c, 0x00, 0x00, 0x00, 0x00, 0x00, 0x08, 0x00, 0x00, 0x00
    .byte 0x00, 0x10, 0x00, 0x00, 0x01, 0x10, 0x00, 0x00, 0x02, 0x10, 0x00, 0x00, 0x02, 0x00, 0x0c, 0x08
    .byte 0x00, 0x00, 0x00, 0x00, 0x00, 0x00, 0xf0, 0xff, 0xcf, 0xff, 0x10, 0x00, 0x07, 0x00, 0x9c, 0x00
    .byte 0x00, 0x02, 0x00, 0x00, 0x02, 0x00, 0x00, 0x00, 0x00, 0x00, 0x00, 0x00, 0x00, 0x00, 0x00, 0x00
    .byte 0x00, 0x00, 0x00, 0x00, 0x00, 0x00, 0x00, 0x00, 0xff, 0xff, 0x00, 0x00, 0x00, 0x00, 0x00, 0x00
    .byte 0x00, 0x00, 0x00, 0x00, 0x97, 0x02, 0x00, 0x00, 0xff, 0xff, 0xff, 0xff, 0x00, 0x00, 0xff, 0xff
    .byte 0xff, 0xff, 0xff, 0xff, 0x00, 0x00, 0x00, 0x00, 0xf4, 0xd8, 0x0c, 0x00, 0x00, 0x02, 0x00, 0x00
    .byte 0x03, 0x00, 0x00, 0x00, 0xb5, 0x21, 0x00, 0x00, 0xb6, 0x21, 0x00, 0x00, 0xb7, 0x21, 0x00, 0x00
    .byte 0x02, 0x00, 0x30, 0x08, 0x00, 0x00, 0x00, 0x00, 0x00, 0x00, 0xe0, 0xff, 0xc0, 0xff, 0x20, 0x00
    .byte 0x08, 0x00, 0x9c, 0x00, 0x00, 0x02, 0x00, 0x00, 0x02, 0x00, 0x00, 0x00, 0x9c, 0xf5, 0x21, 0x02
    .byte 0x00, 0x00, 0x00, 0x00, 0x00, 0x00, 0x00, 0x00, 0x00, 0x00, 0x00, 0x00, 0xff, 0xff, 0x00, 0x00
    .byte 0x00, 0x00, 0x00, 0x00, 0x00, 0x00, 0x00, 0x00, 0xff, 0xff, 0xff, 0xff, 0xff, 0xff, 0xff, 0xff
    .byte 0x00, 0x00, 0x1a, 0x00, 0xff, 0xff, 0xff, 0xff, 0x00, 0x00, 0x00, 0x00, 0xf4, 0xd8, 0x0c, 0x00
    .byte 0x00, 0x02, 0x00, 0x00, 0x03, 0x00, 0x00, 0x00, 0x4d, 0x16, 0x00, 0x00, 0x01, 0x10, 0x00, 0x00
    .byte 0x4e, 0x16, 0x00, 0x00, 0x02, 0x00, 0x20, 0x10, 0x00, 0x00, 0x00, 0x00, 0x00, 0x00, 0xf0, 0xff
    .byte 0xcf, 0xff, 0x10, 0x00, 0x07, 0x00, 0xf0, 0x00, 0xa8, 0x00, 0x00, 0x00, 0x00, 0x00, 0x00, 0x00
    .byte 0x00, 0x00, 0x00, 0x00, 0x00, 0x00, 0x00, 0x00, 0x00, 0x00, 0x00, 0x00, 0x00, 0x00, 0x00, 0x00
    .byte 0xff, 0xff, 0x00, 0x00, 0x00, 0x00, 0x00, 0x00, 0x00, 0x00, 0x00, 0x00, 0xff, 0xff, 0xff, 0xff
    .byte 0xff, 0xff, 0xff, 0xff, 0x00, 0x00, 0xff, 0xff, 0xff, 0xff, 0xff, 0xff, 0x00, 0x00, 0x04, 0x00
    .byte 0xf4, 0xd8, 0x0c, 0x00, 0x00, 0x00, 0x00, 0x00, 0x03, 0x00, 0x00, 0x00, 0x4d, 0x16, 0x00, 0x00
    .byte 0x01, 0x10, 0x00, 0x00, 0x4e, 0x16, 0x00, 0x00, 0x02, 0x00, 0x20, 0x10, 0x00, 0x00, 0x00, 0x00
    .byte 0x00, 0x00, 0xf0, 0xff, 0xcf, 0xff, 0x10, 0x00, 0x07, 0x00, 0x00, 0x01, 0x98, 0x00, 0x00, 0x00
    .byte 0x00, 0x00, 0x00, 0x00, 0x00, 0x00, 0x00, 0x00, 0x00, 0x00, 0x00, 0x00, 0x00, 0x00, 0x00, 0x00
    .byte 0x00, 0x00, 0x00, 0x00, 0xff, 0xff, 0x00, 0x00, 0x00, 0x00, 0x00, 0x00, 0x00, 0x00, 0x00, 0x00
    .byte 0xff, 0xff, 0xff, 0xff, 0xff, 0xff, 0xff, 0xff, 0x00, 0x00, 0xff, 0xff, 0xff, 0xff, 0xff, 0xff
    .byte 0x00, 0x00, 0x04, 0x00, 0xf4, 0xd8, 0x0c, 0x00, 0x00, 0x00, 0x00, 0x00, 0x03, 0x00, 0x00, 0x00
    .byte 0x4d, 0x16, 0x00, 0x00, 0x01, 0x10, 0x00, 0x00, 0x4e, 0x16, 0x00, 0x00, 0x02, 0x00, 0x20, 0x10
    .byte 0x00, 0x00, 0x00, 0x00, 0x00, 0x00, 0xf0, 0xff, 0xcf, 0xff, 0x10, 0x00, 0x07, 0x00, 0x10, 0x01
    .byte 0xa8, 0x00, 0x00, 0x00, 0x00, 0x00, 0x00, 0x00, 0x00, 0x00, 0x00, 0x00, 0x00, 0x00, 0x00, 0x00
    .byte 0x00, 0x00, 0x00, 0x00, 0x00, 0x00, 0x00, 0x00, 0xff, 0xff, 0x00, 0x00, 0x00, 0x00, 0x00, 0x00
    .byte 0x00, 0x00, 0x00, 0x00, 0xff, 0xff, 0xff, 0xff, 0xff, 0xff, 0xff, 0xff, 0x00, 0x00, 0xff, 0xff
    .byte 0xff, 0xff, 0xff, 0xff, 0x00, 0x00, 0x04, 0x00, 0xf4, 0xd8, 0x0c, 0x00, 0x00, 0x00, 0x00, 0x00
    .byte 0x03, 0x00, 0x00, 0x00, 0x4d, 0x16, 0x00, 0x00, 0x01, 0x10, 0x00, 0x00, 0x4e, 0x16, 0x00, 0x00
    .byte 0x02, 0x00, 0x20, 0x10, 0x00, 0x00, 0x00, 0x00, 0x00, 0x00, 0xf0, 0xff, 0xcf, 0xff, 0x10, 0x00
    .byte 0x07, 0x00, 0xb0, 0x02, 0x08, 0x02, 0x00, 0x00, 0x00, 0x00, 0x00, 0x00, 0x00, 0x00, 0x00, 0x00
    .byte 0x00, 0x00, 0x00, 0x00, 0x00, 0x00, 0x00, 0x00, 0x00, 0x00, 0x00, 0x00, 0xff, 0xff, 0x00, 0x00
    .byte 0x00, 0x00, 0x00, 0x00, 0x00, 0x00, 0x00, 0x00, 0xff, 0xff, 0xff, 0xff, 0xff, 0xff, 0xff, 0xff
    .byte 0x00, 0x00, 0xff, 0xff, 0xff, 0xff, 0xff, 0xff, 0x00, 0x00, 0x04, 0x00, 0xf4, 0xd8, 0x0c, 0x00
    .byte 0x00, 0x00, 0x00, 0x00, 0x03, 0x00, 0x00, 0x00, 0x4d, 0x16, 0x00, 0x00, 0x01, 0x10, 0x00, 0x00
    .byte 0x4e, 0x16, 0x00, 0x00, 0x02, 0x00, 0x20, 0x10, 0x00, 0x00, 0x00, 0x00, 0x00, 0x00, 0xf0, 0xff
    .byte 0xcf, 0xff, 0x10, 0x00, 0x07, 0x00, 0xc0, 0x02, 0xf8, 0x01, 0x00, 0x00, 0x00, 0x00, 0x00, 0x00
    .byte 0x00, 0x00, 0x00, 0x00, 0x00, 0x00, 0x00, 0x00, 0x00, 0x00, 0x00, 0x00, 0x00, 0x00, 0x00, 0x00
    .byte 0xff, 0xff, 0x00, 0x00, 0x00, 0x00, 0x00, 0x00, 0x00, 0x00, 0x00, 0x00, 0xff, 0xff, 0xff, 0xff
    .byte 0xff, 0xff, 0xff, 0xff, 0x00, 0x00, 0xff, 0xff, 0xff, 0xff, 0xff, 0xff, 0x00, 0x00, 0x04, 0x00
    .byte 0xf4, 0xd8, 0x0c, 0x00, 0x00, 0x00, 0x00, 0x00, 0x03, 0x00, 0x00, 0x00, 0x4d, 0x16, 0x00, 0x00
    .byte 0x01, 0x10, 0x00, 0x00, 0x4e, 0x16, 0x00, 0x00, 0x02, 0x00, 0x20, 0x10, 0x00, 0x00, 0x00, 0x00
    .byte 0x00, 0x00, 0xf0, 0xff, 0xcf, 0xff, 0x10, 0x00, 0x07, 0x00, 0xd0, 0x02, 0x08, 0x02, 0x00, 0x00
    .byte 0x00, 0x00, 0x00, 0x00, 0x00, 0x00, 0x00, 0x00, 0x00, 0x00, 0x00, 0x00, 0x00, 0x00, 0x00, 0x00
    .byte 0x00, 0x00, 0x00, 0x00, 0xff, 0xff, 0x00, 0x00, 0x00, 0x00, 0x00, 0x00, 0x00, 0x00, 0x00, 0x00
    .byte 0xff, 0xff, 0xff, 0xff, 0xff, 0xff, 0xff, 0xff, 0x00, 0x00, 0xff, 0xff, 0xff, 0xff, 0xff, 0xff
    .byte 0x00, 0x00, 0x04, 0x00, 0xf4, 0xd8, 0x0c, 0x00, 0x00, 0x00, 0x00, 0x00, 0x00, 0x00, 0x00, 0x00
    .byte 0x00, 0x00, 0x00, 0x00, 0x00, 0x00, 0x00, 0x00, 0x00, 0x00, 0x00, 0x00, 0x00, 0x00, 0x00, 0x00
    .byte 0x00, 0x00, 0x00, 0x00, 0x00, 0x00, 0x00, 0x00, 0x00, 0x00, 0x00, 0x00, 0x00, 0x00, 0x00, 0x00
    .byte 0x00, 0x00, 0x00, 0x00, 0x00, 0x00, 0x00, 0x00, 0x00, 0x00, 0x00, 0x00, 0x00, 0x00, 0x00, 0x00
    .byte 0x00, 0x00, 0x00, 0x00, 0x00, 0x00, 0x00, 0x00, 0x00, 0x00, 0x00, 0x00, 0x00, 0x00, 0x00, 0x00
    .byte 0x00, 0x00, 0x00, 0x00, 0x00, 0x00, 0x00, 0x00, 0x00, 0x00, 0x00, 0x00, 0x00, 0x00, 0x00, 0x00
    .byte 0x00, 0x00, 0x00, 0x00, 0x00, 0x00, 0x00, 0x00, 0x00, 0x00, 0x00, 0x00, 0x00, 0x00, 0x00, 0x00
    .byte 0x2c, 0x62, 0x10, 0x00, 0x00, 0x2c, 0x01, 0x10, 0x00, 0x00, 0x2c, 0x63, 0x10, 0x00, 0x00, 0x2c
    .byte 0x02, 0x00, 0x00, 0x00, 0x2c, 0x10, 0x00, 0x00, 0x00, 0x15, 0x73, 0x20, 0x00, 0x00, 0x15, 0x55
    .byte 0x20, 0x00, 0x00, 0x2c, 0x61, 0x00, 0x00, 0x00, 0x15, 0xe0, 0x2c, 0x3c, 0x00, 0x00, 0x00, 0x15
    .byte 0x07, 0x15, 0x08, 0x00, 0x15, 0x28, 0x2c, 0x00, 0x10, 0x00, 0x00, 0x2c, 0x01, 0x10, 0x00, 0x00
    .byte 0x2c, 0x02, 0x10, 0x00, 0x00, 0x2c, 0x02, 0x00, 0x00, 0x00, 0x20, 0x00, 0x00, 0x15, 0x73, 0x2c
    .byte 0x01, 0x00, 0x00, 0x00, 0x15, 0x25, 0x2c, 0x12, 0x00, 0x00, 0x00, 0x20, 0x00, 0x00, 0x15, 0x32
    .byte 0x2d, 0x58, 0x2c, 0x07, 0x00, 0x00, 0x00, 0x15, 0x47, 0x18, 0x70, 0x17, 0x00, 0x2d, 0x58, 0x2c
    .byte 0x08, 0x00, 0x00, 0x00, 0x15, 0x47, 0x18, 0x70, 0x17, 0x00, 0x15, 0x1e, 0x18, 0x70, 0x17, 0x00
    .byte 0x15, 0x75, 0x20, 0x00, 0x00, 0x15, 0x06, 0x00, 0x15, 0xa2, 0x00, 0x2c, 0x01, 0x00, 0x00, 0x00
    .byte 0x15, 0x09, 0x00, 0x20, 0x00, 0x00, 0x15, 0x09, 0x00, 0x15, 0x0d, 0x00, 0x00, 0x20, 0x00, 0x00
    .byte 0x15, 0x17, 0x00, 0x2c, 0x01, 0x00, 0x00, 0x00, 0x15, 0x25, 0x00, 0x20, 0x00, 0x00, 0x15, 0x25
    .byte 0x00, 0x20, 0x00, 0x00, 0x20, 0x00, 0x00, 0x20, 0x00, 0x00, 0x15, 0x02, 0x20, 0x00, 0x00, 0x15
    .byte 0x3d, 0x20, 0x00, 0x00, 0x15, 0x09, 0x00, 0x20, 0x00, 0x00, 0x15, 0x18, 0x20, 0x00, 0x00, 0x15
    .byte 0x19, 0x20, 0x00, 0x00, 0x15, 0x09, 0x00, 0x2c, 0x0c, 0xfe, 0xff, 0xff, 0x2c, 0x0c, 0xfe, 0xff
    .byte 0xff, 0x20, 0x00, 0x00, 0x15, 0x02, 0x20, 0x00, 0x00, 0x15, 0x09, 0x00, 0x15, 0x2c, 0x00, 0x20
    .byte 0x00, 0x00, 0x15, 0x17, 0x2c, 0x00, 0x10, 0x00, 0x00, 0x2c, 0x01, 0x10, 0x00, 0x00, 0x2c, 0x02
    .byte 0x10, 0x00, 0x00, 0x2c, 0x02, 0x00, 0x00, 0x00, 0x20, 0x00, 0x00, 0x15, 0x73, 0x2c, 0x01, 0x00
    .byte 0x00, 0x00, 0x15, 0x09, 0x20, 0x00, 0x00, 0x15, 0x75, 0x00, 0x2c, 0x06, 0x00, 0x00, 0x00, 0x20
    .byte 0x00, 0x00, 0x20, 0x00, 0x00, 0x20, 0x00, 0x00, 0x15, 0xcd, 0x00, 0x22, 0x2c, 0x15, 0x00, 0x00
    .byte 0x00, 0x2c, 0x9e, 0x00, 0x00, 0x00, 0x2c, 0x7f, 0x00, 0x00, 0x00, 0x15, 0x0a, 0x2c, 0x03, 0x10
    .byte 0x00, 0x00, 0x2c, 0x01, 0x10, 0x00, 0x00, 0x2c, 0x04, 0x10, 0x00, 0x00, 0x2c, 0x02, 0x00, 0x00
    .byte 0x00, 0x2c, 0x18, 0x00, 0x00, 0x00, 0x15, 0x73, 0x2c, 0x00, 0x01, 0x00, 0x00, 0x15, 0x17, 0x2c
    .byte 0x01, 0x00, 0x00, 0x00, 0x15, 0x06, 0x2c, 0x01, 0x00, 0x00, 0x00, 0x15, 0x09, 0x2c, 0x13, 0x00
    .byte 0x00, 0x00, 0x20, 0x00, 0x00, 0x20, 0x00, 0x00, 0x2c, 0x30, 0x00, 0x00, 0x00, 0x20, 0x00, 0x00
    .byte 0x20, 0x00, 0x00, 0x20, 0x00, 0x00, 0x15, 0x53, 0x15, 0x46, 0x15, 0x8b, 0x18, 0x70, 0x32, 0x00
    .byte 0x00, 0x00, 0x00, 0x00, 0x13, 0xee, 0xe4, 0x21, 0x02, 0x01, 0xda, 0xe4, 0x21, 0x02, 0x2c, 0x93
    .byte 0x00, 0x00, 0x00, 0x2c, 0x01, 0x00, 0x00, 0x00, 0x20, 0x00, 0x00, 0x20, 0x00, 0x00, 0x15, 0xb8
    .byte 0x15, 0x5a, 0x20, 0x00, 0x00, 0x15, 0x75, 0x2c, 0x85, 0x03, 0x00, 0x00, 0x15, 0x36, 0x2c, 0x2b
    .byte 0x00, 0x00, 0x00, 0x15, 0x05, 0x2c, 0x01, 0x00, 0x00, 0x00, 0x15, 0x06, 0x2c, 0x5a, 0x00, 0x00
    .byte 0x00, 0x15, 0x07, 0x15, 0x08, 0x2c, 0xe0, 0x03, 0x00, 0x00, 0x15, 0x37, 0x18, 0x70, 0x32, 0x00
    .byte 0x00, 0x00, 0x00, 0x00, 0x14, 0x3e, 0xe5, 0x21, 0x02, 0x01, 0x25, 0xe5, 0x21, 0x02, 0x00, 0x20
    .byte 0x00, 0x00, 0x15, 0x75, 0x2c, 0x00, 0x01, 0x00, 0x00, 0x15, 0x17, 0x2c, 0x0f, 0x10, 0x00, 0x00
    .byte 0x2c, 0x01, 0x10, 0x00, 0x00, 0x2c, 0x10, 0x10, 0x00, 0x00, 0x2c, 0x02, 0x00, 0x00, 0x00, 0x2c
    .byte 0x21, 0x00, 0x00, 0x00, 0x15, 0x73, 0x15, 0x16, 0x15, 0x46, 0x29, 0x00, 0x66, 0x32, 0x00, 0x01
    .byte 0x00, 0x00, 0x00, 0x13, 0x86, 0xe5, 0x21, 0x02, 0x29, 0x00, 0x66, 0x32, 0x00, 0x08, 0x00, 0x00
    .byte 0x00, 0x14, 0x0b, 0xe6, 0x21, 0x02, 0x2c, 0x03, 0x00, 0x00, 0x00, 0x38, 0x00, 0x20, 0x00, 0x00
    .byte 0x20, 0x00, 0x00, 0x20, 0x00, 0x00, 0x20, 0x00, 0x00, 0x20, 0x00, 0x00, 0x15, 0x53, 0x2c, 0x01
    .byte 0x00, 0x00, 0x00, 0x38, 0x00, 0x15, 0x85, 0x37, 0x00, 0x00, 0x32, 0x00, 0x01, 0x00, 0x00, 0x00
    .byte 0x14, 0xe0, 0xe5, 0x21, 0x02, 0x15, 0x8b, 0x18, 0x70, 0x32, 0x00, 0x00, 0x00, 0x00, 0x00, 0x13
    .byte 0xc9, 0xe5, 0x21, 0x02, 0x01, 0xb5, 0xe5, 0x21, 0x02, 0x2c, 0x20, 0x03, 0x00, 0x00, 0x2c, 0x01
    .byte 0x00, 0x00, 0x00, 0x20, 0x00, 0x00, 0x20, 0x00, 0x00, 0x15, 0xb8, 0x25, 0x06, 0xe6, 0x21, 0x02
    .byte 0x15, 0x8b, 0x18, 0x70, 0x32, 0x00, 0x00, 0x00, 0x00, 0x00, 0x13, 0xf4, 0xe5, 0x21, 0x02, 0x01
    .byte 0xe0, 0xe5, 0x21, 0x02, 0x2c, 0xe1, 0x02, 0x00, 0x00, 0x2c, 0x01, 0x00, 0x00, 0x00, 0x20, 0x00
    .byte 0x00, 0x20, 0x00, 0x00, 0x15, 0xb8, 0x25, 0x6e, 0xe7, 0x21, 0x02, 0x29, 0x00, 0x66, 0x32, 0x00
    .byte 0x03, 0x00, 0x00, 0x00, 0x13, 0x27, 0xe6, 0x21, 0x02, 0x29, 0x00, 0x66, 0x32, 0x00, 0x09, 0x00
    .byte 0x00, 0x00, 0x14, 0x6b, 0xe6, 0x21, 0x02, 0x2c, 0x04, 0x00, 0x00, 0x00, 0x2c, 0x03, 0x00, 0x00
    .byte 0x00, 0x2d, 0xd9, 0x2d, 0x63, 0x20, 0x00, 0x00, 0x20, 0x00, 0x00, 0x20, 0x00, 0x00, 0x15, 0x53
    .byte 0x15, 0x8b, 0x18, 0x70, 0x32, 0x00, 0x00, 0x00, 0x00, 0x00, 0x13, 0x54, 0xe6, 0x21, 0x02, 0x01
    .byte 0x40, 0xe6, 0x21, 0x02, 0x2c, 0x01, 0x00, 0x00, 0x00, 0x2c, 0x01, 0x00, 0x00, 0x00, 0x20, 0x00
    .byte 0x00, 0x20, 0x00, 0x00, 0x15, 0xb8, 0x25, 0x6e, 0xe7, 0x21, 0x02, 0x29, 0x00, 0x66, 0x32, 0x00
    .byte 0x04, 0x00, 0x00, 0x00, 0x14, 0xc6, 0xe6, 0x21, 0x02, 0x2c, 0x04, 0x00, 0x00, 0x00, 0x2c, 0x03
    .byte 0x00, 0x00, 0x00, 0x2c, 0x3d, 0x00, 0x00, 0x00, 0x2d, 0x63, 0x20, 0x00, 0x00, 0x20, 0x00, 0x00
    .byte 0x20, 0x00, 0x00, 0x15, 0x53, 0x29, 0x00, 0xd9, 0x26, 0x00, 0xc0, 0x15, 0x8b, 0x18, 0x70, 0x32
    .byte 0x00, 0x00, 0x00, 0x00, 0x00, 0x13, 0xaf, 0xe6, 0x21, 0x02, 0x01, 0x9b, 0xe6, 0x21, 0x02, 0x2c
    .byte 0x02, 0x00, 0x00, 0x00, 0x2c, 0x01, 0x00, 0x00, 0x00, 0x20, 0x00, 0x00, 0x20, 0x00, 0x00, 0x15
    .byte 0xb8, 0x25, 0x6e, 0xe7, 0x21, 0x02, 0x29, 0x00, 0x66, 0x32, 0x00, 0x0a, 0x00, 0x00, 0x00, 0x14
    .byte 0x34, 0xe7, 0x21, 0x02, 0x29, 0x00, 0xd9, 0x26, 0x00, 0xbe, 0x15, 0x8b, 0x18, 0x70, 0x32, 0x00
    .byte 0x00, 0x00, 0x00, 0x00, 0x13, 0xee, 0xe6, 0x21, 0x02, 0x01, 0xda, 0xe6, 0x21, 0x02, 0x2c, 0x46
    .byte 0x00, 0x00, 0x00, 0x2c, 0x01, 0x00, 0x00, 0x00, 0x20, 0x00, 0x00, 0x20, 0x00, 0x00, 0x15, 0xb8
    .byte 0x15, 0x5a, 0x2c, 0x97, 0x03, 0x00, 0x00, 0x15, 0x37, 0x18, 0x70, 0x32, 0x00, 0x00, 0x00, 0x00
    .byte 0x00, 0x14, 0x27, 0xe7, 0x21, 0x02, 0x2c, 0xb4, 0x03, 0x00, 0x00, 0x15, 0x35, 0x2c, 0x08, 0x00
    .byte 0x00, 0x00, 0x20, 0x00, 0x00, 0x15, 0x78, 0x2c, 0x97, 0x03, 0x00, 0x00, 0x15, 0x35, 0x00, 0x25
    .byte 0x6e, 0xe7, 0x21, 0x02, 0x29, 0x00, 0x66, 0x32, 0x00, 0x0b, 0x00, 0x00, 0x00, 0x14, 0x6e, 0xe7
    .byte 0x21, 0x02, 0x29, 0x00, 0xd9, 0x26, 0x00, 0xbe, 0x15, 0x8b, 0x18, 0x70, 0x32, 0x00, 0x00, 0x00
    .byte 0x00, 0x00, 0x13, 0x5c, 0xe7, 0x21, 0x02, 0x01, 0x48, 0xe7, 0x21, 0x02, 0x2c, 0x57, 0x02, 0x00
    .byte 0x00, 0x2c, 0x01, 0x00, 0x00, 0x00, 0x20, 0x00, 0x00, 0x20, 0x00, 0x00, 0x15, 0xb8, 0x15, 0x5a
    .byte 0x00, 0x20, 0x00, 0x00, 0x2c, 0x93, 0xe7, 0x21, 0x02, 0x15, 0x39, 0x20, 0x00, 0x00, 0x15, 0x42
    .byte 0x18, 0x70, 0x32, 0x00, 0x00, 0x00, 0x00, 0x00, 0x14, 0x92, 0xe7, 0x21, 0x02, 0x01, 0x7b, 0xe7
    .byte 0x21, 0x02, 0x22, 0x2c, 0x15, 0x00, 0x00, 0x00, 0x2c, 0x9d, 0x00, 0x00, 0x00, 0x2c, 0x7f, 0x00
    .byte 0x00, 0x00, 0x15, 0x0a, 0x2c, 0x00, 0x01, 0x00, 0x00, 0x15, 0x17, 0x2c, 0x0f, 0x10, 0x00, 0x00
    .byte 0x2c, 0x01, 0x10, 0x00, 0x00, 0x2c, 0x10, 0x10, 0x00, 0x00, 0x2c, 0x02, 0x00, 0x00, 0x00, 0x2c
    .byte 0x21, 0x00, 0x00, 0x00, 0x15, 0x73, 0x2c, 0x21, 0x00, 0x00, 0x00, 0x15, 0x05, 0x15, 0x16, 0x00
    .byte 0x20, 0x00, 0x00, 0x2c, 0xf2, 0xe7, 0x21, 0x02, 0x15, 0x39, 0x20, 0x00, 0x00, 0x15, 0x42, 0x18
    .byte 0x70, 0x32, 0x00, 0x00, 0x00, 0x00, 0x00, 0x14, 0xf1, 0xe7, 0x21, 0x02, 0x01, 0xda, 0xe7, 0x21
    .byte 0x02, 0x22, 0x2c, 0x15, 0x00, 0x00, 0x00, 0x2c, 0x9c, 0x00, 0x00, 0x00, 0x2c, 0x7f, 0x00, 0x00
    .byte 0x00, 0x15, 0x0a, 0x2c, 0x00, 0x01, 0x00, 0x00, 0x15, 0x17, 0x2c, 0x0f, 0x10, 0x00, 0x00, 0x2c
    .byte 0x01, 0x10, 0x00, 0x00, 0x2c, 0x10, 0x10, 0x00, 0x00, 0x2c, 0x02, 0x00, 0x00, 0x00, 0x2c, 0x21
    .byte 0x00, 0x00, 0x00, 0x15, 0x73, 0x2c, 0x21, 0x00, 0x00, 0x00, 0x15, 0x05, 0x15, 0x16, 0x00, 0x2c
    .byte 0x00, 0x10, 0x00, 0x00, 0x2c, 0x01, 0x10, 0x00, 0x00, 0x2c, 0x02, 0x10, 0x00, 0x00, 0x2c, 0x02
    .byte 0x00, 0x00, 0x00, 0x20, 0x00, 0x00, 0x15, 0x73, 0x2c, 0x01, 0x00, 0x00, 0x00, 0x15, 0x25, 0x2c
    .byte 0x12, 0x00, 0x00, 0x00, 0x20, 0x00, 0x00, 0x15, 0x32, 0x2d, 0xd2, 0x2c, 0x07, 0x00, 0x00, 0x00
    .byte 0x15, 0x47, 0x18, 0x70, 0x17, 0x00, 0x2d, 0xd2, 0x2c, 0x08, 0x00, 0x00, 0x00, 0x15, 0x47, 0x18
    .byte 0x70, 0x17, 0x00, 0x15, 0x1e, 0x18, 0x70, 0x17, 0x00, 0x15, 0x75, 0x20, 0x00, 0x00, 0x15, 0x06
    .byte 0x00, 0x2c, 0x01, 0x00, 0x00, 0x00, 0x15, 0x09, 0x2c, 0x00, 0x10, 0x00, 0x00, 0x2c, 0x01, 0x10
    .byte 0x00, 0x00, 0x2c, 0x02, 0x10, 0x00, 0x00, 0x2c, 0x02, 0x00, 0x00, 0x00, 0x20, 0x00, 0x00, 0x15
    .byte 0x73, 0x20, 0x00, 0x00, 0x15, 0x75, 0x00, 0x2c, 0x00, 0x10, 0x00, 0x00, 0x2c, 0x01, 0x10, 0x00
    .byte 0x00, 0x2c, 0x02, 0x10, 0x00, 0x00, 0x2c, 0x02, 0x00, 0x00, 0x00, 0x20, 0x00, 0x00, 0x15, 0x73
    .byte 0x2c, 0x12, 0x00, 0x00, 0x00, 0x2c, 0x08, 0x00, 0x00, 0x00, 0x15, 0x32, 0x2d, 0x02, 0x2c, 0x07
    .byte 0x00, 0x00, 0x00, 0x15, 0x47, 0x18, 0x70, 0x17, 0x00, 0x2d, 0x02, 0x2c, 0x08, 0x00, 0x00, 0x00
    .byte 0x15, 0x47, 0x18, 0x70, 0x17, 0x00, 0x15, 0x1e, 0x18, 0x70, 0x17, 0x00, 0x15, 0x75, 0x20, 0x00
    .byte 0x00, 0x15, 0x06, 0x2c, 0x01, 0x00, 0x00, 0x00, 0x15, 0x07, 0x15, 0x08, 0x25, 0xcc, 0xe8, 0x21
    .byte 0x02, 0x00, 0x2c, 0x00, 0x10, 0x00, 0x00, 0x2c, 0x01, 0x10, 0x00, 0x00, 0x2c, 0x02, 0x10, 0x00
    .byte 0x00, 0x2c, 0x02, 0x00, 0x00, 0x00, 0x2c, 0x1e, 0x00, 0x00, 0x00, 0x15, 0x73, 0x2c, 0x01, 0x00
    .byte 0x00, 0x00, 0x15, 0x06, 0x2c, 0x3c, 0x00, 0x00, 0x00, 0x15, 0x07, 0x15, 0x08, 0x00, 0x2c, 0x0b
    .byte 0x10, 0x00, 0x00, 0x2c, 0x01, 0x10, 0x00, 0x00, 0x2c, 0x0c, 0x10, 0x00, 0x00, 0x2c, 0x02, 0x00
    .byte 0x00, 0x00, 0x03, 0x00, 0x08, 0x00, 0x00, 0x00, 0x29, 0x01, 0xff, 0x04, 0x10, 0x17, 0x00, 0x15
    .byte 0x73, 0x00, 0x2c, 0x01, 0x00, 0x00, 0x00, 0x15, 0x07, 0x15, 0x08, 0x2c, 0x94, 0x02, 0x00, 0x00
    .byte 0x15, 0x37, 0x18, 0x70, 0x14, 0x99, 0xe9, 0x21, 0x02, 0x2c, 0x95, 0x02, 0x00, 0x00, 0x15, 0x37
    .byte 0x18, 0x70, 0x14, 0x99, 0xe9, 0x21, 0x02, 0x2c, 0x96, 0x02, 0x00, 0x00, 0x15, 0x37, 0x18, 0x70
    .byte 0x14, 0x99, 0xe9, 0x21, 0x02, 0x2c, 0x01, 0x00, 0x00, 0x00, 0x20, 0x00, 0x00, 0x2c, 0x10, 0x00
    .byte 0x00, 0x00, 0x15, 0xb7, 0x25, 0xe4, 0xea, 0x21, 0x02, 0x2c, 0x94, 0x02, 0x00, 0x00, 0x15, 0x37
    .byte 0x18, 0x70, 0x14, 0xb5, 0xe9, 0x21, 0x02, 0x2c, 0x95, 0x02, 0x00, 0x00, 0x15, 0x37, 0x18, 0x70
    .byte 0x13, 0xed, 0xe9, 0x21, 0x02, 0x2c, 0x94, 0x02, 0x00, 0x00, 0x15, 0x37, 0x18, 0x70, 0x14, 0xd1
    .byte 0xe9, 0x21, 0x02, 0x2c, 0x96, 0x02, 0x00, 0x00, 0x15, 0x37, 0x18, 0x70, 0x13, 0xed, 0xe9, 0x21
    .byte 0x02, 0x2c, 0x95, 0x02, 0x00, 0x00, 0x15, 0x37, 0x18, 0x70, 0x14, 0x33, 0xea, 0x21, 0x02, 0x2c
    .byte 0x96, 0x02, 0x00, 0x00, 0x15, 0x37, 0x18, 0x70, 0x14, 0x33, 0xea, 0x21, 0x02, 0x2c, 0x01, 0x00
    .byte 0x00, 0x00, 0x2c, 0x10, 0x00, 0x00, 0x00, 0x2c, 0x0d, 0x00, 0x00, 0x00, 0x15, 0xb7, 0x2c, 0x0f
    .byte 0x00, 0x00, 0x00, 0x15, 0x2f, 0x18, 0x70, 0x32, 0x00, 0x00, 0x00, 0x00, 0x00, 0x14, 0x2e, 0xea
    .byte 0x21, 0x02, 0x2c, 0x20, 0x00, 0x00, 0x00, 0x2c, 0x16, 0x00, 0x00, 0x00, 0x20, 0x00, 0x00, 0x20
    .byte 0x00, 0x00, 0x2c, 0x3f, 0x00, 0x00, 0x00, 0x2c, 0x0f, 0x00, 0x00, 0x00, 0x15, 0x62, 0x25, 0xe4
    .byte 0xea, 0x21, 0x02, 0x2c, 0x94, 0x02, 0x00, 0x00, 0x15, 0x37, 0x18, 0x70, 0x13, 0x5d, 0xea, 0x21
    .byte 0x02, 0x2c, 0x95, 0x02, 0x00, 0x00, 0x15, 0x37, 0x18, 0x70, 0x13, 0x5d, 0xea, 0x21, 0x02, 0x2c
    .byte 0x96, 0x02, 0x00, 0x00, 0x15, 0x37, 0x18, 0x70, 0x14, 0xa3, 0xea, 0x21, 0x02, 0x2c, 0x01, 0x00
    .byte 0x00, 0x00, 0x2c, 0x10, 0x00, 0x00, 0x00, 0x2c, 0x09, 0x00, 0x00, 0x00, 0x15, 0xb7, 0x2c, 0x0f
    .byte 0x00, 0x00, 0x00, 0x15, 0x2f, 0x18, 0x70, 0x32, 0x00, 0x00, 0x00, 0x00, 0x00, 0x14, 0x9e, 0xea
    .byte 0x21, 0x02, 0x2c, 0x20, 0x00, 0x00, 0x00, 0x2c, 0x16, 0x00, 0x00, 0x00, 0x20, 0x00, 0x00, 0x20
    .byte 0x00, 0x00, 0x2c, 0x5f, 0x00, 0x00, 0x00, 0x2c, 0x0f, 0x00, 0x00, 0x00, 0x15, 0x62, 0x25, 0xe4
    .byte 0xea, 0x21, 0x02, 0x2c, 0x01, 0x00, 0x00, 0x00, 0x2c, 0x10, 0x00, 0x00, 0x00, 0x2c, 0x05, 0x00
    .byte 0x00, 0x00, 0x15, 0xb7, 0x2c, 0x0f, 0x00, 0x00, 0x00, 0x15, 0x2f, 0x18, 0x70, 0x32, 0x00, 0x00
    .byte 0x00, 0x00, 0x00, 0x14, 0xe4, 0xea, 0x21, 0x02, 0x2c, 0x20, 0x00, 0x00, 0x00, 0x2c, 0x16, 0x00
    .byte 0x00, 0x00, 0x20, 0x00, 0x00, 0x20, 0x00, 0x00, 0x2c, 0x7f, 0x00, 0x00, 0x00, 0x2c, 0x0f, 0x00
    .byte 0x00, 0x00, 0x15, 0x62, 0x22, 0x2c, 0x0d, 0x00, 0x00, 0x00, 0x20, 0x00, 0x00, 0x2c, 0xff, 0xff
    .byte 0xff, 0xff, 0x2c, 0xff, 0xff, 0xff, 0xff, 0x2c, 0xff, 0xff, 0xff, 0xff, 0x15, 0xdc, 0x29, 0x00
    .byte 0xfd, 0x32, 0x00, 0x00, 0x00, 0x00, 0x00, 0x14, 0x1a, 0xeb, 0x21, 0x02, 0x2c, 0xff, 0xe0, 0xf5
    .byte 0x05, 0x15, 0xaa, 0x2c, 0x03, 0x00, 0x00, 0x00, 0x15, 0xe1, 0x21, 0x13, 0xec, 0x21, 0x02, 0x21
    .byte 0x52, 0xe9, 0x21, 0x02, 0x2c, 0x2c, 0x01, 0x00, 0x00, 0x15, 0x36, 0x03, 0x00, 0x00, 0x00, 0x00
    .byte 0x00, 0x26, 0x00, 0x4e, 0x2c, 0x20, 0x00, 0x00, 0x00, 0x15, 0x01, 0x18, 0x70, 0x26, 0x00, 0x4e
    .byte 0x29, 0x00, 0x4e, 0x32, 0x00, 0x00, 0x00, 0x00, 0x00, 0x14, 0x5a, 0xeb, 0x21, 0x02, 0x2c, 0x2c
    .byte 0x01, 0x00, 0x00, 0x15, 0x35, 0x25, 0xb0, 0xeb, 0x21, 0x02, 0x15, 0x0b, 0x18, 0x70, 0x33, 0x00
    .byte 0x50, 0x00, 0x00, 0x00, 0x14, 0xb0, 0xeb, 0x21, 0x02, 0x2c, 0x20, 0x00, 0x00, 0x00, 0x15, 0x01
    .byte 0x18, 0x70, 0x26, 0x00, 0x4e, 0x29, 0x00, 0x4e, 0x32, 0x00, 0x00, 0x00, 0x00, 0x00, 0x14, 0x8f
    .byte 0xeb, 0x21, 0x02, 0x2c, 0x2c, 0x01, 0x00, 0x00, 0x15, 0x35, 0x25, 0xb0, 0xeb, 0x21, 0x02, 0x2c
    .byte 0x20, 0x00, 0x00, 0x00, 0x15, 0x01, 0x18, 0x70, 0x26, 0x00, 0x4e, 0x29, 0x00, 0x4e, 0x32, 0x00
    .byte 0x00, 0x00, 0x00, 0x00, 0x14, 0xb0, 0xeb, 0x21, 0x02, 0x2c, 0x2c, 0x01, 0x00, 0x00, 0x15, 0x35
    .byte 0x2d, 0x4e, 0x15, 0x41, 0x20, 0x00, 0x00, 0x15, 0x07, 0x15, 0x08, 0x2c, 0x05, 0x00, 0x00, 0x00
    .byte 0x15, 0x07, 0x15, 0x08, 0x00, 0x2c, 0x01, 0x00, 0x00, 0x00, 0x20, 0x00, 0x00, 0x2c, 0x10, 0x00
    .byte 0x00, 0x00, 0x15, 0xb7, 0x2c, 0x97, 0x02, 0x00, 0x00, 0x15, 0x35, 0x2c, 0x9b, 0x02, 0x00, 0x00
    .byte 0x15, 0x35, 0x15, 0x1f, 0x18, 0x70, 0x26, 0x00, 0x69, 0x15, 0x20, 0x18, 0x70, 0x26, 0x00, 0x6a
    .byte 0x2c, 0xf8, 0x03, 0x00, 0x00, 0x15, 0x35, 0x2c, 0x86, 0x03, 0x00, 0x00, 0x15, 0x35, 0x2c, 0x3e
    .byte 0x00, 0x00, 0x00, 0x2c, 0xe0, 0xff, 0xff, 0xff, 0x2c, 0xe0, 0xff, 0xff, 0xff, 0x20, 0x00, 0x00
    .byte 0x15, 0x4a, 0x00, 0x2c, 0x94, 0x02, 0x00, 0x00, 0x15, 0x37, 0x18, 0x70, 0x32, 0x00, 0x01, 0x00
    .byte 0x00, 0x00, 0x14, 0x44, 0xec, 0x21, 0x02, 0x2c, 0x05, 0x00, 0x00, 0x00, 0x2c, 0x26, 0x05, 0x22
    .byte 0x02, 0x15, 0x39, 0x2c, 0x06, 0x00, 0x00, 0x00, 0x2c, 0xe9, 0xe3, 0x21, 0x02, 0x15, 0x39, 0x25
    .byte 0x5c, 0xec, 0x21, 0x02, 0x2c, 0x05, 0x00, 0x00, 0x00, 0x2c, 0x6e, 0xf9, 0x21, 0x02, 0x15, 0x39
    .byte 0x2c, 0x06, 0x00, 0x00, 0x00, 0x2c, 0x31, 0xf8, 0x21, 0x02, 0x15, 0x39, 0x2c, 0x0c, 0x00, 0x00
    .byte 0x00, 0x2c, 0x5c, 0x10, 0x22, 0x02, 0x15, 0x39, 0x2c, 0x0d, 0x00, 0x00, 0x00, 0x2c, 0x70, 0x11
    .byte 0x22, 0x02, 0x15, 0x39, 0x2c, 0x0e, 0x00, 0x00, 0x00, 0x2c, 0x84, 0x12, 0x22, 0x02, 0x15, 0x39
    .byte 0x2c, 0xef, 0x06, 0x00, 0x00, 0x15, 0x37, 0x18, 0x70, 0x32, 0x00, 0x01, 0x00, 0x00, 0x00, 0x14
    .byte 0xa5, 0xec, 0x21, 0x02, 0x2c, 0x07, 0x00, 0x00, 0x00, 0x2c, 0xb7, 0xf1, 0x21, 0x02, 0x15, 0x39
    .byte 0x25, 0xb1, 0xec, 0x21, 0x02, 0x2c, 0x07, 0x00, 0x00, 0x00, 0x2c, 0x49, 0x05, 0x22, 0x02, 0x15
    .byte 0x39, 0x2c, 0xf0, 0x06, 0x00, 0x00, 0x15, 0x37, 0x18, 0x70, 0x32, 0x00, 0x01, 0x00, 0x00, 0x00
    .byte 0x14, 0xd6, 0xec, 0x21, 0x02, 0x2c, 0x08, 0x00, 0x00, 0x00, 0x2c, 0xb7, 0xf1, 0x21, 0x02, 0x15
    .byte 0x39, 0x25, 0xe2, 0xec, 0x21, 0x02, 0x2c, 0x08, 0x00, 0x00, 0x00, 0x2c, 0x80, 0x07, 0x22, 0x02
    .byte 0x15, 0x39, 0x2c, 0xf1, 0x06, 0x00, 0x00, 0x15, 0x37, 0x18, 0x70, 0x32, 0x00, 0x01, 0x00, 0x00
    .byte 0x00, 0x14, 0x07, 0xed, 0x21, 0x02, 0x2c, 0x09, 0x00, 0x00, 0x00, 0x2c, 0xb7, 0xf1, 0x21, 0x02
    .byte 0x15, 0x39, 0x25, 0x13, 0xed, 0x21, 0x02, 0x2c, 0x09, 0x00, 0x00, 0x00, 0x2c, 0xb7, 0x09, 0x22
    .byte 0x02, 0x15, 0x39, 0x2c, 0xf2, 0x06, 0x00, 0x00, 0x15, 0x37, 0x18, 0x70, 0x32, 0x00, 0x01, 0x00
    .byte 0x00, 0x00, 0x14, 0x38, 0xed, 0x21, 0x02, 0x2c, 0x0a, 0x00, 0x00, 0x00, 0x2c, 0xb7, 0xf1, 0x21
    .byte 0x02, 0x15, 0x39, 0x25, 0x44, 0xed, 0x21, 0x02, 0x2c, 0x0a, 0x00, 0x00, 0x00, 0x2c, 0xee, 0x0b
    .byte 0x22, 0x02, 0x15, 0x39, 0x2c, 0xf3, 0x06, 0x00, 0x00, 0x15, 0x37, 0x18, 0x70, 0x32, 0x00, 0x01
    .byte 0x00, 0x00, 0x00, 0x14, 0x69, 0xed, 0x21, 0x02, 0x2c, 0x0b, 0x00, 0x00, 0x00, 0x2c, 0xb7, 0xf1
    .byte 0x21, 0x02, 0x15, 0x39, 0x25, 0x75, 0xed, 0x21, 0x02, 0x2c, 0x0b, 0x00, 0x00, 0x00, 0x2c, 0x25
    .byte 0x0e, 0x22, 0x02, 0x15, 0x39, 0x22, 0x2c, 0xe0, 0xff, 0xff, 0xff, 0x2c, 0xe0, 0xff, 0xff, 0xff
    .byte 0x15, 0x27, 0x18, 0x70, 0x17, 0x00, 0x15, 0x02, 0x2c, 0x25, 0x00, 0x00, 0x00, 0x20, 0x00, 0x00
    .byte 0x2c, 0x01, 0x00, 0x00, 0x00, 0x2c, 0x0b, 0x00, 0x00, 0x00, 0x20, 0x00, 0x00, 0x15, 0x04, 0x2c
    .byte 0x01, 0x00, 0x00, 0x00, 0x15, 0x09, 0x2c, 0x01, 0x00, 0x00, 0x00, 0x15, 0x06, 0x15, 0x1f, 0x18
    .byte 0x70, 0x17, 0x00, 0x15, 0x20, 0x18, 0x70, 0x17, 0x00, 0x15, 0x27, 0x18, 0x70, 0x17, 0x00, 0x15
    .byte 0x58, 0x18, 0x70, 0x33, 0x00, 0x20, 0x00, 0x00, 0x00, 0x14, 0x6f, 0xee, 0x21, 0x02, 0x2c, 0x1e
    .byte 0x00, 0x00, 0x00, 0x15, 0x07, 0x15, 0x08, 0x2c, 0x25, 0x00, 0x00, 0x00, 0x15, 0x4e, 0x2c, 0x06
    .byte 0x00, 0x00, 0x00, 0x2c, 0x37, 0x00, 0x00, 0x00, 0x15, 0x10, 0x18, 0x70, 0x17, 0x00, 0x15, 0x11
    .byte 0x18, 0x70, 0x17, 0x00, 0x15, 0x12, 0x18, 0x70, 0x17, 0x00, 0x15, 0x10, 0x18, 0x70, 0x17, 0x00
    .byte 0x15, 0x11, 0x18, 0x70, 0x17, 0x00, 0x15, 0x12, 0x18, 0x70, 0x17, 0x00, 0x15, 0x33, 0x2c, 0x03
    .byte 0x00, 0x00, 0x00, 0x2c, 0x01, 0xf9, 0x00, 0x00, 0x15, 0xe0, 0x18, 0x70, 0x14, 0x2d, 0xee, 0x21
    .byte 0x02, 0x2c, 0x01, 0x00, 0x00, 0x00, 0x2c, 0x01, 0xf9, 0x00, 0x00, 0x15, 0xe0, 0x20, 0x00, 0x00
    .byte 0x15, 0x09, 0x2c, 0xe0, 0xff, 0xff, 0xff, 0x2c, 0xe0, 0xff, 0xff, 0xff, 0x15, 0x27, 0x18, 0x70
    .byte 0x17, 0x00, 0x15, 0x02, 0x2c, 0xe0, 0x01, 0x00, 0x00, 0x15, 0x07, 0x15, 0x08, 0x03, 0x00, 0xd0
    .byte 0x02, 0x00, 0x00, 0x2c, 0x05, 0x00, 0x00, 0x00, 0x15, 0x01, 0x18, 0x71, 0x07, 0x01, 0x3c, 0x00
    .byte 0x00, 0x00, 0x04, 0x10, 0x17, 0x00, 0x15, 0x07, 0x15, 0x08, 0x01, 0xf6, 0xef, 0x21, 0x02, 0x2c
    .byte 0x25, 0x00, 0x00, 0x00, 0x15, 0x87, 0x18, 0x70, 0x32, 0x00, 0x00, 0x00, 0x00, 0x00, 0x14, 0xe3
    .byte 0xee, 0x21, 0x02, 0x2c, 0x25, 0x00, 0x00, 0x00, 0x15, 0x4e, 0x2c, 0xd6, 0x11, 0x00, 0x00, 0x2c
    .byte 0x01, 0x10, 0x00, 0x00, 0x2c, 0xd7, 0x11, 0x00, 0x00, 0x2c, 0x02, 0x00, 0x00, 0x00, 0x20, 0x00
    .byte 0x00, 0x15, 0x73, 0x20, 0x00, 0x00, 0x15, 0x06, 0x15, 0x16, 0x20, 0x00, 0x00, 0x15, 0x09, 0x2c
    .byte 0xe0, 0xff, 0xff, 0xff, 0x2c, 0xe0, 0xff, 0xff, 0xff, 0x15, 0x27, 0x18, 0x70, 0x17, 0x00, 0x15
    .byte 0x02, 0x03, 0x00, 0xd0, 0x02, 0x00, 0x00, 0x2c, 0x05, 0x00, 0x00, 0x00, 0x15, 0x01, 0x18, 0x71
    .byte 0x07, 0x01, 0x3c, 0x00, 0x00, 0x00, 0x04, 0x10, 0x17, 0x00, 0x15, 0x07, 0x15, 0x08, 0x01, 0xf6
    .byte 0xef, 0x21, 0x02, 0x2b, 0x00, 0x05, 0x32, 0x00, 0x01, 0x00, 0x00, 0x00, 0x14, 0xf1, 0xef, 0x21
    .byte 0x02, 0x2b, 0x00, 0x06, 0x32, 0x00, 0x64, 0x00, 0x00, 0x00, 0x14, 0xe3, 0xef, 0x21, 0x02, 0x2b
    .byte 0x00, 0x07, 0x32, 0x00, 0x00, 0x00, 0x00, 0x00, 0x13, 0x29, 0xef, 0x21, 0x02, 0x2b, 0x00, 0x07
    .byte 0x32, 0x00, 0x01, 0x00, 0x00, 0x00, 0x13, 0x29, 0xef, 0x21, 0x02, 0x2b, 0x00, 0x07, 0x32, 0x00
    .byte 0x02, 0x00, 0x00, 0x00, 0x14, 0xe3, 0xef, 0x21, 0x02, 0x2c, 0x02, 0x00, 0x00, 0x00, 0x15, 0x9b
    .byte 0x18, 0x70, 0x14, 0x4b, 0xef, 0x21, 0x02, 0x2c, 0xee, 0x03, 0x00, 0x00, 0x15, 0x37, 0x18, 0x70
    .byte 0x32, 0x00, 0x00, 0x00, 0x00, 0x00, 0x13, 0x50, 0xef, 0x21, 0x02, 0x01, 0x29, 0xef, 0x21, 0x02
    .byte 0x03, 0x00, 0x00, 0x00, 0x00, 0x00, 0x28, 0x00, 0x05, 0x2c, 0x25, 0x00, 0x00, 0x00, 0x15, 0x4e
    .byte 0x2c, 0x03, 0x00, 0x00, 0x00, 0x2c, 0x01, 0xf9, 0x00, 0x00, 0x15, 0xe0, 0x18, 0x70, 0x14, 0x7f
    .byte 0xef, 0x21, 0x02, 0x2c, 0x01, 0x00, 0x00, 0x00, 0x2c, 0x01, 0xf9, 0x00, 0x00, 0x15, 0xe0, 0x2c
    .byte 0xd6, 0x11, 0x00, 0x00, 0x2c, 0x01, 0x10, 0x00, 0x00, 0x2c, 0xd7, 0x11, 0x00, 0x00, 0x2c, 0x02
    .byte 0x00, 0x00, 0x00, 0x20, 0x00, 0x00, 0x15, 0x73, 0x20, 0x00, 0x00, 0x15, 0x06, 0x15, 0x16, 0x20
    .byte 0x00, 0x00, 0x15, 0x09, 0x2c, 0xe0, 0xff, 0xff, 0xff, 0x2c, 0xe0, 0xff, 0xff, 0xff, 0x15, 0x27
    .byte 0x18, 0x70, 0x17, 0x00, 0x15, 0x02, 0x03, 0x00, 0xd0, 0x02, 0x00, 0x00, 0x2c, 0x05, 0x00, 0x00
    .byte 0x00, 0x15, 0x01, 0x18, 0x71, 0x07, 0x01, 0x3c, 0x00, 0x00, 0x00, 0x04, 0x10, 0x07, 0x00, 0x02
    .byte 0x00, 0x00, 0x00, 0x17, 0x00, 0x15, 0x07, 0x15, 0x08, 0x01, 0xf6, 0xef, 0x21, 0x02, 0x25, 0xf1
    .byte 0xef, 0x21, 0x02, 0x03, 0x00, 0x00, 0x00, 0x00, 0x00, 0x28, 0x00, 0x05, 0x01, 0xad, 0xed, 0x21
    .byte 0x02, 0x01, 0xad, 0xed, 0x21, 0x02, 0x2c, 0x3f, 0x00, 0x00, 0x00, 0x15, 0x01, 0x18, 0x70, 0x07
    .byte 0x00, 0x10, 0x00, 0x00, 0x00, 0x28, 0x00, 0x00, 0x2c, 0x2f, 0x00, 0x00, 0x00, 0x15, 0x01, 0x18
    .byte 0x70, 0x07, 0x00, 0x10, 0x00, 0x00, 0x00, 0x28, 0x00, 0x01, 0x15, 0x27, 0x18, 0x70, 0x28, 0x00
    .byte 0x02, 0x2c, 0x02, 0x00, 0x00, 0x00, 0x2b, 0x00, 0x00, 0x09, 0x00, 0x10, 0x00, 0x00, 0x00, 0x17
    .byte 0x00, 0x2b, 0x00, 0x01, 0x09, 0x00, 0x10, 0x00, 0x00, 0x00, 0x17, 0x00, 0x15, 0x8a, 0x18, 0x70
    .byte 0x32, 0x00, 0x08, 0x00, 0x00, 0x00, 0x14, 0xca, 0xf0, 0x21, 0x02, 0x29, 0x00, 0xfe, 0x32, 0x00
    .byte 0x3f, 0x00, 0x00, 0x00, 0x14, 0x7c, 0xf0, 0x21, 0x02, 0x2c, 0x02, 0x00, 0x00, 0x00, 0x2c, 0x54
    .byte 0x00, 0x00, 0x00, 0x15, 0xef, 0x18, 0x70, 0x32, 0x00, 0x01, 0x00, 0x00, 0x00, 0x14, 0x7c, 0xf0
    .byte 0x21, 0x02, 0x01, 0xf6, 0xef, 0x21, 0x02, 0x25, 0xc5, 0xf0, 0x21, 0x02, 0x2f, 0x00, 0x2f, 0x01
    .byte 0x20, 0x00, 0x00, 0x15, 0x1f, 0x18, 0x70, 0x17, 0x00, 0x15, 0x20, 0x18, 0x70, 0x17, 0x00, 0x20
    .byte 0x00, 0x00, 0x15, 0x65, 0x18, 0x70, 0x33, 0x00, 0x60, 0x00, 0x00, 0x00, 0x14, 0xc0, 0xf0, 0x21
    .byte 0x02, 0x2b, 0x00, 0x00, 0x05, 0x00, 0x08, 0x00, 0x00, 0x00, 0x17, 0x00, 0x2b, 0x00, 0x01, 0x05
    .byte 0x00, 0x08, 0x00, 0x00, 0x00, 0x17, 0x00, 0x2f, 0x02, 0x15, 0x02, 0x25, 0xc5, 0xf0, 0x21, 0x02
    .byte 0x01, 0xf6, 0xef, 0x21, 0x02, 0x25, 0xcf, 0xf0, 0x21, 0x02, 0x01, 0xf6, 0xef, 0x21, 0x02, 0x2c
    .byte 0x01, 0x00, 0x00, 0x00, 0x15, 0x09, 0x2c, 0x03, 0x00, 0x00, 0x00, 0x2c, 0x01, 0xf9, 0x00, 0x00
    .byte 0x15, 0xe0, 0x18, 0x70, 0x32, 0x00, 0x00, 0x00, 0x00, 0x00, 0x14, 0x03, 0xf1, 0x21, 0x02, 0x2c
    .byte 0x1a, 0x00, 0x00, 0x00, 0x2c, 0x01, 0xf9, 0x00, 0x00, 0x20, 0x00, 0x00, 0x2c, 0x80, 0x00, 0x00
    .byte 0x00, 0x15, 0x0c, 0x2c, 0xd6, 0x11, 0x00, 0x00, 0x2c, 0x01, 0x10, 0x00, 0x00, 0x2c, 0xd7, 0x11
    .byte 0x00, 0x00, 0x2c, 0x02, 0x00, 0x00, 0x00, 0x20, 0x00, 0x00, 0x15, 0x73, 0x2c, 0x05, 0x00, 0x00
    .byte 0x00, 0x15, 0x55, 0x2c, 0x04, 0x00, 0x00, 0x00, 0x15, 0x07, 0x15, 0x08, 0x2c, 0x04, 0x00, 0x00
    .byte 0x00, 0x15, 0x55, 0x2c, 0x04, 0x00, 0x00, 0x00, 0x15, 0x07, 0x15, 0x08, 0x2c, 0x03, 0x00, 0x00
    .byte 0x00, 0x15, 0x55, 0x2c, 0x04, 0x00, 0x00, 0x00, 0x15, 0x07, 0x15, 0x08, 0x2c, 0x02, 0x00, 0x00
    .byte 0x00, 0x15, 0x55, 0x2c, 0x04, 0x00, 0x00, 0x00, 0x15, 0x07, 0x15, 0x08, 0x2c, 0x01, 0x00, 0x00
    .byte 0x00, 0x15, 0x55, 0x2c, 0x04, 0x00, 0x00, 0x00, 0x15, 0x07, 0x15, 0x08, 0x20, 0x00, 0x00, 0x15
    .byte 0x55, 0x2c, 0x04, 0x00, 0x00, 0x00, 0x15, 0x07, 0x15, 0x08, 0x2c, 0xd4, 0x11, 0x00, 0x00, 0x2c
    .byte 0x01, 0x10, 0x00, 0x00, 0x2c, 0xd5, 0x11, 0x00, 0x00, 0x2c, 0x02, 0x00, 0x00, 0x00, 0x20, 0x00
    .byte 0x00, 0x15, 0x73, 0x2c, 0x01, 0x00, 0x00, 0x00, 0x15, 0x06, 0x2c, 0x25, 0x00, 0x00, 0x00, 0x20
    .byte 0x00, 0x00, 0x2c, 0x01, 0x00, 0x00, 0x00, 0x2c, 0x0b, 0x00, 0x00, 0x00, 0x20, 0x00, 0x00, 0x15
    .byte 0x04, 0x01, 0xad, 0xed, 0x21, 0x02, 0x00, 0x20, 0x00, 0x00, 0x15, 0x18, 0x20, 0x00, 0x00, 0x15
    .byte 0x19, 0x2c, 0x03, 0x00, 0x00, 0x00, 0x15, 0x05, 0x2c, 0x10, 0x00, 0x00, 0x00, 0x15, 0x1b, 0x20
    .byte 0x00, 0x00, 0x2c, 0x02, 0x00, 0x00, 0x00, 0x15, 0x38, 0x00, 0x2c, 0x01, 0x00, 0x00, 0x00, 0x15
    .byte 0x09, 0x2c, 0x01, 0x00, 0x00, 0x00, 0x2c, 0xe4, 0xff, 0xff, 0xff, 0x2c, 0xe8, 0xff, 0xff, 0xff
    .byte 0x2c, 0x1c, 0x00, 0x00, 0x00, 0x2c, 0x18, 0x00, 0x00, 0x00, 0x15, 0xd8, 0x2c, 0x01, 0x00, 0x00
    .byte 0x00, 0x2c, 0xe8, 0xff, 0xff, 0xff, 0x2c, 0xdc, 0xff, 0xff, 0xff, 0x2c, 0x18, 0x00, 0x00, 0x00
    .byte 0x2c, 0x0c, 0x00, 0x00, 0x00, 0x15, 0x5c, 0x2c, 0x01, 0x00, 0x00, 0x00, 0x15, 0xd7, 0x2f, 0x00
    .byte 0x15, 0x87, 0x18, 0x70, 0x32, 0x00, 0x00, 0x00, 0x00, 0x00, 0x14, 0x45, 0xf2, 0x21, 0x02, 0x2f
    .byte 0x00, 0x20, 0x00, 0x00, 0x2c, 0x3c, 0x00, 0x00, 0x00, 0x2c, 0x0a, 0x00, 0x00, 0x00, 0x2c, 0x01
    .byte 0x00, 0x00, 0x00, 0x15, 0x04, 0x2c, 0x01, 0x00, 0x00, 0x00, 0x2c, 0x57, 0xf2, 0x21, 0x02, 0x15
    .byte 0x29, 0x01, 0x4f, 0xf5, 0x21, 0x02, 0x00, 0x2c, 0x1b, 0x00, 0x00, 0x00, 0x15, 0x31, 0x18, 0x70
    .byte 0x26, 0x00, 0xd2, 0x20, 0x00, 0x00, 0x2c, 0x2f, 0xe8, 0x21, 0x02, 0x15, 0x39, 0x20, 0x00, 0x00
    .byte 0x15, 0x42, 0x18, 0x70, 0x32, 0x00, 0x00, 0x00, 0x00, 0x00, 0x14, 0x84, 0xf2, 0x21, 0x02, 0x01
    .byte 0x6d, 0xf2, 0x21, 0x02, 0x2c, 0x1b, 0x00, 0x00, 0x00, 0x15, 0x31, 0x18, 0x70, 0x17, 0x00, 0x2c
    .byte 0xa1, 0xf2, 0x21, 0x02, 0x15, 0x39, 0x2c, 0x01, 0x00, 0x00, 0x00, 0x20, 0x00, 0x00, 0x15, 0x29
    .byte 0x00, 0x2f, 0x00, 0x15, 0x84, 0x18, 0x70, 0x28, 0x00, 0x07, 0x2b, 0x00, 0x07, 0x32, 0x00, 0x00
    .byte 0x00, 0x00, 0x00, 0x14, 0x1c, 0xf3, 0x21, 0x02, 0x2c, 0x02, 0x00, 0x00, 0x00, 0x2c, 0x09, 0x00
    .byte 0x00, 0x00, 0x15, 0xe0, 0x2c, 0x01, 0x00, 0x00, 0x00, 0x15, 0x05, 0x2c, 0x01, 0x00, 0x00, 0x00
    .byte 0x15, 0x06, 0x2c, 0x3c, 0x00, 0x00, 0x00, 0x15, 0x07, 0x15, 0x08, 0x20, 0x00, 0x00, 0x15, 0x05
    .byte 0x20, 0x00, 0x00, 0x15, 0x06, 0x2f, 0x00, 0x15, 0x87, 0x18, 0x70, 0x32, 0x00, 0x00, 0x00, 0x00
    .byte 0x00, 0x14, 0x0a, 0xf3, 0x21, 0x02, 0x2f, 0x00, 0x20, 0x00, 0x00, 0x2c, 0x3c, 0x00, 0x00, 0x00
    .byte 0x2c, 0x0a, 0x00, 0x00, 0x00, 0x20, 0x00, 0x00, 0x15, 0x04, 0x2c, 0x01, 0x00, 0x00, 0x00, 0x2c
    .byte 0x57, 0xf2, 0x21, 0x02, 0x15, 0x29, 0x01, 0x4f, 0xf5, 0x21, 0x02, 0x00, 0x20, 0x00, 0x00, 0x2c
    .byte 0x01, 0xb1, 0x00, 0x00, 0x15, 0xe0, 0x2c, 0x02, 0x00, 0x00, 0x00, 0x15, 0x05, 0x20, 0x00, 0x00
    .byte 0x15, 0x06, 0x15, 0x16, 0x2b, 0x00, 0x07, 0x07, 0x00, 0x3c, 0x00, 0x00, 0x00, 0x28, 0x00, 0x06
    .byte 0x01, 0xa5, 0xf3, 0x21, 0x02, 0x2c, 0x01, 0x00, 0x00, 0x00, 0x2c, 0x84, 0xf3, 0x21, 0x02, 0x15
    .byte 0x29, 0x2b, 0x00, 0x06, 0x30, 0x00, 0x00, 0x00, 0x00, 0x00, 0x14, 0x70, 0xf3, 0x21, 0x02, 0x2b
    .byte 0x00, 0x06, 0x24, 0x00, 0x01, 0x00, 0x00, 0x00, 0x28, 0x00, 0x06, 0x25, 0x75, 0xf3, 0x21, 0x02
    .byte 0x01, 0x07, 0xf5, 0x21, 0x02, 0x2c, 0x01, 0x00, 0x00, 0x00, 0x15, 0x07, 0x15, 0x08, 0x25, 0x51
    .byte 0xf3, 0x21, 0x02, 0x00, 0x2f, 0x00, 0x15, 0x4e, 0x2c, 0x1b, 0x00, 0x00, 0x00, 0x15, 0x31, 0x18
    .byte 0x70, 0x17, 0x00, 0x2c, 0xa5, 0xf3, 0x21, 0x02, 0x15, 0x39, 0x2c, 0x01, 0x00, 0x00, 0x00, 0x20
    .byte 0x00, 0x00, 0x15, 0x29, 0x00, 0x2c, 0x04, 0x00, 0x00, 0x00, 0x15, 0x05, 0x20, 0x00, 0x00, 0x15
    .byte 0x06, 0x20, 0x00, 0x00, 0x2c, 0x02, 0xb1, 0x00, 0x00, 0x15, 0xe0, 0x2b, 0x00, 0x01, 0x05, 0x00
    .byte 0x01, 0x00, 0x00, 0x00, 0x17, 0x00, 0x15, 0x01, 0x18, 0x70, 0x28, 0x00, 0x04, 0x2b, 0x00, 0x04
    .byte 0x32, 0x00, 0x00, 0x00, 0x00, 0x00, 0x14, 0xe9, 0xf3, 0x21, 0x02, 0x03, 0x00, 0x01, 0x00, 0x00
    .byte 0x00, 0x28, 0x00, 0x05, 0x25, 0x7e, 0xf4, 0x21, 0x02, 0x2b, 0x00, 0x04, 0x32, 0x00, 0x01, 0x00
    .byte 0x00, 0x00, 0x14, 0x05, 0xf4, 0x21, 0x02, 0x03, 0x00, 0x05, 0x00, 0x00, 0x00, 0x28, 0x00, 0x05
    .byte 0x25, 0x7e, 0xf4, 0x21, 0x02, 0x2b, 0x00, 0x04, 0x32, 0x00, 0x02, 0x00, 0x00, 0x00, 0x14, 0x21
    .byte 0xf4, 0x21, 0x02, 0x03, 0x00, 0x0a, 0x00, 0x00, 0x00, 0x28, 0x00, 0x05, 0x25, 0x7e, 0xf4, 0x21
    .byte 0x02, 0x2b, 0x00, 0x04, 0x32, 0x00, 0x03, 0x00, 0x00, 0x00, 0x14, 0x3d, 0xf4, 0x21, 0x02, 0x03
    .byte 0x00, 0x14, 0x00, 0x00, 0x00, 0x28, 0x00, 0x05, 0x25, 0x7e, 0xf4, 0x21, 0x02, 0x2b, 0x00, 0x04
    .byte 0x32, 0x00, 0x04, 0x00, 0x00, 0x00, 0x14, 0x59, 0xf4, 0x21, 0x02, 0x03, 0x00, 0x32, 0x00, 0x00
    .byte 0x00, 0x28, 0x00, 0x05, 0x25, 0x7e, 0xf4, 0x21, 0x02, 0x2b, 0x00, 0x04, 0x32, 0x00, 0x05, 0x00
    .byte 0x00, 0x00, 0x14, 0x75, 0xf4, 0x21, 0x02, 0x03, 0x00, 0x64, 0x00, 0x00, 0x00, 0x28, 0x00, 0x05
    .byte 0x25, 0x7e, 0xf4, 0x21, 0x02, 0x03, 0x00, 0xc8, 0x00, 0x00, 0x00, 0x28, 0x00, 0x05, 0x2f, 0x05
    .byte 0x15, 0x10, 0x18, 0x70, 0x17, 0x00, 0x15, 0x11, 0x18, 0x70, 0x05, 0x00, 0x01, 0x00, 0x00, 0x00
    .byte 0x17, 0x00, 0x15, 0x12, 0x18, 0x70, 0x05, 0x00, 0x18, 0x00, 0x00, 0x00, 0x17, 0x00, 0x2c, 0x00
    .byte 0x01, 0x00, 0x00, 0x15, 0x01, 0x18, 0x70, 0x24, 0x00, 0x80, 0x00, 0x00, 0x00, 0x17, 0x00, 0x03
    .byte 0x00, 0x40, 0x00, 0x00, 0x00, 0x2c, 0x40, 0x00, 0x00, 0x00, 0x15, 0x01, 0x18, 0x71, 0x04, 0x10
    .byte 0x17, 0x00, 0x2c, 0x00, 0x08, 0x00, 0x00, 0x2c, 0x78, 0x00, 0x00, 0x00, 0x15, 0xb2, 0x2b, 0x00
    .byte 0x06, 0x24, 0x00, 0x0a, 0x00, 0x00, 0x00, 0x33, 0x00, 0x00, 0x00, 0x00, 0x00, 0x14, 0xec, 0xf4
    .byte 0x21, 0x02, 0x01, 0x07, 0xf5, 0x21, 0x02, 0x25, 0x06, 0xf5, 0x21, 0x02, 0x2b, 0x00, 0x06, 0x24
    .byte 0x00, 0x0a, 0x00, 0x00, 0x00, 0x28, 0x00, 0x06, 0x2c, 0x0a, 0x00, 0x00, 0x00, 0x15, 0x07, 0x15
    .byte 0x08, 0x01, 0x45, 0xf3, 0x21, 0x02, 0x00, 0x20, 0x00, 0x00, 0x2c, 0x00, 0xb1, 0x00, 0x00, 0x15
    .byte 0xe0, 0x2c, 0x05, 0x00, 0x00, 0x00, 0x15, 0x05, 0x20, 0x00, 0x00, 0x15, 0x06, 0x15, 0x16, 0x20
    .byte 0x00, 0x00, 0x15, 0x05, 0x20, 0x00, 0x00, 0x15, 0x06, 0x2f, 0x00, 0x20, 0x00, 0x00, 0x2c, 0x3c
    .byte 0x00, 0x00, 0x00, 0x2c, 0x0a, 0x00, 0x00, 0x00, 0x20, 0x00, 0x00, 0x15, 0x04, 0x2c, 0x01, 0x00
    .byte 0x00, 0x00, 0x2c, 0x57, 0xf2, 0x21, 0x02, 0x15, 0x29, 0x01, 0x4f, 0xf5, 0x21, 0x02, 0x00, 0x2f
    .byte 0x00, 0x15, 0x84, 0x18, 0x70, 0x28, 0x00, 0x07, 0x2b, 0x00, 0x07, 0x35, 0x00, 0x00, 0x00, 0x00
    .byte 0x00, 0x14, 0x75, 0xf5, 0x21, 0x02, 0x2c, 0x06, 0x00, 0x00, 0x00, 0x15, 0x05, 0x2c, 0x01, 0x00
    .byte 0x00, 0x00, 0x15, 0x06, 0x00, 0x2c, 0x01, 0x00, 0x00, 0x00, 0x15, 0x07, 0x15, 0x08, 0x25, 0x4f
    .byte 0xf5, 0x21, 0x02, 0x00, 0x03, 0x00, 0x2c, 0x00, 0x00, 0x00, 0x28, 0x00, 0x00, 0x03, 0x00, 0x02
    .byte 0x00, 0x00, 0x00, 0x28, 0x00, 0x01, 0x01, 0xda, 0xf1, 0x21, 0x02, 0x00, 0x2c, 0x97, 0x02, 0x00
    .byte 0x00, 0x15, 0x37, 0x18, 0x70, 0x32, 0x00, 0x01, 0x00, 0x00, 0x00, 0x14, 0xb2, 0xf5, 0x21, 0x02
    .byte 0x15, 0x0d, 0x2c, 0x06, 0x00, 0x00, 0x00, 0x2c, 0x40, 0x00, 0x00, 0x00, 0x20, 0x00, 0x00, 0x20
    .byte 0x00, 0x00, 0x20, 0x00, 0x00, 0x15, 0x5c, 0x2c, 0x07, 0x00, 0x00, 0x00, 0x2c, 0x40, 0x00, 0x00
    .byte 0x00, 0x20, 0x00, 0x00, 0x20, 0x00, 0x00, 0x20, 0x00, 0x00, 0x15, 0x5c, 0x2c, 0x08, 0x00, 0x00
    .byte 0x00, 0x20, 0x00, 0x00, 0x2c, 0xf8, 0xff, 0xff, 0xff, 0x20, 0x00, 0x00, 0x20, 0x00, 0x00, 0x15
    .byte 0x5c, 0x15, 0x10, 0x18, 0x70, 0x28, 0x00, 0x00, 0x15, 0x11, 0x18, 0x70, 0x28, 0x00, 0x01, 0x15
    .byte 0x12, 0x18, 0x70, 0x28, 0x00, 0x02, 0x2c, 0x01, 0x00, 0x00, 0x00, 0x2c, 0x13, 0xf6, 0x21, 0x02
    .byte 0x15, 0x29, 0x00, 0x20, 0x00, 0x00, 0x2c, 0x6e, 0xf6, 0x21, 0x02, 0x15, 0x39, 0x2b, 0x00, 0x00
    .byte 0x2c, 0x01, 0x00, 0x00, 0x00, 0x2c, 0xfe, 0xff, 0xff, 0xff, 0x2c, 0x02, 0x00, 0x00, 0x00, 0x2c
    .byte 0x08, 0x00, 0x00, 0x00, 0x20, 0x00, 0x00, 0x15, 0x9e, 0x18, 0x71, 0x04, 0x10, 0x17, 0x00, 0x2f
    .byte 0x01, 0x2f, 0x02, 0x15, 0x02, 0x2c, 0x01, 0x00, 0x00, 0x00, 0x15, 0x07, 0x15, 0x08, 0x20, 0x00
    .byte 0x00, 0x15, 0x42, 0x18, 0x70, 0x14, 0x5f, 0xf6, 0x21, 0x02, 0x25, 0x64, 0xf6, 0x21, 0x02, 0x25
    .byte 0x1d, 0xf6, 0x21, 0x02, 0x2f, 0x00, 0x2f, 0x01, 0x2f, 0x02, 0x15, 0x02, 0x00, 0x00, 0x15, 0x28
    .byte 0x2c, 0x00, 0x01, 0x00, 0x00, 0x15, 0x17, 0x2c, 0x0f, 0x10, 0x00, 0x00, 0x2c, 0x01, 0x10, 0x00
    .byte 0x00, 0x2c, 0x10, 0x10, 0x00, 0x00, 0x2c, 0x02, 0x00, 0x00, 0x00, 0x20, 0x00, 0x00, 0x15, 0x73
    .byte 0x20, 0x00, 0x00, 0x2c, 0x80, 0x7a, 0x00, 0x00, 0x15, 0xe0, 0x03, 0x00, 0x10, 0x00, 0x00, 0x00
    .byte 0x29, 0x01, 0xff, 0x04, 0x10, 0x17, 0x00, 0x15, 0x05, 0x15, 0x16, 0x03, 0x00, 0x10, 0x00, 0x00
    .byte 0x00, 0x29, 0x01, 0xff, 0x04, 0x10, 0x17, 0x00, 0x15, 0x05, 0x15, 0x16, 0x03, 0x00, 0x10, 0x00
    .byte 0x00, 0x00, 0x29, 0x01, 0xff, 0x04, 0x10, 0x17, 0x00, 0x15, 0x05, 0x15, 0x16, 0x03, 0x00, 0x10
    .byte 0x00, 0x00, 0x00, 0x29, 0x01, 0xff, 0x04, 0x10, 0x17, 0x00, 0x15, 0x05, 0x15, 0x16, 0x00, 0x2c
    .byte 0x01, 0x00, 0x00, 0x00, 0x15, 0xd7, 0x20, 0x00, 0x00, 0x2c, 0xcc, 0xff, 0xff, 0xff, 0x15, 0xd1
    .byte 0x20, 0x00, 0x00, 0x15, 0x05, 0x2c, 0x01, 0x00, 0x00, 0x00, 0x15, 0x09, 0x2c, 0x01, 0x00, 0x00
    .byte 0x00, 0x15, 0x06, 0x2c, 0x97, 0x02, 0x00, 0x00, 0x15, 0x37, 0x18, 0x70, 0x32, 0x00, 0x01, 0x00
    .byte 0x00, 0x00, 0x14, 0x28, 0xf7, 0x21, 0x02, 0x2c, 0x01, 0x00, 0x00, 0x00, 0x2c, 0xc8, 0xf7, 0x21
    .byte 0x02, 0x15, 0x29, 0x25, 0x39, 0xf7, 0x21, 0x02, 0x2c, 0x01, 0x00, 0x00, 0x00, 0x2c, 0x5f, 0xf7
    .byte 0x21, 0x02, 0x15, 0x29, 0x01, 0x3a, 0xf7, 0x21, 0x02, 0x00, 0x2c, 0x97, 0x02, 0x00, 0x00, 0x15
    .byte 0x37, 0x18, 0x70, 0x32, 0x00, 0x01, 0x00, 0x00, 0x00, 0x14, 0x5a, 0xf7, 0x21, 0x02, 0x2c, 0x01
    .byte 0x00, 0x00, 0x00, 0x2c, 0xc8, 0xf7, 0x21, 0x02, 0x15, 0x29, 0x01, 0x3a, 0xf7, 0x21, 0x02, 0x2c
    .byte 0x1b, 0x00, 0x00, 0x00, 0x15, 0x31, 0x18, 0x70, 0x26, 0x00, 0xd2, 0x20, 0x00, 0x00, 0x2c, 0x2f
    .byte 0xe8, 0x21, 0x02, 0x15, 0x39, 0x20, 0x00, 0x00, 0x15, 0x42, 0x18, 0x70, 0x32, 0x00, 0x00, 0x00
    .byte 0x00, 0x00, 0x14, 0x8c, 0xf7, 0x21, 0x02, 0x01, 0x75, 0xf7, 0x21, 0x02, 0x2c, 0x01, 0x00, 0x00
    .byte 0x00, 0x15, 0x45, 0x15, 0x8b, 0x18, 0x70, 0x32, 0x00, 0x00, 0x00, 0x00, 0x00, 0x13, 0xa7, 0xf7
    .byte 0x21, 0x02, 0x01, 0x93, 0xf7, 0x21, 0x02, 0x2c, 0x50, 0x04, 0x00, 0x00, 0x2c, 0x01, 0x00, 0x00
    .byte 0x00, 0x20, 0x00, 0x00, 0x20, 0x00, 0x00, 0x15, 0x59, 0x15, 0x5a, 0x20, 0x00, 0x00, 0x15, 0x05
    .byte 0x2c, 0x01, 0x00, 0x00, 0x00, 0x15, 0x06, 0x00, 0x2c, 0x1b, 0x00, 0x00, 0x00, 0x15, 0x31, 0x18
    .byte 0x70, 0x26, 0x00, 0xd2, 0x20, 0x00, 0x00, 0x2c, 0x2f, 0xe8, 0x21, 0x02, 0x15, 0x39, 0x20, 0x00
    .byte 0x00, 0x15, 0x42, 0x18, 0x70, 0x32, 0x00, 0x00, 0x00, 0x00, 0x00, 0x14, 0xf5, 0xf7, 0x21, 0x02
    .byte 0x01, 0xde, 0xf7, 0x21, 0x02, 0x2c, 0x01, 0x00, 0x00, 0x00, 0x15, 0x45, 0x15, 0x8b, 0x18, 0x70
    .byte 0x32, 0x00, 0x00, 0x00, 0x00, 0x00, 0x13, 0x10, 0xf8, 0x21, 0x02, 0x01, 0xfc, 0xf7, 0x21, 0x02
    .byte 0x2c, 0x51, 0x04, 0x00, 0x00, 0x2c, 0x01, 0x00, 0x00, 0x00, 0x20, 0x00, 0x00, 0x20, 0x00, 0x00
    .byte 0x15, 0x59, 0x15, 0x5a, 0x20, 0x00, 0x00, 0x15, 0x05, 0x2c, 0x01, 0x00, 0x00, 0x00, 0x15, 0x06
    .byte 0x00, 0x20, 0x00, 0x00, 0x15, 0x3c, 0x2c, 0x05, 0x00, 0x00, 0x00, 0x2c, 0x07, 0x00, 0x00, 0x00
    .byte 0x15, 0x47, 0x18, 0x70, 0x17, 0x00, 0x2c, 0x05, 0x00, 0x00, 0x00, 0x2c, 0x08, 0x00, 0x00, 0x00
    .byte 0x15, 0x47, 0x18, 0x70, 0x17, 0x00, 0x2c, 0x05, 0x00, 0x00, 0x00, 0x2c, 0x09, 0x00, 0x00, 0x00
    .byte 0x15, 0x47, 0x18, 0x70, 0x17, 0x00, 0x15, 0x02, 0x2c, 0x06, 0x00, 0x00, 0x00, 0x15, 0x31, 0x18
    .byte 0x70, 0x14, 0x68, 0xf9, 0x21, 0x02, 0x2c, 0x1e, 0x00, 0x00, 0x00, 0x15, 0x01, 0x18, 0x70, 0x32
    .byte 0x00, 0x01, 0x00, 0x00, 0x00, 0x14, 0xb7, 0xf8, 0x21, 0x02, 0x2c, 0x03, 0x00, 0x00, 0x00, 0x2c
    .byte 0x80, 0xf9, 0x00, 0x00, 0x15, 0xe0, 0x18, 0x70, 0x14, 0xa9, 0xf8, 0x21, 0x02, 0x2c, 0x01, 0x00
    .byte 0x00, 0x00, 0x2c, 0x80, 0xf9, 0x00, 0x00, 0x15, 0xe0, 0x2c, 0xb4, 0x00, 0x00, 0x00, 0x15, 0x07
    .byte 0x15, 0x08, 0x25, 0x5e, 0xf9, 0x21, 0x02, 0x2c, 0x06, 0x00, 0x00, 0x00, 0x2c, 0x2c, 0x00, 0x00
    .byte 0x00, 0x15, 0x10, 0x18, 0x70, 0x17, 0x00, 0x15, 0x11, 0x18, 0x70, 0x24, 0x00, 0x18, 0x00, 0x00
    .byte 0x00, 0x17, 0x00, 0x15, 0x12, 0x18, 0x70, 0x17, 0x00, 0x15, 0x10, 0x18, 0x70, 0x17, 0x00, 0x15
    .byte 0x11, 0x18, 0x70, 0x24, 0x00, 0x18, 0x00, 0x00, 0x00, 0x17, 0x00, 0x15, 0x12, 0x18, 0x70, 0x17
    .byte 0x00, 0x15, 0x33, 0x2c, 0x03, 0x00, 0x00, 0x00, 0x2c, 0x80, 0xf9, 0x00, 0x00, 0x15, 0xe0, 0x18
    .byte 0x70, 0x32, 0x00, 0x01, 0x00, 0x00, 0x00, 0x14, 0x18, 0xf9, 0x21, 0x02, 0x2c, 0x01, 0x00, 0x00
    .byte 0x00, 0x2c, 0x80, 0xf9, 0x00, 0x00, 0x15, 0xe0, 0x2c, 0x03, 0x00, 0x00, 0x00, 0x2c, 0x80, 0xf9
    .byte 0x00, 0x00, 0x15, 0xe0, 0x18, 0x70, 0x32, 0x00, 0x00, 0x00, 0x00, 0x00, 0x14, 0x47, 0xf9, 0x21
    .byte 0x02, 0x2c, 0x1a, 0x00, 0x00, 0x00, 0x2c, 0x80, 0xf9, 0x00, 0x00, 0x2c, 0x00, 0xe7, 0xff, 0xff
    .byte 0x2c, 0x80, 0x00, 0x00, 0x00, 0x15, 0x0c, 0x03, 0x00, 0x1e, 0x00, 0x00, 0x00, 0x2c, 0x05, 0x00
    .byte 0x00, 0x00, 0x15, 0x01, 0x18, 0x71, 0x04, 0x10, 0x17, 0x00, 0x15, 0x07, 0x15, 0x08, 0x01, 0x68
    .byte 0xf8, 0x21, 0x02, 0x25, 0x6d, 0xf9, 0x21, 0x02, 0x01, 0x68, 0xf8, 0x21, 0x02, 0x00, 0x03, 0x00
    .byte 0x08, 0x00, 0x00, 0x00, 0x28, 0x00, 0x04, 0x2c, 0x01, 0x00, 0x00, 0x00, 0x15, 0x09, 0x29, 0x00
    .byte 0x7c, 0x32, 0x00, 0x01, 0x00, 0x00, 0x00, 0x14, 0x9d, 0xf9, 0x21, 0x02, 0x2c, 0x02, 0x00, 0x00
    .byte 0x00, 0x15, 0x05, 0x01, 0x46, 0xfc, 0x21, 0x02, 0x25, 0xb7, 0xf9, 0x21, 0x02, 0x29, 0x00, 0x7c
    .byte 0x32, 0x00, 0x02, 0x00, 0x00, 0x00, 0x14, 0xb7, 0xf9, 0x21, 0x02, 0x2c, 0x04, 0x00, 0x00, 0x00
    .byte 0x15, 0x05, 0x01, 0xd5, 0xfe, 0x21, 0x02, 0x2b, 0x00, 0x05, 0x32, 0x00, 0x01, 0x00, 0x00, 0x00
    .byte 0x14, 0x20, 0xfb, 0x21, 0x02, 0x2b, 0x00, 0x06, 0x32, 0x00, 0x64, 0x00, 0x00, 0x00, 0x14, 0x75
    .byte 0xfa, 0x21, 0x02, 0x2b, 0x00, 0x07, 0x32, 0x00, 0x00, 0x00, 0x00, 0x00, 0x13, 0xef, 0xf9, 0x21
    .byte 0x02, 0x2b, 0x00, 0x07, 0x32, 0x00, 0x01, 0x00, 0x00, 0x00, 0x14, 0x75, 0xfa, 0x21, 0x02, 0x2c
    .byte 0x00, 0x04, 0x00, 0x00, 0x15, 0x37, 0x18, 0x70, 0x14, 0x02, 0xfa, 0x21, 0x02, 0x01, 0xef, 0xf9
    .byte 0x21, 0x02, 0x2c, 0xee, 0x03, 0x00, 0x00, 0x15, 0x37, 0x18, 0x70, 0x14, 0x15, 0xfa, 0x21, 0x02
    .byte 0x01, 0x02, 0xfa, 0x21, 0x02, 0x2c, 0x02, 0x00, 0x00, 0x00, 0x15, 0x9b, 0x18, 0x70, 0x32, 0x00
    .byte 0x00, 0x00, 0x00, 0x00, 0x14, 0x2e, 0xfa, 0x21, 0x02, 0x01, 0x15, 0xfa, 0x21, 0x02, 0x20, 0x00
    .byte 0x00, 0x15, 0x9b, 0x18, 0x70, 0x14, 0x4e, 0xfa, 0x21, 0x02, 0x20, 0x00, 0x00, 0x2c, 0xff, 0xff
    .byte 0xff, 0xff, 0x2c, 0xff, 0xff, 0xff, 0xff, 0x2c, 0xff, 0xff, 0xff, 0xff, 0x15, 0x89, 0x20, 0x00
    .byte 0x00, 0x15, 0x07, 0x15, 0x08, 0x03, 0x00, 0x00, 0x00, 0x00, 0x00, 0x28, 0x00, 0x05, 0x2c, 0x03
    .byte 0x00, 0x00, 0x00, 0x2c, 0x25, 0xfb, 0x21, 0x02, 0x15, 0x29, 0x01, 0x46, 0xfc, 0x21, 0x02, 0x00
    .byte 0x25, 0x20, 0xfb, 0x21, 0x02, 0x2b, 0x00, 0x06, 0x32, 0x00, 0x64, 0x00, 0x00, 0x00, 0x14, 0x12
    .byte 0xfb, 0x21, 0x02, 0x2b, 0x00, 0x07, 0x32, 0x00, 0x02, 0x00, 0x00, 0x00, 0x14, 0x12, 0xfb, 0x21
    .byte 0x02, 0x2c, 0x00, 0x04, 0x00, 0x00, 0x15, 0x37, 0x18, 0x70, 0x14, 0xa4, 0xfa, 0x21, 0x02, 0x01
    .byte 0x91, 0xfa, 0x21, 0x02, 0x2c, 0xee, 0x03, 0x00, 0x00, 0x15, 0x37, 0x18, 0x70, 0x14, 0xb7, 0xfa
    .byte 0x21, 0x02, 0x01, 0xa4, 0xfa, 0x21, 0x02, 0x2c, 0x02, 0x00, 0x00, 0x00, 0x15, 0x9b, 0x18, 0x70
    .byte 0x32, 0x00, 0x00, 0x00, 0x00, 0x00, 0x14, 0xd0, 0xfa, 0x21, 0x02, 0x01, 0xb7, 0xfa, 0x21, 0x02
    .byte 0x20, 0x00, 0x00, 0x15, 0x9b, 0x18, 0x70, 0x14, 0xf0, 0xfa, 0x21, 0x02, 0x20, 0x00, 0x00, 0x2c
    .byte 0xff, 0xff, 0xff, 0xff, 0x2c, 0xff, 0xff, 0xff, 0xff, 0x2c, 0xff, 0xff, 0xff, 0xff, 0x15, 0x89
    .byte 0x20, 0x00, 0x00, 0x15, 0x07, 0x15, 0x08, 0x03, 0x00, 0x00, 0x00, 0x00, 0x00, 0x28, 0x00, 0x05
    .byte 0x2c, 0x03, 0x00, 0x00, 0x00, 0x2c, 0xaf, 0xff, 0x21, 0x02, 0x15, 0x29, 0x00, 0x25, 0x20, 0xfb
    .byte 0x21, 0x02, 0x03, 0x00, 0x00, 0x00, 0x00, 0x00, 0x28, 0x00, 0x05, 0x01, 0xb7, 0xf9, 0x21, 0x02
    .byte 0x01, 0xb7, 0xf9, 0x21, 0x02, 0x2c, 0x14, 0x00, 0x00, 0x00, 0x15, 0x07, 0x15, 0x08, 0x2c, 0x01
    .byte 0x00, 0x00, 0x00, 0x15, 0x05, 0x2c, 0x01, 0x00, 0x00, 0x00, 0x15, 0x06, 0x2c, 0x0a, 0x00, 0x00
    .byte 0x00, 0x15, 0x07, 0x15, 0x08, 0x2c, 0x03, 0x00, 0x00, 0x00, 0x2c, 0x01, 0x00, 0x00, 0x00, 0x20
    .byte 0x00, 0x00, 0x20, 0x00, 0x00, 0x20, 0x00, 0x00, 0x15, 0x4f, 0x2c, 0x1b, 0x00, 0x00, 0x00, 0x15
    .byte 0x31, 0x18, 0x70, 0x26, 0x00, 0xd2, 0x20, 0x00, 0x00, 0x2c, 0x2f, 0xe8, 0x21, 0x02, 0x15, 0x39
    .byte 0x20, 0x00, 0x00, 0x15, 0x42, 0x18, 0x70, 0x32, 0x00, 0x00, 0x00, 0x00, 0x00, 0x14, 0x87, 0xfb
    .byte 0x21, 0x02, 0x01, 0x70, 0xfb, 0x21, 0x02, 0x2c, 0x01, 0x00, 0x00, 0x00, 0x2c, 0x05, 0x00, 0x00
    .byte 0x00, 0x2c, 0x07, 0x00, 0x00, 0x00, 0x15, 0x47, 0x18, 0x70, 0x17, 0x00, 0x2c, 0x05, 0x00, 0x00
    .byte 0x00, 0x2c, 0x08, 0x00, 0x00, 0x00, 0x15, 0x47, 0x18, 0x70, 0x2c, 0x05, 0x00, 0x00, 0x00, 0x2c
    .byte 0x09, 0x00, 0x00, 0x00, 0x15, 0x47, 0x18, 0x71, 0x23, 0x10, 0x17, 0x00, 0x2c, 0x3c, 0x00, 0x00
    .byte 0x00, 0x20, 0x00, 0x00, 0x15, 0x4f, 0x18, 0x70, 0x17, 0x00, 0x15, 0x07, 0x15, 0x08, 0x2c, 0x0a
    .byte 0x00, 0x00, 0x00, 0x15, 0x07, 0x15, 0x08, 0x2c, 0x19, 0x00, 0x00, 0x00, 0x15, 0x07, 0x15, 0x08
    .byte 0x20, 0x00, 0x00, 0x2c, 0x81, 0xf9, 0x00, 0x00, 0x15, 0xe0, 0x2c, 0x02, 0x00, 0x00, 0x00, 0x15
    .byte 0x05, 0x03, 0x00, 0x01, 0x00, 0x00, 0x00, 0x26, 0x00, 0x7c, 0x2c, 0x3c, 0x00, 0x00, 0x00, 0x15
    .byte 0x07, 0x15, 0x08, 0x2c, 0x0a, 0x00, 0x00, 0x00, 0x15, 0x07, 0x15, 0x08, 0x2c, 0x02, 0x00, 0x00
    .byte 0x00, 0x2c, 0x3c, 0x00, 0x00, 0x00, 0x20, 0x00, 0x00, 0x20, 0x00, 0x00, 0x20, 0x00, 0x00, 0x15
    .byte 0x4f, 0x18, 0x70, 0x17, 0x00, 0x15, 0x07, 0x15, 0x08, 0x2c, 0x03, 0x00, 0x00, 0x00, 0x20, 0x00
    .byte 0x00, 0x20, 0x00, 0x00, 0x20, 0x00, 0x00, 0x20, 0x00, 0x00, 0x15, 0x4f, 0x2c, 0x0a, 0x00, 0x00
    .byte 0x00, 0x15, 0x07, 0x15, 0x08, 0x00, 0x2b, 0x00, 0x05, 0x32, 0x00, 0x01, 0x00, 0x00, 0x00, 0x14
    .byte 0xaf, 0xfd, 0x21, 0x02, 0x2b, 0x00, 0x06, 0x32, 0x00, 0x64, 0x00, 0x00, 0x00, 0x14, 0x04, 0xfd
    .byte 0x21, 0x02, 0x2b, 0x00, 0x07, 0x32, 0x00, 0x00, 0x00, 0x00, 0x00, 0x13, 0x7e, 0xfc, 0x21, 0x02
    .byte 0x2b, 0x00, 0x07, 0x32, 0x00, 0x01, 0x00, 0x00, 0x00, 0x14, 0x04, 0xfd, 0x21, 0x02, 0x2c, 0x00
    .byte 0x04, 0x00, 0x00, 0x15, 0x37, 0x18, 0x70, 0x14, 0x91, 0xfc, 0x21, 0x02, 0x01, 0x7e, 0xfc, 0x21
    .byte 0x02, 0x2c, 0xee, 0x03, 0x00, 0x00, 0x15, 0x37, 0x18, 0x70, 0x14, 0xa4, 0xfc, 0x21, 0x02, 0x01
    .byte 0x91, 0xfc, 0x21, 0x02, 0x2c, 0x02, 0x00, 0x00, 0x00, 0x15, 0x9b, 0x18, 0x70, 0x32, 0x00, 0x00
    .byte 0x00, 0x00, 0x00, 0x14, 0xbd, 0xfc, 0x21, 0x02, 0x01, 0xa4, 0xfc, 0x21, 0x02, 0x20, 0x00, 0x00
    .byte 0x15, 0x9b, 0x18, 0x70, 0x14, 0xdd, 0xfc, 0x21, 0x02, 0x20, 0x00, 0x00, 0x2c, 0xff, 0xff, 0xff
    .byte 0xff, 0x2c, 0xff, 0xff, 0xff, 0xff, 0x2c, 0xff, 0xff, 0xff, 0xff, 0x15, 0x89, 0x20, 0x00, 0x00
    .byte 0x15, 0x07, 0x15, 0x08, 0x03, 0x00, 0x00, 0x00, 0x00, 0x00, 0x28, 0x00, 0x05, 0x2c, 0x03, 0x00
    .byte 0x00, 0x00, 0x2c, 0xb4, 0xfd, 0x21, 0x02, 0x15, 0x29, 0x01, 0xd5, 0xfe, 0x21, 0x02, 0x00, 0x25
    .byte 0xaf, 0xfd, 0x21, 0x02, 0x2b, 0x00, 0x06, 0x32, 0x00, 0x64, 0x00, 0x00, 0x00, 0x14, 0xa1, 0xfd
    .byte 0x21, 0x02, 0x2b, 0x00, 0x07, 0x32, 0x00, 0x02, 0x00, 0x00, 0x00, 0x14, 0xa1, 0xfd, 0x21, 0x02
    .byte 0x2c, 0x00, 0x04, 0x00, 0x00, 0x15, 0x37, 0x18, 0x70, 0x14, 0x33, 0xfd, 0x21, 0x02, 0x01, 0x20
    .byte 0xfd, 0x21, 0x02, 0x2c, 0xee, 0x03, 0x00, 0x00, 0x15, 0x37, 0x18, 0x70, 0x14, 0x46, 0xfd, 0x21
    .byte 0x02, 0x01, 0x33, 0xfd, 0x21, 0x02, 0x2c, 0x02, 0x00, 0x00, 0x00, 0x15, 0x9b, 0x18, 0x70, 0x32
    .byte 0x00, 0x00, 0x00, 0x00, 0x00, 0x14, 0x5f, 0xfd, 0x21, 0x02, 0x01, 0x46, 0xfd, 0x21, 0x02, 0x20
    .byte 0x00, 0x00, 0x15, 0x9b, 0x18, 0x70, 0x14, 0x7f, 0xfd, 0x21, 0x02, 0x20, 0x00, 0x00, 0x2c, 0xff
    .byte 0xff, 0xff, 0xff, 0x2c, 0xff, 0xff, 0xff, 0xff, 0x2c, 0xff, 0xff, 0xff, 0xff, 0x15, 0x89, 0x20
    .byte 0x00, 0x00, 0x15, 0x07, 0x15, 0x08, 0x03, 0x00, 0x00, 0x00, 0x00, 0x00, 0x28, 0x00, 0x05, 0x2c
    .byte 0x03, 0x00, 0x00, 0x00, 0x2c, 0xaf, 0xff, 0x21, 0x02, 0x15, 0x29, 0x00, 0x25, 0xaf, 0xfd, 0x21
    .byte 0x02, 0x03, 0x00, 0x00, 0x00, 0x00, 0x00, 0x28, 0x00, 0x05, 0x01, 0x46, 0xfc, 0x21, 0x02, 0x01
    .byte 0x46, 0xfc, 0x21, 0x02, 0x2c, 0x14, 0x00, 0x00, 0x00, 0x15, 0x07, 0x15, 0x08, 0x2c, 0x03, 0x00
    .byte 0x00, 0x00, 0x15, 0x05, 0x2c, 0x01, 0x00, 0x00, 0x00, 0x15, 0x06, 0x2c, 0x0a, 0x00, 0x00, 0x00
    .byte 0x15, 0x07, 0x15, 0x08, 0x2c, 0x03, 0x00, 0x00, 0x00, 0x2c, 0x01, 0x00, 0x00, 0x00, 0x20, 0x00
    .byte 0x00, 0x20, 0x00, 0x00, 0x20, 0x00, 0x00, 0x15, 0x4f, 0x2c, 0x1b, 0x00, 0x00, 0x00, 0x15, 0x31
    .byte 0x18, 0x70, 0x26, 0x00, 0xd2, 0x20, 0x00, 0x00, 0x2c, 0x2f, 0xe8, 0x21, 0x02, 0x15, 0x39, 0x20
    .byte 0x00, 0x00, 0x15, 0x42, 0x18, 0x70, 0x32, 0x00, 0x00, 0x00, 0x00, 0x00, 0x14, 0x16, 0xfe, 0x21
    .byte 0x02, 0x01, 0xff, 0xfd, 0x21, 0x02, 0x2c, 0x01, 0x00, 0x00, 0x00, 0x2c, 0x05, 0x00, 0x00, 0x00
    .byte 0x2c, 0x07, 0x00, 0x00, 0x00, 0x15, 0x47, 0x18, 0x70, 0x17, 0x00, 0x2c, 0x05, 0x00, 0x00, 0x00
    .byte 0x2c, 0x08, 0x00, 0x00, 0x00, 0x15, 0x47, 0x18, 0x70, 0x2c, 0x05, 0x00, 0x00, 0x00, 0x2c, 0x09
    .byte 0x00, 0x00, 0x00, 0x15, 0x47, 0x18, 0x71, 0x23, 0x10, 0x17, 0x00, 0x2c, 0x3c, 0x00, 0x00, 0x00
    .byte 0x20, 0x00, 0x00, 0x15, 0x4f, 0x18, 0x70, 0x17, 0x00, 0x15, 0x07, 0x15, 0x08, 0x2c, 0x0a, 0x00
    .byte 0x00, 0x00, 0x15, 0x07, 0x15, 0x08, 0x2c, 0x19, 0x00, 0x00, 0x00, 0x15, 0x07, 0x15, 0x08, 0x20
    .byte 0x00, 0x00, 0x2c, 0x81, 0xf9, 0x00, 0x00, 0x15, 0xe0, 0x2c, 0x04, 0x00, 0x00, 0x00, 0x15, 0x05
    .byte 0x03, 0x00, 0x02, 0x00, 0x00, 0x00, 0x26, 0x00, 0x7c, 0x2c, 0x3c, 0x00, 0x00, 0x00, 0x15, 0x07
    .byte 0x15, 0x08, 0x2c, 0x0a, 0x00, 0x00, 0x00, 0x15, 0x07, 0x15, 0x08, 0x2c, 0x02, 0x00, 0x00, 0x00
    .byte 0x2c, 0x3c, 0x00, 0x00, 0x00, 0x20, 0x00, 0x00, 0x20, 0x00, 0x00, 0x20, 0x00, 0x00, 0x15, 0x4f
    .byte 0x18, 0x70, 0x17, 0x00, 0x15, 0x07, 0x15, 0x08, 0x2c, 0x03, 0x00, 0x00, 0x00, 0x20, 0x00, 0x00
    .byte 0x20, 0x00, 0x00, 0x20, 0x00, 0x00, 0x20, 0x00, 0x00, 0x15, 0x4f, 0x2c, 0x0a, 0x00, 0x00, 0x00
    .byte 0x15, 0x07, 0x15, 0x08, 0x00, 0x2b, 0x00, 0x05, 0x32, 0x00, 0x01, 0x00, 0x00, 0x00, 0x14, 0xaa
    .byte 0xff, 0x21, 0x02, 0x2b, 0x00, 0x06, 0x32, 0x00, 0x64, 0x00, 0x00, 0x00, 0x14, 0x9c, 0xff, 0x21
    .byte 0x02, 0x2b, 0x00, 0x07, 0x32, 0x00, 0x00, 0x00, 0x00, 0x00, 0x13, 0x1b, 0xff, 0x21, 0x02, 0x2b
    .byte 0x00, 0x07, 0x32, 0x00, 0x01, 0x00, 0x00, 0x00, 0x13, 0x1b, 0xff, 0x21, 0x02, 0x2b, 0x00, 0x07
    .byte 0x32, 0x00, 0x02, 0x00, 0x00, 0x00, 0x14, 0x9c, 0xff, 0x21, 0x02, 0x2c, 0x00, 0x04, 0x00, 0x00
    .byte 0x15, 0x37, 0x18, 0x70, 0x14, 0x2e, 0xff, 0x21, 0x02, 0x01, 0x1b, 0xff, 0x21, 0x02, 0x2c, 0xee
    .byte 0x03, 0x00, 0x00, 0x15, 0x37, 0x18, 0x70, 0x14, 0x41, 0xff, 0x21, 0x02, 0x01, 0x2e, 0xff, 0x21
    .byte 0x02, 0x2c, 0x02, 0x00, 0x00, 0x00, 0x15, 0x9b, 0x18, 0x70, 0x32, 0x00, 0x00, 0x00, 0x00, 0x00
    .byte 0x14, 0x5a, 0xff, 0x21, 0x02, 0x01, 0x41, 0xff, 0x21, 0x02, 0x20, 0x00, 0x00, 0x15, 0x9b, 0x18
    .byte 0x70, 0x14, 0x7a, 0xff, 0x21, 0x02, 0x20, 0x00, 0x00, 0x2c, 0xff, 0xff, 0xff, 0xff, 0x2c, 0xff
    .byte 0xff, 0xff, 0xff, 0x2c, 0xff, 0xff, 0xff, 0xff, 0x15, 0x89, 0x20, 0x00, 0x00, 0x15, 0x07, 0x15
    .byte 0x08, 0x03, 0x00, 0x00, 0x00, 0x00, 0x00, 0x28, 0x00, 0x05, 0x2c, 0x03, 0x00, 0x00, 0x00, 0x2c
    .byte 0xaf, 0xff, 0x21, 0x02, 0x15, 0x29, 0x00, 0x25, 0xaa, 0xff, 0x21, 0x02, 0x03, 0x00, 0x00, 0x00
    .byte 0x00, 0x00, 0x28, 0x00, 0x05, 0x01, 0xd5, 0xfe, 0x21, 0x02, 0x01, 0xd5, 0xfe, 0x21, 0x02, 0x2c
    .byte 0x14, 0x00, 0x00, 0x00, 0x15, 0x07, 0x15, 0x08, 0x2c, 0x05, 0x00, 0x00, 0x00, 0x15, 0x05, 0x2c
    .byte 0x01, 0x00, 0x00, 0x00, 0x15, 0x06, 0x2c, 0x0a, 0x00, 0x00, 0x00, 0x15, 0x07, 0x15, 0x08, 0x2c
    .byte 0x03, 0x00, 0x00, 0x00, 0x2c, 0x01, 0x00, 0x00, 0x00, 0x20, 0x00, 0x00, 0x20, 0x00, 0x00, 0x20
    .byte 0x00, 0x00, 0x15, 0x4f, 0x2c, 0x1b, 0x00, 0x00, 0x00, 0x15, 0x31, 0x18, 0x70, 0x26, 0x00, 0xd2
    .byte 0x20, 0x00, 0x00, 0x2c, 0x2f, 0xe8, 0x21, 0x02, 0x15, 0x39, 0x20, 0x00, 0x00, 0x15, 0x42, 0x18
    .byte 0x70, 0x32, 0x00, 0x00, 0x00, 0x00, 0x00, 0x14, 0x11, 0x00, 0x22, 0x02, 0x01, 0xfa, 0xff, 0x21
    .byte 0x02, 0x2c, 0x01, 0x00, 0x00, 0x00, 0x2c, 0x05, 0x00, 0x00, 0x00, 0x2c, 0x07, 0x00, 0x00, 0x00
    .byte 0x15, 0x47, 0x18, 0x70, 0x17, 0x00, 0x2c, 0x05, 0x00, 0x00, 0x00, 0x2c, 0x08, 0x00, 0x00, 0x00
    .byte 0x15, 0x47, 0x18, 0x70, 0x2c, 0x05, 0x00, 0x00, 0x00, 0x2c, 0x09, 0x00, 0x00, 0x00, 0x15, 0x47
    .byte 0x18, 0x71, 0x23, 0x10, 0x17, 0x00, 0x2c, 0x3c, 0x00, 0x00, 0x00, 0x20, 0x00, 0x00, 0x15, 0x4f
    .byte 0x18, 0x70, 0x17, 0x00, 0x15, 0x07, 0x15, 0x08, 0x2c, 0x0a, 0x00, 0x00, 0x00, 0x15, 0x07, 0x15
    .byte 0x08, 0x2c, 0x19, 0x00, 0x00, 0x00, 0x15, 0x07, 0x15, 0x08, 0x20, 0x00, 0x00, 0x2c, 0x81, 0xf9
    .byte 0x00, 0x00, 0x15, 0xe0, 0x20, 0x00, 0x00, 0x2c, 0x85, 0x42, 0x00, 0x00, 0x15, 0xe0, 0x20, 0x00
    .byte 0x00, 0x15, 0x18, 0x20, 0x00, 0x00, 0x15, 0x19, 0x2c, 0x06, 0x00, 0x00, 0x00, 0x15, 0x05, 0x2c
    .byte 0x10, 0x00, 0x00, 0x00, 0x15, 0x1b, 0x20, 0x00, 0x00, 0x2c, 0x02, 0x00, 0x00, 0x00, 0x15, 0x38
    .byte 0x03, 0x00, 0x03, 0x00, 0x00, 0x00, 0x26, 0x00, 0x7c, 0x2c, 0x94, 0x02, 0x00, 0x00, 0x15, 0x35
    .byte 0x2c, 0x06, 0x00, 0x00, 0x00, 0x2c, 0x34, 0x01, 0x22, 0x02, 0x15, 0x39, 0x2c, 0x06, 0x00, 0x00
    .byte 0x00, 0x15, 0x42, 0x18, 0x70, 0x32, 0x00, 0x00, 0x00, 0x00, 0x00, 0x14, 0xd5, 0x00, 0x22, 0x02
    .byte 0x01, 0xbc, 0x00, 0x22, 0x02, 0x2c, 0x0f, 0x00, 0x00, 0x00, 0x15, 0x07, 0x15, 0x08, 0x20, 0x00
    .byte 0x00, 0x2c, 0x31, 0x00, 0x00, 0x00, 0x15, 0xe0, 0x2c, 0x3c, 0x00, 0x00, 0x00, 0x15, 0x07, 0x15
    .byte 0x08, 0x2c, 0x0a, 0x00, 0x00, 0x00, 0x15, 0x07, 0x15, 0x08, 0x2c, 0x02, 0x00, 0x00, 0x00, 0x2c
    .byte 0x3c, 0x00, 0x00, 0x00, 0x20, 0x00, 0x00, 0x20, 0x00, 0x00, 0x20, 0x00, 0x00, 0x15, 0x4f, 0x18
    .byte 0x70, 0x17, 0x00, 0x15, 0x07, 0x15, 0x08, 0x2c, 0x03, 0x00, 0x00, 0x00, 0x20, 0x00, 0x00, 0x20
    .byte 0x00, 0x00, 0x20, 0x00, 0x00, 0x20, 0x00, 0x00, 0x15, 0x4f, 0x2c, 0x0a, 0x00, 0x00, 0x00, 0x15
    .byte 0x07, 0x15, 0x08, 0x00, 0x2c, 0x94, 0x02, 0x00, 0x00, 0x15, 0x37, 0x18, 0x70, 0x14, 0x87, 0x03
    .byte 0x22, 0x02, 0x2c, 0x95, 0x02, 0x00, 0x00, 0x15, 0x37, 0x18, 0x70, 0x14, 0x87, 0x03, 0x22, 0x02
    .byte 0x2c, 0x96, 0x02, 0x00, 0x00, 0x15, 0x37, 0x18, 0x70, 0x14, 0x87, 0x03, 0x22, 0x02, 0x2c, 0x0f
    .byte 0x00, 0x00, 0x00, 0x15, 0x07, 0x15, 0x08, 0x2c, 0x07, 0x00, 0x00, 0x00, 0x2c, 0x3c, 0x00, 0x00
    .byte 0x00, 0x15, 0xe0, 0x2c, 0x01, 0x00, 0x00, 0x00, 0x2c, 0x10, 0x00, 0x00, 0x00, 0x2c, 0x0d, 0x00
    .byte 0x00, 0x00, 0x15, 0xb7, 0x2c, 0x05, 0x00, 0x00, 0x00, 0x15, 0x07, 0x15, 0x08, 0x2c, 0x01, 0x00
    .byte 0x00, 0x00, 0x2c, 0x0f, 0x00, 0x00, 0x00, 0x2c, 0x0d, 0x00, 0x00, 0x00, 0x15, 0xb7, 0x2c, 0x05
    .byte 0x00, 0x00, 0x00, 0x15, 0x07, 0x15, 0x08, 0x2c, 0x01, 0x00, 0x00, 0x00, 0x2c, 0x0e, 0x00, 0x00
    .byte 0x00, 0x2c, 0x0d, 0x00, 0x00, 0x00, 0x15, 0xb7, 0x2c, 0x05, 0x00, 0x00, 0x00, 0x15, 0x07, 0x15
    .byte 0x08, 0x2c, 0x01, 0x00, 0x00, 0x00, 0x2c, 0x0d, 0x00, 0x00, 0x00, 0x2c, 0x0d, 0x00, 0x00, 0x00
    .byte 0x15, 0xb7, 0x2c, 0x05, 0x00, 0x00, 0x00, 0x15, 0x07, 0x15, 0x08, 0x2c, 0x01, 0x00, 0x00, 0x00
    .byte 0x2c, 0x0c, 0x00, 0x00, 0x00, 0x2c, 0x0d, 0x00, 0x00, 0x00, 0x15, 0xb7, 0x2c, 0x05, 0x00, 0x00
    .byte 0x00, 0x15, 0x07, 0x15, 0x08, 0x2c, 0x01, 0x00, 0x00, 0x00, 0x2c, 0x0b, 0x00, 0x00, 0x00, 0x2c
    .byte 0x0d, 0x00, 0x00, 0x00, 0x15, 0xb7, 0x2c, 0x05, 0x00, 0x00, 0x00, 0x15, 0x07, 0x15, 0x08, 0x2c
    .byte 0x01, 0x00, 0x00, 0x00, 0x2c, 0x0a, 0x00, 0x00, 0x00, 0x2c, 0x0d, 0x00, 0x00, 0x00, 0x15, 0xb7
    .byte 0x2c, 0x05, 0x00, 0x00, 0x00, 0x15, 0x07, 0x15, 0x08, 0x2c, 0x01, 0x00, 0x00, 0x00, 0x2c, 0x09
    .byte 0x00, 0x00, 0x00, 0x2c, 0x0d, 0x00, 0x00, 0x00, 0x15, 0xb7, 0x2c, 0x05, 0x00, 0x00, 0x00, 0x15
    .byte 0x07, 0x15, 0x08, 0x2c, 0x01, 0x00, 0x00, 0x00, 0x2c, 0x08, 0x00, 0x00, 0x00, 0x2c, 0x0d, 0x00
    .byte 0x00, 0x00, 0x15, 0xb7, 0x2c, 0x05, 0x00, 0x00, 0x00, 0x15, 0x07, 0x15, 0x08, 0x2c, 0x01, 0x00
    .byte 0x00, 0x00, 0x2c, 0x07, 0x00, 0x00, 0x00, 0x2c, 0x0d, 0x00, 0x00, 0x00, 0x15, 0xb7, 0x2c, 0x05
    .byte 0x00, 0x00, 0x00, 0x15, 0x07, 0x15, 0x08, 0x2c, 0x01, 0x00, 0x00, 0x00, 0x2c, 0x06, 0x00, 0x00
    .byte 0x00, 0x2c, 0x0d, 0x00, 0x00, 0x00, 0x15, 0xb7, 0x2c, 0x05, 0x00, 0x00, 0x00, 0x15, 0x07, 0x15
    .byte 0x08, 0x2c, 0x01, 0x00, 0x00, 0x00, 0x2c, 0x05, 0x00, 0x00, 0x00, 0x2c, 0x0d, 0x00, 0x00, 0x00
    .byte 0x15, 0xb7, 0x2c, 0x05, 0x00, 0x00, 0x00, 0x15, 0x07, 0x15, 0x08, 0x2c, 0x01, 0x00, 0x00, 0x00
    .byte 0x2c, 0x04, 0x00, 0x00, 0x00, 0x2c, 0x0d, 0x00, 0x00, 0x00, 0x15, 0xb7, 0x2c, 0x05, 0x00, 0x00
    .byte 0x00, 0x15, 0x07, 0x15, 0x08, 0x2c, 0x01, 0x00, 0x00, 0x00, 0x2c, 0x03, 0x00, 0x00, 0x00, 0x2c
    .byte 0x0d, 0x00, 0x00, 0x00, 0x15, 0xb7, 0x2c, 0x05, 0x00, 0x00, 0x00, 0x15, 0x07, 0x15, 0x08, 0x2c
    .byte 0x01, 0x00, 0x00, 0x00, 0x2c, 0x02, 0x00, 0x00, 0x00, 0x2c, 0x0e, 0x00, 0x00, 0x00, 0x15, 0xb7
    .byte 0x2c, 0x05, 0x00, 0x00, 0x00, 0x15, 0x07, 0x15, 0x08, 0x2c, 0x01, 0x00, 0x00, 0x00, 0x2c, 0x01
    .byte 0x00, 0x00, 0x00, 0x2c, 0x0f, 0x00, 0x00, 0x00, 0x15, 0xb7, 0x2c, 0x05, 0x00, 0x00, 0x00, 0x15
    .byte 0x07, 0x15, 0x08, 0x2c, 0x01, 0x00, 0x00, 0x00, 0x20, 0x00, 0x00, 0x2c, 0x10, 0x00, 0x00, 0x00
    .byte 0x15, 0xb7, 0x2c, 0x05, 0x00, 0x00, 0x00, 0x15, 0x07, 0x15, 0x08, 0x2c, 0x97, 0x02, 0x00, 0x00
    .byte 0x15, 0x35, 0x2c, 0x01, 0x00, 0x00, 0x00, 0x2c, 0x54, 0x00, 0x00, 0x00, 0x15, 0xef, 0x18, 0x70
    .byte 0x32, 0x00, 0x00, 0x00, 0x00, 0x00, 0x14, 0x52, 0x03, 0x22, 0x02, 0x2c, 0x8a, 0x02, 0x00, 0x00
    .byte 0x15, 0x35, 0x2c, 0x9b, 0x02, 0x00, 0x00, 0x15, 0x35, 0x15, 0x1f, 0x18, 0x70, 0x26, 0x00, 0x69
    .byte 0x15, 0x20, 0x18, 0x70, 0x26, 0x00, 0x6a, 0x15, 0x27, 0x18, 0x70, 0x26, 0x00, 0x6b, 0x2c, 0x3e
    .byte 0x00, 0x00, 0x00, 0x2c, 0xe0, 0xff, 0xff, 0xff, 0x2c, 0xe0, 0xff, 0xff, 0xff, 0x20, 0x00, 0x00
    .byte 0x15, 0x4a, 0x25, 0x24, 0x05, 0x22, 0x02, 0x2c, 0x94, 0x02, 0x00, 0x00, 0x15, 0x37, 0x18, 0x70
    .byte 0x14, 0xa3, 0x03, 0x22, 0x02, 0x2c, 0x95, 0x02, 0x00, 0x00, 0x15, 0x37, 0x18, 0x70, 0x13, 0xdb
    .byte 0x03, 0x22, 0x02, 0x2c, 0x94, 0x02, 0x00, 0x00, 0x15, 0x37, 0x18, 0x70, 0x14, 0xbf, 0x03, 0x22
    .byte 0x02, 0x2c, 0x96, 0x02, 0x00, 0x00, 0x15, 0x37, 0x18, 0x70, 0x13, 0xdb, 0x03, 0x22, 0x02, 0x2c
    .byte 0x95, 0x02, 0x00, 0x00, 0x15, 0x37, 0x18, 0x70, 0x14, 0x62, 0x04, 0x22, 0x02, 0x2c, 0x96, 0x02
    .byte 0x00, 0x00, 0x15, 0x37, 0x18, 0x70, 0x14, 0x62, 0x04, 0x22, 0x02, 0x2c, 0x0f, 0x00, 0x00, 0x00
    .byte 0x15, 0x07, 0x15, 0x08, 0x2c, 0x18, 0x00, 0x00, 0x00, 0x2c, 0x3f, 0x00, 0x00, 0x00, 0x2c, 0x1e
    .byte 0x00, 0x00, 0x00, 0x15, 0x0a, 0x2c, 0x01, 0x00, 0x00, 0x00, 0x2c, 0x10, 0x00, 0x00, 0x00, 0x2c
    .byte 0x0a, 0x00, 0x00, 0x00, 0x15, 0xb7, 0x2c, 0x1e, 0x00, 0x00, 0x00, 0x15, 0x07, 0x15, 0x08, 0x2c
    .byte 0x01, 0x00, 0x00, 0x00, 0x2c, 0x10, 0x00, 0x00, 0x00, 0x2c, 0x0b, 0x00, 0x00, 0x00, 0x15, 0xb7
    .byte 0x2c, 0x1e, 0x00, 0x00, 0x00, 0x15, 0x07, 0x15, 0x08, 0x2c, 0x01, 0x00, 0x00, 0x00, 0x2c, 0x10
    .byte 0x00, 0x00, 0x00, 0x2c, 0x0c, 0x00, 0x00, 0x00, 0x15, 0xb7, 0x2c, 0x1e, 0x00, 0x00, 0x00, 0x15
    .byte 0x07, 0x15, 0x08, 0x2c, 0x01, 0x00, 0x00, 0x00, 0x2c, 0x10, 0x00, 0x00, 0x00, 0x2c, 0x0d, 0x00
    .byte 0x00, 0x00, 0x15, 0xb7, 0x2c, 0x1e, 0x00, 0x00, 0x00, 0x15, 0x07, 0x15, 0x08, 0x25, 0x24, 0x05
    .byte 0x22, 0x02, 0x2c, 0x94, 0x02, 0x00, 0x00, 0x15, 0x37, 0x18, 0x70, 0x13, 0x8c, 0x04, 0x22, 0x02
    .byte 0x2c, 0x95, 0x02, 0x00, 0x00, 0x15, 0x37, 0x18, 0x70, 0x13, 0x8c, 0x04, 0x22, 0x02, 0x2c, 0x96
    .byte 0x02, 0x00, 0x00, 0x15, 0x37, 0x18, 0x70, 0x14, 0x13, 0x05, 0x22, 0x02, 0x2c, 0x0f, 0x00, 0x00
    .byte 0x00, 0x15, 0x07, 0x15, 0x08, 0x2c, 0x18, 0x00, 0x00, 0x00, 0x2c, 0x5f, 0x00, 0x00, 0x00, 0x2c
    .byte 0x1e, 0x00, 0x00, 0x00, 0x15, 0x0a, 0x2c, 0x01, 0x00, 0x00, 0x00, 0x2c, 0x10, 0x00, 0x00, 0x00
    .byte 0x2c, 0x06, 0x00, 0x00, 0x00, 0x15, 0xb7, 0x2c, 0x1e, 0x00, 0x00, 0x00, 0x15, 0x07, 0x15, 0x08
    .byte 0x2c, 0x01, 0x00, 0x00, 0x00, 0x2c, 0x10, 0x00, 0x00, 0x00, 0x2c, 0x07, 0x00, 0x00, 0x00, 0x15
    .byte 0xb7, 0x2c, 0x1e, 0x00, 0x00, 0x00, 0x15, 0x07, 0x15, 0x08, 0x2c, 0x01, 0x00, 0x00, 0x00, 0x2c
    .byte 0x10, 0x00, 0x00, 0x00, 0x2c, 0x08, 0x00, 0x00, 0x00, 0x15, 0xb7, 0x2c, 0x1e, 0x00, 0x00, 0x00
    .byte 0x15, 0x07, 0x15, 0x08, 0x2c, 0x01, 0x00, 0x00, 0x00, 0x2c, 0x10, 0x00, 0x00, 0x00, 0x2c, 0x09
    .byte 0x00, 0x00, 0x00, 0x15, 0xb7, 0x2c, 0x1e, 0x00, 0x00, 0x00, 0x15, 0x07, 0x15, 0x08, 0x25, 0x24
    .byte 0x05, 0x22, 0x02, 0x2c, 0x01, 0x00, 0x00, 0x00, 0x2c, 0x10, 0x00, 0x00, 0x00, 0x2c, 0x05, 0x00
    .byte 0x00, 0x00, 0x15, 0xb7, 0x00, 0x00, 0x20, 0x00, 0x00, 0x15, 0x18, 0x20, 0x00, 0x00, 0x15, 0x19
    .byte 0x2c, 0x06, 0x00, 0x00, 0x00, 0x15, 0x05, 0x2c, 0x10, 0x00, 0x00, 0x00, 0x15, 0x1b, 0x20, 0x00
    .byte 0x00, 0x2c, 0x02, 0x00, 0x00, 0x00, 0x15, 0x38, 0x00, 0x2c, 0x01, 0x00, 0x00, 0x00, 0x15, 0x09
    .byte 0x15, 0x11, 0x18, 0x70, 0x09, 0x00, 0x10, 0x00, 0x00, 0x00, 0x24, 0x00, 0x01, 0x00, 0x00, 0x00
    .byte 0x26, 0x00, 0x40, 0x29, 0x00, 0x40, 0x15, 0x11, 0x18, 0x71, 0x09, 0x01, 0x10, 0x00, 0x00, 0x00
    .byte 0x24, 0x01, 0x01, 0x00, 0x00, 0x00, 0x05, 0x01, 0x02, 0x00, 0x00, 0x00, 0x1e, 0x10, 0x14, 0xe3
    .byte 0x05, 0x22, 0x02, 0x15, 0x10, 0x18, 0x70, 0x09, 0x00, 0x10, 0x00, 0x00, 0x00, 0x24, 0x00, 0x01
    .byte 0x00, 0x00, 0x00, 0x26, 0x00, 0x41, 0x29, 0x00, 0x41, 0x15, 0x10, 0x18, 0x71, 0x09, 0x01, 0x10
    .byte 0x00, 0x00, 0x00, 0x24, 0x01, 0x01, 0x00, 0x00, 0x00, 0x05, 0x01, 0x02, 0x00, 0x00, 0x00, 0x1e
    .byte 0x10, 0x14, 0xd2, 0x05, 0x22, 0x02, 0x2d, 0x41, 0x2d, 0x40, 0x2c, 0x01, 0x00, 0x00, 0x00, 0x15
    .byte 0x3f, 0x29, 0x00, 0x41, 0x05, 0x00, 0x01, 0x00, 0x00, 0x00, 0x26, 0x00, 0x41, 0x25, 0x96, 0x05
    .byte 0x22, 0x02, 0x29, 0x00, 0x40, 0x05, 0x00, 0x01, 0x00, 0x00, 0x00, 0x26, 0x00, 0x40, 0x25, 0x63
    .byte 0x05, 0x22, 0x02, 0x20, 0x00, 0x00, 0x15, 0x07, 0x15, 0x08, 0x2b, 0x00, 0x05, 0x32, 0x00, 0x01
    .byte 0x00, 0x00, 0x00, 0x14, 0x79, 0x06, 0x22, 0x02, 0x2b, 0x00, 0x06, 0x32, 0x00, 0x64, 0x00, 0x00
    .byte 0x00, 0x14, 0x6b, 0x06, 0x22, 0x02, 0x2b, 0x00, 0x07, 0x32, 0x00, 0x00, 0x00, 0x00, 0x00, 0x13
    .byte 0x30, 0x06, 0x22, 0x02, 0x2b, 0x00, 0x07, 0x32, 0x00, 0x01, 0x00, 0x00, 0x00, 0x13, 0x30, 0x06
    .byte 0x22, 0x02, 0x2b, 0x00, 0x07, 0x32, 0x00, 0x02, 0x00, 0x00, 0x00, 0x14, 0x6b, 0x06, 0x22, 0x02
    .byte 0x2c, 0x02, 0x00, 0x00, 0x00, 0x15, 0x9b, 0x18, 0x70, 0x14, 0x52, 0x06, 0x22, 0x02, 0x2c, 0xee
    .byte 0x03, 0x00, 0x00, 0x15, 0x37, 0x18, 0x70, 0x32, 0x00, 0x00, 0x00, 0x00, 0x00, 0x13, 0x57, 0x06
    .byte 0x22, 0x02, 0x01, 0x30, 0x06, 0x22, 0x02, 0x03, 0x00, 0x00, 0x00, 0x00, 0x00, 0x28, 0x00, 0x05
    .byte 0x01, 0x7e, 0x06, 0x22, 0x02, 0x00, 0x25, 0x79, 0x06, 0x22, 0x02, 0x03, 0x00, 0x00, 0x00, 0x00
    .byte 0x00, 0x28, 0x00, 0x05, 0x01, 0xea, 0x05, 0x22, 0x02, 0x01, 0xea, 0x05, 0x22, 0x02, 0x2c, 0x19
    .byte 0x00, 0x00, 0x00, 0x15, 0x07, 0x15, 0x08, 0x20, 0x00, 0x00, 0x2c, 0x85, 0x42, 0x00, 0x00, 0x15
    .byte 0xe0, 0x20, 0x00, 0x00, 0x15, 0x18, 0x20, 0x00, 0x00, 0x15, 0x19, 0x15, 0x11, 0x18, 0x70, 0x09
    .byte 0x00, 0x10, 0x00, 0x00, 0x00, 0x24, 0x00, 0x01, 0x00, 0x00, 0x00, 0x26, 0x00, 0x40, 0x29, 0x00
    .byte 0x40, 0x15, 0x11, 0x18, 0x71, 0x09, 0x01, 0x10, 0x00, 0x00, 0x00, 0x24, 0x01, 0x01, 0x00, 0x00
    .byte 0x00, 0x05, 0x01, 0x02, 0x00, 0x00, 0x00, 0x1e, 0x10, 0x14, 0x2c, 0x07, 0x22, 0x02, 0x15, 0x10
    .byte 0x18, 0x70, 0x09, 0x00, 0x10, 0x00, 0x00, 0x00, 0x24, 0x00, 0x01, 0x00, 0x00, 0x00, 0x26, 0x00
    .byte 0x41, 0x29, 0x00, 0x41, 0x15, 0x10, 0x18, 0x71, 0x09, 0x01, 0x10, 0x00, 0x00, 0x00, 0x24, 0x01
    .byte 0x01, 0x00, 0x00, 0x00, 0x05, 0x01, 0x02, 0x00, 0x00, 0x00, 0x1e, 0x10, 0x14, 0x1b, 0x07, 0x22
    .byte 0x02, 0x2d, 0x41, 0x2d, 0x40, 0x20, 0x00, 0x00, 0x15, 0x3f, 0x29, 0x00, 0x41, 0x05, 0x00, 0x01
    .byte 0x00, 0x00, 0x00, 0x26, 0x00, 0x41, 0x25, 0xe1, 0x06, 0x22, 0x02, 0x29, 0x00, 0x40, 0x05, 0x00
    .byte 0x01, 0x00, 0x00, 0x00, 0x26, 0x00, 0x40, 0x25, 0xae, 0x06, 0x22, 0x02, 0x20, 0x00, 0x00, 0x15
    .byte 0x07, 0x15, 0x08, 0x2c, 0x03, 0x00, 0x00, 0x00, 0x15, 0x05, 0x2c, 0x10, 0x00, 0x00, 0x00, 0x15
    .byte 0x1b, 0x20, 0x00, 0x00, 0x2c, 0x02, 0x00, 0x00, 0x00, 0x15, 0x38, 0x2c, 0xef, 0x06, 0x00, 0x00
    .byte 0x15, 0x35, 0x03, 0x00, 0x00, 0x00, 0x00, 0x00, 0x32, 0x00, 0x01, 0x00, 0x00, 0x00, 0x14, 0x6b
    .byte 0x07, 0x22, 0x02, 0x20, 0x00, 0x00, 0x20, 0x00, 0x00, 0x15, 0x39, 0x2c, 0x0f, 0x00, 0x00, 0x00
    .byte 0x15, 0x07, 0x15, 0x08, 0x20, 0x00, 0x00, 0x2c, 0x2f, 0x00, 0x00, 0x00, 0x15, 0xe0, 0x00, 0x00
    .byte 0x2c, 0x01, 0x00, 0x00, 0x00, 0x15, 0x09, 0x15, 0x11, 0x18, 0x70, 0x09, 0x00, 0x10, 0x00, 0x00
    .byte 0x00, 0x24, 0x00, 0x01, 0x00, 0x00, 0x00, 0x26, 0x00, 0x40, 0x29, 0x00, 0x40, 0x15, 0x11, 0x18
    .byte 0x71, 0x09, 0x01, 0x10, 0x00, 0x00, 0x00, 0x24, 0x01, 0x01, 0x00, 0x00, 0x00, 0x05, 0x01, 0x02
    .byte 0x00, 0x00, 0x00, 0x1e, 0x10, 0x14, 0x1a, 0x08, 0x22, 0x02, 0x15, 0x10, 0x18, 0x70, 0x09, 0x00
    .byte 0x10, 0x00, 0x00, 0x00, 0x24, 0x00, 0x01, 0x00, 0x00, 0x00, 0x26, 0x00, 0x41, 0x29, 0x00, 0x41
    .byte 0x15, 0x10, 0x18, 0x71, 0x09, 0x01, 0x10, 0x00, 0x00, 0x00, 0x24, 0x01, 0x01, 0x00, 0x00, 0x00
    .byte 0x05, 0x01, 0x02, 0x00, 0x00, 0x00, 0x1e, 0x10, 0x14, 0x09, 0x08, 0x22, 0x02, 0x2d, 0x41, 0x2d
    .byte 0x40, 0x2c, 0x01, 0x00, 0x00, 0x00, 0x15, 0x3f, 0x29, 0x00, 0x41, 0x05, 0x00, 0x01, 0x00, 0x00
    .byte 0x00, 0x26, 0x00, 0x41, 0x25, 0xcd, 0x07, 0x22, 0x02, 0x29, 0x00, 0x40, 0x05, 0x00, 0x01, 0x00
    .byte 0x00, 0x00, 0x26, 0x00, 0x40, 0x25, 0x9a, 0x07, 0x22, 0x02, 0x20, 0x00, 0x00, 0x15, 0x07, 0x15
    .byte 0x08, 0x2b, 0x00, 0x05, 0x32, 0x00, 0x01, 0x00, 0x00, 0x00, 0x14, 0xb0, 0x08, 0x22, 0x02, 0x2b
    .byte 0x00, 0x06, 0x32, 0x00, 0x64, 0x00, 0x00, 0x00, 0x14, 0xa2, 0x08, 0x22, 0x02, 0x2b, 0x00, 0x07
    .byte 0x32, 0x00, 0x00, 0x00, 0x00, 0x00, 0x13, 0x67, 0x08, 0x22, 0x02, 0x2b, 0x00, 0x07, 0x32, 0x00
    .byte 0x01, 0x00, 0x00, 0x00, 0x13, 0x67, 0x08, 0x22, 0x02, 0x2b, 0x00, 0x07, 0x32, 0x00, 0x02, 0x00
    .byte 0x00, 0x00, 0x14, 0xa2, 0x08, 0x22, 0x02, 0x2c, 0x02, 0x00, 0x00, 0x00, 0x15, 0x9b, 0x18, 0x70
    .byte 0x14, 0x89, 0x08, 0x22, 0x02, 0x2c, 0xee, 0x03, 0x00, 0x00, 0x15, 0x37, 0x18, 0x70, 0x32, 0x00
    .byte 0x00, 0x00, 0x00, 0x00, 0x13, 0x8e, 0x08, 0x22, 0x02, 0x01, 0x67, 0x08, 0x22, 0x02, 0x03, 0x00
    .byte 0x00, 0x00, 0x00, 0x00, 0x28, 0x00, 0x05, 0x01, 0xb5, 0x08, 0x22, 0x02, 0x00, 0x25, 0xb0, 0x08
    .byte 0x22, 0x02, 0x03, 0x00, 0x00, 0x00, 0x00, 0x00, 0x28, 0x00, 0x05, 0x01, 0x21, 0x08, 0x22, 0x02
    .byte 0x01, 0x21, 0x08, 0x22, 0x02, 0x2c, 0x19, 0x00, 0x00, 0x00, 0x15, 0x07, 0x15, 0x08, 0x20, 0x00
    .byte 0x00, 0x2c, 0x85, 0x42, 0x00, 0x00, 0x15, 0xe0, 0x20, 0x00, 0x00, 0x15, 0x18, 0x20, 0x00, 0x00
    .byte 0x15, 0x19, 0x15, 0x11, 0x18, 0x70, 0x09, 0x00, 0x10, 0x00, 0x00, 0x00, 0x24, 0x00, 0x01, 0x00
    .byte 0x00, 0x00, 0x26, 0x00, 0x40, 0x29, 0x00, 0x40, 0x15, 0x11, 0x18, 0x71, 0x09, 0x01, 0x10, 0x00
    .byte 0x00, 0x00, 0x24, 0x01, 0x01, 0x00, 0x00, 0x00, 0x05, 0x01, 0x02, 0x00, 0x00, 0x00, 0x1e, 0x10
    .byte 0x14, 0x63, 0x09, 0x22, 0x02, 0x15, 0x10, 0x18, 0x70, 0x09, 0x00, 0x10, 0x00, 0x00, 0x00, 0x24
    .byte 0x00, 0x01, 0x00, 0x00, 0x00, 0x26, 0x00, 0x41, 0x29, 0x00, 0x41, 0x15, 0x10, 0x18, 0x71, 0x09
    .byte 0x01, 0x10, 0x00, 0x00, 0x00, 0x24, 0x01, 0x01, 0x00, 0x00, 0x00, 0x05, 0x01, 0x02, 0x00, 0x00
    .byte 0x00, 0x1e, 0x10, 0x14, 0x52, 0x09, 0x22, 0x02, 0x2d, 0x41, 0x2d, 0x40, 0x20, 0x00, 0x00, 0x15
    .byte 0x3f, 0x29, 0x00, 0x41, 0x05, 0x00, 0x01, 0x00, 0x00, 0x00, 0x26, 0x00, 0x41, 0x25, 0x18, 0x09
    .byte 0x22, 0x02, 0x29, 0x00, 0x40, 0x05, 0x00, 0x01, 0x00, 0x00, 0x00, 0x26, 0x00, 0x40, 0x25, 0xe5
    .byte 0x08, 0x22, 0x02, 0x20, 0x00, 0x00, 0x15, 0x07, 0x15, 0x08, 0x2c, 0x03, 0x00, 0x00, 0x00, 0x15
    .byte 0x05, 0x2c, 0x10, 0x00, 0x00, 0x00, 0x15, 0x1b, 0x20, 0x00, 0x00, 0x2c, 0x02, 0x00, 0x00, 0x00
    .byte 0x15, 0x38, 0x2c, 0xf0, 0x06, 0x00, 0x00, 0x15, 0x35, 0x03, 0x00, 0x00, 0x00, 0x00, 0x00, 0x32
    .byte 0x00, 0x01, 0x00, 0x00, 0x00, 0x14, 0xa2, 0x09, 0x22, 0x02, 0x20, 0x00, 0x00, 0x20, 0x00, 0x00
    .byte 0x15, 0x39, 0x2c, 0x0f, 0x00, 0x00, 0x00, 0x15, 0x07, 0x15, 0x08, 0x20, 0x00, 0x00, 0x2c, 0x2f
    .byte 0x00, 0x00, 0x00, 0x15, 0xe0, 0x00, 0x00, 0x2c, 0x01, 0x00, 0x00, 0x00, 0x15, 0x09, 0x15, 0x11
    .byte 0x18, 0x70, 0x09, 0x00, 0x10, 0x00, 0x00, 0x00, 0x24, 0x00, 0x01, 0x00, 0x00, 0x00, 0x26, 0x00
    .byte 0x40, 0x29, 0x00, 0x40, 0x15, 0x11, 0x18, 0x71, 0x09, 0x01, 0x10, 0x00, 0x00, 0x00, 0x24, 0x01
    .byte 0x01, 0x00, 0x00, 0x00, 0x05, 0x01, 0x02, 0x00, 0x00, 0x00, 0x1e, 0x10, 0x14, 0x51, 0x0a, 0x22
    .byte 0x02, 0x15, 0x10, 0x18, 0x70, 0x09, 0x00, 0x10, 0x00, 0x00, 0x00, 0x24, 0x00, 0x01, 0x00, 0x00
    .byte 0x00, 0x26, 0x00, 0x41, 0x29, 0x00, 0x41, 0x15, 0x10, 0x18, 0x71, 0x09, 0x01, 0x10, 0x00, 0x00
    .byte 0x00, 0x24, 0x01, 0x01, 0x00, 0x00, 0x00, 0x05, 0x01, 0x02, 0x00, 0x00, 0x00, 0x1e, 0x10, 0x14
    .byte 0x40, 0x0a, 0x22, 0x02, 0x2d, 0x41, 0x2d, 0x40, 0x2c, 0x01, 0x00, 0x00, 0x00, 0x15, 0x3f, 0x29
    .byte 0x00, 0x41, 0x05, 0x00, 0x01, 0x00, 0x00, 0x00, 0x26, 0x00, 0x41, 0x25, 0x04, 0x0a, 0x22, 0x02
    .byte 0x29, 0x00, 0x40, 0x05, 0x00, 0x01, 0x00, 0x00, 0x00, 0x26, 0x00, 0x40, 0x25, 0xd1, 0x09, 0x22
    .byte 0x02, 0x20, 0x00, 0x00, 0x15, 0x07, 0x15, 0x08, 0x2b, 0x00, 0x05, 0x32, 0x00, 0x01, 0x00, 0x00
    .byte 0x00, 0x14, 0xe7, 0x0a, 0x22, 0x02, 0x2b, 0x00, 0x06, 0x32, 0x00, 0x64, 0x00, 0x00, 0x00, 0x14
    .byte 0xd9, 0x0a, 0x22, 0x02, 0x2b, 0x00, 0x07, 0x32, 0x00, 0x00, 0x00, 0x00, 0x00, 0x13, 0x9e, 0x0a
    .byte 0x22, 0x02, 0x2b, 0x00, 0x07, 0x32, 0x00, 0x01, 0x00, 0x00, 0x00, 0x13, 0x9e, 0x0a, 0x22, 0x02
    .byte 0x2b, 0x00, 0x07, 0x32, 0x00, 0x02, 0x00, 0x00, 0x00, 0x14, 0xd9, 0x0a, 0x22, 0x02, 0x2c, 0x02
    .byte 0x00, 0x00, 0x00, 0x15, 0x9b, 0x18, 0x70, 0x14, 0xc0, 0x0a, 0x22, 0x02, 0x2c, 0xee, 0x03, 0x00
    .byte 0x00, 0x15, 0x37, 0x18, 0x70, 0x32, 0x00, 0x00, 0x00, 0x00, 0x00, 0x13, 0xc5, 0x0a, 0x22, 0x02
    .byte 0x01, 0x9e, 0x0a, 0x22, 0x02, 0x03, 0x00, 0x00, 0x00, 0x00, 0x00, 0x28, 0x00, 0x05, 0x01, 0xec
    .byte 0x0a, 0x22, 0x02, 0x00, 0x25, 0xe7, 0x0a, 0x22, 0x02, 0x03, 0x00, 0x00, 0x00, 0x00, 0x00, 0x28
    .byte 0x00, 0x05, 0x01, 0x58, 0x0a, 0x22, 0x02, 0x01, 0x58, 0x0a, 0x22, 0x02, 0x2c, 0x19, 0x00, 0x00
    .byte 0x00, 0x15, 0x07, 0x15, 0x08, 0x20, 0x00, 0x00, 0x2c, 0x85, 0x42, 0x00, 0x00, 0x15, 0xe0, 0x20
    .byte 0x00, 0x00, 0x15, 0x18, 0x20, 0x00, 0x00, 0x15, 0x19, 0x15, 0x11, 0x18, 0x70, 0x09, 0x00, 0x10
    .byte 0x00, 0x00, 0x00, 0x24, 0x00, 0x01, 0x00, 0x00, 0x00, 0x26, 0x00, 0x40, 0x29, 0x00, 0x40, 0x15
    .byte 0x11, 0x18, 0x71, 0x09, 0x01, 0x10, 0x00, 0x00, 0x00, 0x24, 0x01, 0x01, 0x00, 0x00, 0x00, 0x05
    .byte 0x01, 0x02, 0x00, 0x00, 0x00, 0x1e, 0x10, 0x14, 0x9a, 0x0b, 0x22, 0x02, 0x15, 0x10, 0x18, 0x70
    .byte 0x09, 0x00, 0x10, 0x00, 0x00, 0x00, 0x24, 0x00, 0x01, 0x00, 0x00, 0x00, 0x26, 0x00, 0x41, 0x29
    .byte 0x00, 0x41, 0x15, 0x10, 0x18, 0x71, 0x09, 0x01, 0x10, 0x00, 0x00, 0x00, 0x24, 0x01, 0x01, 0x00
    .byte 0x00, 0x00, 0x05, 0x01, 0x02, 0x00, 0x00, 0x00, 0x1e, 0x10, 0x14, 0x89, 0x0b, 0x22, 0x02, 0x2d
    .byte 0x41, 0x2d, 0x40, 0x20, 0x00, 0x00, 0x15, 0x3f, 0x29, 0x00, 0x41, 0x05, 0x00, 0x01, 0x00, 0x00
    .byte 0x00, 0x26, 0x00, 0x41, 0x25, 0x4f, 0x0b, 0x22, 0x02, 0x29, 0x00, 0x40, 0x05, 0x00, 0x01, 0x00
    .byte 0x00, 0x00, 0x26, 0x00, 0x40, 0x25, 0x1c, 0x0b, 0x22, 0x02, 0x20, 0x00, 0x00, 0x15, 0x07, 0x15
    .byte 0x08, 0x2c, 0x03, 0x00, 0x00, 0x00, 0x15, 0x05, 0x2c, 0x10, 0x00, 0x00, 0x00, 0x15, 0x1b, 0x20
    .byte 0x00, 0x00, 0x2c, 0x02, 0x00, 0x00, 0x00, 0x15, 0x38, 0x2c, 0xf1, 0x06, 0x00, 0x00, 0x15, 0x35
    .byte 0x03, 0x00, 0x00, 0x00, 0x00, 0x00, 0x32, 0x00, 0x01, 0x00, 0x00, 0x00, 0x14, 0xd9, 0x0b, 0x22
    .byte 0x02, 0x20, 0x00, 0x00, 0x20, 0x00, 0x00, 0x15, 0x39, 0x2c, 0x0f, 0x00, 0x00, 0x00, 0x15, 0x07
    .byte 0x15, 0x08, 0x20, 0x00, 0x00, 0x2c, 0x2f, 0x00, 0x00, 0x00, 0x15, 0xe0, 0x00, 0x00, 0x2c, 0x01
    .byte 0x00, 0x00, 0x00, 0x15, 0x09, 0x15, 0x11, 0x18, 0x70, 0x09, 0x00, 0x10, 0x00, 0x00, 0x00, 0x24
    .byte 0x00, 0x01, 0x00, 0x00, 0x00, 0x26, 0x00, 0x40, 0x29, 0x00, 0x40, 0x15, 0x11, 0x18, 0x71, 0x09
    .byte 0x01, 0x10, 0x00, 0x00, 0x00, 0x24, 0x01, 0x01, 0x00, 0x00, 0x00, 0x05, 0x01, 0x02, 0x00, 0x00
    .byte 0x00, 0x1e, 0x10, 0x14, 0x88, 0x0c, 0x22, 0x02, 0x15, 0x10, 0x18, 0x70, 0x09, 0x00, 0x10, 0x00
    .byte 0x00, 0x00, 0x24, 0x00, 0x01, 0x00, 0x00, 0x00, 0x26, 0x00, 0x41, 0x29, 0x00, 0x41, 0x15, 0x10
    .byte 0x18, 0x71, 0x09, 0x01, 0x10, 0x00, 0x00, 0x00, 0x24, 0x01, 0x01, 0x00, 0x00, 0x00, 0x05, 0x01
    .byte 0x02, 0x00, 0x00, 0x00, 0x1e, 0x10, 0x14, 0x77, 0x0c, 0x22, 0x02, 0x2d, 0x41, 0x2d, 0x40, 0x2c
    .byte 0x01, 0x00, 0x00, 0x00, 0x15, 0x3f, 0x29, 0x00, 0x41, 0x05, 0x00, 0x01, 0x00, 0x00, 0x00, 0x26
    .byte 0x00, 0x41, 0x25, 0x3b, 0x0c, 0x22, 0x02, 0x29, 0x00, 0x40, 0x05, 0x00, 0x01, 0x00, 0x00, 0x00
    .byte 0x26, 0x00, 0x40, 0x25, 0x08, 0x0c, 0x22, 0x02, 0x20, 0x00, 0x00, 0x15, 0x07, 0x15, 0x08, 0x2b
    .byte 0x00, 0x05, 0x32, 0x00, 0x01, 0x00, 0x00, 0x00, 0x14, 0x1e, 0x0d, 0x22, 0x02, 0x2b, 0x00, 0x06
    .byte 0x32, 0x00, 0x64, 0x00, 0x00, 0x00, 0x14, 0x10, 0x0d, 0x22, 0x02, 0x2b, 0x00, 0x07, 0x32, 0x00
    .byte 0x00, 0x00, 0x00, 0x00, 0x13, 0xd5, 0x0c, 0x22, 0x02, 0x2b, 0x00, 0x07, 0x32, 0x00, 0x01, 0x00
    .byte 0x00, 0x00, 0x13, 0xd5, 0x0c, 0x22, 0x02, 0x2b, 0x00, 0x07, 0x32, 0x00, 0x02, 0x00, 0x00, 0x00
    .byte 0x14, 0x10, 0x0d, 0x22, 0x02, 0x2c, 0x02, 0x00, 0x00, 0x00, 0x15, 0x9b, 0x18, 0x70, 0x14, 0xf7
    .byte 0x0c, 0x22, 0x02, 0x2c, 0xee, 0x03, 0x00, 0x00, 0x15, 0x37, 0x18, 0x70, 0x32, 0x00, 0x00, 0x00
    .byte 0x00, 0x00, 0x13, 0xfc, 0x0c, 0x22, 0x02, 0x01, 0xd5, 0x0c, 0x22, 0x02, 0x03, 0x00, 0x00, 0x00
    .byte 0x00, 0x00, 0x28, 0x00, 0x05, 0x01, 0x23, 0x0d, 0x22, 0x02, 0x00, 0x25, 0x1e, 0x0d, 0x22, 0x02
    .byte 0x03, 0x00, 0x00, 0x00, 0x00, 0x00, 0x28, 0x00, 0x05, 0x01, 0x8f, 0x0c, 0x22, 0x02, 0x01, 0x8f
    .byte 0x0c, 0x22, 0x02, 0x2c, 0x19, 0x00, 0x00, 0x00, 0x15, 0x07, 0x15, 0x08, 0x20, 0x00, 0x00, 0x2c
    .byte 0x85, 0x42, 0x00, 0x00, 0x15, 0xe0, 0x20, 0x00, 0x00, 0x15, 0x18, 0x20, 0x00, 0x00, 0x15, 0x19
    .byte 0x15, 0x11, 0x18, 0x70, 0x09, 0x00, 0x10, 0x00, 0x00, 0x00, 0x24, 0x00, 0x01, 0x00, 0x00, 0x00
    .byte 0x26, 0x00, 0x40, 0x29, 0x00, 0x40, 0x15, 0x11, 0x18, 0x71, 0x09, 0x01, 0x10, 0x00, 0x00, 0x00
    .byte 0x24, 0x01, 0x01, 0x00, 0x00, 0x00, 0x05, 0x01, 0x02, 0x00, 0x00, 0x00, 0x1e, 0x10, 0x14, 0xd1
    .byte 0x0d, 0x22, 0x02, 0x15, 0x10, 0x18, 0x70, 0x09, 0x00, 0x10, 0x00, 0x00, 0x00, 0x24, 0x00, 0x01
    .byte 0x00, 0x00, 0x00, 0x26, 0x00, 0x41, 0x29, 0x00, 0x41, 0x15, 0x10, 0x18, 0x71, 0x09, 0x01, 0x10
    .byte 0x00, 0x00, 0x00, 0x24, 0x01, 0x01, 0x00, 0x00, 0x00, 0x05, 0x01, 0x02, 0x00, 0x00, 0x00, 0x1e
    .byte 0x10, 0x14, 0xc0, 0x0d, 0x22, 0x02, 0x2d, 0x41, 0x2d, 0x40, 0x20, 0x00, 0x00, 0x15, 0x3f, 0x29
    .byte 0x00, 0x41, 0x05, 0x00, 0x01, 0x00, 0x00, 0x00, 0x26, 0x00, 0x41, 0x25, 0x86, 0x0d, 0x22, 0x02
    .byte 0x29, 0x00, 0x40, 0x05, 0x00, 0x01, 0x00, 0x00, 0x00, 0x26, 0x00, 0x40, 0x25, 0x53, 0x0d, 0x22
    .byte 0x02, 0x20, 0x00, 0x00, 0x15, 0x07, 0x15, 0x08, 0x2c, 0x03, 0x00, 0x00, 0x00, 0x15, 0x05, 0x2c
    .byte 0x10, 0x00, 0x00, 0x00, 0x15, 0x1b, 0x20, 0x00, 0x00, 0x2c, 0x02, 0x00, 0x00, 0x00, 0x15, 0x38
    .byte 0x2c, 0xf2, 0x06, 0x00, 0x00, 0x15, 0x35, 0x03, 0x00, 0x00, 0x00, 0x00, 0x00, 0x32, 0x00, 0x01
    .byte 0x00, 0x00, 0x00, 0x14, 0x10, 0x0e, 0x22, 0x02, 0x20, 0x00, 0x00, 0x20, 0x00, 0x00, 0x15, 0x39
    .byte 0x2c, 0x0f, 0x00, 0x00, 0x00, 0x15, 0x07, 0x15, 0x08, 0x20, 0x00, 0x00, 0x2c, 0x2f, 0x00, 0x00
    .byte 0x00, 0x15, 0xe0, 0x00, 0x00, 0x2c, 0x01, 0x00, 0x00, 0x00, 0x15, 0x09, 0x15, 0x11, 0x18, 0x70
    .byte 0x09, 0x00, 0x10, 0x00, 0x00, 0x00, 0x24, 0x00, 0x01, 0x00, 0x00, 0x00, 0x26, 0x00, 0x40, 0x29
    .byte 0x00, 0x40, 0x15, 0x11, 0x18, 0x71, 0x09, 0x01, 0x10, 0x00, 0x00, 0x00, 0x24, 0x01, 0x01, 0x00
    .byte 0x00, 0x00, 0x05, 0x01, 0x02, 0x00, 0x00, 0x00, 0x1e, 0x10, 0x14, 0xbf, 0x0e, 0x22, 0x02, 0x15
    .byte 0x10, 0x18, 0x70, 0x09, 0x00, 0x10, 0x00, 0x00, 0x00, 0x24, 0x00, 0x01, 0x00, 0x00, 0x00, 0x26
    .byte 0x00, 0x41, 0x29, 0x00, 0x41, 0x15, 0x10, 0x18, 0x71, 0x09, 0x01, 0x10, 0x00, 0x00, 0x00, 0x24
    .byte 0x01, 0x01, 0x00, 0x00, 0x00, 0x05, 0x01, 0x02, 0x00, 0x00, 0x00, 0x1e, 0x10, 0x14, 0xae, 0x0e
    .byte 0x22, 0x02, 0x2d, 0x41, 0x2d, 0x40, 0x2c, 0x01, 0x00, 0x00, 0x00, 0x15, 0x3f, 0x29, 0x00, 0x41
    .byte 0x05, 0x00, 0x01, 0x00, 0x00, 0x00, 0x26, 0x00, 0x41, 0x25, 0x72, 0x0e, 0x22, 0x02, 0x29, 0x00
    .byte 0x40, 0x05, 0x00, 0x01, 0x00, 0x00, 0x00, 0x26, 0x00, 0x40, 0x25, 0x3f, 0x0e, 0x22, 0x02, 0x20
    .byte 0x00, 0x00, 0x15, 0x07, 0x15, 0x08, 0x2b, 0x00, 0x05, 0x32, 0x00, 0x01, 0x00, 0x00, 0x00, 0x14
    .byte 0x55, 0x0f, 0x22, 0x02, 0x2b, 0x00, 0x06, 0x32, 0x00, 0x64, 0x00, 0x00, 0x00, 0x14, 0x47, 0x0f
    .byte 0x22, 0x02, 0x2b, 0x00, 0x07, 0x32, 0x00, 0x00, 0x00, 0x00, 0x00, 0x13, 0x0c, 0x0f, 0x22, 0x02
    .byte 0x2b, 0x00, 0x07, 0x32, 0x00, 0x01, 0x00, 0x00, 0x00, 0x13, 0x0c, 0x0f, 0x22, 0x02, 0x2b, 0x00
    .byte 0x07, 0x32, 0x00, 0x02, 0x00, 0x00, 0x00, 0x14, 0x47, 0x0f, 0x22, 0x02, 0x2c, 0x02, 0x00, 0x00
    .byte 0x00, 0x15, 0x9b, 0x18, 0x70, 0x14, 0x2e, 0x0f, 0x22, 0x02, 0x2c, 0xee, 0x03, 0x00, 0x00, 0x15
    .byte 0x37, 0x18, 0x70, 0x32, 0x00, 0x00, 0x00, 0x00, 0x00, 0x13, 0x33, 0x0f, 0x22, 0x02, 0x01, 0x0c
    .byte 0x0f, 0x22, 0x02, 0x03, 0x00, 0x00, 0x00, 0x00, 0x00, 0x28, 0x00, 0x05, 0x01, 0x5a, 0x0f, 0x22
    .byte 0x02, 0x00, 0x25, 0x55, 0x0f, 0x22, 0x02, 0x03, 0x00, 0x00, 0x00, 0x00, 0x00, 0x28, 0x00, 0x05
    .byte 0x01, 0xc6, 0x0e, 0x22, 0x02, 0x01, 0xc6, 0x0e, 0x22, 0x02, 0x2c, 0x19, 0x00, 0x00, 0x00, 0x15
    .byte 0x07, 0x15, 0x08, 0x20, 0x00, 0x00, 0x2c, 0x85, 0x42, 0x00, 0x00, 0x15, 0xe0, 0x20, 0x00, 0x00
    .byte 0x15, 0x18, 0x20, 0x00, 0x00, 0x15, 0x19, 0x15, 0x11, 0x18, 0x70, 0x09, 0x00, 0x10, 0x00, 0x00
    .byte 0x00, 0x24, 0x00, 0x01, 0x00, 0x00, 0x00, 0x26, 0x00, 0x40, 0x29, 0x00, 0x40, 0x15, 0x11, 0x18
    .byte 0x71, 0x09, 0x01, 0x10, 0x00, 0x00, 0x00, 0x24, 0x01, 0x01, 0x00, 0x00, 0x00, 0x05, 0x01, 0x02
    .byte 0x00, 0x00, 0x00, 0x1e, 0x10, 0x14, 0x08, 0x10, 0x22, 0x02, 0x15, 0x10, 0x18, 0x70, 0x09, 0x00
    .byte 0x10, 0x00, 0x00, 0x00, 0x24, 0x00, 0x01, 0x00, 0x00, 0x00, 0x26, 0x00, 0x41, 0x29, 0x00, 0x41
    .byte 0x15, 0x10, 0x18, 0x71, 0x09, 0x01, 0x10, 0x00, 0x00, 0x00, 0x24, 0x01, 0x01, 0x00, 0x00, 0x00
    .byte 0x05, 0x01, 0x02, 0x00, 0x00, 0x00, 0x1e, 0x10, 0x14, 0xf7, 0x0f, 0x22, 0x02, 0x2d, 0x41, 0x2d
    .byte 0x40, 0x20, 0x00, 0x00, 0x15, 0x3f, 0x29, 0x00, 0x41, 0x05, 0x00, 0x01, 0x00, 0x00, 0x00, 0x26
    .byte 0x00, 0x41, 0x25, 0xbd, 0x0f, 0x22, 0x02, 0x29, 0x00, 0x40, 0x05, 0x00, 0x01, 0x00, 0x00, 0x00
    .byte 0x26, 0x00, 0x40, 0x25, 0x8a, 0x0f, 0x22, 0x02, 0x20, 0x00, 0x00, 0x15, 0x07, 0x15, 0x08, 0x2c
    .byte 0x03, 0x00, 0x00, 0x00, 0x15, 0x05, 0x2c, 0x10, 0x00, 0x00, 0x00, 0x15, 0x1b, 0x20, 0x00, 0x00
    .byte 0x2c, 0x02, 0x00, 0x00, 0x00, 0x15, 0x38, 0x2c, 0xf3, 0x06, 0x00, 0x00, 0x15, 0x35, 0x03, 0x00
    .byte 0x00, 0x00, 0x00, 0x00, 0x32, 0x00, 0x01, 0x00, 0x00, 0x00, 0x14, 0x47, 0x10, 0x22, 0x02, 0x20
    .byte 0x00, 0x00, 0x20, 0x00, 0x00, 0x15, 0x39, 0x2c, 0x0f, 0x00, 0x00, 0x00, 0x15, 0x07, 0x15, 0x08
    .byte 0x20, 0x00, 0x00, 0x2c, 0x2f, 0x00, 0x00, 0x00, 0x15, 0xe0, 0x00, 0x00, 0x2c, 0xa0, 0x03, 0x00
    .byte 0x00, 0x2c, 0x40, 0x02, 0x00, 0x00, 0x20, 0x00, 0x00, 0x15, 0x02, 0x20, 0x00, 0x00, 0x2c, 0x08
    .byte 0x00, 0x00, 0x00, 0x15, 0x32, 0x2c, 0x01, 0x00, 0x00, 0x00, 0x2c, 0x08, 0x00, 0x00, 0x00, 0x15
    .byte 0x32, 0x2c, 0x01, 0x00, 0x00, 0x00, 0x2c, 0xec, 0xff, 0xff, 0xff, 0x2c, 0xe8, 0xff, 0xff, 0xff
    .byte 0x2c, 0x14, 0x00, 0x00, 0x00, 0x2c, 0x0c, 0x00, 0x00, 0x00, 0x15, 0xd8, 0x2c, 0x01, 0x00, 0x00
    .byte 0x00, 0x2c, 0xf0, 0xff, 0xff, 0xff, 0x2c, 0xec, 0xff, 0xff, 0xff, 0x2c, 0x10, 0x00, 0x00, 0x00
    .byte 0x2c, 0x08, 0x00, 0x00, 0x00, 0x15, 0x5c, 0x20, 0x00, 0x00, 0x15, 0x05, 0x2c, 0x01, 0x00, 0x00
    .byte 0x00, 0x15, 0x06, 0x2c, 0x01, 0x00, 0x00, 0x00, 0x15, 0x09, 0x2c, 0x01, 0x00, 0x00, 0x00, 0x2c
    .byte 0xd7, 0x10, 0x22, 0x02, 0x15, 0x29, 0x00, 0x20, 0x00, 0x00, 0x2c, 0x5c, 0x00, 0x00, 0x00, 0x15
    .byte 0xe0, 0x20, 0x00, 0x00, 0x15, 0x18, 0x20, 0x00, 0x00, 0x15, 0x19, 0x2c, 0x01, 0x00, 0x00, 0x00
    .byte 0x20, 0x00, 0x00, 0x15, 0x29, 0x2c, 0x01, 0x00, 0x00, 0x00, 0x15, 0x05, 0x2c, 0x02, 0x00, 0x00
    .byte 0x00, 0x20, 0x00, 0x00, 0x2c, 0xff, 0xff, 0xff, 0xff, 0x2c, 0xff, 0xff, 0xff, 0xff, 0x2c, 0xff
    .byte 0xff, 0xff, 0xff, 0x2c, 0xff, 0xff, 0xff, 0xff, 0x2c, 0xff, 0xff, 0xff, 0xff, 0x2c, 0xff, 0xff
    .byte 0xff, 0xff, 0x15, 0x33, 0x2c, 0x1b, 0x00, 0x00, 0x00, 0x15, 0x31, 0x18, 0x70, 0x17, 0x00, 0x2c
    .byte 0x37, 0x11, 0x22, 0x02, 0x15, 0x39, 0x00, 0x2c, 0x68, 0x01, 0x00, 0x00, 0x15, 0x07, 0x15, 0x08
    .byte 0x2c, 0x02, 0x00, 0x00, 0x00, 0x15, 0x05, 0x15, 0x16, 0x2c, 0x01, 0x00, 0x00, 0x00, 0x15, 0x18
    .byte 0x2c, 0x01, 0x00, 0x00, 0x00, 0x15, 0x19, 0x20, 0x00, 0x00, 0x15, 0x05, 0x2c, 0x01, 0x00, 0x00
    .byte 0x00, 0x15, 0x06, 0x2c, 0x01, 0x00, 0x00, 0x00, 0x2c, 0xd7, 0x10, 0x22, 0x02, 0x15, 0x29, 0x00
    .byte 0x2c, 0x48, 0x01, 0x00, 0x00, 0x2c, 0x40, 0x01, 0x00, 0x00, 0x20, 0x00, 0x00, 0x15, 0x02, 0x20
    .byte 0x00, 0x00, 0x2c, 0x08, 0x00, 0x00, 0x00, 0x15, 0x32, 0x2c, 0x01, 0x00, 0x00, 0x00, 0x2c, 0x08
    .byte 0x00, 0x00, 0x00, 0x15, 0x32, 0x2c, 0x01, 0x00, 0x00, 0x00, 0x2c, 0xec, 0xff, 0xff, 0xff, 0x2c
    .byte 0xe8, 0xff, 0xff, 0xff, 0x2c, 0x14, 0x00, 0x00, 0x00, 0x2c, 0x0c, 0x00, 0x00, 0x00, 0x15, 0xd8
    .byte 0x2c, 0x01, 0x00, 0x00, 0x00, 0x2c, 0xf0, 0xff, 0xff, 0xff, 0x2c, 0xec, 0xff, 0xff, 0xff, 0x2c
    .byte 0x10, 0x00, 0x00, 0x00, 0x2c, 0x08, 0x00, 0x00, 0x00, 0x15, 0x5c, 0x20, 0x00, 0x00, 0x15, 0x05
    .byte 0x2c, 0x01, 0x00, 0x00, 0x00, 0x15, 0x06, 0x2c, 0x01, 0x00, 0x00, 0x00, 0x15, 0x09, 0x2c, 0x01
    .byte 0x00, 0x00, 0x00, 0x2c, 0xeb, 0x11, 0x22, 0x02, 0x15, 0x29, 0x00, 0x20, 0x00, 0x00, 0x2c, 0x5c
    .byte 0x00, 0x00, 0x00, 0x15, 0xe0, 0x20, 0x00, 0x00, 0x15, 0x18, 0x20, 0x00, 0x00, 0x15, 0x19, 0x2c
    .byte 0x01, 0x00, 0x00, 0x00, 0x20, 0x00, 0x00, 0x15, 0x29, 0x2c, 0x01, 0x00, 0x00, 0x00, 0x15, 0x05
    .byte 0x2c, 0x02, 0x00, 0x00, 0x00, 0x20, 0x00, 0x00, 0x2c, 0xff, 0xff, 0xff, 0xff, 0x2c, 0xff, 0xff
    .byte 0xff, 0xff, 0x2c, 0xff, 0xff, 0xff, 0xff, 0x2c, 0xff, 0xff, 0xff, 0xff, 0x2c, 0xff, 0xff, 0xff
    .byte 0xff, 0x2c, 0xff, 0xff, 0xff, 0xff, 0x15, 0x33, 0x2c, 0x1b, 0x00, 0x00, 0x00, 0x15, 0x31, 0x18
    .byte 0x70, 0x17, 0x00, 0x2c, 0x4b, 0x12, 0x22, 0x02, 0x15, 0x39, 0x00, 0x2c, 0x68, 0x01, 0x00, 0x00
    .byte 0x15, 0x07, 0x15, 0x08, 0x2c, 0x02, 0x00, 0x00, 0x00, 0x15, 0x05, 0x15, 0x16, 0x2c, 0x01, 0x00
    .byte 0x00, 0x00, 0x15, 0x18, 0x2c, 0x01, 0x00, 0x00, 0x00, 0x15, 0x19, 0x20, 0x00, 0x00, 0x15, 0x05
    .byte 0x2c, 0x01, 0x00, 0x00, 0x00, 0x15, 0x06, 0x2c, 0x01, 0x00, 0x00, 0x00, 0x2c, 0xeb, 0x11, 0x22
    .byte 0x02, 0x15, 0x29, 0x00, 0x2c, 0x68, 0x02, 0x00, 0x00, 0x2c, 0xc0, 0x01, 0x00, 0x00, 0x20, 0x00
    .byte 0x00, 0x15, 0x02, 0x20, 0x00, 0x00, 0x2c, 0x08, 0x00, 0x00, 0x00, 0x15, 0x32, 0x2c, 0x01, 0x00
    .byte 0x00, 0x00, 0x2c, 0x08, 0x00, 0x00, 0x00, 0x15, 0x32, 0x2c, 0x01, 0x00, 0x00, 0x00, 0x2c, 0xec
    .byte 0xff, 0xff, 0xff, 0x2c, 0xe8, 0xff, 0xff, 0xff, 0x2c, 0x14, 0x00, 0x00, 0x00, 0x2c, 0x0c, 0x00
    .byte 0x00, 0x00, 0x15, 0xd8, 0x2c, 0x01, 0x00, 0x00, 0x00, 0x2c, 0xf0, 0xff, 0xff, 0xff, 0x2c, 0xec
    .byte 0xff, 0xff, 0xff, 0x2c, 0x10, 0x00, 0x00, 0x00, 0x2c, 0x08, 0x00, 0x00, 0x00, 0x15, 0x5c, 0x20
    .byte 0x00, 0x00, 0x15, 0x05, 0x2c, 0x01, 0x00, 0x00, 0x00, 0x15, 0x06, 0x2c, 0x01, 0x00, 0x00, 0x00
    .byte 0x15, 0x09, 0x2c, 0x01, 0x00, 0x00, 0x00, 0x2c, 0xff, 0x12, 0x22, 0x02, 0x15, 0x29, 0x00, 0x20
    .byte 0x00, 0x00, 0x2c, 0x5c, 0x00, 0x00, 0x00, 0x15, 0xe0, 0x20, 0x00, 0x00, 0x15, 0x18, 0x20, 0x00
    .byte 0x00, 0x15, 0x19, 0x2c, 0x01, 0x00, 0x00, 0x00, 0x20, 0x00, 0x00, 0x15, 0x29, 0x2c, 0x01, 0x00
    .byte 0x00, 0x00, 0x15, 0x05, 0x2c, 0x02, 0x00, 0x00, 0x00, 0x20, 0x00, 0x00, 0x2c, 0xff, 0xff, 0xff
    .byte 0xff, 0x2c, 0xff, 0xff, 0xff, 0xff, 0x2c, 0xff, 0xff, 0xff, 0xff, 0x2c, 0xff, 0xff, 0xff, 0xff
    .byte 0x2c, 0xff, 0xff, 0xff, 0xff, 0x2c, 0xff, 0xff, 0xff, 0xff, 0x15, 0x33, 0x2c, 0x1b, 0x00, 0x00
    .byte 0x00, 0x15, 0x31, 0x18, 0x70, 0x17, 0x00, 0x2c, 0x5f, 0x13, 0x22, 0x02, 0x15, 0x39, 0x00, 0x2c
    .byte 0x68, 0x01, 0x00, 0x00, 0x15, 0x07, 0x15, 0x08, 0x2c, 0x02, 0x00, 0x00, 0x00, 0x15, 0x05, 0x15
    .byte 0x16, 0x2c, 0x01, 0x00, 0x00, 0x00, 0x15, 0x18, 0x2c, 0x01, 0x00, 0x00, 0x00, 0x15, 0x19, 0x20
    .byte 0x00, 0x00, 0x15, 0x05, 0x2c, 0x01, 0x00, 0x00, 0x00, 0x15, 0x06, 0x2c, 0x01, 0x00, 0x00, 0x00
    .byte 0x2c, 0xff, 0x12, 0x22, 0x02, 0x15, 0x29, 0x00, 0x00, 0x00, 0x00, 0x00, 0x00, 0x00, 0x00, 0x00
