.text
; Matching fallback for the portable implementation in src/overlays/ov171/overlay171_recovery.c.
.extern data_ov171_0221d720
.extern data_ov171_0221d734
.extern data_ov171_0221e8f1
.extern data_ov171_022226e0
.extern data_ov171_022226e4
.extern GamePhaseRuntime_SetGlobalValue30F8
.extern ActorInteractionRuntime_Init
.extern ActorInteractionRuntime_NoOp
.extern ActorDescriptorBatch_RegisterAndSpawnCategory1
.extern ActorDescriptorBatch_SetCategory1Callback

.global func_ov171_0221d6c0
func_ov171_0221d6c0:
    stmdb sp!, {r3, lr}
    cmp r0, #0x0
    ldmneia sp!, {r3, pc}
    bl ActorInteractionRuntime_Init
    ldr r0, .L_0221d6fc
    ldr r2, .L_0221d700
    mov r1, #0x3
    bl ActorDescriptorBatch_RegisterAndSpawnCategory1
    ldr r0, .L_0221d704
    bl ActorInteractionRuntime_NoOp
    ldr r0, .L_0221d708
    bl GamePhaseRuntime_SetGlobalValue30F8
    ldr r0, .L_0221d70c
    bl ActorDescriptorBatch_SetCategory1Callback
    ldmia sp!, {r3, pc}
.L_0221d6fc: .word data_ov171_022226e4
.L_0221d700: .word data_ov171_0221d734
.L_0221d704: .word data_ov171_022226e0
.L_0221d708: .word data_ov171_0221d720
.L_0221d70c: .word data_ov171_0221e8f1
.size func_ov171_0221d6c0, . - func_ov171_0221d6c0

; Matching fallback for initialized records and BSS documented in
; src/overlays/ov171/overlay171_recovery.c.
; Absolute labels preserve fixed-address record and BSS references without alignment padding.
.global data_ov171_0221d720
.set data_ov171_0221d720, 0x0221d720
.global data_ov171_0221d734
.set data_ov171_0221d734, 0x0221d734
.global data_ov171_0221e190
.set data_ov171_0221e190, 0x0221e190
.global data_ov171_0221e1f5
.set data_ov171_0221e1f5, 0x0221e1f5
.global data_ov171_0221e392
.set data_ov171_0221e392, 0x0221e392
.global data_ov171_0221e3d5
.set data_ov171_0221e3d5, 0x0221e3d5
.global data_ov171_0221e3ec
.set data_ov171_0221e3ec, 0x0221e3ec
.global data_ov171_0221e412
.set data_ov171_0221e412, 0x0221e412
.global data_ov171_0221e44c
.set data_ov171_0221e44c, 0x0221e44c
.global data_ov171_0221e540
.set data_ov171_0221e540, 0x0221e540
.global data_ov171_0221e554
.set data_ov171_0221e554, 0x0221e554
.global data_ov171_0221e57a
.set data_ov171_0221e57a, 0x0221e57a
.global data_ov171_0221e5fd
.set data_ov171_0221e5fd, 0x0221e5fd
.global data_ov171_0221e5fe
.set data_ov171_0221e5fe, 0x0221e5fe
.global data_ov171_0221e8f0
.set data_ov171_0221e8f0, 0x0221e8f0
.global data_ov171_0221e8f1
.set data_ov171_0221e8f1, 0x0221e8f1
.global data_ov171_0221ea0f
.set data_ov171_0221ea0f, 0x0221ea0f
.global data_ov171_0221ea4a
.set data_ov171_0221ea4a, 0x0221ea4a
.global data_ov171_0221ea65
.set data_ov171_0221ea65, 0x0221ea65
.global data_ov171_0221eab4
.set data_ov171_0221eab4, 0x0221eab4
.global data_ov171_0221eae1
.set data_ov171_0221eae1, 0x0221eae1
.global data_ov171_0221eb07
.set data_ov171_0221eb07, 0x0221eb07
.global data_ov171_0221eb40
.set data_ov171_0221eb40, 0x0221eb40
.global data_ov171_0221eb79
.set data_ov171_0221eb79, 0x0221eb79
.global data_ov171_0221ebf9
.set data_ov171_0221ebf9, 0x0221ebf9
.global data_ov171_0221ec2c
.set data_ov171_0221ec2c, 0x0221ec2c
.global data_ov171_0221ed22
.set data_ov171_0221ed22, 0x0221ed22
.global data_ov171_0221edc3
.set data_ov171_0221edc3, 0x0221edc3
.global data_ov171_0221eddc
.set data_ov171_0221eddc, 0x0221eddc
.global data_ov171_0221eddd
.set data_ov171_0221eddd, 0x0221eddd
.global data_ov171_0221ee14
.set data_ov171_0221ee14, 0x0221ee14
.global data_ov171_0221ee94
.set data_ov171_0221ee94, 0x0221ee94
.global data_ov171_0221ef90
.set data_ov171_0221ef90, 0x0221ef90
.global data_ov171_0221f024
.set data_ov171_0221f024, 0x0221f024
.global data_ov171_0221f04a
.set data_ov171_0221f04a, 0x0221f04a
.global data_ov171_0221f058
.set data_ov171_0221f058, 0x0221f058
.global data_ov171_0221f05d
.set data_ov171_0221f05d, 0x0221f05d
.global data_ov171_0221f0e3
.set data_ov171_0221f0e3, 0x0221f0e3
.global data_ov171_0221f127
.set data_ov171_0221f127, 0x0221f127
.global data_ov171_0221f253
.set data_ov171_0221f253, 0x0221f253
.global data_ov171_0221f350
.set data_ov171_0221f350, 0x0221f350
.global data_ov171_0221f363
.set data_ov171_0221f363, 0x0221f363
.global data_ov171_0221f3b1
.set data_ov171_0221f3b1, 0x0221f3b1
.global data_ov171_0221f402
.set data_ov171_0221f402, 0x0221f402
.global data_ov171_0221f4b6
.set data_ov171_0221f4b6, 0x0221f4b6
.global data_ov171_0221f659
.set data_ov171_0221f659, 0x0221f659
.global data_ov171_0221f68d
.set data_ov171_0221f68d, 0x0221f68d
.global data_ov171_0221f748
.set data_ov171_0221f748, 0x0221f748
.global data_ov171_0221f759
.set data_ov171_0221f759, 0x0221f759
.global data_ov171_0221f7f5
.set data_ov171_0221f7f5, 0x0221f7f5
.global data_ov171_0221f836
.set data_ov171_0221f836, 0x0221f836
.global data_ov171_0221f89a
.set data_ov171_0221f89a, 0x0221f89a
.global data_ov171_0221f8d4
.set data_ov171_0221f8d4, 0x0221f8d4
.global data_ov171_0221f944
.set data_ov171_0221f944, 0x0221f944
.global data_ov171_0221f955
.set data_ov171_0221f955, 0x0221f955
.global data_ov171_0221f9f1
.set data_ov171_0221f9f1, 0x0221f9f1
.global data_ov171_0221fa66
.set data_ov171_0221fa66, 0x0221fa66
.global data_ov171_0221fa82
.set data_ov171_0221fa82, 0x0221fa82
.global data_ov171_0221fa8a
.set data_ov171_0221fa8a, 0x0221fa8a
.global data_ov171_0221fa8d
.set data_ov171_0221fa8d, 0x0221fa8d
.global data_ov171_0221fada
.set data_ov171_0221fada, 0x0221fada
.global data_ov171_0221fb11
.set data_ov171_0221fb11, 0x0221fb11
.global data_ov171_0221fb3d
.set data_ov171_0221fb3d, 0x0221fb3d
.global data_ov171_0221fb87
.set data_ov171_0221fb87, 0x0221fb87
.global data_ov171_0221fbab
.set data_ov171_0221fbab, 0x0221fbab
.global data_ov171_0221fbcf
.set data_ov171_0221fbcf, 0x0221fbcf
.global data_ov171_0221fbf3
.set data_ov171_0221fbf3, 0x0221fbf3
.global data_ov171_0221fc17
.set data_ov171_0221fc17, 0x0221fc17
.global data_ov171_0221fc3b
.set data_ov171_0221fc3b, 0x0221fc3b
.global data_ov171_0221fc5f
.set data_ov171_0221fc5f, 0x0221fc5f
.global data_ov171_0221fc93
.set data_ov171_0221fc93, 0x0221fc93
.global data_ov171_0221fd28
.set data_ov171_0221fd28, 0x0221fd28
.global data_ov171_0221fdc1
.set data_ov171_0221fdc1, 0x0221fdc1
.global data_ov171_0221fdec
.set data_ov171_0221fdec, 0x0221fdec
.global data_ov171_0221feb1
.set data_ov171_0221feb1, 0x0221feb1
.global data_ov171_0221ff57
.set data_ov171_0221ff57, 0x0221ff57
.global data_ov171_0221ff99
.set data_ov171_0221ff99, 0x0221ff99
.global data_ov171_0222003f
.set data_ov171_0222003f, 0x0222003f
.global data_ov171_02220081
.set data_ov171_02220081, 0x02220081
.global data_ov171_02220127
.set data_ov171_02220127, 0x02220127
.global data_ov171_022201f8
.set data_ov171_022201f8, 0x022201f8
.global data_ov171_0222029d
.set data_ov171_0222029d, 0x0222029d
.global data_ov171_022202c1
.set data_ov171_022202c1, 0x022202c1
.global data_ov171_02220306
.set data_ov171_02220306, 0x02220306
.global data_ov171_02220322
.set data_ov171_02220322, 0x02220322
.global data_ov171_02220339
.set data_ov171_02220339, 0x02220339
.global data_ov171_0222036a
.set data_ov171_0222036a, 0x0222036a
.global data_ov171_02220386
.set data_ov171_02220386, 0x02220386
.global data_ov171_0222039d
.set data_ov171_0222039d, 0x0222039d
.global data_ov171_0222047c
.set data_ov171_0222047c, 0x0222047c
.global data_ov171_022204a4
.set data_ov171_022204a4, 0x022204a4
.global data_ov171_022204d0
.set data_ov171_022204d0, 0x022204d0
.global data_ov171_02220526
.set data_ov171_02220526, 0x02220526
.global data_ov171_02220527
.set data_ov171_02220527, 0x02220527
.global data_ov171_0222057d
.set data_ov171_0222057d, 0x0222057d
.global data_ov171_02220621
.set data_ov171_02220621, 0x02220621
.global data_ov171_022207dc
.set data_ov171_022207dc, 0x022207dc
.global data_ov171_02220886
.set data_ov171_02220886, 0x02220886
.global data_ov171_02220897
.set data_ov171_02220897, 0x02220897
.global data_ov171_0222091e
.set data_ov171_0222091e, 0x0222091e
.global data_ov171_02220a11
.set data_ov171_02220a11, 0x02220a11
.global data_ov171_02220a5c
.set data_ov171_02220a5c, 0x02220a5c
.global data_ov171_02220a97
.set data_ov171_02220a97, 0x02220a97
.global data_ov171_02220b0b
.set data_ov171_02220b0b, 0x02220b0b
.global data_ov171_02220b8f
.set data_ov171_02220b8f, 0x02220b8f
.global data_ov171_02220c32
.set data_ov171_02220c32, 0x02220c32
.global data_ov171_02220c8a
.set data_ov171_02220c8a, 0x02220c8a
.global data_ov171_02220c9d
.set data_ov171_02220c9d, 0x02220c9d
.global data_ov171_02220ca0
.set data_ov171_02220ca0, 0x02220ca0
.global data_ov171_02220ccd
.set data_ov171_02220ccd, 0x02220ccd
.global data_ov171_02220cd4
.set data_ov171_02220cd4, 0x02220cd4
.global data_ov171_02220d47
.set data_ov171_02220d47, 0x02220d47
.global data_ov171_02220d74
.set data_ov171_02220d74, 0x02220d74
.global data_ov171_02220dbc
.set data_ov171_02220dbc, 0x02220dbc
.global data_ov171_02220dc1
.set data_ov171_02220dc1, 0x02220dc1
.global data_ov171_02220deb
.set data_ov171_02220deb, 0x02220deb
.global data_ov171_02220e18
.set data_ov171_02220e18, 0x02220e18
.global data_ov171_02220e60
.set data_ov171_02220e60, 0x02220e60
.global data_ov171_02220e65
.set data_ov171_02220e65, 0x02220e65
.global data_ov171_02220e8f
.set data_ov171_02220e8f, 0x02220e8f
.global data_ov171_02220ebc
.set data_ov171_02220ebc, 0x02220ebc
.global data_ov171_02220f38
.set data_ov171_02220f38, 0x02220f38
.global data_ov171_02220f66
.set data_ov171_02220f66, 0x02220f66
.global data_ov171_02220fa9
.set data_ov171_02220fa9, 0x02220fa9
.global data_ov171_02220fcf
.set data_ov171_02220fcf, 0x02220fcf
.global data_ov171_02221008
.set data_ov171_02221008, 0x02221008
.global data_ov171_02221056
.set data_ov171_02221056, 0x02221056
.global data_ov171_0222107a
.set data_ov171_0222107a, 0x0222107a
.global data_ov171_0222109e
.set data_ov171_0222109e, 0x0222109e
.global data_ov171_022210c2
.set data_ov171_022210c2, 0x022210c2
.global data_ov171_022210e6
.set data_ov171_022210e6, 0x022210e6
.global data_ov171_0222110a
.set data_ov171_0222110a, 0x0222110a
.global data_ov171_0222112f
.set data_ov171_0222112f, 0x0222112f
.global data_ov171_022211ae
.set data_ov171_022211ae, 0x022211ae
.global data_ov171_022211b1
.set data_ov171_022211b1, 0x022211b1
.global data_ov171_02221242
.set data_ov171_02221242, 0x02221242
.global data_ov171_02221248
.set data_ov171_02221248, 0x02221248
.global data_ov171_0222124d
.set data_ov171_0222124d, 0x0222124d
.global data_ov171_02221297
.set data_ov171_02221297, 0x02221297
.global data_ov171_022214a6
.set data_ov171_022214a6, 0x022214a6
.global data_ov171_022214c2
.set data_ov171_022214c2, 0x022214c2
.global data_ov171_0222150d
.set data_ov171_0222150d, 0x0222150d
.global data_ov171_02221595
.set data_ov171_02221595, 0x02221595
.global data_ov171_02221600
.set data_ov171_02221600, 0x02221600
.global data_ov171_022216ce
.set data_ov171_022216ce, 0x022216ce
.global data_ov171_022216ea
.set data_ov171_022216ea, 0x022216ea
.global data_ov171_02221701
.set data_ov171_02221701, 0x02221701
.global data_ov171_022217ec
.set data_ov171_022217ec, 0x022217ec
.global data_ov171_02221814
.set data_ov171_02221814, 0x02221814
.global data_ov171_02221898
.set data_ov171_02221898, 0x02221898
.global data_ov171_022218b8
.set data_ov171_022218b8, 0x022218b8
.global data_ov171_022218fc
.set data_ov171_022218fc, 0x022218fc
.global data_ov171_0222191d
.set data_ov171_0222191d, 0x0222191d
.global data_ov171_022219f6
.set data_ov171_022219f6, 0x022219f6
.global data_ov171_02221a53
.set data_ov171_02221a53, 0x02221a53
.global data_ov171_02221b35
.set data_ov171_02221b35, 0x02221b35
.global data_ov171_02221b64
.set data_ov171_02221b64, 0x02221b64
.global data_ov171_02221c61
.set data_ov171_02221c61, 0x02221c61
.global data_ov171_02221ca4
.set data_ov171_02221ca4, 0x02221ca4
.global data_ov171_02221cc5
.set data_ov171_02221cc5, 0x02221cc5
.global data_ov171_02221cd3
.set data_ov171_02221cd3, 0x02221cd3
.global data_ov171_02221dc1
.set data_ov171_02221dc1, 0x02221dc1
.global data_ov171_02221df5
.set data_ov171_02221df5, 0x02221df5
.global data_ov171_02221e0a
.set data_ov171_02221e0a, 0x02221e0a
.global data_ov171_02221efc
.set data_ov171_02221efc, 0x02221efc
.global data_ov171_0222218a
.set data_ov171_0222218a, 0x0222218a
.global data_ov171_022221a6
.set data_ov171_022221a6, 0x022221a6
.global data_ov171_022223f1
.set data_ov171_022223f1, 0x022223f1
.global data_ov171_02222583
.set data_ov171_02222583, 0x02222583
.global data_ov171_022226e0
.set data_ov171_022226e0, 0x022226e0
.global data_ov171_022226e4
.set data_ov171_022226e4, 0x022226e4
    .section .data, 4, 1, 4
    .byte 0xff, 0xff, 0xff, 0xff, 0x00, 0x00, 0x00, 0x00, 0x00, 0x00, 0x00, 0x00, 0xff, 0xff, 0x00, 0x00
    .byte 0x00, 0x00, 0x00, 0x00, 0x03, 0x00, 0x18, 0x00, 0xd3, 0x21, 0x00, 0x00, 0xd4, 0x21, 0x00, 0x00
    .byte 0xd5, 0x21, 0x00, 0x00, 0x02, 0x00, 0x14, 0x14, 0x00, 0x00, 0x00, 0x00, 0x00, 0x00, 0xc0, 0xff
    .byte 0xc0, 0xff, 0x40, 0x00, 0x40, 0x00, 0x28, 0x02, 0x28, 0x02, 0x00, 0x00, 0x00, 0x00, 0x00, 0x00
    .byte 0x65, 0xea, 0x21, 0x02, 0x00, 0x00, 0x00, 0x00, 0x00, 0x00, 0x00, 0x00, 0x00, 0x00, 0x00, 0x00
    .byte 0xff, 0xff, 0x00, 0x00, 0x00, 0x00, 0x00, 0x00, 0x00, 0x00, 0x00, 0x00, 0xff, 0xff, 0xff, 0xff
    .byte 0xff, 0xff, 0xff, 0xff, 0x00, 0x00, 0x03, 0x00, 0xff, 0xff, 0xff, 0xff, 0x00, 0x00, 0x04, 0x00
    .byte 0xf4, 0xd8, 0x0c, 0x00, 0x00, 0x02, 0x00, 0x00, 0x03, 0x00, 0x10, 0x00, 0xd4, 0x11, 0x00, 0x00
    .byte 0x01, 0x10, 0x00, 0x00, 0xd5, 0x11, 0x00, 0x00, 0x02, 0x00, 0x00, 0x00, 0x00, 0x00, 0x00, 0x00
    .byte 0x00, 0x00, 0xf0, 0xff, 0xcf, 0xff, 0x10, 0x00, 0x07, 0x00, 0x00, 0xfe, 0x00, 0xfe, 0x00, 0x00
    .byte 0x08, 0x00, 0x00, 0x00, 0xdd, 0xed, 0x21, 0x02, 0x00, 0x00, 0x00, 0x00, 0x00, 0x00, 0x00, 0x00
    .byte 0x00, 0x00, 0x00, 0x00, 0xff, 0xff, 0x00, 0x00, 0x00, 0x00, 0x00, 0x00, 0x00, 0x00, 0x00, 0x00
    .byte 0xff, 0xff, 0xff, 0xff, 0xff, 0xff, 0xff, 0xff, 0x00, 0x00, 0x04, 0x00, 0xff, 0xff, 0xff, 0xff
    .byte 0x00, 0x00, 0x1f, 0x00, 0xf4, 0xd8, 0x0c, 0x00, 0x00, 0x00, 0x00, 0x00, 0x06, 0x00, 0x00, 0x00
    .byte 0x00, 0x10, 0x00, 0x00, 0x01, 0x10, 0x00, 0x00, 0x02, 0x10, 0x00, 0x00, 0x02, 0x00, 0x0c, 0x08
    .byte 0x00, 0x00, 0x00, 0x00, 0x00, 0x00, 0xf0, 0xff, 0xcf, 0xff, 0x10, 0x00, 0x07, 0x00, 0x00, 0xfe
    .byte 0x00, 0xfe, 0x00, 0x00, 0x00, 0x00, 0x00, 0x00, 0xf6, 0x19, 0x22, 0x02, 0x00, 0x00, 0x00, 0x00
    .byte 0x00, 0x00, 0x00, 0x00, 0x00, 0x00, 0x00, 0x00, 0xff, 0xff, 0x00, 0x00, 0x00, 0x00, 0x00, 0x00
    .byte 0x00, 0x00, 0x00, 0x00, 0xff, 0xff, 0xff, 0xff, 0xff, 0xff, 0xff, 0xff, 0x00, 0x00, 0x05, 0x00
    .byte 0xff, 0xff, 0xff, 0xff, 0x00, 0x00, 0x00, 0x00, 0xf4, 0xd8, 0x0c, 0x00, 0x00, 0x00, 0x00, 0x00
    .byte 0x03, 0x00, 0x00, 0x00, 0x00, 0x10, 0x00, 0x00, 0x01, 0x10, 0x00, 0x00, 0x02, 0x10, 0x00, 0x00
    .byte 0x02, 0x00, 0x00, 0x00, 0x00, 0x00, 0x00, 0x00, 0x00, 0x00, 0xf0, 0xff, 0xcf, 0xff, 0x10, 0x00
    .byte 0x07, 0x00, 0x00, 0xfe, 0x00, 0xfe, 0x00, 0x00, 0x00, 0x00, 0x00, 0x00, 0x53, 0x1a, 0x22, 0x02
    .byte 0x00, 0x00, 0x00, 0x00, 0x00, 0x00, 0x00, 0x00, 0x00, 0x00, 0x00, 0x00, 0xff, 0xff, 0x00, 0x00
    .byte 0x00, 0x00, 0x00, 0x00, 0x00, 0x00, 0x00, 0x00, 0xff, 0xff, 0xff, 0xff, 0xff, 0xff, 0xff, 0xff
    .byte 0x00, 0x00, 0x06, 0x00, 0xff, 0xff, 0xff, 0xff, 0x00, 0x00, 0x0e, 0x00, 0xf4, 0xd8, 0x0c, 0x00
    .byte 0x00, 0x00, 0x00, 0x00, 0x03, 0x00, 0x00, 0x00, 0x68, 0x32, 0x00, 0x00, 0x69, 0x32, 0x00, 0x00
    .byte 0x6a, 0x32, 0x00, 0x00, 0x02, 0x00, 0x10, 0x10, 0x00, 0x00, 0x00, 0x00, 0x00, 0x00, 0xe0, 0xff
    .byte 0xc0, 0xff, 0x20, 0x00, 0x08, 0x00, 0x90, 0x01, 0x81, 0x01, 0xc0, 0xff, 0x02, 0x00, 0x00, 0x00
    .byte 0xb8, 0x18, 0x22, 0x02, 0x00, 0x00, 0x00, 0x00, 0x00, 0x00, 0x00, 0x00, 0x00, 0x00, 0x00, 0x00
    .byte 0xff, 0xff, 0x18, 0x00, 0x00, 0x00, 0x00, 0x00, 0x00, 0x00, 0x00, 0x00, 0xff, 0xff, 0xff, 0xff
    .byte 0xff, 0xff, 0xff, 0xff, 0x00, 0x00, 0x07, 0x00, 0xff, 0xff, 0xff, 0xff, 0x00, 0x00, 0x00, 0x00
    .byte 0xe0, 0xc0, 0x20, 0x08, 0x00, 0x00, 0x00, 0x00, 0x03, 0x00, 0x01, 0x00, 0x5f, 0x32, 0x00, 0x00
    .byte 0x60, 0x32, 0x00, 0x00, 0x61, 0x32, 0x00, 0x00, 0x02, 0x02, 0x00, 0x00, 0x00, 0x00, 0x00, 0x00
    .byte 0x00, 0x00, 0xf0, 0xff, 0xcf, 0xff, 0x10, 0x00, 0x07, 0x00, 0x93, 0x01, 0x88, 0x01, 0xc0, 0xff
    .byte 0x00, 0x00, 0x00, 0x00, 0x53, 0xf2, 0x21, 0x02, 0x00, 0x00, 0x00, 0x00, 0x00, 0x00, 0x00, 0x00
    .byte 0x00, 0x00, 0x00, 0x00, 0xff, 0xff, 0x00, 0x00, 0x00, 0x00, 0x00, 0x00, 0x00, 0x00, 0x00, 0x00
    .byte 0xff, 0xff, 0xff, 0xff, 0xff, 0xff, 0xff, 0xff, 0x00, 0x00, 0x08, 0x00, 0xff, 0xff, 0xff, 0xff
    .byte 0x00, 0x00, 0x00, 0x00, 0xf4, 0xd8, 0x0c, 0x00, 0x00, 0x00, 0x00, 0x00, 0x02, 0x00, 0x1c, 0x00
    .byte 0x00, 0x10, 0x00, 0x00, 0x01, 0x10, 0x00, 0x00, 0x02, 0x10, 0x00, 0x00, 0x02, 0x00, 0x14, 0x08
    .byte 0x00, 0x00, 0x00, 0x00, 0x00, 0x00, 0xf0, 0xff, 0xcf, 0xff, 0x10, 0x00, 0x07, 0x00, 0x78, 0x03
    .byte 0xa8, 0x01, 0x00, 0x00, 0x08, 0x02, 0x01, 0x02, 0x00, 0x00, 0x00, 0x00, 0x00, 0x02, 0x00, 0x00
    .byte 0x00, 0x00, 0x00, 0x00, 0x00, 0x00, 0x00, 0x00, 0xff, 0xff, 0x00, 0x00, 0x00, 0x00, 0x00, 0x00
    .byte 0x00, 0x00, 0x00, 0x00, 0xff, 0xff, 0xff, 0xff, 0xff, 0xff, 0xff, 0xff, 0x00, 0x00, 0xff, 0xff
    .byte 0x01, 0x00, 0x00, 0x00, 0x00, 0x00, 0x00, 0x00, 0xf4, 0xd8, 0x0c, 0x00, 0x00, 0x00, 0x00, 0x00
    .byte 0x02, 0x00, 0x1c, 0x00, 0x00, 0x10, 0x00, 0x00, 0x01, 0x10, 0x00, 0x00, 0x02, 0x10, 0x00, 0x00
    .byte 0x02, 0x00, 0x14, 0x08, 0x00, 0x00, 0x00, 0x00, 0x00, 0x00, 0xf0, 0xff, 0xcf, 0xff, 0x10, 0x00
    .byte 0x07, 0x00, 0x58, 0x03, 0xd8, 0x01, 0x00, 0x00, 0x08, 0x02, 0x01, 0x02, 0x00, 0x00, 0x00, 0x00
    .byte 0x00, 0x02, 0x00, 0x00, 0x00, 0x00, 0x00, 0x00, 0x00, 0x00, 0x00, 0x00, 0xff, 0xff, 0x00, 0x00
    .byte 0x00, 0x00, 0x00, 0x00, 0x00, 0x00, 0x00, 0x00, 0xff, 0xff, 0xff, 0xff, 0xff, 0xff, 0xff, 0xff
    .byte 0x00, 0x00, 0xff, 0xff, 0x01, 0x00, 0x00, 0x00, 0x00, 0x00, 0x00, 0x00, 0xf4, 0xd8, 0x0c, 0x00
    .byte 0x00, 0x00, 0x00, 0x00, 0x02, 0x00, 0x1c, 0x00, 0x00, 0x10, 0x00, 0x00, 0x01, 0x10, 0x00, 0x00
    .byte 0x02, 0x10, 0x00, 0x00, 0x02, 0x00, 0x14, 0x08, 0x00, 0x00, 0x00, 0x00, 0x00, 0x00, 0xf0, 0xff
    .byte 0xcf, 0xff, 0x10, 0x00, 0x07, 0x00, 0x58, 0x02, 0x80, 0x00, 0x00, 0x00, 0x08, 0x02, 0x01, 0x02
    .byte 0x00, 0x00, 0x00, 0x00, 0x00, 0x02, 0x00, 0x00, 0x00, 0x00, 0x00, 0x00, 0x00, 0x00, 0x00, 0x00
    .byte 0xff, 0xff, 0x00, 0x00, 0x00, 0x00, 0x00, 0x00, 0x00, 0x00, 0x00, 0x00, 0xff, 0xff, 0xff, 0xff
    .byte 0xff, 0xff, 0xff, 0xff, 0x00, 0x00, 0xff, 0xff, 0x01, 0x00, 0x00, 0x00, 0x00, 0x00, 0x00, 0x00
    .byte 0xf4, 0xd8, 0x0c, 0x00, 0x00, 0x00, 0x00, 0x00, 0x02, 0x00, 0x24, 0x00, 0x00, 0x10, 0x00, 0x00
    .byte 0x01, 0x10, 0x00, 0x00, 0x02, 0x10, 0x00, 0x00, 0x02, 0x00, 0x14, 0x08, 0x00, 0x00, 0x00, 0x00
    .byte 0x00, 0x00, 0xf0, 0xff, 0xcf, 0xff, 0x10, 0x00, 0x07, 0x00, 0xc0, 0x02, 0xe8, 0x00, 0xe0, 0xff
    .byte 0x08, 0x04, 0x41, 0x00, 0x00, 0x00, 0x00, 0x00, 0x00, 0x02, 0x00, 0x00, 0x00, 0x00, 0x00, 0x00
    .byte 0x00, 0x00, 0x00, 0x00, 0xff, 0xff, 0x00, 0x00, 0x00, 0x00, 0x00, 0x00, 0x00, 0x00, 0x00, 0x00
    .byte 0xff, 0xff, 0xff, 0xff, 0xff, 0xff, 0xff, 0xff, 0x00, 0x00, 0xff, 0xff, 0x01, 0x00, 0x00, 0x00
    .byte 0x00, 0x00, 0x00, 0x00, 0xf4, 0xd8, 0x0c, 0x00, 0x00, 0x00, 0x00, 0x00, 0x02, 0x00, 0x27, 0x00
    .byte 0x00, 0x10, 0x00, 0x00, 0x01, 0x10, 0x00, 0x00, 0x02, 0x10, 0x00, 0x00, 0x02, 0x00, 0x10, 0x08
    .byte 0x00, 0x00, 0x00, 0x00, 0x00, 0x00, 0xf0, 0xff, 0xcf, 0xff, 0x10, 0x00, 0x07, 0x00, 0xd0, 0x01
    .byte 0x70, 0x00, 0x00, 0x00, 0x08, 0x02, 0x00, 0x00, 0x00, 0x00, 0x00, 0x00, 0x00, 0x02, 0x00, 0x00
    .byte 0x00, 0x00, 0x00, 0x00, 0x00, 0x00, 0x00, 0x00, 0xff, 0xff, 0x00, 0x00, 0x00, 0x00, 0x00, 0x00
    .byte 0x00, 0x00, 0x00, 0x00, 0xff, 0xff, 0xff, 0xff, 0xff, 0xff, 0xff, 0xff, 0x00, 0x00, 0xff, 0xff
    .byte 0x01, 0x00, 0x00, 0x00, 0x00, 0x00, 0x00, 0x00, 0xf4, 0xd8, 0x0c, 0x00, 0x00, 0x00, 0x00, 0x00
    .byte 0x02, 0x00, 0x27, 0x00, 0x00, 0x10, 0x00, 0x00, 0x01, 0x10, 0x00, 0x00, 0x02, 0x10, 0x00, 0x00
    .byte 0x02, 0x00, 0x10, 0x08, 0x00, 0x00, 0x00, 0x00, 0x00, 0x00, 0xf0, 0xff, 0xcf, 0xff, 0x10, 0x00
    .byte 0x07, 0x00, 0xf0, 0x01, 0x90, 0x00, 0x00, 0x00, 0x08, 0x02, 0x00, 0x00, 0x00, 0x00, 0x00, 0x00
    .byte 0x00, 0x02, 0x00, 0x00, 0x00, 0x00, 0x00, 0x00, 0x00, 0x00, 0x00, 0x00, 0xff, 0xff, 0x00, 0x00
    .byte 0x00, 0x00, 0x00, 0x00, 0x00, 0x00, 0x00, 0x00, 0xff, 0xff, 0xff, 0xff, 0xff, 0xff, 0xff, 0xff
    .byte 0x00, 0x00, 0xff, 0xff, 0x01, 0x00, 0x00, 0x00, 0x00, 0x00, 0x00, 0x00, 0xf4, 0xd8, 0x0c, 0x00
    .byte 0x00, 0x00, 0x00, 0x00, 0x02, 0x00, 0x25, 0x00, 0x00, 0x10, 0x00, 0x00, 0x01, 0x10, 0x00, 0x00
    .byte 0x02, 0x10, 0x00, 0x00, 0x02, 0x00, 0x10, 0x08, 0x00, 0x00, 0x00, 0x00, 0x00, 0x00, 0xf0, 0xff
    .byte 0xcf, 0xff, 0x10, 0x00, 0x07, 0x00, 0x70, 0x03, 0x30, 0x01, 0x00, 0x00, 0x08, 0x02, 0x00, 0x00
    .byte 0x00, 0x00, 0x00, 0x00, 0x00, 0x02, 0x00, 0x00, 0x00, 0x00, 0x00, 0x00, 0x00, 0x00, 0x00, 0x00
    .byte 0xff, 0xff, 0x00, 0x00, 0x00, 0x00, 0x00, 0x00, 0x00, 0x00, 0x00, 0x00, 0xff, 0xff, 0xff, 0xff
    .byte 0xff, 0xff, 0xff, 0xff, 0x00, 0x00, 0xff, 0xff, 0x01, 0x00, 0x00, 0x00, 0x00, 0x00, 0x00, 0x00
    .byte 0xf4, 0xd8, 0x0c, 0x00, 0x00, 0x00, 0x00, 0x00, 0x02, 0x00, 0x25, 0x00, 0x00, 0x10, 0x00, 0x00
    .byte 0x01, 0x10, 0x00, 0x00, 0x02, 0x10, 0x00, 0x00, 0x02, 0x00, 0x10, 0x08, 0x00, 0x00, 0x00, 0x00
    .byte 0x00, 0x00, 0xf0, 0xff, 0xcf, 0xff, 0x10, 0x00, 0x07, 0x00, 0x50, 0x03, 0x70, 0x01, 0x00, 0x00
    .byte 0x08, 0x02, 0x00, 0x00, 0x00, 0x00, 0x00, 0x00, 0x00, 0x02, 0x00, 0x00, 0x00, 0x00, 0x00, 0x00
    .byte 0x00, 0x00, 0x00, 0x00, 0xff, 0xff, 0x00, 0x00, 0x00, 0x00, 0x00, 0x00, 0x00, 0x00, 0x00, 0x00
    .byte 0xff, 0xff, 0xff, 0xff, 0xff, 0xff, 0xff, 0xff, 0x00, 0x00, 0xff, 0xff, 0x01, 0x00, 0x00, 0x00
    .byte 0x00, 0x00, 0x00, 0x00, 0xf4, 0xd8, 0x0c, 0x00, 0x00, 0x00, 0x00, 0x00, 0x02, 0x00, 0x23, 0x00
    .byte 0x00, 0x10, 0x00, 0x00, 0x01, 0x10, 0x00, 0x00, 0x02, 0x10, 0x00, 0x00, 0x02, 0x00, 0x0c, 0x08
    .byte 0x00, 0x00, 0x00, 0x00, 0x00, 0x00, 0xf0, 0xff, 0xcf, 0xff, 0x10, 0x00, 0x07, 0x00, 0xd0, 0x02
    .byte 0x10, 0x01, 0xc0, 0xff, 0x00, 0x02, 0x01, 0x00, 0x00, 0x00, 0x00, 0x00, 0x00, 0x02, 0x00, 0x00
    .byte 0x00, 0x00, 0x00, 0x00, 0x00, 0x00, 0x00, 0x00, 0xff, 0xff, 0x00, 0x00, 0x00, 0x00, 0x00, 0x00
    .byte 0x00, 0x00, 0x00, 0x00, 0xff, 0xff, 0xff, 0xff, 0xff, 0xff, 0xff, 0xff, 0x00, 0x00, 0xff, 0xff
    .byte 0x01, 0x00, 0x00, 0x00, 0x00, 0x00, 0x00, 0x00, 0xf4, 0xd8, 0x0c, 0x00, 0x00, 0x00, 0x00, 0x00
    .byte 0x02, 0x00, 0x23, 0x00, 0x00, 0x10, 0x00, 0x00, 0x01, 0x10, 0x00, 0x00, 0x02, 0x10, 0x00, 0x00
    .byte 0x02, 0x00, 0x0c, 0x08, 0x00, 0x00, 0x00, 0x00, 0x00, 0x00, 0xf0, 0xff, 0xcf, 0xff, 0x10, 0x00
    .byte 0x07, 0x00, 0xc0, 0x02, 0x30, 0x01, 0xc0, 0xff, 0x00, 0x02, 0x01, 0x00, 0x00, 0x00, 0x00, 0x00
    .byte 0x00, 0x02, 0x00, 0x00, 0x00, 0x00, 0x00, 0x00, 0x00, 0x00, 0x00, 0x00, 0xff, 0xff, 0x00, 0x00
    .byte 0x00, 0x00, 0x00, 0x00, 0x00, 0x00, 0x00, 0x00, 0xff, 0xff, 0xff, 0xff, 0xff, 0xff, 0xff, 0xff
    .byte 0x00, 0x00, 0xff, 0xff, 0x01, 0x00, 0x00, 0x00, 0x00, 0x00, 0x00, 0x00, 0xf4, 0xd8, 0x0c, 0x00
    .byte 0x00, 0x00, 0x00, 0x00, 0x02, 0x00, 0x6c, 0x00, 0x00, 0x10, 0x00, 0x00, 0x01, 0x10, 0x00, 0x00
    .byte 0x02, 0x10, 0x00, 0x00, 0x02, 0x00, 0x14, 0x08, 0x00, 0x00, 0x00, 0x00, 0x00, 0x00, 0xf0, 0xff
    .byte 0xcf, 0xff, 0x10, 0x00, 0x07, 0x00, 0xb8, 0x02, 0x60, 0x01, 0x00, 0x00, 0x08, 0x02, 0x01, 0x00
    .byte 0x00, 0x00, 0x00, 0x00, 0x00, 0x02, 0x00, 0x00, 0x00, 0x00, 0x00, 0x00, 0x00, 0x00, 0x00, 0x00
    .byte 0xff, 0xff, 0x00, 0x00, 0x00, 0x00, 0x00, 0x00, 0x00, 0x00, 0x00, 0x00, 0x2c, 0x01, 0x00, 0x00
    .byte 0xff, 0xff, 0xff, 0xff, 0x00, 0x00, 0xff, 0xff, 0x01, 0x00, 0x00, 0x00, 0x00, 0x00, 0x00, 0x00
    .byte 0xf4, 0xd8, 0x0c, 0x00, 0x00, 0x00, 0x00, 0x00, 0x03, 0x00, 0x00, 0x00, 0x20, 0x21, 0x00, 0x00
    .byte 0x21, 0x21, 0x00, 0x00, 0x22, 0x21, 0x00, 0x00, 0x01, 0x00, 0x00, 0x00, 0x00, 0x00, 0x00, 0x00
    .byte 0x00, 0x00, 0xe8, 0xff, 0xe8, 0xff, 0x18, 0x00, 0x18, 0x00, 0x28, 0x02, 0x28, 0x02, 0x00, 0x00
    .byte 0x00, 0x00, 0x00, 0x00, 0x00, 0x00, 0x00, 0x00, 0x00, 0x00, 0x00, 0x00, 0x00, 0x00, 0x00, 0x00
    .byte 0x00, 0x00, 0x00, 0x00, 0x02, 0x00, 0x00, 0x00, 0x00, 0x00, 0x00, 0x00, 0x00, 0x00, 0x00, 0x00
    .byte 0xff, 0xff, 0xff, 0xff, 0xff, 0xff, 0xff, 0xff, 0x00, 0x00, 0xff, 0xff, 0xff, 0xff, 0xff, 0xff
    .byte 0x00, 0x00, 0x1f, 0x00, 0xf4, 0xd8, 0x0c, 0x00, 0x00, 0x00, 0x00, 0x00, 0x03, 0x00, 0x00, 0x00
    .byte 0x00, 0x10, 0x00, 0x00, 0x01, 0x10, 0x00, 0x00, 0x02, 0x10, 0x00, 0x00, 0x02, 0x00, 0x0c, 0x08
    .byte 0x00, 0x00, 0x00, 0x00, 0x00, 0x00, 0xf0, 0xff, 0xcf, 0xff, 0x10, 0x00, 0x07, 0x00, 0xb0, 0x01
    .byte 0xc0, 0x01, 0xc0, 0xff, 0x10, 0x00, 0x00, 0x10, 0x02, 0xf4, 0x21, 0x02, 0x00, 0x00, 0x00, 0x00
    .byte 0x00, 0x00, 0x00, 0x00, 0x00, 0x00, 0x00, 0x00, 0xff, 0xff, 0x00, 0x00, 0x00, 0x00, 0x00, 0x00
    .byte 0x00, 0x00, 0x00, 0x00, 0xff, 0xff, 0xff, 0xff, 0xff, 0xff, 0xff, 0xff, 0xff, 0xff, 0x15, 0x00
    .byte 0xff, 0xff, 0xff, 0xff, 0x00, 0x00, 0x00, 0x00, 0xf4, 0xd8, 0x0c, 0x00, 0x00, 0x00, 0x00, 0x00
    .byte 0x08, 0x00, 0x00, 0x00, 0x00, 0x10, 0x00, 0x00, 0x01, 0x10, 0x00, 0x00, 0x02, 0x10, 0x00, 0x00
    .byte 0x02, 0x00, 0x0c, 0x08, 0x00, 0x00, 0x00, 0x00, 0x00, 0x00, 0xf0, 0xff, 0xcf, 0xff, 0x10, 0x00
    .byte 0x07, 0x00, 0x10, 0x03, 0x60, 0x00, 0x00, 0x00, 0x02, 0x00, 0x00, 0x00, 0x00, 0x00, 0x00, 0x00
    .byte 0x00, 0x00, 0x00, 0x00, 0x00, 0x00, 0x00, 0x00, 0x00, 0x00, 0x00, 0x00, 0xff, 0xff, 0x00, 0x00
    .byte 0x00, 0x00, 0x00, 0x00, 0x00, 0x00, 0x00, 0x00, 0x97, 0x02, 0x00, 0x00, 0xff, 0xff, 0xff, 0xff
    .byte 0x00, 0x00, 0xff, 0xff, 0xff, 0xff, 0xff, 0xff, 0x00, 0x00, 0x00, 0x00, 0xf4, 0xd8, 0x0c, 0x00
    .byte 0x00, 0x02, 0x00, 0x00, 0x03, 0x00, 0x00, 0x00, 0xb5, 0x21, 0x00, 0x00, 0xb6, 0x21, 0x00, 0x00
    .byte 0xb7, 0x21, 0x00, 0x00, 0x02, 0x00, 0x30, 0x08, 0x00, 0x00, 0x00, 0x00, 0x00, 0x00, 0xe0, 0xff
    .byte 0xc0, 0xff, 0x20, 0x00, 0x08, 0x00, 0x10, 0x03, 0x60, 0x00, 0x00, 0x00, 0x02, 0x00, 0x00, 0x00
    .byte 0x83, 0x25, 0x22, 0x02, 0x00, 0x00, 0x00, 0x00, 0x00, 0x00, 0x00, 0x00, 0x00, 0x00, 0x00, 0x00
    .byte 0xff, 0xff, 0x00, 0x00, 0x00, 0x00, 0x00, 0x00, 0x00, 0x00, 0x00, 0x00, 0xff, 0xff, 0xff, 0xff
    .byte 0xff, 0xff, 0xff, 0xff, 0x00, 0x00, 0x17, 0x00, 0xff, 0xff, 0xff, 0xff, 0x00, 0x00, 0x00, 0x00
    .byte 0xf4, 0xd8, 0x0c, 0x00, 0x00, 0x02, 0x00, 0x00, 0x03, 0x00, 0x00, 0x00, 0x00, 0x10, 0x00, 0x00
    .byte 0x01, 0x10, 0x00, 0x00, 0x02, 0x10, 0x00, 0x00, 0x02, 0x00, 0x00, 0x00, 0x00, 0x00, 0x00, 0x00
    .byte 0x00, 0x00, 0xf0, 0xff, 0xcf, 0xff, 0x10, 0x00, 0x07, 0x00, 0xf6, 0xff, 0xf6, 0xff, 0x00, 0x00
    .byte 0x06, 0x00, 0x00, 0x10, 0x8a, 0xfa, 0x21, 0x02, 0x00, 0x00, 0x00, 0x00, 0x00, 0x00, 0x00, 0x00
    .byte 0x00, 0x00, 0x00, 0x00, 0xff, 0xff, 0x00, 0x00, 0x00, 0x00, 0x00, 0x00, 0x00, 0x00, 0x00, 0x00
    .byte 0xff, 0xff, 0xff, 0xff, 0xff, 0xff, 0xff, 0xff, 0x00, 0x00, 0x18, 0x00, 0xff, 0xff, 0xff, 0xff
    .byte 0x00, 0x00, 0x00, 0x00, 0xf4, 0xd8, 0x0c, 0x00, 0x00, 0x00, 0x00, 0x00, 0x03, 0x00, 0x00, 0x00
    .byte 0x00, 0x10, 0x00, 0x00, 0x01, 0x10, 0x00, 0x00, 0x02, 0x10, 0x00, 0x00, 0x02, 0x00, 0x00, 0x00
    .byte 0x00, 0xf8, 0x00, 0x00, 0x00, 0x00, 0xe0, 0xff, 0xc8, 0xff, 0x20, 0x00, 0x08, 0x00, 0x00, 0xfe
    .byte 0x00, 0xfe, 0x00, 0x00, 0x00, 0x00, 0x00, 0x12, 0x8d, 0xfa, 0x21, 0x02, 0x00, 0x00, 0x00, 0x00
    .byte 0x00, 0x00, 0x00, 0x00, 0x00, 0x00, 0x00, 0x00, 0xff, 0xff, 0x00, 0x00, 0x00, 0x00, 0x00, 0x00
    .byte 0x00, 0x00, 0x00, 0x00, 0xff, 0xff, 0xff, 0xff, 0xff, 0xff, 0xff, 0xff, 0x00, 0x00, 0x19, 0x00
    .byte 0xff, 0xff, 0xff, 0xff, 0x00, 0x00, 0x1e, 0x00, 0xf4, 0xd8, 0x0c, 0x00, 0x00, 0x00, 0x00, 0x00
    .byte 0x03, 0x00, 0x00, 0x00, 0x00, 0x10, 0x00, 0x00, 0x01, 0x10, 0x00, 0x00, 0x02, 0x10, 0x00, 0x00
    .byte 0x02, 0x00, 0x00, 0x00, 0x00, 0xfc, 0x00, 0x00, 0x00, 0x00, 0xe0, 0xff, 0xc8, 0xff, 0x20, 0x00
    .byte 0x08, 0x00, 0x00, 0xfe, 0x00, 0xfe, 0x00, 0x00, 0x00, 0x00, 0x00, 0x12, 0x27, 0x05, 0x22, 0x02
    .byte 0x00, 0x00, 0x00, 0x00, 0x00, 0x00, 0x00, 0x00, 0x00, 0x00, 0x00, 0x00, 0xff, 0xff, 0x00, 0x00
    .byte 0x00, 0x00, 0x00, 0x00, 0x00, 0x00, 0x00, 0x00, 0xff, 0xff, 0xff, 0xff, 0xff, 0xff, 0xff, 0xff
    .byte 0x00, 0x00, 0x1a, 0x00, 0xff, 0xff, 0xff, 0xff, 0x00, 0x00, 0x1e, 0x00, 0xf4, 0xd8, 0x0c, 0x00
    .byte 0x00, 0x00, 0x00, 0x00, 0x03, 0x00, 0x00, 0x00, 0x00, 0x10, 0x00, 0x00, 0x01, 0x10, 0x00, 0x00
    .byte 0x02, 0x10, 0x00, 0x00, 0x02, 0x00, 0x00, 0x00, 0x00, 0x00, 0x00, 0x00, 0x00, 0x00, 0xe8, 0xff
    .byte 0xc0, 0xff, 0x18, 0x00, 0x00, 0x00, 0x00, 0xfe, 0x00, 0xfe, 0x00, 0x00, 0x00, 0x00, 0x00, 0x12
    .byte 0x38, 0x0f, 0x22, 0x02, 0x00, 0x00, 0x00, 0x00, 0x00, 0x00, 0x00, 0x00, 0x00, 0x00, 0x00, 0x00
    .byte 0xff, 0xff, 0x00, 0x00, 0x00, 0x00, 0x00, 0x00, 0x00, 0x00, 0x00, 0x00, 0xff, 0xff, 0xff, 0xff
    .byte 0xff, 0xff, 0xff, 0xff, 0x00, 0x00, 0x1b, 0x00, 0xff, 0xff, 0xff, 0xff, 0x00, 0x00, 0x1f, 0x00
    .byte 0xf0, 0xd0, 0x10, 0x00, 0x00, 0x00, 0x00, 0x00, 0x00, 0x00, 0x00, 0x00, 0x00, 0x00, 0x00, 0x00
    .byte 0x00, 0x00, 0x00, 0x00, 0x00, 0x00, 0x00, 0x00, 0x00, 0x00, 0x00, 0x00, 0x00, 0x00, 0x00, 0x00
    .byte 0x00, 0x00, 0x00, 0x00, 0x00, 0x00, 0x00, 0x00, 0x00, 0x00, 0x00, 0x00, 0x00, 0x00, 0x00, 0x00
    .byte 0x00, 0x00, 0x00, 0x00, 0x00, 0x00, 0x00, 0x00, 0x00, 0x00, 0x00, 0x00, 0x00, 0x00, 0x00, 0x00
    .byte 0x00, 0x00, 0x00, 0x00, 0x00, 0x00, 0x00, 0x00, 0x00, 0x00, 0x00, 0x00, 0x00, 0x00, 0x00, 0x00
    .byte 0x00, 0x00, 0x00, 0x00, 0x00, 0x00, 0x00, 0x00, 0x00, 0x00, 0x00, 0x00, 0x00, 0x00, 0x00, 0x00
    .byte 0x00, 0x00, 0x00, 0x00, 0x00, 0x00, 0x00, 0x00, 0x00, 0x00, 0x00, 0x00, 0x2c, 0x62, 0x10, 0x00
    .byte 0x00, 0x2c, 0x01, 0x10, 0x00, 0x00, 0x2c, 0x63, 0x10, 0x00, 0x00, 0x2c, 0x02, 0x00, 0x00, 0x00
    .byte 0x2c, 0x10, 0x00, 0x00, 0x00, 0x15, 0x73, 0x20, 0x00, 0x00, 0x15, 0x55, 0x20, 0x00, 0x00, 0x2c
    .byte 0x61, 0x00, 0x00, 0x00, 0x15, 0xe0, 0x2c, 0x3c, 0x00, 0x00, 0x00, 0x15, 0x07, 0x15, 0x08, 0x00
    .byte 0x15, 0x28, 0x2c, 0x00, 0x10, 0x00, 0x00, 0x2c, 0x01, 0x10, 0x00, 0x00, 0x2c, 0x02, 0x10, 0x00
    .byte 0x00, 0x2c, 0x02, 0x00, 0x00, 0x00, 0x20, 0x00, 0x00, 0x15, 0x73, 0x2c, 0x01, 0x00, 0x00, 0x00
    .byte 0x15, 0x25, 0x2c, 0x12, 0x00, 0x00, 0x00, 0x20, 0x00, 0x00, 0x15, 0x32, 0x2d, 0x58, 0x2c, 0x07
    .byte 0x00, 0x00, 0x00, 0x15, 0x47, 0x18, 0x70, 0x17, 0x00, 0x2d, 0x58, 0x2c, 0x08, 0x00, 0x00, 0x00
    .byte 0x15, 0x47, 0x18, 0x70, 0x17, 0x00, 0x15, 0x1e, 0x18, 0x70, 0x17, 0x00, 0x15, 0x75, 0x20, 0x00
    .byte 0x00, 0x15, 0x06, 0x00, 0x15, 0xa2, 0x00, 0x2c, 0x01, 0x00, 0x00, 0x00, 0x15, 0x09, 0x00, 0x20
    .byte 0x00, 0x00, 0x15, 0x09, 0x00, 0x15, 0x0d, 0x00, 0x00, 0x20, 0x00, 0x00, 0x15, 0x17, 0x00, 0x2c
    .byte 0x01, 0x00, 0x00, 0x00, 0x15, 0x25, 0x00, 0x20, 0x00, 0x00, 0x15, 0x25, 0x00, 0x20, 0x00, 0x00
    .byte 0x20, 0x00, 0x00, 0x20, 0x00, 0x00, 0x15, 0x02, 0x20, 0x00, 0x00, 0x15, 0x3d, 0x20, 0x00, 0x00
    .byte 0x15, 0x09, 0x00, 0x20, 0x00, 0x00, 0x15, 0x18, 0x20, 0x00, 0x00, 0x15, 0x19, 0x20, 0x00, 0x00
    .byte 0x15, 0x09, 0x00, 0x2c, 0x0c, 0xfe, 0xff, 0xff, 0x2c, 0x0c, 0xfe, 0xff, 0xff, 0x20, 0x00, 0x00
    .byte 0x15, 0x02, 0x20, 0x00, 0x00, 0x15, 0x09, 0x00, 0x15, 0x2c, 0x00, 0x20, 0x00, 0x00, 0x15, 0x17
    .byte 0x2c, 0x00, 0x10, 0x00, 0x00, 0x2c, 0x01, 0x10, 0x00, 0x00, 0x2c, 0x02, 0x10, 0x00, 0x00, 0x2c
    .byte 0x02, 0x00, 0x00, 0x00, 0x20, 0x00, 0x00, 0x15, 0x73, 0x2c, 0x01, 0x00, 0x00, 0x00, 0x15, 0x09
    .byte 0x20, 0x00, 0x00, 0x15, 0x75, 0x00, 0x2c, 0x06, 0x00, 0x00, 0x00, 0x20, 0x00, 0x00, 0x20, 0x00
    .byte 0x00, 0x20, 0x00, 0x00, 0x15, 0xcd, 0x00, 0x22, 0x2c, 0x15, 0x00, 0x00, 0x00, 0x2c, 0x9e, 0x00
    .byte 0x00, 0x00, 0x2c, 0x7f, 0x00, 0x00, 0x00, 0x15, 0x0a, 0x2c, 0x03, 0x10, 0x00, 0x00, 0x2c, 0x01
    .byte 0x10, 0x00, 0x00, 0x2c, 0x04, 0x10, 0x00, 0x00, 0x2c, 0x02, 0x00, 0x00, 0x00, 0x2c, 0x18, 0x00
    .byte 0x00, 0x00, 0x15, 0x73, 0x2c, 0x00, 0x01, 0x00, 0x00, 0x15, 0x17, 0x2c, 0x01, 0x00, 0x00, 0x00
    .byte 0x15, 0x06, 0x2c, 0x01, 0x00, 0x00, 0x00, 0x15, 0x09, 0x2c, 0x13, 0x00, 0x00, 0x00, 0x20, 0x00
    .byte 0x00, 0x20, 0x00, 0x00, 0x2c, 0x30, 0x00, 0x00, 0x00, 0x20, 0x00, 0x00, 0x20, 0x00, 0x00, 0x20
    .byte 0x00, 0x00, 0x15, 0x53, 0x15, 0x46, 0x15, 0x8b, 0x18, 0x70, 0x32, 0x00, 0x00, 0x00, 0x00, 0x00
    .byte 0x13, 0xfa, 0xe2, 0x21, 0x02, 0x01, 0xe6, 0xe2, 0x21, 0x02, 0x2c, 0x93, 0x00, 0x00, 0x00, 0x2c
    .byte 0x01, 0x00, 0x00, 0x00, 0x20, 0x00, 0x00, 0x20, 0x00, 0x00, 0x15, 0xb8, 0x15, 0x5a, 0x20, 0x00
    .byte 0x00, 0x15, 0x75, 0x2c, 0x85, 0x03, 0x00, 0x00, 0x15, 0x36, 0x2c, 0x2b, 0x00, 0x00, 0x00, 0x15
    .byte 0x05, 0x2c, 0x01, 0x00, 0x00, 0x00, 0x15, 0x06, 0x2c, 0x5a, 0x00, 0x00, 0x00, 0x15, 0x07, 0x15
    .byte 0x08, 0x2c, 0xe0, 0x03, 0x00, 0x00, 0x15, 0x37, 0x18, 0x70, 0x32, 0x00, 0x00, 0x00, 0x00, 0x00
    .byte 0x14, 0x4a, 0xe3, 0x21, 0x02, 0x01, 0x31, 0xe3, 0x21, 0x02, 0x00, 0x20, 0x00, 0x00, 0x15, 0x75
    .byte 0x2c, 0x00, 0x01, 0x00, 0x00, 0x15, 0x17, 0x2c, 0x0f, 0x10, 0x00, 0x00, 0x2c, 0x01, 0x10, 0x00
    .byte 0x00, 0x2c, 0x10, 0x10, 0x00, 0x00, 0x2c, 0x02, 0x00, 0x00, 0x00, 0x2c, 0x21, 0x00, 0x00, 0x00
    .byte 0x15, 0x73, 0x15, 0x16, 0x15, 0x46, 0x29, 0x00, 0x66, 0x32, 0x00, 0x01, 0x00, 0x00, 0x00, 0x13
    .byte 0x92, 0xe3, 0x21, 0x02, 0x29, 0x00, 0x66, 0x32, 0x00, 0x08, 0x00, 0x00, 0x00, 0x14, 0x17, 0xe4
    .byte 0x21, 0x02, 0x2c, 0x03, 0x00, 0x00, 0x00, 0x38, 0x00, 0x20, 0x00, 0x00, 0x20, 0x00, 0x00, 0x20
    .byte 0x00, 0x00, 0x20, 0x00, 0x00, 0x20, 0x00, 0x00, 0x15, 0x53, 0x2c, 0x01, 0x00, 0x00, 0x00, 0x38
    .byte 0x00, 0x15, 0x85, 0x37, 0x00, 0x00, 0x32, 0x00, 0x01, 0x00, 0x00, 0x00, 0x14, 0xec, 0xe3, 0x21
    .byte 0x02, 0x15, 0x8b, 0x18, 0x70, 0x32, 0x00, 0x00, 0x00, 0x00, 0x00, 0x13, 0xd5, 0xe3, 0x21, 0x02
    .byte 0x01, 0xc1, 0xe3, 0x21, 0x02, 0x2c, 0x20, 0x03, 0x00, 0x00, 0x2c, 0x01, 0x00, 0x00, 0x00, 0x20
    .byte 0x00, 0x00, 0x20, 0x00, 0x00, 0x15, 0xb8, 0x25, 0x12, 0xe4, 0x21, 0x02, 0x15, 0x8b, 0x18, 0x70
    .byte 0x32, 0x00, 0x00, 0x00, 0x00, 0x00, 0x13, 0x00, 0xe4, 0x21, 0x02, 0x01, 0xec, 0xe3, 0x21, 0x02
    .byte 0x2c, 0xe1, 0x02, 0x00, 0x00, 0x2c, 0x01, 0x00, 0x00, 0x00, 0x20, 0x00, 0x00, 0x20, 0x00, 0x00
    .byte 0x15, 0xb8, 0x25, 0x7a, 0xe5, 0x21, 0x02, 0x29, 0x00, 0x66, 0x32, 0x00, 0x03, 0x00, 0x00, 0x00
    .byte 0x13, 0x33, 0xe4, 0x21, 0x02, 0x29, 0x00, 0x66, 0x32, 0x00, 0x09, 0x00, 0x00, 0x00, 0x14, 0x77
    .byte 0xe4, 0x21, 0x02, 0x2c, 0x04, 0x00, 0x00, 0x00, 0x2c, 0x03, 0x00, 0x00, 0x00, 0x2d, 0xd9, 0x2d
    .byte 0x63, 0x20, 0x00, 0x00, 0x20, 0x00, 0x00, 0x20, 0x00, 0x00, 0x15, 0x53, 0x15, 0x8b, 0x18, 0x70
    .byte 0x32, 0x00, 0x00, 0x00, 0x00, 0x00, 0x13, 0x60, 0xe4, 0x21, 0x02, 0x01, 0x4c, 0xe4, 0x21, 0x02
    .byte 0x2c, 0x01, 0x00, 0x00, 0x00, 0x2c, 0x01, 0x00, 0x00, 0x00, 0x20, 0x00, 0x00, 0x20, 0x00, 0x00
    .byte 0x15, 0xb8, 0x25, 0x7a, 0xe5, 0x21, 0x02, 0x29, 0x00, 0x66, 0x32, 0x00, 0x04, 0x00, 0x00, 0x00
    .byte 0x14, 0xd2, 0xe4, 0x21, 0x02, 0x2c, 0x04, 0x00, 0x00, 0x00, 0x2c, 0x03, 0x00, 0x00, 0x00, 0x2c
    .byte 0x3d, 0x00, 0x00, 0x00, 0x2d, 0x63, 0x20, 0x00, 0x00, 0x20, 0x00, 0x00, 0x20, 0x00, 0x00, 0x15
    .byte 0x53, 0x29, 0x00, 0xd9, 0x26, 0x00, 0xc0, 0x15, 0x8b, 0x18, 0x70, 0x32, 0x00, 0x00, 0x00, 0x00
    .byte 0x00, 0x13, 0xbb, 0xe4, 0x21, 0x02, 0x01, 0xa7, 0xe4, 0x21, 0x02, 0x2c, 0x02, 0x00, 0x00, 0x00
    .byte 0x2c, 0x01, 0x00, 0x00, 0x00, 0x20, 0x00, 0x00, 0x20, 0x00, 0x00, 0x15, 0xb8, 0x25, 0x7a, 0xe5
    .byte 0x21, 0x02, 0x29, 0x00, 0x66, 0x32, 0x00, 0x0a, 0x00, 0x00, 0x00, 0x14, 0x40, 0xe5, 0x21, 0x02
    .byte 0x29, 0x00, 0xd9, 0x26, 0x00, 0xbe, 0x15, 0x8b, 0x18, 0x70, 0x32, 0x00, 0x00, 0x00, 0x00, 0x00
    .byte 0x13, 0xfa, 0xe4, 0x21, 0x02, 0x01, 0xe6, 0xe4, 0x21, 0x02, 0x2c, 0x46, 0x00, 0x00, 0x00, 0x2c
    .byte 0x01, 0x00, 0x00, 0x00, 0x20, 0x00, 0x00, 0x20, 0x00, 0x00, 0x15, 0xb8, 0x15, 0x5a, 0x2c, 0x97
    .byte 0x03, 0x00, 0x00, 0x15, 0x37, 0x18, 0x70, 0x32, 0x00, 0x00, 0x00, 0x00, 0x00, 0x14, 0x33, 0xe5
    .byte 0x21, 0x02, 0x2c, 0xb4, 0x03, 0x00, 0x00, 0x15, 0x35, 0x2c, 0x08, 0x00, 0x00, 0x00, 0x20, 0x00
    .byte 0x00, 0x15, 0x78, 0x2c, 0x97, 0x03, 0x00, 0x00, 0x15, 0x35, 0x00, 0x25, 0x7a, 0xe5, 0x21, 0x02
    .byte 0x29, 0x00, 0x66, 0x32, 0x00, 0x0b, 0x00, 0x00, 0x00, 0x14, 0x7a, 0xe5, 0x21, 0x02, 0x29, 0x00
    .byte 0xd9, 0x26, 0x00, 0xbe, 0x15, 0x8b, 0x18, 0x70, 0x32, 0x00, 0x00, 0x00, 0x00, 0x00, 0x13, 0x68
    .byte 0xe5, 0x21, 0x02, 0x01, 0x54, 0xe5, 0x21, 0x02, 0x2c, 0x57, 0x02, 0x00, 0x00, 0x2c, 0x01, 0x00
    .byte 0x00, 0x00, 0x20, 0x00, 0x00, 0x20, 0x00, 0x00, 0x15, 0xb8, 0x15, 0x5a, 0x00, 0x20, 0x00, 0x00
    .byte 0x2c, 0x9f, 0xe5, 0x21, 0x02, 0x15, 0x39, 0x20, 0x00, 0x00, 0x15, 0x42, 0x18, 0x70, 0x32, 0x00
    .byte 0x00, 0x00, 0x00, 0x00, 0x14, 0x9e, 0xe5, 0x21, 0x02, 0x01, 0x87, 0xe5, 0x21, 0x02, 0x22, 0x2c
    .byte 0x15, 0x00, 0x00, 0x00, 0x2c, 0x9d, 0x00, 0x00, 0x00, 0x2c, 0x7f, 0x00, 0x00, 0x00, 0x15, 0x0a
    .byte 0x2c, 0x00, 0x01, 0x00, 0x00, 0x15, 0x17, 0x2c, 0x0f, 0x10, 0x00, 0x00, 0x2c, 0x01, 0x10, 0x00
    .byte 0x00, 0x2c, 0x10, 0x10, 0x00, 0x00, 0x2c, 0x02, 0x00, 0x00, 0x00, 0x2c, 0x21, 0x00, 0x00, 0x00
    .byte 0x15, 0x73, 0x2c, 0x21, 0x00, 0x00, 0x00, 0x15, 0x05, 0x15, 0x16, 0x00, 0x20, 0x00, 0x00, 0x2c
    .byte 0xfe, 0xe5, 0x21, 0x02, 0x15, 0x39, 0x20, 0x00, 0x00, 0x15, 0x42, 0x18, 0x70, 0x32, 0x00, 0x00
    .byte 0x00, 0x00, 0x00, 0x14, 0xfd, 0xe5, 0x21, 0x02, 0x01, 0xe6, 0xe5, 0x21, 0x02, 0x22, 0x2c, 0x15
    .byte 0x00, 0x00, 0x00, 0x2c, 0x9c, 0x00, 0x00, 0x00, 0x2c, 0x7f, 0x00, 0x00, 0x00, 0x15, 0x0a, 0x2c
    .byte 0x00, 0x01, 0x00, 0x00, 0x15, 0x17, 0x2c, 0x0f, 0x10, 0x00, 0x00, 0x2c, 0x01, 0x10, 0x00, 0x00
    .byte 0x2c, 0x10, 0x10, 0x00, 0x00, 0x2c, 0x02, 0x00, 0x00, 0x00, 0x2c, 0x21, 0x00, 0x00, 0x00, 0x15
    .byte 0x73, 0x2c, 0x21, 0x00, 0x00, 0x00, 0x15, 0x05, 0x15, 0x16, 0x00, 0x2c, 0x00, 0x10, 0x00, 0x00
    .byte 0x2c, 0x01, 0x10, 0x00, 0x00, 0x2c, 0x02, 0x10, 0x00, 0x00, 0x2c, 0x02, 0x00, 0x00, 0x00, 0x20
    .byte 0x00, 0x00, 0x15, 0x73, 0x2c, 0x01, 0x00, 0x00, 0x00, 0x15, 0x25, 0x2c, 0x12, 0x00, 0x00, 0x00
    .byte 0x20, 0x00, 0x00, 0x15, 0x32, 0x2d, 0xd2, 0x2c, 0x07, 0x00, 0x00, 0x00, 0x15, 0x47, 0x18, 0x70
    .byte 0x17, 0x00, 0x2d, 0xd2, 0x2c, 0x08, 0x00, 0x00, 0x00, 0x15, 0x47, 0x18, 0x70, 0x17, 0x00, 0x15
    .byte 0x1e, 0x18, 0x70, 0x17, 0x00, 0x15, 0x75, 0x20, 0x00, 0x00, 0x15, 0x06, 0x00, 0x2c, 0x01, 0x00
    .byte 0x00, 0x00, 0x15, 0x09, 0x2c, 0x00, 0x10, 0x00, 0x00, 0x2c, 0x01, 0x10, 0x00, 0x00, 0x2c, 0x02
    .byte 0x10, 0x00, 0x00, 0x2c, 0x02, 0x00, 0x00, 0x00, 0x20, 0x00, 0x00, 0x15, 0x73, 0x20, 0x00, 0x00
    .byte 0x15, 0x75, 0x00, 0x2c, 0x00, 0x10, 0x00, 0x00, 0x2c, 0x01, 0x10, 0x00, 0x00, 0x2c, 0x02, 0x10
    .byte 0x00, 0x00, 0x2c, 0x02, 0x00, 0x00, 0x00, 0x20, 0x00, 0x00, 0x15, 0x73, 0x2c, 0x12, 0x00, 0x00
    .byte 0x00, 0x2c, 0x08, 0x00, 0x00, 0x00, 0x15, 0x32, 0x2d, 0x02, 0x2c, 0x07, 0x00, 0x00, 0x00, 0x15
    .byte 0x47, 0x18, 0x70, 0x17, 0x00, 0x2d, 0x02, 0x2c, 0x08, 0x00, 0x00, 0x00, 0x15, 0x47, 0x18, 0x70
    .byte 0x17, 0x00, 0x15, 0x1e, 0x18, 0x70, 0x17, 0x00, 0x15, 0x75, 0x20, 0x00, 0x00, 0x15, 0x06, 0x2c
    .byte 0x01, 0x00, 0x00, 0x00, 0x15, 0x07, 0x15, 0x08, 0x25, 0xd8, 0xe6, 0x21, 0x02, 0x00, 0x2c, 0x00
    .byte 0x10, 0x00, 0x00, 0x2c, 0x01, 0x10, 0x00, 0x00, 0x2c, 0x02, 0x10, 0x00, 0x00, 0x2c, 0x02, 0x00
    .byte 0x00, 0x00, 0x2c, 0x1e, 0x00, 0x00, 0x00, 0x15, 0x73, 0x2c, 0x01, 0x00, 0x00, 0x00, 0x15, 0x06
    .byte 0x2c, 0x3c, 0x00, 0x00, 0x00, 0x15, 0x07, 0x15, 0x08, 0x00, 0x2c, 0x0b, 0x10, 0x00, 0x00, 0x2c
    .byte 0x01, 0x10, 0x00, 0x00, 0x2c, 0x0c, 0x10, 0x00, 0x00, 0x2c, 0x02, 0x00, 0x00, 0x00, 0x03, 0x00
    .byte 0x08, 0x00, 0x00, 0x00, 0x29, 0x01, 0xff, 0x04, 0x10, 0x17, 0x00, 0x15, 0x73, 0x00, 0x2c, 0x01
    .byte 0x00, 0x00, 0x00, 0x15, 0x07, 0x15, 0x08, 0x2c, 0x94, 0x02, 0x00, 0x00, 0x15, 0x37, 0x18, 0x70
    .byte 0x14, 0xa5, 0xe7, 0x21, 0x02, 0x2c, 0x95, 0x02, 0x00, 0x00, 0x15, 0x37, 0x18, 0x70, 0x14, 0xa5
    .byte 0xe7, 0x21, 0x02, 0x2c, 0x96, 0x02, 0x00, 0x00, 0x15, 0x37, 0x18, 0x70, 0x14, 0xa5, 0xe7, 0x21
    .byte 0x02, 0x2c, 0x01, 0x00, 0x00, 0x00, 0x20, 0x00, 0x00, 0x2c, 0x10, 0x00, 0x00, 0x00, 0x15, 0xb7
    .byte 0x25, 0xf0, 0xe8, 0x21, 0x02, 0x2c, 0x94, 0x02, 0x00, 0x00, 0x15, 0x37, 0x18, 0x70, 0x14, 0xc1
    .byte 0xe7, 0x21, 0x02, 0x2c, 0x95, 0x02, 0x00, 0x00, 0x15, 0x37, 0x18, 0x70, 0x13, 0xf9, 0xe7, 0x21
    .byte 0x02, 0x2c, 0x94, 0x02, 0x00, 0x00, 0x15, 0x37, 0x18, 0x70, 0x14, 0xdd, 0xe7, 0x21, 0x02, 0x2c
    .byte 0x96, 0x02, 0x00, 0x00, 0x15, 0x37, 0x18, 0x70, 0x13, 0xf9, 0xe7, 0x21, 0x02, 0x2c, 0x95, 0x02
    .byte 0x00, 0x00, 0x15, 0x37, 0x18, 0x70, 0x14, 0x3f, 0xe8, 0x21, 0x02, 0x2c, 0x96, 0x02, 0x00, 0x00
    .byte 0x15, 0x37, 0x18, 0x70, 0x14, 0x3f, 0xe8, 0x21, 0x02, 0x2c, 0x01, 0x00, 0x00, 0x00, 0x2c, 0x10
    .byte 0x00, 0x00, 0x00, 0x2c, 0x0d, 0x00, 0x00, 0x00, 0x15, 0xb7, 0x2c, 0x0f, 0x00, 0x00, 0x00, 0x15
    .byte 0x2f, 0x18, 0x70, 0x32, 0x00, 0x00, 0x00, 0x00, 0x00, 0x14, 0x3a, 0xe8, 0x21, 0x02, 0x2c, 0x20
    .byte 0x00, 0x00, 0x00, 0x2c, 0x16, 0x00, 0x00, 0x00, 0x20, 0x00, 0x00, 0x20, 0x00, 0x00, 0x2c, 0x3f
    .byte 0x00, 0x00, 0x00, 0x2c, 0x0f, 0x00, 0x00, 0x00, 0x15, 0x62, 0x25, 0xf0, 0xe8, 0x21, 0x02, 0x2c
    .byte 0x94, 0x02, 0x00, 0x00, 0x15, 0x37, 0x18, 0x70, 0x13, 0x69, 0xe8, 0x21, 0x02, 0x2c, 0x95, 0x02
    .byte 0x00, 0x00, 0x15, 0x37, 0x18, 0x70, 0x13, 0x69, 0xe8, 0x21, 0x02, 0x2c, 0x96, 0x02, 0x00, 0x00
    .byte 0x15, 0x37, 0x18, 0x70, 0x14, 0xaf, 0xe8, 0x21, 0x02, 0x2c, 0x01, 0x00, 0x00, 0x00, 0x2c, 0x10
    .byte 0x00, 0x00, 0x00, 0x2c, 0x09, 0x00, 0x00, 0x00, 0x15, 0xb7, 0x2c, 0x0f, 0x00, 0x00, 0x00, 0x15
    .byte 0x2f, 0x18, 0x70, 0x32, 0x00, 0x00, 0x00, 0x00, 0x00, 0x14, 0xaa, 0xe8, 0x21, 0x02, 0x2c, 0x20
    .byte 0x00, 0x00, 0x00, 0x2c, 0x16, 0x00, 0x00, 0x00, 0x20, 0x00, 0x00, 0x20, 0x00, 0x00, 0x2c, 0x5f
    .byte 0x00, 0x00, 0x00, 0x2c, 0x0f, 0x00, 0x00, 0x00, 0x15, 0x62, 0x25, 0xf0, 0xe8, 0x21, 0x02, 0x2c
    .byte 0x01, 0x00, 0x00, 0x00, 0x2c, 0x10, 0x00, 0x00, 0x00, 0x2c, 0x05, 0x00, 0x00, 0x00, 0x15, 0xb7
    .byte 0x2c, 0x0f, 0x00, 0x00, 0x00, 0x15, 0x2f, 0x18, 0x70, 0x32, 0x00, 0x00, 0x00, 0x00, 0x00, 0x14
    .byte 0xf0, 0xe8, 0x21, 0x02, 0x2c, 0x20, 0x00, 0x00, 0x00, 0x2c, 0x16, 0x00, 0x00, 0x00, 0x20, 0x00
    .byte 0x00, 0x20, 0x00, 0x00, 0x2c, 0x7f, 0x00, 0x00, 0x00, 0x2c, 0x0f, 0x00, 0x00, 0x00, 0x15, 0x62
    .byte 0x22, 0x2c, 0x0d, 0x00, 0x00, 0x00, 0x20, 0x00, 0x00, 0x2c, 0xff, 0xff, 0xff, 0xff, 0x2c, 0xff
    .byte 0xff, 0xff, 0xff, 0x2c, 0xff, 0xff, 0xff, 0xff, 0x15, 0xdc, 0x2c, 0x5d, 0xed, 0x21, 0x02, 0x15
    .byte 0x4d, 0x29, 0x00, 0xfd, 0x32, 0x00, 0x00, 0x00, 0x00, 0x00, 0x14, 0x34, 0xe9, 0x21, 0x02, 0x2c
    .byte 0x39, 0x02, 0x00, 0x00, 0x15, 0x35, 0x2c, 0xff, 0xe0, 0xf5, 0x05, 0x15, 0xaa, 0x2c, 0x03, 0x00
    .byte 0x00, 0x00, 0x15, 0xe1, 0x21, 0x1e, 0xf2, 0x21, 0x02, 0x2c, 0x18, 0x02, 0x00, 0x00, 0x15, 0x37
    .byte 0x18, 0x70, 0x32, 0x00, 0x00, 0x00, 0x00, 0x00, 0x14, 0x83, 0xe9, 0x21, 0x02, 0x2c, 0x04, 0x00
    .byte 0x00, 0x00, 0x2c, 0xff, 0xff, 0xff, 0xff, 0x2c, 0xff, 0xff, 0xff, 0xff, 0x2c, 0xff, 0xff, 0xff
    .byte 0xff, 0x2c, 0xff, 0xff, 0xff, 0xff, 0x2c, 0xff, 0xff, 0xff, 0xff, 0x2c, 0xff, 0xff, 0xff, 0xff
    .byte 0x2c, 0xff, 0xff, 0xff, 0xff, 0x15, 0x33, 0x2c, 0x15, 0x00, 0x00, 0x00, 0x2c, 0x03, 0xf4, 0x21
    .byte 0x02, 0x15, 0x39, 0x2c, 0x2c, 0x01, 0x00, 0x00, 0x15, 0x36, 0x03, 0x00, 0x00, 0x00, 0x00, 0x00
    .byte 0x26, 0x00, 0x4e, 0x2c, 0x20, 0x00, 0x00, 0x00, 0x15, 0x01, 0x18, 0x70, 0x26, 0x00, 0x4e, 0x29
    .byte 0x00, 0x4e, 0x32, 0x00, 0x00, 0x00, 0x00, 0x00, 0x14, 0xb9, 0xe9, 0x21, 0x02, 0x2c, 0x2c, 0x01
    .byte 0x00, 0x00, 0x15, 0x35, 0x25, 0x0f, 0xea, 0x21, 0x02, 0x15, 0x0b, 0x18, 0x70, 0x33, 0x00, 0x50
    .byte 0x00, 0x00, 0x00, 0x14, 0x0f, 0xea, 0x21, 0x02, 0x2c, 0x20, 0x00, 0x00, 0x00, 0x15, 0x01, 0x18
    .byte 0x70, 0x26, 0x00, 0x4e, 0x29, 0x00, 0x4e, 0x32, 0x00, 0x00, 0x00, 0x00, 0x00, 0x14, 0xee, 0xe9
    .byte 0x21, 0x02, 0x2c, 0x2c, 0x01, 0x00, 0x00, 0x15, 0x35, 0x25, 0x0f, 0xea, 0x21, 0x02, 0x2c, 0x20
    .byte 0x00, 0x00, 0x00, 0x15, 0x01, 0x18, 0x70, 0x26, 0x00, 0x4e, 0x29, 0x00, 0x4e, 0x32, 0x00, 0x00
    .byte 0x00, 0x00, 0x00, 0x14, 0x0f, 0xea, 0x21, 0x02, 0x2c, 0x2c, 0x01, 0x00, 0x00, 0x15, 0x35, 0x2d
    .byte 0x4e, 0x15, 0x41, 0x20, 0x00, 0x00, 0x15, 0x07, 0x15, 0x08, 0x29, 0x00, 0xfd, 0x32, 0x00, 0x21
    .byte 0x00, 0x00, 0x00, 0x14, 0x4a, 0xea, 0x21, 0x02, 0x20, 0x00, 0x00, 0x2c, 0xff, 0xff, 0xff, 0xff
    .byte 0x2c, 0xff, 0xff, 0xff, 0xff, 0x15, 0xdd, 0x18, 0x70, 0x14, 0x4a, 0xea, 0x21, 0x02, 0x2c, 0x01
    .byte 0x00, 0x00, 0x00, 0x2c, 0x22, 0xed, 0x21, 0x02, 0x15, 0x39, 0x2c, 0x07, 0x00, 0x00, 0x00, 0x2c
    .byte 0xb8, 0x18, 0x22, 0x02, 0x15, 0x39, 0x21, 0x5e, 0xe7, 0x21, 0x02, 0x2c, 0x05, 0x00, 0x00, 0x00
    .byte 0x15, 0x07, 0x15, 0x08, 0x00, 0x2c, 0xfd, 0x02, 0x00, 0x00, 0x15, 0x37, 0x18, 0x70, 0x32, 0x00
    .byte 0x00, 0x00, 0x00, 0x00, 0x14, 0x89, 0xea, 0x21, 0x02, 0x20, 0x00, 0x00, 0x15, 0x18, 0x20, 0x00
    .byte 0x00, 0x15, 0x19, 0x20, 0x00, 0x00, 0x15, 0x09, 0x00, 0x2c, 0x01, 0x00, 0x00, 0x00, 0x15, 0x10
    .byte 0x18, 0x70, 0x09, 0x00, 0x10, 0x00, 0x00, 0x00, 0x17, 0x00, 0x15, 0x11, 0x18, 0x70, 0x09, 0x00
    .byte 0x10, 0x00, 0x00, 0x00, 0x17, 0x00, 0x2c, 0x0e, 0x00, 0x00, 0x00, 0x15, 0x68, 0x2c, 0x01, 0x00
    .byte 0x00, 0x00, 0x15, 0x09, 0x15, 0x10, 0x18, 0x70, 0x17, 0x00, 0x15, 0x11, 0x18, 0x70, 0x17, 0x00
    .byte 0x20, 0x00, 0x00, 0x15, 0x1f, 0x18, 0x70, 0x17, 0x00, 0x15, 0x20, 0x18, 0x70, 0x17, 0x00, 0x20
    .byte 0x00, 0x00, 0x15, 0x65, 0x18, 0x70, 0x34, 0x00, 0x16, 0x00, 0x00, 0x00, 0x14, 0x53, 0xeb, 0x21
    .byte 0x02, 0x2c, 0x00, 0x04, 0x00, 0x00, 0x15, 0x37, 0x18, 0x70, 0x14, 0xf4, 0xea, 0x21, 0x02, 0x01
    .byte 0xe1, 0xea, 0x21, 0x02, 0x2c, 0xee, 0x03, 0x00, 0x00, 0x15, 0x37, 0x18, 0x70, 0x14, 0x07, 0xeb
    .byte 0x21, 0x02, 0x01, 0xf4, 0xea, 0x21, 0x02, 0x2c, 0x02, 0x00, 0x00, 0x00, 0x15, 0x9b, 0x18, 0x70
    .byte 0x32, 0x00, 0x00, 0x00, 0x00, 0x00, 0x14, 0x20, 0xeb, 0x21, 0x02, 0x01, 0x07, 0xeb, 0x21, 0x02
    .byte 0x20, 0x00, 0x00, 0x15, 0x9b, 0x18, 0x70, 0x14, 0x40, 0xeb, 0x21, 0x02, 0x20, 0x00, 0x00, 0x2c
    .byte 0xff, 0xff, 0xff, 0xff, 0x2c, 0xff, 0xff, 0xff, 0xff, 0x2c, 0xff, 0xff, 0xff, 0xff, 0x15, 0x89
    .byte 0x20, 0x00, 0x00, 0x15, 0x07, 0x15, 0x08, 0x2c, 0x03, 0x00, 0x00, 0x00, 0x2c, 0x58, 0xeb, 0x21
    .byte 0x02, 0x15, 0x29, 0x01, 0xb4, 0xea, 0x21, 0x02, 0x20, 0x00, 0x00, 0x2c, 0x2c, 0xec, 0x21, 0x02
    .byte 0x15, 0x39, 0x20, 0x00, 0x00, 0x15, 0x42, 0x18, 0x70, 0x32, 0x00, 0x00, 0x00, 0x00, 0x00, 0x14
    .byte 0x79, 0xeb, 0x21, 0x02, 0x01, 0x62, 0xeb, 0x21, 0x02, 0x2c, 0xc4, 0x02, 0x00, 0x00, 0x15, 0x35
    .byte 0x2c, 0x21, 0x00, 0x00, 0x00, 0x2c, 0x80, 0x00, 0x00, 0x00, 0x2c, 0x46, 0x01, 0x00, 0x00, 0x20
    .byte 0x00, 0x00, 0x15, 0x4a, 0x00, 0x2c, 0x01, 0x00, 0x00, 0x00, 0x15, 0x10, 0x18, 0x70, 0x09, 0x00
    .byte 0x10, 0x00, 0x00, 0x00, 0x17, 0x00, 0x15, 0x11, 0x18, 0x70, 0x09, 0x00, 0x10, 0x00, 0x00, 0x00
    .byte 0x17, 0x00, 0x20, 0x00, 0x00, 0x15, 0x68, 0x2c, 0xfd, 0x02, 0x00, 0x00, 0x15, 0x35, 0x2c, 0x01
    .byte 0x00, 0x00, 0x00, 0x15, 0x09, 0x2c, 0x01, 0x00, 0x00, 0x00, 0x15, 0x05, 0x15, 0x16, 0x20, 0x00
    .byte 0x00, 0x2c, 0xcf, 0xec, 0x21, 0x02, 0x15, 0x39, 0x20, 0x00, 0x00, 0x15, 0x42, 0x18, 0x70, 0x32
    .byte 0x00, 0x00, 0x00, 0x00, 0x00, 0x14, 0xef, 0xeb, 0x21, 0x02, 0x01, 0xd8, 0xeb, 0x21, 0x02, 0x20
    .byte 0x00, 0x00, 0x2c, 0x2c, 0xec, 0x21, 0x02, 0x15, 0x39, 0x20, 0x00, 0x00, 0x15, 0x42, 0x18, 0x70
    .byte 0x32, 0x00, 0x00, 0x00, 0x00, 0x00, 0x14, 0x10, 0xec, 0x21, 0x02, 0x01, 0xf9, 0xeb, 0x21, 0x02
    .byte 0x2c, 0xc4, 0x02, 0x00, 0x00, 0x15, 0x35, 0x2c, 0x21, 0x00, 0x00, 0x00, 0x2c, 0x80, 0x00, 0x00
    .byte 0x00, 0x2c, 0x46, 0x01, 0x00, 0x00, 0x20, 0x00, 0x00, 0x15, 0x4a, 0x00, 0x15, 0x28, 0x20, 0x00
    .byte 0x00, 0x15, 0x2b, 0x20, 0x00, 0x00, 0x15, 0x18, 0x20, 0x00, 0x00, 0x15, 0x19, 0x2c, 0x03, 0x00
    .byte 0x00, 0x00, 0x2c, 0x07, 0x00, 0x00, 0x00, 0x15, 0x47, 0x18, 0x70, 0x17, 0x00, 0x2c, 0x03, 0x00
    .byte 0x00, 0x00, 0x2c, 0x08, 0x00, 0x00, 0x00, 0x15, 0x47, 0x18, 0x70, 0x17, 0x00, 0x20, 0x00, 0x00
    .byte 0x2c, 0x05, 0x00, 0x00, 0x00, 0x2c, 0x01, 0x00, 0x00, 0x00, 0x20, 0x00, 0x00, 0x15, 0x1a, 0x15
    .byte 0x21, 0x2c, 0x01, 0x00, 0x00, 0x00, 0x15, 0x18, 0x2c, 0x01, 0x00, 0x00, 0x00, 0x15, 0x19, 0x2c
    .byte 0x94, 0x10, 0x00, 0x00, 0x2c, 0x01, 0x10, 0x00, 0x00, 0x2c, 0x95, 0x10, 0x00, 0x00, 0x2c, 0x02
    .byte 0x00, 0x00, 0x00, 0x20, 0x00, 0x00, 0x15, 0x73, 0x2c, 0x00, 0x01, 0x00, 0x00, 0x15, 0x17, 0x2c
    .byte 0x01, 0x00, 0x00, 0x00, 0x15, 0x06, 0x2c, 0x15, 0x00, 0x00, 0x00, 0x2c, 0x3a, 0x00, 0x00, 0x00
    .byte 0x2c, 0x7f, 0x00, 0x00, 0x00, 0x15, 0x0a, 0x2c, 0x3c, 0x00, 0x00, 0x00, 0x15, 0x07, 0x15, 0x08
    .byte 0x2c, 0x01, 0x00, 0x00, 0x00, 0x15, 0x05, 0x15, 0x16, 0x20, 0x00, 0x00, 0x15, 0x09, 0x00, 0x2c
    .byte 0x11, 0x10, 0x00, 0x00, 0x2c, 0x01, 0x10, 0x00, 0x00, 0x2c, 0x12, 0x10, 0x00, 0x00, 0x2c, 0x02
    .byte 0x00, 0x00, 0x00, 0x2c, 0x03, 0x00, 0x00, 0x00, 0x2c, 0x07, 0x00, 0x00, 0x00, 0x15, 0x47, 0x18
    .byte 0x70, 0x17, 0x00, 0x2c, 0x03, 0x00, 0x00, 0x00, 0x2c, 0x08, 0x00, 0x00, 0x00, 0x15, 0x47, 0x18
    .byte 0x70, 0x17, 0x00, 0x15, 0x1e, 0x18, 0x70, 0x05, 0x00, 0x0c, 0x00, 0x00, 0x00, 0x17, 0x00, 0x15
    .byte 0x73, 0x2c, 0x01, 0x00, 0x00, 0x00, 0x15, 0x06, 0x2c, 0x16, 0x00, 0x00, 0x00, 0x15, 0x07, 0x15
    .byte 0x08, 0x00, 0x2c, 0x03, 0x00, 0x00, 0x00, 0x2c, 0x07, 0x00, 0x00, 0x00, 0x15, 0x47, 0x18, 0x70
    .byte 0x17, 0x00, 0x2c, 0x03, 0x00, 0x00, 0x00, 0x2c, 0x08, 0x00, 0x00, 0x00, 0x15, 0x47, 0x18, 0x70
    .byte 0x24, 0x00, 0x20, 0x00, 0x00, 0x00, 0x17, 0x00, 0x2c, 0x03, 0x00, 0x00, 0x00, 0x2c, 0x09, 0x00
    .byte 0x00, 0x00, 0x15, 0x47, 0x18, 0x70, 0x17, 0x00, 0x15, 0x02, 0x15, 0x2c, 0x00, 0x29, 0x00, 0x08
    .byte 0x32, 0x00, 0x01, 0x00, 0x00, 0x00, 0x14, 0xdc, 0xed, 0x21, 0x02, 0x29, 0x00, 0x09, 0x09, 0x00
    .byte 0x10, 0x00, 0x00, 0x00, 0x28, 0x00, 0x00, 0x29, 0x00, 0x0a, 0x09, 0x00, 0x10, 0x00, 0x00, 0x00
    .byte 0x28, 0x00, 0x01, 0x2f, 0x00, 0x2f, 0x01, 0x2c, 0x22, 0x00, 0x00, 0x00, 0x2c, 0x22, 0x00, 0x00
    .byte 0x00, 0x2c, 0x23, 0x00, 0x00, 0x00, 0x2c, 0x23, 0x00, 0x00, 0x00, 0x15, 0x5d, 0x18, 0x70, 0x14
    .byte 0xdc, 0xed, 0x21, 0x02, 0x2f, 0x00, 0x2f, 0x01, 0x15, 0x56, 0x18, 0x70, 0x13, 0xdc, 0xed, 0x21
    .byte 0x02, 0x2f, 0x00, 0x2f, 0x01, 0x15, 0x57, 0x2c, 0x03, 0x00, 0x00, 0x00, 0x2c, 0x95, 0xeb, 0x21
    .byte 0x02, 0x15, 0x39, 0x2c, 0x03, 0x00, 0x00, 0x00, 0x15, 0x42, 0x18, 0x70, 0x32, 0x00, 0x00, 0x00
    .byte 0x00, 0x00, 0x14, 0xdc, 0xed, 0x21, 0x02, 0x01, 0xc3, 0xed, 0x21, 0x02, 0x00, 0x2c, 0xe0, 0xff
    .byte 0xff, 0xff, 0x2c, 0xe0, 0xff, 0xff, 0xff, 0x15, 0x27, 0x18, 0x70, 0x17, 0x00, 0x15, 0x02, 0x2c
    .byte 0x26, 0x00, 0x00, 0x00, 0x20, 0x00, 0x00, 0x2c, 0x01, 0x00, 0x00, 0x00, 0x2c, 0x0b, 0x00, 0x00
    .byte 0x00, 0x20, 0x00, 0x00, 0x15, 0x04, 0x2c, 0x01, 0x00, 0x00, 0x00, 0x15, 0x09, 0x2c, 0x01, 0x00
    .byte 0x00, 0x00, 0x15, 0x06, 0x15, 0x1f, 0x18, 0x70, 0x17, 0x00, 0x15, 0x20, 0x18, 0x70, 0x17, 0x00
    .byte 0x15, 0x27, 0x18, 0x70, 0x17, 0x00, 0x15, 0x58, 0x18, 0x70, 0x33, 0x00, 0x20, 0x00, 0x00, 0x00
    .byte 0x14, 0xd6, 0xee, 0x21, 0x02, 0x2c, 0x1e, 0x00, 0x00, 0x00, 0x15, 0x07, 0x15, 0x08, 0x2c, 0x26
    .byte 0x00, 0x00, 0x00, 0x15, 0x4e, 0x2c, 0x06, 0x00, 0x00, 0x00, 0x2c, 0x37, 0x00, 0x00, 0x00, 0x15
    .byte 0x10, 0x18, 0x70, 0x17, 0x00, 0x15, 0x11, 0x18, 0x70, 0x17, 0x00, 0x15, 0x12, 0x18, 0x70, 0x17
    .byte 0x00, 0x15, 0x10, 0x18, 0x70, 0x17, 0x00, 0x15, 0x11, 0x18, 0x70, 0x17, 0x00, 0x15, 0x12, 0x18
    .byte 0x70, 0x17, 0x00, 0x15, 0x33, 0x2c, 0x03, 0x00, 0x00, 0x00, 0x2c, 0x01, 0xf9, 0x00, 0x00, 0x15
    .byte 0xe0, 0x18, 0x70, 0x14, 0x94, 0xee, 0x21, 0x02, 0x2c, 0x01, 0x00, 0x00, 0x00, 0x2c, 0x01, 0xf9
    .byte 0x00, 0x00, 0x15, 0xe0, 0x20, 0x00, 0x00, 0x15, 0x09, 0x2c, 0xe0, 0xff, 0xff, 0xff, 0x2c, 0xe0
    .byte 0xff, 0xff, 0xff, 0x15, 0x27, 0x18, 0x70, 0x17, 0x00, 0x15, 0x02, 0x2c, 0xe0, 0x01, 0x00, 0x00
    .byte 0x15, 0x07, 0x15, 0x08, 0x03, 0x00, 0xd0, 0x02, 0x00, 0x00, 0x2c, 0x05, 0x00, 0x00, 0x00, 0x15
    .byte 0x01, 0x18, 0x71, 0x07, 0x01, 0x3c, 0x00, 0x00, 0x00, 0x04, 0x10, 0x17, 0x00, 0x15, 0x07, 0x15
    .byte 0x08, 0x01, 0x5d, 0xf0, 0x21, 0x02, 0x2c, 0x26, 0x00, 0x00, 0x00, 0x15, 0x87, 0x18, 0x70, 0x32
    .byte 0x00, 0x00, 0x00, 0x00, 0x00, 0x14, 0x4a, 0xef, 0x21, 0x02, 0x2c, 0x26, 0x00, 0x00, 0x00, 0x15
    .byte 0x4e, 0x2c, 0xd6, 0x11, 0x00, 0x00, 0x2c, 0x01, 0x10, 0x00, 0x00, 0x2c, 0xd7, 0x11, 0x00, 0x00
    .byte 0x2c, 0x02, 0x00, 0x00, 0x00, 0x20, 0x00, 0x00, 0x15, 0x73, 0x20, 0x00, 0x00, 0x15, 0x06, 0x15
    .byte 0x16, 0x20, 0x00, 0x00, 0x15, 0x09, 0x2c, 0xe0, 0xff, 0xff, 0xff, 0x2c, 0xe0, 0xff, 0xff, 0xff
    .byte 0x15, 0x27, 0x18, 0x70, 0x17, 0x00, 0x15, 0x02, 0x03, 0x00, 0xd0, 0x02, 0x00, 0x00, 0x2c, 0x05
    .byte 0x00, 0x00, 0x00, 0x15, 0x01, 0x18, 0x71, 0x07, 0x01, 0x3c, 0x00, 0x00, 0x00, 0x04, 0x10, 0x17
    .byte 0x00, 0x15, 0x07, 0x15, 0x08, 0x01, 0x5d, 0xf0, 0x21, 0x02, 0x2b, 0x00, 0x05, 0x32, 0x00, 0x01
    .byte 0x00, 0x00, 0x00, 0x14, 0x58, 0xf0, 0x21, 0x02, 0x2b, 0x00, 0x06, 0x32, 0x00, 0x64, 0x00, 0x00
    .byte 0x00, 0x14, 0x4a, 0xf0, 0x21, 0x02, 0x2b, 0x00, 0x07, 0x32, 0x00, 0x00, 0x00, 0x00, 0x00, 0x13
    .byte 0x90, 0xef, 0x21, 0x02, 0x2b, 0x00, 0x07, 0x32, 0x00, 0x01, 0x00, 0x00, 0x00, 0x13, 0x90, 0xef
    .byte 0x21, 0x02, 0x2b, 0x00, 0x07, 0x32, 0x00, 0x02, 0x00, 0x00, 0x00, 0x14, 0x4a, 0xf0, 0x21, 0x02
    .byte 0x2c, 0x02, 0x00, 0x00, 0x00, 0x15, 0x9b, 0x18, 0x70, 0x14, 0xb2, 0xef, 0x21, 0x02, 0x2c, 0xee
    .byte 0x03, 0x00, 0x00, 0x15, 0x37, 0x18, 0x70, 0x32, 0x00, 0x00, 0x00, 0x00, 0x00, 0x13, 0xb7, 0xef
    .byte 0x21, 0x02, 0x01, 0x90, 0xef, 0x21, 0x02, 0x03, 0x00, 0x00, 0x00, 0x00, 0x00, 0x28, 0x00, 0x05
    .byte 0x2c, 0x26, 0x00, 0x00, 0x00, 0x15, 0x4e, 0x2c, 0x03, 0x00, 0x00, 0x00, 0x2c, 0x01, 0xf9, 0x00
    .byte 0x00, 0x15, 0xe0, 0x18, 0x70, 0x14, 0xe6, 0xef, 0x21, 0x02, 0x2c, 0x01, 0x00, 0x00, 0x00, 0x2c
    .byte 0x01, 0xf9, 0x00, 0x00, 0x15, 0xe0, 0x2c, 0xd6, 0x11, 0x00, 0x00, 0x2c, 0x01, 0x10, 0x00, 0x00
    .byte 0x2c, 0xd7, 0x11, 0x00, 0x00, 0x2c, 0x02, 0x00, 0x00, 0x00, 0x20, 0x00, 0x00, 0x15, 0x73, 0x20
    .byte 0x00, 0x00, 0x15, 0x06, 0x15, 0x16, 0x20, 0x00, 0x00, 0x15, 0x09, 0x2c, 0xe0, 0xff, 0xff, 0xff
    .byte 0x2c, 0xe0, 0xff, 0xff, 0xff, 0x15, 0x27, 0x18, 0x70, 0x17, 0x00, 0x15, 0x02, 0x03, 0x00, 0xd0
    .byte 0x02, 0x00, 0x00, 0x2c, 0x05, 0x00, 0x00, 0x00, 0x15, 0x01, 0x18, 0x71, 0x07, 0x01, 0x3c, 0x00
    .byte 0x00, 0x00, 0x04, 0x10, 0x07, 0x00, 0x02, 0x00, 0x00, 0x00, 0x17, 0x00, 0x15, 0x07, 0x15, 0x08
    .byte 0x01, 0x5d, 0xf0, 0x21, 0x02, 0x25, 0x58, 0xf0, 0x21, 0x02, 0x03, 0x00, 0x00, 0x00, 0x00, 0x00
    .byte 0x28, 0x00, 0x05, 0x01, 0x14, 0xee, 0x21, 0x02, 0x01, 0x14, 0xee, 0x21, 0x02, 0x2c, 0x3f, 0x00
    .byte 0x00, 0x00, 0x15, 0x01, 0x18, 0x70, 0x07, 0x00, 0x10, 0x00, 0x00, 0x00, 0x28, 0x00, 0x00, 0x2c
    .byte 0x2f, 0x00, 0x00, 0x00, 0x15, 0x01, 0x18, 0x70, 0x07, 0x00, 0x10, 0x00, 0x00, 0x00, 0x28, 0x00
    .byte 0x01, 0x15, 0x27, 0x18, 0x70, 0x28, 0x00, 0x02, 0x2c, 0x02, 0x00, 0x00, 0x00, 0x2b, 0x00, 0x00
    .byte 0x09, 0x00, 0x10, 0x00, 0x00, 0x00, 0x17, 0x00, 0x2b, 0x00, 0x01, 0x09, 0x00, 0x10, 0x00, 0x00
    .byte 0x00, 0x17, 0x00, 0x15, 0x8a, 0x18, 0x70, 0x32, 0x00, 0x08, 0x00, 0x00, 0x00, 0x14, 0x31, 0xf1
    .byte 0x21, 0x02, 0x29, 0x00, 0xfe, 0x32, 0x00, 0x3f, 0x00, 0x00, 0x00, 0x14, 0xe3, 0xf0, 0x21, 0x02
    .byte 0x2c, 0x02, 0x00, 0x00, 0x00, 0x2c, 0x54, 0x00, 0x00, 0x00, 0x15, 0xef, 0x18, 0x70, 0x32, 0x00
    .byte 0x01, 0x00, 0x00, 0x00, 0x14, 0xe3, 0xf0, 0x21, 0x02, 0x01, 0x5d, 0xf0, 0x21, 0x02, 0x25, 0x2c
    .byte 0xf1, 0x21, 0x02, 0x2f, 0x00, 0x2f, 0x01, 0x20, 0x00, 0x00, 0x15, 0x1f, 0x18, 0x70, 0x17, 0x00
    .byte 0x15, 0x20, 0x18, 0x70, 0x17, 0x00, 0x20, 0x00, 0x00, 0x15, 0x65, 0x18, 0x70, 0x33, 0x00, 0x60
    .byte 0x00, 0x00, 0x00, 0x14, 0x27, 0xf1, 0x21, 0x02, 0x2b, 0x00, 0x00, 0x05, 0x00, 0x08, 0x00, 0x00
    .byte 0x00, 0x17, 0x00, 0x2b, 0x00, 0x01, 0x05, 0x00, 0x08, 0x00, 0x00, 0x00, 0x17, 0x00, 0x2f, 0x02
    .byte 0x15, 0x02, 0x25, 0x2c, 0xf1, 0x21, 0x02, 0x01, 0x5d, 0xf0, 0x21, 0x02, 0x25, 0x36, 0xf1, 0x21
    .byte 0x02, 0x01, 0x5d, 0xf0, 0x21, 0x02, 0x2c, 0x01, 0x00, 0x00, 0x00, 0x15, 0x09, 0x2c, 0x03, 0x00
    .byte 0x00, 0x00, 0x2c, 0x01, 0xf9, 0x00, 0x00, 0x15, 0xe0, 0x18, 0x70, 0x32, 0x00, 0x00, 0x00, 0x00
    .byte 0x00, 0x14, 0x6a, 0xf1, 0x21, 0x02, 0x2c, 0x1a, 0x00, 0x00, 0x00, 0x2c, 0x01, 0xf9, 0x00, 0x00
    .byte 0x20, 0x00, 0x00, 0x2c, 0x80, 0x00, 0x00, 0x00, 0x15, 0x0c, 0x2c, 0xd6, 0x11, 0x00, 0x00, 0x2c
    .byte 0x01, 0x10, 0x00, 0x00, 0x2c, 0xd7, 0x11, 0x00, 0x00, 0x2c, 0x02, 0x00, 0x00, 0x00, 0x20, 0x00
    .byte 0x00, 0x15, 0x73, 0x2c, 0x05, 0x00, 0x00, 0x00, 0x15, 0x55, 0x2c, 0x04, 0x00, 0x00, 0x00, 0x15
    .byte 0x07, 0x15, 0x08, 0x2c, 0x04, 0x00, 0x00, 0x00, 0x15, 0x55, 0x2c, 0x04, 0x00, 0x00, 0x00, 0x15
    .byte 0x07, 0x15, 0x08, 0x2c, 0x03, 0x00, 0x00, 0x00, 0x15, 0x55, 0x2c, 0x04, 0x00, 0x00, 0x00, 0x15
    .byte 0x07, 0x15, 0x08, 0x2c, 0x02, 0x00, 0x00, 0x00, 0x15, 0x55, 0x2c, 0x04, 0x00, 0x00, 0x00, 0x15
    .byte 0x07, 0x15, 0x08, 0x2c, 0x01, 0x00, 0x00, 0x00, 0x15, 0x55, 0x2c, 0x04, 0x00, 0x00, 0x00, 0x15
    .byte 0x07, 0x15, 0x08, 0x20, 0x00, 0x00, 0x15, 0x55, 0x2c, 0x04, 0x00, 0x00, 0x00, 0x15, 0x07, 0x15
    .byte 0x08, 0x2c, 0xd4, 0x11, 0x00, 0x00, 0x2c, 0x01, 0x10, 0x00, 0x00, 0x2c, 0xd5, 0x11, 0x00, 0x00
    .byte 0x2c, 0x02, 0x00, 0x00, 0x00, 0x20, 0x00, 0x00, 0x15, 0x73, 0x2c, 0x01, 0x00, 0x00, 0x00, 0x15
    .byte 0x06, 0x2c, 0x26, 0x00, 0x00, 0x00, 0x20, 0x00, 0x00, 0x2c, 0x01, 0x00, 0x00, 0x00, 0x2c, 0x0b
    .byte 0x00, 0x00, 0x00, 0x20, 0x00, 0x00, 0x15, 0x04, 0x01, 0x14, 0xee, 0x21, 0x02, 0x00, 0x2c, 0x9f
    .byte 0x02, 0x00, 0x00, 0x15, 0x37, 0x18, 0x70, 0x32, 0x00, 0x01, 0x00, 0x00, 0x00, 0x13, 0x46, 0xf2
    .byte 0x21, 0x02, 0x2c, 0x27, 0x01, 0x00, 0x00, 0x15, 0x66, 0x18, 0x70, 0x32, 0x00, 0x01, 0x00, 0x00
    .byte 0x00, 0x14, 0x52, 0xf2, 0x21, 0x02, 0x2c, 0x08, 0x00, 0x00, 0x00, 0x2c, 0xf5, 0xe1, 0x21, 0x02
    .byte 0x15, 0x39, 0x22, 0x2c, 0x01, 0x00, 0x00, 0x00, 0x2c, 0x55, 0x00, 0x00, 0x00, 0x15, 0xef, 0x18
    .byte 0x70, 0x32, 0x00, 0x01, 0x00, 0x00, 0x00, 0x14, 0x63, 0xf3, 0x21, 0x02, 0x15, 0x10, 0x18, 0x70
    .byte 0x17, 0x00, 0x15, 0x11, 0x18, 0x70, 0x17, 0x00, 0x15, 0x10, 0x18, 0x70, 0x09, 0x00, 0x10, 0x00
    .byte 0x00, 0x00, 0x17, 0x00, 0x15, 0x11, 0x18, 0x70, 0x09, 0x00, 0x10, 0x00, 0x00, 0x00, 0x17, 0x00
    .byte 0x15, 0x40, 0x18, 0x70, 0x07, 0x00, 0x10, 0x00, 0x00, 0x00, 0x17, 0x00, 0x15, 0x02, 0x2c, 0x01
    .byte 0x00, 0x00, 0x00, 0x15, 0x06, 0x20, 0x00, 0x00, 0x2c, 0x01, 0x00, 0x00, 0x00, 0x15, 0x38, 0x2c
    .byte 0xec, 0xff, 0xff, 0xff, 0x15, 0x1b, 0x2c, 0x02, 0x00, 0x00, 0x00, 0x15, 0x9b, 0x18, 0x70, 0x14
    .byte 0x50, 0xf3, 0x21, 0x02, 0x2c, 0x03, 0x00, 0x00, 0x00, 0x15, 0x9b, 0x18, 0x70, 0x35, 0x00, 0xff
    .byte 0xff, 0xff, 0xff, 0x14, 0x50, 0xf3, 0x21, 0x02, 0x2c, 0x03, 0x00, 0x00, 0x00, 0x15, 0x9b, 0x18
    .byte 0x70, 0x32, 0x00, 0x65, 0x00, 0x00, 0x00, 0x14, 0x50, 0xf3, 0x21, 0x02, 0x2c, 0x08, 0x00, 0x00
    .byte 0x00, 0x2c, 0x07, 0x00, 0x00, 0x00, 0x15, 0x47, 0x18, 0x70, 0x17, 0x00, 0x2c, 0x08, 0x00, 0x00
    .byte 0x00, 0x2c, 0x08, 0x00, 0x00, 0x00, 0x15, 0x47, 0x18, 0x70, 0x17, 0x00, 0x2c, 0x08, 0x00, 0x00
    .byte 0x00, 0x2c, 0x09, 0x00, 0x00, 0x00, 0x15, 0x47, 0x18, 0x70, 0x17, 0x00, 0x15, 0x1f, 0x18, 0x70
    .byte 0x17, 0x00, 0x15, 0x20, 0x18, 0x70, 0x17, 0x00, 0x15, 0x27, 0x18, 0x70, 0x17, 0x00, 0x15, 0x65
    .byte 0x18, 0x70, 0x34, 0x00, 0x20, 0x00, 0x00, 0x00, 0x14, 0x50, 0xf3, 0x21, 0x02, 0x2c, 0x03, 0x04
    .byte 0x00, 0x00, 0x15, 0x35, 0x2c, 0x03, 0x00, 0x00, 0x00, 0x2c, 0x69, 0xf3, 0x21, 0x02, 0x15, 0x29
    .byte 0x2c, 0x01, 0x00, 0x00, 0x00, 0x15, 0x07, 0x15, 0x08, 0x25, 0xb6, 0xf2, 0x21, 0x02, 0x25, 0x68
    .byte 0xf3, 0x21, 0x02, 0x20, 0x00, 0x00, 0x15, 0x09, 0x00, 0x20, 0x00, 0x00, 0x15, 0x09, 0x2c, 0x1e
    .byte 0x00, 0x00, 0x00, 0x15, 0x07, 0x15, 0x08, 0x2c, 0x18, 0xfc, 0xff, 0xff, 0x2c, 0x18, 0xfc, 0xff
    .byte 0xff, 0x20, 0x00, 0x00, 0x15, 0x02, 0x2c, 0x27, 0x01, 0x00, 0x00, 0x15, 0x7f, 0x21, 0x7d, 0xe5
    .byte 0x21, 0x02, 0x03, 0x00, 0x27, 0x01, 0x00, 0x00, 0x26, 0x00, 0xd9, 0x15, 0x46, 0x15, 0x8b, 0x18
    .byte 0x70, 0x32, 0x00, 0x00, 0x00, 0x00, 0x00, 0x13, 0xb1, 0xf3, 0x21, 0x02, 0x01, 0x9d, 0xf3, 0x21
    .byte 0x02, 0x2c, 0x01, 0x00, 0x00, 0x00, 0x2c, 0x01, 0x00, 0x00, 0x00, 0x20, 0x00, 0x00, 0x20, 0x00
    .byte 0x00, 0x15, 0xb8, 0x15, 0x5a, 0x20, 0x00, 0x00, 0x2c, 0xff, 0xff, 0xff, 0xff, 0x2c, 0xff, 0xff
    .byte 0xff, 0xff, 0x2c, 0xff, 0xff, 0xff, 0xff, 0x15, 0x89, 0x20, 0x00, 0x00, 0x2c, 0x8d, 0xe6, 0x21
    .byte 0x02, 0x15, 0x39, 0x20, 0x00, 0x00, 0x15, 0x42, 0x18, 0x70, 0x32, 0x00, 0x00, 0x00, 0x00, 0x00
    .byte 0x14, 0xfa, 0xf3, 0x21, 0x02, 0x01, 0xe3, 0xf3, 0x21, 0x02, 0x2c, 0x12, 0x02, 0x00, 0x00, 0x15
    .byte 0x35, 0x00, 0x00, 0x20, 0x00, 0x00, 0x15, 0x09, 0x2c, 0x01, 0x00, 0x00, 0x00, 0x2c, 0xf0, 0xff
    .byte 0xff, 0xff, 0x2c, 0xf0, 0xff, 0xff, 0xff, 0x2c, 0x10, 0x00, 0x00, 0x00, 0x2c, 0x10, 0x00, 0x00
    .byte 0x00, 0x15, 0xd8, 0x2c, 0xf0, 0xff, 0xff, 0xff, 0x2c, 0xf0, 0xff, 0xff, 0xff, 0x2c, 0x10, 0x00
    .byte 0x00, 0x00, 0x2c, 0x10, 0x00, 0x00, 0x00, 0x15, 0x72, 0x2c, 0x39, 0x02, 0x00, 0x00, 0x15, 0x37
    .byte 0x18, 0x70, 0x32, 0x00, 0x01, 0x00, 0x00, 0x00, 0x13, 0x52, 0xf4, 0x21, 0x02, 0x01, 0x39, 0xf4
    .byte 0x21, 0x02, 0x2c, 0x01, 0x00, 0x00, 0x00, 0x2c, 0x59, 0xf6, 0x21, 0x02, 0x15, 0x29, 0x2c, 0x01
    .byte 0x00, 0x00, 0x00, 0x15, 0x7d, 0x2c, 0x01, 0x00, 0x00, 0x00, 0x2c, 0xf0, 0xff, 0xff, 0xff, 0x2c
    .byte 0xf0, 0xff, 0xff, 0xff, 0x2c, 0x10, 0x00, 0x00, 0x00, 0x2c, 0x10, 0x00, 0x00, 0x00, 0x15, 0xd8
    .byte 0x2c, 0xf0, 0xff, 0xff, 0xff, 0x2c, 0xf0, 0xff, 0xff, 0xff, 0x2c, 0x10, 0x00, 0x00, 0x00, 0x2c
    .byte 0x10, 0x00, 0x00, 0x00, 0x15, 0x72, 0x2c, 0x01, 0x00, 0x00, 0x00, 0x2c, 0xf0, 0xff, 0xff, 0xff
    .byte 0x2c, 0xf0, 0xff, 0xff, 0xff, 0x2c, 0x10, 0x00, 0x00, 0x00, 0x2c, 0x10, 0x00, 0x00, 0x00, 0x15
    .byte 0x5c, 0x20, 0x00, 0x00, 0x15, 0x09, 0x15, 0x10, 0x18, 0x70, 0x29, 0x01, 0xf1, 0x24, 0x01, 0x80
    .byte 0x00, 0x00, 0x00, 0x23, 0x10, 0x28, 0x00, 0x00, 0x15, 0x11, 0x18, 0x70, 0x15, 0x12, 0x18, 0x71
    .byte 0x23, 0x10, 0x29, 0x01, 0xf2, 0x24, 0x01, 0x60, 0x00, 0x00, 0x00, 0x23, 0x10, 0x28, 0x00, 0x01
    .byte 0x20, 0x00, 0x00, 0x2c, 0x07, 0x00, 0x00, 0x00, 0x15, 0x47, 0x18, 0x70, 0x29, 0x01, 0xf1, 0x24
    .byte 0x01, 0x80, 0x00, 0x00, 0x00, 0x23, 0x10, 0x28, 0x00, 0x02, 0x20, 0x00, 0x00, 0x2c, 0x08, 0x00
    .byte 0x00, 0x00, 0x15, 0x47, 0x18, 0x70, 0x20, 0x00, 0x00, 0x2c, 0x09, 0x00, 0x00, 0x00, 0x15, 0x47
    .byte 0x18, 0x71, 0x23, 0x10, 0x29, 0x01, 0xf2, 0x24, 0x01, 0x60, 0x00, 0x00, 0x00, 0x23, 0x10, 0x28
    .byte 0x00, 0x03, 0x2f, 0x00, 0x2f, 0x01, 0x20, 0x00, 0x00, 0x2f, 0x02, 0x2f, 0x03, 0x20, 0x00, 0x00
    .byte 0x15, 0x65, 0x18, 0x70, 0x28, 0x00, 0x04, 0x2b, 0x00, 0x04, 0x34, 0x00, 0x30, 0x00, 0x00, 0x00
    .byte 0x14, 0x4a, 0xf5, 0x21, 0x02, 0x25, 0x58, 0xf5, 0x21, 0x02, 0x2c, 0x01, 0x00, 0x00, 0x00, 0x15
    .byte 0x07, 0x15, 0x08, 0x25, 0xb6, 0xf4, 0x21, 0x02, 0x15, 0x10, 0x18, 0x70, 0x29, 0x01, 0xf1, 0x24
    .byte 0x01, 0x80, 0x00, 0x00, 0x00, 0x23, 0x10, 0x28, 0x00, 0x00, 0x15, 0x11, 0x18, 0x70, 0x15, 0x12
    .byte 0x18, 0x71, 0x23, 0x10, 0x29, 0x01, 0xf2, 0x24, 0x01, 0x60, 0x00, 0x00, 0x00, 0x23, 0x10, 0x28
    .byte 0x00, 0x01, 0x20, 0x00, 0x00, 0x2c, 0x07, 0x00, 0x00, 0x00, 0x15, 0x47, 0x18, 0x70, 0x29, 0x01
    .byte 0xf1, 0x24, 0x01, 0x80, 0x00, 0x00, 0x00, 0x23, 0x10, 0x28, 0x00, 0x02, 0x20, 0x00, 0x00, 0x2c
    .byte 0x08, 0x00, 0x00, 0x00, 0x15, 0x47, 0x18, 0x70, 0x20, 0x00, 0x00, 0x2c, 0x09, 0x00, 0x00, 0x00
    .byte 0x15, 0x47, 0x18, 0x71, 0x23, 0x10, 0x29, 0x01, 0xf2, 0x24, 0x01, 0x60, 0x00, 0x00, 0x00, 0x23
    .byte 0x10, 0x28, 0x00, 0x03, 0x2f, 0x00, 0x2f, 0x01, 0x20, 0x00, 0x00, 0x2f, 0x02, 0x2f, 0x03, 0x20
    .byte 0x00, 0x00, 0x15, 0x65, 0x18, 0x70, 0x31, 0x00, 0x30, 0x00, 0x00, 0x00, 0x14, 0xe6, 0xf5, 0x21
    .byte 0x02, 0x25, 0x53, 0xf6, 0x21, 0x02, 0x03, 0x00, 0xe8, 0x83, 0x00, 0x00, 0x28, 0x00, 0x06, 0x03
    .byte 0x00, 0x02, 0x00, 0x00, 0x00, 0x28, 0x00, 0x07, 0x2c, 0x1e, 0x00, 0x00, 0x00, 0x2c, 0x92, 0x13
    .byte 0x00, 0x00, 0x2c, 0x78, 0x10, 0x00, 0x00, 0x2c, 0x93, 0x13, 0x00, 0x00, 0x20, 0x00, 0x00, 0x15
    .byte 0x10, 0x18, 0x70, 0x17, 0x00, 0x15, 0x11, 0x18, 0x70, 0x15, 0x12, 0x18, 0x71, 0x23, 0x10, 0x17
    .byte 0x00, 0x15, 0x53, 0x2c, 0x1a, 0x00, 0x00, 0x00, 0x2c, 0x38, 0x00, 0x00, 0x00, 0x20, 0x00, 0x00
    .byte 0x2c, 0x38, 0x00, 0x00, 0x00, 0x15, 0x0c, 0x03, 0x00, 0x5a, 0x00, 0x00, 0x00, 0x2c, 0x08, 0x00
    .byte 0x00, 0x00, 0x15, 0x01, 0x18, 0x71, 0x04, 0x10, 0x17, 0x00, 0x15, 0x07, 0x15, 0x08, 0x25, 0x58
    .byte 0xf5, 0x21, 0x02, 0x25, 0xb6, 0xf4, 0x21, 0x02, 0x00, 0x03, 0x00, 0x09, 0x00, 0x00, 0x00, 0x26
    .byte 0x00, 0x66, 0x03, 0x00, 0x4a, 0x00, 0x00, 0x00, 0x26, 0x00, 0xd9, 0x03, 0x00, 0x09, 0x00, 0x00
    .byte 0x00, 0x32, 0x00, 0x01, 0x00, 0x00, 0x00, 0x13, 0x8d, 0xf6, 0x21, 0x02, 0x03, 0x00, 0x09, 0x00
    .byte 0x00, 0x00, 0x32, 0x00, 0x08, 0x00, 0x00, 0x00, 0x14, 0x9b, 0xf6, 0x21, 0x02, 0x03, 0x00, 0x01
    .byte 0x00, 0x00, 0x00, 0x36, 0x00, 0x00, 0x25, 0xa4, 0xf6, 0x21, 0x02, 0x03, 0x00, 0x01, 0x00, 0x00
    .byte 0x00, 0x26, 0x00, 0x63, 0x03, 0x00, 0x09, 0x00, 0x00, 0x00, 0x32, 0x00, 0x01, 0x00, 0x00, 0x00
    .byte 0x14, 0xd5, 0xf6, 0x21, 0x02, 0x20, 0x00, 0x00, 0x2c, 0x0f, 0x00, 0x00, 0x00, 0x15, 0xe0, 0x2c
    .byte 0x15, 0x00, 0x00, 0x00, 0x2c, 0x9d, 0x00, 0x00, 0x00, 0x2c, 0x7f, 0x00, 0x00, 0x00, 0x15, 0x0a
    .byte 0x25, 0xf5, 0xf7, 0x21, 0x02, 0x03, 0x00, 0x09, 0x00, 0x00, 0x00, 0x32, 0x00, 0x08, 0x00, 0x00
    .byte 0x00, 0x14, 0x06, 0xf7, 0x21, 0x02, 0x20, 0x00, 0x00, 0x2c, 0x0f, 0x00, 0x00, 0x00, 0x15, 0xe0
    .byte 0x2c, 0x15, 0x00, 0x00, 0x00, 0x2c, 0x9c, 0x00, 0x00, 0x00, 0x2c, 0x7f, 0x00, 0x00, 0x00, 0x15
    .byte 0x0a, 0x25, 0xf5, 0xf7, 0x21, 0x02, 0x03, 0x00, 0x09, 0x00, 0x00, 0x00, 0x32, 0x00, 0x03, 0x00
    .byte 0x00, 0x00, 0x14, 0x5e, 0xf7, 0x21, 0x02, 0x03, 0x00, 0x4a, 0x00, 0x00, 0x00, 0x32, 0x00, 0x3e
    .byte 0x00, 0x00, 0x00, 0x14, 0x48, 0xf7, 0x21, 0x02, 0x20, 0x00, 0x00, 0x2c, 0x75, 0x00, 0x00, 0x00
    .byte 0x15, 0xe0, 0x2c, 0x15, 0x00, 0x00, 0x00, 0x2c, 0x9d, 0x00, 0x00, 0x00, 0x2c, 0x7f, 0x00, 0x00
    .byte 0x00, 0x15, 0x0a, 0x25, 0x59, 0xf7, 0x21, 0x02, 0x2c, 0x15, 0x00, 0x00, 0x00, 0x2c, 0x9d, 0x00
    .byte 0x00, 0x00, 0x2c, 0x7f, 0x00, 0x00, 0x00, 0x15, 0x0a, 0x25, 0xf5, 0xf7, 0x21, 0x02, 0x03, 0x00
    .byte 0x09, 0x00, 0x00, 0x00, 0x32, 0x00, 0x09, 0x00, 0x00, 0x00, 0x14, 0x85, 0xf7, 0x21, 0x02, 0x2c
    .byte 0x15, 0x00, 0x00, 0x00, 0x2c, 0x9c, 0x00, 0x00, 0x00, 0x2c, 0x7f, 0x00, 0x00, 0x00, 0x15, 0x0a
    .byte 0x25, 0xf5, 0xf7, 0x21, 0x02, 0x03, 0x00, 0x09, 0x00, 0x00, 0x00, 0x32, 0x00, 0x04, 0x00, 0x00
    .byte 0x00, 0x14, 0xac, 0xf7, 0x21, 0x02, 0x2c, 0x15, 0x00, 0x00, 0x00, 0x2c, 0x9c, 0x00, 0x00, 0x00
    .byte 0x2c, 0x7f, 0x00, 0x00, 0x00, 0x15, 0x0a, 0x25, 0xf5, 0xf7, 0x21, 0x02, 0x03, 0x00, 0x09, 0x00
    .byte 0x00, 0x00, 0x32, 0x00, 0x0a, 0x00, 0x00, 0x00, 0x14, 0xd3, 0xf7, 0x21, 0x02, 0x2c, 0x15, 0x00
    .byte 0x00, 0x00, 0x2c, 0x9d, 0x00, 0x00, 0x00, 0x2c, 0x7f, 0x00, 0x00, 0x00, 0x15, 0x0a, 0x25, 0xf5
    .byte 0xf7, 0x21, 0x02, 0x03, 0x00, 0x09, 0x00, 0x00, 0x00, 0x32, 0x00, 0x0b, 0x00, 0x00, 0x00, 0x14
    .byte 0xf5, 0xf7, 0x21, 0x02, 0x2c, 0x15, 0x00, 0x00, 0x00, 0x2c, 0x9c, 0x00, 0x00, 0x00, 0x2c, 0x7f
    .byte 0x00, 0x00, 0x00, 0x15, 0x0a, 0x20, 0x00, 0x00, 0x2c, 0x4b, 0xe3, 0x21, 0x02, 0x15, 0x39, 0x20
    .byte 0x00, 0x00, 0x15, 0x42, 0x18, 0x70, 0x32, 0x00, 0x00, 0x00, 0x00, 0x00, 0x14, 0x16, 0xf8, 0x21
    .byte 0x02, 0x01, 0xff, 0xf7, 0x21, 0x02, 0x2c, 0x4a, 0x00, 0x00, 0x00, 0x2c, 0x01, 0x00, 0x00, 0x00
    .byte 0x15, 0x76, 0x2c, 0x18, 0x02, 0x00, 0x00, 0x15, 0x35, 0x2c, 0x15, 0x00, 0x00, 0x00, 0x2c, 0xf5
    .byte 0xe1, 0x21, 0x02, 0x15, 0x39, 0x00, 0x2c, 0x01, 0x00, 0x00, 0x00, 0x2c, 0x66, 0xfa, 0x21, 0x02
    .byte 0x15, 0x39, 0x2c, 0x01, 0x00, 0x00, 0x00, 0x15, 0x42, 0x18, 0x70, 0x32, 0x00, 0x00, 0x00, 0x00
    .byte 0x00, 0x14, 0x5b, 0xf8, 0x21, 0x02, 0x01, 0x42, 0xf8, 0x21, 0x02, 0x03, 0x00, 0x0b, 0x00, 0x00
    .byte 0x00, 0x26, 0x00, 0x66, 0x29, 0x00, 0x15, 0x26, 0x00, 0xd9, 0x03, 0x00, 0x0b, 0x00, 0x00, 0x00
    .byte 0x32, 0x00, 0x01, 0x00, 0x00, 0x00, 0x13, 0x8c, 0xf8, 0x21, 0x02, 0x03, 0x00, 0x0b, 0x00, 0x00
    .byte 0x00, 0x32, 0x00, 0x08, 0x00, 0x00, 0x00, 0x14, 0x9a, 0xf8, 0x21, 0x02, 0x03, 0x00, 0x01, 0x00
    .byte 0x00, 0x00, 0x36, 0x00, 0x00, 0x25, 0xa3, 0xf8, 0x21, 0x02, 0x03, 0x00, 0x01, 0x00, 0x00, 0x00
    .byte 0x26, 0x00, 0x63, 0x03, 0x00, 0x0b, 0x00, 0x00, 0x00, 0x32, 0x00, 0x01, 0x00, 0x00, 0x00, 0x14
    .byte 0xd4, 0xf8, 0x21, 0x02, 0x20, 0x00, 0x00, 0x2c, 0x0f, 0x00, 0x00, 0x00, 0x15, 0xe0, 0x2c, 0x15
    .byte 0x00, 0x00, 0x00, 0x2c, 0x9d, 0x00, 0x00, 0x00, 0x2c, 0x7f, 0x00, 0x00, 0x00, 0x15, 0x0a, 0x25
    .byte 0xf1, 0xf9, 0x21, 0x02, 0x03, 0x00, 0x0b, 0x00, 0x00, 0x00, 0x32, 0x00, 0x08, 0x00, 0x00, 0x00
    .byte 0x14, 0x05, 0xf9, 0x21, 0x02, 0x20, 0x00, 0x00, 0x2c, 0x0f, 0x00, 0x00, 0x00, 0x15, 0xe0, 0x2c
    .byte 0x15, 0x00, 0x00, 0x00, 0x2c, 0x9c, 0x00, 0x00, 0x00, 0x2c, 0x7f, 0x00, 0x00, 0x00, 0x15, 0x0a
    .byte 0x25, 0xf1, 0xf9, 0x21, 0x02, 0x03, 0x00, 0x0b, 0x00, 0x00, 0x00, 0x32, 0x00, 0x03, 0x00, 0x00
    .byte 0x00, 0x14, 0x5a, 0xf9, 0x21, 0x02, 0x29, 0x00, 0x15, 0x32, 0x00, 0x3e, 0x00, 0x00, 0x00, 0x14
    .byte 0x44, 0xf9, 0x21, 0x02, 0x20, 0x00, 0x00, 0x2c, 0x75, 0x00, 0x00, 0x00, 0x15, 0xe0, 0x2c, 0x15
    .byte 0x00, 0x00, 0x00, 0x2c, 0x9d, 0x00, 0x00, 0x00, 0x2c, 0x7f, 0x00, 0x00, 0x00, 0x15, 0x0a, 0x25
    .byte 0x55, 0xf9, 0x21, 0x02, 0x2c, 0x15, 0x00, 0x00, 0x00, 0x2c, 0x9d, 0x00, 0x00, 0x00, 0x2c, 0x7f
    .byte 0x00, 0x00, 0x00, 0x15, 0x0a, 0x25, 0xf1, 0xf9, 0x21, 0x02, 0x03, 0x00, 0x0b, 0x00, 0x00, 0x00
    .byte 0x32, 0x00, 0x09, 0x00, 0x00, 0x00, 0x14, 0x81, 0xf9, 0x21, 0x02, 0x2c, 0x15, 0x00, 0x00, 0x00
    .byte 0x2c, 0x9c, 0x00, 0x00, 0x00, 0x2c, 0x7f, 0x00, 0x00, 0x00, 0x15, 0x0a, 0x25, 0xf1, 0xf9, 0x21
    .byte 0x02, 0x03, 0x00, 0x0b, 0x00, 0x00, 0x00, 0x32, 0x00, 0x04, 0x00, 0x00, 0x00, 0x14, 0xa8, 0xf9
    .byte 0x21, 0x02, 0x2c, 0x15, 0x00, 0x00, 0x00, 0x2c, 0x9c, 0x00, 0x00, 0x00, 0x2c, 0x7f, 0x00, 0x00
    .byte 0x00, 0x15, 0x0a, 0x25, 0xf1, 0xf9, 0x21, 0x02, 0x03, 0x00, 0x0b, 0x00, 0x00, 0x00, 0x32, 0x00
    .byte 0x0a, 0x00, 0x00, 0x00, 0x14, 0xcf, 0xf9, 0x21, 0x02, 0x2c, 0x15, 0x00, 0x00, 0x00, 0x2c, 0x9d
    .byte 0x00, 0x00, 0x00, 0x2c, 0x7f, 0x00, 0x00, 0x00, 0x15, 0x0a, 0x25, 0xf1, 0xf9, 0x21, 0x02, 0x03
    .byte 0x00, 0x0b, 0x00, 0x00, 0x00, 0x32, 0x00, 0x0b, 0x00, 0x00, 0x00, 0x14, 0xf1, 0xf9, 0x21, 0x02
    .byte 0x2c, 0x15, 0x00, 0x00, 0x00, 0x2c, 0x9c, 0x00, 0x00, 0x00, 0x2c, 0x7f, 0x00, 0x00, 0x00, 0x15
    .byte 0x0a, 0x20, 0x00, 0x00, 0x2c, 0x4b, 0xe3, 0x21, 0x02, 0x15, 0x39, 0x20, 0x00, 0x00, 0x15, 0x42
    .byte 0x18, 0x70, 0x32, 0x00, 0x00, 0x00, 0x00, 0x00, 0x14, 0x12, 0xfa, 0x21, 0x02, 0x01, 0xfb, 0xf9
    .byte 0x21, 0x02, 0x2c, 0x97, 0x03, 0x00, 0x00, 0x15, 0x37, 0x18, 0x70, 0x32, 0x00, 0x00, 0x00, 0x00
    .byte 0x00, 0x14, 0x37, 0xfa, 0x21, 0x02, 0x2c, 0xb4, 0x03, 0x00, 0x00, 0x15, 0x35, 0x2c, 0x08, 0x00
    .byte 0x00, 0x00, 0x20, 0x00, 0x00, 0x15, 0x78, 0x2c, 0x97, 0x03, 0x00, 0x00, 0x15, 0x35, 0x2c, 0x01
    .byte 0x00, 0x00, 0x00, 0x2c, 0x82, 0xfa, 0x21, 0x02, 0x15, 0x39, 0x2c, 0x01, 0x00, 0x00, 0x00, 0x15
    .byte 0x42, 0x18, 0x70, 0x32, 0x00, 0x00, 0x00, 0x00, 0x00, 0x14, 0x63, 0xfa, 0x21, 0x02, 0x01, 0x4a
    .byte 0xfa, 0x21, 0x02, 0x15, 0x0d, 0x00, 0x15, 0x1f, 0x18, 0x70, 0x17, 0x00, 0x15, 0x20, 0x18, 0x70
    .byte 0x17, 0x00, 0x15, 0x27, 0x18, 0x70, 0x17, 0x00, 0x15, 0x02, 0x2c, 0x00, 0x02, 0x00, 0x00, 0x15
    .byte 0x1b, 0x00, 0x20, 0x00, 0x00, 0x15, 0x1b, 0x15, 0x2c, 0x00, 0x15, 0x0d, 0x00, 0x2c, 0x1a, 0x03
    .byte 0x00, 0x00, 0x2c, 0x98, 0x02, 0x00, 0x00, 0x20, 0x00, 0x00, 0x15, 0x02, 0x03, 0x00, 0x00, 0x00
    .byte 0x00, 0x00, 0x32, 0x00, 0x00, 0x00, 0x00, 0x00, 0x14, 0xbb, 0xfa, 0x21, 0x02, 0x03, 0x00, 0x5a
    .byte 0x02, 0x00, 0x00, 0x28, 0x00, 0x00, 0x25, 0xe3, 0xfa, 0x21, 0x02, 0x03, 0x00, 0x00, 0x00, 0x00
    .byte 0x00, 0x32, 0x00, 0x01, 0x00, 0x00, 0x00, 0x14, 0xda, 0xfa, 0x21, 0x02, 0x03, 0x00, 0x58, 0x02
    .byte 0x00, 0x00, 0x28, 0x00, 0x00, 0x25, 0xe3, 0xfa, 0x21, 0x02, 0x03, 0x00, 0x59, 0x02, 0x00, 0x00
    .byte 0x28, 0x00, 0x00, 0x29, 0x00, 0x15, 0x2b, 0x01, 0x00, 0x1c, 0x10, 0x14, 0x87, 0xfb, 0x21, 0x02
    .byte 0x29, 0x00, 0xfd, 0x32, 0x00, 0x45, 0x00, 0x00, 0x00, 0x14, 0x87, 0xfb, 0x21, 0x02, 0x2c, 0x00
    .byte 0x04, 0x00, 0x00, 0x15, 0x37, 0x18, 0x70, 0x14, 0x11, 0xfb, 0x21, 0x02, 0x01, 0xfe, 0xfa, 0x21
    .byte 0x02, 0x2c, 0xee, 0x03, 0x00, 0x00, 0x15, 0x37, 0x18, 0x70, 0x14, 0x24, 0xfb, 0x21, 0x02, 0x01
    .byte 0x11, 0xfb, 0x21, 0x02, 0x2c, 0x02, 0x00, 0x00, 0x00, 0x15, 0x9b, 0x18, 0x70, 0x32, 0x00, 0x00
    .byte 0x00, 0x00, 0x00, 0x14, 0x3d, 0xfb, 0x21, 0x02, 0x01, 0x24, 0xfb, 0x21, 0x02, 0x20, 0x00, 0x00
    .byte 0x15, 0x9b, 0x18, 0x70, 0x14, 0x5d, 0xfb, 0x21, 0x02, 0x20, 0x00, 0x00, 0x2c, 0xff, 0xff, 0xff
    .byte 0xff, 0x2c, 0xff, 0xff, 0xff, 0xff, 0x2c, 0xff, 0xff, 0xff, 0xff, 0x15, 0x89, 0x20, 0x00, 0x00
    .byte 0x15, 0x07, 0x15, 0x08, 0x29, 0x00, 0xbe, 0x2c, 0x1b, 0x00, 0x00, 0x00, 0x15, 0x31, 0x18, 0x71
    .byte 0x1f, 0x10, 0x14, 0x7a, 0xfb, 0x21, 0x02, 0x15, 0x0d, 0x00, 0x2c, 0x03, 0x00, 0x00, 0x00, 0x2c
    .byte 0x36, 0xf8, 0x21, 0x02, 0x15, 0x29, 0x00, 0x29, 0x00, 0xfe, 0x32, 0x00, 0x30, 0x00, 0x00, 0x00
    .byte 0x14, 0xab, 0xfb, 0x21, 0x02, 0x2c, 0x02, 0x00, 0x00, 0x00, 0x2c, 0x77, 0x00, 0x00, 0x00, 0x15
    .byte 0xef, 0x18, 0x70, 0x14, 0xab, 0xfb, 0x21, 0x02, 0x15, 0x0d, 0x00, 0x29, 0x00, 0xfe, 0x32, 0x00
    .byte 0x31, 0x00, 0x00, 0x00, 0x14, 0xcf, 0xfb, 0x21, 0x02, 0x2c, 0x02, 0x00, 0x00, 0x00, 0x2c, 0x77
    .byte 0x00, 0x00, 0x00, 0x15, 0xef, 0x18, 0x70, 0x14, 0xcf, 0xfb, 0x21, 0x02, 0x15, 0x0d, 0x00, 0x29
    .byte 0x00, 0xfe, 0x32, 0x00, 0x32, 0x00, 0x00, 0x00, 0x14, 0xf3, 0xfb, 0x21, 0x02, 0x2c, 0x02, 0x00
    .byte 0x00, 0x00, 0x2c, 0x77, 0x00, 0x00, 0x00, 0x15, 0xef, 0x18, 0x70, 0x14, 0xf3, 0xfb, 0x21, 0x02
    .byte 0x15, 0x0d, 0x00, 0x29, 0x00, 0xfe, 0x32, 0x00, 0x33, 0x00, 0x00, 0x00, 0x14, 0x17, 0xfc, 0x21
    .byte 0x02, 0x2c, 0x02, 0x00, 0x00, 0x00, 0x2c, 0x77, 0x00, 0x00, 0x00, 0x15, 0xef, 0x18, 0x70, 0x14
    .byte 0x17, 0xfc, 0x21, 0x02, 0x15, 0x0d, 0x00, 0x29, 0x00, 0xfe, 0x32, 0x00, 0x34, 0x00, 0x00, 0x00
    .byte 0x14, 0x3b, 0xfc, 0x21, 0x02, 0x2c, 0x02, 0x00, 0x00, 0x00, 0x2c, 0x77, 0x00, 0x00, 0x00, 0x15
    .byte 0xef, 0x18, 0x70, 0x14, 0x3b, 0xfc, 0x21, 0x02, 0x15, 0x0d, 0x00, 0x29, 0x00, 0xfe, 0x32, 0x00
    .byte 0x35, 0x00, 0x00, 0x00, 0x14, 0x5f, 0xfc, 0x21, 0x02, 0x2c, 0x02, 0x00, 0x00, 0x00, 0x2c, 0x77
    .byte 0x00, 0x00, 0x00, 0x15, 0xef, 0x18, 0x70, 0x14, 0x5f, 0xfc, 0x21, 0x02, 0x15, 0x0d, 0x00, 0x29
    .byte 0x00, 0xfe, 0x32, 0x00, 0x2b, 0x00, 0x00, 0x00, 0x14, 0x84, 0xfc, 0x21, 0x02, 0x2c, 0x60, 0x01
    .byte 0x00, 0x00, 0x15, 0x37, 0x18, 0x70, 0x32, 0x00, 0x00, 0x00, 0x00, 0x00, 0x14, 0x84, 0xfc, 0x21
    .byte 0x02, 0x15, 0x0d, 0x00, 0x20, 0x00, 0x00, 0x15, 0x94, 0x18, 0x70, 0x14, 0x93, 0xfc, 0x21, 0x02
    .byte 0x15, 0x0d, 0x00, 0x20, 0x00, 0x00, 0x2c, 0xff, 0xff, 0xff, 0xff, 0x2c, 0xff, 0xff, 0xff, 0xff
    .byte 0x15, 0xdd, 0x18, 0x70, 0x14, 0x06, 0xfd, 0x21, 0x02, 0x2c, 0x01, 0x00, 0x00, 0x00, 0x2c, 0xff
    .byte 0xff, 0xff, 0xff, 0x2c, 0xff, 0xff, 0xff, 0xff, 0x15, 0xdd, 0x18, 0x70, 0x32, 0x00, 0x58, 0x02
    .byte 0x00, 0x00, 0x13, 0x03, 0xfd, 0x21, 0x02, 0x2c, 0x01, 0x00, 0x00, 0x00, 0x2c, 0xff, 0xff, 0xff
    .byte 0xff, 0x2c, 0xff, 0xff, 0xff, 0xff, 0x15, 0xdd, 0x18, 0x70, 0x32, 0x00, 0x59, 0x02, 0x00, 0x00
    .byte 0x13, 0x03, 0xfd, 0x21, 0x02, 0x2c, 0x01, 0x00, 0x00, 0x00, 0x2c, 0xff, 0xff, 0xff, 0xff, 0x2c
    .byte 0xff, 0xff, 0xff, 0xff, 0x15, 0xdd, 0x18, 0x70, 0x32, 0x00, 0x5a, 0x02, 0x00, 0x00, 0x14, 0x06
    .byte 0xfd, 0x21, 0x02, 0x15, 0x0d, 0x00, 0x03, 0x00, 0x00, 0x00, 0x00, 0x00, 0x28, 0x00, 0x00, 0x29
    .byte 0x00, 0x06, 0x29, 0x01, 0xfe, 0x1c, 0x10, 0x14, 0x28, 0xfd, 0x21, 0x02, 0x2b, 0x00, 0x00, 0x05
    .byte 0x00, 0x01, 0x00, 0x00, 0x00, 0x28, 0x00, 0x00, 0x29, 0x00, 0x07, 0x32, 0x00, 0x00, 0x00, 0x00
    .byte 0x00, 0x14, 0x42, 0xfd, 0x21, 0x02, 0x2b, 0x00, 0x00, 0x05, 0x00, 0x01, 0x00, 0x00, 0x00, 0x28
    .byte 0x00, 0x00, 0x03, 0x00, 0x40, 0x00, 0x00, 0x00, 0x32, 0x00, 0x00, 0x10, 0x00, 0x00, 0x14, 0x64
    .byte 0xfd, 0x21, 0x02, 0x2b, 0x00, 0x00, 0x05, 0x00, 0x01, 0x00, 0x00, 0x00, 0x28, 0x00, 0x00, 0x25
    .byte 0xec, 0xfd, 0x21, 0x02, 0x03, 0x00, 0x40, 0x00, 0x00, 0x00, 0x32, 0x00, 0x00, 0x00, 0x00, 0x00
    .byte 0x14, 0xa2, 0xfd, 0x21, 0x02, 0x29, 0x00, 0xfd, 0x31, 0x00, 0x8c, 0x00, 0x00, 0x00, 0x14, 0x9d
    .byte 0xfd, 0x21, 0x02, 0x29, 0x00, 0xfd, 0x33, 0x00, 0x96, 0x00, 0x00, 0x00, 0x14, 0x9d, 0xfd, 0x21
    .byte 0x02, 0x2b, 0x00, 0x00, 0x05, 0x00, 0x01, 0x00, 0x00, 0x00, 0x28, 0x00, 0x00, 0x25, 0xec, 0xfd
    .byte 0x21, 0x02, 0x29, 0x00, 0xfd, 0x32, 0x00, 0x40, 0x00, 0x00, 0x00, 0x14, 0xc1, 0xfd, 0x21, 0x02
    .byte 0x2b, 0x00, 0x00, 0x05, 0x00, 0x01, 0x00, 0x00, 0x00, 0x28, 0x00, 0x00, 0x25, 0xec, 0xfd, 0x21
    .byte 0x02, 0x03, 0x00, 0x40, 0x00, 0x00, 0x00, 0x34, 0x00, 0x00, 0x00, 0x00, 0x00, 0x14, 0xec, 0xfd
    .byte 0x21, 0x02, 0x29, 0x00, 0xfd, 0x35, 0x00, 0xc0, 0xff, 0xff, 0xff, 0x14, 0xec, 0xfd, 0x21, 0x02
    .byte 0x2b, 0x00, 0x00, 0x05, 0x00, 0x01, 0x00, 0x00, 0x00, 0x28, 0x00, 0x00, 0x2b, 0x00, 0x00, 0x34
    .byte 0x00, 0x03, 0x00, 0x00, 0x00, 0x14, 0xfd, 0xfd, 0x21, 0x02, 0x15, 0x0d, 0x00, 0x2c, 0x01, 0x00
    .byte 0x00, 0x00, 0x15, 0x09, 0x20, 0x00, 0x00, 0x2c, 0x30, 0x00, 0x00, 0x00, 0x15, 0x32, 0x2c, 0x01
    .byte 0x00, 0x00, 0x00, 0x2c, 0x18, 0x00, 0x00, 0x00, 0x15, 0x32, 0x2c, 0x01, 0x00, 0x00, 0x00, 0x2c
    .byte 0xe0, 0xff, 0xff, 0xff, 0x2c, 0xec, 0xff, 0xff, 0xff, 0x2c, 0x20, 0x00, 0x00, 0x00, 0x2c, 0x14
    .byte 0x00, 0x00, 0x00, 0x15, 0xd8, 0x2c, 0x2a, 0x11, 0x00, 0x00, 0x2c, 0x2f, 0x11, 0x00, 0x00, 0x2c
    .byte 0x2c, 0x11, 0x00, 0x00, 0x2c, 0x02, 0x00, 0x00, 0x00, 0x20, 0x00, 0x00, 0x15, 0x73, 0x03, 0x00
    .byte 0xff, 0xff, 0xff, 0xff, 0x26, 0x00, 0x06, 0x2c, 0x22, 0x00, 0x00, 0x00, 0x15, 0x05, 0x2c, 0x01
    .byte 0x00, 0x00, 0x00, 0x15, 0x06, 0x2c, 0x01, 0x00, 0x00, 0x00, 0x2c, 0x6d, 0x01, 0x22, 0x02, 0x15
    .byte 0x29, 0x2c, 0x01, 0x00, 0x00, 0x00, 0x15, 0xd7, 0x20, 0x00, 0x00, 0x2c, 0xe0, 0xff, 0xff, 0xff
    .byte 0x15, 0xd1, 0x2c, 0x01, 0x00, 0x00, 0x00, 0x15, 0x07, 0x15, 0x08, 0x2c, 0x00, 0x04, 0x00, 0x00
    .byte 0x15, 0x37, 0x18, 0x70, 0x14, 0x9e, 0xfe, 0x21, 0x02, 0x01, 0x8b, 0xfe, 0x21, 0x02, 0x2c, 0xee
    .byte 0x03, 0x00, 0x00, 0x15, 0x37, 0x18, 0x70, 0x14, 0xb1, 0xfe, 0x21, 0x02, 0x01, 0x9e, 0xfe, 0x21
    .byte 0x02, 0x2c, 0x02, 0x00, 0x00, 0x00, 0x15, 0x9b, 0x18, 0x70, 0x32, 0x00, 0x00, 0x00, 0x00, 0x00
    .byte 0x14, 0xca, 0xfe, 0x21, 0x02, 0x01, 0xb1, 0xfe, 0x21, 0x02, 0x20, 0x00, 0x00, 0x15, 0x9b, 0x18
    .byte 0x70, 0x14, 0xea, 0xfe, 0x21, 0x02, 0x20, 0x00, 0x00, 0x2c, 0xff, 0xff, 0xff, 0xff, 0x2c, 0xff
    .byte 0xff, 0xff, 0xff, 0x2c, 0xff, 0xff, 0xff, 0xff, 0x15, 0x89, 0x20, 0x00, 0x00, 0x15, 0x07, 0x15
    .byte 0x08, 0x2c, 0x03, 0x00, 0x00, 0x00, 0x2c, 0xfe, 0xfe, 0x21, 0x02, 0x15, 0x29, 0x00, 0x2c, 0x1e
    .byte 0x00, 0x00, 0x00, 0x15, 0x07, 0x15, 0x08, 0x2c, 0x23, 0x00, 0x00, 0x00, 0x15, 0x45, 0x15, 0x8b
    .byte 0x18, 0x70, 0x32, 0x00, 0x00, 0x00, 0x00, 0x00, 0x13, 0x22, 0xff, 0x21, 0x02, 0x01, 0x0e, 0xff
    .byte 0x21, 0x02, 0x2c, 0x30, 0x02, 0x00, 0x00, 0x2c, 0x01, 0x00, 0x00, 0x00, 0x20, 0x00, 0x00, 0x20
    .byte 0x00, 0x00, 0x15, 0xb8, 0x15, 0x5a, 0x2c, 0x22, 0x00, 0x00, 0x00, 0x15, 0x05, 0x2c, 0x01, 0x00
    .byte 0x00, 0x00, 0x15, 0x06, 0x2c, 0x1b, 0x00, 0x00, 0x00, 0x15, 0x31, 0x18, 0x70, 0x17, 0x00, 0x2c
    .byte 0x57, 0xff, 0x21, 0x02, 0x15, 0x39, 0x00, 0x2c, 0x30, 0x00, 0x00, 0x00, 0x15, 0x07, 0x15, 0x08
    .byte 0x2c, 0xd4, 0x09, 0x00, 0x00, 0x15, 0x37, 0x18, 0x70, 0x14, 0x73, 0xff, 0x21, 0x02, 0x01, 0x60
    .byte 0xff, 0x21, 0x02, 0x2c, 0x00, 0x04, 0x00, 0x00, 0x15, 0x37, 0x18, 0x70, 0x14, 0x86, 0xff, 0x21
    .byte 0x02, 0x01, 0x73, 0xff, 0x21, 0x02, 0x2c, 0xee, 0x03, 0x00, 0x00, 0x15, 0x37, 0x18, 0x70, 0x14
    .byte 0x99, 0xff, 0x21, 0x02, 0x01, 0x86, 0xff, 0x21, 0x02, 0x2c, 0x02, 0x00, 0x00, 0x00, 0x15, 0x9b
    .byte 0x18, 0x70, 0x32, 0x00, 0x00, 0x00, 0x00, 0x00, 0x14, 0xb2, 0xff, 0x21, 0x02, 0x01, 0x99, 0xff
    .byte 0x21, 0x02, 0x20, 0x00, 0x00, 0x15, 0x9b, 0x18, 0x70, 0x14, 0xd2, 0xff, 0x21, 0x02, 0x20, 0x00
    .byte 0x00, 0x2c, 0xff, 0xff, 0xff, 0xff, 0x2c, 0xff, 0xff, 0xff, 0xff, 0x2c, 0xff, 0xff, 0xff, 0xff
    .byte 0x15, 0x89, 0x20, 0x00, 0x00, 0x15, 0x07, 0x15, 0x08, 0x2c, 0x03, 0x00, 0x00, 0x00, 0x2c, 0xe6
    .byte 0xff, 0x21, 0x02, 0x15, 0x29, 0x00, 0x2c, 0x1e, 0x00, 0x00, 0x00, 0x15, 0x07, 0x15, 0x08, 0x2c
    .byte 0x23, 0x00, 0x00, 0x00, 0x15, 0x45, 0x15, 0x8b, 0x18, 0x70, 0x32, 0x00, 0x00, 0x00, 0x00, 0x00
    .byte 0x13, 0x0a, 0x00, 0x22, 0x02, 0x01, 0xf6, 0xff, 0x21, 0x02, 0x2c, 0x31, 0x02, 0x00, 0x00, 0x2c
    .byte 0x01, 0x00, 0x00, 0x00, 0x20, 0x00, 0x00, 0x20, 0x00, 0x00, 0x15, 0xb8, 0x15, 0x5a, 0x2c, 0x22
    .byte 0x00, 0x00, 0x00, 0x15, 0x05, 0x2c, 0x01, 0x00, 0x00, 0x00, 0x15, 0x06, 0x2c, 0x1b, 0x00, 0x00
    .byte 0x00, 0x15, 0x31, 0x18, 0x70, 0x17, 0x00, 0x2c, 0x3f, 0x00, 0x22, 0x02, 0x15, 0x39, 0x00, 0x2c
    .byte 0x8c, 0x0a, 0x00, 0x00, 0x15, 0x07, 0x15, 0x08, 0x2c, 0xd4, 0x09, 0x00, 0x00, 0x15, 0x37, 0x18
    .byte 0x70, 0x14, 0x5b, 0x00, 0x22, 0x02, 0x01, 0x48, 0x00, 0x22, 0x02, 0x2c, 0x00, 0x04, 0x00, 0x00
    .byte 0x15, 0x37, 0x18, 0x70, 0x14, 0x6e, 0x00, 0x22, 0x02, 0x01, 0x5b, 0x00, 0x22, 0x02, 0x2c, 0xee
    .byte 0x03, 0x00, 0x00, 0x15, 0x37, 0x18, 0x70, 0x14, 0x81, 0x00, 0x22, 0x02, 0x01, 0x6e, 0x00, 0x22
    .byte 0x02, 0x2c, 0x02, 0x00, 0x00, 0x00, 0x15, 0x9b, 0x18, 0x70, 0x32, 0x00, 0x00, 0x00, 0x00, 0x00
    .byte 0x14, 0x9a, 0x00, 0x22, 0x02, 0x01, 0x81, 0x00, 0x22, 0x02, 0x20, 0x00, 0x00, 0x15, 0x9b, 0x18
    .byte 0x70, 0x14, 0xba, 0x00, 0x22, 0x02, 0x20, 0x00, 0x00, 0x2c, 0xff, 0xff, 0xff, 0xff, 0x2c, 0xff
    .byte 0xff, 0xff, 0xff, 0x2c, 0xff, 0xff, 0xff, 0xff, 0x15, 0x89, 0x20, 0x00, 0x00, 0x15, 0x07, 0x15
    .byte 0x08, 0x2c, 0x03, 0x00, 0x00, 0x00, 0x2c, 0xce, 0x00, 0x22, 0x02, 0x15, 0x29, 0x00, 0x2c, 0x1e
    .byte 0x00, 0x00, 0x00, 0x15, 0x07, 0x15, 0x08, 0x2c, 0x01, 0x00, 0x00, 0x00, 0x15, 0x45, 0x15, 0x8b
    .byte 0x18, 0x70, 0x32, 0x00, 0x00, 0x00, 0x00, 0x00, 0x13, 0xf2, 0x00, 0x22, 0x02, 0x01, 0xde, 0x00
    .byte 0x22, 0x02, 0x2c, 0x32, 0x02, 0x00, 0x00, 0x2c, 0x01, 0x00, 0x00, 0x00, 0x20, 0x00, 0x00, 0x20
    .byte 0x00, 0x00, 0x15, 0xb8, 0x15, 0x5a, 0x2c, 0x22, 0x00, 0x00, 0x00, 0x15, 0x05, 0x2c, 0x01, 0x00
    .byte 0x00, 0x00, 0x15, 0x06, 0x2c, 0x1b, 0x00, 0x00, 0x00, 0x15, 0x31, 0x18, 0x70, 0x17, 0x00, 0x2c
    .byte 0x27, 0x01, 0x22, 0x02, 0x15, 0x39, 0x00, 0x2c, 0x2c, 0x01, 0x00, 0x00, 0x15, 0x07, 0x15, 0x08
    .byte 0x2c, 0xd4, 0x09, 0x00, 0x00, 0x15, 0x37, 0x18, 0x70, 0x14, 0x43, 0x01, 0x22, 0x02, 0x01, 0x30
    .byte 0x01, 0x22, 0x02, 0x2c, 0x01, 0x00, 0x00, 0x00, 0x20, 0x00, 0x00, 0x15, 0x29, 0x20, 0x00, 0x00
    .byte 0x15, 0xd7, 0x2c, 0x01, 0x00, 0x00, 0x00, 0x15, 0x07, 0x15, 0x08, 0x20, 0x00, 0x00, 0x15, 0x18
    .byte 0x20, 0x00, 0x00, 0x15, 0x19, 0x21, 0xd0, 0x04, 0x22, 0x02, 0x15, 0x0d, 0x00, 0x2c, 0x1e, 0x00
    .byte 0x00, 0x00, 0x15, 0x07, 0x15, 0x08, 0x2c, 0x1b, 0x00, 0x00, 0x00, 0x15, 0x31, 0x18, 0x70, 0x26
    .byte 0x00, 0x58, 0x20, 0x00, 0x00, 0x2c, 0x90, 0xe1, 0x21, 0x02, 0x15, 0x39, 0x20, 0x00, 0x00, 0x15
    .byte 0x42, 0x18, 0x70, 0x32, 0x00, 0x00, 0x00, 0x00, 0x00, 0x14, 0xa3, 0x01, 0x22, 0x02, 0x01, 0x8c
    .byte 0x01, 0x22, 0x02, 0x2c, 0x23, 0x00, 0x00, 0x00, 0x15, 0x45, 0x15, 0x8b, 0x18, 0x70, 0x32, 0x00
    .byte 0x00, 0x00, 0x00, 0x00, 0x13, 0xbe, 0x01, 0x22, 0x02, 0x01, 0xaa, 0x01, 0x22, 0x02, 0x2c, 0x26
    .byte 0x02, 0x00, 0x00, 0x2c, 0x01, 0x00, 0x00, 0x00, 0x20, 0x00, 0x00, 0x20, 0x00, 0x00, 0x15, 0xb8
    .byte 0x15, 0x5a, 0x20, 0x00, 0x00, 0x2c, 0xff, 0xff, 0xff, 0xff, 0x2c, 0xff, 0xff, 0xff, 0xff, 0x15
    .byte 0xdd, 0x18, 0x70, 0x14, 0x9d, 0x02, 0x22, 0x02, 0x2c, 0x23, 0x00, 0x00, 0x00, 0x15, 0x45, 0x03
    .byte 0x00, 0xec, 0xff, 0xff, 0xff, 0x26, 0x00, 0xe1, 0x15, 0x8b, 0x18, 0x70, 0x32, 0x00, 0x00, 0x00
    .byte 0x00, 0x00, 0x13, 0x0c, 0x02, 0x22, 0x02, 0x01, 0xf8, 0x01, 0x22, 0x02, 0x2c, 0x28, 0x02, 0x00
    .byte 0x00, 0x2c, 0x01, 0x00, 0x00, 0x00, 0x20, 0x00, 0x00, 0x20, 0x00, 0x00, 0x2c, 0x01, 0x00, 0x00
    .byte 0x00, 0x15, 0xe7, 0x2c, 0x01, 0x00, 0x00, 0x00, 0x15, 0x07, 0x15, 0x08, 0x03, 0x00, 0x00, 0x00
    .byte 0x00, 0x00, 0x26, 0x00, 0xe1, 0x2c, 0xea, 0x03, 0x00, 0x00, 0x15, 0x37, 0x18, 0x70, 0x13, 0x9d
    .byte 0x02, 0x22, 0x02, 0x2c, 0x23, 0x00, 0x00, 0x00, 0x15, 0x45, 0x15, 0x8b, 0x18, 0x70, 0x32, 0x00
    .byte 0x00, 0x00, 0x00, 0x00, 0x13, 0x5e, 0x02, 0x22, 0x02, 0x01, 0x4a, 0x02, 0x22, 0x02, 0x2c, 0x2b
    .byte 0x02, 0x00, 0x00, 0x2c, 0x01, 0x00, 0x00, 0x00, 0x20, 0x00, 0x00, 0x20, 0x00, 0x00, 0x15, 0xb8
    .byte 0x15, 0x5a, 0x20, 0x00, 0x00, 0x15, 0x18, 0x20, 0x00, 0x00, 0x15, 0x19, 0x2c, 0x2a, 0x11, 0x00
    .byte 0x00, 0x2c, 0x2f, 0x11, 0x00, 0x00, 0x2c, 0x2c, 0x11, 0x00, 0x00, 0x2c, 0x02, 0x00, 0x00, 0x00
    .byte 0x20, 0x00, 0x00, 0x15, 0x73, 0x21, 0xd0, 0x04, 0x22, 0x02, 0x15, 0x0d, 0x00, 0x2c, 0x1e, 0x00
    .byte 0x00, 0x00, 0x15, 0x07, 0x15, 0x08, 0x2c, 0x23, 0x00, 0x00, 0x00, 0x15, 0x45, 0x15, 0x8b, 0x18
    .byte 0x70, 0x32, 0x00, 0x00, 0x00, 0x00, 0x00, 0x13, 0xc1, 0x02, 0x22, 0x02, 0x01, 0xad, 0x02, 0x22
    .byte 0x02, 0x2c, 0x27, 0x02, 0x00, 0x00, 0x2c, 0x01, 0x00, 0x00, 0x00, 0x20, 0x00, 0x00, 0x20, 0x00
    .byte 0x00, 0x15, 0xb8, 0x15, 0x5a, 0x2c, 0xba, 0x03, 0x00, 0x00, 0x15, 0x35, 0x2c, 0x7f, 0x03, 0x00
    .byte 0x00, 0x15, 0x37, 0x18, 0x70, 0x14, 0x06, 0x03, 0x22, 0x02, 0x2c, 0x80, 0x03, 0x00, 0x00, 0x15
    .byte 0x37, 0x18, 0x70, 0x14, 0x06, 0x03, 0x22, 0x02, 0x03, 0x00, 0x78, 0x1e, 0x00, 0x00, 0x36, 0x00
    .byte 0x00, 0x25, 0x39, 0x03, 0x22, 0x02, 0x2c, 0x7f, 0x03, 0x00, 0x00, 0x15, 0x37, 0x18, 0x70, 0x13
    .byte 0x22, 0x03, 0x22, 0x02, 0x2c, 0x80, 0x03, 0x00, 0x00, 0x15, 0x37, 0x18, 0x70, 0x14, 0x30, 0x03
    .byte 0x22, 0x02, 0x03, 0x00, 0x34, 0x21, 0x00, 0x00, 0x36, 0x00, 0x00, 0x25, 0x39, 0x03, 0x22, 0x02
    .byte 0x03, 0x00, 0x1c, 0x25, 0x00, 0x00, 0x36, 0x00, 0x00, 0x2c, 0x17, 0x00, 0x00, 0x00, 0x2c, 0x1e
    .byte 0x08, 0x00, 0x00, 0x15, 0x78, 0x2c, 0x01, 0x00, 0x00, 0x00, 0x15, 0x07, 0x15, 0x08, 0x29, 0x00
    .byte 0xdc, 0x32, 0x00, 0x03, 0x00, 0x00, 0x00, 0x14, 0x6a, 0x03, 0x22, 0x02, 0x03, 0x00, 0x00, 0x00
    .byte 0x00, 0x00, 0x26, 0x00, 0x1c, 0x25, 0x9d, 0x03, 0x22, 0x02, 0x29, 0x00, 0xdc, 0x32, 0x00, 0x04
    .byte 0x00, 0x00, 0x00, 0x14, 0x86, 0x03, 0x22, 0x02, 0x03, 0x00, 0x05, 0x00, 0x00, 0x00, 0x26, 0x00
    .byte 0x1c, 0x25, 0x9d, 0x03, 0x22, 0x02, 0x29, 0x00, 0xdc, 0x32, 0x00, 0x05, 0x00, 0x00, 0x00, 0x14
    .byte 0x9d, 0x03, 0x22, 0x02, 0x03, 0x00, 0x0a, 0x00, 0x00, 0x00, 0x26, 0x00, 0x1c, 0x2c, 0x8a, 0x03
    .byte 0x00, 0x00, 0x15, 0x37, 0x18, 0x70, 0x14, 0x15, 0x04, 0x22, 0x02, 0x2c, 0x3f, 0x03, 0x00, 0x00
    .byte 0x15, 0x35, 0x2c, 0x09, 0x00, 0x00, 0x00, 0x2c, 0x5a, 0x02, 0x00, 0x00, 0x2c, 0xff, 0xff, 0xff
    .byte 0xff, 0x15, 0xdd, 0x18, 0x70, 0x17, 0x00, 0x15, 0x35, 0x03, 0x00, 0x5a, 0x02, 0x00, 0x00, 0x26
    .byte 0x00, 0x15, 0x2c, 0xf8, 0x03, 0x00, 0x00, 0x15, 0x35, 0x15, 0x1f, 0x18, 0x70, 0x26, 0x00, 0x69
    .byte 0x15, 0x20, 0x18, 0x70, 0x26, 0x00, 0x6a, 0x15, 0x27, 0x18, 0x70, 0x26, 0x00, 0x6b, 0x2c, 0x1b
    .byte 0x00, 0x00, 0x00, 0x15, 0x31, 0x18, 0x70, 0x26, 0x00, 0xbe, 0x2c, 0x45, 0x00, 0x00, 0x00, 0x2c
    .byte 0x00, 0x01, 0x00, 0x00, 0x2c, 0x00, 0x01, 0x00, 0x00, 0x20, 0x00, 0x00, 0x15, 0x4a, 0x15, 0x0d
    .byte 0x25, 0xce, 0x04, 0x22, 0x02, 0x2c, 0x01, 0x00, 0x00, 0x00, 0x2c, 0x03, 0x00, 0x00, 0x00, 0x15
    .byte 0x4b, 0x2c, 0x01, 0x00, 0x00, 0x00, 0x15, 0x4c, 0x18, 0x70, 0x32, 0x00, 0x00, 0x00, 0x00, 0x00
    .byte 0x13, 0x3a, 0x04, 0x22, 0x02, 0x01, 0x21, 0x04, 0x22, 0x02, 0x2c, 0x23, 0x00, 0x00, 0x00, 0x15
    .byte 0x45, 0x29, 0x00, 0xdc, 0x32, 0x00, 0x00, 0x00, 0x00, 0x00, 0x14, 0x7c, 0x04, 0x22, 0x02, 0x15
    .byte 0x8b, 0x18, 0x70, 0x32, 0x00, 0x00, 0x00, 0x00, 0x00, 0x13, 0x63, 0x04, 0x22, 0x02, 0x01, 0x4f
    .byte 0x04, 0x22, 0x02, 0x2c, 0x2b, 0x02, 0x00, 0x00, 0x2c, 0x01, 0x00, 0x00, 0x00, 0x20, 0x00, 0x00
    .byte 0x20, 0x00, 0x00, 0x15, 0xb8, 0x15, 0x5a, 0x25, 0xa4, 0x04, 0x22, 0x02, 0x15, 0x8b, 0x18, 0x70
    .byte 0x32, 0x00, 0x00, 0x00, 0x00, 0x00, 0x13, 0x90, 0x04, 0x22, 0x02, 0x01, 0x7c, 0x04, 0x22, 0x02
    .byte 0x2c, 0x29, 0x02, 0x00, 0x00, 0x2c, 0x01, 0x00, 0x00, 0x00, 0x20, 0x00, 0x00, 0x20, 0x00, 0x00
    .byte 0x15, 0xb8, 0x15, 0x5a, 0x20, 0x00, 0x00, 0x15, 0x18, 0x20, 0x00, 0x00, 0x15, 0x19, 0x2c, 0x2a
    .byte 0x11, 0x00, 0x00, 0x2c, 0x2f, 0x11, 0x00, 0x00, 0x2c, 0x2c, 0x11, 0x00, 0x00, 0x2c, 0x02, 0x00
    .byte 0x00, 0x00, 0x20, 0x00, 0x00, 0x15, 0x73, 0x21, 0xd0, 0x04, 0x22, 0x02, 0x15, 0x0d, 0x00, 0x00
    .byte 0x2c, 0x01, 0x00, 0x00, 0x00, 0x15, 0x2b, 0x2c, 0x1a, 0x03, 0x00, 0x00, 0x2c, 0x20, 0x03, 0x00
    .byte 0x00, 0x20, 0x00, 0x00, 0x2c, 0x00, 0x20, 0x00, 0x00, 0x2c, 0x05, 0x00, 0x00, 0x00, 0x20, 0x00
    .byte 0x00, 0x15, 0x1a, 0x2c, 0x01, 0x00, 0x00, 0x00, 0x15, 0x07, 0x15, 0x08, 0x15, 0x22, 0x18, 0x70
    .byte 0x13, 0x0c, 0x05, 0x22, 0x02, 0x15, 0x28, 0x25, 0x26, 0x05, 0x22, 0x02, 0x2c, 0x06, 0x00, 0x00
    .byte 0x00, 0x15, 0x31, 0x18, 0x70, 0x13, 0x21, 0x05, 0x22, 0x02, 0x15, 0x28, 0x25, 0x26, 0x05, 0x22
    .byte 0x02, 0x25, 0xf3, 0x04, 0x22, 0x02, 0x22, 0x2c, 0xdd, 0x01, 0x00, 0x00, 0x2c, 0x95, 0x00, 0x00
    .byte 0x00, 0x20, 0x00, 0x00, 0x15, 0x02, 0x03, 0x00, 0x01, 0x00, 0x00, 0x00, 0x32, 0x00, 0x00, 0x00
    .byte 0x00, 0x00, 0x14, 0x55, 0x05, 0x22, 0x02, 0x03, 0x00, 0x5a, 0x02, 0x00, 0x00, 0x28, 0x00, 0x00
    .byte 0x25, 0x7d, 0x05, 0x22, 0x02, 0x03, 0x00, 0x01, 0x00, 0x00, 0x00, 0x32, 0x00, 0x01, 0x00, 0x00
    .byte 0x00, 0x14, 0x74, 0x05, 0x22, 0x02, 0x03, 0x00, 0x58, 0x02, 0x00, 0x00, 0x28, 0x00, 0x00, 0x25
    .byte 0x7d, 0x05, 0x22, 0x02, 0x03, 0x00, 0x59, 0x02, 0x00, 0x00, 0x28, 0x00, 0x00, 0x29, 0x00, 0x15
    .byte 0x2b, 0x01, 0x00, 0x1c, 0x10, 0x14, 0x21, 0x06, 0x22, 0x02, 0x29, 0x00, 0xfd, 0x32, 0x00, 0x45
    .byte 0x00, 0x00, 0x00, 0x14, 0x21, 0x06, 0x22, 0x02, 0x2c, 0x00, 0x04, 0x00, 0x00, 0x15, 0x37, 0x18
    .byte 0x70, 0x14, 0xab, 0x05, 0x22, 0x02, 0x01, 0x98, 0x05, 0x22, 0x02, 0x2c, 0xee, 0x03, 0x00, 0x00
    .byte 0x15, 0x37, 0x18, 0x70, 0x14, 0xbe, 0x05, 0x22, 0x02, 0x01, 0xab, 0x05, 0x22, 0x02, 0x2c, 0x02
    .byte 0x00, 0x00, 0x00, 0x15, 0x9b, 0x18, 0x70, 0x32, 0x00, 0x00, 0x00, 0x00, 0x00, 0x14, 0xd7, 0x05
    .byte 0x22, 0x02, 0x01, 0xbe, 0x05, 0x22, 0x02, 0x20, 0x00, 0x00, 0x15, 0x9b, 0x18, 0x70, 0x14, 0xf7
    .byte 0x05, 0x22, 0x02, 0x20, 0x00, 0x00, 0x2c, 0xff, 0xff, 0xff, 0xff, 0x2c, 0xff, 0xff, 0xff, 0xff
    .byte 0x2c, 0xff, 0xff, 0xff, 0xff, 0x15, 0x89, 0x20, 0x00, 0x00, 0x15, 0x07, 0x15, 0x08, 0x29, 0x00
    .byte 0xbe, 0x2c, 0x1b, 0x00, 0x00, 0x00, 0x15, 0x31, 0x18, 0x71, 0x1f, 0x10, 0x14, 0x14, 0x06, 0x22
    .byte 0x02, 0x15, 0x0d, 0x00, 0x2c, 0x03, 0x00, 0x00, 0x00, 0x2c, 0x36, 0xf8, 0x21, 0x02, 0x15, 0x29
    .byte 0x00, 0x29, 0x00, 0xfe, 0x32, 0x00, 0x30, 0x00, 0x00, 0x00, 0x14, 0x45, 0x06, 0x22, 0x02, 0x2c
    .byte 0x02, 0x00, 0x00, 0x00, 0x2c, 0x77, 0x00, 0x00, 0x00, 0x15, 0xef, 0x18, 0x70, 0x14, 0x45, 0x06
    .byte 0x22, 0x02, 0x15, 0x0d, 0x00, 0x29, 0x00, 0xfe, 0x32, 0x00, 0x31, 0x00, 0x00, 0x00, 0x14, 0x69
    .byte 0x06, 0x22, 0x02, 0x2c, 0x02, 0x00, 0x00, 0x00, 0x2c, 0x77, 0x00, 0x00, 0x00, 0x15, 0xef, 0x18
    .byte 0x70, 0x14, 0x69, 0x06, 0x22, 0x02, 0x15, 0x0d, 0x00, 0x29, 0x00, 0xfe, 0x32, 0x00, 0x32, 0x00
    .byte 0x00, 0x00, 0x14, 0x8d, 0x06, 0x22, 0x02, 0x2c, 0x02, 0x00, 0x00, 0x00, 0x2c, 0x77, 0x00, 0x00
    .byte 0x00, 0x15, 0xef, 0x18, 0x70, 0x14, 0x8d, 0x06, 0x22, 0x02, 0x15, 0x0d, 0x00, 0x29, 0x00, 0xfe
    .byte 0x32, 0x00, 0x33, 0x00, 0x00, 0x00, 0x14, 0xb1, 0x06, 0x22, 0x02, 0x2c, 0x02, 0x00, 0x00, 0x00
    .byte 0x2c, 0x77, 0x00, 0x00, 0x00, 0x15, 0xef, 0x18, 0x70, 0x14, 0xb1, 0x06, 0x22, 0x02, 0x15, 0x0d
    .byte 0x00, 0x29, 0x00, 0xfe, 0x32, 0x00, 0x34, 0x00, 0x00, 0x00, 0x14, 0xd5, 0x06, 0x22, 0x02, 0x2c
    .byte 0x02, 0x00, 0x00, 0x00, 0x2c, 0x77, 0x00, 0x00, 0x00, 0x15, 0xef, 0x18, 0x70, 0x14, 0xd5, 0x06
    .byte 0x22, 0x02, 0x15, 0x0d, 0x00, 0x29, 0x00, 0xfe, 0x32, 0x00, 0x35, 0x00, 0x00, 0x00, 0x14, 0xf9
    .byte 0x06, 0x22, 0x02, 0x2c, 0x02, 0x00, 0x00, 0x00, 0x2c, 0x77, 0x00, 0x00, 0x00, 0x15, 0xef, 0x18
    .byte 0x70, 0x14, 0xf9, 0x06, 0x22, 0x02, 0x15, 0x0d, 0x00, 0x29, 0x00, 0xfe, 0x32, 0x00, 0x2b, 0x00
    .byte 0x00, 0x00, 0x14, 0x1e, 0x07, 0x22, 0x02, 0x2c, 0x60, 0x01, 0x00, 0x00, 0x15, 0x37, 0x18, 0x70
    .byte 0x32, 0x00, 0x00, 0x00, 0x00, 0x00, 0x14, 0x1e, 0x07, 0x22, 0x02, 0x15, 0x0d, 0x00, 0x20, 0x00
    .byte 0x00, 0x15, 0x94, 0x18, 0x70, 0x14, 0x2d, 0x07, 0x22, 0x02, 0x15, 0x0d, 0x00, 0x20, 0x00, 0x00
    .byte 0x2c, 0xff, 0xff, 0xff, 0xff, 0x2c, 0xff, 0xff, 0xff, 0xff, 0x15, 0xdd, 0x18, 0x70, 0x14, 0xa0
    .byte 0x07, 0x22, 0x02, 0x2c, 0x01, 0x00, 0x00, 0x00, 0x2c, 0xff, 0xff, 0xff, 0xff, 0x2c, 0xff, 0xff
    .byte 0xff, 0xff, 0x15, 0xdd, 0x18, 0x70, 0x32, 0x00, 0x58, 0x02, 0x00, 0x00, 0x13, 0x9d, 0x07, 0x22
    .byte 0x02, 0x2c, 0x01, 0x00, 0x00, 0x00, 0x2c, 0xff, 0xff, 0xff, 0xff, 0x2c, 0xff, 0xff, 0xff, 0xff
    .byte 0x15, 0xdd, 0x18, 0x70, 0x32, 0x00, 0x59, 0x02, 0x00, 0x00, 0x13, 0x9d, 0x07, 0x22, 0x02, 0x2c
    .byte 0x01, 0x00, 0x00, 0x00, 0x2c, 0xff, 0xff, 0xff, 0xff, 0x2c, 0xff, 0xff, 0xff, 0xff, 0x15, 0xdd
    .byte 0x18, 0x70, 0x32, 0x00, 0x5a, 0x02, 0x00, 0x00, 0x14, 0xa0, 0x07, 0x22, 0x02, 0x15, 0x0d, 0x00
    .byte 0x03, 0x00, 0x00, 0x00, 0x00, 0x00, 0x28, 0x00, 0x00, 0x29, 0x00, 0x06, 0x29, 0x01, 0xfe, 0x1c
    .byte 0x10, 0x14, 0xc2, 0x07, 0x22, 0x02, 0x2b, 0x00, 0x00, 0x05, 0x00, 0x01, 0x00, 0x00, 0x00, 0x28
    .byte 0x00, 0x00, 0x29, 0x00, 0x07, 0x32, 0x00, 0x01, 0x00, 0x00, 0x00, 0x14, 0xdc, 0x07, 0x22, 0x02
    .byte 0x2b, 0x00, 0x00, 0x05, 0x00, 0x01, 0x00, 0x00, 0x00, 0x28, 0x00, 0x00, 0x03, 0x00, 0x40, 0x00
    .byte 0x00, 0x00, 0x32, 0x00, 0x00, 0x10, 0x00, 0x00, 0x14, 0xfe, 0x07, 0x22, 0x02, 0x2b, 0x00, 0x00
    .byte 0x05, 0x00, 0x01, 0x00, 0x00, 0x00, 0x28, 0x00, 0x00, 0x25, 0x86, 0x08, 0x22, 0x02, 0x03, 0x00
    .byte 0x40, 0x00, 0x00, 0x00, 0x32, 0x00, 0x00, 0x00, 0x00, 0x00, 0x14, 0x3c, 0x08, 0x22, 0x02, 0x29
    .byte 0x00, 0xfd, 0x31, 0x00, 0x8c, 0x00, 0x00, 0x00, 0x14, 0x37, 0x08, 0x22, 0x02, 0x29, 0x00, 0xfd
    .byte 0x33, 0x00, 0x96, 0x00, 0x00, 0x00, 0x14, 0x37, 0x08, 0x22, 0x02, 0x2b, 0x00, 0x00, 0x05, 0x00
    .byte 0x01, 0x00, 0x00, 0x00, 0x28, 0x00, 0x00, 0x25, 0x86, 0x08, 0x22, 0x02, 0x29, 0x00, 0xfd, 0x32
    .byte 0x00, 0x40, 0x00, 0x00, 0x00, 0x14, 0x5b, 0x08, 0x22, 0x02, 0x2b, 0x00, 0x00, 0x05, 0x00, 0x01
    .byte 0x00, 0x00, 0x00, 0x28, 0x00, 0x00, 0x25, 0x86, 0x08, 0x22, 0x02, 0x03, 0x00, 0x40, 0x00, 0x00
    .byte 0x00, 0x34, 0x00, 0x00, 0x00, 0x00, 0x00, 0x14, 0x86, 0x08, 0x22, 0x02, 0x29, 0x00, 0xfd, 0x35
    .byte 0x00, 0xc0, 0xff, 0xff, 0xff, 0x14, 0x86, 0x08, 0x22, 0x02, 0x2b, 0x00, 0x00, 0x05, 0x00, 0x01
    .byte 0x00, 0x00, 0x00, 0x28, 0x00, 0x00, 0x2b, 0x00, 0x00, 0x34, 0x00, 0x03, 0x00, 0x00, 0x00, 0x14
    .byte 0x97, 0x08, 0x22, 0x02, 0x15, 0x0d, 0x00, 0x2c, 0x01, 0x00, 0x00, 0x00, 0x15, 0x09, 0x20, 0x00
    .byte 0x00, 0x2c, 0x18, 0x00, 0x00, 0x00, 0x15, 0x32, 0x2c, 0x01, 0x00, 0x00, 0x00, 0x2c, 0x10, 0x00
    .byte 0x00, 0x00, 0x15, 0x32, 0x2c, 0x01, 0x00, 0x00, 0x00, 0x2c, 0xec, 0xff, 0xff, 0xff, 0x2c, 0xf0
    .byte 0xff, 0xff, 0xff, 0x2c, 0x14, 0x00, 0x00, 0x00, 0x2c, 0x10, 0x00, 0x00, 0x00, 0x15, 0xd8, 0x2c
    .byte 0x36, 0x11, 0x00, 0x00, 0x2c, 0x37, 0x11, 0x00, 0x00, 0x2c, 0x38, 0x11, 0x00, 0x00, 0x2c, 0x02
    .byte 0x00, 0x00, 0x00, 0x2c, 0x12, 0x00, 0x00, 0x00, 0x15, 0x73, 0x2c, 0x01, 0x00, 0x00, 0x00, 0x15
    .byte 0x06, 0x03, 0x00, 0xff, 0xff, 0xff, 0xff, 0x26, 0x00, 0x06, 0x2c, 0x02, 0x00, 0x00, 0x00, 0x2c
    .byte 0x1e, 0x09, 0x22, 0x02, 0x15, 0x29, 0x2c, 0x01, 0x00, 0x00, 0x00, 0x2c, 0x1e, 0x09, 0x22, 0x02
    .byte 0x15, 0x29, 0x2c, 0x01, 0x00, 0x00, 0x00, 0x15, 0xd7, 0x01, 0x1b, 0x0d, 0x22, 0x02, 0x15, 0x28
    .byte 0x2c, 0x02, 0x00, 0x00, 0x00, 0x20, 0x00, 0x00, 0x15, 0x29, 0x2c, 0x01, 0x00, 0x00, 0x00, 0x20
    .byte 0x00, 0x00, 0x15, 0x29, 0x20, 0x00, 0x00, 0x15, 0xd7, 0x2c, 0x1b, 0x00, 0x00, 0x00, 0x15, 0x31
    .byte 0x18, 0x70, 0x26, 0x00, 0x58, 0x20, 0x00, 0x00, 0x2c, 0x90, 0xe1, 0x21, 0x02, 0x15, 0x39, 0x20
    .byte 0x00, 0x00, 0x15, 0x42, 0x18, 0x70, 0x32, 0x00, 0x00, 0x00, 0x00, 0x00, 0x14, 0x66, 0x09, 0x22
    .byte 0x02, 0x01, 0x4f, 0x09, 0x22, 0x02, 0x2c, 0x3b, 0x11, 0x00, 0x00, 0x2c, 0x37, 0x11, 0x00, 0x00
    .byte 0x2c, 0x3c, 0x11, 0x00, 0x00, 0x2c, 0x02, 0x00, 0x00, 0x00, 0x15, 0x1f, 0x18, 0x70, 0x17, 0x00
    .byte 0x15, 0x20, 0x18, 0x70, 0x17, 0x00, 0x15, 0x1e, 0x18, 0x70, 0x17, 0x00, 0x15, 0x73, 0x15, 0x1f
    .byte 0x18, 0x70, 0x17, 0x00, 0x15, 0x20, 0x18, 0x70, 0x17, 0x00, 0x15, 0x1e, 0x18, 0x70, 0x17, 0x00
    .byte 0x15, 0x45, 0x15, 0x8b, 0x18, 0x70, 0x32, 0x00, 0x00, 0x00, 0x00, 0x00, 0x13, 0xb6, 0x09, 0x22
    .byte 0x02, 0x01, 0xa2, 0x09, 0x22, 0x02, 0x2c, 0x44, 0x02, 0x00, 0x00, 0x2c, 0x01, 0x00, 0x00, 0x00
    .byte 0x20, 0x00, 0x00, 0x20, 0x00, 0x00, 0x15, 0xb8, 0x15, 0x5a, 0x20, 0x00, 0x00, 0x2c, 0xff, 0xff
    .byte 0xff, 0xff, 0x2c, 0xff, 0xff, 0xff, 0xff, 0x15, 0xdd, 0x18, 0x70, 0x14, 0x97, 0x0a, 0x22, 0x02
    .byte 0x15, 0x1f, 0x18, 0x70, 0x17, 0x00, 0x15, 0x20, 0x18, 0x70, 0x17, 0x00, 0x15, 0x1e, 0x18, 0x70
    .byte 0x17, 0x00, 0x15, 0x45, 0x03, 0x00, 0xec, 0xff, 0xff, 0xff, 0x26, 0x00, 0xe1, 0x15, 0x8b, 0x18
    .byte 0x70, 0x32, 0x00, 0x00, 0x00, 0x00, 0x00, 0x13, 0x11, 0x0a, 0x22, 0x02, 0x01, 0xfd, 0x09, 0x22
    .byte 0x02, 0x2c, 0x45, 0x02, 0x00, 0x00, 0x2c, 0x01, 0x00, 0x00, 0x00, 0x20, 0x00, 0x00, 0x20, 0x00
    .byte 0x00, 0x2c, 0x01, 0x00, 0x00, 0x00, 0x15, 0xe7, 0x2c, 0x01, 0x00, 0x00, 0x00, 0x15, 0x07, 0x15
    .byte 0x08, 0x03, 0x00, 0x00, 0x00, 0x00, 0x00, 0x26, 0x00, 0xe1, 0x2c, 0xea, 0x03, 0x00, 0x00, 0x15
    .byte 0x37, 0x18, 0x70, 0x13, 0x97, 0x0a, 0x22, 0x02, 0x15, 0x1f, 0x18, 0x70, 0x17, 0x00, 0x15, 0x20
    .byte 0x18, 0x70, 0x17, 0x00, 0x15, 0x1e, 0x18, 0x70, 0x17, 0x00, 0x15, 0x45, 0x15, 0x8b, 0x18, 0x70
    .byte 0x32, 0x00, 0x00, 0x00, 0x00, 0x00, 0x13, 0x70, 0x0a, 0x22, 0x02, 0x01, 0x5c, 0x0a, 0x22, 0x02
    .byte 0x2c, 0x48, 0x02, 0x00, 0x00, 0x2c, 0x01, 0x00, 0x00, 0x00, 0x20, 0x00, 0x00, 0x20, 0x00, 0x00
    .byte 0x15, 0xb8, 0x15, 0x5a, 0x2c, 0x1b, 0x00, 0x00, 0x00, 0x15, 0x31, 0x18, 0x70, 0x17, 0x00, 0x2c
    .byte 0x32, 0x0c, 0x22, 0x02, 0x15, 0x39, 0x00, 0x2c, 0x1e, 0x00, 0x00, 0x00, 0x15, 0x07, 0x15, 0x08
    .byte 0x2c, 0xba, 0x03, 0x00, 0x00, 0x15, 0x35, 0x2c, 0x17, 0x00, 0x00, 0x00, 0x2c, 0x1f, 0x08, 0x00
    .byte 0x00, 0x15, 0x78, 0x2c, 0x01, 0x00, 0x00, 0x00, 0x15, 0x07, 0x15, 0x08, 0x29, 0x00, 0xdc, 0x32
    .byte 0x00, 0x03, 0x00, 0x00, 0x00, 0x14, 0xd8, 0x0a, 0x22, 0x02, 0x03, 0x00, 0x00, 0x00, 0x00, 0x00
    .byte 0x26, 0x00, 0x1c, 0x25, 0x0b, 0x0b, 0x22, 0x02, 0x29, 0x00, 0xdc, 0x32, 0x00, 0x04, 0x00, 0x00
    .byte 0x00, 0x14, 0xf4, 0x0a, 0x22, 0x02, 0x03, 0x00, 0x05, 0x00, 0x00, 0x00, 0x26, 0x00, 0x1c, 0x25
    .byte 0x0b, 0x0b, 0x22, 0x02, 0x29, 0x00, 0xdc, 0x32, 0x00, 0x05, 0x00, 0x00, 0x00, 0x14, 0x0b, 0x0b
    .byte 0x22, 0x02, 0x03, 0x00, 0x0a, 0x00, 0x00, 0x00, 0x26, 0x00, 0x1c, 0x2c, 0x8a, 0x03, 0x00, 0x00
    .byte 0x15, 0x37, 0x18, 0x70, 0x14, 0x83, 0x0b, 0x22, 0x02, 0x2c, 0x3d, 0x03, 0x00, 0x00, 0x15, 0x35
    .byte 0x2c, 0x09, 0x00, 0x00, 0x00, 0x2c, 0x58, 0x02, 0x00, 0x00, 0x2c, 0xff, 0xff, 0xff, 0xff, 0x15
    .byte 0xdd, 0x18, 0x70, 0x17, 0x00, 0x15, 0x35, 0x03, 0x00, 0x58, 0x02, 0x00, 0x00, 0x26, 0x00, 0x15
    .byte 0x2c, 0xf8, 0x03, 0x00, 0x00, 0x15, 0x35, 0x15, 0x1f, 0x18, 0x70, 0x26, 0x00, 0x69, 0x15, 0x20
    .byte 0x18, 0x70, 0x26, 0x00, 0x6a, 0x15, 0x27, 0x18, 0x70, 0x26, 0x00, 0x6b, 0x2c, 0x1b, 0x00, 0x00
    .byte 0x00, 0x15, 0x31, 0x18, 0x70, 0x26, 0x00, 0xbe, 0x2c, 0x45, 0x00, 0x00, 0x00, 0x2c, 0x00, 0x01
    .byte 0x00, 0x00, 0x2c, 0x00, 0x01, 0x00, 0x00, 0x20, 0x00, 0x00, 0x15, 0x4a, 0x15, 0x0d, 0x25, 0x31
    .byte 0x0c, 0x22, 0x02, 0x2c, 0x01, 0x00, 0x00, 0x00, 0x2c, 0x03, 0x00, 0x00, 0x00, 0x15, 0x4b, 0x2c
    .byte 0x01, 0x00, 0x00, 0x00, 0x15, 0x4c, 0x18, 0x70, 0x32, 0x00, 0x00, 0x00, 0x00, 0x00, 0x13, 0xa8
    .byte 0x0b, 0x22, 0x02, 0x01, 0x8f, 0x0b, 0x22, 0x02, 0x15, 0x1f, 0x18, 0x70, 0x17, 0x00, 0x15, 0x20
    .byte 0x18, 0x70, 0x17, 0x00, 0x15, 0x1e, 0x18, 0x70, 0x17, 0x00, 0x15, 0x45, 0x29, 0x00, 0xdc, 0x32
    .byte 0x00, 0x00, 0x00, 0x00, 0x00, 0x14, 0xf7, 0x0b, 0x22, 0x02, 0x15, 0x8b, 0x18, 0x70, 0x32, 0x00
    .byte 0x00, 0x00, 0x00, 0x00, 0x13, 0xde, 0x0b, 0x22, 0x02, 0x01, 0xca, 0x0b, 0x22, 0x02, 0x2c, 0x48
    .byte 0x02, 0x00, 0x00, 0x2c, 0x01, 0x00, 0x00, 0x00, 0x20, 0x00, 0x00, 0x20, 0x00, 0x00, 0x15, 0xb8
    .byte 0x15, 0x5a, 0x25, 0x1f, 0x0c, 0x22, 0x02, 0x15, 0x8b, 0x18, 0x70, 0x32, 0x00, 0x00, 0x00, 0x00
    .byte 0x00, 0x13, 0x0b, 0x0c, 0x22, 0x02, 0x01, 0xf7, 0x0b, 0x22, 0x02, 0x2c, 0x46, 0x02, 0x00, 0x00
    .byte 0x2c, 0x01, 0x00, 0x00, 0x00, 0x20, 0x00, 0x00, 0x20, 0x00, 0x00, 0x15, 0xb8, 0x15, 0x5a, 0x2c
    .byte 0x1b, 0x00, 0x00, 0x00, 0x15, 0x31, 0x18, 0x70, 0x17, 0x00, 0x2c, 0x32, 0x0c, 0x22, 0x02, 0x15
    .byte 0x39, 0x00, 0x2c, 0x01, 0x00, 0x00, 0x00, 0x2c, 0xa0, 0x0c, 0x22, 0x02, 0x15, 0x29, 0x2c, 0x01
    .byte 0x00, 0x00, 0x00, 0x15, 0xd7, 0x20, 0x00, 0x00, 0x15, 0x18, 0x20, 0x00, 0x00, 0x15, 0x19, 0x2c
    .byte 0x3d, 0x11, 0x00, 0x00, 0x2c, 0x37, 0x11, 0x00, 0x00, 0x2c, 0x3e, 0x11, 0x00, 0x00, 0x2c, 0x02
    .byte 0x00, 0x00, 0x00, 0x20, 0x00, 0x00, 0x15, 0x73, 0x2c, 0x01, 0x00, 0x00, 0x00, 0x2c, 0xe0, 0xff
    .byte 0xff, 0xff, 0x2c, 0xf8, 0xff, 0xff, 0xff, 0x2c, 0x20, 0x00, 0x00, 0x00, 0x2c, 0x08, 0x00, 0x00
    .byte 0x00, 0x15, 0xd8, 0x2c, 0x01, 0x00, 0x00, 0x00, 0x15, 0x06, 0x2c, 0x06, 0x00, 0x00, 0x00, 0x15
    .byte 0x31, 0x18, 0x70, 0x14, 0x9d, 0x0c, 0x22, 0x02, 0x01, 0x8a, 0x0c, 0x22, 0x02, 0x15, 0x0d, 0x00
    .byte 0x2c, 0x1b, 0x00, 0x00, 0x00, 0x15, 0x31, 0x18, 0x70, 0x26, 0x00, 0x58, 0x20, 0x00, 0x00, 0x2c
    .byte 0x90, 0xe1, 0x21, 0x02, 0x15, 0x39, 0x20, 0x00, 0x00, 0x15, 0x42, 0x18, 0x70, 0x32, 0x00, 0x00
    .byte 0x00, 0x00, 0x00, 0x14, 0xcd, 0x0c, 0x22, 0x02, 0x01, 0xb6, 0x0c, 0x22, 0x02, 0x2c, 0x01, 0x00
    .byte 0x00, 0x00, 0x15, 0x45, 0x15, 0x8b, 0x18, 0x70, 0x32, 0x00, 0x00, 0x00, 0x00, 0x00, 0x13, 0xe8
    .byte 0x0c, 0x22, 0x02, 0x01, 0xd4, 0x0c, 0x22, 0x02, 0x2c, 0x49, 0x02, 0x00, 0x00, 0x2c, 0x01, 0x00
    .byte 0x00, 0x00, 0x20, 0x00, 0x00, 0x20, 0x00, 0x00, 0x15, 0xb8, 0x15, 0x5a, 0x20, 0x00, 0x00, 0x15
    .byte 0x05, 0x2c, 0x01, 0x00, 0x00, 0x00, 0x15, 0x06, 0x2c, 0x1b, 0x00, 0x00, 0x00, 0x15, 0x31, 0x18
    .byte 0x70, 0x17, 0x00, 0x2c, 0x8a, 0x0c, 0x22, 0x02, 0x15, 0x39, 0x00, 0x2c, 0xca, 0x08, 0x00, 0x00
    .byte 0x15, 0x07, 0x15, 0x08, 0x2c, 0x01, 0x00, 0x00, 0x00, 0x15, 0x2b, 0x2c, 0x4a, 0x03, 0x00, 0x00
    .byte 0x2c, 0xbb, 0x00, 0x00, 0x00, 0x20, 0x00, 0x00, 0x2c, 0x00, 0x14, 0x00, 0x00, 0x2c, 0x05, 0x00
    .byte 0x00, 0x00, 0x20, 0x00, 0x00, 0x15, 0x1a, 0x15, 0x22, 0x18, 0x70, 0x14, 0x74, 0x0d, 0x22, 0x02
    .byte 0x2c, 0xee, 0x03, 0x00, 0x00, 0x15, 0x37, 0x18, 0x70, 0x14, 0x6a, 0x0d, 0x22, 0x02, 0x2c, 0x01
    .byte 0x00, 0x00, 0x00, 0x15, 0x7d, 0x25, 0x6f, 0x0d, 0x22, 0x02, 0x20, 0x00, 0x00, 0x15, 0x7d, 0x01
    .byte 0x47, 0x0d, 0x22, 0x02, 0x15, 0x28, 0x2c, 0x01, 0x00, 0x00, 0x00, 0x15, 0x2b, 0x2c, 0x81, 0x03
    .byte 0x00, 0x00, 0x2c, 0x40, 0x01, 0x00, 0x00, 0x20, 0x00, 0x00, 0x2c, 0x00, 0x14, 0x00, 0x00, 0x2c
    .byte 0x05, 0x00, 0x00, 0x00, 0x20, 0x00, 0x00, 0x15, 0x1a, 0x15, 0x22, 0x18, 0x70, 0x14, 0xc6, 0x0d
    .byte 0x22, 0x02, 0x2c, 0xee, 0x03, 0x00, 0x00, 0x15, 0x37, 0x18, 0x70, 0x14, 0xbc, 0x0d, 0x22, 0x02
    .byte 0x2c, 0x01, 0x00, 0x00, 0x00, 0x15, 0x7d, 0x25, 0xc1, 0x0d, 0x22, 0x02, 0x20, 0x00, 0x00, 0x15
    .byte 0x7d, 0x01, 0x99, 0x0d, 0x22, 0x02, 0x15, 0x28, 0x2c, 0x01, 0x00, 0x00, 0x00, 0x15, 0x2b, 0x2c
    .byte 0x60, 0x03, 0x00, 0x00, 0x2c, 0x3f, 0x02, 0x00, 0x00, 0x20, 0x00, 0x00, 0x2c, 0x00, 0x14, 0x00
    .byte 0x00, 0x2c, 0x05, 0x00, 0x00, 0x00, 0x20, 0x00, 0x00, 0x15, 0x1a, 0x15, 0x22, 0x18, 0x70, 0x14
    .byte 0x18, 0x0e, 0x22, 0x02, 0x2c, 0xee, 0x03, 0x00, 0x00, 0x15, 0x37, 0x18, 0x70, 0x14, 0x0e, 0x0e
    .byte 0x22, 0x02, 0x2c, 0x01, 0x00, 0x00, 0x00, 0x15, 0x7d, 0x25, 0x13, 0x0e, 0x22, 0x02, 0x20, 0x00
    .byte 0x00, 0x15, 0x7d, 0x01, 0xeb, 0x0d, 0x22, 0x02, 0x15, 0x28, 0x2c, 0x01, 0x00, 0x00, 0x00, 0x15
    .byte 0x2b, 0x2c, 0x24, 0x03, 0x00, 0x00, 0x2c, 0xad, 0x02, 0x00, 0x00, 0x20, 0x00, 0x00, 0x2c, 0x00
    .byte 0x14, 0x00, 0x00, 0x2c, 0x05, 0x00, 0x00, 0x00, 0x20, 0x00, 0x00, 0x15, 0x1a, 0x15, 0x22, 0x18
    .byte 0x70, 0x14, 0x6a, 0x0e, 0x22, 0x02, 0x2c, 0xee, 0x03, 0x00, 0x00, 0x15, 0x37, 0x18, 0x70, 0x14
    .byte 0x60, 0x0e, 0x22, 0x02, 0x2c, 0x01, 0x00, 0x00, 0x00, 0x15, 0x7d, 0x25, 0x65, 0x0e, 0x22, 0x02
    .byte 0x20, 0x00, 0x00, 0x15, 0x7d, 0x01, 0x3d, 0x0e, 0x22, 0x02, 0x15, 0x28, 0x2c, 0x01, 0x00, 0x00
    .byte 0x00, 0x15, 0x2b, 0x2c, 0x24, 0x03, 0x00, 0x00, 0x2c, 0xe0, 0x02, 0x00, 0x00, 0x20, 0x00, 0x00
    .byte 0x2c, 0x00, 0x14, 0x00, 0x00, 0x2c, 0x05, 0x00, 0x00, 0x00, 0x20, 0x00, 0x00, 0x15, 0x1a, 0x15
    .byte 0x22, 0x18, 0x70, 0x14, 0xbc, 0x0e, 0x22, 0x02, 0x2c, 0xee, 0x03, 0x00, 0x00, 0x15, 0x37, 0x18
    .byte 0x70, 0x14, 0xb2, 0x0e, 0x22, 0x02, 0x2c, 0x01, 0x00, 0x00, 0x00, 0x15, 0x7d, 0x25, 0xb7, 0x0e
    .byte 0x22, 0x02, 0x20, 0x00, 0x00, 0x15, 0x7d, 0x01, 0x8f, 0x0e, 0x22, 0x02, 0x15, 0x28, 0x2c, 0x01
    .byte 0x00, 0x00, 0x00, 0x15, 0xa9, 0x20, 0x00, 0x00, 0x15, 0x18, 0x20, 0x00, 0x00, 0x15, 0x19, 0x2c
    .byte 0x01, 0x00, 0x00, 0x00, 0x20, 0x00, 0x00, 0x15, 0x29, 0x2c, 0x02, 0x00, 0x00, 0x00, 0x20, 0x00
    .byte 0x00, 0x15, 0x29, 0x2c, 0x01, 0x00, 0x00, 0x00, 0x15, 0x2b, 0x2c, 0x24, 0x03, 0x00, 0x00, 0x2c
    .byte 0x20, 0x03, 0x00, 0x00, 0x20, 0x00, 0x00, 0x2c, 0x00, 0x14, 0x00, 0x00, 0x2c, 0x05, 0x00, 0x00
    .byte 0x00, 0x20, 0x00, 0x00, 0x15, 0x1a, 0x15, 0x22, 0x18, 0x70, 0x14, 0x33, 0x0f, 0x22, 0x02, 0x2c
    .byte 0xee, 0x03, 0x00, 0x00, 0x15, 0x37, 0x18, 0x70, 0x14, 0x29, 0x0f, 0x22, 0x02, 0x2c, 0x01, 0x00
    .byte 0x00, 0x00, 0x15, 0x7d, 0x25, 0x2e, 0x0f, 0x22, 0x02, 0x20, 0x00, 0x00, 0x15, 0x7d, 0x01, 0x06
    .byte 0x0f, 0x22, 0x02, 0x15, 0x28, 0x15, 0x0d, 0x00, 0x2c, 0xd2, 0x00, 0x00, 0x00, 0x2c, 0x40, 0x01
    .byte 0x00, 0x00, 0x20, 0x00, 0x00, 0x15, 0x02, 0x03, 0x00, 0x02, 0x00, 0x00, 0x00, 0x32, 0x00, 0x00
    .byte 0x00, 0x00, 0x00, 0x14, 0x66, 0x0f, 0x22, 0x02, 0x03, 0x00, 0x5a, 0x02, 0x00, 0x00, 0x28, 0x00
    .byte 0x00, 0x25, 0x8e, 0x0f, 0x22, 0x02, 0x03, 0x00, 0x02, 0x00, 0x00, 0x00, 0x32, 0x00, 0x01, 0x00
    .byte 0x00, 0x00, 0x14, 0x85, 0x0f, 0x22, 0x02, 0x03, 0x00, 0x58, 0x02, 0x00, 0x00, 0x28, 0x00, 0x00
    .byte 0x25, 0x8e, 0x0f, 0x22, 0x02, 0x03, 0x00, 0x59, 0x02, 0x00, 0x00, 0x28, 0x00, 0x00, 0x29, 0x00
    .byte 0x15, 0x2b, 0x01, 0x00, 0x1c, 0x10, 0x14, 0x32, 0x10, 0x22, 0x02, 0x29, 0x00, 0xfd, 0x32, 0x00
    .byte 0x45, 0x00, 0x00, 0x00, 0x14, 0x32, 0x10, 0x22, 0x02, 0x2c, 0x00, 0x04, 0x00, 0x00, 0x15, 0x37
    .byte 0x18, 0x70, 0x14, 0xbc, 0x0f, 0x22, 0x02, 0x01, 0xa9, 0x0f, 0x22, 0x02, 0x2c, 0xee, 0x03, 0x00
    .byte 0x00, 0x15, 0x37, 0x18, 0x70, 0x14, 0xcf, 0x0f, 0x22, 0x02, 0x01, 0xbc, 0x0f, 0x22, 0x02, 0x2c
    .byte 0x02, 0x00, 0x00, 0x00, 0x15, 0x9b, 0x18, 0x70, 0x32, 0x00, 0x00, 0x00, 0x00, 0x00, 0x14, 0xe8
    .byte 0x0f, 0x22, 0x02, 0x01, 0xcf, 0x0f, 0x22, 0x02, 0x20, 0x00, 0x00, 0x15, 0x9b, 0x18, 0x70, 0x14
    .byte 0x08, 0x10, 0x22, 0x02, 0x20, 0x00, 0x00, 0x2c, 0xff, 0xff, 0xff, 0xff, 0x2c, 0xff, 0xff, 0xff
    .byte 0xff, 0x2c, 0xff, 0xff, 0xff, 0xff, 0x15, 0x89, 0x20, 0x00, 0x00, 0x15, 0x07, 0x15, 0x08, 0x29
    .byte 0x00, 0xbe, 0x2c, 0x1b, 0x00, 0x00, 0x00, 0x15, 0x31, 0x18, 0x71, 0x1f, 0x10, 0x14, 0x25, 0x10
    .byte 0x22, 0x02, 0x15, 0x0d, 0x00, 0x2c, 0x03, 0x00, 0x00, 0x00, 0x2c, 0x36, 0xf8, 0x21, 0x02, 0x15
    .byte 0x29, 0x00, 0x29, 0x00, 0xfe, 0x32, 0x00, 0x30, 0x00, 0x00, 0x00, 0x14, 0x56, 0x10, 0x22, 0x02
    .byte 0x2c, 0x02, 0x00, 0x00, 0x00, 0x2c, 0x77, 0x00, 0x00, 0x00, 0x15, 0xef, 0x18, 0x70, 0x14, 0x56
    .byte 0x10, 0x22, 0x02, 0x15, 0x0d, 0x00, 0x29, 0x00, 0xfe, 0x32, 0x00, 0x31, 0x00, 0x00, 0x00, 0x14
    .byte 0x7a, 0x10, 0x22, 0x02, 0x2c, 0x02, 0x00, 0x00, 0x00, 0x2c, 0x77, 0x00, 0x00, 0x00, 0x15, 0xef
    .byte 0x18, 0x70, 0x14, 0x7a, 0x10, 0x22, 0x02, 0x15, 0x0d, 0x00, 0x29, 0x00, 0xfe, 0x32, 0x00, 0x32
    .byte 0x00, 0x00, 0x00, 0x14, 0x9e, 0x10, 0x22, 0x02, 0x2c, 0x02, 0x00, 0x00, 0x00, 0x2c, 0x77, 0x00
    .byte 0x00, 0x00, 0x15, 0xef, 0x18, 0x70, 0x14, 0x9e, 0x10, 0x22, 0x02, 0x15, 0x0d, 0x00, 0x29, 0x00
    .byte 0xfe, 0x32, 0x00, 0x33, 0x00, 0x00, 0x00, 0x14, 0xc2, 0x10, 0x22, 0x02, 0x2c, 0x02, 0x00, 0x00
    .byte 0x00, 0x2c, 0x77, 0x00, 0x00, 0x00, 0x15, 0xef, 0x18, 0x70, 0x14, 0xc2, 0x10, 0x22, 0x02, 0x15
    .byte 0x0d, 0x00, 0x29, 0x00, 0xfe, 0x32, 0x00, 0x34, 0x00, 0x00, 0x00, 0x14, 0xe6, 0x10, 0x22, 0x02
    .byte 0x2c, 0x02, 0x00, 0x00, 0x00, 0x2c, 0x77, 0x00, 0x00, 0x00, 0x15, 0xef, 0x18, 0x70, 0x14, 0xe6
    .byte 0x10, 0x22, 0x02, 0x15, 0x0d, 0x00, 0x29, 0x00, 0xfe, 0x32, 0x00, 0x35, 0x00, 0x00, 0x00, 0x14
    .byte 0x0a, 0x11, 0x22, 0x02, 0x2c, 0x02, 0x00, 0x00, 0x00, 0x2c, 0x77, 0x00, 0x00, 0x00, 0x15, 0xef
    .byte 0x18, 0x70, 0x14, 0x0a, 0x11, 0x22, 0x02, 0x15, 0x0d, 0x00, 0x29, 0x00, 0xfe, 0x32, 0x00, 0x2b
    .byte 0x00, 0x00, 0x00, 0x14, 0x2f, 0x11, 0x22, 0x02, 0x2c, 0x60, 0x01, 0x00, 0x00, 0x15, 0x37, 0x18
    .byte 0x70, 0x32, 0x00, 0x00, 0x00, 0x00, 0x00, 0x14, 0x2f, 0x11, 0x22, 0x02, 0x15, 0x0d, 0x00, 0x20
    .byte 0x00, 0x00, 0x15, 0x94, 0x18, 0x70, 0x14, 0x3e, 0x11, 0x22, 0x02, 0x15, 0x0d, 0x00, 0x20, 0x00
    .byte 0x00, 0x2c, 0xff, 0xff, 0xff, 0xff, 0x2c, 0xff, 0xff, 0xff, 0xff, 0x15, 0xdd, 0x18, 0x70, 0x14
    .byte 0xb1, 0x11, 0x22, 0x02, 0x2c, 0x01, 0x00, 0x00, 0x00, 0x2c, 0xff, 0xff, 0xff, 0xff, 0x2c, 0xff
    .byte 0xff, 0xff, 0xff, 0x15, 0xdd, 0x18, 0x70, 0x32, 0x00, 0x58, 0x02, 0x00, 0x00, 0x13, 0xae, 0x11
    .byte 0x22, 0x02, 0x2c, 0x01, 0x00, 0x00, 0x00, 0x2c, 0xff, 0xff, 0xff, 0xff, 0x2c, 0xff, 0xff, 0xff
    .byte 0xff, 0x15, 0xdd, 0x18, 0x70, 0x32, 0x00, 0x59, 0x02, 0x00, 0x00, 0x13, 0xae, 0x11, 0x22, 0x02
    .byte 0x2c, 0x01, 0x00, 0x00, 0x00, 0x2c, 0xff, 0xff, 0xff, 0xff, 0x2c, 0xff, 0xff, 0xff, 0xff, 0x15
    .byte 0xdd, 0x18, 0x70, 0x32, 0x00, 0x5a, 0x02, 0x00, 0x00, 0x14, 0xb1, 0x11, 0x22, 0x02, 0x15, 0x0d
    .byte 0x00, 0x03, 0x00, 0x00, 0x00, 0x00, 0x00, 0x28, 0x00, 0x00, 0x29, 0x00, 0x06, 0x29, 0x01, 0xfe
    .byte 0x1c, 0x10, 0x14, 0xd3, 0x11, 0x22, 0x02, 0x2b, 0x00, 0x00, 0x05, 0x00, 0x01, 0x00, 0x00, 0x00
    .byte 0x28, 0x00, 0x00, 0x29, 0x00, 0x07, 0x32, 0x00, 0x02, 0x00, 0x00, 0x00, 0x14, 0xed, 0x11, 0x22
    .byte 0x02, 0x2b, 0x00, 0x00, 0x05, 0x00, 0x01, 0x00, 0x00, 0x00, 0x28, 0x00, 0x00, 0x03, 0x00, 0x00
    .byte 0x10, 0x00, 0x00, 0x32, 0x00, 0x00, 0x10, 0x00, 0x00, 0x14, 0x0f, 0x12, 0x22, 0x02, 0x2b, 0x00
    .byte 0x00, 0x05, 0x00, 0x01, 0x00, 0x00, 0x00, 0x28, 0x00, 0x00, 0x25, 0x97, 0x12, 0x22, 0x02, 0x03
    .byte 0x00, 0x00, 0x10, 0x00, 0x00, 0x32, 0x00, 0x00, 0x00, 0x00, 0x00, 0x14, 0x4d, 0x12, 0x22, 0x02
    .byte 0x29, 0x00, 0xfd, 0x31, 0x00, 0x8c, 0x00, 0x00, 0x00, 0x14, 0x48, 0x12, 0x22, 0x02, 0x29, 0x00
    .byte 0xfd, 0x33, 0x00, 0x96, 0x00, 0x00, 0x00, 0x14, 0x48, 0x12, 0x22, 0x02, 0x2b, 0x00, 0x00, 0x05
    .byte 0x00, 0x01, 0x00, 0x00, 0x00, 0x28, 0x00, 0x00, 0x25, 0x97, 0x12, 0x22, 0x02, 0x29, 0x00, 0xfd
    .byte 0x32, 0x00, 0x00, 0x10, 0x00, 0x00, 0x14, 0x6c, 0x12, 0x22, 0x02, 0x2b, 0x00, 0x00, 0x05, 0x00
    .byte 0x01, 0x00, 0x00, 0x00, 0x28, 0x00, 0x00, 0x25, 0x97, 0x12, 0x22, 0x02, 0x03, 0x00, 0x00, 0x10
    .byte 0x00, 0x00, 0x34, 0x00, 0x00, 0x00, 0x00, 0x00, 0x14, 0x97, 0x12, 0x22, 0x02, 0x29, 0x00, 0xfd
    .byte 0x35, 0x00, 0x00, 0xf0, 0xff, 0xff, 0x14, 0x97, 0x12, 0x22, 0x02, 0x2b, 0x00, 0x00, 0x05, 0x00
    .byte 0x01, 0x00, 0x00, 0x00, 0x28, 0x00, 0x00, 0x2b, 0x00, 0x00, 0x34, 0x00, 0x03, 0x00, 0x00, 0x00
    .byte 0x14, 0xa8, 0x12, 0x22, 0x02, 0x15, 0x0d, 0x00, 0x2c, 0x01, 0x00, 0x00, 0x00, 0x15, 0x09, 0x2c
    .byte 0x49, 0x11, 0x00, 0x00, 0x2c, 0x43, 0x11, 0x00, 0x00, 0x2c, 0x4a, 0x11, 0x00, 0x00, 0x2c, 0x02
    .byte 0x00, 0x00, 0x00, 0x20, 0x00, 0x00, 0x15, 0x73, 0x03, 0x00, 0xff, 0xff, 0xff, 0xff, 0x26, 0x00
    .byte 0x06, 0x2c, 0x01, 0x00, 0x00, 0x00, 0x2c, 0xde, 0x12, 0x22, 0x02, 0x15, 0x29, 0x00, 0x2c, 0x08
    .byte 0x00, 0x00, 0x00, 0x2c, 0x51, 0x01, 0x00, 0x00, 0x15, 0xe0, 0x03, 0x00, 0x00, 0x00, 0x00, 0x00
    .byte 0x28, 0x00, 0x00, 0x03, 0x00, 0x01, 0x00, 0x00, 0x00, 0x28, 0x00, 0x01, 0x2c, 0x1b, 0x00, 0x00
    .byte 0x00, 0x15, 0x31, 0x18, 0x70, 0x17, 0x00, 0x2c, 0x07, 0x00, 0x00, 0x00, 0x15, 0x47, 0x18, 0x70
    .byte 0x29, 0x01, 0xf1, 0x24, 0x01, 0x80, 0x00, 0x00, 0x00, 0x23, 0x10, 0x34, 0x00, 0x20, 0x00, 0x00
    .byte 0x00, 0x14, 0x53, 0x13, 0x22, 0x02, 0x2c, 0x1b, 0x00, 0x00, 0x00, 0x15, 0x31, 0x18, 0x70, 0x17
    .byte 0x00, 0x2c, 0x07, 0x00, 0x00, 0x00, 0x15, 0x47, 0x18, 0x70, 0x29, 0x01, 0xf1, 0x24, 0x01, 0x80
    .byte 0x00, 0x00, 0x00, 0x23, 0x10, 0x24, 0x00, 0x20, 0x00, 0x00, 0x00, 0x28, 0x00, 0x00, 0x25, 0xa5
    .byte 0x13, 0x22, 0x02, 0x2c, 0x1b, 0x00, 0x00, 0x00, 0x15, 0x31, 0x18, 0x70, 0x17, 0x00, 0x2c, 0x07
    .byte 0x00, 0x00, 0x00, 0x15, 0x47, 0x18, 0x70, 0x29, 0x01, 0xf1, 0x24, 0x01, 0x80, 0x00, 0x00, 0x00
    .byte 0x23, 0x10, 0x30, 0x00, 0xe0, 0x00, 0x00, 0x00, 0x14, 0xa5, 0x13, 0x22, 0x02, 0x2c, 0x1b, 0x00
    .byte 0x00, 0x00, 0x15, 0x31, 0x18, 0x70, 0x17, 0x00, 0x2c, 0x07, 0x00, 0x00, 0x00, 0x15, 0x47, 0x18
    .byte 0x70, 0x29, 0x01, 0xf1, 0x24, 0x01, 0x80, 0x00, 0x00, 0x00, 0x23, 0x10, 0x24, 0x00, 0xe0, 0x00
    .byte 0x00, 0x00, 0x28, 0x00, 0x00, 0x2c, 0x1b, 0x00, 0x00, 0x00, 0x15, 0x31, 0x18, 0x70, 0x17, 0x00
    .byte 0x2c, 0x08, 0x00, 0x00, 0x00, 0x15, 0x47, 0x18, 0x70, 0x2c, 0x1b, 0x00, 0x00, 0x00, 0x15, 0x31
    .byte 0x18, 0x71, 0x17, 0x10, 0x2c, 0x09, 0x00, 0x00, 0x00, 0x15, 0x47, 0x18, 0x71, 0x23, 0x10, 0x29
    .byte 0x01, 0xf2, 0x24, 0x01, 0x60, 0x00, 0x00, 0x00, 0x23, 0x10, 0x34, 0x00, 0x40, 0x00, 0x00, 0x00
    .byte 0x14, 0x28, 0x14, 0x22, 0x02, 0x2c, 0x1b, 0x00, 0x00, 0x00, 0x15, 0x31, 0x18, 0x70, 0x17, 0x00
    .byte 0x2c, 0x08, 0x00, 0x00, 0x00, 0x15, 0x47, 0x18, 0x70, 0x2c, 0x1b, 0x00, 0x00, 0x00, 0x15, 0x31
    .byte 0x18, 0x71, 0x17, 0x10, 0x2c, 0x09, 0x00, 0x00, 0x00, 0x15, 0x47, 0x18, 0x71, 0x23, 0x10, 0x29
    .byte 0x01, 0xf2, 0x24, 0x01, 0x60, 0x00, 0x00, 0x00, 0x23, 0x10, 0x24, 0x00, 0x40, 0x00, 0x00, 0x00
    .byte 0x28, 0x00, 0x01, 0x25, 0xa6, 0x14, 0x22, 0x02, 0x2c, 0x1b, 0x00, 0x00, 0x00, 0x15, 0x31, 0x18
    .byte 0x70, 0x17, 0x00, 0x2c, 0x08, 0x00, 0x00, 0x00, 0x15, 0x47, 0x18, 0x70, 0x2c, 0x1b, 0x00, 0x00
    .byte 0x00, 0x15, 0x31, 0x18, 0x71, 0x17, 0x10, 0x2c, 0x09, 0x00, 0x00, 0x00, 0x15, 0x47, 0x18, 0x71
    .byte 0x23, 0x10, 0x29, 0x01, 0xf2, 0x24, 0x01, 0x60, 0x00, 0x00, 0x00, 0x23, 0x10, 0x30, 0x00, 0xb0
    .byte 0x00, 0x00, 0x00, 0x14, 0xa6, 0x14, 0x22, 0x02, 0x2c, 0x1b, 0x00, 0x00, 0x00, 0x15, 0x31, 0x18
    .byte 0x70, 0x17, 0x00, 0x2c, 0x08, 0x00, 0x00, 0x00, 0x15, 0x47, 0x18, 0x70, 0x2c, 0x1b, 0x00, 0x00
    .byte 0x00, 0x15, 0x31, 0x18, 0x71, 0x17, 0x10, 0x2c, 0x09, 0x00, 0x00, 0x00, 0x15, 0x47, 0x18, 0x71
    .byte 0x23, 0x10, 0x29, 0x01, 0xf2, 0x24, 0x01, 0x60, 0x00, 0x00, 0x00, 0x23, 0x10, 0x24, 0x00, 0xb0
    .byte 0x00, 0x00, 0x00, 0x28, 0x00, 0x01, 0x2b, 0x00, 0x00, 0x35, 0x00, 0x00, 0x00, 0x00, 0x00, 0x13
    .byte 0xc2, 0x14, 0x22, 0x02, 0x2b, 0x00, 0x01, 0x35, 0x00, 0x00, 0x00, 0x00, 0x00, 0x14, 0xed, 0x14
    .byte 0x22, 0x02, 0x2c, 0x01, 0x00, 0x00, 0x00, 0x29, 0x00, 0xf1, 0x2b, 0x01, 0x00, 0x04, 0x10, 0x17
    .byte 0x00, 0x29, 0x00, 0xf2, 0x2b, 0x01, 0x01, 0x04, 0x10, 0x17, 0x00, 0x2c, 0x14, 0x00, 0x00, 0x00
    .byte 0x20, 0x00, 0x00, 0x15, 0x4f, 0x18, 0x70, 0x17, 0x00, 0x15, 0x07, 0x15, 0x08, 0x2c, 0x01, 0x00
    .byte 0x00, 0x00, 0x20, 0x00, 0x00, 0x15, 0x29, 0x2c, 0x1b, 0x00, 0x00, 0x00, 0x15, 0x31, 0x18, 0x70
    .byte 0x26, 0x00, 0x58, 0x20, 0x00, 0x00, 0x2c, 0x90, 0xe1, 0x21, 0x02, 0x15, 0x39, 0x20, 0x00, 0x00
    .byte 0x15, 0x42, 0x18, 0x70, 0x32, 0x00, 0x00, 0x00, 0x00, 0x00, 0x14, 0x24, 0x15, 0x22, 0x02, 0x01
    .byte 0x0d, 0x15, 0x22, 0x02, 0x2c, 0x1e, 0x00, 0x00, 0x00, 0x2c, 0x80, 0xa8, 0x00, 0x00, 0x2c, 0x60
    .byte 0x00, 0x00, 0x00, 0x20, 0x00, 0x00, 0x20, 0x00, 0x00, 0x15, 0x3e, 0x2c, 0x01, 0x00, 0x00, 0x00
    .byte 0x15, 0x05, 0x15, 0x16, 0x2c, 0x1e, 0x00, 0x00, 0x00, 0x15, 0x07, 0x15, 0x08, 0x20, 0x00, 0x00
    .byte 0x2c, 0x82, 0xa8, 0x00, 0x00, 0x15, 0xe0, 0x2c, 0xa7, 0x00, 0x00, 0x00, 0x15, 0x07, 0x15, 0x08
    .byte 0x20, 0x00, 0x00, 0x2c, 0x81, 0xa8, 0x00, 0x00, 0x15, 0xe0, 0x2c, 0x02, 0x00, 0x00, 0x00, 0x15
    .byte 0x05, 0x2c, 0x3c, 0x00, 0x00, 0x00, 0x15, 0x07, 0x15, 0x08, 0x2c, 0x03, 0x00, 0x00, 0x00, 0x15
    .byte 0x45, 0x15, 0x8b, 0x18, 0x70, 0x32, 0x00, 0x00, 0x00, 0x00, 0x00, 0x13, 0x95, 0x15, 0x22, 0x02
    .byte 0x01, 0x81, 0x15, 0x22, 0x02, 0x2c, 0x3a, 0x02, 0x00, 0x00, 0x2c, 0x01, 0x00, 0x00, 0x00, 0x20
    .byte 0x00, 0x00, 0x20, 0x00, 0x00, 0x15, 0xb8, 0x15, 0x5a, 0x20, 0x00, 0x00, 0x2c, 0xff, 0xff, 0xff
    .byte 0xff, 0x2c, 0xff, 0xff, 0xff, 0xff, 0x15, 0xdd, 0x18, 0x70, 0x14, 0x8d, 0x16, 0x22, 0x02, 0x2c
    .byte 0x03, 0x00, 0x00, 0x00, 0x15, 0x45, 0x15, 0x8b, 0x18, 0x70, 0x32, 0x00, 0x00, 0x00, 0x00, 0x00
    .byte 0x13, 0xda, 0x15, 0x22, 0x02, 0x01, 0xc6, 0x15, 0x22, 0x02, 0x2c, 0x3b, 0x02, 0x00, 0x00, 0x2c
    .byte 0x01, 0x00, 0x00, 0x00, 0x20, 0x00, 0x00, 0x20, 0x00, 0x00, 0x15, 0xb8, 0x2c, 0x01, 0x00, 0x00
    .byte 0x00, 0x15, 0x07, 0x15, 0x08, 0x15, 0x5a, 0x03, 0x00, 0xec, 0xff, 0xff, 0xff, 0x26, 0x00, 0xe1
    .byte 0x15, 0x8b, 0x18, 0x70, 0x32, 0x00, 0x00, 0x00, 0x00, 0x00, 0x13, 0x14, 0x16, 0x22, 0x02, 0x01
    .byte 0x00, 0x16, 0x22, 0x02, 0x2c, 0x3c, 0x02, 0x00, 0x00, 0x2c, 0x01, 0x00, 0x00, 0x00, 0x20, 0x00
    .byte 0x00, 0x20, 0x00, 0x00, 0x2c, 0x01, 0x00, 0x00, 0x00, 0x15, 0xe7, 0x2c, 0x01, 0x00, 0x00, 0x00
    .byte 0x15, 0x07, 0x15, 0x08, 0x03, 0x00, 0x00, 0x00, 0x00, 0x00, 0x26, 0x00, 0xe1, 0x2c, 0xea, 0x03
    .byte 0x00, 0x00, 0x15, 0x37, 0x18, 0x70, 0x13, 0x8d, 0x16, 0x22, 0x02, 0x2c, 0x03, 0x00, 0x00, 0x00
    .byte 0x15, 0x45, 0x15, 0x8b, 0x18, 0x70, 0x32, 0x00, 0x00, 0x00, 0x00, 0x00, 0x13, 0x66, 0x16, 0x22
    .byte 0x02, 0x01, 0x52, 0x16, 0x22, 0x02, 0x2c, 0x3f, 0x02, 0x00, 0x00, 0x2c, 0x01, 0x00, 0x00, 0x00
    .byte 0x20, 0x00, 0x00, 0x20, 0x00, 0x00, 0x15, 0xb8, 0x15, 0x5a, 0x2c, 0x1b, 0x00, 0x00, 0x00, 0x15
    .byte 0x31, 0x18, 0x70, 0x17, 0x00, 0x2c, 0x1a, 0x18, 0x22, 0x02, 0x15, 0x39, 0x00, 0x2c, 0x1e, 0x00
    .byte 0x00, 0x00, 0x15, 0x07, 0x15, 0x08, 0x2c, 0xba, 0x03, 0x00, 0x00, 0x15, 0x35, 0x2c, 0x17, 0x00
    .byte 0x00, 0x00, 0x2c, 0x20, 0x08, 0x00, 0x00, 0x15, 0x78, 0x2c, 0x01, 0x00, 0x00, 0x00, 0x15, 0x07
    .byte 0x15, 0x08, 0x29, 0x00, 0xdc, 0x32, 0x00, 0x03, 0x00, 0x00, 0x00, 0x14, 0xce, 0x16, 0x22, 0x02
    .byte 0x03, 0x00, 0x00, 0x00, 0x00, 0x00, 0x26, 0x00, 0x1c, 0x25, 0x01, 0x17, 0x22, 0x02, 0x29, 0x00
    .byte 0xdc, 0x32, 0x00, 0x04, 0x00, 0x00, 0x00, 0x14, 0xea, 0x16, 0x22, 0x02, 0x03, 0x00, 0x05, 0x00
    .byte 0x00, 0x00, 0x26, 0x00, 0x1c, 0x25, 0x01, 0x17, 0x22, 0x02, 0x29, 0x00, 0xdc, 0x32, 0x00, 0x05
    .byte 0x00, 0x00, 0x00, 0x14, 0x01, 0x17, 0x22, 0x02, 0x03, 0x00, 0x0a, 0x00, 0x00, 0x00, 0x26, 0x00
    .byte 0x1c, 0x2c, 0x8a, 0x03, 0x00, 0x00, 0x15, 0x37, 0x18, 0x70, 0x14, 0x85, 0x17, 0x22, 0x02, 0x2c
    .byte 0x3e, 0x03, 0x00, 0x00, 0x15, 0x35, 0x2c, 0x09, 0x00, 0x00, 0x00, 0x2c, 0x59, 0x02, 0x00, 0x00
    .byte 0x2c, 0xff, 0xff, 0xff, 0xff, 0x15, 0xdd, 0x18, 0x70, 0x17, 0x00, 0x15, 0x35, 0x03, 0x00, 0x59
    .byte 0x02, 0x00, 0x00, 0x26, 0x00, 0x15, 0x2c, 0xf8, 0x03, 0x00, 0x00, 0x15, 0x35, 0x2c, 0x09, 0x00
    .byte 0x00, 0x00, 0x2c, 0x51, 0x01, 0x00, 0x00, 0x15, 0xe0, 0x15, 0x1f, 0x18, 0x70, 0x26, 0x00, 0x69
    .byte 0x15, 0x20, 0x18, 0x70, 0x26, 0x00, 0x6a, 0x15, 0x27, 0x18, 0x70, 0x26, 0x00, 0x6b, 0x2c, 0x1b
    .byte 0x00, 0x00, 0x00, 0x15, 0x31, 0x18, 0x70, 0x26, 0x00, 0xbe, 0x2c, 0x45, 0x00, 0x00, 0x00, 0x2c
    .byte 0x00, 0x01, 0x00, 0x00, 0x2c, 0x00, 0x01, 0x00, 0x00, 0x20, 0x00, 0x00, 0x15, 0x4a, 0x15, 0x0d
    .byte 0x25, 0x19, 0x18, 0x22, 0x02, 0x2c, 0x01, 0x00, 0x00, 0x00, 0x2c, 0x03, 0x00, 0x00, 0x00, 0x15
    .byte 0x4b, 0x2c, 0x01, 0x00, 0x00, 0x00, 0x15, 0x4c, 0x18, 0x70, 0x32, 0x00, 0x00, 0x00, 0x00, 0x00
    .byte 0x13, 0xaa, 0x17, 0x22, 0x02, 0x01, 0x91, 0x17, 0x22, 0x02, 0x2c, 0x03, 0x00, 0x00, 0x00, 0x15
    .byte 0x45, 0x29, 0x00, 0xdc, 0x32, 0x00, 0x00, 0x00, 0x00, 0x00, 0x14, 0xec, 0x17, 0x22, 0x02, 0x15
    .byte 0x8b, 0x18, 0x70, 0x32, 0x00, 0x00, 0x00, 0x00, 0x00, 0x13, 0xd3, 0x17, 0x22, 0x02, 0x01, 0xbf
    .byte 0x17, 0x22, 0x02, 0x2c, 0x3f, 0x02, 0x00, 0x00, 0x2c, 0x01, 0x00, 0x00, 0x00, 0x20, 0x00, 0x00
    .byte 0x20, 0x00, 0x00, 0x15, 0xb8, 0x15, 0x5a, 0x25, 0x14, 0x18, 0x22, 0x02, 0x15, 0x8b, 0x18, 0x70
    .byte 0x32, 0x00, 0x00, 0x00, 0x00, 0x00, 0x13, 0x00, 0x18, 0x22, 0x02, 0x01, 0xec, 0x17, 0x22, 0x02
    .byte 0x2c, 0x3d, 0x02, 0x00, 0x00, 0x2c, 0x01, 0x00, 0x00, 0x00, 0x20, 0x00, 0x00, 0x20, 0x00, 0x00
    .byte 0x15, 0xb8, 0x15, 0x5a, 0x01, 0x1a, 0x18, 0x22, 0x02, 0x00, 0x2c, 0x05, 0x00, 0x00, 0x00, 0x15
    .byte 0x05, 0x20, 0x00, 0x00, 0x2c, 0x83, 0xa8, 0x00, 0x00, 0x15, 0xe0, 0x20, 0x00, 0x00, 0x20, 0x00
    .byte 0x00, 0x2c, 0x80, 0x00, 0x00, 0x00, 0x2c, 0x14, 0x00, 0x00, 0x00, 0x20, 0x00, 0x00, 0x2c, 0x01
    .byte 0x00, 0x00, 0x00, 0x15, 0x1a, 0x15, 0x21, 0x20, 0x00, 0x00, 0x15, 0x09, 0x2b, 0x00, 0x00, 0x35
    .byte 0x00, 0x00, 0x00, 0x00, 0x00, 0x13, 0x68, 0x18, 0x22, 0x02, 0x2b, 0x00, 0x01, 0x35, 0x00, 0x00
    .byte 0x00, 0x00, 0x00, 0x14, 0x98, 0x18, 0x22, 0x02, 0x2c, 0x02, 0x00, 0x00, 0x00, 0x2c, 0x14, 0x00
    .byte 0x00, 0x00, 0x20, 0x00, 0x00, 0x20, 0x00, 0x00, 0x20, 0x00, 0x00, 0x15, 0x4f, 0x18, 0x70, 0x17
    .byte 0x00, 0x15, 0x07, 0x15, 0x08, 0x2c, 0x03, 0x00, 0x00, 0x00, 0x20, 0x00, 0x00, 0x20, 0x00, 0x00
    .byte 0x20, 0x00, 0x00, 0x20, 0x00, 0x00, 0x15, 0x4f, 0x2c, 0x09, 0x00, 0x00, 0x00, 0x2c, 0x51, 0x01
    .byte 0x00, 0x00, 0x15, 0xe0, 0x2c, 0x1b, 0x00, 0x00, 0x00, 0x15, 0x31, 0x18, 0x70, 0x17, 0x00, 0x2c
    .byte 0xf5, 0xe1, 0x21, 0x02, 0x15, 0x39, 0x00, 0x00, 0x2c, 0x01, 0x00, 0x00, 0x00, 0x2c, 0x55, 0x00
    .byte 0x00, 0x00, 0x15, 0xef, 0x18, 0x70, 0x32, 0x00, 0x01, 0x00, 0x00, 0x00, 0x14, 0xf0, 0x18, 0x22
    .byte 0x02, 0x2c, 0x02, 0x00, 0x00, 0x00, 0x15, 0x05, 0x2c, 0x01, 0x00, 0x00, 0x00, 0x15, 0x06, 0x2c
    .byte 0x01, 0x00, 0x00, 0x00, 0x2c, 0xfd, 0x18, 0x22, 0x02, 0x15, 0x29, 0x25, 0xfc, 0x18, 0x22, 0x02
    .byte 0x20, 0x00, 0x00, 0x15, 0x05, 0x2c, 0x01, 0x00, 0x00, 0x00, 0x15, 0x06, 0x00, 0x2c, 0x01, 0x00
    .byte 0x00, 0x00, 0x20, 0x00, 0x00, 0x15, 0x29, 0x2c, 0x1b, 0x00, 0x00, 0x00, 0x15, 0x31, 0x18, 0x70
    .byte 0x26, 0x00, 0xd2, 0x20, 0x00, 0x00, 0x2c, 0x3b, 0xe6, 0x21, 0x02, 0x15, 0x39, 0x20, 0x00, 0x00
    .byte 0x15, 0x42, 0x18, 0x70, 0x32, 0x00, 0x00, 0x00, 0x00, 0x00, 0x14, 0x34, 0x19, 0x22, 0x02, 0x01
    .byte 0x1d, 0x19, 0x22, 0x02, 0x2c, 0x08, 0x00, 0x00, 0x00, 0x2c, 0x1f, 0x02, 0x00, 0x00, 0x15, 0xe0
    .byte 0x20, 0x00, 0x00, 0x2c, 0x00, 0xba, 0x00, 0x00, 0x15, 0xe0, 0x2c, 0x04, 0x00, 0x00, 0x00, 0x15
    .byte 0x05, 0x15, 0x16, 0x2c, 0x02, 0x00, 0x00, 0x00, 0x15, 0x05, 0x2c, 0x01, 0x00, 0x00, 0x00, 0x15
    .byte 0x06, 0x2c, 0x2f, 0x05, 0x00, 0x00, 0x15, 0x37, 0x18, 0x70, 0x32, 0x00, 0x00, 0x00, 0x00, 0x00
    .byte 0x14, 0xc8, 0x19, 0x22, 0x02, 0x2c, 0x07, 0x00, 0x00, 0x00, 0x2c, 0x28, 0x01, 0x00, 0x00, 0x15
    .byte 0x10, 0x18, 0x70, 0x24, 0x00, 0x10, 0x00, 0x00, 0x00, 0x17, 0x00, 0x15, 0x11, 0x18, 0x70, 0x05
    .byte 0x00, 0x01, 0x00, 0x00, 0x00, 0x17, 0x00, 0x15, 0x12, 0x18, 0x70, 0x05, 0x00, 0x28, 0x00, 0x00
    .byte 0x00, 0x17, 0x00, 0x2c, 0x00, 0xf8, 0xff, 0xff, 0x2c, 0x00, 0x08, 0x00, 0x00, 0x2c, 0x00, 0x20
    .byte 0x00, 0x00, 0x15, 0x33, 0x2c, 0x2f, 0x05, 0x00, 0x00, 0x15, 0x35, 0x2c, 0x07, 0x00, 0x00, 0x00
    .byte 0x2c, 0xe7, 0x19, 0x22, 0x02, 0x15, 0x39, 0x00, 0x2c, 0x09, 0x00, 0x00, 0x00, 0x2c, 0x1f, 0x02
    .byte 0x00, 0x00, 0x15, 0xe0, 0x2c, 0x1b, 0x00, 0x00, 0x00, 0x15, 0x31, 0x18, 0x70, 0x17, 0x00, 0x2c
    .byte 0xb8, 0x18, 0x22, 0x02, 0x15, 0x39, 0x00, 0x2c, 0x3c, 0x00, 0x00, 0x00, 0x15, 0x07, 0x15, 0x08
    .byte 0x01, 0xb8, 0x18, 0x22, 0x02, 0x00, 0x00, 0x2c, 0x08, 0x00, 0x00, 0x00, 0x2c, 0x65, 0x00, 0x00
    .byte 0x00, 0x15, 0xe0, 0x2c, 0x14, 0x00, 0x00, 0x00, 0x15, 0x07, 0x15, 0x08, 0x03, 0x00, 0x00, 0x00
    .byte 0x00, 0x00, 0x28, 0x00, 0x00, 0x2b, 0x00, 0x00, 0x29, 0x01, 0xbe, 0x1e, 0x10, 0x14, 0x46, 0x1a
    .byte 0x22, 0x02, 0x20, 0x00, 0x00, 0x2c, 0x80, 0x32, 0x00, 0x00, 0x15, 0xe0, 0x2c, 0x0f, 0x00, 0x00
    .byte 0x00, 0x15, 0x07, 0x15, 0x08, 0x2b, 0x00, 0x00, 0x05, 0x00, 0x01, 0x00, 0x00, 0x00, 0x28, 0x00
    .byte 0x00, 0x25, 0x15, 0x1a, 0x22, 0x02, 0x2c, 0x09, 0x00, 0x00, 0x00, 0x2c, 0x65, 0x00, 0x00, 0x00
    .byte 0x15, 0xe0, 0x00, 0x20, 0x00, 0x00, 0x15, 0x09, 0x03, 0x00, 0x28, 0x02, 0x00, 0x00, 0x28, 0x00
    .byte 0x00, 0x03, 0x00, 0x4f, 0x01, 0x00, 0x00, 0x28, 0x00, 0x01, 0x03, 0x00, 0xc0, 0xff, 0xff, 0xff
    .byte 0x28, 0x00, 0x02, 0x2f, 0x00, 0x2b, 0x00, 0x01, 0x2b, 0x01, 0x02, 0x04, 0x10, 0x17, 0x00, 0x2f
    .byte 0x02, 0x15, 0x02, 0x20, 0x00, 0x00, 0x2c, 0x30, 0x00, 0x00, 0x00, 0x15, 0x32, 0x2c, 0x01, 0x00
    .byte 0x00, 0x00, 0x2c, 0x02, 0x00, 0x00, 0x00, 0x15, 0x32, 0x2c, 0x01, 0x00, 0x00, 0x00, 0x15, 0x7d
    .byte 0x2c, 0x02, 0x00, 0x00, 0x00, 0x2c, 0x26, 0x1b, 0x22, 0x02, 0x15, 0x29, 0x15, 0x27, 0x18, 0x70
    .byte 0x32, 0x00, 0xc0, 0xff, 0xff, 0xff, 0x14, 0xeb, 0x1a, 0x22, 0x02, 0x03, 0x00, 0x28, 0x02, 0x00
    .byte 0x00, 0x28, 0x00, 0x00, 0x03, 0x00, 0x4f, 0x01, 0x00, 0x00, 0x28, 0x00, 0x01, 0x03, 0x00, 0xc0
    .byte 0xff, 0xff, 0xff, 0x28, 0x00, 0x02, 0x2f, 0x00, 0x2b, 0x00, 0x01, 0x2b, 0x01, 0x02, 0x04, 0x10
    .byte 0x17, 0x00, 0x2f, 0x02, 0x15, 0x02, 0x25, 0x16, 0x1b, 0x22, 0x02, 0x03, 0x00, 0x28, 0x02, 0x00
    .byte 0x00, 0x28, 0x00, 0x00, 0x03, 0x00, 0x0f, 0x01, 0x00, 0x00, 0x28, 0x00, 0x01, 0x03, 0x00, 0x00
    .byte 0x00, 0x00, 0x00, 0x28, 0x00, 0x02, 0x2f, 0x00, 0x2b, 0x00, 0x01, 0x2b, 0x01, 0x02, 0x04, 0x10
    .byte 0x17, 0x00, 0x2f, 0x02, 0x15, 0x02, 0x01, 0xac, 0x1a, 0x22, 0x02, 0x2c, 0x02, 0x00, 0x00, 0x00
    .byte 0x20, 0x00, 0x00, 0x15, 0x29, 0x00, 0x2c, 0xee, 0x03, 0x00, 0x00, 0x15, 0x37, 0x18, 0x70, 0x14
    .byte 0x35, 0x1b, 0x22, 0x02, 0x00, 0x2c, 0x02, 0x04, 0x00, 0x00, 0x15, 0x37, 0x18, 0x70, 0x14, 0x44
    .byte 0x1b, 0x22, 0x02, 0x00, 0x20, 0x00, 0x00, 0x15, 0x9b, 0x18, 0x70, 0x14, 0x64, 0x1b, 0x22, 0x02
    .byte 0x20, 0x00, 0x00, 0x2c, 0xff, 0xff, 0xff, 0xff, 0x2c, 0xff, 0xff, 0xff, 0xff, 0x2c, 0xff, 0xff
    .byte 0xff, 0xff, 0x15, 0x89, 0x15, 0x1f, 0x18, 0x70, 0x28, 0x00, 0x03, 0x15, 0x20, 0x18, 0x70, 0x28
    .byte 0x00, 0x04, 0x15, 0x27, 0x18, 0x70, 0x28, 0x00, 0x05, 0x03, 0x00, 0x00, 0x00, 0x00, 0x00, 0x28
    .byte 0x00, 0x06, 0x15, 0x27, 0x18, 0x70, 0x32, 0x00, 0xc0, 0xff, 0xff, 0xff, 0x14, 0xf1, 0x1c, 0x22
    .byte 0x02, 0x20, 0x00, 0x00, 0x2c, 0x53, 0x1e, 0x22, 0x02, 0x15, 0x39, 0x20, 0x00, 0x00, 0x15, 0x42
    .byte 0x18, 0x70, 0x32, 0x00, 0x00, 0x00, 0x00, 0x00, 0x14, 0xb2, 0x1b, 0x22, 0x02, 0x01, 0x9b, 0x1b
    .byte 0x22, 0x02, 0x20, 0x00, 0x00, 0x2c, 0xff, 0xff, 0xff, 0xff, 0x2c, 0xff, 0xff, 0xff, 0xff, 0x15
    .byte 0xdd, 0x18, 0x70, 0x14, 0xa4, 0x1c, 0x22, 0x02, 0x2c, 0x03, 0x00, 0x00, 0x00, 0x2c, 0xff, 0xff
    .byte 0xff, 0xff, 0x2c, 0xff, 0xff, 0xff, 0xff, 0x15, 0xdd, 0x18, 0x70, 0x32, 0x00, 0x00, 0x00, 0x00
    .byte 0x00, 0x14, 0xa4, 0x1c, 0x22, 0x02, 0x03, 0x00, 0x40, 0x00, 0x00, 0x00, 0x30, 0x00, 0x10, 0x00
    .byte 0x00, 0x00, 0x14, 0xa4, 0x1c, 0x22, 0x02, 0x15, 0x6f, 0x18, 0x70, 0x2b, 0x01, 0x05, 0x1c, 0x10
    .byte 0x14, 0xa4, 0x1c, 0x22, 0x02, 0x15, 0x10, 0x18, 0x70, 0x17, 0x00, 0x15, 0x11, 0x18, 0x70, 0x17
    .byte 0x00, 0x20, 0x00, 0x00, 0x15, 0x6d, 0x18, 0x70, 0x17, 0x00, 0x15, 0x6e, 0x18, 0x70, 0x17, 0x00
    .byte 0x20, 0x00, 0x00, 0x15, 0x65, 0x18, 0x70, 0x28, 0x00, 0x03, 0x2b, 0x00, 0x03, 0x33, 0x00, 0x40
    .byte 0x00, 0x00, 0x00, 0x14, 0x61, 0x1c, 0x22, 0x02, 0x15, 0x6e, 0x18, 0x70, 0x15, 0x11, 0x18, 0x71
    .byte 0x1b, 0x10, 0x14, 0x61, 0x1c, 0x22, 0x02, 0x2c, 0x01, 0x00, 0x00, 0x00, 0x2c, 0x7c, 0x21, 0x22
    .byte 0x02, 0x15, 0x39, 0x03, 0x00, 0x01, 0x00, 0x00, 0x00, 0x28, 0x00, 0x06, 0x25, 0xa4, 0x1c, 0x22
    .byte 0x02, 0x2b, 0x00, 0x03, 0x33, 0x00, 0xa0, 0x00, 0x00, 0x00, 0x14, 0xa4, 0x1c, 0x22, 0x02, 0x15
    .byte 0x6e, 0x18, 0x70, 0x15, 0x11, 0x18, 0x71, 0x1b, 0x10, 0x14, 0x8f, 0x1c, 0x22, 0x02, 0x2c, 0x01
    .byte 0x00, 0x00, 0x00, 0x2c, 0x8a, 0x21, 0x22, 0x02, 0x15, 0x39, 0x25, 0x9b, 0x1c, 0x22, 0x02, 0x2c
    .byte 0x01, 0x00, 0x00, 0x00, 0x2c, 0x98, 0x21, 0x22, 0x02, 0x15, 0x39, 0x03, 0x00, 0x01, 0x00, 0x00
    .byte 0x00, 0x28, 0x00, 0x06, 0x20, 0x00, 0x00, 0x2c, 0xfc, 0x1e, 0x22, 0x02, 0x15, 0x39, 0x20, 0x00
    .byte 0x00, 0x15, 0x42, 0x18, 0x70, 0x32, 0x00, 0x00, 0x00, 0x00, 0x00, 0x14, 0xc5, 0x1c, 0x22, 0x02
    .byte 0x01, 0xae, 0x1c, 0x22, 0x02, 0x2b, 0x00, 0x06, 0x32, 0x00, 0x01, 0x00, 0x00, 0x00, 0x14, 0xec
    .byte 0x1c, 0x22, 0x02, 0x2c, 0x01, 0x00, 0x00, 0x00, 0x15, 0x42, 0x18, 0x70, 0x32, 0x00, 0x00, 0x00
    .byte 0x00, 0x00, 0x14, 0xec, 0x1c, 0x22, 0x02, 0x01, 0xd3, 0x1c, 0x22, 0x02, 0x25, 0x52, 0x1e, 0x22
    .byte 0x02, 0x20, 0x00, 0x00, 0x2c, 0xb2, 0x1f, 0x22, 0x02, 0x15, 0x39, 0x20, 0x00, 0x00, 0x15, 0x42
    .byte 0x18, 0x70, 0x32, 0x00, 0x00, 0x00, 0x00, 0x00, 0x14, 0x12, 0x1d, 0x22, 0x02, 0x01, 0xfb, 0x1c
    .byte 0x22, 0x02, 0x20, 0x00, 0x00, 0x2c, 0xff, 0xff, 0xff, 0xff, 0x2c, 0xff, 0xff, 0xff, 0xff, 0x15
    .byte 0xdd, 0x18, 0x70, 0x14, 0x0a, 0x1e, 0x22, 0x02, 0x2c, 0x03, 0x00, 0x00, 0x00, 0x2c, 0xff, 0xff
    .byte 0xff, 0xff, 0x2c, 0xff, 0xff, 0xff, 0xff, 0x15, 0xdd, 0x18, 0x70, 0x32, 0x00, 0x00, 0x00, 0x00
    .byte 0x00, 0x14, 0x0a, 0x1e, 0x22, 0x02, 0x03, 0x00, 0x40, 0x00, 0x00, 0x00, 0x30, 0x00, 0x10, 0x00
    .byte 0x00, 0x00, 0x14, 0x0a, 0x1e, 0x22, 0x02, 0x15, 0x6f, 0x18, 0x70, 0x2b, 0x01, 0x05, 0x1c, 0x10
    .byte 0x14, 0x0a, 0x1e, 0x22, 0x02, 0x15, 0x10, 0x18, 0x70, 0x17, 0x00, 0x15, 0x11, 0x18, 0x70, 0x17
    .byte 0x00, 0x20, 0x00, 0x00, 0x15, 0x6d, 0x18, 0x70, 0x17, 0x00, 0x15, 0x6e, 0x18, 0x70, 0x17, 0x00
    .byte 0x20, 0x00, 0x00, 0x15, 0x65, 0x18, 0x70, 0x28, 0x00, 0x03, 0x2b, 0x00, 0x03, 0x33, 0x00, 0x40
    .byte 0x00, 0x00, 0x00, 0x14, 0xc1, 0x1d, 0x22, 0x02, 0x15, 0x6e, 0x18, 0x70, 0x15, 0x11, 0x18, 0x71
    .byte 0x1d, 0x10, 0x14, 0xc1, 0x1d, 0x22, 0x02, 0x2c, 0x01, 0x00, 0x00, 0x00, 0x2c, 0x71, 0x23, 0x22
    .byte 0x02, 0x15, 0x39, 0x03, 0x00, 0x01, 0x00, 0x00, 0x00, 0x28, 0x00, 0x06, 0x25, 0x0a, 0x1e, 0x22
    .byte 0x02, 0x2b, 0x00, 0x03, 0x33, 0x00, 0xa0, 0x00, 0x00, 0x00, 0x14, 0x0a, 0x1e, 0x22, 0x02, 0x15
    .byte 0x6e, 0x18, 0x70, 0x15, 0x11, 0x18, 0x71, 0x24, 0x01, 0x10, 0x00, 0x00, 0x00, 0x1d, 0x10, 0x14
    .byte 0xf5, 0x1d, 0x22, 0x02, 0x2c, 0x01, 0x00, 0x00, 0x00, 0x2c, 0x7f, 0x23, 0x22, 0x02, 0x15, 0x39
    .byte 0x25, 0x01, 0x1e, 0x22, 0x02, 0x2c, 0x01, 0x00, 0x00, 0x00, 0x2c, 0x8d, 0x23, 0x22, 0x02, 0x15
    .byte 0x39, 0x03, 0x00, 0x01, 0x00, 0x00, 0x00, 0x28, 0x00, 0x06, 0x20, 0x00, 0x00, 0x2c, 0x20, 0x20
    .byte 0x22, 0x02, 0x15, 0x39, 0x20, 0x00, 0x00, 0x15, 0x42, 0x18, 0x70, 0x32, 0x00, 0x00, 0x00, 0x00
    .byte 0x00, 0x14, 0x2b, 0x1e, 0x22, 0x02, 0x01, 0x14, 0x1e, 0x22, 0x02, 0x2b, 0x00, 0x06, 0x32, 0x00
    .byte 0x01, 0x00, 0x00, 0x00, 0x14, 0x52, 0x1e, 0x22, 0x02, 0x2c, 0x01, 0x00, 0x00, 0x00, 0x15, 0x42
    .byte 0x18, 0x70, 0x32, 0x00, 0x00, 0x00, 0x00, 0x00, 0x14, 0x52, 0x1e, 0x22, 0x02, 0x01, 0x39, 0x1e
    .byte 0x22, 0x02, 0x00, 0x03, 0x00, 0x04, 0x00, 0x00, 0x00, 0x26, 0x00, 0xbe, 0x2c, 0x05, 0x00, 0x00
    .byte 0x00, 0x2c, 0xf7, 0x19, 0x22, 0x02, 0x15, 0x39, 0x20, 0x00, 0x00, 0x15, 0x18, 0x20, 0x00, 0x00
    .byte 0x15, 0x19, 0x2c, 0x01, 0x00, 0x00, 0x00, 0x15, 0xa9, 0x2c, 0x00, 0x10, 0x00, 0x00, 0x2c, 0x01
    .byte 0x10, 0x00, 0x00, 0x2c, 0x02, 0x10, 0x00, 0x00, 0x2c, 0x02, 0x00, 0x00, 0x00, 0x20, 0x00, 0x00
    .byte 0x15, 0x73, 0x2c, 0x80, 0x01, 0x00, 0x00, 0x15, 0x17, 0x2c, 0x01, 0x00, 0x00, 0x00, 0x15, 0x2b
    .byte 0x2c, 0x28, 0x02, 0x00, 0x00, 0x2c, 0x0f, 0x01, 0x00, 0x00, 0x2c, 0xc0, 0xff, 0xff, 0xff, 0x2c
    .byte 0x00, 0x18, 0x00, 0x00, 0x2c, 0x05, 0x00, 0x00, 0x00, 0x2c, 0x01, 0x00, 0x00, 0x00, 0x15, 0x1a
    .byte 0x15, 0x21, 0x2c, 0x11, 0x10, 0x00, 0x00, 0x2c, 0x01, 0x10, 0x00, 0x00, 0x2c, 0x12, 0x10, 0x00
    .byte 0x00, 0x2c, 0x02, 0x00, 0x00, 0x00, 0x2c, 0x1c, 0x00, 0x00, 0x00, 0x15, 0x73, 0x2c, 0x00, 0x01
    .byte 0x00, 0x00, 0x15, 0x17, 0x2c, 0x1c, 0x00, 0x00, 0x00, 0x15, 0x05, 0x20, 0x00, 0x00, 0x15, 0x06
    .byte 0x15, 0x16, 0x2c, 0x0a, 0x00, 0x00, 0x00, 0x15, 0x07, 0x15, 0x08, 0x00, 0x03, 0x00, 0x40, 0x00
    .byte 0x00, 0x00, 0x31, 0x00, 0x20, 0x00, 0x00, 0x00, 0x14, 0x42, 0x1f, 0x22, 0x02, 0x2c, 0x1d, 0x00
    .byte 0x00, 0x00, 0x15, 0x05, 0x2c, 0x01, 0x00, 0x00, 0x00, 0x15, 0x06, 0x20, 0x00, 0x00, 0x15, 0x2b
    .byte 0x2c, 0x28, 0x02, 0x00, 0x00, 0x2c, 0xff, 0x00, 0x00, 0x00, 0x2c, 0xe8, 0xff, 0xff, 0xff, 0x2c
    .byte 0x00, 0x10, 0x00, 0x00, 0x2c, 0x05, 0x00, 0x00, 0x00, 0x2c, 0x01, 0x00, 0x00, 0x00, 0x15, 0x1a
    .byte 0x15, 0x21, 0x2c, 0x1b, 0x00, 0x00, 0x00, 0x15, 0x05, 0x20, 0x00, 0x00, 0x15, 0x06, 0x20, 0x00
    .byte 0x00, 0x15, 0x2b, 0x2c, 0x28, 0x02, 0x00, 0x00, 0x2c, 0xff, 0x00, 0x00, 0x00, 0x20, 0x00, 0x00
    .byte 0x2c, 0x00, 0x10, 0x00, 0x00, 0x2c, 0x05, 0x00, 0x00, 0x00, 0x2c, 0x01, 0x00, 0x00, 0x00, 0x15
    .byte 0x1a, 0x15, 0x21, 0x2c, 0x01, 0x00, 0x00, 0x00, 0x15, 0x18, 0x2c, 0x01, 0x00, 0x00, 0x00, 0x15
    .byte 0x19, 0x20, 0x00, 0x00, 0x15, 0xa9, 0x2c, 0x00, 0x10, 0x00, 0x00, 0x2c, 0x01, 0x10, 0x00, 0x00
    .byte 0x2c, 0x02, 0x10, 0x00, 0x00, 0x2c, 0x02, 0x00, 0x00, 0x00, 0x2c, 0x0c, 0x00, 0x00, 0x00, 0x15
    .byte 0x73, 0x2c, 0x00, 0x01, 0x00, 0x00, 0x15, 0x17, 0x2c, 0x01, 0x00, 0x00, 0x00, 0x15, 0x06, 0x15
    .byte 0x28, 0x00, 0x03, 0x00, 0x04, 0x00, 0x00, 0x00, 0x26, 0x00, 0xbe, 0x2c, 0x05, 0x00, 0x00, 0x00
    .byte 0x2c, 0xf7, 0x19, 0x22, 0x02, 0x15, 0x39, 0x2c, 0x01, 0x00, 0x00, 0x00, 0x15, 0xa9, 0x20, 0x00
    .byte 0x00, 0x15, 0x18, 0x20, 0x00, 0x00, 0x15, 0x19, 0x2c, 0x00, 0x10, 0x00, 0x00, 0x2c, 0x01, 0x10
    .byte 0x00, 0x00, 0x2c, 0x02, 0x10, 0x00, 0x00, 0x2c, 0x02, 0x00, 0x00, 0x00, 0x20, 0x00, 0x00, 0x15
    .byte 0x73, 0x2c, 0x01, 0x00, 0x00, 0x00, 0x15, 0x2b, 0x2c, 0x80, 0x01, 0x00, 0x00, 0x15, 0x17, 0x2c
    .byte 0x28, 0x02, 0x00, 0x00, 0x2c, 0x0f, 0x01, 0x00, 0x00, 0x20, 0x00, 0x00, 0x2c, 0x00, 0x18, 0x00
    .byte 0x00, 0x2c, 0x05, 0x00, 0x00, 0x00, 0x2c, 0x01, 0x00, 0x00, 0x00, 0x15, 0x1a, 0x15, 0x21, 0x00
    .byte 0x2c, 0x11, 0x10, 0x00, 0x00, 0x2c, 0x01, 0x10, 0x00, 0x00, 0x2c, 0x12, 0x10, 0x00, 0x00, 0x2c
    .byte 0x02, 0x00, 0x00, 0x00, 0x2c, 0x1b, 0x00, 0x00, 0x00, 0x15, 0x73, 0x2c, 0x00, 0x01, 0x00, 0x00
    .byte 0x15, 0x17, 0x20, 0x00, 0x00, 0x15, 0x2b, 0x20, 0x00, 0x00, 0x2c, 0x01, 0x00, 0x00, 0x00, 0x15
    .byte 0x38, 0x03, 0x00, 0x40, 0x00, 0x00, 0x00, 0x33, 0x00, 0x10, 0x00, 0x00, 0x00, 0x14, 0x89, 0x20
    .byte 0x22, 0x02, 0x2c, 0x28, 0x02, 0x00, 0x00, 0x2c, 0x0f, 0x01, 0x00, 0x00, 0x2c, 0xc0, 0xff, 0xff
    .byte 0xff, 0x2c, 0x00, 0x20, 0x00, 0x00, 0x2c, 0x05, 0x00, 0x00, 0x00, 0x2c, 0x01, 0x00, 0x00, 0x00
    .byte 0x15, 0x1a, 0x15, 0x21, 0x25, 0xe0, 0x20, 0x22, 0x02, 0x2c, 0x28, 0x02, 0x00, 0x00, 0x2c, 0x0f
    .byte 0x01, 0x00, 0x00, 0x2c, 0xf4, 0xff, 0xff, 0xff, 0x2c, 0x00, 0x10, 0x00, 0x00, 0x2c, 0x05, 0x00
    .byte 0x00, 0x00, 0x2c, 0x01, 0x00, 0x00, 0x00, 0x15, 0x1a, 0x15, 0x21, 0x2c, 0x1d, 0x00, 0x00, 0x00
    .byte 0x15, 0x05, 0x2c, 0x01, 0x00, 0x00, 0x00, 0x15, 0x06, 0x20, 0x00, 0x00, 0x15, 0x2b, 0x2c, 0x28
    .byte 0x02, 0x00, 0x00, 0x2c, 0x0f, 0x01, 0x00, 0x00, 0x2c, 0xc0, 0xff, 0xff, 0xff, 0x2c, 0x00, 0x10
    .byte 0x00, 0x00, 0x2c, 0x05, 0x00, 0x00, 0x00, 0x2c, 0x01, 0x00, 0x00, 0x00, 0x15, 0x1a, 0x15, 0x21
    .byte 0x2c, 0x01, 0x00, 0x00, 0x00, 0x20, 0x00, 0x00, 0x15, 0x38, 0x2c, 0x02, 0x00, 0x00, 0x00, 0x2c
    .byte 0x57, 0x00, 0x00, 0x00, 0x15, 0xe0, 0x2c, 0x09, 0x10, 0x00, 0x00, 0x2c, 0x01, 0x10, 0x00, 0x00
    .byte 0x2c, 0x0a, 0x10, 0x00, 0x00, 0x2c, 0x02, 0x00, 0x00, 0x00, 0x2c, 0x18, 0x00, 0x00, 0x00, 0x15
    .byte 0x73, 0x2c, 0x00, 0x01, 0x00, 0x00, 0x15, 0x17, 0x15, 0x16, 0x2c, 0x00, 0x10, 0x00, 0x00, 0x2c
    .byte 0x01, 0x10, 0x00, 0x00, 0x2c, 0x02, 0x10, 0x00, 0x00, 0x2c, 0x02, 0x00, 0x00, 0x00, 0x20, 0x00
    .byte 0x00, 0x15, 0x73, 0x2c, 0x00, 0x01, 0x00, 0x00, 0x15, 0x17, 0x2c, 0x01, 0x00, 0x00, 0x00, 0x15
    .byte 0x2b, 0x20, 0x00, 0x00, 0x2c, 0x0c, 0x00, 0x00, 0x00, 0x20, 0x00, 0x00, 0x2c, 0x70, 0x17, 0x00
    .byte 0x00, 0x2c, 0x04, 0x00, 0x00, 0x00, 0x2c, 0x01, 0x00, 0x00, 0x00, 0x15, 0x1a, 0x15, 0x21, 0x2c
    .byte 0x08, 0x00, 0x00, 0x00, 0x15, 0x05, 0x2c, 0x01, 0x00, 0x00, 0x00, 0x15, 0x18, 0x2c, 0x01, 0x00
    .byte 0x00, 0x00, 0x15, 0x19, 0x20, 0x00, 0x00, 0x15, 0xa9, 0x15, 0x28, 0x00, 0x03, 0x00, 0x00, 0x00
    .byte 0x00, 0x00, 0x28, 0x00, 0x00, 0x01, 0xa6, 0x21, 0x22, 0x02, 0x03, 0x00, 0x01, 0x00, 0x00, 0x00
    .byte 0x28, 0x00, 0x00, 0x01, 0xa6, 0x21, 0x22, 0x02, 0x03, 0x00, 0x02, 0x00, 0x00, 0x00, 0x28, 0x00
    .byte 0x00, 0x01, 0xa6, 0x21, 0x22, 0x02, 0x15, 0x28, 0x2c, 0x14, 0x00, 0x00, 0x00, 0x15, 0x07, 0x15
    .byte 0x08, 0x20, 0x00, 0x00, 0x15, 0x18, 0x20, 0x00, 0x00, 0x15, 0x19, 0x2c, 0x01, 0x00, 0x00, 0x00
    .byte 0x15, 0xa9, 0x2c, 0x00, 0x01, 0x00, 0x00, 0x15, 0x17, 0x2c, 0x01, 0x00, 0x00, 0x00, 0x15, 0x2b
    .byte 0x2b, 0x00, 0x00, 0x32, 0x00, 0x00, 0x00, 0x00, 0x00, 0x14, 0x05, 0x22, 0x22, 0x02, 0x2c, 0x28
    .byte 0x02, 0x00, 0x00, 0x2c, 0x0f, 0x01, 0x00, 0x00, 0x2c, 0xc0, 0xff, 0xff, 0xff, 0x2c, 0x00, 0x20
    .byte 0x00, 0x00, 0x2c, 0x05, 0x00, 0x00, 0x00, 0x2c, 0x01, 0x00, 0x00, 0x00, 0x15, 0x1a, 0x15, 0x21
    .byte 0x25, 0xa4, 0x22, 0x22, 0x02, 0x2b, 0x00, 0x00, 0x32, 0x00, 0x01, 0x00, 0x00, 0x00, 0x14, 0x5e
    .byte 0x22, 0x22, 0x02, 0x2c, 0x28, 0x02, 0x00, 0x00, 0x15, 0x11, 0x18, 0x70, 0x17, 0x00, 0x2c, 0xc0
    .byte 0xff, 0xff, 0xff, 0x2c, 0x00, 0x20, 0x00, 0x00, 0x2c, 0x05, 0x00, 0x00, 0x00, 0x2c, 0x01, 0x00
    .byte 0x00, 0x00, 0x15, 0x1a, 0x15, 0x21, 0x15, 0x10, 0x18, 0x70, 0x17, 0x00, 0x2c, 0x0f, 0x01, 0x00
    .byte 0x00, 0x2c, 0xc0, 0xff, 0xff, 0xff, 0x2c, 0x00, 0x20, 0x00, 0x00, 0x2c, 0x05, 0x00, 0x00, 0x00
    .byte 0x2c, 0x01, 0x00, 0x00, 0x00, 0x15, 0x1a, 0x15, 0x21, 0x25, 0xa4, 0x22, 0x22, 0x02, 0x15, 0x10
    .byte 0x18, 0x70, 0x17, 0x00, 0x2c, 0x0f, 0x01, 0x00, 0x00, 0x2c, 0xc0, 0xff, 0xff, 0xff, 0x2c, 0x00
    .byte 0x20, 0x00, 0x00, 0x2c, 0x05, 0x00, 0x00, 0x00, 0x2c, 0x01, 0x00, 0x00, 0x00, 0x15, 0x1a, 0x15
    .byte 0x21, 0x2c, 0x28, 0x02, 0x00, 0x00, 0x15, 0x11, 0x18, 0x70, 0x17, 0x00, 0x2c, 0xc0, 0xff, 0xff
    .byte 0xff, 0x2c, 0x00, 0x20, 0x00, 0x00, 0x2c, 0x05, 0x00, 0x00, 0x00, 0x2c, 0x01, 0x00, 0x00, 0x00
    .byte 0x15, 0x1a, 0x15, 0x21, 0x20, 0x00, 0x00, 0x2c, 0x01, 0x00, 0x00, 0x00, 0x15, 0x38, 0x03, 0x00
    .byte 0x04, 0x00, 0x00, 0x00, 0x26, 0x00, 0xbe, 0x2c, 0x05, 0x00, 0x00, 0x00, 0x2c, 0xf7, 0x19, 0x22
    .byte 0x02, 0x15, 0x39, 0x2c, 0x16, 0x00, 0x00, 0x00, 0x15, 0x05, 0x20, 0x00, 0x00, 0x15, 0x06, 0x15
    .byte 0x16, 0x2c, 0x0a, 0x00, 0x00, 0x00, 0x15, 0x07, 0x15, 0x08, 0x03, 0x00, 0x40, 0x00, 0x00, 0x00
    .byte 0x30, 0x00, 0x10, 0x00, 0x00, 0x00, 0x14, 0x20, 0x23, 0x22, 0x02, 0x2c, 0x15, 0x00, 0x00, 0x00
    .byte 0x15, 0x05, 0x2c, 0x01, 0x00, 0x00, 0x00, 0x15, 0x06, 0x20, 0x00, 0x00, 0x15, 0x2b, 0x2c, 0x28
    .byte 0x02, 0x00, 0x00, 0x2c, 0xff, 0x00, 0x00, 0x00, 0x2c, 0xe8, 0xff, 0xff, 0xff, 0x2c, 0x00, 0x10
    .byte 0x00, 0x00, 0x2c, 0x05, 0x00, 0x00, 0x00, 0x2c, 0x01, 0x00, 0x00, 0x00, 0x15, 0x1a, 0x15, 0x21
    .byte 0x2c, 0x17, 0x00, 0x00, 0x00, 0x15, 0x05, 0x20, 0x00, 0x00, 0x15, 0x06, 0x20, 0x00, 0x00, 0x15
    .byte 0x2b, 0x2c, 0x28, 0x02, 0x00, 0x00, 0x2c, 0xff, 0x00, 0x00, 0x00, 0x20, 0x00, 0x00, 0x2c, 0x00
    .byte 0x10, 0x00, 0x00, 0x2c, 0x05, 0x00, 0x00, 0x00, 0x2c, 0x01, 0x00, 0x00, 0x00, 0x15, 0x1a, 0x15
    .byte 0x21, 0x2c, 0x01, 0x00, 0x00, 0x00, 0x20, 0x00, 0x00, 0x15, 0x38, 0x2c, 0x01, 0x00, 0x00, 0x00
    .byte 0x15, 0x18, 0x2c, 0x01, 0x00, 0x00, 0x00, 0x15, 0x19, 0x20, 0x00, 0x00, 0x15, 0xa9, 0x15, 0x2c
    .byte 0x00, 0x03, 0x00, 0x00, 0x00, 0x00, 0x00, 0x28, 0x00, 0x00, 0x01, 0x9b, 0x23, 0x22, 0x02, 0x03
    .byte 0x00, 0x01, 0x00, 0x00, 0x00, 0x28, 0x00, 0x00, 0x01, 0x9b, 0x23, 0x22, 0x02, 0x03, 0x00, 0x02
    .byte 0x00, 0x00, 0x00, 0x28, 0x00, 0x00, 0x01, 0x9b, 0x23, 0x22, 0x02, 0x15, 0x28, 0x2c, 0x14, 0x00
    .byte 0x00, 0x00, 0x15, 0x07, 0x15, 0x08, 0x2c, 0x01, 0x00, 0x00, 0x00, 0x15, 0xa9, 0x20, 0x00, 0x00
    .byte 0x15, 0x18, 0x20, 0x00, 0x00, 0x15, 0x19, 0x2c, 0x01, 0x00, 0x00, 0x00, 0x15, 0x2b, 0x2b, 0x00
    .byte 0x00, 0x32, 0x00, 0x00, 0x00, 0x00, 0x00, 0x14, 0xf1, 0x23, 0x22, 0x02, 0x2c, 0x28, 0x02, 0x00
    .byte 0x00, 0x2c, 0x03, 0x01, 0x00, 0x00, 0x20, 0x00, 0x00, 0x2c, 0x00, 0x20, 0x00, 0x00, 0x2c, 0x05
    .byte 0x00, 0x00, 0x00, 0x2c, 0x01, 0x00, 0x00, 0x00, 0x15, 0x1a, 0x15, 0x21, 0x25, 0xb0, 0x24, 0x22
    .byte 0x02, 0x2b, 0x00, 0x00, 0x32, 0x00, 0x01, 0x00, 0x00, 0x00, 0x14, 0x46, 0x24, 0x22, 0x02, 0x2c
    .byte 0x28, 0x02, 0x00, 0x00, 0x15, 0x11, 0x18, 0x70, 0x17, 0x00, 0x20, 0x00, 0x00, 0x2c, 0x00, 0x20
    .byte 0x00, 0x00, 0x2c, 0x05, 0x00, 0x00, 0x00, 0x2c, 0x01, 0x00, 0x00, 0x00, 0x15, 0x1a, 0x15, 0x21
    .byte 0x15, 0x10, 0x18, 0x70, 0x17, 0x00, 0x2c, 0x03, 0x01, 0x00, 0x00, 0x20, 0x00, 0x00, 0x2c, 0x00
    .byte 0x20, 0x00, 0x00, 0x2c, 0x05, 0x00, 0x00, 0x00, 0x2c, 0x01, 0x00, 0x00, 0x00, 0x15, 0x1a, 0x15
    .byte 0x21, 0x25, 0xb0, 0x24, 0x22, 0x02, 0x15, 0x10, 0x18, 0x70, 0x17, 0x00, 0x2c, 0xf3, 0x00, 0x00
    .byte 0x00, 0x20, 0x00, 0x00, 0x2c, 0x00, 0x20, 0x00, 0x00, 0x2c, 0x05, 0x00, 0x00, 0x00, 0x2c, 0x01
    .byte 0x00, 0x00, 0x00, 0x15, 0x1a, 0x15, 0x21, 0x2c, 0x28, 0x02, 0x00, 0x00, 0x15, 0x11, 0x18, 0x70
    .byte 0x17, 0x00, 0x20, 0x00, 0x00, 0x2c, 0x00, 0x20, 0x00, 0x00, 0x2c, 0x05, 0x00, 0x00, 0x00, 0x2c
    .byte 0x01, 0x00, 0x00, 0x00, 0x15, 0x1a, 0x15, 0x21, 0x15, 0x10, 0x18, 0x70, 0x17, 0x00, 0x15, 0x11
    .byte 0x18, 0x70, 0x05, 0x00, 0x10, 0x00, 0x00, 0x00, 0x17, 0x00, 0x20, 0x00, 0x00, 0x2c, 0x00, 0x20
    .byte 0x00, 0x00, 0x2c, 0x05, 0x00, 0x00, 0x00, 0x2c, 0x01, 0x00, 0x00, 0x00, 0x15, 0x1a, 0x15, 0x21
    .byte 0x03, 0x00, 0x04, 0x00, 0x00, 0x00, 0x26, 0x00, 0xbe, 0x2c, 0x05, 0x00, 0x00, 0x00, 0x2c, 0xf7
    .byte 0x19, 0x22, 0x02, 0x15, 0x39, 0x2c, 0x16, 0x00, 0x00, 0x00, 0x15, 0x05, 0x20, 0x00, 0x00, 0x15
    .byte 0x2b, 0x20, 0x00, 0x00, 0x2c, 0x02, 0x00, 0x00, 0x00, 0x15, 0x38, 0x2c, 0x28, 0x02, 0x00, 0x00
    .byte 0x2c, 0x0f, 0x01, 0x00, 0x00, 0x2c, 0xf4, 0xff, 0xff, 0xff, 0x2c, 0x00, 0x10, 0x00, 0x00, 0x2c
    .byte 0x05, 0x00, 0x00, 0x00, 0x2c, 0x01, 0x00, 0x00, 0x00, 0x15, 0x1a, 0x15, 0x21, 0x2c, 0x15, 0x00
    .byte 0x00, 0x00, 0x15, 0x05, 0x2c, 0x01, 0x00, 0x00, 0x00, 0x15, 0x06, 0x20, 0x00, 0x00, 0x15, 0x2b
    .byte 0x2c, 0x28, 0x02, 0x00, 0x00, 0x2c, 0x0f, 0x01, 0x00, 0x00, 0x2c, 0xc0, 0xff, 0xff, 0xff, 0x2c
    .byte 0x00, 0x10, 0x00, 0x00, 0x2c, 0x05, 0x00, 0x00, 0x00, 0x2c, 0x01, 0x00, 0x00, 0x00, 0x15, 0x1a
    .byte 0x15, 0x21, 0x2c, 0x02, 0x00, 0x00, 0x00, 0x2c, 0x57, 0x00, 0x00, 0x00, 0x15, 0xe0, 0x2c, 0x01
    .byte 0x00, 0x00, 0x00, 0x15, 0x2b, 0x20, 0x00, 0x00, 0x2c, 0x08, 0x00, 0x00, 0x00, 0x20, 0x00, 0x00
    .byte 0x2c, 0x00, 0x10, 0x00, 0x00, 0x2c, 0x04, 0x00, 0x00, 0x00, 0x2c, 0x01, 0x00, 0x00, 0x00, 0x15
    .byte 0x1a, 0x15, 0x21, 0x2c, 0x01, 0x00, 0x00, 0x00, 0x20, 0x00, 0x00, 0x15, 0x38, 0x2c, 0x01, 0x00
    .byte 0x00, 0x00, 0x15, 0x18, 0x2c, 0x01, 0x00, 0x00, 0x00, 0x15, 0x19, 0x20, 0x00, 0x00, 0x15, 0xa9
    .byte 0x15, 0x2c, 0x00, 0x2c, 0x97, 0x02, 0x00, 0x00, 0x15, 0x37, 0x18, 0x70, 0x32, 0x00, 0x01, 0x00
    .byte 0x00, 0x00, 0x14, 0x99, 0x25, 0x22, 0x02, 0x15, 0x0d, 0x2c, 0x06, 0x00, 0x00, 0x00, 0x2c, 0x40
    .byte 0x00, 0x00, 0x00, 0x20, 0x00, 0x00, 0x20, 0x00, 0x00, 0x20, 0x00, 0x00, 0x15, 0x5c, 0x2c, 0x07
    .byte 0x00, 0x00, 0x00, 0x2c, 0x40, 0x00, 0x00, 0x00, 0x20, 0x00, 0x00, 0x20, 0x00, 0x00, 0x20, 0x00
    .byte 0x00, 0x15, 0x5c, 0x2c, 0x08, 0x00, 0x00, 0x00, 0x20, 0x00, 0x00, 0x2c, 0xf8, 0xff, 0xff, 0xff
    .byte 0x20, 0x00, 0x00, 0x20, 0x00, 0x00, 0x15, 0x5c, 0x15, 0x10, 0x18, 0x70, 0x28, 0x00, 0x00, 0x15
    .byte 0x11, 0x18, 0x70, 0x28, 0x00, 0x01, 0x15, 0x12, 0x18, 0x70, 0x28, 0x00, 0x02, 0x2c, 0x01, 0x00
    .byte 0x00, 0x00, 0x2c, 0xfa, 0x25, 0x22, 0x02, 0x15, 0x29, 0x00, 0x20, 0x00, 0x00, 0x2c, 0x55, 0x26
    .byte 0x22, 0x02, 0x15, 0x39, 0x2b, 0x00, 0x00, 0x2c, 0x01, 0x00, 0x00, 0x00, 0x2c, 0xfe, 0xff, 0xff
    .byte 0xff, 0x2c, 0x02, 0x00, 0x00, 0x00, 0x2c, 0x08, 0x00, 0x00, 0x00, 0x20, 0x00, 0x00, 0x15, 0x9e
    .byte 0x18, 0x71, 0x04, 0x10, 0x17, 0x00, 0x2f, 0x01, 0x2f, 0x02, 0x15, 0x02, 0x2c, 0x01, 0x00, 0x00
    .byte 0x00, 0x15, 0x07, 0x15, 0x08, 0x20, 0x00, 0x00, 0x15, 0x42, 0x18, 0x70, 0x14, 0x46, 0x26, 0x22
    .byte 0x02, 0x25, 0x4b, 0x26, 0x22, 0x02, 0x25, 0x04, 0x26, 0x22, 0x02, 0x2f, 0x00, 0x2f, 0x01, 0x2f
    .byte 0x02, 0x15, 0x02, 0x00, 0x00, 0x15, 0x28, 0x2c, 0x00, 0x01, 0x00, 0x00, 0x15, 0x17, 0x2c, 0x0f
    .byte 0x10, 0x00, 0x00, 0x2c, 0x01, 0x10, 0x00, 0x00, 0x2c, 0x10, 0x10, 0x00, 0x00, 0x2c, 0x02, 0x00
    .byte 0x00, 0x00, 0x20, 0x00, 0x00, 0x15, 0x73, 0x20, 0x00, 0x00, 0x2c, 0x80, 0x7a, 0x00, 0x00, 0x15
    .byte 0xe0, 0x03, 0x00, 0x10, 0x00, 0x00, 0x00, 0x29, 0x01, 0xff, 0x04, 0x10, 0x17, 0x00, 0x15, 0x05
    .byte 0x15, 0x16, 0x03, 0x00, 0x10, 0x00, 0x00, 0x00, 0x29, 0x01, 0xff, 0x04, 0x10, 0x17, 0x00, 0x15
    .byte 0x05, 0x15, 0x16, 0x03, 0x00, 0x10, 0x00, 0x00, 0x00, 0x29, 0x01, 0xff, 0x04, 0x10, 0x17, 0x00
    .byte 0x15, 0x05, 0x15, 0x16, 0x03, 0x00, 0x10, 0x00, 0x00, 0x00, 0x29, 0x01, 0xff, 0x04, 0x10, 0x17
    .byte 0x00, 0x15, 0x05, 0x15, 0x16, 0x00, 0x00, 0x00, 0x00, 0x00, 0x00, 0x00, 0x00, 0x00, 0x00, 0x00
    .byte 0x00, 0x00, 0x00, 0x00, 0x00, 0x00, 0x00, 0x00, 0x00, 0x00, 0x00, 0x00, 0x00, 0x00, 0x00, 0x00
