.text
; Matching fallback for the portable implementation in src/overlays/ov120/overlay120_recovery.c.
.extern data_ov120_0221d720
.extern data_ov120_0221d734
.extern data_ov120_0221e531
.extern data_ov120_022248e0
.extern data_ov120_022248e4
.extern func_02008f58
.extern ActorInteractionRuntime_Init
.extern ActorInteractionRuntime_NoOp
.extern ActorDescriptorBatch_RegisterAndSpawnCategory1
.extern ActorDescriptorBatch_SetCategory1Callback

.global func_ov120_0221d6c0
func_ov120_0221d6c0:
    stmdb sp!, {r3, lr}
    cmp r0, #0x0
    ldmneia sp!, {r3, pc}
    bl ActorInteractionRuntime_Init
    ldr r0, .L_0221d6fc
    ldr r2, .L_0221d700
    mov r1, #0x3
    bl ActorDescriptorBatch_RegisterAndSpawnCategory1
    ldr r0, .L_0221d704
    bl ActorInteractionRuntime_NoOp
    ldr r0, .L_0221d708
    bl func_02008f58
    ldr r0, .L_0221d70c
    bl ActorDescriptorBatch_SetCategory1Callback
    ldmia sp!, {r3, pc}
.L_0221d6fc: .word data_ov120_022248e4
.L_0221d700: .word data_ov120_0221d734
.L_0221d704: .word data_ov120_022248e0
.L_0221d708: .word data_ov120_0221d720
.L_0221d70c: .word data_ov120_0221e531
.size func_ov120_0221d6c0, . - func_ov120_0221d6c0

; Matching fallback for initialized records and BSS documented in
; src/overlays/ov120/overlay120_recovery.c.
; Absolute labels preserve fixed-address record and BSS references without alignment padding.
.global data_ov120_0221d720
.set data_ov120_0221d720, 0x0221d720
.global data_ov120_0221d734
.set data_ov120_0221d734, 0x0221d734
.global data_ov120_0221dea0
.set data_ov120_0221dea0, 0x0221dea0
.global data_ov120_0221dfcc
.set data_ov120_0221dfcc, 0x0221dfcc
.global data_ov120_0221e08f
.set data_ov120_0221e08f, 0x0221e08f
.global data_ov120_0221e0d6
.set data_ov120_0221e0d6, 0x0221e0d6
.global data_ov120_0221e119
.set data_ov120_0221e119, 0x0221e119
.global data_ov120_0221e130
.set data_ov120_0221e130, 0x0221e130
.global data_ov120_0221e156
.set data_ov120_0221e156, 0x0221e156
.global data_ov120_0221e190
.set data_ov120_0221e190, 0x0221e190
.global data_ov120_0221e284
.set data_ov120_0221e284, 0x0221e284
.global data_ov120_0221e298
.set data_ov120_0221e298, 0x0221e298
.global data_ov120_0221e2be
.set data_ov120_0221e2be, 0x0221e2be
.global data_ov120_0221e341
.set data_ov120_0221e341, 0x0221e341
.global data_ov120_0221e342
.set data_ov120_0221e342, 0x0221e342
.global data_ov120_0221e37f
.set data_ov120_0221e37f, 0x0221e37f
.global data_ov120_0221e531
.set data_ov120_0221e531, 0x0221e531
.global data_ov120_0221e574
.set data_ov120_0221e574, 0x0221e574
.global data_ov120_0221e66b
.set data_ov120_0221e66b, 0x0221e66b
.global data_ov120_0221e675
.set data_ov120_0221e675, 0x0221e675
.global data_ov120_0221e6ad
.set data_ov120_0221e6ad, 0x0221e6ad
.global data_ov120_0221e6db
.set data_ov120_0221e6db, 0x0221e6db
.global data_ov120_0221e77d
.set data_ov120_0221e77d, 0x0221e77d
.global data_ov120_0221e865
.set data_ov120_0221e865, 0x0221e865
.global data_ov120_0221e945
.set data_ov120_0221e945, 0x0221e945
.global data_ov120_0221f024
.set data_ov120_0221f024, 0x0221f024
.global data_ov120_0221f1f9
.set data_ov120_0221f1f9, 0x0221f1f9
.global data_ov120_0221fe01
.set data_ov120_0221fe01, 0x0221fe01
.global data_ov120_02220042
.set data_ov120_02220042, 0x02220042
.global data_ov120_0222005c
.set data_ov120_0222005c, 0x0222005c
.global data_ov120_02220070
.set data_ov120_02220070, 0x02220070
.global data_ov120_022200cd
.set data_ov120_022200cd, 0x022200cd
.global data_ov120_02220119
.set data_ov120_02220119, 0x02220119
.global data_ov120_02220123
.set data_ov120_02220123, 0x02220123
.global data_ov120_02220185
.set data_ov120_02220185, 0x02220185
.global data_ov120_02220266
.set data_ov120_02220266, 0x02220266
.global data_ov120_0222030b
.set data_ov120_0222030b, 0x0222030b
.global data_ov120_022203ad
.set data_ov120_022203ad, 0x022203ad
.global data_ov120_02220411
.set data_ov120_02220411, 0x02220411
.global data_ov120_022204b3
.set data_ov120_022204b3, 0x022204b3
.global data_ov120_022204f4
.set data_ov120_022204f4, 0x022204f4
.global data_ov120_0222050d
.set data_ov120_0222050d, 0x0222050d
.global data_ov120_02220529
.set data_ov120_02220529, 0x02220529
.global data_ov120_0222055d
.set data_ov120_0222055d, 0x0222055d
.global data_ov120_02220564
.set data_ov120_02220564, 0x02220564
.global data_ov120_022205a0
.set data_ov120_022205a0, 0x022205a0
.global data_ov120_022205b3
.set data_ov120_022205b3, 0x022205b3
.global data_ov120_0222061d
.set data_ov120_0222061d, 0x0222061d
.global data_ov120_02220771
.set data_ov120_02220771, 0x02220771
.global data_ov120_02220843
.set data_ov120_02220843, 0x02220843
.global data_ov120_02220878
.set data_ov120_02220878, 0x02220878
.global data_ov120_022208ad
.set data_ov120_022208ad, 0x022208ad
.global data_ov120_0222094d
.set data_ov120_0222094d, 0x0222094d
.global data_ov120_02220995
.set data_ov120_02220995, 0x02220995
.global data_ov120_02220a4c
.set data_ov120_02220a4c, 0x02220a4c
.global data_ov120_02220a9a
.set data_ov120_02220a9a, 0x02220a9a
.global data_ov120_02220ae3
.set data_ov120_02220ae3, 0x02220ae3
.global data_ov120_02220aed
.set data_ov120_02220aed, 0x02220aed
.global data_ov120_02220b29
.set data_ov120_02220b29, 0x02220b29
.global data_ov120_02220b55
.set data_ov120_02220b55, 0x02220b55
.global data_ov120_02220b7c
.set data_ov120_02220b7c, 0x02220b7c
.global data_ov120_02220b7f
.set data_ov120_02220b7f, 0x02220b7f
.global data_ov120_02220bd5
.set data_ov120_02220bd5, 0x02220bd5
.global data_ov120_02220c79
.set data_ov120_02220c79, 0x02220c79
.global data_ov120_02220e34
.set data_ov120_02220e34, 0x02220e34
.global data_ov120_02220ede
.set data_ov120_02220ede, 0x02220ede
.global data_ov120_02220eef
.set data_ov120_02220eef, 0x02220eef
.global data_ov120_02220fec
.set data_ov120_02220fec, 0x02220fec
.global data_ov120_0222106f
.set data_ov120_0222106f, 0x0222106f
.global data_ov120_022211c8
.set data_ov120_022211c8, 0x022211c8
.global data_ov120_02221221
.set data_ov120_02221221, 0x02221221
.global data_ov120_02221242
.set data_ov120_02221242, 0x02221242
.global data_ov120_022212ad
.set data_ov120_022212ad, 0x022212ad
.global data_ov120_022213f1
.set data_ov120_022213f1, 0x022213f1
.global data_ov120_02221460
.set data_ov120_02221460, 0x02221460
.global data_ov120_02221461
.set data_ov120_02221461, 0x02221461
.global data_ov120_02221537
.set data_ov120_02221537, 0x02221537
.global data_ov120_022215de
.set data_ov120_022215de, 0x022215de
.global data_ov120_022215e5
.set data_ov120_022215e5, 0x022215e5
.global data_ov120_0222162a
.set data_ov120_0222162a, 0x0222162a
.global data_ov120_022216f1
.set data_ov120_022216f1, 0x022216f1
.global data_ov120_02221832
.set data_ov120_02221832, 0x02221832
.global data_ov120_02221833
.set data_ov120_02221833, 0x02221833
.global data_ov120_0222188f
.set data_ov120_0222188f, 0x0222188f
.global data_ov120_02221971
.set data_ov120_02221971, 0x02221971
.global data_ov120_02221a77
.set data_ov120_02221a77, 0x02221a77
.global data_ov120_02221a95
.set data_ov120_02221a95, 0x02221a95
.global data_ov120_02221b01
.set data_ov120_02221b01, 0x02221b01
.global data_ov120_02221be1
.set data_ov120_02221be1, 0x02221be1
.global data_ov120_02221be6
.set data_ov120_02221be6, 0x02221be6
.global data_ov120_02221c0f
.set data_ov120_02221c0f, 0x02221c0f
.global data_ov120_02221c52
.set data_ov120_02221c52, 0x02221c52
.global data_ov120_02221d41
.set data_ov120_02221d41, 0x02221d41
.global data_ov120_02221e87
.set data_ov120_02221e87, 0x02221e87
.global data_ov120_02221f7c
.set data_ov120_02221f7c, 0x02221f7c
.global data_ov120_02221f98
.set data_ov120_02221f98, 0x02221f98
.global data_ov120_0222208b
.set data_ov120_0222208b, 0x0222208b
.global data_ov120_02222182
.set data_ov120_02222182, 0x02222182
.global data_ov120_022221cd
.set data_ov120_022221cd, 0x022221cd
.global data_ov120_0222232b
.set data_ov120_0222232b, 0x0222232b
.global data_ov120_0222239d
.set data_ov120_0222239d, 0x0222239d
.global data_ov120_022223dc
.set data_ov120_022223dc, 0x022223dc
.global data_ov120_02222407
.set data_ov120_02222407, 0x02222407
.global data_ov120_02222435
.set data_ov120_02222435, 0x02222435
.global data_ov120_022225e8
.set data_ov120_022225e8, 0x022225e8
.global data_ov120_02222609
.set data_ov120_02222609, 0x02222609
.global data_ov120_02222617
.set data_ov120_02222617, 0x02222617
.global data_ov120_02222798
.set data_ov120_02222798, 0x02222798
.global data_ov120_022227a1
.set data_ov120_022227a1, 0x022227a1
.global data_ov120_022227e9
.set data_ov120_022227e9, 0x022227e9
.global data_ov120_02222891
.set data_ov120_02222891, 0x02222891
.global data_ov120_02222a75
.set data_ov120_02222a75, 0x02222a75
.global data_ov120_02222b05
.set data_ov120_02222b05, 0x02222b05
.global data_ov120_02222b13
.set data_ov120_02222b13, 0x02222b13
.global data_ov120_02222c23
.set data_ov120_02222c23, 0x02222c23
.global data_ov120_02222d1c
.set data_ov120_02222d1c, 0x02222d1c
.global data_ov120_02222e3d
.set data_ov120_02222e3d, 0x02222e3d
.global data_ov120_02222f02
.set data_ov120_02222f02, 0x02222f02
.global data_ov120_02222f0f
.set data_ov120_02222f0f, 0x02222f0f
.global data_ov120_02222f10
.set data_ov120_02222f10, 0x02222f10
.global data_ov120_02222f44
.set data_ov120_02222f44, 0x02222f44
.global data_ov120_02222f7d
.set data_ov120_02222f7d, 0x02222f7d
.global data_ov120_02223049
.set data_ov120_02223049, 0x02223049
.global data_ov120_022231f5
.set data_ov120_022231f5, 0x022231f5
.global data_ov120_022231f6
.set data_ov120_022231f6, 0x022231f6
.global data_ov120_0222350d
.set data_ov120_0222350d, 0x0222350d
.global data_ov120_022235c5
.set data_ov120_022235c5, 0x022235c5
.global data_ov120_0222362b
.set data_ov120_0222362b, 0x0222362b
.global data_ov120_022236f5
.set data_ov120_022236f5, 0x022236f5
.global data_ov120_022237b0
.set data_ov120_022237b0, 0x022237b0
.global data_ov120_022237c1
.set data_ov120_022237c1, 0x022237c1
.global data_ov120_0222385d
.set data_ov120_0222385d, 0x0222385d
.global data_ov120_02223948
.set data_ov120_02223948, 0x02223948
.global data_ov120_022239ee
.set data_ov120_022239ee, 0x022239ee
.global data_ov120_02223a37
.set data_ov120_02223a37, 0x02223a37
.global data_ov120_02223a41
.set data_ov120_02223a41, 0x02223a41
.global data_ov120_02223a5d
.set data_ov120_02223a5d, 0x02223a5d
.global data_ov120_02223ad1
.set data_ov120_02223ad1, 0x02223ad1
.global data_ov120_02223b8b
.set data_ov120_02223b8b, 0x02223b8b
.global data_ov120_02223bb2
.set data_ov120_02223bb2, 0x02223bb2
.global data_ov120_02223c22
.set data_ov120_02223c22, 0x02223c22
.global data_ov120_02223d20
.set data_ov120_02223d20, 0x02223d20
.global data_ov120_02223dc6
.set data_ov120_02223dc6, 0x02223dc6
.global data_ov120_02223e0f
.set data_ov120_02223e0f, 0x02223e0f
.global data_ov120_02223e19
.set data_ov120_02223e19, 0x02223e19
.global data_ov120_02223e71
.set data_ov120_02223e71, 0x02223e71
.global data_ov120_02223ea5
.set data_ov120_02223ea5, 0x02223ea5
.global data_ov120_02223f60
.set data_ov120_02223f60, 0x02223f60
.global data_ov120_02223f71
.set data_ov120_02223f71, 0x02223f71
.global data_ov120_0222400d
.set data_ov120_0222400d, 0x0222400d
.global data_ov120_0222403f
.set data_ov120_0222403f, 0x0222403f
.global data_ov120_0222411c
.set data_ov120_0222411c, 0x0222411c
.global data_ov120_022241c2
.set data_ov120_022241c2, 0x022241c2
.global data_ov120_0222420b
.set data_ov120_0222420b, 0x0222420b
.global data_ov120_02224215
.set data_ov120_02224215, 0x02224215
.global data_ov120_02224292
.set data_ov120_02224292, 0x02224292
.global data_ov120_022242cc
.set data_ov120_022242cc, 0x022242cc
.global data_ov120_022243ca
.set data_ov120_022243ca, 0x022243ca
.global data_ov120_022243ec
.set data_ov120_022243ec, 0x022243ec
.global data_ov120_0222440d
.set data_ov120_0222440d, 0x0222440d
.global data_ov120_022244dc
.set data_ov120_022244dc, 0x022244dc
.global data_ov120_02224582
.set data_ov120_02224582, 0x02224582
.global data_ov120_022245cb
.set data_ov120_022245cb, 0x022245cb
.global data_ov120_022245d5
.set data_ov120_022245d5, 0x022245d5
.global data_ov120_0222463d
.set data_ov120_0222463d, 0x0222463d
.global data_ov120_022246f8
.set data_ov120_022246f8, 0x022246f8
.global data_ov120_02224709
.set data_ov120_02224709, 0x02224709
.global data_ov120_022247a5
.set data_ov120_022247a5, 0x022247a5
.global data_ov120_02224849
.set data_ov120_02224849, 0x02224849
.global data_ov120_022248e0
.set data_ov120_022248e0, 0x022248e0
.global data_ov120_022248e4
.set data_ov120_022248e4, 0x022248e4
    .section .data, 4, 1, 4
    .byte 0xff, 0xff, 0xff, 0xff, 0x00, 0x00, 0x00, 0x00, 0x00, 0x00, 0x00, 0x00, 0xff, 0xff, 0x00, 0x00
    .byte 0x00, 0x00, 0x00, 0x00, 0x06, 0x00, 0x00, 0x00, 0x00, 0x10, 0x00, 0x00, 0x01, 0x10, 0x00, 0x00
    .byte 0x02, 0x10, 0x00, 0x00, 0x02, 0x00, 0x0c, 0x08, 0x00, 0x00, 0x00, 0x00, 0x00, 0x00, 0xf0, 0xff
    .byte 0xcf, 0xff, 0x10, 0x00, 0x07, 0x00, 0x00, 0xfe, 0x00, 0xfe, 0x00, 0x00, 0x00, 0x00, 0x00, 0x00
    .byte 0x32, 0x18, 0x22, 0x02, 0x00, 0x00, 0x00, 0x00, 0x00, 0x00, 0x00, 0x00, 0x00, 0x00, 0x00, 0x00
    .byte 0xff, 0xff, 0x00, 0x00, 0x00, 0x00, 0x00, 0x00, 0x00, 0x00, 0x00, 0x00, 0xff, 0xff, 0xff, 0xff
    .byte 0xff, 0xff, 0xff, 0xff, 0x00, 0x00, 0x03, 0x00, 0xff, 0xff, 0xff, 0xff, 0x00, 0x00, 0x00, 0x00
    .byte 0xf4, 0xd8, 0x0c, 0x00, 0x00, 0x00, 0x00, 0x00, 0x03, 0x00, 0x00, 0x00, 0x00, 0x10, 0x00, 0x00
    .byte 0x01, 0x10, 0x00, 0x00, 0x02, 0x10, 0x00, 0x00, 0x02, 0x00, 0x00, 0x00, 0x00, 0x00, 0x00, 0x00
    .byte 0x00, 0x00, 0xf0, 0xff, 0xcf, 0xff, 0x10, 0x00, 0x07, 0x00, 0x00, 0xfe, 0x00, 0xfe, 0x00, 0x00
    .byte 0x00, 0x00, 0x00, 0x00, 0x8f, 0x18, 0x22, 0x02, 0x00, 0x00, 0x00, 0x00, 0x00, 0x00, 0x00, 0x00
    .byte 0x00, 0x00, 0x00, 0x00, 0xff, 0xff, 0x00, 0x00, 0x00, 0x00, 0x00, 0x00, 0x00, 0x00, 0x00, 0x00
    .byte 0xff, 0xff, 0xff, 0xff, 0xff, 0xff, 0xff, 0xff, 0x00, 0x00, 0x04, 0x00, 0xff, 0xff, 0xff, 0xff
    .byte 0x00, 0x00, 0x0e, 0x00, 0xf4, 0xd8, 0x0c, 0x00, 0x00, 0x00, 0x00, 0x00, 0x03, 0x00, 0x00, 0x00
    .byte 0x00, 0x10, 0x00, 0x00, 0x01, 0x10, 0x00, 0x00, 0x02, 0x10, 0x00, 0x00, 0x02, 0x00, 0x00, 0x00
    .byte 0x00, 0x00, 0x00, 0x00, 0x00, 0x00, 0xf0, 0xff, 0xcf, 0xff, 0x10, 0x00, 0x07, 0x00, 0x00, 0xfe
    .byte 0x00, 0xfe, 0x00, 0x00, 0x00, 0x00, 0x00, 0x00, 0x2b, 0x23, 0x22, 0x02, 0x00, 0x00, 0x00, 0x00
    .byte 0x00, 0x00, 0x00, 0x00, 0x00, 0x00, 0x00, 0x00, 0xff, 0xff, 0x00, 0x00, 0x00, 0x00, 0x00, 0x00
    .byte 0x00, 0x00, 0x00, 0x00, 0xff, 0xff, 0xff, 0xff, 0xff, 0xff, 0xff, 0xff, 0x00, 0x00, 0x05, 0x00
    .byte 0xff, 0xff, 0xff, 0xff, 0x00, 0x00, 0x0e, 0x00, 0xf4, 0xd8, 0x0c, 0x00, 0x00, 0x00, 0x00, 0x00
    .byte 0x03, 0x00, 0x18, 0x00, 0xd3, 0x21, 0x00, 0x00, 0xd4, 0x21, 0x00, 0x00, 0xd5, 0x21, 0x00, 0x00
    .byte 0x02, 0x00, 0x14, 0x14, 0x00, 0x00, 0x00, 0x00, 0x00, 0x00, 0xc0, 0xff, 0xc0, 0xff, 0x40, 0x00
    .byte 0x40, 0x00, 0xb8, 0x00, 0xc8, 0x01, 0x40, 0x00, 0x00, 0x00, 0x00, 0x00, 0xdb, 0xe6, 0x21, 0x02
    .byte 0x00, 0x00, 0x00, 0x00, 0x00, 0x00, 0x00, 0x00, 0x00, 0x00, 0x00, 0x00, 0xff, 0xff, 0x00, 0x00
    .byte 0x00, 0x00, 0x00, 0x00, 0x00, 0x00, 0x00, 0x00, 0xff, 0xff, 0xff, 0xff, 0xff, 0xff, 0xff, 0xff
    .byte 0x00, 0x00, 0x06, 0x00, 0xff, 0xff, 0xff, 0xff, 0x00, 0x00, 0x04, 0x00, 0xf4, 0xd8, 0x0c, 0x00
    .byte 0x00, 0x02, 0x00, 0x00, 0x03, 0x00, 0x00, 0x00, 0x75, 0x23, 0x00, 0x00, 0x76, 0x23, 0x00, 0x00
    .byte 0x77, 0x23, 0x00, 0x00, 0x02, 0x00, 0x20, 0x20, 0x00, 0x00, 0x00, 0x00, 0x00, 0x00, 0xf0, 0xff
    .byte 0xf0, 0xff, 0x10, 0x00, 0x10, 0x00, 0xe2, 0x00, 0xd0, 0x01, 0x40, 0x00, 0x00, 0x00, 0x00, 0x00
    .byte 0xf6, 0x31, 0x22, 0x02, 0x00, 0x00, 0x00, 0x00, 0x00, 0x00, 0x00, 0x00, 0x00, 0x00, 0x00, 0x00
    .byte 0x02, 0x00, 0x00, 0x00, 0x00, 0x00, 0x00, 0x00, 0x00, 0x00, 0x00, 0x00, 0xff, 0xff, 0xff, 0xff
    .byte 0xff, 0xff, 0xff, 0xff, 0x00, 0x00, 0x07, 0x00, 0xff, 0xff, 0xff, 0xff, 0x00, 0x00, 0x06, 0x00
    .byte 0xf4, 0xd8, 0x0c, 0x00, 0x00, 0x02, 0x00, 0x00, 0x03, 0x00, 0x00, 0x00, 0x82, 0x14, 0x00, 0x00
    .byte 0x83, 0x14, 0x00, 0x00, 0x84, 0x14, 0x00, 0x00, 0x02, 0x00, 0x18, 0x10, 0x00, 0x00, 0x00, 0x00
    .byte 0x00, 0x00, 0xf0, 0xff, 0xcf, 0xff, 0x10, 0x00, 0x07, 0x00, 0x2c, 0x01, 0x58, 0x02, 0x00, 0x00
    .byte 0x00, 0x00, 0x00, 0x00, 0xf4, 0x04, 0x22, 0x02, 0x00, 0x00, 0x00, 0x00, 0x00, 0x00, 0x00, 0x00
    .byte 0x00, 0x00, 0x00, 0x00, 0xff, 0xff, 0x10, 0x00, 0x00, 0x00, 0x00, 0x00, 0x00, 0x00, 0x00, 0x00
    .byte 0xff, 0xff, 0xff, 0xff, 0xff, 0xff, 0xff, 0xff, 0x00, 0x00, 0x08, 0x00, 0xff, 0xff, 0xff, 0xff
    .byte 0x00, 0x00, 0x06, 0x00, 0xf4, 0xd8, 0x0c, 0x00, 0x00, 0x00, 0x00, 0x00, 0x03, 0x00, 0x00, 0x00
    .byte 0xd6, 0x20, 0x00, 0x00, 0xd7, 0x20, 0x00, 0x00, 0xd8, 0x20, 0x00, 0x00, 0x02, 0x00, 0x04, 0x02
    .byte 0x00, 0x00, 0x00, 0x00, 0x00, 0x00, 0xe0, 0xff, 0xc0, 0xff, 0x20, 0x00, 0x00, 0x00, 0x60, 0x01
    .byte 0x40, 0x02, 0x00, 0x00, 0x00, 0x00, 0x00, 0x00, 0x02, 0x2f, 0x22, 0x02, 0x00, 0x00, 0x00, 0x00
    .byte 0x00, 0x00, 0x00, 0x00, 0x00, 0x00, 0x00, 0x00, 0x02, 0x00, 0x00, 0x00, 0x00, 0x00, 0x00, 0x00
    .byte 0x00, 0x00, 0x00, 0x00, 0xff, 0xff, 0xff, 0xff, 0xff, 0xff, 0xff, 0xff, 0x00, 0x00, 0x09, 0x00
    .byte 0xff, 0xff, 0xff, 0xff, 0x00, 0x00, 0x06, 0x00, 0xf4, 0xd8, 0x0c, 0x00, 0x00, 0x00, 0x00, 0x00
    .byte 0x03, 0x00, 0x00, 0x00, 0xd6, 0x20, 0x00, 0x00, 0xd7, 0x20, 0x00, 0x00, 0xd8, 0x20, 0x00, 0x00
    .byte 0x02, 0x02, 0x04, 0x02, 0x00, 0x00, 0x00, 0x00, 0x00, 0x00, 0xe0, 0xff, 0xc0, 0xff, 0x20, 0x00
    .byte 0x00, 0x00, 0x50, 0x01, 0xb0, 0x01, 0xb4, 0x00, 0x00, 0x00, 0x00, 0x00, 0x0f, 0x2f, 0x22, 0x02
    .byte 0x00, 0x00, 0x00, 0x00, 0x00, 0x00, 0x00, 0x00, 0x00, 0x00, 0x00, 0x00, 0x02, 0x00, 0x00, 0x00
    .byte 0x00, 0x00, 0x00, 0x00, 0x00, 0x00, 0x00, 0x00, 0xff, 0xff, 0xff, 0xff, 0xff, 0xff, 0xff, 0xff
    .byte 0x00, 0x00, 0x0a, 0x00, 0xff, 0xff, 0xff, 0xff, 0x00, 0x00, 0x06, 0x00, 0xf4, 0xd8, 0x0c, 0x00
    .byte 0x00, 0x00, 0x00, 0x00, 0x03, 0x00, 0x00, 0x00, 0xb5, 0x31, 0x00, 0x00, 0xad, 0x31, 0x00, 0x00
    .byte 0xb6, 0x31, 0x00, 0x00, 0x02, 0x00, 0x10, 0x10, 0x00, 0x00, 0x00, 0x00, 0x00, 0x00, 0xe8, 0xff
    .byte 0xc0, 0xff, 0x18, 0x00, 0x08, 0x00, 0xa2, 0x03, 0xde, 0x01, 0xd0, 0xff, 0x02, 0x00, 0x00, 0x00
    .byte 0x23, 0x01, 0x22, 0x02, 0x00, 0x00, 0x00, 0x00, 0x00, 0x00, 0x00, 0x00, 0x00, 0x00, 0x00, 0x00
    .byte 0xff, 0xff, 0x00, 0x00, 0x00, 0x00, 0x00, 0x00, 0x00, 0x00, 0x00, 0x00, 0xff, 0xff, 0xff, 0xff
    .byte 0xff, 0xff, 0xff, 0xff, 0x00, 0x00, 0x0b, 0x00, 0xff, 0xff, 0xff, 0xff, 0x00, 0x00, 0x00, 0x00
    .byte 0xed, 0xd0, 0x10, 0x08, 0x00, 0x00, 0x00, 0x00, 0x03, 0x00, 0x00, 0x00, 0xb5, 0x31, 0x00, 0x00
    .byte 0xad, 0x31, 0x00, 0x00, 0xb6, 0x31, 0x00, 0x00, 0x02, 0x00, 0x10, 0x10, 0x00, 0x00, 0x00, 0x00
    .byte 0x00, 0x00, 0xe8, 0xff, 0xc0, 0xff, 0x18, 0x00, 0x08, 0x00, 0x6b, 0x00, 0xb2, 0x01, 0x40, 0x00
    .byte 0x02, 0x00, 0x00, 0x00, 0x66, 0x02, 0x22, 0x02, 0x00, 0x00, 0x00, 0x00, 0x00, 0x00, 0x00, 0x00
    .byte 0x00, 0x00, 0x00, 0x00, 0xff, 0xff, 0x00, 0x00, 0x00, 0x00, 0x00, 0x00, 0x00, 0x00, 0x00, 0x00
    .byte 0xff, 0xff, 0xff, 0xff, 0xff, 0xff, 0xff, 0xff, 0x00, 0x00, 0x0c, 0x00, 0xff, 0xff, 0xff, 0xff
    .byte 0x00, 0x00, 0x00, 0x00, 0xee, 0xd0, 0x10, 0x08, 0x00, 0x00, 0x00, 0x00, 0x03, 0x00, 0x00, 0x00
    .byte 0xb5, 0x31, 0x00, 0x00, 0xad, 0x31, 0x00, 0x00, 0xb6, 0x31, 0x00, 0x00, 0x02, 0x00, 0x10, 0x10
    .byte 0x00, 0x00, 0x00, 0x00, 0x00, 0x00, 0xe8, 0xff, 0xc0, 0xff, 0x18, 0x00, 0x08, 0x00, 0xd3, 0x00
    .byte 0xfe, 0x00, 0xa0, 0x00, 0x02, 0x00, 0x00, 0x00, 0xad, 0x03, 0x22, 0x02, 0x00, 0x00, 0x00, 0x00
    .byte 0x00, 0x00, 0x00, 0x00, 0x00, 0x00, 0x00, 0x00, 0xff, 0xff, 0x00, 0x00, 0x00, 0x00, 0x00, 0x00
    .byte 0x00, 0x00, 0x00, 0x00, 0xff, 0xff, 0xff, 0xff, 0xff, 0xff, 0xff, 0xff, 0x00, 0x00, 0x0d, 0x00
    .byte 0xff, 0xff, 0xff, 0xff, 0x00, 0x00, 0x00, 0x00, 0xee, 0xd0, 0x11, 0x08, 0x00, 0x00, 0x00, 0x00
    .byte 0x03, 0x00, 0x00, 0x00, 0xb5, 0x31, 0x00, 0x00, 0xad, 0x31, 0x00, 0x00, 0xb6, 0x31, 0x00, 0x00
    .byte 0x02, 0x06, 0x0c, 0x08, 0x00, 0x00, 0x00, 0x00, 0x00, 0x00, 0xe0, 0xff, 0xc0, 0xff, 0x10, 0x00
    .byte 0x08, 0x00, 0xb9, 0x01, 0x5d, 0x01, 0xa0, 0x00, 0x00, 0x00, 0x00, 0x00, 0xde, 0x15, 0x22, 0x02
    .byte 0x00, 0x00, 0x00, 0x00, 0x00, 0x00, 0x00, 0x00, 0x00, 0x00, 0x00, 0x00, 0xff, 0xff, 0x00, 0x00
    .byte 0x00, 0x00, 0x00, 0x00, 0x00, 0x00, 0x00, 0x00, 0xff, 0xff, 0xff, 0xff, 0xff, 0xff, 0xff, 0xff
    .byte 0x00, 0x00, 0x0e, 0x00, 0xff, 0xff, 0xff, 0xff, 0x00, 0x00, 0x00, 0x00, 0xf4, 0xd8, 0x0c, 0x00
    .byte 0x00, 0x00, 0x00, 0x00, 0x03, 0x00, 0x00, 0x00, 0x93, 0x16, 0x00, 0x00, 0x94, 0x16, 0x00, 0x00
    .byte 0x95, 0x16, 0x00, 0x00, 0x02, 0x00, 0x1c, 0x10, 0x00, 0xfc, 0x00, 0x00, 0x00, 0x00, 0xf0, 0xff
    .byte 0xe8, 0xff, 0x10, 0x00, 0x04, 0x00, 0x00, 0x02, 0x40, 0x02, 0x20, 0x00, 0x00, 0x00, 0x00, 0x00
    .byte 0x0d, 0x35, 0x22, 0x02, 0x00, 0x00, 0x00, 0x00, 0x00, 0x00, 0x00, 0x00, 0x00, 0x00, 0x00, 0x00
    .byte 0xff, 0xff, 0x00, 0x00, 0x00, 0x00, 0x00, 0x00, 0x00, 0x00, 0x00, 0x00, 0xff, 0xff, 0xff, 0xff
    .byte 0xff, 0xff, 0xff, 0xff, 0x00, 0x00, 0x0f, 0x00, 0xff, 0xff, 0xff, 0xff, 0x00, 0x00, 0x04, 0x00
    .byte 0xf0, 0xe0, 0x10, 0x08, 0x00, 0x00, 0x00, 0x00, 0x03, 0x00, 0x00, 0x00, 0x85, 0x14, 0x00, 0x00
    .byte 0x80, 0x14, 0x00, 0x00, 0x86, 0x14, 0x00, 0x00, 0x02, 0x00, 0x30, 0x10, 0x00, 0x00, 0x00, 0x00
    .byte 0x00, 0x00, 0xf0, 0xff, 0xcf, 0xff, 0x10, 0x00, 0x07, 0x00, 0x40, 0x03, 0xc0, 0x01, 0x00, 0x00
    .byte 0x00, 0x00, 0x00, 0x00, 0xa0, 0x05, 0x22, 0x02, 0x00, 0x00, 0x00, 0x00, 0x00, 0x00, 0x00, 0x00
    .byte 0x00, 0x00, 0x00, 0x00, 0xff, 0xff, 0x08, 0x00, 0x00, 0x00, 0x00, 0x00, 0x00, 0x00, 0x00, 0x00
    .byte 0xff, 0xff, 0xff, 0xff, 0xff, 0xff, 0xff, 0xff, 0x00, 0x00, 0x10, 0x00, 0xff, 0xff, 0xff, 0xff
    .byte 0x00, 0x00, 0x06, 0x00, 0xf4, 0xd8, 0x0c, 0x00, 0x00, 0x00, 0x00, 0x00, 0x08, 0x00, 0x00, 0x00
    .byte 0x00, 0x10, 0x00, 0x00, 0x01, 0x10, 0x00, 0x00, 0x02, 0x10, 0x00, 0x00, 0x02, 0x00, 0x0c, 0x08
    .byte 0x00, 0x00, 0x00, 0x00, 0x00, 0x00, 0xf0, 0xff, 0xcf, 0xff, 0x10, 0x00, 0x07, 0x00, 0x50, 0x02
    .byte 0xa8, 0x01, 0xa0, 0x00, 0x02, 0x00, 0x00, 0x00, 0x00, 0x00, 0x00, 0x00, 0x00, 0x00, 0x00, 0x00
    .byte 0x00, 0x00, 0x00, 0x00, 0x00, 0x00, 0x00, 0x00, 0xff, 0xff, 0x00, 0x00, 0x00, 0x00, 0x00, 0x00
    .byte 0x00, 0x00, 0x00, 0x00, 0xff, 0xff, 0xff, 0xff, 0xff, 0xff, 0xff, 0xff, 0x00, 0x00, 0xff, 0xff
    .byte 0xff, 0xff, 0xff, 0xff, 0x00, 0x00, 0x00, 0x00, 0xf4, 0xd8, 0x0c, 0x00, 0x00, 0x00, 0x00, 0x00
    .byte 0x08, 0x00, 0x01, 0x00, 0x00, 0x10, 0x00, 0x00, 0x01, 0x10, 0x00, 0x00, 0x02, 0x10, 0x00, 0x00
    .byte 0x02, 0x00, 0x0c, 0x08, 0x00, 0x00, 0x00, 0x00, 0x00, 0x00, 0xf0, 0xff, 0xcf, 0xff, 0x10, 0x00
    .byte 0x07, 0x00, 0x14, 0x03, 0xf8, 0x01, 0xd0, 0xff, 0x02, 0x00, 0x00, 0x00, 0x00, 0x00, 0x00, 0x00
    .byte 0x00, 0x00, 0x00, 0x00, 0x00, 0x00, 0x00, 0x00, 0x00, 0x00, 0x00, 0x00, 0xff, 0xff, 0x00, 0x00
    .byte 0x00, 0x00, 0x00, 0x00, 0x00, 0x00, 0x00, 0x00, 0xff, 0xff, 0xff, 0xff, 0xff, 0xff, 0xff, 0xff
    .byte 0x00, 0x00, 0xff, 0xff, 0xff, 0xff, 0xff, 0xff, 0x00, 0x00, 0x00, 0x00, 0xf4, 0xd8, 0x0c, 0x00
    .byte 0x00, 0x00, 0x00, 0x00, 0x03, 0x00, 0x00, 0x00, 0x00, 0x10, 0x00, 0x00, 0x01, 0x10, 0x00, 0x00
    .byte 0x02, 0x10, 0x00, 0x00, 0x02, 0x00, 0x00, 0x00, 0x00, 0x00, 0x00, 0x00, 0x00, 0x00, 0xf0, 0xff
    .byte 0xcf, 0xff, 0x10, 0x00, 0x07, 0x00, 0xf6, 0xff, 0xf6, 0xff, 0x00, 0x00, 0x06, 0x00, 0x00, 0x10
    .byte 0x7c, 0x0b, 0x22, 0x02, 0x00, 0x00, 0x00, 0x00, 0x00, 0x00, 0x00, 0x00, 0x00, 0x00, 0x00, 0x00
    .byte 0xff, 0xff, 0x00, 0x00, 0x00, 0x00, 0x00, 0x00, 0x00, 0x00, 0x00, 0x00, 0xff, 0xff, 0xff, 0xff
    .byte 0xff, 0xff, 0xff, 0xff, 0x00, 0x00, 0x13, 0x00, 0xff, 0xff, 0xff, 0xff, 0x00, 0x00, 0x00, 0x00
    .byte 0xf4, 0xd8, 0x0c, 0x00, 0x00, 0x00, 0x00, 0x00, 0x03, 0x00, 0x00, 0x00, 0x00, 0x10, 0x00, 0x00
    .byte 0x01, 0x10, 0x00, 0x00, 0x02, 0x10, 0x00, 0x00, 0x02, 0x00, 0x00, 0x00, 0x00, 0x00, 0x00, 0x00
    .byte 0x00, 0x00, 0xe8, 0xff, 0xc0, 0xff, 0x18, 0x00, 0x00, 0x00, 0x00, 0xfe, 0x00, 0xfe, 0x00, 0x00
    .byte 0x00, 0x00, 0x00, 0x12, 0x7f, 0x0b, 0x22, 0x02, 0x00, 0x00, 0x00, 0x00, 0x00, 0x00, 0x00, 0x00
    .byte 0x00, 0x00, 0x00, 0x00, 0xff, 0xff, 0x00, 0x00, 0x00, 0x00, 0x00, 0x00, 0x00, 0x00, 0x00, 0x00
    .byte 0xff, 0xff, 0xff, 0xff, 0xff, 0xff, 0xff, 0xff, 0x00, 0x00, 0x14, 0x00, 0xff, 0xff, 0xff, 0xff
    .byte 0x00, 0x00, 0x1f, 0x00, 0xf0, 0xd0, 0x10, 0x00, 0x00, 0x00, 0x00, 0x00, 0x00, 0x00, 0x00, 0x00
    .byte 0x00, 0x00, 0x00, 0x00, 0x00, 0x00, 0x00, 0x00, 0x00, 0x00, 0x00, 0x00, 0x00, 0x00, 0x00, 0x00
    .byte 0x00, 0x00, 0x00, 0x00, 0x00, 0x00, 0x00, 0x00, 0x00, 0x00, 0x00, 0x00, 0x00, 0x00, 0x00, 0x00
    .byte 0x00, 0x00, 0x00, 0x00, 0x00, 0x00, 0x00, 0x00, 0x00, 0x00, 0x00, 0x00, 0x00, 0x00, 0x00, 0x00
    .byte 0x00, 0x00, 0x00, 0x00, 0x00, 0x00, 0x00, 0x00, 0x00, 0x00, 0x00, 0x00, 0x00, 0x00, 0x00, 0x00
    .byte 0x00, 0x00, 0x00, 0x00, 0x00, 0x00, 0x00, 0x00, 0x00, 0x00, 0x00, 0x00, 0x00, 0x00, 0x00, 0x00
    .byte 0x00, 0x00, 0x00, 0x00, 0x00, 0x00, 0x00, 0x00, 0x00, 0x00, 0x00, 0x00, 0x00, 0x00, 0x00, 0x00
    .byte 0x2c, 0x62, 0x10, 0x00, 0x00, 0x2c, 0x01, 0x10, 0x00, 0x00, 0x2c, 0x63, 0x10, 0x00, 0x00, 0x2c
    .byte 0x02, 0x00, 0x00, 0x00, 0x2c, 0x10, 0x00, 0x00, 0x00, 0x15, 0x73, 0x20, 0x00, 0x00, 0x15, 0x55
    .byte 0x20, 0x00, 0x00, 0x2c, 0x61, 0x00, 0x00, 0x00, 0x15, 0xe0, 0x2c, 0x3c, 0x00, 0x00, 0x00, 0x15
    .byte 0x07, 0x15, 0x08, 0x00, 0x15, 0x28, 0x2c, 0x00, 0x10, 0x00, 0x00, 0x2c, 0x01, 0x10, 0x00, 0x00
    .byte 0x2c, 0x02, 0x10, 0x00, 0x00, 0x2c, 0x02, 0x00, 0x00, 0x00, 0x20, 0x00, 0x00, 0x15, 0x73, 0x2c
    .byte 0x01, 0x00, 0x00, 0x00, 0x15, 0x25, 0x2c, 0x12, 0x00, 0x00, 0x00, 0x20, 0x00, 0x00, 0x15, 0x32
    .byte 0x2d, 0x58, 0x2c, 0x07, 0x00, 0x00, 0x00, 0x15, 0x47, 0x18, 0x70, 0x17, 0x00, 0x2d, 0x58, 0x2c
    .byte 0x08, 0x00, 0x00, 0x00, 0x15, 0x47, 0x18, 0x70, 0x17, 0x00, 0x15, 0x1e, 0x18, 0x70, 0x17, 0x00
    .byte 0x15, 0x75, 0x20, 0x00, 0x00, 0x15, 0x06, 0x00, 0x15, 0xa2, 0x00, 0x2c, 0x01, 0x00, 0x00, 0x00
    .byte 0x15, 0x09, 0x00, 0x20, 0x00, 0x00, 0x15, 0x09, 0x00, 0x15, 0x0d, 0x00, 0x00, 0x20, 0x00, 0x00
    .byte 0x15, 0x17, 0x00, 0x2c, 0x01, 0x00, 0x00, 0x00, 0x15, 0x25, 0x00, 0x20, 0x00, 0x00, 0x15, 0x25
    .byte 0x00, 0x20, 0x00, 0x00, 0x20, 0x00, 0x00, 0x20, 0x00, 0x00, 0x15, 0x02, 0x20, 0x00, 0x00, 0x15
    .byte 0x3d, 0x20, 0x00, 0x00, 0x15, 0x09, 0x00, 0x20, 0x00, 0x00, 0x15, 0x18, 0x20, 0x00, 0x00, 0x15
    .byte 0x19, 0x20, 0x00, 0x00, 0x15, 0x09, 0x00, 0x2c, 0x0c, 0xfe, 0xff, 0xff, 0x2c, 0x0c, 0xfe, 0xff
    .byte 0xff, 0x20, 0x00, 0x00, 0x15, 0x02, 0x20, 0x00, 0x00, 0x15, 0x09, 0x00, 0x15, 0x2c, 0x00, 0x20
    .byte 0x00, 0x00, 0x15, 0x17, 0x2c, 0x00, 0x10, 0x00, 0x00, 0x2c, 0x01, 0x10, 0x00, 0x00, 0x2c, 0x02
    .byte 0x10, 0x00, 0x00, 0x2c, 0x02, 0x00, 0x00, 0x00, 0x20, 0x00, 0x00, 0x15, 0x73, 0x2c, 0x01, 0x00
    .byte 0x00, 0x00, 0x15, 0x09, 0x20, 0x00, 0x00, 0x15, 0x75, 0x00, 0x2c, 0x06, 0x00, 0x00, 0x00, 0x20
    .byte 0x00, 0x00, 0x20, 0x00, 0x00, 0x20, 0x00, 0x00, 0x15, 0xcd, 0x00, 0x22, 0x2c, 0x15, 0x00, 0x00
    .byte 0x00, 0x2c, 0x9e, 0x00, 0x00, 0x00, 0x2c, 0x7f, 0x00, 0x00, 0x00, 0x15, 0x0a, 0x2c, 0x03, 0x10
    .byte 0x00, 0x00, 0x2c, 0x01, 0x10, 0x00, 0x00, 0x2c, 0x04, 0x10, 0x00, 0x00, 0x2c, 0x02, 0x00, 0x00
    .byte 0x00, 0x2c, 0x18, 0x00, 0x00, 0x00, 0x15, 0x73, 0x2c, 0x00, 0x01, 0x00, 0x00, 0x15, 0x17, 0x2c
    .byte 0x01, 0x00, 0x00, 0x00, 0x15, 0x06, 0x2c, 0x01, 0x00, 0x00, 0x00, 0x15, 0x09, 0x2c, 0x13, 0x00
    .byte 0x00, 0x00, 0x20, 0x00, 0x00, 0x20, 0x00, 0x00, 0x2c, 0x30, 0x00, 0x00, 0x00, 0x20, 0x00, 0x00
    .byte 0x20, 0x00, 0x00, 0x20, 0x00, 0x00, 0x15, 0x53, 0x15, 0x46, 0x15, 0x8b, 0x18, 0x70, 0x32, 0x00
    .byte 0x00, 0x00, 0x00, 0x00, 0x13, 0x3e, 0xe0, 0x21, 0x02, 0x01, 0x2a, 0xe0, 0x21, 0x02, 0x2c, 0x93
    .byte 0x00, 0x00, 0x00, 0x2c, 0x01, 0x00, 0x00, 0x00, 0x20, 0x00, 0x00, 0x20, 0x00, 0x00, 0x15, 0xb8
    .byte 0x15, 0x5a, 0x20, 0x00, 0x00, 0x15, 0x75, 0x2c, 0x85, 0x03, 0x00, 0x00, 0x15, 0x36, 0x2c, 0x2b
    .byte 0x00, 0x00, 0x00, 0x15, 0x05, 0x2c, 0x01, 0x00, 0x00, 0x00, 0x15, 0x06, 0x2c, 0x5a, 0x00, 0x00
    .byte 0x00, 0x15, 0x07, 0x15, 0x08, 0x2c, 0xe0, 0x03, 0x00, 0x00, 0x15, 0x37, 0x18, 0x70, 0x32, 0x00
    .byte 0x00, 0x00, 0x00, 0x00, 0x14, 0x8e, 0xe0, 0x21, 0x02, 0x01, 0x75, 0xe0, 0x21, 0x02, 0x00, 0x20
    .byte 0x00, 0x00, 0x15, 0x75, 0x2c, 0x00, 0x01, 0x00, 0x00, 0x15, 0x17, 0x2c, 0x0f, 0x10, 0x00, 0x00
    .byte 0x2c, 0x01, 0x10, 0x00, 0x00, 0x2c, 0x10, 0x10, 0x00, 0x00, 0x2c, 0x02, 0x00, 0x00, 0x00, 0x2c
    .byte 0x21, 0x00, 0x00, 0x00, 0x15, 0x73, 0x15, 0x16, 0x15, 0x46, 0x29, 0x00, 0x66, 0x32, 0x00, 0x01
    .byte 0x00, 0x00, 0x00, 0x13, 0xd6, 0xe0, 0x21, 0x02, 0x29, 0x00, 0x66, 0x32, 0x00, 0x08, 0x00, 0x00
    .byte 0x00, 0x14, 0x5b, 0xe1, 0x21, 0x02, 0x2c, 0x03, 0x00, 0x00, 0x00, 0x38, 0x00, 0x20, 0x00, 0x00
    .byte 0x20, 0x00, 0x00, 0x20, 0x00, 0x00, 0x20, 0x00, 0x00, 0x20, 0x00, 0x00, 0x15, 0x53, 0x2c, 0x01
    .byte 0x00, 0x00, 0x00, 0x38, 0x00, 0x15, 0x85, 0x37, 0x00, 0x00, 0x32, 0x00, 0x01, 0x00, 0x00, 0x00
    .byte 0x14, 0x30, 0xe1, 0x21, 0x02, 0x15, 0x8b, 0x18, 0x70, 0x32, 0x00, 0x00, 0x00, 0x00, 0x00, 0x13
    .byte 0x19, 0xe1, 0x21, 0x02, 0x01, 0x05, 0xe1, 0x21, 0x02, 0x2c, 0x20, 0x03, 0x00, 0x00, 0x2c, 0x01
    .byte 0x00, 0x00, 0x00, 0x20, 0x00, 0x00, 0x20, 0x00, 0x00, 0x15, 0xb8, 0x25, 0x56, 0xe1, 0x21, 0x02
    .byte 0x15, 0x8b, 0x18, 0x70, 0x32, 0x00, 0x00, 0x00, 0x00, 0x00, 0x13, 0x44, 0xe1, 0x21, 0x02, 0x01
    .byte 0x30, 0xe1, 0x21, 0x02, 0x2c, 0xe1, 0x02, 0x00, 0x00, 0x2c, 0x01, 0x00, 0x00, 0x00, 0x20, 0x00
    .byte 0x00, 0x20, 0x00, 0x00, 0x15, 0xb8, 0x25, 0xbe, 0xe2, 0x21, 0x02, 0x29, 0x00, 0x66, 0x32, 0x00
    .byte 0x03, 0x00, 0x00, 0x00, 0x13, 0x77, 0xe1, 0x21, 0x02, 0x29, 0x00, 0x66, 0x32, 0x00, 0x09, 0x00
    .byte 0x00, 0x00, 0x14, 0xbb, 0xe1, 0x21, 0x02, 0x2c, 0x04, 0x00, 0x00, 0x00, 0x2c, 0x03, 0x00, 0x00
    .byte 0x00, 0x2d, 0xd9, 0x2d, 0x63, 0x20, 0x00, 0x00, 0x20, 0x00, 0x00, 0x20, 0x00, 0x00, 0x15, 0x53
    .byte 0x15, 0x8b, 0x18, 0x70, 0x32, 0x00, 0x00, 0x00, 0x00, 0x00, 0x13, 0xa4, 0xe1, 0x21, 0x02, 0x01
    .byte 0x90, 0xe1, 0x21, 0x02, 0x2c, 0x01, 0x00, 0x00, 0x00, 0x2c, 0x01, 0x00, 0x00, 0x00, 0x20, 0x00
    .byte 0x00, 0x20, 0x00, 0x00, 0x15, 0xb8, 0x25, 0xbe, 0xe2, 0x21, 0x02, 0x29, 0x00, 0x66, 0x32, 0x00
    .byte 0x04, 0x00, 0x00, 0x00, 0x14, 0x16, 0xe2, 0x21, 0x02, 0x2c, 0x04, 0x00, 0x00, 0x00, 0x2c, 0x03
    .byte 0x00, 0x00, 0x00, 0x2c, 0x3d, 0x00, 0x00, 0x00, 0x2d, 0x63, 0x20, 0x00, 0x00, 0x20, 0x00, 0x00
    .byte 0x20, 0x00, 0x00, 0x15, 0x53, 0x29, 0x00, 0xd9, 0x26, 0x00, 0xc0, 0x15, 0x8b, 0x18, 0x70, 0x32
    .byte 0x00, 0x00, 0x00, 0x00, 0x00, 0x13, 0xff, 0xe1, 0x21, 0x02, 0x01, 0xeb, 0xe1, 0x21, 0x02, 0x2c
    .byte 0x02, 0x00, 0x00, 0x00, 0x2c, 0x01, 0x00, 0x00, 0x00, 0x20, 0x00, 0x00, 0x20, 0x00, 0x00, 0x15
    .byte 0xb8, 0x25, 0xbe, 0xe2, 0x21, 0x02, 0x29, 0x00, 0x66, 0x32, 0x00, 0x0a, 0x00, 0x00, 0x00, 0x14
    .byte 0x84, 0xe2, 0x21, 0x02, 0x29, 0x00, 0xd9, 0x26, 0x00, 0xbe, 0x15, 0x8b, 0x18, 0x70, 0x32, 0x00
    .byte 0x00, 0x00, 0x00, 0x00, 0x13, 0x3e, 0xe2, 0x21, 0x02, 0x01, 0x2a, 0xe2, 0x21, 0x02, 0x2c, 0x46
    .byte 0x00, 0x00, 0x00, 0x2c, 0x01, 0x00, 0x00, 0x00, 0x20, 0x00, 0x00, 0x20, 0x00, 0x00, 0x15, 0xb8
    .byte 0x15, 0x5a, 0x2c, 0x97, 0x03, 0x00, 0x00, 0x15, 0x37, 0x18, 0x70, 0x32, 0x00, 0x00, 0x00, 0x00
    .byte 0x00, 0x14, 0x77, 0xe2, 0x21, 0x02, 0x2c, 0xb4, 0x03, 0x00, 0x00, 0x15, 0x35, 0x2c, 0x08, 0x00
    .byte 0x00, 0x00, 0x20, 0x00, 0x00, 0x15, 0x78, 0x2c, 0x97, 0x03, 0x00, 0x00, 0x15, 0x35, 0x00, 0x25
    .byte 0xbe, 0xe2, 0x21, 0x02, 0x29, 0x00, 0x66, 0x32, 0x00, 0x0b, 0x00, 0x00, 0x00, 0x14, 0xbe, 0xe2
    .byte 0x21, 0x02, 0x29, 0x00, 0xd9, 0x26, 0x00, 0xbe, 0x15, 0x8b, 0x18, 0x70, 0x32, 0x00, 0x00, 0x00
    .byte 0x00, 0x00, 0x13, 0xac, 0xe2, 0x21, 0x02, 0x01, 0x98, 0xe2, 0x21, 0x02, 0x2c, 0x57, 0x02, 0x00
    .byte 0x00, 0x2c, 0x01, 0x00, 0x00, 0x00, 0x20, 0x00, 0x00, 0x20, 0x00, 0x00, 0x15, 0xb8, 0x15, 0x5a
    .byte 0x00, 0x20, 0x00, 0x00, 0x2c, 0xe3, 0xe2, 0x21, 0x02, 0x15, 0x39, 0x20, 0x00, 0x00, 0x15, 0x42
    .byte 0x18, 0x70, 0x32, 0x00, 0x00, 0x00, 0x00, 0x00, 0x14, 0xe2, 0xe2, 0x21, 0x02, 0x01, 0xcb, 0xe2
    .byte 0x21, 0x02, 0x22, 0x2c, 0x15, 0x00, 0x00, 0x00, 0x2c, 0x9d, 0x00, 0x00, 0x00, 0x2c, 0x7f, 0x00
    .byte 0x00, 0x00, 0x15, 0x0a, 0x2c, 0x00, 0x01, 0x00, 0x00, 0x15, 0x17, 0x2c, 0x0f, 0x10, 0x00, 0x00
    .byte 0x2c, 0x01, 0x10, 0x00, 0x00, 0x2c, 0x10, 0x10, 0x00, 0x00, 0x2c, 0x02, 0x00, 0x00, 0x00, 0x2c
    .byte 0x21, 0x00, 0x00, 0x00, 0x15, 0x73, 0x2c, 0x21, 0x00, 0x00, 0x00, 0x15, 0x05, 0x15, 0x16, 0x00
    .byte 0x20, 0x00, 0x00, 0x2c, 0x42, 0xe3, 0x21, 0x02, 0x15, 0x39, 0x20, 0x00, 0x00, 0x15, 0x42, 0x18
    .byte 0x70, 0x32, 0x00, 0x00, 0x00, 0x00, 0x00, 0x14, 0x41, 0xe3, 0x21, 0x02, 0x01, 0x2a, 0xe3, 0x21
    .byte 0x02, 0x22, 0x2c, 0x15, 0x00, 0x00, 0x00, 0x2c, 0x9c, 0x00, 0x00, 0x00, 0x2c, 0x7f, 0x00, 0x00
    .byte 0x00, 0x15, 0x0a, 0x2c, 0x00, 0x01, 0x00, 0x00, 0x15, 0x17, 0x2c, 0x0f, 0x10, 0x00, 0x00, 0x2c
    .byte 0x01, 0x10, 0x00, 0x00, 0x2c, 0x10, 0x10, 0x00, 0x00, 0x2c, 0x02, 0x00, 0x00, 0x00, 0x2c, 0x21
    .byte 0x00, 0x00, 0x00, 0x15, 0x73, 0x2c, 0x21, 0x00, 0x00, 0x00, 0x15, 0x05, 0x15, 0x16, 0x00, 0x2c
    .byte 0x00, 0x10, 0x00, 0x00, 0x2c, 0x01, 0x10, 0x00, 0x00, 0x2c, 0x02, 0x10, 0x00, 0x00, 0x2c, 0x02
    .byte 0x00, 0x00, 0x00, 0x20, 0x00, 0x00, 0x15, 0x73, 0x2c, 0x01, 0x00, 0x00, 0x00, 0x15, 0x25, 0x2c
    .byte 0x12, 0x00, 0x00, 0x00, 0x20, 0x00, 0x00, 0x15, 0x32, 0x2d, 0xd2, 0x2c, 0x07, 0x00, 0x00, 0x00
    .byte 0x15, 0x47, 0x18, 0x70, 0x17, 0x00, 0x2d, 0xd2, 0x2c, 0x08, 0x00, 0x00, 0x00, 0x15, 0x47, 0x18
    .byte 0x70, 0x17, 0x00, 0x15, 0x1e, 0x18, 0x70, 0x17, 0x00, 0x15, 0x75, 0x20, 0x00, 0x00, 0x15, 0x06
    .byte 0x00, 0x2c, 0x01, 0x00, 0x00, 0x00, 0x15, 0x09, 0x2c, 0x00, 0x10, 0x00, 0x00, 0x2c, 0x01, 0x10
    .byte 0x00, 0x00, 0x2c, 0x02, 0x10, 0x00, 0x00, 0x2c, 0x02, 0x00, 0x00, 0x00, 0x20, 0x00, 0x00, 0x15
    .byte 0x73, 0x20, 0x00, 0x00, 0x15, 0x75, 0x00, 0x2c, 0x00, 0x10, 0x00, 0x00, 0x2c, 0x01, 0x10, 0x00
    .byte 0x00, 0x2c, 0x02, 0x10, 0x00, 0x00, 0x2c, 0x02, 0x00, 0x00, 0x00, 0x20, 0x00, 0x00, 0x15, 0x73
    .byte 0x2c, 0x12, 0x00, 0x00, 0x00, 0x2c, 0x08, 0x00, 0x00, 0x00, 0x15, 0x32, 0x2d, 0x02, 0x2c, 0x07
    .byte 0x00, 0x00, 0x00, 0x15, 0x47, 0x18, 0x70, 0x17, 0x00, 0x2d, 0x02, 0x2c, 0x08, 0x00, 0x00, 0x00
    .byte 0x15, 0x47, 0x18, 0x70, 0x17, 0x00, 0x15, 0x1e, 0x18, 0x70, 0x17, 0x00, 0x15, 0x75, 0x20, 0x00
    .byte 0x00, 0x15, 0x06, 0x2c, 0x01, 0x00, 0x00, 0x00, 0x15, 0x07, 0x15, 0x08, 0x25, 0x1c, 0xe4, 0x21
    .byte 0x02, 0x00, 0x2c, 0x00, 0x10, 0x00, 0x00, 0x2c, 0x01, 0x10, 0x00, 0x00, 0x2c, 0x02, 0x10, 0x00
    .byte 0x00, 0x2c, 0x02, 0x00, 0x00, 0x00, 0x2c, 0x1e, 0x00, 0x00, 0x00, 0x15, 0x73, 0x2c, 0x01, 0x00
    .byte 0x00, 0x00, 0x15, 0x06, 0x2c, 0x3c, 0x00, 0x00, 0x00, 0x15, 0x07, 0x15, 0x08, 0x00, 0x2c, 0x0b
    .byte 0x10, 0x00, 0x00, 0x2c, 0x01, 0x10, 0x00, 0x00, 0x2c, 0x0c, 0x10, 0x00, 0x00, 0x2c, 0x02, 0x00
    .byte 0x00, 0x00, 0x03, 0x00, 0x08, 0x00, 0x00, 0x00, 0x29, 0x01, 0xff, 0x04, 0x10, 0x17, 0x00, 0x15
    .byte 0x73, 0x00, 0x15, 0x1f, 0x18, 0x70, 0x17, 0x00, 0x15, 0x20, 0x18, 0x70, 0x24, 0x00, 0x20, 0x00
    .byte 0x00, 0x00, 0x17, 0x00, 0x20, 0x00, 0x00, 0x15, 0x02, 0x00, 0x2c, 0x07, 0x00, 0x00, 0x00, 0x2c
    .byte 0xfe, 0xff, 0xff, 0xff, 0x2c, 0xff, 0xff, 0xff, 0xff, 0x2c, 0xff, 0xff, 0xff, 0xff, 0x2c, 0xff
    .byte 0xff, 0xff, 0xff, 0x15, 0xdc, 0x15, 0x2c, 0x00, 0x15, 0x1f, 0x18, 0x70, 0x17, 0x00, 0x15, 0x20
    .byte 0x18, 0x70, 0x05, 0x00, 0x60, 0x00, 0x00, 0x00, 0x17, 0x00, 0x15, 0x27, 0x18, 0x70, 0x17, 0x00
    .byte 0x15, 0x02, 0x00, 0x2c, 0x07, 0x00, 0x00, 0x00, 0x2c, 0xfe, 0xff, 0xff, 0xff, 0x2c, 0xff, 0xff
    .byte 0xff, 0xff, 0x2c, 0xff, 0xff, 0xff, 0xff, 0x2c, 0xff, 0xff, 0xff, 0xff, 0x15, 0xdc, 0x15, 0x2c
    .byte 0x00, 0x20, 0x00, 0x00, 0x2c, 0x80, 0xdc, 0x00, 0x00, 0x15, 0xe0, 0x2c, 0x01, 0x00, 0x00, 0x00
    .byte 0x15, 0x06, 0x2c, 0x32, 0x00, 0x00, 0x00, 0x15, 0x07, 0x15, 0x08, 0x20, 0x00, 0x00, 0x15, 0x06
    .byte 0x22, 0x2c, 0x0d, 0x00, 0x00, 0x00, 0x20, 0x00, 0x00, 0x2c, 0xff, 0xff, 0xff, 0xff, 0x2c, 0xff
    .byte 0xff, 0xff, 0xff, 0x2c, 0xff, 0xff, 0xff, 0xff, 0x15, 0xdc, 0x2c, 0xd3, 0xe9, 0x21, 0x02, 0x15
    .byte 0x4d, 0x03, 0x00, 0x00, 0x00, 0x00, 0x00, 0x27, 0x00, 0x00, 0x2c, 0x3d, 0x04, 0x00, 0x00, 0x15
    .byte 0x37, 0x18, 0x70, 0x14, 0x74, 0xe5, 0x21, 0x02, 0x2c, 0x07, 0x00, 0x00, 0x00, 0x2c, 0xf6, 0x31
    .byte 0x22, 0x02, 0x15, 0x39, 0x2d, 0xcc, 0x15, 0x41, 0x29, 0x00, 0xcc, 0x32, 0x00, 0x01, 0x00, 0x00
    .byte 0x00, 0x14, 0x97, 0xe5, 0x21, 0x02, 0x2c, 0x03, 0x00, 0x00, 0x00, 0x2c, 0xcd, 0x00, 0x22, 0x02
    .byte 0x15, 0x29, 0x25, 0xb1, 0xe5, 0x21, 0x02, 0x29, 0x00, 0xcc, 0x32, 0x00, 0xff, 0xff, 0xff, 0xff
    .byte 0x14, 0xb1, 0xe5, 0x21, 0x02, 0x2c, 0x03, 0x00, 0x00, 0x00, 0x2c, 0xf8, 0x00, 0x22, 0x02, 0x15
    .byte 0x29, 0x29, 0x00, 0xfd, 0x32, 0x00, 0x85, 0x00, 0x00, 0x00, 0x14, 0x04, 0xe6, 0x21, 0x02, 0x20
    .byte 0x00, 0x00, 0x2c, 0xff, 0xff, 0xff, 0xff, 0x2c, 0xff, 0xff, 0xff, 0xff, 0x15, 0xdd, 0x18, 0x70
    .byte 0x14, 0xff, 0xe5, 0x21, 0x02, 0x2c, 0x03, 0x00, 0x00, 0x00, 0x2c, 0xff, 0xff, 0xff, 0xff, 0x2c
    .byte 0xff, 0xff, 0xff, 0xff, 0x15, 0xdd, 0x18, 0x70, 0x32, 0x00, 0x00, 0x00, 0x00, 0x00, 0x14, 0xff
    .byte 0xe5, 0x21, 0x02, 0x2c, 0x01, 0x00, 0x00, 0x00, 0x2c, 0x44, 0x31, 0x22, 0x02, 0x15, 0x39, 0x25
    .byte 0xad, 0xe6, 0x21, 0x02, 0x29, 0x00, 0xfd, 0x32, 0x00, 0x22, 0x00, 0x00, 0x00, 0x14, 0x91, 0xe6
    .byte 0x21, 0x02, 0x20, 0x00, 0x00, 0x2c, 0xff, 0xff, 0xff, 0xff, 0x2c, 0xff, 0xff, 0xff, 0xff, 0x15
    .byte 0xdd, 0x18, 0x70, 0x14, 0x6b, 0xe6, 0x21, 0x02, 0x2c, 0x03, 0x00, 0x00, 0x00, 0x2c, 0xff, 0xff
    .byte 0xff, 0xff, 0x2c, 0xff, 0xff, 0xff, 0xff, 0x15, 0xdd, 0x18, 0x70, 0x32, 0x00, 0x00, 0x00, 0x00
    .byte 0x00, 0x14, 0x6b, 0xe6, 0x21, 0x02, 0x2c, 0x01, 0x00, 0x00, 0x00, 0x2c, 0x5c, 0x00, 0x22, 0x02
    .byte 0x15, 0x39, 0x2c, 0x01, 0x00, 0x00, 0x00, 0x15, 0x42, 0x18, 0x70, 0x32, 0x00, 0x00, 0x00, 0x00
    .byte 0x00, 0x14, 0x6b, 0xe6, 0x21, 0x02, 0x01, 0x52, 0xe6, 0x21, 0x02, 0x20, 0x00, 0x00, 0x2c, 0x4a
    .byte 0x00, 0x22, 0x02, 0x15, 0x39, 0x20, 0x00, 0x00, 0x15, 0x42, 0x18, 0x70, 0x32, 0x00, 0x00, 0x00
    .byte 0x00, 0x00, 0x14, 0x8c, 0xe6, 0x21, 0x02, 0x01, 0x75, 0xe6, 0x21, 0x02, 0x25, 0xad, 0xe6, 0x21
    .byte 0x02, 0x29, 0x00, 0xfd, 0x32, 0x00, 0x00, 0x00, 0x00, 0x00, 0x14, 0xad, 0xe6, 0x21, 0x02, 0x2c
    .byte 0x00, 0x03, 0x00, 0x00, 0x15, 0x35, 0x2c, 0x10, 0x27, 0x00, 0x00, 0x15, 0xaa, 0x2c, 0x0b, 0x00
    .byte 0x00, 0x00, 0x2c, 0x24, 0x01, 0x22, 0x02, 0x15, 0x39, 0x2c, 0x0c, 0x00, 0x00, 0x00, 0x2c, 0x67
    .byte 0x02, 0x22, 0x02, 0x15, 0x39, 0x2c, 0x0d, 0x00, 0x00, 0x00, 0x2c, 0xae, 0x03, 0x22, 0x02, 0x15
    .byte 0x39, 0x2c, 0x05, 0x00, 0x00, 0x00, 0x15, 0x07, 0x15, 0x08, 0x00, 0x2c, 0x00, 0x03, 0x00, 0x00
    .byte 0x15, 0x37, 0x18, 0x70, 0x32, 0x00, 0x00, 0x00, 0x00, 0x00, 0x14, 0xff, 0xe6, 0x21, 0x02, 0x20
    .byte 0x00, 0x00, 0x15, 0x18, 0x20, 0x00, 0x00, 0x15, 0x19, 0x20, 0x00, 0x00, 0x15, 0x09, 0x00, 0x2c
    .byte 0x01, 0x00, 0x00, 0x00, 0x15, 0x10, 0x18, 0x70, 0x09, 0x00, 0x10, 0x00, 0x00, 0x00, 0x17, 0x00
    .byte 0x15, 0x11, 0x18, 0x70, 0x09, 0x00, 0x10, 0x00, 0x00, 0x00, 0x17, 0x00, 0x2c, 0x0e, 0x00, 0x00
    .byte 0x00, 0x15, 0x68, 0x2c, 0x01, 0x00, 0x00, 0x00, 0x15, 0x09, 0x15, 0x10, 0x18, 0x70, 0x17, 0x00
    .byte 0x15, 0x11, 0x18, 0x70, 0x17, 0x00, 0x20, 0x00, 0x00, 0x15, 0x1f, 0x18, 0x70, 0x17, 0x00, 0x15
    .byte 0x20, 0x18, 0x70, 0x17, 0x00, 0x20, 0x00, 0x00, 0x15, 0x65, 0x18, 0x70, 0x34, 0x00, 0x16, 0x00
    .byte 0x00, 0x00, 0x14, 0xc9, 0xe7, 0x21, 0x02, 0x2c, 0x00, 0x04, 0x00, 0x00, 0x15, 0x37, 0x18, 0x70
    .byte 0x14, 0x6a, 0xe7, 0x21, 0x02, 0x01, 0x57, 0xe7, 0x21, 0x02, 0x2c, 0xee, 0x03, 0x00, 0x00, 0x15
    .byte 0x37, 0x18, 0x70, 0x14, 0x7d, 0xe7, 0x21, 0x02, 0x01, 0x6a, 0xe7, 0x21, 0x02, 0x2c, 0x02, 0x00
    .byte 0x00, 0x00, 0x15, 0x9b, 0x18, 0x70, 0x32, 0x00, 0x00, 0x00, 0x00, 0x00, 0x14, 0x96, 0xe7, 0x21
    .byte 0x02, 0x01, 0x7d, 0xe7, 0x21, 0x02, 0x20, 0x00, 0x00, 0x15, 0x9b, 0x18, 0x70, 0x14, 0xb6, 0xe7
    .byte 0x21, 0x02, 0x20, 0x00, 0x00, 0x2c, 0xff, 0xff, 0xff, 0xff, 0x2c, 0xff, 0xff, 0xff, 0xff, 0x2c
    .byte 0xff, 0xff, 0xff, 0xff, 0x15, 0x89, 0x20, 0x00, 0x00, 0x15, 0x07, 0x15, 0x08, 0x2c, 0x03, 0x00
    .byte 0x00, 0x00, 0x2c, 0xce, 0xe7, 0x21, 0x02, 0x15, 0x29, 0x01, 0x2a, 0xe7, 0x21, 0x02, 0x20, 0x00
    .byte 0x00, 0x2c, 0xa2, 0xe8, 0x21, 0x02, 0x15, 0x39, 0x20, 0x00, 0x00, 0x15, 0x42, 0x18, 0x70, 0x32
    .byte 0x00, 0x00, 0x00, 0x00, 0x00, 0x14, 0xef, 0xe7, 0x21, 0x02, 0x01, 0xd8, 0xe7, 0x21, 0x02, 0x2c
    .byte 0xc4, 0x02, 0x00, 0x00, 0x15, 0x35, 0x2c, 0x8b, 0x00, 0x00, 0x00, 0x2c, 0x80, 0x00, 0x00, 0x00
    .byte 0x2c, 0x5c, 0x01, 0x00, 0x00, 0x20, 0x00, 0x00, 0x15, 0x4a, 0x00, 0x2c, 0x01, 0x00, 0x00, 0x00
    .byte 0x15, 0x10, 0x18, 0x70, 0x09, 0x00, 0x10, 0x00, 0x00, 0x00, 0x17, 0x00, 0x15, 0x11, 0x18, 0x70
    .byte 0x09, 0x00, 0x10, 0x00, 0x00, 0x00, 0x17, 0x00, 0x20, 0x00, 0x00, 0x15, 0x68, 0x2c, 0x00, 0x03
    .byte 0x00, 0x00, 0x15, 0x35, 0x2c, 0x01, 0x00, 0x00, 0x00, 0x15, 0x09, 0x2c, 0x01, 0x00, 0x00, 0x00
    .byte 0x15, 0x05, 0x15, 0x16, 0x20, 0x00, 0x00, 0x2c, 0x45, 0xe9, 0x21, 0x02, 0x15, 0x39, 0x20, 0x00
    .byte 0x00, 0x15, 0x42, 0x18, 0x70, 0x32, 0x00, 0x00, 0x00, 0x00, 0x00, 0x14, 0x65, 0xe8, 0x21, 0x02
    .byte 0x01, 0x4e, 0xe8, 0x21, 0x02, 0x20, 0x00, 0x00, 0x2c, 0xa2, 0xe8, 0x21, 0x02, 0x15, 0x39, 0x20
    .byte 0x00, 0x00, 0x15, 0x42, 0x18, 0x70, 0x32, 0x00, 0x00, 0x00, 0x00, 0x00, 0x14, 0x86, 0xe8, 0x21
    .byte 0x02, 0x01, 0x6f, 0xe8, 0x21, 0x02, 0x2c, 0xc4, 0x02, 0x00, 0x00, 0x15, 0x35, 0x2c, 0x8b, 0x00
    .byte 0x00, 0x00, 0x2c, 0x80, 0x00, 0x00, 0x00, 0x2c, 0x5c, 0x01, 0x00, 0x00, 0x20, 0x00, 0x00, 0x15
    .byte 0x4a, 0x00, 0x15, 0x28, 0x20, 0x00, 0x00, 0x15, 0x2b, 0x20, 0x00, 0x00, 0x15, 0x18, 0x20, 0x00
    .byte 0x00, 0x15, 0x19, 0x2c, 0x06, 0x00, 0x00, 0x00, 0x2c, 0x07, 0x00, 0x00, 0x00, 0x15, 0x47, 0x18
    .byte 0x70, 0x17, 0x00, 0x2c, 0x06, 0x00, 0x00, 0x00, 0x2c, 0x08, 0x00, 0x00, 0x00, 0x15, 0x47, 0x18
    .byte 0x70, 0x17, 0x00, 0x20, 0x00, 0x00, 0x2c, 0x05, 0x00, 0x00, 0x00, 0x2c, 0x01, 0x00, 0x00, 0x00
    .byte 0x20, 0x00, 0x00, 0x15, 0x1a, 0x15, 0x21, 0x2c, 0x01, 0x00, 0x00, 0x00, 0x15, 0x18, 0x2c, 0x01
    .byte 0x00, 0x00, 0x00, 0x15, 0x19, 0x2c, 0x94, 0x10, 0x00, 0x00, 0x2c, 0x01, 0x10, 0x00, 0x00, 0x2c
    .byte 0x95, 0x10, 0x00, 0x00, 0x2c, 0x02, 0x00, 0x00, 0x00, 0x20, 0x00, 0x00, 0x15, 0x73, 0x2c, 0x00
    .byte 0x01, 0x00, 0x00, 0x15, 0x17, 0x2c, 0x01, 0x00, 0x00, 0x00, 0x15, 0x06, 0x2c, 0x15, 0x00, 0x00
    .byte 0x00, 0x2c, 0x3a, 0x00, 0x00, 0x00, 0x2c, 0x7f, 0x00, 0x00, 0x00, 0x15, 0x0a, 0x2c, 0x3c, 0x00
    .byte 0x00, 0x00, 0x15, 0x07, 0x15, 0x08, 0x2c, 0x01, 0x00, 0x00, 0x00, 0x15, 0x05, 0x15, 0x16, 0x20
    .byte 0x00, 0x00, 0x15, 0x09, 0x00, 0x2c, 0x11, 0x10, 0x00, 0x00, 0x2c, 0x01, 0x10, 0x00, 0x00, 0x2c
    .byte 0x12, 0x10, 0x00, 0x00, 0x2c, 0x02, 0x00, 0x00, 0x00, 0x2c, 0x06, 0x00, 0x00, 0x00, 0x2c, 0x07
    .byte 0x00, 0x00, 0x00, 0x15, 0x47, 0x18, 0x70, 0x17, 0x00, 0x2c, 0x06, 0x00, 0x00, 0x00, 0x2c, 0x08
    .byte 0x00, 0x00, 0x00, 0x15, 0x47, 0x18, 0x70, 0x17, 0x00, 0x15, 0x1e, 0x18, 0x70, 0x05, 0x00, 0x0c
    .byte 0x00, 0x00, 0x00, 0x17, 0x00, 0x15, 0x73, 0x2c, 0x01, 0x00, 0x00, 0x00, 0x15, 0x06, 0x2c, 0x16
    .byte 0x00, 0x00, 0x00, 0x15, 0x07, 0x15, 0x08, 0x00, 0x2c, 0x06, 0x00, 0x00, 0x00, 0x2c, 0x07, 0x00
    .byte 0x00, 0x00, 0x15, 0x47, 0x18, 0x70, 0x17, 0x00, 0x2c, 0x06, 0x00, 0x00, 0x00, 0x2c, 0x08, 0x00
    .byte 0x00, 0x00, 0x15, 0x47, 0x18, 0x70, 0x24, 0x00, 0x20, 0x00, 0x00, 0x00, 0x17, 0x00, 0x2c, 0x06
    .byte 0x00, 0x00, 0x00, 0x2c, 0x09, 0x00, 0x00, 0x00, 0x15, 0x47, 0x18, 0x70, 0x17, 0x00, 0x15, 0x02
    .byte 0x15, 0x2c, 0x00, 0x29, 0x00, 0x08, 0x32, 0x00, 0x01, 0x00, 0x00, 0x00, 0x14, 0x49, 0x00, 0x22
    .byte 0x02, 0x29, 0x00, 0x09, 0x09, 0x00, 0x10, 0x00, 0x00, 0x00, 0x28, 0x00, 0x00, 0x29, 0x00, 0x0a
    .byte 0x09, 0x00, 0x10, 0x00, 0x00, 0x00, 0x28, 0x00, 0x01, 0x2f, 0x00, 0x2f, 0x01, 0x2c, 0x0b, 0x00
    .byte 0x00, 0x00, 0x2c, 0x1c, 0x00, 0x00, 0x00, 0x2c, 0x0c, 0x00, 0x00, 0x00, 0x2c, 0x1d, 0x00, 0x00
    .byte 0x00, 0x15, 0x5d, 0x18, 0x70, 0x14, 0x52, 0xea, 0x21, 0x02, 0x2f, 0x00, 0x2f, 0x01, 0x15, 0x56
    .byte 0x18, 0x70, 0x13, 0x52, 0xea, 0x21, 0x02, 0x2f, 0x00, 0x2f, 0x01, 0x15, 0x57, 0x2c, 0x06, 0x00
    .byte 0x00, 0x00, 0x2c, 0x0b, 0xe8, 0x21, 0x02, 0x15, 0x39, 0x2c, 0x06, 0x00, 0x00, 0x00, 0x15, 0x42
    .byte 0x18, 0x70, 0x32, 0x00, 0x00, 0x00, 0x00, 0x00, 0x14, 0x52, 0xea, 0x21, 0x02, 0x01, 0x39, 0xea
    .byte 0x21, 0x02, 0x2f, 0x00, 0x2f, 0x01, 0x2c, 0x13, 0x00, 0x00, 0x00, 0x2c, 0x1c, 0x00, 0x00, 0x00
    .byte 0x2c, 0x16, 0x00, 0x00, 0x00, 0x2c, 0x1f, 0x00, 0x00, 0x00, 0x15, 0x5d, 0x18, 0x70, 0x14, 0x42
    .byte 0x00, 0x22, 0x02, 0x2f, 0x00, 0x2f, 0x01, 0x15, 0x56, 0x18, 0x70, 0x13, 0x42, 0x00, 0x22, 0x02
    .byte 0x2c, 0x64, 0x00, 0x00, 0x00, 0x15, 0x01, 0x18, 0x70, 0x28, 0x00, 0x02, 0x03, 0x00, 0xff, 0xff
    .byte 0xff, 0xff, 0x32, 0x00, 0xff, 0xff, 0xff, 0xff, 0x14, 0x39, 0xf4, 0x21, 0x02, 0x2b, 0x00, 0x02
    .byte 0x34, 0x00, 0x03, 0x00, 0x00, 0x00, 0x14, 0xf9, 0xf1, 0x21, 0x02, 0x2d, 0xfe, 0x15, 0x7c, 0x18
    .byte 0x70, 0x31, 0x00, 0x05, 0x00, 0x00, 0x00, 0x14, 0xf9, 0xf1, 0x21, 0x02, 0x29, 0x00, 0xfe, 0x35
    .byte 0x00, 0x25, 0x00, 0x00, 0x00, 0x14, 0xf9, 0xf1, 0x21, 0x02, 0x29, 0x00, 0xfe, 0x35, 0x00, 0x4f
    .byte 0x00, 0x00, 0x00, 0x14, 0xf9, 0xf1, 0x21, 0x02, 0x2d, 0xfe, 0x15, 0x7c, 0x18, 0x70, 0x31, 0x00
    .byte 0x08, 0x00, 0x00, 0x00, 0x14, 0xa7, 0xef, 0x21, 0x02, 0x2c, 0x02, 0x00, 0x00, 0x00, 0x15, 0x01
    .byte 0x18, 0x70, 0x28, 0x00, 0x02, 0x2b, 0x00, 0x02, 0x32, 0x00, 0x00, 0x00, 0x00, 0x00, 0x14, 0x55
    .byte 0xed, 0x21, 0x02, 0x29, 0x00, 0xff, 0x32, 0x00, 0x00, 0x00, 0x00, 0x00, 0x14, 0x4f, 0xeb, 0x21
    .byte 0x02, 0x2c, 0x01, 0x00, 0x00, 0x00, 0x2c, 0x65, 0x01, 0x00, 0x00, 0x15, 0x1f, 0x18, 0x70, 0x05
    .byte 0x00, 0x00, 0x00, 0x00, 0x00, 0x17, 0x00, 0x15, 0x20, 0x18, 0x70, 0x05, 0x00, 0x10, 0x00, 0x00
    .byte 0x00, 0x17, 0x00, 0x15, 0x27, 0x18, 0x70, 0x17, 0x00, 0x2c, 0xff, 0xff, 0xff, 0xff, 0x2c, 0xff
    .byte 0xff, 0xff, 0xff, 0x2c, 0xff, 0xff, 0xff, 0xff, 0x15, 0x33, 0x25, 0x50, 0xed, 0x21, 0x02, 0x29
    .byte 0x00, 0xff, 0x32, 0x00, 0x01, 0x00, 0x00, 0x00, 0x14, 0x9b, 0xeb, 0x21, 0x02, 0x2c, 0x01, 0x00
    .byte 0x00, 0x00, 0x2c, 0x65, 0x01, 0x00, 0x00, 0x15, 0x1f, 0x18, 0x70, 0x24, 0x00, 0x0c, 0x00, 0x00
    .byte 0x00, 0x17, 0x00, 0x15, 0x20, 0x18, 0x70, 0x05, 0x00, 0x0c, 0x00, 0x00, 0x00, 0x17, 0x00, 0x15
    .byte 0x27, 0x18, 0x70, 0x17, 0x00, 0x2c, 0xff, 0xff, 0xff, 0xff, 0x2c, 0xff, 0xff, 0xff, 0xff, 0x2c
    .byte 0xff, 0xff, 0xff, 0xff, 0x15, 0x33, 0x25, 0x50, 0xed, 0x21, 0x02, 0x29, 0x00, 0xff, 0x32, 0x00
    .byte 0x02, 0x00, 0x00, 0x00, 0x14, 0xe7, 0xeb, 0x21, 0x02, 0x2c, 0x01, 0x00, 0x00, 0x00, 0x2c, 0x65
    .byte 0x01, 0x00, 0x00, 0x15, 0x1f, 0x18, 0x70, 0x24, 0x00, 0x10, 0x00, 0x00, 0x00, 0x17, 0x00, 0x15
    .byte 0x20, 0x18, 0x70, 0x05, 0x00, 0x00, 0x00, 0x00, 0x00, 0x17, 0x00, 0x15, 0x27, 0x18, 0x70, 0x17
    .byte 0x00, 0x2c, 0xff, 0xff, 0xff, 0xff, 0x2c, 0xff, 0xff, 0xff, 0xff, 0x2c, 0xff, 0xff, 0xff, 0xff
    .byte 0x15, 0x33, 0x25, 0x50, 0xed, 0x21, 0x02, 0x29, 0x00, 0xff, 0x32, 0x00, 0x03, 0x00, 0x00, 0x00
    .byte 0x14, 0x33, 0xec, 0x21, 0x02, 0x2c, 0x01, 0x00, 0x00, 0x00, 0x2c, 0x65, 0x01, 0x00, 0x00, 0x15
    .byte 0x1f, 0x18, 0x70, 0x24, 0x00, 0x0c, 0x00, 0x00, 0x00, 0x17, 0x00, 0x15, 0x20, 0x18, 0x70, 0x24
    .byte 0x00, 0x0c, 0x00, 0x00, 0x00, 0x17, 0x00, 0x15, 0x27, 0x18, 0x70, 0x17, 0x00, 0x2c, 0xff, 0xff
    .byte 0xff, 0xff, 0x2c, 0xff, 0xff, 0xff, 0xff, 0x2c, 0xff, 0xff, 0xff, 0xff, 0x15, 0x33, 0x25, 0x50
    .byte 0xed, 0x21, 0x02, 0x29, 0x00, 0xff, 0x32, 0x00, 0x04, 0x00, 0x00, 0x00, 0x14, 0x7f, 0xec, 0x21
    .byte 0x02, 0x2c, 0x01, 0x00, 0x00, 0x00, 0x2c, 0x65, 0x01, 0x00, 0x00, 0x15, 0x1f, 0x18, 0x70, 0x05
    .byte 0x00, 0x00, 0x00, 0x00, 0x00, 0x17, 0x00, 0x15, 0x20, 0x18, 0x70, 0x24, 0x00, 0x10, 0x00, 0x00
    .byte 0x00, 0x17, 0x00, 0x15, 0x27, 0x18, 0x70, 0x17, 0x00, 0x2c, 0xff, 0xff, 0xff, 0xff, 0x2c, 0xff
    .byte 0xff, 0xff, 0xff, 0x2c, 0xff, 0xff, 0xff, 0xff, 0x15, 0x33, 0x25, 0x50, 0xed, 0x21, 0x02, 0x29
    .byte 0x00, 0xff, 0x32, 0x00, 0x05, 0x00, 0x00, 0x00, 0x14, 0xcb, 0xec, 0x21, 0x02, 0x2c, 0x01, 0x00
    .byte 0x00, 0x00, 0x2c, 0x65, 0x01, 0x00, 0x00, 0x15, 0x1f, 0x18, 0x70, 0x05, 0x00, 0x0c, 0x00, 0x00
    .byte 0x00, 0x17, 0x00, 0x15, 0x20, 0x18, 0x70, 0x24, 0x00, 0x0c, 0x00, 0x00, 0x00, 0x17, 0x00, 0x15
    .byte 0x27, 0x18, 0x70, 0x17, 0x00, 0x2c, 0xff, 0xff, 0xff, 0xff, 0x2c, 0xff, 0xff, 0xff, 0xff, 0x2c
    .byte 0xff, 0xff, 0xff, 0xff, 0x15, 0x33, 0x25, 0x50, 0xed, 0x21, 0x02, 0x29, 0x00, 0xff, 0x32, 0x00
    .byte 0x06, 0x00, 0x00, 0x00, 0x14, 0x17, 0xed, 0x21, 0x02, 0x2c, 0x01, 0x00, 0x00, 0x00, 0x2c, 0x65
    .byte 0x01, 0x00, 0x00, 0x15, 0x1f, 0x18, 0x70, 0x05, 0x00, 0x10, 0x00, 0x00, 0x00, 0x17, 0x00, 0x15
    .byte 0x20, 0x18, 0x70, 0x05, 0x00, 0x00, 0x00, 0x00, 0x00, 0x17, 0x00, 0x15, 0x27, 0x18, 0x70, 0x17
    .byte 0x00, 0x2c, 0xff, 0xff, 0xff, 0xff, 0x2c, 0xff, 0xff, 0xff, 0xff, 0x2c, 0xff, 0xff, 0xff, 0xff
    .byte 0x15, 0x33, 0x25, 0x50, 0xed, 0x21, 0x02, 0x2c, 0x01, 0x00, 0x00, 0x00, 0x2c, 0x65, 0x01, 0x00
    .byte 0x00, 0x15, 0x1f, 0x18, 0x70, 0x05, 0x00, 0x0c, 0x00, 0x00, 0x00, 0x17, 0x00, 0x15, 0x20, 0x18
    .byte 0x70, 0x05, 0x00, 0x0c, 0x00, 0x00, 0x00, 0x17, 0x00, 0x15, 0x27, 0x18, 0x70, 0x17, 0x00, 0x2c
    .byte 0xff, 0xff, 0xff, 0xff, 0x2c, 0xff, 0xff, 0xff, 0xff, 0x2c, 0xff, 0xff, 0xff, 0xff, 0x15, 0x33
    .byte 0x25, 0xa2, 0xef, 0x21, 0x02, 0x29, 0x00, 0xff, 0x32, 0x00, 0x00, 0x00, 0x00, 0x00, 0x14, 0xa1
    .byte 0xed, 0x21, 0x02, 0x2c, 0x01, 0x00, 0x00, 0x00, 0x2c, 0x64, 0x01, 0x00, 0x00, 0x15, 0x1f, 0x18
    .byte 0x70, 0x05, 0x00, 0x00, 0x00, 0x00, 0x00, 0x17, 0x00, 0x15, 0x20, 0x18, 0x70, 0x05, 0x00, 0x10
    .byte 0x00, 0x00, 0x00, 0x17, 0x00, 0x15, 0x27, 0x18, 0x70, 0x17, 0x00, 0x2c, 0xff, 0xff, 0xff, 0xff
    .byte 0x2c, 0xff, 0xff, 0xff, 0xff, 0x2c, 0xff, 0xff, 0xff, 0xff, 0x15, 0x33, 0x25, 0xa2, 0xef, 0x21
    .byte 0x02, 0x29, 0x00, 0xff, 0x32, 0x00, 0x01, 0x00, 0x00, 0x00, 0x14, 0xed, 0xed, 0x21, 0x02, 0x2c
    .byte 0x01, 0x00, 0x00, 0x00, 0x2c, 0x64, 0x01, 0x00, 0x00, 0x15, 0x1f, 0x18, 0x70, 0x24, 0x00, 0x0c
    .byte 0x00, 0x00, 0x00, 0x17, 0x00, 0x15, 0x20, 0x18, 0x70, 0x05, 0x00, 0x0c, 0x00, 0x00, 0x00, 0x17
    .byte 0x00, 0x15, 0x27, 0x18, 0x70, 0x17, 0x00, 0x2c, 0xff, 0xff, 0xff, 0xff, 0x2c, 0xff, 0xff, 0xff
    .byte 0xff, 0x2c, 0xff, 0xff, 0xff, 0xff, 0x15, 0x33, 0x25, 0xa2, 0xef, 0x21, 0x02, 0x29, 0x00, 0xff
    .byte 0x32, 0x00, 0x02, 0x00, 0x00, 0x00, 0x14, 0x39, 0xee, 0x21, 0x02, 0x2c, 0x01, 0x00, 0x00, 0x00
    .byte 0x2c, 0x64, 0x01, 0x00, 0x00, 0x15, 0x1f, 0x18, 0x70, 0x24, 0x00, 0x10, 0x00, 0x00, 0x00, 0x17
    .byte 0x00, 0x15, 0x20, 0x18, 0x70, 0x05, 0x00, 0x00, 0x00, 0x00, 0x00, 0x17, 0x00, 0x15, 0x27, 0x18
    .byte 0x70, 0x17, 0x00, 0x2c, 0xff, 0xff, 0xff, 0xff, 0x2c, 0xff, 0xff, 0xff, 0xff, 0x2c, 0xff, 0xff
    .byte 0xff, 0xff, 0x15, 0x33, 0x25, 0xa2, 0xef, 0x21, 0x02, 0x29, 0x00, 0xff, 0x32, 0x00, 0x03, 0x00
    .byte 0x00, 0x00, 0x14, 0x85, 0xee, 0x21, 0x02, 0x2c, 0x01, 0x00, 0x00, 0x00, 0x2c, 0x64, 0x01, 0x00
    .byte 0x00, 0x15, 0x1f, 0x18, 0x70, 0x24, 0x00, 0x0c, 0x00, 0x00, 0x00, 0x17, 0x00, 0x15, 0x20, 0x18
    .byte 0x70, 0x24, 0x00, 0x0c, 0x00, 0x00, 0x00, 0x17, 0x00, 0x15, 0x27, 0x18, 0x70, 0x17, 0x00, 0x2c
    .byte 0xff, 0xff, 0xff, 0xff, 0x2c, 0xff, 0xff, 0xff, 0xff, 0x2c, 0xff, 0xff, 0xff, 0xff, 0x15, 0x33
    .byte 0x25, 0xa2, 0xef, 0x21, 0x02, 0x29, 0x00, 0xff, 0x32, 0x00, 0x04, 0x00, 0x00, 0x00, 0x14, 0xd1
    .byte 0xee, 0x21, 0x02, 0x2c, 0x01, 0x00, 0x00, 0x00, 0x2c, 0x64, 0x01, 0x00, 0x00, 0x15, 0x1f, 0x18
    .byte 0x70, 0x05, 0x00, 0x00, 0x00, 0x00, 0x00, 0x17, 0x00, 0x15, 0x20, 0x18, 0x70, 0x24, 0x00, 0x10
    .byte 0x00, 0x00, 0x00, 0x17, 0x00, 0x15, 0x27, 0x18, 0x70, 0x17, 0x00, 0x2c, 0xff, 0xff, 0xff, 0xff
    .byte 0x2c, 0xff, 0xff, 0xff, 0xff, 0x2c, 0xff, 0xff, 0xff, 0xff, 0x15, 0x33, 0x25, 0xa2, 0xef, 0x21
    .byte 0x02, 0x29, 0x00, 0xff, 0x32, 0x00, 0x05, 0x00, 0x00, 0x00, 0x14, 0x1d, 0xef, 0x21, 0x02, 0x2c
    .byte 0x01, 0x00, 0x00, 0x00, 0x2c, 0x64, 0x01, 0x00, 0x00, 0x15, 0x1f, 0x18, 0x70, 0x05, 0x00, 0x0c
    .byte 0x00, 0x00, 0x00, 0x17, 0x00, 0x15, 0x20, 0x18, 0x70, 0x24, 0x00, 0x0c, 0x00, 0x00, 0x00, 0x17
    .byte 0x00, 0x15, 0x27, 0x18, 0x70, 0x17, 0x00, 0x2c, 0xff, 0xff, 0xff, 0xff, 0x2c, 0xff, 0xff, 0xff
    .byte 0xff, 0x2c, 0xff, 0xff, 0xff, 0xff, 0x15, 0x33, 0x25, 0xa2, 0xef, 0x21, 0x02, 0x29, 0x00, 0xff
    .byte 0x32, 0x00, 0x06, 0x00, 0x00, 0x00, 0x14, 0x69, 0xef, 0x21, 0x02, 0x2c, 0x01, 0x00, 0x00, 0x00
    .byte 0x2c, 0x64, 0x01, 0x00, 0x00, 0x15, 0x1f, 0x18, 0x70, 0x05, 0x00, 0x10, 0x00, 0x00, 0x00, 0x17
    .byte 0x00, 0x15, 0x20, 0x18, 0x70, 0x05, 0x00, 0x00, 0x00, 0x00, 0x00, 0x17, 0x00, 0x15, 0x27, 0x18
    .byte 0x70, 0x17, 0x00, 0x2c, 0xff, 0xff, 0xff, 0xff, 0x2c, 0xff, 0xff, 0xff, 0xff, 0x2c, 0xff, 0xff
    .byte 0xff, 0xff, 0x15, 0x33, 0x25, 0xa2, 0xef, 0x21, 0x02, 0x2c, 0x01, 0x00, 0x00, 0x00, 0x2c, 0x64
    .byte 0x01, 0x00, 0x00, 0x15, 0x1f, 0x18, 0x70, 0x05, 0x00, 0x0c, 0x00, 0x00, 0x00, 0x17, 0x00, 0x15
    .byte 0x20, 0x18, 0x70, 0x05, 0x00, 0x0c, 0x00, 0x00, 0x00, 0x17, 0x00, 0x15, 0x27, 0x18, 0x70, 0x17
    .byte 0x00, 0x2c, 0xff, 0xff, 0xff, 0xff, 0x2c, 0xff, 0xff, 0xff, 0xff, 0x2c, 0xff, 0xff, 0xff, 0xff
    .byte 0x15, 0x33, 0x25, 0xf4, 0xf1, 0x21, 0x02, 0x29, 0x00, 0xff, 0x32, 0x00, 0x00, 0x00, 0x00, 0x00
    .byte 0x14, 0xf3, 0xef, 0x21, 0x02, 0x2c, 0x01, 0x00, 0x00, 0x00, 0x2c, 0x64, 0x01, 0x00, 0x00, 0x15
    .byte 0x1f, 0x18, 0x70, 0x05, 0x00, 0x00, 0x00, 0x00, 0x00, 0x17, 0x00, 0x15, 0x20, 0x18, 0x70, 0x05
    .byte 0x00, 0x10, 0x00, 0x00, 0x00, 0x17, 0x00, 0x15, 0x27, 0x18, 0x70, 0x17, 0x00, 0x2c, 0xff, 0xff
    .byte 0xff, 0xff, 0x2c, 0xff, 0xff, 0xff, 0xff, 0x2c, 0xff, 0xff, 0xff, 0xff, 0x15, 0x33, 0x25, 0xf4
    .byte 0xf1, 0x21, 0x02, 0x29, 0x00, 0xff, 0x32, 0x00, 0x01, 0x00, 0x00, 0x00, 0x14, 0x3f, 0xf0, 0x21
    .byte 0x02, 0x2c, 0x01, 0x00, 0x00, 0x00, 0x2c, 0x64, 0x01, 0x00, 0x00, 0x15, 0x1f, 0x18, 0x70, 0x24
    .byte 0x00, 0x0c, 0x00, 0x00, 0x00, 0x17, 0x00, 0x15, 0x20, 0x18, 0x70, 0x05, 0x00, 0x0c, 0x00, 0x00
    .byte 0x00, 0x17, 0x00, 0x15, 0x27, 0x18, 0x70, 0x17, 0x00, 0x2c, 0xff, 0xff, 0xff, 0xff, 0x2c, 0xff
    .byte 0xff, 0xff, 0xff, 0x2c, 0xff, 0xff, 0xff, 0xff, 0x15, 0x33, 0x25, 0xf4, 0xf1, 0x21, 0x02, 0x29
    .byte 0x00, 0xff, 0x32, 0x00, 0x02, 0x00, 0x00, 0x00, 0x14, 0x8b, 0xf0, 0x21, 0x02, 0x2c, 0x01, 0x00
    .byte 0x00, 0x00, 0x2c, 0x64, 0x01, 0x00, 0x00, 0x15, 0x1f, 0x18, 0x70, 0x24, 0x00, 0x10, 0x00, 0x00
    .byte 0x00, 0x17, 0x00, 0x15, 0x20, 0x18, 0x70, 0x05, 0x00, 0x00, 0x00, 0x00, 0x00, 0x17, 0x00, 0x15
    .byte 0x27, 0x18, 0x70, 0x17, 0x00, 0x2c, 0xff, 0xff, 0xff, 0xff, 0x2c, 0xff, 0xff, 0xff, 0xff, 0x2c
    .byte 0xff, 0xff, 0xff, 0xff, 0x15, 0x33, 0x25, 0xf4, 0xf1, 0x21, 0x02, 0x29, 0x00, 0xff, 0x32, 0x00
    .byte 0x03, 0x00, 0x00, 0x00, 0x14, 0xd7, 0xf0, 0x21, 0x02, 0x2c, 0x01, 0x00, 0x00, 0x00, 0x2c, 0x64
    .byte 0x01, 0x00, 0x00, 0x15, 0x1f, 0x18, 0x70, 0x24, 0x00, 0x0c, 0x00, 0x00, 0x00, 0x17, 0x00, 0x15
    .byte 0x20, 0x18, 0x70, 0x24, 0x00, 0x0c, 0x00, 0x00, 0x00, 0x17, 0x00, 0x15, 0x27, 0x18, 0x70, 0x17
    .byte 0x00, 0x2c, 0xff, 0xff, 0xff, 0xff, 0x2c, 0xff, 0xff, 0xff, 0xff, 0x2c, 0xff, 0xff, 0xff, 0xff
    .byte 0x15, 0x33, 0x25, 0xf4, 0xf1, 0x21, 0x02, 0x29, 0x00, 0xff, 0x32, 0x00, 0x04, 0x00, 0x00, 0x00
    .byte 0x14, 0x23, 0xf1, 0x21, 0x02, 0x2c, 0x01, 0x00, 0x00, 0x00, 0x2c, 0x64, 0x01, 0x00, 0x00, 0x15
    .byte 0x1f, 0x18, 0x70, 0x05, 0x00, 0x00, 0x00, 0x00, 0x00, 0x17, 0x00, 0x15, 0x20, 0x18, 0x70, 0x24
    .byte 0x00, 0x10, 0x00, 0x00, 0x00, 0x17, 0x00, 0x15, 0x27, 0x18, 0x70, 0x17, 0x00, 0x2c, 0xff, 0xff
    .byte 0xff, 0xff, 0x2c, 0xff, 0xff, 0xff, 0xff, 0x2c, 0xff, 0xff, 0xff, 0xff, 0x15, 0x33, 0x25, 0xf4
    .byte 0xf1, 0x21, 0x02, 0x29, 0x00, 0xff, 0x32, 0x00, 0x05, 0x00, 0x00, 0x00, 0x14, 0x6f, 0xf1, 0x21
    .byte 0x02, 0x2c, 0x01, 0x00, 0x00, 0x00, 0x2c, 0x64, 0x01, 0x00, 0x00, 0x15, 0x1f, 0x18, 0x70, 0x05
    .byte 0x00, 0x0c, 0x00, 0x00, 0x00, 0x17, 0x00, 0x15, 0x20, 0x18, 0x70, 0x24, 0x00, 0x0c, 0x00, 0x00
    .byte 0x00, 0x17, 0x00, 0x15, 0x27, 0x18, 0x70, 0x17, 0x00, 0x2c, 0xff, 0xff, 0xff, 0xff, 0x2c, 0xff
    .byte 0xff, 0xff, 0xff, 0x2c, 0xff, 0xff, 0xff, 0xff, 0x15, 0x33, 0x25, 0xf4, 0xf1, 0x21, 0x02, 0x29
    .byte 0x00, 0xff, 0x32, 0x00, 0x06, 0x00, 0x00, 0x00, 0x14, 0xbb, 0xf1, 0x21, 0x02, 0x2c, 0x01, 0x00
    .byte 0x00, 0x00, 0x2c, 0x64, 0x01, 0x00, 0x00, 0x15, 0x1f, 0x18, 0x70, 0x05, 0x00, 0x10, 0x00, 0x00
    .byte 0x00, 0x17, 0x00, 0x15, 0x20, 0x18, 0x70, 0x05, 0x00, 0x00, 0x00, 0x00, 0x00, 0x17, 0x00, 0x15
    .byte 0x27, 0x18, 0x70, 0x17, 0x00, 0x2c, 0xff, 0xff, 0xff, 0xff, 0x2c, 0xff, 0xff, 0xff, 0xff, 0x2c
    .byte 0xff, 0xff, 0xff, 0xff, 0x15, 0x33, 0x25, 0xf4, 0xf1, 0x21, 0x02, 0x2c, 0x01, 0x00, 0x00, 0x00
    .byte 0x2c, 0x64, 0x01, 0x00, 0x00, 0x15, 0x1f, 0x18, 0x70, 0x05, 0x00, 0x0c, 0x00, 0x00, 0x00, 0x17
    .byte 0x00, 0x15, 0x20, 0x18, 0x70, 0x05, 0x00, 0x0c, 0x00, 0x00, 0x00, 0x17, 0x00, 0x15, 0x27, 0x18
    .byte 0x70, 0x17, 0x00, 0x2c, 0xff, 0xff, 0xff, 0xff, 0x2c, 0xff, 0xff, 0xff, 0xff, 0x2c, 0xff, 0xff
    .byte 0xff, 0xff, 0x15, 0x33, 0x25, 0x34, 0xf4, 0x21, 0x02, 0x2b, 0x00, 0x02, 0x34, 0x00, 0x19, 0x00
    .byte 0x00, 0x00, 0x14, 0x34, 0xf4, 0x21, 0x02, 0x29, 0x00, 0xff, 0x32, 0x00, 0x00, 0x00, 0x00, 0x00
    .byte 0x14, 0x4f, 0xf2, 0x21, 0x02, 0x2c, 0x01, 0x00, 0x00, 0x00, 0x15, 0x1f, 0x18, 0x70, 0x05, 0x00
    .byte 0x00, 0x00, 0x00, 0x00, 0x17, 0x00, 0x15, 0x20, 0x18, 0x70, 0x05, 0x00, 0x10, 0x00, 0x00, 0x00
    .byte 0x17, 0x00, 0x15, 0x27, 0x18, 0x70, 0x17, 0x00, 0x20, 0x00, 0x00, 0x20, 0x00, 0x00, 0x2c, 0xf4
    .byte 0x01, 0x00, 0x00, 0x2c, 0x2c, 0x01, 0x00, 0x00, 0x15, 0xb2, 0x25, 0x34, 0xf4, 0x21, 0x02, 0x29
    .byte 0x00, 0xff, 0x32, 0x00, 0x01, 0x00, 0x00, 0x00, 0x14, 0x97, 0xf2, 0x21, 0x02, 0x2c, 0x01, 0x00
    .byte 0x00, 0x00, 0x15, 0x1f, 0x18, 0x70, 0x24, 0x00, 0x0c, 0x00, 0x00, 0x00, 0x17, 0x00, 0x15, 0x20
    .byte 0x18, 0x70, 0x05, 0x00, 0x0c, 0x00, 0x00, 0x00, 0x17, 0x00, 0x15, 0x27, 0x18, 0x70, 0x17, 0x00
    .byte 0x20, 0x00, 0x00, 0x20, 0x00, 0x00, 0x2c, 0xf4, 0x01, 0x00, 0x00, 0x2c, 0x2c, 0x01, 0x00, 0x00
    .byte 0x15, 0xb2, 0x25, 0x34, 0xf4, 0x21, 0x02, 0x29, 0x00, 0xff, 0x32, 0x00, 0x02, 0x00, 0x00, 0x00
    .byte 0x14, 0xdf, 0xf2, 0x21, 0x02, 0x2c, 0x01, 0x00, 0x00, 0x00, 0x15, 0x1f, 0x18, 0x70, 0x24, 0x00
    .byte 0x10, 0x00, 0x00, 0x00, 0x17, 0x00, 0x15, 0x20, 0x18, 0x70, 0x05, 0x00, 0x00, 0x00, 0x00, 0x00
    .byte 0x17, 0x00, 0x15, 0x27, 0x18, 0x70, 0x17, 0x00, 0x20, 0x00, 0x00, 0x20, 0x00, 0x00, 0x2c, 0xf4
    .byte 0x01, 0x00, 0x00, 0x2c, 0x2c, 0x01, 0x00, 0x00, 0x15, 0xb2, 0x25, 0x34, 0xf4, 0x21, 0x02, 0x29
    .byte 0x00, 0xff, 0x32, 0x00, 0x03, 0x00, 0x00, 0x00, 0x14, 0x27, 0xf3, 0x21, 0x02, 0x2c, 0x01, 0x00
    .byte 0x00, 0x00, 0x15, 0x1f, 0x18, 0x70, 0x24, 0x00, 0x0c, 0x00, 0x00, 0x00, 0x17, 0x00, 0x15, 0x20
    .byte 0x18, 0x70, 0x24, 0x00, 0x0c, 0x00, 0x00, 0x00, 0x17, 0x00, 0x15, 0x27, 0x18, 0x70, 0x17, 0x00
    .byte 0x20, 0x00, 0x00, 0x20, 0x00, 0x00, 0x2c, 0xf4, 0x01, 0x00, 0x00, 0x2c, 0x2c, 0x01, 0x00, 0x00
    .byte 0x15, 0xb2, 0x25, 0x34, 0xf4, 0x21, 0x02, 0x29, 0x00, 0xff, 0x32, 0x00, 0x04, 0x00, 0x00, 0x00
    .byte 0x14, 0x6f, 0xf3, 0x21, 0x02, 0x2c, 0x01, 0x00, 0x00, 0x00, 0x15, 0x1f, 0x18, 0x70, 0x05, 0x00
    .byte 0x00, 0x00, 0x00, 0x00, 0x17, 0x00, 0x15, 0x20, 0x18, 0x70, 0x24, 0x00, 0x10, 0x00, 0x00, 0x00
    .byte 0x17, 0x00, 0x15, 0x27, 0x18, 0x70, 0x17, 0x00, 0x20, 0x00, 0x00, 0x20, 0x00, 0x00, 0x2c, 0xf4
    .byte 0x01, 0x00, 0x00, 0x2c, 0x2c, 0x01, 0x00, 0x00, 0x15, 0xb2, 0x25, 0x34, 0xf4, 0x21, 0x02, 0x29
    .byte 0x00, 0xff, 0x32, 0x00, 0x05, 0x00, 0x00, 0x00, 0x14, 0xb7, 0xf3, 0x21, 0x02, 0x2c, 0x01, 0x00
    .byte 0x00, 0x00, 0x15, 0x1f, 0x18, 0x70, 0x05, 0x00, 0x0c, 0x00, 0x00, 0x00, 0x17, 0x00, 0x15, 0x20
    .byte 0x18, 0x70, 0x24, 0x00, 0x0c, 0x00, 0x00, 0x00, 0x17, 0x00, 0x15, 0x27, 0x18, 0x70, 0x17, 0x00
    .byte 0x20, 0x00, 0x00, 0x20, 0x00, 0x00, 0x2c, 0xf4, 0x01, 0x00, 0x00, 0x2c, 0x2c, 0x01, 0x00, 0x00
    .byte 0x15, 0xb2, 0x25, 0x34, 0xf4, 0x21, 0x02, 0x29, 0x00, 0xff, 0x32, 0x00, 0x06, 0x00, 0x00, 0x00
    .byte 0x14, 0xff, 0xf3, 0x21, 0x02, 0x2c, 0x01, 0x00, 0x00, 0x00, 0x15, 0x1f, 0x18, 0x70, 0x05, 0x00
    .byte 0x10, 0x00, 0x00, 0x00, 0x17, 0x00, 0x15, 0x20, 0x18, 0x70, 0x05, 0x00, 0x00, 0x00, 0x00, 0x00
    .byte 0x17, 0x00, 0x15, 0x27, 0x18, 0x70, 0x17, 0x00, 0x20, 0x00, 0x00, 0x20, 0x00, 0x00, 0x2c, 0xf4
    .byte 0x01, 0x00, 0x00, 0x2c, 0x2c, 0x01, 0x00, 0x00, 0x15, 0xb2, 0x25, 0x34, 0xf4, 0x21, 0x02, 0x2c
    .byte 0x01, 0x00, 0x00, 0x00, 0x15, 0x1f, 0x18, 0x70, 0x05, 0x00, 0x0c, 0x00, 0x00, 0x00, 0x17, 0x00
    .byte 0x15, 0x20, 0x18, 0x70, 0x05, 0x00, 0x0c, 0x00, 0x00, 0x00, 0x17, 0x00, 0x15, 0x27, 0x18, 0x70
    .byte 0x17, 0x00, 0x20, 0x00, 0x00, 0x20, 0x00, 0x00, 0x2c, 0xf4, 0x01, 0x00, 0x00, 0x2c, 0x2c, 0x01
    .byte 0x00, 0x00, 0x15, 0xb2, 0x25, 0x3c, 0x00, 0x22, 0x02, 0x2b, 0x00, 0x02, 0x34, 0x00, 0x00, 0x00
    .byte 0x00, 0x00, 0x14, 0x99, 0xf6, 0x21, 0x02, 0x29, 0x00, 0xff, 0x32, 0x00, 0x00, 0x00, 0x00, 0x00
    .byte 0x14, 0x93, 0xf4, 0x21, 0x02, 0x2c, 0x01, 0x00, 0x00, 0x00, 0x2c, 0xff, 0xff, 0xff, 0xff, 0x15
    .byte 0x1f, 0x18, 0x70, 0x05, 0x00, 0x00, 0x00, 0x00, 0x00, 0x17, 0x00, 0x15, 0x20, 0x18, 0x70, 0x05
    .byte 0x00, 0x10, 0x00, 0x00, 0x00, 0x17, 0x00, 0x15, 0x27, 0x18, 0x70, 0x17, 0x00, 0x2c, 0xff, 0xff
    .byte 0xff, 0xff, 0x2c, 0xff, 0xff, 0xff, 0xff, 0x2c, 0xff, 0xff, 0xff, 0xff, 0x15, 0x33, 0x25, 0x94
    .byte 0xf6, 0x21, 0x02, 0x29, 0x00, 0xff, 0x32, 0x00, 0x01, 0x00, 0x00, 0x00, 0x14, 0xdf, 0xf4, 0x21
    .byte 0x02, 0x2c, 0x01, 0x00, 0x00, 0x00, 0x2c, 0xff, 0xff, 0xff, 0xff, 0x15, 0x1f, 0x18, 0x70, 0x24
    .byte 0x00, 0x0c, 0x00, 0x00, 0x00, 0x17, 0x00, 0x15, 0x20, 0x18, 0x70, 0x05, 0x00, 0x0c, 0x00, 0x00
    .byte 0x00, 0x17, 0x00, 0x15, 0x27, 0x18, 0x70, 0x17, 0x00, 0x2c, 0xff, 0xff, 0xff, 0xff, 0x2c, 0xff
    .byte 0xff, 0xff, 0xff, 0x2c, 0xff, 0xff, 0xff, 0xff, 0x15, 0x33, 0x25, 0x94, 0xf6, 0x21, 0x02, 0x29
    .byte 0x00, 0xff, 0x32, 0x00, 0x02, 0x00, 0x00, 0x00, 0x14, 0x2b, 0xf5, 0x21, 0x02, 0x2c, 0x01, 0x00
    .byte 0x00, 0x00, 0x2c, 0xff, 0xff, 0xff, 0xff, 0x15, 0x1f, 0x18, 0x70, 0x24, 0x00, 0x10, 0x00, 0x00
    .byte 0x00, 0x17, 0x00, 0x15, 0x20, 0x18, 0x70, 0x05, 0x00, 0x00, 0x00, 0x00, 0x00, 0x17, 0x00, 0x15
    .byte 0x27, 0x18, 0x70, 0x17, 0x00, 0x2c, 0xff, 0xff, 0xff, 0xff, 0x2c, 0xff, 0xff, 0xff, 0xff, 0x2c
    .byte 0xff, 0xff, 0xff, 0xff, 0x15, 0x33, 0x25, 0x94, 0xf6, 0x21, 0x02, 0x29, 0x00, 0xff, 0x32, 0x00
    .byte 0x03, 0x00, 0x00, 0x00, 0x14, 0x77, 0xf5, 0x21, 0x02, 0x2c, 0x01, 0x00, 0x00, 0x00, 0x2c, 0xff
    .byte 0xff, 0xff, 0xff, 0x15, 0x1f, 0x18, 0x70, 0x24, 0x00, 0x0c, 0x00, 0x00, 0x00, 0x17, 0x00, 0x15
    .byte 0x20, 0x18, 0x70, 0x24, 0x00, 0x0c, 0x00, 0x00, 0x00, 0x17, 0x00, 0x15, 0x27, 0x18, 0x70, 0x17
    .byte 0x00, 0x2c, 0xff, 0xff, 0xff, 0xff, 0x2c, 0xff, 0xff, 0xff, 0xff, 0x2c, 0xff, 0xff, 0xff, 0xff
    .byte 0x15, 0x33, 0x25, 0x94, 0xf6, 0x21, 0x02, 0x29, 0x00, 0xff, 0x32, 0x00, 0x04, 0x00, 0x00, 0x00
    .byte 0x14, 0xc3, 0xf5, 0x21, 0x02, 0x2c, 0x01, 0x00, 0x00, 0x00, 0x2c, 0xff, 0xff, 0xff, 0xff, 0x15
    .byte 0x1f, 0x18, 0x70, 0x05, 0x00, 0x00, 0x00, 0x00, 0x00, 0x17, 0x00, 0x15, 0x20, 0x18, 0x70, 0x24
    .byte 0x00, 0x10, 0x00, 0x00, 0x00, 0x17, 0x00, 0x15, 0x27, 0x18, 0x70, 0x17, 0x00, 0x2c, 0xff, 0xff
    .byte 0xff, 0xff, 0x2c, 0xff, 0xff, 0xff, 0xff, 0x2c, 0xff, 0xff, 0xff, 0xff, 0x15, 0x33, 0x25, 0x94
    .byte 0xf6, 0x21, 0x02, 0x29, 0x00, 0xff, 0x32, 0x00, 0x05, 0x00, 0x00, 0x00, 0x14, 0x0f, 0xf6, 0x21
    .byte 0x02, 0x2c, 0x01, 0x00, 0x00, 0x00, 0x2c, 0xff, 0xff, 0xff, 0xff, 0x15, 0x1f, 0x18, 0x70, 0x05
    .byte 0x00, 0x0c, 0x00, 0x00, 0x00, 0x17, 0x00, 0x15, 0x20, 0x18, 0x70, 0x24, 0x00, 0x0c, 0x00, 0x00
    .byte 0x00, 0x17, 0x00, 0x15, 0x27, 0x18, 0x70, 0x17, 0x00, 0x2c, 0xff, 0xff, 0xff, 0xff, 0x2c, 0xff
    .byte 0xff, 0xff, 0xff, 0x2c, 0xff, 0xff, 0xff, 0xff, 0x15, 0x33, 0x25, 0x94, 0xf6, 0x21, 0x02, 0x29
    .byte 0x00, 0xff, 0x32, 0x00, 0x06, 0x00, 0x00, 0x00, 0x14, 0x5b, 0xf6, 0x21, 0x02, 0x2c, 0x01, 0x00
    .byte 0x00, 0x00, 0x2c, 0xff, 0xff, 0xff, 0xff, 0x15, 0x1f, 0x18, 0x70, 0x05, 0x00, 0x10, 0x00, 0x00
    .byte 0x00, 0x17, 0x00, 0x15, 0x20, 0x18, 0x70, 0x05, 0x00, 0x00, 0x00, 0x00, 0x00, 0x17, 0x00, 0x15
    .byte 0x27, 0x18, 0x70, 0x17, 0x00, 0x2c, 0xff, 0xff, 0xff, 0xff, 0x2c, 0xff, 0xff, 0xff, 0xff, 0x2c
    .byte 0xff, 0xff, 0xff, 0xff, 0x15, 0x33, 0x25, 0x94, 0xf6, 0x21, 0x02, 0x2c, 0x01, 0x00, 0x00, 0x00
    .byte 0x2c, 0xff, 0xff, 0xff, 0xff, 0x15, 0x1f, 0x18, 0x70, 0x05, 0x00, 0x0c, 0x00, 0x00, 0x00, 0x17
    .byte 0x00, 0x15, 0x20, 0x18, 0x70, 0x05, 0x00, 0x0c, 0x00, 0x00, 0x00, 0x17, 0x00, 0x15, 0x27, 0x18
    .byte 0x70, 0x17, 0x00, 0x2c, 0xff, 0xff, 0xff, 0xff, 0x2c, 0xff, 0xff, 0xff, 0xff, 0x2c, 0xff, 0xff
    .byte 0xff, 0xff, 0x15, 0x33, 0x25, 0x3c, 0x00, 0x22, 0x02, 0x2c, 0x64, 0x00, 0x00, 0x00, 0x15, 0x01
    .byte 0x18, 0x70, 0x28, 0x00, 0x02, 0x2b, 0x00, 0x02, 0x34, 0x00, 0x03, 0x00, 0x00, 0x00, 0x14, 0x01
    .byte 0xfe, 0x21, 0x02, 0x2d, 0xfe, 0x15, 0x7c, 0x18, 0x70, 0x31, 0x00, 0x05, 0x00, 0x00, 0x00, 0x14
    .byte 0x01, 0xfe, 0x21, 0x02, 0x29, 0x00, 0xfe, 0x35, 0x00, 0x25, 0x00, 0x00, 0x00, 0x14, 0x01, 0xfe
    .byte 0x21, 0x02, 0x29, 0x00, 0xfe, 0x35, 0x00, 0x4f, 0x00, 0x00, 0x00, 0x14, 0x01, 0xfe, 0x21, 0x02
    .byte 0x2d, 0xfe, 0x15, 0x7c, 0x18, 0x70, 0x31, 0x00, 0x08, 0x00, 0x00, 0x00, 0x14, 0xaf, 0xfb, 0x21
    .byte 0x02, 0x2c, 0x02, 0x00, 0x00, 0x00, 0x15, 0x01, 0x18, 0x70, 0x28, 0x00, 0x02, 0x2b, 0x00, 0x02
    .byte 0x32, 0x00, 0x00, 0x00, 0x00, 0x00, 0x14, 0x5d, 0xf9, 0x21, 0x02, 0x29, 0x00, 0xff, 0x32, 0x00
    .byte 0x00, 0x00, 0x00, 0x00, 0x14, 0x57, 0xf7, 0x21, 0x02, 0x2c, 0x01, 0x00, 0x00, 0x00, 0x2c, 0x65
    .byte 0x01, 0x00, 0x00, 0x15, 0x1f, 0x18, 0x70, 0x05, 0x00, 0x00, 0x00, 0x00, 0x00, 0x17, 0x00, 0x15
    .byte 0x20, 0x18, 0x70, 0x05, 0x00, 0x10, 0x00, 0x00, 0x00, 0x17, 0x00, 0x15, 0x27, 0x18, 0x70, 0x17
    .byte 0x00, 0x2c, 0xff, 0xff, 0xff, 0xff, 0x2c, 0xff, 0xff, 0xff, 0xff, 0x2c, 0xff, 0xff, 0xff, 0xff
    .byte 0x15, 0x33, 0x25, 0x58, 0xf9, 0x21, 0x02, 0x29, 0x00, 0xff, 0x32, 0x00, 0x01, 0x00, 0x00, 0x00
    .byte 0x14, 0xa3, 0xf7, 0x21, 0x02, 0x2c, 0x01, 0x00, 0x00, 0x00, 0x2c, 0x65, 0x01, 0x00, 0x00, 0x15
    .byte 0x1f, 0x18, 0x70, 0x24, 0x00, 0x0c, 0x00, 0x00, 0x00, 0x17, 0x00, 0x15, 0x20, 0x18, 0x70, 0x05
    .byte 0x00, 0x0c, 0x00, 0x00, 0x00, 0x17, 0x00, 0x15, 0x27, 0x18, 0x70, 0x17, 0x00, 0x2c, 0xff, 0xff
    .byte 0xff, 0xff, 0x2c, 0xff, 0xff, 0xff, 0xff, 0x2c, 0xff, 0xff, 0xff, 0xff, 0x15, 0x33, 0x25, 0x58
    .byte 0xf9, 0x21, 0x02, 0x29, 0x00, 0xff, 0x32, 0x00, 0x02, 0x00, 0x00, 0x00, 0x14, 0xef, 0xf7, 0x21
    .byte 0x02, 0x2c, 0x01, 0x00, 0x00, 0x00, 0x2c, 0x65, 0x01, 0x00, 0x00, 0x15, 0x1f, 0x18, 0x70, 0x24
    .byte 0x00, 0x10, 0x00, 0x00, 0x00, 0x17, 0x00, 0x15, 0x20, 0x18, 0x70, 0x05, 0x00, 0x00, 0x00, 0x00
    .byte 0x00, 0x17, 0x00, 0x15, 0x27, 0x18, 0x70, 0x17, 0x00, 0x2c, 0xff, 0xff, 0xff, 0xff, 0x2c, 0xff
    .byte 0xff, 0xff, 0xff, 0x2c, 0xff, 0xff, 0xff, 0xff, 0x15, 0x33, 0x25, 0x58, 0xf9, 0x21, 0x02, 0x29
    .byte 0x00, 0xff, 0x32, 0x00, 0x03, 0x00, 0x00, 0x00, 0x14, 0x3b, 0xf8, 0x21, 0x02, 0x2c, 0x01, 0x00
    .byte 0x00, 0x00, 0x2c, 0x65, 0x01, 0x00, 0x00, 0x15, 0x1f, 0x18, 0x70, 0x24, 0x00, 0x0c, 0x00, 0x00
    .byte 0x00, 0x17, 0x00, 0x15, 0x20, 0x18, 0x70, 0x24, 0x00, 0x0c, 0x00, 0x00, 0x00, 0x17, 0x00, 0x15
    .byte 0x27, 0x18, 0x70, 0x17, 0x00, 0x2c, 0xff, 0xff, 0xff, 0xff, 0x2c, 0xff, 0xff, 0xff, 0xff, 0x2c
    .byte 0xff, 0xff, 0xff, 0xff, 0x15, 0x33, 0x25, 0x58, 0xf9, 0x21, 0x02, 0x29, 0x00, 0xff, 0x32, 0x00
    .byte 0x04, 0x00, 0x00, 0x00, 0x14, 0x87, 0xf8, 0x21, 0x02, 0x2c, 0x01, 0x00, 0x00, 0x00, 0x2c, 0x65
    .byte 0x01, 0x00, 0x00, 0x15, 0x1f, 0x18, 0x70, 0x05, 0x00, 0x00, 0x00, 0x00, 0x00, 0x17, 0x00, 0x15
    .byte 0x20, 0x18, 0x70, 0x24, 0x00, 0x10, 0x00, 0x00, 0x00, 0x17, 0x00, 0x15, 0x27, 0x18, 0x70, 0x17
    .byte 0x00, 0x2c, 0xff, 0xff, 0xff, 0xff, 0x2c, 0xff, 0xff, 0xff, 0xff, 0x2c, 0xff, 0xff, 0xff, 0xff
    .byte 0x15, 0x33, 0x25, 0x58, 0xf9, 0x21, 0x02, 0x29, 0x00, 0xff, 0x32, 0x00, 0x05, 0x00, 0x00, 0x00
    .byte 0x14, 0xd3, 0xf8, 0x21, 0x02, 0x2c, 0x01, 0x00, 0x00, 0x00, 0x2c, 0x65, 0x01, 0x00, 0x00, 0x15
    .byte 0x1f, 0x18, 0x70, 0x05, 0x00, 0x0c, 0x00, 0x00, 0x00, 0x17, 0x00, 0x15, 0x20, 0x18, 0x70, 0x24
    .byte 0x00, 0x0c, 0x00, 0x00, 0x00, 0x17, 0x00, 0x15, 0x27, 0x18, 0x70, 0x17, 0x00, 0x2c, 0xff, 0xff
    .byte 0xff, 0xff, 0x2c, 0xff, 0xff, 0xff, 0xff, 0x2c, 0xff, 0xff, 0xff, 0xff, 0x15, 0x33, 0x25, 0x58
    .byte 0xf9, 0x21, 0x02, 0x29, 0x00, 0xff, 0x32, 0x00, 0x06, 0x00, 0x00, 0x00, 0x14, 0x1f, 0xf9, 0x21
    .byte 0x02, 0x2c, 0x01, 0x00, 0x00, 0x00, 0x2c, 0x65, 0x01, 0x00, 0x00, 0x15, 0x1f, 0x18, 0x70, 0x05
    .byte 0x00, 0x10, 0x00, 0x00, 0x00, 0x17, 0x00, 0x15, 0x20, 0x18, 0x70, 0x05, 0x00, 0x00, 0x00, 0x00
    .byte 0x00, 0x17, 0x00, 0x15, 0x27, 0x18, 0x70, 0x17, 0x00, 0x2c, 0xff, 0xff, 0xff, 0xff, 0x2c, 0xff
    .byte 0xff, 0xff, 0xff, 0x2c, 0xff, 0xff, 0xff, 0xff, 0x15, 0x33, 0x25, 0x58, 0xf9, 0x21, 0x02, 0x2c
    .byte 0x01, 0x00, 0x00, 0x00, 0x2c, 0x65, 0x01, 0x00, 0x00, 0x15, 0x1f, 0x18, 0x70, 0x05, 0x00, 0x0c
    .byte 0x00, 0x00, 0x00, 0x17, 0x00, 0x15, 0x20, 0x18, 0x70, 0x05, 0x00, 0x0c, 0x00, 0x00, 0x00, 0x17
    .byte 0x00, 0x15, 0x27, 0x18, 0x70, 0x17, 0x00, 0x2c, 0xff, 0xff, 0xff, 0xff, 0x2c, 0xff, 0xff, 0xff
    .byte 0xff, 0x2c, 0xff, 0xff, 0xff, 0xff, 0x15, 0x33, 0x25, 0xaa, 0xfb, 0x21, 0x02, 0x29, 0x00, 0xff
    .byte 0x32, 0x00, 0x00, 0x00, 0x00, 0x00, 0x14, 0xa9, 0xf9, 0x21, 0x02, 0x2c, 0x01, 0x00, 0x00, 0x00
    .byte 0x2c, 0x64, 0x01, 0x00, 0x00, 0x15, 0x1f, 0x18, 0x70, 0x05, 0x00, 0x00, 0x00, 0x00, 0x00, 0x17
    .byte 0x00, 0x15, 0x20, 0x18, 0x70, 0x05, 0x00, 0x10, 0x00, 0x00, 0x00, 0x17, 0x00, 0x15, 0x27, 0x18
    .byte 0x70, 0x17, 0x00, 0x2c, 0xff, 0xff, 0xff, 0xff, 0x2c, 0xff, 0xff, 0xff, 0xff, 0x2c, 0xff, 0xff
    .byte 0xff, 0xff, 0x15, 0x33, 0x25, 0xaa, 0xfb, 0x21, 0x02, 0x29, 0x00, 0xff, 0x32, 0x00, 0x01, 0x00
    .byte 0x00, 0x00, 0x14, 0xf5, 0xf9, 0x21, 0x02, 0x2c, 0x01, 0x00, 0x00, 0x00, 0x2c, 0x64, 0x01, 0x00
    .byte 0x00, 0x15, 0x1f, 0x18, 0x70, 0x24, 0x00, 0x0c, 0x00, 0x00, 0x00, 0x17, 0x00, 0x15, 0x20, 0x18
    .byte 0x70, 0x05, 0x00, 0x0c, 0x00, 0x00, 0x00, 0x17, 0x00, 0x15, 0x27, 0x18, 0x70, 0x17, 0x00, 0x2c
    .byte 0xff, 0xff, 0xff, 0xff, 0x2c, 0xff, 0xff, 0xff, 0xff, 0x2c, 0xff, 0xff, 0xff, 0xff, 0x15, 0x33
    .byte 0x25, 0xaa, 0xfb, 0x21, 0x02, 0x29, 0x00, 0xff, 0x32, 0x00, 0x02, 0x00, 0x00, 0x00, 0x14, 0x41
    .byte 0xfa, 0x21, 0x02, 0x2c, 0x01, 0x00, 0x00, 0x00, 0x2c, 0x64, 0x01, 0x00, 0x00, 0x15, 0x1f, 0x18
    .byte 0x70, 0x24, 0x00, 0x10, 0x00, 0x00, 0x00, 0x17, 0x00, 0x15, 0x20, 0x18, 0x70, 0x05, 0x00, 0x00
    .byte 0x00, 0x00, 0x00, 0x17, 0x00, 0x15, 0x27, 0x18, 0x70, 0x17, 0x00, 0x2c, 0xff, 0xff, 0xff, 0xff
    .byte 0x2c, 0xff, 0xff, 0xff, 0xff, 0x2c, 0xff, 0xff, 0xff, 0xff, 0x15, 0x33, 0x25, 0xaa, 0xfb, 0x21
    .byte 0x02, 0x29, 0x00, 0xff, 0x32, 0x00, 0x03, 0x00, 0x00, 0x00, 0x14, 0x8d, 0xfa, 0x21, 0x02, 0x2c
    .byte 0x01, 0x00, 0x00, 0x00, 0x2c, 0x64, 0x01, 0x00, 0x00, 0x15, 0x1f, 0x18, 0x70, 0x24, 0x00, 0x0c
    .byte 0x00, 0x00, 0x00, 0x17, 0x00, 0x15, 0x20, 0x18, 0x70, 0x24, 0x00, 0x0c, 0x00, 0x00, 0x00, 0x17
    .byte 0x00, 0x15, 0x27, 0x18, 0x70, 0x17, 0x00, 0x2c, 0xff, 0xff, 0xff, 0xff, 0x2c, 0xff, 0xff, 0xff
    .byte 0xff, 0x2c, 0xff, 0xff, 0xff, 0xff, 0x15, 0x33, 0x25, 0xaa, 0xfb, 0x21, 0x02, 0x29, 0x00, 0xff
    .byte 0x32, 0x00, 0x04, 0x00, 0x00, 0x00, 0x14, 0xd9, 0xfa, 0x21, 0x02, 0x2c, 0x01, 0x00, 0x00, 0x00
    .byte 0x2c, 0x64, 0x01, 0x00, 0x00, 0x15, 0x1f, 0x18, 0x70, 0x05, 0x00, 0x00, 0x00, 0x00, 0x00, 0x17
    .byte 0x00, 0x15, 0x20, 0x18, 0x70, 0x24, 0x00, 0x10, 0x00, 0x00, 0x00, 0x17, 0x00, 0x15, 0x27, 0x18
    .byte 0x70, 0x17, 0x00, 0x2c, 0xff, 0xff, 0xff, 0xff, 0x2c, 0xff, 0xff, 0xff, 0xff, 0x2c, 0xff, 0xff
    .byte 0xff, 0xff, 0x15, 0x33, 0x25, 0xaa, 0xfb, 0x21, 0x02, 0x29, 0x00, 0xff, 0x32, 0x00, 0x05, 0x00
    .byte 0x00, 0x00, 0x14, 0x25, 0xfb, 0x21, 0x02, 0x2c, 0x01, 0x00, 0x00, 0x00, 0x2c, 0x64, 0x01, 0x00
    .byte 0x00, 0x15, 0x1f, 0x18, 0x70, 0x05, 0x00, 0x0c, 0x00, 0x00, 0x00, 0x17, 0x00, 0x15, 0x20, 0x18
    .byte 0x70, 0x24, 0x00, 0x0c, 0x00, 0x00, 0x00, 0x17, 0x00, 0x15, 0x27, 0x18, 0x70, 0x17, 0x00, 0x2c
    .byte 0xff, 0xff, 0xff, 0xff, 0x2c, 0xff, 0xff, 0xff, 0xff, 0x2c, 0xff, 0xff, 0xff, 0xff, 0x15, 0x33
    .byte 0x25, 0xaa, 0xfb, 0x21, 0x02, 0x29, 0x00, 0xff, 0x32, 0x00, 0x06, 0x00, 0x00, 0x00, 0x14, 0x71
    .byte 0xfb, 0x21, 0x02, 0x2c, 0x01, 0x00, 0x00, 0x00, 0x2c, 0x64, 0x01, 0x00, 0x00, 0x15, 0x1f, 0x18
    .byte 0x70, 0x05, 0x00, 0x10, 0x00, 0x00, 0x00, 0x17, 0x00, 0x15, 0x20, 0x18, 0x70, 0x05, 0x00, 0x00
    .byte 0x00, 0x00, 0x00, 0x17, 0x00, 0x15, 0x27, 0x18, 0x70, 0x17, 0x00, 0x2c, 0xff, 0xff, 0xff, 0xff
    .byte 0x2c, 0xff, 0xff, 0xff, 0xff, 0x2c, 0xff, 0xff, 0xff, 0xff, 0x15, 0x33, 0x25, 0xaa, 0xfb, 0x21
    .byte 0x02, 0x2c, 0x01, 0x00, 0x00, 0x00, 0x2c, 0x64, 0x01, 0x00, 0x00, 0x15, 0x1f, 0x18, 0x70, 0x05
    .byte 0x00, 0x0c, 0x00, 0x00, 0x00, 0x17, 0x00, 0x15, 0x20, 0x18, 0x70, 0x05, 0x00, 0x0c, 0x00, 0x00
    .byte 0x00, 0x17, 0x00, 0x15, 0x27, 0x18, 0x70, 0x17, 0x00, 0x2c, 0xff, 0xff, 0xff, 0xff, 0x2c, 0xff
    .byte 0xff, 0xff, 0xff, 0x2c, 0xff, 0xff, 0xff, 0xff, 0x15, 0x33, 0x25, 0xfc, 0xfd, 0x21, 0x02, 0x29
    .byte 0x00, 0xff, 0x32, 0x00, 0x00, 0x00, 0x00, 0x00, 0x14, 0xfb, 0xfb, 0x21, 0x02, 0x2c, 0x01, 0x00
    .byte 0x00, 0x00, 0x2c, 0x64, 0x01, 0x00, 0x00, 0x15, 0x1f, 0x18, 0x70, 0x05, 0x00, 0x00, 0x00, 0x00
    .byte 0x00, 0x17, 0x00, 0x15, 0x20, 0x18, 0x70, 0x05, 0x00, 0x10, 0x00, 0x00, 0x00, 0x17, 0x00, 0x15
    .byte 0x27, 0x18, 0x70, 0x17, 0x00, 0x2c, 0xff, 0xff, 0xff, 0xff, 0x2c, 0xff, 0xff, 0xff, 0xff, 0x2c
    .byte 0xff, 0xff, 0xff, 0xff, 0x15, 0x33, 0x25, 0xfc, 0xfd, 0x21, 0x02, 0x29, 0x00, 0xff, 0x32, 0x00
    .byte 0x01, 0x00, 0x00, 0x00, 0x14, 0x47, 0xfc, 0x21, 0x02, 0x2c, 0x01, 0x00, 0x00, 0x00, 0x2c, 0x64
    .byte 0x01, 0x00, 0x00, 0x15, 0x1f, 0x18, 0x70, 0x24, 0x00, 0x0c, 0x00, 0x00, 0x00, 0x17, 0x00, 0x15
    .byte 0x20, 0x18, 0x70, 0x05, 0x00, 0x0c, 0x00, 0x00, 0x00, 0x17, 0x00, 0x15, 0x27, 0x18, 0x70, 0x17
    .byte 0x00, 0x2c, 0xff, 0xff, 0xff, 0xff, 0x2c, 0xff, 0xff, 0xff, 0xff, 0x2c, 0xff, 0xff, 0xff, 0xff
    .byte 0x15, 0x33, 0x25, 0xfc, 0xfd, 0x21, 0x02, 0x29, 0x00, 0xff, 0x32, 0x00, 0x02, 0x00, 0x00, 0x00
    .byte 0x14, 0x93, 0xfc, 0x21, 0x02, 0x2c, 0x01, 0x00, 0x00, 0x00, 0x2c, 0x64, 0x01, 0x00, 0x00, 0x15
    .byte 0x1f, 0x18, 0x70, 0x24, 0x00, 0x10, 0x00, 0x00, 0x00, 0x17, 0x00, 0x15, 0x20, 0x18, 0x70, 0x05
    .byte 0x00, 0x00, 0x00, 0x00, 0x00, 0x17, 0x00, 0x15, 0x27, 0x18, 0x70, 0x17, 0x00, 0x2c, 0xff, 0xff
    .byte 0xff, 0xff, 0x2c, 0xff, 0xff, 0xff, 0xff, 0x2c, 0xff, 0xff, 0xff, 0xff, 0x15, 0x33, 0x25, 0xfc
    .byte 0xfd, 0x21, 0x02, 0x29, 0x00, 0xff, 0x32, 0x00, 0x03, 0x00, 0x00, 0x00, 0x14, 0xdf, 0xfc, 0x21
    .byte 0x02, 0x2c, 0x01, 0x00, 0x00, 0x00, 0x2c, 0x64, 0x01, 0x00, 0x00, 0x15, 0x1f, 0x18, 0x70, 0x24
    .byte 0x00, 0x0c, 0x00, 0x00, 0x00, 0x17, 0x00, 0x15, 0x20, 0x18, 0x70, 0x24, 0x00, 0x0c, 0x00, 0x00
    .byte 0x00, 0x17, 0x00, 0x15, 0x27, 0x18, 0x70, 0x17, 0x00, 0x2c, 0xff, 0xff, 0xff, 0xff, 0x2c, 0xff
    .byte 0xff, 0xff, 0xff, 0x2c, 0xff, 0xff, 0xff, 0xff, 0x15, 0x33, 0x25, 0xfc, 0xfd, 0x21, 0x02, 0x29
    .byte 0x00, 0xff, 0x32, 0x00, 0x04, 0x00, 0x00, 0x00, 0x14, 0x2b, 0xfd, 0x21, 0x02, 0x2c, 0x01, 0x00
    .byte 0x00, 0x00, 0x2c, 0x64, 0x01, 0x00, 0x00, 0x15, 0x1f, 0x18, 0x70, 0x05, 0x00, 0x00, 0x00, 0x00
    .byte 0x00, 0x17, 0x00, 0x15, 0x20, 0x18, 0x70, 0x24, 0x00, 0x10, 0x00, 0x00, 0x00, 0x17, 0x00, 0x15
    .byte 0x27, 0x18, 0x70, 0x17, 0x00, 0x2c, 0xff, 0xff, 0xff, 0xff, 0x2c, 0xff, 0xff, 0xff, 0xff, 0x2c
    .byte 0xff, 0xff, 0xff, 0xff, 0x15, 0x33, 0x25, 0xfc, 0xfd, 0x21, 0x02, 0x29, 0x00, 0xff, 0x32, 0x00
    .byte 0x05, 0x00, 0x00, 0x00, 0x14, 0x77, 0xfd, 0x21, 0x02, 0x2c, 0x01, 0x00, 0x00, 0x00, 0x2c, 0x64
    .byte 0x01, 0x00, 0x00, 0x15, 0x1f, 0x18, 0x70, 0x05, 0x00, 0x0c, 0x00, 0x00, 0x00, 0x17, 0x00, 0x15
    .byte 0x20, 0x18, 0x70, 0x24, 0x00, 0x0c, 0x00, 0x00, 0x00, 0x17, 0x00, 0x15, 0x27, 0x18, 0x70, 0x17
    .byte 0x00, 0x2c, 0xff, 0xff, 0xff, 0xff, 0x2c, 0xff, 0xff, 0xff, 0xff, 0x2c, 0xff, 0xff, 0xff, 0xff
    .byte 0x15, 0x33, 0x25, 0xfc, 0xfd, 0x21, 0x02, 0x29, 0x00, 0xff, 0x32, 0x00, 0x06, 0x00, 0x00, 0x00
    .byte 0x14, 0xc3, 0xfd, 0x21, 0x02, 0x2c, 0x01, 0x00, 0x00, 0x00, 0x2c, 0x64, 0x01, 0x00, 0x00, 0x15
    .byte 0x1f, 0x18, 0x70, 0x05, 0x00, 0x10, 0x00, 0x00, 0x00, 0x17, 0x00, 0x15, 0x20, 0x18, 0x70, 0x05
    .byte 0x00, 0x00, 0x00, 0x00, 0x00, 0x17, 0x00, 0x15, 0x27, 0x18, 0x70, 0x17, 0x00, 0x2c, 0xff, 0xff
    .byte 0xff, 0xff, 0x2c, 0xff, 0xff, 0xff, 0xff, 0x2c, 0xff, 0xff, 0xff, 0xff, 0x15, 0x33, 0x25, 0xfc
    .byte 0xfd, 0x21, 0x02, 0x2c, 0x01, 0x00, 0x00, 0x00, 0x2c, 0x64, 0x01, 0x00, 0x00, 0x15, 0x1f, 0x18
    .byte 0x70, 0x05, 0x00, 0x0c, 0x00, 0x00, 0x00, 0x17, 0x00, 0x15, 0x20, 0x18, 0x70, 0x05, 0x00, 0x0c
    .byte 0x00, 0x00, 0x00, 0x17, 0x00, 0x15, 0x27, 0x18, 0x70, 0x17, 0x00, 0x2c, 0xff, 0xff, 0xff, 0xff
    .byte 0x2c, 0xff, 0xff, 0xff, 0xff, 0x2c, 0xff, 0xff, 0xff, 0xff, 0x15, 0x33, 0x25, 0x3c, 0x00, 0x22
    .byte 0x02, 0x2b, 0x00, 0x02, 0x34, 0x00, 0x19, 0x00, 0x00, 0x00, 0x14, 0x3c, 0x00, 0x22, 0x02, 0x29
    .byte 0x00, 0xff, 0x32, 0x00, 0x00, 0x00, 0x00, 0x00, 0x14, 0x57, 0xfe, 0x21, 0x02, 0x2c, 0x01, 0x00
    .byte 0x00, 0x00, 0x15, 0x1f, 0x18, 0x70, 0x05, 0x00, 0x00, 0x00, 0x00, 0x00, 0x17, 0x00, 0x15, 0x20
    .byte 0x18, 0x70, 0x05, 0x00, 0x10, 0x00, 0x00, 0x00, 0x17, 0x00, 0x15, 0x27, 0x18, 0x70, 0x17, 0x00
    .byte 0x20, 0x00, 0x00, 0x20, 0x00, 0x00, 0x2c, 0xf4, 0x01, 0x00, 0x00, 0x2c, 0x2c, 0x01, 0x00, 0x00
    .byte 0x15, 0xb2, 0x25, 0x3c, 0x00, 0x22, 0x02, 0x29, 0x00, 0xff, 0x32, 0x00, 0x01, 0x00, 0x00, 0x00
    .byte 0x14, 0x9f, 0xfe, 0x21, 0x02, 0x2c, 0x01, 0x00, 0x00, 0x00, 0x15, 0x1f, 0x18, 0x70, 0x24, 0x00
    .byte 0x0c, 0x00, 0x00, 0x00, 0x17, 0x00, 0x15, 0x20, 0x18, 0x70, 0x05, 0x00, 0x0c, 0x00, 0x00, 0x00
    .byte 0x17, 0x00, 0x15, 0x27, 0x18, 0x70, 0x17, 0x00, 0x20, 0x00, 0x00, 0x20, 0x00, 0x00, 0x2c, 0xf4
    .byte 0x01, 0x00, 0x00, 0x2c, 0x2c, 0x01, 0x00, 0x00, 0x15, 0xb2, 0x25, 0x3c, 0x00, 0x22, 0x02, 0x29
    .byte 0x00, 0xff, 0x32, 0x00, 0x02, 0x00, 0x00, 0x00, 0x14, 0xe7, 0xfe, 0x21, 0x02, 0x2c, 0x01, 0x00
    .byte 0x00, 0x00, 0x15, 0x1f, 0x18, 0x70, 0x24, 0x00, 0x10, 0x00, 0x00, 0x00, 0x17, 0x00, 0x15, 0x20
    .byte 0x18, 0x70, 0x05, 0x00, 0x00, 0x00, 0x00, 0x00, 0x17, 0x00, 0x15, 0x27, 0x18, 0x70, 0x17, 0x00
    .byte 0x20, 0x00, 0x00, 0x20, 0x00, 0x00, 0x2c, 0xf4, 0x01, 0x00, 0x00, 0x2c, 0x2c, 0x01, 0x00, 0x00
    .byte 0x15, 0xb2, 0x25, 0x3c, 0x00, 0x22, 0x02, 0x29, 0x00, 0xff, 0x32, 0x00, 0x03, 0x00, 0x00, 0x00
    .byte 0x14, 0x2f, 0xff, 0x21, 0x02, 0x2c, 0x01, 0x00, 0x00, 0x00, 0x15, 0x1f, 0x18, 0x70, 0x24, 0x00
    .byte 0x0c, 0x00, 0x00, 0x00, 0x17, 0x00, 0x15, 0x20, 0x18, 0x70, 0x24, 0x00, 0x0c, 0x00, 0x00, 0x00
    .byte 0x17, 0x00, 0x15, 0x27, 0x18, 0x70, 0x17, 0x00, 0x20, 0x00, 0x00, 0x20, 0x00, 0x00, 0x2c, 0xf4
    .byte 0x01, 0x00, 0x00, 0x2c, 0x2c, 0x01, 0x00, 0x00, 0x15, 0xb2, 0x25, 0x3c, 0x00, 0x22, 0x02, 0x29
    .byte 0x00, 0xff, 0x32, 0x00, 0x04, 0x00, 0x00, 0x00, 0x14, 0x77, 0xff, 0x21, 0x02, 0x2c, 0x01, 0x00
    .byte 0x00, 0x00, 0x15, 0x1f, 0x18, 0x70, 0x05, 0x00, 0x00, 0x00, 0x00, 0x00, 0x17, 0x00, 0x15, 0x20
    .byte 0x18, 0x70, 0x24, 0x00, 0x10, 0x00, 0x00, 0x00, 0x17, 0x00, 0x15, 0x27, 0x18, 0x70, 0x17, 0x00
    .byte 0x20, 0x00, 0x00, 0x20, 0x00, 0x00, 0x2c, 0xf4, 0x01, 0x00, 0x00, 0x2c, 0x2c, 0x01, 0x00, 0x00
    .byte 0x15, 0xb2, 0x25, 0x3c, 0x00, 0x22, 0x02, 0x29, 0x00, 0xff, 0x32, 0x00, 0x05, 0x00, 0x00, 0x00
    .byte 0x14, 0xbf, 0xff, 0x21, 0x02, 0x2c, 0x01, 0x00, 0x00, 0x00, 0x15, 0x1f, 0x18, 0x70, 0x05, 0x00
    .byte 0x0c, 0x00, 0x00, 0x00, 0x17, 0x00, 0x15, 0x20, 0x18, 0x70, 0x24, 0x00, 0x0c, 0x00, 0x00, 0x00
    .byte 0x17, 0x00, 0x15, 0x27, 0x18, 0x70, 0x17, 0x00, 0x20, 0x00, 0x00, 0x20, 0x00, 0x00, 0x2c, 0xf4
    .byte 0x01, 0x00, 0x00, 0x2c, 0x2c, 0x01, 0x00, 0x00, 0x15, 0xb2, 0x25, 0x3c, 0x00, 0x22, 0x02, 0x29
    .byte 0x00, 0xff, 0x32, 0x00, 0x06, 0x00, 0x00, 0x00, 0x14, 0x07, 0x00, 0x22, 0x02, 0x2c, 0x01, 0x00
    .byte 0x00, 0x00, 0x15, 0x1f, 0x18, 0x70, 0x05, 0x00, 0x10, 0x00, 0x00, 0x00, 0x17, 0x00, 0x15, 0x20
    .byte 0x18, 0x70, 0x05, 0x00, 0x00, 0x00, 0x00, 0x00, 0x17, 0x00, 0x15, 0x27, 0x18, 0x70, 0x17, 0x00
    .byte 0x20, 0x00, 0x00, 0x20, 0x00, 0x00, 0x2c, 0xf4, 0x01, 0x00, 0x00, 0x2c, 0x2c, 0x01, 0x00, 0x00
    .byte 0x15, 0xb2, 0x25, 0x3c, 0x00, 0x22, 0x02, 0x2c, 0x01, 0x00, 0x00, 0x00, 0x15, 0x1f, 0x18, 0x70
    .byte 0x05, 0x00, 0x0c, 0x00, 0x00, 0x00, 0x17, 0x00, 0x15, 0x20, 0x18, 0x70, 0x05, 0x00, 0x0c, 0x00
    .byte 0x00, 0x00, 0x17, 0x00, 0x15, 0x27, 0x18, 0x70, 0x17, 0x00, 0x20, 0x00, 0x00, 0x20, 0x00, 0x00
    .byte 0x2c, 0xf4, 0x01, 0x00, 0x00, 0x2c, 0x2c, 0x01, 0x00, 0x00, 0x15, 0xb2, 0x2f, 0x00, 0x2f, 0x01
    .byte 0x15, 0x57, 0x20, 0x00, 0x00, 0x15, 0x07, 0x15, 0x08, 0x00, 0x2c, 0xb7, 0x00, 0x00, 0x00, 0x2c
    .byte 0xf7, 0x01, 0x00, 0x00, 0x2c, 0x40, 0x00, 0x00, 0x00, 0x15, 0x02, 0x00, 0x2c, 0xdb, 0x00, 0x00
    .byte 0x00, 0x2c, 0xe6, 0x01, 0x00, 0x00, 0x2c, 0x40, 0x00, 0x00, 0x00, 0x15, 0x02, 0x15, 0x2c, 0x00
    .byte 0x2c, 0x60, 0x01, 0x00, 0x00, 0x2c, 0x44, 0x02, 0x00, 0x00, 0x20, 0x00, 0x00, 0x15, 0x02, 0x2c
    .byte 0x15, 0x10, 0x00, 0x00, 0x2c, 0x01, 0x10, 0x00, 0x00, 0x2c, 0x16, 0x10, 0x00, 0x00, 0x2c, 0x02
    .byte 0x00, 0x00, 0x00, 0x2c, 0x01, 0x00, 0x00, 0x00, 0x15, 0x73, 0x2c, 0x00, 0x01, 0x00, 0x00, 0x15
    .byte 0x17, 0x15, 0x16, 0x2c, 0x01, 0x00, 0x00, 0x00, 0x15, 0x18, 0x2c, 0x05, 0x00, 0x00, 0x00, 0x15
    .byte 0x07, 0x15, 0x08, 0x00, 0x2c, 0x50, 0x01, 0x00, 0x00, 0x2c, 0xb4, 0x01, 0x00, 0x00, 0x2c, 0xc0
    .byte 0x00, 0x00, 0x00, 0x15, 0x02, 0x2c, 0x01, 0x00, 0x00, 0x00, 0x15, 0x18, 0x00, 0x20, 0x00, 0x00
    .byte 0x2c, 0xb4, 0x00, 0x22, 0x02, 0x15, 0x39, 0x20, 0x00, 0x00, 0x15, 0x42, 0x18, 0x70, 0x32, 0x00
    .byte 0x00, 0x00, 0x00, 0x00, 0x14, 0xee, 0x00, 0x22, 0x02, 0x01, 0xd7, 0x00, 0x22, 0x02, 0x03, 0x00
    .byte 0x00, 0x00, 0x00, 0x00, 0x26, 0x00, 0xcc, 0x00, 0x20, 0x00, 0x00, 0x2c, 0x70, 0x00, 0x22, 0x02
    .byte 0x15, 0x39, 0x20, 0x00, 0x00, 0x15, 0x42, 0x18, 0x70, 0x32, 0x00, 0x00, 0x00, 0x00, 0x00, 0x14
    .byte 0x19, 0x01, 0x22, 0x02, 0x01, 0x02, 0x01, 0x22, 0x02, 0x03, 0x00, 0x00, 0x00, 0x00, 0x00, 0x26
    .byte 0x00, 0xcc, 0x00, 0x00, 0x2c, 0x01, 0x00, 0x00, 0x00, 0x2c, 0xe0, 0xff, 0xff, 0xff, 0x2c, 0xe0
    .byte 0xff, 0xff, 0xff, 0x2c, 0x20, 0x00, 0x00, 0x00, 0x2c, 0x1a, 0x00, 0x00, 0x00, 0x15, 0xd8, 0x20
    .byte 0x00, 0x00, 0x15, 0x05, 0x2c, 0x01, 0x00, 0x00, 0x00, 0x15, 0x06, 0x2c, 0x01, 0x00, 0x00, 0x00
    .byte 0x2c, 0x58, 0x01, 0x22, 0x02, 0x15, 0x29, 0x00, 0x2c, 0x1b, 0x00, 0x00, 0x00, 0x15, 0x31, 0x18
    .byte 0x70, 0x26, 0x00, 0xd2, 0x20, 0x00, 0x00, 0x2c, 0x7f, 0xe3, 0x21, 0x02, 0x15, 0x39, 0x20, 0x00
    .byte 0x00, 0x15, 0x42, 0x18, 0x70, 0x32, 0x00, 0x00, 0x00, 0x00, 0x00, 0x14, 0x85, 0x01, 0x22, 0x02
    .byte 0x01, 0x6e, 0x01, 0x22, 0x02, 0x2c, 0x01, 0x00, 0x00, 0x00, 0x15, 0x05, 0x21, 0x11, 0xe5, 0x21
    .byte 0x02, 0x2c, 0x44, 0x05, 0x00, 0x00, 0x15, 0x37, 0x18, 0x70, 0x32, 0x00, 0x00, 0x00, 0x00, 0x00
    .byte 0x14, 0x59, 0x02, 0x22, 0x02, 0x20, 0x00, 0x00, 0x15, 0x05, 0x2c, 0x01, 0x00, 0x00, 0x00, 0x15
    .byte 0x06, 0x20, 0x00, 0x00, 0x2c, 0x37, 0x00, 0x00, 0x00, 0x15, 0xe0, 0x03, 0x00, 0x00, 0x00, 0x00
    .byte 0x00, 0x28, 0x00, 0x07, 0x2b, 0x00, 0x07, 0x34, 0x00, 0x08, 0x00, 0x00, 0x00, 0x14, 0x25, 0x02
    .byte 0x22, 0x02, 0x2c, 0x08, 0x00, 0x00, 0x00, 0x15, 0x07, 0x15, 0x08, 0x2c, 0x0c, 0x00, 0x00, 0x00
    .byte 0x2c, 0x02, 0x00, 0x00, 0x00, 0x15, 0x1f, 0x18, 0x70, 0x24, 0x00, 0x08, 0x00, 0x00, 0x00, 0x17
    .byte 0x00, 0x15, 0x20, 0x18, 0x70, 0x15, 0x27, 0x18, 0x71, 0x23, 0x10, 0x24, 0x00, 0x40, 0x00, 0x00
    .byte 0x00, 0x17, 0x00, 0x2c, 0x10, 0x00, 0x00, 0x00, 0x2c, 0x10, 0x00, 0x00, 0x00, 0x2c, 0xff, 0xff
    .byte 0xff, 0xff, 0x15, 0x53, 0x2b, 0x00, 0x07, 0x05, 0x00, 0x01, 0x00, 0x00, 0x00, 0x28, 0x00, 0x07
    .byte 0x25, 0xc4, 0x01, 0x22, 0x02, 0x2c, 0x07, 0x00, 0x00, 0x00, 0x2c, 0x0e, 0x01, 0x00, 0x00, 0x15
    .byte 0x1f, 0x18, 0x70, 0x17, 0x00, 0x15, 0x20, 0x18, 0x70, 0x17, 0x00, 0x15, 0x27, 0x18, 0x70, 0x05
    .byte 0x00, 0x40, 0x00, 0x00, 0x00, 0x17, 0x00, 0x20, 0x00, 0x00, 0x20, 0x00, 0x00, 0x20, 0x00, 0x00
    .byte 0x15, 0x33, 0x2c, 0x44, 0x05, 0x00, 0x00, 0x15, 0x35, 0x2c, 0x0b, 0x00, 0x00, 0x00, 0x2c, 0x24
    .byte 0x01, 0x22, 0x02, 0x15, 0x39, 0x00, 0x00, 0x2c, 0x01, 0x00, 0x00, 0x00, 0x2c, 0xe0, 0xff, 0xff
    .byte 0xff, 0x2c, 0xe0, 0xff, 0xff, 0xff, 0x2c, 0x20, 0x00, 0x00, 0x00, 0x2c, 0x1c, 0x00, 0x00, 0x00
    .byte 0x15, 0xd8, 0x2c, 0x02, 0x00, 0x00, 0x00, 0x15, 0x05, 0x2c, 0x01, 0x00, 0x00, 0x00, 0x15, 0x06
    .byte 0x2c, 0x01, 0x00, 0x00, 0x00, 0x2c, 0x9d, 0x02, 0x22, 0x02, 0x15, 0x29, 0x00, 0x2c, 0x1b, 0x00
    .byte 0x00, 0x00, 0x15, 0x31, 0x18, 0x70, 0x26, 0x00, 0xd2, 0x20, 0x00, 0x00, 0x2c, 0x7f, 0xe3, 0x21
    .byte 0x02, 0x15, 0x39, 0x20, 0x00, 0x00, 0x15, 0x42, 0x18, 0x70, 0x32, 0x00, 0x00, 0x00, 0x00, 0x00
    .byte 0x14, 0xca, 0x02, 0x22, 0x02, 0x01, 0xb3, 0x02, 0x22, 0x02, 0x2c, 0x03, 0x00, 0x00, 0x00, 0x15
    .byte 0x05, 0x21, 0x11, 0xe5, 0x21, 0x02, 0x2c, 0x45, 0x05, 0x00, 0x00, 0x15, 0x37, 0x18, 0x70, 0x32
    .byte 0x00, 0x00, 0x00, 0x00, 0x00, 0x14, 0xa0, 0x03, 0x22, 0x02, 0x2c, 0x02, 0x00, 0x00, 0x00, 0x15
    .byte 0x05, 0x2c, 0x01, 0x00, 0x00, 0x00, 0x15, 0x06, 0x20, 0x00, 0x00, 0x2c, 0x37, 0x00, 0x00, 0x00
    .byte 0x15, 0xe0, 0x03, 0x00, 0x00, 0x00, 0x00, 0x00, 0x28, 0x00, 0x07, 0x2b, 0x00, 0x07, 0x34, 0x00
    .byte 0x08, 0x00, 0x00, 0x00, 0x14, 0x6c, 0x03, 0x22, 0x02, 0x2c, 0x08, 0x00, 0x00, 0x00, 0x15, 0x07
    .byte 0x15, 0x08, 0x2c, 0x0c, 0x00, 0x00, 0x00, 0x2c, 0x02, 0x00, 0x00, 0x00, 0x15, 0x1f, 0x18, 0x70
    .byte 0x24, 0x00, 0x08, 0x00, 0x00, 0x00, 0x17, 0x00, 0x15, 0x20, 0x18, 0x70, 0x15, 0x27, 0x18, 0x71
    .byte 0x23, 0x10, 0x24, 0x00, 0x40, 0x00, 0x00, 0x00, 0x17, 0x00, 0x2c, 0x10, 0x00, 0x00, 0x00, 0x2c
    .byte 0x10, 0x00, 0x00, 0x00, 0x2c, 0xff, 0xff, 0xff, 0xff, 0x15, 0x53, 0x2b, 0x00, 0x07, 0x05, 0x00
    .byte 0x01, 0x00, 0x00, 0x00, 0x28, 0x00, 0x07, 0x25, 0x0b, 0x03, 0x22, 0x02, 0x2c, 0x07, 0x00, 0x00
    .byte 0x00, 0x2c, 0x0f, 0x00, 0x00, 0x00, 0x15, 0x1f, 0x18, 0x70, 0x17, 0x00, 0x15, 0x20, 0x18, 0x70
    .byte 0x17, 0x00, 0x15, 0x27, 0x18, 0x70, 0x05, 0x00, 0x40, 0x00, 0x00, 0x00, 0x17, 0x00, 0x20, 0x00
    .byte 0x00, 0x20, 0x00, 0x00, 0x20, 0x00, 0x00, 0x15, 0x33, 0x2c, 0x45, 0x05, 0x00, 0x00, 0x15, 0x35
    .byte 0x2c, 0x0c, 0x00, 0x00, 0x00, 0x2c, 0x67, 0x02, 0x22, 0x02, 0x15, 0x39, 0x00, 0x00, 0x2c, 0x01
    .byte 0x00, 0x00, 0x00, 0x2c, 0xe0, 0xff, 0xff, 0xff, 0x2c, 0xe0, 0xff, 0xff, 0xff, 0x2c, 0x20, 0x00
    .byte 0x00, 0x00, 0x2c, 0x18, 0x00, 0x00, 0x00, 0x15, 0xd8, 0x2c, 0x04, 0x00, 0x00, 0x00, 0x15, 0x05
    .byte 0x2c, 0x01, 0x00, 0x00, 0x00, 0x15, 0x06, 0x2c, 0x01, 0x00, 0x00, 0x00, 0x2c, 0xe4, 0x03, 0x22
    .byte 0x02, 0x15, 0x29, 0x00, 0x2c, 0x1b, 0x00, 0x00, 0x00, 0x15, 0x31, 0x18, 0x70, 0x26, 0x00, 0xd2
    .byte 0x20, 0x00, 0x00, 0x2c, 0x7f, 0xe3, 0x21, 0x02, 0x15, 0x39, 0x20, 0x00, 0x00, 0x15, 0x42, 0x18
    .byte 0x70, 0x32, 0x00, 0x00, 0x00, 0x00, 0x00, 0x14, 0x11, 0x04, 0x22, 0x02, 0x01, 0xfa, 0x03, 0x22
    .byte 0x02, 0x2c, 0x05, 0x00, 0x00, 0x00, 0x15, 0x05, 0x21, 0x11, 0xe5, 0x21, 0x02, 0x2c, 0x46, 0x05
    .byte 0x00, 0x00, 0x15, 0x37, 0x18, 0x70, 0x32, 0x00, 0x00, 0x00, 0x00, 0x00, 0x14, 0xe7, 0x04, 0x22
    .byte 0x02, 0x2c, 0x04, 0x00, 0x00, 0x00, 0x15, 0x05, 0x2c, 0x01, 0x00, 0x00, 0x00, 0x15, 0x06, 0x20
    .byte 0x00, 0x00, 0x2c, 0x37, 0x00, 0x00, 0x00, 0x15, 0xe0, 0x03, 0x00, 0x00, 0x00, 0x00, 0x00, 0x28
    .byte 0x00, 0x07, 0x2b, 0x00, 0x07, 0x34, 0x00, 0x08, 0x00, 0x00, 0x00, 0x14, 0xb3, 0x04, 0x22, 0x02
    .byte 0x2c, 0x08, 0x00, 0x00, 0x00, 0x15, 0x07, 0x15, 0x08, 0x2c, 0x0c, 0x00, 0x00, 0x00, 0x2c, 0x02
    .byte 0x00, 0x00, 0x00, 0x15, 0x1f, 0x18, 0x70, 0x24, 0x00, 0x08, 0x00, 0x00, 0x00, 0x17, 0x00, 0x15
    .byte 0x20, 0x18, 0x70, 0x15, 0x27, 0x18, 0x71, 0x23, 0x10, 0x24, 0x00, 0x40, 0x00, 0x00, 0x00, 0x17
    .byte 0x00, 0x2c, 0x10, 0x00, 0x00, 0x00, 0x2c, 0x10, 0x00, 0x00, 0x00, 0x2c, 0xff, 0xff, 0xff, 0xff
    .byte 0x15, 0x53, 0x2b, 0x00, 0x07, 0x05, 0x00, 0x01, 0x00, 0x00, 0x00, 0x28, 0x00, 0x07, 0x25, 0x52
    .byte 0x04, 0x22, 0x02, 0x2c, 0x07, 0x00, 0x00, 0x00, 0x2c, 0x1c, 0x00, 0x00, 0x00, 0x15, 0x1f, 0x18
    .byte 0x70, 0x17, 0x00, 0x15, 0x20, 0x18, 0x70, 0x17, 0x00, 0x15, 0x27, 0x18, 0x70, 0x05, 0x00, 0x40
    .byte 0x00, 0x00, 0x00, 0x17, 0x00, 0x20, 0x00, 0x00, 0x20, 0x00, 0x00, 0x20, 0x00, 0x00, 0x15, 0x33
    .byte 0x2c, 0x46, 0x05, 0x00, 0x00, 0x15, 0x35, 0x2c, 0x0d, 0x00, 0x00, 0x00, 0x2c, 0xae, 0x03, 0x22
    .byte 0x02, 0x15, 0x39, 0x00, 0x01, 0xfa, 0x04, 0x22, 0x02, 0x00, 0x2c, 0x01, 0x00, 0x00, 0x00, 0x2c
    .byte 0x29, 0x05, 0x22, 0x02, 0x15, 0x29, 0x2c, 0x01, 0x00, 0x00, 0x00, 0x15, 0xd7, 0x20, 0x00, 0x00
    .byte 0x15, 0x05, 0x15, 0x16, 0x2c, 0x0a, 0x00, 0x00, 0x00, 0x15, 0x01, 0x18, 0x70, 0x17, 0x00, 0x15
    .byte 0x07, 0x15, 0x08, 0x25, 0x0d, 0x05, 0x22, 0x02, 0x00, 0x2c, 0x01, 0x00, 0x00, 0x00, 0x15, 0x45
    .byte 0x2c, 0x1b, 0x00, 0x00, 0x00, 0x15, 0x31, 0x18, 0x70, 0x26, 0x00, 0xd2, 0x20, 0x00, 0x00, 0x2c
    .byte 0x7f, 0xe3, 0x21, 0x02, 0x15, 0x39, 0x20, 0x00, 0x00, 0x15, 0x42, 0x18, 0x70, 0x32, 0x00, 0x00
    .byte 0x00, 0x00, 0x00, 0x14, 0x5d, 0x05, 0x22, 0x02, 0x01, 0x46, 0x05, 0x22, 0x02, 0x2c, 0x01, 0x00
    .byte 0x00, 0x00, 0x15, 0x45, 0x15, 0x8b, 0x18, 0x70, 0x32, 0x00, 0x00, 0x00, 0x00, 0x00, 0x13, 0x78
    .byte 0x05, 0x22, 0x02, 0x01, 0x64, 0x05, 0x22, 0x02, 0x2c, 0x28, 0x01, 0x00, 0x00, 0x2c, 0x01, 0x00
    .byte 0x00, 0x00, 0x20, 0x00, 0x00, 0x20, 0x00, 0x00, 0x15, 0x59, 0x15, 0x5a, 0x2c, 0x08, 0x00, 0x00
    .byte 0x00, 0x2c, 0xfa, 0x04, 0x22, 0x02, 0x15, 0x39, 0x2c, 0x74, 0x09, 0x00, 0x00, 0x15, 0x35, 0x00
    .byte 0x2c, 0x01, 0x00, 0x00, 0x00, 0x15, 0xd7, 0x2c, 0x01, 0x00, 0x00, 0x00, 0x2c, 0xd5, 0x05, 0x22
    .byte 0x02, 0x15, 0x29, 0x20, 0x00, 0x00, 0x15, 0x05, 0x15, 0x16, 0x2c, 0x3c, 0x00, 0x00, 0x00, 0x15
    .byte 0x01, 0x18, 0x70, 0x07, 0x00, 0x04, 0x00, 0x00, 0x00, 0x17, 0x00, 0x15, 0x07, 0x15, 0x08, 0x25
    .byte 0xb3, 0x05, 0x22, 0x02, 0x00, 0x2c, 0x1b, 0x00, 0x00, 0x00, 0x15, 0x31, 0x18, 0x70, 0x26, 0x00
    .byte 0xd2, 0x20, 0x00, 0x00, 0x2c, 0x7f, 0xe3, 0x21, 0x02, 0x15, 0x39, 0x20, 0x00, 0x00, 0x15, 0x42
    .byte 0x18, 0x70, 0x32, 0x00, 0x00, 0x00, 0x00, 0x00, 0x14, 0x02, 0x06, 0x22, 0x02, 0x01, 0xeb, 0x05
    .byte 0x22, 0x02, 0x2c, 0x01, 0x00, 0x00, 0x00, 0x15, 0x45, 0x15, 0x8b, 0x18, 0x70, 0x32, 0x00, 0x00
    .byte 0x00, 0x00, 0x00, 0x13, 0x1d, 0x06, 0x22, 0x02, 0x01, 0x09, 0x06, 0x22, 0x02, 0x2c, 0x2b, 0x01
    .byte 0x00, 0x00, 0x2c, 0x01, 0x00, 0x00, 0x00, 0x20, 0x00, 0x00, 0x20, 0x00, 0x00, 0x15, 0x59, 0x15
    .byte 0x5a, 0x2c, 0x01, 0x00, 0x00, 0x00, 0x2c, 0x14, 0x03, 0x00, 0x00, 0x2c, 0xf8, 0x01, 0x00, 0x00
    .byte 0x2c, 0x1e, 0x00, 0x00, 0x00, 0x20, 0x00, 0x00, 0x15, 0x4f, 0x18, 0x70, 0x17, 0x00, 0x15, 0x07
    .byte 0x15, 0x08, 0x2c, 0x28, 0x00, 0x00, 0x00, 0x15, 0x07, 0x15, 0x08, 0x2c, 0x02, 0x00, 0x00, 0x00
    .byte 0x2c, 0x1e, 0x00, 0x00, 0x00, 0x20, 0x00, 0x00, 0x20, 0x00, 0x00, 0x20, 0x00, 0x00, 0x15, 0x4f
    .byte 0x18, 0x70, 0x17, 0x00, 0x15, 0x07, 0x15, 0x08, 0x2c, 0x03, 0x00, 0x00, 0x00, 0x20, 0x00, 0x00
    .byte 0x20, 0x00, 0x00, 0x20, 0x00, 0x00, 0x20, 0x00, 0x00, 0x15, 0x4f, 0x15, 0x8b, 0x18, 0x70, 0x32
    .byte 0x00, 0x00, 0x00, 0x00, 0x00, 0x13, 0x9f, 0x06, 0x22, 0x02, 0x01, 0x8b, 0x06, 0x22, 0x02, 0x2c
    .byte 0x2c, 0x01, 0x00, 0x00, 0x2c, 0x01, 0x00, 0x00, 0x00, 0x20, 0x00, 0x00, 0x20, 0x00, 0x00, 0x15
    .byte 0x59, 0x15, 0x5a, 0x03, 0x00, 0x00, 0x00, 0x00, 0x00, 0x36, 0x00, 0x00, 0x2c, 0x0c, 0x04, 0x00
    .byte 0x00, 0x15, 0x35, 0x2c, 0x0d, 0x00, 0x00, 0x00, 0x2c, 0x01, 0x00, 0x00, 0x00, 0x15, 0x78, 0x2c
    .byte 0x0c, 0x04, 0x00, 0x00, 0x15, 0x36, 0x2c, 0x01, 0x00, 0x00, 0x00, 0x15, 0x07, 0x15, 0x08, 0x2c
    .byte 0x90, 0x03, 0x00, 0x00, 0x15, 0x37, 0x18, 0x70, 0x32, 0x00, 0x00, 0x00, 0x00, 0x00, 0x14, 0xfd
    .byte 0x06, 0x22, 0x02, 0x01, 0x43, 0x08, 0x22, 0x02, 0x25, 0xb1, 0x07, 0x22, 0x02, 0x37, 0x00, 0x00
    .byte 0x32, 0x00, 0x00, 0x00, 0x00, 0x00, 0x14, 0x1e, 0x07, 0x22, 0x02, 0x2c, 0x2d, 0x00, 0x00, 0x00
    .byte 0x15, 0x07, 0x15, 0x08, 0x01, 0x78, 0x08, 0x22, 0x02, 0x25, 0xb1, 0x07, 0x22, 0x02, 0x37, 0x00
    .byte 0x00, 0x34, 0x00, 0x96, 0x00, 0x00, 0x00, 0x14, 0x71, 0x07, 0x22, 0x02, 0x03, 0x00, 0x00, 0x00
    .byte 0x00, 0x00, 0x37, 0x01, 0x00, 0x23, 0x10, 0x17, 0x00, 0x15, 0xaa, 0x2c, 0x03, 0x00, 0x00, 0x00
    .byte 0x03, 0x00, 0x00, 0x00, 0x00, 0x00, 0x37, 0x01, 0x00, 0x23, 0x10, 0x17, 0x00, 0x20, 0x00, 0x00
    .byte 0x20, 0x00, 0x00, 0x20, 0x00, 0x00, 0x20, 0x00, 0x00, 0x20, 0x00, 0x00, 0x15, 0x53, 0x2c, 0x5a
    .byte 0x00, 0x00, 0x00, 0x15, 0x07, 0x15, 0x08, 0x01, 0x78, 0x08, 0x22, 0x02, 0x25, 0xb1, 0x07, 0x22
    .byte 0x02, 0x03, 0x00, 0x00, 0x00, 0x00, 0x00, 0x37, 0x01, 0x00, 0x23, 0x10, 0x17, 0x00, 0x15, 0xaa
    .byte 0x2c, 0x03, 0x00, 0x00, 0x00, 0x03, 0x00, 0x00, 0x00, 0x00, 0x00, 0x37, 0x01, 0x00, 0x23, 0x10
    .byte 0x17, 0x00, 0x20, 0x00, 0x00, 0x20, 0x00, 0x00, 0x20, 0x00, 0x00, 0x20, 0x00, 0x00, 0x20, 0x00
    .byte 0x00, 0x15, 0x53, 0x2c, 0x5a, 0x00, 0x00, 0x00, 0x15, 0x07, 0x15, 0x08, 0x01, 0xb3, 0x07, 0x22
    .byte 0x02, 0x00, 0x00, 0x15, 0x8b, 0x18, 0x70, 0x32, 0x00, 0x00, 0x00, 0x00, 0x00, 0x13, 0xc7, 0x07
    .byte 0x22, 0x02, 0x01, 0xb3, 0x07, 0x22, 0x02, 0x2c, 0x2f, 0x01, 0x00, 0x00, 0x2c, 0x01, 0x00, 0x00
    .byte 0x00, 0x20, 0x00, 0x00, 0x20, 0x00, 0x00, 0x15, 0x59, 0x15, 0x5a, 0x2c, 0x1b, 0x00, 0x00, 0x00
    .byte 0x15, 0x31, 0x18, 0x70, 0x26, 0x00, 0x02, 0x20, 0x00, 0x00, 0x2c, 0xf7, 0xe3, 0x21, 0x02, 0x15
    .byte 0x39, 0x20, 0x00, 0x00, 0x15, 0x19, 0x20, 0x00, 0x00, 0x15, 0x2b, 0x2c, 0x02, 0x00, 0x00, 0x00
    .byte 0x15, 0x05, 0x2c, 0x01, 0x00, 0x00, 0x00, 0x15, 0x06, 0x20, 0x00, 0x00, 0x2c, 0xe0, 0xff, 0xff
    .byte 0xff, 0x20, 0x00, 0x00, 0x2c, 0xc8, 0x00, 0x00, 0x00, 0x20, 0x00, 0x00, 0x20, 0x00, 0x00, 0x15
    .byte 0x1a, 0x15, 0x21, 0x2c, 0x01, 0x00, 0x00, 0x00, 0x15, 0x19, 0x20, 0x00, 0x00, 0x15, 0x05, 0x2c
    .byte 0x01, 0x00, 0x00, 0x00, 0x15, 0x06, 0x2c, 0x01, 0x00, 0x00, 0x00, 0x2c, 0xad, 0x08, 0x22, 0x02
    .byte 0x15, 0x29, 0x00, 0x15, 0x8b, 0x18, 0x70, 0x32, 0x00, 0x00, 0x00, 0x00, 0x00, 0x13, 0x57, 0x08
    .byte 0x22, 0x02, 0x01, 0x43, 0x08, 0x22, 0x02, 0x2c, 0x2e, 0x01, 0x00, 0x00, 0x2c, 0x01, 0x00, 0x00
    .byte 0x00, 0x20, 0x00, 0x00, 0x20, 0x00, 0x00, 0x15, 0x59, 0x15, 0x5a, 0x20, 0x00, 0x00, 0x15, 0x05
    .byte 0x2c, 0x01, 0x00, 0x00, 0x00, 0x15, 0x06, 0x00, 0x15, 0x8b, 0x18, 0x70, 0x32, 0x00, 0x00, 0x00
    .byte 0x00, 0x00, 0x13, 0x8c, 0x08, 0x22, 0x02, 0x01, 0x78, 0x08, 0x22, 0x02, 0x2c, 0x2d, 0x01, 0x00
    .byte 0x00, 0x2c, 0x01, 0x00, 0x00, 0x00, 0x20, 0x00, 0x00, 0x20, 0x00, 0x00, 0x15, 0x59, 0x15, 0x5a
    .byte 0x20, 0x00, 0x00, 0x15, 0x05, 0x2c, 0x01, 0x00, 0x00, 0x00, 0x15, 0x06, 0x00, 0x2c, 0x1b, 0x00
    .byte 0x00, 0x00, 0x15, 0x31, 0x18, 0x70, 0x26, 0x00, 0xd2, 0x20, 0x00, 0x00, 0x2c, 0x7f, 0xe3, 0x21
    .byte 0x02, 0x15, 0x39, 0x20, 0x00, 0x00, 0x15, 0x42, 0x18, 0x70, 0x32, 0x00, 0x00, 0x00, 0x00, 0x00
    .byte 0x14, 0xda, 0x08, 0x22, 0x02, 0x01, 0xc3, 0x08, 0x22, 0x02, 0x2c, 0x01, 0x00, 0x00, 0x00, 0x15
    .byte 0x45, 0x03, 0x00, 0xec, 0xff, 0xff, 0xff, 0x26, 0x00, 0xe1, 0x15, 0x8b, 0x18, 0x70, 0x32, 0x00
    .byte 0x00, 0x00, 0x00, 0x00, 0x13, 0xfe, 0x08, 0x22, 0x02, 0x01, 0xea, 0x08, 0x22, 0x02, 0x2c, 0x2b
    .byte 0x01, 0x00, 0x00, 0x2c, 0x01, 0x00, 0x00, 0x00, 0x20, 0x00, 0x00, 0x20, 0x00, 0x00, 0x15, 0x59
    .byte 0x15, 0x5a, 0x03, 0x00, 0x00, 0x00, 0x00, 0x00, 0x26, 0x00, 0xe1, 0x20, 0x00, 0x00, 0x15, 0x05
    .byte 0x2c, 0x01, 0x00, 0x00, 0x00, 0x15, 0x06, 0x00, 0x2c, 0x01, 0x00, 0x00, 0x00, 0x2c, 0x58, 0x0b
    .byte 0x22, 0x02, 0x15, 0x39, 0x2c, 0x01, 0x00, 0x00, 0x00, 0x15, 0x42, 0x18, 0x70, 0x32, 0x00, 0x00
    .byte 0x00, 0x00, 0x00, 0x14, 0x4d, 0x09, 0x22, 0x02, 0x01, 0x34, 0x09, 0x22, 0x02, 0x03, 0x00, 0x0b
    .byte 0x00, 0x00, 0x00, 0x26, 0x00, 0x66, 0x29, 0x00, 0x15, 0x26, 0x00, 0xd9, 0x03, 0x00, 0x0b, 0x00
    .byte 0x00, 0x00, 0x32, 0x00, 0x01, 0x00, 0x00, 0x00, 0x13, 0x7e, 0x09, 0x22, 0x02, 0x03, 0x00, 0x0b
    .byte 0x00, 0x00, 0x00, 0x32, 0x00, 0x08, 0x00, 0x00, 0x00, 0x14, 0x8c, 0x09, 0x22, 0x02, 0x03, 0x00
    .byte 0x01, 0x00, 0x00, 0x00, 0x36, 0x00, 0x00, 0x25, 0x95, 0x09, 0x22, 0x02, 0x03, 0x00, 0x01, 0x00
    .byte 0x00, 0x00, 0x26, 0x00, 0x63, 0x03, 0x00, 0x0b, 0x00, 0x00, 0x00, 0x32, 0x00, 0x01, 0x00, 0x00
    .byte 0x00, 0x14, 0xc6, 0x09, 0x22, 0x02, 0x20, 0x00, 0x00, 0x2c, 0x0f, 0x00, 0x00, 0x00, 0x15, 0xe0
    .byte 0x2c, 0x15, 0x00, 0x00, 0x00, 0x2c, 0x9d, 0x00, 0x00, 0x00, 0x2c, 0x7f, 0x00, 0x00, 0x00, 0x15
    .byte 0x0a, 0x25, 0xe3, 0x0a, 0x22, 0x02, 0x03, 0x00, 0x0b, 0x00, 0x00, 0x00, 0x32, 0x00, 0x08, 0x00
    .byte 0x00, 0x00, 0x14, 0xf7, 0x09, 0x22, 0x02, 0x20, 0x00, 0x00, 0x2c, 0x0f, 0x00, 0x00, 0x00, 0x15
    .byte 0xe0, 0x2c, 0x15, 0x00, 0x00, 0x00, 0x2c, 0x9c, 0x00, 0x00, 0x00, 0x2c, 0x7f, 0x00, 0x00, 0x00
    .byte 0x15, 0x0a, 0x25, 0xe3, 0x0a, 0x22, 0x02, 0x03, 0x00, 0x0b, 0x00, 0x00, 0x00, 0x32, 0x00, 0x03
    .byte 0x00, 0x00, 0x00, 0x14, 0x4c, 0x0a, 0x22, 0x02, 0x29, 0x00, 0x15, 0x32, 0x00, 0x3e, 0x00, 0x00
    .byte 0x00, 0x14, 0x36, 0x0a, 0x22, 0x02, 0x20, 0x00, 0x00, 0x2c, 0x75, 0x00, 0x00, 0x00, 0x15, 0xe0
    .byte 0x2c, 0x15, 0x00, 0x00, 0x00, 0x2c, 0x9d, 0x00, 0x00, 0x00, 0x2c, 0x7f, 0x00, 0x00, 0x00, 0x15
    .byte 0x0a, 0x25, 0x47, 0x0a, 0x22, 0x02, 0x2c, 0x15, 0x00, 0x00, 0x00, 0x2c, 0x9d, 0x00, 0x00, 0x00
    .byte 0x2c, 0x7f, 0x00, 0x00, 0x00, 0x15, 0x0a, 0x25, 0xe3, 0x0a, 0x22, 0x02, 0x03, 0x00, 0x0b, 0x00
    .byte 0x00, 0x00, 0x32, 0x00, 0x09, 0x00, 0x00, 0x00, 0x14, 0x73, 0x0a, 0x22, 0x02, 0x2c, 0x15, 0x00
    .byte 0x00, 0x00, 0x2c, 0x9c, 0x00, 0x00, 0x00, 0x2c, 0x7f, 0x00, 0x00, 0x00, 0x15, 0x0a, 0x25, 0xe3
    .byte 0x0a, 0x22, 0x02, 0x03, 0x00, 0x0b, 0x00, 0x00, 0x00, 0x32, 0x00, 0x04, 0x00, 0x00, 0x00, 0x14
    .byte 0x9a, 0x0a, 0x22, 0x02, 0x2c, 0x15, 0x00, 0x00, 0x00, 0x2c, 0x9c, 0x00, 0x00, 0x00, 0x2c, 0x7f
    .byte 0x00, 0x00, 0x00, 0x15, 0x0a, 0x25, 0xe3, 0x0a, 0x22, 0x02, 0x03, 0x00, 0x0b, 0x00, 0x00, 0x00
    .byte 0x32, 0x00, 0x0a, 0x00, 0x00, 0x00, 0x14, 0xc1, 0x0a, 0x22, 0x02, 0x2c, 0x15, 0x00, 0x00, 0x00
    .byte 0x2c, 0x9d, 0x00, 0x00, 0x00, 0x2c, 0x7f, 0x00, 0x00, 0x00, 0x15, 0x0a, 0x25, 0xe3, 0x0a, 0x22
    .byte 0x02, 0x03, 0x00, 0x0b, 0x00, 0x00, 0x00, 0x32, 0x00, 0x0b, 0x00, 0x00, 0x00, 0x14, 0xe3, 0x0a
    .byte 0x22, 0x02, 0x2c, 0x15, 0x00, 0x00, 0x00, 0x2c, 0x9c, 0x00, 0x00, 0x00, 0x2c, 0x7f, 0x00, 0x00
    .byte 0x00, 0x15, 0x0a, 0x20, 0x00, 0x00, 0x2c, 0x8f, 0xe0, 0x21, 0x02, 0x15, 0x39, 0x20, 0x00, 0x00
    .byte 0x15, 0x42, 0x18, 0x70, 0x32, 0x00, 0x00, 0x00, 0x00, 0x00, 0x14, 0x04, 0x0b, 0x22, 0x02, 0x01
    .byte 0xed, 0x0a, 0x22, 0x02, 0x2c, 0x97, 0x03, 0x00, 0x00, 0x15, 0x37, 0x18, 0x70, 0x32, 0x00, 0x00
    .byte 0x00, 0x00, 0x00, 0x14, 0x29, 0x0b, 0x22, 0x02, 0x2c, 0xb4, 0x03, 0x00, 0x00, 0x15, 0x35, 0x2c
    .byte 0x08, 0x00, 0x00, 0x00, 0x20, 0x00, 0x00, 0x15, 0x78, 0x2c, 0x97, 0x03, 0x00, 0x00, 0x15, 0x35
    .byte 0x2c, 0x01, 0x00, 0x00, 0x00, 0x2c, 0x74, 0x0b, 0x22, 0x02, 0x15, 0x39, 0x2c, 0x01, 0x00, 0x00
    .byte 0x00, 0x15, 0x42, 0x18, 0x70, 0x32, 0x00, 0x00, 0x00, 0x00, 0x00, 0x14, 0x55, 0x0b, 0x22, 0x02
    .byte 0x01, 0x3c, 0x0b, 0x22, 0x02, 0x15, 0x0d, 0x00, 0x15, 0x1f, 0x18, 0x70, 0x17, 0x00, 0x15, 0x20
    .byte 0x18, 0x70, 0x17, 0x00, 0x15, 0x27, 0x18, 0x70, 0x17, 0x00, 0x15, 0x02, 0x2c, 0x00, 0x02, 0x00
    .byte 0x00, 0x15, 0x1b, 0x00, 0x20, 0x00, 0x00, 0x15, 0x1b, 0x15, 0x2c, 0x00, 0x15, 0x0d, 0x00, 0x2c
    .byte 0x76, 0x02, 0x00, 0x00, 0x2c, 0x02, 0x02, 0x00, 0x00, 0x20, 0x00, 0x00, 0x15, 0x02, 0x03, 0x00
    .byte 0x02, 0x00, 0x00, 0x00, 0x32, 0x00, 0x00, 0x00, 0x00, 0x00, 0x14, 0xad, 0x0b, 0x22, 0x02, 0x03
    .byte 0x00, 0x5a, 0x02, 0x00, 0x00, 0x28, 0x00, 0x00, 0x25, 0xd5, 0x0b, 0x22, 0x02, 0x03, 0x00, 0x02
    .byte 0x00, 0x00, 0x00, 0x32, 0x00, 0x01, 0x00, 0x00, 0x00, 0x14, 0xcc, 0x0b, 0x22, 0x02, 0x03, 0x00
    .byte 0x58, 0x02, 0x00, 0x00, 0x28, 0x00, 0x00, 0x25, 0xd5, 0x0b, 0x22, 0x02, 0x03, 0x00, 0x59, 0x02
    .byte 0x00, 0x00, 0x28, 0x00, 0x00, 0x29, 0x00, 0x15, 0x2b, 0x01, 0x00, 0x1c, 0x10, 0x14, 0x79, 0x0c
    .byte 0x22, 0x02, 0x29, 0x00, 0xfd, 0x32, 0x00, 0x45, 0x00, 0x00, 0x00, 0x14, 0x79, 0x0c, 0x22, 0x02
    .byte 0x2c, 0x00, 0x04, 0x00, 0x00, 0x15, 0x37, 0x18, 0x70, 0x14, 0x03, 0x0c, 0x22, 0x02, 0x01, 0xf0
    .byte 0x0b, 0x22, 0x02, 0x2c, 0xee, 0x03, 0x00, 0x00, 0x15, 0x37, 0x18, 0x70, 0x14, 0x16, 0x0c, 0x22
    .byte 0x02, 0x01, 0x03, 0x0c, 0x22, 0x02, 0x2c, 0x02, 0x00, 0x00, 0x00, 0x15, 0x9b, 0x18, 0x70, 0x32
    .byte 0x00, 0x00, 0x00, 0x00, 0x00, 0x14, 0x2f, 0x0c, 0x22, 0x02, 0x01, 0x16, 0x0c, 0x22, 0x02, 0x20
    .byte 0x00, 0x00, 0x15, 0x9b, 0x18, 0x70, 0x14, 0x4f, 0x0c, 0x22, 0x02, 0x20, 0x00, 0x00, 0x2c, 0xff
    .byte 0xff, 0xff, 0xff, 0x2c, 0xff, 0xff, 0xff, 0xff, 0x2c, 0xff, 0xff, 0xff, 0xff, 0x15, 0x89, 0x20
    .byte 0x00, 0x00, 0x15, 0x07, 0x15, 0x08, 0x29, 0x00, 0xbe, 0x2c, 0x1b, 0x00, 0x00, 0x00, 0x15, 0x31
    .byte 0x18, 0x71, 0x1f, 0x10, 0x14, 0x6c, 0x0c, 0x22, 0x02, 0x15, 0x0d, 0x00, 0x2c, 0x03, 0x00, 0x00
    .byte 0x00, 0x2c, 0x28, 0x09, 0x22, 0x02, 0x15, 0x29, 0x00, 0x29, 0x00, 0xfe, 0x32, 0x00, 0x30, 0x00
    .byte 0x00, 0x00, 0x14, 0x9d, 0x0c, 0x22, 0x02, 0x2c, 0x02, 0x00, 0x00, 0x00, 0x2c, 0x77, 0x00, 0x00
    .byte 0x00, 0x15, 0xef, 0x18, 0x70, 0x14, 0x9d, 0x0c, 0x22, 0x02, 0x15, 0x0d, 0x00, 0x29, 0x00, 0xfe
    .byte 0x32, 0x00, 0x31, 0x00, 0x00, 0x00, 0x14, 0xc1, 0x0c, 0x22, 0x02, 0x2c, 0x02, 0x00, 0x00, 0x00
    .byte 0x2c, 0x77, 0x00, 0x00, 0x00, 0x15, 0xef, 0x18, 0x70, 0x14, 0xc1, 0x0c, 0x22, 0x02, 0x15, 0x0d
    .byte 0x00, 0x29, 0x00, 0xfe, 0x32, 0x00, 0x32, 0x00, 0x00, 0x00, 0x14, 0xe5, 0x0c, 0x22, 0x02, 0x2c
    .byte 0x02, 0x00, 0x00, 0x00, 0x2c, 0x77, 0x00, 0x00, 0x00, 0x15, 0xef, 0x18, 0x70, 0x14, 0xe5, 0x0c
    .byte 0x22, 0x02, 0x15, 0x0d, 0x00, 0x29, 0x00, 0xfe, 0x32, 0x00, 0x33, 0x00, 0x00, 0x00, 0x14, 0x09
    .byte 0x0d, 0x22, 0x02, 0x2c, 0x02, 0x00, 0x00, 0x00, 0x2c, 0x77, 0x00, 0x00, 0x00, 0x15, 0xef, 0x18
    .byte 0x70, 0x14, 0x09, 0x0d, 0x22, 0x02, 0x15, 0x0d, 0x00, 0x29, 0x00, 0xfe, 0x32, 0x00, 0x34, 0x00
    .byte 0x00, 0x00, 0x14, 0x2d, 0x0d, 0x22, 0x02, 0x2c, 0x02, 0x00, 0x00, 0x00, 0x2c, 0x77, 0x00, 0x00
    .byte 0x00, 0x15, 0xef, 0x18, 0x70, 0x14, 0x2d, 0x0d, 0x22, 0x02, 0x15, 0x0d, 0x00, 0x29, 0x00, 0xfe
    .byte 0x32, 0x00, 0x35, 0x00, 0x00, 0x00, 0x14, 0x51, 0x0d, 0x22, 0x02, 0x2c, 0x02, 0x00, 0x00, 0x00
    .byte 0x2c, 0x77, 0x00, 0x00, 0x00, 0x15, 0xef, 0x18, 0x70, 0x14, 0x51, 0x0d, 0x22, 0x02, 0x15, 0x0d
    .byte 0x00, 0x29, 0x00, 0xfe, 0x32, 0x00, 0x2b, 0x00, 0x00, 0x00, 0x14, 0x76, 0x0d, 0x22, 0x02, 0x2c
    .byte 0x60, 0x01, 0x00, 0x00, 0x15, 0x37, 0x18, 0x70, 0x32, 0x00, 0x00, 0x00, 0x00, 0x00, 0x14, 0x76
    .byte 0x0d, 0x22, 0x02, 0x15, 0x0d, 0x00, 0x20, 0x00, 0x00, 0x15, 0x94, 0x18, 0x70, 0x14, 0x85, 0x0d
    .byte 0x22, 0x02, 0x15, 0x0d, 0x00, 0x20, 0x00, 0x00, 0x2c, 0xff, 0xff, 0xff, 0xff, 0x2c, 0xff, 0xff
    .byte 0xff, 0xff, 0x15, 0xdd, 0x18, 0x70, 0x14, 0xf8, 0x0d, 0x22, 0x02, 0x2c, 0x01, 0x00, 0x00, 0x00
    .byte 0x2c, 0xff, 0xff, 0xff, 0xff, 0x2c, 0xff, 0xff, 0xff, 0xff, 0x15, 0xdd, 0x18, 0x70, 0x32, 0x00
    .byte 0x58, 0x02, 0x00, 0x00, 0x13, 0xf5, 0x0d, 0x22, 0x02, 0x2c, 0x01, 0x00, 0x00, 0x00, 0x2c, 0xff
    .byte 0xff, 0xff, 0xff, 0x2c, 0xff, 0xff, 0xff, 0xff, 0x15, 0xdd, 0x18, 0x70, 0x32, 0x00, 0x59, 0x02
    .byte 0x00, 0x00, 0x13, 0xf5, 0x0d, 0x22, 0x02, 0x2c, 0x01, 0x00, 0x00, 0x00, 0x2c, 0xff, 0xff, 0xff
    .byte 0xff, 0x2c, 0xff, 0xff, 0xff, 0xff, 0x15, 0xdd, 0x18, 0x70, 0x32, 0x00, 0x5a, 0x02, 0x00, 0x00
    .byte 0x14, 0xf8, 0x0d, 0x22, 0x02, 0x15, 0x0d, 0x00, 0x03, 0x00, 0x00, 0x00, 0x00, 0x00, 0x28, 0x00
    .byte 0x00, 0x29, 0x00, 0x06, 0x29, 0x01, 0xfe, 0x1c, 0x10, 0x14, 0x1a, 0x0e, 0x22, 0x02, 0x2b, 0x00
    .byte 0x00, 0x05, 0x00, 0x01, 0x00, 0x00, 0x00, 0x28, 0x00, 0x00, 0x29, 0x00, 0x07, 0x32, 0x00, 0x02
    .byte 0x00, 0x00, 0x00, 0x14, 0x34, 0x0e, 0x22, 0x02, 0x2b, 0x00, 0x00, 0x05, 0x00, 0x01, 0x00, 0x00
    .byte 0x00, 0x28, 0x00, 0x00, 0x03, 0x00, 0x0b, 0x00, 0x00, 0x00, 0x32, 0x00, 0x00, 0x10, 0x00, 0x00
    .byte 0x14, 0x56, 0x0e, 0x22, 0x02, 0x2b, 0x00, 0x00, 0x05, 0x00, 0x01, 0x00, 0x00, 0x00, 0x28, 0x00
    .byte 0x00, 0x25, 0xde, 0x0e, 0x22, 0x02, 0x03, 0x00, 0x0b, 0x00, 0x00, 0x00, 0x32, 0x00, 0x00, 0x00
    .byte 0x00, 0x00, 0x14, 0x94, 0x0e, 0x22, 0x02, 0x29, 0x00, 0xfd, 0x31, 0x00, 0x8c, 0x00, 0x00, 0x00
    .byte 0x14, 0x8f, 0x0e, 0x22, 0x02, 0x29, 0x00, 0xfd, 0x33, 0x00, 0x96, 0x00, 0x00, 0x00, 0x14, 0x8f
    .byte 0x0e, 0x22, 0x02, 0x2b, 0x00, 0x00, 0x05, 0x00, 0x01, 0x00, 0x00, 0x00, 0x28, 0x00, 0x00, 0x25
    .byte 0xde, 0x0e, 0x22, 0x02, 0x29, 0x00, 0xfd, 0x32, 0x00, 0x0b, 0x00, 0x00, 0x00, 0x14, 0xb3, 0x0e
    .byte 0x22, 0x02, 0x2b, 0x00, 0x00, 0x05, 0x00, 0x01, 0x00, 0x00, 0x00, 0x28, 0x00, 0x00, 0x25, 0xde
    .byte 0x0e, 0x22, 0x02, 0x03, 0x00, 0x0b, 0x00, 0x00, 0x00, 0x34, 0x00, 0x00, 0x00, 0x00, 0x00, 0x14
    .byte 0xde, 0x0e, 0x22, 0x02, 0x29, 0x00, 0xfd, 0x35, 0x00, 0xf5, 0xff, 0xff, 0xff, 0x14, 0xde, 0x0e
    .byte 0x22, 0x02, 0x2b, 0x00, 0x00, 0x05, 0x00, 0x01, 0x00, 0x00, 0x00, 0x28, 0x00, 0x00, 0x2b, 0x00
    .byte 0x00, 0x34, 0x00, 0x03, 0x00, 0x00, 0x00, 0x14, 0xef, 0x0e, 0x22, 0x02, 0x15, 0x0d, 0x00, 0x2c
    .byte 0x01, 0x00, 0x00, 0x00, 0x15, 0x09, 0x2c, 0x49, 0x11, 0x00, 0x00, 0x2c, 0x43, 0x11, 0x00, 0x00
    .byte 0x2c, 0x4a, 0x11, 0x00, 0x00, 0x2c, 0x02, 0x00, 0x00, 0x00, 0x20, 0x00, 0x00, 0x15, 0x73, 0x03
    .byte 0x00, 0xff, 0xff, 0xff, 0xff, 0x26, 0x00, 0x06, 0x2c, 0x01, 0x00, 0x00, 0x00, 0x2c, 0x25, 0x0f
    .byte 0x22, 0x02, 0x15, 0x29, 0x00, 0x2c, 0x08, 0x00, 0x00, 0x00, 0x2c, 0x51, 0x01, 0x00, 0x00, 0x15
    .byte 0xe0, 0x03, 0x00, 0x00, 0x00, 0x00, 0x00, 0x28, 0x00, 0x00, 0x03, 0x00, 0x01, 0x00, 0x00, 0x00
    .byte 0x28, 0x00, 0x01, 0x2c, 0x1b, 0x00, 0x00, 0x00, 0x15, 0x31, 0x18, 0x70, 0x17, 0x00, 0x2c, 0x07
    .byte 0x00, 0x00, 0x00, 0x15, 0x47, 0x18, 0x70, 0x29, 0x01, 0xf1, 0x24, 0x01, 0x80, 0x00, 0x00, 0x00
    .byte 0x23, 0x10, 0x34, 0x00, 0x20, 0x00, 0x00, 0x00, 0x14, 0x9a, 0x0f, 0x22, 0x02, 0x2c, 0x1b, 0x00
    .byte 0x00, 0x00, 0x15, 0x31, 0x18, 0x70, 0x17, 0x00, 0x2c, 0x07, 0x00, 0x00, 0x00, 0x15, 0x47, 0x18
    .byte 0x70, 0x29, 0x01, 0xf1, 0x24, 0x01, 0x80, 0x00, 0x00, 0x00, 0x23, 0x10, 0x24, 0x00, 0x20, 0x00
    .byte 0x00, 0x00, 0x28, 0x00, 0x00, 0x25, 0xec, 0x0f, 0x22, 0x02, 0x2c, 0x1b, 0x00, 0x00, 0x00, 0x15
    .byte 0x31, 0x18, 0x70, 0x17, 0x00, 0x2c, 0x07, 0x00, 0x00, 0x00, 0x15, 0x47, 0x18, 0x70, 0x29, 0x01
    .byte 0xf1, 0x24, 0x01, 0x80, 0x00, 0x00, 0x00, 0x23, 0x10, 0x30, 0x00, 0xe0, 0x00, 0x00, 0x00, 0x14
    .byte 0xec, 0x0f, 0x22, 0x02, 0x2c, 0x1b, 0x00, 0x00, 0x00, 0x15, 0x31, 0x18, 0x70, 0x17, 0x00, 0x2c
    .byte 0x07, 0x00, 0x00, 0x00, 0x15, 0x47, 0x18, 0x70, 0x29, 0x01, 0xf1, 0x24, 0x01, 0x80, 0x00, 0x00
    .byte 0x00, 0x23, 0x10, 0x24, 0x00, 0xe0, 0x00, 0x00, 0x00, 0x28, 0x00, 0x00, 0x2c, 0x1b, 0x00, 0x00
    .byte 0x00, 0x15, 0x31, 0x18, 0x70, 0x17, 0x00, 0x2c, 0x08, 0x00, 0x00, 0x00, 0x15, 0x47, 0x18, 0x70
    .byte 0x2c, 0x1b, 0x00, 0x00, 0x00, 0x15, 0x31, 0x18, 0x71, 0x17, 0x10, 0x2c, 0x09, 0x00, 0x00, 0x00
    .byte 0x15, 0x47, 0x18, 0x71, 0x23, 0x10, 0x29, 0x01, 0xf2, 0x24, 0x01, 0x60, 0x00, 0x00, 0x00, 0x23
    .byte 0x10, 0x34, 0x00, 0x40, 0x00, 0x00, 0x00, 0x14, 0x6f, 0x10, 0x22, 0x02, 0x2c, 0x1b, 0x00, 0x00
    .byte 0x00, 0x15, 0x31, 0x18, 0x70, 0x17, 0x00, 0x2c, 0x08, 0x00, 0x00, 0x00, 0x15, 0x47, 0x18, 0x70
    .byte 0x2c, 0x1b, 0x00, 0x00, 0x00, 0x15, 0x31, 0x18, 0x71, 0x17, 0x10, 0x2c, 0x09, 0x00, 0x00, 0x00
    .byte 0x15, 0x47, 0x18, 0x71, 0x23, 0x10, 0x29, 0x01, 0xf2, 0x24, 0x01, 0x60, 0x00, 0x00, 0x00, 0x23
    .byte 0x10, 0x24, 0x00, 0x40, 0x00, 0x00, 0x00, 0x28, 0x00, 0x01, 0x25, 0xed, 0x10, 0x22, 0x02, 0x2c
    .byte 0x1b, 0x00, 0x00, 0x00, 0x15, 0x31, 0x18, 0x70, 0x17, 0x00, 0x2c, 0x08, 0x00, 0x00, 0x00, 0x15
    .byte 0x47, 0x18, 0x70, 0x2c, 0x1b, 0x00, 0x00, 0x00, 0x15, 0x31, 0x18, 0x71, 0x17, 0x10, 0x2c, 0x09
    .byte 0x00, 0x00, 0x00, 0x15, 0x47, 0x18, 0x71, 0x23, 0x10, 0x29, 0x01, 0xf2, 0x24, 0x01, 0x60, 0x00
    .byte 0x00, 0x00, 0x23, 0x10, 0x30, 0x00, 0xb0, 0x00, 0x00, 0x00, 0x14, 0xed, 0x10, 0x22, 0x02, 0x2c
    .byte 0x1b, 0x00, 0x00, 0x00, 0x15, 0x31, 0x18, 0x70, 0x17, 0x00, 0x2c, 0x08, 0x00, 0x00, 0x00, 0x15
    .byte 0x47, 0x18, 0x70, 0x2c, 0x1b, 0x00, 0x00, 0x00, 0x15, 0x31, 0x18, 0x71, 0x17, 0x10, 0x2c, 0x09
    .byte 0x00, 0x00, 0x00, 0x15, 0x47, 0x18, 0x71, 0x23, 0x10, 0x29, 0x01, 0xf2, 0x24, 0x01, 0x60, 0x00
    .byte 0x00, 0x00, 0x23, 0x10, 0x24, 0x00, 0xb0, 0x00, 0x00, 0x00, 0x28, 0x00, 0x01, 0x2b, 0x00, 0x00
    .byte 0x35, 0x00, 0x00, 0x00, 0x00, 0x00, 0x13, 0x09, 0x11, 0x22, 0x02, 0x2b, 0x00, 0x01, 0x35, 0x00
    .byte 0x00, 0x00, 0x00, 0x00, 0x14, 0x34, 0x11, 0x22, 0x02, 0x2c, 0x01, 0x00, 0x00, 0x00, 0x29, 0x00
    .byte 0xf1, 0x2b, 0x01, 0x00, 0x04, 0x10, 0x17, 0x00, 0x29, 0x00, 0xf2, 0x2b, 0x01, 0x01, 0x04, 0x10
    .byte 0x17, 0x00, 0x2c, 0x14, 0x00, 0x00, 0x00, 0x20, 0x00, 0x00, 0x15, 0x4f, 0x18, 0x70, 0x17, 0x00
    .byte 0x15, 0x07, 0x15, 0x08, 0x2c, 0x01, 0x00, 0x00, 0x00, 0x20, 0x00, 0x00, 0x15, 0x29, 0x2c, 0x1b
    .byte 0x00, 0x00, 0x00, 0x15, 0x31, 0x18, 0x70, 0x26, 0x00, 0x58, 0x20, 0x00, 0x00, 0x2c, 0xd4, 0xde
    .byte 0x21, 0x02, 0x15, 0x39, 0x20, 0x00, 0x00, 0x15, 0x42, 0x18, 0x70, 0x32, 0x00, 0x00, 0x00, 0x00
    .byte 0x00, 0x14, 0x6b, 0x11, 0x22, 0x02, 0x01, 0x54, 0x11, 0x22, 0x02, 0x2c, 0x1e, 0x00, 0x00, 0x00
    .byte 0x2c, 0x80, 0xa8, 0x00, 0x00, 0x2c, 0x60, 0x00, 0x00, 0x00, 0x20, 0x00, 0x00, 0x20, 0x00, 0x00
    .byte 0x15, 0x3e, 0x2c, 0x01, 0x00, 0x00, 0x00, 0x15, 0x05, 0x15, 0x16, 0x2c, 0x1e, 0x00, 0x00, 0x00
    .byte 0x15, 0x07, 0x15, 0x08, 0x20, 0x00, 0x00, 0x2c, 0x82, 0xa8, 0x00, 0x00, 0x15, 0xe0, 0x2c, 0xa7
    .byte 0x00, 0x00, 0x00, 0x15, 0x07, 0x15, 0x08, 0x20, 0x00, 0x00, 0x2c, 0x81, 0xa8, 0x00, 0x00, 0x15
    .byte 0xe0, 0x2c, 0x02, 0x00, 0x00, 0x00, 0x15, 0x05, 0x2c, 0x3c, 0x00, 0x00, 0x00, 0x15, 0x07, 0x15
    .byte 0x08, 0x2c, 0x03, 0x00, 0x00, 0x00, 0x15, 0x45, 0x15, 0x8b, 0x18, 0x70, 0x32, 0x00, 0x00, 0x00
    .byte 0x00, 0x00, 0x13, 0xdc, 0x11, 0x22, 0x02, 0x01, 0xc8, 0x11, 0x22, 0x02, 0x2c, 0x3a, 0x02, 0x00
    .byte 0x00, 0x2c, 0x01, 0x00, 0x00, 0x00, 0x20, 0x00, 0x00, 0x20, 0x00, 0x00, 0x15, 0xb8, 0x15, 0x5a
    .byte 0x20, 0x00, 0x00, 0x2c, 0xff, 0xff, 0xff, 0xff, 0x2c, 0xff, 0xff, 0xff, 0xff, 0x15, 0xdd, 0x18
    .byte 0x70, 0x14, 0xd4, 0x12, 0x22, 0x02, 0x2c, 0x03, 0x00, 0x00, 0x00, 0x15, 0x45, 0x15, 0x8b, 0x18
    .byte 0x70, 0x32, 0x00, 0x00, 0x00, 0x00, 0x00, 0x13, 0x21, 0x12, 0x22, 0x02, 0x01, 0x0d, 0x12, 0x22
    .byte 0x02, 0x2c, 0x3b, 0x02, 0x00, 0x00, 0x2c, 0x01, 0x00, 0x00, 0x00, 0x20, 0x00, 0x00, 0x20, 0x00
    .byte 0x00, 0x15, 0xb8, 0x2c, 0x01, 0x00, 0x00, 0x00, 0x15, 0x07, 0x15, 0x08, 0x15, 0x5a, 0x03, 0x00
    .byte 0xec, 0xff, 0xff, 0xff, 0x26, 0x00, 0xe1, 0x15, 0x8b, 0x18, 0x70, 0x32, 0x00, 0x00, 0x00, 0x00
    .byte 0x00, 0x13, 0x5b, 0x12, 0x22, 0x02, 0x01, 0x47, 0x12, 0x22, 0x02, 0x2c, 0x3c, 0x02, 0x00, 0x00
    .byte 0x2c, 0x01, 0x00, 0x00, 0x00, 0x20, 0x00, 0x00, 0x20, 0x00, 0x00, 0x2c, 0x01, 0x00, 0x00, 0x00
    .byte 0x15, 0xe7, 0x2c, 0x01, 0x00, 0x00, 0x00, 0x15, 0x07, 0x15, 0x08, 0x03, 0x00, 0x00, 0x00, 0x00
    .byte 0x00, 0x26, 0x00, 0xe1, 0x2c, 0xea, 0x03, 0x00, 0x00, 0x15, 0x37, 0x18, 0x70, 0x13, 0xd4, 0x12
    .byte 0x22, 0x02, 0x2c, 0x03, 0x00, 0x00, 0x00, 0x15, 0x45, 0x15, 0x8b, 0x18, 0x70, 0x32, 0x00, 0x00
    .byte 0x00, 0x00, 0x00, 0x13, 0xad, 0x12, 0x22, 0x02, 0x01, 0x99, 0x12, 0x22, 0x02, 0x2c, 0x3f, 0x02
    .byte 0x00, 0x00, 0x2c, 0x01, 0x00, 0x00, 0x00, 0x20, 0x00, 0x00, 0x20, 0x00, 0x00, 0x15, 0xb8, 0x15
    .byte 0x5a, 0x2c, 0x1b, 0x00, 0x00, 0x00, 0x15, 0x31, 0x18, 0x70, 0x17, 0x00, 0x2c, 0x61, 0x14, 0x22
    .byte 0x02, 0x15, 0x39, 0x00, 0x2c, 0x1e, 0x00, 0x00, 0x00, 0x15, 0x07, 0x15, 0x08, 0x2c, 0xba, 0x03
    .byte 0x00, 0x00, 0x15, 0x35, 0x2c, 0x17, 0x00, 0x00, 0x00, 0x2c, 0x20, 0x08, 0x00, 0x00, 0x15, 0x78
    .byte 0x2c, 0x01, 0x00, 0x00, 0x00, 0x15, 0x07, 0x15, 0x08, 0x29, 0x00, 0xdc, 0x32, 0x00, 0x03, 0x00
    .byte 0x00, 0x00, 0x14, 0x15, 0x13, 0x22, 0x02, 0x03, 0x00, 0x00, 0x00, 0x00, 0x00, 0x26, 0x00, 0x1c
    .byte 0x25, 0x48, 0x13, 0x22, 0x02, 0x29, 0x00, 0xdc, 0x32, 0x00, 0x04, 0x00, 0x00, 0x00, 0x14, 0x31
    .byte 0x13, 0x22, 0x02, 0x03, 0x00, 0x05, 0x00, 0x00, 0x00, 0x26, 0x00, 0x1c, 0x25, 0x48, 0x13, 0x22
    .byte 0x02, 0x29, 0x00, 0xdc, 0x32, 0x00, 0x05, 0x00, 0x00, 0x00, 0x14, 0x48, 0x13, 0x22, 0x02, 0x03
    .byte 0x00, 0x0a, 0x00, 0x00, 0x00, 0x26, 0x00, 0x1c, 0x2c, 0x8a, 0x03, 0x00, 0x00, 0x15, 0x37, 0x18
    .byte 0x70, 0x14, 0xcc, 0x13, 0x22, 0x02, 0x2c, 0x3e, 0x03, 0x00, 0x00, 0x15, 0x35, 0x2c, 0x09, 0x00
    .byte 0x00, 0x00, 0x2c, 0x59, 0x02, 0x00, 0x00, 0x2c, 0xff, 0xff, 0xff, 0xff, 0x15, 0xdd, 0x18, 0x70
    .byte 0x17, 0x00, 0x15, 0x35, 0x03, 0x00, 0x59, 0x02, 0x00, 0x00, 0x26, 0x00, 0x15, 0x2c, 0xf8, 0x03
    .byte 0x00, 0x00, 0x15, 0x35, 0x2c, 0x09, 0x00, 0x00, 0x00, 0x2c, 0x51, 0x01, 0x00, 0x00, 0x15, 0xe0
    .byte 0x15, 0x1f, 0x18, 0x70, 0x26, 0x00, 0x69, 0x15, 0x20, 0x18, 0x70, 0x26, 0x00, 0x6a, 0x15, 0x27
    .byte 0x18, 0x70, 0x26, 0x00, 0x6b, 0x2c, 0x1b, 0x00, 0x00, 0x00, 0x15, 0x31, 0x18, 0x70, 0x26, 0x00
    .byte 0xbe, 0x2c, 0x45, 0x00, 0x00, 0x00, 0x2c, 0x00, 0x01, 0x00, 0x00, 0x2c, 0x00, 0x01, 0x00, 0x00
    .byte 0x20, 0x00, 0x00, 0x15, 0x4a, 0x15, 0x0d, 0x25, 0x60, 0x14, 0x22, 0x02, 0x2c, 0x01, 0x00, 0x00
    .byte 0x00, 0x2c, 0x03, 0x00, 0x00, 0x00, 0x15, 0x4b, 0x2c, 0x01, 0x00, 0x00, 0x00, 0x15, 0x4c, 0x18
    .byte 0x70, 0x32, 0x00, 0x00, 0x00, 0x00, 0x00, 0x13, 0xf1, 0x13, 0x22, 0x02, 0x01, 0xd8, 0x13, 0x22
    .byte 0x02, 0x2c, 0x03, 0x00, 0x00, 0x00, 0x15, 0x45, 0x29, 0x00, 0xdc, 0x32, 0x00, 0x00, 0x00, 0x00
    .byte 0x00, 0x14, 0x33, 0x14, 0x22, 0x02, 0x15, 0x8b, 0x18, 0x70, 0x32, 0x00, 0x00, 0x00, 0x00, 0x00
    .byte 0x13, 0x1a, 0x14, 0x22, 0x02, 0x01, 0x06, 0x14, 0x22, 0x02, 0x2c, 0x3f, 0x02, 0x00, 0x00, 0x2c
    .byte 0x01, 0x00, 0x00, 0x00, 0x20, 0x00, 0x00, 0x20, 0x00, 0x00, 0x15, 0xb8, 0x15, 0x5a, 0x25, 0x5b
    .byte 0x14, 0x22, 0x02, 0x15, 0x8b, 0x18, 0x70, 0x32, 0x00, 0x00, 0x00, 0x00, 0x00, 0x13, 0x47, 0x14
    .byte 0x22, 0x02, 0x01, 0x33, 0x14, 0x22, 0x02, 0x2c, 0x3d, 0x02, 0x00, 0x00, 0x2c, 0x01, 0x00, 0x00
    .byte 0x00, 0x20, 0x00, 0x00, 0x20, 0x00, 0x00, 0x15, 0xb8, 0x15, 0x5a, 0x01, 0x61, 0x14, 0x22, 0x02
    .byte 0x00, 0x2c, 0x05, 0x00, 0x00, 0x00, 0x15, 0x05, 0x20, 0x00, 0x00, 0x2c, 0x83, 0xa8, 0x00, 0x00
    .byte 0x15, 0xe0, 0x20, 0x00, 0x00, 0x20, 0x00, 0x00, 0x2c, 0x80, 0x00, 0x00, 0x00, 0x2c, 0x14, 0x00
    .byte 0x00, 0x00, 0x20, 0x00, 0x00, 0x2c, 0x01, 0x00, 0x00, 0x00, 0x15, 0x1a, 0x15, 0x21, 0x20, 0x00
    .byte 0x00, 0x15, 0x09, 0x2b, 0x00, 0x00, 0x35, 0x00, 0x00, 0x00, 0x00, 0x00, 0x13, 0xaf, 0x14, 0x22
    .byte 0x02, 0x2b, 0x00, 0x01, 0x35, 0x00, 0x00, 0x00, 0x00, 0x00, 0x14, 0xdf, 0x14, 0x22, 0x02, 0x2c
    .byte 0x02, 0x00, 0x00, 0x00, 0x2c, 0x14, 0x00, 0x00, 0x00, 0x20, 0x00, 0x00, 0x20, 0x00, 0x00, 0x20
    .byte 0x00, 0x00, 0x15, 0x4f, 0x18, 0x70, 0x17, 0x00, 0x15, 0x07, 0x15, 0x08, 0x2c, 0x03, 0x00, 0x00
    .byte 0x00, 0x20, 0x00, 0x00, 0x20, 0x00, 0x00, 0x20, 0x00, 0x00, 0x20, 0x00, 0x00, 0x15, 0x4f, 0x2c
    .byte 0x09, 0x00, 0x00, 0x00, 0x2c, 0x51, 0x01, 0x00, 0x00, 0x15, 0xe0, 0x2c, 0x1b, 0x00, 0x00, 0x00
    .byte 0x15, 0x31, 0x18, 0x70, 0x17, 0x00, 0x2c, 0x39, 0xdf, 0x21, 0x02, 0x15, 0x39, 0x00, 0x00, 0x03
    .byte 0x00, 0x01, 0x00, 0x00, 0x00, 0x28, 0x00, 0x00, 0x01, 0x37, 0x15, 0x22, 0x02, 0x03, 0x00, 0x02
    .byte 0x00, 0x00, 0x00, 0x28, 0x00, 0x00, 0x01, 0x37, 0x15, 0x22, 0x02, 0x03, 0x00, 0x03, 0x00, 0x00
    .byte 0x00, 0x28, 0x00, 0x00, 0x01, 0x37, 0x15, 0x22, 0x02, 0x03, 0x00, 0x04, 0x00, 0x00, 0x00, 0x28
    .byte 0x00, 0x00, 0x01, 0x37, 0x15, 0x22, 0x02, 0x2a, 0x00, 0x00, 0x35, 0x00, 0x00, 0x00, 0x00, 0x00
    .byte 0x14, 0x4a, 0x15, 0x22, 0x02, 0x01, 0x37, 0x15, 0x22, 0x02, 0x15, 0x10, 0x18, 0x70, 0x17, 0x00
    .byte 0x15, 0x11, 0x18, 0x70, 0x17, 0x00, 0x20, 0x00, 0x00, 0x15, 0x1f, 0x18, 0x70, 0x17, 0x00, 0x15
    .byte 0x20, 0x18, 0x70, 0x17, 0x00, 0x20, 0x00, 0x00, 0x15, 0x65, 0x18, 0x70, 0x30, 0x00, 0x64, 0x00
    .byte 0x00, 0x00, 0x14, 0x7c, 0x15, 0x22, 0x02, 0x01, 0x37, 0x15, 0x22, 0x02, 0x2b, 0x00, 0x00, 0x27
    .byte 0x00, 0x00, 0x2c, 0x1a, 0x00, 0x00, 0x00, 0x20, 0x00, 0x00, 0x20, 0x00, 0x00, 0x2c, 0x6e, 0x00
    .byte 0x00, 0x00, 0x15, 0x0c, 0x15, 0x10, 0x18, 0x70, 0x17, 0x00, 0x15, 0x11, 0x18, 0x70, 0x17, 0x00
    .byte 0x20, 0x00, 0x00, 0x15, 0x1f, 0x18, 0x70, 0x17, 0x00, 0x15, 0x20, 0x18, 0x70, 0x17, 0x00, 0x20
    .byte 0x00, 0x00, 0x15, 0x65, 0x18, 0x70, 0x33, 0x00, 0x64, 0x00, 0x00, 0x00, 0x14, 0xc6, 0x15, 0x22
    .byte 0x02, 0x01, 0x94, 0x15, 0x22, 0x02, 0x2c, 0x01, 0x00, 0x00, 0x00, 0x20, 0x00, 0x00, 0x15, 0xe0
    .byte 0x03, 0x00, 0x00, 0x00, 0x00, 0x00, 0x27, 0x00, 0x00, 0x01, 0x37, 0x15, 0x22, 0x02, 0x2c, 0x01
    .byte 0x00, 0x00, 0x00, 0x15, 0x06, 0x15, 0x27, 0x18, 0x70, 0x28, 0x00, 0x00, 0x15, 0x10, 0x18, 0x70
    .byte 0x17, 0x00, 0x15, 0x11, 0x18, 0x70, 0x17, 0x00, 0x2f, 0x00, 0x15, 0x1f, 0x18, 0x70, 0x17, 0x00
    .byte 0x15, 0x20, 0x18, 0x70, 0x17, 0x00, 0x2f, 0x00, 0x15, 0x65, 0x18, 0x70, 0x34, 0x00, 0x64, 0x00
    .byte 0x00, 0x00, 0x14, 0x1c, 0x16, 0x22, 0x02, 0x25, 0x2a, 0x16, 0x22, 0x02, 0x2c, 0x01, 0x00, 0x00
    .byte 0x00, 0x15, 0x07, 0x15, 0x08, 0x25, 0xe5, 0x15, 0x22, 0x02, 0x2c, 0x00, 0x04, 0x00, 0x00, 0x15
    .byte 0x37, 0x18, 0x70, 0x32, 0x00, 0x00, 0x00, 0x00, 0x00, 0x14, 0xba, 0x16, 0x22, 0x02, 0x2c, 0xee
    .byte 0x03, 0x00, 0x00, 0x15, 0x37, 0x18, 0x70, 0x32, 0x00, 0x00, 0x00, 0x00, 0x00, 0x14, 0xba, 0x16
    .byte 0x22, 0x02, 0x2c, 0x02, 0x00, 0x00, 0x00, 0x15, 0x9b, 0x18, 0x70, 0x32, 0x00, 0x01, 0x00, 0x00
    .byte 0x00, 0x14, 0xba, 0x16, 0x22, 0x02, 0x2c, 0x1b, 0x00, 0x00, 0x00, 0x15, 0x31, 0x18, 0x70, 0x17
    .byte 0x00, 0x2c, 0x0e, 0x00, 0x00, 0x00, 0x15, 0x47, 0x18, 0x70, 0x32, 0x00, 0x01, 0x00, 0x00, 0x00
    .byte 0x14, 0xba, 0x16, 0x22, 0x02, 0x20, 0x00, 0x00, 0x15, 0x9b, 0x18, 0x70, 0x14, 0xa5, 0x16, 0x22
    .byte 0x02, 0x20, 0x00, 0x00, 0x2c, 0xff, 0xff, 0xff, 0xff, 0x2c, 0xff, 0xff, 0xff, 0xff, 0x2c, 0xff
    .byte 0xff, 0xff, 0xff, 0x15, 0x89, 0x2c, 0x03, 0x00, 0x00, 0x00, 0x2c, 0x05, 0x17, 0x22, 0x02, 0x15
    .byte 0x29, 0x2c, 0x01, 0x00, 0x00, 0x00, 0x15, 0x07, 0x15, 0x08, 0x15, 0x27, 0x18, 0x70, 0x28, 0x00
    .byte 0x00, 0x15, 0x10, 0x18, 0x70, 0x17, 0x00, 0x15, 0x11, 0x18, 0x70, 0x17, 0x00, 0x2f, 0x00, 0x15
    .byte 0x1f, 0x18, 0x70, 0x17, 0x00, 0x15, 0x20, 0x18, 0x70, 0x17, 0x00, 0x2f, 0x00, 0x15, 0x65, 0x18
    .byte 0x70, 0x31, 0x00, 0x64, 0x00, 0x00, 0x00, 0x14, 0xf1, 0x16, 0x22, 0x02, 0x25, 0xff, 0x16, 0x22
    .byte 0x02, 0x2c, 0x01, 0x00, 0x00, 0x00, 0x15, 0x07, 0x15, 0x08, 0x25, 0x2a, 0x16, 0x22, 0x02, 0x25
    .byte 0xe5, 0x15, 0x22, 0x02, 0x00, 0x20, 0x00, 0x00, 0x2c, 0xff, 0xff, 0xff, 0xff, 0x2c, 0xff, 0xff
    .byte 0xff, 0xff, 0x2c, 0xff, 0xff, 0xff, 0xff, 0x15, 0x89, 0x2c, 0x1e, 0x00, 0x00, 0x00, 0x15, 0x07
    .byte 0x15, 0x08, 0x2c, 0x1b, 0x00, 0x00, 0x00, 0x15, 0x31, 0x18, 0x70, 0x26, 0x00, 0xd2, 0x20, 0x00
    .byte 0x00, 0x2c, 0x7f, 0xe3, 0x21, 0x02, 0x15, 0x39, 0x20, 0x00, 0x00, 0x15, 0x42, 0x18, 0x70, 0x32
    .byte 0x00, 0x00, 0x00, 0x00, 0x00, 0x14, 0x4f, 0x17, 0x22, 0x02, 0x01, 0x38, 0x17, 0x22, 0x02, 0x2c
    .byte 0x07, 0x00, 0x00, 0x00, 0x15, 0x05, 0x21, 0x11, 0xe5, 0x21, 0x02, 0x2c, 0x47, 0x05, 0x00, 0x00
    .byte 0x15, 0x37, 0x18, 0x70, 0x32, 0x00, 0x00, 0x00, 0x00, 0x00, 0x14, 0x23, 0x18, 0x22, 0x02, 0x2c
    .byte 0x06, 0x00, 0x00, 0x00, 0x15, 0x05, 0x2c, 0x01, 0x00, 0x00, 0x00, 0x15, 0x06, 0x20, 0x00, 0x00
    .byte 0x2c, 0x37, 0x00, 0x00, 0x00, 0x15, 0xe0, 0x03, 0x00, 0x00, 0x00, 0x00, 0x00, 0x28, 0x00, 0x07
    .byte 0x2b, 0x00, 0x07, 0x34, 0x00, 0x08, 0x00, 0x00, 0x00, 0x14, 0xf1, 0x17, 0x22, 0x02, 0x2c, 0x08
    .byte 0x00, 0x00, 0x00, 0x15, 0x07, 0x15, 0x08, 0x2c, 0x0c, 0x00, 0x00, 0x00, 0x2c, 0x02, 0x00, 0x00
    .byte 0x00, 0x15, 0x1f, 0x18, 0x70, 0x24, 0x00, 0x08, 0x00, 0x00, 0x00, 0x17, 0x00, 0x15, 0x20, 0x18
    .byte 0x70, 0x15, 0x27, 0x18, 0x71, 0x23, 0x10, 0x24, 0x00, 0x40, 0x00, 0x00, 0x00, 0x17, 0x00, 0x2c
    .byte 0x10, 0x00, 0x00, 0x00, 0x2c, 0x10, 0x00, 0x00, 0x00, 0x2c, 0xff, 0xff, 0xff, 0xff, 0x15, 0x53
    .byte 0x2b, 0x00, 0x07, 0x05, 0x00, 0x01, 0x00, 0x00, 0x00, 0x28, 0x00, 0x07, 0x25, 0x90, 0x17, 0x22
    .byte 0x02, 0x2c, 0x07, 0x00, 0x00, 0x00, 0x20, 0x00, 0x00, 0x15, 0x1f, 0x18, 0x70, 0x17, 0x00, 0x15
    .byte 0x20, 0x18, 0x70, 0x17, 0x00, 0x15, 0x27, 0x18, 0x70, 0x05, 0x00, 0x40, 0x00, 0x00, 0x00, 0x17
    .byte 0x00, 0x20, 0x00, 0x00, 0x20, 0x00, 0x00, 0x20, 0x00, 0x00, 0x15, 0x33, 0x2c, 0x47, 0x05, 0x00
    .byte 0x00, 0x15, 0x35, 0x2c, 0x06, 0x00, 0x00, 0x00, 0x15, 0x05, 0x2c, 0x01, 0x00, 0x00, 0x00, 0x15
    .byte 0x06, 0x00, 0x00, 0x2c, 0x08, 0x00, 0x00, 0x00, 0x2c, 0x65, 0x00, 0x00, 0x00, 0x15, 0xe0, 0x2c
    .byte 0x14, 0x00, 0x00, 0x00, 0x15, 0x07, 0x15, 0x08, 0x03, 0x00, 0x00, 0x00, 0x00, 0x00, 0x28, 0x00
    .byte 0x00, 0x2b, 0x00, 0x00, 0x29, 0x01, 0xbe, 0x1e, 0x10, 0x14, 0x82, 0x18, 0x22, 0x02, 0x20, 0x00
    .byte 0x00, 0x2c, 0x80, 0x32, 0x00, 0x00, 0x15, 0xe0, 0x2c, 0x0f, 0x00, 0x00, 0x00, 0x15, 0x07, 0x15
    .byte 0x08, 0x2b, 0x00, 0x00, 0x05, 0x00, 0x01, 0x00, 0x00, 0x00, 0x28, 0x00, 0x00, 0x25, 0x51, 0x18
    .byte 0x22, 0x02, 0x2c, 0x09, 0x00, 0x00, 0x00, 0x2c, 0x65, 0x00, 0x00, 0x00, 0x15, 0xe0, 0x00, 0x20
    .byte 0x00, 0x00, 0x15, 0x09, 0x03, 0x00, 0x40, 0x03, 0x00, 0x00, 0x28, 0x00, 0x00, 0x03, 0x00, 0xff
    .byte 0x01, 0x00, 0x00, 0x28, 0x00, 0x01, 0x03, 0x00, 0xd0, 0xff, 0xff, 0xff, 0x28, 0x00, 0x02, 0x2f
    .byte 0x00, 0x2b, 0x00, 0x01, 0x2b, 0x01, 0x02, 0x04, 0x10, 0x17, 0x00, 0x2f, 0x02, 0x15, 0x02, 0x20
    .byte 0x00, 0x00, 0x2c, 0x20, 0x00, 0x00, 0x00, 0x15, 0x32, 0x2c, 0x01, 0x00, 0x00, 0x00, 0x2c, 0x02
    .byte 0x00, 0x00, 0x00, 0x15, 0x32, 0x2c, 0x01, 0x00, 0x00, 0x00, 0x15, 0x7d, 0x2c, 0x02, 0x00, 0x00
    .byte 0x00, 0x2c, 0x62, 0x19, 0x22, 0x02, 0x15, 0x29, 0x15, 0x27, 0x18, 0x70, 0x32, 0x00, 0xd0, 0xff
    .byte 0xff, 0xff, 0x14, 0x27, 0x19, 0x22, 0x02, 0x03, 0x00, 0x40, 0x03, 0x00, 0x00, 0x28, 0x00, 0x00
    .byte 0x03, 0x00, 0xff, 0x01, 0x00, 0x00, 0x28, 0x00, 0x01, 0x03, 0x00, 0xd0, 0xff, 0xff, 0xff, 0x28
    .byte 0x00, 0x02, 0x2f, 0x00, 0x2b, 0x00, 0x01, 0x2b, 0x01, 0x02, 0x04, 0x10, 0x17, 0x00, 0x2f, 0x02
    .byte 0x15, 0x02, 0x25, 0x52, 0x19, 0x22, 0x02, 0x03, 0x00, 0x40, 0x03, 0x00, 0x00, 0x28, 0x00, 0x00
    .byte 0x03, 0x00, 0xcf, 0x01, 0x00, 0x00, 0x28, 0x00, 0x01, 0x03, 0x00, 0x00, 0x00, 0x00, 0x00, 0x28
    .byte 0x00, 0x02, 0x2f, 0x00, 0x2b, 0x00, 0x01, 0x2b, 0x01, 0x02, 0x04, 0x10, 0x17, 0x00, 0x2f, 0x02
    .byte 0x15, 0x02, 0x01, 0xe8, 0x18, 0x22, 0x02, 0x2c, 0x02, 0x00, 0x00, 0x00, 0x20, 0x00, 0x00, 0x15
    .byte 0x29, 0x00, 0x2c, 0xee, 0x03, 0x00, 0x00, 0x15, 0x37, 0x18, 0x70, 0x14, 0x71, 0x19, 0x22, 0x02
    .byte 0x00, 0x20, 0x00, 0x00, 0x15, 0x9b, 0x18, 0x70, 0x14, 0x91, 0x19, 0x22, 0x02, 0x20, 0x00, 0x00
    .byte 0x2c, 0xff, 0xff, 0xff, 0xff, 0x2c, 0xff, 0xff, 0xff, 0xff, 0x2c, 0xff, 0xff, 0xff, 0xff, 0x15
    .byte 0x89, 0x15, 0x1f, 0x18, 0x70, 0x28, 0x00, 0x03, 0x15, 0x20, 0x18, 0x70, 0x28, 0x00, 0x04, 0x15
    .byte 0x27, 0x18, 0x70, 0x28, 0x00, 0x05, 0x15, 0x27, 0x18, 0x70, 0x32, 0x00, 0xd0, 0xff, 0xff, 0xff
    .byte 0x14, 0x06, 0x1b, 0x22, 0x02, 0x20, 0x00, 0x00, 0x2c, 0x53, 0x1c, 0x22, 0x02, 0x15, 0x39, 0x20
    .byte 0x00, 0x00, 0x15, 0x42, 0x18, 0x70, 0x32, 0x00, 0x00, 0x00, 0x00, 0x00, 0x14, 0xd6, 0x19, 0x22
    .byte 0x02, 0x01, 0xbf, 0x19, 0x22, 0x02, 0x20, 0x00, 0x00, 0x2c, 0xff, 0xff, 0xff, 0xff, 0x2c, 0xff
    .byte 0xff, 0xff, 0xff, 0x15, 0xdd, 0x18, 0x70, 0x14, 0x01, 0x1b, 0x22, 0x02, 0x2c, 0x03, 0x00, 0x00
    .byte 0x00, 0x2c, 0xff, 0xff, 0xff, 0xff, 0x2c, 0xff, 0xff, 0xff, 0xff, 0x15, 0xdd, 0x18, 0x70, 0x32
    .byte 0x00, 0x00, 0x00, 0x00, 0x00, 0x14, 0x01, 0x1b, 0x22, 0x02, 0x03, 0x00, 0x30, 0x00, 0x00, 0x00
    .byte 0x30, 0x00, 0x10, 0x00, 0x00, 0x00, 0x14, 0x01, 0x1b, 0x22, 0x02, 0x15, 0x6f, 0x18, 0x70, 0x2b
    .byte 0x01, 0x05, 0x1c, 0x10, 0x14, 0x01, 0x1b, 0x22, 0x02, 0x15, 0x10, 0x18, 0x70, 0x17, 0x00, 0x15
    .byte 0x11, 0x18, 0x70, 0x17, 0x00, 0x20, 0x00, 0x00, 0x15, 0x6d, 0x18, 0x70, 0x17, 0x00, 0x15, 0x6e
    .byte 0x18, 0x70, 0x17, 0x00, 0x20, 0x00, 0x00, 0x15, 0x65, 0x18, 0x70, 0x28, 0x00, 0x03, 0x2b, 0x00
    .byte 0x03, 0x33, 0x00, 0x40, 0x00, 0x00, 0x00, 0x14, 0x95, 0x1a, 0x22, 0x02, 0x15, 0x6e, 0x18, 0x70
    .byte 0x15, 0x11, 0x18, 0x71, 0x1b, 0x10, 0x14, 0x95, 0x1a, 0x22, 0x02, 0x2c, 0x01, 0x00, 0x00, 0x00
    .byte 0x2c, 0x6e, 0x1f, 0x22, 0x02, 0x15, 0x39, 0x2c, 0x01, 0x00, 0x00, 0x00, 0x15, 0x42, 0x18, 0x70
    .byte 0x32, 0x00, 0x00, 0x00, 0x00, 0x00, 0x14, 0x90, 0x1a, 0x22, 0x02, 0x01, 0x77, 0x1a, 0x22, 0x02
    .byte 0x25, 0x01, 0x1b, 0x22, 0x02, 0x2b, 0x00, 0x03, 0x33, 0x00, 0x60, 0x00, 0x00, 0x00, 0x14, 0x01
    .byte 0x1b, 0x22, 0x02, 0x15, 0x6e, 0x18, 0x70, 0x15, 0x11, 0x18, 0x71, 0x1b, 0x10, 0x14, 0xdc, 0x1a
    .byte 0x22, 0x02, 0x2c, 0x01, 0x00, 0x00, 0x00, 0x2c, 0x7c, 0x1f, 0x22, 0x02, 0x15, 0x39, 0x2c, 0x01
    .byte 0x00, 0x00, 0x00, 0x15, 0x42, 0x18, 0x70, 0x32, 0x00, 0x00, 0x00, 0x00, 0x00, 0x14, 0xd7, 0x1a
    .byte 0x22, 0x02, 0x01, 0xbe, 0x1a, 0x22, 0x02, 0x25, 0x01, 0x1b, 0x22, 0x02, 0x2c, 0x01, 0x00, 0x00
    .byte 0x00, 0x2c, 0x8a, 0x1f, 0x22, 0x02, 0x15, 0x39, 0x2c, 0x01, 0x00, 0x00, 0x00, 0x15, 0x42, 0x18
    .byte 0x70, 0x32, 0x00, 0x00, 0x00, 0x00, 0x00, 0x14, 0x01, 0x1b, 0x22, 0x02, 0x01, 0xe8, 0x1a, 0x22
    .byte 0x02, 0x25, 0x52, 0x1c, 0x22, 0x02, 0x20, 0x00, 0x00, 0x2c, 0xb1, 0x1d, 0x22, 0x02, 0x15, 0x39
    .byte 0x20, 0x00, 0x00, 0x15, 0x42, 0x18, 0x70, 0x32, 0x00, 0x00, 0x00, 0x00, 0x00, 0x14, 0x27, 0x1b
    .byte 0x22, 0x02, 0x01, 0x10, 0x1b, 0x22, 0x02, 0x20, 0x00, 0x00, 0x2c, 0xff, 0xff, 0xff, 0xff, 0x2c
    .byte 0xff, 0xff, 0xff, 0xff, 0x15, 0xdd, 0x18, 0x70, 0x14, 0x52, 0x1c, 0x22, 0x02, 0x2c, 0x03, 0x00
    .byte 0x00, 0x00, 0x2c, 0xff, 0xff, 0xff, 0xff, 0x2c, 0xff, 0xff, 0xff, 0xff, 0x15, 0xdd, 0x18, 0x70
    .byte 0x32, 0x00, 0x00, 0x00, 0x00, 0x00, 0x14, 0x52, 0x1c, 0x22, 0x02, 0x03, 0x00, 0x30, 0x00, 0x00
    .byte 0x00, 0x30, 0x00, 0x10, 0x00, 0x00, 0x00, 0x14, 0x52, 0x1c, 0x22, 0x02, 0x15, 0x6f, 0x18, 0x70
    .byte 0x2b, 0x01, 0x05, 0x1c, 0x10, 0x14, 0x52, 0x1c, 0x22, 0x02, 0x15, 0x10, 0x18, 0x70, 0x17, 0x00
    .byte 0x15, 0x11, 0x18, 0x70, 0x17, 0x00, 0x20, 0x00, 0x00, 0x15, 0x6d, 0x18, 0x70, 0x17, 0x00, 0x15
    .byte 0x6e, 0x18, 0x70, 0x17, 0x00, 0x20, 0x00, 0x00, 0x15, 0x65, 0x18, 0x70, 0x28, 0x00, 0x03, 0x2b
    .byte 0x00, 0x03, 0x33, 0x00, 0x40, 0x00, 0x00, 0x00, 0x14, 0xe6, 0x1b, 0x22, 0x02, 0x15, 0x6e, 0x18
    .byte 0x70, 0x15, 0x11, 0x18, 0x71, 0x1d, 0x10, 0x14, 0xe6, 0x1b, 0x22, 0x02, 0x2c, 0x01, 0x00, 0x00
    .byte 0x00, 0x2c, 0x58, 0x21, 0x22, 0x02, 0x15, 0x39, 0x2c, 0x01, 0x00, 0x00, 0x00, 0x15, 0x42, 0x18
    .byte 0x70, 0x32, 0x00, 0x00, 0x00, 0x00, 0x00, 0x14, 0xe1, 0x1b, 0x22, 0x02, 0x01, 0xc8, 0x1b, 0x22
    .byte 0x02, 0x25, 0x52, 0x1c, 0x22, 0x02, 0x2b, 0x00, 0x03, 0x33, 0x00, 0x60, 0x00, 0x00, 0x00, 0x14
    .byte 0x52, 0x1c, 0x22, 0x02, 0x15, 0x6e, 0x18, 0x70, 0x15, 0x11, 0x18, 0x71, 0x1d, 0x10, 0x14, 0x2d
    .byte 0x1c, 0x22, 0x02, 0x2c, 0x01, 0x00, 0x00, 0x00, 0x2c, 0x66, 0x21, 0x22, 0x02, 0x15, 0x39, 0x2c
    .byte 0x01, 0x00, 0x00, 0x00, 0x15, 0x42, 0x18, 0x70, 0x32, 0x00, 0x00, 0x00, 0x00, 0x00, 0x14, 0x28
    .byte 0x1c, 0x22, 0x02, 0x01, 0x0f, 0x1c, 0x22, 0x02, 0x25, 0x52, 0x1c, 0x22, 0x02, 0x2c, 0x01, 0x00
    .byte 0x00, 0x00, 0x2c, 0x74, 0x21, 0x22, 0x02, 0x15, 0x39, 0x2c, 0x01, 0x00, 0x00, 0x00, 0x15, 0x42
    .byte 0x18, 0x70, 0x32, 0x00, 0x00, 0x00, 0x00, 0x00, 0x14, 0x52, 0x1c, 0x22, 0x02, 0x01, 0x39, 0x1c
    .byte 0x22, 0x02, 0x00, 0x03, 0x00, 0x03, 0x00, 0x00, 0x00, 0x26, 0x00, 0xbe, 0x2c, 0x03, 0x00, 0x00
    .byte 0x00, 0x2c, 0x33, 0x18, 0x22, 0x02, 0x15, 0x39, 0x20, 0x00, 0x00, 0x15, 0x18, 0x20, 0x00, 0x00
    .byte 0x15, 0x19, 0x2c, 0x01, 0x00, 0x00, 0x00, 0x15, 0xa9, 0x2c, 0x00, 0x10, 0x00, 0x00, 0x2c, 0x01
    .byte 0x10, 0x00, 0x00, 0x2c, 0x02, 0x10, 0x00, 0x00, 0x2c, 0x02, 0x00, 0x00, 0x00, 0x20, 0x00, 0x00
    .byte 0x15, 0x73, 0x2c, 0x80, 0x01, 0x00, 0x00, 0x15, 0x17, 0x2c, 0x01, 0x00, 0x00, 0x00, 0x15, 0x2b
    .byte 0x2c, 0x40, 0x03, 0x00, 0x00, 0x2c, 0xcf, 0x01, 0x00, 0x00, 0x2c, 0xd0, 0xff, 0xff, 0xff, 0x2c
    .byte 0x00, 0x18, 0x00, 0x00, 0x2c, 0x05, 0x00, 0x00, 0x00, 0x2c, 0x01, 0x00, 0x00, 0x00, 0x15, 0x1a
    .byte 0x15, 0x21, 0x2c, 0x11, 0x10, 0x00, 0x00, 0x2c, 0x01, 0x10, 0x00, 0x00, 0x2c, 0x12, 0x10, 0x00
    .byte 0x00, 0x2c, 0x02, 0x00, 0x00, 0x00, 0x2c, 0x1c, 0x00, 0x00, 0x00, 0x15, 0x73, 0x2c, 0x00, 0x01
    .byte 0x00, 0x00, 0x15, 0x17, 0x2c, 0x1c, 0x00, 0x00, 0x00, 0x15, 0x05, 0x20, 0x00, 0x00, 0x15, 0x06
    .byte 0x15, 0x16, 0x2c, 0x0a, 0x00, 0x00, 0x00, 0x15, 0x07, 0x15, 0x08, 0x03, 0x00, 0x30, 0x00, 0x00
    .byte 0x00, 0x31, 0x00, 0x20, 0x00, 0x00, 0x00, 0x14, 0x41, 0x1d, 0x22, 0x02, 0x2c, 0x1d, 0x00, 0x00
    .byte 0x00, 0x15, 0x05, 0x2c, 0x01, 0x00, 0x00, 0x00, 0x15, 0x06, 0x20, 0x00, 0x00, 0x15, 0x2b, 0x2c
    .byte 0x40, 0x03, 0x00, 0x00, 0x2c, 0xbf, 0x01, 0x00, 0x00, 0x2c, 0xe8, 0xff, 0xff, 0xff, 0x2c, 0x00
    .byte 0x10, 0x00, 0x00, 0x2c, 0x05, 0x00, 0x00, 0x00, 0x2c, 0x01, 0x00, 0x00, 0x00, 0x15, 0x1a, 0x15
    .byte 0x21, 0x2c, 0x1b, 0x00, 0x00, 0x00, 0x15, 0x05, 0x20, 0x00, 0x00, 0x15, 0x06, 0x20, 0x00, 0x00
    .byte 0x15, 0x2b, 0x2c, 0x40, 0x03, 0x00, 0x00, 0x2c, 0xbf, 0x01, 0x00, 0x00, 0x20, 0x00, 0x00, 0x2c
    .byte 0x00, 0x10, 0x00, 0x00, 0x2c, 0x05, 0x00, 0x00, 0x00, 0x2c, 0x01, 0x00, 0x00, 0x00, 0x15, 0x1a
    .byte 0x15, 0x21, 0x2c, 0x01, 0x00, 0x00, 0x00, 0x15, 0x18, 0x2c, 0x01, 0x00, 0x00, 0x00, 0x15, 0x19
    .byte 0x20, 0x00, 0x00, 0x15, 0xa9, 0x2c, 0x00, 0x10, 0x00, 0x00, 0x2c, 0x01, 0x10, 0x00, 0x00, 0x2c
    .byte 0x02, 0x10, 0x00, 0x00, 0x2c, 0x02, 0x00, 0x00, 0x00, 0x2c, 0x0c, 0x00, 0x00, 0x00, 0x15, 0x73
    .byte 0x2c, 0x00, 0x01, 0x00, 0x00, 0x15, 0x17, 0x2c, 0x01, 0x00, 0x00, 0x00, 0x15, 0x06, 0x15, 0x28
    .byte 0x00, 0x03, 0x00, 0x03, 0x00, 0x00, 0x00, 0x26, 0x00, 0xbe, 0x2c, 0x03, 0x00, 0x00, 0x00, 0x2c
    .byte 0x33, 0x18, 0x22, 0x02, 0x15, 0x39, 0x2c, 0x01, 0x00, 0x00, 0x00, 0x15, 0xa9, 0x20, 0x00, 0x00
    .byte 0x15, 0x18, 0x20, 0x00, 0x00, 0x15, 0x19, 0x2c, 0x00, 0x10, 0x00, 0x00, 0x2c, 0x01, 0x10, 0x00
    .byte 0x00, 0x2c, 0x02, 0x10, 0x00, 0x00, 0x2c, 0x02, 0x00, 0x00, 0x00, 0x20, 0x00, 0x00, 0x15, 0x73
    .byte 0x2c, 0x01, 0x00, 0x00, 0x00, 0x15, 0x2b, 0x2c, 0x80, 0x01, 0x00, 0x00, 0x15, 0x17, 0x2c, 0x40
    .byte 0x03, 0x00, 0x00, 0x2c, 0xcf, 0x01, 0x00, 0x00, 0x20, 0x00, 0x00, 0x2c, 0x00, 0x18, 0x00, 0x00
    .byte 0x2c, 0x05, 0x00, 0x00, 0x00, 0x2c, 0x01, 0x00, 0x00, 0x00, 0x15, 0x1a, 0x15, 0x21, 0x2c, 0x11
    .byte 0x10, 0x00, 0x00, 0x2c, 0x01, 0x10, 0x00, 0x00, 0x2c, 0x12, 0x10, 0x00, 0x00, 0x2c, 0x02, 0x00
    .byte 0x00, 0x00, 0x2c, 0x1b, 0x00, 0x00, 0x00, 0x15, 0x73, 0x2c, 0x00, 0x01, 0x00, 0x00, 0x15, 0x17
    .byte 0x20, 0x00, 0x00, 0x15, 0x2b, 0x20, 0x00, 0x00, 0x2c, 0x01, 0x00, 0x00, 0x00, 0x15, 0x38, 0x03
    .byte 0x00, 0x30, 0x00, 0x00, 0x00, 0x33, 0x00, 0x10, 0x00, 0x00, 0x00, 0x14, 0x87, 0x1e, 0x22, 0x02
    .byte 0x2c, 0x40, 0x03, 0x00, 0x00, 0x2c, 0xcf, 0x01, 0x00, 0x00, 0x2c, 0xd0, 0xff, 0xff, 0xff, 0x2c
    .byte 0x00, 0x20, 0x00, 0x00, 0x2c, 0x05, 0x00, 0x00, 0x00, 0x2c, 0x01, 0x00, 0x00, 0x00, 0x15, 0x1a
    .byte 0x15, 0x21, 0x25, 0xde, 0x1e, 0x22, 0x02, 0x2c, 0x40, 0x03, 0x00, 0x00, 0x2c, 0xcf, 0x01, 0x00
    .byte 0x00, 0x2c, 0xf4, 0xff, 0xff, 0xff, 0x2c, 0x00, 0x10, 0x00, 0x00, 0x2c, 0x05, 0x00, 0x00, 0x00
    .byte 0x2c, 0x01, 0x00, 0x00, 0x00, 0x15, 0x1a, 0x15, 0x21, 0x2c, 0x1d, 0x00, 0x00, 0x00, 0x15, 0x05
    .byte 0x2c, 0x01, 0x00, 0x00, 0x00, 0x15, 0x06, 0x20, 0x00, 0x00, 0x15, 0x2b, 0x2c, 0x40, 0x03, 0x00
    .byte 0x00, 0x2c, 0xcf, 0x01, 0x00, 0x00, 0x2c, 0xd0, 0xff, 0xff, 0xff, 0x2c, 0x00, 0x10, 0x00, 0x00
    .byte 0x2c, 0x05, 0x00, 0x00, 0x00, 0x2c, 0x01, 0x00, 0x00, 0x00, 0x15, 0x1a, 0x15, 0x21, 0x2c, 0x01
    .byte 0x00, 0x00, 0x00, 0x20, 0x00, 0x00, 0x15, 0x38, 0x2c, 0x09, 0x10, 0x00, 0x00, 0x2c, 0x01, 0x10
    .byte 0x00, 0x00, 0x2c, 0x0a, 0x10, 0x00, 0x00, 0x2c, 0x02, 0x00, 0x00, 0x00, 0x2c, 0x18, 0x00, 0x00
    .byte 0x00, 0x15, 0x73, 0x2c, 0x00, 0x01, 0x00, 0x00, 0x15, 0x17, 0x15, 0x16, 0x2c, 0x00, 0x10, 0x00
    .byte 0x00, 0x2c, 0x01, 0x10, 0x00, 0x00, 0x2c, 0x02, 0x10, 0x00, 0x00, 0x2c, 0x02, 0x00, 0x00, 0x00
    .byte 0x20, 0x00, 0x00, 0x15, 0x73, 0x2c, 0x00, 0x01, 0x00, 0x00, 0x15, 0x17, 0x2c, 0x01, 0x00, 0x00
    .byte 0x00, 0x15, 0x2b, 0x20, 0x00, 0x00, 0x2c, 0x0c, 0x00, 0x00, 0x00, 0x20, 0x00, 0x00, 0x2c, 0x70
    .byte 0x17, 0x00, 0x00, 0x2c, 0x04, 0x00, 0x00, 0x00, 0x2c, 0x01, 0x00, 0x00, 0x00, 0x15, 0x1a, 0x15
    .byte 0x21, 0x2c, 0x08, 0x00, 0x00, 0x00, 0x15, 0x05, 0x2c, 0x01, 0x00, 0x00, 0x00, 0x15, 0x18, 0x2c
    .byte 0x01, 0x00, 0x00, 0x00, 0x15, 0x19, 0x20, 0x00, 0x00, 0x15, 0xa9, 0x15, 0x28, 0x00, 0x03, 0x00
    .byte 0x00, 0x00, 0x00, 0x00, 0x28, 0x00, 0x00, 0x01, 0x98, 0x1f, 0x22, 0x02, 0x03, 0x00, 0x01, 0x00
    .byte 0x00, 0x00, 0x28, 0x00, 0x00, 0x01, 0x98, 0x1f, 0x22, 0x02, 0x03, 0x00, 0x02, 0x00, 0x00, 0x00
    .byte 0x28, 0x00, 0x00, 0x01, 0x98, 0x1f, 0x22, 0x02, 0x20, 0x00, 0x00, 0x15, 0x18, 0x20, 0x00, 0x00
    .byte 0x15, 0x19, 0x2c, 0x01, 0x00, 0x00, 0x00, 0x15, 0xa9, 0x2c, 0x00, 0x01, 0x00, 0x00, 0x15, 0x17
    .byte 0x2c, 0x01, 0x00, 0x00, 0x00, 0x15, 0x2b, 0x2b, 0x00, 0x00, 0x32, 0x00, 0x00, 0x00, 0x00, 0x00
    .byte 0x14, 0xec, 0x1f, 0x22, 0x02, 0x2c, 0x40, 0x03, 0x00, 0x00, 0x2c, 0xcf, 0x01, 0x00, 0x00, 0x2c
    .byte 0xd0, 0xff, 0xff, 0xff, 0x2c, 0x00, 0x20, 0x00, 0x00, 0x2c, 0x05, 0x00, 0x00, 0x00, 0x2c, 0x01
    .byte 0x00, 0x00, 0x00, 0x15, 0x1a, 0x15, 0x21, 0x25, 0x8b, 0x20, 0x22, 0x02, 0x2b, 0x00, 0x00, 0x32
    .byte 0x00, 0x01, 0x00, 0x00, 0x00, 0x14, 0x45, 0x20, 0x22, 0x02, 0x2c, 0x40, 0x03, 0x00, 0x00, 0x15
    .byte 0x11, 0x18, 0x70, 0x17, 0x00, 0x2c, 0xd0, 0xff, 0xff, 0xff, 0x2c, 0x00, 0x20, 0x00, 0x00, 0x2c
    .byte 0x05, 0x00, 0x00, 0x00, 0x2c, 0x01, 0x00, 0x00, 0x00, 0x15, 0x1a, 0x15, 0x21, 0x15, 0x10, 0x18
    .byte 0x70, 0x17, 0x00, 0x2c, 0xcf, 0x01, 0x00, 0x00, 0x2c, 0xd0, 0xff, 0xff, 0xff, 0x2c, 0x00, 0x20
    .byte 0x00, 0x00, 0x2c, 0x05, 0x00, 0x00, 0x00, 0x2c, 0x01, 0x00, 0x00, 0x00, 0x15, 0x1a, 0x15, 0x21
    .byte 0x25, 0x8b, 0x20, 0x22, 0x02, 0x15, 0x10, 0x18, 0x70, 0x17, 0x00, 0x2c, 0xcf, 0x01, 0x00, 0x00
    .byte 0x2c, 0xd0, 0xff, 0xff, 0xff, 0x2c, 0x00, 0x20, 0x00, 0x00, 0x2c, 0x05, 0x00, 0x00, 0x00, 0x2c
    .byte 0x01, 0x00, 0x00, 0x00, 0x15, 0x1a, 0x15, 0x21, 0x2c, 0x40, 0x03, 0x00, 0x00, 0x15, 0x11, 0x18
    .byte 0x70, 0x17, 0x00, 0x2c, 0xd0, 0xff, 0xff, 0xff, 0x2c, 0x00, 0x20, 0x00, 0x00, 0x2c, 0x05, 0x00
    .byte 0x00, 0x00, 0x2c, 0x01, 0x00, 0x00, 0x00, 0x15, 0x1a, 0x15, 0x21, 0x20, 0x00, 0x00, 0x2c, 0x01
    .byte 0x00, 0x00, 0x00, 0x15, 0x38, 0x03, 0x00, 0x03, 0x00, 0x00, 0x00, 0x26, 0x00, 0xbe, 0x2c, 0x03
    .byte 0x00, 0x00, 0x00, 0x2c, 0x33, 0x18, 0x22, 0x02, 0x15, 0x39, 0x2c, 0x16, 0x00, 0x00, 0x00, 0x15
    .byte 0x05, 0x20, 0x00, 0x00, 0x15, 0x06, 0x15, 0x16, 0x2c, 0x0a, 0x00, 0x00, 0x00, 0x15, 0x07, 0x15
    .byte 0x08, 0x03, 0x00, 0x30, 0x00, 0x00, 0x00, 0x30, 0x00, 0x10, 0x00, 0x00, 0x00, 0x14, 0x07, 0x21
    .byte 0x22, 0x02, 0x2c, 0x15, 0x00, 0x00, 0x00, 0x15, 0x05, 0x2c, 0x01, 0x00, 0x00, 0x00, 0x15, 0x06
    .byte 0x20, 0x00, 0x00, 0x15, 0x2b, 0x2c, 0x40, 0x03, 0x00, 0x00, 0x2c, 0xbf, 0x01, 0x00, 0x00, 0x2c
    .byte 0xe8, 0xff, 0xff, 0xff, 0x2c, 0x00, 0x10, 0x00, 0x00, 0x2c, 0x05, 0x00, 0x00, 0x00, 0x2c, 0x01
    .byte 0x00, 0x00, 0x00, 0x15, 0x1a, 0x15, 0x21, 0x2c, 0x17, 0x00, 0x00, 0x00, 0x15, 0x05, 0x20, 0x00
    .byte 0x00, 0x15, 0x06, 0x20, 0x00, 0x00, 0x15, 0x2b, 0x2c, 0x40, 0x03, 0x00, 0x00, 0x2c, 0xbf, 0x01
    .byte 0x00, 0x00, 0x20, 0x00, 0x00, 0x2c, 0x00, 0x10, 0x00, 0x00, 0x2c, 0x05, 0x00, 0x00, 0x00, 0x2c
    .byte 0x01, 0x00, 0x00, 0x00, 0x15, 0x1a, 0x15, 0x21, 0x2c, 0x01, 0x00, 0x00, 0x00, 0x20, 0x00, 0x00
    .byte 0x15, 0x38, 0x2c, 0x01, 0x00, 0x00, 0x00, 0x15, 0x18, 0x2c, 0x01, 0x00, 0x00, 0x00, 0x15, 0x19
    .byte 0x20, 0x00, 0x00, 0x15, 0xa9, 0x15, 0x2c, 0x00, 0x03, 0x00, 0x00, 0x00, 0x00, 0x00, 0x28, 0x00
    .byte 0x00, 0x01, 0x82, 0x21, 0x22, 0x02, 0x03, 0x00, 0x01, 0x00, 0x00, 0x00, 0x28, 0x00, 0x00, 0x01
    .byte 0x82, 0x21, 0x22, 0x02, 0x03, 0x00, 0x02, 0x00, 0x00, 0x00, 0x28, 0x00, 0x00, 0x01, 0x82, 0x21
    .byte 0x22, 0x02, 0x2c, 0x01, 0x00, 0x00, 0x00, 0x15, 0xa9, 0x20, 0x00, 0x00, 0x15, 0x18, 0x20, 0x00
    .byte 0x00, 0x15, 0x19, 0x2c, 0x01, 0x00, 0x00, 0x00, 0x15, 0x2b, 0x2b, 0x00, 0x00, 0x32, 0x00, 0x00
    .byte 0x00, 0x00, 0x00, 0x14, 0xcd, 0x21, 0x22, 0x02, 0x2c, 0x40, 0x03, 0x00, 0x00, 0x2c, 0xc3, 0x01
    .byte 0x00, 0x00, 0x20, 0x00, 0x00, 0x2c, 0x00, 0x20, 0x00, 0x00, 0x2c, 0x05, 0x00, 0x00, 0x00, 0x2c
    .byte 0x01, 0x00, 0x00, 0x00, 0x15, 0x1a, 0x15, 0x21, 0x25, 0x64, 0x22, 0x22, 0x02, 0x2b, 0x00, 0x00
    .byte 0x32, 0x00, 0x01, 0x00, 0x00, 0x00, 0x14, 0x22, 0x22, 0x22, 0x02, 0x2c, 0x40, 0x03, 0x00, 0x00
    .byte 0x15, 0x11, 0x18, 0x70, 0x17, 0x00, 0x20, 0x00, 0x00, 0x2c, 0x00, 0x20, 0x00, 0x00, 0x2c, 0x05
    .byte 0x00, 0x00, 0x00, 0x2c, 0x01, 0x00, 0x00, 0x00, 0x15, 0x1a, 0x15, 0x21, 0x15, 0x10, 0x18, 0x70
    .byte 0x17, 0x00, 0x2c, 0xc3, 0x01, 0x00, 0x00, 0x20, 0x00, 0x00, 0x2c, 0x00, 0x20, 0x00, 0x00, 0x2c
    .byte 0x05, 0x00, 0x00, 0x00, 0x2c, 0x01, 0x00, 0x00, 0x00, 0x15, 0x1a, 0x15, 0x21, 0x25, 0x64, 0x22
    .byte 0x22, 0x02, 0x15, 0x10, 0x18, 0x70, 0x17, 0x00, 0x2c, 0xc3, 0x01, 0x00, 0x00, 0x20, 0x00, 0x00
    .byte 0x2c, 0x00, 0x20, 0x00, 0x00, 0x2c, 0x05, 0x00, 0x00, 0x00, 0x2c, 0x01, 0x00, 0x00, 0x00, 0x15
    .byte 0x1a, 0x15, 0x21, 0x2c, 0x40, 0x03, 0x00, 0x00, 0x15, 0x11, 0x18, 0x70, 0x17, 0x00, 0x20, 0x00
    .byte 0x00, 0x2c, 0x00, 0x20, 0x00, 0x00, 0x2c, 0x05, 0x00, 0x00, 0x00, 0x2c, 0x01, 0x00, 0x00, 0x00
    .byte 0x15, 0x1a, 0x15, 0x21, 0x03, 0x00, 0x03, 0x00, 0x00, 0x00, 0x26, 0x00, 0xbe, 0x2c, 0x03, 0x00
    .byte 0x00, 0x00, 0x2c, 0x33, 0x18, 0x22, 0x02, 0x15, 0x39, 0x2c, 0x16, 0x00, 0x00, 0x00, 0x15, 0x05
    .byte 0x20, 0x00, 0x00, 0x15, 0x2b, 0x20, 0x00, 0x00, 0x2c, 0x02, 0x00, 0x00, 0x00, 0x15, 0x38, 0x2c
    .byte 0x40, 0x03, 0x00, 0x00, 0x2c, 0xcf, 0x01, 0x00, 0x00, 0x2c, 0xf4, 0xff, 0xff, 0xff, 0x2c, 0x00
    .byte 0x10, 0x00, 0x00, 0x2c, 0x05, 0x00, 0x00, 0x00, 0x2c, 0x01, 0x00, 0x00, 0x00, 0x15, 0x1a, 0x15
    .byte 0x21, 0x2c, 0x15, 0x00, 0x00, 0x00, 0x15, 0x05, 0x2c, 0x01, 0x00, 0x00, 0x00, 0x15, 0x06, 0x20
    .byte 0x00, 0x00, 0x15, 0x2b, 0x2c, 0x40, 0x03, 0x00, 0x00, 0x2c, 0xcf, 0x01, 0x00, 0x00, 0x2c, 0xd0
    .byte 0xff, 0xff, 0xff, 0x2c, 0x00, 0x10, 0x00, 0x00, 0x2c, 0x05, 0x00, 0x00, 0x00, 0x2c, 0x01, 0x00
    .byte 0x00, 0x00, 0x15, 0x1a, 0x15, 0x21, 0x2c, 0x01, 0x00, 0x00, 0x00, 0x15, 0x2b, 0x20, 0x00, 0x00
    .byte 0x2c, 0x08, 0x00, 0x00, 0x00, 0x20, 0x00, 0x00, 0x2c, 0x00, 0x10, 0x00, 0x00, 0x2c, 0x04, 0x00
    .byte 0x00, 0x00, 0x2c, 0x01, 0x00, 0x00, 0x00, 0x15, 0x1a, 0x15, 0x21, 0x2c, 0x01, 0x00, 0x00, 0x00
    .byte 0x20, 0x00, 0x00, 0x15, 0x38, 0x2c, 0x01, 0x00, 0x00, 0x00, 0x15, 0x18, 0x2c, 0x01, 0x00, 0x00
    .byte 0x00, 0x15, 0x19, 0x20, 0x00, 0x00, 0x15, 0xa9, 0x15, 0x2c, 0x00, 0x2c, 0x3d, 0x04, 0x00, 0x00
    .byte 0x15, 0x37, 0x18, 0x70, 0x32, 0x00, 0x00, 0x00, 0x00, 0x00, 0x14, 0x44, 0x23, 0x22, 0x02, 0x01
    .byte 0x2b, 0x23, 0x22, 0x02, 0x20, 0x00, 0x00, 0x15, 0x09, 0x03, 0x00, 0xb8, 0x00, 0x00, 0x00, 0x28
    .byte 0x00, 0x00, 0x03, 0x00, 0x0f, 0x02, 0x00, 0x00, 0x28, 0x00, 0x01, 0x03, 0x00, 0x00, 0x00, 0x00
    .byte 0x00, 0x28, 0x00, 0x02, 0x2f, 0x00, 0x2b, 0x00, 0x01, 0x2b, 0x01, 0x02, 0x04, 0x10, 0x17, 0x00
    .byte 0x2f, 0x02, 0x15, 0x02, 0x20, 0x00, 0x00, 0x2c, 0x30, 0x00, 0x00, 0x00, 0x15, 0x32, 0x2c, 0x01
    .byte 0x00, 0x00, 0x00, 0x2c, 0x02, 0x00, 0x00, 0x00, 0x15, 0x32, 0x2c, 0x01, 0x00, 0x00, 0x00, 0x15
    .byte 0x7d, 0x2c, 0x02, 0x00, 0x00, 0x00, 0x2c, 0x17, 0x24, 0x22, 0x02, 0x15, 0x29, 0x15, 0x27, 0x18
    .byte 0x70, 0x32, 0x00, 0x00, 0x00, 0x00, 0x00, 0x14, 0xdc, 0x23, 0x22, 0x02, 0x03, 0x00, 0xb8, 0x00
    .byte 0x00, 0x00, 0x28, 0x00, 0x00, 0x03, 0x00, 0x0f, 0x02, 0x00, 0x00, 0x28, 0x00, 0x01, 0x03, 0x00
    .byte 0x00, 0x00, 0x00, 0x00, 0x28, 0x00, 0x02, 0x2f, 0x00, 0x2b, 0x00, 0x01, 0x2b, 0x01, 0x02, 0x04
    .byte 0x10, 0x17, 0x00, 0x2f, 0x02, 0x15, 0x02, 0x25, 0x07, 0x24, 0x22, 0x02, 0x03, 0x00, 0xb8, 0x00
    .byte 0x00, 0x00, 0x28, 0x00, 0x00, 0x03, 0x00, 0xcf, 0x01, 0x00, 0x00, 0x28, 0x00, 0x01, 0x03, 0x00
    .byte 0x40, 0x00, 0x00, 0x00, 0x28, 0x00, 0x02, 0x2f, 0x00, 0x2b, 0x00, 0x01, 0x2b, 0x01, 0x02, 0x04
    .byte 0x10, 0x17, 0x00, 0x2f, 0x02, 0x15, 0x02, 0x01, 0x9d, 0x23, 0x22, 0x02, 0x2c, 0x02, 0x00, 0x00
    .byte 0x00, 0x20, 0x00, 0x00, 0x15, 0x29, 0x00, 0x2c, 0xee, 0x03, 0x00, 0x00, 0x15, 0x37, 0x18, 0x70
    .byte 0x14, 0x26, 0x24, 0x22, 0x02, 0x00, 0x2c, 0x02, 0x04, 0x00, 0x00, 0x15, 0x37, 0x18, 0x70, 0x14
    .byte 0x35, 0x24, 0x22, 0x02, 0x00, 0x20, 0x00, 0x00, 0x15, 0x9b, 0x18, 0x70, 0x14, 0x55, 0x24, 0x22
    .byte 0x02, 0x20, 0x00, 0x00, 0x2c, 0xff, 0xff, 0xff, 0xff, 0x2c, 0xff, 0xff, 0xff, 0xff, 0x2c, 0xff
    .byte 0xff, 0xff, 0xff, 0x15, 0x89, 0x15, 0x1f, 0x18, 0x70, 0x28, 0x00, 0x03, 0x15, 0x20, 0x18, 0x70
    .byte 0x28, 0x00, 0x04, 0x15, 0x27, 0x18, 0x70, 0x28, 0x00, 0x05, 0x03, 0x00, 0x00, 0x00, 0x00, 0x00
    .byte 0x28, 0x00, 0x06, 0x15, 0x27, 0x18, 0x70, 0x32, 0x00, 0x00, 0x00, 0x00, 0x00, 0x14, 0x35, 0x26
    .byte 0x22, 0x02, 0x20, 0x00, 0x00, 0x2c, 0xea, 0x27, 0x22, 0x02, 0x15, 0x39, 0x20, 0x00, 0x00, 0x15
    .byte 0x42, 0x18, 0x70, 0x32, 0x00, 0x00, 0x00, 0x00, 0x00, 0x14, 0xa3, 0x24, 0x22, 0x02, 0x01, 0x8c
    .byte 0x24, 0x22, 0x02, 0x20, 0x00, 0x00, 0x2c, 0xff, 0xff, 0xff, 0xff, 0x2c, 0xff, 0xff, 0xff, 0xff
    .byte 0x15, 0xdd, 0x18, 0x70, 0x14, 0xe8, 0x25, 0x22, 0x02, 0x2c, 0x03, 0x00, 0x00, 0x00, 0x2c, 0xff
    .byte 0xff, 0xff, 0xff, 0x2c, 0xff, 0xff, 0xff, 0xff, 0x15, 0xdd, 0x18, 0x70, 0x32, 0x00, 0x00, 0x00
    .byte 0x00, 0x00, 0x14, 0xe8, 0x25, 0x22, 0x02, 0x03, 0x00, 0x40, 0x00, 0x00, 0x00, 0x30, 0x00, 0x10
    .byte 0x00, 0x00, 0x00, 0x14, 0xe8, 0x25, 0x22, 0x02, 0x15, 0x6f, 0x18, 0x70, 0x2b, 0x01, 0x05, 0x1c
    .byte 0x10, 0x14, 0xe8, 0x25, 0x22, 0x02, 0x15, 0x6d, 0x18, 0x70, 0x09, 0x00, 0x10, 0x00, 0x00, 0x00
    .byte 0x17, 0x00, 0x15, 0x6e, 0x18, 0x70, 0x09, 0x00, 0x10, 0x00, 0x00, 0x00, 0x17, 0x00, 0x2c, 0x04
    .byte 0x00, 0x00, 0x00, 0x2c, 0x1e, 0x00, 0x00, 0x00, 0x2c, 0x12, 0x00, 0x00, 0x00, 0x2c, 0x28, 0x00
    .byte 0x00, 0x00, 0x15, 0x5d, 0x18, 0x70, 0x13, 0x60, 0x25, 0x22, 0x02, 0x15, 0x6d, 0x18, 0x70, 0x09
    .byte 0x00, 0x10, 0x00, 0x00, 0x00, 0x17, 0x00, 0x15, 0x6e, 0x18, 0x70, 0x09, 0x00, 0x10, 0x00, 0x00
    .byte 0x00, 0x17, 0x00, 0x2c, 0x04, 0x00, 0x00, 0x00, 0x2c, 0x1e, 0x00, 0x00, 0x00, 0x2c, 0x12, 0x00
    .byte 0x00, 0x00, 0x2c, 0x28, 0x00, 0x00, 0x00, 0x15, 0x5d, 0x18, 0x70, 0x14, 0xe8, 0x25, 0x22, 0x02
    .byte 0x15, 0x10, 0x18, 0x70, 0x17, 0x00, 0x15, 0x11, 0x18, 0x70, 0x17, 0x00, 0x20, 0x00, 0x00, 0x15
    .byte 0x6d, 0x18, 0x70, 0x17, 0x00, 0x15, 0x6e, 0x18, 0x70, 0x17, 0x00, 0x20, 0x00, 0x00, 0x15, 0x65
    .byte 0x18, 0x70, 0x28, 0x00, 0x03, 0x2b, 0x00, 0x03, 0x33, 0x00, 0x40, 0x00, 0x00, 0x00, 0x14, 0xb3
    .byte 0x25, 0x22, 0x02, 0x15, 0x6e, 0x18, 0x70, 0x15, 0x11, 0x18, 0x71, 0x1b, 0x10, 0x14, 0xb3, 0x25
    .byte 0x22, 0x02, 0x2c, 0x01, 0x00, 0x00, 0x00, 0x2c, 0x05, 0x2b, 0x22, 0x02, 0x15, 0x39, 0x25, 0xdf
    .byte 0x25, 0x22, 0x02, 0x15, 0x6e, 0x18, 0x70, 0x15, 0x11, 0x18, 0x71, 0x1b, 0x10, 0x14, 0xd3, 0x25
    .byte 0x22, 0x02, 0x2c, 0x01, 0x00, 0x00, 0x00, 0x2c, 0x13, 0x2b, 0x22, 0x02, 0x15, 0x39, 0x25, 0xdf
    .byte 0x25, 0x22, 0x02, 0x2c, 0x01, 0x00, 0x00, 0x00, 0x2c, 0x21, 0x2b, 0x22, 0x02, 0x15, 0x39, 0x03
    .byte 0x00, 0x01, 0x00, 0x00, 0x00, 0x28, 0x00, 0x06, 0x20, 0x00, 0x00, 0x2c, 0x91, 0x28, 0x22, 0x02
    .byte 0x15, 0x39, 0x20, 0x00, 0x00, 0x15, 0x42, 0x18, 0x70, 0x32, 0x00, 0x00, 0x00, 0x00, 0x00, 0x14
    .byte 0x09, 0x26, 0x22, 0x02, 0x01, 0xf2, 0x25, 0x22, 0x02, 0x2b, 0x00, 0x06, 0x32, 0x00, 0x01, 0x00
    .byte 0x00, 0x00, 0x14, 0x30, 0x26, 0x22, 0x02, 0x2c, 0x01, 0x00, 0x00, 0x00, 0x15, 0x42, 0x18, 0x70
    .byte 0x32, 0x00, 0x00, 0x00, 0x00, 0x00, 0x14, 0x30, 0x26, 0x22, 0x02, 0x01, 0x17, 0x26, 0x22, 0x02
    .byte 0x25, 0xe9, 0x27, 0x22, 0x02, 0x20, 0x00, 0x00, 0x2c, 0x49, 0x29, 0x22, 0x02, 0x15, 0x39, 0x20
    .byte 0x00, 0x00, 0x15, 0x42, 0x18, 0x70, 0x32, 0x00, 0x00, 0x00, 0x00, 0x00, 0x14, 0x56, 0x26, 0x22
    .byte 0x02, 0x01, 0x3f, 0x26, 0x22, 0x02, 0x20, 0x00, 0x00, 0x2c, 0xff, 0xff, 0xff, 0xff, 0x2c, 0xff
    .byte 0xff, 0xff, 0xff, 0x15, 0xdd, 0x18, 0x70, 0x14, 0xa1, 0x27, 0x22, 0x02, 0x2c, 0x03, 0x00, 0x00
    .byte 0x00, 0x2c, 0xff, 0xff, 0xff, 0xff, 0x2c, 0xff, 0xff, 0xff, 0xff, 0x15, 0xdd, 0x18, 0x70, 0x32
    .byte 0x00, 0x00, 0x00, 0x00, 0x00, 0x14, 0xa1, 0x27, 0x22, 0x02, 0x03, 0x00, 0x40, 0x00, 0x00, 0x00
    .byte 0x30, 0x00, 0x10, 0x00, 0x00, 0x00, 0x14, 0xa1, 0x27, 0x22, 0x02, 0x15, 0x6f, 0x18, 0x70, 0x2b
    .byte 0x01, 0x05, 0x1c, 0x10, 0x14, 0xa1, 0x27, 0x22, 0x02, 0x15, 0x6d, 0x18, 0x70, 0x09, 0x00, 0x10
    .byte 0x00, 0x00, 0x00, 0x17, 0x00, 0x15, 0x6e, 0x18, 0x70, 0x09, 0x00, 0x10, 0x00, 0x00, 0x00, 0x17
    .byte 0x00, 0x2c, 0x06, 0x00, 0x00, 0x00, 0x2c, 0x1a, 0x00, 0x00, 0x00, 0x2c, 0x10, 0x00, 0x00, 0x00
    .byte 0x2c, 0x21, 0x00, 0x00, 0x00, 0x15, 0x5d, 0x18, 0x70, 0x13, 0x13, 0x27, 0x22, 0x02, 0x15, 0x6d
    .byte 0x18, 0x70, 0x09, 0x00, 0x10, 0x00, 0x00, 0x00, 0x17, 0x00, 0x15, 0x6e, 0x18, 0x70, 0x09, 0x00
    .byte 0x10, 0x00, 0x00, 0x00, 0x17, 0x00, 0x2c, 0x06, 0x00, 0x00, 0x00, 0x2c, 0x1a, 0x00, 0x00, 0x00
    .byte 0x2c, 0x10, 0x00, 0x00, 0x00, 0x2c, 0x21, 0x00, 0x00, 0x00, 0x15, 0x5d, 0x18, 0x70, 0x14, 0xa1
    .byte 0x27, 0x22, 0x02, 0x15, 0x10, 0x18, 0x70, 0x17, 0x00, 0x15, 0x11, 0x18, 0x70, 0x17, 0x00, 0x20
    .byte 0x00, 0x00, 0x15, 0x6d, 0x18, 0x70, 0x17, 0x00, 0x15, 0x6e, 0x18, 0x70, 0x17, 0x00, 0x20, 0x00
    .byte 0x00, 0x15, 0x65, 0x18, 0x70, 0x28, 0x00, 0x03, 0x2b, 0x00, 0x03, 0x33, 0x00, 0x40, 0x00, 0x00
    .byte 0x00, 0x14, 0x66, 0x27, 0x22, 0x02, 0x15, 0x6e, 0x18, 0x70, 0x15, 0x11, 0x18, 0x71, 0x1d, 0x10
    .byte 0x14, 0x66, 0x27, 0x22, 0x02, 0x2c, 0x01, 0x00, 0x00, 0x00, 0x2c, 0xf2, 0x2c, 0x22, 0x02, 0x15
    .byte 0x39, 0x25, 0x98, 0x27, 0x22, 0x02, 0x15, 0x6e, 0x18, 0x70, 0x15, 0x11, 0x18, 0x71, 0x24, 0x01
    .byte 0x10, 0x00, 0x00, 0x00, 0x1d, 0x10, 0x14, 0x8c, 0x27, 0x22, 0x02, 0x2c, 0x01, 0x00, 0x00, 0x00
    .byte 0x2c, 0x00, 0x2d, 0x22, 0x02, 0x15, 0x39, 0x25, 0x98, 0x27, 0x22, 0x02, 0x2c, 0x01, 0x00, 0x00
    .byte 0x00, 0x2c, 0x0e, 0x2d, 0x22, 0x02, 0x15, 0x39, 0x03, 0x00, 0x01, 0x00, 0x00, 0x00, 0x28, 0x00
    .byte 0x06, 0x20, 0x00, 0x00, 0x2c, 0xb9, 0x29, 0x22, 0x02, 0x15, 0x39, 0x20, 0x00, 0x00, 0x15, 0x42
    .byte 0x18, 0x70, 0x32, 0x00, 0x00, 0x00, 0x00, 0x00, 0x14, 0xc2, 0x27, 0x22, 0x02, 0x01, 0xab, 0x27
    .byte 0x22, 0x02, 0x2b, 0x00, 0x06, 0x32, 0x00, 0x01, 0x00, 0x00, 0x00, 0x14, 0xe9, 0x27, 0x22, 0x02
    .byte 0x2c, 0x01, 0x00, 0x00, 0x00, 0x15, 0x42, 0x18, 0x70, 0x32, 0x00, 0x00, 0x00, 0x00, 0x00, 0x14
    .byte 0xe9, 0x27, 0x22, 0x02, 0x01, 0xd0, 0x27, 0x22, 0x02, 0x00, 0x03, 0x00, 0x04, 0x00, 0x00, 0x00
    .byte 0x26, 0x00, 0xbe, 0x2c, 0x03, 0x00, 0x00, 0x00, 0x2c, 0x33, 0x18, 0x22, 0x02, 0x15, 0x39, 0x20
    .byte 0x00, 0x00, 0x15, 0x18, 0x20, 0x00, 0x00, 0x15, 0x19, 0x2c, 0x01, 0x00, 0x00, 0x00, 0x15, 0xa9
    .byte 0x2c, 0x00, 0x10, 0x00, 0x00, 0x2c, 0x01, 0x10, 0x00, 0x00, 0x2c, 0x02, 0x10, 0x00, 0x00, 0x2c
    .byte 0x02, 0x00, 0x00, 0x00, 0x20, 0x00, 0x00, 0x15, 0x73, 0x2c, 0x80, 0x01, 0x00, 0x00, 0x15, 0x17
    .byte 0x2c, 0x01, 0x00, 0x00, 0x00, 0x15, 0x2b, 0x2c, 0xb8, 0x00, 0x00, 0x00, 0x2c, 0x0f, 0x02, 0x00
    .byte 0x00, 0x20, 0x00, 0x00, 0x2c, 0x00, 0x18, 0x00, 0x00, 0x2c, 0x05, 0x00, 0x00, 0x00, 0x2c, 0x01
    .byte 0x00, 0x00, 0x00, 0x15, 0x1a, 0x15, 0x21, 0x2c, 0x11, 0x10, 0x00, 0x00, 0x2c, 0x01, 0x10, 0x00
    .byte 0x00, 0x2c, 0x12, 0x10, 0x00, 0x00, 0x2c, 0x02, 0x00, 0x00, 0x00, 0x2c, 0x1c, 0x00, 0x00, 0x00
    .byte 0x15, 0x73, 0x2c, 0x00, 0x01, 0x00, 0x00, 0x15, 0x17, 0x2c, 0x1c, 0x00, 0x00, 0x00, 0x15, 0x05
    .byte 0x20, 0x00, 0x00, 0x15, 0x06, 0x15, 0x16, 0x2c, 0x0a, 0x00, 0x00, 0x00, 0x15, 0x07, 0x15, 0x08
    .byte 0x00, 0x03, 0x00, 0x40, 0x00, 0x00, 0x00, 0x31, 0x00, 0x20, 0x00, 0x00, 0x00, 0x14, 0xd7, 0x28
    .byte 0x22, 0x02, 0x2c, 0x1d, 0x00, 0x00, 0x00, 0x15, 0x05, 0x2c, 0x01, 0x00, 0x00, 0x00, 0x15, 0x06
    .byte 0x20, 0x00, 0x00, 0x15, 0x2b, 0x2c, 0xb8, 0x00, 0x00, 0x00, 0x2c, 0xff, 0x01, 0x00, 0x00, 0x2c
    .byte 0x28, 0x00, 0x00, 0x00, 0x2c, 0x00, 0x10, 0x00, 0x00, 0x2c, 0x05, 0x00, 0x00, 0x00, 0x2c, 0x01
    .byte 0x00, 0x00, 0x00, 0x15, 0x1a, 0x15, 0x21, 0x2c, 0x1b, 0x00, 0x00, 0x00, 0x15, 0x05, 0x20, 0x00
    .byte 0x00, 0x15, 0x06, 0x20, 0x00, 0x00, 0x15, 0x2b, 0x2c, 0xb8, 0x00, 0x00, 0x00, 0x2c, 0xff, 0x01
    .byte 0x00, 0x00, 0x2c, 0x40, 0x00, 0x00, 0x00, 0x2c, 0x00, 0x10, 0x00, 0x00, 0x2c, 0x05, 0x00, 0x00
    .byte 0x00, 0x2c, 0x01, 0x00, 0x00, 0x00, 0x15, 0x1a, 0x15, 0x21, 0x2c, 0x01, 0x00, 0x00, 0x00, 0x15
    .byte 0x18, 0x2c, 0x01, 0x00, 0x00, 0x00, 0x15, 0x19, 0x20, 0x00, 0x00, 0x15, 0xa9, 0x2c, 0x00, 0x10
    .byte 0x00, 0x00, 0x2c, 0x01, 0x10, 0x00, 0x00, 0x2c, 0x02, 0x10, 0x00, 0x00, 0x2c, 0x02, 0x00, 0x00
    .byte 0x00, 0x2c, 0x0c, 0x00, 0x00, 0x00, 0x15, 0x73, 0x2c, 0x00, 0x01, 0x00, 0x00, 0x15, 0x17, 0x2c
    .byte 0x01, 0x00, 0x00, 0x00, 0x15, 0x06, 0x15, 0x28, 0x00, 0x03, 0x00, 0x04, 0x00, 0x00, 0x00, 0x26
    .byte 0x00, 0xbe, 0x2c, 0x03, 0x00, 0x00, 0x00, 0x2c, 0x33, 0x18, 0x22, 0x02, 0x15, 0x39, 0x2c, 0x01
    .byte 0x00, 0x00, 0x00, 0x15, 0xa9, 0x20, 0x00, 0x00, 0x15, 0x18, 0x20, 0x00, 0x00, 0x15, 0x19, 0x2c
    .byte 0x00, 0x10, 0x00, 0x00, 0x2c, 0x01, 0x10, 0x00, 0x00, 0x2c, 0x02, 0x10, 0x00, 0x00, 0x2c, 0x02
    .byte 0x00, 0x00, 0x00, 0x20, 0x00, 0x00, 0x15, 0x73, 0x2c, 0x01, 0x00, 0x00, 0x00, 0x15, 0x2b, 0x2c
    .byte 0x80, 0x01, 0x00, 0x00, 0x15, 0x17, 0x2c, 0xb8, 0x00, 0x00, 0x00, 0x2c, 0x0f, 0x02, 0x00, 0x00
    .byte 0x2c, 0x40, 0x00, 0x00, 0x00, 0x2c, 0x00, 0x18, 0x00, 0x00, 0x2c, 0x05, 0x00, 0x00, 0x00, 0x2c
    .byte 0x01, 0x00, 0x00, 0x00, 0x15, 0x1a, 0x15, 0x21, 0x00, 0x2c, 0x11, 0x10, 0x00, 0x00, 0x2c, 0x01
    .byte 0x10, 0x00, 0x00, 0x2c, 0x12, 0x10, 0x00, 0x00, 0x2c, 0x02, 0x00, 0x00, 0x00, 0x2c, 0x1b, 0x00
    .byte 0x00, 0x00, 0x15, 0x73, 0x2c, 0x00, 0x01, 0x00, 0x00, 0x15, 0x17, 0x20, 0x00, 0x00, 0x15, 0x2b
    .byte 0x20, 0x00, 0x00, 0x2c, 0x01, 0x00, 0x00, 0x00, 0x15, 0x38, 0x03, 0x00, 0x40, 0x00, 0x00, 0x00
    .byte 0x33, 0x00, 0x10, 0x00, 0x00, 0x00, 0x14, 0x20, 0x2a, 0x22, 0x02, 0x2c, 0xb8, 0x00, 0x00, 0x00
    .byte 0x2c, 0x0f, 0x02, 0x00, 0x00, 0x20, 0x00, 0x00, 0x2c, 0x00, 0x20, 0x00, 0x00, 0x2c, 0x05, 0x00
    .byte 0x00, 0x00, 0x2c, 0x01, 0x00, 0x00, 0x00, 0x15, 0x1a, 0x15, 0x21, 0x25, 0x75, 0x2a, 0x22, 0x02
    .byte 0x2c, 0xb8, 0x00, 0x00, 0x00, 0x2c, 0x0f, 0x02, 0x00, 0x00, 0x2c, 0x34, 0x00, 0x00, 0x00, 0x2c
    .byte 0x00, 0x10, 0x00, 0x00, 0x2c, 0x05, 0x00, 0x00, 0x00, 0x2c, 0x01, 0x00, 0x00, 0x00, 0x15, 0x1a
    .byte 0x15, 0x21, 0x2c, 0x1d, 0x00, 0x00, 0x00, 0x15, 0x05, 0x2c, 0x01, 0x00, 0x00, 0x00, 0x15, 0x06
    .byte 0x20, 0x00, 0x00, 0x15, 0x2b, 0x2c, 0xb8, 0x00, 0x00, 0x00, 0x2c, 0x0f, 0x02, 0x00, 0x00, 0x20
    .byte 0x00, 0x00, 0x2c, 0x00, 0x10, 0x00, 0x00, 0x2c, 0x05, 0x00, 0x00, 0x00, 0x2c, 0x01, 0x00, 0x00
    .byte 0x00, 0x15, 0x1a, 0x15, 0x21, 0x2c, 0x01, 0x00, 0x00, 0x00, 0x20, 0x00, 0x00, 0x15, 0x38, 0x2c
    .byte 0x09, 0x10, 0x00, 0x00, 0x2c, 0x01, 0x10, 0x00, 0x00, 0x2c, 0x0a, 0x10, 0x00, 0x00, 0x2c, 0x02
    .byte 0x00, 0x00, 0x00, 0x2c, 0x18, 0x00, 0x00, 0x00, 0x15, 0x73, 0x2c, 0x00, 0x01, 0x00, 0x00, 0x15
    .byte 0x17, 0x15, 0x16, 0x2c, 0x00, 0x10, 0x00, 0x00, 0x2c, 0x01, 0x10, 0x00, 0x00, 0x2c, 0x02, 0x10
    .byte 0x00, 0x00, 0x2c, 0x02, 0x00, 0x00, 0x00, 0x20, 0x00, 0x00, 0x15, 0x73, 0x2c, 0x00, 0x01, 0x00
    .byte 0x00, 0x15, 0x17, 0x2c, 0x01, 0x00, 0x00, 0x00, 0x15, 0x2b, 0x20, 0x00, 0x00, 0x2c, 0x0c, 0x00
    .byte 0x00, 0x00, 0x20, 0x00, 0x00, 0x2c, 0x70, 0x17, 0x00, 0x00, 0x2c, 0x04, 0x00, 0x00, 0x00, 0x2c
    .byte 0x01, 0x00, 0x00, 0x00, 0x15, 0x1a, 0x15, 0x21, 0x2c, 0x08, 0x00, 0x00, 0x00, 0x15, 0x05, 0x2c
    .byte 0x01, 0x00, 0x00, 0x00, 0x15, 0x18, 0x2c, 0x01, 0x00, 0x00, 0x00, 0x15, 0x19, 0x20, 0x00, 0x00
    .byte 0x15, 0xa9, 0x15, 0x28, 0x00, 0x03, 0x00, 0x00, 0x00, 0x00, 0x00, 0x28, 0x00, 0x00, 0x01, 0x2f
    .byte 0x2b, 0x22, 0x02, 0x03, 0x00, 0x01, 0x00, 0x00, 0x00, 0x28, 0x00, 0x00, 0x01, 0x2f, 0x2b, 0x22
    .byte 0x02, 0x03, 0x00, 0x02, 0x00, 0x00, 0x00, 0x28, 0x00, 0x00, 0x01, 0x2f, 0x2b, 0x22, 0x02, 0x15
    .byte 0x28, 0x2c, 0x14, 0x00, 0x00, 0x00, 0x15, 0x07, 0x15, 0x08, 0x20, 0x00, 0x00, 0x15, 0x18, 0x20
    .byte 0x00, 0x00, 0x15, 0x19, 0x2c, 0x01, 0x00, 0x00, 0x00, 0x15, 0xa9, 0x2c, 0x00, 0x01, 0x00, 0x00
    .byte 0x15, 0x17, 0x2c, 0x01, 0x00, 0x00, 0x00, 0x15, 0x2b, 0x2b, 0x00, 0x00, 0x32, 0x00, 0x00, 0x00
    .byte 0x00, 0x00, 0x14, 0x8c, 0x2b, 0x22, 0x02, 0x2c, 0xb8, 0x00, 0x00, 0x00, 0x2c, 0x0f, 0x02, 0x00
    .byte 0x00, 0x20, 0x00, 0x00, 0x2c, 0x00, 0x20, 0x00, 0x00, 0x2c, 0x05, 0x00, 0x00, 0x00, 0x2c, 0x01
    .byte 0x00, 0x00, 0x00, 0x15, 0x1a, 0x15, 0x21, 0x25, 0x23, 0x2c, 0x22, 0x02, 0x2b, 0x00, 0x00, 0x32
    .byte 0x00, 0x01, 0x00, 0x00, 0x00, 0x14, 0xe1, 0x2b, 0x22, 0x02, 0x2c, 0xb8, 0x00, 0x00, 0x00, 0x15
    .byte 0x11, 0x18, 0x70, 0x17, 0x00, 0x20, 0x00, 0x00, 0x2c, 0x00, 0x20, 0x00, 0x00, 0x2c, 0x05, 0x00
    .byte 0x00, 0x00, 0x2c, 0x01, 0x00, 0x00, 0x00, 0x15, 0x1a, 0x15, 0x21, 0x15, 0x10, 0x18, 0x70, 0x17
    .byte 0x00, 0x2c, 0x0f, 0x02, 0x00, 0x00, 0x20, 0x00, 0x00, 0x2c, 0x00, 0x20, 0x00, 0x00, 0x2c, 0x05
    .byte 0x00, 0x00, 0x00, 0x2c, 0x01, 0x00, 0x00, 0x00, 0x15, 0x1a, 0x15, 0x21, 0x25, 0x23, 0x2c, 0x22
    .byte 0x02, 0x15, 0x10, 0x18, 0x70, 0x17, 0x00, 0x2c, 0x0f, 0x02, 0x00, 0x00, 0x20, 0x00, 0x00, 0x2c
    .byte 0x00, 0x20, 0x00, 0x00, 0x2c, 0x05, 0x00, 0x00, 0x00, 0x2c, 0x01, 0x00, 0x00, 0x00, 0x15, 0x1a
    .byte 0x15, 0x21, 0x2c, 0xb8, 0x00, 0x00, 0x00, 0x15, 0x11, 0x18, 0x70, 0x17, 0x00, 0x20, 0x00, 0x00
    .byte 0x2c, 0x00, 0x20, 0x00, 0x00, 0x2c, 0x05, 0x00, 0x00, 0x00, 0x2c, 0x01, 0x00, 0x00, 0x00, 0x15
    .byte 0x1a, 0x15, 0x21, 0x20, 0x00, 0x00, 0x2c, 0x01, 0x00, 0x00, 0x00, 0x15, 0x38, 0x03, 0x00, 0x04
    .byte 0x00, 0x00, 0x00, 0x26, 0x00, 0xbe, 0x2c, 0x03, 0x00, 0x00, 0x00, 0x2c, 0x33, 0x18, 0x22, 0x02
    .byte 0x15, 0x39, 0x2c, 0x16, 0x00, 0x00, 0x00, 0x15, 0x05, 0x20, 0x00, 0x00, 0x15, 0x06, 0x15, 0x16
    .byte 0x2c, 0x0a, 0x00, 0x00, 0x00, 0x15, 0x07, 0x15, 0x08, 0x03, 0x00, 0x40, 0x00, 0x00, 0x00, 0x30
    .byte 0x00, 0x10, 0x00, 0x00, 0x00, 0x14, 0x9f, 0x2c, 0x22, 0x02, 0x2c, 0x15, 0x00, 0x00, 0x00, 0x15
    .byte 0x05, 0x2c, 0x01, 0x00, 0x00, 0x00, 0x15, 0x06, 0x20, 0x00, 0x00, 0x15, 0x2b, 0x2c, 0xb8, 0x00
    .byte 0x00, 0x00, 0x2c, 0xff, 0x01, 0x00, 0x00, 0x2c, 0x28, 0x00, 0x00, 0x00, 0x2c, 0x00, 0x10, 0x00
    .byte 0x00, 0x2c, 0x05, 0x00, 0x00, 0x00, 0x2c, 0x01, 0x00, 0x00, 0x00, 0x15, 0x1a, 0x15, 0x21, 0x2c
    .byte 0x17, 0x00, 0x00, 0x00, 0x15, 0x05, 0x20, 0x00, 0x00, 0x15, 0x06, 0x20, 0x00, 0x00, 0x15, 0x2b
    .byte 0x2c, 0xb8, 0x00, 0x00, 0x00, 0x2c, 0xff, 0x01, 0x00, 0x00, 0x2c, 0x40, 0x00, 0x00, 0x00, 0x2c
    .byte 0x00, 0x10, 0x00, 0x00, 0x2c, 0x05, 0x00, 0x00, 0x00, 0x2c, 0x01, 0x00, 0x00, 0x00, 0x15, 0x1a
    .byte 0x15, 0x21, 0x2c, 0x01, 0x00, 0x00, 0x00, 0x20, 0x00, 0x00, 0x15, 0x38, 0x2c, 0x01, 0x00, 0x00
    .byte 0x00, 0x15, 0x18, 0x2c, 0x01, 0x00, 0x00, 0x00, 0x15, 0x19, 0x20, 0x00, 0x00, 0x15, 0xa9, 0x15
    .byte 0x2c, 0x00, 0x03, 0x00, 0x00, 0x00, 0x00, 0x00, 0x28, 0x00, 0x00, 0x01, 0x1c, 0x2d, 0x22, 0x02
    .byte 0x03, 0x00, 0x01, 0x00, 0x00, 0x00, 0x28, 0x00, 0x00, 0x01, 0x1c, 0x2d, 0x22, 0x02, 0x03, 0x00
    .byte 0x02, 0x00, 0x00, 0x00, 0x28, 0x00, 0x00, 0x01, 0x1c, 0x2d, 0x22, 0x02, 0x15, 0x28, 0x2c, 0x14
    .byte 0x00, 0x00, 0x00, 0x15, 0x07, 0x15, 0x08, 0x2c, 0x01, 0x00, 0x00, 0x00, 0x15, 0xa9, 0x20, 0x00
    .byte 0x00, 0x15, 0x18, 0x20, 0x00, 0x00, 0x15, 0x19, 0x2c, 0x01, 0x00, 0x00, 0x00, 0x15, 0x2b, 0x2b
    .byte 0x00, 0x00, 0x32, 0x00, 0x00, 0x00, 0x00, 0x00, 0x14, 0x74, 0x2d, 0x22, 0x02, 0x2c, 0xb8, 0x00
    .byte 0x00, 0x00, 0x2c, 0x03, 0x02, 0x00, 0x00, 0x2c, 0x40, 0x00, 0x00, 0x00, 0x2c, 0x00, 0x20, 0x00
    .byte 0x00, 0x2c, 0x05, 0x00, 0x00, 0x00, 0x2c, 0x01, 0x00, 0x00, 0x00, 0x15, 0x1a, 0x15, 0x21, 0x25
    .byte 0x3d, 0x2e, 0x22, 0x02, 0x2b, 0x00, 0x00, 0x32, 0x00, 0x01, 0x00, 0x00, 0x00, 0x14, 0xcd, 0x2d
    .byte 0x22, 0x02, 0x2c, 0xb8, 0x00, 0x00, 0x00, 0x15, 0x11, 0x18, 0x70, 0x17, 0x00, 0x2c, 0x40, 0x00
    .byte 0x00, 0x00, 0x2c, 0x00, 0x20, 0x00, 0x00, 0x2c, 0x05, 0x00, 0x00, 0x00, 0x2c, 0x01, 0x00, 0x00
    .byte 0x00, 0x15, 0x1a, 0x15, 0x21, 0x15, 0x10, 0x18, 0x70, 0x17, 0x00, 0x2c, 0x03, 0x02, 0x00, 0x00
    .byte 0x2c, 0x40, 0x00, 0x00, 0x00, 0x2c, 0x00, 0x20, 0x00, 0x00, 0x2c, 0x05, 0x00, 0x00, 0x00, 0x2c
    .byte 0x01, 0x00, 0x00, 0x00, 0x15, 0x1a, 0x15, 0x21, 0x25, 0x3d, 0x2e, 0x22, 0x02, 0x15, 0x10, 0x18
    .byte 0x70, 0x17, 0x00, 0x2c, 0xf3, 0x01, 0x00, 0x00, 0x2c, 0x40, 0x00, 0x00, 0x00, 0x2c, 0x00, 0x20
    .byte 0x00, 0x00, 0x2c, 0x05, 0x00, 0x00, 0x00, 0x2c, 0x01, 0x00, 0x00, 0x00, 0x15, 0x1a, 0x15, 0x21
    .byte 0x2c, 0xb8, 0x00, 0x00, 0x00, 0x15, 0x11, 0x18, 0x70, 0x17, 0x00, 0x2c, 0x40, 0x00, 0x00, 0x00
    .byte 0x2c, 0x00, 0x20, 0x00, 0x00, 0x2c, 0x05, 0x00, 0x00, 0x00, 0x2c, 0x01, 0x00, 0x00, 0x00, 0x15
    .byte 0x1a, 0x15, 0x21, 0x15, 0x10, 0x18, 0x70, 0x17, 0x00, 0x15, 0x11, 0x18, 0x70, 0x05, 0x00, 0x10
    .byte 0x00, 0x00, 0x00, 0x17, 0x00, 0x2c, 0x40, 0x00, 0x00, 0x00, 0x2c, 0x00, 0x20, 0x00, 0x00, 0x2c
    .byte 0x05, 0x00, 0x00, 0x00, 0x2c, 0x01, 0x00, 0x00, 0x00, 0x15, 0x1a, 0x15, 0x21, 0x03, 0x00, 0x04
    .byte 0x00, 0x00, 0x00, 0x26, 0x00, 0xbe, 0x2c, 0x03, 0x00, 0x00, 0x00, 0x2c, 0x33, 0x18, 0x22, 0x02
    .byte 0x15, 0x39, 0x2c, 0x16, 0x00, 0x00, 0x00, 0x15, 0x05, 0x20, 0x00, 0x00, 0x15, 0x2b, 0x20, 0x00
    .byte 0x00, 0x2c, 0x02, 0x00, 0x00, 0x00, 0x15, 0x38, 0x2c, 0xb8, 0x00, 0x00, 0x00, 0x2c, 0x0f, 0x02
    .byte 0x00, 0x00, 0x2c, 0x34, 0x00, 0x00, 0x00, 0x2c, 0x00, 0x10, 0x00, 0x00, 0x2c, 0x05, 0x00, 0x00
    .byte 0x00, 0x2c, 0x01, 0x00, 0x00, 0x00, 0x15, 0x1a, 0x15, 0x21, 0x2c, 0x15, 0x00, 0x00, 0x00, 0x15
    .byte 0x05, 0x2c, 0x01, 0x00, 0x00, 0x00, 0x15, 0x06, 0x20, 0x00, 0x00, 0x15, 0x2b, 0x2c, 0xb8, 0x00
    .byte 0x00, 0x00, 0x2c, 0x0f, 0x02, 0x00, 0x00, 0x20, 0x00, 0x00, 0x2c, 0x00, 0x10, 0x00, 0x00, 0x2c
    .byte 0x05, 0x00, 0x00, 0x00, 0x2c, 0x01, 0x00, 0x00, 0x00, 0x15, 0x1a, 0x15, 0x21, 0x2c, 0x01, 0x00
    .byte 0x00, 0x00, 0x15, 0x2b, 0x20, 0x00, 0x00, 0x2c, 0x08, 0x00, 0x00, 0x00, 0x20, 0x00, 0x00, 0x2c
    .byte 0x00, 0x10, 0x00, 0x00, 0x2c, 0x04, 0x00, 0x00, 0x00, 0x2c, 0x01, 0x00, 0x00, 0x00, 0x15, 0x1a
    .byte 0x15, 0x21, 0x2c, 0x01, 0x00, 0x00, 0x00, 0x20, 0x00, 0x00, 0x15, 0x38, 0x2c, 0x01, 0x00, 0x00
    .byte 0x00, 0x15, 0x18, 0x2c, 0x01, 0x00, 0x00, 0x00, 0x15, 0x19, 0x20, 0x00, 0x00, 0x15, 0xa9, 0x15
    .byte 0x2c, 0x00, 0x2c, 0x02, 0x00, 0x00, 0x00, 0x2c, 0x10, 0x2f, 0x22, 0x02, 0x15, 0x29, 0x00, 0x00
    .byte 0x29, 0x00, 0xed, 0x0d, 0x00, 0x40, 0x00, 0x00, 0x00, 0x35, 0x00, 0x00, 0x00, 0x00, 0x00, 0x14
    .byte 0x49, 0x30, 0x22, 0x02, 0x20, 0x00, 0x00, 0x15, 0x9b, 0x18, 0x70, 0x14, 0x44, 0x2f, 0x22, 0x02
    .byte 0x20, 0x00, 0x00, 0x2c, 0xff, 0xff, 0xff, 0xff, 0x2c, 0xff, 0xff, 0xff, 0xff, 0x2c, 0xff, 0xff
    .byte 0xff, 0xff, 0x15, 0x89, 0x2c, 0x74, 0x09, 0x00, 0x00, 0x15, 0x37, 0x18, 0x70, 0x32, 0x00, 0x00
    .byte 0x00, 0x00, 0x00, 0x14, 0x7d, 0x2f, 0x22, 0x02, 0x2c, 0x08, 0x00, 0x00, 0x00, 0x2c, 0x56, 0x31
    .byte 0x22, 0x02, 0x15, 0x39, 0x2c, 0x08, 0x00, 0x00, 0x00, 0x15, 0x42, 0x18, 0x70, 0x32, 0x00, 0x00
    .byte 0x00, 0x00, 0x00, 0x14, 0x7d, 0x2f, 0x22, 0x02, 0x01, 0x64, 0x2f, 0x22, 0x02, 0x20, 0x00, 0x00
    .byte 0x2c, 0xff, 0xff, 0xff, 0xff, 0x2c, 0xff, 0xff, 0xff, 0xff, 0x15, 0xdd, 0x18, 0x70, 0x14, 0x05
    .byte 0x30, 0x22, 0x02, 0x2c, 0x03, 0x00, 0x00, 0x00, 0x2c, 0xff, 0xff, 0xff, 0xff, 0x2c, 0xff, 0xff
    .byte 0xff, 0xff, 0x15, 0xdd, 0x18, 0x70, 0x32, 0x00, 0x00, 0x00, 0x00, 0x00, 0x14, 0x05, 0x30, 0x22
    .byte 0x02, 0x2c, 0x01, 0x00, 0x00, 0x00, 0x2c, 0xe9, 0x30, 0x22, 0x02, 0x15, 0x39, 0x20, 0x00, 0x00
    .byte 0x2c, 0x4a, 0x30, 0x22, 0x02, 0x15, 0x39, 0x20, 0x00, 0x00, 0x15, 0x42, 0x18, 0x70, 0x32, 0x00
    .byte 0x00, 0x00, 0x00, 0x00, 0x14, 0xde, 0x2f, 0x22, 0x02, 0x01, 0xc7, 0x2f, 0x22, 0x02, 0x2c, 0x01
    .byte 0x00, 0x00, 0x00, 0x15, 0x42, 0x18, 0x70, 0x32, 0x00, 0x00, 0x00, 0x00, 0x00, 0x14, 0xf7, 0x2f
    .byte 0x22, 0x02, 0x01, 0xde, 0x2f, 0x22, 0x02, 0x2c, 0x14, 0x00, 0x00, 0x00, 0x15, 0x07, 0x15, 0x08
    .byte 0x25, 0x26, 0x30, 0x22, 0x02, 0x20, 0x00, 0x00, 0x2c, 0x4a, 0x30, 0x22, 0x02, 0x15, 0x39, 0x20
    .byte 0x00, 0x00, 0x15, 0x42, 0x18, 0x70, 0x32, 0x00, 0x00, 0x00, 0x00, 0x00, 0x14, 0x26, 0x30, 0x22
    .byte 0x02, 0x01, 0x0f, 0x30, 0x22, 0x02, 0x20, 0x00, 0x00, 0x2c, 0x03, 0x00, 0x00, 0x00, 0x15, 0x4b
    .byte 0x2c, 0x0c, 0x00, 0x00, 0x00, 0x15, 0x07, 0x15, 0x08, 0x2c, 0x85, 0x00, 0x00, 0x00, 0x20, 0x00
    .byte 0x00, 0x20, 0x00, 0x00, 0x20, 0x00, 0x00, 0x15, 0x4a, 0x00, 0x20, 0x00, 0x00, 0x15, 0x18, 0x15
    .byte 0x1f, 0x18, 0x70, 0x17, 0x00, 0x15, 0x20, 0x18, 0x70, 0x17, 0x00, 0x20, 0x00, 0x00, 0x2c, 0x09
    .byte 0x00, 0x00, 0x00, 0x2c, 0x07, 0x00, 0x00, 0x00, 0x15, 0x47, 0x18, 0x70, 0x17, 0x00, 0x15, 0x20
    .byte 0x18, 0x70, 0x17, 0x00, 0x20, 0x00, 0x00, 0x15, 0x65, 0x18, 0x70, 0x31, 0x00, 0x06, 0x00, 0x00
    .byte 0x00, 0x14, 0xb7, 0x30, 0x22, 0x02, 0x2c, 0x01, 0x00, 0x00, 0x00, 0x15, 0x2b, 0x2c, 0x09, 0x00
    .byte 0x00, 0x00, 0x2c, 0x07, 0x00, 0x00, 0x00, 0x15, 0x47, 0x18, 0x70, 0x17, 0x00, 0x15, 0x20, 0x18
    .byte 0x70, 0x17, 0x00, 0x20, 0x00, 0x00, 0x2c, 0x00, 0x18, 0x00, 0x00, 0x2c, 0x05, 0x00, 0x00, 0x00
    .byte 0x20, 0x00, 0x00, 0x15, 0x1a, 0x15, 0x21, 0x2c, 0x15, 0x10, 0x00, 0x00, 0x2c, 0x01, 0x10, 0x00
    .byte 0x00, 0x2c, 0x16, 0x10, 0x00, 0x00, 0x2c, 0x02, 0x00, 0x00, 0x00, 0x20, 0x00, 0x00, 0x15, 0x73
    .byte 0x2c, 0x00, 0x01, 0x00, 0x00, 0x15, 0x17, 0x15, 0x16, 0x20, 0x00, 0x00, 0x15, 0x09, 0x2c, 0x01
    .byte 0x00, 0x00, 0x00, 0x15, 0x18, 0x00, 0x15, 0x5a, 0x00, 0x20, 0x00, 0x00, 0x15, 0x18, 0x20, 0x00
    .byte 0x00, 0x15, 0x19, 0x15, 0x28, 0x2c, 0x07, 0x00, 0x00, 0x00, 0x2c, 0xff, 0xff, 0xff, 0xff, 0x2c
    .byte 0xff, 0xff, 0xff, 0xff, 0x2c, 0xff, 0xff, 0xff, 0xff, 0x2c, 0xff, 0xff, 0xff, 0xff, 0x15, 0xdc
    .byte 0x2c, 0x01, 0x00, 0x00, 0x00, 0x15, 0x2b, 0x2c, 0x90, 0x01, 0x00, 0x00, 0x2c, 0x50, 0x02, 0x00
    .byte 0x00, 0x20, 0x00, 0x00, 0x2c, 0x00, 0x20, 0x00, 0x00, 0x2c, 0x05, 0x00, 0x00, 0x00, 0x20, 0x00
    .byte 0x00, 0x15, 0x1a, 0x15, 0x21, 0x2c, 0x21, 0x00, 0x00, 0x00, 0x15, 0x05, 0x2c, 0x01, 0x00, 0x00
    .byte 0x00, 0x15, 0x06, 0x00, 0x2c, 0x90, 0x01, 0x00, 0x00, 0x2c, 0x50, 0x02, 0x00, 0x00, 0x20, 0x00
    .byte 0x00, 0x15, 0x02, 0x15, 0x2c, 0x00, 0x20, 0x00, 0x00, 0x2c, 0xcb, 0x31, 0x22, 0x02, 0x15, 0x39
    .byte 0x2c, 0x04, 0x00, 0x00, 0x00, 0x15, 0x45, 0x15, 0x8b, 0x18, 0x70, 0x32, 0x00, 0x00, 0x00, 0x00
    .byte 0x00, 0x13, 0x7b, 0x31, 0x22, 0x02, 0x01, 0x67, 0x31, 0x22, 0x02, 0x2c, 0x2a, 0x01, 0x00, 0x00
    .byte 0x2c, 0x01, 0x00, 0x00, 0x00, 0x20, 0x00, 0x00, 0x20, 0x00, 0x00, 0x15, 0x59, 0x15, 0x5a, 0x15
    .byte 0x8b, 0x18, 0x70, 0x32, 0x00, 0x00, 0x00, 0x00, 0x00, 0x13, 0xa3, 0x31, 0x22, 0x02, 0x01, 0x8f
    .byte 0x31, 0x22, 0x02, 0x2c, 0x28, 0x01, 0x00, 0x00, 0x2c, 0x01, 0x00, 0x00, 0x00, 0x20, 0x00, 0x00
    .byte 0x20, 0x00, 0x00, 0x15, 0x59, 0x15, 0x5a, 0x2c, 0x08, 0x00, 0x00, 0x00, 0x2c, 0xfa, 0x04, 0x22
    .byte 0x02, 0x15, 0x39, 0x2c, 0x74, 0x09, 0x00, 0x00, 0x15, 0x35, 0x00, 0x03, 0x00, 0x08, 0x00, 0x00
    .byte 0x00, 0x26, 0x00, 0xd2, 0x20, 0x00, 0x00, 0x2c, 0x7f, 0xe3, 0x21, 0x02, 0x15, 0x39, 0x20, 0x00
    .byte 0x00, 0x15, 0x42, 0x18, 0x70, 0x32, 0x00, 0x00, 0x00, 0x00, 0x00, 0x14, 0xf5, 0x31, 0x22, 0x02
    .byte 0x01, 0xde, 0x31, 0x22, 0x02, 0x00, 0x2c, 0x01, 0x00, 0x00, 0x00, 0x15, 0x7d, 0x2c, 0x3d, 0x04
    .byte 0x00, 0x00, 0x15, 0x37, 0x18, 0x70, 0x32, 0x00, 0x00, 0x00, 0x00, 0x00, 0x14, 0x22, 0x32, 0x22
    .byte 0x02, 0x2c, 0x02, 0x00, 0x00, 0x00, 0x2c, 0x56, 0x33, 0x22, 0x02, 0x15, 0x29, 0x25, 0x55, 0x33
    .byte 0x22, 0x02, 0x2c, 0x01, 0x00, 0x00, 0x00, 0x15, 0x05, 0x2c, 0x0a, 0x00, 0x00, 0x00, 0x2c, 0x1c
    .byte 0x00, 0x00, 0x00, 0x2c, 0xd5, 0x01, 0x00, 0x00, 0x20, 0x00, 0x00, 0x15, 0x14, 0x2c, 0x0b, 0x00
    .byte 0x00, 0x00, 0x2c, 0x1c, 0x00, 0x00, 0x00, 0x2c, 0xd6, 0x01, 0x00, 0x00, 0x20, 0x00, 0x00, 0x15
    .byte 0x14, 0x2c, 0x0c, 0x00, 0x00, 0x00, 0x2c, 0x1c, 0x00, 0x00, 0x00, 0x2c, 0xd7, 0x01, 0x00, 0x00
    .byte 0x20, 0x00, 0x00, 0x15, 0x14, 0x2c, 0x0a, 0x00, 0x00, 0x00, 0x2c, 0x1d, 0x00, 0x00, 0x00, 0x2c
    .byte 0xda, 0x01, 0x00, 0x00, 0x20, 0x00, 0x00, 0x15, 0x14, 0x2c, 0x0b, 0x00, 0x00, 0x00, 0x2c, 0x1d
    .byte 0x00, 0x00, 0x00, 0x2c, 0xea, 0x01, 0x00, 0x00, 0x20, 0x00, 0x00, 0x15, 0x14, 0x2c, 0x0c, 0x00
    .byte 0x00, 0x00, 0x2c, 0x1d, 0x00, 0x00, 0x00, 0x2c, 0xdb, 0x01, 0x00, 0x00, 0x20, 0x00, 0x00, 0x15
    .byte 0x14, 0x2c, 0x0a, 0x00, 0x00, 0x00, 0x2c, 0x1e, 0x00, 0x00, 0x00, 0x2c, 0xda, 0x01, 0x00, 0x00
    .byte 0x20, 0x00, 0x00, 0x15, 0x14, 0x2c, 0x0b, 0x00, 0x00, 0x00, 0x2c, 0x1e, 0x00, 0x00, 0x00, 0x2c
    .byte 0xea, 0x01, 0x00, 0x00, 0x20, 0x00, 0x00, 0x15, 0x14, 0x2c, 0x0c, 0x00, 0x00, 0x00, 0x2c, 0x1e
    .byte 0x00, 0x00, 0x00, 0x2c, 0xdb, 0x01, 0x00, 0x00, 0x20, 0x00, 0x00, 0x15, 0x14, 0x2c, 0x0a, 0x00
    .byte 0x00, 0x00, 0x2c, 0x1f, 0x00, 0x00, 0x00, 0x2c, 0xda, 0x01, 0x00, 0x00, 0x20, 0x00, 0x00, 0x15
    .byte 0x14, 0x2c, 0x0b, 0x00, 0x00, 0x00, 0x2c, 0x1f, 0x00, 0x00, 0x00, 0x2c, 0xea, 0x01, 0x00, 0x00
    .byte 0x20, 0x00, 0x00, 0x15, 0x14, 0x2c, 0x0c, 0x00, 0x00, 0x00, 0x2c, 0x1f, 0x00, 0x00, 0x00, 0x2c
    .byte 0xdb, 0x01, 0x00, 0x00, 0x20, 0x00, 0x00, 0x15, 0x14, 0x2c, 0x0a, 0x00, 0x00, 0x00, 0x2c, 0x20
    .byte 0x00, 0x00, 0x00, 0x2c, 0xfa, 0x01, 0x00, 0x00, 0x20, 0x00, 0x00, 0x15, 0x14, 0x2c, 0x0b, 0x00
    .byte 0x00, 0x00, 0x2c, 0x20, 0x00, 0x00, 0x00, 0x2c, 0xfb, 0x01, 0x00, 0x00, 0x20, 0x00, 0x00, 0x15
    .byte 0x14, 0x2c, 0x0c, 0x00, 0x00, 0x00, 0x2c, 0x20, 0x00, 0x00, 0x00, 0x2c, 0xfa, 0x01, 0x00, 0x00
    .byte 0x20, 0x00, 0x00, 0x15, 0x14, 0x00, 0x2c, 0x02, 0x00, 0x00, 0x00, 0x20, 0x00, 0x00, 0x15, 0x29
    .byte 0x2c, 0x01, 0x00, 0x00, 0x00, 0x15, 0x05, 0x2c, 0x04, 0x00, 0x00, 0x00, 0x15, 0x07, 0x15, 0x08
    .byte 0x20, 0x00, 0x00, 0x2c, 0x20, 0x00, 0x00, 0x00, 0x15, 0xe0, 0x2c, 0x0a, 0x00, 0x00, 0x00, 0x2c
    .byte 0x1c, 0x00, 0x00, 0x00, 0x2c, 0xd5, 0x01, 0x00, 0x00, 0x20, 0x00, 0x00, 0x15, 0x14, 0x2c, 0x0b
    .byte 0x00, 0x00, 0x00, 0x2c, 0x1c, 0x00, 0x00, 0x00, 0x2c, 0xd6, 0x01, 0x00, 0x00, 0x20, 0x00, 0x00
    .byte 0x15, 0x14, 0x2c, 0x0c, 0x00, 0x00, 0x00, 0x2c, 0x1c, 0x00, 0x00, 0x00, 0x2c, 0xd7, 0x01, 0x00
    .byte 0x00, 0x20, 0x00, 0x00, 0x15, 0x14, 0x2c, 0x04, 0x00, 0x00, 0x00, 0x15, 0x07, 0x15, 0x08, 0x20
    .byte 0x00, 0x00, 0x2c, 0x20, 0x00, 0x00, 0x00, 0x15, 0xe0, 0x2c, 0x0a, 0x00, 0x00, 0x00, 0x2c, 0x1d
    .byte 0x00, 0x00, 0x00, 0x2c, 0xda, 0x01, 0x00, 0x00, 0x20, 0x00, 0x00, 0x15, 0x14, 0x2c, 0x0b, 0x00
    .byte 0x00, 0x00, 0x2c, 0x1d, 0x00, 0x00, 0x00, 0x2c, 0xea, 0x01, 0x00, 0x00, 0x20, 0x00, 0x00, 0x15
    .byte 0x14, 0x2c, 0x0c, 0x00, 0x00, 0x00, 0x2c, 0x1d, 0x00, 0x00, 0x00, 0x2c, 0xdb, 0x01, 0x00, 0x00
    .byte 0x20, 0x00, 0x00, 0x15, 0x14, 0x2c, 0x04, 0x00, 0x00, 0x00, 0x15, 0x07, 0x15, 0x08, 0x20, 0x00
    .byte 0x00, 0x2c, 0x20, 0x00, 0x00, 0x00, 0x15, 0xe0, 0x2c, 0x0a, 0x00, 0x00, 0x00, 0x2c, 0x1e, 0x00
    .byte 0x00, 0x00, 0x2c, 0xda, 0x01, 0x00, 0x00, 0x20, 0x00, 0x00, 0x15, 0x14, 0x2c, 0x0b, 0x00, 0x00
    .byte 0x00, 0x2c, 0x1e, 0x00, 0x00, 0x00, 0x2c, 0xea, 0x01, 0x00, 0x00, 0x20, 0x00, 0x00, 0x15, 0x14
    .byte 0x2c, 0x0c, 0x00, 0x00, 0x00, 0x2c, 0x1e, 0x00, 0x00, 0x00, 0x2c, 0xdb, 0x01, 0x00, 0x00, 0x20
    .byte 0x00, 0x00, 0x15, 0x14, 0x2c, 0x04, 0x00, 0x00, 0x00, 0x15, 0x07, 0x15, 0x08, 0x20, 0x00, 0x00
    .byte 0x2c, 0x20, 0x00, 0x00, 0x00, 0x15, 0xe0, 0x2c, 0x0a, 0x00, 0x00, 0x00, 0x2c, 0x1f, 0x00, 0x00
    .byte 0x00, 0x2c, 0xda, 0x01, 0x00, 0x00, 0x20, 0x00, 0x00, 0x15, 0x14, 0x2c, 0x0b, 0x00, 0x00, 0x00
    .byte 0x2c, 0x1f, 0x00, 0x00, 0x00, 0x2c, 0xea, 0x01, 0x00, 0x00, 0x20, 0x00, 0x00, 0x15, 0x14, 0x2c
    .byte 0x0c, 0x00, 0x00, 0x00, 0x2c, 0x1f, 0x00, 0x00, 0x00, 0x2c, 0xdb, 0x01, 0x00, 0x00, 0x20, 0x00
    .byte 0x00, 0x15, 0x14, 0x2c, 0x04, 0x00, 0x00, 0x00, 0x15, 0x07, 0x15, 0x08, 0x20, 0x00, 0x00, 0x2c
    .byte 0x20, 0x00, 0x00, 0x00, 0x15, 0xe0, 0x2c, 0x0a, 0x00, 0x00, 0x00, 0x2c, 0x20, 0x00, 0x00, 0x00
    .byte 0x2c, 0xfa, 0x01, 0x00, 0x00, 0x20, 0x00, 0x00, 0x15, 0x14, 0x2c, 0x0b, 0x00, 0x00, 0x00, 0x2c
    .byte 0x20, 0x00, 0x00, 0x00, 0x2c, 0xfb, 0x01, 0x00, 0x00, 0x20, 0x00, 0x00, 0x15, 0x14, 0x2c, 0x0c
    .byte 0x00, 0x00, 0x00, 0x2c, 0x20, 0x00, 0x00, 0x00, 0x2c, 0xfa, 0x01, 0x00, 0x00, 0x20, 0x00, 0x00
    .byte 0x15, 0x14, 0x2c, 0x04, 0x00, 0x00, 0x00, 0x15, 0x07, 0x15, 0x08, 0x20, 0x00, 0x00, 0x2c, 0x20
    .byte 0x00, 0x00, 0x00, 0x15, 0xe0, 0x2c, 0x3d, 0x04, 0x00, 0x00, 0x15, 0x35, 0x00, 0x20, 0x00, 0x00
    .byte 0x15, 0x18, 0x2c, 0x01, 0x00, 0x00, 0x00, 0x2c, 0xfc, 0xff, 0xff, 0xff, 0x20, 0x00, 0x00, 0x2c
    .byte 0x04, 0x00, 0x00, 0x00, 0x2c, 0x08, 0x00, 0x00, 0x00, 0x15, 0xd8, 0x2c, 0x32, 0x04, 0x00, 0x00
    .byte 0x15, 0x37, 0x18, 0x70, 0x14, 0x41, 0x35, 0x22, 0x02, 0x2c, 0x01, 0x00, 0x00, 0x00, 0x15, 0x05
    .byte 0x00, 0x2c, 0x01, 0x00, 0x00, 0x00, 0x2c, 0x4e, 0x35, 0x22, 0x02, 0x15, 0x29, 0x00, 0x2c, 0x32
    .byte 0x04, 0x00, 0x00, 0x15, 0x35, 0x2c, 0x04, 0x00, 0x00, 0x00, 0x20, 0x00, 0x00, 0x20, 0x00, 0x00
    .byte 0x20, 0x00, 0x00, 0x20, 0x00, 0x00, 0x15, 0x4f, 0x18, 0x70, 0x32, 0x00, 0x01, 0x00, 0x00, 0x00
    .byte 0x14, 0x7c, 0x35, 0x22, 0x02, 0x2c, 0x0e, 0x00, 0x00, 0x00, 0x15, 0x35, 0x2c, 0x0e, 0x00, 0x00
    .byte 0x00, 0x15, 0x37, 0x18, 0x70, 0x32, 0x00, 0x00, 0x00, 0x00, 0x00, 0x14, 0xc5, 0x35, 0x22, 0x02
    .byte 0x2c, 0x01, 0x00, 0x00, 0x00, 0x15, 0x10, 0x18, 0x70, 0x17, 0x00, 0x15, 0x11, 0x18, 0x70, 0x05
    .byte 0x00, 0x0c, 0x00, 0x00, 0x00, 0x24, 0x00, 0x14, 0x00, 0x00, 0x00, 0x15, 0x12, 0x18, 0x71, 0x23
    .byte 0x10, 0x17, 0x00, 0x2c, 0x0f, 0x00, 0x00, 0x00, 0x20, 0x00, 0x00, 0x15, 0x4f, 0x18, 0x70, 0x17
    .byte 0x00, 0x15, 0x07, 0x15, 0x08, 0x20, 0x00, 0x00, 0x2c, 0x33, 0xdf, 0x21, 0x02, 0x15, 0x39, 0x20
    .byte 0x00, 0x00, 0x15, 0x42, 0x18, 0x70, 0x32, 0x00, 0x00, 0x00, 0x00, 0x00, 0x14, 0xe6, 0x35, 0x22
    .byte 0x02, 0x01, 0xcf, 0x35, 0x22, 0x02, 0x2c, 0x08, 0x00, 0x00, 0x00, 0x2c, 0x66, 0x00, 0x00, 0x00
    .byte 0x15, 0xe0, 0x20, 0x00, 0x00, 0x2c, 0x02, 0x33, 0x00, 0x00, 0x15, 0xe0, 0x2c, 0x2c, 0x10, 0x00
    .byte 0x00, 0x2c, 0x2d, 0x10, 0x00, 0x00, 0x2c, 0x2e, 0x10, 0x00, 0x00, 0x2c, 0x02, 0x00, 0x00, 0x00
    .byte 0x20, 0x00, 0x00, 0x15, 0x73, 0x15, 0x1f, 0x18, 0x70, 0x15, 0x10, 0x18, 0x71, 0x1e, 0x10, 0x14
    .byte 0x2b, 0x36, 0x22, 0x02, 0x2c, 0x01, 0x00, 0x00, 0x00, 0x15, 0x23, 0x15, 0x16, 0x20, 0x00, 0x00
    .byte 0x15, 0x23, 0x2c, 0x93, 0x16, 0x00, 0x00, 0x2c, 0x94, 0x16, 0x00, 0x00, 0x2c, 0x95, 0x16, 0x00
    .byte 0x00, 0x2c, 0x02, 0x00, 0x00, 0x00, 0x2c, 0x01, 0x00, 0x00, 0x00, 0x15, 0x73, 0x20, 0x00, 0x00
    .byte 0x2c, 0x9c, 0x48, 0x22, 0x02, 0x15, 0x39, 0x20, 0x00, 0x00, 0x15, 0x42, 0x18, 0x70, 0x32, 0x00
    .byte 0x00, 0x00, 0x00, 0x00, 0x14, 0x6e, 0x36, 0x22, 0x02, 0x01, 0x57, 0x36, 0x22, 0x02, 0x20, 0x00
    .byte 0x00, 0x2c, 0x2b, 0xdf, 0x21, 0x02, 0x15, 0x39, 0x20, 0x00, 0x00, 0x15, 0x42, 0x18, 0x70, 0x32
    .byte 0x00, 0x00, 0x00, 0x00, 0x00, 0x14, 0x8f, 0x36, 0x22, 0x02, 0x01, 0x78, 0x36, 0x22, 0x02, 0x2c
    .byte 0x09, 0x00, 0x00, 0x00, 0x2c, 0x66, 0x00, 0x00, 0x00, 0x15, 0xe0, 0x2c, 0xae, 0x08, 0x00, 0x00
    .byte 0x15, 0x41, 0x2c, 0xf5, 0x1f, 0x00, 0x00, 0x15, 0x41, 0x03, 0x00, 0x05, 0x00, 0x00, 0x00, 0x32
    .byte 0x00, 0x01, 0x00, 0x00, 0x00, 0x14, 0x83, 0x38, 0x22, 0x02, 0x2c, 0x01, 0x00, 0x00, 0x00, 0x15
    .byte 0xaa, 0x03, 0x00, 0x01, 0x00, 0x00, 0x00, 0x26, 0x00, 0x66, 0x03, 0x00, 0x00, 0x00, 0x00, 0x00
    .byte 0x26, 0x00, 0xd9, 0x03, 0x00, 0x01, 0x00, 0x00, 0x00, 0x32, 0x00, 0x01, 0x00, 0x00, 0x00, 0x13
    .byte 0xf5, 0x36, 0x22, 0x02, 0x03, 0x00, 0x01, 0x00, 0x00, 0x00, 0x32, 0x00, 0x08, 0x00, 0x00, 0x00
    .byte 0x14, 0x03, 0x37, 0x22, 0x02, 0x03, 0x00, 0x01, 0x00, 0x00, 0x00, 0x36, 0x00, 0x00, 0x25, 0x0c
    .byte 0x37, 0x22, 0x02, 0x03, 0x00, 0x01, 0x00, 0x00, 0x00, 0x26, 0x00, 0x63, 0x03, 0x00, 0x01, 0x00
    .byte 0x00, 0x00, 0x32, 0x00, 0x01, 0x00, 0x00, 0x00, 0x14, 0x3d, 0x37, 0x22, 0x02, 0x20, 0x00, 0x00
    .byte 0x2c, 0x0f, 0x00, 0x00, 0x00, 0x15, 0xe0, 0x2c, 0x15, 0x00, 0x00, 0x00, 0x2c, 0x9d, 0x00, 0x00
    .byte 0x00, 0x2c, 0x7f, 0x00, 0x00, 0x00, 0x15, 0x0a, 0x25, 0x5d, 0x38, 0x22, 0x02, 0x03, 0x00, 0x01
    .byte 0x00, 0x00, 0x00, 0x32, 0x00, 0x08, 0x00, 0x00, 0x00, 0x14, 0x6e, 0x37, 0x22, 0x02, 0x20, 0x00
    .byte 0x00, 0x2c, 0x0f, 0x00, 0x00, 0x00, 0x15, 0xe0, 0x2c, 0x15, 0x00, 0x00, 0x00, 0x2c, 0x9c, 0x00
    .byte 0x00, 0x00, 0x2c, 0x7f, 0x00, 0x00, 0x00, 0x15, 0x0a, 0x25, 0x5d, 0x38, 0x22, 0x02, 0x03, 0x00
    .byte 0x01, 0x00, 0x00, 0x00, 0x32, 0x00, 0x03, 0x00, 0x00, 0x00, 0x14, 0xc6, 0x37, 0x22, 0x02, 0x03
    .byte 0x00, 0x00, 0x00, 0x00, 0x00, 0x32, 0x00, 0x3e, 0x00, 0x00, 0x00, 0x14, 0xb0, 0x37, 0x22, 0x02
    .byte 0x20, 0x00, 0x00, 0x2c, 0x75, 0x00, 0x00, 0x00, 0x15, 0xe0, 0x2c, 0x15, 0x00, 0x00, 0x00, 0x2c
    .byte 0x9d, 0x00, 0x00, 0x00, 0x2c, 0x7f, 0x00, 0x00, 0x00, 0x15, 0x0a, 0x25, 0xc1, 0x37, 0x22, 0x02
    .byte 0x2c, 0x15, 0x00, 0x00, 0x00, 0x2c, 0x9d, 0x00, 0x00, 0x00, 0x2c, 0x7f, 0x00, 0x00, 0x00, 0x15
    .byte 0x0a, 0x25, 0x5d, 0x38, 0x22, 0x02, 0x03, 0x00, 0x01, 0x00, 0x00, 0x00, 0x32, 0x00, 0x09, 0x00
    .byte 0x00, 0x00, 0x14, 0xed, 0x37, 0x22, 0x02, 0x2c, 0x15, 0x00, 0x00, 0x00, 0x2c, 0x9c, 0x00, 0x00
    .byte 0x00, 0x2c, 0x7f, 0x00, 0x00, 0x00, 0x15, 0x0a, 0x25, 0x5d, 0x38, 0x22, 0x02, 0x03, 0x00, 0x01
    .byte 0x00, 0x00, 0x00, 0x32, 0x00, 0x04, 0x00, 0x00, 0x00, 0x14, 0x14, 0x38, 0x22, 0x02, 0x2c, 0x15
    .byte 0x00, 0x00, 0x00, 0x2c, 0x9c, 0x00, 0x00, 0x00, 0x2c, 0x7f, 0x00, 0x00, 0x00, 0x15, 0x0a, 0x25
    .byte 0x5d, 0x38, 0x22, 0x02, 0x03, 0x00, 0x01, 0x00, 0x00, 0x00, 0x32, 0x00, 0x0a, 0x00, 0x00, 0x00
    .byte 0x14, 0x3b, 0x38, 0x22, 0x02, 0x2c, 0x15, 0x00, 0x00, 0x00, 0x2c, 0x9d, 0x00, 0x00, 0x00, 0x2c
    .byte 0x7f, 0x00, 0x00, 0x00, 0x15, 0x0a, 0x25, 0x5d, 0x38, 0x22, 0x02, 0x03, 0x00, 0x01, 0x00, 0x00
    .byte 0x00, 0x32, 0x00, 0x0b, 0x00, 0x00, 0x00, 0x14, 0x5d, 0x38, 0x22, 0x02, 0x2c, 0x15, 0x00, 0x00
    .byte 0x00, 0x2c, 0x9c, 0x00, 0x00, 0x00, 0x2c, 0x7f, 0x00, 0x00, 0x00, 0x15, 0x0a, 0x20, 0x00, 0x00
    .byte 0x2c, 0x8f, 0xe0, 0x21, 0x02, 0x15, 0x39, 0x20, 0x00, 0x00, 0x15, 0x42, 0x18, 0x70, 0x32, 0x00
    .byte 0x00, 0x00, 0x00, 0x00, 0x14, 0x7e, 0x38, 0x22, 0x02, 0x01, 0x67, 0x38, 0x22, 0x02, 0x25, 0x49
    .byte 0x48, 0x22, 0x02, 0x03, 0x00, 0x05, 0x00, 0x00, 0x00, 0x32, 0x00, 0x08, 0x00, 0x00, 0x00, 0x14
    .byte 0x5d, 0x3a, 0x22, 0x02, 0x2c, 0x01, 0x00, 0x00, 0x00, 0x15, 0xaa, 0x03, 0x00, 0x08, 0x00, 0x00
    .byte 0x00, 0x26, 0x00, 0x66, 0x03, 0x00, 0x00, 0x00, 0x00, 0x00, 0x26, 0x00, 0xd9, 0x03, 0x00, 0x08
    .byte 0x00, 0x00, 0x00, 0x32, 0x00, 0x01, 0x00, 0x00, 0x00, 0x13, 0xcf, 0x38, 0x22, 0x02, 0x03, 0x00
    .byte 0x08, 0x00, 0x00, 0x00, 0x32, 0x00, 0x08, 0x00, 0x00, 0x00, 0x14, 0xdd, 0x38, 0x22, 0x02, 0x03
    .byte 0x00, 0x01, 0x00, 0x00, 0x00, 0x36, 0x00, 0x00, 0x25, 0xe6, 0x38, 0x22, 0x02, 0x03, 0x00, 0x01
    .byte 0x00, 0x00, 0x00, 0x26, 0x00, 0x63, 0x03, 0x00, 0x08, 0x00, 0x00, 0x00, 0x32, 0x00, 0x01, 0x00
    .byte 0x00, 0x00, 0x14, 0x17, 0x39, 0x22, 0x02, 0x20, 0x00, 0x00, 0x2c, 0x0f, 0x00, 0x00, 0x00, 0x15
    .byte 0xe0, 0x2c, 0x15, 0x00, 0x00, 0x00, 0x2c, 0x9d, 0x00, 0x00, 0x00, 0x2c, 0x7f, 0x00, 0x00, 0x00
    .byte 0x15, 0x0a, 0x25, 0x37, 0x3a, 0x22, 0x02, 0x03, 0x00, 0x08, 0x00, 0x00, 0x00, 0x32, 0x00, 0x08
    .byte 0x00, 0x00, 0x00, 0x14, 0x48, 0x39, 0x22, 0x02, 0x20, 0x00, 0x00, 0x2c, 0x0f, 0x00, 0x00, 0x00
    .byte 0x15, 0xe0, 0x2c, 0x15, 0x00, 0x00, 0x00, 0x2c, 0x9c, 0x00, 0x00, 0x00, 0x2c, 0x7f, 0x00, 0x00
    .byte 0x00, 0x15, 0x0a, 0x25, 0x37, 0x3a, 0x22, 0x02, 0x03, 0x00, 0x08, 0x00, 0x00, 0x00, 0x32, 0x00
    .byte 0x03, 0x00, 0x00, 0x00, 0x14, 0xa0, 0x39, 0x22, 0x02, 0x03, 0x00, 0x00, 0x00, 0x00, 0x00, 0x32
    .byte 0x00, 0x3e, 0x00, 0x00, 0x00, 0x14, 0x8a, 0x39, 0x22, 0x02, 0x20, 0x00, 0x00, 0x2c, 0x75, 0x00
    .byte 0x00, 0x00, 0x15, 0xe0, 0x2c, 0x15, 0x00, 0x00, 0x00, 0x2c, 0x9d, 0x00, 0x00, 0x00, 0x2c, 0x7f
    .byte 0x00, 0x00, 0x00, 0x15, 0x0a, 0x25, 0x9b, 0x39, 0x22, 0x02, 0x2c, 0x15, 0x00, 0x00, 0x00, 0x2c
    .byte 0x9d, 0x00, 0x00, 0x00, 0x2c, 0x7f, 0x00, 0x00, 0x00, 0x15, 0x0a, 0x25, 0x37, 0x3a, 0x22, 0x02
    .byte 0x03, 0x00, 0x08, 0x00, 0x00, 0x00, 0x32, 0x00, 0x09, 0x00, 0x00, 0x00, 0x14, 0xc7, 0x39, 0x22
    .byte 0x02, 0x2c, 0x15, 0x00, 0x00, 0x00, 0x2c, 0x9c, 0x00, 0x00, 0x00, 0x2c, 0x7f, 0x00, 0x00, 0x00
    .byte 0x15, 0x0a, 0x25, 0x37, 0x3a, 0x22, 0x02, 0x03, 0x00, 0x08, 0x00, 0x00, 0x00, 0x32, 0x00, 0x04
    .byte 0x00, 0x00, 0x00, 0x14, 0xee, 0x39, 0x22, 0x02, 0x2c, 0x15, 0x00, 0x00, 0x00, 0x2c, 0x9c, 0x00
    .byte 0x00, 0x00, 0x2c, 0x7f, 0x00, 0x00, 0x00, 0x15, 0x0a, 0x25, 0x37, 0x3a, 0x22, 0x02, 0x03, 0x00
    .byte 0x08, 0x00, 0x00, 0x00, 0x32, 0x00, 0x0a, 0x00, 0x00, 0x00, 0x14, 0x15, 0x3a, 0x22, 0x02, 0x2c
    .byte 0x15, 0x00, 0x00, 0x00, 0x2c, 0x9d, 0x00, 0x00, 0x00, 0x2c, 0x7f, 0x00, 0x00, 0x00, 0x15, 0x0a
    .byte 0x25, 0x37, 0x3a, 0x22, 0x02, 0x03, 0x00, 0x08, 0x00, 0x00, 0x00, 0x32, 0x00, 0x0b, 0x00, 0x00
    .byte 0x00, 0x14, 0x37, 0x3a, 0x22, 0x02, 0x2c, 0x15, 0x00, 0x00, 0x00, 0x2c, 0x9c, 0x00, 0x00, 0x00
    .byte 0x2c, 0x7f, 0x00, 0x00, 0x00, 0x15, 0x0a, 0x20, 0x00, 0x00, 0x2c, 0x8f, 0xe0, 0x21, 0x02, 0x15
    .byte 0x39, 0x20, 0x00, 0x00, 0x15, 0x42, 0x18, 0x70, 0x32, 0x00, 0x00, 0x00, 0x00, 0x00, 0x14, 0x58
    .byte 0x3a, 0x22, 0x02, 0x01, 0x41, 0x3a, 0x22, 0x02, 0x25, 0x49, 0x48, 0x22, 0x02, 0x03, 0x00, 0x05
    .byte 0x00, 0x00, 0x00, 0x32, 0x00, 0x03, 0x00, 0x00, 0x00, 0x14, 0x12, 0x44, 0x22, 0x02, 0x03, 0x00
    .byte 0x18, 0x00, 0x00, 0x00, 0x32, 0x00, 0x3e, 0x00, 0x00, 0x00, 0x14, 0x44, 0x42, 0x22, 0x02, 0x2c
    .byte 0x01, 0x00, 0x00, 0x00, 0x15, 0xe1, 0x03, 0x00, 0x03, 0x00, 0x00, 0x00, 0x26, 0x00, 0x66, 0x03
    .byte 0x00, 0x3e, 0x00, 0x00, 0x00, 0x26, 0x00, 0xd9, 0x03, 0x00, 0x03, 0x00, 0x00, 0x00, 0x32, 0x00
    .byte 0x01, 0x00, 0x00, 0x00, 0x13, 0xba, 0x3a, 0x22, 0x02, 0x03, 0x00, 0x03, 0x00, 0x00, 0x00, 0x32
    .byte 0x00, 0x08, 0x00, 0x00, 0x00, 0x14, 0xc8, 0x3a, 0x22, 0x02, 0x03, 0x00, 0x01, 0x00, 0x00, 0x00
    .byte 0x36, 0x00, 0x00, 0x25, 0xd1, 0x3a, 0x22, 0x02, 0x03, 0x00, 0x01, 0x00, 0x00, 0x00, 0x26, 0x00
    .byte 0x63, 0x03, 0x00, 0x03, 0x00, 0x00, 0x00, 0x32, 0x00, 0x01, 0x00, 0x00, 0x00, 0x14, 0x02, 0x3b
    .byte 0x22, 0x02, 0x20, 0x00, 0x00, 0x2c, 0x0f, 0x00, 0x00, 0x00, 0x15, 0xe0, 0x2c, 0x15, 0x00, 0x00
    .byte 0x00, 0x2c, 0x9d, 0x00, 0x00, 0x00, 0x2c, 0x7f, 0x00, 0x00, 0x00, 0x15, 0x0a, 0x25, 0x22, 0x3c
    .byte 0x22, 0x02, 0x03, 0x00, 0x03, 0x00, 0x00, 0x00, 0x32, 0x00, 0x08, 0x00, 0x00, 0x00, 0x14, 0x33
    .byte 0x3b, 0x22, 0x02, 0x20, 0x00, 0x00, 0x2c, 0x0f, 0x00, 0x00, 0x00, 0x15, 0xe0, 0x2c, 0x15, 0x00
    .byte 0x00, 0x00, 0x2c, 0x9c, 0x00, 0x00, 0x00, 0x2c, 0x7f, 0x00, 0x00, 0x00, 0x15, 0x0a, 0x25, 0x22
    .byte 0x3c, 0x22, 0x02, 0x03, 0x00, 0x03, 0x00, 0x00, 0x00, 0x32, 0x00, 0x03, 0x00, 0x00, 0x00, 0x14
    .byte 0x8b, 0x3b, 0x22, 0x02, 0x03, 0x00, 0x3e, 0x00, 0x00, 0x00, 0x32, 0x00, 0x3e, 0x00, 0x00, 0x00
    .byte 0x14, 0x75, 0x3b, 0x22, 0x02, 0x20, 0x00, 0x00, 0x2c, 0x75, 0x00, 0x00, 0x00, 0x15, 0xe0, 0x2c
    .byte 0x15, 0x00, 0x00, 0x00, 0x2c, 0x9d, 0x00, 0x00, 0x00, 0x2c, 0x7f, 0x00, 0x00, 0x00, 0x15, 0x0a
    .byte 0x25, 0x86, 0x3b, 0x22, 0x02, 0x2c, 0x15, 0x00, 0x00, 0x00, 0x2c, 0x9d, 0x00, 0x00, 0x00, 0x2c
    .byte 0x7f, 0x00, 0x00, 0x00, 0x15, 0x0a, 0x25, 0x22, 0x3c, 0x22, 0x02, 0x03, 0x00, 0x03, 0x00, 0x00
    .byte 0x00, 0x32, 0x00, 0x09, 0x00, 0x00, 0x00, 0x14, 0xb2, 0x3b, 0x22, 0x02, 0x2c, 0x15, 0x00, 0x00
    .byte 0x00, 0x2c, 0x9c, 0x00, 0x00, 0x00, 0x2c, 0x7f, 0x00, 0x00, 0x00, 0x15, 0x0a, 0x25, 0x22, 0x3c
    .byte 0x22, 0x02, 0x03, 0x00, 0x03, 0x00, 0x00, 0x00, 0x32, 0x00, 0x04, 0x00, 0x00, 0x00, 0x14, 0xd9
    .byte 0x3b, 0x22, 0x02, 0x2c, 0x15, 0x00, 0x00, 0x00, 0x2c, 0x9c, 0x00, 0x00, 0x00, 0x2c, 0x7f, 0x00
    .byte 0x00, 0x00, 0x15, 0x0a, 0x25, 0x22, 0x3c, 0x22, 0x02, 0x03, 0x00, 0x03, 0x00, 0x00, 0x00, 0x32
    .byte 0x00, 0x0a, 0x00, 0x00, 0x00, 0x14, 0x00, 0x3c, 0x22, 0x02, 0x2c, 0x15, 0x00, 0x00, 0x00, 0x2c
    .byte 0x9d, 0x00, 0x00, 0x00, 0x2c, 0x7f, 0x00, 0x00, 0x00, 0x15, 0x0a, 0x25, 0x22, 0x3c, 0x22, 0x02
    .byte 0x03, 0x00, 0x03, 0x00, 0x00, 0x00, 0x32, 0x00, 0x0b, 0x00, 0x00, 0x00, 0x14, 0x22, 0x3c, 0x22
    .byte 0x02, 0x2c, 0x15, 0x00, 0x00, 0x00, 0x2c, 0x9c, 0x00, 0x00, 0x00, 0x2c, 0x7f, 0x00, 0x00, 0x00
    .byte 0x15, 0x0a, 0x20, 0x00, 0x00, 0x2c, 0x8f, 0xe0, 0x21, 0x02, 0x15, 0x39, 0x20, 0x00, 0x00, 0x15
    .byte 0x42, 0x18, 0x70, 0x32, 0x00, 0x00, 0x00, 0x00, 0x00, 0x14, 0x43, 0x3c, 0x22, 0x02, 0x01, 0x2c
    .byte 0x3c, 0x22, 0x02, 0x15, 0x63, 0x18, 0x70, 0x32, 0x00, 0x0c, 0x00, 0x00, 0x00, 0x14, 0x41, 0x3e
    .byte 0x22, 0x02, 0x20, 0x00, 0x00, 0x2c, 0xa0, 0xde, 0x21, 0x02, 0x15, 0x39, 0x20, 0x00, 0x00, 0x15
    .byte 0x42, 0x18, 0x70, 0x32, 0x00, 0x00, 0x00, 0x00, 0x00, 0x14, 0x73, 0x3c, 0x22, 0x02, 0x01, 0x5c
    .byte 0x3c, 0x22, 0x02, 0x03, 0x00, 0x09, 0x00, 0x00, 0x00, 0x26, 0x00, 0x66, 0x03, 0x00, 0x61, 0x01
    .byte 0x00, 0x00, 0x26, 0x00, 0xd9, 0x03, 0x00, 0x09, 0x00, 0x00, 0x00, 0x32, 0x00, 0x01, 0x00, 0x00
    .byte 0x00, 0x13, 0xa7, 0x3c, 0x22, 0x02, 0x03, 0x00, 0x09, 0x00, 0x00, 0x00, 0x32, 0x00, 0x08, 0x00
    .byte 0x00, 0x00, 0x14, 0xb5, 0x3c, 0x22, 0x02, 0x03, 0x00, 0x01, 0x00, 0x00, 0x00, 0x36, 0x00, 0x00
    .byte 0x25, 0xbe, 0x3c, 0x22, 0x02, 0x03, 0x00, 0x01, 0x00, 0x00, 0x00, 0x26, 0x00, 0x63, 0x03, 0x00
    .byte 0x09, 0x00, 0x00, 0x00, 0x32, 0x00, 0x01, 0x00, 0x00, 0x00, 0x14, 0xef, 0x3c, 0x22, 0x02, 0x20
    .byte 0x00, 0x00, 0x2c, 0x0f, 0x00, 0x00, 0x00, 0x15, 0xe0, 0x2c, 0x15, 0x00, 0x00, 0x00, 0x2c, 0x9d
    .byte 0x00, 0x00, 0x00, 0x2c, 0x7f, 0x00, 0x00, 0x00, 0x15, 0x0a, 0x25, 0x0f, 0x3e, 0x22, 0x02, 0x03
    .byte 0x00, 0x09, 0x00, 0x00, 0x00, 0x32, 0x00, 0x08, 0x00, 0x00, 0x00, 0x14, 0x20, 0x3d, 0x22, 0x02
    .byte 0x20, 0x00, 0x00, 0x2c, 0x0f, 0x00, 0x00, 0x00, 0x15, 0xe0, 0x2c, 0x15, 0x00, 0x00, 0x00, 0x2c
    .byte 0x9c, 0x00, 0x00, 0x00, 0x2c, 0x7f, 0x00, 0x00, 0x00, 0x15, 0x0a, 0x25, 0x0f, 0x3e, 0x22, 0x02
    .byte 0x03, 0x00, 0x09, 0x00, 0x00, 0x00, 0x32, 0x00, 0x03, 0x00, 0x00, 0x00, 0x14, 0x78, 0x3d, 0x22
    .byte 0x02, 0x03, 0x00, 0x61, 0x01, 0x00, 0x00, 0x32, 0x00, 0x3e, 0x00, 0x00, 0x00, 0x14, 0x62, 0x3d
    .byte 0x22, 0x02, 0x20, 0x00, 0x00, 0x2c, 0x75, 0x00, 0x00, 0x00, 0x15, 0xe0, 0x2c, 0x15, 0x00, 0x00
    .byte 0x00, 0x2c, 0x9d, 0x00, 0x00, 0x00, 0x2c, 0x7f, 0x00, 0x00, 0x00, 0x15, 0x0a, 0x25, 0x73, 0x3d
    .byte 0x22, 0x02, 0x2c, 0x15, 0x00, 0x00, 0x00, 0x2c, 0x9d, 0x00, 0x00, 0x00, 0x2c, 0x7f, 0x00, 0x00
    .byte 0x00, 0x15, 0x0a, 0x25, 0x0f, 0x3e, 0x22, 0x02, 0x03, 0x00, 0x09, 0x00, 0x00, 0x00, 0x32, 0x00
    .byte 0x09, 0x00, 0x00, 0x00, 0x14, 0x9f, 0x3d, 0x22, 0x02, 0x2c, 0x15, 0x00, 0x00, 0x00, 0x2c, 0x9c
    .byte 0x00, 0x00, 0x00, 0x2c, 0x7f, 0x00, 0x00, 0x00, 0x15, 0x0a, 0x25, 0x0f, 0x3e, 0x22, 0x02, 0x03
    .byte 0x00, 0x09, 0x00, 0x00, 0x00, 0x32, 0x00, 0x04, 0x00, 0x00, 0x00, 0x14, 0xc6, 0x3d, 0x22, 0x02
    .byte 0x2c, 0x15, 0x00, 0x00, 0x00, 0x2c, 0x9c, 0x00, 0x00, 0x00, 0x2c, 0x7f, 0x00, 0x00, 0x00, 0x15
    .byte 0x0a, 0x25, 0x0f, 0x3e, 0x22, 0x02, 0x03, 0x00, 0x09, 0x00, 0x00, 0x00, 0x32, 0x00, 0x0a, 0x00
    .byte 0x00, 0x00, 0x14, 0xed, 0x3d, 0x22, 0x02, 0x2c, 0x15, 0x00, 0x00, 0x00, 0x2c, 0x9d, 0x00, 0x00
    .byte 0x00, 0x2c, 0x7f, 0x00, 0x00, 0x00, 0x15, 0x0a, 0x25, 0x0f, 0x3e, 0x22, 0x02, 0x03, 0x00, 0x09
    .byte 0x00, 0x00, 0x00, 0x32, 0x00, 0x0b, 0x00, 0x00, 0x00, 0x14, 0x0f, 0x3e, 0x22, 0x02, 0x2c, 0x15
    .byte 0x00, 0x00, 0x00, 0x2c, 0x9c, 0x00, 0x00, 0x00, 0x2c, 0x7f, 0x00, 0x00, 0x00, 0x15, 0x0a, 0x20
    .byte 0x00, 0x00, 0x2c, 0x8f, 0xe0, 0x21, 0x02, 0x15, 0x39, 0x20, 0x00, 0x00, 0x15, 0x42, 0x18, 0x70
    .byte 0x32, 0x00, 0x00, 0x00, 0x00, 0x00, 0x14, 0x30, 0x3e, 0x22, 0x02, 0x01, 0x19, 0x3e, 0x22, 0x02
    .byte 0x2c, 0x61, 0x01, 0x00, 0x00, 0x2c, 0x01, 0x00, 0x00, 0x00, 0x15, 0x76, 0x25, 0x38, 0x42, 0x22
    .byte 0x02, 0x15, 0x63, 0x18, 0x70, 0x32, 0x00, 0x13, 0x00, 0x00, 0x00, 0x14, 0x3f, 0x40, 0x22, 0x02
    .byte 0x20, 0x00, 0x00, 0x2c, 0xa0, 0xde, 0x21, 0x02, 0x15, 0x39, 0x20, 0x00, 0x00, 0x15, 0x42, 0x18
    .byte 0x70, 0x32, 0x00, 0x00, 0x00, 0x00, 0x00, 0x14, 0x71, 0x3e, 0x22, 0x02, 0x01, 0x5a, 0x3e, 0x22
    .byte 0x02, 0x03, 0x00, 0x09, 0x00, 0x00, 0x00, 0x26, 0x00, 0x66, 0x03, 0x00, 0x62, 0x01, 0x00, 0x00
    .byte 0x26, 0x00, 0xd9, 0x03, 0x00, 0x09, 0x00, 0x00, 0x00, 0x32, 0x00, 0x01, 0x00, 0x00, 0x00, 0x13
    .byte 0xa5, 0x3e, 0x22, 0x02, 0x03, 0x00, 0x09, 0x00, 0x00, 0x00, 0x32, 0x00, 0x08, 0x00, 0x00, 0x00
    .byte 0x14, 0xb3, 0x3e, 0x22, 0x02, 0x03, 0x00, 0x01, 0x00, 0x00, 0x00, 0x36, 0x00, 0x00, 0x25, 0xbc
    .byte 0x3e, 0x22, 0x02, 0x03, 0x00, 0x01, 0x00, 0x00, 0x00, 0x26, 0x00, 0x63, 0x03, 0x00, 0x09, 0x00
    .byte 0x00, 0x00, 0x32, 0x00, 0x01, 0x00, 0x00, 0x00, 0x14, 0xed, 0x3e, 0x22, 0x02, 0x20, 0x00, 0x00
    .byte 0x2c, 0x0f, 0x00, 0x00, 0x00, 0x15, 0xe0, 0x2c, 0x15, 0x00, 0x00, 0x00, 0x2c, 0x9d, 0x00, 0x00
    .byte 0x00, 0x2c, 0x7f, 0x00, 0x00, 0x00, 0x15, 0x0a, 0x25, 0x0d, 0x40, 0x22, 0x02, 0x03, 0x00, 0x09
    .byte 0x00, 0x00, 0x00, 0x32, 0x00, 0x08, 0x00, 0x00, 0x00, 0x14, 0x1e, 0x3f, 0x22, 0x02, 0x20, 0x00
    .byte 0x00, 0x2c, 0x0f, 0x00, 0x00, 0x00, 0x15, 0xe0, 0x2c, 0x15, 0x00, 0x00, 0x00, 0x2c, 0x9c, 0x00
    .byte 0x00, 0x00, 0x2c, 0x7f, 0x00, 0x00, 0x00, 0x15, 0x0a, 0x25, 0x0d, 0x40, 0x22, 0x02, 0x03, 0x00
    .byte 0x09, 0x00, 0x00, 0x00, 0x32, 0x00, 0x03, 0x00, 0x00, 0x00, 0x14, 0x76, 0x3f, 0x22, 0x02, 0x03
    .byte 0x00, 0x62, 0x01, 0x00, 0x00, 0x32, 0x00, 0x3e, 0x00, 0x00, 0x00, 0x14, 0x60, 0x3f, 0x22, 0x02
    .byte 0x20, 0x00, 0x00, 0x2c, 0x75, 0x00, 0x00, 0x00, 0x15, 0xe0, 0x2c, 0x15, 0x00, 0x00, 0x00, 0x2c
    .byte 0x9d, 0x00, 0x00, 0x00, 0x2c, 0x7f, 0x00, 0x00, 0x00, 0x15, 0x0a, 0x25, 0x71, 0x3f, 0x22, 0x02
    .byte 0x2c, 0x15, 0x00, 0x00, 0x00, 0x2c, 0x9d, 0x00, 0x00, 0x00, 0x2c, 0x7f, 0x00, 0x00, 0x00, 0x15
    .byte 0x0a, 0x25, 0x0d, 0x40, 0x22, 0x02, 0x03, 0x00, 0x09, 0x00, 0x00, 0x00, 0x32, 0x00, 0x09, 0x00
    .byte 0x00, 0x00, 0x14, 0x9d, 0x3f, 0x22, 0x02, 0x2c, 0x15, 0x00, 0x00, 0x00, 0x2c, 0x9c, 0x00, 0x00
    .byte 0x00, 0x2c, 0x7f, 0x00, 0x00, 0x00, 0x15, 0x0a, 0x25, 0x0d, 0x40, 0x22, 0x02, 0x03, 0x00, 0x09
    .byte 0x00, 0x00, 0x00, 0x32, 0x00, 0x04, 0x00, 0x00, 0x00, 0x14, 0xc4, 0x3f, 0x22, 0x02, 0x2c, 0x15
    .byte 0x00, 0x00, 0x00, 0x2c, 0x9c, 0x00, 0x00, 0x00, 0x2c, 0x7f, 0x00, 0x00, 0x00, 0x15, 0x0a, 0x25
    .byte 0x0d, 0x40, 0x22, 0x02, 0x03, 0x00, 0x09, 0x00, 0x00, 0x00, 0x32, 0x00, 0x0a, 0x00, 0x00, 0x00
    .byte 0x14, 0xeb, 0x3f, 0x22, 0x02, 0x2c, 0x15, 0x00, 0x00, 0x00, 0x2c, 0x9d, 0x00, 0x00, 0x00, 0x2c
    .byte 0x7f, 0x00, 0x00, 0x00, 0x15, 0x0a, 0x25, 0x0d, 0x40, 0x22, 0x02, 0x03, 0x00, 0x09, 0x00, 0x00
    .byte 0x00, 0x32, 0x00, 0x0b, 0x00, 0x00, 0x00, 0x14, 0x0d, 0x40, 0x22, 0x02, 0x2c, 0x15, 0x00, 0x00
    .byte 0x00, 0x2c, 0x9c, 0x00, 0x00, 0x00, 0x2c, 0x7f, 0x00, 0x00, 0x00, 0x15, 0x0a, 0x20, 0x00, 0x00
    .byte 0x2c, 0x8f, 0xe0, 0x21, 0x02, 0x15, 0x39, 0x20, 0x00, 0x00, 0x15, 0x42, 0x18, 0x70, 0x32, 0x00
    .byte 0x00, 0x00, 0x00, 0x00, 0x14, 0x2e, 0x40, 0x22, 0x02, 0x01, 0x17, 0x40, 0x22, 0x02, 0x2c, 0x62
    .byte 0x01, 0x00, 0x00, 0x2c, 0x01, 0x00, 0x00, 0x00, 0x15, 0x76, 0x25, 0x38, 0x42, 0x22, 0x02, 0x15
    .byte 0x63, 0x18, 0x70, 0x32, 0x00, 0x17, 0x00, 0x00, 0x00, 0x14, 0x38, 0x42, 0x22, 0x02, 0x20, 0x00
    .byte 0x00, 0x2c, 0xa0, 0xde, 0x21, 0x02, 0x15, 0x39, 0x20, 0x00, 0x00, 0x15, 0x42, 0x18, 0x70, 0x32
    .byte 0x00, 0x00, 0x00, 0x00, 0x00, 0x14, 0x6f, 0x40, 0x22, 0x02, 0x01, 0x58, 0x40, 0x22, 0x02, 0x03
    .byte 0x00, 0x09, 0x00, 0x00, 0x00, 0x26, 0x00, 0x66, 0x03, 0x00, 0x63, 0x01, 0x00, 0x00, 0x26, 0x00
    .byte 0xd9, 0x03, 0x00, 0x09, 0x00, 0x00, 0x00, 0x32, 0x00, 0x01, 0x00, 0x00, 0x00, 0x13, 0xa3, 0x40
    .byte 0x22, 0x02, 0x03, 0x00, 0x09, 0x00, 0x00, 0x00, 0x32, 0x00, 0x08, 0x00, 0x00, 0x00, 0x14, 0xb1
    .byte 0x40, 0x22, 0x02, 0x03, 0x00, 0x01, 0x00, 0x00, 0x00, 0x36, 0x00, 0x00, 0x25, 0xba, 0x40, 0x22
    .byte 0x02, 0x03, 0x00, 0x01, 0x00, 0x00, 0x00, 0x26, 0x00, 0x63, 0x03, 0x00, 0x09, 0x00, 0x00, 0x00
    .byte 0x32, 0x00, 0x01, 0x00, 0x00, 0x00, 0x14, 0xeb, 0x40, 0x22, 0x02, 0x20, 0x00, 0x00, 0x2c, 0x0f
    .byte 0x00, 0x00, 0x00, 0x15, 0xe0, 0x2c, 0x15, 0x00, 0x00, 0x00, 0x2c, 0x9d, 0x00, 0x00, 0x00, 0x2c
    .byte 0x7f, 0x00, 0x00, 0x00, 0x15, 0x0a, 0x25, 0x0b, 0x42, 0x22, 0x02, 0x03, 0x00, 0x09, 0x00, 0x00
    .byte 0x00, 0x32, 0x00, 0x08, 0x00, 0x00, 0x00, 0x14, 0x1c, 0x41, 0x22, 0x02, 0x20, 0x00, 0x00, 0x2c
    .byte 0x0f, 0x00, 0x00, 0x00, 0x15, 0xe0, 0x2c, 0x15, 0x00, 0x00, 0x00, 0x2c, 0x9c, 0x00, 0x00, 0x00
    .byte 0x2c, 0x7f, 0x00, 0x00, 0x00, 0x15, 0x0a, 0x25, 0x0b, 0x42, 0x22, 0x02, 0x03, 0x00, 0x09, 0x00
    .byte 0x00, 0x00, 0x32, 0x00, 0x03, 0x00, 0x00, 0x00, 0x14, 0x74, 0x41, 0x22, 0x02, 0x03, 0x00, 0x63
    .byte 0x01, 0x00, 0x00, 0x32, 0x00, 0x3e, 0x00, 0x00, 0x00, 0x14, 0x5e, 0x41, 0x22, 0x02, 0x20, 0x00
    .byte 0x00, 0x2c, 0x75, 0x00, 0x00, 0x00, 0x15, 0xe0, 0x2c, 0x15, 0x00, 0x00, 0x00, 0x2c, 0x9d, 0x00
    .byte 0x00, 0x00, 0x2c, 0x7f, 0x00, 0x00, 0x00, 0x15, 0x0a, 0x25, 0x6f, 0x41, 0x22, 0x02, 0x2c, 0x15
    .byte 0x00, 0x00, 0x00, 0x2c, 0x9d, 0x00, 0x00, 0x00, 0x2c, 0x7f, 0x00, 0x00, 0x00, 0x15, 0x0a, 0x25
    .byte 0x0b, 0x42, 0x22, 0x02, 0x03, 0x00, 0x09, 0x00, 0x00, 0x00, 0x32, 0x00, 0x09, 0x00, 0x00, 0x00
    .byte 0x14, 0x9b, 0x41, 0x22, 0x02, 0x2c, 0x15, 0x00, 0x00, 0x00, 0x2c, 0x9c, 0x00, 0x00, 0x00, 0x2c
    .byte 0x7f, 0x00, 0x00, 0x00, 0x15, 0x0a, 0x25, 0x0b, 0x42, 0x22, 0x02, 0x03, 0x00, 0x09, 0x00, 0x00
    .byte 0x00, 0x32, 0x00, 0x04, 0x00, 0x00, 0x00, 0x14, 0xc2, 0x41, 0x22, 0x02, 0x2c, 0x15, 0x00, 0x00
    .byte 0x00, 0x2c, 0x9c, 0x00, 0x00, 0x00, 0x2c, 0x7f, 0x00, 0x00, 0x00, 0x15, 0x0a, 0x25, 0x0b, 0x42
    .byte 0x22, 0x02, 0x03, 0x00, 0x09, 0x00, 0x00, 0x00, 0x32, 0x00, 0x0a, 0x00, 0x00, 0x00, 0x14, 0xe9
    .byte 0x41, 0x22, 0x02, 0x2c, 0x15, 0x00, 0x00, 0x00, 0x2c, 0x9d, 0x00, 0x00, 0x00, 0x2c, 0x7f, 0x00
    .byte 0x00, 0x00, 0x15, 0x0a, 0x25, 0x0b, 0x42, 0x22, 0x02, 0x03, 0x00, 0x09, 0x00, 0x00, 0x00, 0x32
    .byte 0x00, 0x0b, 0x00, 0x00, 0x00, 0x14, 0x0b, 0x42, 0x22, 0x02, 0x2c, 0x15, 0x00, 0x00, 0x00, 0x2c
    .byte 0x9c, 0x00, 0x00, 0x00, 0x2c, 0x7f, 0x00, 0x00, 0x00, 0x15, 0x0a, 0x20, 0x00, 0x00, 0x2c, 0x8f
    .byte 0xe0, 0x21, 0x02, 0x15, 0x39, 0x20, 0x00, 0x00, 0x15, 0x42, 0x18, 0x70, 0x32, 0x00, 0x00, 0x00
    .byte 0x00, 0x00, 0x14, 0x2c, 0x42, 0x22, 0x02, 0x01, 0x15, 0x42, 0x22, 0x02, 0x2c, 0x63, 0x01, 0x00
    .byte 0x00, 0x2c, 0x01, 0x00, 0x00, 0x00, 0x15, 0x76, 0x20, 0x00, 0x00, 0x15, 0x07, 0x15, 0x08, 0x25
    .byte 0x0d, 0x44, 0x22, 0x02, 0x2c, 0x18, 0x00, 0x00, 0x00, 0x2c, 0x01, 0x00, 0x00, 0x00, 0x15, 0x76
    .byte 0x03, 0x00, 0x05, 0x00, 0x00, 0x00, 0x26, 0x00, 0x66, 0x03, 0x00, 0x18, 0x00, 0x00, 0x00, 0x26
    .byte 0x00, 0xd9, 0x03, 0x00, 0x05, 0x00, 0x00, 0x00, 0x32, 0x00, 0x01, 0x00, 0x00, 0x00, 0x13, 0x84
    .byte 0x42, 0x22, 0x02, 0x03, 0x00, 0x05, 0x00, 0x00, 0x00, 0x32, 0x00, 0x08, 0x00, 0x00, 0x00, 0x14
    .byte 0x92, 0x42, 0x22, 0x02, 0x03, 0x00, 0x01, 0x00, 0x00, 0x00, 0x36, 0x00, 0x00, 0x25, 0x9b, 0x42
    .byte 0x22, 0x02, 0x03, 0x00, 0x01, 0x00, 0x00, 0x00, 0x26, 0x00, 0x63, 0x03, 0x00, 0x05, 0x00, 0x00
    .byte 0x00, 0x32, 0x00, 0x01, 0x00, 0x00, 0x00, 0x14, 0xcc, 0x42, 0x22, 0x02, 0x20, 0x00, 0x00, 0x2c
    .byte 0x0f, 0x00, 0x00, 0x00, 0x15, 0xe0, 0x2c, 0x15, 0x00, 0x00, 0x00, 0x2c, 0x9d, 0x00, 0x00, 0x00
    .byte 0x2c, 0x7f, 0x00, 0x00, 0x00, 0x15, 0x0a, 0x25, 0xec, 0x43, 0x22, 0x02, 0x03, 0x00, 0x05, 0x00
    .byte 0x00, 0x00, 0x32, 0x00, 0x08, 0x00, 0x00, 0x00, 0x14, 0xfd, 0x42, 0x22, 0x02, 0x20, 0x00, 0x00
    .byte 0x2c, 0x0f, 0x00, 0x00, 0x00, 0x15, 0xe0, 0x2c, 0x15, 0x00, 0x00, 0x00, 0x2c, 0x9c, 0x00, 0x00
    .byte 0x00, 0x2c, 0x7f, 0x00, 0x00, 0x00, 0x15, 0x0a, 0x25, 0xec, 0x43, 0x22, 0x02, 0x03, 0x00, 0x05
    .byte 0x00, 0x00, 0x00, 0x32, 0x00, 0x03, 0x00, 0x00, 0x00, 0x14, 0x55, 0x43, 0x22, 0x02, 0x03, 0x00
    .byte 0x18, 0x00, 0x00, 0x00, 0x32, 0x00, 0x3e, 0x00, 0x00, 0x00, 0x14, 0x3f, 0x43, 0x22, 0x02, 0x20
    .byte 0x00, 0x00, 0x2c, 0x75, 0x00, 0x00, 0x00, 0x15, 0xe0, 0x2c, 0x15, 0x00, 0x00, 0x00, 0x2c, 0x9d
    .byte 0x00, 0x00, 0x00, 0x2c, 0x7f, 0x00, 0x00, 0x00, 0x15, 0x0a, 0x25, 0x50, 0x43, 0x22, 0x02, 0x2c
    .byte 0x15, 0x00, 0x00, 0x00, 0x2c, 0x9d, 0x00, 0x00, 0x00, 0x2c, 0x7f, 0x00, 0x00, 0x00, 0x15, 0x0a
    .byte 0x25, 0xec, 0x43, 0x22, 0x02, 0x03, 0x00, 0x05, 0x00, 0x00, 0x00, 0x32, 0x00, 0x09, 0x00, 0x00
    .byte 0x00, 0x14, 0x7c, 0x43, 0x22, 0x02, 0x2c, 0x15, 0x00, 0x00, 0x00, 0x2c, 0x9c, 0x00, 0x00, 0x00
    .byte 0x2c, 0x7f, 0x00, 0x00, 0x00, 0x15, 0x0a, 0x25, 0xec, 0x43, 0x22, 0x02, 0x03, 0x00, 0x05, 0x00
    .byte 0x00, 0x00, 0x32, 0x00, 0x04, 0x00, 0x00, 0x00, 0x14, 0xa3, 0x43, 0x22, 0x02, 0x2c, 0x15, 0x00
    .byte 0x00, 0x00, 0x2c, 0x9c, 0x00, 0x00, 0x00, 0x2c, 0x7f, 0x00, 0x00, 0x00, 0x15, 0x0a, 0x25, 0xec
    .byte 0x43, 0x22, 0x02, 0x03, 0x00, 0x05, 0x00, 0x00, 0x00, 0x32, 0x00, 0x0a, 0x00, 0x00, 0x00, 0x14
    .byte 0xca, 0x43, 0x22, 0x02, 0x2c, 0x15, 0x00, 0x00, 0x00, 0x2c, 0x9d, 0x00, 0x00, 0x00, 0x2c, 0x7f
    .byte 0x00, 0x00, 0x00, 0x15, 0x0a, 0x25, 0xec, 0x43, 0x22, 0x02, 0x03, 0x00, 0x05, 0x00, 0x00, 0x00
    .byte 0x32, 0x00, 0x0b, 0x00, 0x00, 0x00, 0x14, 0xec, 0x43, 0x22, 0x02, 0x2c, 0x15, 0x00, 0x00, 0x00
    .byte 0x2c, 0x9c, 0x00, 0x00, 0x00, 0x2c, 0x7f, 0x00, 0x00, 0x00, 0x15, 0x0a, 0x20, 0x00, 0x00, 0x2c
    .byte 0x8f, 0xe0, 0x21, 0x02, 0x15, 0x39, 0x20, 0x00, 0x00, 0x15, 0x42, 0x18, 0x70, 0x32, 0x00, 0x00
    .byte 0x00, 0x00, 0x00, 0x14, 0x0d, 0x44, 0x22, 0x02, 0x01, 0xf6, 0x43, 0x22, 0x02, 0x25, 0x49, 0x48
    .byte 0x22, 0x02, 0x03, 0x00, 0x05, 0x00, 0x00, 0x00, 0x32, 0x00, 0x09, 0x00, 0x00, 0x00, 0x14, 0xf1
    .byte 0x45, 0x22, 0x02, 0x2c, 0x18, 0x00, 0x00, 0x00, 0x2c, 0x01, 0x00, 0x00, 0x00, 0x15, 0x76, 0x03
    .byte 0x00, 0x05, 0x00, 0x00, 0x00, 0x26, 0x00, 0x66, 0x03, 0x00, 0x18, 0x00, 0x00, 0x00, 0x26, 0x00
    .byte 0xd9, 0x03, 0x00, 0x05, 0x00, 0x00, 0x00, 0x32, 0x00, 0x01, 0x00, 0x00, 0x00, 0x13, 0x63, 0x44
    .byte 0x22, 0x02, 0x03, 0x00, 0x05, 0x00, 0x00, 0x00, 0x32, 0x00, 0x08, 0x00, 0x00, 0x00, 0x14, 0x71
    .byte 0x44, 0x22, 0x02, 0x03, 0x00, 0x01, 0x00, 0x00, 0x00, 0x36, 0x00, 0x00, 0x25, 0x7a, 0x44, 0x22
    .byte 0x02, 0x03, 0x00, 0x01, 0x00, 0x00, 0x00, 0x26, 0x00, 0x63, 0x03, 0x00, 0x05, 0x00, 0x00, 0x00
    .byte 0x32, 0x00, 0x01, 0x00, 0x00, 0x00, 0x14, 0xab, 0x44, 0x22, 0x02, 0x20, 0x00, 0x00, 0x2c, 0x0f
    .byte 0x00, 0x00, 0x00, 0x15, 0xe0, 0x2c, 0x15, 0x00, 0x00, 0x00, 0x2c, 0x9d, 0x00, 0x00, 0x00, 0x2c
    .byte 0x7f, 0x00, 0x00, 0x00, 0x15, 0x0a, 0x25, 0xcb, 0x45, 0x22, 0x02, 0x03, 0x00, 0x05, 0x00, 0x00
    .byte 0x00, 0x32, 0x00, 0x08, 0x00, 0x00, 0x00, 0x14, 0xdc, 0x44, 0x22, 0x02, 0x20, 0x00, 0x00, 0x2c
    .byte 0x0f, 0x00, 0x00, 0x00, 0x15, 0xe0, 0x2c, 0x15, 0x00, 0x00, 0x00, 0x2c, 0x9c, 0x00, 0x00, 0x00
    .byte 0x2c, 0x7f, 0x00, 0x00, 0x00, 0x15, 0x0a, 0x25, 0xcb, 0x45, 0x22, 0x02, 0x03, 0x00, 0x05, 0x00
    .byte 0x00, 0x00, 0x32, 0x00, 0x03, 0x00, 0x00, 0x00, 0x14, 0x34, 0x45, 0x22, 0x02, 0x03, 0x00, 0x18
    .byte 0x00, 0x00, 0x00, 0x32, 0x00, 0x3e, 0x00, 0x00, 0x00, 0x14, 0x1e, 0x45, 0x22, 0x02, 0x20, 0x00
    .byte 0x00, 0x2c, 0x75, 0x00, 0x00, 0x00, 0x15, 0xe0, 0x2c, 0x15, 0x00, 0x00, 0x00, 0x2c, 0x9d, 0x00
    .byte 0x00, 0x00, 0x2c, 0x7f, 0x00, 0x00, 0x00, 0x15, 0x0a, 0x25, 0x2f, 0x45, 0x22, 0x02, 0x2c, 0x15
    .byte 0x00, 0x00, 0x00, 0x2c, 0x9d, 0x00, 0x00, 0x00, 0x2c, 0x7f, 0x00, 0x00, 0x00, 0x15, 0x0a, 0x25
    .byte 0xcb, 0x45, 0x22, 0x02, 0x03, 0x00, 0x05, 0x00, 0x00, 0x00, 0x32, 0x00, 0x09, 0x00, 0x00, 0x00
    .byte 0x14, 0x5b, 0x45, 0x22, 0x02, 0x2c, 0x15, 0x00, 0x00, 0x00, 0x2c, 0x9c, 0x00, 0x00, 0x00, 0x2c
    .byte 0x7f, 0x00, 0x00, 0x00, 0x15, 0x0a, 0x25, 0xcb, 0x45, 0x22, 0x02, 0x03, 0x00, 0x05, 0x00, 0x00
    .byte 0x00, 0x32, 0x00, 0x04, 0x00, 0x00, 0x00, 0x14, 0x82, 0x45, 0x22, 0x02, 0x2c, 0x15, 0x00, 0x00
    .byte 0x00, 0x2c, 0x9c, 0x00, 0x00, 0x00, 0x2c, 0x7f, 0x00, 0x00, 0x00, 0x15, 0x0a, 0x25, 0xcb, 0x45
    .byte 0x22, 0x02, 0x03, 0x00, 0x05, 0x00, 0x00, 0x00, 0x32, 0x00, 0x0a, 0x00, 0x00, 0x00, 0x14, 0xa9
    .byte 0x45, 0x22, 0x02, 0x2c, 0x15, 0x00, 0x00, 0x00, 0x2c, 0x9d, 0x00, 0x00, 0x00, 0x2c, 0x7f, 0x00
    .byte 0x00, 0x00, 0x15, 0x0a, 0x25, 0xcb, 0x45, 0x22, 0x02, 0x03, 0x00, 0x05, 0x00, 0x00, 0x00, 0x32
    .byte 0x00, 0x0b, 0x00, 0x00, 0x00, 0x14, 0xcb, 0x45, 0x22, 0x02, 0x2c, 0x15, 0x00, 0x00, 0x00, 0x2c
    .byte 0x9c, 0x00, 0x00, 0x00, 0x2c, 0x7f, 0x00, 0x00, 0x00, 0x15, 0x0a, 0x20, 0x00, 0x00, 0x2c, 0x8f
    .byte 0xe0, 0x21, 0x02, 0x15, 0x39, 0x20, 0x00, 0x00, 0x15, 0x42, 0x18, 0x70, 0x32, 0x00, 0x00, 0x00
    .byte 0x00, 0x00, 0x14, 0xec, 0x45, 0x22, 0x02, 0x01, 0xd5, 0x45, 0x22, 0x02, 0x25, 0x49, 0x48, 0x22
    .byte 0x02, 0x03, 0x00, 0x05, 0x00, 0x00, 0x00, 0x32, 0x00, 0x04, 0x00, 0x00, 0x00, 0x14, 0x07, 0x48
    .byte 0x22, 0x02, 0x2c, 0x18, 0x00, 0x00, 0x00, 0x15, 0xde, 0x03, 0x00, 0x04, 0x00, 0x00, 0x00, 0x26
    .byte 0x00, 0x66, 0x03, 0x00, 0x18, 0x00, 0x00, 0x00, 0x26, 0x00, 0xd9, 0x03, 0x00, 0x04, 0x00, 0x00
    .byte 0x00, 0x32, 0x00, 0x01, 0x00, 0x00, 0x00, 0x13, 0x3d, 0x46, 0x22, 0x02, 0x03, 0x00, 0x04, 0x00
    .byte 0x00, 0x00, 0x32, 0x00, 0x08, 0x00, 0x00, 0x00, 0x14, 0x4b, 0x46, 0x22, 0x02, 0x03, 0x00, 0x01
    .byte 0x00, 0x00, 0x00, 0x36, 0x00, 0x00, 0x25, 0x54, 0x46, 0x22, 0x02, 0x03, 0x00, 0x01, 0x00, 0x00
    .byte 0x00, 0x26, 0x00, 0x63, 0x03, 0x00, 0x04, 0x00, 0x00, 0x00, 0x32, 0x00, 0x01, 0x00, 0x00, 0x00
    .byte 0x14, 0x85, 0x46, 0x22, 0x02, 0x20, 0x00, 0x00, 0x2c, 0x0f, 0x00, 0x00, 0x00, 0x15, 0xe0, 0x2c
    .byte 0x15, 0x00, 0x00, 0x00, 0x2c, 0x9d, 0x00, 0x00, 0x00, 0x2c, 0x7f, 0x00, 0x00, 0x00, 0x15, 0x0a
    .byte 0x25, 0xa5, 0x47, 0x22, 0x02, 0x03, 0x00, 0x04, 0x00, 0x00, 0x00, 0x32, 0x00, 0x08, 0x00, 0x00
    .byte 0x00, 0x14, 0xb6, 0x46, 0x22, 0x02, 0x20, 0x00, 0x00, 0x2c, 0x0f, 0x00, 0x00, 0x00, 0x15, 0xe0
    .byte 0x2c, 0x15, 0x00, 0x00, 0x00, 0x2c, 0x9c, 0x00, 0x00, 0x00, 0x2c, 0x7f, 0x00, 0x00, 0x00, 0x15
    .byte 0x0a, 0x25, 0xa5, 0x47, 0x22, 0x02, 0x03, 0x00, 0x04, 0x00, 0x00, 0x00, 0x32, 0x00, 0x03, 0x00
    .byte 0x00, 0x00, 0x14, 0x0e, 0x47, 0x22, 0x02, 0x03, 0x00, 0x18, 0x00, 0x00, 0x00, 0x32, 0x00, 0x3e
    .byte 0x00, 0x00, 0x00, 0x14, 0xf8, 0x46, 0x22, 0x02, 0x20, 0x00, 0x00, 0x2c, 0x75, 0x00, 0x00, 0x00
    .byte 0x15, 0xe0, 0x2c, 0x15, 0x00, 0x00, 0x00, 0x2c, 0x9d, 0x00, 0x00, 0x00, 0x2c, 0x7f, 0x00, 0x00
    .byte 0x00, 0x15, 0x0a, 0x25, 0x09, 0x47, 0x22, 0x02, 0x2c, 0x15, 0x00, 0x00, 0x00, 0x2c, 0x9d, 0x00
    .byte 0x00, 0x00, 0x2c, 0x7f, 0x00, 0x00, 0x00, 0x15, 0x0a, 0x25, 0xa5, 0x47, 0x22, 0x02, 0x03, 0x00
    .byte 0x04, 0x00, 0x00, 0x00, 0x32, 0x00, 0x09, 0x00, 0x00, 0x00, 0x14, 0x35, 0x47, 0x22, 0x02, 0x2c
    .byte 0x15, 0x00, 0x00, 0x00, 0x2c, 0x9c, 0x00, 0x00, 0x00, 0x2c, 0x7f, 0x00, 0x00, 0x00, 0x15, 0x0a
    .byte 0x25, 0xa5, 0x47, 0x22, 0x02, 0x03, 0x00, 0x04, 0x00, 0x00, 0x00, 0x32, 0x00, 0x04, 0x00, 0x00
    .byte 0x00, 0x14, 0x5c, 0x47, 0x22, 0x02, 0x2c, 0x15, 0x00, 0x00, 0x00, 0x2c, 0x9c, 0x00, 0x00, 0x00
    .byte 0x2c, 0x7f, 0x00, 0x00, 0x00, 0x15, 0x0a, 0x25, 0xa5, 0x47, 0x22, 0x02, 0x03, 0x00, 0x04, 0x00
    .byte 0x00, 0x00, 0x32, 0x00, 0x0a, 0x00, 0x00, 0x00, 0x14, 0x83, 0x47, 0x22, 0x02, 0x2c, 0x15, 0x00
    .byte 0x00, 0x00, 0x2c, 0x9d, 0x00, 0x00, 0x00, 0x2c, 0x7f, 0x00, 0x00, 0x00, 0x15, 0x0a, 0x25, 0xa5
    .byte 0x47, 0x22, 0x02, 0x03, 0x00, 0x04, 0x00, 0x00, 0x00, 0x32, 0x00, 0x0b, 0x00, 0x00, 0x00, 0x14
    .byte 0xa5, 0x47, 0x22, 0x02, 0x2c, 0x15, 0x00, 0x00, 0x00, 0x2c, 0x9c, 0x00, 0x00, 0x00, 0x2c, 0x7f
    .byte 0x00, 0x00, 0x00, 0x15, 0x0a, 0x20, 0x00, 0x00, 0x2c, 0x8f, 0xe0, 0x21, 0x02, 0x15, 0x39, 0x20
    .byte 0x00, 0x00, 0x15, 0x42, 0x18, 0x70, 0x32, 0x00, 0x00, 0x00, 0x00, 0x00, 0x14, 0xc6, 0x47, 0x22
    .byte 0x02, 0x01, 0xaf, 0x47, 0x22, 0x02, 0x2c, 0x98, 0x03, 0x00, 0x00, 0x15, 0x37, 0x18, 0x70, 0x32
    .byte 0x00, 0x00, 0x00, 0x00, 0x00, 0x14, 0xfb, 0x47, 0x22, 0x02, 0x2c, 0x14, 0x00, 0x00, 0x00, 0x15
    .byte 0x07, 0x15, 0x08, 0x2c, 0x98, 0x03, 0x00, 0x00, 0x15, 0x35, 0x2c, 0xb5, 0x03, 0x00, 0x00, 0x15
    .byte 0x35, 0x2c, 0x08, 0x00, 0x00, 0x00, 0x20, 0x00, 0x00, 0x15, 0x78, 0x20, 0x00, 0x00, 0x15, 0x07
    .byte 0x15, 0x08, 0x25, 0x49, 0x48, 0x22, 0x02, 0x03, 0x00, 0x05, 0x00, 0x00, 0x00, 0x32, 0x00, 0x05
    .byte 0x00, 0x00, 0x00, 0x14, 0x49, 0x48, 0x22, 0x02, 0x2c, 0x18, 0x00, 0x00, 0x00, 0x15, 0xf7, 0x03
    .byte 0x00, 0x18, 0x00, 0x00, 0x00, 0x26, 0x00, 0xc0, 0x20, 0x00, 0x00, 0x2c, 0xcc, 0xdf, 0x21, 0x02
    .byte 0x15, 0x39, 0x20, 0x00, 0x00, 0x15, 0x42, 0x18, 0x70, 0x32, 0x00, 0x00, 0x00, 0x00, 0x00, 0x14
    .byte 0x49, 0x48, 0x22, 0x02, 0x01, 0x32, 0x48, 0x22, 0x02, 0x20, 0x00, 0x00, 0x15, 0x07, 0x15, 0x08
    .byte 0x2c, 0x05, 0x0d, 0x00, 0x00, 0x15, 0x41, 0x20, 0x00, 0x00, 0x15, 0xd7, 0x2c, 0x01, 0x00, 0x00
    .byte 0x00, 0x20, 0x00, 0x00, 0x15, 0x29, 0x2c, 0x0e, 0x00, 0x00, 0x00, 0x15, 0x37, 0x18, 0x70, 0x32
    .byte 0x00, 0x00, 0x00, 0x00, 0x00, 0x14, 0x8d, 0x48, 0x22, 0x02, 0x2c, 0x03, 0x00, 0x00, 0x00, 0x20
    .byte 0x00, 0x00, 0x20, 0x00, 0x00, 0x20, 0x00, 0x00, 0x20, 0x00, 0x00, 0x15, 0x4f, 0x2c, 0x0e, 0x00
    .byte 0x00, 0x00, 0x15, 0x36, 0x2c, 0x0f, 0x27, 0x00, 0x00, 0x15, 0x41, 0x00, 0x2c, 0x0f, 0x00, 0x00
    .byte 0x00, 0x2c, 0x07, 0x00, 0x00, 0x00, 0x15, 0x47, 0x18, 0x70, 0x17, 0x00, 0x2c, 0x0f, 0x00, 0x00
    .byte 0x00, 0x2c, 0x08, 0x00, 0x00, 0x00, 0x15, 0x47, 0x18, 0x70, 0x05, 0x00, 0x0c, 0x00, 0x00, 0x00
    .byte 0x17, 0x00, 0x2c, 0x0f, 0x00, 0x00, 0x00, 0x2c, 0x09, 0x00, 0x00, 0x00, 0x15, 0x47, 0x18, 0x70
    .byte 0x17, 0x00, 0x15, 0x02, 0x00, 0x00, 0x00, 0x00, 0x00, 0x00, 0x00, 0x00, 0x00, 0x00, 0x00, 0x00
