.text
; Matching fallback for the portable implementation in src/overlays/ov255/overlay255_recovery.c.
.extern data_ov255_0221d720
.extern data_ov255_0221d734
.extern data_ov255_02220895
.extern data_ov255_02221820
.extern data_ov255_02221824
.extern GamePhaseRuntime_SetGlobalValue30F8
.extern ActorInteractionRuntime_Init
.extern ActorInteractionRuntime_NoOp
.extern ActorDescriptorBatch_RegisterAndSpawnCategory1
.extern ActorDescriptorBatch_SetCategory1Callback

.global func_ov255_0221d6c0
func_ov255_0221d6c0:
    stmdb sp!, {r3, lr}
    cmp r0, #0x0
    ldmneia sp!, {r3, pc}
    bl ActorInteractionRuntime_Init
    ldr r0, .L_0221d6fc
    ldr r2, .L_0221d700
    mov r1, #0x3
    bl ActorDescriptorBatch_RegisterAndSpawnCategory1
    ldr r0, .L_0221d704
    bl ActorInteractionRuntime_NoOp
    ldr r0, .L_0221d708
    bl GamePhaseRuntime_SetGlobalValue30F8
    ldr r0, .L_0221d70c
    bl ActorDescriptorBatch_SetCategory1Callback
    ldmia sp!, {r3, pc}
.L_0221d6fc: .word data_ov255_02221824
.L_0221d700: .word data_ov255_0221d734
.L_0221d704: .word data_ov255_02221820
.L_0221d708: .word data_ov255_0221d720
.L_0221d70c: .word data_ov255_02220895
.size func_ov255_0221d6c0, . - func_ov255_0221d6c0

; Matching fallback for initialized records and BSS documented in
; src/overlays/ov255/overlay255_recovery.c.
; Absolute labels preserve fixed-address record and BSS references without alignment padding.
.global data_ov255_0221d720
.set data_ov255_0221d720, 0x0221d720
.global data_ov255_0221d734
.set data_ov255_0221d734, 0x0221d734
.global data_ov255_0221decf
.set data_ov255_0221decf, 0x0221decf
.global data_ov255_0221e072
.set data_ov255_0221e072, 0x0221e072
.global data_ov255_0221e0b5
.set data_ov255_0221e0b5, 0x0221e0b5
.global data_ov255_0221e0cc
.set data_ov255_0221e0cc, 0x0221e0cc
.global data_ov255_0221e0f2
.set data_ov255_0221e0f2, 0x0221e0f2
.global data_ov255_0221e12c
.set data_ov255_0221e12c, 0x0221e12c
.global data_ov255_0221e220
.set data_ov255_0221e220, 0x0221e220
.global data_ov255_0221e234
.set data_ov255_0221e234, 0x0221e234
.global data_ov255_0221e25a
.set data_ov255_0221e25a, 0x0221e25a
.global data_ov255_0221e2dd
.set data_ov255_0221e2dd, 0x0221e2dd
.global data_ov255_0221e2de
.set data_ov255_0221e2de, 0x0221e2de
.global data_ov255_0221e6f4
.set data_ov255_0221e6f4, 0x0221e6f4
.global data_ov255_0221e82b
.set data_ov255_0221e82b, 0x0221e82b
.global data_ov255_0221e85d
.set data_ov255_0221e85d, 0x0221e85d
.global data_ov255_0221e89c
.set data_ov255_0221e89c, 0x0221e89c
.global data_ov255_0221e8f9
.set data_ov255_0221e8f9, 0x0221e8f9
.global data_ov255_0221e995
.set data_ov255_0221e995, 0x0221e995
.global data_ov255_0221ea45
.set data_ov255_0221ea45, 0x0221ea45
.global data_ov255_0221ea5e
.set data_ov255_0221ea5e, 0x0221ea5e
.global data_ov255_0221ea80
.set data_ov255_0221ea80, 0x0221ea80
.global data_ov255_0221ead1
.set data_ov255_0221ead1, 0x0221ead1
.global data_ov255_0221eb11
.set data_ov255_0221eb11, 0x0221eb11
.global data_ov255_0221ecdd
.set data_ov255_0221ecdd, 0x0221ecdd
.global data_ov255_0221ed2d
.set data_ov255_0221ed2d, 0x0221ed2d
.global data_ov255_0221ed7d
.set data_ov255_0221ed7d, 0x0221ed7d
.global data_ov255_0221edcd
.set data_ov255_0221edcd, 0x0221edcd
.global data_ov255_0221ef00
.set data_ov255_0221ef00, 0x0221ef00
.global data_ov255_0221ef80
.set data_ov255_0221ef80, 0x0221ef80
.global data_ov255_0221ef85
.set data_ov255_0221ef85, 0x0221ef85
.global data_ov255_0221f019
.set data_ov255_0221f019, 0x0221f019
.global data_ov255_0221f024
.set data_ov255_0221f024, 0x0221f024
.global data_ov255_0221f04d
.set data_ov255_0221f04d, 0x0221f04d
.global data_ov255_0221f0f0
.set data_ov255_0221f0f0, 0x0221f0f0
.global data_ov255_0221f0f6
.set data_ov255_0221f0f6, 0x0221f0f6
.global data_ov255_0221f285
.set data_ov255_0221f285, 0x0221f285
.global data_ov255_0221f294
.set data_ov255_0221f294, 0x0221f294
.global data_ov255_0221f316
.set data_ov255_0221f316, 0x0221f316
.global data_ov255_0221f35c
.set data_ov255_0221f35c, 0x0221f35c
.global data_ov255_0221f361
.set data_ov255_0221f361, 0x0221f361
.global data_ov255_0221f3d1
.set data_ov255_0221f3d1, 0x0221f3d1
.global data_ov255_0221f469
.set data_ov255_0221f469, 0x0221f469
.global data_ov255_0221f5cd
.set data_ov255_0221f5cd, 0x0221f5cd
.global data_ov255_0221f664
.set data_ov255_0221f664, 0x0221f664
.global data_ov255_0221f6c0
.set data_ov255_0221f6c0, 0x0221f6c0
.global data_ov255_0221f71c
.set data_ov255_0221f71c, 0x0221f71c
.global data_ov255_0221f778
.set data_ov255_0221f778, 0x0221f778
.global data_ov255_0221f7d4
.set data_ov255_0221f7d4, 0x0221f7d4
.global data_ov255_0221f7fd
.set data_ov255_0221f7fd, 0x0221f7fd
.global data_ov255_0221f81f
.set data_ov255_0221f81f, 0x0221f81f
.global data_ov255_0221f8a2
.set data_ov255_0221f8a2, 0x0221f8a2
.global data_ov255_0221f935
.set data_ov255_0221f935, 0x0221f935
.global data_ov255_0221f9ff
.set data_ov255_0221f9ff, 0x0221f9ff
.global data_ov255_0221fb02
.set data_ov255_0221fb02, 0x0221fb02
.global data_ov255_0221fbf4
.set data_ov255_0221fbf4, 0x0221fbf4
.global data_ov255_0221fbfa
.set data_ov255_0221fbfa, 0x0221fbfa
.global data_ov255_0221fc22
.set data_ov255_0221fc22, 0x0221fc22
.global data_ov255_0221fc23
.set data_ov255_0221fc23, 0x0221fc23
.global data_ov255_0221fc24
.set data_ov255_0221fc24, 0x0221fc24
.global data_ov255_0221fdd1
.set data_ov255_0221fdd1, 0x0221fdd1
.global data_ov255_0221fe75
.set data_ov255_0221fe75, 0x0221fe75
.global data_ov255_0221ff11
.set data_ov255_0221ff11, 0x0221ff11
.global data_ov255_0221ffa3
.set data_ov255_0221ffa3, 0x0221ffa3
.global data_ov255_02220079
.set data_ov255_02220079, 0x02220079
.global data_ov255_0222010a
.set data_ov255_0222010a, 0x0222010a
.global data_ov255_02220159
.set data_ov255_02220159, 0x02220159
.global data_ov255_022201d2
.set data_ov255_022201d2, 0x022201d2
.global data_ov255_02220216
.set data_ov255_02220216, 0x02220216
.global data_ov255_0222025a
.set data_ov255_0222025a, 0x0222025a
.global data_ov255_0222029e
.set data_ov255_0222029e, 0x0222029e
.global data_ov255_022202e2
.set data_ov255_022202e2, 0x022202e2
.global data_ov255_02220321
.set data_ov255_02220321, 0x02220321
.global data_ov255_022203c1
.set data_ov255_022203c1, 0x022203c1
.global data_ov255_022203c9
.set data_ov255_022203c9, 0x022203c9
.global data_ov255_02220419
.set data_ov255_02220419, 0x02220419
.global data_ov255_022204f0
.set data_ov255_022204f0, 0x022204f0
.global data_ov255_02220540
.set data_ov255_02220540, 0x02220540
.global data_ov255_0222054d
.set data_ov255_0222054d, 0x0222054d
.global data_ov255_022205a5
.set data_ov255_022205a5, 0x022205a5
.global data_ov255_02220611
.set data_ov255_02220611, 0x02220611
.global data_ov255_0222071e
.set data_ov255_0222071e, 0x0222071e
.global data_ov255_02220751
.set data_ov255_02220751, 0x02220751
.global data_ov255_0222077c
.set data_ov255_0222077c, 0x0222077c
.global data_ov255_022207ad
.set data_ov255_022207ad, 0x022207ad
.global data_ov255_022207c1
.set data_ov255_022207c1, 0x022207c1
.global data_ov255_02220895
.set data_ov255_02220895, 0x02220895
.global data_ov255_022209b9
.set data_ov255_022209b9, 0x022209b9
.global data_ov255_02220b13
.set data_ov255_02220b13, 0x02220b13
.global data_ov255_02220b3e
.set data_ov255_02220b3e, 0x02220b3e
.global data_ov255_02220b4e
.set data_ov255_02220b4e, 0x02220b4e
.global data_ov255_02220bcc
.set data_ov255_02220bcc, 0x02220bcc
.global data_ov255_02220da3
.set data_ov255_02220da3, 0x02220da3
.global data_ov255_02220dac
.set data_ov255_02220dac, 0x02220dac
.global data_ov255_022210a5
.set data_ov255_022210a5, 0x022210a5
.global data_ov255_022210ec
.set data_ov255_022210ec, 0x022210ec
.global data_ov255_0222116e
.set data_ov255_0222116e, 0x0222116e
.global data_ov255_022211bd
.set data_ov255_022211bd, 0x022211bd
.global data_ov255_022211c9
.set data_ov255_022211c9, 0x022211c9
.global data_ov255_022211eb
.set data_ov255_022211eb, 0x022211eb
.global data_ov255_022211ec
.set data_ov255_022211ec, 0x022211ec
.global data_ov255_02221219
.set data_ov255_02221219, 0x02221219
.global data_ov255_02221242
.set data_ov255_02221242, 0x02221242
.global data_ov255_02221291
.set data_ov255_02221291, 0x02221291
.global data_ov255_022213cd
.set data_ov255_022213cd, 0x022213cd
.global data_ov255_02221603
.set data_ov255_02221603, 0x02221603
.global data_ov255_0222163d
.set data_ov255_0222163d, 0x0222163d
.global data_ov255_02221712
.set data_ov255_02221712, 0x02221712
.global data_ov255_0222171c
.set data_ov255_0222171c, 0x0222171c
.global data_ov255_02221780
.set data_ov255_02221780, 0x02221780
.global data_ov255_022217dd
.set data_ov255_022217dd, 0x022217dd
.global data_ov255_02221820
.set data_ov255_02221820, 0x02221820
.global data_ov255_02221824
.set data_ov255_02221824, 0x02221824
    .section .data, 4, 1, 4
    .byte 0xff, 0xff, 0xff, 0xff, 0x00, 0x00, 0x00, 0x00, 0x00, 0x00, 0x00, 0x00, 0xff, 0xff, 0x00, 0x00
    .byte 0x00, 0x00, 0x00, 0x00, 0x03, 0x00, 0x00, 0x00, 0x3c, 0x22, 0x00, 0x00, 0x3d, 0x22, 0x00, 0x00
    .byte 0x3e, 0x22, 0x00, 0x00, 0x02, 0x01, 0x00, 0x00, 0x00, 0x00, 0x00, 0x00, 0x00, 0x00, 0xf0, 0xff
    .byte 0x10, 0x00, 0x10, 0x00, 0x60, 0x00, 0x80, 0x01, 0x70, 0x01, 0x00, 0x00, 0x00, 0x00, 0x00, 0x00
    .byte 0xfa, 0xfb, 0x21, 0x02, 0x00, 0x00, 0x00, 0x00, 0x00, 0x00, 0x00, 0x00, 0x00, 0x00, 0x00, 0x00
    .byte 0x01, 0x00, 0x00, 0x00, 0x00, 0x00, 0x00, 0x00, 0x00, 0x00, 0x00, 0x00, 0xff, 0xff, 0xff, 0xff
    .byte 0xff, 0xff, 0xff, 0xff, 0x00, 0x00, 0x03, 0x00, 0xff, 0xff, 0xff, 0xff, 0x00, 0x00, 0x0f, 0x00
    .byte 0xf4, 0xd8, 0x0c, 0x00, 0x00, 0x00, 0x00, 0x00, 0x03, 0x00, 0x00, 0x00, 0x3c, 0x22, 0x00, 0x00
    .byte 0x3d, 0x22, 0x00, 0x00, 0x3e, 0x22, 0x00, 0x00, 0x02, 0x02, 0x00, 0x00, 0x00, 0x00, 0x00, 0x00
    .byte 0x00, 0x00, 0xf0, 0xff, 0x00, 0x00, 0x10, 0x00, 0x10, 0x00, 0x80, 0x01, 0x70, 0x01, 0x00, 0x00
    .byte 0x00, 0x00, 0x00, 0x00, 0x22, 0xfc, 0x21, 0x02, 0x00, 0x00, 0x00, 0x00, 0x00, 0x00, 0x00, 0x00
    .byte 0x00, 0x00, 0x00, 0x00, 0x01, 0x00, 0x00, 0x00, 0x00, 0x00, 0x00, 0x00, 0x00, 0x00, 0x00, 0x00
    .byte 0xff, 0xff, 0xff, 0xff, 0xff, 0xff, 0xff, 0xff, 0x00, 0x00, 0x04, 0x00, 0xff, 0xff, 0xff, 0xff
    .byte 0x00, 0x00, 0x0f, 0x00, 0xf4, 0xd8, 0x0c, 0x00, 0x00, 0x00, 0x00, 0x00, 0x03, 0x00, 0x00, 0x00
    .byte 0x3c, 0x22, 0x00, 0x00, 0x3d, 0x22, 0x00, 0x00, 0x3e, 0x22, 0x00, 0x00, 0x02, 0x00, 0x00, 0x00
    .byte 0x00, 0x00, 0x00, 0x00, 0x00, 0x00, 0xf0, 0xff, 0xcf, 0xff, 0x10, 0x00, 0x07, 0x00, 0x80, 0x01
    .byte 0x70, 0x01, 0x00, 0x00, 0x10, 0x00, 0x00, 0x00, 0x23, 0xfc, 0x21, 0x02, 0x00, 0x00, 0x00, 0x00
    .byte 0x00, 0x00, 0x00, 0x00, 0x00, 0x00, 0x00, 0x00, 0x01, 0x00, 0x00, 0x00, 0x00, 0x00, 0x00, 0x00
    .byte 0x00, 0x00, 0x00, 0x00, 0xff, 0xff, 0xff, 0xff, 0xff, 0xff, 0xff, 0xff, 0x00, 0x00, 0x05, 0x00
    .byte 0xff, 0xff, 0xff, 0xff, 0x00, 0x00, 0x0e, 0x00, 0xf4, 0xd8, 0x0c, 0x00, 0x00, 0x00, 0x00, 0x00
    .byte 0x03, 0x00, 0x00, 0x00, 0x3c, 0x22, 0x00, 0x00, 0x3d, 0x22, 0x00, 0x00, 0x3e, 0x22, 0x00, 0x00
    .byte 0x02, 0x00, 0x10, 0x10, 0x00, 0x00, 0x00, 0x00, 0x00, 0x00, 0xf0, 0xff, 0xcf, 0xff, 0x10, 0x00
    .byte 0x07, 0x00, 0x80, 0x01, 0x70, 0x01, 0x00, 0x00, 0x10, 0x00, 0x00, 0x00, 0x24, 0xfc, 0x21, 0x02
    .byte 0x00, 0x00, 0x00, 0x00, 0x00, 0x00, 0x00, 0x00, 0x00, 0x00, 0x00, 0x00, 0xff, 0xff, 0x00, 0x00
    .byte 0x00, 0x00, 0x00, 0x00, 0x00, 0x00, 0x00, 0x00, 0xff, 0xff, 0xff, 0xff, 0xff, 0xff, 0xff, 0xff
    .byte 0x00, 0x00, 0x06, 0x00, 0xff, 0xff, 0xff, 0xff, 0x00, 0x00, 0x0e, 0x00, 0xf4, 0xd8, 0x0c, 0x00
    .byte 0x00, 0x00, 0x00, 0x00, 0x03, 0x00, 0x00, 0x00, 0x3c, 0x22, 0x00, 0x00, 0x3d, 0x22, 0x00, 0x00
    .byte 0x3e, 0x22, 0x00, 0x00, 0x02, 0x00, 0x04, 0x10, 0xf8, 0x00, 0x00, 0x00, 0x00, 0x00, 0xf0, 0xff
    .byte 0xcf, 0xff, 0x10, 0x00, 0x07, 0x00, 0x80, 0x01, 0x50, 0x01, 0x00, 0x00, 0x10, 0x00, 0x00, 0x00
    .byte 0x00, 0xef, 0x21, 0x02, 0x00, 0x00, 0x00, 0x00, 0x00, 0x00, 0x00, 0x00, 0x00, 0x00, 0x00, 0x00
    .byte 0x01, 0x00, 0x00, 0x00, 0x00, 0x00, 0x00, 0x00, 0x00, 0x00, 0x00, 0x00, 0xff, 0xff, 0xff, 0xff
    .byte 0xff, 0xff, 0xff, 0xff, 0x00, 0x00, 0x07, 0x00, 0xff, 0xff, 0xff, 0xff, 0x00, 0x00, 0x0e, 0x00
    .byte 0xf4, 0xd8, 0x0c, 0x00, 0x00, 0x00, 0x00, 0x00, 0x03, 0x00, 0x00, 0x00, 0x48, 0x22, 0x00, 0x00
    .byte 0x49, 0x22, 0x00, 0x00, 0x4a, 0x22, 0x00, 0x00, 0x02, 0x00, 0x00, 0x00, 0x00, 0x00, 0x00, 0x00
    .byte 0x00, 0x00, 0xf0, 0xff, 0xcf, 0xff, 0x10, 0x00, 0x07, 0x00, 0x80, 0x01, 0x37, 0x01, 0x00, 0x00
    .byte 0x10, 0x00, 0x00, 0x00, 0x4d, 0xf0, 0x21, 0x02, 0x00, 0x00, 0x00, 0x00, 0x00, 0x00, 0x00, 0x00
    .byte 0x00, 0x00, 0x00, 0x00, 0x01, 0x00, 0x00, 0x00, 0x00, 0x00, 0x00, 0x00, 0x00, 0x00, 0x00, 0x00
    .byte 0xff, 0xff, 0xff, 0xff, 0xff, 0xff, 0xff, 0xff, 0x00, 0x00, 0x08, 0x00, 0xff, 0xff, 0xff, 0xff
    .byte 0x00, 0x00, 0x0f, 0x00, 0xf4, 0xd8, 0x0c, 0x00, 0x00, 0x00, 0x00, 0x00, 0x03, 0x00, 0x00, 0x00
    .byte 0x48, 0x22, 0x00, 0x00, 0x49, 0x22, 0x00, 0x00, 0x4a, 0x22, 0x00, 0x00, 0x02, 0x00, 0x00, 0x00
    .byte 0x00, 0x00, 0x00, 0x00, 0x00, 0x00, 0xf0, 0xff, 0xcf, 0xff, 0x10, 0x00, 0x07, 0x00, 0x80, 0x01
    .byte 0x37, 0x01, 0x00, 0x00, 0x10, 0x00, 0x00, 0x00, 0xf0, 0xf0, 0x21, 0x02, 0x00, 0x00, 0x00, 0x00
    .byte 0x00, 0x00, 0x00, 0x00, 0x00, 0x00, 0x00, 0x00, 0x01, 0x00, 0x00, 0x00, 0x00, 0x00, 0x00, 0x00
    .byte 0x00, 0x00, 0x00, 0x00, 0xff, 0xff, 0xff, 0xff, 0xff, 0xff, 0xff, 0xff, 0x00, 0x00, 0x09, 0x00
    .byte 0xff, 0xff, 0xff, 0xff, 0x00, 0x00, 0x0f, 0x00, 0xf4, 0xd8, 0x0c, 0x00, 0x00, 0x00, 0x00, 0x00
    .byte 0x03, 0x00, 0x00, 0x00, 0x4e, 0x22, 0x00, 0x00, 0x4f, 0x22, 0x00, 0x00, 0x50, 0x22, 0x00, 0x00
    .byte 0x02, 0x00, 0x00, 0x00, 0x00, 0x00, 0x00, 0x00, 0x00, 0x00, 0xf0, 0xff, 0xcf, 0xff, 0x10, 0x00
    .byte 0x07, 0x00, 0x80, 0x01, 0xe8, 0x00, 0x00, 0x00, 0x10, 0x00, 0x00, 0x00, 0x94, 0xf2, 0x21, 0x02
    .byte 0x00, 0x00, 0x00, 0x00, 0x00, 0x00, 0x00, 0x00, 0x00, 0x00, 0x00, 0x00, 0xff, 0xff, 0x00, 0x00
    .byte 0x00, 0x00, 0x00, 0x00, 0x00, 0x00, 0x00, 0x00, 0xff, 0xff, 0xff, 0xff, 0xff, 0xff, 0xff, 0xff
    .byte 0x00, 0x00, 0x0a, 0x00, 0xff, 0xff, 0xff, 0xff, 0x00, 0x00, 0x0e, 0x00, 0xf4, 0xd8, 0x0c, 0x00
    .byte 0x00, 0x00, 0x00, 0x00, 0x03, 0x00, 0x00, 0x00, 0x4e, 0x22, 0x00, 0x00, 0x4f, 0x22, 0x00, 0x00
    .byte 0x50, 0x22, 0x00, 0x00, 0x02, 0x00, 0x00, 0x00, 0x00, 0x10, 0x00, 0x00, 0x00, 0x00, 0xf0, 0xff
    .byte 0x00, 0x00, 0x10, 0x00, 0x20, 0x00, 0x80, 0x01, 0xc0, 0x00, 0x00, 0x00, 0x00, 0x00, 0x00, 0x00
    .byte 0x85, 0xf2, 0x21, 0x02, 0x00, 0x00, 0x00, 0x00, 0x00, 0x00, 0x00, 0x00, 0x00, 0x00, 0x00, 0x00
    .byte 0xff, 0xff, 0x00, 0x00, 0x00, 0x00, 0x00, 0x00, 0x00, 0x00, 0x00, 0x00, 0xff, 0xff, 0xff, 0xff
    .byte 0xff, 0xff, 0xff, 0xff, 0x00, 0x00, 0x0b, 0x00, 0xff, 0xff, 0xff, 0xff, 0x00, 0x00, 0x0e, 0x00
    .byte 0xf4, 0xd8, 0x0c, 0x00, 0x00, 0x00, 0x00, 0x00, 0x06, 0x00, 0x00, 0x00, 0x00, 0x10, 0x00, 0x00
    .byte 0x01, 0x10, 0x00, 0x00, 0x02, 0x10, 0x00, 0x00, 0x02, 0x00, 0x0c, 0x08, 0x00, 0x00, 0x00, 0x00
    .byte 0x00, 0x00, 0xf0, 0xff, 0xcf, 0xff, 0x10, 0x00, 0x07, 0x00, 0x00, 0xfe, 0x00, 0xfe, 0x00, 0x00
    .byte 0x00, 0x80, 0x00, 0x00, 0x13, 0x0b, 0x22, 0x02, 0x00, 0x00, 0x00, 0x00, 0x00, 0x00, 0x00, 0x00
    .byte 0x00, 0x00, 0x00, 0x00, 0xff, 0xff, 0x00, 0x00, 0x00, 0x00, 0x00, 0x00, 0x00, 0x00, 0x00, 0x00
    .byte 0xff, 0xff, 0xff, 0xff, 0xff, 0xff, 0xff, 0xff, 0x00, 0x00, 0x0c, 0x00, 0xff, 0xff, 0xff, 0xff
    .byte 0x00, 0x00, 0x00, 0x00, 0xf4, 0xd8, 0x0c, 0x00, 0x00, 0x00, 0x00, 0x00, 0x03, 0x00, 0x00, 0x00
    .byte 0x7f, 0x16, 0x00, 0x00, 0x80, 0x16, 0x00, 0x00, 0x81, 0x16, 0x00, 0x00, 0x02, 0x00, 0x0c, 0x08
    .byte 0x00, 0x00, 0x00, 0x00, 0x00, 0x00, 0xf0, 0xff, 0xcf, 0xff, 0x10, 0x00, 0x07, 0x00, 0x60, 0x00
    .byte 0x40, 0xff, 0x00, 0x00, 0x01, 0x00, 0x00, 0x01, 0x3e, 0x0b, 0x22, 0x02, 0x00, 0x00, 0x00, 0x00
    .byte 0x00, 0x00, 0x00, 0x00, 0x00, 0x00, 0x00, 0x00, 0xff, 0xff, 0x00, 0x00, 0x00, 0x00, 0x00, 0x00
    .byte 0x00, 0x00, 0x00, 0x00, 0xff, 0xff, 0xff, 0xff, 0xff, 0xff, 0xff, 0xff, 0x00, 0x00, 0x0d, 0x00
    .byte 0xff, 0xff, 0xff, 0xff, 0x00, 0x00, 0x00, 0x00, 0xf4, 0xd8, 0x0c, 0x00, 0x00, 0x00, 0x00, 0x00
    .byte 0x03, 0x00, 0x00, 0x00, 0x7f, 0x16, 0x00, 0x00, 0x80, 0x16, 0x00, 0x00, 0x81, 0x16, 0x00, 0x00
    .byte 0x02, 0x00, 0x0c, 0x08, 0x00, 0x00, 0x00, 0x00, 0x00, 0x00, 0xf0, 0xff, 0xcf, 0xff, 0x10, 0x00
    .byte 0x07, 0x00, 0x60, 0x00, 0x40, 0xff, 0x00, 0x00, 0x01, 0x00, 0x00, 0x01, 0x4e, 0x0b, 0x22, 0x02
    .byte 0x00, 0x00, 0x00, 0x00, 0x00, 0x00, 0x00, 0x00, 0x00, 0x00, 0x00, 0x00, 0xff, 0xff, 0x00, 0x00
    .byte 0x00, 0x00, 0x00, 0x00, 0x00, 0x00, 0x00, 0x00, 0xff, 0xff, 0xff, 0xff, 0xff, 0xff, 0xff, 0xff
    .byte 0x00, 0x00, 0x0e, 0x00, 0xff, 0xff, 0xff, 0xff, 0x00, 0x00, 0x00, 0x00, 0xf4, 0xd8, 0x0c, 0x00
    .byte 0x00, 0x00, 0x00, 0x00, 0x03, 0x00, 0x00, 0x00, 0x0c, 0x24, 0x00, 0x00, 0x0d, 0x24, 0x00, 0x00
    .byte 0x0e, 0x24, 0x00, 0x00, 0x02, 0x00, 0x0c, 0x08, 0x00, 0x00, 0x00, 0x00, 0x00, 0x00, 0xf0, 0xff
    .byte 0xcf, 0xff, 0x10, 0x00, 0x07, 0x00, 0x81, 0x01, 0x56, 0x01, 0x00, 0x00, 0x06, 0x00, 0x00, 0x10
    .byte 0xec, 0x11, 0x22, 0x02, 0x00, 0x00, 0x00, 0x00, 0x00, 0x00, 0x00, 0x00, 0x00, 0x00, 0x00, 0x00
    .byte 0xff, 0xff, 0x00, 0x00, 0x00, 0x00, 0x00, 0x00, 0x00, 0x00, 0x00, 0x00, 0xff, 0xff, 0xff, 0xff
    .byte 0xff, 0xff, 0xff, 0xff, 0x00, 0x00, 0x0f, 0x00, 0xff, 0xff, 0xff, 0xff, 0x00, 0x00, 0x00, 0x00
    .byte 0xf4, 0xd8, 0x0c, 0x00, 0x00, 0x00, 0x00, 0x00, 0x03, 0x00, 0x00, 0x00, 0x97, 0x21, 0x00, 0x00
    .byte 0x98, 0x21, 0x00, 0x00, 0x99, 0x21, 0x00, 0x00, 0x02, 0x00, 0x00, 0x00, 0x00, 0x00, 0x00, 0x00
    .byte 0x00, 0x00, 0xf0, 0xff, 0xcf, 0xff, 0x10, 0x00, 0x07, 0x00, 0x81, 0x01, 0x56, 0x01, 0x00, 0x00
    .byte 0x01, 0x00, 0x00, 0x01, 0xeb, 0x11, 0x22, 0x02, 0x00, 0x00, 0x00, 0x00, 0x00, 0x00, 0x00, 0x00
    .byte 0x00, 0x00, 0x00, 0x00, 0xff, 0xff, 0x00, 0x00, 0x00, 0x00, 0x00, 0x00, 0x00, 0x00, 0x00, 0x00
    .byte 0xff, 0xff, 0xff, 0xff, 0xff, 0xff, 0xff, 0xff, 0x00, 0x00, 0x10, 0x00, 0xff, 0xff, 0xff, 0xff
    .byte 0x00, 0x00, 0x00, 0x00, 0xf4, 0xd8, 0x0c, 0x00, 0x00, 0x00, 0x00, 0x00, 0x03, 0x00, 0x00, 0x00
    .byte 0x57, 0x11, 0x00, 0x00, 0x58, 0x11, 0x00, 0x00, 0x59, 0x11, 0x00, 0x00, 0x02, 0x00, 0x0c, 0x08
    .byte 0x00, 0x00, 0x00, 0x00, 0x00, 0x00, 0xf0, 0xff, 0xcf, 0xff, 0x10, 0x00, 0x07, 0x00, 0x00, 0x00
    .byte 0x00, 0x00, 0x00, 0x00, 0x10, 0x00, 0x00, 0x00, 0x02, 0xfb, 0x21, 0x02, 0x00, 0x00, 0x00, 0x00
    .byte 0x00, 0x00, 0x00, 0x00, 0x00, 0x00, 0x00, 0x00, 0xff, 0xff, 0x00, 0x00, 0x00, 0x00, 0x00, 0x00
    .byte 0x00, 0x00, 0x00, 0x00, 0xff, 0xff, 0xff, 0xff, 0xff, 0xff, 0xff, 0xff, 0x00, 0x00, 0x11, 0x00
    .byte 0xff, 0xff, 0xff, 0xff, 0x00, 0x00, 0x00, 0x00, 0xf4, 0xd8, 0x0c, 0x00, 0x00, 0x00, 0x00, 0x00
    .byte 0x06, 0x00, 0x00, 0x00, 0x00, 0x10, 0x00, 0x00, 0x01, 0x10, 0x00, 0x00, 0x02, 0x10, 0x00, 0x00
    .byte 0x02, 0x00, 0x0c, 0x08, 0x00, 0x00, 0x00, 0x00, 0x00, 0x00, 0xf0, 0xff, 0xcf, 0xff, 0x10, 0x00
    .byte 0x07, 0x00, 0x00, 0xfe, 0x00, 0xfe, 0x00, 0x00, 0x00, 0x00, 0x00, 0x00, 0x3d, 0x16, 0x22, 0x02
    .byte 0x00, 0x00, 0x00, 0x00, 0x00, 0x00, 0x00, 0x00, 0x00, 0x00, 0x00, 0x00, 0xff, 0xff, 0x00, 0x00
    .byte 0x00, 0x00, 0x00, 0x00, 0x00, 0x00, 0x00, 0x00, 0xff, 0xff, 0xff, 0xff, 0xff, 0xff, 0xff, 0xff
    .byte 0x00, 0x00, 0x12, 0x00, 0xff, 0xff, 0xff, 0xff, 0x00, 0x00, 0x00, 0x00, 0xf4, 0xd8, 0x0c, 0x00
    .byte 0x00, 0x00, 0x00, 0x00, 0x06, 0x00, 0x00, 0x00, 0x00, 0x10, 0x00, 0x00, 0x01, 0x10, 0x00, 0x00
    .byte 0x02, 0x10, 0x00, 0x00, 0x02, 0x00, 0x0c, 0x08, 0x00, 0x00, 0x00, 0x00, 0x00, 0x00, 0xf0, 0xff
    .byte 0xcf, 0xff, 0x10, 0x00, 0x07, 0x00, 0x00, 0xfe, 0x00, 0xfe, 0x00, 0x00, 0x00, 0x00, 0x00, 0x00
    .byte 0x12, 0x17, 0x22, 0x02, 0x00, 0x00, 0x00, 0x00, 0x00, 0x00, 0x00, 0x00, 0x00, 0x00, 0x00, 0x00
    .byte 0xff, 0xff, 0x00, 0x00, 0x00, 0x00, 0x00, 0x00, 0x00, 0x00, 0x00, 0x00, 0xff, 0xff, 0xff, 0xff
    .byte 0xff, 0xff, 0xff, 0xff, 0x00, 0x00, 0x13, 0x00, 0xff, 0xff, 0xff, 0xff, 0x00, 0x00, 0x00, 0x00
    .byte 0xf4, 0xd8, 0x0c, 0x00, 0x00, 0x00, 0x00, 0x00, 0x00, 0x00, 0x00, 0x00, 0x00, 0x00, 0x00, 0x00
    .byte 0x00, 0x00, 0x00, 0x00, 0x00, 0x00, 0x00, 0x00, 0x00, 0x00, 0x00, 0x00, 0x00, 0x00, 0x00, 0x00
    .byte 0x00, 0x00, 0x00, 0x00, 0x00, 0x00, 0x00, 0x00, 0x00, 0x00, 0x00, 0x00, 0x00, 0x00, 0x00, 0x00
    .byte 0x00, 0x00, 0x00, 0x00, 0x00, 0x00, 0x00, 0x00, 0x00, 0x00, 0x00, 0x00, 0x00, 0x00, 0x00, 0x00
    .byte 0x00, 0x00, 0x00, 0x00, 0x00, 0x00, 0x00, 0x00, 0x00, 0x00, 0x00, 0x00, 0x00, 0x00, 0x00, 0x00
    .byte 0x00, 0x00, 0x00, 0x00, 0x00, 0x00, 0x00, 0x00, 0x00, 0x00, 0x00, 0x00, 0x00, 0x00, 0x00, 0x00
    .byte 0x00, 0x00, 0x00, 0x00, 0x00, 0x00, 0x00, 0x00, 0x00, 0x00, 0x00, 0x00, 0x2c, 0x62, 0x10, 0x00
    .byte 0x00, 0x2c, 0x01, 0x10, 0x00, 0x00, 0x2c, 0x63, 0x10, 0x00, 0x00, 0x2c, 0x02, 0x00, 0x00, 0x00
    .byte 0x2c, 0x10, 0x00, 0x00, 0x00, 0x15, 0x73, 0x20, 0x00, 0x00, 0x15, 0x55, 0x20, 0x00, 0x00, 0x2c
    .byte 0x61, 0x00, 0x00, 0x00, 0x15, 0xe0, 0x2c, 0x3c, 0x00, 0x00, 0x00, 0x15, 0x07, 0x15, 0x08, 0x00
    .byte 0x15, 0x28, 0x2c, 0x00, 0x10, 0x00, 0x00, 0x2c, 0x01, 0x10, 0x00, 0x00, 0x2c, 0x02, 0x10, 0x00
    .byte 0x00, 0x2c, 0x02, 0x00, 0x00, 0x00, 0x20, 0x00, 0x00, 0x15, 0x73, 0x2c, 0x01, 0x00, 0x00, 0x00
    .byte 0x15, 0x25, 0x2c, 0x12, 0x00, 0x00, 0x00, 0x20, 0x00, 0x00, 0x15, 0x32, 0x2d, 0x58, 0x2c, 0x07
    .byte 0x00, 0x00, 0x00, 0x15, 0x47, 0x18, 0x70, 0x17, 0x00, 0x2d, 0x58, 0x2c, 0x08, 0x00, 0x00, 0x00
    .byte 0x15, 0x47, 0x18, 0x70, 0x17, 0x00, 0x15, 0x1e, 0x18, 0x70, 0x17, 0x00, 0x15, 0x75, 0x20, 0x00
    .byte 0x00, 0x15, 0x06, 0x00, 0x15, 0xa2, 0x00, 0x2c, 0x01, 0x00, 0x00, 0x00, 0x15, 0x09, 0x00, 0x20
    .byte 0x00, 0x00, 0x15, 0x09, 0x00, 0x15, 0x0d, 0x00, 0x00, 0x20, 0x00, 0x00, 0x15, 0x17, 0x00, 0x2c
    .byte 0x01, 0x00, 0x00, 0x00, 0x15, 0x25, 0x00, 0x20, 0x00, 0x00, 0x15, 0x25, 0x00, 0x20, 0x00, 0x00
    .byte 0x20, 0x00, 0x00, 0x20, 0x00, 0x00, 0x15, 0x02, 0x20, 0x00, 0x00, 0x15, 0x3d, 0x20, 0x00, 0x00
    .byte 0x15, 0x09, 0x00, 0x20, 0x00, 0x00, 0x15, 0x18, 0x20, 0x00, 0x00, 0x15, 0x19, 0x20, 0x00, 0x00
    .byte 0x15, 0x09, 0x00, 0x2c, 0x0c, 0xfe, 0xff, 0xff, 0x2c, 0x0c, 0xfe, 0xff, 0xff, 0x20, 0x00, 0x00
    .byte 0x15, 0x02, 0x20, 0x00, 0x00, 0x15, 0x09, 0x00, 0x15, 0x2c, 0x00, 0x20, 0x00, 0x00, 0x15, 0x17
    .byte 0x2c, 0x00, 0x10, 0x00, 0x00, 0x2c, 0x01, 0x10, 0x00, 0x00, 0x2c, 0x02, 0x10, 0x00, 0x00, 0x2c
    .byte 0x02, 0x00, 0x00, 0x00, 0x20, 0x00, 0x00, 0x15, 0x73, 0x2c, 0x01, 0x00, 0x00, 0x00, 0x15, 0x09
    .byte 0x20, 0x00, 0x00, 0x15, 0x75, 0x00, 0x2c, 0x06, 0x00, 0x00, 0x00, 0x20, 0x00, 0x00, 0x20, 0x00
    .byte 0x00, 0x20, 0x00, 0x00, 0x15, 0xcd, 0x00, 0x22, 0x2c, 0x15, 0x00, 0x00, 0x00, 0x2c, 0x9e, 0x00
    .byte 0x00, 0x00, 0x2c, 0x7f, 0x00, 0x00, 0x00, 0x15, 0x0a, 0x2c, 0x03, 0x10, 0x00, 0x00, 0x2c, 0x01
    .byte 0x10, 0x00, 0x00, 0x2c, 0x04, 0x10, 0x00, 0x00, 0x2c, 0x02, 0x00, 0x00, 0x00, 0x2c, 0x18, 0x00
    .byte 0x00, 0x00, 0x15, 0x73, 0x2c, 0x00, 0x01, 0x00, 0x00, 0x15, 0x17, 0x2c, 0x01, 0x00, 0x00, 0x00
    .byte 0x15, 0x06, 0x2c, 0x01, 0x00, 0x00, 0x00, 0x15, 0x09, 0x2c, 0x13, 0x00, 0x00, 0x00, 0x20, 0x00
    .byte 0x00, 0x20, 0x00, 0x00, 0x2c, 0x30, 0x00, 0x00, 0x00, 0x20, 0x00, 0x00, 0x20, 0x00, 0x00, 0x20
    .byte 0x00, 0x00, 0x15, 0x53, 0x15, 0x46, 0x15, 0x8b, 0x18, 0x70, 0x32, 0x00, 0x00, 0x00, 0x00, 0x00
    .byte 0x13, 0xda, 0xdf, 0x21, 0x02, 0x01, 0xc6, 0xdf, 0x21, 0x02, 0x2c, 0x93, 0x00, 0x00, 0x00, 0x2c
    .byte 0x01, 0x00, 0x00, 0x00, 0x20, 0x00, 0x00, 0x20, 0x00, 0x00, 0x15, 0xb8, 0x15, 0x5a, 0x20, 0x00
    .byte 0x00, 0x15, 0x75, 0x2c, 0x85, 0x03, 0x00, 0x00, 0x15, 0x36, 0x2c, 0x2b, 0x00, 0x00, 0x00, 0x15
    .byte 0x05, 0x2c, 0x01, 0x00, 0x00, 0x00, 0x15, 0x06, 0x2c, 0x5a, 0x00, 0x00, 0x00, 0x15, 0x07, 0x15
    .byte 0x08, 0x2c, 0xe0, 0x03, 0x00, 0x00, 0x15, 0x37, 0x18, 0x70, 0x32, 0x00, 0x00, 0x00, 0x00, 0x00
    .byte 0x14, 0x2a, 0xe0, 0x21, 0x02, 0x01, 0x11, 0xe0, 0x21, 0x02, 0x00, 0x20, 0x00, 0x00, 0x15, 0x75
    .byte 0x2c, 0x00, 0x01, 0x00, 0x00, 0x15, 0x17, 0x2c, 0x0f, 0x10, 0x00, 0x00, 0x2c, 0x01, 0x10, 0x00
    .byte 0x00, 0x2c, 0x10, 0x10, 0x00, 0x00, 0x2c, 0x02, 0x00, 0x00, 0x00, 0x2c, 0x21, 0x00, 0x00, 0x00
    .byte 0x15, 0x73, 0x15, 0x16, 0x15, 0x46, 0x29, 0x00, 0x66, 0x32, 0x00, 0x01, 0x00, 0x00, 0x00, 0x13
    .byte 0x72, 0xe0, 0x21, 0x02, 0x29, 0x00, 0x66, 0x32, 0x00, 0x08, 0x00, 0x00, 0x00, 0x14, 0xf7, 0xe0
    .byte 0x21, 0x02, 0x2c, 0x03, 0x00, 0x00, 0x00, 0x38, 0x00, 0x20, 0x00, 0x00, 0x20, 0x00, 0x00, 0x20
    .byte 0x00, 0x00, 0x20, 0x00, 0x00, 0x20, 0x00, 0x00, 0x15, 0x53, 0x2c, 0x01, 0x00, 0x00, 0x00, 0x38
    .byte 0x00, 0x15, 0x85, 0x37, 0x00, 0x00, 0x32, 0x00, 0x01, 0x00, 0x00, 0x00, 0x14, 0xcc, 0xe0, 0x21
    .byte 0x02, 0x15, 0x8b, 0x18, 0x70, 0x32, 0x00, 0x00, 0x00, 0x00, 0x00, 0x13, 0xb5, 0xe0, 0x21, 0x02
    .byte 0x01, 0xa1, 0xe0, 0x21, 0x02, 0x2c, 0x20, 0x03, 0x00, 0x00, 0x2c, 0x01, 0x00, 0x00, 0x00, 0x20
    .byte 0x00, 0x00, 0x20, 0x00, 0x00, 0x15, 0xb8, 0x25, 0xf2, 0xe0, 0x21, 0x02, 0x15, 0x8b, 0x18, 0x70
    .byte 0x32, 0x00, 0x00, 0x00, 0x00, 0x00, 0x13, 0xe0, 0xe0, 0x21, 0x02, 0x01, 0xcc, 0xe0, 0x21, 0x02
    .byte 0x2c, 0xe1, 0x02, 0x00, 0x00, 0x2c, 0x01, 0x00, 0x00, 0x00, 0x20, 0x00, 0x00, 0x20, 0x00, 0x00
    .byte 0x15, 0xb8, 0x25, 0x5a, 0xe2, 0x21, 0x02, 0x29, 0x00, 0x66, 0x32, 0x00, 0x03, 0x00, 0x00, 0x00
    .byte 0x13, 0x13, 0xe1, 0x21, 0x02, 0x29, 0x00, 0x66, 0x32, 0x00, 0x09, 0x00, 0x00, 0x00, 0x14, 0x57
    .byte 0xe1, 0x21, 0x02, 0x2c, 0x04, 0x00, 0x00, 0x00, 0x2c, 0x03, 0x00, 0x00, 0x00, 0x2d, 0xd9, 0x2d
    .byte 0x63, 0x20, 0x00, 0x00, 0x20, 0x00, 0x00, 0x20, 0x00, 0x00, 0x15, 0x53, 0x15, 0x8b, 0x18, 0x70
    .byte 0x32, 0x00, 0x00, 0x00, 0x00, 0x00, 0x13, 0x40, 0xe1, 0x21, 0x02, 0x01, 0x2c, 0xe1, 0x21, 0x02
    .byte 0x2c, 0x01, 0x00, 0x00, 0x00, 0x2c, 0x01, 0x00, 0x00, 0x00, 0x20, 0x00, 0x00, 0x20, 0x00, 0x00
    .byte 0x15, 0xb8, 0x25, 0x5a, 0xe2, 0x21, 0x02, 0x29, 0x00, 0x66, 0x32, 0x00, 0x04, 0x00, 0x00, 0x00
    .byte 0x14, 0xb2, 0xe1, 0x21, 0x02, 0x2c, 0x04, 0x00, 0x00, 0x00, 0x2c, 0x03, 0x00, 0x00, 0x00, 0x2c
    .byte 0x3d, 0x00, 0x00, 0x00, 0x2d, 0x63, 0x20, 0x00, 0x00, 0x20, 0x00, 0x00, 0x20, 0x00, 0x00, 0x15
    .byte 0x53, 0x29, 0x00, 0xd9, 0x26, 0x00, 0xc0, 0x15, 0x8b, 0x18, 0x70, 0x32, 0x00, 0x00, 0x00, 0x00
    .byte 0x00, 0x13, 0x9b, 0xe1, 0x21, 0x02, 0x01, 0x87, 0xe1, 0x21, 0x02, 0x2c, 0x02, 0x00, 0x00, 0x00
    .byte 0x2c, 0x01, 0x00, 0x00, 0x00, 0x20, 0x00, 0x00, 0x20, 0x00, 0x00, 0x15, 0xb8, 0x25, 0x5a, 0xe2
    .byte 0x21, 0x02, 0x29, 0x00, 0x66, 0x32, 0x00, 0x0a, 0x00, 0x00, 0x00, 0x14, 0x20, 0xe2, 0x21, 0x02
    .byte 0x29, 0x00, 0xd9, 0x26, 0x00, 0xbe, 0x15, 0x8b, 0x18, 0x70, 0x32, 0x00, 0x00, 0x00, 0x00, 0x00
    .byte 0x13, 0xda, 0xe1, 0x21, 0x02, 0x01, 0xc6, 0xe1, 0x21, 0x02, 0x2c, 0x46, 0x00, 0x00, 0x00, 0x2c
    .byte 0x01, 0x00, 0x00, 0x00, 0x20, 0x00, 0x00, 0x20, 0x00, 0x00, 0x15, 0xb8, 0x15, 0x5a, 0x2c, 0x97
    .byte 0x03, 0x00, 0x00, 0x15, 0x37, 0x18, 0x70, 0x32, 0x00, 0x00, 0x00, 0x00, 0x00, 0x14, 0x13, 0xe2
    .byte 0x21, 0x02, 0x2c, 0xb4, 0x03, 0x00, 0x00, 0x15, 0x35, 0x2c, 0x08, 0x00, 0x00, 0x00, 0x20, 0x00
    .byte 0x00, 0x15, 0x78, 0x2c, 0x97, 0x03, 0x00, 0x00, 0x15, 0x35, 0x00, 0x25, 0x5a, 0xe2, 0x21, 0x02
    .byte 0x29, 0x00, 0x66, 0x32, 0x00, 0x0b, 0x00, 0x00, 0x00, 0x14, 0x5a, 0xe2, 0x21, 0x02, 0x29, 0x00
    .byte 0xd9, 0x26, 0x00, 0xbe, 0x15, 0x8b, 0x18, 0x70, 0x32, 0x00, 0x00, 0x00, 0x00, 0x00, 0x13, 0x48
    .byte 0xe2, 0x21, 0x02, 0x01, 0x34, 0xe2, 0x21, 0x02, 0x2c, 0x57, 0x02, 0x00, 0x00, 0x2c, 0x01, 0x00
    .byte 0x00, 0x00, 0x20, 0x00, 0x00, 0x20, 0x00, 0x00, 0x15, 0xb8, 0x15, 0x5a, 0x00, 0x20, 0x00, 0x00
    .byte 0x2c, 0x7f, 0xe2, 0x21, 0x02, 0x15, 0x39, 0x20, 0x00, 0x00, 0x15, 0x42, 0x18, 0x70, 0x32, 0x00
    .byte 0x00, 0x00, 0x00, 0x00, 0x14, 0x7e, 0xe2, 0x21, 0x02, 0x01, 0x67, 0xe2, 0x21, 0x02, 0x22, 0x2c
    .byte 0x15, 0x00, 0x00, 0x00, 0x2c, 0x9d, 0x00, 0x00, 0x00, 0x2c, 0x7f, 0x00, 0x00, 0x00, 0x15, 0x0a
    .byte 0x2c, 0x00, 0x01, 0x00, 0x00, 0x15, 0x17, 0x2c, 0x0f, 0x10, 0x00, 0x00, 0x2c, 0x01, 0x10, 0x00
    .byte 0x00, 0x2c, 0x10, 0x10, 0x00, 0x00, 0x2c, 0x02, 0x00, 0x00, 0x00, 0x2c, 0x21, 0x00, 0x00, 0x00
    .byte 0x15, 0x73, 0x2c, 0x21, 0x00, 0x00, 0x00, 0x15, 0x05, 0x15, 0x16, 0x00, 0x20, 0x00, 0x00, 0x2c
    .byte 0xde, 0xe2, 0x21, 0x02, 0x15, 0x39, 0x20, 0x00, 0x00, 0x15, 0x42, 0x18, 0x70, 0x32, 0x00, 0x00
    .byte 0x00, 0x00, 0x00, 0x14, 0xdd, 0xe2, 0x21, 0x02, 0x01, 0xc6, 0xe2, 0x21, 0x02, 0x22, 0x2c, 0x15
    .byte 0x00, 0x00, 0x00, 0x2c, 0x9c, 0x00, 0x00, 0x00, 0x2c, 0x7f, 0x00, 0x00, 0x00, 0x15, 0x0a, 0x2c
    .byte 0x00, 0x01, 0x00, 0x00, 0x15, 0x17, 0x2c, 0x0f, 0x10, 0x00, 0x00, 0x2c, 0x01, 0x10, 0x00, 0x00
    .byte 0x2c, 0x10, 0x10, 0x00, 0x00, 0x2c, 0x02, 0x00, 0x00, 0x00, 0x2c, 0x21, 0x00, 0x00, 0x00, 0x15
    .byte 0x73, 0x2c, 0x21, 0x00, 0x00, 0x00, 0x15, 0x05, 0x15, 0x16, 0x00, 0x2c, 0x00, 0x10, 0x00, 0x00
    .byte 0x2c, 0x01, 0x10, 0x00, 0x00, 0x2c, 0x02, 0x10, 0x00, 0x00, 0x2c, 0x02, 0x00, 0x00, 0x00, 0x20
    .byte 0x00, 0x00, 0x15, 0x73, 0x2c, 0x01, 0x00, 0x00, 0x00, 0x15, 0x25, 0x2c, 0x12, 0x00, 0x00, 0x00
    .byte 0x20, 0x00, 0x00, 0x15, 0x32, 0x2d, 0xd2, 0x2c, 0x07, 0x00, 0x00, 0x00, 0x15, 0x47, 0x18, 0x70
    .byte 0x17, 0x00, 0x2d, 0xd2, 0x2c, 0x08, 0x00, 0x00, 0x00, 0x15, 0x47, 0x18, 0x70, 0x17, 0x00, 0x15
    .byte 0x1e, 0x18, 0x70, 0x17, 0x00, 0x15, 0x75, 0x20, 0x00, 0x00, 0x15, 0x06, 0x00, 0x2c, 0x01, 0x00
    .byte 0x00, 0x00, 0x15, 0x09, 0x2c, 0x00, 0x10, 0x00, 0x00, 0x2c, 0x01, 0x10, 0x00, 0x00, 0x2c, 0x02
    .byte 0x10, 0x00, 0x00, 0x2c, 0x02, 0x00, 0x00, 0x00, 0x20, 0x00, 0x00, 0x15, 0x73, 0x20, 0x00, 0x00
    .byte 0x15, 0x75, 0x00, 0x2c, 0x00, 0x10, 0x00, 0x00, 0x2c, 0x01, 0x10, 0x00, 0x00, 0x2c, 0x02, 0x10
    .byte 0x00, 0x00, 0x2c, 0x02, 0x00, 0x00, 0x00, 0x20, 0x00, 0x00, 0x15, 0x73, 0x2c, 0x12, 0x00, 0x00
    .byte 0x00, 0x2c, 0x08, 0x00, 0x00, 0x00, 0x15, 0x32, 0x2d, 0x02, 0x2c, 0x07, 0x00, 0x00, 0x00, 0x15
    .byte 0x47, 0x18, 0x70, 0x17, 0x00, 0x2d, 0x02, 0x2c, 0x08, 0x00, 0x00, 0x00, 0x15, 0x47, 0x18, 0x70
    .byte 0x17, 0x00, 0x15, 0x1e, 0x18, 0x70, 0x17, 0x00, 0x15, 0x75, 0x20, 0x00, 0x00, 0x15, 0x06, 0x2c
    .byte 0x01, 0x00, 0x00, 0x00, 0x15, 0x07, 0x15, 0x08, 0x25, 0xb8, 0xe3, 0x21, 0x02, 0x00, 0x2c, 0x00
    .byte 0x10, 0x00, 0x00, 0x2c, 0x01, 0x10, 0x00, 0x00, 0x2c, 0x02, 0x10, 0x00, 0x00, 0x2c, 0x02, 0x00
    .byte 0x00, 0x00, 0x2c, 0x1e, 0x00, 0x00, 0x00, 0x15, 0x73, 0x2c, 0x01, 0x00, 0x00, 0x00, 0x15, 0x06
    .byte 0x2c, 0x3c, 0x00, 0x00, 0x00, 0x15, 0x07, 0x15, 0x08, 0x00, 0x2c, 0x0b, 0x10, 0x00, 0x00, 0x2c
    .byte 0x01, 0x10, 0x00, 0x00, 0x2c, 0x0c, 0x10, 0x00, 0x00, 0x2c, 0x02, 0x00, 0x00, 0x00, 0x03, 0x00
    .byte 0x08, 0x00, 0x00, 0x00, 0x29, 0x01, 0xff, 0x04, 0x10, 0x17, 0x00, 0x15, 0x73, 0x00, 0x20, 0x00
    .byte 0x00, 0x2c, 0x01, 0x00, 0x00, 0x00, 0x15, 0x38, 0x2c, 0xe0, 0xff, 0xff, 0xff, 0x2c, 0x06, 0xff
    .byte 0xff, 0xff, 0x20, 0x00, 0x00, 0x15, 0x02, 0x2c, 0x03, 0x00, 0x00, 0x00, 0x15, 0x05, 0x2c, 0xa8
    .byte 0xfd, 0xff, 0xff, 0x15, 0x1b, 0x2c, 0x40, 0x00, 0x00, 0x00, 0x15, 0x99, 0x15, 0x96, 0x2c, 0x20
    .byte 0x00, 0x00, 0x00, 0x2c, 0x0c, 0x00, 0x00, 0x00, 0x2c, 0x78, 0x00, 0x00, 0x00, 0x20, 0x00, 0x00
    .byte 0x2c, 0xe8, 0x03, 0x00, 0x00, 0x15, 0x95, 0x22, 0x20, 0x00, 0x00, 0x2c, 0x01, 0x00, 0x00, 0x00
    .byte 0x15, 0x38, 0x2c, 0xe0, 0xff, 0xff, 0xff, 0x2c, 0x40, 0xff, 0xff, 0xff, 0x20, 0x00, 0x00, 0x15
    .byte 0x02, 0x2c, 0x04, 0x00, 0x00, 0x00, 0x15, 0x05, 0x2c, 0xd4, 0xfe, 0xff, 0xff, 0x15, 0x1b, 0x2c
    .byte 0x40, 0x00, 0x00, 0x00, 0x15, 0x99, 0x15, 0x96, 0x2c, 0x20, 0x00, 0x00, 0x00, 0x2c, 0x0c, 0x00
    .byte 0x00, 0x00, 0x2c, 0x78, 0x00, 0x00, 0x00, 0x20, 0x00, 0x00, 0x2c, 0xe8, 0x03, 0x00, 0x00, 0x15
    .byte 0x95, 0x22, 0x20, 0x00, 0x00, 0x2c, 0x01, 0x00, 0x00, 0x00, 0x15, 0x38, 0x2c, 0xe0, 0xff, 0xff
    .byte 0xff, 0x2c, 0x80, 0xff, 0xff, 0xff, 0x20, 0x00, 0x00, 0x15, 0x02, 0x2c, 0x05, 0x00, 0x00, 0x00
    .byte 0x15, 0x05, 0x2c, 0x38, 0xff, 0xff, 0xff, 0x15, 0x1b, 0x2c, 0x40, 0x00, 0x00, 0x00, 0x15, 0x99
    .byte 0x15, 0x96, 0x2c, 0x20, 0x00, 0x00, 0x00, 0x2c, 0x0c, 0x00, 0x00, 0x00, 0x2c, 0x78, 0x00, 0x00
    .byte 0x00, 0x20, 0x00, 0x00, 0x2c, 0xe8, 0x03, 0x00, 0x00, 0x15, 0x95, 0x22, 0x20, 0x00, 0x00, 0x2c
    .byte 0x01, 0x00, 0x00, 0x00, 0x15, 0x38, 0x2c, 0x20, 0x01, 0x00, 0x00, 0x2c, 0x06, 0xff, 0xff, 0xff
    .byte 0x20, 0x00, 0x00, 0x15, 0x02, 0x20, 0x00, 0x00, 0x15, 0x05, 0x2c, 0x0c, 0xfe, 0xff, 0xff, 0x15
    .byte 0x1b, 0x2c, 0x40, 0x00, 0x00, 0x00, 0x15, 0x97, 0x15, 0x96, 0x2c, 0x20, 0x00, 0x00, 0x00, 0x2c
    .byte 0x0c, 0x00, 0x00, 0x00, 0x2c, 0x78, 0x00, 0x00, 0x00, 0x20, 0x00, 0x00, 0x2c, 0xe8, 0x03, 0x00
    .byte 0x00, 0x15, 0x95, 0x22, 0x20, 0x00, 0x00, 0x2c, 0x01, 0x00, 0x00, 0x00, 0x15, 0x38, 0x2c, 0x20
    .byte 0x01, 0x00, 0x00, 0x2c, 0x40, 0xff, 0xff, 0xff, 0x20, 0x00, 0x00, 0x15, 0x02, 0x2c, 0x01, 0x00
    .byte 0x00, 0x00, 0x15, 0x05, 0x2c, 0x70, 0xfe, 0xff, 0xff, 0x15, 0x1b, 0x2c, 0x40, 0x00, 0x00, 0x00
    .byte 0x15, 0x97, 0x15, 0x96, 0x2c, 0x20, 0x00, 0x00, 0x00, 0x2c, 0x0c, 0x00, 0x00, 0x00, 0x2c, 0x78
    .byte 0x00, 0x00, 0x00, 0x20, 0x00, 0x00, 0x2c, 0xe8, 0x03, 0x00, 0x00, 0x15, 0x95, 0x22, 0x20, 0x00
    .byte 0x00, 0x2c, 0x01, 0x00, 0x00, 0x00, 0x15, 0x38, 0x2c, 0x20, 0x01, 0x00, 0x00, 0x2c, 0x80, 0xff
    .byte 0xff, 0xff, 0x20, 0x00, 0x00, 0x15, 0x02, 0x2c, 0x02, 0x00, 0x00, 0x00, 0x15, 0x05, 0x2c, 0x9c
    .byte 0xff, 0xff, 0xff, 0x15, 0x1b, 0x2c, 0x40, 0x00, 0x00, 0x00, 0x15, 0x97, 0x15, 0x96, 0x2c, 0x20
    .byte 0x00, 0x00, 0x00, 0x2c, 0x0c, 0x00, 0x00, 0x00, 0x2c, 0x78, 0x00, 0x00, 0x00, 0x20, 0x00, 0x00
    .byte 0x2c, 0xe8, 0x03, 0x00, 0x00, 0x15, 0x95, 0x22, 0x2c, 0x79, 0x00, 0x00, 0x00, 0x15, 0x99, 0x2c
    .byte 0x3c, 0x00, 0x00, 0x00, 0x15, 0x01, 0x18, 0x70, 0x17, 0x00, 0x15, 0x07, 0x15, 0x08, 0x2c, 0x88
    .byte 0xff, 0xff, 0xff, 0x20, 0x00, 0x00, 0x20, 0x00, 0x00, 0x03, 0x00, 0xc8, 0x00, 0x00, 0x00, 0x2c
    .byte 0x64, 0x00, 0x00, 0x00, 0x15, 0x01, 0x18, 0x71, 0x04, 0x10, 0x17, 0x00, 0x20, 0x00, 0x00, 0x20
    .byte 0x00, 0x00, 0x15, 0x1a, 0x15, 0x21, 0x00, 0x2c, 0x79, 0x00, 0x00, 0x00, 0x15, 0x97, 0x2c, 0x3c
    .byte 0x00, 0x00, 0x00, 0x15, 0x01, 0x18, 0x70, 0x17, 0x00, 0x15, 0x07, 0x15, 0x08, 0x2c, 0x78, 0x00
    .byte 0x00, 0x00, 0x20, 0x00, 0x00, 0x20, 0x00, 0x00, 0x03, 0x00, 0xc8, 0x00, 0x00, 0x00, 0x2c, 0x64
    .byte 0x00, 0x00, 0x00, 0x15, 0x01, 0x18, 0x71, 0x04, 0x10, 0x17, 0x00, 0x20, 0x00, 0x00, 0x20, 0x00
    .byte 0x00, 0x15, 0x1a, 0x15, 0x21, 0x00, 0x2c, 0x3c, 0x00, 0x00, 0x00, 0x15, 0x01, 0x18, 0x70, 0x17
    .byte 0x00, 0x15, 0x07, 0x15, 0x08, 0x2c, 0x78, 0x00, 0x00, 0x00, 0x20, 0x00, 0x00, 0x20, 0x00, 0x00
    .byte 0x03, 0x00, 0xc8, 0x00, 0x00, 0x00, 0x2c, 0x64, 0x00, 0x00, 0x00, 0x15, 0x01, 0x18, 0x71, 0x04
    .byte 0x10, 0x17, 0x00, 0x20, 0x00, 0x00, 0x20, 0x00, 0x00, 0x15, 0x1a, 0x15, 0x21, 0x2c, 0x87, 0xff
    .byte 0xff, 0xff, 0x15, 0x99, 0x00, 0x2c, 0x3c, 0x00, 0x00, 0x00, 0x15, 0x01, 0x18, 0x70, 0x17, 0x00
    .byte 0x15, 0x07, 0x15, 0x08, 0x2c, 0x88, 0xff, 0xff, 0xff, 0x20, 0x00, 0x00, 0x20, 0x00, 0x00, 0x03
    .byte 0x00, 0xc8, 0x00, 0x00, 0x00, 0x2c, 0x64, 0x00, 0x00, 0x00, 0x15, 0x01, 0x18, 0x71, 0x04, 0x10
    .byte 0x17, 0x00, 0x20, 0x00, 0x00, 0x20, 0x00, 0x00, 0x15, 0x1a, 0x15, 0x21, 0x2c, 0x87, 0xff, 0xff
    .byte 0xff, 0x15, 0x97, 0x00, 0x2c, 0x01, 0x00, 0x00, 0x00, 0x15, 0x07, 0x15, 0x08, 0x2c, 0xed, 0x0b
    .byte 0x00, 0x00, 0x15, 0x37, 0x18, 0x70, 0x32, 0x00, 0x01, 0x00, 0x00, 0x00, 0x14, 0x52, 0xe7, 0x21
    .byte 0x02, 0x2c, 0xed, 0x0b, 0x00, 0x00, 0x15, 0x36, 0x21, 0xb7, 0x0d, 0x22, 0x02, 0x21, 0xfd, 0x17
    .byte 0x22, 0x02, 0x2c, 0x01, 0x00, 0x00, 0x00, 0x15, 0x07, 0x15, 0x08, 0x29, 0x00, 0xfe, 0x32, 0x00
    .byte 0x8d, 0x00, 0x00, 0x00, 0x14, 0x3a, 0xe7, 0x21, 0x02, 0x22, 0x2c, 0x0a, 0x00, 0x00, 0x00, 0x20
    .byte 0x00, 0x00, 0x15, 0x9d, 0x18, 0x70, 0x31, 0x00, 0x0a, 0x00, 0x00, 0x00, 0x14, 0x52, 0xe7, 0x21
    .byte 0x02, 0x22, 0x2c, 0x08, 0x00, 0x00, 0x00, 0x20, 0x00, 0x00, 0x15, 0x9d, 0x18, 0x70, 0x32, 0x00
    .byte 0x00, 0x00, 0x00, 0x00, 0x14, 0x6a, 0xe7, 0x21, 0x02, 0x22, 0x2c, 0x0d, 0x00, 0x00, 0x00, 0x20
    .byte 0x00, 0x00, 0x15, 0x9d, 0x18, 0x70, 0x32, 0x00, 0x00, 0x00, 0x00, 0x00, 0x14, 0x88, 0xe7, 0x21
    .byte 0x02, 0x2c, 0xed, 0x0b, 0x00, 0x00, 0x15, 0x35, 0x2c, 0x09, 0x00, 0x00, 0x00, 0x20, 0x00, 0x00
    .byte 0x15, 0x9d, 0x21, 0x70, 0xeb, 0x21, 0x02, 0x2c, 0xee, 0x0b, 0x00, 0x00, 0x15, 0x35, 0x2c, 0xf8
    .byte 0x03, 0x00, 0x00, 0x15, 0x35, 0x2c, 0x86, 0x03, 0x00, 0x00, 0x15, 0x35, 0x2c, 0x99, 0x00, 0x00
    .byte 0x00, 0x2c, 0x00, 0x01, 0x00, 0x00, 0x2c, 0x00, 0x01, 0x00, 0x00, 0x20, 0x00, 0x00, 0x15, 0x4a
    .byte 0x00, 0x2c, 0x01, 0x00, 0x00, 0x00, 0x2c, 0xa3, 0x00, 0x00, 0x00, 0x15, 0xef, 0x18, 0x70, 0x32
    .byte 0x00, 0x01, 0x00, 0x00, 0x00, 0x14, 0xf4, 0xe7, 0x21, 0x02, 0x2c, 0x16, 0x00, 0x00, 0x00, 0x2c
    .byte 0xe7, 0x03, 0x00, 0x00, 0x15, 0x78, 0x2c, 0x01, 0x00, 0x00, 0x00, 0x15, 0x07, 0x15, 0x08, 0x25
    .byte 0x5d, 0xe8, 0x21, 0x02, 0x2c, 0xee, 0x0b, 0x00, 0x00, 0x15, 0x37, 0x18, 0x70, 0x32, 0x00, 0x01
    .byte 0x00, 0x00, 0x00, 0x14, 0x2b, 0xe8, 0x21, 0x02, 0x2c, 0x16, 0x00, 0x00, 0x00, 0x2c, 0x0a, 0x00
    .byte 0x00, 0x00, 0x20, 0x00, 0x00, 0x15, 0x9d, 0x18, 0x70, 0x17, 0x00, 0x15, 0x78, 0x2c, 0x01, 0x00
    .byte 0x00, 0x00, 0x15, 0x07, 0x15, 0x08, 0x25, 0x5d, 0xe8, 0x21, 0x02, 0x2c, 0xef, 0x0b, 0x00, 0x00
    .byte 0x15, 0x37, 0x18, 0x70, 0x32, 0x00, 0x01, 0x00, 0x00, 0x00, 0x14, 0x5d, 0xe8, 0x21, 0x02, 0x2c
    .byte 0x16, 0x00, 0x00, 0x00, 0x2c, 0x0a, 0x00, 0x00, 0x00, 0x20, 0x00, 0x00, 0x15, 0x9d, 0x18, 0x70
    .byte 0x17, 0x00, 0x15, 0x78, 0x2c, 0x01, 0x00, 0x00, 0x00, 0x15, 0x07, 0x15, 0x08, 0x2c, 0x01, 0x00
    .byte 0x00, 0x00, 0x2c, 0xf0, 0xff, 0xff, 0xff, 0x2c, 0xf0, 0xff, 0xff, 0xff, 0x2c, 0x01, 0x00, 0x00
    .byte 0x00, 0x15, 0xd6, 0x2c, 0x02, 0x00, 0x00, 0x00, 0x2c, 0xf0, 0xff, 0xff, 0xff, 0x2c, 0xf0, 0xff
    .byte 0xff, 0xff, 0x2c, 0x01, 0x00, 0x00, 0x00, 0x15, 0xd6, 0x2c, 0xf8, 0x03, 0x00, 0x00, 0x15, 0x35
    .byte 0x2c, 0x86, 0x03, 0x00, 0x00, 0x15, 0x35, 0x01, 0x9c, 0xe8, 0x21, 0x02, 0x2c, 0x0a, 0x00, 0x00
    .byte 0x00, 0x20, 0x00, 0x00, 0x15, 0x9d, 0x18, 0x70, 0x28, 0x00, 0x00, 0x2b, 0x00, 0x00, 0x32, 0x00
    .byte 0x01, 0x00, 0x00, 0x00, 0x14, 0xd2, 0xe8, 0x21, 0x02, 0x2c, 0x8d, 0x00, 0x00, 0x00, 0x2c, 0x00
    .byte 0x01, 0x00, 0x00, 0x2c, 0x00, 0x01, 0x00, 0x00, 0x20, 0x00, 0x00, 0x15, 0x4a, 0x25, 0x80, 0xea
    .byte 0x21, 0x02, 0x2b, 0x00, 0x00, 0x32, 0x00, 0x02, 0x00, 0x00, 0x00, 0x14, 0xf9, 0xe8, 0x21, 0x02
    .byte 0x2c, 0x8e, 0x00, 0x00, 0x00, 0x2c, 0x00, 0x01, 0x00, 0x00, 0x2c, 0x00, 0x01, 0x00, 0x00, 0x20
    .byte 0x00, 0x00, 0x15, 0x4a, 0x25, 0x80, 0xea, 0x21, 0x02, 0x2b, 0x00, 0x00, 0x32, 0x00, 0x03, 0x00
    .byte 0x00, 0x00, 0x14, 0x20, 0xe9, 0x21, 0x02, 0x2c, 0x8f, 0x00, 0x00, 0x00, 0x2c, 0x00, 0x01, 0x00
    .byte 0x00, 0x2c, 0x00, 0x01, 0x00, 0x00, 0x20, 0x00, 0x00, 0x15, 0x4a, 0x25, 0x80, 0xea, 0x21, 0x02
    .byte 0x2b, 0x00, 0x00, 0x32, 0x00, 0x04, 0x00, 0x00, 0x00, 0x14, 0x47, 0xe9, 0x21, 0x02, 0x2c, 0x90
    .byte 0x00, 0x00, 0x00, 0x2c, 0x00, 0x01, 0x00, 0x00, 0x2c, 0x00, 0x01, 0x00, 0x00, 0x20, 0x00, 0x00
    .byte 0x15, 0x4a, 0x25, 0x80, 0xea, 0x21, 0x02, 0x2b, 0x00, 0x00, 0x32, 0x00, 0x05, 0x00, 0x00, 0x00
    .byte 0x14, 0x6e, 0xe9, 0x21, 0x02, 0x2c, 0x91, 0x00, 0x00, 0x00, 0x2c, 0x00, 0x01, 0x00, 0x00, 0x2c
    .byte 0x00, 0x01, 0x00, 0x00, 0x20, 0x00, 0x00, 0x15, 0x4a, 0x25, 0x80, 0xea, 0x21, 0x02, 0x2b, 0x00
    .byte 0x00, 0x32, 0x00, 0x06, 0x00, 0x00, 0x00, 0x14, 0x95, 0xe9, 0x21, 0x02, 0x2c, 0x92, 0x00, 0x00
    .byte 0x00, 0x2c, 0x00, 0x01, 0x00, 0x00, 0x2c, 0x00, 0x01, 0x00, 0x00, 0x20, 0x00, 0x00, 0x15, 0x4a
    .byte 0x25, 0x80, 0xea, 0x21, 0x02, 0x2b, 0x00, 0x00, 0x32, 0x00, 0x07, 0x00, 0x00, 0x00, 0x14, 0xbc
    .byte 0xe9, 0x21, 0x02, 0x2c, 0x93, 0x00, 0x00, 0x00, 0x2c, 0x00, 0x01, 0x00, 0x00, 0x2c, 0x00, 0x01
    .byte 0x00, 0x00, 0x20, 0x00, 0x00, 0x15, 0x4a, 0x25, 0x80, 0xea, 0x21, 0x02, 0x2b, 0x00, 0x00, 0x32
    .byte 0x00, 0x08, 0x00, 0x00, 0x00, 0x14, 0xe3, 0xe9, 0x21, 0x02, 0x2c, 0x94, 0x00, 0x00, 0x00, 0x2c
    .byte 0x00, 0x01, 0x00, 0x00, 0x2c, 0x00, 0x01, 0x00, 0x00, 0x20, 0x00, 0x00, 0x15, 0x4a, 0x25, 0x80
    .byte 0xea, 0x21, 0x02, 0x2b, 0x00, 0x00, 0x32, 0x00, 0x09, 0x00, 0x00, 0x00, 0x14, 0x0a, 0xea, 0x21
    .byte 0x02, 0x2c, 0x95, 0x00, 0x00, 0x00, 0x2c, 0x00, 0x01, 0x00, 0x00, 0x2c, 0x00, 0x01, 0x00, 0x00
    .byte 0x20, 0x00, 0x00, 0x15, 0x4a, 0x25, 0x80, 0xea, 0x21, 0x02, 0x2b, 0x00, 0x00, 0x32, 0x00, 0x0a
    .byte 0x00, 0x00, 0x00, 0x14, 0x5e, 0xea, 0x21, 0x02, 0x2c, 0x49, 0x02, 0x00, 0x00, 0x15, 0x37, 0x18
    .byte 0x70, 0x32, 0x00, 0x00, 0x00, 0x00, 0x00, 0x14, 0x45, 0xea, 0x21, 0x02, 0x2c, 0x96, 0x00, 0x00
    .byte 0x00, 0x2c, 0x00, 0x01, 0x00, 0x00, 0x2c, 0x00, 0x01, 0x00, 0x00, 0x20, 0x00, 0x00, 0x15, 0x4a
    .byte 0x25, 0x59, 0xea, 0x21, 0x02, 0x2c, 0x97, 0x00, 0x00, 0x00, 0x2c, 0x00, 0x01, 0x00, 0x00, 0x2c
    .byte 0x00, 0x01, 0x00, 0x00, 0x20, 0x00, 0x00, 0x15, 0x4a, 0x25, 0x80, 0xea, 0x21, 0x02, 0x2b, 0x00
    .byte 0x00, 0x32, 0x00, 0x0b, 0x00, 0x00, 0x00, 0x14, 0x80, 0xea, 0x21, 0x02, 0x2c, 0x97, 0x00, 0x00
    .byte 0x00, 0x2c, 0x00, 0x01, 0x00, 0x00, 0x2c, 0x00, 0x01, 0x00, 0x00, 0x20, 0x00, 0x00, 0x15, 0x4a
    .byte 0x00, 0x2c, 0x04, 0x00, 0x00, 0x00, 0x20, 0x00, 0x00, 0x20, 0x00, 0x00, 0x20, 0x00, 0x00, 0x15
    .byte 0xcd, 0x2c, 0x05, 0x00, 0x00, 0x00, 0x20, 0x00, 0x00, 0x20, 0x00, 0x00, 0x20, 0x00, 0x00, 0x15
    .byte 0xcd, 0x2c, 0x01, 0x00, 0x00, 0x00, 0x15, 0x09, 0x03, 0x00, 0x00, 0x00, 0x00, 0x00, 0x28, 0x00
    .byte 0x00, 0x2b, 0x00, 0x00, 0x34, 0x00, 0x1e, 0x00, 0x00, 0x00, 0x14, 0x59, 0xeb, 0x21, 0x02, 0x2c
    .byte 0x01, 0x00, 0x00, 0x00, 0x15, 0x07, 0x15, 0x08, 0x03, 0x00, 0x0a, 0x00, 0x00, 0x00, 0x28, 0x00
    .byte 0x00, 0x2b, 0x00, 0x00, 0x34, 0x00, 0x02, 0x00, 0x00, 0x00, 0x14, 0x08, 0xeb, 0x21, 0x02, 0x2c
    .byte 0x03, 0x00, 0x00, 0x00, 0x15, 0x07, 0x15, 0x08, 0x2c, 0x05, 0x00, 0x00, 0x00, 0x2f, 0x00, 0x20
    .byte 0x00, 0x00, 0x20, 0x00, 0x00, 0x15, 0xcd, 0x2b, 0x00, 0x00, 0x24, 0x00, 0x01, 0x00, 0x00, 0x00
    .byte 0x28, 0x00, 0x00, 0x25, 0xd1, 0xea, 0x21, 0x02, 0x03, 0x00, 0x01, 0x00, 0x00, 0x00, 0x28, 0x00
    .byte 0x00, 0x2b, 0x00, 0x00, 0x34, 0x00, 0x0a, 0x00, 0x00, 0x00, 0x14, 0x48, 0xeb, 0x21, 0x02, 0x2c
    .byte 0x03, 0x00, 0x00, 0x00, 0x15, 0x07, 0x15, 0x08, 0x2c, 0x05, 0x00, 0x00, 0x00, 0x2f, 0x00, 0x20
    .byte 0x00, 0x00, 0x20, 0x00, 0x00, 0x15, 0xcd, 0x2b, 0x00, 0x00, 0x05, 0x00, 0x01, 0x00, 0x00, 0x00
    .byte 0x28, 0x00, 0x00, 0x25, 0x11, 0xeb, 0x21, 0x02, 0x2b, 0x00, 0x00, 0x05, 0x00, 0x01, 0x00, 0x00
    .byte 0x00, 0x28, 0x00, 0x00, 0x25, 0xb1, 0xea, 0x21, 0x02, 0x00, 0x20, 0x00, 0x00, 0x15, 0x09, 0x2c
    .byte 0x06, 0x00, 0x00, 0x00, 0x20, 0x00, 0x00, 0x20, 0x00, 0x00, 0x20, 0x00, 0x00, 0x15, 0xcd, 0x00
    .byte 0x20, 0x00, 0x00, 0x2c, 0x00, 0x11, 0x00, 0x00, 0x15, 0xe0, 0x2c, 0x0a, 0x00, 0x00, 0x00, 0x15
    .byte 0x07, 0x15, 0x08, 0x2c, 0x0f, 0x00, 0x00, 0x00, 0x15, 0x07, 0x15, 0x08, 0x2c, 0x1e, 0x00, 0x00
    .byte 0x00, 0x15, 0x07, 0x15, 0x08, 0x2c, 0x1e, 0x00, 0x00, 0x00, 0x15, 0x07, 0x15, 0x08, 0x2c, 0x02
    .byte 0x00, 0x00, 0x00, 0x20, 0x00, 0x00, 0x2c, 0x05, 0x00, 0x00, 0x00, 0x15, 0xa6, 0x2c, 0x3c, 0x00
    .byte 0x00, 0x00, 0x15, 0x07, 0x15, 0x08, 0x2c, 0x06, 0x00, 0x00, 0x00, 0x2c, 0x03, 0x00, 0x00, 0x00
    .byte 0x15, 0xe0, 0x20, 0x00, 0x00, 0x2c, 0x65, 0xec, 0x21, 0x02, 0x15, 0x39, 0x2c, 0x08, 0x00, 0x00
    .byte 0x00, 0x2c, 0x81, 0xea, 0x21, 0x02, 0x15, 0x39, 0x2c, 0x78, 0x00, 0x00, 0x00, 0x15, 0x07, 0x15
    .byte 0x08, 0x2c, 0x09, 0x00, 0x00, 0x00, 0x2c, 0x51, 0xf1, 0x21, 0x02, 0x15, 0x39, 0x2c, 0x3c, 0x00
    .byte 0x00, 0x00, 0x15, 0x07, 0x15, 0x08, 0x2c, 0x03, 0x00, 0x00, 0x00, 0x20, 0x00, 0x00, 0x2c, 0x05
    .byte 0x00, 0x00, 0x00, 0x15, 0xa6, 0x2c, 0x09, 0x00, 0x00, 0x00, 0x2c, 0xac, 0xf1, 0x21, 0x02, 0x15
    .byte 0x39, 0x2c, 0x3c, 0x00, 0x00, 0x00, 0x15, 0x07, 0x15, 0x08, 0x2c, 0x04, 0x00, 0x00, 0x00, 0x20
    .byte 0x00, 0x00, 0x2c, 0x05, 0x00, 0x00, 0x00, 0x15, 0xa6, 0x2c, 0x09, 0x00, 0x00, 0x00, 0x2c, 0x07
    .byte 0xf2, 0x21, 0x02, 0x15, 0x39, 0x2c, 0x78, 0x00, 0x00, 0x00, 0x15, 0x07, 0x15, 0x08, 0x2c, 0x03
    .byte 0x00, 0x00, 0x00, 0x20, 0x00, 0x00, 0x2c, 0x10, 0x00, 0x00, 0x00, 0x2c, 0x78, 0x00, 0x00, 0x00
    .byte 0x15, 0xd6, 0x2c, 0x77, 0x00, 0x00, 0x00, 0x15, 0x07, 0x15, 0x08, 0x15, 0xa7, 0x2c, 0xf8, 0x03
    .byte 0x00, 0x00, 0x15, 0x35, 0x22, 0x2c, 0x13, 0x10, 0x00, 0x00, 0x2c, 0x01, 0x10, 0x00, 0x00, 0x2c
    .byte 0x14, 0x10, 0x00, 0x00, 0x2c, 0x02, 0x00, 0x00, 0x00, 0x2c, 0x20, 0x00, 0x00, 0x00, 0x15, 0x73
    .byte 0x2c, 0x01, 0x00, 0x00, 0x00, 0x15, 0x06, 0x00, 0x20, 0x00, 0x00, 0x15, 0x18, 0x20, 0x00, 0x00
    .byte 0x15, 0x19, 0x2c, 0x01, 0x00, 0x00, 0x00, 0x15, 0x2b, 0x2c, 0x80, 0x00, 0x00, 0x00, 0x2c, 0x7c
    .byte 0x00, 0x00, 0x00, 0x20, 0x00, 0x00, 0x2c, 0x3c, 0x00, 0x00, 0x00, 0x2c, 0x01, 0x00, 0x00, 0x00
    .byte 0x20, 0x00, 0x00, 0x15, 0x1a, 0x15, 0x21, 0x2c, 0x04, 0x00, 0x00, 0x00, 0x15, 0x75, 0x2c, 0x01
    .byte 0x00, 0x00, 0x00, 0x15, 0x25, 0x2c, 0x01, 0x00, 0x00, 0x00, 0x15, 0x18, 0x2c, 0x01, 0x00, 0x00
    .byte 0x00, 0x15, 0x19, 0x2c, 0x0a, 0x00, 0x00, 0x00, 0x15, 0x07, 0x15, 0x08, 0x00, 0x03, 0x00, 0x00
    .byte 0x00, 0x00, 0x00, 0x2c, 0x0a, 0x00, 0x00, 0x00, 0x15, 0x01, 0x18, 0x71, 0x04, 0x10, 0x17, 0x00
    .byte 0x15, 0x07, 0x15, 0x08, 0x2c, 0x0c, 0x00, 0x00, 0x00, 0x2c, 0x01, 0x00, 0x00, 0x00, 0x15, 0x10
    .byte 0x18, 0x70, 0x24, 0x00, 0x40, 0x00, 0x00, 0x00, 0x17, 0x00, 0x15, 0x11, 0x18, 0x70, 0x24, 0x00
    .byte 0x40, 0x00, 0x00, 0x00, 0x17, 0x00, 0x2c, 0x80, 0x00, 0x00, 0x00, 0x2c, 0x40, 0x00, 0x00, 0x00
    .byte 0x2c, 0xff, 0xff, 0xff, 0xff, 0x15, 0x53, 0x25, 0xdd, 0xec, 0x21, 0x02, 0x00, 0x03, 0x00, 0x00
    .byte 0x00, 0x00, 0x00, 0x2c, 0x07, 0x00, 0x00, 0x00, 0x15, 0x01, 0x18, 0x71, 0x04, 0x10, 0x17, 0x00
    .byte 0x15, 0x07, 0x15, 0x08, 0x2c, 0x0c, 0x00, 0x00, 0x00, 0x2c, 0x02, 0x00, 0x00, 0x00, 0x15, 0x10
    .byte 0x18, 0x70, 0x24, 0x00, 0x40, 0x00, 0x00, 0x00, 0x17, 0x00, 0x15, 0x11, 0x18, 0x70, 0x24, 0x00
    .byte 0x40, 0x00, 0x00, 0x00, 0x17, 0x00, 0x2c, 0x80, 0x00, 0x00, 0x00, 0x2c, 0x40, 0x00, 0x00, 0x00
    .byte 0x2c, 0xff, 0xff, 0xff, 0xff, 0x15, 0x53, 0x25, 0x2d, 0xed, 0x21, 0x02, 0x00, 0x03, 0x00, 0x00
    .byte 0x00, 0x00, 0x00, 0x2c, 0x04, 0x00, 0x00, 0x00, 0x15, 0x01, 0x18, 0x71, 0x04, 0x10, 0x17, 0x00
    .byte 0x15, 0x07, 0x15, 0x08, 0x2c, 0x0c, 0x00, 0x00, 0x00, 0x2c, 0x02, 0x00, 0x00, 0x00, 0x15, 0x10
    .byte 0x18, 0x70, 0x24, 0x00, 0x40, 0x00, 0x00, 0x00, 0x17, 0x00, 0x15, 0x11, 0x18, 0x70, 0x24, 0x00
    .byte 0x40, 0x00, 0x00, 0x00, 0x17, 0x00, 0x2c, 0x80, 0x00, 0x00, 0x00, 0x2c, 0x40, 0x00, 0x00, 0x00
    .byte 0x2c, 0xff, 0xff, 0xff, 0xff, 0x15, 0x53, 0x25, 0x7d, 0xed, 0x21, 0x02, 0x00, 0x03, 0x00, 0x00
    .byte 0x00, 0x00, 0x00, 0x2c, 0x02, 0x00, 0x00, 0x00, 0x15, 0x01, 0x18, 0x71, 0x04, 0x10, 0x17, 0x00
    .byte 0x15, 0x07, 0x15, 0x08, 0x2c, 0x0c, 0x00, 0x00, 0x00, 0x2c, 0x02, 0x00, 0x00, 0x00, 0x15, 0x10
    .byte 0x18, 0x70, 0x24, 0x00, 0x40, 0x00, 0x00, 0x00, 0x17, 0x00, 0x15, 0x11, 0x18, 0x70, 0x24, 0x00
    .byte 0x40, 0x00, 0x00, 0x00, 0x17, 0x00, 0x2c, 0x80, 0x00, 0x00, 0x00, 0x2c, 0x40, 0x00, 0x00, 0x00
    .byte 0x2c, 0xff, 0xff, 0xff, 0xff, 0x15, 0x53, 0x25, 0xcd, 0xed, 0x21, 0x02, 0x00, 0x2c, 0x1e, 0x00
    .byte 0x00, 0x00, 0x2c, 0x00, 0x11, 0x00, 0x00, 0x2c, 0x20, 0x00, 0x00, 0x00, 0x20, 0x00, 0x00, 0x20
    .byte 0x00, 0x00, 0x15, 0x3e, 0x20, 0x00, 0x00, 0x15, 0x05, 0x2c, 0x01, 0x00, 0x00, 0x00, 0x15, 0x09
    .byte 0x2c, 0x01, 0x00, 0x00, 0x00, 0x15, 0x06, 0x2c, 0x00, 0x01, 0x00, 0x00, 0x15, 0x17, 0x2c, 0x3c
    .byte 0x00, 0x00, 0x00, 0x15, 0x07, 0x15, 0x08, 0x20, 0x00, 0x00, 0x15, 0x09, 0x2c, 0x01, 0x00, 0x00
    .byte 0x00, 0x2c, 0x00, 0x11, 0x00, 0x00, 0x15, 0xe0, 0x00, 0x2c, 0x1e, 0x00, 0x00, 0x00, 0x2c, 0x00
    .byte 0x11, 0x00, 0x00, 0x2c, 0x40, 0x00, 0x00, 0x00, 0x20, 0x00, 0x00, 0x20, 0x00, 0x00, 0x15, 0x3e
    .byte 0x2c, 0x01, 0x00, 0x00, 0x00, 0x15, 0x05, 0x2c, 0x01, 0x00, 0x00, 0x00, 0x15, 0x09, 0x2c, 0x01
    .byte 0x00, 0x00, 0x00, 0x15, 0x06, 0x2c, 0x00, 0x01, 0x00, 0x00, 0x15, 0x17, 0x2c, 0x3c, 0x00, 0x00
    .byte 0x00, 0x15, 0x07, 0x15, 0x08, 0x20, 0x00, 0x00, 0x15, 0x09, 0x2c, 0x01, 0x00, 0x00, 0x00, 0x2c
    .byte 0x00, 0x11, 0x00, 0x00, 0x15, 0xe0, 0x00, 0x2c, 0x1e, 0x00, 0x00, 0x00, 0x2c, 0x00, 0x11, 0x00
    .byte 0x00, 0x2c, 0x64, 0x00, 0x00, 0x00, 0x20, 0x00, 0x00, 0x20, 0x00, 0x00, 0x15, 0x3e, 0x2c, 0x02
    .byte 0x00, 0x00, 0x00, 0x15, 0x05, 0x2c, 0x01, 0x00, 0x00, 0x00, 0x15, 0x09, 0x2c, 0x01, 0x00, 0x00
    .byte 0x00, 0x15, 0x06, 0x2c, 0x00, 0x01, 0x00, 0x00, 0x15, 0x17, 0x2c, 0x3c, 0x00, 0x00, 0x00, 0x15
    .byte 0x07, 0x15, 0x08, 0x2c, 0x01, 0x00, 0x00, 0x00, 0x2c, 0x00, 0x11, 0x00, 0x00, 0x15, 0xe0, 0x00
    .byte 0x20, 0x00, 0x00, 0x15, 0x09, 0x2c, 0x01, 0x00, 0x00, 0x00, 0x15, 0xd7, 0x2c, 0x08, 0x00, 0x00
    .byte 0x00, 0x2c, 0xd0, 0xff, 0xff, 0xff, 0x15, 0xd1, 0x2c, 0x01, 0x00, 0x00, 0x00, 0x2c, 0xb0, 0xff
    .byte 0xff, 0xff, 0x2c, 0xb8, 0xff, 0xff, 0xff, 0x2c, 0x50, 0x00, 0x00, 0x00, 0x2c, 0x10, 0x00, 0x00
    .byte 0x00, 0x15, 0x5c, 0x2c, 0x01, 0x00, 0x00, 0x00, 0x2c, 0xa3, 0x00, 0x00, 0x00, 0x15, 0xef, 0x18
    .byte 0x70, 0x32, 0x00, 0x01, 0x00, 0x00, 0x00, 0x14, 0x85, 0xef, 0x21, 0x02, 0x2c, 0x0a, 0x00, 0x00
    .byte 0x00, 0x20, 0x00, 0x00, 0x15, 0x9d, 0x18, 0x70, 0x32, 0x00, 0x0a, 0x00, 0x00, 0x00, 0x14, 0x74
    .byte 0xef, 0x21, 0x02, 0x2c, 0x01, 0x00, 0x00, 0x00, 0x2c, 0xed, 0x11, 0x22, 0x02, 0x15, 0x29, 0x25
    .byte 0x80, 0xef, 0x21, 0x02, 0x2c, 0x01, 0x00, 0x00, 0x00, 0x2c, 0x92, 0xef, 0x21, 0x02, 0x15, 0x29
    .byte 0x25, 0x91, 0xef, 0x21, 0x02, 0x2c, 0x01, 0x00, 0x00, 0x00, 0x2c, 0x92, 0xef, 0x21, 0x02, 0x15
    .byte 0x29, 0x00, 0x2c, 0x0c, 0x04, 0x00, 0x00, 0x15, 0x35, 0x2c, 0x0d, 0x00, 0x00, 0x00, 0x2c, 0x01
    .byte 0x00, 0x00, 0x00, 0x15, 0x78, 0x2c, 0x0c, 0x04, 0x00, 0x00, 0x15, 0x36, 0x2c, 0x01, 0x00, 0x00
    .byte 0x00, 0x15, 0x07, 0x15, 0x08, 0x2c, 0x90, 0x03, 0x00, 0x00, 0x15, 0x37, 0x18, 0x70, 0x32, 0x00
    .byte 0x00, 0x00, 0x00, 0x00, 0x13, 0xd7, 0xef, 0x21, 0x02, 0x37, 0x00, 0x00, 0x33, 0x00, 0x00, 0x00
    .byte 0x00, 0x00, 0x14, 0xd8, 0xef, 0x21, 0x02, 0x00, 0x2c, 0x08, 0x00, 0x00, 0x00, 0x38, 0x00, 0x2c
    .byte 0x80, 0x01, 0x00, 0x00, 0x2c, 0x20, 0x01, 0x00, 0x00, 0x20, 0x00, 0x00, 0x2c, 0x40, 0x00, 0x00
    .byte 0x00, 0x2c, 0x10, 0x00, 0x00, 0x00, 0x15, 0x53, 0x2c, 0x01, 0x00, 0x00, 0x00, 0x15, 0x07, 0x15
    .byte 0x08, 0x2c, 0x07, 0x00, 0x00, 0x00, 0x38, 0x00, 0x15, 0x9d, 0x21, 0xf4, 0xe6, 0x21, 0x02, 0x20
    .byte 0x00, 0x00, 0x2c, 0xc8, 0x06, 0x22, 0x02, 0x15, 0x39, 0x20, 0x00, 0x00, 0x15, 0x42, 0x18, 0x70
    .byte 0x32, 0x00, 0x00, 0x00, 0x00, 0x00, 0x14, 0x30, 0xf0, 0x21, 0x02, 0x01, 0x19, 0xf0, 0x21, 0x02
    .byte 0x2c, 0x0a, 0x00, 0x00, 0x00, 0x20, 0x00, 0x00, 0x15, 0x9d, 0x18, 0x70, 0x34, 0x00, 0x0a, 0x00
    .byte 0x00, 0x00, 0x14, 0x4c, 0xf0, 0x21, 0x02, 0x21, 0x1e, 0x07, 0x22, 0x02, 0x00, 0x20, 0x00, 0x00
    .byte 0x15, 0x09, 0x00, 0x2c, 0x01, 0x00, 0x00, 0x00, 0x15, 0x09, 0x2c, 0x04, 0x00, 0x00, 0x00, 0x20
    .byte 0x00, 0x00, 0x20, 0x00, 0x00, 0x20, 0x00, 0x00, 0x15, 0xcd, 0x03, 0x00, 0x0a, 0x00, 0x00, 0x00
    .byte 0x28, 0x00, 0x00, 0x2b, 0x00, 0x00, 0x30, 0x00, 0x00, 0x00, 0x00, 0x00, 0x14, 0xaa, 0xf0, 0x21
    .byte 0x02, 0x2c, 0x03, 0x00, 0x00, 0x00, 0x15, 0x07, 0x15, 0x08, 0x2c, 0x05, 0x00, 0x00, 0x00, 0x2f
    .byte 0x00, 0x20, 0x00, 0x00, 0x20, 0x00, 0x00, 0x15, 0xcd, 0x2b, 0x00, 0x00, 0x24, 0x00, 0x01, 0x00
    .byte 0x00, 0x00, 0x28, 0x00, 0x00, 0x25, 0x73, 0xf0, 0x21, 0x02, 0x03, 0x00, 0x00, 0x00, 0x00, 0x00
    .byte 0x28, 0x00, 0x00, 0x2b, 0x00, 0x00, 0x34, 0x00, 0x0a, 0x00, 0x00, 0x00, 0x14, 0xea, 0xf0, 0x21
    .byte 0x02, 0x2c, 0x03, 0x00, 0x00, 0x00, 0x15, 0x07, 0x15, 0x08, 0x2c, 0x05, 0x00, 0x00, 0x00, 0x2f
    .byte 0x00, 0x20, 0x00, 0x00, 0x20, 0x00, 0x00, 0x15, 0xcd, 0x2b, 0x00, 0x00, 0x05, 0x00, 0x01, 0x00
    .byte 0x00, 0x00, 0x28, 0x00, 0x00, 0x25, 0xb3, 0xf0, 0x21, 0x02, 0x25, 0x6a, 0xf0, 0x21, 0x02, 0x00
    .byte 0x20, 0x00, 0x00, 0x15, 0x09, 0x00, 0x2c, 0x0a, 0x00, 0x00, 0x00, 0x15, 0x07, 0x15, 0x08, 0x2c
    .byte 0x0c, 0x00, 0x00, 0x00, 0x2c, 0x01, 0x00, 0x00, 0x00, 0x2c, 0x08, 0x00, 0x00, 0x00, 0x2c, 0x07
    .byte 0x00, 0x00, 0x00, 0x15, 0x47, 0x18, 0x70, 0x24, 0x00, 0x40, 0x00, 0x00, 0x00, 0x17, 0x00, 0x2c
    .byte 0x08, 0x00, 0x00, 0x00, 0x2c, 0x08, 0x00, 0x00, 0x00, 0x15, 0x47, 0x18, 0x70, 0x24, 0x00, 0x30
    .byte 0x00, 0x00, 0x00, 0x17, 0x00, 0x2c, 0x80, 0x00, 0x00, 0x00, 0x2c, 0x30, 0x00, 0x00, 0x00, 0x2c
    .byte 0xff, 0xff, 0xff, 0xff, 0x15, 0x53, 0x18, 0x70, 0x28, 0x00, 0x00, 0x25, 0xf6, 0xf0, 0x21, 0x02
    .byte 0x00, 0x2c, 0x06, 0x00, 0x00, 0x00, 0x15, 0x07, 0x15, 0x08, 0x2c, 0x0c, 0x00, 0x00, 0x00, 0x2c
    .byte 0x02, 0x00, 0x00, 0x00, 0x2c, 0x08, 0x00, 0x00, 0x00, 0x2c, 0x07, 0x00, 0x00, 0x00, 0x15, 0x47
    .byte 0x18, 0x70, 0x24, 0x00, 0x40, 0x00, 0x00, 0x00, 0x17, 0x00, 0x2c, 0x08, 0x00, 0x00, 0x00, 0x2c
    .byte 0x08, 0x00, 0x00, 0x00, 0x15, 0x47, 0x18, 0x70, 0x24, 0x00, 0x30, 0x00, 0x00, 0x00, 0x17, 0x00
    .byte 0x2c, 0x80, 0x00, 0x00, 0x00, 0x2c, 0x30, 0x00, 0x00, 0x00, 0x2c, 0xff, 0xff, 0xff, 0xff, 0x15
    .byte 0x53, 0x18, 0x70, 0x28, 0x00, 0x00, 0x25, 0x51, 0xf1, 0x21, 0x02, 0x00, 0x2c, 0x03, 0x00, 0x00
    .byte 0x00, 0x15, 0x07, 0x15, 0x08, 0x2c, 0x0c, 0x00, 0x00, 0x00, 0x2c, 0x02, 0x00, 0x00, 0x00, 0x2c
    .byte 0x08, 0x00, 0x00, 0x00, 0x2c, 0x07, 0x00, 0x00, 0x00, 0x15, 0x47, 0x18, 0x70, 0x24, 0x00, 0x40
    .byte 0x00, 0x00, 0x00, 0x17, 0x00, 0x2c, 0x08, 0x00, 0x00, 0x00, 0x2c, 0x08, 0x00, 0x00, 0x00, 0x15
    .byte 0x47, 0x18, 0x70, 0x24, 0x00, 0x30, 0x00, 0x00, 0x00, 0x17, 0x00, 0x2c, 0x80, 0x00, 0x00, 0x00
    .byte 0x2c, 0x30, 0x00, 0x00, 0x00, 0x2c, 0xff, 0xff, 0xff, 0xff, 0x15, 0x53, 0x18, 0x70, 0x28, 0x00
    .byte 0x00, 0x25, 0xac, 0xf1, 0x21, 0x02, 0x00, 0x2c, 0x01, 0x00, 0x00, 0x00, 0x15, 0x07, 0x15, 0x08
    .byte 0x2c, 0x0c, 0x00, 0x00, 0x00, 0x2c, 0x02, 0x00, 0x00, 0x00, 0x2c, 0x08, 0x00, 0x00, 0x00, 0x2c
    .byte 0x07, 0x00, 0x00, 0x00, 0x15, 0x47, 0x18, 0x70, 0x24, 0x00, 0x40, 0x00, 0x00, 0x00, 0x17, 0x00
    .byte 0x2c, 0x08, 0x00, 0x00, 0x00, 0x2c, 0x08, 0x00, 0x00, 0x00, 0x15, 0x47, 0x18, 0x70, 0x24, 0x00
    .byte 0x30, 0x00, 0x00, 0x00, 0x17, 0x00, 0x2c, 0x80, 0x00, 0x00, 0x00, 0x2c, 0x30, 0x00, 0x00, 0x00
    .byte 0x2c, 0xff, 0xff, 0xff, 0xff, 0x15, 0x53, 0x18, 0x70, 0x28, 0x00, 0x00, 0x25, 0x07, 0xf2, 0x21
    .byte 0x02, 0x00, 0x2c, 0x12, 0x00, 0x00, 0x00, 0x2f, 0x00, 0x2c, 0xff, 0xff, 0xff, 0xff, 0x2c, 0xff
    .byte 0xff, 0xff, 0xff, 0x2c, 0xff, 0xff, 0xff, 0xff, 0x2c, 0xff, 0xff, 0xff, 0xff, 0x2c, 0xff, 0xff
    .byte 0xff, 0xff, 0x15, 0x53, 0x00, 0x2c, 0x01, 0x00, 0x00, 0x00, 0x15, 0x09, 0x2c, 0x01, 0x00, 0x00
    .byte 0x00, 0x15, 0x06, 0x00, 0x20, 0x00, 0x00, 0x15, 0x09, 0x2c, 0x01, 0x00, 0x00, 0x00, 0x15, 0xd7
    .byte 0x20, 0x00, 0x00, 0x2c, 0xd8, 0xff, 0xff, 0xff, 0x15, 0xd1, 0x2c, 0x01, 0x00, 0x00, 0x00, 0x2c
    .byte 0xe8, 0xff, 0xff, 0xff, 0x2c, 0xd0, 0xff, 0xff, 0xff, 0x2c, 0x18, 0x00, 0x00, 0x00, 0x20, 0x00
    .byte 0x00, 0x15, 0x5c, 0x20, 0x00, 0x00, 0x20, 0x00, 0x00, 0x15, 0x32, 0x2c, 0x01, 0x00, 0x00, 0x00
    .byte 0x20, 0x00, 0x00, 0x15, 0x32, 0x20, 0x00, 0x00, 0x2c, 0x78, 0x01, 0x00, 0x00, 0x2c, 0xe0, 0x00
    .byte 0x00, 0x00, 0x2c, 0x88, 0x01, 0x00, 0x00, 0x2c, 0x00, 0x01, 0x00, 0x00, 0x15, 0x8d, 0x18, 0x70
    .byte 0x32, 0x00, 0x01, 0x00, 0x00, 0x00, 0x14, 0x07, 0xf3, 0x21, 0x02, 0x2c, 0x03, 0x00, 0x00, 0x00
    .byte 0x2c, 0x79, 0xf3, 0x21, 0x02, 0x15, 0x29, 0x2c, 0x01, 0x00, 0x00, 0x00, 0x15, 0x07, 0x15, 0x08
    .byte 0x25, 0xd5, 0xf2, 0x21, 0x02, 0x00, 0x20, 0x00, 0x00, 0x2c, 0x78, 0x01, 0x00, 0x00, 0x2c, 0xe0
    .byte 0x00, 0x00, 0x00, 0x2c, 0x88, 0x01, 0x00, 0x00, 0x2c, 0x00, 0x01, 0x00, 0x00, 0x15, 0x8d, 0x18
    .byte 0x70, 0x32, 0x00, 0x01, 0x00, 0x00, 0x00, 0x14, 0x61, 0xf3, 0x21, 0x02, 0x29, 0x00, 0xed, 0x0d
    .byte 0x00, 0x40, 0x00, 0x00, 0x00, 0x35, 0x00, 0x00, 0x00, 0x00, 0x00, 0x14, 0x5c, 0xf3, 0x21, 0x02
    .byte 0x2c, 0x03, 0x00, 0x00, 0x00, 0x2c, 0x79, 0xf3, 0x21, 0x02, 0x15, 0x29, 0x25, 0x66, 0xf3, 0x21
    .byte 0x02, 0x25, 0x74, 0xf3, 0x21, 0x02, 0x2c, 0x01, 0x00, 0x00, 0x00, 0x15, 0x07, 0x15, 0x08, 0x25
    .byte 0x16, 0xf3, 0x21, 0x02, 0x01, 0xd5, 0xf2, 0x21, 0x02, 0x20, 0x00, 0x00, 0x2c, 0x39, 0xf8, 0x21
    .byte 0x02, 0x15, 0x39, 0x20, 0x00, 0x00, 0x15, 0x42, 0x18, 0x70, 0x32, 0x00, 0x00, 0x00, 0x00, 0x00
    .byte 0x14, 0x9a, 0xf3, 0x21, 0x02, 0x01, 0x83, 0xf3, 0x21, 0x02, 0x2c, 0x02, 0x00, 0x00, 0x00, 0x15
    .byte 0x05, 0x20, 0x00, 0x00, 0x2c, 0x02, 0xf9, 0x21, 0x02, 0x15, 0x39, 0x20, 0x00, 0x00, 0x15, 0x42
    .byte 0x18, 0x70, 0x32, 0x00, 0x00, 0x00, 0x00, 0x00, 0x14, 0xc2, 0xf3, 0x21, 0x02, 0x01, 0xab, 0xf3
    .byte 0x21, 0x02, 0x21, 0xf5, 0xf3, 0x21, 0x02, 0x20, 0x00, 0x00, 0x2c, 0x3d, 0xf9, 0x21, 0x02, 0x15
    .byte 0x39, 0x20, 0x00, 0x00, 0x15, 0x42, 0x18, 0x70, 0x32, 0x00, 0x00, 0x00, 0x00, 0x00, 0x14, 0xe8
    .byte 0xf3, 0x21, 0x02, 0x01, 0xd1, 0xf3, 0x21, 0x02, 0x2c, 0x0a, 0x00, 0x00, 0x00, 0x2c, 0x16, 0xf3
    .byte 0x21, 0x02, 0x15, 0x39, 0x00, 0x2c, 0xba, 0x03, 0x00, 0x00, 0x15, 0x35, 0x2c, 0x0c, 0x00, 0x00
    .byte 0x00, 0x20, 0x00, 0x00, 0x15, 0x78, 0x2c, 0x01, 0x00, 0x00, 0x00, 0x15, 0x07, 0x15, 0x08, 0x29
    .byte 0x00, 0xc9, 0x35, 0x00, 0xff, 0xff, 0xff, 0xff, 0x14, 0x0e, 0xf8, 0x21, 0x02, 0x2c, 0x01, 0x00
    .byte 0x00, 0x00, 0x2c, 0x00, 0xd6, 0x00, 0x00, 0x15, 0xe0, 0x20, 0x00, 0x00, 0x15, 0xbb, 0x2c, 0x04
    .byte 0x00, 0x00, 0x00, 0x20, 0x00, 0x00, 0x20, 0x00, 0x00, 0x15, 0xce, 0x2c, 0x01, 0x00, 0x00, 0x00
    .byte 0x15, 0x07, 0x15, 0x08, 0x2c, 0x01, 0x00, 0x00, 0x00, 0x2c, 0x03, 0x00, 0x00, 0x00, 0x15, 0x4b
    .byte 0x2c, 0x03, 0x00, 0x00, 0x00, 0x15, 0x4c, 0x18, 0x70, 0x32, 0x00, 0x00, 0x00, 0x00, 0x00, 0x13
    .byte 0x69, 0xf4, 0x21, 0x02, 0x01, 0x50, 0xf4, 0x21, 0x02, 0x2c, 0xf8, 0x03, 0x00, 0x00, 0x15, 0x35
    .byte 0x2c, 0x03, 0x00, 0x00, 0x00, 0x2c, 0x01, 0x00, 0x00, 0x00, 0x20, 0x00, 0x00, 0x20, 0x00, 0x00
    .byte 0x20, 0x00, 0x00, 0x15, 0x4f, 0x20, 0x00, 0x00, 0x2c, 0xba, 0xf9, 0x21, 0x02, 0x15, 0x39, 0x20
    .byte 0x00, 0x00, 0x15, 0x42, 0x18, 0x70, 0x32, 0x00, 0x00, 0x00, 0x00, 0x00, 0x14, 0xa6, 0xf4, 0x21
    .byte 0x02, 0x01, 0x8f, 0xf4, 0x21, 0x02, 0x2c, 0xd3, 0x03, 0x00, 0x00, 0x15, 0x35, 0x2c, 0x3c, 0x00
    .byte 0x00, 0x00, 0x15, 0x07, 0x15, 0x08, 0x2c, 0xd4, 0x03, 0x00, 0x00, 0x15, 0x35, 0x2c, 0x28, 0x00
    .byte 0x00, 0x00, 0x15, 0x07, 0x15, 0x08, 0x2c, 0x02, 0x00, 0x00, 0x00, 0x20, 0x00, 0x00, 0x2c, 0x10
    .byte 0x00, 0x00, 0x00, 0x2c, 0x10, 0x00, 0x00, 0x00, 0x15, 0xd6, 0x2c, 0x02, 0x00, 0x00, 0x00, 0x15
    .byte 0x4c, 0x18, 0x70, 0x32, 0x00, 0x00, 0x00, 0x00, 0x00, 0x13, 0xf3, 0xf4, 0x21, 0x02, 0x01, 0xda
    .byte 0xf4, 0x21, 0x02, 0x2c, 0xd1, 0x09, 0x00, 0x00, 0x15, 0x37, 0x18, 0x70, 0x28, 0x00, 0x00, 0x2c
    .byte 0xd2, 0x09, 0x00, 0x00, 0x15, 0x37, 0x18, 0x70, 0x28, 0x00, 0x01, 0x2c, 0xd3, 0x09, 0x00, 0x00
    .byte 0x15, 0x37, 0x18, 0x70, 0x28, 0x00, 0x02, 0x2b, 0x00, 0x00, 0x32, 0x00, 0x00, 0x00, 0x00, 0x00
    .byte 0x14, 0x4f, 0xf5, 0x21, 0x02, 0x2b, 0x00, 0x02, 0x32, 0x00, 0x00, 0x00, 0x00, 0x00, 0x14, 0x4f
    .byte 0xf5, 0x21, 0x02, 0x2b, 0x00, 0x02, 0x32, 0x00, 0x00, 0x00, 0x00, 0x00, 0x14, 0x4f, 0xf5, 0x21
    .byte 0x02, 0x03, 0x00, 0xfe, 0xff, 0xff, 0xff, 0x26, 0x00, 0x07, 0x25, 0xd1, 0xf5, 0x21, 0x02, 0x2c
    .byte 0x03, 0x00, 0x00, 0x00, 0x15, 0x01, 0x18, 0x70, 0x26, 0x00, 0x07, 0x29, 0x00, 0x07, 0x32, 0x00
    .byte 0x00, 0x00, 0x00, 0x00, 0x14, 0x81, 0xf5, 0x21, 0x02, 0x2c, 0xd1, 0x09, 0x00, 0x00, 0x15, 0x37
    .byte 0x18, 0x70, 0x14, 0x81, 0xf5, 0x21, 0x02, 0x25, 0xcd, 0xf5, 0x21, 0x02, 0x25, 0xc8, 0xf5, 0x21
    .byte 0x02, 0x29, 0x00, 0x07, 0x32, 0x00, 0x01, 0x00, 0x00, 0x00, 0x14, 0xa7, 0xf5, 0x21, 0x02, 0x2c
    .byte 0xd2, 0x09, 0x00, 0x00, 0x15, 0x37, 0x18, 0x70, 0x14, 0xa7, 0xf5, 0x21, 0x02, 0x25, 0xcd, 0xf5
    .byte 0x21, 0x02, 0x25, 0xc8, 0xf5, 0x21, 0x02, 0x29, 0x00, 0x07, 0x32, 0x00, 0x02, 0x00, 0x00, 0x00
    .byte 0x14, 0xc8, 0xf5, 0x21, 0x02, 0x2c, 0xd3, 0x09, 0x00, 0x00, 0x15, 0x37, 0x18, 0x70, 0x14, 0xc8
    .byte 0xf5, 0x21, 0x02, 0x25, 0xcd, 0xf5, 0x21, 0x02, 0x25, 0x4f, 0xf5, 0x21, 0x02, 0x2d, 0x07, 0x15
    .byte 0xfc, 0x20, 0x00, 0x00, 0x15, 0x07, 0x15, 0x08, 0x2c, 0x10, 0x00, 0x00, 0x00, 0x15, 0x36, 0x2c
    .byte 0xa2, 0x03, 0x00, 0x00, 0x15, 0x36, 0x2c, 0xc7, 0x02, 0x00, 0x00, 0x15, 0x36, 0x2c, 0x01, 0x00
    .byte 0x00, 0x00, 0x2c, 0xff, 0xff, 0xff, 0xff, 0x2c, 0xff, 0xff, 0xff, 0xff, 0x2c, 0xff, 0xff, 0xff
    .byte 0xff, 0x2c, 0xff, 0xff, 0xff, 0xff, 0x15, 0xdc, 0x29, 0x00, 0xc9, 0x32, 0x00, 0x00, 0x00, 0x00
    .byte 0x00, 0x14, 0x36, 0xf6, 0x21, 0x02, 0x03, 0x00, 0x20, 0x00, 0x00, 0x00, 0x26, 0x00, 0xda, 0x03
    .byte 0x00, 0x86, 0x01, 0x00, 0x00, 0x26, 0x00, 0xd5, 0x03, 0x00, 0xad, 0x02, 0x00, 0x00, 0x26, 0x00
    .byte 0xd4, 0x25, 0xfd, 0xf7, 0x21, 0x02, 0x29, 0x00, 0xc9, 0x32, 0x00, 0x01, 0x00, 0x00, 0x00, 0x14
    .byte 0x64, 0xf6, 0x21, 0x02, 0x03, 0x00, 0x2b, 0x00, 0x00, 0x00, 0x26, 0x00, 0xda, 0x03, 0x00, 0x88
    .byte 0x03, 0x00, 0x00, 0x26, 0x00, 0xd5, 0x03, 0x00, 0xd4, 0x01, 0x00, 0x00, 0x26, 0x00, 0xd4, 0x25
    .byte 0xfd, 0xf7, 0x21, 0x02, 0x29, 0x00, 0xc9, 0x32, 0x00, 0x02, 0x00, 0x00, 0x00, 0x14, 0x92, 0xf6
    .byte 0x21, 0x02, 0x03, 0x00, 0x2d, 0x00, 0x00, 0x00, 0x26, 0x00, 0xda, 0x03, 0x00, 0x90, 0x00, 0x00
    .byte 0x00, 0x26, 0x00, 0xd5, 0x03, 0x00, 0x00, 0x01, 0x00, 0x00, 0x26, 0x00, 0xd4, 0x25, 0xfd, 0xf7
    .byte 0x21, 0x02, 0x29, 0x00, 0xc9, 0x32, 0x00, 0x03, 0x00, 0x00, 0x00, 0x14, 0xc0, 0xf6, 0x21, 0x02
    .byte 0x03, 0x00, 0x33, 0x00, 0x00, 0x00, 0x26, 0x00, 0xda, 0x03, 0x00, 0x00, 0x02, 0x00, 0x00, 0x26
    .byte 0x00, 0xd5, 0x03, 0x00, 0xa0, 0x02, 0x00, 0x00, 0x26, 0x00, 0xd4, 0x25, 0xfd, 0xf7, 0x21, 0x02
    .byte 0x29, 0x00, 0xc9, 0x32, 0x00, 0x04, 0x00, 0x00, 0x00, 0x14, 0xee, 0xf6, 0x21, 0x02, 0x03, 0x00
    .byte 0x3a, 0x00, 0x00, 0x00, 0x26, 0x00, 0xda, 0x03, 0x00, 0x90, 0x03, 0x00, 0x00, 0x26, 0x00, 0xd5
    .byte 0x03, 0x00, 0xe0, 0x01, 0x00, 0x00, 0x26, 0x00, 0xd4, 0x25, 0xfd, 0xf7, 0x21, 0x02, 0x29, 0x00
    .byte 0xc9, 0x32, 0x00, 0x05, 0x00, 0x00, 0x00, 0x14, 0x1c, 0xf7, 0x21, 0x02, 0x03, 0x00, 0x3e, 0x00
    .byte 0x00, 0x00, 0x26, 0x00, 0xda, 0x03, 0x00, 0x40, 0x01, 0x00, 0x00, 0x26, 0x00, 0xd5, 0x03, 0x00
    .byte 0x70, 0x00, 0x00, 0x00, 0x26, 0x00, 0xd4, 0x25, 0xfd, 0xf7, 0x21, 0x02, 0x29, 0x00, 0xc9, 0x32
    .byte 0x00, 0x06, 0x00, 0x00, 0x00, 0x14, 0x4a, 0xf7, 0x21, 0x02, 0x03, 0x00, 0x6a, 0x00, 0x00, 0x00
    .byte 0x26, 0x00, 0xda, 0x03, 0x00, 0xc8, 0x01, 0x00, 0x00, 0x26, 0x00, 0xd5, 0x03, 0x00, 0x78, 0x02
    .byte 0x00, 0x00, 0x26, 0x00, 0xd4, 0x25, 0xfd, 0xf7, 0x21, 0x02, 0x29, 0x00, 0xc9, 0x32, 0x00, 0x07
    .byte 0x00, 0x00, 0x00, 0x14, 0x78, 0xf7, 0x21, 0x02, 0x03, 0x00, 0x71, 0x00, 0x00, 0x00, 0x26, 0x00
    .byte 0xda, 0x03, 0x00, 0xb0, 0x02, 0x00, 0x00, 0x26, 0x00, 0xd5, 0x03, 0x00, 0x70, 0x02, 0x00, 0x00
    .byte 0x26, 0x00, 0xd4, 0x25, 0xfd, 0xf7, 0x21, 0x02, 0x29, 0x00, 0xc9, 0x32, 0x00, 0x08, 0x00, 0x00
    .byte 0x00, 0x14, 0xa6, 0xf7, 0x21, 0x02, 0x03, 0x00, 0x0d, 0x00, 0x00, 0x00, 0x26, 0x00, 0xda, 0x03
    .byte 0x00, 0xb0, 0x02, 0x00, 0x00, 0x26, 0x00, 0xd5, 0x03, 0x00, 0x80, 0x02, 0x00, 0x00, 0x26, 0x00
    .byte 0xd4, 0x25, 0xfd, 0xf7, 0x21, 0x02, 0x29, 0x00, 0xc9, 0x32, 0x00, 0x09, 0x00, 0x00, 0x00, 0x14
    .byte 0xd4, 0xf7, 0x21, 0x02, 0x03, 0x00, 0xa2, 0x00, 0x00, 0x00, 0x26, 0x00, 0xda, 0x03, 0x00, 0x57
    .byte 0x01, 0x00, 0x00, 0x26, 0x00, 0xd5, 0x03, 0x00, 0x4c, 0x02, 0x00, 0x00, 0x26, 0x00, 0xd4, 0x25
    .byte 0xfd, 0xf7, 0x21, 0x02, 0x29, 0x00, 0xc9, 0x32, 0x00, 0x0a, 0x00, 0x00, 0x00, 0x14, 0xfd, 0xf7
    .byte 0x21, 0x02, 0x03, 0x00, 0x1c, 0x00, 0x00, 0x00, 0x26, 0x00, 0xda, 0x03, 0x00, 0x7c, 0x03, 0x00
    .byte 0x00, 0x26, 0x00, 0xd5, 0x03, 0x00, 0xf8, 0x00, 0x00, 0x00, 0x26, 0x00, 0xd4, 0x2d, 0xda, 0x2d
    .byte 0xd5, 0x2d, 0xd4, 0x20, 0x00, 0x00, 0x15, 0x4a, 0x00, 0x25, 0x38, 0xf8, 0x21, 0x02, 0x21, 0xc3
    .byte 0x09, 0x22, 0x02, 0x2c, 0x01, 0x00, 0x00, 0x00, 0x2c, 0x03, 0x00, 0x00, 0x00, 0x15, 0x4b, 0x2c
    .byte 0x03, 0x00, 0x00, 0x00, 0x15, 0x4c, 0x18, 0x70, 0x32, 0x00, 0x00, 0x00, 0x00, 0x00, 0x13, 0x38
    .byte 0xf8, 0x21, 0x02, 0x01, 0x1f, 0xf8, 0x21, 0x02, 0x22, 0x2c, 0x02, 0x00, 0x00, 0x00, 0x15, 0x07
    .byte 0x15, 0x08, 0x20, 0x00, 0x00, 0x15, 0x18, 0x20, 0x00, 0x00, 0x15, 0x19, 0x2c, 0x01, 0x00, 0x00
    .byte 0x00, 0x15, 0x2b, 0x2c, 0x0b, 0x00, 0x00, 0x00, 0x2c, 0x07, 0x00, 0x00, 0x00, 0x15, 0x47, 0x18
    .byte 0x70, 0x15, 0x1f, 0x18, 0x71, 0x23, 0x10, 0x17, 0x00, 0x15, 0x6c, 0x18, 0x70, 0x30, 0x00, 0x08
    .byte 0x00, 0x00, 0x00, 0x14, 0xa2, 0xf8, 0x21, 0x02, 0x2c, 0x0b, 0x00, 0x00, 0x00, 0x2c, 0x07, 0x00
    .byte 0x00, 0x00, 0x15, 0x47, 0x18, 0x70, 0x17, 0x00, 0x15, 0x20, 0x18, 0x70, 0x17, 0x00, 0x20, 0x00
    .byte 0x00, 0x2c, 0x00, 0x0c, 0x00, 0x00, 0x2c, 0x05, 0x00, 0x00, 0x00, 0x20, 0x00, 0x00, 0x15, 0x1a
    .byte 0x15, 0x21, 0x2c, 0x0b, 0x00, 0x00, 0x00, 0x2c, 0x07, 0x00, 0x00, 0x00, 0x15, 0x47, 0x18, 0x70
    .byte 0x17, 0x00, 0x2c, 0x0b, 0x00, 0x00, 0x00, 0x2c, 0x08, 0x00, 0x00, 0x00, 0x15, 0x47, 0x18, 0x70
    .byte 0x05, 0x00, 0x14, 0x00, 0x00, 0x00, 0x17, 0x00, 0x20, 0x00, 0x00, 0x2c, 0x00, 0x0c, 0x00, 0x00
    .byte 0x2c, 0x05, 0x00, 0x00, 0x00, 0x20, 0x00, 0x00, 0x15, 0x1a, 0x15, 0x21, 0x2c, 0x01, 0x00, 0x00
    .byte 0x00, 0x15, 0x25, 0x2c, 0x04, 0x00, 0x00, 0x00, 0x15, 0x75, 0x2c, 0x01, 0x00, 0x00, 0x00, 0x15
    .byte 0x18, 0x2c, 0x01, 0x00, 0x00, 0x00, 0x15, 0x19, 0x2c, 0x0f, 0x00, 0x00, 0x00, 0x15, 0x07, 0x15
    .byte 0x08, 0x00, 0x2c, 0x0b, 0x00, 0x00, 0x00, 0x2c, 0x35, 0xf9, 0x21, 0x02, 0x15, 0x39, 0x20, 0x00
    .byte 0x00, 0x15, 0x2b, 0x20, 0x00, 0x00, 0x2c, 0x02, 0x00, 0x00, 0x00, 0x20, 0x00, 0x00, 0x2c, 0x01
    .byte 0x00, 0x00, 0x00, 0x20, 0x00, 0x00, 0x20, 0x00, 0x00, 0x15, 0x1a, 0x2c, 0x0b, 0x00, 0x00, 0x00
    .byte 0x15, 0x07, 0x15, 0x08, 0x00, 0x2c, 0x02, 0x00, 0x00, 0x00, 0x15, 0x05, 0x00, 0x2c, 0x0f, 0x00
    .byte 0x00, 0x00, 0x15, 0x07, 0x15, 0x08, 0x20, 0x00, 0x00, 0x15, 0x18, 0x20, 0x00, 0x00, 0x15, 0x19
    .byte 0x2c, 0x01, 0x00, 0x00, 0x00, 0x15, 0x2b, 0x15, 0x10, 0x18, 0x70, 0x17, 0x00, 0x15, 0x11, 0x18
    .byte 0x70, 0x05, 0x00, 0x20, 0x00, 0x00, 0x00, 0x17, 0x00, 0x20, 0x00, 0x00, 0x2c, 0x00, 0x0c, 0x00
    .byte 0x00, 0x2c, 0x05, 0x00, 0x00, 0x00, 0x20, 0x00, 0x00, 0x15, 0x1a, 0x15, 0x21, 0x2c, 0x01, 0x00
    .byte 0x00, 0x00, 0x15, 0x25, 0x20, 0x00, 0x00, 0x15, 0x75, 0x2c, 0x0b, 0x00, 0x00, 0x00, 0x2c, 0xad
    .byte 0xf9, 0x21, 0x02, 0x15, 0x39, 0x2c, 0x01, 0x00, 0x00, 0x00, 0x15, 0x18, 0x2c, 0x01, 0x00, 0x00
    .byte 0x00, 0x15, 0x19, 0x2c, 0x0f, 0x00, 0x00, 0x00, 0x15, 0x07, 0x15, 0x08, 0x00, 0x20, 0x00, 0x00
    .byte 0x15, 0x05, 0x2c, 0x01, 0x00, 0x00, 0x00, 0x15, 0x06, 0x00, 0x2c, 0x0a, 0x00, 0x00, 0x00, 0x15
    .byte 0x07, 0x15, 0x08, 0x20, 0x00, 0x00, 0x15, 0x18, 0x20, 0x00, 0x00, 0x15, 0x19, 0x20, 0x00, 0x00
    .byte 0x15, 0x2b, 0x2c, 0x0f, 0x10, 0x00, 0x00, 0x2c, 0x01, 0x10, 0x00, 0x00, 0x2c, 0x10, 0x10, 0x00
    .byte 0x00, 0x2c, 0x02, 0x00, 0x00, 0x00, 0x2c, 0x0c, 0x00, 0x00, 0x00, 0x15, 0x73, 0x15, 0x16, 0x2c
    .byte 0x14, 0x00, 0x00, 0x00, 0x15, 0x05, 0x03, 0x00, 0x00, 0x00, 0x00, 0x00, 0x28, 0x00, 0x00, 0x2b
    .byte 0x00, 0x00, 0x34, 0x00, 0x2e, 0x00, 0x00, 0x00, 0x14, 0x7c, 0xfa, 0x21, 0x02, 0x2c, 0x01, 0x00
    .byte 0x00, 0x00, 0x15, 0x07, 0x15, 0x08, 0x03, 0x00, 0x20, 0x00, 0x00, 0x00, 0x2b, 0x01, 0x00, 0x24
    .byte 0x01, 0x1e, 0x00, 0x00, 0x00, 0x2b, 0x02, 0x00, 0x24, 0x02, 0x1e, 0x00, 0x00, 0x00, 0x06, 0x21
    .byte 0x07, 0x01, 0x20, 0x00, 0x00, 0x00, 0x09, 0x01, 0x84, 0x03, 0x00, 0x00, 0x23, 0x10, 0x28, 0x00
    .byte 0x01, 0x15, 0x10, 0x18, 0x70, 0x17, 0x00, 0x15, 0x11, 0x18, 0x70, 0x17, 0x00, 0x2f, 0x01, 0x15
    .byte 0x02, 0x2b, 0x00, 0x00, 0x32, 0x00, 0x1e, 0x00, 0x00, 0x00, 0x14, 0x6b, 0xfa, 0x21, 0x02, 0x2c
    .byte 0x11, 0x00, 0x00, 0x00, 0x2c, 0x08, 0xfb, 0x21, 0x02, 0x15, 0x39, 0x2b, 0x00, 0x00, 0x05, 0x00
    .byte 0x01, 0x00, 0x00, 0x00, 0x28, 0x00, 0x00, 0x25, 0xff, 0xf9, 0x21, 0x02, 0x2c, 0x0d, 0x10, 0x00
    .byte 0x00, 0x2c, 0x01, 0x10, 0x00, 0x00, 0x2c, 0x0e, 0x10, 0x00, 0x00, 0x2c, 0x02, 0x00, 0x00, 0x00
    .byte 0x2c, 0x04, 0x00, 0x00, 0x00, 0x15, 0x73, 0x2c, 0x01, 0x00, 0x00, 0x00, 0x15, 0x06, 0x2c, 0x01
    .byte 0x00, 0x00, 0x00, 0x20, 0x00, 0x00, 0x2c, 0x10, 0x00, 0x00, 0x00, 0x2c, 0x60, 0x00, 0x00, 0x00
    .byte 0x15, 0xd6, 0x20, 0x00, 0x00, 0x20, 0x00, 0x00, 0x2c, 0x60, 0x00, 0x00, 0x00, 0x2c, 0x50, 0x00
    .byte 0x00, 0x00, 0x20, 0x00, 0x00, 0x2c, 0x01, 0x00, 0x00, 0x00, 0x15, 0x1a, 0x15, 0x21, 0x2c, 0x11
    .byte 0x00, 0x00, 0x00, 0x2c, 0xf4, 0xfb, 0x21, 0x02, 0x15, 0x39, 0x2c, 0x11, 0x00, 0x00, 0x00, 0x15
    .byte 0x42, 0x18, 0x70, 0x32, 0x00, 0x00, 0x00, 0x00, 0x00, 0x14, 0xf3, 0xfa, 0x21, 0x02, 0x01, 0xda
    .byte 0xfa, 0x21, 0x02, 0x2c, 0x01, 0x00, 0x00, 0x00, 0x15, 0x18, 0x2c, 0x01, 0x00, 0x00, 0x00, 0x15
    .byte 0x19, 0x00, 0x20, 0x00, 0x00, 0x15, 0x09, 0x00, 0x15, 0x1f, 0x18, 0x70, 0x17, 0x00, 0x15, 0x20
    .byte 0x18, 0x70, 0x05, 0x00, 0x01, 0x00, 0x00, 0x00, 0x17, 0x00, 0x15, 0x27, 0x18, 0x70, 0x17, 0x00
    .byte 0x15, 0x02, 0x2c, 0x57, 0x11, 0x00, 0x00, 0x2c, 0x58, 0x11, 0x00, 0x00, 0x2c, 0x59, 0x11, 0x00
    .byte 0x00, 0x2c, 0x02, 0x00, 0x00, 0x00, 0x2c, 0x04, 0x00, 0x00, 0x00, 0x15, 0x73, 0x2c, 0x04, 0x00
    .byte 0x00, 0x00, 0x15, 0x05, 0x20, 0x00, 0x00, 0x15, 0x06, 0x2c, 0x80, 0x00, 0x00, 0x00, 0x15, 0x17
    .byte 0x2c, 0x01, 0x00, 0x00, 0x00, 0x15, 0x09, 0x03, 0x00, 0x00, 0x00, 0x00, 0x00, 0x28, 0x00, 0x00
    .byte 0x2b, 0x00, 0x00, 0x34, 0x00, 0x0e, 0x00, 0x00, 0x00, 0x14, 0xa2, 0xfb, 0x21, 0x02, 0x15, 0x1f
    .byte 0x18, 0x70, 0x17, 0x00, 0x15, 0x20, 0x18, 0x70, 0x05, 0x00, 0x01, 0x00, 0x00, 0x00, 0x17, 0x00
    .byte 0x15, 0x27, 0x18, 0x70, 0x17, 0x00, 0x15, 0x02, 0x2c, 0x01, 0x00, 0x00, 0x00, 0x15, 0x07, 0x15
    .byte 0x08, 0x2b, 0x00, 0x00, 0x05, 0x00, 0x01, 0x00, 0x00, 0x00, 0x28, 0x00, 0x00, 0x25, 0x60, 0xfb
    .byte 0x21, 0x02, 0x2c, 0x54, 0x11, 0x00, 0x00, 0x2c, 0x55, 0x11, 0x00, 0x00, 0x2c, 0x56, 0x11, 0x00
    .byte 0x00, 0x2c, 0x02, 0x00, 0x00, 0x00, 0x2c, 0x04, 0x00, 0x00, 0x00, 0x15, 0x73, 0x2c, 0x00, 0x01
    .byte 0x00, 0x00, 0x15, 0x17, 0x2c, 0x01, 0x00, 0x00, 0x00, 0x15, 0x06, 0x15, 0x1f, 0x18, 0x70, 0x17
    .byte 0x00, 0x15, 0x20, 0x18, 0x70, 0x05, 0x00, 0x01, 0x00, 0x00, 0x00, 0x17, 0x00, 0x15, 0x27, 0x18
    .byte 0x70, 0x17, 0x00, 0x15, 0x02, 0x2c, 0x01, 0x00, 0x00, 0x00, 0x15, 0x07, 0x15, 0x08, 0x25, 0xcb
    .byte 0xfb, 0x21, 0x02, 0x00, 0x20, 0x00, 0x00, 0x15, 0x09, 0x00, 0x20, 0x00, 0x00, 0x20, 0x00, 0x00
    .byte 0x2c, 0x10, 0x00, 0x00, 0x00, 0x15, 0x47, 0x18, 0x70, 0x24, 0x00, 0x01, 0x00, 0x00, 0x00, 0x17
    .byte 0x00, 0x15, 0x38, 0x2c, 0x01, 0x00, 0x00, 0x00, 0x15, 0x07, 0x15, 0x08, 0x25, 0xfa, 0xfb, 0x21
    .byte 0x02, 0x00, 0x00, 0x00, 0x20, 0x00, 0x00, 0x15, 0x09, 0x2c, 0x01, 0x00, 0x00, 0x00, 0x15, 0xd7
    .byte 0x2c, 0x02, 0x00, 0x00, 0x00, 0x15, 0xe4, 0x20, 0x00, 0x00, 0x2c, 0x10, 0x00, 0x00, 0x00, 0x15
    .byte 0xd1, 0x2c, 0x01, 0x00, 0x00, 0x00, 0x2c, 0xf0, 0xff, 0xff, 0xff, 0x2c, 0xf4, 0xff, 0xff, 0xff
    .byte 0x2c, 0x10, 0x00, 0x00, 0x00, 0x2c, 0x10, 0x00, 0x00, 0x00, 0x15, 0x5c, 0x2c, 0x01, 0x00, 0x00
    .byte 0x00, 0x2c, 0x69, 0xfc, 0x21, 0x02, 0x15, 0x29, 0x00, 0x2c, 0x04, 0x00, 0x00, 0x00, 0x2c, 0xf0
    .byte 0x00, 0x22, 0x02, 0x15, 0x39, 0x20, 0x00, 0x00, 0x2c, 0xcf, 0xfc, 0x21, 0x02, 0x15, 0x39, 0x20
    .byte 0x00, 0x00, 0x15, 0x42, 0x18, 0x70, 0x32, 0x00, 0x00, 0x00, 0x00, 0x00, 0x14, 0x96, 0xfc, 0x21
    .byte 0x02, 0x01, 0x7f, 0xfc, 0x21, 0x02, 0x2c, 0x01, 0x00, 0x00, 0x00, 0x2c, 0x00, 0xd6, 0x00, 0x00
    .byte 0x15, 0xe0, 0x2c, 0x04, 0x00, 0x00, 0x00, 0x2c, 0x0a, 0x01, 0x22, 0x02, 0x15, 0x39, 0x2c, 0x8c
    .byte 0x00, 0x00, 0x00, 0x2c, 0x80, 0x00, 0x00, 0x00, 0x2c, 0xa0, 0x00, 0x00, 0x00, 0x20, 0x00, 0x00
    .byte 0x15, 0x4a, 0x2c, 0x08, 0x00, 0x00, 0x00, 0x2c, 0xcf, 0xde, 0x21, 0x02, 0x15, 0x39, 0x00, 0x2c
    .byte 0x03, 0x00, 0x00, 0x00, 0x2c, 0x01, 0x00, 0x00, 0x00, 0x20, 0x00, 0x00, 0x20, 0x00, 0x00, 0x20
    .byte 0x00, 0x00, 0x15, 0x4f, 0x20, 0x00, 0x00, 0x15, 0x18, 0x20, 0x00, 0x00, 0x15, 0x19, 0x2c, 0x05
    .byte 0x00, 0x00, 0x00, 0x2c, 0x07, 0x00, 0x00, 0x00, 0x15, 0x47, 0x18, 0x70, 0x27, 0x00, 0x01, 0x2c
    .byte 0x05, 0x00, 0x00, 0x00, 0x2c, 0x08, 0x00, 0x00, 0x00, 0x15, 0x47, 0x18, 0x70, 0x27, 0x00, 0x02
    .byte 0x2c, 0x01, 0x00, 0x00, 0x00, 0x15, 0x2b, 0x2e, 0x01, 0x2e, 0x02, 0x20, 0x00, 0x00, 0x2c, 0x00
    .byte 0x18, 0x00, 0x00, 0x2c, 0x07, 0x00, 0x00, 0x00, 0x20, 0x00, 0x00, 0x15, 0x1a, 0x15, 0x21, 0x2c
    .byte 0x0a, 0x00, 0x00, 0x00, 0x15, 0x07, 0x15, 0x08, 0x2c, 0x08, 0x00, 0x00, 0x00, 0x15, 0x05, 0x20
    .byte 0x00, 0x00, 0x15, 0x55, 0x2c, 0x05, 0x00, 0x00, 0x00, 0x15, 0x07, 0x15, 0x08, 0x2c, 0x05, 0x00
    .byte 0x00, 0x00, 0x2c, 0x1b, 0xfe, 0x21, 0x02, 0x15, 0x39, 0x2c, 0x13, 0x10, 0x00, 0x00, 0x2c, 0x01
    .byte 0x10, 0x00, 0x00, 0x2c, 0x14, 0x10, 0x00, 0x00, 0x2c, 0x02, 0x00, 0x00, 0x00, 0x2c, 0x09, 0x00
    .byte 0x00, 0x00, 0x15, 0x73, 0x2c, 0x01, 0x00, 0x00, 0x00, 0x15, 0x06, 0x2c, 0x00, 0x01, 0x00, 0x00
    .byte 0x15, 0x17, 0x2c, 0xff, 0xff, 0xff, 0xff, 0x2c, 0x80, 0x02, 0x00, 0x00, 0x2c, 0xff, 0xff, 0xff
    .byte 0xff, 0x2c, 0xff, 0xff, 0xff, 0xff, 0x2c, 0xff, 0xff, 0xff, 0xff, 0x2c, 0xff, 0xff, 0xff, 0xff
    .byte 0x15, 0x00, 0x2e, 0x01, 0x2a, 0x00, 0x02, 0x05, 0x00, 0x02, 0x00, 0x00, 0x00, 0x17, 0x00, 0x20
    .byte 0x00, 0x00, 0x15, 0x02, 0x2c, 0x01, 0x00, 0x00, 0x00, 0x15, 0x07, 0x15, 0x08, 0x15, 0x12, 0x18
    .byte 0x70, 0x33, 0x00, 0x00, 0x00, 0x00, 0x00, 0x13, 0xd1, 0xfd, 0x21, 0x02, 0x01, 0xbd, 0xfd, 0x21
    .byte 0x02, 0x2c, 0x00, 0x01, 0x00, 0x00, 0x15, 0x17, 0x2c, 0x05, 0x00, 0x00, 0x00, 0x2c, 0x08, 0x00
    .byte 0x00, 0x00, 0x15, 0x47, 0x18, 0x70, 0x27, 0x00, 0x02, 0x2a, 0x00, 0x02, 0x33, 0x00, 0xcc, 0x01
    .byte 0x00, 0x00, 0x14, 0x1a, 0xfe, 0x21, 0x02, 0x2e, 0x01, 0x2e, 0x02, 0x20, 0x00, 0x00, 0x15, 0x02
    .byte 0x2c, 0x01, 0x00, 0x00, 0x00, 0x15, 0x07, 0x15, 0x08, 0x2a, 0x00, 0x02, 0x05, 0x00, 0x01, 0x00
    .byte 0x00, 0x00, 0x27, 0x00, 0x02, 0x25, 0xe9, 0xfd, 0x21, 0x02, 0x00, 0x20, 0x00, 0x00, 0x15, 0x18
    .byte 0x20, 0x00, 0x00, 0x15, 0x2b, 0x2c, 0x02, 0x00, 0x00, 0x00, 0x15, 0x07, 0x15, 0x08, 0x2c, 0xff
    .byte 0xff, 0xff, 0xff, 0x2c, 0x00, 0x02, 0x00, 0x00, 0x2c, 0xff, 0xff, 0xff, 0xff, 0x2c, 0xff, 0xff
    .byte 0xff, 0xff, 0x2c, 0xff, 0xff, 0xff, 0xff, 0x2c, 0xff, 0xff, 0xff, 0xff, 0x15, 0x00, 0x20, 0x00
    .byte 0x00, 0x2c, 0x81, 0x3b, 0x00, 0x00, 0x15, 0xe0, 0x2c, 0x01, 0x00, 0x00, 0x00, 0x15, 0x07, 0x15
    .byte 0x08, 0x15, 0x27, 0x18, 0x70, 0x33, 0x00, 0x00, 0x00, 0x00, 0x00, 0x13, 0x75, 0xfe, 0x21, 0x02
    .byte 0x01, 0x61, 0xfe, 0x21, 0x02, 0x20, 0x00, 0x00, 0x2c, 0x82, 0x3b, 0x00, 0x00, 0x15, 0xe0, 0x20
    .byte 0x00, 0x00, 0x2c, 0x40, 0x00, 0x00, 0x00, 0x20, 0x00, 0x00, 0x2c, 0x00, 0x14, 0x00, 0x00, 0x2c
    .byte 0x06, 0x00, 0x00, 0x00, 0x20, 0x00, 0x00, 0x15, 0x1a, 0x15, 0x21, 0x2c, 0x14, 0x00, 0x00, 0x00
    .byte 0x15, 0x07, 0x15, 0x08, 0x2c, 0x01, 0x00, 0x00, 0x00, 0x15, 0x18, 0x00, 0x2c, 0x01, 0x00, 0x00
    .byte 0x00, 0x2c, 0x80, 0x01, 0x00, 0x00, 0x2c, 0x5b, 0x01, 0x00, 0x00, 0x20, 0x00, 0x00, 0x20, 0x00
    .byte 0x00, 0x15, 0x4f, 0x20, 0x00, 0x00, 0x2c, 0xcf, 0xde, 0x21, 0x02, 0x15, 0x39, 0x2c, 0x04, 0x00
    .byte 0x00, 0x00, 0x2c, 0xf0, 0x00, 0x22, 0x02, 0x15, 0x39, 0x20, 0x00, 0x00, 0x2c, 0x83, 0x3b, 0x00
    .byte 0x00, 0x15, 0xe0, 0x2c, 0x0a, 0x00, 0x00, 0x00, 0x20, 0x00, 0x00, 0x15, 0x9d, 0x18, 0x70, 0x07
    .byte 0x00, 0x0c, 0x00, 0x00, 0x00, 0x17, 0x00, 0x15, 0x07, 0x15, 0x08, 0x2c, 0x05, 0x00, 0x00, 0x00
    .byte 0x2c, 0xaa, 0x00, 0x22, 0x02, 0x15, 0x39, 0x20, 0x00, 0x00, 0x2c, 0x48, 0xff, 0x21, 0x02, 0x15
    .byte 0x39, 0x20, 0x00, 0x00, 0x15, 0x42, 0x18, 0x70, 0x32, 0x00, 0x00, 0x00, 0x00, 0x00, 0x14, 0x28
    .byte 0xff, 0x21, 0x02, 0x01, 0x11, 0xff, 0x21, 0x02, 0x2c, 0x04, 0x00, 0x00, 0x00, 0x2c, 0x0a, 0x01
    .byte 0x22, 0x02, 0x15, 0x39, 0x2c, 0x03, 0x00, 0x00, 0x00, 0x20, 0x00, 0x00, 0x20, 0x00, 0x00, 0x20
    .byte 0x00, 0x00, 0x20, 0x00, 0x00, 0x15, 0x4f, 0x00, 0x20, 0x00, 0x00, 0x15, 0x09, 0x20, 0x00, 0x00
    .byte 0x15, 0x18, 0x2c, 0x05, 0x00, 0x00, 0x00, 0x2c, 0x07, 0x00, 0x00, 0x00, 0x15, 0x47, 0x18, 0x70
    .byte 0x17, 0x00, 0x2c, 0x05, 0x00, 0x00, 0x00, 0x2c, 0x08, 0x00, 0x00, 0x00, 0x15, 0x47, 0x18, 0x70
    .byte 0x17, 0x00, 0x20, 0x00, 0x00, 0x15, 0x02, 0x2c, 0x01, 0x00, 0x00, 0x00, 0x15, 0x2b, 0x2c, 0x08
    .byte 0x00, 0x00, 0x00, 0x15, 0x05, 0x2c, 0x01, 0x00, 0x00, 0x00, 0x15, 0x06, 0x2c, 0x00, 0x01, 0x00
    .byte 0x00, 0x15, 0x17, 0x2c, 0x14, 0x00, 0x00, 0x00, 0x15, 0x07, 0x15, 0x08, 0x2c, 0x01, 0x00, 0x00
    .byte 0x00, 0x15, 0x09, 0x2c, 0x05, 0x00, 0x00, 0x00, 0x2c, 0x07, 0x00, 0x00, 0x00, 0x15, 0x47, 0x18
    .byte 0x70, 0x17, 0x00, 0x2c, 0x05, 0x00, 0x00, 0x00, 0x2c, 0x08, 0x00, 0x00, 0x00, 0x15, 0x47, 0x18
    .byte 0x70, 0x17, 0x00, 0x20, 0x00, 0x00, 0x15, 0x02, 0x2c, 0x05, 0x00, 0x00, 0x00, 0x2c, 0x08, 0x00
    .byte 0x00, 0x00, 0x15, 0x47, 0x18, 0x70, 0x33, 0x00, 0x6f, 0x01, 0x00, 0x00, 0x14, 0xe6, 0xff, 0x21
    .byte 0x02, 0x25, 0xf4, 0xff, 0x21, 0x02, 0x2c, 0x01, 0x00, 0x00, 0x00, 0x15, 0x07, 0x15, 0x08, 0x25
    .byte 0xa3, 0xff, 0x21, 0x02, 0x2c, 0x13, 0x10, 0x00, 0x00, 0x2c, 0x01, 0x10, 0x00, 0x00, 0x2c, 0x14
    .byte 0x10, 0x00, 0x00, 0x2c, 0x02, 0x00, 0x00, 0x00, 0x2c, 0x09, 0x00, 0x00, 0x00, 0x15, 0x73, 0x2c
    .byte 0xff, 0xff, 0xff, 0xff, 0x2c, 0x0a, 0x00, 0x00, 0x00, 0x20, 0x00, 0x00, 0x15, 0x9d, 0x18, 0x70
    .byte 0x07, 0x00, 0x40, 0x00, 0x00, 0x00, 0x17, 0x00, 0x2c, 0xff, 0xff, 0xff, 0xff, 0x2c, 0xff, 0xff
    .byte 0xff, 0xff, 0x2c, 0xff, 0xff, 0xff, 0xff, 0x2c, 0xff, 0xff, 0xff, 0xff, 0x15, 0x00, 0x2c, 0x05
    .byte 0x00, 0x00, 0x00, 0x15, 0x07, 0x15, 0x08, 0x2c, 0x01, 0x00, 0x00, 0x00, 0x15, 0x2b, 0x2c, 0x09
    .byte 0x00, 0x00, 0x00, 0x15, 0x05, 0x2c, 0x00, 0x01, 0x00, 0x00, 0x15, 0x17, 0x2c, 0x01, 0x00, 0x00
    .byte 0x00, 0x15, 0x07, 0x15, 0x08, 0x15, 0x12, 0x18, 0x70, 0x33, 0x00, 0x00, 0x00, 0x00, 0x00, 0x13
    .byte 0x79, 0x00, 0x22, 0x02, 0x01, 0x65, 0x00, 0x22, 0x02, 0x20, 0x00, 0x00, 0x15, 0x75, 0x2c, 0x09
    .byte 0x10, 0x00, 0x00, 0x2c, 0x01, 0x10, 0x00, 0x00, 0x2c, 0x0a, 0x10, 0x00, 0x00, 0x2c, 0x02, 0x00
    .byte 0x00, 0x00, 0x2c, 0x14, 0x00, 0x00, 0x00, 0x15, 0x73, 0x2c, 0x14, 0x00, 0x00, 0x00, 0x15, 0x05
    .byte 0x15, 0x16, 0x2c, 0x01, 0x00, 0x00, 0x00, 0x15, 0x18, 0x00, 0x20, 0x00, 0x00, 0x15, 0x18, 0x20
    .byte 0x00, 0x00, 0x15, 0x2b, 0x20, 0x00, 0x00, 0x2c, 0xb0, 0xff, 0xff, 0xff, 0x20, 0x00, 0x00, 0x2c
    .byte 0x00, 0x14, 0x00, 0x00, 0x2c, 0x06, 0x00, 0x00, 0x00, 0x20, 0x00, 0x00, 0x15, 0x1a, 0x15, 0x21
    .byte 0x2c, 0x01, 0x00, 0x00, 0x00, 0x2c, 0x83, 0x3b, 0x00, 0x00, 0x15, 0xe0, 0x20, 0x00, 0x00, 0x2c
    .byte 0x81, 0x3b, 0x00, 0x00, 0x15, 0xe0, 0x2c, 0x14, 0x00, 0x00, 0x00, 0x15, 0x07, 0x15, 0x08, 0x00
    .byte 0x20, 0x00, 0x00, 0x20, 0x00, 0x00, 0x2c, 0x10, 0x00, 0x00, 0x00, 0x15, 0x47, 0x18, 0x70, 0x24
    .byte 0x00, 0x01, 0x00, 0x00, 0x00, 0x17, 0x00, 0x15, 0x38, 0x00, 0x20, 0x00, 0x00, 0x20, 0x00, 0x00
    .byte 0x2c, 0x10, 0x00, 0x00, 0x00, 0x15, 0x47, 0x18, 0x70, 0x05, 0x00, 0x01, 0x00, 0x00, 0x00, 0x17
    .byte 0x00, 0x15, 0x38, 0x00, 0x2c, 0x38, 0x00, 0x00, 0x00, 0x15, 0x1b, 0x2c, 0x80, 0x01, 0x00, 0x00
    .byte 0x2c, 0xbf, 0x01, 0x00, 0x00, 0x20, 0x00, 0x00, 0x15, 0x02, 0x00, 0x2c, 0x80, 0x01, 0x00, 0x00
    .byte 0x2c, 0x72, 0x01, 0x00, 0x00, 0x20, 0x00, 0x00, 0x15, 0x02, 0x2c, 0x04, 0x00, 0x00, 0x00, 0x15
    .byte 0x75, 0x2c, 0x01, 0x00, 0x00, 0x00, 0x15, 0x06, 0x00, 0x2c, 0x38, 0x00, 0x00, 0x00, 0x15, 0x1b
    .byte 0x2c, 0x80, 0x01, 0x00, 0x00, 0x2c, 0x70, 0x01, 0x00, 0x00, 0x20, 0x00, 0x00, 0x15, 0x02, 0x00
    .byte 0x2c, 0x80, 0x01, 0x00, 0x00, 0x2c, 0x56, 0x01, 0x00, 0x00, 0x20, 0x00, 0x00, 0x15, 0x02, 0x2c
    .byte 0x04, 0x00, 0x00, 0x00, 0x15, 0x75, 0x2c, 0x01, 0x00, 0x00, 0x00, 0x15, 0x06, 0x00, 0x2c, 0xec
    .byte 0x0b, 0x00, 0x00, 0x15, 0x37, 0x18, 0x70, 0x32, 0x00, 0x01, 0x00, 0x00, 0x00, 0x14, 0xb0, 0x01
    .byte 0x22, 0x02, 0x03, 0x00, 0x0c, 0x00, 0x00, 0x00, 0x26, 0x00, 0x71, 0x25, 0x21, 0x03, 0x22, 0x02
    .byte 0x2c, 0xeb, 0x0b, 0x00, 0x00, 0x15, 0x37, 0x18, 0x70, 0x32, 0x00, 0x01, 0x00, 0x00, 0x00, 0x14
    .byte 0xd2, 0x01, 0x22, 0x02, 0x03, 0x00, 0x0b, 0x00, 0x00, 0x00, 0x26, 0x00, 0x71, 0x25, 0x21, 0x03
    .byte 0x22, 0x02, 0x2c, 0xea, 0x0b, 0x00, 0x00, 0x15, 0x37, 0x18, 0x70, 0x32, 0x00, 0x01, 0x00, 0x00
    .byte 0x00, 0x14, 0xf4, 0x01, 0x22, 0x02, 0x03, 0x00, 0x0a, 0x00, 0x00, 0x00, 0x26, 0x00, 0x71, 0x25
    .byte 0x21, 0x03, 0x22, 0x02, 0x2c, 0xe9, 0x0b, 0x00, 0x00, 0x15, 0x37, 0x18, 0x70, 0x32, 0x00, 0x01
    .byte 0x00, 0x00, 0x00, 0x14, 0x16, 0x02, 0x22, 0x02, 0x03, 0x00, 0x09, 0x00, 0x00, 0x00, 0x26, 0x00
    .byte 0x71, 0x25, 0x21, 0x03, 0x22, 0x02, 0x2c, 0xe8, 0x0b, 0x00, 0x00, 0x15, 0x37, 0x18, 0x70, 0x32
    .byte 0x00, 0x01, 0x00, 0x00, 0x00, 0x14, 0x38, 0x02, 0x22, 0x02, 0x03, 0x00, 0x08, 0x00, 0x00, 0x00
    .byte 0x26, 0x00, 0x71, 0x25, 0x21, 0x03, 0x22, 0x02, 0x2c, 0xe7, 0x0b, 0x00, 0x00, 0x15, 0x37, 0x18
    .byte 0x70, 0x32, 0x00, 0x01, 0x00, 0x00, 0x00, 0x14, 0x5a, 0x02, 0x22, 0x02, 0x03, 0x00, 0x07, 0x00
    .byte 0x00, 0x00, 0x26, 0x00, 0x71, 0x25, 0x21, 0x03, 0x22, 0x02, 0x2c, 0xe6, 0x0b, 0x00, 0x00, 0x15
    .byte 0x37, 0x18, 0x70, 0x32, 0x00, 0x01, 0x00, 0x00, 0x00, 0x14, 0x7c, 0x02, 0x22, 0x02, 0x03, 0x00
    .byte 0x06, 0x00, 0x00, 0x00, 0x26, 0x00, 0x71, 0x25, 0x21, 0x03, 0x22, 0x02, 0x2c, 0xe5, 0x0b, 0x00
    .byte 0x00, 0x15, 0x37, 0x18, 0x70, 0x32, 0x00, 0x01, 0x00, 0x00, 0x00, 0x14, 0x9e, 0x02, 0x22, 0x02
    .byte 0x03, 0x00, 0x05, 0x00, 0x00, 0x00, 0x26, 0x00, 0x71, 0x25, 0x21, 0x03, 0x22, 0x02, 0x2c, 0xe4
    .byte 0x0b, 0x00, 0x00, 0x15, 0x37, 0x18, 0x70, 0x32, 0x00, 0x01, 0x00, 0x00, 0x00, 0x14, 0xc0, 0x02
    .byte 0x22, 0x02, 0x03, 0x00, 0x04, 0x00, 0x00, 0x00, 0x26, 0x00, 0x71, 0x25, 0x21, 0x03, 0x22, 0x02
    .byte 0x2c, 0xe3, 0x0b, 0x00, 0x00, 0x15, 0x37, 0x18, 0x70, 0x32, 0x00, 0x01, 0x00, 0x00, 0x00, 0x14
    .byte 0xe2, 0x02, 0x22, 0x02, 0x03, 0x00, 0x03, 0x00, 0x00, 0x00, 0x26, 0x00, 0x71, 0x25, 0x21, 0x03
    .byte 0x22, 0x02, 0x2c, 0xe2, 0x0b, 0x00, 0x00, 0x15, 0x37, 0x18, 0x70, 0x32, 0x00, 0x01, 0x00, 0x00
    .byte 0x00, 0x14, 0x04, 0x03, 0x22, 0x02, 0x03, 0x00, 0x02, 0x00, 0x00, 0x00, 0x26, 0x00, 0x71, 0x25
    .byte 0x21, 0x03, 0x22, 0x02, 0x2c, 0xe1, 0x0b, 0x00, 0x00, 0x15, 0x37, 0x18, 0x70, 0x32, 0x00, 0x01
    .byte 0x00, 0x00, 0x00, 0x14, 0x21, 0x03, 0x22, 0x02, 0x03, 0x00, 0x01, 0x00, 0x00, 0x00, 0x26, 0x00
    .byte 0x71, 0x2c, 0x06, 0x00, 0x00, 0x00, 0x20, 0x00, 0x00, 0x20, 0x00, 0x00, 0x20, 0x00, 0x00, 0x20
    .byte 0x00, 0x00, 0x20, 0x00, 0x00, 0x20, 0x00, 0x00, 0x15, 0x53, 0x22, 0x2c, 0x02, 0x00, 0x00, 0x00
    .byte 0x20, 0x00, 0x00, 0x20, 0x00, 0x00, 0x15, 0xce, 0x2c, 0x01, 0x00, 0x00, 0x00, 0x15, 0x07, 0x15
    .byte 0x08, 0x2c, 0xd2, 0x03, 0x00, 0x00, 0x15, 0x37, 0x18, 0x70, 0x32, 0x00, 0x00, 0x00, 0x00, 0x00
    .byte 0x14, 0x6a, 0x03, 0x22, 0x02, 0x25, 0x6f, 0x03, 0x22, 0x02, 0x25, 0x48, 0x03, 0x22, 0x02, 0x2c
    .byte 0x0d, 0x00, 0x00, 0x00, 0x2c, 0xc7, 0xde, 0x21, 0x02, 0x15, 0x39, 0x2c, 0x04, 0x00, 0x00, 0x00
    .byte 0x20, 0x00, 0x00, 0x2c, 0x01, 0x00, 0x00, 0x00, 0x20, 0x00, 0x00, 0x20, 0x00, 0x00, 0x20, 0x00
    .byte 0x00, 0x15, 0xbd, 0x2c, 0xcf, 0x03, 0x00, 0x00, 0x15, 0x35, 0x2c, 0x01, 0x00, 0x00, 0x00, 0x15
    .byte 0x07, 0x15, 0x08, 0x2c, 0xd2, 0x03, 0x00, 0x00, 0x15, 0x37, 0x18, 0x70, 0x32, 0x00, 0x00, 0x00
    .byte 0x00, 0x00, 0x14, 0xbc, 0x03, 0x22, 0x02, 0x25, 0xc1, 0x03, 0x22, 0x02, 0x25, 0x9a, 0x03, 0x22
    .byte 0x02, 0x22, 0x2c, 0xd0, 0x03, 0x00, 0x00, 0x15, 0x35, 0x2c, 0x01, 0x00, 0x00, 0x00, 0x15, 0x07
    .byte 0x15, 0x08, 0x2c, 0xd2, 0x03, 0x00, 0x00, 0x15, 0x37, 0x18, 0x70, 0x32, 0x00, 0x00, 0x00, 0x00
    .byte 0x00, 0x14, 0xeb, 0x03, 0x22, 0x02, 0x25, 0xf0, 0x03, 0x22, 0x02, 0x25, 0xc9, 0x03, 0x22, 0x02
    .byte 0x2c, 0x0d, 0x00, 0x00, 0x00, 0x2c, 0xcf, 0xde, 0x21, 0x02, 0x15, 0x39, 0x2c, 0x04, 0x00, 0x00
    .byte 0x00, 0x20, 0x00, 0x00, 0x20, 0x00, 0x00, 0x20, 0x00, 0x00, 0x20, 0x00, 0x00, 0x20, 0x00, 0x00
    .byte 0x15, 0xbd, 0x2c, 0xd1, 0x03, 0x00, 0x00, 0x15, 0x35, 0x2c, 0x01, 0x00, 0x00, 0x00, 0x15, 0x07
    .byte 0x15, 0x08, 0x2c, 0xd2, 0x03, 0x00, 0x00, 0x15, 0x37, 0x18, 0x70, 0x32, 0x00, 0x00, 0x00, 0x00
    .byte 0x00, 0x14, 0x3b, 0x04, 0x22, 0x02, 0x25, 0x40, 0x04, 0x22, 0x02, 0x25, 0x19, 0x04, 0x22, 0x02
    .byte 0x22, 0x03, 0x00, 0x01, 0x00, 0x00, 0x00, 0x32, 0x00, 0x01, 0x00, 0x00, 0x00, 0x14, 0x8a, 0x04
    .byte 0x22, 0x02, 0x2c, 0x12, 0x00, 0x00, 0x00, 0x2c, 0x03, 0x00, 0x00, 0x00, 0x2c, 0xff, 0x7d, 0x00
    .byte 0x00, 0x15, 0xce, 0x2c, 0x12, 0x00, 0x00, 0x00, 0x2c, 0x04, 0x00, 0x00, 0x00, 0x2c, 0x1f, 0x00
    .byte 0x00, 0x00, 0x15, 0xce, 0x2c, 0x12, 0x00, 0x00, 0x00, 0x2c, 0x07, 0x00, 0x00, 0x00, 0x2c, 0x1f
    .byte 0x7c, 0x00, 0x00, 0x15, 0xce, 0x25, 0x97, 0x04, 0x22, 0x02, 0x2c, 0x13, 0x00, 0x00, 0x00, 0x20
    .byte 0x00, 0x00, 0x20, 0x00, 0x00, 0x15, 0xce, 0x20, 0x00, 0x00, 0x15, 0x07, 0x15, 0x08, 0x2c, 0x0a
    .byte 0x00, 0x00, 0x00, 0x15, 0x07, 0x15, 0x08, 0x20, 0x00, 0x00, 0x20, 0x00, 0x00, 0x20, 0x00, 0x00
    .byte 0x15, 0xba, 0x15, 0x8f, 0x2c, 0x3c, 0x00, 0x00, 0x00, 0x15, 0x07, 0x15, 0x08, 0x2c, 0x02, 0x00
    .byte 0x00, 0x00, 0x20, 0x00, 0x00, 0x20, 0x00, 0x00, 0x15, 0xce, 0x2c, 0x06, 0x00, 0x00, 0x00, 0x2c
    .byte 0x02, 0x00, 0x00, 0x00, 0x15, 0xe0, 0x2c, 0xd2, 0x03, 0x00, 0x00, 0x15, 0x37, 0x18, 0x70, 0x32
    .byte 0x00, 0x00, 0x00, 0x00, 0x00, 0x13, 0xef, 0x04, 0x22, 0x02, 0x01, 0xd6, 0x04, 0x22, 0x02, 0x22
    .byte 0x2c, 0xf5, 0x03, 0x00, 0x00, 0x15, 0x35, 0x03, 0x00, 0x01, 0x00, 0x00, 0x00, 0x32, 0x00, 0x01
    .byte 0x00, 0x00, 0x00, 0x14, 0x40, 0x05, 0x22, 0x02, 0x2c, 0x12, 0x00, 0x00, 0x00, 0x2c, 0x03, 0x00
    .byte 0x00, 0x00, 0x2c, 0xff, 0x7d, 0x00, 0x00, 0x15, 0xce, 0x2c, 0x12, 0x00, 0x00, 0x00, 0x2c, 0x04
    .byte 0x00, 0x00, 0x00, 0x2c, 0x1f, 0x00, 0x00, 0x00, 0x15, 0xce, 0x2c, 0x12, 0x00, 0x00, 0x00, 0x2c
    .byte 0x07, 0x00, 0x00, 0x00, 0x2c, 0x1f, 0x7c, 0x00, 0x00, 0x15, 0xce, 0x25, 0x4d, 0x05, 0x22, 0x02
    .byte 0x2c, 0x13, 0x00, 0x00, 0x00, 0x20, 0x00, 0x00, 0x20, 0x00, 0x00, 0x15, 0xce, 0x20, 0x00, 0x00
    .byte 0x15, 0x07, 0x15, 0x08, 0x2c, 0x3c, 0x00, 0x00, 0x00, 0x15, 0x07, 0x15, 0x08, 0x20, 0x00, 0x00
    .byte 0x20, 0x00, 0x00, 0x20, 0x00, 0x00, 0x15, 0xba, 0x15, 0x8f, 0x2c, 0x3c, 0x00, 0x00, 0x00, 0x15
    .byte 0x07, 0x15, 0x08, 0x2c, 0x02, 0x00, 0x00, 0x00, 0x20, 0x00, 0x00, 0x20, 0x00, 0x00, 0x15, 0xce
    .byte 0x2c, 0x06, 0x00, 0x00, 0x00, 0x2c, 0x02, 0x00, 0x00, 0x00, 0x15, 0xe0, 0x2c, 0xd2, 0x03, 0x00
    .byte 0x00, 0x15, 0x37, 0x18, 0x70, 0x32, 0x00, 0x00, 0x00, 0x00, 0x00, 0x13, 0xa5, 0x05, 0x22, 0x02
    .byte 0x01, 0x8c, 0x05, 0x22, 0x02, 0x22, 0x2c, 0xcf, 0x03, 0x00, 0x00, 0x15, 0x35, 0x2c, 0x01, 0x00
    .byte 0x00, 0x00, 0x15, 0x07, 0x15, 0x08, 0x2c, 0x06, 0x00, 0x00, 0x00, 0x2c, 0x01, 0x00, 0x00, 0x00
    .byte 0x15, 0xe0, 0x2c, 0xd2, 0x03, 0x00, 0x00, 0x15, 0x37, 0x18, 0x70, 0x32, 0x00, 0x00, 0x00, 0x00
    .byte 0x00, 0x13, 0xdb, 0x05, 0x22, 0x02, 0x01, 0xc2, 0x05, 0x22, 0x02, 0x22, 0x2c, 0xd0, 0x03, 0x00
    .byte 0x00, 0x15, 0x35, 0x2c, 0x01, 0x00, 0x00, 0x00, 0x15, 0x07, 0x15, 0x08, 0x2c, 0x06, 0x00, 0x00
    .byte 0x00, 0x2c, 0x02, 0x00, 0x00, 0x00, 0x15, 0xe0, 0x2c, 0xd2, 0x03, 0x00, 0x00, 0x15, 0x37, 0x18
    .byte 0x70, 0x32, 0x00, 0x00, 0x00, 0x00, 0x00, 0x13, 0x11, 0x06, 0x22, 0x02, 0x01, 0xf8, 0x05, 0x22
    .byte 0x02, 0x22, 0x2c, 0xd1, 0x03, 0x00, 0x00, 0x15, 0x35, 0x2c, 0x01, 0x00, 0x00, 0x00, 0x15, 0x07
    .byte 0x15, 0x08, 0x2c, 0x06, 0x00, 0x00, 0x00, 0x2c, 0x01, 0x00, 0x00, 0x00, 0x15, 0xe0, 0x2c, 0xd2
    .byte 0x03, 0x00, 0x00, 0x15, 0x37, 0x18, 0x70, 0x32, 0x00, 0x00, 0x00, 0x00, 0x00, 0x13, 0x47, 0x06
    .byte 0x22, 0x02, 0x01, 0x2e, 0x06, 0x22, 0x02, 0x15, 0x8e, 0x2c, 0x3c, 0x00, 0x00, 0x00, 0x15, 0x07
    .byte 0x15, 0x08, 0x2c, 0x01, 0x00, 0x00, 0x00, 0x2c, 0xfa, 0x00, 0x00, 0x00, 0x2c, 0x1e, 0x00, 0x00
    .byte 0x00, 0x15, 0xba, 0x2c, 0xf5, 0x03, 0x00, 0x00, 0x15, 0x36, 0x03, 0x00, 0x00, 0x00, 0x00, 0x00
    .byte 0x32, 0x00, 0x01, 0x00, 0x00, 0x00, 0x14, 0xb3, 0x06, 0x22, 0x02, 0x2c, 0x12, 0x00, 0x00, 0x00
    .byte 0x2c, 0x03, 0x00, 0x00, 0x00, 0x2c, 0xff, 0x7d, 0x00, 0x00, 0x15, 0xce, 0x2c, 0x12, 0x00, 0x00
    .byte 0x00, 0x2c, 0x04, 0x00, 0x00, 0x00, 0x2c, 0x1f, 0x00, 0x00, 0x00, 0x15, 0xce, 0x2c, 0x12, 0x00
    .byte 0x00, 0x00, 0x2c, 0x07, 0x00, 0x00, 0x00, 0x2c, 0x1f, 0x7c, 0x00, 0x00, 0x15, 0xce, 0x25, 0xc0
    .byte 0x06, 0x22, 0x02, 0x2c, 0x13, 0x00, 0x00, 0x00, 0x20, 0x00, 0x00, 0x20, 0x00, 0x00, 0x15, 0xce
    .byte 0x20, 0x00, 0x00, 0x15, 0x07, 0x15, 0x08, 0x22, 0x20, 0x00, 0x00, 0x15, 0x06, 0x2c, 0x1e, 0x00
    .byte 0x00, 0x00, 0x15, 0x07, 0x15, 0x08, 0x2c, 0x0f, 0x10, 0x00, 0x00, 0x2c, 0x01, 0x10, 0x00, 0x00
    .byte 0x2c, 0x10, 0x10, 0x00, 0x00, 0x2c, 0x02, 0x00, 0x00, 0x00, 0x2c, 0x24, 0x00, 0x00, 0x00, 0x15
    .byte 0x73, 0x2c, 0x00, 0x01, 0x00, 0x00, 0x15, 0x17, 0x2c, 0x24, 0x00, 0x00, 0x00, 0x15, 0x05, 0x20
    .byte 0x00, 0x00, 0x2c, 0x49, 0x00, 0x00, 0x00, 0x15, 0xe0, 0x15, 0x16, 0x2c, 0x24, 0x00, 0x00, 0x00
    .byte 0x15, 0x05, 0x15, 0x16, 0x2c, 0x14, 0x00, 0x00, 0x00, 0x15, 0x07, 0x15, 0x08, 0x00, 0x15, 0x8f
    .byte 0x2c, 0x0b, 0x00, 0x00, 0x00, 0x20, 0x00, 0x00, 0x15, 0x9d, 0x18, 0x70, 0x28, 0x00, 0x00, 0x2b
    .byte 0x00, 0x00, 0x32, 0x00, 0x02, 0x00, 0x00, 0x00, 0x14, 0x6e, 0x07, 0x22, 0x02, 0x15, 0x8b, 0x18
    .byte 0x70, 0x32, 0x00, 0x00, 0x00, 0x00, 0x00, 0x13, 0x51, 0x07, 0x22, 0x02, 0x01, 0x3d, 0x07, 0x22
    .byte 0x02, 0x2c, 0x39, 0x08, 0x00, 0x00, 0x20, 0x00, 0x00, 0x2c, 0x01, 0x00, 0x00, 0x00, 0x15, 0xea
    .byte 0x2c, 0x01, 0x00, 0x00, 0x00, 0x15, 0x07, 0x15, 0x08, 0x25, 0xd9, 0x07, 0x22, 0x02, 0x2b, 0x00
    .byte 0x00, 0x32, 0x00, 0x01, 0x00, 0x00, 0x00, 0x14, 0xad, 0x07, 0x22, 0x02, 0x15, 0x8b, 0x18, 0x70
    .byte 0x32, 0x00, 0x00, 0x00, 0x00, 0x00, 0x13, 0x90, 0x07, 0x22, 0x02, 0x01, 0x7c, 0x07, 0x22, 0x02
    .byte 0x2c, 0x38, 0x08, 0x00, 0x00, 0x20, 0x00, 0x00, 0x2c, 0x01, 0x00, 0x00, 0x00, 0x15, 0xea, 0x2c
    .byte 0x01, 0x00, 0x00, 0x00, 0x15, 0x07, 0x15, 0x08, 0x25, 0xd9, 0x07, 0x22, 0x02, 0x15, 0x8b, 0x18
    .byte 0x70, 0x32, 0x00, 0x00, 0x00, 0x00, 0x00, 0x13, 0xc1, 0x07, 0x22, 0x02, 0x01, 0xad, 0x07, 0x22
    .byte 0x02, 0x2c, 0x37, 0x08, 0x00, 0x00, 0x20, 0x00, 0x00, 0x2c, 0x01, 0x00, 0x00, 0x00, 0x15, 0xea
    .byte 0x2c, 0x01, 0x00, 0x00, 0x00, 0x15, 0x07, 0x15, 0x08, 0x15, 0x8e, 0x22, 0x2c, 0x05, 0x10, 0x00
    .byte 0x00, 0x2c, 0x01, 0x10, 0x00, 0x00, 0x2c, 0x06, 0x10, 0x00, 0x00, 0x2c, 0x02, 0x00, 0x00, 0x00
    .byte 0x2c, 0x0a, 0x00, 0x00, 0x00, 0x15, 0x73, 0x2c, 0x0a, 0x00, 0x00, 0x00, 0x15, 0x05, 0x2c, 0x01
    .byte 0x00, 0x00, 0x00, 0x15, 0x06, 0x00, 0x2c, 0x00, 0x10, 0x00, 0x00, 0x2c, 0x01, 0x10, 0x00, 0x00
    .byte 0x2c, 0x02, 0x10, 0x00, 0x00, 0x2c, 0x02, 0x00, 0x00, 0x00, 0x2c, 0x0a, 0x00, 0x00, 0x00, 0x15
    .byte 0x73, 0x2c, 0x04, 0x00, 0x00, 0x00, 0x15, 0x05, 0x20, 0x00, 0x00, 0x15, 0x55, 0x00, 0x2c, 0x05
    .byte 0x10, 0x00, 0x00, 0x2c, 0x01, 0x10, 0x00, 0x00, 0x2c, 0x06, 0x10, 0x00, 0x00, 0x2c, 0x02, 0x00
    .byte 0x00, 0x00, 0x2c, 0x0a, 0x00, 0x00, 0x00, 0x15, 0x73, 0x2c, 0x0a, 0x00, 0x00, 0x00, 0x15, 0x05
    .byte 0x15, 0x16, 0x2c, 0x0a, 0x00, 0x00, 0x00, 0x15, 0x05, 0x15, 0x16, 0x2c, 0x0a, 0x00, 0x00, 0x00
    .byte 0x15, 0x05, 0x15, 0x16, 0x2c, 0x2d, 0x00, 0x00, 0x00, 0x15, 0x07, 0x15, 0x08, 0x2c, 0x00, 0x10
    .byte 0x00, 0x00, 0x2c, 0x01, 0x10, 0x00, 0x00, 0x2c, 0x02, 0x10, 0x00, 0x00, 0x2c, 0x02, 0x00, 0x00
    .byte 0x00, 0x2c, 0x0a, 0x00, 0x00, 0x00, 0x15, 0x73, 0x2c, 0x04, 0x00, 0x00, 0x00, 0x15, 0x05, 0x20
    .byte 0x00, 0x00, 0x15, 0x55, 0x00, 0x2c, 0x0f, 0x04, 0x00, 0x00, 0x15, 0x35, 0x29, 0x00, 0xfd, 0x32
    .byte 0x00, 0x00, 0x00, 0x00, 0x00, 0x14, 0xeb, 0x08, 0x22, 0x02, 0x2c, 0x04, 0x00, 0x00, 0x00, 0x2c
    .byte 0x0a, 0x00, 0x00, 0x00, 0x15, 0x9d, 0x2c, 0x0c, 0x00, 0x00, 0x00, 0x2c, 0x0a, 0x00, 0x00, 0x00
    .byte 0x15, 0x9d, 0x03, 0x00, 0x0a, 0x00, 0x00, 0x00, 0x26, 0x00, 0xc1, 0x03, 0x00, 0x0a, 0x00, 0x00
    .byte 0x00, 0x26, 0x00, 0x71, 0x2c, 0xed, 0x0b, 0x00, 0x00, 0x15, 0x35, 0x03, 0x00, 0x99, 0x00, 0x00
    .byte 0x00, 0x26, 0x00, 0xfd, 0x2c, 0x7e, 0x96, 0x98, 0x00, 0x15, 0xaa, 0x2c, 0x92, 0x03, 0x00, 0x00
    .byte 0x15, 0x35, 0x2c, 0x8b, 0x03, 0x00, 0x00, 0x15, 0x35, 0x20, 0x00, 0x00, 0x2c, 0xff, 0xff, 0xff
    .byte 0xff, 0x2c, 0xff, 0xff, 0xff, 0xff, 0x15, 0xdd, 0x18, 0x70, 0x14, 0x28, 0x09, 0x22, 0x02, 0x2c
    .byte 0x06, 0x00, 0x00, 0x00, 0x20, 0x00, 0x00, 0x2c, 0xff, 0xff, 0xff, 0xff, 0x2c, 0xff, 0xff, 0xff
    .byte 0xff, 0x2c, 0xff, 0xff, 0xff, 0xff, 0x15, 0xdc, 0x21, 0xc3, 0x09, 0x22, 0x02, 0x2c, 0x08, 0x00
    .byte 0x00, 0x00, 0x2c, 0x5a, 0xeb, 0x21, 0x02, 0x15, 0x39, 0x20, 0x00, 0x00, 0x2c, 0x00, 0xd6, 0x00
    .byte 0x00, 0x15, 0xe0, 0x29, 0x00, 0xfd, 0x32, 0x00, 0x8c, 0x00, 0x00, 0x00, 0x14, 0x78, 0x09, 0x22
    .byte 0x02, 0x2c, 0x05, 0x00, 0x00, 0x00, 0x2c, 0x24, 0x01, 0x22, 0x02, 0x15, 0x39, 0x20, 0x00, 0x00
    .byte 0x2c, 0x3b, 0x01, 0x22, 0x02, 0x15, 0x39, 0x2c, 0x03, 0x00, 0x00, 0x00, 0x2c, 0xac, 0xfe, 0x21
    .byte 0x02, 0x15, 0x29, 0x25, 0xb9, 0x09, 0x22, 0x02, 0x29, 0x00, 0xfd, 0x32, 0x00, 0x99, 0x00, 0x00
    .byte 0x00, 0x14, 0xad, 0x09, 0x22, 0x02, 0x2c, 0x05, 0x00, 0x00, 0x00, 0x2c, 0x59, 0x01, 0x22, 0x02
    .byte 0x15, 0x39, 0x20, 0x00, 0x00, 0x2c, 0x70, 0x01, 0x22, 0x02, 0x15, 0x39, 0x2c, 0x03, 0x00, 0x00
    .byte 0x00, 0x2c, 0xf7, 0x17, 0x22, 0x02, 0x15, 0x29, 0x25, 0xb9, 0x09, 0x22, 0x02, 0x2c, 0x05, 0x00
    .byte 0x00, 0x00, 0x2c, 0x59, 0x01, 0x22, 0x02, 0x15, 0x39, 0x2c, 0x05, 0x00, 0x00, 0x00, 0x15, 0x07
    .byte 0x15, 0x08, 0x00, 0x2c, 0x02, 0x00, 0x00, 0x00, 0x20, 0x00, 0x00, 0x15, 0xd9, 0x2c, 0x03, 0x00
    .byte 0x00, 0x00, 0x2c, 0x0a, 0x00, 0x00, 0x00, 0x20, 0x00, 0x00, 0x15, 0xce, 0x20, 0x00, 0x00, 0x20
    .byte 0x00, 0x00, 0x20, 0x00, 0x00, 0x2c, 0x02, 0x00, 0x00, 0x00, 0x2c, 0x04, 0x00, 0x00, 0x00, 0x20
    .byte 0x00, 0x00, 0x15, 0xbd, 0x2c, 0x02, 0x00, 0x00, 0x00, 0x20, 0x00, 0x00, 0x2c, 0x50, 0x90, 0x00
    .byte 0x00, 0x2c, 0x51, 0x90, 0x00, 0x00, 0x2c, 0x54, 0x90, 0x00, 0x00, 0x20, 0x00, 0x00, 0x15, 0xbd
    .byte 0x2c, 0x04, 0x00, 0x00, 0x00, 0x20, 0x00, 0x00, 0x20, 0x00, 0x00, 0x20, 0x00, 0x00, 0x20, 0x00
    .byte 0x00, 0x20, 0x00, 0x00, 0x15, 0xbd, 0x2c, 0x03, 0x00, 0x00, 0x00, 0x20, 0x00, 0x00, 0x20, 0x00
    .byte 0x00, 0x20, 0x00, 0x00, 0x20, 0x00, 0x00, 0x20, 0x00, 0x00, 0x15, 0xbd, 0x20, 0x00, 0x00, 0x2c
    .byte 0x01, 0x00, 0x00, 0x00, 0x20, 0x00, 0x00, 0x2c, 0x03, 0x00, 0x00, 0x00, 0x20, 0x00, 0x00, 0x20
    .byte 0x00, 0x00, 0x15, 0xbd, 0x2c, 0x02, 0x00, 0x00, 0x00, 0x2c, 0x01, 0x00, 0x00, 0x00, 0x2c, 0xbd
    .byte 0xb0, 0x00, 0x00, 0x2c, 0xbe, 0xb0, 0x00, 0x00, 0x2c, 0xbf, 0xb0, 0x00, 0x00, 0x20, 0x00, 0x00
    .byte 0x15, 0xbd, 0x2c, 0x04, 0x00, 0x00, 0x00, 0x2c, 0x01, 0x00, 0x00, 0x00, 0x2c, 0x01, 0x00, 0x00
    .byte 0x00, 0x20, 0x00, 0x00, 0x20, 0x00, 0x00, 0x20, 0x00, 0x00, 0x15, 0xbd, 0x2c, 0x03, 0x00, 0x00
    .byte 0x00, 0x2c, 0x01, 0x00, 0x00, 0x00, 0x20, 0x00, 0x00, 0x20, 0x00, 0x00, 0x20, 0x00, 0x00, 0x20
    .byte 0x00, 0x00, 0x15, 0xbd, 0x2c, 0x01, 0x00, 0x00, 0x00, 0x2c, 0x01, 0x00, 0x00, 0x00, 0x20, 0x00
    .byte 0x00, 0x2c, 0x03, 0x00, 0x00, 0x00, 0x2c, 0x02, 0x00, 0x00, 0x00, 0x20, 0x00, 0x00, 0x15, 0xbe
    .byte 0x2c, 0x02, 0x00, 0x00, 0x00, 0x2c, 0x01, 0x00, 0x00, 0x00, 0x2c, 0xde, 0xb0, 0x00, 0x00, 0x2c
    .byte 0xdf, 0xb0, 0x00, 0x00, 0x2c, 0xe0, 0xb0, 0x00, 0x00, 0x2c, 0x08, 0x00, 0x00, 0x00, 0x15, 0xbe
    .byte 0x2c, 0x04, 0x00, 0x00, 0x00, 0x2c, 0x01, 0x00, 0x00, 0x00, 0x2c, 0x01, 0x00, 0x00, 0x00, 0x20
    .byte 0x00, 0x00, 0x20, 0x00, 0x00, 0x20, 0x00, 0x00, 0x15, 0xbe, 0x2c, 0x03, 0x00, 0x00, 0x00, 0x2c
    .byte 0x01, 0x00, 0x00, 0x00, 0x20, 0x00, 0x00, 0x20, 0x00, 0x00, 0x20, 0x00, 0x00, 0x20, 0x00, 0x00
    .byte 0x15, 0xbe, 0x22, 0x2c, 0xf4, 0x03, 0x00, 0x00, 0x15, 0x37, 0x18, 0x70, 0x32, 0x00, 0x01, 0x00
    .byte 0x00, 0x00, 0x13, 0x2c, 0x0b, 0x22, 0x02, 0x01, 0x13, 0x0b, 0x22, 0x02, 0x21, 0xc3, 0x09, 0x22
    .byte 0x02, 0x2c, 0xf4, 0x03, 0x00, 0x00, 0x15, 0x36, 0x25, 0x13, 0x0b, 0x22, 0x02, 0x00, 0x20, 0x00
    .byte 0x00, 0x2c, 0x02, 0x00, 0x00, 0x00, 0x15, 0x38, 0x20, 0x00, 0x00, 0x15, 0x09, 0x00, 0x20, 0x00
    .byte 0x00, 0x2c, 0x02, 0x00, 0x00, 0x00, 0x15, 0x38, 0x20, 0x00, 0x00, 0x15, 0x09, 0x00, 0x2c, 0x80
    .byte 0x00, 0x00, 0x00, 0x2c, 0x69, 0xff, 0xff, 0xff, 0x20, 0x00, 0x00, 0x15, 0x02, 0x2c, 0x01, 0x00
    .byte 0x00, 0x00, 0x15, 0x09, 0x2c, 0x01, 0x00, 0x00, 0x00, 0x15, 0x05, 0x20, 0x00, 0x00, 0x15, 0x55
    .byte 0x2c, 0xfb, 0xff, 0xff, 0xff, 0x15, 0x1b, 0x00, 0x2c, 0x80, 0x00, 0x00, 0x00, 0x2c, 0x69, 0xff
    .byte 0xff, 0xff, 0x20, 0x00, 0x00, 0x15, 0x02, 0x2c, 0x01, 0x00, 0x00, 0x00, 0x15, 0x09, 0x2c, 0x02
    .byte 0x00, 0x00, 0x00, 0x15, 0x05, 0x15, 0x16, 0x2c, 0x0a, 0x00, 0x00, 0x00, 0x15, 0x01, 0x18, 0x70
    .byte 0x17, 0x00, 0x15, 0x07, 0x15, 0x08, 0x25, 0x9e, 0x0b, 0x22, 0x02, 0x00, 0x2c, 0x3c, 0x00, 0x00
    .byte 0x00, 0x15, 0x07, 0x15, 0x08, 0x2c, 0x01, 0x00, 0x00, 0x00, 0x15, 0x45, 0x15, 0x8b, 0x18, 0x70
    .byte 0x32, 0x00, 0x00, 0x00, 0x00, 0x00, 0x13, 0xe0, 0x0b, 0x22, 0x02, 0x01, 0xcc, 0x0b, 0x22, 0x02
    .byte 0x2c, 0x32, 0x08, 0x00, 0x00, 0x20, 0x00, 0x00, 0x20, 0x00, 0x00, 0x20, 0x00, 0x00, 0x15, 0x59
    .byte 0x15, 0x5a, 0x2c, 0x01, 0x00, 0x00, 0x00, 0x15, 0x05, 0x2c, 0x01, 0x00, 0x00, 0x00, 0x15, 0x06
    .byte 0x2c, 0x1e, 0x00, 0x00, 0x00, 0x2c, 0x80, 0xd4, 0x00, 0x00, 0x2c, 0x7f, 0x00, 0x00, 0x00, 0x2c
    .byte 0xc0, 0xff, 0xff, 0xff, 0x20, 0x00, 0x00, 0x15, 0x3e, 0x2c, 0x1e, 0x00, 0x00, 0x00, 0x2c, 0x81
    .byte 0xd4, 0x00, 0x00, 0x2c, 0x7f, 0x00, 0x00, 0x00, 0x2c, 0x40, 0x00, 0x00, 0x00, 0x2c, 0xf6, 0xff
    .byte 0xff, 0xff, 0x15, 0x3e, 0x2c, 0x2d, 0x00, 0x00, 0x00, 0x15, 0x07, 0x15, 0x08, 0x2c, 0x1e, 0x00
    .byte 0x00, 0x00, 0x2c, 0x82, 0xd4, 0x00, 0x00, 0x2c, 0x46, 0x00, 0x00, 0x00, 0x2c, 0xc0, 0xff, 0xff
    .byte 0xff, 0x20, 0x00, 0x00, 0x15, 0x3e, 0x2c, 0x1e, 0x00, 0x00, 0x00, 0x2c, 0x83, 0xd4, 0x00, 0x00
    .byte 0x2c, 0x46, 0x00, 0x00, 0x00, 0x2c, 0x40, 0x00, 0x00, 0x00, 0x2c, 0xf6, 0xff, 0xff, 0xff, 0x15
    .byte 0x3e, 0x2c, 0x2d, 0x00, 0x00, 0x00, 0x15, 0x07, 0x15, 0x08, 0x2c, 0x1e, 0x00, 0x00, 0x00, 0x2c
    .byte 0x84, 0xd4, 0x00, 0x00, 0x2c, 0x28, 0x00, 0x00, 0x00, 0x2c, 0xc0, 0xff, 0xff, 0xff, 0x20, 0x00
    .byte 0x00, 0x15, 0x3e, 0x2c, 0x1e, 0x00, 0x00, 0x00, 0x2c, 0x85, 0xd4, 0x00, 0x00, 0x2c, 0x28, 0x00
    .byte 0x00, 0x00, 0x2c, 0x40, 0x00, 0x00, 0x00, 0x2c, 0xf6, 0xff, 0xff, 0xff, 0x15, 0x3e, 0x2c, 0x01
    .byte 0x00, 0x00, 0x00, 0x15, 0x07, 0x15, 0x08, 0x03, 0x00, 0x00, 0x00, 0x00, 0x00, 0x26, 0x00, 0xe1
    .byte 0x00, 0x20, 0x00, 0x00, 0x15, 0x05, 0x00, 0x2c, 0x3c, 0x00, 0x00, 0x00, 0x15, 0x07, 0x15, 0x08
    .byte 0x2c, 0x05, 0x10, 0x00, 0x00, 0x2c, 0x01, 0x10, 0x00, 0x00, 0x2c, 0x06, 0x10, 0x00, 0x00, 0x2c
    .byte 0x02, 0x00, 0x00, 0x00, 0x20, 0x00, 0x00, 0x15, 0x73, 0x2c, 0x08, 0x00, 0x00, 0x00, 0x15, 0x05
    .byte 0x2c, 0x01, 0x00, 0x00, 0x00, 0x15, 0x06, 0x2c, 0x64, 0x00, 0x00, 0x00, 0x15, 0x07, 0x15, 0x08
    .byte 0x20, 0x00, 0x00, 0x15, 0x06, 0x2c, 0x2d, 0x00, 0x00, 0x00, 0x15, 0x07, 0x15, 0x08, 0x2c, 0x03
    .byte 0x00, 0x00, 0x00, 0x2c, 0x01, 0x00, 0x00, 0x00, 0x20, 0x00, 0x00, 0x20, 0x00, 0x00, 0x20, 0x00
    .byte 0x00, 0x15, 0x4f, 0x2c, 0x03, 0x10, 0x00, 0x00, 0x2c, 0x01, 0x10, 0x00, 0x00, 0x2c, 0x04, 0x10
    .byte 0x00, 0x00, 0x2c, 0x02, 0x00, 0x00, 0x00, 0x20, 0x00, 0x00, 0x15, 0x73, 0x20, 0x00, 0x00, 0x15
    .byte 0x05, 0x2c, 0xff, 0xff, 0xff, 0xff, 0x2c, 0xe8, 0x03, 0x00, 0x00, 0x2c, 0xff, 0xff, 0xff, 0xff
    .byte 0x2c, 0xff, 0xff, 0xff, 0xff, 0x2c, 0xff, 0xff, 0xff, 0xff, 0x2c, 0xff, 0xff, 0xff, 0xff, 0x15
    .byte 0x00, 0x2c, 0x3c, 0x00, 0x00, 0x00, 0x15, 0x07, 0x15, 0x08, 0x2c, 0x03, 0x00, 0x00, 0x00, 0x20
    .byte 0x00, 0x00, 0x20, 0x00, 0x00, 0x20, 0x00, 0x00, 0x20, 0x00, 0x00, 0x15, 0x4f, 0x2c, 0x00, 0x10
    .byte 0x00, 0x00, 0x2c, 0x01, 0x10, 0x00, 0x00, 0x2c, 0x02, 0x10, 0x00, 0x00, 0x2c, 0x02, 0x00, 0x00
    .byte 0x00, 0x20, 0x00, 0x00, 0x15, 0x73, 0x2c, 0x04, 0x00, 0x00, 0x00, 0x15, 0x05, 0x20, 0x00, 0x00
    .byte 0x15, 0x55, 0x00, 0x20, 0x00, 0x00, 0x20, 0x00, 0x00, 0x15, 0x38, 0x00, 0x20, 0x00, 0x00, 0x2c
    .byte 0x02, 0x00, 0x00, 0x00, 0x15, 0x38, 0x00, 0x2c, 0x01, 0x00, 0x00, 0x00, 0x2c, 0x00, 0xd6, 0x00
    .byte 0x00, 0x15, 0xe0, 0x21, 0xf0, 0x04, 0x22, 0x02, 0x2c, 0x0d, 0x00, 0x00, 0x00, 0x2c, 0x5e, 0x0b
    .byte 0x22, 0x02, 0x15, 0x39, 0x2c, 0x0e, 0x00, 0x00, 0x00, 0x2c, 0x88, 0x0b, 0x22, 0x02, 0x15, 0x39
    .byte 0x2c, 0x04, 0x00, 0x00, 0x00, 0x20, 0x00, 0x00, 0x2c, 0x01, 0x00, 0x00, 0x00, 0x20, 0x00, 0x00
    .byte 0x20, 0x00, 0x00, 0x20, 0x00, 0x00, 0x15, 0xbd, 0x21, 0xa6, 0x05, 0x22, 0x02, 0x2c, 0x05, 0x00
    .byte 0x00, 0x00, 0x2c, 0x01, 0x00, 0x00, 0x00, 0x20, 0x00, 0x00, 0x2c, 0x10, 0x00, 0x00, 0x00, 0x20
    .byte 0x00, 0x00, 0x20, 0x00, 0x00, 0x15, 0xbd, 0x2c, 0x04, 0x00, 0x00, 0x00, 0x2c, 0x01, 0x00, 0x00
    .byte 0x00, 0x20, 0x00, 0x00, 0x20, 0x00, 0x00, 0x20, 0x00, 0x00, 0x20, 0x00, 0x00, 0x15, 0xbd, 0x2c
    .byte 0x04, 0x00, 0x00, 0x00, 0x2c, 0x02, 0x00, 0x00, 0x00, 0x20, 0x00, 0x00, 0x20, 0x00, 0x00, 0x20
    .byte 0x00, 0x00, 0x20, 0x00, 0x00, 0x15, 0xbd, 0x2c, 0x04, 0x00, 0x00, 0x00, 0x2c, 0x03, 0x00, 0x00
    .byte 0x00, 0x20, 0x00, 0x00, 0x20, 0x00, 0x00, 0x20, 0x00, 0x00, 0x20, 0x00, 0x00, 0x15, 0xbd, 0x20
    .byte 0x00, 0x00, 0x2c, 0x01, 0x00, 0x00, 0x00, 0x20, 0x00, 0x00, 0x2c, 0x01, 0x00, 0x00, 0x00, 0x2c
    .byte 0x04, 0x00, 0x00, 0x00, 0x20, 0x00, 0x00, 0x15, 0xbd, 0x2c, 0x06, 0x00, 0x00, 0x00, 0x2c, 0x01
    .byte 0x00, 0x00, 0x00, 0x2c, 0x50, 0x90, 0x00, 0x00, 0x2c, 0x51, 0x90, 0x00, 0x00, 0x2c, 0x55, 0x90
    .byte 0x00, 0x00, 0x20, 0x00, 0x00, 0x15, 0xbd, 0x2c, 0x04, 0x00, 0x00, 0x00, 0x2c, 0x01, 0x00, 0x00
    .byte 0x00, 0x2c, 0x01, 0x00, 0x00, 0x00, 0x20, 0x00, 0x00, 0x20, 0x00, 0x00, 0x20, 0x00, 0x00, 0x15
    .byte 0xbd, 0x2c, 0x03, 0x00, 0x00, 0x00, 0x2c, 0x01, 0x00, 0x00, 0x00, 0x20, 0x00, 0x00, 0x20, 0x00
    .byte 0x00, 0x20, 0x00, 0x00, 0x20, 0x00, 0x00, 0x15, 0xbd, 0x2c, 0x0d, 0x00, 0x00, 0x00, 0x2c, 0xa3
    .byte 0x0d, 0x22, 0x02, 0x15, 0x39, 0x2c, 0x0d, 0x00, 0x00, 0x00, 0x15, 0x42, 0x18, 0x70, 0x32, 0x00
    .byte 0x00, 0x00, 0x00, 0x00, 0x14, 0xee, 0x0e, 0x22, 0x02, 0x01, 0xd5, 0x0e, 0x22, 0x02, 0x2c, 0x0e
    .byte 0x00, 0x00, 0x00, 0x2c, 0xa3, 0x0d, 0x22, 0x02, 0x15, 0x39, 0x2c, 0x0e, 0x00, 0x00, 0x00, 0x15
    .byte 0x42, 0x18, 0x70, 0x32, 0x00, 0x00, 0x00, 0x00, 0x00, 0x14, 0x13, 0x0f, 0x22, 0x02, 0x01, 0xfa
    .byte 0x0e, 0x22, 0x02, 0x2c, 0x13, 0x00, 0x00, 0x00, 0x2c, 0x13, 0x17, 0x22, 0x02, 0x15, 0x39, 0x20
    .byte 0x00, 0x00, 0x2c, 0x00, 0x8b, 0x00, 0x00, 0x15, 0xe0, 0x2c, 0x0d, 0x00, 0x00, 0x00, 0x2c, 0xbc
    .byte 0x0b, 0x22, 0x02, 0x15, 0x39, 0x2c, 0x0d, 0x00, 0x00, 0x00, 0x15, 0x42, 0x18, 0x70, 0x32, 0x00
    .byte 0x00, 0x00, 0x00, 0x00, 0x14, 0x4e, 0x0f, 0x22, 0x02, 0x01, 0x35, 0x0f, 0x22, 0x02, 0x2c, 0x01
    .byte 0x00, 0x00, 0x00, 0x2c, 0x00, 0x8b, 0x00, 0x00, 0x15, 0xe0, 0x2c, 0x0d, 0x00, 0x00, 0x00, 0x2c
    .byte 0xac, 0x0d, 0x22, 0x02, 0x15, 0x39, 0x2c, 0x0e, 0x00, 0x00, 0x00, 0x2c, 0xac, 0x0d, 0x22, 0x02
    .byte 0x15, 0x39, 0x2c, 0x13, 0x00, 0x00, 0x00, 0x2c, 0x80, 0x17, 0x22, 0x02, 0x15, 0x39, 0x2c, 0x13
    .byte 0x00, 0x00, 0x00, 0x15, 0x42, 0x18, 0x70, 0x32, 0x00, 0x00, 0x00, 0x00, 0x00, 0x14, 0x97, 0x0f
    .byte 0x22, 0x02, 0x01, 0x7e, 0x0f, 0x22, 0x02, 0x2c, 0x05, 0x00, 0x00, 0x00, 0x2c, 0x01, 0x00, 0x00
    .byte 0x00, 0x20, 0x00, 0x00, 0x2c, 0x10, 0x00, 0x00, 0x00, 0x20, 0x00, 0x00, 0x20, 0x00, 0x00, 0x15
    .byte 0xbd, 0x2c, 0x04, 0x00, 0x00, 0x00, 0x2c, 0x01, 0x00, 0x00, 0x00, 0x20, 0x00, 0x00, 0x20, 0x00
    .byte 0x00, 0x20, 0x00, 0x00, 0x20, 0x00, 0x00, 0x15, 0xbd, 0x2c, 0x3c, 0x00, 0x00, 0x00, 0x15, 0x07
    .byte 0x15, 0x08, 0x21, 0xdc, 0x05, 0x22, 0x02, 0x2c, 0x0d, 0x00, 0x00, 0x00, 0x2c, 0xcf, 0xde, 0x21
    .byte 0x02, 0x15, 0x39, 0x2c, 0x0e, 0x00, 0x00, 0x00, 0x2c, 0xcf, 0xde, 0x21, 0x02, 0x15, 0x39, 0x2c
    .byte 0x04, 0x00, 0x00, 0x00, 0x20, 0x00, 0x00, 0x20, 0x00, 0x00, 0x20, 0x00, 0x00, 0x20, 0x00, 0x00
    .byte 0x20, 0x00, 0x00, 0x15, 0xbd, 0x20, 0x00, 0x00, 0x2c, 0x01, 0x00, 0x00, 0x00, 0x20, 0x00, 0x00
    .byte 0x2c, 0x03, 0x00, 0x00, 0x00, 0x20, 0x00, 0x00, 0x20, 0x00, 0x00, 0x15, 0xbd, 0x2c, 0x06, 0x00
    .byte 0x00, 0x00, 0x2c, 0x01, 0x00, 0x00, 0x00, 0x2c, 0xbd, 0xb0, 0x00, 0x00, 0x2c, 0xbe, 0xb0, 0x00
    .byte 0x00, 0x2c, 0xbf, 0xb0, 0x00, 0x00, 0x20, 0x00, 0x00, 0x15, 0xbd, 0x2c, 0x04, 0x00, 0x00, 0x00
    .byte 0x2c, 0x01, 0x00, 0x00, 0x00, 0x2c, 0x01, 0x00, 0x00, 0x00, 0x20, 0x00, 0x00, 0x20, 0x00, 0x00
    .byte 0x20, 0x00, 0x00, 0x15, 0xbd, 0x21, 0x12, 0x06, 0x22, 0x02, 0x2c, 0x64, 0x00, 0x00, 0x00, 0x15
    .byte 0x07, 0x15, 0x08, 0x15, 0x8f, 0x2c, 0x01, 0x00, 0x00, 0x00, 0x2c, 0x98, 0x00, 0x00, 0x00, 0x15
    .byte 0xef, 0x18, 0x70, 0x32, 0x00, 0x01, 0x00, 0x00, 0x00, 0x14, 0x20, 0x11, 0x22, 0x02, 0x2c, 0x15
    .byte 0x00, 0x00, 0x00, 0x2c, 0xfb, 0x00, 0x00, 0x00, 0x2c, 0x7f, 0x00, 0x00, 0x00, 0x15, 0x0a, 0x2c
    .byte 0x0d, 0x00, 0x00, 0x00, 0x2c, 0x02, 0x00, 0x00, 0x00, 0x20, 0x00, 0x00, 0x15, 0xce, 0x2c, 0xd3
    .byte 0x03, 0x00, 0x00, 0x15, 0x35, 0x2c, 0xd3, 0x03, 0x00, 0x00, 0x15, 0x37, 0x18, 0x70, 0x32, 0x00
    .byte 0x00, 0x00, 0x00, 0x00, 0x14, 0xbe, 0x10, 0x22, 0x02, 0x25, 0xcc, 0x10, 0x22, 0x02, 0x2c, 0x01
    .byte 0x00, 0x00, 0x00, 0x15, 0x07, 0x15, 0x08, 0x25, 0xa5, 0x10, 0x22, 0x02, 0x2c, 0x3c, 0x00, 0x00
    .byte 0x00, 0x15, 0x07, 0x15, 0x08, 0x2c, 0xd4, 0x03, 0x00, 0x00, 0x15, 0x35, 0x2c, 0xd5, 0x03, 0x00
    .byte 0x00, 0x15, 0x35, 0x03, 0x00, 0xcc, 0xff, 0xff, 0xff, 0x26, 0x00, 0xe1, 0x15, 0x8b, 0x18, 0x70
    .byte 0x32, 0x00, 0x00, 0x00, 0x00, 0x00, 0x13, 0x00, 0x11, 0x22, 0x02, 0x01, 0xec, 0x10, 0x22, 0x02
    .byte 0x2c, 0x43, 0x08, 0x00, 0x00, 0x20, 0x00, 0x00, 0x20, 0x00, 0x00, 0x20, 0x00, 0x00, 0x15, 0x59
    .byte 0x15, 0x5a, 0x03, 0x00, 0x00, 0x00, 0x00, 0x00, 0x26, 0x00, 0xe1, 0x25, 0xbd, 0x11, 0x22, 0x02
    .byte 0x2c, 0x15, 0x00, 0x00, 0x00, 0x2c, 0xfb, 0x00, 0x00, 0x00, 0x2c, 0x7f, 0x00, 0x00, 0x00, 0x15
    .byte 0x0a, 0x2c, 0x0d, 0x00, 0x00, 0x00, 0x2c, 0x02, 0x00, 0x00, 0x00, 0x20, 0x00, 0x00, 0x15, 0xce
    .byte 0x2c, 0xd3, 0x03, 0x00, 0x00, 0x15, 0x35, 0x2c, 0xd3, 0x03, 0x00, 0x00, 0x15, 0x37, 0x18, 0x70
    .byte 0x32, 0x00, 0x00, 0x00, 0x00, 0x00, 0x14, 0x60, 0x11, 0x22, 0x02, 0x25, 0x6e, 0x11, 0x22, 0x02
    .byte 0x2c, 0x01, 0x00, 0x00, 0x00, 0x15, 0x07, 0x15, 0x08, 0x25, 0x47, 0x11, 0x22, 0x02, 0x2c, 0x3c
    .byte 0x00, 0x00, 0x00, 0x15, 0x07, 0x15, 0x08, 0x2c, 0xd4, 0x03, 0x00, 0x00, 0x15, 0x35, 0x2c, 0xd5
    .byte 0x03, 0x00, 0x00, 0x15, 0x35, 0x03, 0x00, 0xcc, 0xff, 0xff, 0xff, 0x26, 0x00, 0xe1, 0x15, 0x8b
    .byte 0x18, 0x70, 0x32, 0x00, 0x00, 0x00, 0x00, 0x00, 0x13, 0xa2, 0x11, 0x22, 0x02, 0x01, 0x8e, 0x11
    .byte 0x22, 0x02, 0x2c, 0x42, 0x08, 0x00, 0x00, 0x20, 0x00, 0x00, 0x20, 0x00, 0x00, 0x20, 0x00, 0x00
    .byte 0x15, 0x59, 0x15, 0x5a, 0x03, 0x00, 0x00, 0x00, 0x00, 0x00, 0x26, 0x00, 0xe1, 0x15, 0x8e, 0x20
    .byte 0x00, 0x00, 0x2c, 0x2e, 0x08, 0x22, 0x02, 0x15, 0x39, 0x20, 0x00, 0x00, 0x15, 0x42, 0x18, 0x70
    .byte 0x32, 0x00, 0x00, 0x00, 0x00, 0x00, 0x14, 0xe0, 0x11, 0x22, 0x02, 0x01, 0xc9, 0x11, 0x22, 0x02
    .byte 0x20, 0x00, 0x00, 0x2c, 0x00, 0xd6, 0x00, 0x00, 0x15, 0xe0, 0x22, 0x00, 0x00, 0x2c, 0x49, 0x02
    .byte 0x00, 0x00, 0x15, 0x35, 0x2c, 0x10, 0x00, 0x00, 0x00, 0x2c, 0x11, 0x14, 0x22, 0x02, 0x15, 0x39
    .byte 0x2c, 0x10, 0x00, 0x00, 0x00, 0x15, 0x42, 0x18, 0x70, 0x32, 0x00, 0x00, 0x00, 0x00, 0x00, 0x14
    .byte 0x19, 0x12, 0x22, 0x02, 0x01, 0x00, 0x12, 0x22, 0x02, 0x21, 0x70, 0xeb, 0x21, 0x02, 0x2c, 0x99
    .byte 0x00, 0x00, 0x00, 0x2c, 0x00, 0x01, 0x00, 0x00, 0x2c, 0x00, 0x01, 0x00, 0x00, 0x20, 0x00, 0x00
    .byte 0x15, 0x4a, 0x00, 0x2c, 0x0f, 0x10, 0x00, 0x00, 0x2c, 0x01, 0x10, 0x00, 0x00, 0x2c, 0x10, 0x10
    .byte 0x00, 0x00, 0x2c, 0x02, 0x00, 0x00, 0x00, 0x2c, 0x0c, 0x00, 0x00, 0x00, 0x15, 0x73, 0x2c, 0x01
    .byte 0x00, 0x00, 0x00, 0x15, 0x06, 0x2c, 0x1e, 0x00, 0x00, 0x00, 0x15, 0x07, 0x15, 0x08, 0x2c, 0x14
    .byte 0x00, 0x00, 0x00, 0x15, 0x05, 0x2c, 0x01, 0x00, 0x00, 0x00, 0x15, 0x06, 0x2c, 0x10, 0x00, 0x00
    .byte 0x00, 0x2c, 0x92, 0x12, 0x22, 0x02, 0x15, 0x39, 0x2c, 0x10, 0x00, 0x00, 0x00, 0x15, 0x42, 0x18
    .byte 0x70, 0x32, 0x00, 0x00, 0x00, 0x00, 0x00, 0x14, 0x91, 0x12, 0x22, 0x02, 0x01, 0x78, 0x12, 0x22
    .byte 0x02, 0x00, 0x2c, 0x17, 0x00, 0x00, 0x00, 0x2c, 0x10, 0x00, 0x00, 0x00, 0x20, 0x00, 0x00, 0x15
    .byte 0x3f, 0x2c, 0x18, 0x00, 0x00, 0x00, 0x2c, 0x10, 0x00, 0x00, 0x00, 0x20, 0x00, 0x00, 0x15, 0x3f
    .byte 0x2c, 0x17, 0x00, 0x00, 0x00, 0x2c, 0x11, 0x00, 0x00, 0x00, 0x20, 0x00, 0x00, 0x15, 0x3f, 0x2c
    .byte 0x18, 0x00, 0x00, 0x00, 0x2c, 0x11, 0x00, 0x00, 0x00, 0x20, 0x00, 0x00, 0x15, 0x3f, 0x2c, 0x17
    .byte 0x00, 0x00, 0x00, 0x2c, 0x12, 0x00, 0x00, 0x00, 0x20, 0x00, 0x00, 0x15, 0x3f, 0x2c, 0x18, 0x00
    .byte 0x00, 0x00, 0x2c, 0x12, 0x00, 0x00, 0x00, 0x20, 0x00, 0x00, 0x15, 0x3f, 0x2c, 0x17, 0x00, 0x00
    .byte 0x00, 0x2c, 0x13, 0x00, 0x00, 0x00, 0x20, 0x00, 0x00, 0x15, 0x3f, 0x2c, 0x18, 0x00, 0x00, 0x00
    .byte 0x2c, 0x13, 0x00, 0x00, 0x00, 0x20, 0x00, 0x00, 0x15, 0x3f, 0x2c, 0x17, 0x00, 0x00, 0x00, 0x2c
    .byte 0x14, 0x00, 0x00, 0x00, 0x20, 0x00, 0x00, 0x15, 0x3f, 0x2c, 0x18, 0x00, 0x00, 0x00, 0x2c, 0x14
    .byte 0x00, 0x00, 0x00, 0x20, 0x00, 0x00, 0x15, 0x3f, 0x20, 0x00, 0x00, 0x2c, 0x01, 0x00, 0x00, 0x00
    .byte 0x15, 0x38, 0x15, 0x1f, 0x18, 0x70, 0x17, 0x00, 0x15, 0x20, 0x18, 0x70, 0x17, 0x00, 0x15, 0x27
    .byte 0x18, 0x70, 0x17, 0x00, 0x15, 0x02, 0x2c, 0x01, 0x00, 0x00, 0x00, 0x15, 0x07, 0x15, 0x08, 0x2c
    .byte 0x01, 0x00, 0x00, 0x00, 0x15, 0x09, 0x20, 0x00, 0x00, 0x15, 0x18, 0x20, 0x00, 0x00, 0x15, 0x19
    .byte 0x20, 0x00, 0x00, 0x2c, 0xc0, 0xff, 0xff, 0xff, 0x20, 0x00, 0x00, 0x2c, 0x37, 0x00, 0x00, 0x00
    .byte 0x20, 0x00, 0x00, 0x20, 0x00, 0x00, 0x15, 0x1a, 0x2c, 0xff, 0xff, 0xff, 0xff, 0x2c, 0x00, 0x06
    .byte 0x00, 0x00, 0x2c, 0xff, 0xff, 0xff, 0xff, 0x2c, 0xff, 0xff, 0xff, 0xff, 0x2c, 0xff, 0xff, 0xff
    .byte 0xff, 0x2c, 0xff, 0xff, 0xff, 0xff, 0x15, 0x00, 0x15, 0x21, 0x20, 0x00, 0x00, 0x15, 0x09, 0x2c
    .byte 0x01, 0x00, 0x00, 0x00, 0x15, 0x07, 0x15, 0x08, 0x2c, 0x0f, 0x00, 0x00, 0x00, 0x2c, 0xce, 0x13
    .byte 0x22, 0x02, 0x15, 0x39, 0x2c, 0x0f, 0x00, 0x00, 0x00, 0x15, 0x42, 0x18, 0x70, 0x32, 0x00, 0x00
    .byte 0x00, 0x00, 0x00, 0x14, 0xcd, 0x13, 0x22, 0x02, 0x01, 0xb4, 0x13, 0x22, 0x02, 0x00, 0x2c, 0x10
    .byte 0x00, 0x00, 0x00, 0x2c, 0x07, 0x00, 0x00, 0x00, 0x15, 0x47, 0x18, 0x70, 0x17, 0x00, 0x2c, 0x10
    .byte 0x00, 0x00, 0x00, 0x2c, 0x08, 0x00, 0x00, 0x00, 0x15, 0x47, 0x18, 0x70, 0x17, 0x00, 0x20, 0x00
    .byte 0x00, 0x15, 0x02, 0x20, 0x00, 0x00, 0x20, 0x00, 0x00, 0x15, 0x38, 0x2c, 0x01, 0x00, 0x00, 0x00
    .byte 0x15, 0x09, 0x2c, 0x02, 0x00, 0x00, 0x00, 0x15, 0x05, 0x15, 0x16, 0x20, 0x00, 0x00, 0x15, 0x09
    .byte 0x00, 0x2c, 0x15, 0x00, 0x00, 0x00, 0x2c, 0xed, 0x00, 0x00, 0x00, 0x2c, 0x7f, 0x00, 0x00, 0x00
    .byte 0x15, 0x0a, 0x20, 0x00, 0x00, 0x2c, 0xab, 0x15, 0x22, 0x02, 0x15, 0x39, 0x2c, 0x3c, 0x00, 0x00
    .byte 0x00, 0x15, 0x07, 0x15, 0x08, 0x2c, 0x80, 0x00, 0x00, 0x00, 0x2c, 0x46, 0x00, 0x00, 0x00, 0x20
    .byte 0x00, 0x00, 0x15, 0x02, 0x20, 0x00, 0x00, 0x20, 0x00, 0x00, 0x15, 0x38, 0x2c, 0x12, 0x00, 0x00
    .byte 0x00, 0x2c, 0x3e, 0x16, 0x22, 0x02, 0x15, 0x39, 0x2c, 0x01, 0x00, 0x00, 0x00, 0x15, 0x05, 0x2c
    .byte 0x01, 0x00, 0x00, 0x00, 0x15, 0x06, 0x2c, 0x80, 0x00, 0x00, 0x00, 0x2c, 0x60, 0xff, 0xff, 0xff
    .byte 0x20, 0x00, 0x00, 0x2c, 0xa0, 0x0f, 0x00, 0x00, 0x2c, 0x05, 0x00, 0x00, 0x00, 0x20, 0x00, 0x00
    .byte 0x15, 0x1a, 0x15, 0x21, 0x2c, 0x12, 0x00, 0x00, 0x00, 0x2c, 0xd8, 0xde, 0x21, 0x02, 0x15, 0x39
    .byte 0x20, 0x00, 0x00, 0x2c, 0x03, 0x16, 0x22, 0x02, 0x15, 0x39, 0x2c, 0x91, 0x21, 0x00, 0x00, 0x2c
    .byte 0x92, 0x21, 0x00, 0x00, 0x2c, 0x93, 0x21, 0x00, 0x00, 0x2c, 0x02, 0x00, 0x00, 0x00, 0x20, 0x00
    .byte 0x00, 0x15, 0x73, 0x2c, 0x01, 0x00, 0x00, 0x00, 0x15, 0x06, 0x2c, 0x40, 0x00, 0x00, 0x00, 0x2c
    .byte 0x40, 0x00, 0x00, 0x00, 0x15, 0x52, 0x03, 0x00, 0x00, 0x00, 0x00, 0x00, 0x28, 0x00, 0x07, 0x2b
    .byte 0x00, 0x07, 0x34, 0x00, 0x3c, 0x00, 0x00, 0x00, 0x14, 0x1a, 0x15, 0x22, 0x02, 0x2c, 0x04, 0x00
    .byte 0x00, 0x00, 0x2c, 0x40, 0x00, 0x00, 0x00, 0x2c, 0x00, 0x01, 0x00, 0x00, 0x2c, 0x3c, 0x00, 0x00
    .byte 0x00, 0x2f, 0x07, 0x15, 0x9e, 0x18, 0x70, 0x28, 0x00, 0x00, 0x2f, 0x00, 0x2f, 0x00, 0x15, 0x52
    .byte 0x2c, 0x01, 0x00, 0x00, 0x00, 0x15, 0x07, 0x15, 0x08, 0x2b, 0x00, 0x07, 0x05, 0x00, 0x01, 0x00
    .byte 0x00, 0x00, 0x28, 0x00, 0x07, 0x25, 0xcf, 0x14, 0x22, 0x02, 0x2c, 0x00, 0x01, 0x00, 0x00, 0x2c
    .byte 0x00, 0x01, 0x00, 0x00, 0x15, 0x52, 0x2c, 0x0f, 0x00, 0x00, 0x00, 0x20, 0x00, 0x00, 0x20, 0x00
    .byte 0x00, 0x15, 0xce, 0x2c, 0xd3, 0x03, 0x00, 0x00, 0x15, 0x35, 0x2c, 0xd3, 0x03, 0x00, 0x00, 0x15
    .byte 0x37, 0x18, 0x70, 0x32, 0x00, 0x00, 0x00, 0x00, 0x00, 0x14, 0x53, 0x15, 0x22, 0x02, 0x25, 0x61
    .byte 0x15, 0x22, 0x02, 0x2c, 0x01, 0x00, 0x00, 0x00, 0x15, 0x07, 0x15, 0x08, 0x25, 0x3a, 0x15, 0x22
    .byte 0x02, 0x2c, 0x3c, 0x00, 0x00, 0x00, 0x15, 0x07, 0x15, 0x08, 0x20, 0x00, 0x00, 0x15, 0x09, 0x2c
    .byte 0xd4, 0x03, 0x00, 0x00, 0x15, 0x35, 0x20, 0x00, 0x00, 0x2c, 0x81, 0x8f, 0x00, 0x00, 0x15, 0xe0
    .byte 0x2c, 0x96, 0x00, 0x00, 0x00, 0x15, 0x07, 0x15, 0x08, 0x20, 0x00, 0x00, 0x2c, 0x12, 0x16, 0x22
    .byte 0x02, 0x15, 0x39, 0x20, 0x00, 0x00, 0x15, 0x42, 0x18, 0x70, 0x32, 0x00, 0x00, 0x00, 0x00, 0x00
    .byte 0x14, 0xaa, 0x15, 0x22, 0x02, 0x01, 0x93, 0x15, 0x22, 0x02, 0x00, 0x20, 0x00, 0x00, 0x2c, 0x49
    .byte 0x00, 0x00, 0x00, 0x15, 0xe0, 0x2c, 0x0b, 0x10, 0x00, 0x00, 0x2c, 0x01, 0x10, 0x00, 0x00, 0x2c
    .byte 0x0c, 0x10, 0x00, 0x00, 0x2c, 0x02, 0x00, 0x00, 0x00, 0x2c, 0x13, 0x00, 0x00, 0x00, 0x15, 0x73
    .byte 0x2c, 0x01, 0x00, 0x00, 0x00, 0x15, 0x06, 0x2c, 0x3c, 0x00, 0x00, 0x00, 0x15, 0x07, 0x15, 0x08
    .byte 0x2c, 0x0f, 0x10, 0x00, 0x00, 0x2c, 0x01, 0x10, 0x00, 0x00, 0x2c, 0x10, 0x10, 0x00, 0x00, 0x2c
    .byte 0x02, 0x00, 0x00, 0x00, 0x2c, 0x0c, 0x00, 0x00, 0x00, 0x15, 0x73, 0x2c, 0x01, 0x00, 0x00, 0x00
    .byte 0x15, 0x06, 0x00, 0x2c, 0x14, 0x00, 0x00, 0x00, 0x15, 0x05, 0x2c, 0x01, 0x00, 0x00, 0x00, 0x15
    .byte 0x06, 0x00, 0x2c, 0x00, 0x10, 0x00, 0x00, 0x2c, 0x01, 0x10, 0x00, 0x00, 0x2c, 0x02, 0x10, 0x00
    .byte 0x00, 0x2c, 0x02, 0x00, 0x00, 0x00, 0x2c, 0x04, 0x00, 0x00, 0x00, 0x15, 0x73, 0x2c, 0x04, 0x00
    .byte 0x00, 0x00, 0x15, 0x75, 0x2c, 0x01, 0x00, 0x00, 0x00, 0x15, 0x25, 0x00, 0x00, 0x00, 0x20, 0x00
    .byte 0x00, 0x2c, 0x80, 0x8f, 0x00, 0x00, 0x15, 0xe0, 0x29, 0x00, 0xf1, 0x24, 0x00, 0x80, 0x00, 0x00
    .byte 0x00, 0x2c, 0x10, 0x00, 0x00, 0x00, 0x2c, 0x07, 0x00, 0x00, 0x00, 0x15, 0x47, 0x18, 0x71, 0x04
    .byte 0x10, 0x28, 0x00, 0x00, 0x2b, 0x00, 0x00, 0x2c, 0x28, 0x00, 0x00, 0x00, 0x15, 0x01, 0x18, 0x71
    .byte 0x04, 0x10, 0x24, 0x00, 0x14, 0x00, 0x00, 0x00, 0x28, 0x00, 0x00, 0x29, 0x00, 0xf2, 0x24, 0x00
    .byte 0x60, 0x00, 0x00, 0x00, 0x2c, 0x10, 0x00, 0x00, 0x00, 0x2c, 0x08, 0x00, 0x00, 0x00, 0x15, 0x47
    .byte 0x18, 0x71, 0x04, 0x10, 0x28, 0x00, 0x01, 0x2b, 0x00, 0x01, 0x2c, 0x28, 0x00, 0x00, 0x00, 0x15
    .byte 0x01, 0x18, 0x71, 0x04, 0x10, 0x24, 0x00, 0x14, 0x00, 0x00, 0x00, 0x28, 0x00, 0x01, 0x03, 0x00
    .byte 0x00, 0x00, 0x00, 0x00, 0x28, 0x00, 0x06, 0x03, 0x00, 0x00, 0x00, 0x00, 0x00, 0x28, 0x00, 0x07
    .byte 0x2c, 0x1e, 0x00, 0x00, 0x00, 0x2c, 0x94, 0x13, 0x00, 0x00, 0x2c, 0x78, 0x10, 0x00, 0x00, 0x2c
    .byte 0x95, 0x13, 0x00, 0x00, 0x20, 0x00, 0x00, 0x2f, 0x00, 0x2f, 0x01, 0x15, 0x53, 0x2c, 0x21, 0x00
    .byte 0x00, 0x00, 0x2c, 0x94, 0x13, 0x00, 0x00, 0x2c, 0x78, 0x10, 0x00, 0x00, 0x2c, 0x95, 0x13, 0x00
    .byte 0x00, 0x20, 0x00, 0x00, 0x2f, 0x00, 0x2b, 0x00, 0x01, 0x05, 0x00, 0x00, 0x01, 0x00, 0x00, 0x17
    .byte 0x00, 0x15, 0x53, 0x2c, 0x0a, 0x00, 0x00, 0x00, 0x15, 0x07, 0x15, 0x08, 0x25, 0x48, 0x16, 0x22
    .byte 0x02, 0x00, 0x00, 0x03, 0x00, 0x00, 0x00, 0x00, 0x00, 0x28, 0x00, 0x07, 0x2b, 0x00, 0x07, 0x31
    .byte 0x00, 0x00, 0x00, 0x00, 0x00, 0x14, 0x80, 0x17, 0x22, 0x02, 0x2c, 0x02, 0x00, 0x00, 0x00, 0x20
    .byte 0x00, 0x00, 0x2c, 0x02, 0x00, 0x00, 0x00, 0x2c, 0x64, 0x00, 0x00, 0x00, 0x2f, 0x07, 0x15, 0x9e
    .byte 0x18, 0x70, 0x28, 0x00, 0x00, 0x2c, 0x05, 0x00, 0x00, 0x00, 0x2c, 0x01, 0x00, 0x00, 0x00, 0x2f
    .byte 0x00, 0x03, 0x00, 0x10, 0x00, 0x00, 0x00, 0x2b, 0x01, 0x00, 0x23, 0x10, 0x17, 0x00, 0x20, 0x00
    .byte 0x00, 0x20, 0x00, 0x00, 0x15, 0xbd, 0x2c, 0x01, 0x00, 0x00, 0x00, 0x15, 0x07, 0x15, 0x08, 0x2b
    .byte 0x00, 0x07, 0x05, 0x00, 0x01, 0x00, 0x00, 0x00, 0x28, 0x00, 0x07, 0x25, 0x1c, 0x17, 0x22, 0x02
    .byte 0x2b, 0x00, 0x07, 0x31, 0x00, 0x00, 0x00, 0x00, 0x00, 0x14, 0xf7, 0x17, 0x22, 0x02, 0x2c, 0x02
    .byte 0x00, 0x00, 0x00, 0x20, 0x00, 0x00, 0x2c, 0x02, 0x00, 0x00, 0x00, 0x2c, 0x64, 0x00, 0x00, 0x00
    .byte 0x2f, 0x07, 0x15, 0x9e, 0x18, 0x70, 0x28, 0x00, 0x00, 0x2c, 0x05, 0x00, 0x00, 0x00, 0x2c, 0x01
    .byte 0x00, 0x00, 0x00, 0x2f, 0x00, 0x03, 0x00, 0x10, 0x00, 0x00, 0x00, 0x2b, 0x01, 0x00, 0x23, 0x10
    .byte 0x17, 0x00, 0x20, 0x00, 0x00, 0x20, 0x00, 0x00, 0x15, 0xbd, 0x2b, 0x00, 0x00, 0x32, 0x00, 0x00
    .byte 0x00, 0x00, 0x00, 0x14, 0xdd, 0x17, 0x22, 0x02, 0x25, 0xf7, 0x17, 0x22, 0x02, 0x2c, 0x01, 0x00
    .byte 0x00, 0x00, 0x15, 0x07, 0x15, 0x08, 0x2b, 0x00, 0x07, 0x05, 0x00, 0x01, 0x00, 0x00, 0x00, 0x28
    .byte 0x00, 0x07, 0x25, 0x80, 0x17, 0x22, 0x02, 0x21, 0xf4, 0xe6, 0x21, 0x02, 0x00, 0x2c, 0x03, 0x00
    .byte 0x00, 0x00, 0x2c, 0x99, 0x00, 0x00, 0x00, 0x15, 0xef, 0x22, 0x00, 0x00, 0x00, 0x00, 0x00, 0x00
    .byte 0x00, 0x00, 0x00, 0x00, 0x00, 0x00, 0x00, 0x00, 0x00, 0x00, 0x00, 0x00, 0x00, 0x00, 0x00, 0x00
