.text
; Matching fallback for the portable implementation in src/overlays/ov152/overlay152_recovery.c.
.extern data_ov152_0221d720
.extern data_ov152_0221d74c
.extern data_ov152_0221e51e
.extern data_ov152_02222fc0
.extern data_ov152_02222fc4
.extern func_02008f58
.extern func_0203aac4
.extern func_0203abac
.extern func_0203b38c
.extern func_0203b3ac

.global func_ov152_0221d6c0
func_ov152_0221d6c0:
    stmdb sp!, {r3, lr}
    cmp r0, #0x0
    ldmneia sp!, {r3, pc}
    bl func_0203aac4
    ldr r0, .L_0221d6fc
    ldr r2, .L_0221d700
    mov r1, #0x3
    bl func_0203b38c
    ldr r0, .L_0221d704
    bl func_0203abac
    ldr r0, .L_0221d708
    bl func_02008f58
    ldr r0, .L_0221d70c
    bl func_0203b3ac
    ldmia sp!, {r3, pc}
.L_0221d6fc: .word data_ov152_02222fc0
.L_0221d700: .word data_ov152_0221d74c
.L_0221d704: .word data_ov152_02222fc4
.L_0221d708: .word data_ov152_0221d720
.L_0221d70c: .word data_ov152_0221e51e
.size func_ov152_0221d6c0, . - func_ov152_0221d6c0

; Matching fallback for initialized records and BSS documented in
; src/overlays/ov152/overlay152_recovery.c.
; Absolute labels preserve fixed-address record and BSS references without alignment padding.
.global data_ov152_0221d720
.set data_ov152_0221d720, 0x0221d720
.global data_ov152_0221d734
.set data_ov152_0221d734, 0x0221d734
.global data_ov152_0221d74c
.set data_ov152_0221d74c, 0x0221d74c
.global data_ov152_0221dfb5
.set data_ov152_0221dfb5, 0x0221dfb5
.global data_ov152_0221e152
.set data_ov152_0221e152, 0x0221e152
.global data_ov152_0221e195
.set data_ov152_0221e195, 0x0221e195
.global data_ov152_0221e1ac
.set data_ov152_0221e1ac, 0x0221e1ac
.global data_ov152_0221e1d2
.set data_ov152_0221e1d2, 0x0221e1d2
.global data_ov152_0221e20c
.set data_ov152_0221e20c, 0x0221e20c
.global data_ov152_0221e300
.set data_ov152_0221e300, 0x0221e300
.global data_ov152_0221e314
.set data_ov152_0221e314, 0x0221e314
.global data_ov152_0221e33a
.set data_ov152_0221e33a, 0x0221e33a
.global data_ov152_0221e35f
.set data_ov152_0221e35f, 0x0221e35f
.global data_ov152_0221e3bd
.set data_ov152_0221e3bd, 0x0221e3bd
.global data_ov152_0221e3be
.set data_ov152_0221e3be, 0x0221e3be
.global data_ov152_0221e3fb
.set data_ov152_0221e3fb, 0x0221e3fb
.global data_ov152_0221e44d
.set data_ov152_0221e44d, 0x0221e44d
.global data_ov152_0221e51e
.set data_ov152_0221e51e, 0x0221e51e
.global data_ov152_0221e653
.set data_ov152_0221e653, 0x0221e653
.global data_ov152_0221e6de
.set data_ov152_0221e6de, 0x0221e6de
.global data_ov152_0221e734
.set data_ov152_0221e734, 0x0221e734
.global data_ov152_0221e761
.set data_ov152_0221e761, 0x0221e761
.global data_ov152_0221e787
.set data_ov152_0221e787, 0x0221e787
.global data_ov152_0221e7c0
.set data_ov152_0221e7c0, 0x0221e7c0
.global data_ov152_0221e7f9
.set data_ov152_0221e7f9, 0x0221e7f9
.global data_ov152_0221e879
.set data_ov152_0221e879, 0x0221e879
.global data_ov152_0221e8ac
.set data_ov152_0221e8ac, 0x0221e8ac
.global data_ov152_0221ea43
.set data_ov152_0221ea43, 0x0221ea43
.global data_ov152_0221ea5c
.set data_ov152_0221ea5c, 0x0221ea5c
.global data_ov152_0221f024
.set data_ov152_0221f024, 0x0221f024
.global data_ov152_0221f1ff
.set data_ov152_0221f1ff, 0x0221f1ff
.global data_ov152_0221fe07
.set data_ov152_0221fe07, 0x0221fe07
.global data_ov152_02220050
.set data_ov152_02220050, 0x02220050
.global data_ov152_022200c5
.set data_ov152_022200c5, 0x022200c5
.global data_ov152_02220118
.set data_ov152_02220118, 0x02220118
.global data_ov152_02220241
.set data_ov152_02220241, 0x02220241
.global data_ov152_022202dd
.set data_ov152_022202dd, 0x022202dd
.global data_ov152_0222037d
.set data_ov152_0222037d, 0x0222037d
.global data_ov152_02220454
.set data_ov152_02220454, 0x02220454
.global data_ov152_022204fa
.set data_ov152_022204fa, 0x022204fa
.global data_ov152_02220543
.set data_ov152_02220543, 0x02220543
.global data_ov152_0222054d
.set data_ov152_0222054d, 0x0222054d
.global data_ov152_02220585
.set data_ov152_02220585, 0x02220585
.global data_ov152_022205cb
.set data_ov152_022205cb, 0x022205cb
.global data_ov152_02220615
.set data_ov152_02220615, 0x02220615
.global data_ov152_0222070a
.set data_ov152_0222070a, 0x0222070a
.global data_ov152_0222077a
.set data_ov152_0222077a, 0x0222077a
.global data_ov152_022207d3
.set data_ov152_022207d3, 0x022207d3
.global data_ov152_02220813
.set data_ov152_02220813, 0x02220813
.global data_ov152_02220816
.set data_ov152_02220816, 0x02220816
.global data_ov152_0222086c
.set data_ov152_0222086c, 0x0222086c
.global data_ov152_022208ad
.set data_ov152_022208ad, 0x022208ad
.global data_ov152_02220903
.set data_ov152_02220903, 0x02220903
.global data_ov152_02220a8c
.set data_ov152_02220a8c, 0x02220a8c
.global data_ov152_02220a8f
.set data_ov152_02220a8f, 0x02220a8f
.global data_ov152_02220aed
.set data_ov152_02220aed, 0x02220aed
.global data_ov152_02220b26
.set data_ov152_02220b26, 0x02220b26
.global data_ov152_02220c31
.set data_ov152_02220c31, 0x02220c31
.global data_ov152_02220dcb
.set data_ov152_02220dcb, 0x02220dcb
.global data_ov152_02220ea4
.set data_ov152_02220ea4, 0x02220ea4
.global data_ov152_02220f30
.set data_ov152_02220f30, 0x02220f30
.global data_ov152_02220fdf
.set data_ov152_02220fdf, 0x02220fdf
.global data_ov152_0222106f
.set data_ov152_0222106f, 0x0222106f
.global data_ov152_022210b1
.set data_ov152_022210b1, 0x022210b1
.global data_ov152_022210f8
.set data_ov152_022210f8, 0x022210f8
.global data_ov152_02221146
.set data_ov152_02221146, 0x02221146
.global data_ov152_02221213
.set data_ov152_02221213, 0x02221213
.global data_ov152_02221229
.set data_ov152_02221229, 0x02221229
.global data_ov152_02221242
.set data_ov152_02221242, 0x02221242
.global data_ov152_0222125d
.set data_ov152_0222125d, 0x0222125d
.global data_ov152_022212d8
.set data_ov152_022212d8, 0x022212d8
.global data_ov152_02221331
.set data_ov152_02221331, 0x02221331
.global data_ov152_02221361
.set data_ov152_02221361, 0x02221361
.global data_ov152_022214c2
.set data_ov152_022214c2, 0x022214c2
.global data_ov152_02221540
.set data_ov152_02221540, 0x02221540
.global data_ov152_02221558
.set data_ov152_02221558, 0x02221558
.global data_ov152_02221559
.set data_ov152_02221559, 0x02221559
.global data_ov152_02221577
.set data_ov152_02221577, 0x02221577
.global data_ov152_022215a8
.set data_ov152_022215a8, 0x022215a8
.global data_ov152_022215b5
.set data_ov152_022215b5, 0x022215b5
.global data_ov152_02221688
.set data_ov152_02221688, 0x02221688
.global data_ov152_022216fd
.set data_ov152_022216fd, 0x022216fd
.global data_ov152_022217f1
.set data_ov152_022217f1, 0x022217f1
.global data_ov152_02221806
.set data_ov152_02221806, 0x02221806
.global data_ov152_0222185d
.set data_ov152_0222185d, 0x0222185d
.global data_ov152_0222196c
.set data_ov152_0222196c, 0x0222196c
.global data_ov152_0222198d
.set data_ov152_0222198d, 0x0222198d
.global data_ov152_0222199b
.set data_ov152_0222199b, 0x0222199b
.global data_ov152_02221b84
.set data_ov152_02221b84, 0x02221b84
.global data_ov152_02221d06
.set data_ov152_02221d06, 0x02221d06
.global data_ov152_02221dfa
.set data_ov152_02221dfa, 0x02221dfa
.global data_ov152_02221ed7
.set data_ov152_02221ed7, 0x02221ed7
.global data_ov152_02221f4b
.set data_ov152_02221f4b, 0x02221f4b
.global data_ov152_02222014
.set data_ov152_02222014, 0x02222014
.global data_ov152_022220e5
.set data_ov152_022220e5, 0x022220e5
.global data_ov152_0222210d
.set data_ov152_0222210d, 0x0222210d
.global data_ov152_0222214f
.set data_ov152_0222214f, 0x0222214f
.global data_ov152_02222191
.set data_ov152_02222191, 0x02222191
.global data_ov152_022221d3
.set data_ov152_022221d3, 0x022221d3
.global data_ov152_022222b8
.set data_ov152_022222b8, 0x022222b8
.global data_ov152_022222ec
.set data_ov152_022222ec, 0x022222ec
.global data_ov152_0222231b
.set data_ov152_0222231b, 0x0222231b
.global data_ov152_02222407
.set data_ov152_02222407, 0x02222407
.global data_ov152_02222438
.set data_ov152_02222438, 0x02222438
.global data_ov152_02222488
.set data_ov152_02222488, 0x02222488
.global data_ov152_022224c9
.set data_ov152_022224c9, 0x022224c9
.global data_ov152_02222545
.set data_ov152_02222545, 0x02222545
.global data_ov152_02222628
.set data_ov152_02222628, 0x02222628
.global data_ov152_0222266d
.set data_ov152_0222266d, 0x0222266d
.global data_ov152_0222276b
.set data_ov152_0222276b, 0x0222276b
.global data_ov152_02222839
.set data_ov152_02222839, 0x02222839
.global data_ov152_0222285d
.set data_ov152_0222285d, 0x0222285d
.global data_ov152_022228ad
.set data_ov152_022228ad, 0x022228ad
.global data_ov152_02222969
.set data_ov152_02222969, 0x02222969
.global data_ov152_0222298d
.set data_ov152_0222298d, 0x0222298d
.global data_ov152_022229dd
.set data_ov152_022229dd, 0x022229dd
.global data_ov152_02222a02
.set data_ov152_02222a02, 0x02222a02
.global data_ov152_02222aad
.set data_ov152_02222aad, 0x02222aad
.global data_ov152_02222ad7
.set data_ov152_02222ad7, 0x02222ad7
.global data_ov152_02222ad8
.set data_ov152_02222ad8, 0x02222ad8
.global data_ov152_02222b1d
.set data_ov152_02222b1d, 0x02222b1d
.global data_ov152_02222b55
.set data_ov152_02222b55, 0x02222b55
.global data_ov152_02222d0a
.set data_ov152_02222d0a, 0x02222d0a
.global data_ov152_02222e45
.set data_ov152_02222e45, 0x02222e45
.global data_ov152_02222f44
.set data_ov152_02222f44, 0x02222f44
.global data_ov152_02222f50
.set data_ov152_02222f50, 0x02222f50
.global data_ov152_02222fc0
.set data_ov152_02222fc0, 0x02222fc0
.global data_ov152_02222fc4
.set data_ov152_02222fc4, 0x02222fc4
    .section .data, 4, 1, 4
    .byte 0xff, 0xff, 0xff, 0xff, 0x00, 0x00, 0x00, 0x00, 0x00, 0x00, 0x00, 0x00, 0xff, 0xff, 0x00, 0x00
    .byte 0x00, 0x00, 0x00, 0x00, 0xd0, 0x02, 0x00, 0x01, 0x40, 0x03, 0x30, 0x01, 0x90, 0x02, 0x50, 0x01
    .byte 0xf0, 0x02, 0x50, 0x01, 0x60, 0x03, 0x80, 0x01, 0xff, 0xff, 0x00, 0x00, 0x03, 0x00, 0x18, 0x00
    .byte 0xd3, 0x21, 0x00, 0x00, 0xd4, 0x21, 0x00, 0x00, 0xd5, 0x21, 0x00, 0x00, 0x02, 0x00, 0x14, 0x14
    .byte 0x00, 0x00, 0x00, 0x00, 0x00, 0x00, 0xc0, 0xff, 0xc0, 0xff, 0x40, 0x00, 0x40, 0x00, 0x28, 0x01
    .byte 0x58, 0x00, 0x00, 0x00, 0x00, 0x00, 0x00, 0x00, 0xde, 0xe6, 0x21, 0x02, 0x00, 0x00, 0x00, 0x00
    .byte 0x00, 0x00, 0x00, 0x00, 0x00, 0x00, 0x00, 0x00, 0xff, 0xff, 0x00, 0x00, 0x00, 0x00, 0x00, 0x00
    .byte 0x00, 0x00, 0x00, 0x00, 0xff, 0xff, 0xff, 0xff, 0xff, 0xff, 0xff, 0xff, 0x00, 0x00, 0x03, 0x00
    .byte 0xff, 0xff, 0xff, 0xff, 0x00, 0x00, 0x04, 0x00, 0xf4, 0xd8, 0x0c, 0x00, 0x00, 0x02, 0x00, 0x00
    .byte 0x03, 0x00, 0x00, 0x00, 0x00, 0x10, 0x00, 0x00, 0x01, 0x10, 0x00, 0x00, 0x02, 0x10, 0x00, 0x00
    .byte 0x02, 0x00, 0x20, 0x04, 0x00, 0x00, 0x00, 0x00, 0x00, 0x00, 0xf0, 0xff, 0xc8, 0xff, 0x10, 0x00
    .byte 0x00, 0x00, 0x50, 0x00, 0x00, 0x02, 0x00, 0x00, 0x00, 0x00, 0x00, 0x10, 0xe5, 0x20, 0x22, 0x02
    .byte 0x00, 0x00, 0x00, 0x00, 0x00, 0x00, 0x00, 0x00, 0x00, 0x00, 0x00, 0x00, 0xff, 0xff, 0x10, 0x00
    .byte 0x00, 0x00, 0x00, 0x00, 0x00, 0x00, 0x00, 0x00, 0xff, 0xff, 0xff, 0xff, 0xff, 0xff, 0xff, 0xff
    .byte 0x00, 0x00, 0x04, 0x00, 0xff, 0xff, 0xff, 0xff, 0x00, 0x00, 0x06, 0x00, 0xf0, 0xcc, 0x10, 0x08
    .byte 0x00, 0x00, 0x00, 0x00, 0x06, 0x00, 0x00, 0x00, 0x00, 0x10, 0x00, 0x00, 0x01, 0x10, 0x00, 0x00
    .byte 0x02, 0x10, 0x00, 0x00, 0x02, 0x00, 0x0c, 0x08, 0x00, 0x00, 0x00, 0x00, 0x00, 0x00, 0xf0, 0xff
    .byte 0xcf, 0xff, 0x10, 0x00, 0x07, 0x00, 0x00, 0xfe, 0x00, 0xfe, 0x00, 0x00, 0x00, 0x00, 0x00, 0x00
    .byte 0x44, 0x2f, 0x22, 0x02, 0x00, 0x00, 0x00, 0x00, 0x00, 0x00, 0x00, 0x00, 0x00, 0x00, 0x00, 0x00
    .byte 0xff, 0xff, 0x00, 0x00, 0x00, 0x00, 0x00, 0x00, 0x00, 0x00, 0x00, 0x00, 0xff, 0xff, 0xff, 0xff
    .byte 0xff, 0xff, 0xff, 0xff, 0x00, 0x00, 0x05, 0x00, 0xff, 0xff, 0xff, 0xff, 0x00, 0x00, 0x00, 0x00
    .byte 0xf4, 0xd8, 0x0c, 0x00, 0x00, 0x00, 0x00, 0x00, 0x06, 0x00, 0x00, 0x00, 0x00, 0x10, 0x00, 0x00
    .byte 0x01, 0x10, 0x00, 0x00, 0x02, 0x10, 0x00, 0x00, 0x02, 0x00, 0x0c, 0x08, 0x00, 0x00, 0x00, 0x00
    .byte 0x00, 0x00, 0xf0, 0xff, 0xcf, 0xff, 0x10, 0x00, 0x07, 0x00, 0x00, 0xfe, 0x00, 0xfe, 0x00, 0x00
    .byte 0x00, 0x00, 0x00, 0x00, 0x58, 0x15, 0x22, 0x02, 0x00, 0x00, 0x00, 0x00, 0x00, 0x00, 0x00, 0x00
    .byte 0x00, 0x00, 0x00, 0x00, 0xff, 0xff, 0x00, 0x00, 0x00, 0x00, 0x00, 0x00, 0x00, 0x00, 0x00, 0x00
    .byte 0xff, 0xff, 0xff, 0xff, 0xff, 0xff, 0xff, 0xff, 0x00, 0x00, 0x06, 0x00, 0xff, 0xff, 0xff, 0xff
    .byte 0x00, 0x00, 0x00, 0x00, 0xf4, 0xd8, 0x0c, 0x00, 0x00, 0x00, 0x00, 0x00, 0x03, 0x00, 0x00, 0x00
    .byte 0x00, 0x10, 0x00, 0x00, 0x01, 0x10, 0x00, 0x00, 0x02, 0x10, 0x00, 0x00, 0x02, 0x00, 0x00, 0x00
    .byte 0x00, 0x00, 0x00, 0x00, 0x00, 0x00, 0xf0, 0xff, 0xcf, 0xff, 0x10, 0x00, 0x07, 0x00, 0x00, 0xfe
    .byte 0x00, 0xfe, 0x00, 0x00, 0x00, 0x00, 0x00, 0x00, 0xb5, 0x15, 0x22, 0x02, 0x00, 0x00, 0x00, 0x00
    .byte 0x00, 0x00, 0x00, 0x00, 0x00, 0x00, 0x00, 0x00, 0xff, 0xff, 0x00, 0x00, 0x00, 0x00, 0x00, 0x00
    .byte 0x00, 0x00, 0x00, 0x00, 0xff, 0xff, 0xff, 0xff, 0xff, 0xff, 0xff, 0xff, 0x00, 0x00, 0x07, 0x00
    .byte 0xff, 0xff, 0xff, 0xff, 0x00, 0x00, 0x0e, 0x00, 0xf4, 0xd8, 0x0c, 0x00, 0x00, 0x00, 0x00, 0x00
    .byte 0x08, 0x00, 0x00, 0x00, 0x00, 0x10, 0x00, 0x00, 0x01, 0x10, 0x00, 0x00, 0x02, 0x10, 0x00, 0x00
    .byte 0x02, 0x00, 0x0c, 0x08, 0x00, 0x00, 0x00, 0x00, 0x00, 0x00, 0xf0, 0xff, 0xcf, 0xff, 0x10, 0x00
    .byte 0x07, 0x00, 0x40, 0x01, 0x20, 0x01, 0x20, 0x00, 0x02, 0x00, 0x00, 0x00, 0x00, 0x00, 0x00, 0x00
    .byte 0x00, 0x00, 0x00, 0x00, 0x00, 0x00, 0x00, 0x00, 0x00, 0x00, 0x00, 0x00, 0xff, 0xff, 0x00, 0x00
    .byte 0x00, 0x00, 0x00, 0x00, 0x00, 0x00, 0x00, 0x00, 0xff, 0xff, 0xff, 0xff, 0xff, 0xff, 0xff, 0xff
    .byte 0x00, 0x00, 0xff, 0xff, 0xff, 0xff, 0xff, 0xff, 0x00, 0x00, 0x00, 0x00, 0xf4, 0xd8, 0x0c, 0x00
    .byte 0x00, 0x00, 0x00, 0x00, 0x02, 0x00, 0x7c, 0x00, 0x00, 0x10, 0x00, 0x00, 0x01, 0x10, 0x00, 0x00
    .byte 0x02, 0x10, 0x00, 0x00, 0x02, 0x00, 0x14, 0x0c, 0x00, 0x00, 0x00, 0x00, 0x00, 0x00, 0xf0, 0xff
    .byte 0xcf, 0xff, 0x10, 0x00, 0x07, 0x00, 0xd0, 0x02, 0x00, 0x01, 0x00, 0x00, 0x08, 0x02, 0x01, 0x00
    .byte 0x00, 0x00, 0x00, 0x00, 0x00, 0x02, 0x00, 0x00, 0x34, 0xd7, 0x21, 0x02, 0x00, 0x00, 0x00, 0x00
    .byte 0xff, 0xff, 0x00, 0x00, 0x00, 0x00, 0x00, 0x00, 0x00, 0x00, 0x00, 0x00, 0xff, 0xff, 0xff, 0xff
    .byte 0xff, 0xff, 0xff, 0xff, 0x00, 0x00, 0xff, 0xff, 0x01, 0x00, 0x00, 0x00, 0x00, 0x00, 0x00, 0x00
    .byte 0xf4, 0xd8, 0x0c, 0x00, 0x00, 0x00, 0x00, 0x00, 0x02, 0x00, 0x7d, 0x00, 0x00, 0x10, 0x00, 0x00
    .byte 0x01, 0x10, 0x00, 0x00, 0x02, 0x10, 0x00, 0x00, 0x02, 0x00, 0x14, 0x0c, 0x00, 0x00, 0x00, 0x00
    .byte 0x00, 0x00, 0xf0, 0xff, 0xcf, 0xff, 0x10, 0x00, 0x07, 0x00, 0xd0, 0x02, 0x00, 0x01, 0x00, 0x00
    .byte 0x08, 0x02, 0x00, 0x00, 0x00, 0x00, 0x00, 0x00, 0x00, 0x02, 0x00, 0x00, 0x00, 0x00, 0x00, 0x00
    .byte 0x00, 0x00, 0x00, 0x00, 0xff, 0xff, 0x00, 0x00, 0x00, 0x00, 0x00, 0x00, 0x00, 0x00, 0x00, 0x00
    .byte 0xff, 0xff, 0xff, 0xff, 0xff, 0xff, 0xff, 0xff, 0x00, 0x00, 0xff, 0xff, 0x01, 0x00, 0x00, 0x00
    .byte 0x00, 0x00, 0x00, 0x00, 0xf4, 0xd8, 0x0c, 0x00, 0x00, 0x00, 0x00, 0x00, 0x02, 0x00, 0x7c, 0x00
    .byte 0x00, 0x10, 0x00, 0x00, 0x01, 0x10, 0x00, 0x00, 0x02, 0x10, 0x00, 0x00, 0x02, 0x00, 0x14, 0x0c
    .byte 0x00, 0x00, 0x00, 0x00, 0x00, 0x00, 0xf0, 0xff, 0xcf, 0xff, 0x10, 0x00, 0x07, 0x00, 0x60, 0x03
    .byte 0x80, 0x01, 0x00, 0x00, 0x08, 0x02, 0x01, 0x00, 0x00, 0x00, 0x00, 0x00, 0x00, 0x02, 0x00, 0x00
    .byte 0x34, 0xd7, 0x21, 0x02, 0x00, 0x00, 0x00, 0x00, 0xff, 0xff, 0x00, 0x00, 0x00, 0x00, 0x00, 0x00
    .byte 0x00, 0x00, 0x00, 0x00, 0xff, 0xff, 0xff, 0xff, 0xff, 0xff, 0xff, 0xff, 0x00, 0x00, 0xff, 0xff
    .byte 0x01, 0x00, 0x00, 0x00, 0x00, 0x00, 0x00, 0x00, 0xf4, 0xd8, 0x0c, 0x00, 0x00, 0x00, 0x00, 0x00
    .byte 0x02, 0x00, 0x7d, 0x00, 0x00, 0x10, 0x00, 0x00, 0x01, 0x10, 0x00, 0x00, 0x02, 0x10, 0x00, 0x00
    .byte 0x02, 0x00, 0x14, 0x0c, 0x00, 0x00, 0x00, 0x00, 0x00, 0x00, 0xf0, 0xff, 0xcf, 0xff, 0x10, 0x00
    .byte 0x07, 0x00, 0x60, 0x03, 0x80, 0x01, 0x00, 0x00, 0x08, 0x02, 0x00, 0x00, 0x00, 0x00, 0x00, 0x00
    .byte 0x00, 0x02, 0x00, 0x00, 0x00, 0x00, 0x00, 0x00, 0x00, 0x00, 0x00, 0x00, 0xff, 0xff, 0x00, 0x00
    .byte 0x00, 0x00, 0x00, 0x00, 0x00, 0x00, 0x00, 0x00, 0xff, 0xff, 0xff, 0xff, 0xff, 0xff, 0xff, 0xff
    .byte 0x00, 0x00, 0xff, 0xff, 0x01, 0x00, 0x00, 0x00, 0x00, 0x00, 0x00, 0x00, 0xf4, 0xd8, 0x0c, 0x00
    .byte 0x00, 0x00, 0x00, 0x00, 0x02, 0x00, 0x14, 0x00, 0x00, 0x10, 0x00, 0x00, 0x01, 0x10, 0x00, 0x00
    .byte 0x02, 0x10, 0x00, 0x00, 0x02, 0x00, 0x12, 0x12, 0x00, 0x00, 0x00, 0x00, 0x00, 0x00, 0xf0, 0xff
    .byte 0xe4, 0xff, 0x10, 0x00, 0x04, 0x00, 0x10, 0x02, 0xf0, 0x00, 0x20, 0x00, 0x08, 0x02, 0x01, 0x00
    .byte 0x00, 0x00, 0x00, 0x00, 0x00, 0x02, 0x00, 0x00, 0x00, 0x00, 0x00, 0x00, 0x00, 0x00, 0x00, 0x00
    .byte 0xff, 0xff, 0x00, 0x00, 0x00, 0x00, 0x00, 0x00, 0x00, 0x00, 0x00, 0x00, 0xff, 0xff, 0xff, 0xff
    .byte 0xff, 0xff, 0xff, 0xff, 0x00, 0x00, 0xff, 0xff, 0x01, 0x00, 0x00, 0x00, 0x00, 0x00, 0x00, 0x00
    .byte 0xf4, 0xd8, 0x0c, 0x00, 0x00, 0x00, 0x00, 0x00, 0x02, 0x00, 0x14, 0x00, 0x00, 0x10, 0x00, 0x00
    .byte 0x01, 0x10, 0x00, 0x00, 0x02, 0x10, 0x00, 0x00, 0x02, 0x00, 0x12, 0x12, 0x00, 0x00, 0x00, 0x00
    .byte 0x00, 0x00, 0xf0, 0xff, 0xe4, 0xff, 0x10, 0x00, 0x04, 0x00, 0xc0, 0x01, 0x40, 0x01, 0x20, 0x00
    .byte 0x08, 0x02, 0x01, 0x00, 0x00, 0x00, 0x00, 0x00, 0x00, 0x02, 0x00, 0x00, 0x00, 0x00, 0x00, 0x00
    .byte 0x00, 0x00, 0x00, 0x00, 0xff, 0xff, 0x00, 0x00, 0x00, 0x00, 0x00, 0x00, 0x00, 0x00, 0x00, 0x00
    .byte 0xff, 0xff, 0xff, 0xff, 0xff, 0xff, 0xff, 0xff, 0x00, 0x00, 0xff, 0xff, 0x01, 0x00, 0x00, 0x00
    .byte 0x00, 0x00, 0x00, 0x00, 0xf4, 0xd8, 0x0c, 0x00, 0x00, 0x00, 0x00, 0x00, 0x02, 0x00, 0x14, 0x00
    .byte 0x00, 0x10, 0x00, 0x00, 0x01, 0x10, 0x00, 0x00, 0x02, 0x10, 0x00, 0x00, 0x02, 0x00, 0x12, 0x12
    .byte 0x00, 0x00, 0x00, 0x00, 0x00, 0x00, 0xf0, 0xff, 0xe4, 0xff, 0x10, 0x00, 0x04, 0x00, 0x50, 0x01
    .byte 0x80, 0x01, 0x20, 0x00, 0x08, 0x02, 0x01, 0x00, 0x00, 0x00, 0x00, 0x00, 0x00, 0x02, 0x00, 0x00
    .byte 0x00, 0x00, 0x00, 0x00, 0x00, 0x00, 0x00, 0x00, 0xff, 0xff, 0x00, 0x00, 0x00, 0x00, 0x00, 0x00
    .byte 0x00, 0x00, 0x00, 0x00, 0xff, 0xff, 0xff, 0xff, 0xff, 0xff, 0xff, 0xff, 0x00, 0x00, 0xff, 0xff
    .byte 0x01, 0x00, 0x00, 0x00, 0x00, 0x00, 0x00, 0x00, 0xf4, 0xd8, 0x0c, 0x00, 0x00, 0x00, 0x00, 0x00
    .byte 0x02, 0x00, 0x69, 0x00, 0x00, 0x10, 0x00, 0x00, 0x01, 0x10, 0x00, 0x00, 0x02, 0x10, 0x00, 0x00
    .byte 0x02, 0x00, 0x12, 0x08, 0x00, 0x00, 0x00, 0x00, 0x00, 0x00, 0xf0, 0xff, 0xcf, 0xff, 0x10, 0x00
    .byte 0x07, 0x00, 0x10, 0x02, 0xf0, 0x00, 0x20, 0x00, 0x08, 0x02, 0x00, 0x00, 0x00, 0x00, 0x00, 0x00
    .byte 0x00, 0x02, 0x00, 0x00, 0x00, 0x00, 0x00, 0x00, 0x00, 0x00, 0x00, 0x00, 0xff, 0xff, 0x00, 0x00
    .byte 0x00, 0x00, 0x00, 0x00, 0x00, 0x00, 0x00, 0x00, 0x2c, 0x01, 0x00, 0x00, 0xff, 0xff, 0xff, 0xff
    .byte 0x00, 0x00, 0xff, 0xff, 0x01, 0x00, 0x00, 0x00, 0x00, 0x00, 0x00, 0x00, 0xf4, 0xd8, 0x0c, 0x00
    .byte 0x00, 0x00, 0x00, 0x00, 0x03, 0x00, 0x00, 0x00, 0x2b, 0x15, 0x00, 0x00, 0x29, 0x15, 0x00, 0x00
    .byte 0x2c, 0x15, 0x00, 0x00, 0x02, 0x00, 0x18, 0x10, 0x00, 0x00, 0x00, 0x00, 0x00, 0x00, 0xd8, 0xff
    .byte 0xd8, 0xff, 0x20, 0x00, 0x20, 0x00, 0x88, 0x02, 0x2b, 0x01, 0x00, 0x00, 0x01, 0x00, 0x00, 0x00
    .byte 0x50, 0x00, 0x22, 0x02, 0x00, 0x00, 0x00, 0x00, 0x00, 0x00, 0x00, 0x00, 0x00, 0x00, 0x00, 0x00
    .byte 0xff, 0xff, 0x18, 0x00, 0x00, 0x00, 0x00, 0x00, 0x00, 0x00, 0x00, 0x00, 0xff, 0xff, 0xff, 0xff
    .byte 0xff, 0xff, 0xff, 0xff, 0x00, 0x00, 0x11, 0x00, 0xff, 0xff, 0xff, 0xff, 0x00, 0x00, 0x04, 0x00
    .byte 0xf4, 0xd3, 0x0c, 0x00, 0x00, 0x00, 0x00, 0x00, 0x03, 0x00, 0x00, 0x00, 0xe1, 0x20, 0x00, 0x00
    .byte 0xe2, 0x20, 0x00, 0x00, 0xe3, 0x20, 0x00, 0x00, 0x01, 0x00, 0x20, 0x20, 0x00, 0x00, 0x00, 0x00
    .byte 0x00, 0x00, 0xe8, 0xff, 0xdc, 0xff, 0x18, 0x00, 0x18, 0x00, 0x10, 0x03, 0xc0, 0x00, 0x00, 0x00
    .byte 0x00, 0x00, 0x00, 0x00, 0x40, 0x15, 0x22, 0x02, 0x00, 0x00, 0x00, 0x00, 0x00, 0x00, 0x00, 0x00
    .byte 0x00, 0x00, 0x00, 0x00, 0xff, 0xff, 0x00, 0x00, 0x00, 0x00, 0x00, 0x00, 0x00, 0x00, 0x00, 0x00
    .byte 0xff, 0xff, 0xff, 0xff, 0xff, 0xff, 0xff, 0xff, 0x00, 0x00, 0x12, 0x00, 0xff, 0xff, 0xff, 0xff
    .byte 0x00, 0x00, 0x00, 0x00, 0xf4, 0xd8, 0x0c, 0x00, 0x00, 0x00, 0x00, 0x00, 0x03, 0x00, 0x00, 0x00
    .byte 0x00, 0x10, 0x00, 0x00, 0x01, 0x10, 0x00, 0x00, 0x02, 0x10, 0x00, 0x00, 0x02, 0x00, 0x0c, 0x08
    .byte 0x00, 0x00, 0x00, 0x00, 0x00, 0x00, 0xf0, 0xff, 0xcf, 0xff, 0x10, 0x00, 0x07, 0x00, 0xd0, 0x02
    .byte 0x00, 0x01, 0x00, 0x00, 0x10, 0x00, 0x00, 0x10, 0x18, 0x01, 0x22, 0x02, 0x00, 0x00, 0x00, 0x00
    .byte 0x00, 0x00, 0x00, 0x00, 0x00, 0x00, 0x00, 0x00, 0xff, 0xff, 0x00, 0x00, 0x00, 0x00, 0x00, 0x00
    .byte 0x00, 0x00, 0x00, 0x00, 0xff, 0xff, 0xff, 0xff, 0xff, 0xff, 0xff, 0xff, 0xff, 0xff, 0x13, 0x00
    .byte 0xff, 0xff, 0xff, 0xff, 0x00, 0x00, 0x00, 0x00, 0xf4, 0xd8, 0x0c, 0x00, 0x00, 0x00, 0x00, 0x00
    .byte 0x03, 0x00, 0x00, 0x00, 0x00, 0x10, 0x00, 0x00, 0x01, 0x10, 0x00, 0x00, 0x02, 0x10, 0x00, 0x00
    .byte 0x02, 0x00, 0x00, 0x00, 0x00, 0x00, 0x00, 0x00, 0x00, 0x00, 0xf0, 0xff, 0xcf, 0xff, 0x10, 0x00
    .byte 0x07, 0x00, 0xf6, 0xff, 0xf6, 0xff, 0x00, 0x00, 0x06, 0x00, 0x00, 0x10, 0x13, 0x08, 0x22, 0x02
    .byte 0x00, 0x00, 0x00, 0x00, 0x00, 0x00, 0x00, 0x00, 0x00, 0x00, 0x00, 0x00, 0xff, 0xff, 0x00, 0x00
    .byte 0x00, 0x00, 0x00, 0x00, 0x00, 0x00, 0x00, 0x00, 0xff, 0xff, 0xff, 0xff, 0xff, 0xff, 0xff, 0xff
    .byte 0x00, 0x00, 0x14, 0x00, 0xff, 0xff, 0xff, 0xff, 0x00, 0x00, 0x00, 0x00, 0xf4, 0xd8, 0x0c, 0x00
    .byte 0x00, 0x00, 0x00, 0x00, 0x03, 0x00, 0x00, 0x00, 0x00, 0x10, 0x00, 0x00, 0x01, 0x10, 0x00, 0x00
    .byte 0x02, 0x10, 0x00, 0x00, 0x02, 0x00, 0x00, 0x00, 0x00, 0x00, 0x00, 0x00, 0x00, 0x00, 0xe8, 0xff
    .byte 0xc0, 0xff, 0x18, 0x00, 0x00, 0x00, 0x00, 0xfe, 0x00, 0xfe, 0x00, 0x00, 0x00, 0x00, 0x00, 0x12
    .byte 0x16, 0x08, 0x22, 0x02, 0x00, 0x00, 0x00, 0x00, 0x00, 0x00, 0x00, 0x00, 0x00, 0x00, 0x00, 0x00
    .byte 0xff, 0xff, 0x00, 0x00, 0x00, 0x00, 0x00, 0x00, 0x00, 0x00, 0x00, 0x00, 0xff, 0xff, 0xff, 0xff
    .byte 0xff, 0xff, 0xff, 0xff, 0x00, 0x00, 0x15, 0x00, 0xff, 0xff, 0xff, 0xff, 0x00, 0x00, 0x1f, 0x00
    .byte 0xf0, 0xd0, 0x10, 0x00, 0x00, 0x00, 0x00, 0x00, 0x00, 0x00, 0x00, 0x00, 0x00, 0x00, 0x00, 0x00
    .byte 0x00, 0x00, 0x00, 0x00, 0x00, 0x00, 0x00, 0x00, 0x00, 0x00, 0x00, 0x00, 0x00, 0x00, 0x00, 0x00
    .byte 0x00, 0x00, 0x00, 0x00, 0x00, 0x00, 0x00, 0x00, 0x00, 0x00, 0x00, 0x00, 0x00, 0x00, 0x00, 0x00
    .byte 0x00, 0x00, 0x00, 0x00, 0x00, 0x00, 0x00, 0x00, 0x00, 0x00, 0x00, 0x00, 0x00, 0x00, 0x00, 0x00
    .byte 0x00, 0x00, 0x00, 0x00, 0x00, 0x00, 0x00, 0x00, 0x00, 0x00, 0x00, 0x00, 0x00, 0x00, 0x00, 0x00
    .byte 0x00, 0x00, 0x00, 0x00, 0x00, 0x00, 0x00, 0x00, 0x00, 0x00, 0x00, 0x00, 0x00, 0x00, 0x00, 0x00
    .byte 0x00, 0x00, 0x00, 0x00, 0x00, 0x00, 0x00, 0x00, 0x00, 0x00, 0x00, 0x00, 0x2c, 0x62, 0x10, 0x00
    .byte 0x00, 0x2c, 0x01, 0x10, 0x00, 0x00, 0x2c, 0x63, 0x10, 0x00, 0x00, 0x2c, 0x02, 0x00, 0x00, 0x00
    .byte 0x2c, 0x10, 0x00, 0x00, 0x00, 0x15, 0x73, 0x20, 0x00, 0x00, 0x15, 0x55, 0x20, 0x00, 0x00, 0x2c
    .byte 0x61, 0x00, 0x00, 0x00, 0x15, 0xe0, 0x2c, 0x3c, 0x00, 0x00, 0x00, 0x15, 0x07, 0x15, 0x08, 0x00
    .byte 0x15, 0x28, 0x2c, 0x00, 0x10, 0x00, 0x00, 0x2c, 0x01, 0x10, 0x00, 0x00, 0x2c, 0x02, 0x10, 0x00
    .byte 0x00, 0x2c, 0x02, 0x00, 0x00, 0x00, 0x20, 0x00, 0x00, 0x15, 0x73, 0x2c, 0x01, 0x00, 0x00, 0x00
    .byte 0x15, 0x25, 0x2c, 0x12, 0x00, 0x00, 0x00, 0x20, 0x00, 0x00, 0x15, 0x32, 0x2d, 0x58, 0x2c, 0x07
    .byte 0x00, 0x00, 0x00, 0x15, 0x47, 0x18, 0x70, 0x17, 0x00, 0x2d, 0x58, 0x2c, 0x08, 0x00, 0x00, 0x00
    .byte 0x15, 0x47, 0x18, 0x70, 0x17, 0x00, 0x15, 0x1e, 0x18, 0x70, 0x17, 0x00, 0x15, 0x75, 0x20, 0x00
    .byte 0x00, 0x15, 0x06, 0x00, 0x15, 0xa2, 0x00, 0x2c, 0x01, 0x00, 0x00, 0x00, 0x15, 0x09, 0x00, 0x20
    .byte 0x00, 0x00, 0x15, 0x09, 0x00, 0x15, 0x0d, 0x00, 0x00, 0x20, 0x00, 0x00, 0x15, 0x17, 0x00, 0x2c
    .byte 0x01, 0x00, 0x00, 0x00, 0x15, 0x25, 0x00, 0x20, 0x00, 0x00, 0x15, 0x25, 0x00, 0x20, 0x00, 0x00
    .byte 0x20, 0x00, 0x00, 0x20, 0x00, 0x00, 0x15, 0x02, 0x20, 0x00, 0x00, 0x15, 0x3d, 0x20, 0x00, 0x00
    .byte 0x15, 0x09, 0x00, 0x20, 0x00, 0x00, 0x15, 0x18, 0x20, 0x00, 0x00, 0x15, 0x19, 0x20, 0x00, 0x00
    .byte 0x15, 0x09, 0x00, 0x2c, 0x0c, 0xfe, 0xff, 0xff, 0x2c, 0x0c, 0xfe, 0xff, 0xff, 0x20, 0x00, 0x00
    .byte 0x15, 0x02, 0x20, 0x00, 0x00, 0x15, 0x09, 0x00, 0x15, 0x2c, 0x00, 0x20, 0x00, 0x00, 0x15, 0x17
    .byte 0x2c, 0x00, 0x10, 0x00, 0x00, 0x2c, 0x01, 0x10, 0x00, 0x00, 0x2c, 0x02, 0x10, 0x00, 0x00, 0x2c
    .byte 0x02, 0x00, 0x00, 0x00, 0x20, 0x00, 0x00, 0x15, 0x73, 0x2c, 0x01, 0x00, 0x00, 0x00, 0x15, 0x09
    .byte 0x20, 0x00, 0x00, 0x15, 0x75, 0x00, 0x2c, 0x06, 0x00, 0x00, 0x00, 0x20, 0x00, 0x00, 0x20, 0x00
    .byte 0x00, 0x20, 0x00, 0x00, 0x15, 0xcd, 0x00, 0x22, 0x2c, 0x15, 0x00, 0x00, 0x00, 0x2c, 0x9e, 0x00
    .byte 0x00, 0x00, 0x2c, 0x7f, 0x00, 0x00, 0x00, 0x15, 0x0a, 0x2c, 0x03, 0x10, 0x00, 0x00, 0x2c, 0x01
    .byte 0x10, 0x00, 0x00, 0x2c, 0x04, 0x10, 0x00, 0x00, 0x2c, 0x02, 0x00, 0x00, 0x00, 0x2c, 0x18, 0x00
    .byte 0x00, 0x00, 0x15, 0x73, 0x2c, 0x00, 0x01, 0x00, 0x00, 0x15, 0x17, 0x2c, 0x01, 0x00, 0x00, 0x00
    .byte 0x15, 0x06, 0x2c, 0x01, 0x00, 0x00, 0x00, 0x15, 0x09, 0x2c, 0x13, 0x00, 0x00, 0x00, 0x20, 0x00
    .byte 0x00, 0x20, 0x00, 0x00, 0x2c, 0x30, 0x00, 0x00, 0x00, 0x20, 0x00, 0x00, 0x20, 0x00, 0x00, 0x20
    .byte 0x00, 0x00, 0x15, 0x53, 0x15, 0x46, 0x15, 0x8b, 0x18, 0x70, 0x32, 0x00, 0x00, 0x00, 0x00, 0x00
    .byte 0x13, 0xba, 0xe0, 0x21, 0x02, 0x01, 0xa6, 0xe0, 0x21, 0x02, 0x2c, 0x93, 0x00, 0x00, 0x00, 0x2c
    .byte 0x01, 0x00, 0x00, 0x00, 0x20, 0x00, 0x00, 0x20, 0x00, 0x00, 0x15, 0xb8, 0x15, 0x5a, 0x20, 0x00
    .byte 0x00, 0x15, 0x75, 0x2c, 0x85, 0x03, 0x00, 0x00, 0x15, 0x36, 0x2c, 0x2b, 0x00, 0x00, 0x00, 0x15
    .byte 0x05, 0x2c, 0x01, 0x00, 0x00, 0x00, 0x15, 0x06, 0x2c, 0x5a, 0x00, 0x00, 0x00, 0x15, 0x07, 0x15
    .byte 0x08, 0x2c, 0xe0, 0x03, 0x00, 0x00, 0x15, 0x37, 0x18, 0x70, 0x32, 0x00, 0x00, 0x00, 0x00, 0x00
    .byte 0x14, 0x0a, 0xe1, 0x21, 0x02, 0x01, 0xf1, 0xe0, 0x21, 0x02, 0x00, 0x20, 0x00, 0x00, 0x15, 0x75
    .byte 0x2c, 0x00, 0x01, 0x00, 0x00, 0x15, 0x17, 0x2c, 0x0f, 0x10, 0x00, 0x00, 0x2c, 0x01, 0x10, 0x00
    .byte 0x00, 0x2c, 0x10, 0x10, 0x00, 0x00, 0x2c, 0x02, 0x00, 0x00, 0x00, 0x2c, 0x21, 0x00, 0x00, 0x00
    .byte 0x15, 0x73, 0x15, 0x16, 0x15, 0x46, 0x29, 0x00, 0x66, 0x32, 0x00, 0x01, 0x00, 0x00, 0x00, 0x13
    .byte 0x52, 0xe1, 0x21, 0x02, 0x29, 0x00, 0x66, 0x32, 0x00, 0x08, 0x00, 0x00, 0x00, 0x14, 0xd7, 0xe1
    .byte 0x21, 0x02, 0x2c, 0x03, 0x00, 0x00, 0x00, 0x38, 0x00, 0x20, 0x00, 0x00, 0x20, 0x00, 0x00, 0x20
    .byte 0x00, 0x00, 0x20, 0x00, 0x00, 0x20, 0x00, 0x00, 0x15, 0x53, 0x2c, 0x01, 0x00, 0x00, 0x00, 0x38
    .byte 0x00, 0x15, 0x85, 0x37, 0x00, 0x00, 0x32, 0x00, 0x01, 0x00, 0x00, 0x00, 0x14, 0xac, 0xe1, 0x21
    .byte 0x02, 0x15, 0x8b, 0x18, 0x70, 0x32, 0x00, 0x00, 0x00, 0x00, 0x00, 0x13, 0x95, 0xe1, 0x21, 0x02
    .byte 0x01, 0x81, 0xe1, 0x21, 0x02, 0x2c, 0x20, 0x03, 0x00, 0x00, 0x2c, 0x01, 0x00, 0x00, 0x00, 0x20
    .byte 0x00, 0x00, 0x20, 0x00, 0x00, 0x15, 0xb8, 0x25, 0xd2, 0xe1, 0x21, 0x02, 0x15, 0x8b, 0x18, 0x70
    .byte 0x32, 0x00, 0x00, 0x00, 0x00, 0x00, 0x13, 0xc0, 0xe1, 0x21, 0x02, 0x01, 0xac, 0xe1, 0x21, 0x02
    .byte 0x2c, 0xe1, 0x02, 0x00, 0x00, 0x2c, 0x01, 0x00, 0x00, 0x00, 0x20, 0x00, 0x00, 0x20, 0x00, 0x00
    .byte 0x15, 0xb8, 0x25, 0x3a, 0xe3, 0x21, 0x02, 0x29, 0x00, 0x66, 0x32, 0x00, 0x03, 0x00, 0x00, 0x00
    .byte 0x13, 0xf3, 0xe1, 0x21, 0x02, 0x29, 0x00, 0x66, 0x32, 0x00, 0x09, 0x00, 0x00, 0x00, 0x14, 0x37
    .byte 0xe2, 0x21, 0x02, 0x2c, 0x04, 0x00, 0x00, 0x00, 0x2c, 0x03, 0x00, 0x00, 0x00, 0x2d, 0xd9, 0x2d
    .byte 0x63, 0x20, 0x00, 0x00, 0x20, 0x00, 0x00, 0x20, 0x00, 0x00, 0x15, 0x53, 0x15, 0x8b, 0x18, 0x70
    .byte 0x32, 0x00, 0x00, 0x00, 0x00, 0x00, 0x13, 0x20, 0xe2, 0x21, 0x02, 0x01, 0x0c, 0xe2, 0x21, 0x02
    .byte 0x2c, 0x01, 0x00, 0x00, 0x00, 0x2c, 0x01, 0x00, 0x00, 0x00, 0x20, 0x00, 0x00, 0x20, 0x00, 0x00
    .byte 0x15, 0xb8, 0x25, 0x3a, 0xe3, 0x21, 0x02, 0x29, 0x00, 0x66, 0x32, 0x00, 0x04, 0x00, 0x00, 0x00
    .byte 0x14, 0x92, 0xe2, 0x21, 0x02, 0x2c, 0x04, 0x00, 0x00, 0x00, 0x2c, 0x03, 0x00, 0x00, 0x00, 0x2c
    .byte 0x3d, 0x00, 0x00, 0x00, 0x2d, 0x63, 0x20, 0x00, 0x00, 0x20, 0x00, 0x00, 0x20, 0x00, 0x00, 0x15
    .byte 0x53, 0x29, 0x00, 0xd9, 0x26, 0x00, 0xc0, 0x15, 0x8b, 0x18, 0x70, 0x32, 0x00, 0x00, 0x00, 0x00
    .byte 0x00, 0x13, 0x7b, 0xe2, 0x21, 0x02, 0x01, 0x67, 0xe2, 0x21, 0x02, 0x2c, 0x02, 0x00, 0x00, 0x00
    .byte 0x2c, 0x01, 0x00, 0x00, 0x00, 0x20, 0x00, 0x00, 0x20, 0x00, 0x00, 0x15, 0xb8, 0x25, 0x3a, 0xe3
    .byte 0x21, 0x02, 0x29, 0x00, 0x66, 0x32, 0x00, 0x0a, 0x00, 0x00, 0x00, 0x14, 0x00, 0xe3, 0x21, 0x02
    .byte 0x29, 0x00, 0xd9, 0x26, 0x00, 0xbe, 0x15, 0x8b, 0x18, 0x70, 0x32, 0x00, 0x00, 0x00, 0x00, 0x00
    .byte 0x13, 0xba, 0xe2, 0x21, 0x02, 0x01, 0xa6, 0xe2, 0x21, 0x02, 0x2c, 0x46, 0x00, 0x00, 0x00, 0x2c
    .byte 0x01, 0x00, 0x00, 0x00, 0x20, 0x00, 0x00, 0x20, 0x00, 0x00, 0x15, 0xb8, 0x15, 0x5a, 0x2c, 0x97
    .byte 0x03, 0x00, 0x00, 0x15, 0x37, 0x18, 0x70, 0x32, 0x00, 0x00, 0x00, 0x00, 0x00, 0x14, 0xf3, 0xe2
    .byte 0x21, 0x02, 0x2c, 0xb4, 0x03, 0x00, 0x00, 0x15, 0x35, 0x2c, 0x08, 0x00, 0x00, 0x00, 0x20, 0x00
    .byte 0x00, 0x15, 0x78, 0x2c, 0x97, 0x03, 0x00, 0x00, 0x15, 0x35, 0x00, 0x25, 0x3a, 0xe3, 0x21, 0x02
    .byte 0x29, 0x00, 0x66, 0x32, 0x00, 0x0b, 0x00, 0x00, 0x00, 0x14, 0x3a, 0xe3, 0x21, 0x02, 0x29, 0x00
    .byte 0xd9, 0x26, 0x00, 0xbe, 0x15, 0x8b, 0x18, 0x70, 0x32, 0x00, 0x00, 0x00, 0x00, 0x00, 0x13, 0x28
    .byte 0xe3, 0x21, 0x02, 0x01, 0x14, 0xe3, 0x21, 0x02, 0x2c, 0x57, 0x02, 0x00, 0x00, 0x2c, 0x01, 0x00
    .byte 0x00, 0x00, 0x20, 0x00, 0x00, 0x20, 0x00, 0x00, 0x15, 0xb8, 0x15, 0x5a, 0x00, 0x20, 0x00, 0x00
    .byte 0x2c, 0x5f, 0xe3, 0x21, 0x02, 0x15, 0x39, 0x20, 0x00, 0x00, 0x15, 0x42, 0x18, 0x70, 0x32, 0x00
    .byte 0x00, 0x00, 0x00, 0x00, 0x14, 0x5e, 0xe3, 0x21, 0x02, 0x01, 0x47, 0xe3, 0x21, 0x02, 0x22, 0x2c
    .byte 0x15, 0x00, 0x00, 0x00, 0x2c, 0x9d, 0x00, 0x00, 0x00, 0x2c, 0x7f, 0x00, 0x00, 0x00, 0x15, 0x0a
    .byte 0x2c, 0x00, 0x01, 0x00, 0x00, 0x15, 0x17, 0x2c, 0x0f, 0x10, 0x00, 0x00, 0x2c, 0x01, 0x10, 0x00
    .byte 0x00, 0x2c, 0x10, 0x10, 0x00, 0x00, 0x2c, 0x02, 0x00, 0x00, 0x00, 0x2c, 0x21, 0x00, 0x00, 0x00
    .byte 0x15, 0x73, 0x2c, 0x21, 0x00, 0x00, 0x00, 0x15, 0x05, 0x15, 0x16, 0x00, 0x20, 0x00, 0x00, 0x2c
    .byte 0xbe, 0xe3, 0x21, 0x02, 0x15, 0x39, 0x20, 0x00, 0x00, 0x15, 0x42, 0x18, 0x70, 0x32, 0x00, 0x00
    .byte 0x00, 0x00, 0x00, 0x14, 0xbd, 0xe3, 0x21, 0x02, 0x01, 0xa6, 0xe3, 0x21, 0x02, 0x22, 0x2c, 0x15
    .byte 0x00, 0x00, 0x00, 0x2c, 0x9c, 0x00, 0x00, 0x00, 0x2c, 0x7f, 0x00, 0x00, 0x00, 0x15, 0x0a, 0x2c
    .byte 0x00, 0x01, 0x00, 0x00, 0x15, 0x17, 0x2c, 0x0f, 0x10, 0x00, 0x00, 0x2c, 0x01, 0x10, 0x00, 0x00
    .byte 0x2c, 0x10, 0x10, 0x00, 0x00, 0x2c, 0x02, 0x00, 0x00, 0x00, 0x2c, 0x21, 0x00, 0x00, 0x00, 0x15
    .byte 0x73, 0x2c, 0x21, 0x00, 0x00, 0x00, 0x15, 0x05, 0x15, 0x16, 0x00, 0x2c, 0x00, 0x10, 0x00, 0x00
    .byte 0x2c, 0x01, 0x10, 0x00, 0x00, 0x2c, 0x02, 0x10, 0x00, 0x00, 0x2c, 0x02, 0x00, 0x00, 0x00, 0x20
    .byte 0x00, 0x00, 0x15, 0x73, 0x2c, 0x01, 0x00, 0x00, 0x00, 0x15, 0x25, 0x2c, 0x12, 0x00, 0x00, 0x00
    .byte 0x20, 0x00, 0x00, 0x15, 0x32, 0x2d, 0xd2, 0x2c, 0x07, 0x00, 0x00, 0x00, 0x15, 0x47, 0x18, 0x70
    .byte 0x17, 0x00, 0x2d, 0xd2, 0x2c, 0x08, 0x00, 0x00, 0x00, 0x15, 0x47, 0x18, 0x70, 0x17, 0x00, 0x15
    .byte 0x1e, 0x18, 0x70, 0x17, 0x00, 0x15, 0x75, 0x20, 0x00, 0x00, 0x15, 0x06, 0x00, 0x2c, 0x01, 0x00
    .byte 0x00, 0x00, 0x15, 0x09, 0x2c, 0x00, 0x10, 0x00, 0x00, 0x2c, 0x01, 0x10, 0x00, 0x00, 0x2c, 0x02
    .byte 0x10, 0x00, 0x00, 0x2c, 0x02, 0x00, 0x00, 0x00, 0x20, 0x00, 0x00, 0x15, 0x73, 0x20, 0x00, 0x00
    .byte 0x15, 0x75, 0x00, 0x2c, 0x00, 0x10, 0x00, 0x00, 0x2c, 0x01, 0x10, 0x00, 0x00, 0x2c, 0x02, 0x10
    .byte 0x00, 0x00, 0x2c, 0x02, 0x00, 0x00, 0x00, 0x20, 0x00, 0x00, 0x15, 0x73, 0x2c, 0x12, 0x00, 0x00
    .byte 0x00, 0x2c, 0x08, 0x00, 0x00, 0x00, 0x15, 0x32, 0x2d, 0x02, 0x2c, 0x07, 0x00, 0x00, 0x00, 0x15
    .byte 0x47, 0x18, 0x70, 0x17, 0x00, 0x2d, 0x02, 0x2c, 0x08, 0x00, 0x00, 0x00, 0x15, 0x47, 0x18, 0x70
    .byte 0x17, 0x00, 0x15, 0x1e, 0x18, 0x70, 0x17, 0x00, 0x15, 0x75, 0x20, 0x00, 0x00, 0x15, 0x06, 0x2c
    .byte 0x01, 0x00, 0x00, 0x00, 0x15, 0x07, 0x15, 0x08, 0x25, 0x98, 0xe4, 0x21, 0x02, 0x00, 0x2c, 0x00
    .byte 0x10, 0x00, 0x00, 0x2c, 0x01, 0x10, 0x00, 0x00, 0x2c, 0x02, 0x10, 0x00, 0x00, 0x2c, 0x02, 0x00
    .byte 0x00, 0x00, 0x2c, 0x1e, 0x00, 0x00, 0x00, 0x15, 0x73, 0x2c, 0x01, 0x00, 0x00, 0x00, 0x15, 0x06
    .byte 0x2c, 0x3c, 0x00, 0x00, 0x00, 0x15, 0x07, 0x15, 0x08, 0x00, 0x2c, 0x0b, 0x10, 0x00, 0x00, 0x2c
    .byte 0x01, 0x10, 0x00, 0x00, 0x2c, 0x0c, 0x10, 0x00, 0x00, 0x2c, 0x02, 0x00, 0x00, 0x00, 0x03, 0x00
    .byte 0x08, 0x00, 0x00, 0x00, 0x29, 0x01, 0xff, 0x04, 0x10, 0x17, 0x00, 0x15, 0x73, 0x00, 0x2c, 0x0d
    .byte 0x00, 0x00, 0x00, 0x20, 0x00, 0x00, 0x2c, 0xff, 0xff, 0xff, 0xff, 0x2c, 0xff, 0xff, 0xff, 0xff
    .byte 0x2c, 0xff, 0xff, 0xff, 0xff, 0x15, 0xdc, 0x29, 0x00, 0xfd, 0x32, 0x00, 0x00, 0x00, 0x00, 0x00
    .byte 0x14, 0x61, 0xe5, 0x21, 0x02, 0x2c, 0x03, 0x00, 0x00, 0x00, 0x2c, 0x68, 0x00, 0x00, 0x00, 0x15
    .byte 0xef, 0x03, 0x00, 0x02, 0x00, 0x00, 0x00, 0x26, 0x00, 0x5a, 0x2c, 0x64, 0x00, 0x00, 0x00, 0x15
    .byte 0xaa, 0x2c, 0xdd, 0xe9, 0x21, 0x02, 0x15, 0x4d, 0x2c, 0x04, 0x00, 0x00, 0x00, 0x2c, 0xe5, 0x20
    .byte 0x22, 0x02, 0x15, 0x39, 0x21, 0x68, 0xe6, 0x21, 0x02, 0x29, 0x00, 0xfd, 0x32, 0x00, 0x79, 0x00
    .byte 0x00, 0x00, 0x14, 0xc7, 0xe5, 0x21, 0x02, 0x20, 0x00, 0x00, 0x2c, 0xff, 0xff, 0xff, 0xff, 0x2c
    .byte 0xff, 0xff, 0xff, 0xff, 0x15, 0xdd, 0x18, 0x70, 0x14, 0xc7, 0xe5, 0x21, 0x02, 0x2c, 0x03, 0x00
    .byte 0x00, 0x00, 0x2c, 0xff, 0xff, 0xff, 0xff, 0x2c, 0xff, 0xff, 0xff, 0xff, 0x15, 0xdd, 0x18, 0x70
    .byte 0x32, 0x00, 0x00, 0x00, 0x00, 0x00, 0x14, 0xc7, 0xe5, 0x21, 0x02, 0x2c, 0x01, 0x00, 0x00, 0x00
    .byte 0x2c, 0xa2, 0xe9, 0x21, 0x02, 0x15, 0x39, 0x2c, 0x2c, 0x01, 0x00, 0x00, 0x15, 0x36, 0x03, 0x00
    .byte 0x00, 0x00, 0x00, 0x00, 0x26, 0x00, 0x4e, 0x2c, 0x30, 0x00, 0x00, 0x00, 0x15, 0x01, 0x18, 0x70
    .byte 0x26, 0x00, 0x4e, 0x29, 0x00, 0x4e, 0x32, 0x00, 0x00, 0x00, 0x00, 0x00, 0x14, 0xfd, 0xe5, 0x21
    .byte 0x02, 0x2c, 0x2c, 0x01, 0x00, 0x00, 0x15, 0x35, 0x25, 0x53, 0xe6, 0x21, 0x02, 0x15, 0x0b, 0x18
    .byte 0x70, 0x33, 0x00, 0x14, 0x00, 0x00, 0x00, 0x14, 0x53, 0xe6, 0x21, 0x02, 0x2c, 0x30, 0x00, 0x00
    .byte 0x00, 0x15, 0x01, 0x18, 0x70, 0x26, 0x00, 0x4e, 0x29, 0x00, 0x4e, 0x32, 0x00, 0x00, 0x00, 0x00
    .byte 0x00, 0x14, 0x32, 0xe6, 0x21, 0x02, 0x2c, 0x2c, 0x01, 0x00, 0x00, 0x15, 0x35, 0x25, 0x53, 0xe6
    .byte 0x21, 0x02, 0x2c, 0x30, 0x00, 0x00, 0x00, 0x15, 0x01, 0x18, 0x70, 0x26, 0x00, 0x4e, 0x29, 0x00
    .byte 0x4e, 0x32, 0x00, 0x00, 0x00, 0x00, 0x00, 0x14, 0x53, 0xe6, 0x21, 0x02, 0x2c, 0x2c, 0x01, 0x00
    .byte 0x00, 0x15, 0x35, 0x2d, 0x4e, 0x15, 0x41, 0x20, 0x00, 0x00, 0x15, 0x07, 0x15, 0x08, 0x2c, 0x05
    .byte 0x00, 0x00, 0x00, 0x15, 0x07, 0x15, 0x08, 0x00, 0x2c, 0x03, 0x00, 0x00, 0x00, 0x2c, 0xde, 0xe6
    .byte 0x21, 0x02, 0x15, 0x39, 0x2c, 0x11, 0x00, 0x00, 0x00, 0x2c, 0x51, 0x00, 0x22, 0x02, 0x15, 0x39
    .byte 0x2c, 0x01, 0x00, 0x00, 0x00, 0x2c, 0x68, 0x00, 0x00, 0x00, 0x15, 0xef, 0x18, 0x70, 0x14, 0xdd
    .byte 0xe6, 0x21, 0x02, 0x2c, 0x3d, 0x02, 0x00, 0x00, 0x15, 0x37, 0x18, 0x70, 0x32, 0x00, 0x00, 0x00
    .byte 0x00, 0x00, 0x14, 0xdd, 0xe6, 0x21, 0x02, 0x2c, 0x04, 0x00, 0x00, 0x00, 0x2c, 0xff, 0xff, 0xff
    .byte 0xff, 0x2c, 0xff, 0xff, 0xff, 0xff, 0x2c, 0xff, 0xff, 0xff, 0xff, 0x2c, 0xff, 0xff, 0xff, 0xff
    .byte 0x2c, 0xff, 0xff, 0xff, 0xff, 0x2c, 0xff, 0xff, 0xff, 0xff, 0x2c, 0xff, 0xff, 0xff, 0xff, 0x15
    .byte 0x33, 0x2c, 0x13, 0x00, 0x00, 0x00, 0x2c, 0x19, 0x01, 0x22, 0x02, 0x15, 0x39, 0x22, 0x2c, 0x9f
    .byte 0x86, 0x01, 0x00, 0x15, 0x41, 0x2c, 0xfa, 0x02, 0x00, 0x00, 0x15, 0x37, 0x18, 0x70, 0x32, 0x00
    .byte 0x00, 0x00, 0x00, 0x00, 0x14, 0x09, 0xe7, 0x21, 0x02, 0x20, 0x00, 0x00, 0x15, 0x18, 0x20, 0x00
    .byte 0x00, 0x15, 0x19, 0x20, 0x00, 0x00, 0x15, 0x09, 0x00, 0x2c, 0x01, 0x00, 0x00, 0x00, 0x15, 0x10
    .byte 0x18, 0x70, 0x09, 0x00, 0x10, 0x00, 0x00, 0x00, 0x17, 0x00, 0x15, 0x11, 0x18, 0x70, 0x09, 0x00
    .byte 0x10, 0x00, 0x00, 0x00, 0x17, 0x00, 0x2c, 0x0e, 0x00, 0x00, 0x00, 0x15, 0x68, 0x2c, 0x01, 0x00
    .byte 0x00, 0x00, 0x15, 0x09, 0x15, 0x10, 0x18, 0x70, 0x17, 0x00, 0x15, 0x11, 0x18, 0x70, 0x17, 0x00
    .byte 0x20, 0x00, 0x00, 0x15, 0x1f, 0x18, 0x70, 0x17, 0x00, 0x15, 0x20, 0x18, 0x70, 0x17, 0x00, 0x20
    .byte 0x00, 0x00, 0x15, 0x65, 0x18, 0x70, 0x34, 0x00, 0x16, 0x00, 0x00, 0x00, 0x14, 0xd3, 0xe7, 0x21
    .byte 0x02, 0x2c, 0x00, 0x04, 0x00, 0x00, 0x15, 0x37, 0x18, 0x70, 0x14, 0x74, 0xe7, 0x21, 0x02, 0x01
    .byte 0x61, 0xe7, 0x21, 0x02, 0x2c, 0xee, 0x03, 0x00, 0x00, 0x15, 0x37, 0x18, 0x70, 0x14, 0x87, 0xe7
    .byte 0x21, 0x02, 0x01, 0x74, 0xe7, 0x21, 0x02, 0x2c, 0x02, 0x00, 0x00, 0x00, 0x15, 0x9b, 0x18, 0x70
    .byte 0x32, 0x00, 0x00, 0x00, 0x00, 0x00, 0x14, 0xa0, 0xe7, 0x21, 0x02, 0x01, 0x87, 0xe7, 0x21, 0x02
    .byte 0x20, 0x00, 0x00, 0x15, 0x9b, 0x18, 0x70, 0x14, 0xc0, 0xe7, 0x21, 0x02, 0x20, 0x00, 0x00, 0x2c
    .byte 0xff, 0xff, 0xff, 0xff, 0x2c, 0xff, 0xff, 0xff, 0xff, 0x2c, 0xff, 0xff, 0xff, 0xff, 0x15, 0x89
    .byte 0x20, 0x00, 0x00, 0x15, 0x07, 0x15, 0x08, 0x2c, 0x03, 0x00, 0x00, 0x00, 0x2c, 0xd8, 0xe7, 0x21
    .byte 0x02, 0x15, 0x29, 0x01, 0x34, 0xe7, 0x21, 0x02, 0x20, 0x00, 0x00, 0x2c, 0xac, 0xe8, 0x21, 0x02
    .byte 0x15, 0x39, 0x20, 0x00, 0x00, 0x15, 0x42, 0x18, 0x70, 0x32, 0x00, 0x00, 0x00, 0x00, 0x00, 0x14
    .byte 0xf9, 0xe7, 0x21, 0x02, 0x01, 0xe2, 0xe7, 0x21, 0x02, 0x2c, 0xc4, 0x02, 0x00, 0x00, 0x15, 0x35
    .byte 0x2c, 0x79, 0x00, 0x00, 0x00, 0x2c, 0x80, 0x02, 0x00, 0x00, 0x2c, 0x46, 0x01, 0x00, 0x00, 0x20
    .byte 0x00, 0x00, 0x15, 0x4a, 0x00, 0x2c, 0x01, 0x00, 0x00, 0x00, 0x15, 0x10, 0x18, 0x70, 0x09, 0x00
    .byte 0x10, 0x00, 0x00, 0x00, 0x17, 0x00, 0x15, 0x11, 0x18, 0x70, 0x09, 0x00, 0x10, 0x00, 0x00, 0x00
    .byte 0x17, 0x00, 0x20, 0x00, 0x00, 0x15, 0x68, 0x2c, 0xfa, 0x02, 0x00, 0x00, 0x15, 0x35, 0x2c, 0x01
    .byte 0x00, 0x00, 0x00, 0x15, 0x09, 0x2c, 0x01, 0x00, 0x00, 0x00, 0x15, 0x05, 0x15, 0x16, 0x20, 0x00
    .byte 0x00, 0x2c, 0x4f, 0xe9, 0x21, 0x02, 0x15, 0x39, 0x20, 0x00, 0x00, 0x15, 0x42, 0x18, 0x70, 0x32
    .byte 0x00, 0x00, 0x00, 0x00, 0x00, 0x14, 0x6f, 0xe8, 0x21, 0x02, 0x01, 0x58, 0xe8, 0x21, 0x02, 0x20
    .byte 0x00, 0x00, 0x2c, 0xac, 0xe8, 0x21, 0x02, 0x15, 0x39, 0x20, 0x00, 0x00, 0x15, 0x42, 0x18, 0x70
    .byte 0x32, 0x00, 0x00, 0x00, 0x00, 0x00, 0x14, 0x90, 0xe8, 0x21, 0x02, 0x01, 0x79, 0xe8, 0x21, 0x02
    .byte 0x2c, 0xc4, 0x02, 0x00, 0x00, 0x15, 0x35, 0x2c, 0x79, 0x00, 0x00, 0x00, 0x2c, 0x80, 0x02, 0x00
    .byte 0x00, 0x2c, 0x46, 0x01, 0x00, 0x00, 0x20, 0x00, 0x00, 0x15, 0x4a, 0x00, 0x15, 0x28, 0x20, 0x00
    .byte 0x00, 0x15, 0x2b, 0x20, 0x00, 0x00, 0x15, 0x18, 0x20, 0x00, 0x00, 0x15, 0x19, 0x2c, 0x03, 0x00
    .byte 0x00, 0x00, 0x2c, 0x07, 0x00, 0x00, 0x00, 0x15, 0x47, 0x18, 0x70, 0x17, 0x00, 0x2c, 0x03, 0x00
    .byte 0x00, 0x00, 0x2c, 0x08, 0x00, 0x00, 0x00, 0x15, 0x47, 0x18, 0x70, 0x17, 0x00, 0x20, 0x00, 0x00
    .byte 0x2c, 0x05, 0x00, 0x00, 0x00, 0x2c, 0x01, 0x00, 0x00, 0x00, 0x20, 0x00, 0x00, 0x15, 0x1a, 0x15
    .byte 0x21, 0x2c, 0x01, 0x00, 0x00, 0x00, 0x15, 0x18, 0x2c, 0x01, 0x00, 0x00, 0x00, 0x15, 0x19, 0x2c
    .byte 0x94, 0x10, 0x00, 0x00, 0x2c, 0x01, 0x10, 0x00, 0x00, 0x2c, 0x95, 0x10, 0x00, 0x00, 0x2c, 0x02
    .byte 0x00, 0x00, 0x00, 0x20, 0x00, 0x00, 0x15, 0x73, 0x2c, 0x00, 0x01, 0x00, 0x00, 0x15, 0x17, 0x2c
    .byte 0x01, 0x00, 0x00, 0x00, 0x15, 0x06, 0x2c, 0x15, 0x00, 0x00, 0x00, 0x2c, 0x3a, 0x00, 0x00, 0x00
    .byte 0x2c, 0x7f, 0x00, 0x00, 0x00, 0x15, 0x0a, 0x2c, 0x3c, 0x00, 0x00, 0x00, 0x15, 0x07, 0x15, 0x08
    .byte 0x2c, 0x01, 0x00, 0x00, 0x00, 0x15, 0x05, 0x15, 0x16, 0x20, 0x00, 0x00, 0x15, 0x09, 0x00, 0x2c
    .byte 0x11, 0x10, 0x00, 0x00, 0x2c, 0x01, 0x10, 0x00, 0x00, 0x2c, 0x12, 0x10, 0x00, 0x00, 0x2c, 0x02
    .byte 0x00, 0x00, 0x00, 0x2c, 0x03, 0x00, 0x00, 0x00, 0x2c, 0x07, 0x00, 0x00, 0x00, 0x15, 0x47, 0x18
    .byte 0x70, 0x17, 0x00, 0x2c, 0x03, 0x00, 0x00, 0x00, 0x2c, 0x08, 0x00, 0x00, 0x00, 0x15, 0x47, 0x18
    .byte 0x70, 0x17, 0x00, 0x15, 0x1e, 0x18, 0x70, 0x05, 0x00, 0x0c, 0x00, 0x00, 0x00, 0x17, 0x00, 0x15
    .byte 0x73, 0x2c, 0x01, 0x00, 0x00, 0x00, 0x15, 0x06, 0x2c, 0x16, 0x00, 0x00, 0x00, 0x15, 0x07, 0x15
    .byte 0x08, 0x00, 0x2c, 0x03, 0x00, 0x00, 0x00, 0x2c, 0x07, 0x00, 0x00, 0x00, 0x15, 0x47, 0x18, 0x70
    .byte 0x17, 0x00, 0x2c, 0x03, 0x00, 0x00, 0x00, 0x2c, 0x08, 0x00, 0x00, 0x00, 0x15, 0x47, 0x18, 0x70
    .byte 0x24, 0x00, 0x20, 0x00, 0x00, 0x00, 0x17, 0x00, 0x2c, 0x03, 0x00, 0x00, 0x00, 0x2c, 0x09, 0x00
    .byte 0x00, 0x00, 0x15, 0x47, 0x18, 0x70, 0x17, 0x00, 0x15, 0x02, 0x15, 0x2c, 0x00, 0x29, 0x00, 0x08
    .byte 0x32, 0x00, 0x01, 0x00, 0x00, 0x00, 0x14, 0x4f, 0x00, 0x22, 0x02, 0x29, 0x00, 0x09, 0x09, 0x00
    .byte 0x10, 0x00, 0x00, 0x00, 0x28, 0x00, 0x00, 0x29, 0x00, 0x0a, 0x09, 0x00, 0x10, 0x00, 0x00, 0x00
    .byte 0x28, 0x00, 0x01, 0x2f, 0x00, 0x2f, 0x01, 0x2c, 0x12, 0x00, 0x00, 0x00, 0x2c, 0x05, 0x00, 0x00
    .byte 0x00, 0x2c, 0x13, 0x00, 0x00, 0x00, 0x2c, 0x06, 0x00, 0x00, 0x00, 0x15, 0x5d, 0x18, 0x70, 0x14
    .byte 0x5c, 0xea, 0x21, 0x02, 0x2f, 0x00, 0x2f, 0x01, 0x15, 0x56, 0x18, 0x70, 0x13, 0x5c, 0xea, 0x21
    .byte 0x02, 0x2f, 0x00, 0x2f, 0x01, 0x15, 0x57, 0x2c, 0x03, 0x00, 0x00, 0x00, 0x2c, 0x15, 0xe8, 0x21
    .byte 0x02, 0x15, 0x39, 0x2c, 0x03, 0x00, 0x00, 0x00, 0x15, 0x42, 0x18, 0x70, 0x32, 0x00, 0x00, 0x00
    .byte 0x00, 0x00, 0x14, 0x5c, 0xea, 0x21, 0x02, 0x01, 0x43, 0xea, 0x21, 0x02, 0x2f, 0x00, 0x2f, 0x01
    .byte 0x20, 0x00, 0x00, 0x20, 0x00, 0x00, 0x2c, 0x40, 0x00, 0x00, 0x00, 0x2c, 0x30, 0x00, 0x00, 0x00
    .byte 0x15, 0x5d, 0x18, 0x70, 0x14, 0x48, 0x00, 0x22, 0x02, 0x2f, 0x00, 0x2f, 0x01, 0x15, 0x56, 0x18
    .byte 0x70, 0x13, 0x48, 0x00, 0x22, 0x02, 0x2c, 0x64, 0x00, 0x00, 0x00, 0x15, 0x01, 0x18, 0x70, 0x28
    .byte 0x00, 0x02, 0x03, 0x00, 0x09, 0x00, 0x00, 0x00, 0x32, 0x00, 0xff, 0xff, 0xff, 0xff, 0x14, 0x3f
    .byte 0xf4, 0x21, 0x02, 0x2b, 0x00, 0x02, 0x34, 0x00, 0x03, 0x00, 0x00, 0x00, 0x14, 0xff, 0xf1, 0x21
    .byte 0x02, 0x2d, 0xfe, 0x15, 0x7c, 0x18, 0x70, 0x31, 0x00, 0x05, 0x00, 0x00, 0x00, 0x14, 0xff, 0xf1
    .byte 0x21, 0x02, 0x29, 0x00, 0xfe, 0x35, 0x00, 0x25, 0x00, 0x00, 0x00, 0x14, 0xff, 0xf1, 0x21, 0x02
    .byte 0x29, 0x00, 0xfe, 0x35, 0x00, 0x4f, 0x00, 0x00, 0x00, 0x14, 0xff, 0xf1, 0x21, 0x02, 0x2d, 0xfe
    .byte 0x15, 0x7c, 0x18, 0x70, 0x31, 0x00, 0x08, 0x00, 0x00, 0x00, 0x14, 0xad, 0xef, 0x21, 0x02, 0x2c
    .byte 0x02, 0x00, 0x00, 0x00, 0x15, 0x01, 0x18, 0x70, 0x28, 0x00, 0x02, 0x2b, 0x00, 0x02, 0x32, 0x00
    .byte 0x00, 0x00, 0x00, 0x00, 0x14, 0x5b, 0xed, 0x21, 0x02, 0x29, 0x00, 0xff, 0x32, 0x00, 0x00, 0x00
    .byte 0x00, 0x00, 0x14, 0x55, 0xeb, 0x21, 0x02, 0x2c, 0x01, 0x00, 0x00, 0x00, 0x2c, 0x65, 0x01, 0x00
    .byte 0x00, 0x15, 0x1f, 0x18, 0x70, 0x05, 0x00, 0x00, 0x00, 0x00, 0x00, 0x17, 0x00, 0x15, 0x20, 0x18
    .byte 0x70, 0x05, 0x00, 0x10, 0x00, 0x00, 0x00, 0x17, 0x00, 0x15, 0x27, 0x18, 0x70, 0x17, 0x00, 0x2c
    .byte 0xff, 0xff, 0xff, 0xff, 0x2c, 0xff, 0xff, 0xff, 0xff, 0x2c, 0xff, 0xff, 0xff, 0xff, 0x15, 0x33
    .byte 0x25, 0x56, 0xed, 0x21, 0x02, 0x29, 0x00, 0xff, 0x32, 0x00, 0x01, 0x00, 0x00, 0x00, 0x14, 0xa1
    .byte 0xeb, 0x21, 0x02, 0x2c, 0x01, 0x00, 0x00, 0x00, 0x2c, 0x65, 0x01, 0x00, 0x00, 0x15, 0x1f, 0x18
    .byte 0x70, 0x24, 0x00, 0x0c, 0x00, 0x00, 0x00, 0x17, 0x00, 0x15, 0x20, 0x18, 0x70, 0x05, 0x00, 0x0c
    .byte 0x00, 0x00, 0x00, 0x17, 0x00, 0x15, 0x27, 0x18, 0x70, 0x17, 0x00, 0x2c, 0xff, 0xff, 0xff, 0xff
    .byte 0x2c, 0xff, 0xff, 0xff, 0xff, 0x2c, 0xff, 0xff, 0xff, 0xff, 0x15, 0x33, 0x25, 0x56, 0xed, 0x21
    .byte 0x02, 0x29, 0x00, 0xff, 0x32, 0x00, 0x02, 0x00, 0x00, 0x00, 0x14, 0xed, 0xeb, 0x21, 0x02, 0x2c
    .byte 0x01, 0x00, 0x00, 0x00, 0x2c, 0x65, 0x01, 0x00, 0x00, 0x15, 0x1f, 0x18, 0x70, 0x24, 0x00, 0x10
    .byte 0x00, 0x00, 0x00, 0x17, 0x00, 0x15, 0x20, 0x18, 0x70, 0x05, 0x00, 0x00, 0x00, 0x00, 0x00, 0x17
    .byte 0x00, 0x15, 0x27, 0x18, 0x70, 0x17, 0x00, 0x2c, 0xff, 0xff, 0xff, 0xff, 0x2c, 0xff, 0xff, 0xff
    .byte 0xff, 0x2c, 0xff, 0xff, 0xff, 0xff, 0x15, 0x33, 0x25, 0x56, 0xed, 0x21, 0x02, 0x29, 0x00, 0xff
    .byte 0x32, 0x00, 0x03, 0x00, 0x00, 0x00, 0x14, 0x39, 0xec, 0x21, 0x02, 0x2c, 0x01, 0x00, 0x00, 0x00
    .byte 0x2c, 0x65, 0x01, 0x00, 0x00, 0x15, 0x1f, 0x18, 0x70, 0x24, 0x00, 0x0c, 0x00, 0x00, 0x00, 0x17
    .byte 0x00, 0x15, 0x20, 0x18, 0x70, 0x24, 0x00, 0x0c, 0x00, 0x00, 0x00, 0x17, 0x00, 0x15, 0x27, 0x18
    .byte 0x70, 0x17, 0x00, 0x2c, 0xff, 0xff, 0xff, 0xff, 0x2c, 0xff, 0xff, 0xff, 0xff, 0x2c, 0xff, 0xff
    .byte 0xff, 0xff, 0x15, 0x33, 0x25, 0x56, 0xed, 0x21, 0x02, 0x29, 0x00, 0xff, 0x32, 0x00, 0x04, 0x00
    .byte 0x00, 0x00, 0x14, 0x85, 0xec, 0x21, 0x02, 0x2c, 0x01, 0x00, 0x00, 0x00, 0x2c, 0x65, 0x01, 0x00
    .byte 0x00, 0x15, 0x1f, 0x18, 0x70, 0x05, 0x00, 0x00, 0x00, 0x00, 0x00, 0x17, 0x00, 0x15, 0x20, 0x18
    .byte 0x70, 0x24, 0x00, 0x10, 0x00, 0x00, 0x00, 0x17, 0x00, 0x15, 0x27, 0x18, 0x70, 0x17, 0x00, 0x2c
    .byte 0xff, 0xff, 0xff, 0xff, 0x2c, 0xff, 0xff, 0xff, 0xff, 0x2c, 0xff, 0xff, 0xff, 0xff, 0x15, 0x33
    .byte 0x25, 0x56, 0xed, 0x21, 0x02, 0x29, 0x00, 0xff, 0x32, 0x00, 0x05, 0x00, 0x00, 0x00, 0x14, 0xd1
    .byte 0xec, 0x21, 0x02, 0x2c, 0x01, 0x00, 0x00, 0x00, 0x2c, 0x65, 0x01, 0x00, 0x00, 0x15, 0x1f, 0x18
    .byte 0x70, 0x05, 0x00, 0x0c, 0x00, 0x00, 0x00, 0x17, 0x00, 0x15, 0x20, 0x18, 0x70, 0x24, 0x00, 0x0c
    .byte 0x00, 0x00, 0x00, 0x17, 0x00, 0x15, 0x27, 0x18, 0x70, 0x17, 0x00, 0x2c, 0xff, 0xff, 0xff, 0xff
    .byte 0x2c, 0xff, 0xff, 0xff, 0xff, 0x2c, 0xff, 0xff, 0xff, 0xff, 0x15, 0x33, 0x25, 0x56, 0xed, 0x21
    .byte 0x02, 0x29, 0x00, 0xff, 0x32, 0x00, 0x06, 0x00, 0x00, 0x00, 0x14, 0x1d, 0xed, 0x21, 0x02, 0x2c
    .byte 0x01, 0x00, 0x00, 0x00, 0x2c, 0x65, 0x01, 0x00, 0x00, 0x15, 0x1f, 0x18, 0x70, 0x05, 0x00, 0x10
    .byte 0x00, 0x00, 0x00, 0x17, 0x00, 0x15, 0x20, 0x18, 0x70, 0x05, 0x00, 0x00, 0x00, 0x00, 0x00, 0x17
    .byte 0x00, 0x15, 0x27, 0x18, 0x70, 0x17, 0x00, 0x2c, 0xff, 0xff, 0xff, 0xff, 0x2c, 0xff, 0xff, 0xff
    .byte 0xff, 0x2c, 0xff, 0xff, 0xff, 0xff, 0x15, 0x33, 0x25, 0x56, 0xed, 0x21, 0x02, 0x2c, 0x01, 0x00
    .byte 0x00, 0x00, 0x2c, 0x65, 0x01, 0x00, 0x00, 0x15, 0x1f, 0x18, 0x70, 0x05, 0x00, 0x0c, 0x00, 0x00
    .byte 0x00, 0x17, 0x00, 0x15, 0x20, 0x18, 0x70, 0x05, 0x00, 0x0c, 0x00, 0x00, 0x00, 0x17, 0x00, 0x15
    .byte 0x27, 0x18, 0x70, 0x17, 0x00, 0x2c, 0xff, 0xff, 0xff, 0xff, 0x2c, 0xff, 0xff, 0xff, 0xff, 0x2c
    .byte 0xff, 0xff, 0xff, 0xff, 0x15, 0x33, 0x25, 0xa8, 0xef, 0x21, 0x02, 0x29, 0x00, 0xff, 0x32, 0x00
    .byte 0x00, 0x00, 0x00, 0x00, 0x14, 0xa7, 0xed, 0x21, 0x02, 0x2c, 0x01, 0x00, 0x00, 0x00, 0x2c, 0x64
    .byte 0x01, 0x00, 0x00, 0x15, 0x1f, 0x18, 0x70, 0x05, 0x00, 0x00, 0x00, 0x00, 0x00, 0x17, 0x00, 0x15
    .byte 0x20, 0x18, 0x70, 0x05, 0x00, 0x10, 0x00, 0x00, 0x00, 0x17, 0x00, 0x15, 0x27, 0x18, 0x70, 0x17
    .byte 0x00, 0x2c, 0xff, 0xff, 0xff, 0xff, 0x2c, 0xff, 0xff, 0xff, 0xff, 0x2c, 0xff, 0xff, 0xff, 0xff
    .byte 0x15, 0x33, 0x25, 0xa8, 0xef, 0x21, 0x02, 0x29, 0x00, 0xff, 0x32, 0x00, 0x01, 0x00, 0x00, 0x00
    .byte 0x14, 0xf3, 0xed, 0x21, 0x02, 0x2c, 0x01, 0x00, 0x00, 0x00, 0x2c, 0x64, 0x01, 0x00, 0x00, 0x15
    .byte 0x1f, 0x18, 0x70, 0x24, 0x00, 0x0c, 0x00, 0x00, 0x00, 0x17, 0x00, 0x15, 0x20, 0x18, 0x70, 0x05
    .byte 0x00, 0x0c, 0x00, 0x00, 0x00, 0x17, 0x00, 0x15, 0x27, 0x18, 0x70, 0x17, 0x00, 0x2c, 0xff, 0xff
    .byte 0xff, 0xff, 0x2c, 0xff, 0xff, 0xff, 0xff, 0x2c, 0xff, 0xff, 0xff, 0xff, 0x15, 0x33, 0x25, 0xa8
    .byte 0xef, 0x21, 0x02, 0x29, 0x00, 0xff, 0x32, 0x00, 0x02, 0x00, 0x00, 0x00, 0x14, 0x3f, 0xee, 0x21
    .byte 0x02, 0x2c, 0x01, 0x00, 0x00, 0x00, 0x2c, 0x64, 0x01, 0x00, 0x00, 0x15, 0x1f, 0x18, 0x70, 0x24
    .byte 0x00, 0x10, 0x00, 0x00, 0x00, 0x17, 0x00, 0x15, 0x20, 0x18, 0x70, 0x05, 0x00, 0x00, 0x00, 0x00
    .byte 0x00, 0x17, 0x00, 0x15, 0x27, 0x18, 0x70, 0x17, 0x00, 0x2c, 0xff, 0xff, 0xff, 0xff, 0x2c, 0xff
    .byte 0xff, 0xff, 0xff, 0x2c, 0xff, 0xff, 0xff, 0xff, 0x15, 0x33, 0x25, 0xa8, 0xef, 0x21, 0x02, 0x29
    .byte 0x00, 0xff, 0x32, 0x00, 0x03, 0x00, 0x00, 0x00, 0x14, 0x8b, 0xee, 0x21, 0x02, 0x2c, 0x01, 0x00
    .byte 0x00, 0x00, 0x2c, 0x64, 0x01, 0x00, 0x00, 0x15, 0x1f, 0x18, 0x70, 0x24, 0x00, 0x0c, 0x00, 0x00
    .byte 0x00, 0x17, 0x00, 0x15, 0x20, 0x18, 0x70, 0x24, 0x00, 0x0c, 0x00, 0x00, 0x00, 0x17, 0x00, 0x15
    .byte 0x27, 0x18, 0x70, 0x17, 0x00, 0x2c, 0xff, 0xff, 0xff, 0xff, 0x2c, 0xff, 0xff, 0xff, 0xff, 0x2c
    .byte 0xff, 0xff, 0xff, 0xff, 0x15, 0x33, 0x25, 0xa8, 0xef, 0x21, 0x02, 0x29, 0x00, 0xff, 0x32, 0x00
    .byte 0x04, 0x00, 0x00, 0x00, 0x14, 0xd7, 0xee, 0x21, 0x02, 0x2c, 0x01, 0x00, 0x00, 0x00, 0x2c, 0x64
    .byte 0x01, 0x00, 0x00, 0x15, 0x1f, 0x18, 0x70, 0x05, 0x00, 0x00, 0x00, 0x00, 0x00, 0x17, 0x00, 0x15
    .byte 0x20, 0x18, 0x70, 0x24, 0x00, 0x10, 0x00, 0x00, 0x00, 0x17, 0x00, 0x15, 0x27, 0x18, 0x70, 0x17
    .byte 0x00, 0x2c, 0xff, 0xff, 0xff, 0xff, 0x2c, 0xff, 0xff, 0xff, 0xff, 0x2c, 0xff, 0xff, 0xff, 0xff
    .byte 0x15, 0x33, 0x25, 0xa8, 0xef, 0x21, 0x02, 0x29, 0x00, 0xff, 0x32, 0x00, 0x05, 0x00, 0x00, 0x00
    .byte 0x14, 0x23, 0xef, 0x21, 0x02, 0x2c, 0x01, 0x00, 0x00, 0x00, 0x2c, 0x64, 0x01, 0x00, 0x00, 0x15
    .byte 0x1f, 0x18, 0x70, 0x05, 0x00, 0x0c, 0x00, 0x00, 0x00, 0x17, 0x00, 0x15, 0x20, 0x18, 0x70, 0x24
    .byte 0x00, 0x0c, 0x00, 0x00, 0x00, 0x17, 0x00, 0x15, 0x27, 0x18, 0x70, 0x17, 0x00, 0x2c, 0xff, 0xff
    .byte 0xff, 0xff, 0x2c, 0xff, 0xff, 0xff, 0xff, 0x2c, 0xff, 0xff, 0xff, 0xff, 0x15, 0x33, 0x25, 0xa8
    .byte 0xef, 0x21, 0x02, 0x29, 0x00, 0xff, 0x32, 0x00, 0x06, 0x00, 0x00, 0x00, 0x14, 0x6f, 0xef, 0x21
    .byte 0x02, 0x2c, 0x01, 0x00, 0x00, 0x00, 0x2c, 0x64, 0x01, 0x00, 0x00, 0x15, 0x1f, 0x18, 0x70, 0x05
    .byte 0x00, 0x10, 0x00, 0x00, 0x00, 0x17, 0x00, 0x15, 0x20, 0x18, 0x70, 0x05, 0x00, 0x00, 0x00, 0x00
    .byte 0x00, 0x17, 0x00, 0x15, 0x27, 0x18, 0x70, 0x17, 0x00, 0x2c, 0xff, 0xff, 0xff, 0xff, 0x2c, 0xff
    .byte 0xff, 0xff, 0xff, 0x2c, 0xff, 0xff, 0xff, 0xff, 0x15, 0x33, 0x25, 0xa8, 0xef, 0x21, 0x02, 0x2c
    .byte 0x01, 0x00, 0x00, 0x00, 0x2c, 0x64, 0x01, 0x00, 0x00, 0x15, 0x1f, 0x18, 0x70, 0x05, 0x00, 0x0c
    .byte 0x00, 0x00, 0x00, 0x17, 0x00, 0x15, 0x20, 0x18, 0x70, 0x05, 0x00, 0x0c, 0x00, 0x00, 0x00, 0x17
    .byte 0x00, 0x15, 0x27, 0x18, 0x70, 0x17, 0x00, 0x2c, 0xff, 0xff, 0xff, 0xff, 0x2c, 0xff, 0xff, 0xff
    .byte 0xff, 0x2c, 0xff, 0xff, 0xff, 0xff, 0x15, 0x33, 0x25, 0xfa, 0xf1, 0x21, 0x02, 0x29, 0x00, 0xff
    .byte 0x32, 0x00, 0x00, 0x00, 0x00, 0x00, 0x14, 0xf9, 0xef, 0x21, 0x02, 0x2c, 0x01, 0x00, 0x00, 0x00
    .byte 0x2c, 0x64, 0x01, 0x00, 0x00, 0x15, 0x1f, 0x18, 0x70, 0x05, 0x00, 0x00, 0x00, 0x00, 0x00, 0x17
    .byte 0x00, 0x15, 0x20, 0x18, 0x70, 0x05, 0x00, 0x10, 0x00, 0x00, 0x00, 0x17, 0x00, 0x15, 0x27, 0x18
    .byte 0x70, 0x17, 0x00, 0x2c, 0xff, 0xff, 0xff, 0xff, 0x2c, 0xff, 0xff, 0xff, 0xff, 0x2c, 0xff, 0xff
    .byte 0xff, 0xff, 0x15, 0x33, 0x25, 0xfa, 0xf1, 0x21, 0x02, 0x29, 0x00, 0xff, 0x32, 0x00, 0x01, 0x00
    .byte 0x00, 0x00, 0x14, 0x45, 0xf0, 0x21, 0x02, 0x2c, 0x01, 0x00, 0x00, 0x00, 0x2c, 0x64, 0x01, 0x00
    .byte 0x00, 0x15, 0x1f, 0x18, 0x70, 0x24, 0x00, 0x0c, 0x00, 0x00, 0x00, 0x17, 0x00, 0x15, 0x20, 0x18
    .byte 0x70, 0x05, 0x00, 0x0c, 0x00, 0x00, 0x00, 0x17, 0x00, 0x15, 0x27, 0x18, 0x70, 0x17, 0x00, 0x2c
    .byte 0xff, 0xff, 0xff, 0xff, 0x2c, 0xff, 0xff, 0xff, 0xff, 0x2c, 0xff, 0xff, 0xff, 0xff, 0x15, 0x33
    .byte 0x25, 0xfa, 0xf1, 0x21, 0x02, 0x29, 0x00, 0xff, 0x32, 0x00, 0x02, 0x00, 0x00, 0x00, 0x14, 0x91
    .byte 0xf0, 0x21, 0x02, 0x2c, 0x01, 0x00, 0x00, 0x00, 0x2c, 0x64, 0x01, 0x00, 0x00, 0x15, 0x1f, 0x18
    .byte 0x70, 0x24, 0x00, 0x10, 0x00, 0x00, 0x00, 0x17, 0x00, 0x15, 0x20, 0x18, 0x70, 0x05, 0x00, 0x00
    .byte 0x00, 0x00, 0x00, 0x17, 0x00, 0x15, 0x27, 0x18, 0x70, 0x17, 0x00, 0x2c, 0xff, 0xff, 0xff, 0xff
    .byte 0x2c, 0xff, 0xff, 0xff, 0xff, 0x2c, 0xff, 0xff, 0xff, 0xff, 0x15, 0x33, 0x25, 0xfa, 0xf1, 0x21
    .byte 0x02, 0x29, 0x00, 0xff, 0x32, 0x00, 0x03, 0x00, 0x00, 0x00, 0x14, 0xdd, 0xf0, 0x21, 0x02, 0x2c
    .byte 0x01, 0x00, 0x00, 0x00, 0x2c, 0x64, 0x01, 0x00, 0x00, 0x15, 0x1f, 0x18, 0x70, 0x24, 0x00, 0x0c
    .byte 0x00, 0x00, 0x00, 0x17, 0x00, 0x15, 0x20, 0x18, 0x70, 0x24, 0x00, 0x0c, 0x00, 0x00, 0x00, 0x17
    .byte 0x00, 0x15, 0x27, 0x18, 0x70, 0x17, 0x00, 0x2c, 0xff, 0xff, 0xff, 0xff, 0x2c, 0xff, 0xff, 0xff
    .byte 0xff, 0x2c, 0xff, 0xff, 0xff, 0xff, 0x15, 0x33, 0x25, 0xfa, 0xf1, 0x21, 0x02, 0x29, 0x00, 0xff
    .byte 0x32, 0x00, 0x04, 0x00, 0x00, 0x00, 0x14, 0x29, 0xf1, 0x21, 0x02, 0x2c, 0x01, 0x00, 0x00, 0x00
    .byte 0x2c, 0x64, 0x01, 0x00, 0x00, 0x15, 0x1f, 0x18, 0x70, 0x05, 0x00, 0x00, 0x00, 0x00, 0x00, 0x17
    .byte 0x00, 0x15, 0x20, 0x18, 0x70, 0x24, 0x00, 0x10, 0x00, 0x00, 0x00, 0x17, 0x00, 0x15, 0x27, 0x18
    .byte 0x70, 0x17, 0x00, 0x2c, 0xff, 0xff, 0xff, 0xff, 0x2c, 0xff, 0xff, 0xff, 0xff, 0x2c, 0xff, 0xff
    .byte 0xff, 0xff, 0x15, 0x33, 0x25, 0xfa, 0xf1, 0x21, 0x02, 0x29, 0x00, 0xff, 0x32, 0x00, 0x05, 0x00
    .byte 0x00, 0x00, 0x14, 0x75, 0xf1, 0x21, 0x02, 0x2c, 0x01, 0x00, 0x00, 0x00, 0x2c, 0x64, 0x01, 0x00
    .byte 0x00, 0x15, 0x1f, 0x18, 0x70, 0x05, 0x00, 0x0c, 0x00, 0x00, 0x00, 0x17, 0x00, 0x15, 0x20, 0x18
    .byte 0x70, 0x24, 0x00, 0x0c, 0x00, 0x00, 0x00, 0x17, 0x00, 0x15, 0x27, 0x18, 0x70, 0x17, 0x00, 0x2c
    .byte 0xff, 0xff, 0xff, 0xff, 0x2c, 0xff, 0xff, 0xff, 0xff, 0x2c, 0xff, 0xff, 0xff, 0xff, 0x15, 0x33
    .byte 0x25, 0xfa, 0xf1, 0x21, 0x02, 0x29, 0x00, 0xff, 0x32, 0x00, 0x06, 0x00, 0x00, 0x00, 0x14, 0xc1
    .byte 0xf1, 0x21, 0x02, 0x2c, 0x01, 0x00, 0x00, 0x00, 0x2c, 0x64, 0x01, 0x00, 0x00, 0x15, 0x1f, 0x18
    .byte 0x70, 0x05, 0x00, 0x10, 0x00, 0x00, 0x00, 0x17, 0x00, 0x15, 0x20, 0x18, 0x70, 0x05, 0x00, 0x00
    .byte 0x00, 0x00, 0x00, 0x17, 0x00, 0x15, 0x27, 0x18, 0x70, 0x17, 0x00, 0x2c, 0xff, 0xff, 0xff, 0xff
    .byte 0x2c, 0xff, 0xff, 0xff, 0xff, 0x2c, 0xff, 0xff, 0xff, 0xff, 0x15, 0x33, 0x25, 0xfa, 0xf1, 0x21
    .byte 0x02, 0x2c, 0x01, 0x00, 0x00, 0x00, 0x2c, 0x64, 0x01, 0x00, 0x00, 0x15, 0x1f, 0x18, 0x70, 0x05
    .byte 0x00, 0x0c, 0x00, 0x00, 0x00, 0x17, 0x00, 0x15, 0x20, 0x18, 0x70, 0x05, 0x00, 0x0c, 0x00, 0x00
    .byte 0x00, 0x17, 0x00, 0x15, 0x27, 0x18, 0x70, 0x17, 0x00, 0x2c, 0xff, 0xff, 0xff, 0xff, 0x2c, 0xff
    .byte 0xff, 0xff, 0xff, 0x2c, 0xff, 0xff, 0xff, 0xff, 0x15, 0x33, 0x25, 0x3a, 0xf4, 0x21, 0x02, 0x2b
    .byte 0x00, 0x02, 0x34, 0x00, 0x19, 0x00, 0x00, 0x00, 0x14, 0x3a, 0xf4, 0x21, 0x02, 0x29, 0x00, 0xff
    .byte 0x32, 0x00, 0x00, 0x00, 0x00, 0x00, 0x14, 0x55, 0xf2, 0x21, 0x02, 0x2c, 0x01, 0x00, 0x00, 0x00
    .byte 0x15, 0x1f, 0x18, 0x70, 0x05, 0x00, 0x00, 0x00, 0x00, 0x00, 0x17, 0x00, 0x15, 0x20, 0x18, 0x70
    .byte 0x05, 0x00, 0x10, 0x00, 0x00, 0x00, 0x17, 0x00, 0x15, 0x27, 0x18, 0x70, 0x17, 0x00, 0x20, 0x00
    .byte 0x00, 0x20, 0x00, 0x00, 0x2c, 0xf4, 0x01, 0x00, 0x00, 0x2c, 0x2c, 0x01, 0x00, 0x00, 0x15, 0xb2
    .byte 0x25, 0x3a, 0xf4, 0x21, 0x02, 0x29, 0x00, 0xff, 0x32, 0x00, 0x01, 0x00, 0x00, 0x00, 0x14, 0x9d
    .byte 0xf2, 0x21, 0x02, 0x2c, 0x01, 0x00, 0x00, 0x00, 0x15, 0x1f, 0x18, 0x70, 0x24, 0x00, 0x0c, 0x00
    .byte 0x00, 0x00, 0x17, 0x00, 0x15, 0x20, 0x18, 0x70, 0x05, 0x00, 0x0c, 0x00, 0x00, 0x00, 0x17, 0x00
    .byte 0x15, 0x27, 0x18, 0x70, 0x17, 0x00, 0x20, 0x00, 0x00, 0x20, 0x00, 0x00, 0x2c, 0xf4, 0x01, 0x00
    .byte 0x00, 0x2c, 0x2c, 0x01, 0x00, 0x00, 0x15, 0xb2, 0x25, 0x3a, 0xf4, 0x21, 0x02, 0x29, 0x00, 0xff
    .byte 0x32, 0x00, 0x02, 0x00, 0x00, 0x00, 0x14, 0xe5, 0xf2, 0x21, 0x02, 0x2c, 0x01, 0x00, 0x00, 0x00
    .byte 0x15, 0x1f, 0x18, 0x70, 0x24, 0x00, 0x10, 0x00, 0x00, 0x00, 0x17, 0x00, 0x15, 0x20, 0x18, 0x70
    .byte 0x05, 0x00, 0x00, 0x00, 0x00, 0x00, 0x17, 0x00, 0x15, 0x27, 0x18, 0x70, 0x17, 0x00, 0x20, 0x00
    .byte 0x00, 0x20, 0x00, 0x00, 0x2c, 0xf4, 0x01, 0x00, 0x00, 0x2c, 0x2c, 0x01, 0x00, 0x00, 0x15, 0xb2
    .byte 0x25, 0x3a, 0xf4, 0x21, 0x02, 0x29, 0x00, 0xff, 0x32, 0x00, 0x03, 0x00, 0x00, 0x00, 0x14, 0x2d
    .byte 0xf3, 0x21, 0x02, 0x2c, 0x01, 0x00, 0x00, 0x00, 0x15, 0x1f, 0x18, 0x70, 0x24, 0x00, 0x0c, 0x00
    .byte 0x00, 0x00, 0x17, 0x00, 0x15, 0x20, 0x18, 0x70, 0x24, 0x00, 0x0c, 0x00, 0x00, 0x00, 0x17, 0x00
    .byte 0x15, 0x27, 0x18, 0x70, 0x17, 0x00, 0x20, 0x00, 0x00, 0x20, 0x00, 0x00, 0x2c, 0xf4, 0x01, 0x00
    .byte 0x00, 0x2c, 0x2c, 0x01, 0x00, 0x00, 0x15, 0xb2, 0x25, 0x3a, 0xf4, 0x21, 0x02, 0x29, 0x00, 0xff
    .byte 0x32, 0x00, 0x04, 0x00, 0x00, 0x00, 0x14, 0x75, 0xf3, 0x21, 0x02, 0x2c, 0x01, 0x00, 0x00, 0x00
    .byte 0x15, 0x1f, 0x18, 0x70, 0x05, 0x00, 0x00, 0x00, 0x00, 0x00, 0x17, 0x00, 0x15, 0x20, 0x18, 0x70
    .byte 0x24, 0x00, 0x10, 0x00, 0x00, 0x00, 0x17, 0x00, 0x15, 0x27, 0x18, 0x70, 0x17, 0x00, 0x20, 0x00
    .byte 0x00, 0x20, 0x00, 0x00, 0x2c, 0xf4, 0x01, 0x00, 0x00, 0x2c, 0x2c, 0x01, 0x00, 0x00, 0x15, 0xb2
    .byte 0x25, 0x3a, 0xf4, 0x21, 0x02, 0x29, 0x00, 0xff, 0x32, 0x00, 0x05, 0x00, 0x00, 0x00, 0x14, 0xbd
    .byte 0xf3, 0x21, 0x02, 0x2c, 0x01, 0x00, 0x00, 0x00, 0x15, 0x1f, 0x18, 0x70, 0x05, 0x00, 0x0c, 0x00
    .byte 0x00, 0x00, 0x17, 0x00, 0x15, 0x20, 0x18, 0x70, 0x24, 0x00, 0x0c, 0x00, 0x00, 0x00, 0x17, 0x00
    .byte 0x15, 0x27, 0x18, 0x70, 0x17, 0x00, 0x20, 0x00, 0x00, 0x20, 0x00, 0x00, 0x2c, 0xf4, 0x01, 0x00
    .byte 0x00, 0x2c, 0x2c, 0x01, 0x00, 0x00, 0x15, 0xb2, 0x25, 0x3a, 0xf4, 0x21, 0x02, 0x29, 0x00, 0xff
    .byte 0x32, 0x00, 0x06, 0x00, 0x00, 0x00, 0x14, 0x05, 0xf4, 0x21, 0x02, 0x2c, 0x01, 0x00, 0x00, 0x00
    .byte 0x15, 0x1f, 0x18, 0x70, 0x05, 0x00, 0x10, 0x00, 0x00, 0x00, 0x17, 0x00, 0x15, 0x20, 0x18, 0x70
    .byte 0x05, 0x00, 0x00, 0x00, 0x00, 0x00, 0x17, 0x00, 0x15, 0x27, 0x18, 0x70, 0x17, 0x00, 0x20, 0x00
    .byte 0x00, 0x20, 0x00, 0x00, 0x2c, 0xf4, 0x01, 0x00, 0x00, 0x2c, 0x2c, 0x01, 0x00, 0x00, 0x15, 0xb2
    .byte 0x25, 0x3a, 0xf4, 0x21, 0x02, 0x2c, 0x01, 0x00, 0x00, 0x00, 0x15, 0x1f, 0x18, 0x70, 0x05, 0x00
    .byte 0x0c, 0x00, 0x00, 0x00, 0x17, 0x00, 0x15, 0x20, 0x18, 0x70, 0x05, 0x00, 0x0c, 0x00, 0x00, 0x00
    .byte 0x17, 0x00, 0x15, 0x27, 0x18, 0x70, 0x17, 0x00, 0x20, 0x00, 0x00, 0x20, 0x00, 0x00, 0x2c, 0xf4
    .byte 0x01, 0x00, 0x00, 0x2c, 0x2c, 0x01, 0x00, 0x00, 0x15, 0xb2, 0x25, 0x42, 0x00, 0x22, 0x02, 0x2b
    .byte 0x00, 0x02, 0x34, 0x00, 0x08, 0x00, 0x00, 0x00, 0x14, 0x9f, 0xf6, 0x21, 0x02, 0x29, 0x00, 0xff
    .byte 0x32, 0x00, 0x00, 0x00, 0x00, 0x00, 0x14, 0x99, 0xf4, 0x21, 0x02, 0x2c, 0x01, 0x00, 0x00, 0x00
    .byte 0x2c, 0x09, 0x00, 0x00, 0x00, 0x15, 0x1f, 0x18, 0x70, 0x05, 0x00, 0x00, 0x00, 0x00, 0x00, 0x17
    .byte 0x00, 0x15, 0x20, 0x18, 0x70, 0x05, 0x00, 0x10, 0x00, 0x00, 0x00, 0x17, 0x00, 0x15, 0x27, 0x18
    .byte 0x70, 0x17, 0x00, 0x2c, 0xff, 0xff, 0xff, 0xff, 0x2c, 0xff, 0xff, 0xff, 0xff, 0x2c, 0xff, 0xff
    .byte 0xff, 0xff, 0x15, 0x33, 0x25, 0x9a, 0xf6, 0x21, 0x02, 0x29, 0x00, 0xff, 0x32, 0x00, 0x01, 0x00
    .byte 0x00, 0x00, 0x14, 0xe5, 0xf4, 0x21, 0x02, 0x2c, 0x01, 0x00, 0x00, 0x00, 0x2c, 0x09, 0x00, 0x00
    .byte 0x00, 0x15, 0x1f, 0x18, 0x70, 0x24, 0x00, 0x0c, 0x00, 0x00, 0x00, 0x17, 0x00, 0x15, 0x20, 0x18
    .byte 0x70, 0x05, 0x00, 0x0c, 0x00, 0x00, 0x00, 0x17, 0x00, 0x15, 0x27, 0x18, 0x70, 0x17, 0x00, 0x2c
    .byte 0xff, 0xff, 0xff, 0xff, 0x2c, 0xff, 0xff, 0xff, 0xff, 0x2c, 0xff, 0xff, 0xff, 0xff, 0x15, 0x33
    .byte 0x25, 0x9a, 0xf6, 0x21, 0x02, 0x29, 0x00, 0xff, 0x32, 0x00, 0x02, 0x00, 0x00, 0x00, 0x14, 0x31
    .byte 0xf5, 0x21, 0x02, 0x2c, 0x01, 0x00, 0x00, 0x00, 0x2c, 0x09, 0x00, 0x00, 0x00, 0x15, 0x1f, 0x18
    .byte 0x70, 0x24, 0x00, 0x10, 0x00, 0x00, 0x00, 0x17, 0x00, 0x15, 0x20, 0x18, 0x70, 0x05, 0x00, 0x00
    .byte 0x00, 0x00, 0x00, 0x17, 0x00, 0x15, 0x27, 0x18, 0x70, 0x17, 0x00, 0x2c, 0xff, 0xff, 0xff, 0xff
    .byte 0x2c, 0xff, 0xff, 0xff, 0xff, 0x2c, 0xff, 0xff, 0xff, 0xff, 0x15, 0x33, 0x25, 0x9a, 0xf6, 0x21
    .byte 0x02, 0x29, 0x00, 0xff, 0x32, 0x00, 0x03, 0x00, 0x00, 0x00, 0x14, 0x7d, 0xf5, 0x21, 0x02, 0x2c
    .byte 0x01, 0x00, 0x00, 0x00, 0x2c, 0x09, 0x00, 0x00, 0x00, 0x15, 0x1f, 0x18, 0x70, 0x24, 0x00, 0x0c
    .byte 0x00, 0x00, 0x00, 0x17, 0x00, 0x15, 0x20, 0x18, 0x70, 0x24, 0x00, 0x0c, 0x00, 0x00, 0x00, 0x17
    .byte 0x00, 0x15, 0x27, 0x18, 0x70, 0x17, 0x00, 0x2c, 0xff, 0xff, 0xff, 0xff, 0x2c, 0xff, 0xff, 0xff
    .byte 0xff, 0x2c, 0xff, 0xff, 0xff, 0xff, 0x15, 0x33, 0x25, 0x9a, 0xf6, 0x21, 0x02, 0x29, 0x00, 0xff
    .byte 0x32, 0x00, 0x04, 0x00, 0x00, 0x00, 0x14, 0xc9, 0xf5, 0x21, 0x02, 0x2c, 0x01, 0x00, 0x00, 0x00
    .byte 0x2c, 0x09, 0x00, 0x00, 0x00, 0x15, 0x1f, 0x18, 0x70, 0x05, 0x00, 0x00, 0x00, 0x00, 0x00, 0x17
    .byte 0x00, 0x15, 0x20, 0x18, 0x70, 0x24, 0x00, 0x10, 0x00, 0x00, 0x00, 0x17, 0x00, 0x15, 0x27, 0x18
    .byte 0x70, 0x17, 0x00, 0x2c, 0xff, 0xff, 0xff, 0xff, 0x2c, 0xff, 0xff, 0xff, 0xff, 0x2c, 0xff, 0xff
    .byte 0xff, 0xff, 0x15, 0x33, 0x25, 0x9a, 0xf6, 0x21, 0x02, 0x29, 0x00, 0xff, 0x32, 0x00, 0x05, 0x00
    .byte 0x00, 0x00, 0x14, 0x15, 0xf6, 0x21, 0x02, 0x2c, 0x01, 0x00, 0x00, 0x00, 0x2c, 0x09, 0x00, 0x00
    .byte 0x00, 0x15, 0x1f, 0x18, 0x70, 0x05, 0x00, 0x0c, 0x00, 0x00, 0x00, 0x17, 0x00, 0x15, 0x20, 0x18
    .byte 0x70, 0x24, 0x00, 0x0c, 0x00, 0x00, 0x00, 0x17, 0x00, 0x15, 0x27, 0x18, 0x70, 0x17, 0x00, 0x2c
    .byte 0xff, 0xff, 0xff, 0xff, 0x2c, 0xff, 0xff, 0xff, 0xff, 0x2c, 0xff, 0xff, 0xff, 0xff, 0x15, 0x33
    .byte 0x25, 0x9a, 0xf6, 0x21, 0x02, 0x29, 0x00, 0xff, 0x32, 0x00, 0x06, 0x00, 0x00, 0x00, 0x14, 0x61
    .byte 0xf6, 0x21, 0x02, 0x2c, 0x01, 0x00, 0x00, 0x00, 0x2c, 0x09, 0x00, 0x00, 0x00, 0x15, 0x1f, 0x18
    .byte 0x70, 0x05, 0x00, 0x10, 0x00, 0x00, 0x00, 0x17, 0x00, 0x15, 0x20, 0x18, 0x70, 0x05, 0x00, 0x00
    .byte 0x00, 0x00, 0x00, 0x17, 0x00, 0x15, 0x27, 0x18, 0x70, 0x17, 0x00, 0x2c, 0xff, 0xff, 0xff, 0xff
    .byte 0x2c, 0xff, 0xff, 0xff, 0xff, 0x2c, 0xff, 0xff, 0xff, 0xff, 0x15, 0x33, 0x25, 0x9a, 0xf6, 0x21
    .byte 0x02, 0x2c, 0x01, 0x00, 0x00, 0x00, 0x2c, 0x09, 0x00, 0x00, 0x00, 0x15, 0x1f, 0x18, 0x70, 0x05
    .byte 0x00, 0x0c, 0x00, 0x00, 0x00, 0x17, 0x00, 0x15, 0x20, 0x18, 0x70, 0x05, 0x00, 0x0c, 0x00, 0x00
    .byte 0x00, 0x17, 0x00, 0x15, 0x27, 0x18, 0x70, 0x17, 0x00, 0x2c, 0xff, 0xff, 0xff, 0xff, 0x2c, 0xff
    .byte 0xff, 0xff, 0xff, 0x2c, 0xff, 0xff, 0xff, 0xff, 0x15, 0x33, 0x25, 0x42, 0x00, 0x22, 0x02, 0x2c
    .byte 0x64, 0x00, 0x00, 0x00, 0x15, 0x01, 0x18, 0x70, 0x28, 0x00, 0x02, 0x2b, 0x00, 0x02, 0x34, 0x00
    .byte 0x03, 0x00, 0x00, 0x00, 0x14, 0x07, 0xfe, 0x21, 0x02, 0x2d, 0xfe, 0x15, 0x7c, 0x18, 0x70, 0x31
    .byte 0x00, 0x05, 0x00, 0x00, 0x00, 0x14, 0x07, 0xfe, 0x21, 0x02, 0x29, 0x00, 0xfe, 0x35, 0x00, 0x25
    .byte 0x00, 0x00, 0x00, 0x14, 0x07, 0xfe, 0x21, 0x02, 0x29, 0x00, 0xfe, 0x35, 0x00, 0x4f, 0x00, 0x00
    .byte 0x00, 0x14, 0x07, 0xfe, 0x21, 0x02, 0x2d, 0xfe, 0x15, 0x7c, 0x18, 0x70, 0x31, 0x00, 0x08, 0x00
    .byte 0x00, 0x00, 0x14, 0xb5, 0xfb, 0x21, 0x02, 0x2c, 0x02, 0x00, 0x00, 0x00, 0x15, 0x01, 0x18, 0x70
    .byte 0x28, 0x00, 0x02, 0x2b, 0x00, 0x02, 0x32, 0x00, 0x00, 0x00, 0x00, 0x00, 0x14, 0x63, 0xf9, 0x21
    .byte 0x02, 0x29, 0x00, 0xff, 0x32, 0x00, 0x00, 0x00, 0x00, 0x00, 0x14, 0x5d, 0xf7, 0x21, 0x02, 0x2c
    .byte 0x01, 0x00, 0x00, 0x00, 0x2c, 0x65, 0x01, 0x00, 0x00, 0x15, 0x1f, 0x18, 0x70, 0x05, 0x00, 0x00
    .byte 0x00, 0x00, 0x00, 0x17, 0x00, 0x15, 0x20, 0x18, 0x70, 0x05, 0x00, 0x10, 0x00, 0x00, 0x00, 0x17
    .byte 0x00, 0x15, 0x27, 0x18, 0x70, 0x17, 0x00, 0x2c, 0xff, 0xff, 0xff, 0xff, 0x2c, 0xff, 0xff, 0xff
    .byte 0xff, 0x2c, 0xff, 0xff, 0xff, 0xff, 0x15, 0x33, 0x25, 0x5e, 0xf9, 0x21, 0x02, 0x29, 0x00, 0xff
    .byte 0x32, 0x00, 0x01, 0x00, 0x00, 0x00, 0x14, 0xa9, 0xf7, 0x21, 0x02, 0x2c, 0x01, 0x00, 0x00, 0x00
    .byte 0x2c, 0x65, 0x01, 0x00, 0x00, 0x15, 0x1f, 0x18, 0x70, 0x24, 0x00, 0x0c, 0x00, 0x00, 0x00, 0x17
    .byte 0x00, 0x15, 0x20, 0x18, 0x70, 0x05, 0x00, 0x0c, 0x00, 0x00, 0x00, 0x17, 0x00, 0x15, 0x27, 0x18
    .byte 0x70, 0x17, 0x00, 0x2c, 0xff, 0xff, 0xff, 0xff, 0x2c, 0xff, 0xff, 0xff, 0xff, 0x2c, 0xff, 0xff
    .byte 0xff, 0xff, 0x15, 0x33, 0x25, 0x5e, 0xf9, 0x21, 0x02, 0x29, 0x00, 0xff, 0x32, 0x00, 0x02, 0x00
    .byte 0x00, 0x00, 0x14, 0xf5, 0xf7, 0x21, 0x02, 0x2c, 0x01, 0x00, 0x00, 0x00, 0x2c, 0x65, 0x01, 0x00
    .byte 0x00, 0x15, 0x1f, 0x18, 0x70, 0x24, 0x00, 0x10, 0x00, 0x00, 0x00, 0x17, 0x00, 0x15, 0x20, 0x18
    .byte 0x70, 0x05, 0x00, 0x00, 0x00, 0x00, 0x00, 0x17, 0x00, 0x15, 0x27, 0x18, 0x70, 0x17, 0x00, 0x2c
    .byte 0xff, 0xff, 0xff, 0xff, 0x2c, 0xff, 0xff, 0xff, 0xff, 0x2c, 0xff, 0xff, 0xff, 0xff, 0x15, 0x33
    .byte 0x25, 0x5e, 0xf9, 0x21, 0x02, 0x29, 0x00, 0xff, 0x32, 0x00, 0x03, 0x00, 0x00, 0x00, 0x14, 0x41
    .byte 0xf8, 0x21, 0x02, 0x2c, 0x01, 0x00, 0x00, 0x00, 0x2c, 0x65, 0x01, 0x00, 0x00, 0x15, 0x1f, 0x18
    .byte 0x70, 0x24, 0x00, 0x0c, 0x00, 0x00, 0x00, 0x17, 0x00, 0x15, 0x20, 0x18, 0x70, 0x24, 0x00, 0x0c
    .byte 0x00, 0x00, 0x00, 0x17, 0x00, 0x15, 0x27, 0x18, 0x70, 0x17, 0x00, 0x2c, 0xff, 0xff, 0xff, 0xff
    .byte 0x2c, 0xff, 0xff, 0xff, 0xff, 0x2c, 0xff, 0xff, 0xff, 0xff, 0x15, 0x33, 0x25, 0x5e, 0xf9, 0x21
    .byte 0x02, 0x29, 0x00, 0xff, 0x32, 0x00, 0x04, 0x00, 0x00, 0x00, 0x14, 0x8d, 0xf8, 0x21, 0x02, 0x2c
    .byte 0x01, 0x00, 0x00, 0x00, 0x2c, 0x65, 0x01, 0x00, 0x00, 0x15, 0x1f, 0x18, 0x70, 0x05, 0x00, 0x00
    .byte 0x00, 0x00, 0x00, 0x17, 0x00, 0x15, 0x20, 0x18, 0x70, 0x24, 0x00, 0x10, 0x00, 0x00, 0x00, 0x17
    .byte 0x00, 0x15, 0x27, 0x18, 0x70, 0x17, 0x00, 0x2c, 0xff, 0xff, 0xff, 0xff, 0x2c, 0xff, 0xff, 0xff
    .byte 0xff, 0x2c, 0xff, 0xff, 0xff, 0xff, 0x15, 0x33, 0x25, 0x5e, 0xf9, 0x21, 0x02, 0x29, 0x00, 0xff
    .byte 0x32, 0x00, 0x05, 0x00, 0x00, 0x00, 0x14, 0xd9, 0xf8, 0x21, 0x02, 0x2c, 0x01, 0x00, 0x00, 0x00
    .byte 0x2c, 0x65, 0x01, 0x00, 0x00, 0x15, 0x1f, 0x18, 0x70, 0x05, 0x00, 0x0c, 0x00, 0x00, 0x00, 0x17
    .byte 0x00, 0x15, 0x20, 0x18, 0x70, 0x24, 0x00, 0x0c, 0x00, 0x00, 0x00, 0x17, 0x00, 0x15, 0x27, 0x18
    .byte 0x70, 0x17, 0x00, 0x2c, 0xff, 0xff, 0xff, 0xff, 0x2c, 0xff, 0xff, 0xff, 0xff, 0x2c, 0xff, 0xff
    .byte 0xff, 0xff, 0x15, 0x33, 0x25, 0x5e, 0xf9, 0x21, 0x02, 0x29, 0x00, 0xff, 0x32, 0x00, 0x06, 0x00
    .byte 0x00, 0x00, 0x14, 0x25, 0xf9, 0x21, 0x02, 0x2c, 0x01, 0x00, 0x00, 0x00, 0x2c, 0x65, 0x01, 0x00
    .byte 0x00, 0x15, 0x1f, 0x18, 0x70, 0x05, 0x00, 0x10, 0x00, 0x00, 0x00, 0x17, 0x00, 0x15, 0x20, 0x18
    .byte 0x70, 0x05, 0x00, 0x00, 0x00, 0x00, 0x00, 0x17, 0x00, 0x15, 0x27, 0x18, 0x70, 0x17, 0x00, 0x2c
    .byte 0xff, 0xff, 0xff, 0xff, 0x2c, 0xff, 0xff, 0xff, 0xff, 0x2c, 0xff, 0xff, 0xff, 0xff, 0x15, 0x33
    .byte 0x25, 0x5e, 0xf9, 0x21, 0x02, 0x2c, 0x01, 0x00, 0x00, 0x00, 0x2c, 0x65, 0x01, 0x00, 0x00, 0x15
    .byte 0x1f, 0x18, 0x70, 0x05, 0x00, 0x0c, 0x00, 0x00, 0x00, 0x17, 0x00, 0x15, 0x20, 0x18, 0x70, 0x05
    .byte 0x00, 0x0c, 0x00, 0x00, 0x00, 0x17, 0x00, 0x15, 0x27, 0x18, 0x70, 0x17, 0x00, 0x2c, 0xff, 0xff
    .byte 0xff, 0xff, 0x2c, 0xff, 0xff, 0xff, 0xff, 0x2c, 0xff, 0xff, 0xff, 0xff, 0x15, 0x33, 0x25, 0xb0
    .byte 0xfb, 0x21, 0x02, 0x29, 0x00, 0xff, 0x32, 0x00, 0x00, 0x00, 0x00, 0x00, 0x14, 0xaf, 0xf9, 0x21
    .byte 0x02, 0x2c, 0x01, 0x00, 0x00, 0x00, 0x2c, 0x64, 0x01, 0x00, 0x00, 0x15, 0x1f, 0x18, 0x70, 0x05
    .byte 0x00, 0x00, 0x00, 0x00, 0x00, 0x17, 0x00, 0x15, 0x20, 0x18, 0x70, 0x05, 0x00, 0x10, 0x00, 0x00
    .byte 0x00, 0x17, 0x00, 0x15, 0x27, 0x18, 0x70, 0x17, 0x00, 0x2c, 0xff, 0xff, 0xff, 0xff, 0x2c, 0xff
    .byte 0xff, 0xff, 0xff, 0x2c, 0xff, 0xff, 0xff, 0xff, 0x15, 0x33, 0x25, 0xb0, 0xfb, 0x21, 0x02, 0x29
    .byte 0x00, 0xff, 0x32, 0x00, 0x01, 0x00, 0x00, 0x00, 0x14, 0xfb, 0xf9, 0x21, 0x02, 0x2c, 0x01, 0x00
    .byte 0x00, 0x00, 0x2c, 0x64, 0x01, 0x00, 0x00, 0x15, 0x1f, 0x18, 0x70, 0x24, 0x00, 0x0c, 0x00, 0x00
    .byte 0x00, 0x17, 0x00, 0x15, 0x20, 0x18, 0x70, 0x05, 0x00, 0x0c, 0x00, 0x00, 0x00, 0x17, 0x00, 0x15
    .byte 0x27, 0x18, 0x70, 0x17, 0x00, 0x2c, 0xff, 0xff, 0xff, 0xff, 0x2c, 0xff, 0xff, 0xff, 0xff, 0x2c
    .byte 0xff, 0xff, 0xff, 0xff, 0x15, 0x33, 0x25, 0xb0, 0xfb, 0x21, 0x02, 0x29, 0x00, 0xff, 0x32, 0x00
    .byte 0x02, 0x00, 0x00, 0x00, 0x14, 0x47, 0xfa, 0x21, 0x02, 0x2c, 0x01, 0x00, 0x00, 0x00, 0x2c, 0x64
    .byte 0x01, 0x00, 0x00, 0x15, 0x1f, 0x18, 0x70, 0x24, 0x00, 0x10, 0x00, 0x00, 0x00, 0x17, 0x00, 0x15
    .byte 0x20, 0x18, 0x70, 0x05, 0x00, 0x00, 0x00, 0x00, 0x00, 0x17, 0x00, 0x15, 0x27, 0x18, 0x70, 0x17
    .byte 0x00, 0x2c, 0xff, 0xff, 0xff, 0xff, 0x2c, 0xff, 0xff, 0xff, 0xff, 0x2c, 0xff, 0xff, 0xff, 0xff
    .byte 0x15, 0x33, 0x25, 0xb0, 0xfb, 0x21, 0x02, 0x29, 0x00, 0xff, 0x32, 0x00, 0x03, 0x00, 0x00, 0x00
    .byte 0x14, 0x93, 0xfa, 0x21, 0x02, 0x2c, 0x01, 0x00, 0x00, 0x00, 0x2c, 0x64, 0x01, 0x00, 0x00, 0x15
    .byte 0x1f, 0x18, 0x70, 0x24, 0x00, 0x0c, 0x00, 0x00, 0x00, 0x17, 0x00, 0x15, 0x20, 0x18, 0x70, 0x24
    .byte 0x00, 0x0c, 0x00, 0x00, 0x00, 0x17, 0x00, 0x15, 0x27, 0x18, 0x70, 0x17, 0x00, 0x2c, 0xff, 0xff
    .byte 0xff, 0xff, 0x2c, 0xff, 0xff, 0xff, 0xff, 0x2c, 0xff, 0xff, 0xff, 0xff, 0x15, 0x33, 0x25, 0xb0
    .byte 0xfb, 0x21, 0x02, 0x29, 0x00, 0xff, 0x32, 0x00, 0x04, 0x00, 0x00, 0x00, 0x14, 0xdf, 0xfa, 0x21
    .byte 0x02, 0x2c, 0x01, 0x00, 0x00, 0x00, 0x2c, 0x64, 0x01, 0x00, 0x00, 0x15, 0x1f, 0x18, 0x70, 0x05
    .byte 0x00, 0x00, 0x00, 0x00, 0x00, 0x17, 0x00, 0x15, 0x20, 0x18, 0x70, 0x24, 0x00, 0x10, 0x00, 0x00
    .byte 0x00, 0x17, 0x00, 0x15, 0x27, 0x18, 0x70, 0x17, 0x00, 0x2c, 0xff, 0xff, 0xff, 0xff, 0x2c, 0xff
    .byte 0xff, 0xff, 0xff, 0x2c, 0xff, 0xff, 0xff, 0xff, 0x15, 0x33, 0x25, 0xb0, 0xfb, 0x21, 0x02, 0x29
    .byte 0x00, 0xff, 0x32, 0x00, 0x05, 0x00, 0x00, 0x00, 0x14, 0x2b, 0xfb, 0x21, 0x02, 0x2c, 0x01, 0x00
    .byte 0x00, 0x00, 0x2c, 0x64, 0x01, 0x00, 0x00, 0x15, 0x1f, 0x18, 0x70, 0x05, 0x00, 0x0c, 0x00, 0x00
    .byte 0x00, 0x17, 0x00, 0x15, 0x20, 0x18, 0x70, 0x24, 0x00, 0x0c, 0x00, 0x00, 0x00, 0x17, 0x00, 0x15
    .byte 0x27, 0x18, 0x70, 0x17, 0x00, 0x2c, 0xff, 0xff, 0xff, 0xff, 0x2c, 0xff, 0xff, 0xff, 0xff, 0x2c
    .byte 0xff, 0xff, 0xff, 0xff, 0x15, 0x33, 0x25, 0xb0, 0xfb, 0x21, 0x02, 0x29, 0x00, 0xff, 0x32, 0x00
    .byte 0x06, 0x00, 0x00, 0x00, 0x14, 0x77, 0xfb, 0x21, 0x02, 0x2c, 0x01, 0x00, 0x00, 0x00, 0x2c, 0x64
    .byte 0x01, 0x00, 0x00, 0x15, 0x1f, 0x18, 0x70, 0x05, 0x00, 0x10, 0x00, 0x00, 0x00, 0x17, 0x00, 0x15
    .byte 0x20, 0x18, 0x70, 0x05, 0x00, 0x00, 0x00, 0x00, 0x00, 0x17, 0x00, 0x15, 0x27, 0x18, 0x70, 0x17
    .byte 0x00, 0x2c, 0xff, 0xff, 0xff, 0xff, 0x2c, 0xff, 0xff, 0xff, 0xff, 0x2c, 0xff, 0xff, 0xff, 0xff
    .byte 0x15, 0x33, 0x25, 0xb0, 0xfb, 0x21, 0x02, 0x2c, 0x01, 0x00, 0x00, 0x00, 0x2c, 0x64, 0x01, 0x00
    .byte 0x00, 0x15, 0x1f, 0x18, 0x70, 0x05, 0x00, 0x0c, 0x00, 0x00, 0x00, 0x17, 0x00, 0x15, 0x20, 0x18
    .byte 0x70, 0x05, 0x00, 0x0c, 0x00, 0x00, 0x00, 0x17, 0x00, 0x15, 0x27, 0x18, 0x70, 0x17, 0x00, 0x2c
    .byte 0xff, 0xff, 0xff, 0xff, 0x2c, 0xff, 0xff, 0xff, 0xff, 0x2c, 0xff, 0xff, 0xff, 0xff, 0x15, 0x33
    .byte 0x25, 0x02, 0xfe, 0x21, 0x02, 0x29, 0x00, 0xff, 0x32, 0x00, 0x00, 0x00, 0x00, 0x00, 0x14, 0x01
    .byte 0xfc, 0x21, 0x02, 0x2c, 0x01, 0x00, 0x00, 0x00, 0x2c, 0x64, 0x01, 0x00, 0x00, 0x15, 0x1f, 0x18
    .byte 0x70, 0x05, 0x00, 0x00, 0x00, 0x00, 0x00, 0x17, 0x00, 0x15, 0x20, 0x18, 0x70, 0x05, 0x00, 0x10
    .byte 0x00, 0x00, 0x00, 0x17, 0x00, 0x15, 0x27, 0x18, 0x70, 0x17, 0x00, 0x2c, 0xff, 0xff, 0xff, 0xff
    .byte 0x2c, 0xff, 0xff, 0xff, 0xff, 0x2c, 0xff, 0xff, 0xff, 0xff, 0x15, 0x33, 0x25, 0x02, 0xfe, 0x21
    .byte 0x02, 0x29, 0x00, 0xff, 0x32, 0x00, 0x01, 0x00, 0x00, 0x00, 0x14, 0x4d, 0xfc, 0x21, 0x02, 0x2c
    .byte 0x01, 0x00, 0x00, 0x00, 0x2c, 0x64, 0x01, 0x00, 0x00, 0x15, 0x1f, 0x18, 0x70, 0x24, 0x00, 0x0c
    .byte 0x00, 0x00, 0x00, 0x17, 0x00, 0x15, 0x20, 0x18, 0x70, 0x05, 0x00, 0x0c, 0x00, 0x00, 0x00, 0x17
    .byte 0x00, 0x15, 0x27, 0x18, 0x70, 0x17, 0x00, 0x2c, 0xff, 0xff, 0xff, 0xff, 0x2c, 0xff, 0xff, 0xff
    .byte 0xff, 0x2c, 0xff, 0xff, 0xff, 0xff, 0x15, 0x33, 0x25, 0x02, 0xfe, 0x21, 0x02, 0x29, 0x00, 0xff
    .byte 0x32, 0x00, 0x02, 0x00, 0x00, 0x00, 0x14, 0x99, 0xfc, 0x21, 0x02, 0x2c, 0x01, 0x00, 0x00, 0x00
    .byte 0x2c, 0x64, 0x01, 0x00, 0x00, 0x15, 0x1f, 0x18, 0x70, 0x24, 0x00, 0x10, 0x00, 0x00, 0x00, 0x17
    .byte 0x00, 0x15, 0x20, 0x18, 0x70, 0x05, 0x00, 0x00, 0x00, 0x00, 0x00, 0x17, 0x00, 0x15, 0x27, 0x18
    .byte 0x70, 0x17, 0x00, 0x2c, 0xff, 0xff, 0xff, 0xff, 0x2c, 0xff, 0xff, 0xff, 0xff, 0x2c, 0xff, 0xff
    .byte 0xff, 0xff, 0x15, 0x33, 0x25, 0x02, 0xfe, 0x21, 0x02, 0x29, 0x00, 0xff, 0x32, 0x00, 0x03, 0x00
    .byte 0x00, 0x00, 0x14, 0xe5, 0xfc, 0x21, 0x02, 0x2c, 0x01, 0x00, 0x00, 0x00, 0x2c, 0x64, 0x01, 0x00
    .byte 0x00, 0x15, 0x1f, 0x18, 0x70, 0x24, 0x00, 0x0c, 0x00, 0x00, 0x00, 0x17, 0x00, 0x15, 0x20, 0x18
    .byte 0x70, 0x24, 0x00, 0x0c, 0x00, 0x00, 0x00, 0x17, 0x00, 0x15, 0x27, 0x18, 0x70, 0x17, 0x00, 0x2c
    .byte 0xff, 0xff, 0xff, 0xff, 0x2c, 0xff, 0xff, 0xff, 0xff, 0x2c, 0xff, 0xff, 0xff, 0xff, 0x15, 0x33
    .byte 0x25, 0x02, 0xfe, 0x21, 0x02, 0x29, 0x00, 0xff, 0x32, 0x00, 0x04, 0x00, 0x00, 0x00, 0x14, 0x31
    .byte 0xfd, 0x21, 0x02, 0x2c, 0x01, 0x00, 0x00, 0x00, 0x2c, 0x64, 0x01, 0x00, 0x00, 0x15, 0x1f, 0x18
    .byte 0x70, 0x05, 0x00, 0x00, 0x00, 0x00, 0x00, 0x17, 0x00, 0x15, 0x20, 0x18, 0x70, 0x24, 0x00, 0x10
    .byte 0x00, 0x00, 0x00, 0x17, 0x00, 0x15, 0x27, 0x18, 0x70, 0x17, 0x00, 0x2c, 0xff, 0xff, 0xff, 0xff
    .byte 0x2c, 0xff, 0xff, 0xff, 0xff, 0x2c, 0xff, 0xff, 0xff, 0xff, 0x15, 0x33, 0x25, 0x02, 0xfe, 0x21
    .byte 0x02, 0x29, 0x00, 0xff, 0x32, 0x00, 0x05, 0x00, 0x00, 0x00, 0x14, 0x7d, 0xfd, 0x21, 0x02, 0x2c
    .byte 0x01, 0x00, 0x00, 0x00, 0x2c, 0x64, 0x01, 0x00, 0x00, 0x15, 0x1f, 0x18, 0x70, 0x05, 0x00, 0x0c
    .byte 0x00, 0x00, 0x00, 0x17, 0x00, 0x15, 0x20, 0x18, 0x70, 0x24, 0x00, 0x0c, 0x00, 0x00, 0x00, 0x17
    .byte 0x00, 0x15, 0x27, 0x18, 0x70, 0x17, 0x00, 0x2c, 0xff, 0xff, 0xff, 0xff, 0x2c, 0xff, 0xff, 0xff
    .byte 0xff, 0x2c, 0xff, 0xff, 0xff, 0xff, 0x15, 0x33, 0x25, 0x02, 0xfe, 0x21, 0x02, 0x29, 0x00, 0xff
    .byte 0x32, 0x00, 0x06, 0x00, 0x00, 0x00, 0x14, 0xc9, 0xfd, 0x21, 0x02, 0x2c, 0x01, 0x00, 0x00, 0x00
    .byte 0x2c, 0x64, 0x01, 0x00, 0x00, 0x15, 0x1f, 0x18, 0x70, 0x05, 0x00, 0x10, 0x00, 0x00, 0x00, 0x17
    .byte 0x00, 0x15, 0x20, 0x18, 0x70, 0x05, 0x00, 0x00, 0x00, 0x00, 0x00, 0x17, 0x00, 0x15, 0x27, 0x18
    .byte 0x70, 0x17, 0x00, 0x2c, 0xff, 0xff, 0xff, 0xff, 0x2c, 0xff, 0xff, 0xff, 0xff, 0x2c, 0xff, 0xff
    .byte 0xff, 0xff, 0x15, 0x33, 0x25, 0x02, 0xfe, 0x21, 0x02, 0x2c, 0x01, 0x00, 0x00, 0x00, 0x2c, 0x64
    .byte 0x01, 0x00, 0x00, 0x15, 0x1f, 0x18, 0x70, 0x05, 0x00, 0x0c, 0x00, 0x00, 0x00, 0x17, 0x00, 0x15
    .byte 0x20, 0x18, 0x70, 0x05, 0x00, 0x0c, 0x00, 0x00, 0x00, 0x17, 0x00, 0x15, 0x27, 0x18, 0x70, 0x17
    .byte 0x00, 0x2c, 0xff, 0xff, 0xff, 0xff, 0x2c, 0xff, 0xff, 0xff, 0xff, 0x2c, 0xff, 0xff, 0xff, 0xff
    .byte 0x15, 0x33, 0x25, 0x42, 0x00, 0x22, 0x02, 0x2b, 0x00, 0x02, 0x34, 0x00, 0x19, 0x00, 0x00, 0x00
    .byte 0x14, 0x42, 0x00, 0x22, 0x02, 0x29, 0x00, 0xff, 0x32, 0x00, 0x00, 0x00, 0x00, 0x00, 0x14, 0x5d
    .byte 0xfe, 0x21, 0x02, 0x2c, 0x01, 0x00, 0x00, 0x00, 0x15, 0x1f, 0x18, 0x70, 0x05, 0x00, 0x00, 0x00
    .byte 0x00, 0x00, 0x17, 0x00, 0x15, 0x20, 0x18, 0x70, 0x05, 0x00, 0x10, 0x00, 0x00, 0x00, 0x17, 0x00
    .byte 0x15, 0x27, 0x18, 0x70, 0x17, 0x00, 0x20, 0x00, 0x00, 0x20, 0x00, 0x00, 0x2c, 0xf4, 0x01, 0x00
    .byte 0x00, 0x2c, 0x2c, 0x01, 0x00, 0x00, 0x15, 0xb2, 0x25, 0x42, 0x00, 0x22, 0x02, 0x29, 0x00, 0xff
    .byte 0x32, 0x00, 0x01, 0x00, 0x00, 0x00, 0x14, 0xa5, 0xfe, 0x21, 0x02, 0x2c, 0x01, 0x00, 0x00, 0x00
    .byte 0x15, 0x1f, 0x18, 0x70, 0x24, 0x00, 0x0c, 0x00, 0x00, 0x00, 0x17, 0x00, 0x15, 0x20, 0x18, 0x70
    .byte 0x05, 0x00, 0x0c, 0x00, 0x00, 0x00, 0x17, 0x00, 0x15, 0x27, 0x18, 0x70, 0x17, 0x00, 0x20, 0x00
    .byte 0x00, 0x20, 0x00, 0x00, 0x2c, 0xf4, 0x01, 0x00, 0x00, 0x2c, 0x2c, 0x01, 0x00, 0x00, 0x15, 0xb2
    .byte 0x25, 0x42, 0x00, 0x22, 0x02, 0x29, 0x00, 0xff, 0x32, 0x00, 0x02, 0x00, 0x00, 0x00, 0x14, 0xed
    .byte 0xfe, 0x21, 0x02, 0x2c, 0x01, 0x00, 0x00, 0x00, 0x15, 0x1f, 0x18, 0x70, 0x24, 0x00, 0x10, 0x00
    .byte 0x00, 0x00, 0x17, 0x00, 0x15, 0x20, 0x18, 0x70, 0x05, 0x00, 0x00, 0x00, 0x00, 0x00, 0x17, 0x00
    .byte 0x15, 0x27, 0x18, 0x70, 0x17, 0x00, 0x20, 0x00, 0x00, 0x20, 0x00, 0x00, 0x2c, 0xf4, 0x01, 0x00
    .byte 0x00, 0x2c, 0x2c, 0x01, 0x00, 0x00, 0x15, 0xb2, 0x25, 0x42, 0x00, 0x22, 0x02, 0x29, 0x00, 0xff
    .byte 0x32, 0x00, 0x03, 0x00, 0x00, 0x00, 0x14, 0x35, 0xff, 0x21, 0x02, 0x2c, 0x01, 0x00, 0x00, 0x00
    .byte 0x15, 0x1f, 0x18, 0x70, 0x24, 0x00, 0x0c, 0x00, 0x00, 0x00, 0x17, 0x00, 0x15, 0x20, 0x18, 0x70
    .byte 0x24, 0x00, 0x0c, 0x00, 0x00, 0x00, 0x17, 0x00, 0x15, 0x27, 0x18, 0x70, 0x17, 0x00, 0x20, 0x00
    .byte 0x00, 0x20, 0x00, 0x00, 0x2c, 0xf4, 0x01, 0x00, 0x00, 0x2c, 0x2c, 0x01, 0x00, 0x00, 0x15, 0xb2
    .byte 0x25, 0x42, 0x00, 0x22, 0x02, 0x29, 0x00, 0xff, 0x32, 0x00, 0x04, 0x00, 0x00, 0x00, 0x14, 0x7d
    .byte 0xff, 0x21, 0x02, 0x2c, 0x01, 0x00, 0x00, 0x00, 0x15, 0x1f, 0x18, 0x70, 0x05, 0x00, 0x00, 0x00
    .byte 0x00, 0x00, 0x17, 0x00, 0x15, 0x20, 0x18, 0x70, 0x24, 0x00, 0x10, 0x00, 0x00, 0x00, 0x17, 0x00
    .byte 0x15, 0x27, 0x18, 0x70, 0x17, 0x00, 0x20, 0x00, 0x00, 0x20, 0x00, 0x00, 0x2c, 0xf4, 0x01, 0x00
    .byte 0x00, 0x2c, 0x2c, 0x01, 0x00, 0x00, 0x15, 0xb2, 0x25, 0x42, 0x00, 0x22, 0x02, 0x29, 0x00, 0xff
    .byte 0x32, 0x00, 0x05, 0x00, 0x00, 0x00, 0x14, 0xc5, 0xff, 0x21, 0x02, 0x2c, 0x01, 0x00, 0x00, 0x00
    .byte 0x15, 0x1f, 0x18, 0x70, 0x05, 0x00, 0x0c, 0x00, 0x00, 0x00, 0x17, 0x00, 0x15, 0x20, 0x18, 0x70
    .byte 0x24, 0x00, 0x0c, 0x00, 0x00, 0x00, 0x17, 0x00, 0x15, 0x27, 0x18, 0x70, 0x17, 0x00, 0x20, 0x00
    .byte 0x00, 0x20, 0x00, 0x00, 0x2c, 0xf4, 0x01, 0x00, 0x00, 0x2c, 0x2c, 0x01, 0x00, 0x00, 0x15, 0xb2
    .byte 0x25, 0x42, 0x00, 0x22, 0x02, 0x29, 0x00, 0xff, 0x32, 0x00, 0x06, 0x00, 0x00, 0x00, 0x14, 0x0d
    .byte 0x00, 0x22, 0x02, 0x2c, 0x01, 0x00, 0x00, 0x00, 0x15, 0x1f, 0x18, 0x70, 0x05, 0x00, 0x10, 0x00
    .byte 0x00, 0x00, 0x17, 0x00, 0x15, 0x20, 0x18, 0x70, 0x05, 0x00, 0x00, 0x00, 0x00, 0x00, 0x17, 0x00
    .byte 0x15, 0x27, 0x18, 0x70, 0x17, 0x00, 0x20, 0x00, 0x00, 0x20, 0x00, 0x00, 0x2c, 0xf4, 0x01, 0x00
    .byte 0x00, 0x2c, 0x2c, 0x01, 0x00, 0x00, 0x15, 0xb2, 0x25, 0x42, 0x00, 0x22, 0x02, 0x2c, 0x01, 0x00
    .byte 0x00, 0x00, 0x15, 0x1f, 0x18, 0x70, 0x05, 0x00, 0x0c, 0x00, 0x00, 0x00, 0x17, 0x00, 0x15, 0x20
    .byte 0x18, 0x70, 0x05, 0x00, 0x0c, 0x00, 0x00, 0x00, 0x17, 0x00, 0x15, 0x27, 0x18, 0x70, 0x17, 0x00
    .byte 0x20, 0x00, 0x00, 0x20, 0x00, 0x00, 0x2c, 0xf4, 0x01, 0x00, 0x00, 0x2c, 0x2c, 0x01, 0x00, 0x00
    .byte 0x15, 0xb2, 0x2f, 0x00, 0x2f, 0x01, 0x15, 0x57, 0x20, 0x00, 0x00, 0x15, 0x07, 0x15, 0x08, 0x00
    .byte 0x00, 0x2c, 0xda, 0x00, 0x00, 0x00, 0x2c, 0x4e, 0x02, 0x00, 0x00, 0x20, 0x00, 0x00, 0x15, 0x02
    .byte 0x2c, 0x01, 0x00, 0x00, 0x00, 0x2c, 0xe0, 0xff, 0xff, 0xff, 0x2c, 0xe0, 0xff, 0xff, 0xff, 0x2c
    .byte 0x20, 0x00, 0x00, 0x00, 0x2c, 0x20, 0x00, 0x00, 0x00, 0x15, 0x5c, 0x2c, 0x01, 0x00, 0x00, 0x00
    .byte 0x2c, 0xaf, 0x00, 0x22, 0x02, 0x15, 0x29, 0x2c, 0x01, 0x00, 0x00, 0x00, 0x15, 0xd7, 0x01, 0x94
    .byte 0x00, 0x22, 0x02, 0x00, 0x20, 0x00, 0x00, 0x15, 0x05, 0x15, 0x16, 0x2c, 0x5a, 0x00, 0x00, 0x00
    .byte 0x15, 0x01, 0x18, 0x70, 0x17, 0x00, 0x15, 0x07, 0x15, 0x08, 0x25, 0x94, 0x00, 0x22, 0x02, 0x2c
    .byte 0x1b, 0x00, 0x00, 0x00, 0x15, 0x31, 0x18, 0x70, 0x26, 0x00, 0xd2, 0x20, 0x00, 0x00, 0x2c, 0xfb
    .byte 0xe3, 0x21, 0x02, 0x15, 0x39, 0x20, 0x00, 0x00, 0x15, 0x42, 0x18, 0x70, 0x32, 0x00, 0x00, 0x00
    .byte 0x00, 0x00, 0x14, 0xdc, 0x00, 0x22, 0x02, 0x01, 0xc5, 0x00, 0x22, 0x02, 0x2c, 0x01, 0x00, 0x00
    .byte 0x00, 0x15, 0x45, 0x15, 0x8b, 0x18, 0x70, 0x32, 0x00, 0x00, 0x00, 0x00, 0x00, 0x13, 0xf7, 0x00
    .byte 0x22, 0x02, 0x01, 0xe3, 0x00, 0x22, 0x02, 0x2c, 0x8a, 0x03, 0x00, 0x00, 0x2c, 0x01, 0x00, 0x00
    .byte 0x00, 0x20, 0x00, 0x00, 0x20, 0x00, 0x00, 0x15, 0x59, 0x15, 0x5a, 0x2c, 0x11, 0x00, 0x00, 0x00
    .byte 0x2c, 0x94, 0x00, 0x22, 0x02, 0x15, 0x39, 0x00, 0x00, 0x2c, 0x3d, 0x02, 0x00, 0x00, 0x15, 0x37
    .byte 0x18, 0x70, 0x32, 0x00, 0x01, 0x00, 0x00, 0x00, 0x14, 0x30, 0x01, 0x22, 0x02, 0x15, 0x0d, 0x00
    .byte 0x2c, 0xd0, 0x02, 0x00, 0x00, 0x2c, 0x00, 0x01, 0x00, 0x00, 0x20, 0x00, 0x00, 0x15, 0x02, 0x20
    .byte 0x00, 0x00, 0x2c, 0xf0, 0xff, 0xff, 0xff, 0x15, 0xd1, 0x2c, 0x01, 0x00, 0x00, 0x00, 0x2c, 0x50
    .byte 0x03, 0x22, 0x02, 0x15, 0x29, 0x2c, 0x01, 0x00, 0x00, 0x00, 0x15, 0x7d, 0x2c, 0x01, 0x00, 0x00
    .byte 0x00, 0x2c, 0xf0, 0xff, 0xff, 0xff, 0x2c, 0xf0, 0xff, 0xff, 0xff, 0x2c, 0x10, 0x00, 0x00, 0x00
    .byte 0x2c, 0x10, 0x00, 0x00, 0x00, 0x15, 0xd8, 0x2c, 0xf0, 0xff, 0xff, 0xff, 0x2c, 0xf0, 0xff, 0xff
    .byte 0xff, 0x2c, 0x10, 0x00, 0x00, 0x00, 0x2c, 0x10, 0x00, 0x00, 0x00, 0x15, 0x72, 0x2c, 0x01, 0x00
    .byte 0x00, 0x00, 0x2c, 0xf0, 0xff, 0xff, 0xff, 0x2c, 0xf0, 0xff, 0xff, 0xff, 0x2c, 0x10, 0x00, 0x00
    .byte 0x00, 0x2c, 0x10, 0x00, 0x00, 0x00, 0x15, 0x5c, 0x20, 0x00, 0x00, 0x15, 0x09, 0x15, 0x10, 0x18
    .byte 0x70, 0x29, 0x01, 0xf1, 0x24, 0x01, 0x80, 0x00, 0x00, 0x00, 0x23, 0x10, 0x28, 0x00, 0x00, 0x15
    .byte 0x11, 0x18, 0x70, 0x15, 0x12, 0x18, 0x71, 0x23, 0x10, 0x29, 0x01, 0xf2, 0x24, 0x01, 0x60, 0x00
    .byte 0x00, 0x00, 0x23, 0x10, 0x28, 0x00, 0x01, 0x20, 0x00, 0x00, 0x2c, 0x07, 0x00, 0x00, 0x00, 0x15
    .byte 0x47, 0x18, 0x70, 0x29, 0x01, 0xf1, 0x24, 0x01, 0x80, 0x00, 0x00, 0x00, 0x23, 0x10, 0x28, 0x00
    .byte 0x02, 0x20, 0x00, 0x00, 0x2c, 0x08, 0x00, 0x00, 0x00, 0x15, 0x47, 0x18, 0x70, 0x20, 0x00, 0x00
    .byte 0x2c, 0x09, 0x00, 0x00, 0x00, 0x15, 0x47, 0x18, 0x71, 0x23, 0x10, 0x29, 0x01, 0xf2, 0x24, 0x01
    .byte 0x60, 0x00, 0x00, 0x00, 0x23, 0x10, 0x28, 0x00, 0x03, 0x2f, 0x00, 0x2f, 0x01, 0x20, 0x00, 0x00
    .byte 0x2f, 0x02, 0x2f, 0x03, 0x20, 0x00, 0x00, 0x15, 0x65, 0x18, 0x70, 0x28, 0x00, 0x04, 0x2b, 0x00
    .byte 0x04, 0x34, 0x00, 0x30, 0x00, 0x00, 0x00, 0x14, 0x41, 0x02, 0x22, 0x02, 0x25, 0x4f, 0x02, 0x22
    .byte 0x02, 0x2c, 0x01, 0x00, 0x00, 0x00, 0x15, 0x07, 0x15, 0x08, 0x25, 0xad, 0x01, 0x22, 0x02, 0x15
    .byte 0x10, 0x18, 0x70, 0x29, 0x01, 0xf1, 0x24, 0x01, 0x80, 0x00, 0x00, 0x00, 0x23, 0x10, 0x28, 0x00
    .byte 0x00, 0x15, 0x11, 0x18, 0x70, 0x15, 0x12, 0x18, 0x71, 0x23, 0x10, 0x29, 0x01, 0xf2, 0x24, 0x01
    .byte 0x60, 0x00, 0x00, 0x00, 0x23, 0x10, 0x28, 0x00, 0x01, 0x20, 0x00, 0x00, 0x2c, 0x07, 0x00, 0x00
    .byte 0x00, 0x15, 0x47, 0x18, 0x70, 0x29, 0x01, 0xf1, 0x24, 0x01, 0x80, 0x00, 0x00, 0x00, 0x23, 0x10
    .byte 0x28, 0x00, 0x02, 0x20, 0x00, 0x00, 0x2c, 0x08, 0x00, 0x00, 0x00, 0x15, 0x47, 0x18, 0x70, 0x20
    .byte 0x00, 0x00, 0x2c, 0x09, 0x00, 0x00, 0x00, 0x15, 0x47, 0x18, 0x71, 0x23, 0x10, 0x29, 0x01, 0xf2
    .byte 0x24, 0x01, 0x60, 0x00, 0x00, 0x00, 0x23, 0x10, 0x28, 0x00, 0x03, 0x2f, 0x00, 0x2f, 0x01, 0x20
    .byte 0x00, 0x00, 0x2f, 0x02, 0x2f, 0x03, 0x20, 0x00, 0x00, 0x15, 0x65, 0x18, 0x70, 0x31, 0x00, 0x30
    .byte 0x00, 0x00, 0x00, 0x14, 0xdd, 0x02, 0x22, 0x02, 0x25, 0x4a, 0x03, 0x22, 0x02, 0x03, 0x00, 0xe8
    .byte 0x83, 0x00, 0x00, 0x28, 0x00, 0x06, 0x03, 0x00, 0x02, 0x00, 0x00, 0x00, 0x28, 0x00, 0x07, 0x2c
    .byte 0x1e, 0x00, 0x00, 0x00, 0x2c, 0x92, 0x13, 0x00, 0x00, 0x2c, 0x78, 0x10, 0x00, 0x00, 0x2c, 0x93
    .byte 0x13, 0x00, 0x00, 0x20, 0x00, 0x00, 0x15, 0x10, 0x18, 0x70, 0x17, 0x00, 0x15, 0x11, 0x18, 0x70
    .byte 0x15, 0x12, 0x18, 0x71, 0x23, 0x10, 0x17, 0x00, 0x15, 0x53, 0x2c, 0x1a, 0x00, 0x00, 0x00, 0x2c
    .byte 0x38, 0x00, 0x00, 0x00, 0x20, 0x00, 0x00, 0x2c, 0x38, 0x00, 0x00, 0x00, 0x15, 0x0c, 0x03, 0x00
    .byte 0x5a, 0x00, 0x00, 0x00, 0x2c, 0x08, 0x00, 0x00, 0x00, 0x15, 0x01, 0x18, 0x71, 0x04, 0x10, 0x17
    .byte 0x00, 0x15, 0x07, 0x15, 0x08, 0x25, 0x4f, 0x02, 0x22, 0x02, 0x25, 0xad, 0x01, 0x22, 0x02, 0x00
    .byte 0x2c, 0x1b, 0x00, 0x00, 0x00, 0x15, 0x31, 0x18, 0x70, 0x26, 0x00, 0xd2, 0x20, 0x00, 0x00, 0x2c
    .byte 0xfb, 0xe3, 0x21, 0x02, 0x15, 0x39, 0x20, 0x00, 0x00, 0x15, 0x42, 0x18, 0x70, 0x32, 0x00, 0x00
    .byte 0x00, 0x00, 0x00, 0x14, 0x7d, 0x03, 0x22, 0x02, 0x01, 0x66, 0x03, 0x22, 0x02, 0x20, 0x00, 0x00
    .byte 0x2c, 0xfa, 0xe4, 0x21, 0x02, 0x15, 0x39, 0x20, 0x00, 0x00, 0x15, 0x42, 0x18, 0x70, 0x32, 0x00
    .byte 0x00, 0x00, 0x00, 0x00, 0x14, 0x9e, 0x03, 0x22, 0x02, 0x01, 0x87, 0x03, 0x22, 0x02, 0x2c, 0x1e
    .byte 0x00, 0x00, 0x00, 0x15, 0x07, 0x15, 0x08, 0x03, 0x00, 0x09, 0x00, 0x00, 0x00, 0x26, 0x00, 0x66
    .byte 0x03, 0x00, 0x5a, 0x01, 0x00, 0x00, 0x26, 0x00, 0xd9, 0x03, 0x00, 0x09, 0x00, 0x00, 0x00, 0x32
    .byte 0x00, 0x01, 0x00, 0x00, 0x00, 0x13, 0xdb, 0x03, 0x22, 0x02, 0x03, 0x00, 0x09, 0x00, 0x00, 0x00
    .byte 0x32, 0x00, 0x08, 0x00, 0x00, 0x00, 0x14, 0xe9, 0x03, 0x22, 0x02, 0x03, 0x00, 0x01, 0x00, 0x00
    .byte 0x00, 0x36, 0x00, 0x00, 0x25, 0xf2, 0x03, 0x22, 0x02, 0x03, 0x00, 0x01, 0x00, 0x00, 0x00, 0x26
    .byte 0x00, 0x63, 0x03, 0x00, 0x09, 0x00, 0x00, 0x00, 0x32, 0x00, 0x01, 0x00, 0x00, 0x00, 0x14, 0x23
    .byte 0x04, 0x22, 0x02, 0x20, 0x00, 0x00, 0x2c, 0x0f, 0x00, 0x00, 0x00, 0x15, 0xe0, 0x2c, 0x15, 0x00
    .byte 0x00, 0x00, 0x2c, 0x9d, 0x00, 0x00, 0x00, 0x2c, 0x7f, 0x00, 0x00, 0x00, 0x15, 0x0a, 0x25, 0x43
    .byte 0x05, 0x22, 0x02, 0x03, 0x00, 0x09, 0x00, 0x00, 0x00, 0x32, 0x00, 0x08, 0x00, 0x00, 0x00, 0x14
    .byte 0x54, 0x04, 0x22, 0x02, 0x20, 0x00, 0x00, 0x2c, 0x0f, 0x00, 0x00, 0x00, 0x15, 0xe0, 0x2c, 0x15
    .byte 0x00, 0x00, 0x00, 0x2c, 0x9c, 0x00, 0x00, 0x00, 0x2c, 0x7f, 0x00, 0x00, 0x00, 0x15, 0x0a, 0x25
    .byte 0x43, 0x05, 0x22, 0x02, 0x03, 0x00, 0x09, 0x00, 0x00, 0x00, 0x32, 0x00, 0x03, 0x00, 0x00, 0x00
    .byte 0x14, 0xac, 0x04, 0x22, 0x02, 0x03, 0x00, 0x5a, 0x01, 0x00, 0x00, 0x32, 0x00, 0x3e, 0x00, 0x00
    .byte 0x00, 0x14, 0x96, 0x04, 0x22, 0x02, 0x20, 0x00, 0x00, 0x2c, 0x75, 0x00, 0x00, 0x00, 0x15, 0xe0
    .byte 0x2c, 0x15, 0x00, 0x00, 0x00, 0x2c, 0x9d, 0x00, 0x00, 0x00, 0x2c, 0x7f, 0x00, 0x00, 0x00, 0x15
    .byte 0x0a, 0x25, 0xa7, 0x04, 0x22, 0x02, 0x2c, 0x15, 0x00, 0x00, 0x00, 0x2c, 0x9d, 0x00, 0x00, 0x00
    .byte 0x2c, 0x7f, 0x00, 0x00, 0x00, 0x15, 0x0a, 0x25, 0x43, 0x05, 0x22, 0x02, 0x03, 0x00, 0x09, 0x00
    .byte 0x00, 0x00, 0x32, 0x00, 0x09, 0x00, 0x00, 0x00, 0x14, 0xd3, 0x04, 0x22, 0x02, 0x2c, 0x15, 0x00
    .byte 0x00, 0x00, 0x2c, 0x9c, 0x00, 0x00, 0x00, 0x2c, 0x7f, 0x00, 0x00, 0x00, 0x15, 0x0a, 0x25, 0x43
    .byte 0x05, 0x22, 0x02, 0x03, 0x00, 0x09, 0x00, 0x00, 0x00, 0x32, 0x00, 0x04, 0x00, 0x00, 0x00, 0x14
    .byte 0xfa, 0x04, 0x22, 0x02, 0x2c, 0x15, 0x00, 0x00, 0x00, 0x2c, 0x9c, 0x00, 0x00, 0x00, 0x2c, 0x7f
    .byte 0x00, 0x00, 0x00, 0x15, 0x0a, 0x25, 0x43, 0x05, 0x22, 0x02, 0x03, 0x00, 0x09, 0x00, 0x00, 0x00
    .byte 0x32, 0x00, 0x0a, 0x00, 0x00, 0x00, 0x14, 0x21, 0x05, 0x22, 0x02, 0x2c, 0x15, 0x00, 0x00, 0x00
    .byte 0x2c, 0x9d, 0x00, 0x00, 0x00, 0x2c, 0x7f, 0x00, 0x00, 0x00, 0x15, 0x0a, 0x25, 0x43, 0x05, 0x22
    .byte 0x02, 0x03, 0x00, 0x09, 0x00, 0x00, 0x00, 0x32, 0x00, 0x0b, 0x00, 0x00, 0x00, 0x14, 0x43, 0x05
    .byte 0x22, 0x02, 0x2c, 0x15, 0x00, 0x00, 0x00, 0x2c, 0x9c, 0x00, 0x00, 0x00, 0x2c, 0x7f, 0x00, 0x00
    .byte 0x00, 0x15, 0x0a, 0x20, 0x00, 0x00, 0x2c, 0x0b, 0xe1, 0x21, 0x02, 0x15, 0x39, 0x20, 0x00, 0x00
    .byte 0x15, 0x42, 0x18, 0x70, 0x32, 0x00, 0x00, 0x00, 0x00, 0x00, 0x14, 0x64, 0x05, 0x22, 0x02, 0x01
    .byte 0x4d, 0x05, 0x22, 0x02, 0x20, 0x00, 0x00, 0x2c, 0x4d, 0xe4, 0x21, 0x02, 0x15, 0x39, 0x20, 0x00
    .byte 0x00, 0x15, 0x42, 0x18, 0x70, 0x32, 0x00, 0x00, 0x00, 0x00, 0x00, 0x14, 0x85, 0x05, 0x22, 0x02
    .byte 0x01, 0x6e, 0x05, 0x22, 0x02, 0x2c, 0x5a, 0x01, 0x00, 0x00, 0x2c, 0x01, 0x00, 0x00, 0x00, 0x15
    .byte 0x76, 0x2c, 0x3d, 0x02, 0x00, 0x00, 0x15, 0x35, 0x20, 0x00, 0x00, 0x2c, 0xff, 0xff, 0xff, 0xff
    .byte 0x2c, 0xff, 0xff, 0xff, 0xff, 0x2c, 0xff, 0xff, 0xff, 0xff, 0x15, 0x89, 0x2c, 0x1b, 0x00, 0x00
    .byte 0x00, 0x15, 0x31, 0x18, 0x70, 0x17, 0x00, 0x2c, 0xb5, 0xdf, 0x21, 0x02, 0x15, 0x39, 0x00, 0x2c
    .byte 0x01, 0x00, 0x00, 0x00, 0x2c, 0xef, 0x07, 0x22, 0x02, 0x15, 0x39, 0x2c, 0x01, 0x00, 0x00, 0x00
    .byte 0x15, 0x42, 0x18, 0x70, 0x32, 0x00, 0x00, 0x00, 0x00, 0x00, 0x14, 0xe4, 0x05, 0x22, 0x02, 0x01
    .byte 0xcb, 0x05, 0x22, 0x02, 0x03, 0x00, 0x0b, 0x00, 0x00, 0x00, 0x26, 0x00, 0x66, 0x29, 0x00, 0x15
    .byte 0x26, 0x00, 0xd9, 0x03, 0x00, 0x0b, 0x00, 0x00, 0x00, 0x32, 0x00, 0x01, 0x00, 0x00, 0x00, 0x13
    .byte 0x15, 0x06, 0x22, 0x02, 0x03, 0x00, 0x0b, 0x00, 0x00, 0x00, 0x32, 0x00, 0x08, 0x00, 0x00, 0x00
    .byte 0x14, 0x23, 0x06, 0x22, 0x02, 0x03, 0x00, 0x01, 0x00, 0x00, 0x00, 0x36, 0x00, 0x00, 0x25, 0x2c
    .byte 0x06, 0x22, 0x02, 0x03, 0x00, 0x01, 0x00, 0x00, 0x00, 0x26, 0x00, 0x63, 0x03, 0x00, 0x0b, 0x00
    .byte 0x00, 0x00, 0x32, 0x00, 0x01, 0x00, 0x00, 0x00, 0x14, 0x5d, 0x06, 0x22, 0x02, 0x20, 0x00, 0x00
    .byte 0x2c, 0x0f, 0x00, 0x00, 0x00, 0x15, 0xe0, 0x2c, 0x15, 0x00, 0x00, 0x00, 0x2c, 0x9d, 0x00, 0x00
    .byte 0x00, 0x2c, 0x7f, 0x00, 0x00, 0x00, 0x15, 0x0a, 0x25, 0x7a, 0x07, 0x22, 0x02, 0x03, 0x00, 0x0b
    .byte 0x00, 0x00, 0x00, 0x32, 0x00, 0x08, 0x00, 0x00, 0x00, 0x14, 0x8e, 0x06, 0x22, 0x02, 0x20, 0x00
    .byte 0x00, 0x2c, 0x0f, 0x00, 0x00, 0x00, 0x15, 0xe0, 0x2c, 0x15, 0x00, 0x00, 0x00, 0x2c, 0x9c, 0x00
    .byte 0x00, 0x00, 0x2c, 0x7f, 0x00, 0x00, 0x00, 0x15, 0x0a, 0x25, 0x7a, 0x07, 0x22, 0x02, 0x03, 0x00
    .byte 0x0b, 0x00, 0x00, 0x00, 0x32, 0x00, 0x03, 0x00, 0x00, 0x00, 0x14, 0xe3, 0x06, 0x22, 0x02, 0x29
    .byte 0x00, 0x15, 0x32, 0x00, 0x3e, 0x00, 0x00, 0x00, 0x14, 0xcd, 0x06, 0x22, 0x02, 0x20, 0x00, 0x00
    .byte 0x2c, 0x75, 0x00, 0x00, 0x00, 0x15, 0xe0, 0x2c, 0x15, 0x00, 0x00, 0x00, 0x2c, 0x9d, 0x00, 0x00
    .byte 0x00, 0x2c, 0x7f, 0x00, 0x00, 0x00, 0x15, 0x0a, 0x25, 0xde, 0x06, 0x22, 0x02, 0x2c, 0x15, 0x00
    .byte 0x00, 0x00, 0x2c, 0x9d, 0x00, 0x00, 0x00, 0x2c, 0x7f, 0x00, 0x00, 0x00, 0x15, 0x0a, 0x25, 0x7a
    .byte 0x07, 0x22, 0x02, 0x03, 0x00, 0x0b, 0x00, 0x00, 0x00, 0x32, 0x00, 0x09, 0x00, 0x00, 0x00, 0x14
    .byte 0x0a, 0x07, 0x22, 0x02, 0x2c, 0x15, 0x00, 0x00, 0x00, 0x2c, 0x9c, 0x00, 0x00, 0x00, 0x2c, 0x7f
    .byte 0x00, 0x00, 0x00, 0x15, 0x0a, 0x25, 0x7a, 0x07, 0x22, 0x02, 0x03, 0x00, 0x0b, 0x00, 0x00, 0x00
    .byte 0x32, 0x00, 0x04, 0x00, 0x00, 0x00, 0x14, 0x31, 0x07, 0x22, 0x02, 0x2c, 0x15, 0x00, 0x00, 0x00
    .byte 0x2c, 0x9c, 0x00, 0x00, 0x00, 0x2c, 0x7f, 0x00, 0x00, 0x00, 0x15, 0x0a, 0x25, 0x7a, 0x07, 0x22
    .byte 0x02, 0x03, 0x00, 0x0b, 0x00, 0x00, 0x00, 0x32, 0x00, 0x0a, 0x00, 0x00, 0x00, 0x14, 0x58, 0x07
    .byte 0x22, 0x02, 0x2c, 0x15, 0x00, 0x00, 0x00, 0x2c, 0x9d, 0x00, 0x00, 0x00, 0x2c, 0x7f, 0x00, 0x00
    .byte 0x00, 0x15, 0x0a, 0x25, 0x7a, 0x07, 0x22, 0x02, 0x03, 0x00, 0x0b, 0x00, 0x00, 0x00, 0x32, 0x00
    .byte 0x0b, 0x00, 0x00, 0x00, 0x14, 0x7a, 0x07, 0x22, 0x02, 0x2c, 0x15, 0x00, 0x00, 0x00, 0x2c, 0x9c
    .byte 0x00, 0x00, 0x00, 0x2c, 0x7f, 0x00, 0x00, 0x00, 0x15, 0x0a, 0x20, 0x00, 0x00, 0x2c, 0x0b, 0xe1
    .byte 0x21, 0x02, 0x15, 0x39, 0x20, 0x00, 0x00, 0x15, 0x42, 0x18, 0x70, 0x32, 0x00, 0x00, 0x00, 0x00
    .byte 0x00, 0x14, 0x9b, 0x07, 0x22, 0x02, 0x01, 0x84, 0x07, 0x22, 0x02, 0x2c, 0x97, 0x03, 0x00, 0x00
    .byte 0x15, 0x37, 0x18, 0x70, 0x32, 0x00, 0x00, 0x00, 0x00, 0x00, 0x14, 0xc0, 0x07, 0x22, 0x02, 0x2c
    .byte 0xb4, 0x03, 0x00, 0x00, 0x15, 0x35, 0x2c, 0x08, 0x00, 0x00, 0x00, 0x20, 0x00, 0x00, 0x15, 0x78
    .byte 0x2c, 0x97, 0x03, 0x00, 0x00, 0x15, 0x35, 0x2c, 0x01, 0x00, 0x00, 0x00, 0x2c, 0x0b, 0x08, 0x22
    .byte 0x02, 0x15, 0x39, 0x2c, 0x01, 0x00, 0x00, 0x00, 0x15, 0x42, 0x18, 0x70, 0x32, 0x00, 0x00, 0x00
    .byte 0x00, 0x00, 0x14, 0xec, 0x07, 0x22, 0x02, 0x01, 0xd3, 0x07, 0x22, 0x02, 0x15, 0x0d, 0x00, 0x15
    .byte 0x1f, 0x18, 0x70, 0x17, 0x00, 0x15, 0x20, 0x18, 0x70, 0x17, 0x00, 0x15, 0x27, 0x18, 0x70, 0x17
    .byte 0x00, 0x15, 0x02, 0x2c, 0x00, 0x02, 0x00, 0x00, 0x15, 0x1b, 0x00, 0x20, 0x00, 0x00, 0x15, 0x1b
    .byte 0x15, 0x2c, 0x00, 0x15, 0x0d, 0x00, 0x2c, 0x58, 0x03, 0x00, 0x00, 0x2c, 0xf8, 0x00, 0x00, 0x00
    .byte 0x20, 0x00, 0x00, 0x15, 0x02, 0x03, 0x00, 0x02, 0x00, 0x00, 0x00, 0x32, 0x00, 0x00, 0x00, 0x00
    .byte 0x00, 0x14, 0x44, 0x08, 0x22, 0x02, 0x03, 0x00, 0x5a, 0x02, 0x00, 0x00, 0x28, 0x00, 0x00, 0x25
    .byte 0x6c, 0x08, 0x22, 0x02, 0x03, 0x00, 0x02, 0x00, 0x00, 0x00, 0x32, 0x00, 0x01, 0x00, 0x00, 0x00
    .byte 0x14, 0x63, 0x08, 0x22, 0x02, 0x03, 0x00, 0x58, 0x02, 0x00, 0x00, 0x28, 0x00, 0x00, 0x25, 0x6c
    .byte 0x08, 0x22, 0x02, 0x03, 0x00, 0x59, 0x02, 0x00, 0x00, 0x28, 0x00, 0x00, 0x29, 0x00, 0x15, 0x2b
    .byte 0x01, 0x00, 0x1c, 0x10, 0x14, 0x10, 0x09, 0x22, 0x02, 0x29, 0x00, 0xfd, 0x32, 0x00, 0x45, 0x00
    .byte 0x00, 0x00, 0x14, 0x10, 0x09, 0x22, 0x02, 0x2c, 0x00, 0x04, 0x00, 0x00, 0x15, 0x37, 0x18, 0x70
    .byte 0x14, 0x9a, 0x08, 0x22, 0x02, 0x01, 0x87, 0x08, 0x22, 0x02, 0x2c, 0xee, 0x03, 0x00, 0x00, 0x15
    .byte 0x37, 0x18, 0x70, 0x14, 0xad, 0x08, 0x22, 0x02, 0x01, 0x9a, 0x08, 0x22, 0x02, 0x2c, 0x02, 0x00
    .byte 0x00, 0x00, 0x15, 0x9b, 0x18, 0x70, 0x32, 0x00, 0x00, 0x00, 0x00, 0x00, 0x14, 0xc6, 0x08, 0x22
    .byte 0x02, 0x01, 0xad, 0x08, 0x22, 0x02, 0x20, 0x00, 0x00, 0x15, 0x9b, 0x18, 0x70, 0x14, 0xe6, 0x08
    .byte 0x22, 0x02, 0x20, 0x00, 0x00, 0x2c, 0xff, 0xff, 0xff, 0xff, 0x2c, 0xff, 0xff, 0xff, 0xff, 0x2c
    .byte 0xff, 0xff, 0xff, 0xff, 0x15, 0x89, 0x20, 0x00, 0x00, 0x15, 0x07, 0x15, 0x08, 0x29, 0x00, 0xbe
    .byte 0x2c, 0x1b, 0x00, 0x00, 0x00, 0x15, 0x31, 0x18, 0x71, 0x1f, 0x10, 0x14, 0x03, 0x09, 0x22, 0x02
    .byte 0x15, 0x0d, 0x00, 0x2c, 0x03, 0x00, 0x00, 0x00, 0x2c, 0xbf, 0x05, 0x22, 0x02, 0x15, 0x29, 0x00
    .byte 0x29, 0x00, 0xfe, 0x32, 0x00, 0x30, 0x00, 0x00, 0x00, 0x14, 0x34, 0x09, 0x22, 0x02, 0x2c, 0x02
    .byte 0x00, 0x00, 0x00, 0x2c, 0x77, 0x00, 0x00, 0x00, 0x15, 0xef, 0x18, 0x70, 0x14, 0x34, 0x09, 0x22
    .byte 0x02, 0x15, 0x0d, 0x00, 0x29, 0x00, 0xfe, 0x32, 0x00, 0x31, 0x00, 0x00, 0x00, 0x14, 0x58, 0x09
    .byte 0x22, 0x02, 0x2c, 0x02, 0x00, 0x00, 0x00, 0x2c, 0x77, 0x00, 0x00, 0x00, 0x15, 0xef, 0x18, 0x70
    .byte 0x14, 0x58, 0x09, 0x22, 0x02, 0x15, 0x0d, 0x00, 0x29, 0x00, 0xfe, 0x32, 0x00, 0x32, 0x00, 0x00
    .byte 0x00, 0x14, 0x7c, 0x09, 0x22, 0x02, 0x2c, 0x02, 0x00, 0x00, 0x00, 0x2c, 0x77, 0x00, 0x00, 0x00
    .byte 0x15, 0xef, 0x18, 0x70, 0x14, 0x7c, 0x09, 0x22, 0x02, 0x15, 0x0d, 0x00, 0x29, 0x00, 0xfe, 0x32
    .byte 0x00, 0x33, 0x00, 0x00, 0x00, 0x14, 0xa0, 0x09, 0x22, 0x02, 0x2c, 0x02, 0x00, 0x00, 0x00, 0x2c
    .byte 0x77, 0x00, 0x00, 0x00, 0x15, 0xef, 0x18, 0x70, 0x14, 0xa0, 0x09, 0x22, 0x02, 0x15, 0x0d, 0x00
    .byte 0x29, 0x00, 0xfe, 0x32, 0x00, 0x34, 0x00, 0x00, 0x00, 0x14, 0xc4, 0x09, 0x22, 0x02, 0x2c, 0x02
    .byte 0x00, 0x00, 0x00, 0x2c, 0x77, 0x00, 0x00, 0x00, 0x15, 0xef, 0x18, 0x70, 0x14, 0xc4, 0x09, 0x22
    .byte 0x02, 0x15, 0x0d, 0x00, 0x29, 0x00, 0xfe, 0x32, 0x00, 0x35, 0x00, 0x00, 0x00, 0x14, 0xe8, 0x09
    .byte 0x22, 0x02, 0x2c, 0x02, 0x00, 0x00, 0x00, 0x2c, 0x77, 0x00, 0x00, 0x00, 0x15, 0xef, 0x18, 0x70
    .byte 0x14, 0xe8, 0x09, 0x22, 0x02, 0x15, 0x0d, 0x00, 0x29, 0x00, 0xfe, 0x32, 0x00, 0x2b, 0x00, 0x00
    .byte 0x00, 0x14, 0x0d, 0x0a, 0x22, 0x02, 0x2c, 0x60, 0x01, 0x00, 0x00, 0x15, 0x37, 0x18, 0x70, 0x32
    .byte 0x00, 0x00, 0x00, 0x00, 0x00, 0x14, 0x0d, 0x0a, 0x22, 0x02, 0x15, 0x0d, 0x00, 0x20, 0x00, 0x00
    .byte 0x15, 0x94, 0x18, 0x70, 0x14, 0x1c, 0x0a, 0x22, 0x02, 0x15, 0x0d, 0x00, 0x20, 0x00, 0x00, 0x2c
    .byte 0xff, 0xff, 0xff, 0xff, 0x2c, 0xff, 0xff, 0xff, 0xff, 0x15, 0xdd, 0x18, 0x70, 0x14, 0x8f, 0x0a
    .byte 0x22, 0x02, 0x2c, 0x01, 0x00, 0x00, 0x00, 0x2c, 0xff, 0xff, 0xff, 0xff, 0x2c, 0xff, 0xff, 0xff
    .byte 0xff, 0x15, 0xdd, 0x18, 0x70, 0x32, 0x00, 0x58, 0x02, 0x00, 0x00, 0x13, 0x8c, 0x0a, 0x22, 0x02
    .byte 0x2c, 0x01, 0x00, 0x00, 0x00, 0x2c, 0xff, 0xff, 0xff, 0xff, 0x2c, 0xff, 0xff, 0xff, 0xff, 0x15
    .byte 0xdd, 0x18, 0x70, 0x32, 0x00, 0x59, 0x02, 0x00, 0x00, 0x13, 0x8c, 0x0a, 0x22, 0x02, 0x2c, 0x01
    .byte 0x00, 0x00, 0x00, 0x2c, 0xff, 0xff, 0xff, 0xff, 0x2c, 0xff, 0xff, 0xff, 0xff, 0x15, 0xdd, 0x18
    .byte 0x70, 0x32, 0x00, 0x5a, 0x02, 0x00, 0x00, 0x14, 0x8f, 0x0a, 0x22, 0x02, 0x15, 0x0d, 0x00, 0x03
    .byte 0x00, 0x00, 0x00, 0x00, 0x00, 0x28, 0x00, 0x00, 0x29, 0x00, 0x06, 0x29, 0x01, 0xfe, 0x1c, 0x10
    .byte 0x14, 0xb1, 0x0a, 0x22, 0x02, 0x2b, 0x00, 0x00, 0x05, 0x00, 0x01, 0x00, 0x00, 0x00, 0x28, 0x00
    .byte 0x00, 0x29, 0x00, 0x07, 0x32, 0x00, 0x02, 0x00, 0x00, 0x00, 0x14, 0xcb, 0x0a, 0x22, 0x02, 0x2b
    .byte 0x00, 0x00, 0x05, 0x00, 0x01, 0x00, 0x00, 0x00, 0x28, 0x00, 0x00, 0x03, 0x00, 0x2d, 0x00, 0x00
    .byte 0x00, 0x32, 0x00, 0x00, 0x10, 0x00, 0x00, 0x14, 0xed, 0x0a, 0x22, 0x02, 0x2b, 0x00, 0x00, 0x05
    .byte 0x00, 0x01, 0x00, 0x00, 0x00, 0x28, 0x00, 0x00, 0x25, 0x75, 0x0b, 0x22, 0x02, 0x03, 0x00, 0x2d
    .byte 0x00, 0x00, 0x00, 0x32, 0x00, 0x00, 0x00, 0x00, 0x00, 0x14, 0x2b, 0x0b, 0x22, 0x02, 0x29, 0x00
    .byte 0xfd, 0x31, 0x00, 0x8c, 0x00, 0x00, 0x00, 0x14, 0x26, 0x0b, 0x22, 0x02, 0x29, 0x00, 0xfd, 0x33
    .byte 0x00, 0x96, 0x00, 0x00, 0x00, 0x14, 0x26, 0x0b, 0x22, 0x02, 0x2b, 0x00, 0x00, 0x05, 0x00, 0x01
    .byte 0x00, 0x00, 0x00, 0x28, 0x00, 0x00, 0x25, 0x75, 0x0b, 0x22, 0x02, 0x29, 0x00, 0xfd, 0x32, 0x00
    .byte 0x2d, 0x00, 0x00, 0x00, 0x14, 0x4a, 0x0b, 0x22, 0x02, 0x2b, 0x00, 0x00, 0x05, 0x00, 0x01, 0x00
    .byte 0x00, 0x00, 0x28, 0x00, 0x00, 0x25, 0x75, 0x0b, 0x22, 0x02, 0x03, 0x00, 0x2d, 0x00, 0x00, 0x00
    .byte 0x34, 0x00, 0x00, 0x00, 0x00, 0x00, 0x14, 0x75, 0x0b, 0x22, 0x02, 0x29, 0x00, 0xfd, 0x35, 0x00
    .byte 0xd3, 0xff, 0xff, 0xff, 0x14, 0x75, 0x0b, 0x22, 0x02, 0x2b, 0x00, 0x00, 0x05, 0x00, 0x01, 0x00
    .byte 0x00, 0x00, 0x28, 0x00, 0x00, 0x2b, 0x00, 0x00, 0x34, 0x00, 0x03, 0x00, 0x00, 0x00, 0x14, 0x86
    .byte 0x0b, 0x22, 0x02, 0x15, 0x0d, 0x00, 0x2c, 0x01, 0x00, 0x00, 0x00, 0x15, 0x09, 0x2c, 0x49, 0x11
    .byte 0x00, 0x00, 0x2c, 0x43, 0x11, 0x00, 0x00, 0x2c, 0x4a, 0x11, 0x00, 0x00, 0x2c, 0x02, 0x00, 0x00
    .byte 0x00, 0x20, 0x00, 0x00, 0x15, 0x73, 0x03, 0x00, 0xff, 0xff, 0xff, 0xff, 0x26, 0x00, 0x06, 0x2c
    .byte 0x01, 0x00, 0x00, 0x00, 0x2c, 0xbc, 0x0b, 0x22, 0x02, 0x15, 0x29, 0x00, 0x2c, 0x08, 0x00, 0x00
    .byte 0x00, 0x2c, 0x51, 0x01, 0x00, 0x00, 0x15, 0xe0, 0x03, 0x00, 0x00, 0x00, 0x00, 0x00, 0x28, 0x00
    .byte 0x00, 0x03, 0x00, 0x01, 0x00, 0x00, 0x00, 0x28, 0x00, 0x01, 0x2c, 0x1b, 0x00, 0x00, 0x00, 0x15
    .byte 0x31, 0x18, 0x70, 0x17, 0x00, 0x2c, 0x07, 0x00, 0x00, 0x00, 0x15, 0x47, 0x18, 0x70, 0x29, 0x01
    .byte 0xf1, 0x24, 0x01, 0x80, 0x00, 0x00, 0x00, 0x23, 0x10, 0x34, 0x00, 0x20, 0x00, 0x00, 0x00, 0x14
    .byte 0x31, 0x0c, 0x22, 0x02, 0x2c, 0x1b, 0x00, 0x00, 0x00, 0x15, 0x31, 0x18, 0x70, 0x17, 0x00, 0x2c
    .byte 0x07, 0x00, 0x00, 0x00, 0x15, 0x47, 0x18, 0x70, 0x29, 0x01, 0xf1, 0x24, 0x01, 0x80, 0x00, 0x00
    .byte 0x00, 0x23, 0x10, 0x24, 0x00, 0x20, 0x00, 0x00, 0x00, 0x28, 0x00, 0x00, 0x25, 0x83, 0x0c, 0x22
    .byte 0x02, 0x2c, 0x1b, 0x00, 0x00, 0x00, 0x15, 0x31, 0x18, 0x70, 0x17, 0x00, 0x2c, 0x07, 0x00, 0x00
    .byte 0x00, 0x15, 0x47, 0x18, 0x70, 0x29, 0x01, 0xf1, 0x24, 0x01, 0x80, 0x00, 0x00, 0x00, 0x23, 0x10
    .byte 0x30, 0x00, 0xe0, 0x00, 0x00, 0x00, 0x14, 0x83, 0x0c, 0x22, 0x02, 0x2c, 0x1b, 0x00, 0x00, 0x00
    .byte 0x15, 0x31, 0x18, 0x70, 0x17, 0x00, 0x2c, 0x07, 0x00, 0x00, 0x00, 0x15, 0x47, 0x18, 0x70, 0x29
    .byte 0x01, 0xf1, 0x24, 0x01, 0x80, 0x00, 0x00, 0x00, 0x23, 0x10, 0x24, 0x00, 0xe0, 0x00, 0x00, 0x00
    .byte 0x28, 0x00, 0x00, 0x2c, 0x1b, 0x00, 0x00, 0x00, 0x15, 0x31, 0x18, 0x70, 0x17, 0x00, 0x2c, 0x08
    .byte 0x00, 0x00, 0x00, 0x15, 0x47, 0x18, 0x70, 0x2c, 0x1b, 0x00, 0x00, 0x00, 0x15, 0x31, 0x18, 0x71
    .byte 0x17, 0x10, 0x2c, 0x09, 0x00, 0x00, 0x00, 0x15, 0x47, 0x18, 0x71, 0x23, 0x10, 0x29, 0x01, 0xf2
    .byte 0x24, 0x01, 0x60, 0x00, 0x00, 0x00, 0x23, 0x10, 0x34, 0x00, 0x40, 0x00, 0x00, 0x00, 0x14, 0x06
    .byte 0x0d, 0x22, 0x02, 0x2c, 0x1b, 0x00, 0x00, 0x00, 0x15, 0x31, 0x18, 0x70, 0x17, 0x00, 0x2c, 0x08
    .byte 0x00, 0x00, 0x00, 0x15, 0x47, 0x18, 0x70, 0x2c, 0x1b, 0x00, 0x00, 0x00, 0x15, 0x31, 0x18, 0x71
    .byte 0x17, 0x10, 0x2c, 0x09, 0x00, 0x00, 0x00, 0x15, 0x47, 0x18, 0x71, 0x23, 0x10, 0x29, 0x01, 0xf2
    .byte 0x24, 0x01, 0x60, 0x00, 0x00, 0x00, 0x23, 0x10, 0x24, 0x00, 0x40, 0x00, 0x00, 0x00, 0x28, 0x00
    .byte 0x01, 0x25, 0x84, 0x0d, 0x22, 0x02, 0x2c, 0x1b, 0x00, 0x00, 0x00, 0x15, 0x31, 0x18, 0x70, 0x17
    .byte 0x00, 0x2c, 0x08, 0x00, 0x00, 0x00, 0x15, 0x47, 0x18, 0x70, 0x2c, 0x1b, 0x00, 0x00, 0x00, 0x15
    .byte 0x31, 0x18, 0x71, 0x17, 0x10, 0x2c, 0x09, 0x00, 0x00, 0x00, 0x15, 0x47, 0x18, 0x71, 0x23, 0x10
    .byte 0x29, 0x01, 0xf2, 0x24, 0x01, 0x60, 0x00, 0x00, 0x00, 0x23, 0x10, 0x30, 0x00, 0xb0, 0x00, 0x00
    .byte 0x00, 0x14, 0x84, 0x0d, 0x22, 0x02, 0x2c, 0x1b, 0x00, 0x00, 0x00, 0x15, 0x31, 0x18, 0x70, 0x17
    .byte 0x00, 0x2c, 0x08, 0x00, 0x00, 0x00, 0x15, 0x47, 0x18, 0x70, 0x2c, 0x1b, 0x00, 0x00, 0x00, 0x15
    .byte 0x31, 0x18, 0x71, 0x17, 0x10, 0x2c, 0x09, 0x00, 0x00, 0x00, 0x15, 0x47, 0x18, 0x71, 0x23, 0x10
    .byte 0x29, 0x01, 0xf2, 0x24, 0x01, 0x60, 0x00, 0x00, 0x00, 0x23, 0x10, 0x24, 0x00, 0xb0, 0x00, 0x00
    .byte 0x00, 0x28, 0x00, 0x01, 0x2b, 0x00, 0x00, 0x35, 0x00, 0x00, 0x00, 0x00, 0x00, 0x13, 0xa0, 0x0d
    .byte 0x22, 0x02, 0x2b, 0x00, 0x01, 0x35, 0x00, 0x00, 0x00, 0x00, 0x00, 0x14, 0xcb, 0x0d, 0x22, 0x02
    .byte 0x2c, 0x01, 0x00, 0x00, 0x00, 0x29, 0x00, 0xf1, 0x2b, 0x01, 0x00, 0x04, 0x10, 0x17, 0x00, 0x29
    .byte 0x00, 0xf2, 0x2b, 0x01, 0x01, 0x04, 0x10, 0x17, 0x00, 0x2c, 0x14, 0x00, 0x00, 0x00, 0x20, 0x00
    .byte 0x00, 0x15, 0x4f, 0x18, 0x70, 0x17, 0x00, 0x15, 0x07, 0x15, 0x08, 0x2c, 0x01, 0x00, 0x00, 0x00
    .byte 0x20, 0x00, 0x00, 0x15, 0x29, 0x2c, 0x1b, 0x00, 0x00, 0x00, 0x15, 0x31, 0x18, 0x70, 0x26, 0x00
    .byte 0x58, 0x20, 0x00, 0x00, 0x2c, 0x50, 0xdf, 0x21, 0x02, 0x15, 0x39, 0x20, 0x00, 0x00, 0x15, 0x42
    .byte 0x18, 0x70, 0x32, 0x00, 0x00, 0x00, 0x00, 0x00, 0x14, 0x02, 0x0e, 0x22, 0x02, 0x01, 0xeb, 0x0d
    .byte 0x22, 0x02, 0x2c, 0x1e, 0x00, 0x00, 0x00, 0x2c, 0x80, 0xa8, 0x00, 0x00, 0x2c, 0x60, 0x00, 0x00
    .byte 0x00, 0x20, 0x00, 0x00, 0x20, 0x00, 0x00, 0x15, 0x3e, 0x2c, 0x01, 0x00, 0x00, 0x00, 0x15, 0x05
    .byte 0x15, 0x16, 0x2c, 0x1e, 0x00, 0x00, 0x00, 0x15, 0x07, 0x15, 0x08, 0x20, 0x00, 0x00, 0x2c, 0x82
    .byte 0xa8, 0x00, 0x00, 0x15, 0xe0, 0x2c, 0xa7, 0x00, 0x00, 0x00, 0x15, 0x07, 0x15, 0x08, 0x20, 0x00
    .byte 0x00, 0x2c, 0x81, 0xa8, 0x00, 0x00, 0x15, 0xe0, 0x2c, 0x02, 0x00, 0x00, 0x00, 0x15, 0x05, 0x2c
    .byte 0x3c, 0x00, 0x00, 0x00, 0x15, 0x07, 0x15, 0x08, 0x2c, 0x03, 0x00, 0x00, 0x00, 0x15, 0x45, 0x15
    .byte 0x8b, 0x18, 0x70, 0x32, 0x00, 0x00, 0x00, 0x00, 0x00, 0x13, 0x73, 0x0e, 0x22, 0x02, 0x01, 0x5f
    .byte 0x0e, 0x22, 0x02, 0x2c, 0x3a, 0x02, 0x00, 0x00, 0x2c, 0x01, 0x00, 0x00, 0x00, 0x20, 0x00, 0x00
    .byte 0x20, 0x00, 0x00, 0x15, 0xb8, 0x15, 0x5a, 0x20, 0x00, 0x00, 0x2c, 0xff, 0xff, 0xff, 0xff, 0x2c
    .byte 0xff, 0xff, 0xff, 0xff, 0x15, 0xdd, 0x18, 0x70, 0x14, 0x6b, 0x0f, 0x22, 0x02, 0x2c, 0x03, 0x00
    .byte 0x00, 0x00, 0x15, 0x45, 0x15, 0x8b, 0x18, 0x70, 0x32, 0x00, 0x00, 0x00, 0x00, 0x00, 0x13, 0xb8
    .byte 0x0e, 0x22, 0x02, 0x01, 0xa4, 0x0e, 0x22, 0x02, 0x2c, 0x3b, 0x02, 0x00, 0x00, 0x2c, 0x01, 0x00
    .byte 0x00, 0x00, 0x20, 0x00, 0x00, 0x20, 0x00, 0x00, 0x15, 0xb8, 0x2c, 0x01, 0x00, 0x00, 0x00, 0x15
    .byte 0x07, 0x15, 0x08, 0x15, 0x5a, 0x03, 0x00, 0xec, 0xff, 0xff, 0xff, 0x26, 0x00, 0xe1, 0x15, 0x8b
    .byte 0x18, 0x70, 0x32, 0x00, 0x00, 0x00, 0x00, 0x00, 0x13, 0xf2, 0x0e, 0x22, 0x02, 0x01, 0xde, 0x0e
    .byte 0x22, 0x02, 0x2c, 0x3c, 0x02, 0x00, 0x00, 0x2c, 0x01, 0x00, 0x00, 0x00, 0x20, 0x00, 0x00, 0x20
    .byte 0x00, 0x00, 0x2c, 0x01, 0x00, 0x00, 0x00, 0x15, 0xe7, 0x2c, 0x01, 0x00, 0x00, 0x00, 0x15, 0x07
    .byte 0x15, 0x08, 0x03, 0x00, 0x00, 0x00, 0x00, 0x00, 0x26, 0x00, 0xe1, 0x2c, 0xea, 0x03, 0x00, 0x00
    .byte 0x15, 0x37, 0x18, 0x70, 0x13, 0x6b, 0x0f, 0x22, 0x02, 0x2c, 0x03, 0x00, 0x00, 0x00, 0x15, 0x45
    .byte 0x15, 0x8b, 0x18, 0x70, 0x32, 0x00, 0x00, 0x00, 0x00, 0x00, 0x13, 0x44, 0x0f, 0x22, 0x02, 0x01
    .byte 0x30, 0x0f, 0x22, 0x02, 0x2c, 0x3f, 0x02, 0x00, 0x00, 0x2c, 0x01, 0x00, 0x00, 0x00, 0x20, 0x00
    .byte 0x00, 0x20, 0x00, 0x00, 0x15, 0xb8, 0x15, 0x5a, 0x2c, 0x1b, 0x00, 0x00, 0x00, 0x15, 0x31, 0x18
    .byte 0x70, 0x17, 0x00, 0x2c, 0xf8, 0x10, 0x22, 0x02, 0x15, 0x39, 0x00, 0x2c, 0x1e, 0x00, 0x00, 0x00
    .byte 0x15, 0x07, 0x15, 0x08, 0x2c, 0xba, 0x03, 0x00, 0x00, 0x15, 0x35, 0x2c, 0x17, 0x00, 0x00, 0x00
    .byte 0x2c, 0x20, 0x08, 0x00, 0x00, 0x15, 0x78, 0x2c, 0x01, 0x00, 0x00, 0x00, 0x15, 0x07, 0x15, 0x08
    .byte 0x29, 0x00, 0xdc, 0x32, 0x00, 0x03, 0x00, 0x00, 0x00, 0x14, 0xac, 0x0f, 0x22, 0x02, 0x03, 0x00
    .byte 0x00, 0x00, 0x00, 0x00, 0x26, 0x00, 0x1c, 0x25, 0xdf, 0x0f, 0x22, 0x02, 0x29, 0x00, 0xdc, 0x32
    .byte 0x00, 0x04, 0x00, 0x00, 0x00, 0x14, 0xc8, 0x0f, 0x22, 0x02, 0x03, 0x00, 0x05, 0x00, 0x00, 0x00
    .byte 0x26, 0x00, 0x1c, 0x25, 0xdf, 0x0f, 0x22, 0x02, 0x29, 0x00, 0xdc, 0x32, 0x00, 0x05, 0x00, 0x00
    .byte 0x00, 0x14, 0xdf, 0x0f, 0x22, 0x02, 0x03, 0x00, 0x0a, 0x00, 0x00, 0x00, 0x26, 0x00, 0x1c, 0x2c
    .byte 0x8a, 0x03, 0x00, 0x00, 0x15, 0x37, 0x18, 0x70, 0x14, 0x63, 0x10, 0x22, 0x02, 0x2c, 0x3e, 0x03
    .byte 0x00, 0x00, 0x15, 0x35, 0x2c, 0x09, 0x00, 0x00, 0x00, 0x2c, 0x59, 0x02, 0x00, 0x00, 0x2c, 0xff
    .byte 0xff, 0xff, 0xff, 0x15, 0xdd, 0x18, 0x70, 0x17, 0x00, 0x15, 0x35, 0x03, 0x00, 0x59, 0x02, 0x00
    .byte 0x00, 0x26, 0x00, 0x15, 0x2c, 0xf8, 0x03, 0x00, 0x00, 0x15, 0x35, 0x2c, 0x09, 0x00, 0x00, 0x00
    .byte 0x2c, 0x51, 0x01, 0x00, 0x00, 0x15, 0xe0, 0x15, 0x1f, 0x18, 0x70, 0x26, 0x00, 0x69, 0x15, 0x20
    .byte 0x18, 0x70, 0x26, 0x00, 0x6a, 0x15, 0x27, 0x18, 0x70, 0x26, 0x00, 0x6b, 0x2c, 0x1b, 0x00, 0x00
    .byte 0x00, 0x15, 0x31, 0x18, 0x70, 0x26, 0x00, 0xbe, 0x2c, 0x45, 0x00, 0x00, 0x00, 0x2c, 0x00, 0x01
    .byte 0x00, 0x00, 0x2c, 0x00, 0x01, 0x00, 0x00, 0x20, 0x00, 0x00, 0x15, 0x4a, 0x15, 0x0d, 0x25, 0xf7
    .byte 0x10, 0x22, 0x02, 0x2c, 0x01, 0x00, 0x00, 0x00, 0x2c, 0x03, 0x00, 0x00, 0x00, 0x15, 0x4b, 0x2c
    .byte 0x01, 0x00, 0x00, 0x00, 0x15, 0x4c, 0x18, 0x70, 0x32, 0x00, 0x00, 0x00, 0x00, 0x00, 0x13, 0x88
    .byte 0x10, 0x22, 0x02, 0x01, 0x6f, 0x10, 0x22, 0x02, 0x2c, 0x03, 0x00, 0x00, 0x00, 0x15, 0x45, 0x29
    .byte 0x00, 0xdc, 0x32, 0x00, 0x00, 0x00, 0x00, 0x00, 0x14, 0xca, 0x10, 0x22, 0x02, 0x15, 0x8b, 0x18
    .byte 0x70, 0x32, 0x00, 0x00, 0x00, 0x00, 0x00, 0x13, 0xb1, 0x10, 0x22, 0x02, 0x01, 0x9d, 0x10, 0x22
    .byte 0x02, 0x2c, 0x3f, 0x02, 0x00, 0x00, 0x2c, 0x01, 0x00, 0x00, 0x00, 0x20, 0x00, 0x00, 0x20, 0x00
    .byte 0x00, 0x15, 0xb8, 0x15, 0x5a, 0x25, 0xf2, 0x10, 0x22, 0x02, 0x15, 0x8b, 0x18, 0x70, 0x32, 0x00
    .byte 0x00, 0x00, 0x00, 0x00, 0x13, 0xde, 0x10, 0x22, 0x02, 0x01, 0xca, 0x10, 0x22, 0x02, 0x2c, 0x3d
    .byte 0x02, 0x00, 0x00, 0x2c, 0x01, 0x00, 0x00, 0x00, 0x20, 0x00, 0x00, 0x20, 0x00, 0x00, 0x15, 0xb8
    .byte 0x15, 0x5a, 0x01, 0xf8, 0x10, 0x22, 0x02, 0x00, 0x2c, 0x05, 0x00, 0x00, 0x00, 0x15, 0x05, 0x20
    .byte 0x00, 0x00, 0x2c, 0x83, 0xa8, 0x00, 0x00, 0x15, 0xe0, 0x20, 0x00, 0x00, 0x20, 0x00, 0x00, 0x2c
    .byte 0x80, 0x00, 0x00, 0x00, 0x2c, 0x14, 0x00, 0x00, 0x00, 0x20, 0x00, 0x00, 0x2c, 0x01, 0x00, 0x00
    .byte 0x00, 0x15, 0x1a, 0x15, 0x21, 0x20, 0x00, 0x00, 0x15, 0x09, 0x2b, 0x00, 0x00, 0x35, 0x00, 0x00
    .byte 0x00, 0x00, 0x00, 0x13, 0x46, 0x11, 0x22, 0x02, 0x2b, 0x00, 0x01, 0x35, 0x00, 0x00, 0x00, 0x00
    .byte 0x00, 0x14, 0x76, 0x11, 0x22, 0x02, 0x2c, 0x02, 0x00, 0x00, 0x00, 0x2c, 0x14, 0x00, 0x00, 0x00
    .byte 0x20, 0x00, 0x00, 0x20, 0x00, 0x00, 0x20, 0x00, 0x00, 0x15, 0x4f, 0x18, 0x70, 0x17, 0x00, 0x15
    .byte 0x07, 0x15, 0x08, 0x2c, 0x03, 0x00, 0x00, 0x00, 0x20, 0x00, 0x00, 0x20, 0x00, 0x00, 0x20, 0x00
    .byte 0x00, 0x20, 0x00, 0x00, 0x15, 0x4f, 0x2c, 0x09, 0x00, 0x00, 0x00, 0x2c, 0x51, 0x01, 0x00, 0x00
    .byte 0x15, 0xe0, 0x2c, 0x1b, 0x00, 0x00, 0x00, 0x15, 0x31, 0x18, 0x70, 0x17, 0x00, 0x2c, 0xb5, 0xdf
    .byte 0x21, 0x02, 0x15, 0x39, 0x00, 0x00, 0x2c, 0x01, 0x00, 0x00, 0x00, 0x15, 0x09, 0x2c, 0x01, 0x00
    .byte 0x00, 0x00, 0x2c, 0xe4, 0xff, 0xff, 0xff, 0x2c, 0xe8, 0xff, 0xff, 0xff, 0x2c, 0x1c, 0x00, 0x00
    .byte 0x00, 0x2c, 0x18, 0x00, 0x00, 0x00, 0x15, 0xd8, 0x2c, 0x01, 0x00, 0x00, 0x00, 0x2c, 0xe8, 0xff
    .byte 0xff, 0xff, 0x2c, 0xdc, 0xff, 0xff, 0xff, 0x2c, 0x18, 0x00, 0x00, 0x00, 0x2c, 0x0c, 0x00, 0x00
    .byte 0x00, 0x15, 0x5c, 0x2c, 0x01, 0x00, 0x00, 0x00, 0x15, 0xd7, 0x2f, 0x00, 0x15, 0x87, 0x18, 0x70
    .byte 0x32, 0x00, 0x00, 0x00, 0x00, 0x00, 0x14, 0x01, 0x12, 0x22, 0x02, 0x2f, 0x00, 0x20, 0x00, 0x00
    .byte 0x2c, 0x3c, 0x00, 0x00, 0x00, 0x2c, 0x0a, 0x00, 0x00, 0x00, 0x2c, 0x01, 0x00, 0x00, 0x00, 0x15
    .byte 0x04, 0x2c, 0x01, 0x00, 0x00, 0x00, 0x2c, 0x13, 0x12, 0x22, 0x02, 0x15, 0x29, 0x01, 0x0b, 0x15
    .byte 0x22, 0x02, 0x00, 0x2c, 0x1b, 0x00, 0x00, 0x00, 0x15, 0x31, 0x18, 0x70, 0x26, 0x00, 0xd2, 0x20
    .byte 0x00, 0x00, 0x2c, 0xfb, 0xe3, 0x21, 0x02, 0x15, 0x39, 0x20, 0x00, 0x00, 0x15, 0x42, 0x18, 0x70
    .byte 0x32, 0x00, 0x00, 0x00, 0x00, 0x00, 0x14, 0x40, 0x12, 0x22, 0x02, 0x01, 0x29, 0x12, 0x22, 0x02
    .byte 0x2c, 0x1b, 0x00, 0x00, 0x00, 0x15, 0x31, 0x18, 0x70, 0x17, 0x00, 0x2c, 0x5d, 0x12, 0x22, 0x02
    .byte 0x15, 0x39, 0x2c, 0x01, 0x00, 0x00, 0x00, 0x20, 0x00, 0x00, 0x15, 0x29, 0x00, 0x2f, 0x00, 0x15
    .byte 0x84, 0x18, 0x70, 0x28, 0x00, 0x07, 0x2b, 0x00, 0x07, 0x32, 0x00, 0x00, 0x00, 0x00, 0x00, 0x14
    .byte 0xd8, 0x12, 0x22, 0x02, 0x2c, 0x02, 0x00, 0x00, 0x00, 0x2c, 0x09, 0x00, 0x00, 0x00, 0x15, 0xe0
    .byte 0x2c, 0x01, 0x00, 0x00, 0x00, 0x15, 0x05, 0x2c, 0x01, 0x00, 0x00, 0x00, 0x15, 0x06, 0x2c, 0x3c
    .byte 0x00, 0x00, 0x00, 0x15, 0x07, 0x15, 0x08, 0x20, 0x00, 0x00, 0x15, 0x05, 0x20, 0x00, 0x00, 0x15
    .byte 0x06, 0x2f, 0x00, 0x15, 0x87, 0x18, 0x70, 0x32, 0x00, 0x00, 0x00, 0x00, 0x00, 0x14, 0xc6, 0x12
    .byte 0x22, 0x02, 0x2f, 0x00, 0x20, 0x00, 0x00, 0x2c, 0x3c, 0x00, 0x00, 0x00, 0x2c, 0x0a, 0x00, 0x00
    .byte 0x00, 0x20, 0x00, 0x00, 0x15, 0x04, 0x2c, 0x01, 0x00, 0x00, 0x00, 0x2c, 0x13, 0x12, 0x22, 0x02
    .byte 0x15, 0x29, 0x01, 0x0b, 0x15, 0x22, 0x02, 0x00, 0x20, 0x00, 0x00, 0x2c, 0x01, 0xb1, 0x00, 0x00
    .byte 0x15, 0xe0, 0x2c, 0x02, 0x00, 0x00, 0x00, 0x15, 0x05, 0x20, 0x00, 0x00, 0x15, 0x06, 0x15, 0x16
    .byte 0x2b, 0x00, 0x07, 0x07, 0x00, 0x3c, 0x00, 0x00, 0x00, 0x28, 0x00, 0x06, 0x01, 0x61, 0x13, 0x22
    .byte 0x02, 0x2c, 0x01, 0x00, 0x00, 0x00, 0x2c, 0x40, 0x13, 0x22, 0x02, 0x15, 0x29, 0x2b, 0x00, 0x06
    .byte 0x30, 0x00, 0x00, 0x00, 0x00, 0x00, 0x14, 0x2c, 0x13, 0x22, 0x02, 0x2b, 0x00, 0x06, 0x24, 0x00
    .byte 0x01, 0x00, 0x00, 0x00, 0x28, 0x00, 0x06, 0x25, 0x31, 0x13, 0x22, 0x02, 0x01, 0xc3, 0x14, 0x22
    .byte 0x02, 0x2c, 0x01, 0x00, 0x00, 0x00, 0x15, 0x07, 0x15, 0x08, 0x25, 0x0d, 0x13, 0x22, 0x02, 0x00
    .byte 0x2f, 0x00, 0x15, 0x4e, 0x2c, 0x1b, 0x00, 0x00, 0x00, 0x15, 0x31, 0x18, 0x70, 0x17, 0x00, 0x2c
    .byte 0x61, 0x13, 0x22, 0x02, 0x15, 0x39, 0x2c, 0x01, 0x00, 0x00, 0x00, 0x20, 0x00, 0x00, 0x15, 0x29
    .byte 0x00, 0x2c, 0x04, 0x00, 0x00, 0x00, 0x15, 0x05, 0x20, 0x00, 0x00, 0x15, 0x06, 0x20, 0x00, 0x00
    .byte 0x2c, 0x02, 0xb1, 0x00, 0x00, 0x15, 0xe0, 0x2b, 0x00, 0x01, 0x05, 0x00, 0x01, 0x00, 0x00, 0x00
    .byte 0x17, 0x00, 0x15, 0x01, 0x18, 0x70, 0x28, 0x00, 0x04, 0x2b, 0x00, 0x04, 0x32, 0x00, 0x00, 0x00
    .byte 0x00, 0x00, 0x14, 0xa5, 0x13, 0x22, 0x02, 0x03, 0x00, 0x01, 0x00, 0x00, 0x00, 0x28, 0x00, 0x05
    .byte 0x25, 0x3a, 0x14, 0x22, 0x02, 0x2b, 0x00, 0x04, 0x32, 0x00, 0x01, 0x00, 0x00, 0x00, 0x14, 0xc1
    .byte 0x13, 0x22, 0x02, 0x03, 0x00, 0x05, 0x00, 0x00, 0x00, 0x28, 0x00, 0x05, 0x25, 0x3a, 0x14, 0x22
    .byte 0x02, 0x2b, 0x00, 0x04, 0x32, 0x00, 0x02, 0x00, 0x00, 0x00, 0x14, 0xdd, 0x13, 0x22, 0x02, 0x03
    .byte 0x00, 0x0a, 0x00, 0x00, 0x00, 0x28, 0x00, 0x05, 0x25, 0x3a, 0x14, 0x22, 0x02, 0x2b, 0x00, 0x04
    .byte 0x32, 0x00, 0x03, 0x00, 0x00, 0x00, 0x14, 0xf9, 0x13, 0x22, 0x02, 0x03, 0x00, 0x14, 0x00, 0x00
    .byte 0x00, 0x28, 0x00, 0x05, 0x25, 0x3a, 0x14, 0x22, 0x02, 0x2b, 0x00, 0x04, 0x32, 0x00, 0x04, 0x00
    .byte 0x00, 0x00, 0x14, 0x15, 0x14, 0x22, 0x02, 0x03, 0x00, 0x32, 0x00, 0x00, 0x00, 0x28, 0x00, 0x05
    .byte 0x25, 0x3a, 0x14, 0x22, 0x02, 0x2b, 0x00, 0x04, 0x32, 0x00, 0x05, 0x00, 0x00, 0x00, 0x14, 0x31
    .byte 0x14, 0x22, 0x02, 0x03, 0x00, 0x64, 0x00, 0x00, 0x00, 0x28, 0x00, 0x05, 0x25, 0x3a, 0x14, 0x22
    .byte 0x02, 0x03, 0x00, 0xc8, 0x00, 0x00, 0x00, 0x28, 0x00, 0x05, 0x2f, 0x05, 0x15, 0x10, 0x18, 0x70
    .byte 0x17, 0x00, 0x15, 0x11, 0x18, 0x70, 0x05, 0x00, 0x01, 0x00, 0x00, 0x00, 0x17, 0x00, 0x15, 0x12
    .byte 0x18, 0x70, 0x05, 0x00, 0x18, 0x00, 0x00, 0x00, 0x17, 0x00, 0x2c, 0x00, 0x01, 0x00, 0x00, 0x15
    .byte 0x01, 0x18, 0x70, 0x24, 0x00, 0x80, 0x00, 0x00, 0x00, 0x17, 0x00, 0x03, 0x00, 0x40, 0x00, 0x00
    .byte 0x00, 0x2c, 0x40, 0x00, 0x00, 0x00, 0x15, 0x01, 0x18, 0x71, 0x04, 0x10, 0x17, 0x00, 0x2c, 0x00
    .byte 0x08, 0x00, 0x00, 0x2c, 0x78, 0x00, 0x00, 0x00, 0x15, 0xb2, 0x2b, 0x00, 0x06, 0x24, 0x00, 0x0a
    .byte 0x00, 0x00, 0x00, 0x33, 0x00, 0x00, 0x00, 0x00, 0x00, 0x14, 0xa8, 0x14, 0x22, 0x02, 0x01, 0xc3
    .byte 0x14, 0x22, 0x02, 0x25, 0xc2, 0x14, 0x22, 0x02, 0x2b, 0x00, 0x06, 0x24, 0x00, 0x0a, 0x00, 0x00
    .byte 0x00, 0x28, 0x00, 0x06, 0x2c, 0x0a, 0x00, 0x00, 0x00, 0x15, 0x07, 0x15, 0x08, 0x01, 0x01, 0x13
    .byte 0x22, 0x02, 0x00, 0x20, 0x00, 0x00, 0x2c, 0x00, 0xb1, 0x00, 0x00, 0x15, 0xe0, 0x2c, 0x05, 0x00
    .byte 0x00, 0x00, 0x15, 0x05, 0x20, 0x00, 0x00, 0x15, 0x06, 0x15, 0x16, 0x20, 0x00, 0x00, 0x15, 0x05
    .byte 0x20, 0x00, 0x00, 0x15, 0x06, 0x2f, 0x00, 0x20, 0x00, 0x00, 0x2c, 0x3c, 0x00, 0x00, 0x00, 0x2c
    .byte 0x0a, 0x00, 0x00, 0x00, 0x20, 0x00, 0x00, 0x15, 0x04, 0x2c, 0x01, 0x00, 0x00, 0x00, 0x2c, 0x13
    .byte 0x12, 0x22, 0x02, 0x15, 0x29, 0x01, 0x0b, 0x15, 0x22, 0x02, 0x00, 0x2f, 0x00, 0x15, 0x84, 0x18
    .byte 0x70, 0x28, 0x00, 0x07, 0x2b, 0x00, 0x07, 0x35, 0x00, 0x00, 0x00, 0x00, 0x00, 0x14, 0x31, 0x15
    .byte 0x22, 0x02, 0x2c, 0x06, 0x00, 0x00, 0x00, 0x15, 0x05, 0x2c, 0x01, 0x00, 0x00, 0x00, 0x15, 0x06
    .byte 0x00, 0x2c, 0x01, 0x00, 0x00, 0x00, 0x15, 0x07, 0x15, 0x08, 0x25, 0x0b, 0x15, 0x22, 0x02, 0x00
    .byte 0x03, 0x00, 0x29, 0x00, 0x00, 0x00, 0x28, 0x00, 0x00, 0x03, 0x00, 0x00, 0x00, 0x00, 0x00, 0x28
    .byte 0x00, 0x01, 0x01, 0x96, 0x11, 0x22, 0x02, 0x00, 0x00, 0x2c, 0x08, 0x00, 0x00, 0x00, 0x2c, 0x65
    .byte 0x00, 0x00, 0x00, 0x15, 0xe0, 0x2c, 0x14, 0x00, 0x00, 0x00, 0x15, 0x07, 0x15, 0x08, 0x03, 0x00
    .byte 0x00, 0x00, 0x00, 0x00, 0x28, 0x00, 0x00, 0x2b, 0x00, 0x00, 0x29, 0x01, 0xbe, 0x1e, 0x10, 0x14
    .byte 0xa8, 0x15, 0x22, 0x02, 0x20, 0x00, 0x00, 0x2c, 0x80, 0x32, 0x00, 0x00, 0x15, 0xe0, 0x2c, 0x0f
    .byte 0x00, 0x00, 0x00, 0x15, 0x07, 0x15, 0x08, 0x2b, 0x00, 0x00, 0x05, 0x00, 0x01, 0x00, 0x00, 0x00
    .byte 0x28, 0x00, 0x00, 0x25, 0x77, 0x15, 0x22, 0x02, 0x2c, 0x09, 0x00, 0x00, 0x00, 0x2c, 0x65, 0x00
    .byte 0x00, 0x00, 0x15, 0xe0, 0x00, 0x20, 0x00, 0x00, 0x15, 0x09, 0x03, 0x00, 0x18, 0x02, 0x00, 0x00
    .byte 0x28, 0x00, 0x00, 0x03, 0x00, 0xaf, 0x01, 0x00, 0x00, 0x28, 0x00, 0x01, 0x03, 0x00, 0x00, 0x00
    .byte 0x00, 0x00, 0x28, 0x00, 0x02, 0x2f, 0x00, 0x2b, 0x00, 0x01, 0x2b, 0x01, 0x02, 0x04, 0x10, 0x17
    .byte 0x00, 0x2f, 0x02, 0x15, 0x02, 0x20, 0x00, 0x00, 0x2c, 0x30, 0x00, 0x00, 0x00, 0x15, 0x32, 0x2c
    .byte 0x01, 0x00, 0x00, 0x00, 0x2c, 0x02, 0x00, 0x00, 0x00, 0x15, 0x32, 0x2c, 0x01, 0x00, 0x00, 0x00
    .byte 0x15, 0x7d, 0x2c, 0x02, 0x00, 0x00, 0x00, 0x2c, 0x88, 0x16, 0x22, 0x02, 0x15, 0x29, 0x15, 0x27
    .byte 0x18, 0x70, 0x32, 0x00, 0x00, 0x00, 0x00, 0x00, 0x14, 0x4d, 0x16, 0x22, 0x02, 0x03, 0x00, 0x18
    .byte 0x02, 0x00, 0x00, 0x28, 0x00, 0x00, 0x03, 0x00, 0xaf, 0x01, 0x00, 0x00, 0x28, 0x00, 0x01, 0x03
    .byte 0x00, 0x00, 0x00, 0x00, 0x00, 0x28, 0x00, 0x02, 0x2f, 0x00, 0x2b, 0x00, 0x01, 0x2b, 0x01, 0x02
    .byte 0x04, 0x10, 0x17, 0x00, 0x2f, 0x02, 0x15, 0x02, 0x25, 0x78, 0x16, 0x22, 0x02, 0x03, 0x00, 0x18
    .byte 0x02, 0x00, 0x00, 0x28, 0x00, 0x00, 0x03, 0x00, 0x8f, 0x01, 0x00, 0x00, 0x28, 0x00, 0x01, 0x03
    .byte 0x00, 0x20, 0x00, 0x00, 0x00, 0x28, 0x00, 0x02, 0x2f, 0x00, 0x2b, 0x00, 0x01, 0x2b, 0x01, 0x02
    .byte 0x04, 0x10, 0x17, 0x00, 0x2f, 0x02, 0x15, 0x02, 0x01, 0x0e, 0x16, 0x22, 0x02, 0x2c, 0x02, 0x00
    .byte 0x00, 0x00, 0x20, 0x00, 0x00, 0x15, 0x29, 0x00, 0x2c, 0xee, 0x03, 0x00, 0x00, 0x15, 0x37, 0x18
    .byte 0x70, 0x14, 0x97, 0x16, 0x22, 0x02, 0x00, 0x2c, 0x02, 0x04, 0x00, 0x00, 0x15, 0x37, 0x18, 0x70
    .byte 0x14, 0xa6, 0x16, 0x22, 0x02, 0x00, 0x20, 0x00, 0x00, 0x15, 0x9b, 0x18, 0x70, 0x14, 0xc6, 0x16
    .byte 0x22, 0x02, 0x20, 0x00, 0x00, 0x2c, 0xff, 0xff, 0xff, 0xff, 0x2c, 0xff, 0xff, 0xff, 0xff, 0x2c
    .byte 0xff, 0xff, 0xff, 0xff, 0x15, 0x89, 0x15, 0x1f, 0x18, 0x70, 0x28, 0x00, 0x03, 0x15, 0x20, 0x18
    .byte 0x70, 0x28, 0x00, 0x04, 0x15, 0x27, 0x18, 0x70, 0x28, 0x00, 0x05, 0x03, 0x00, 0x00, 0x00, 0x00
    .byte 0x00, 0x28, 0x00, 0x06, 0x15, 0x27, 0x18, 0x70, 0x32, 0x00, 0x00, 0x00, 0x00, 0x00, 0x14, 0x53
    .byte 0x18, 0x22, 0x02, 0x20, 0x00, 0x00, 0x2c, 0xb5, 0x19, 0x22, 0x02, 0x15, 0x39, 0x20, 0x00, 0x00
    .byte 0x15, 0x42, 0x18, 0x70, 0x32, 0x00, 0x00, 0x00, 0x00, 0x00, 0x14, 0x14, 0x17, 0x22, 0x02, 0x01
    .byte 0xfd, 0x16, 0x22, 0x02, 0x20, 0x00, 0x00, 0x2c, 0xff, 0xff, 0xff, 0xff, 0x2c, 0xff, 0xff, 0xff
    .byte 0xff, 0x15, 0xdd, 0x18, 0x70, 0x14, 0x06, 0x18, 0x22, 0x02, 0x2c, 0x03, 0x00, 0x00, 0x00, 0x2c
    .byte 0xff, 0xff, 0xff, 0xff, 0x2c, 0xff, 0xff, 0xff, 0xff, 0x15, 0xdd, 0x18, 0x70, 0x32, 0x00, 0x00
    .byte 0x00, 0x00, 0x00, 0x14, 0x06, 0x18, 0x22, 0x02, 0x03, 0x00, 0x20, 0x00, 0x00, 0x00, 0x30, 0x00
    .byte 0x10, 0x00, 0x00, 0x00, 0x14, 0x06, 0x18, 0x22, 0x02, 0x15, 0x6f, 0x18, 0x70, 0x2b, 0x01, 0x05
    .byte 0x1c, 0x10, 0x14, 0x06, 0x18, 0x22, 0x02, 0x15, 0x10, 0x18, 0x70, 0x17, 0x00, 0x15, 0x11, 0x18
    .byte 0x70, 0x17, 0x00, 0x20, 0x00, 0x00, 0x15, 0x6d, 0x18, 0x70, 0x17, 0x00, 0x15, 0x6e, 0x18, 0x70
    .byte 0x17, 0x00, 0x20, 0x00, 0x00, 0x15, 0x65, 0x18, 0x70, 0x28, 0x00, 0x03, 0x2b, 0x00, 0x03, 0x33
    .byte 0x00, 0x40, 0x00, 0x00, 0x00, 0x14, 0xc3, 0x17, 0x22, 0x02, 0x15, 0x6e, 0x18, 0x70, 0x15, 0x11
    .byte 0x18, 0x71, 0x1b, 0x10, 0x14, 0xc3, 0x17, 0x22, 0x02, 0x2c, 0x01, 0x00, 0x00, 0x00, 0x2c, 0xdc
    .byte 0x1c, 0x22, 0x02, 0x15, 0x39, 0x03, 0x00, 0x01, 0x00, 0x00, 0x00, 0x28, 0x00, 0x06, 0x25, 0x06
    .byte 0x18, 0x22, 0x02, 0x2b, 0x00, 0x03, 0x33, 0x00, 0xc0, 0x00, 0x00, 0x00, 0x14, 0x06, 0x18, 0x22
    .byte 0x02, 0x15, 0x6e, 0x18, 0x70, 0x15, 0x11, 0x18, 0x71, 0x1b, 0x10, 0x14, 0xf1, 0x17, 0x22, 0x02
    .byte 0x2c, 0x01, 0x00, 0x00, 0x00, 0x2c, 0xea, 0x1c, 0x22, 0x02, 0x15, 0x39, 0x25, 0xfd, 0x17, 0x22
    .byte 0x02, 0x2c, 0x01, 0x00, 0x00, 0x00, 0x2c, 0xf8, 0x1c, 0x22, 0x02, 0x15, 0x39, 0x03, 0x00, 0x01
    .byte 0x00, 0x00, 0x00, 0x28, 0x00, 0x06, 0x20, 0x00, 0x00, 0x2c, 0x5c, 0x1a, 0x22, 0x02, 0x15, 0x39
    .byte 0x20, 0x00, 0x00, 0x15, 0x42, 0x18, 0x70, 0x32, 0x00, 0x00, 0x00, 0x00, 0x00, 0x14, 0x27, 0x18
    .byte 0x22, 0x02, 0x01, 0x10, 0x18, 0x22, 0x02, 0x2b, 0x00, 0x06, 0x32, 0x00, 0x01, 0x00, 0x00, 0x00
    .byte 0x14, 0x4e, 0x18, 0x22, 0x02, 0x2c, 0x01, 0x00, 0x00, 0x00, 0x15, 0x42, 0x18, 0x70, 0x32, 0x00
    .byte 0x00, 0x00, 0x00, 0x00, 0x14, 0x4e, 0x18, 0x22, 0x02, 0x01, 0x35, 0x18, 0x22, 0x02, 0x25, 0xb4
    .byte 0x19, 0x22, 0x02, 0x20, 0x00, 0x00, 0x2c, 0x14, 0x1b, 0x22, 0x02, 0x15, 0x39, 0x20, 0x00, 0x00
    .byte 0x15, 0x42, 0x18, 0x70, 0x32, 0x00, 0x00, 0x00, 0x00, 0x00, 0x14, 0x74, 0x18, 0x22, 0x02, 0x01
    .byte 0x5d, 0x18, 0x22, 0x02, 0x20, 0x00, 0x00, 0x2c, 0xff, 0xff, 0xff, 0xff, 0x2c, 0xff, 0xff, 0xff
    .byte 0xff, 0x15, 0xdd, 0x18, 0x70, 0x14, 0x6c, 0x19, 0x22, 0x02, 0x2c, 0x03, 0x00, 0x00, 0x00, 0x2c
    .byte 0xff, 0xff, 0xff, 0xff, 0x2c, 0xff, 0xff, 0xff, 0xff, 0x15, 0xdd, 0x18, 0x70, 0x32, 0x00, 0x00
    .byte 0x00, 0x00, 0x00, 0x14, 0x6c, 0x19, 0x22, 0x02, 0x03, 0x00, 0x20, 0x00, 0x00, 0x00, 0x30, 0x00
    .byte 0x10, 0x00, 0x00, 0x00, 0x14, 0x6c, 0x19, 0x22, 0x02, 0x15, 0x6f, 0x18, 0x70, 0x2b, 0x01, 0x05
    .byte 0x1c, 0x10, 0x14, 0x6c, 0x19, 0x22, 0x02, 0x15, 0x10, 0x18, 0x70, 0x17, 0x00, 0x15, 0x11, 0x18
    .byte 0x70, 0x17, 0x00, 0x20, 0x00, 0x00, 0x15, 0x6d, 0x18, 0x70, 0x17, 0x00, 0x15, 0x6e, 0x18, 0x70
    .byte 0x17, 0x00, 0x20, 0x00, 0x00, 0x15, 0x65, 0x18, 0x70, 0x28, 0x00, 0x03, 0x2b, 0x00, 0x03, 0x33
    .byte 0x00, 0x40, 0x00, 0x00, 0x00, 0x14, 0x23, 0x19, 0x22, 0x02, 0x15, 0x6e, 0x18, 0x70, 0x15, 0x11
    .byte 0x18, 0x71, 0x1d, 0x10, 0x14, 0x23, 0x19, 0x22, 0x02, 0x2c, 0x01, 0x00, 0x00, 0x00, 0x2c, 0xc9
    .byte 0x1e, 0x22, 0x02, 0x15, 0x39, 0x03, 0x00, 0x01, 0x00, 0x00, 0x00, 0x28, 0x00, 0x06, 0x25, 0x6c
    .byte 0x19, 0x22, 0x02, 0x2b, 0x00, 0x03, 0x33, 0x00, 0xc0, 0x00, 0x00, 0x00, 0x14, 0x6c, 0x19, 0x22
    .byte 0x02, 0x15, 0x6e, 0x18, 0x70, 0x15, 0x11, 0x18, 0x71, 0x24, 0x01, 0x10, 0x00, 0x00, 0x00, 0x1d
    .byte 0x10, 0x14, 0x57, 0x19, 0x22, 0x02, 0x2c, 0x01, 0x00, 0x00, 0x00, 0x2c, 0xd7, 0x1e, 0x22, 0x02
    .byte 0x15, 0x39, 0x25, 0x63, 0x19, 0x22, 0x02, 0x2c, 0x01, 0x00, 0x00, 0x00, 0x2c, 0xe5, 0x1e, 0x22
    .byte 0x02, 0x15, 0x39, 0x03, 0x00, 0x01, 0x00, 0x00, 0x00, 0x28, 0x00, 0x06, 0x20, 0x00, 0x00, 0x2c
    .byte 0x84, 0x1b, 0x22, 0x02, 0x15, 0x39, 0x20, 0x00, 0x00, 0x15, 0x42, 0x18, 0x70, 0x32, 0x00, 0x00
    .byte 0x00, 0x00, 0x00, 0x14, 0x8d, 0x19, 0x22, 0x02, 0x01, 0x76, 0x19, 0x22, 0x02, 0x2b, 0x00, 0x06
    .byte 0x32, 0x00, 0x01, 0x00, 0x00, 0x00, 0x14, 0xb4, 0x19, 0x22, 0x02, 0x2c, 0x01, 0x00, 0x00, 0x00
    .byte 0x15, 0x42, 0x18, 0x70, 0x32, 0x00, 0x00, 0x00, 0x00, 0x00, 0x14, 0xb4, 0x19, 0x22, 0x02, 0x01
    .byte 0x9b, 0x19, 0x22, 0x02, 0x00, 0x03, 0x00, 0x02, 0x00, 0x00, 0x00, 0x26, 0x00, 0xbe, 0x2c, 0x06
    .byte 0x00, 0x00, 0x00, 0x2c, 0x59, 0x15, 0x22, 0x02, 0x15, 0x39, 0x20, 0x00, 0x00, 0x15, 0x18, 0x20
    .byte 0x00, 0x00, 0x15, 0x19, 0x2c, 0x01, 0x00, 0x00, 0x00, 0x15, 0xa9, 0x2c, 0x00, 0x10, 0x00, 0x00
    .byte 0x2c, 0x01, 0x10, 0x00, 0x00, 0x2c, 0x02, 0x10, 0x00, 0x00, 0x2c, 0x02, 0x00, 0x00, 0x00, 0x20
    .byte 0x00, 0x00, 0x15, 0x73, 0x2c, 0x80, 0x01, 0x00, 0x00, 0x15, 0x17, 0x2c, 0x01, 0x00, 0x00, 0x00
    .byte 0x15, 0x2b, 0x2c, 0x18, 0x02, 0x00, 0x00, 0x2c, 0xaf, 0x01, 0x00, 0x00, 0x20, 0x00, 0x00, 0x2c
    .byte 0x00, 0x18, 0x00, 0x00, 0x2c, 0x05, 0x00, 0x00, 0x00, 0x2c, 0x01, 0x00, 0x00, 0x00, 0x15, 0x1a
    .byte 0x15, 0x21, 0x2c, 0x11, 0x10, 0x00, 0x00, 0x2c, 0x01, 0x10, 0x00, 0x00, 0x2c, 0x12, 0x10, 0x00
    .byte 0x00, 0x2c, 0x02, 0x00, 0x00, 0x00, 0x2c, 0x1c, 0x00, 0x00, 0x00, 0x15, 0x73, 0x2c, 0x00, 0x01
    .byte 0x00, 0x00, 0x15, 0x17, 0x2c, 0x1c, 0x00, 0x00, 0x00, 0x15, 0x05, 0x20, 0x00, 0x00, 0x15, 0x06
    .byte 0x15, 0x16, 0x2c, 0x0a, 0x00, 0x00, 0x00, 0x15, 0x07, 0x15, 0x08, 0x00, 0x03, 0x00, 0x20, 0x00
    .byte 0x00, 0x00, 0x31, 0x00, 0x20, 0x00, 0x00, 0x00, 0x14, 0xa2, 0x1a, 0x22, 0x02, 0x2c, 0x1d, 0x00
    .byte 0x00, 0x00, 0x15, 0x05, 0x2c, 0x01, 0x00, 0x00, 0x00, 0x15, 0x06, 0x20, 0x00, 0x00, 0x15, 0x2b
    .byte 0x2c, 0x18, 0x02, 0x00, 0x00, 0x2c, 0x9f, 0x01, 0x00, 0x00, 0x2c, 0x08, 0x00, 0x00, 0x00, 0x2c
    .byte 0x00, 0x10, 0x00, 0x00, 0x2c, 0x05, 0x00, 0x00, 0x00, 0x2c, 0x01, 0x00, 0x00, 0x00, 0x15, 0x1a
    .byte 0x15, 0x21, 0x2c, 0x1b, 0x00, 0x00, 0x00, 0x15, 0x05, 0x20, 0x00, 0x00, 0x15, 0x06, 0x20, 0x00
    .byte 0x00, 0x15, 0x2b, 0x2c, 0x18, 0x02, 0x00, 0x00, 0x2c, 0x9f, 0x01, 0x00, 0x00, 0x2c, 0x20, 0x00
    .byte 0x00, 0x00, 0x2c, 0x00, 0x10, 0x00, 0x00, 0x2c, 0x05, 0x00, 0x00, 0x00, 0x2c, 0x01, 0x00, 0x00
    .byte 0x00, 0x15, 0x1a, 0x15, 0x21, 0x2c, 0x01, 0x00, 0x00, 0x00, 0x15, 0x18, 0x2c, 0x01, 0x00, 0x00
    .byte 0x00, 0x15, 0x19, 0x20, 0x00, 0x00, 0x15, 0xa9, 0x2c, 0x00, 0x10, 0x00, 0x00, 0x2c, 0x01, 0x10
    .byte 0x00, 0x00, 0x2c, 0x02, 0x10, 0x00, 0x00, 0x2c, 0x02, 0x00, 0x00, 0x00, 0x2c, 0x0c, 0x00, 0x00
    .byte 0x00, 0x15, 0x73, 0x2c, 0x00, 0x01, 0x00, 0x00, 0x15, 0x17, 0x2c, 0x01, 0x00, 0x00, 0x00, 0x15
    .byte 0x06, 0x15, 0x28, 0x00, 0x03, 0x00, 0x02, 0x00, 0x00, 0x00, 0x26, 0x00, 0xbe, 0x2c, 0x06, 0x00
    .byte 0x00, 0x00, 0x2c, 0x59, 0x15, 0x22, 0x02, 0x15, 0x39, 0x2c, 0x01, 0x00, 0x00, 0x00, 0x15, 0xa9
    .byte 0x20, 0x00, 0x00, 0x15, 0x18, 0x20, 0x00, 0x00, 0x15, 0x19, 0x2c, 0x00, 0x10, 0x00, 0x00, 0x2c
    .byte 0x01, 0x10, 0x00, 0x00, 0x2c, 0x02, 0x10, 0x00, 0x00, 0x2c, 0x02, 0x00, 0x00, 0x00, 0x20, 0x00
    .byte 0x00, 0x15, 0x73, 0x2c, 0x01, 0x00, 0x00, 0x00, 0x15, 0x2b, 0x2c, 0x80, 0x01, 0x00, 0x00, 0x15
    .byte 0x17, 0x2c, 0x18, 0x02, 0x00, 0x00, 0x2c, 0xaf, 0x01, 0x00, 0x00, 0x2c, 0x20, 0x00, 0x00, 0x00
    .byte 0x2c, 0x00, 0x18, 0x00, 0x00, 0x2c, 0x05, 0x00, 0x00, 0x00, 0x2c, 0x01, 0x00, 0x00, 0x00, 0x15
    .byte 0x1a, 0x15, 0x21, 0x00, 0x2c, 0x11, 0x10, 0x00, 0x00, 0x2c, 0x01, 0x10, 0x00, 0x00, 0x2c, 0x12
    .byte 0x10, 0x00, 0x00, 0x2c, 0x02, 0x00, 0x00, 0x00, 0x2c, 0x1b, 0x00, 0x00, 0x00, 0x15, 0x73, 0x2c
    .byte 0x00, 0x01, 0x00, 0x00, 0x15, 0x17, 0x20, 0x00, 0x00, 0x15, 0x2b, 0x20, 0x00, 0x00, 0x2c, 0x01
    .byte 0x00, 0x00, 0x00, 0x15, 0x38, 0x03, 0x00, 0x20, 0x00, 0x00, 0x00, 0x33, 0x00, 0x10, 0x00, 0x00
    .byte 0x00, 0x14, 0xeb, 0x1b, 0x22, 0x02, 0x2c, 0x18, 0x02, 0x00, 0x00, 0x2c, 0xaf, 0x01, 0x00, 0x00
    .byte 0x20, 0x00, 0x00, 0x2c, 0x00, 0x20, 0x00, 0x00, 0x2c, 0x05, 0x00, 0x00, 0x00, 0x2c, 0x01, 0x00
    .byte 0x00, 0x00, 0x15, 0x1a, 0x15, 0x21, 0x25, 0x40, 0x1c, 0x22, 0x02, 0x2c, 0x18, 0x02, 0x00, 0x00
    .byte 0x2c, 0xaf, 0x01, 0x00, 0x00, 0x2c, 0x14, 0x00, 0x00, 0x00, 0x2c, 0x00, 0x10, 0x00, 0x00, 0x2c
    .byte 0x05, 0x00, 0x00, 0x00, 0x2c, 0x01, 0x00, 0x00, 0x00, 0x15, 0x1a, 0x15, 0x21, 0x2c, 0x1d, 0x00
    .byte 0x00, 0x00, 0x15, 0x05, 0x2c, 0x01, 0x00, 0x00, 0x00, 0x15, 0x06, 0x20, 0x00, 0x00, 0x15, 0x2b
    .byte 0x2c, 0x18, 0x02, 0x00, 0x00, 0x2c, 0xaf, 0x01, 0x00, 0x00, 0x20, 0x00, 0x00, 0x2c, 0x00, 0x10
    .byte 0x00, 0x00, 0x2c, 0x05, 0x00, 0x00, 0x00, 0x2c, 0x01, 0x00, 0x00, 0x00, 0x15, 0x1a, 0x15, 0x21
    .byte 0x2c, 0x01, 0x00, 0x00, 0x00, 0x20, 0x00, 0x00, 0x15, 0x38, 0x2c, 0x02, 0x00, 0x00, 0x00, 0x2c
    .byte 0x57, 0x00, 0x00, 0x00, 0x15, 0xe0, 0x2c, 0x09, 0x10, 0x00, 0x00, 0x2c, 0x01, 0x10, 0x00, 0x00
    .byte 0x2c, 0x0a, 0x10, 0x00, 0x00, 0x2c, 0x02, 0x00, 0x00, 0x00, 0x2c, 0x18, 0x00, 0x00, 0x00, 0x15
    .byte 0x73, 0x2c, 0x00, 0x01, 0x00, 0x00, 0x15, 0x17, 0x15, 0x16, 0x2c, 0x00, 0x10, 0x00, 0x00, 0x2c
    .byte 0x01, 0x10, 0x00, 0x00, 0x2c, 0x02, 0x10, 0x00, 0x00, 0x2c, 0x02, 0x00, 0x00, 0x00, 0x20, 0x00
    .byte 0x00, 0x15, 0x73, 0x2c, 0x00, 0x01, 0x00, 0x00, 0x15, 0x17, 0x2c, 0x01, 0x00, 0x00, 0x00, 0x15
    .byte 0x2b, 0x20, 0x00, 0x00, 0x2c, 0x0c, 0x00, 0x00, 0x00, 0x20, 0x00, 0x00, 0x2c, 0x70, 0x17, 0x00
    .byte 0x00, 0x2c, 0x04, 0x00, 0x00, 0x00, 0x2c, 0x01, 0x00, 0x00, 0x00, 0x15, 0x1a, 0x15, 0x21, 0x2c
    .byte 0x08, 0x00, 0x00, 0x00, 0x15, 0x05, 0x2c, 0x01, 0x00, 0x00, 0x00, 0x15, 0x18, 0x2c, 0x01, 0x00
    .byte 0x00, 0x00, 0x15, 0x19, 0x20, 0x00, 0x00, 0x15, 0xa9, 0x15, 0x28, 0x00, 0x03, 0x00, 0x00, 0x00
    .byte 0x00, 0x00, 0x28, 0x00, 0x00, 0x01, 0x06, 0x1d, 0x22, 0x02, 0x03, 0x00, 0x01, 0x00, 0x00, 0x00
    .byte 0x28, 0x00, 0x00, 0x01, 0x06, 0x1d, 0x22, 0x02, 0x03, 0x00, 0x02, 0x00, 0x00, 0x00, 0x28, 0x00
    .byte 0x00, 0x01, 0x06, 0x1d, 0x22, 0x02, 0x15, 0x28, 0x2c, 0x14, 0x00, 0x00, 0x00, 0x15, 0x07, 0x15
    .byte 0x08, 0x20, 0x00, 0x00, 0x15, 0x18, 0x20, 0x00, 0x00, 0x15, 0x19, 0x2c, 0x01, 0x00, 0x00, 0x00
    .byte 0x15, 0xa9, 0x2c, 0x00, 0x01, 0x00, 0x00, 0x15, 0x17, 0x2c, 0x01, 0x00, 0x00, 0x00, 0x15, 0x2b
    .byte 0x2b, 0x00, 0x00, 0x32, 0x00, 0x00, 0x00, 0x00, 0x00, 0x14, 0x63, 0x1d, 0x22, 0x02, 0x2c, 0x18
    .byte 0x02, 0x00, 0x00, 0x2c, 0xaf, 0x01, 0x00, 0x00, 0x20, 0x00, 0x00, 0x2c, 0x00, 0x20, 0x00, 0x00
    .byte 0x2c, 0x05, 0x00, 0x00, 0x00, 0x2c, 0x01, 0x00, 0x00, 0x00, 0x15, 0x1a, 0x15, 0x21, 0x25, 0xfa
    .byte 0x1d, 0x22, 0x02, 0x2b, 0x00, 0x00, 0x32, 0x00, 0x01, 0x00, 0x00, 0x00, 0x14, 0xb8, 0x1d, 0x22
    .byte 0x02, 0x2c, 0x18, 0x02, 0x00, 0x00, 0x15, 0x11, 0x18, 0x70, 0x17, 0x00, 0x20, 0x00, 0x00, 0x2c
    .byte 0x00, 0x20, 0x00, 0x00, 0x2c, 0x05, 0x00, 0x00, 0x00, 0x2c, 0x01, 0x00, 0x00, 0x00, 0x15, 0x1a
    .byte 0x15, 0x21, 0x15, 0x10, 0x18, 0x70, 0x17, 0x00, 0x2c, 0xaf, 0x01, 0x00, 0x00, 0x20, 0x00, 0x00
    .byte 0x2c, 0x00, 0x20, 0x00, 0x00, 0x2c, 0x05, 0x00, 0x00, 0x00, 0x2c, 0x01, 0x00, 0x00, 0x00, 0x15
    .byte 0x1a, 0x15, 0x21, 0x25, 0xfa, 0x1d, 0x22, 0x02, 0x15, 0x10, 0x18, 0x70, 0x17, 0x00, 0x2c, 0xaf
    .byte 0x01, 0x00, 0x00, 0x20, 0x00, 0x00, 0x2c, 0x00, 0x20, 0x00, 0x00, 0x2c, 0x05, 0x00, 0x00, 0x00
    .byte 0x2c, 0x01, 0x00, 0x00, 0x00, 0x15, 0x1a, 0x15, 0x21, 0x2c, 0x18, 0x02, 0x00, 0x00, 0x15, 0x11
    .byte 0x18, 0x70, 0x17, 0x00, 0x20, 0x00, 0x00, 0x2c, 0x00, 0x20, 0x00, 0x00, 0x2c, 0x05, 0x00, 0x00
    .byte 0x00, 0x2c, 0x01, 0x00, 0x00, 0x00, 0x15, 0x1a, 0x15, 0x21, 0x20, 0x00, 0x00, 0x2c, 0x01, 0x00
    .byte 0x00, 0x00, 0x15, 0x38, 0x03, 0x00, 0x02, 0x00, 0x00, 0x00, 0x26, 0x00, 0xbe, 0x2c, 0x06, 0x00
    .byte 0x00, 0x00, 0x2c, 0x59, 0x15, 0x22, 0x02, 0x15, 0x39, 0x2c, 0x16, 0x00, 0x00, 0x00, 0x15, 0x05
    .byte 0x20, 0x00, 0x00, 0x15, 0x06, 0x15, 0x16, 0x2c, 0x0a, 0x00, 0x00, 0x00, 0x15, 0x07, 0x15, 0x08
    .byte 0x03, 0x00, 0x20, 0x00, 0x00, 0x00, 0x30, 0x00, 0x10, 0x00, 0x00, 0x00, 0x14, 0x76, 0x1e, 0x22
    .byte 0x02, 0x2c, 0x15, 0x00, 0x00, 0x00, 0x15, 0x05, 0x2c, 0x01, 0x00, 0x00, 0x00, 0x15, 0x06, 0x20
    .byte 0x00, 0x00, 0x15, 0x2b, 0x2c, 0x18, 0x02, 0x00, 0x00, 0x2c, 0x9f, 0x01, 0x00, 0x00, 0x2c, 0x08
    .byte 0x00, 0x00, 0x00, 0x2c, 0x00, 0x10, 0x00, 0x00, 0x2c, 0x05, 0x00, 0x00, 0x00, 0x2c, 0x01, 0x00
    .byte 0x00, 0x00, 0x15, 0x1a, 0x15, 0x21, 0x2c, 0x17, 0x00, 0x00, 0x00, 0x15, 0x05, 0x20, 0x00, 0x00
    .byte 0x15, 0x06, 0x20, 0x00, 0x00, 0x15, 0x2b, 0x2c, 0x18, 0x02, 0x00, 0x00, 0x2c, 0x9f, 0x01, 0x00
    .byte 0x00, 0x2c, 0x20, 0x00, 0x00, 0x00, 0x2c, 0x00, 0x10, 0x00, 0x00, 0x2c, 0x05, 0x00, 0x00, 0x00
    .byte 0x2c, 0x01, 0x00, 0x00, 0x00, 0x15, 0x1a, 0x15, 0x21, 0x2c, 0x01, 0x00, 0x00, 0x00, 0x20, 0x00
    .byte 0x00, 0x15, 0x38, 0x2c, 0x01, 0x00, 0x00, 0x00, 0x15, 0x18, 0x2c, 0x01, 0x00, 0x00, 0x00, 0x15
    .byte 0x19, 0x20, 0x00, 0x00, 0x15, 0xa9, 0x15, 0x2c, 0x00, 0x03, 0x00, 0x00, 0x00, 0x00, 0x00, 0x28
    .byte 0x00, 0x00, 0x01, 0xf3, 0x1e, 0x22, 0x02, 0x03, 0x00, 0x01, 0x00, 0x00, 0x00, 0x28, 0x00, 0x00
    .byte 0x01, 0xf3, 0x1e, 0x22, 0x02, 0x03, 0x00, 0x02, 0x00, 0x00, 0x00, 0x28, 0x00, 0x00, 0x01, 0xf3
    .byte 0x1e, 0x22, 0x02, 0x15, 0x28, 0x2c, 0x14, 0x00, 0x00, 0x00, 0x15, 0x07, 0x15, 0x08, 0x2c, 0x01
    .byte 0x00, 0x00, 0x00, 0x15, 0xa9, 0x20, 0x00, 0x00, 0x15, 0x18, 0x20, 0x00, 0x00, 0x15, 0x19, 0x2c
    .byte 0x01, 0x00, 0x00, 0x00, 0x15, 0x2b, 0x2b, 0x00, 0x00, 0x32, 0x00, 0x00, 0x00, 0x00, 0x00, 0x14
    .byte 0x4b, 0x1f, 0x22, 0x02, 0x2c, 0x18, 0x02, 0x00, 0x00, 0x2c, 0xa3, 0x01, 0x00, 0x00, 0x2c, 0x20
    .byte 0x00, 0x00, 0x00, 0x2c, 0x00, 0x20, 0x00, 0x00, 0x2c, 0x05, 0x00, 0x00, 0x00, 0x2c, 0x01, 0x00
    .byte 0x00, 0x00, 0x15, 0x1a, 0x15, 0x21, 0x25, 0x14, 0x20, 0x22, 0x02, 0x2b, 0x00, 0x00, 0x32, 0x00
    .byte 0x01, 0x00, 0x00, 0x00, 0x14, 0xa4, 0x1f, 0x22, 0x02, 0x2c, 0x18, 0x02, 0x00, 0x00, 0x15, 0x11
    .byte 0x18, 0x70, 0x17, 0x00, 0x2c, 0x20, 0x00, 0x00, 0x00, 0x2c, 0x00, 0x20, 0x00, 0x00, 0x2c, 0x05
    .byte 0x00, 0x00, 0x00, 0x2c, 0x01, 0x00, 0x00, 0x00, 0x15, 0x1a, 0x15, 0x21, 0x15, 0x10, 0x18, 0x70
    .byte 0x17, 0x00, 0x2c, 0xa3, 0x01, 0x00, 0x00, 0x2c, 0x20, 0x00, 0x00, 0x00, 0x2c, 0x00, 0x20, 0x00
    .byte 0x00, 0x2c, 0x05, 0x00, 0x00, 0x00, 0x2c, 0x01, 0x00, 0x00, 0x00, 0x15, 0x1a, 0x15, 0x21, 0x25
    .byte 0x14, 0x20, 0x22, 0x02, 0x15, 0x10, 0x18, 0x70, 0x17, 0x00, 0x2c, 0x93, 0x01, 0x00, 0x00, 0x2c
    .byte 0x20, 0x00, 0x00, 0x00, 0x2c, 0x00, 0x20, 0x00, 0x00, 0x2c, 0x05, 0x00, 0x00, 0x00, 0x2c, 0x01
    .byte 0x00, 0x00, 0x00, 0x15, 0x1a, 0x15, 0x21, 0x2c, 0x18, 0x02, 0x00, 0x00, 0x15, 0x11, 0x18, 0x70
    .byte 0x17, 0x00, 0x2c, 0x20, 0x00, 0x00, 0x00, 0x2c, 0x00, 0x20, 0x00, 0x00, 0x2c, 0x05, 0x00, 0x00
    .byte 0x00, 0x2c, 0x01, 0x00, 0x00, 0x00, 0x15, 0x1a, 0x15, 0x21, 0x15, 0x10, 0x18, 0x70, 0x17, 0x00
    .byte 0x15, 0x11, 0x18, 0x70, 0x05, 0x00, 0x10, 0x00, 0x00, 0x00, 0x17, 0x00, 0x2c, 0x20, 0x00, 0x00
    .byte 0x00, 0x2c, 0x00, 0x20, 0x00, 0x00, 0x2c, 0x05, 0x00, 0x00, 0x00, 0x2c, 0x01, 0x00, 0x00, 0x00
    .byte 0x15, 0x1a, 0x15, 0x21, 0x03, 0x00, 0x02, 0x00, 0x00, 0x00, 0x26, 0x00, 0xbe, 0x2c, 0x06, 0x00
    .byte 0x00, 0x00, 0x2c, 0x59, 0x15, 0x22, 0x02, 0x15, 0x39, 0x2c, 0x16, 0x00, 0x00, 0x00, 0x15, 0x05
    .byte 0x20, 0x00, 0x00, 0x15, 0x2b, 0x20, 0x00, 0x00, 0x2c, 0x02, 0x00, 0x00, 0x00, 0x15, 0x38, 0x2c
    .byte 0x18, 0x02, 0x00, 0x00, 0x2c, 0xaf, 0x01, 0x00, 0x00, 0x2c, 0x14, 0x00, 0x00, 0x00, 0x2c, 0x00
    .byte 0x10, 0x00, 0x00, 0x2c, 0x05, 0x00, 0x00, 0x00, 0x2c, 0x01, 0x00, 0x00, 0x00, 0x15, 0x1a, 0x15
    .byte 0x21, 0x2c, 0x15, 0x00, 0x00, 0x00, 0x15, 0x05, 0x2c, 0x01, 0x00, 0x00, 0x00, 0x15, 0x06, 0x20
    .byte 0x00, 0x00, 0x15, 0x2b, 0x2c, 0x18, 0x02, 0x00, 0x00, 0x2c, 0xaf, 0x01, 0x00, 0x00, 0x20, 0x00
    .byte 0x00, 0x2c, 0x00, 0x10, 0x00, 0x00, 0x2c, 0x05, 0x00, 0x00, 0x00, 0x2c, 0x01, 0x00, 0x00, 0x00
    .byte 0x15, 0x1a, 0x15, 0x21, 0x2c, 0x02, 0x00, 0x00, 0x00, 0x2c, 0x57, 0x00, 0x00, 0x00, 0x15, 0xe0
    .byte 0x2c, 0x01, 0x00, 0x00, 0x00, 0x15, 0x2b, 0x20, 0x00, 0x00, 0x2c, 0x08, 0x00, 0x00, 0x00, 0x20
    .byte 0x00, 0x00, 0x2c, 0x00, 0x10, 0x00, 0x00, 0x2c, 0x04, 0x00, 0x00, 0x00, 0x2c, 0x01, 0x00, 0x00
    .byte 0x00, 0x15, 0x1a, 0x15, 0x21, 0x2c, 0x01, 0x00, 0x00, 0x00, 0x20, 0x00, 0x00, 0x15, 0x38, 0x2c
    .byte 0x01, 0x00, 0x00, 0x00, 0x15, 0x18, 0x2c, 0x01, 0x00, 0x00, 0x00, 0x15, 0x19, 0x20, 0x00, 0x00
    .byte 0x15, 0xa9, 0x15, 0x2c, 0x00, 0x15, 0x10, 0x18, 0x70, 0x28, 0x00, 0x03, 0x15, 0x11, 0x18, 0x70
    .byte 0x28, 0x00, 0x04, 0x15, 0x12, 0x18, 0x70, 0x28, 0x00, 0x05, 0x29, 0x00, 0x5a, 0x31, 0x00, 0x04
    .byte 0x00, 0x00, 0x00, 0x14, 0x0d, 0x21, 0x22, 0x02, 0x01, 0xb5, 0xdf, 0x21, 0x02, 0x2c, 0x9d, 0x0a
    .byte 0x00, 0x00, 0x15, 0x37, 0x18, 0x70, 0x14, 0x2e, 0x21, 0x22, 0x02, 0x29, 0x00, 0xfe, 0x32, 0x00
    .byte 0x2a, 0x00, 0x00, 0x00, 0x14, 0x2e, 0x21, 0x22, 0x02, 0x01, 0xb5, 0xdf, 0x21, 0x02, 0x2c, 0x9e
    .byte 0x0a, 0x00, 0x00, 0x15, 0x37, 0x18, 0x70, 0x14, 0x4f, 0x21, 0x22, 0x02, 0x29, 0x00, 0xfe, 0x32
    .byte 0x00, 0x2f, 0x00, 0x00, 0x00, 0x14, 0x4f, 0x21, 0x22, 0x02, 0x01, 0xb5, 0xdf, 0x21, 0x02, 0x2c
    .byte 0x9f, 0x0a, 0x00, 0x00, 0x15, 0x37, 0x18, 0x70, 0x14, 0x70, 0x21, 0x22, 0x02, 0x29, 0x00, 0xfe
    .byte 0x32, 0x00, 0x32, 0x00, 0x00, 0x00, 0x14, 0x70, 0x21, 0x22, 0x02, 0x01, 0xb5, 0xdf, 0x21, 0x02
    .byte 0x2c, 0x74, 0x03, 0x00, 0x00, 0x15, 0x37, 0x18, 0x70, 0x14, 0x91, 0x21, 0x22, 0x02, 0x29, 0x00
    .byte 0xfe, 0x32, 0x00, 0x36, 0x00, 0x00, 0x00, 0x14, 0x91, 0x21, 0x22, 0x02, 0x01, 0xb5, 0xdf, 0x21
    .byte 0x02, 0x2c, 0xa3, 0x0a, 0x00, 0x00, 0x15, 0x37, 0x18, 0x70, 0x14, 0xb2, 0x21, 0x22, 0x02, 0x29
    .byte 0x00, 0xfe, 0x32, 0x00, 0x43, 0x00, 0x00, 0x00, 0x14, 0xb2, 0x21, 0x22, 0x02, 0x01, 0xb5, 0xdf
    .byte 0x21, 0x02, 0x2c, 0x70, 0x03, 0x00, 0x00, 0x15, 0x37, 0x18, 0x70, 0x14, 0xd3, 0x21, 0x22, 0x02
    .byte 0x29, 0x00, 0xfe, 0x32, 0x00, 0x69, 0x00, 0x00, 0x00, 0x14, 0xd3, 0x21, 0x22, 0x02, 0x01, 0xb5
    .byte 0xdf, 0x21, 0x02, 0x2c, 0x49, 0x11, 0x00, 0x00, 0x2c, 0x43, 0x11, 0x00, 0x00, 0x2c, 0x4a, 0x11
    .byte 0x00, 0x00, 0x2c, 0x02, 0x00, 0x00, 0x00, 0x20, 0x00, 0x00, 0x15, 0x73, 0x2c, 0x01, 0x00, 0x00
    .byte 0x00, 0x15, 0x09, 0x29, 0x00, 0x5a, 0x32, 0x00, 0x00, 0x00, 0x00, 0x00, 0x14, 0x0d, 0x22, 0x22
    .byte 0x02, 0x2c, 0x06, 0x00, 0x00, 0x00, 0x15, 0x05, 0x25, 0x54, 0x22, 0x22, 0x02, 0x29, 0x00, 0x5a
    .byte 0x32, 0x00, 0x01, 0x00, 0x00, 0x00, 0x14, 0x27, 0x22, 0x22, 0x02, 0x2c, 0x06, 0x00, 0x00, 0x00
    .byte 0x15, 0x05, 0x25, 0x54, 0x22, 0x22, 0x02, 0x29, 0x00, 0x5a, 0x32, 0x00, 0x02, 0x00, 0x00, 0x00
    .byte 0x14, 0x41, 0x22, 0x22, 0x02, 0x2c, 0x06, 0x00, 0x00, 0x00, 0x15, 0x05, 0x25, 0x54, 0x22, 0x22
    .byte 0x02, 0x29, 0x00, 0x5a, 0x32, 0x00, 0x03, 0x00, 0x00, 0x00, 0x14, 0x54, 0x22, 0x22, 0x02, 0x20
    .byte 0x00, 0x00, 0x15, 0x05, 0x2c, 0x01, 0x00, 0x00, 0x00, 0x15, 0x06, 0x2c, 0x01, 0x00, 0x00, 0x00
    .byte 0x2c, 0x68, 0x22, 0x22, 0x02, 0x15, 0x29, 0x00, 0x15, 0x27, 0x18, 0x70, 0x15, 0x12, 0x18, 0x71
    .byte 0x1f, 0x10, 0x14, 0x78, 0x22, 0x22, 0x02, 0x00, 0x2c, 0x08, 0x00, 0x00, 0x00, 0x2c, 0x51, 0x01
    .byte 0x00, 0x00, 0x15, 0xe0, 0x29, 0x00, 0xfe, 0x32, 0x00, 0x36, 0x00, 0x00, 0x00, 0x14, 0x9e, 0x22
    .byte 0x22, 0x02, 0x2c, 0x74, 0x03, 0x00, 0x00, 0x15, 0x35, 0x25, 0x1b, 0x23, 0x22, 0x02, 0x29, 0x00
    .byte 0xfe, 0x32, 0x00, 0x69, 0x00, 0x00, 0x00, 0x14, 0xb8, 0x22, 0x22, 0x02, 0x2c, 0x70, 0x03, 0x00
    .byte 0x00, 0x15, 0x35, 0x25, 0x1b, 0x23, 0x22, 0x02, 0x29, 0x00, 0xfe, 0x32, 0x00, 0x43, 0x00, 0x00
    .byte 0x00, 0x14, 0xd2, 0x22, 0x22, 0x02, 0x2c, 0xa3, 0x0a, 0x00, 0x00, 0x15, 0x35, 0x25, 0x1b, 0x23
    .byte 0x22, 0x02, 0x29, 0x00, 0xfe, 0x32, 0x00, 0x2a, 0x00, 0x00, 0x00, 0x14, 0xec, 0x22, 0x22, 0x02
    .byte 0x2c, 0x9d, 0x0a, 0x00, 0x00, 0x15, 0x35, 0x25, 0x1b, 0x23, 0x22, 0x02, 0x29, 0x00, 0xfe, 0x32
    .byte 0x00, 0x2f, 0x00, 0x00, 0x00, 0x14, 0x06, 0x23, 0x22, 0x02, 0x2c, 0x9e, 0x0a, 0x00, 0x00, 0x15
    .byte 0x35, 0x25, 0x1b, 0x23, 0x22, 0x02, 0x29, 0x00, 0xfe, 0x32, 0x00, 0x32, 0x00, 0x00, 0x00, 0x14
    .byte 0x1b, 0x23, 0x22, 0x02, 0x2c, 0x9f, 0x0a, 0x00, 0x00, 0x15, 0x35, 0x2c, 0x01, 0x00, 0x00, 0x00
    .byte 0x20, 0x00, 0x00, 0x15, 0x29, 0x03, 0x00, 0x04, 0x00, 0x00, 0x00, 0x26, 0x00, 0x58, 0x20, 0x00
    .byte 0x00, 0x2c, 0x50, 0xdf, 0x21, 0x02, 0x15, 0x39, 0x20, 0x00, 0x00, 0x15, 0x42, 0x18, 0x70, 0x32
    .byte 0x00, 0x00, 0x00, 0x00, 0x00, 0x14, 0x4f, 0x23, 0x22, 0x02, 0x01, 0x38, 0x23, 0x22, 0x02, 0x2c
    .byte 0x1e, 0x00, 0x00, 0x00, 0x2c, 0x80, 0xa8, 0x00, 0x00, 0x2c, 0x60, 0x00, 0x00, 0x00, 0x20, 0x00
    .byte 0x00, 0x20, 0x00, 0x00, 0x15, 0x3e, 0x2c, 0x01, 0x00, 0x00, 0x00, 0x15, 0x05, 0x15, 0x16, 0x2c
    .byte 0x1e, 0x00, 0x00, 0x00, 0x15, 0x07, 0x15, 0x08, 0x20, 0x00, 0x00, 0x2c, 0x82, 0xa8, 0x00, 0x00
    .byte 0x15, 0xe0, 0x2c, 0xa7, 0x00, 0x00, 0x00, 0x15, 0x07, 0x15, 0x08, 0x20, 0x00, 0x00, 0x2c, 0x81
    .byte 0xa8, 0x00, 0x00, 0x15, 0xe0, 0x2c, 0x02, 0x00, 0x00, 0x00, 0x15, 0x05, 0x2c, 0x3c, 0x00, 0x00
    .byte 0x00, 0x15, 0x07, 0x15, 0x08, 0x2c, 0x03, 0x00, 0x00, 0x00, 0x15, 0x45, 0x29, 0x00, 0x5a, 0x32
    .byte 0x00, 0x00, 0x00, 0x00, 0x00, 0x14, 0xc4, 0x23, 0x22, 0x02, 0x01, 0x07, 0x24, 0x22, 0x02, 0x25
    .byte 0x07, 0x24, 0x22, 0x02, 0x29, 0x00, 0x5a, 0x32, 0x00, 0x01, 0x00, 0x00, 0x00, 0x14, 0xdc, 0x23
    .byte 0x22, 0x02, 0x01, 0xb5, 0x24, 0x22, 0x02, 0x25, 0x07, 0x24, 0x22, 0x02, 0x29, 0x00, 0x5a, 0x32
    .byte 0x00, 0x02, 0x00, 0x00, 0x00, 0x14, 0xf4, 0x23, 0x22, 0x02, 0x01, 0x28, 0x26, 0x22, 0x02, 0x25
    .byte 0x07, 0x24, 0x22, 0x02, 0x29, 0x00, 0x5a, 0x32, 0x00, 0x03, 0x00, 0x00, 0x00, 0x14, 0x07, 0x24
    .byte 0x22, 0x02, 0x01, 0xd8, 0x2a, 0x22, 0x02, 0x15, 0x8b, 0x18, 0x70, 0x32, 0x00, 0x00, 0x00, 0x00
    .byte 0x00, 0x13, 0x1b, 0x24, 0x22, 0x02, 0x01, 0x07, 0x24, 0x22, 0x02, 0x2c, 0xaa, 0x02, 0x00, 0x00
    .byte 0x2c, 0x01, 0x00, 0x00, 0x00, 0x20, 0x00, 0x00, 0x20, 0x00, 0x00, 0x15, 0xb8, 0x15, 0x5a, 0x2c
    .byte 0x32, 0x00, 0x00, 0x00, 0x15, 0x07, 0x15, 0x08, 0x15, 0x8b, 0x18, 0x70, 0x32, 0x00, 0x00, 0x00
    .byte 0x00, 0x00, 0x13, 0x4c, 0x24, 0x22, 0x02, 0x01, 0x38, 0x24, 0x22, 0x02, 0x2c, 0xab, 0x02, 0x00
    .byte 0x00, 0x2c, 0x01, 0x00, 0x00, 0x00, 0x20, 0x00, 0x00, 0x20, 0x00, 0x00, 0x15, 0xb8, 0x15, 0x5a
    .byte 0x20, 0x00, 0x00, 0x2c, 0x86, 0xa8, 0x00, 0x00, 0x15, 0xe0, 0x2c, 0x04, 0x00, 0x00, 0x00, 0x15
    .byte 0x05, 0x2c, 0x01, 0x00, 0x00, 0x00, 0x15, 0x06, 0x2c, 0x3c, 0x00, 0x00, 0x00, 0x15, 0x07, 0x15
    .byte 0x08, 0x2c, 0x08, 0x00, 0x00, 0x00, 0x15, 0x45, 0x15, 0x8b, 0x18, 0x70, 0x32, 0x00, 0x00, 0x00
    .byte 0x00, 0x00, 0x13, 0x9c, 0x24, 0x22, 0x02, 0x01, 0x88, 0x24, 0x22, 0x02, 0x2c, 0xac, 0x02, 0x00
    .byte 0x00, 0x2c, 0x01, 0x00, 0x00, 0x00, 0x20, 0x00, 0x00, 0x20, 0x00, 0x00, 0x15, 0xb8, 0x15, 0x5a
    .byte 0x01, 0x02, 0x2a, 0x22, 0x02, 0x15, 0x8b, 0x18, 0x70, 0x32, 0x00, 0x00, 0x00, 0x00, 0x00, 0x13
    .byte 0xc9, 0x24, 0x22, 0x02, 0x01, 0xb5, 0x24, 0x22, 0x02, 0x2c, 0xad, 0x02, 0x00, 0x00, 0x2c, 0x01
    .byte 0x00, 0x00, 0x00, 0x20, 0x00, 0x00, 0x20, 0x00, 0x00, 0x15, 0xb8, 0x15, 0x5a, 0x2c, 0x1e, 0x00
    .byte 0x00, 0x00, 0x15, 0x07, 0x15, 0x08, 0x15, 0x8b, 0x18, 0x70, 0x32, 0x00, 0x00, 0x00, 0x00, 0x00
    .byte 0x13, 0xfa, 0x24, 0x22, 0x02, 0x01, 0xe6, 0x24, 0x22, 0x02, 0x2c, 0xae, 0x02, 0x00, 0x00, 0x2c
    .byte 0x01, 0x00, 0x00, 0x00, 0x20, 0x00, 0x00, 0x20, 0x00, 0x00, 0x15, 0xb8, 0x15, 0x5a, 0x20, 0x00
    .byte 0x00, 0x2c, 0x86, 0xa8, 0x00, 0x00, 0x15, 0xe0, 0x2c, 0x04, 0x00, 0x00, 0x00, 0x15, 0x05, 0x15
    .byte 0x16, 0x2c, 0x3c, 0x00, 0x00, 0x00, 0x15, 0x07, 0x15, 0x08, 0x2c, 0x08, 0x00, 0x00, 0x00, 0x15
    .byte 0x45, 0x15, 0x8b, 0x18, 0x70, 0x32, 0x00, 0x00, 0x00, 0x00, 0x00, 0x13, 0x45, 0x25, 0x22, 0x02
    .byte 0x01, 0x31, 0x25, 0x22, 0x02, 0x2c, 0xaf, 0x02, 0x00, 0x00, 0x2c, 0x01, 0x00, 0x00, 0x00, 0x20
    .byte 0x00, 0x00, 0x20, 0x00, 0x00, 0x15, 0xb8, 0x15, 0x5a, 0x2c, 0x71, 0x03, 0x00, 0x00, 0x15, 0x35
    .byte 0x03, 0x00, 0x00, 0x00, 0x00, 0x00, 0x28, 0x00, 0x00, 0x03, 0x00, 0x00, 0x00, 0x00, 0x00, 0x28
    .byte 0x00, 0x01, 0x2c, 0x04, 0x00, 0x00, 0x00, 0x15, 0x05, 0x2c, 0x01, 0x00, 0x00, 0x00, 0x15, 0x06
    .byte 0x2c, 0x05, 0x00, 0x00, 0x00, 0x2c, 0x45, 0x2f, 0x22, 0x02, 0x15, 0x39, 0x21, 0xc7, 0x2b, 0x22
    .byte 0x02, 0x2c, 0x32, 0x00, 0x00, 0x00, 0x15, 0x07, 0x15, 0x08, 0x20, 0x00, 0x00, 0x2c, 0x86, 0xa8
    .byte 0x00, 0x00, 0x15, 0xe0, 0x2c, 0x03, 0x00, 0x00, 0x00, 0x15, 0x45, 0x15, 0x8b, 0x18, 0x70, 0x32
    .byte 0x00, 0x00, 0x00, 0x00, 0x00, 0x13, 0xbf, 0x25, 0x22, 0x02, 0x01, 0xab, 0x25, 0x22, 0x02, 0x2c
    .byte 0xb1, 0x02, 0x00, 0x00, 0x2c, 0x01, 0x00, 0x00, 0x00, 0x20, 0x00, 0x00, 0x20, 0x00, 0x00, 0x15
    .byte 0xb8, 0x15, 0x5a, 0x20, 0x00, 0x00, 0x2c, 0x86, 0xa8, 0x00, 0x00, 0x15, 0xe0, 0x2c, 0x04, 0x00
    .byte 0x00, 0x00, 0x15, 0x05, 0x2c, 0x01, 0x00, 0x00, 0x00, 0x15, 0x06, 0x2c, 0x3c, 0x00, 0x00, 0x00
    .byte 0x15, 0x07, 0x15, 0x08, 0x2c, 0x08, 0x00, 0x00, 0x00, 0x15, 0x45, 0x15, 0x8b, 0x18, 0x70, 0x32
    .byte 0x00, 0x00, 0x00, 0x00, 0x00, 0x13, 0x0f, 0x26, 0x22, 0x02, 0x01, 0xfb, 0x25, 0x22, 0x02, 0x2c
    .byte 0xb2, 0x02, 0x00, 0x00, 0x2c, 0x01, 0x00, 0x00, 0x00, 0x20, 0x00, 0x00, 0x20, 0x00, 0x00, 0x15
    .byte 0xb8, 0x15, 0x5a, 0x01, 0x02, 0x2a, 0x22, 0x02, 0x15, 0x8b, 0x18, 0x70, 0x32, 0x00, 0x00, 0x00
    .byte 0x00, 0x00, 0x13, 0x3c, 0x26, 0x22, 0x02, 0x01, 0x28, 0x26, 0x22, 0x02, 0x2c, 0xb3, 0x02, 0x00
    .byte 0x00, 0x2c, 0x01, 0x00, 0x00, 0x00, 0x20, 0x00, 0x00, 0x20, 0x00, 0x00, 0x15, 0xb8, 0x15, 0x5a
    .byte 0x2c, 0x1e, 0x00, 0x00, 0x00, 0x15, 0x07, 0x15, 0x08, 0x15, 0x8b, 0x18, 0x70, 0x32, 0x00, 0x00
    .byte 0x00, 0x00, 0x00, 0x13, 0x6d, 0x26, 0x22, 0x02, 0x01, 0x59, 0x26, 0x22, 0x02, 0x2c, 0xb4, 0x02
    .byte 0x00, 0x00, 0x2c, 0x01, 0x00, 0x00, 0x00, 0x20, 0x00, 0x00, 0x20, 0x00, 0x00, 0x15, 0xb8, 0x15
    .byte 0x5a, 0x03, 0x00, 0xec, 0xff, 0xff, 0xff, 0x26, 0x00, 0xe1, 0x15, 0x8b, 0x18, 0x70, 0x32, 0x00
    .byte 0x00, 0x00, 0x00, 0x00, 0x13, 0x9e, 0x26, 0x22, 0x02, 0x01, 0x8a, 0x26, 0x22, 0x02, 0x2c, 0xb5
    .byte 0x02, 0x00, 0x00, 0x2c, 0x01, 0x00, 0x00, 0x00, 0x20, 0x00, 0x00, 0x20, 0x00, 0x00, 0x2c, 0x01
    .byte 0x00, 0x00, 0x00, 0x15, 0xe7, 0x2c, 0x01, 0x00, 0x00, 0x00, 0x15, 0x07, 0x15, 0x08, 0x03, 0x00
    .byte 0x00, 0x00, 0x00, 0x00, 0x26, 0x00, 0xe1, 0x2c, 0xea, 0x03, 0x00, 0x00, 0x15, 0x37, 0x18, 0x70
    .byte 0x14, 0xda, 0x26, 0x22, 0x02, 0x01, 0x30, 0x29, 0x22, 0x02, 0x15, 0x8b, 0x18, 0x70, 0x32, 0x00
    .byte 0x00, 0x00, 0x00, 0x00, 0x13, 0xee, 0x26, 0x22, 0x02, 0x01, 0xda, 0x26, 0x22, 0x02, 0x2c, 0xb6
    .byte 0x02, 0x00, 0x00, 0x2c, 0x01, 0x00, 0x00, 0x00, 0x20, 0x00, 0x00, 0x20, 0x00, 0x00, 0x15, 0xb8
    .byte 0x15, 0x5a, 0x2c, 0x28, 0x00, 0x00, 0x00, 0x15, 0x07, 0x15, 0x08, 0x20, 0x00, 0x00, 0x2c, 0x86
    .byte 0xa8, 0x00, 0x00, 0x15, 0xe0, 0x2c, 0x04, 0x00, 0x00, 0x00, 0x15, 0x05, 0x15, 0x16, 0x2c, 0x28
    .byte 0x00, 0x00, 0x00, 0x15, 0x07, 0x15, 0x08, 0x2c, 0x08, 0x00, 0x00, 0x00, 0x15, 0x45, 0x15, 0x8b
    .byte 0x18, 0x70, 0x32, 0x00, 0x00, 0x00, 0x00, 0x00, 0x13, 0x42, 0x27, 0x22, 0x02, 0x01, 0x2e, 0x27
    .byte 0x22, 0x02, 0x2c, 0xb7, 0x02, 0x00, 0x00, 0x2c, 0x01, 0x00, 0x00, 0x00, 0x20, 0x00, 0x00, 0x20
    .byte 0x00, 0x00, 0x15, 0xb8, 0x15, 0x5a, 0x2c, 0x04, 0x00, 0x00, 0x00, 0x15, 0x05, 0x2c, 0x01, 0x00
    .byte 0x00, 0x00, 0x15, 0x06, 0x2c, 0x71, 0x03, 0x00, 0x00, 0x15, 0x36, 0x21, 0x0a, 0x2d, 0x22, 0x02
    .byte 0x2c, 0x71, 0x03, 0x00, 0x00, 0x15, 0x37, 0x18, 0x70, 0x14, 0xcb, 0x28, 0x22, 0x02, 0x2c, 0x3c
    .byte 0x00, 0x00, 0x00, 0x15, 0x07, 0x15, 0x08, 0x2c, 0x08, 0x00, 0x00, 0x00, 0x15, 0x45, 0x15, 0x8b
    .byte 0x18, 0x70, 0x32, 0x00, 0x00, 0x00, 0x00, 0x00, 0x13, 0xa2, 0x27, 0x22, 0x02, 0x01, 0x8e, 0x27
    .byte 0x22, 0x02, 0x2c, 0xb8, 0x02, 0x00, 0x00, 0x2c, 0x01, 0x00, 0x00, 0x00, 0x20, 0x00, 0x00, 0x20
    .byte 0x00, 0x00, 0x15, 0xb8, 0x15, 0x5a, 0x03, 0x00, 0xec, 0xff, 0xff, 0xff, 0x26, 0x00, 0xe1, 0x15
    .byte 0x8b, 0x18, 0x70, 0x32, 0x00, 0x00, 0x00, 0x00, 0x00, 0x13, 0xd3, 0x27, 0x22, 0x02, 0x01, 0xbf
    .byte 0x27, 0x22, 0x02, 0x2c, 0xbb, 0x02, 0x00, 0x00, 0x2c, 0x01, 0x00, 0x00, 0x00, 0x20, 0x00, 0x00
    .byte 0x20, 0x00, 0x00, 0x2c, 0x01, 0x00, 0x00, 0x00, 0x15, 0xe7, 0x2c, 0x01, 0x00, 0x00, 0x00, 0x15
    .byte 0x07, 0x15, 0x08, 0x03, 0x00, 0x00, 0x00, 0x00, 0x00, 0x26, 0x00, 0xe1, 0x2c, 0xea, 0x03, 0x00
    .byte 0x00, 0x15, 0x37, 0x18, 0x70, 0x14, 0x0f, 0x28, 0x22, 0x02, 0x01, 0x30, 0x29, 0x22, 0x02, 0x2c
    .byte 0x3c, 0x00, 0x00, 0x00, 0x15, 0x07, 0x15, 0x08, 0x20, 0x00, 0x00, 0x2c, 0x45, 0x2e, 0x22, 0x02
    .byte 0x15, 0x39, 0x20, 0x00, 0x00, 0x15, 0x42, 0x18, 0x70, 0x32, 0x00, 0x00, 0x00, 0x00, 0x00, 0x14
    .byte 0x39, 0x28, 0x22, 0x02, 0x01, 0x22, 0x28, 0x22, 0x02, 0x2c, 0x28, 0x00, 0x00, 0x00, 0x15, 0x07
    .byte 0x15, 0x08, 0x2c, 0x03, 0x00, 0x00, 0x00, 0x15, 0x45, 0x15, 0x8b, 0x18, 0x70, 0x32, 0x00, 0x00
    .byte 0x00, 0x00, 0x00, 0x13, 0x5d, 0x28, 0x22, 0x02, 0x01, 0x49, 0x28, 0x22, 0x02, 0x2c, 0xb9, 0x02
    .byte 0x00, 0x00, 0x2c, 0x01, 0x00, 0x00, 0x00, 0x20, 0x00, 0x00, 0x20, 0x00, 0x00, 0x15, 0xb8, 0x15
    .byte 0x5a, 0x20, 0x00, 0x00, 0x2c, 0x86, 0xa8, 0x00, 0x00, 0x15, 0xe0, 0x2c, 0x04, 0x00, 0x00, 0x00
    .byte 0x15, 0x05, 0x2c, 0x01, 0x00, 0x00, 0x00, 0x15, 0x06, 0x2c, 0x3c, 0x00, 0x00, 0x00, 0x15, 0x07
    .byte 0x15, 0x08, 0x2c, 0x08, 0x00, 0x00, 0x00, 0x15, 0x45, 0x15, 0x8b, 0x18, 0x70, 0x32, 0x00, 0x00
    .byte 0x00, 0x00, 0x00, 0x13, 0xad, 0x28, 0x22, 0x02, 0x01, 0x99, 0x28, 0x22, 0x02, 0x2c, 0xba, 0x02
    .byte 0x00, 0x00, 0x2c, 0x01, 0x00, 0x00, 0x00, 0x20, 0x00, 0x00, 0x20, 0x00, 0x00, 0x15, 0xb8, 0x15
    .byte 0x5a, 0x01, 0x02, 0x2a, 0x22, 0x02, 0x25, 0x2b, 0x29, 0x22, 0x02, 0x2c, 0x08, 0x00, 0x00, 0x00
    .byte 0x15, 0x45, 0x03, 0x00, 0xec, 0xff, 0xff, 0xff, 0x26, 0x00, 0xe1, 0x15, 0x8b, 0x18, 0x70, 0x32
    .byte 0x00, 0x00, 0x00, 0x00, 0x00, 0x13, 0xef, 0x28, 0x22, 0x02, 0x01, 0xdb, 0x28, 0x22, 0x02, 0x2c
    .byte 0xbc, 0x02, 0x00, 0x00, 0x2c, 0x01, 0x00, 0x00, 0x00, 0x20, 0x00, 0x00, 0x20, 0x00, 0x00, 0x2c
    .byte 0x01, 0x00, 0x00, 0x00, 0x15, 0xe7, 0x2c, 0x01, 0x00, 0x00, 0x00, 0x15, 0x07, 0x15, 0x08, 0x03
    .byte 0x00, 0x00, 0x00, 0x00, 0x00, 0x26, 0x00, 0xe1, 0x2c, 0xea, 0x03, 0x00, 0x00, 0x15, 0x37, 0x18
    .byte 0x70, 0x14, 0x2b, 0x29, 0x22, 0x02, 0x01, 0x30, 0x29, 0x22, 0x02, 0x01, 0x6b, 0x27, 0x22, 0x02
    .byte 0x2c, 0x1e, 0x00, 0x00, 0x00, 0x15, 0x07, 0x15, 0x08, 0x15, 0x27, 0x18, 0x70, 0x15, 0x12, 0x18
    .byte 0x71, 0x1f, 0x10, 0x14, 0x69, 0x29, 0x22, 0x02, 0x20, 0x00, 0x00, 0x2c, 0x45, 0x2e, 0x22, 0x02
    .byte 0x15, 0x39, 0x20, 0x00, 0x00, 0x15, 0x42, 0x18, 0x70, 0x32, 0x00, 0x00, 0x00, 0x00, 0x00, 0x14
    .byte 0x69, 0x29, 0x22, 0x02, 0x01, 0x52, 0x29, 0x22, 0x02, 0x2c, 0x3c, 0x00, 0x00, 0x00, 0x15, 0x07
    .byte 0x15, 0x08, 0x2c, 0x03, 0x00, 0x00, 0x00, 0x15, 0x45, 0x15, 0x8b, 0x18, 0x70, 0x32, 0x00, 0x00
    .byte 0x00, 0x00, 0x00, 0x13, 0x8d, 0x29, 0x22, 0x02, 0x01, 0x79, 0x29, 0x22, 0x02, 0x2c, 0xbd, 0x02
    .byte 0x00, 0x00, 0x2c, 0x01, 0x00, 0x00, 0x00, 0x20, 0x00, 0x00, 0x20, 0x00, 0x00, 0x15, 0xb8, 0x15
    .byte 0x5a, 0x20, 0x00, 0x00, 0x2c, 0x86, 0xa8, 0x00, 0x00, 0x15, 0xe0, 0x2c, 0x04, 0x00, 0x00, 0x00
    .byte 0x15, 0x05, 0x2c, 0x01, 0x00, 0x00, 0x00, 0x15, 0x06, 0x2c, 0x3c, 0x00, 0x00, 0x00, 0x15, 0x07
    .byte 0x15, 0x08, 0x2c, 0x08, 0x00, 0x00, 0x00, 0x15, 0x45, 0x15, 0x8b, 0x18, 0x70, 0x32, 0x00, 0x00
    .byte 0x00, 0x00, 0x00, 0x13, 0xdd, 0x29, 0x22, 0x02, 0x01, 0xc9, 0x29, 0x22, 0x02, 0x2c, 0xc2, 0x02
    .byte 0x00, 0x00, 0x2c, 0x01, 0x00, 0x00, 0x00, 0x20, 0x00, 0x00, 0x20, 0x00, 0x00, 0x15, 0xb8, 0x15
    .byte 0x5a, 0x2c, 0x05, 0x00, 0x00, 0x00, 0x2c, 0x80, 0x2f, 0x22, 0x02, 0x15, 0x39, 0x01, 0x02, 0x2a
    .byte 0x22, 0x02, 0x20, 0x00, 0x00, 0x15, 0x18, 0x20, 0x00, 0x00, 0x15, 0x19, 0x2c, 0x05, 0x00, 0x00
    .byte 0x00, 0x15, 0x05, 0x20, 0x00, 0x00, 0x2c, 0x83, 0xa8, 0x00, 0x00, 0x15, 0xe0, 0x20, 0x00, 0x00
    .byte 0x20, 0x00, 0x00, 0x2c, 0x80, 0x00, 0x00, 0x00, 0x2c, 0x14, 0x00, 0x00, 0x00, 0x20, 0x00, 0x00
    .byte 0x2c, 0x01, 0x00, 0x00, 0x00, 0x15, 0x1a, 0x15, 0x21, 0x20, 0x00, 0x00, 0x15, 0x09, 0x29, 0x00
    .byte 0x5a, 0x05, 0x00, 0x01, 0x00, 0x00, 0x00, 0x26, 0x00, 0x5a, 0x2c, 0x03, 0x00, 0x00, 0x00, 0x2c
    .byte 0x83, 0xa8, 0x00, 0x00, 0x15, 0xe0, 0x18, 0x70, 0x14, 0x62, 0x2a, 0x22, 0x02, 0x01, 0x4a, 0x2a
    .byte 0x22, 0x02, 0x2c, 0x09, 0x00, 0x00, 0x00, 0x2c, 0x51, 0x01, 0x00, 0x00, 0x15, 0xe0, 0x29, 0x00
    .byte 0x5a, 0x31, 0x00, 0x04, 0x00, 0x00, 0x00, 0x14, 0xd7, 0x2a, 0x22, 0x02, 0x2c, 0xd3, 0x09, 0x00
    .byte 0x00, 0x15, 0x35, 0x03, 0x00, 0x59, 0x02, 0x00, 0x00, 0x26, 0x00, 0xbe, 0x20, 0x00, 0x00, 0x2c
    .byte 0x5f, 0xe3, 0x21, 0x02, 0x15, 0x39, 0x20, 0x00, 0x00, 0x15, 0x42, 0x18, 0x70, 0x32, 0x00, 0x00
    .byte 0x00, 0x00, 0x00, 0x14, 0xad, 0x2a, 0x22, 0x02, 0x01, 0x96, 0x2a, 0x22, 0x02, 0x15, 0x46, 0x15
    .byte 0x8b, 0x18, 0x70, 0x32, 0x00, 0x00, 0x00, 0x00, 0x00, 0x13, 0xc3, 0x2a, 0x22, 0x02, 0x01, 0xaf
    .byte 0x2a, 0x22, 0x02, 0x2c, 0xa9, 0x02, 0x00, 0x00, 0x2c, 0x01, 0x00, 0x00, 0x00, 0x20, 0x00, 0x00
    .byte 0x20, 0x00, 0x00, 0x15, 0xb8, 0x15, 0x5a, 0x00, 0x15, 0x8b, 0x18, 0x70, 0x32, 0x00, 0x00, 0x00
    .byte 0x00, 0x00, 0x13, 0xec, 0x2a, 0x22, 0x02, 0x01, 0xd8, 0x2a, 0x22, 0x02, 0x2c, 0xbf, 0x02, 0x00
    .byte 0x00, 0x2c, 0x01, 0x00, 0x00, 0x00, 0x20, 0x00, 0x00, 0x20, 0x00, 0x00, 0x15, 0xb8, 0x15, 0x5a
    .byte 0x2c, 0x32, 0x00, 0x00, 0x00, 0x15, 0x07, 0x15, 0x08, 0x15, 0x8b, 0x18, 0x70, 0x32, 0x00, 0x00
    .byte 0x00, 0x00, 0x00, 0x13, 0x1d, 0x2b, 0x22, 0x02, 0x01, 0x09, 0x2b, 0x22, 0x02, 0x2c, 0xc0, 0x02
    .byte 0x00, 0x00, 0x2c, 0x01, 0x00, 0x00, 0x00, 0x20, 0x00, 0x00, 0x20, 0x00, 0x00, 0x15, 0xb8, 0x15
    .byte 0x5a, 0x2c, 0x3c, 0x00, 0x00, 0x00, 0x15, 0x07, 0x15, 0x08, 0x2c, 0x03, 0x00, 0x00, 0x00, 0x15
    .byte 0x45, 0x15, 0x8b, 0x18, 0x70, 0x32, 0x00, 0x00, 0x00, 0x00, 0x00, 0x13, 0x55, 0x2b, 0x22, 0x02
    .byte 0x01, 0x41, 0x2b, 0x22, 0x02, 0x2c, 0xc3, 0x02, 0x00, 0x00, 0x2c, 0x01, 0x00, 0x00, 0x00, 0x20
    .byte 0x00, 0x00, 0x20, 0x00, 0x00, 0x15, 0xb8, 0x15, 0x5a, 0x2c, 0x1e, 0x00, 0x00, 0x00, 0x15, 0x07
    .byte 0x15, 0x08, 0x20, 0x00, 0x00, 0x2c, 0x86, 0xa8, 0x00, 0x00, 0x15, 0xe0, 0x2c, 0x04, 0x00, 0x00
    .byte 0x00, 0x15, 0x05, 0x2c, 0x01, 0x00, 0x00, 0x00, 0x15, 0x06, 0x2c, 0x3c, 0x00, 0x00, 0x00, 0x15
    .byte 0x07, 0x15, 0x08, 0x2c, 0x08, 0x00, 0x00, 0x00, 0x15, 0x45, 0x15, 0x8b, 0x18, 0x70, 0x32, 0x00
    .byte 0x00, 0x00, 0x00, 0x00, 0x13, 0xae, 0x2b, 0x22, 0x02, 0x01, 0x9a, 0x2b, 0x22, 0x02, 0x2c, 0xc1
    .byte 0x02, 0x00, 0x00, 0x2c, 0x01, 0x00, 0x00, 0x00, 0x20, 0x00, 0x00, 0x20, 0x00, 0x00, 0x15, 0xb8
    .byte 0x15, 0x5a, 0x01, 0x02, 0x2a, 0x22, 0x02, 0x2b, 0x00, 0x01, 0x35, 0x00, 0x20, 0x00, 0x00, 0x00
    .byte 0x14, 0x3d, 0x2c, 0x22, 0x02, 0x2b, 0x00, 0x00, 0x0b, 0x00, 0x40, 0x06, 0x00, 0x00, 0x32, 0x00
    .byte 0x00, 0x00, 0x00, 0x00, 0x14, 0xf3, 0x2b, 0x22, 0x02, 0x20, 0x00, 0x00, 0x2c, 0x84, 0xa8, 0x00
    .byte 0x00, 0x15, 0xe0, 0x2b, 0x00, 0x00, 0x0b, 0x00, 0x00, 0x01, 0x00, 0x00, 0x17, 0x00, 0x15, 0x0e
    .byte 0x18, 0x70, 0x2b, 0x01, 0x01, 0x06, 0x10, 0x09, 0x00, 0x00, 0x10, 0x00, 0x00, 0x28, 0x00, 0x02
    .byte 0x2b, 0x00, 0x03, 0x2b, 0x01, 0x02, 0x04, 0x10, 0x17, 0x00, 0x2f, 0x04, 0x2f, 0x05, 0x15, 0x02
    .byte 0x2b, 0x00, 0x01, 0x05, 0x00, 0x01, 0x00, 0x00, 0x00, 0x28, 0x00, 0x01, 0x2b, 0x00, 0x00, 0x05
    .byte 0x00, 0x40, 0x00, 0x00, 0x00, 0x28, 0x00, 0x00, 0x01, 0xc7, 0x2b, 0x22, 0x02, 0x2c, 0x71, 0x03
    .byte 0x00, 0x00, 0x15, 0x37, 0x18, 0x70, 0x14, 0xa7, 0x2c, 0x22, 0x02, 0x2b, 0x00, 0x00, 0x0b, 0x00
    .byte 0x40, 0x06, 0x00, 0x00, 0x32, 0x00, 0x00, 0x00, 0x00, 0x00, 0x14, 0x69, 0x2c, 0x22, 0x02, 0x20
    .byte 0x00, 0x00, 0x2c, 0x84, 0xa8, 0x00, 0x00, 0x15, 0xe0, 0x2b, 0x00, 0x00, 0x0b, 0x00, 0x00, 0x01
    .byte 0x00, 0x00, 0x17, 0x00, 0x15, 0x0e, 0x18, 0x70, 0x2b, 0x01, 0x01, 0x06, 0x10, 0x09, 0x00, 0x00
    .byte 0x10, 0x00, 0x00, 0x28, 0x00, 0x02, 0x2b, 0x00, 0x03, 0x2b, 0x01, 0x02, 0x04, 0x10, 0x17, 0x00
    .byte 0x2f, 0x04, 0x2f, 0x05, 0x15, 0x02, 0x2b, 0x00, 0x00, 0x05, 0x00, 0x40, 0x00, 0x00, 0x00, 0x28
    .byte 0x00, 0x00, 0x01, 0x3d, 0x2c, 0x22, 0x02, 0x20, 0x00, 0x00, 0x2c, 0x85, 0xa8, 0x00, 0x00, 0x15
    .byte 0xe0, 0x2b, 0x00, 0x01, 0x35, 0x00, 0x00, 0x00, 0x00, 0x00, 0x14, 0x09, 0x2d, 0x22, 0x02, 0x2b
    .byte 0x00, 0x00, 0x0b, 0x00, 0x00, 0x01, 0x00, 0x00, 0x17, 0x00, 0x15, 0x0e, 0x18, 0x70, 0x2b, 0x01
    .byte 0x01, 0x06, 0x10, 0x09, 0x00, 0x00, 0x10, 0x00, 0x00, 0x28, 0x00, 0x02, 0x2b, 0x00, 0x03, 0x2b
    .byte 0x01, 0x02, 0x04, 0x10, 0x17, 0x00, 0x2f, 0x04, 0x2f, 0x05, 0x15, 0x02, 0x2b, 0x00, 0x01, 0x24
    .byte 0x00, 0x01, 0x00, 0x00, 0x00, 0x28, 0x00, 0x01, 0x2b, 0x00, 0x00, 0x05, 0x00, 0x40, 0x00, 0x00
    .byte 0x00, 0x28, 0x00, 0x00, 0x01, 0xb1, 0x2c, 0x22, 0x02, 0x22, 0x03, 0x00, 0x00, 0x00, 0x00, 0x00
    .byte 0x28, 0x00, 0x00, 0x15, 0x27, 0x18, 0x70, 0x15, 0x12, 0x18, 0x71, 0x1c, 0x10, 0x14, 0x2c, 0x2d
    .byte 0x22, 0x02, 0x20, 0x00, 0x00, 0x2c, 0xe4, 0x2d, 0x22, 0x02, 0x15, 0x39, 0x2b, 0x00, 0x00, 0x35
    .byte 0x00, 0x0a, 0x00, 0x00, 0x00, 0x14, 0xda, 0x2d, 0x22, 0x02, 0x20, 0x00, 0x00, 0x2c, 0x84, 0xa8
    .byte 0x00, 0x00, 0x15, 0xe0, 0x15, 0x0b, 0x18, 0x70, 0x33, 0x00, 0x0a, 0x00, 0x00, 0x00, 0x14, 0x9e
    .byte 0x2d, 0x22, 0x02, 0x03, 0x00, 0x00, 0x00, 0x00, 0x00, 0x15, 0x0b, 0x18, 0x71, 0x24, 0x01, 0x01
    .byte 0x00, 0x00, 0x00, 0x23, 0x10, 0x26, 0x00, 0xbe, 0x2d, 0xbe, 0x15, 0xaa, 0x2c, 0x03, 0x00, 0x00
    .byte 0x00, 0x2d, 0xbe, 0x20, 0x00, 0x00, 0x20, 0x00, 0x00, 0x20, 0x00, 0x00, 0x20, 0x00, 0x00, 0x20
    .byte 0x00, 0x00, 0x15, 0x53, 0x2c, 0x19, 0x00, 0x00, 0x00, 0x15, 0x07, 0x15, 0x08, 0x2c, 0x71, 0x03
    .byte 0x00, 0x00, 0x15, 0x35, 0x25, 0xda, 0x2d, 0x22, 0x02, 0x25, 0xc0, 0x2d, 0x22, 0x02, 0x2c, 0xf6
    .byte 0xff, 0xff, 0xff, 0x15, 0xaa, 0x2c, 0x03, 0x00, 0x00, 0x00, 0x2c, 0xf6, 0xff, 0xff, 0xff, 0x20
    .byte 0x00, 0x00, 0x20, 0x00, 0x00, 0x20, 0x00, 0x00, 0x20, 0x00, 0x00, 0x20, 0x00, 0x00, 0x15, 0x53
    .byte 0x2b, 0x00, 0x00, 0x05, 0x00, 0x01, 0x00, 0x00, 0x00, 0x28, 0x00, 0x00, 0x2c, 0x19, 0x00, 0x00
    .byte 0x00, 0x15, 0x07, 0x15, 0x08, 0x01, 0x2c, 0x2d, 0x22, 0x02, 0x2c, 0x3c, 0x00, 0x00, 0x00, 0x15
    .byte 0x07, 0x15, 0x08, 0x22, 0x2c, 0x8e, 0x10, 0x00, 0x00, 0x2c, 0x01, 0x10, 0x00, 0x00, 0x2c, 0x8f
    .byte 0x10, 0x00, 0x00, 0x2c, 0x02, 0x00, 0x00, 0x00, 0x20, 0x00, 0x00, 0x15, 0x73, 0x2c, 0x01, 0x00
    .byte 0x00, 0x00, 0x15, 0x06, 0x20, 0x00, 0x00, 0x15, 0x2b, 0x2c, 0x01, 0x00, 0x00, 0x00, 0x15, 0xa9
    .byte 0x29, 0x00, 0xfe, 0x32, 0x00, 0x2a, 0x00, 0x00, 0x00, 0x14, 0x28, 0x2e, 0x22, 0x02, 0x2c, 0x1d
    .byte 0x00, 0x00, 0x00, 0x20, 0x00, 0x00, 0x15, 0x32, 0x20, 0x00, 0x00, 0x20, 0x00, 0x00, 0x2c, 0x40
    .byte 0x00, 0x00, 0x00, 0x2c, 0x78, 0x00, 0x00, 0x00, 0x20, 0x00, 0x00, 0x2c, 0x01, 0x00, 0x00, 0x00
    .byte 0x15, 0x1a, 0x15, 0x21, 0x00, 0x20, 0x00, 0x00, 0x2c, 0x85, 0xa8, 0x00, 0x00, 0x15, 0xe0, 0x20
    .byte 0x00, 0x00, 0x15, 0x2b, 0x20, 0x00, 0x00, 0x2c, 0x10, 0x00, 0x00, 0x00, 0x2c, 0xc0, 0xff, 0xff
    .byte 0xff, 0x2c, 0x14, 0x00, 0x00, 0x00, 0x20, 0x00, 0x00, 0x2c, 0x01, 0x00, 0x00, 0x00, 0x15, 0x1a
    .byte 0x15, 0x21, 0x20, 0x00, 0x00, 0x2c, 0x57, 0x00, 0x00, 0x00, 0x15, 0xe0, 0x2c, 0x07, 0x10, 0x00
    .byte 0x00, 0x2c, 0x01, 0x10, 0x00, 0x00, 0x2c, 0x08, 0x10, 0x00, 0x00, 0x2c, 0x02, 0x00, 0x00, 0x00
    .byte 0x20, 0x00, 0x00, 0x15, 0x73, 0x2c, 0x01, 0x00, 0x00, 0x00, 0x15, 0x06, 0x2c, 0x3c, 0x00, 0x00
    .byte 0x00, 0x15, 0x07, 0x15, 0x08, 0x2c, 0x01, 0x00, 0x00, 0x00, 0x15, 0x05, 0x15, 0x16, 0x2c, 0x00
    .byte 0x10, 0x00, 0x00, 0x2c, 0x01, 0x10, 0x00, 0x00, 0x2c, 0x02, 0x10, 0x00, 0x00, 0x2c, 0x02, 0x00
    .byte 0x00, 0x00, 0x20, 0x00, 0x00, 0x15, 0x73, 0x2c, 0x04, 0x00, 0x00, 0x00, 0x2c, 0x07, 0x00, 0x00
    .byte 0x00, 0x15, 0x47, 0x18, 0x70, 0x17, 0x00, 0x2c, 0x04, 0x00, 0x00, 0x00, 0x2c, 0x08, 0x00, 0x00
    .byte 0x00, 0x15, 0x47, 0x18, 0x70, 0x17, 0x00, 0x15, 0x1e, 0x18, 0x70, 0x17, 0x00, 0x15, 0x75, 0x2c
    .byte 0x04, 0x00, 0x00, 0x00, 0x2c, 0x07, 0x00, 0x00, 0x00, 0x15, 0x47, 0x18, 0x70, 0x17, 0x00, 0x2c
    .byte 0x04, 0x00, 0x00, 0x00, 0x2c, 0x08, 0x00, 0x00, 0x00, 0x15, 0x47, 0x18, 0x70, 0x17, 0x00, 0x15
    .byte 0x1e, 0x18, 0x70, 0x05, 0x00, 0x08, 0x00, 0x00, 0x00, 0x17, 0x00, 0x15, 0x05, 0x2c, 0x01, 0x00
    .byte 0x00, 0x00, 0x15, 0x06, 0x20, 0x00, 0x00, 0x15, 0xa9, 0x29, 0x00, 0xfe, 0x32, 0x00, 0x2a, 0x00
    .byte 0x00, 0x00, 0x14, 0x43, 0x2f, 0x22, 0x02, 0x2c, 0x1d, 0x00, 0x00, 0x00, 0x2c, 0x01, 0x00, 0x00
    .byte 0x00, 0x15, 0x32, 0x00, 0x00, 0x2c, 0x96, 0x00, 0x00, 0x00, 0x15, 0x07, 0x15, 0x08, 0x15, 0x46
    .byte 0x15, 0x8b, 0x18, 0x70, 0x32, 0x00, 0x00, 0x00, 0x00, 0x00, 0x13, 0x64, 0x2f, 0x22, 0x02, 0x01
    .byte 0x50, 0x2f, 0x22, 0x02, 0x2c, 0xb0, 0x02, 0x00, 0x00, 0x2c, 0x01, 0x00, 0x00, 0x00, 0x20, 0x00
    .byte 0x00, 0x20, 0x00, 0x00, 0x15, 0xb8, 0x15, 0x5a, 0x2c, 0x71, 0x03, 0x00, 0x00, 0x15, 0x36, 0x00
    .byte 0x2c, 0x1e, 0x00, 0x00, 0x00, 0x15, 0x07, 0x15, 0x08, 0x2c, 0x64, 0x00, 0x00, 0x00, 0x15, 0xaa
    .byte 0x2c, 0x03, 0x00, 0x00, 0x00, 0x2c, 0x64, 0x00, 0x00, 0x00, 0x20, 0x00, 0x00, 0x20, 0x00, 0x00
    .byte 0x20, 0x00, 0x00, 0x20, 0x00, 0x00, 0x20, 0x00, 0x00, 0x15, 0x53, 0x00, 0x00, 0x00, 0x00, 0x00
    .byte 0x00, 0x00, 0x00, 0x00, 0x00, 0x00, 0x00, 0x00, 0x00, 0x00, 0x00, 0x00, 0x00, 0x00, 0x00, 0x00
