.text
; Matching fallback for the portable implementation in src/overlays/ov144/overlay144_recovery.c.
.extern data_ov144_0221d720
.extern data_ov144_0221d734
.extern data_ov144_0221f361
.extern data_ov144_02224ae0
.extern data_ov144_02224ae4
.extern GamePhaseRuntime_SetGlobalValue30F8
.extern ActorInteractionRuntime_Init
.extern ActorInteractionRuntime_NoOp
.extern ActorDescriptorBatch_RegisterAndSpawnCategory1
.extern ActorDescriptorBatch_SetCategory1Callback

.global func_ov144_0221d6c0
func_ov144_0221d6c0:
    stmdb sp!, {r3, lr}
    cmp r0, #0x0
    ldmneia sp!, {r3, pc}
    bl ActorInteractionRuntime_Init
    ldr r0, .L_0221d6fc
    ldr r2, .L_0221d700
    mov r1, #0x3
    bl ActorDescriptorBatch_RegisterAndSpawnCategory1
    ldr r0, .L_0221d704
    bl ActorInteractionRuntime_NoOp
    ldr r0, .L_0221d708
    bl GamePhaseRuntime_SetGlobalValue30F8
    ldr r0, .L_0221d70c
    bl ActorDescriptorBatch_SetCategory1Callback
    ldmia sp!, {r3, pc}
.L_0221d6fc: .word data_ov144_02224ae4
.L_0221d700: .word data_ov144_0221d734
.L_0221d704: .word data_ov144_02224ae0
.L_0221d708: .word data_ov144_0221d720
.L_0221d70c: .word data_ov144_0221f361
.size func_ov144_0221d6c0, . - func_ov144_0221d6c0

; Matching fallback for initialized records and BSS documented in
; src/overlays/ov144/overlay144_recovery.c.
; Absolute labels preserve fixed-address record and BSS references without alignment padding.
.global data_ov144_0221d720
.set data_ov144_0221d720, 0x0221d720
.global data_ov144_0221d734
.set data_ov144_0221d734, 0x0221d734
.global data_ov144_0221ee9f
.set data_ov144_0221ee9f, 0x0221ee9f
.global data_ov144_0221eee6
.set data_ov144_0221eee6, 0x0221eee6
.global data_ov144_0221ef29
.set data_ov144_0221ef29, 0x0221ef29
.global data_ov144_0221ef40
.set data_ov144_0221ef40, 0x0221ef40
.global data_ov144_0221ef66
.set data_ov144_0221ef66, 0x0221ef66
.global data_ov144_0221efa0
.set data_ov144_0221efa0, 0x0221efa0
.global data_ov144_0221f024
.set data_ov144_0221f024, 0x0221f024
.global data_ov144_0221f094
.set data_ov144_0221f094, 0x0221f094
.global data_ov144_0221f0a8
.set data_ov144_0221f0a8, 0x0221f0a8
.global data_ov144_0221f0ce
.set data_ov144_0221f0ce, 0x0221f0ce
.global data_ov144_0221f151
.set data_ov144_0221f151, 0x0221f151
.global data_ov144_0221f152
.set data_ov144_0221f152, 0x0221f152
.global data_ov144_0221f361
.set data_ov144_0221f361, 0x0221f361
.global data_ov144_0221f3ea
.set data_ov144_0221f3ea, 0x0221f3ea
.global data_ov144_0221f414
.set data_ov144_0221f414, 0x0221f414
.global data_ov144_0221f41b
.set data_ov144_0221f41b, 0x0221f41b
.global data_ov144_0221f43f
.set data_ov144_0221f43f, 0x0221f43f
.global data_ov144_0221f540
.set data_ov144_0221f540, 0x0221f540
.global data_ov144_0221f62a
.set data_ov144_0221f62a, 0x0221f62a
.global data_ov144_0221f66b
.set data_ov144_0221f66b, 0x0221f66b
.global data_ov144_0221f795
.set data_ov144_0221f795, 0x0221f795
.global data_ov144_0221f829
.set data_ov144_0221f829, 0x0221f829
.global data_ov144_0221f8e3
.set data_ov144_0221f8e3, 0x0221f8e3
.global data_ov144_0221f90a
.set data_ov144_0221f90a, 0x0221f90a
.global data_ov144_0221f97a
.set data_ov144_0221f97a, 0x0221f97a
.global data_ov144_0221f9fa
.set data_ov144_0221f9fa, 0x0221f9fa
.global data_ov144_0221fa34
.set data_ov144_0221fa34, 0x0221fa34
.global data_ov144_0221fb32
.set data_ov144_0221fb32, 0x0221fb32
.global data_ov144_0221fb54
.set data_ov144_0221fb54, 0x0221fb54
.global data_ov144_0221fb75
.set data_ov144_0221fb75, 0x0221fb75
.global data_ov144_0221fc50
.set data_ov144_0221fc50, 0x0221fc50
.global data_ov144_0221fcf6
.set data_ov144_0221fcf6, 0x0221fcf6
.global data_ov144_0221fd3f
.set data_ov144_0221fd3f, 0x0221fd3f
.global data_ov144_0221fd49
.set data_ov144_0221fd49, 0x0221fd49
.global data_ov144_0221fd79
.set data_ov144_0221fd79, 0x0221fd79
.global data_ov144_0221fdd2
.set data_ov144_0221fdd2, 0x0221fdd2
.global data_ov144_0221fe0c
.set data_ov144_0221fe0c, 0x0221fe0c
.global data_ov144_0221ff0a
.set data_ov144_0221ff0a, 0x0221ff0a
.global data_ov144_0221ff2c
.set data_ov144_0221ff2c, 0x0221ff2c
.global data_ov144_0221ff4d
.set data_ov144_0221ff4d, 0x0221ff4d
.global data_ov144_0221ffd9
.set data_ov144_0221ffd9, 0x0221ffd9
.global data_ov144_02220093
.set data_ov144_02220093, 0x02220093
.global data_ov144_022200ba
.set data_ov144_022200ba, 0x022200ba
.global data_ov144_0222012a
.set data_ov144_0222012a, 0x0222012a
.global data_ov144_02220175
.set data_ov144_02220175, 0x02220175
.global data_ov144_022201ce
.set data_ov144_022201ce, 0x022201ce
.global data_ov144_02220208
.set data_ov144_02220208, 0x02220208
.global data_ov144_02220306
.set data_ov144_02220306, 0x02220306
.global data_ov144_02220328
.set data_ov144_02220328, 0x02220328
.global data_ov144_02220349
.set data_ov144_02220349, 0x02220349
.global data_ov144_02220355
.set data_ov144_02220355, 0x02220355
.global data_ov144_02220361
.set data_ov144_02220361, 0x02220361
.global data_ov144_022203a1
.set data_ov144_022203a1, 0x022203a1
.global data_ov144_0222045c
.set data_ov144_0222045c, 0x0222045c
.global data_ov144_0222046d
.set data_ov144_0222046d, 0x0222046d
.global data_ov144_02220509
.set data_ov144_02220509, 0x02220509
.global data_ov144_0222058e
.set data_ov144_0222058e, 0x0222058e
.global data_ov144_022205c8
.set data_ov144_022205c8, 0x022205c8
.global data_ov144_022206c6
.set data_ov144_022206c6, 0x022206c6
.global data_ov144_022206e8
.set data_ov144_022206e8, 0x022206e8
.global data_ov144_02220709
.set data_ov144_02220709, 0x02220709
.global data_ov144_0222070e
.set data_ov144_0222070e, 0x0222070e
.global data_ov144_02220771
.set data_ov144_02220771, 0x02220771
.global data_ov144_0222082b
.set data_ov144_0222082b, 0x0222082b
.global data_ov144_02220852
.set data_ov144_02220852, 0x02220852
.global data_ov144_022208c2
.set data_ov144_022208c2, 0x022208c2
.global data_ov144_02220966
.set data_ov144_02220966, 0x02220966
.global data_ov144_022209f2
.set data_ov144_022209f2, 0x022209f2
.global data_ov144_02220a75
.set data_ov144_02220a75, 0x02220a75
.global data_ov144_02220ac2
.set data_ov144_02220ac2, 0x02220ac2
.global data_ov144_02220b0d
.set data_ov144_02220b0d, 0x02220b0d
.global data_ov144_02220b6e
.set data_ov144_02220b6e, 0x02220b6e
.global data_ov144_02220b7b
.set data_ov144_02220b7b, 0x02220b7b
.global data_ov144_02220bcc
.set data_ov144_02220bcc, 0x02220bcc
.global data_ov144_02220bef
.set data_ov144_02220bef, 0x02220bef
.global data_ov144_02220cee
.set data_ov144_02220cee, 0x02220cee
.global data_ov144_02220dde
.set data_ov144_02220dde, 0x02220dde
.global data_ov144_02220e61
.set data_ov144_02220e61, 0x02220e61
.global data_ov144_02220eae
.set data_ov144_02220eae, 0x02220eae
.global data_ov144_02220ef9
.set data_ov144_02220ef9, 0x02220ef9
.global data_ov144_02220f5a
.set data_ov144_02220f5a, 0x02220f5a
.global data_ov144_02220f67
.set data_ov144_02220f67, 0x02220f67
.global data_ov144_02220fb8
.set data_ov144_02220fb8, 0x02220fb8
.global data_ov144_02220fdb
.set data_ov144_02220fdb, 0x02220fdb
.global data_ov144_022210da
.set data_ov144_022210da, 0x022210da
.global data_ov144_022211ca
.set data_ov144_022211ca, 0x022211ca
.global data_ov144_02221227
.set data_ov144_02221227, 0x02221227
.global data_ov144_02221242
.set data_ov144_02221242, 0x02221242
.global data_ov144_02221309
.set data_ov144_02221309, 0x02221309
.global data_ov144_02221338
.set data_ov144_02221338, 0x02221338
.global data_ov144_02221435
.set data_ov144_02221435, 0x02221435
.global data_ov144_02221478
.set data_ov144_02221478, 0x02221478
.global data_ov144_02221499
.set data_ov144_02221499, 0x02221499
.global data_ov144_022214a7
.set data_ov144_022214a7, 0x022214a7
.global data_ov144_02221595
.set data_ov144_02221595, 0x02221595
.global data_ov144_022215c9
.set data_ov144_022215c9, 0x022215c9
.global data_ov144_022215de
.set data_ov144_022215de, 0x022215de
.global data_ov144_022216ce
.set data_ov144_022216ce, 0x022216ce
.global data_ov144_0222185d
.set data_ov144_0222185d, 0x0222185d
.global data_ov144_0222195c
.set data_ov144_0222195c, 0x0222195c
.global data_ov144_02221978
.set data_ov144_02221978, 0x02221978
.global data_ov144_022219d5
.set data_ov144_022219d5, 0x022219d5
.global data_ov144_02221d57
.set data_ov144_02221d57, 0x02221d57
.global data_ov144_02221dbf
.set data_ov144_02221dbf, 0x02221dbf
.global data_ov144_02221dfe
.set data_ov144_02221dfe, 0x02221dfe
.global data_ov144_02221e3c
.set data_ov144_02221e3c, 0x02221e3c
.global data_ov144_02221e44
.set data_ov144_02221e44, 0x02221e44
.global data_ov144_02221ef8
.set data_ov144_02221ef8, 0x02221ef8
.global data_ov144_02221f4d
.set data_ov144_02221f4d, 0x02221f4d
.global data_ov144_02221f8c
.set data_ov144_02221f8c, 0x02221f8c
.global data_ov144_02221f92
.set data_ov144_02221f92, 0x02221f92
.global data_ov144_02221f98
.set data_ov144_02221f98, 0x02221f98
.global data_ov144_02221fc0
.set data_ov144_02221fc0, 0x02221fc0
.global data_ov144_02221fea
.set data_ov144_02221fea, 0x02221fea
.global data_ov144_02222012
.set data_ov144_02222012, 0x02222012
.global data_ov144_0222203c
.set data_ov144_0222203c, 0x0222203c
.global data_ov144_02222064
.set data_ov144_02222064, 0x02222064
.global data_ov144_0222208e
.set data_ov144_0222208e, 0x0222208e
.global data_ov144_02222107
.set data_ov144_02222107, 0x02222107
.global data_ov144_02222108
.set data_ov144_02222108, 0x02222108
.global data_ov144_02222182
.set data_ov144_02222182, 0x02222182
.global data_ov144_022221fb
.set data_ov144_022221fb, 0x022221fb
.global data_ov144_022221fc
.set data_ov144_022221fc, 0x022221fc
.global data_ov144_02222276
.set data_ov144_02222276, 0x02222276
.global data_ov144_022222ef
.set data_ov144_022222ef, 0x022222ef
.global data_ov144_022222f0
.set data_ov144_022222f0, 0x022222f0
.global data_ov144_0222236a
.set data_ov144_0222236a, 0x0222236a
.global data_ov144_022223ae
.set data_ov144_022223ae, 0x022223ae
.global data_ov144_022223f2
.set data_ov144_022223f2, 0x022223f2
.global data_ov144_02222436
.set data_ov144_02222436, 0x02222436
.global data_ov144_0222247a
.set data_ov144_0222247a, 0x0222247a
.global data_ov144_022224be
.set data_ov144_022224be, 0x022224be
.global data_ov144_02222502
.set data_ov144_02222502, 0x02222502
.global data_ov144_02222546
.set data_ov144_02222546, 0x02222546
.global data_ov144_0222258a
.set data_ov144_0222258a, 0x0222258a
.global data_ov144_02222590
.set data_ov144_02222590, 0x02222590
.global data_ov144_02222596
.set data_ov144_02222596, 0x02222596
.global data_ov144_0222259c
.set data_ov144_0222259c, 0x0222259c
.global data_ov144_022225a2
.set data_ov144_022225a2, 0x022225a2
.global data_ov144_022225a8
.set data_ov144_022225a8, 0x022225a8
.global data_ov144_022225ae
.set data_ov144_022225ae, 0x022225ae
.global data_ov144_022225c1
.set data_ov144_022225c1, 0x022225c1
.global data_ov144_0222284d
.set data_ov144_0222284d, 0x0222284d
.global data_ov144_02222a19
.set data_ov144_02222a19, 0x02222a19
.global data_ov144_02222a84
.set data_ov144_02222a84, 0x02222a84
.global data_ov144_02222bcf
.set data_ov144_02222bcf, 0x02222bcf
.global data_ov144_02222f53
.set data_ov144_02222f53, 0x02222f53
.global data_ov144_02222f6c
.set data_ov144_02222f6c, 0x02222f6c
.global data_ov144_02222fe9
.set data_ov144_02222fe9, 0x02222fe9
.global data_ov144_02223011
.set data_ov144_02223011, 0x02223011
.global data_ov144_022230d9
.set data_ov144_022230d9, 0x022230d9
.global data_ov144_0222310f
.set data_ov144_0222310f, 0x0222310f
.global data_ov144_02223147
.set data_ov144_02223147, 0x02223147
.global data_ov144_022231d9
.set data_ov144_022231d9, 0x022231d9
.global data_ov144_0222323a
.set data_ov144_0222323a, 0x0222323a
.global data_ov144_022234b0
.set data_ov144_022234b0, 0x022234b0
.global data_ov144_022235da
.set data_ov144_022235da, 0x022235da
.global data_ov144_022236e0
.set data_ov144_022236e0, 0x022236e0
.global data_ov144_0222388f
.set data_ov144_0222388f, 0x0222388f
.global data_ov144_022238cd
.set data_ov144_022238cd, 0x022238cd
.global data_ov144_022239b7
.set data_ov144_022239b7, 0x022239b7
.global data_ov144_02223a03
.set data_ov144_02223a03, 0x02223a03
.global data_ov144_02223e9e
.set data_ov144_02223e9e, 0x02223e9e
.global data_ov144_022240a5
.set data_ov144_022240a5, 0x022240a5
.global data_ov144_02224176
.set data_ov144_02224176, 0x02224176
.global data_ov144_022241aa
.set data_ov144_022241aa, 0x022241aa
.global data_ov144_022241e0
.set data_ov144_022241e0, 0x022241e0
.global data_ov144_0222428f
.set data_ov144_0222428f, 0x0222428f
.global data_ov144_022242de
.set data_ov144_022242de, 0x022242de
.global data_ov144_02224453
.set data_ov144_02224453, 0x02224453
.global data_ov144_0222448f
.set data_ov144_0222448f, 0x0222448f
.global data_ov144_02224543
.set data_ov144_02224543, 0x02224543
.global data_ov144_02224746
.set data_ov144_02224746, 0x02224746
.global data_ov144_0222478c
.set data_ov144_0222478c, 0x0222478c
.global data_ov144_02224799
.set data_ov144_02224799, 0x02224799
.global data_ov144_02224873
.set data_ov144_02224873, 0x02224873
.global data_ov144_022248ef
.set data_ov144_022248ef, 0x022248ef
.global data_ov144_022249e6
.set data_ov144_022249e6, 0x022249e6
.global data_ov144_02224a75
.set data_ov144_02224a75, 0x02224a75
.global data_ov144_02224ae0
.set data_ov144_02224ae0, 0x02224ae0
.global data_ov144_02224ae4
.set data_ov144_02224ae4, 0x02224ae4
    .section .data, 4, 1, 4
    .byte 0xff, 0xff, 0xff, 0xff, 0x00, 0x00, 0x00, 0x00, 0x00, 0x00, 0x00, 0x00, 0xff, 0xff, 0x00, 0x00
    .byte 0x00, 0x00, 0x00, 0x00, 0x03, 0x00, 0x00, 0x00, 0xf8, 0x22, 0x00, 0x00, 0xf9, 0x22, 0x00, 0x00
    .byte 0xfa, 0x22, 0x00, 0x00, 0x02, 0x00, 0x04, 0x04, 0x00, 0x00, 0x00, 0x00, 0x00, 0x00, 0xf0, 0xff
    .byte 0xcf, 0xff, 0x10, 0x00, 0x07, 0x00, 0xb0, 0x02, 0x50, 0x00, 0x00, 0x00, 0x00, 0x00, 0x00, 0x00
    .byte 0xf2, 0x09, 0x22, 0x02, 0x00, 0x00, 0x00, 0x00, 0x00, 0x00, 0x00, 0x00, 0x00, 0x00, 0x00, 0x00
    .byte 0x02, 0x00, 0x00, 0x00, 0x00, 0x00, 0x00, 0x00, 0x00, 0x00, 0x00, 0x00, 0xff, 0xff, 0xff, 0xff
    .byte 0xff, 0xff, 0xff, 0xff, 0x00, 0x00, 0x03, 0x00, 0xff, 0xff, 0xff, 0xff, 0x00, 0x00, 0x0e, 0x00
    .byte 0xf4, 0xd8, 0x0c, 0x00, 0x00, 0x00, 0x00, 0x00, 0x03, 0x00, 0x00, 0x00, 0xf8, 0x22, 0x00, 0x00
    .byte 0xf9, 0x22, 0x00, 0x00, 0xfa, 0x22, 0x00, 0x00, 0x02, 0x00, 0x04, 0x04, 0x00, 0x00, 0x00, 0x00
    .byte 0x00, 0x00, 0xf0, 0xff, 0xcf, 0xff, 0x10, 0x00, 0x07, 0x00, 0x80, 0x01, 0x50, 0x00, 0x00, 0x00
    .byte 0x00, 0x00, 0x00, 0x00, 0xde, 0x0d, 0x22, 0x02, 0x00, 0x00, 0x00, 0x00, 0x00, 0x00, 0x00, 0x00
    .byte 0x00, 0x00, 0x00, 0x00, 0x02, 0x00, 0x00, 0x00, 0x00, 0x00, 0x00, 0x00, 0x00, 0x00, 0x00, 0x00
    .byte 0xff, 0xff, 0xff, 0xff, 0xff, 0xff, 0xff, 0xff, 0x00, 0x00, 0x04, 0x00, 0xff, 0xff, 0xff, 0xff
    .byte 0x00, 0x00, 0x0e, 0x00, 0xf4, 0xd8, 0x0c, 0x00, 0x00, 0x00, 0x00, 0x00, 0x03, 0x00, 0x00, 0x00
    .byte 0xce, 0x22, 0x00, 0x00, 0xcf, 0x22, 0x00, 0x00, 0xd0, 0x22, 0x00, 0x00, 0x02, 0x02, 0x00, 0x00
    .byte 0x00, 0x00, 0x00, 0x00, 0x00, 0x00, 0xf0, 0xff, 0xcf, 0xff, 0x10, 0x00, 0x07, 0x00, 0x80, 0x02
    .byte 0x50, 0x00, 0x10, 0x00, 0x40, 0x00, 0x00, 0x00, 0x00, 0x00, 0x00, 0x00, 0x00, 0x00, 0x00, 0x00
    .byte 0x00, 0x00, 0x00, 0x00, 0x00, 0x00, 0x00, 0x00, 0x02, 0x00, 0x00, 0x00, 0x00, 0x00, 0x00, 0x00
    .byte 0x00, 0x00, 0x00, 0x00, 0xff, 0xff, 0xff, 0xff, 0xff, 0xff, 0xff, 0xff, 0x00, 0x00, 0xff, 0xff
    .byte 0xff, 0xff, 0xff, 0xff, 0x00, 0x00, 0x0f, 0x00, 0xf4, 0xd8, 0x0c, 0x00, 0x00, 0x00, 0x00, 0x00
    .byte 0x03, 0x00, 0x00, 0x00, 0x93, 0x16, 0x00, 0x00, 0x94, 0x16, 0x00, 0x00, 0x95, 0x16, 0x00, 0x00
    .byte 0x02, 0x00, 0x1c, 0x10, 0x00, 0xfc, 0x00, 0x00, 0x00, 0x00, 0xf0, 0xff, 0xe8, 0xff, 0x10, 0x00
    .byte 0x04, 0x00, 0xc0, 0x01, 0x80, 0x00, 0x00, 0x00, 0x00, 0x00, 0x00, 0x00, 0x2a, 0xf6, 0x21, 0x02
    .byte 0x00, 0x00, 0x00, 0x00, 0x00, 0x00, 0x00, 0x00, 0x00, 0x00, 0x00, 0x00, 0xff, 0xff, 0x00, 0x00
    .byte 0x00, 0x00, 0x00, 0x00, 0x00, 0x00, 0x00, 0x00, 0xff, 0xff, 0xff, 0xff, 0xff, 0xff, 0xff, 0xff
    .byte 0x00, 0x00, 0x06, 0x00, 0xff, 0xff, 0xff, 0xff, 0x00, 0x00, 0x04, 0x00, 0xf0, 0xe0, 0x10, 0x08
    .byte 0x00, 0x00, 0x00, 0x00, 0x06, 0x00, 0x00, 0x00, 0x00, 0x10, 0x00, 0x00, 0x01, 0x10, 0x00, 0x00
    .byte 0x02, 0x10, 0x00, 0x00, 0x02, 0x00, 0x0c, 0x08, 0x00, 0x00, 0x00, 0x00, 0x00, 0x00, 0xf0, 0xff
    .byte 0xcf, 0xff, 0x10, 0x00, 0x07, 0x00, 0x00, 0xfe, 0x00, 0xfe, 0x00, 0x00, 0x00, 0x80, 0x00, 0x00
    .byte 0x40, 0xf5, 0x21, 0x02, 0x00, 0x00, 0x00, 0x00, 0x00, 0x00, 0x00, 0x00, 0x00, 0x00, 0x00, 0x00
    .byte 0xff, 0xff, 0x00, 0x00, 0x00, 0x00, 0x00, 0x00, 0x00, 0x00, 0x00, 0x00, 0xff, 0xff, 0xff, 0xff
    .byte 0xff, 0xff, 0xff, 0xff, 0x00, 0x00, 0x07, 0x00, 0xff, 0xff, 0xff, 0xff, 0x00, 0x00, 0x00, 0x00
    .byte 0xf4, 0xd8, 0x0c, 0x00, 0x00, 0x00, 0x00, 0x00, 0x06, 0x00, 0x00, 0x00, 0x00, 0x10, 0x00, 0x00
    .byte 0x01, 0x10, 0x00, 0x00, 0x02, 0x10, 0x00, 0x00, 0x02, 0x00, 0x0c, 0x08, 0x00, 0x00, 0x00, 0x00
    .byte 0x00, 0x00, 0xf0, 0xff, 0xcf, 0xff, 0x10, 0x00, 0x07, 0x00, 0x00, 0xfe, 0x00, 0xfe, 0x00, 0x00
    .byte 0x00, 0x00, 0x00, 0x00, 0xca, 0x11, 0x22, 0x02, 0x00, 0x00, 0x00, 0x00, 0x00, 0x00, 0x00, 0x00
    .byte 0x00, 0x00, 0x00, 0x00, 0xff, 0xff, 0x00, 0x00, 0x00, 0x00, 0x00, 0x00, 0x00, 0x00, 0x00, 0x00
    .byte 0xff, 0xff, 0xff, 0xff, 0xff, 0xff, 0xff, 0xff, 0x00, 0x00, 0x08, 0x00, 0xff, 0xff, 0xff, 0xff
    .byte 0x00, 0x00, 0x00, 0x00, 0xf4, 0xd8, 0x0c, 0x00, 0x00, 0x00, 0x00, 0x00, 0x03, 0x00, 0x00, 0x00
    .byte 0x00, 0x10, 0x00, 0x00, 0x01, 0x10, 0x00, 0x00, 0x02, 0x10, 0x00, 0x00, 0x02, 0x00, 0x00, 0x00
    .byte 0x00, 0x00, 0x00, 0x00, 0x00, 0x00, 0xf0, 0xff, 0xcf, 0xff, 0x10, 0x00, 0x07, 0x00, 0x00, 0xfe
    .byte 0x00, 0xfe, 0x00, 0x00, 0x00, 0x00, 0x00, 0x00, 0x27, 0x12, 0x22, 0x02, 0x00, 0x00, 0x00, 0x00
    .byte 0x00, 0x00, 0x00, 0x00, 0x00, 0x00, 0x00, 0x00, 0xff, 0xff, 0x00, 0x00, 0x00, 0x00, 0x00, 0x00
    .byte 0x00, 0x00, 0x00, 0x00, 0xff, 0xff, 0xff, 0xff, 0xff, 0xff, 0xff, 0xff, 0x00, 0x00, 0x09, 0x00
    .byte 0xff, 0xff, 0xff, 0xff, 0x00, 0x00, 0x0e, 0x00, 0xf4, 0xd8, 0x0c, 0x00, 0x00, 0x00, 0x00, 0x00
    .byte 0x03, 0x00, 0x00, 0x00, 0x6d, 0x22, 0x00, 0x00, 0x6e, 0x22, 0x00, 0x00, 0x6f, 0x22, 0x00, 0x00
    .byte 0x02, 0x02, 0x00, 0x00, 0x00, 0x00, 0x00, 0x00, 0x00, 0x00, 0xf0, 0xff, 0xcf, 0xff, 0x10, 0x00
    .byte 0x07, 0x00, 0x18, 0x02, 0x38, 0x01, 0x00, 0x00, 0x00, 0x00, 0x00, 0x00, 0x00, 0x00, 0x00, 0x00
    .byte 0x00, 0x00, 0x00, 0x00, 0x00, 0x00, 0x00, 0x00, 0x00, 0x00, 0x00, 0x00, 0xff, 0xff, 0x00, 0x00
    .byte 0x00, 0x00, 0x00, 0x00, 0x00, 0x00, 0x00, 0x00, 0xff, 0xff, 0xff, 0xff, 0xff, 0xff, 0xff, 0xff
    .byte 0x00, 0x00, 0xff, 0xff, 0xff, 0xff, 0xff, 0xff, 0x00, 0x00, 0x0f, 0x00, 0xf4, 0xd8, 0x0c, 0x00
    .byte 0x00, 0x00, 0x00, 0x00, 0x03, 0x00, 0x00, 0x00, 0x6d, 0x22, 0x00, 0x00, 0x6e, 0x22, 0x00, 0x00
    .byte 0x6f, 0x22, 0x00, 0x00, 0x02, 0x03, 0x00, 0x00, 0x00, 0x00, 0x00, 0x00, 0x00, 0x00, 0xf0, 0xff
    .byte 0xcf, 0xff, 0x10, 0x00, 0x07, 0x00, 0xe8, 0x02, 0x38, 0x01, 0x00, 0x00, 0x00, 0x00, 0x00, 0x00
    .byte 0x00, 0x00, 0x00, 0x00, 0x00, 0x00, 0x00, 0x00, 0x00, 0x00, 0x00, 0x00, 0x00, 0x00, 0x00, 0x00
    .byte 0xff, 0xff, 0x00, 0x00, 0x00, 0x00, 0x00, 0x00, 0x00, 0x00, 0x00, 0x00, 0xff, 0xff, 0xff, 0xff
    .byte 0xff, 0xff, 0xff, 0xff, 0x00, 0x00, 0xff, 0xff, 0xff, 0xff, 0xff, 0xff, 0x00, 0x00, 0x0f, 0x00
    .byte 0xf4, 0xd8, 0x0c, 0x00, 0x00, 0x00, 0x00, 0x00, 0x03, 0x00, 0x00, 0x00, 0x6d, 0x22, 0x00, 0x00
    .byte 0x6e, 0x22, 0x00, 0x00, 0x6f, 0x22, 0x00, 0x00, 0x02, 0x04, 0x00, 0x00, 0x00, 0x00, 0x00, 0x00
    .byte 0x00, 0x00, 0xf0, 0xff, 0xcf, 0xff, 0x10, 0x00, 0x07, 0x00, 0x18, 0x02, 0x98, 0x01, 0x00, 0x00
    .byte 0x00, 0x00, 0x00, 0x00, 0x00, 0x00, 0x00, 0x00, 0x00, 0x00, 0x00, 0x00, 0x00, 0x00, 0x00, 0x00
    .byte 0x00, 0x00, 0x00, 0x00, 0xff, 0xff, 0x00, 0x00, 0x00, 0x00, 0x00, 0x00, 0x00, 0x00, 0x00, 0x00
    .byte 0xff, 0xff, 0xff, 0xff, 0xff, 0xff, 0xff, 0xff, 0x00, 0x00, 0xff, 0xff, 0xff, 0xff, 0xff, 0xff
    .byte 0x00, 0x00, 0x0f, 0x00, 0xf4, 0xd8, 0x0c, 0x00, 0x00, 0x00, 0x00, 0x00, 0x03, 0x00, 0x00, 0x00
    .byte 0x6d, 0x22, 0x00, 0x00, 0x6e, 0x22, 0x00, 0x00, 0x6f, 0x22, 0x00, 0x00, 0x02, 0x05, 0x00, 0x00
    .byte 0x00, 0x00, 0x00, 0x00, 0x00, 0x00, 0xf0, 0xff, 0xcf, 0xff, 0x10, 0x00, 0x07, 0x00, 0xe8, 0x02
    .byte 0x98, 0x01, 0x00, 0x00, 0x00, 0x00, 0x00, 0x00, 0x00, 0x00, 0x00, 0x00, 0x00, 0x00, 0x00, 0x00
    .byte 0x00, 0x00, 0x00, 0x00, 0x00, 0x00, 0x00, 0x00, 0xff, 0xff, 0x00, 0x00, 0x00, 0x00, 0x00, 0x00
    .byte 0x00, 0x00, 0x00, 0x00, 0xff, 0xff, 0xff, 0xff, 0xff, 0xff, 0xff, 0xff, 0x00, 0x00, 0xff, 0xff
    .byte 0xff, 0xff, 0xff, 0xff, 0x00, 0x00, 0x0f, 0x00, 0xf4, 0xd8, 0x0c, 0x00, 0x00, 0x00, 0x00, 0x00
    .byte 0x03, 0x00, 0x00, 0x00, 0x6d, 0x22, 0x00, 0x00, 0x6e, 0x22, 0x00, 0x00, 0x6f, 0x22, 0x00, 0x00
    .byte 0x02, 0x04, 0x00, 0x00, 0x00, 0x00, 0x00, 0x00, 0x00, 0x00, 0xf0, 0xff, 0xcf, 0xff, 0x10, 0x00
    .byte 0x07, 0x00, 0x18, 0x02, 0xf8, 0x01, 0x00, 0x00, 0x00, 0x00, 0x00, 0x00, 0x00, 0x00, 0x00, 0x00
    .byte 0x00, 0x00, 0x00, 0x00, 0x00, 0x00, 0x00, 0x00, 0x00, 0x00, 0x00, 0x00, 0xff, 0xff, 0x00, 0x00
    .byte 0x00, 0x00, 0x00, 0x00, 0x00, 0x00, 0x00, 0x00, 0xff, 0xff, 0xff, 0xff, 0xff, 0xff, 0xff, 0xff
    .byte 0x00, 0x00, 0xff, 0xff, 0xff, 0xff, 0xff, 0xff, 0x00, 0x00, 0x0f, 0x00, 0xf4, 0xd8, 0x0c, 0x00
    .byte 0x00, 0x00, 0x00, 0x00, 0x03, 0x00, 0x00, 0x00, 0x6d, 0x22, 0x00, 0x00, 0x6e, 0x22, 0x00, 0x00
    .byte 0x6f, 0x22, 0x00, 0x00, 0x02, 0x05, 0x00, 0x00, 0x00, 0x00, 0x00, 0x00, 0x00, 0x00, 0xf0, 0xff
    .byte 0xcf, 0xff, 0x10, 0x00, 0x07, 0x00, 0xe8, 0x02, 0xf8, 0x01, 0x00, 0x00, 0x00, 0x00, 0x00, 0x00
    .byte 0x00, 0x00, 0x00, 0x00, 0x00, 0x00, 0x00, 0x00, 0x00, 0x00, 0x00, 0x00, 0x00, 0x00, 0x00, 0x00
    .byte 0xff, 0xff, 0x00, 0x00, 0x00, 0x00, 0x00, 0x00, 0x00, 0x00, 0x00, 0x00, 0xff, 0xff, 0xff, 0xff
    .byte 0xff, 0xff, 0xff, 0xff, 0x00, 0x00, 0xff, 0xff, 0xff, 0xff, 0xff, 0xff, 0x00, 0x00, 0x0f, 0x00
    .byte 0xf4, 0xd8, 0x0c, 0x00, 0x00, 0x00, 0x00, 0x00, 0x03, 0x00, 0x00, 0x00, 0x6d, 0x22, 0x00, 0x00
    .byte 0x6e, 0x22, 0x00, 0x00, 0x6f, 0x22, 0x00, 0x00, 0x02, 0x04, 0x00, 0x00, 0x00, 0x00, 0x00, 0x00
    .byte 0x00, 0x00, 0xf0, 0xff, 0xcf, 0xff, 0x10, 0x00, 0x07, 0x00, 0xe8, 0x02, 0x58, 0x02, 0x00, 0x00
    .byte 0x00, 0x00, 0x00, 0x00, 0x00, 0x00, 0x00, 0x00, 0x00, 0x00, 0x00, 0x00, 0x00, 0x00, 0x00, 0x00
    .byte 0x00, 0x00, 0x00, 0x00, 0xff, 0xff, 0x00, 0x00, 0x00, 0x00, 0x00, 0x00, 0x00, 0x00, 0x00, 0x00
    .byte 0xff, 0xff, 0xff, 0xff, 0xff, 0xff, 0xff, 0xff, 0x00, 0x00, 0xff, 0xff, 0xff, 0xff, 0xff, 0xff
    .byte 0x00, 0x00, 0x0f, 0x00, 0xf4, 0xd8, 0x0c, 0x00, 0x00, 0x00, 0x00, 0x00, 0x03, 0x00, 0x00, 0x00
    .byte 0x6d, 0x22, 0x00, 0x00, 0x6e, 0x22, 0x00, 0x00, 0x6f, 0x22, 0x00, 0x00, 0x02, 0x04, 0x00, 0x00
    .byte 0x00, 0x00, 0x00, 0x00, 0x00, 0x00, 0xf0, 0xff, 0xcf, 0xff, 0x10, 0x00, 0x07, 0x00, 0x18, 0x01
    .byte 0x88, 0x01, 0x00, 0x00, 0x00, 0x00, 0x00, 0x00, 0xea, 0x1f, 0x22, 0x02, 0x00, 0x00, 0x00, 0x00
    .byte 0x00, 0x00, 0x00, 0x00, 0x00, 0x00, 0x00, 0x00, 0xff, 0xff, 0x00, 0x00, 0x00, 0x00, 0x00, 0x00
    .byte 0x00, 0x00, 0x00, 0x00, 0xff, 0xff, 0xff, 0xff, 0xff, 0xff, 0xff, 0xff, 0x00, 0x00, 0x11, 0x00
    .byte 0xff, 0xff, 0xff, 0xff, 0x00, 0x00, 0x0f, 0x00, 0xf4, 0xd8, 0x0c, 0x00, 0x00, 0x00, 0x00, 0x00
    .byte 0x03, 0x00, 0x00, 0x00, 0x6d, 0x22, 0x00, 0x00, 0x6e, 0x22, 0x00, 0x00, 0x6f, 0x22, 0x00, 0x00
    .byte 0x02, 0x05, 0x00, 0x00, 0x00, 0x00, 0x00, 0x00, 0x00, 0x00, 0xf0, 0xff, 0xcf, 0xff, 0x10, 0x00
    .byte 0x07, 0x00, 0xe8, 0x01, 0x88, 0x01, 0x00, 0x00, 0x00, 0x00, 0x00, 0x00, 0x12, 0x20, 0x22, 0x02
    .byte 0x00, 0x00, 0x00, 0x00, 0x00, 0x00, 0x00, 0x00, 0x00, 0x00, 0x00, 0x00, 0xff, 0xff, 0x00, 0x00
    .byte 0x00, 0x00, 0x00, 0x00, 0x00, 0x00, 0x00, 0x00, 0xff, 0xff, 0xff, 0xff, 0xff, 0xff, 0xff, 0xff
    .byte 0x00, 0x00, 0x12, 0x00, 0xff, 0xff, 0xff, 0xff, 0x00, 0x00, 0x0f, 0x00, 0xf4, 0xd8, 0x0c, 0x00
    .byte 0x00, 0x00, 0x00, 0x00, 0x03, 0x00, 0x00, 0x00, 0x6d, 0x22, 0x00, 0x00, 0x6e, 0x22, 0x00, 0x00
    .byte 0x6f, 0x22, 0x00, 0x00, 0x02, 0x04, 0x00, 0x00, 0x00, 0x00, 0x00, 0x00, 0x00, 0x00, 0xf0, 0xff
    .byte 0xcf, 0xff, 0x10, 0x00, 0x07, 0x00, 0x18, 0x01, 0xd8, 0x01, 0x00, 0x00, 0x00, 0x00, 0x00, 0x00
    .byte 0x98, 0x1f, 0x22, 0x02, 0x00, 0x00, 0x00, 0x00, 0x00, 0x00, 0x00, 0x00, 0x00, 0x00, 0x00, 0x00
    .byte 0xff, 0xff, 0x00, 0x00, 0x00, 0x00, 0x00, 0x00, 0x00, 0x00, 0x00, 0x00, 0xff, 0xff, 0xff, 0xff
    .byte 0xff, 0xff, 0xff, 0xff, 0x00, 0x00, 0x13, 0x00, 0xff, 0xff, 0xff, 0xff, 0x00, 0x00, 0x0f, 0x00
    .byte 0xf4, 0xd8, 0x0c, 0x00, 0x00, 0x00, 0x00, 0x00, 0x03, 0x00, 0x00, 0x00, 0x6d, 0x22, 0x00, 0x00
    .byte 0x6e, 0x22, 0x00, 0x00, 0x6f, 0x22, 0x00, 0x00, 0x02, 0x05, 0x00, 0x00, 0x00, 0x00, 0x00, 0x00
    .byte 0x00, 0x00, 0xf0, 0xff, 0xcf, 0xff, 0x10, 0x00, 0x07, 0x00, 0xe8, 0x01, 0xd8, 0x01, 0x00, 0x00
    .byte 0x00, 0x00, 0x00, 0x00, 0xc0, 0x1f, 0x22, 0x02, 0x00, 0x00, 0x00, 0x00, 0x00, 0x00, 0x00, 0x00
    .byte 0x00, 0x00, 0x00, 0x00, 0xff, 0xff, 0x00, 0x00, 0x00, 0x00, 0x00, 0x00, 0x00, 0x00, 0x00, 0x00
    .byte 0xff, 0xff, 0xff, 0xff, 0xff, 0xff, 0xff, 0xff, 0x00, 0x00, 0x14, 0x00, 0xff, 0xff, 0xff, 0xff
    .byte 0x00, 0x00, 0x0f, 0x00, 0xf4, 0xd8, 0x0c, 0x00, 0x00, 0x00, 0x00, 0x00, 0x03, 0x00, 0x00, 0x00
    .byte 0x6d, 0x22, 0x00, 0x00, 0x6e, 0x22, 0x00, 0x00, 0x6f, 0x22, 0x00, 0x00, 0x02, 0x02, 0x10, 0x10
    .byte 0x00, 0x00, 0x00, 0x00, 0x00, 0x00, 0xf0, 0xff, 0xcf, 0xff, 0x10, 0x00, 0x07, 0x00, 0x48, 0x01
    .byte 0x58, 0x01, 0x10, 0x00, 0x00, 0x00, 0x00, 0x00, 0x3c, 0x20, 0x22, 0x02, 0x00, 0x00, 0x00, 0x00
    .byte 0x00, 0x00, 0x00, 0x00, 0x00, 0x00, 0x00, 0x00, 0xff, 0xff, 0x00, 0x00, 0x00, 0x00, 0x00, 0x00
    .byte 0x00, 0x00, 0x00, 0x00, 0xff, 0xff, 0xff, 0xff, 0xff, 0xff, 0xff, 0xff, 0x00, 0x00, 0x15, 0x00
    .byte 0xff, 0xff, 0xff, 0xff, 0x00, 0x00, 0x06, 0x00, 0xf4, 0xd8, 0x0c, 0x00, 0x00, 0x00, 0x00, 0x00
    .byte 0x03, 0x00, 0x00, 0x00, 0x6d, 0x22, 0x00, 0x00, 0x6e, 0x22, 0x00, 0x00, 0x6f, 0x22, 0x00, 0x00
    .byte 0x02, 0x03, 0x10, 0x10, 0x00, 0x00, 0x00, 0x00, 0x00, 0x00, 0xf0, 0xff, 0xcf, 0xff, 0x10, 0x00
    .byte 0x07, 0x00, 0xb8, 0x01, 0x58, 0x01, 0x10, 0x00, 0x00, 0x00, 0x00, 0x00, 0x64, 0x20, 0x22, 0x02
    .byte 0x00, 0x00, 0x00, 0x00, 0x00, 0x00, 0x00, 0x00, 0x00, 0x00, 0x00, 0x00, 0xff, 0xff, 0x00, 0x00
    .byte 0x00, 0x00, 0x00, 0x00, 0x00, 0x00, 0x00, 0x00, 0xff, 0xff, 0xff, 0xff, 0xff, 0xff, 0xff, 0xff
    .byte 0x00, 0x00, 0x16, 0x00, 0xff, 0xff, 0xff, 0xff, 0x00, 0x00, 0x06, 0x00, 0xf4, 0xd8, 0x0c, 0x00
    .byte 0x00, 0x00, 0x00, 0x00, 0x03, 0x00, 0x00, 0x00, 0x70, 0x22, 0x00, 0x00, 0x6e, 0x22, 0x00, 0x00
    .byte 0x71, 0x22, 0x00, 0x00, 0x02, 0x00, 0x00, 0x00, 0x00, 0x00, 0x00, 0x00, 0x00, 0x00, 0xf0, 0xff
    .byte 0xcf, 0xff, 0x10, 0x00, 0x07, 0x00, 0x18, 0x01, 0x89, 0x01, 0x00, 0x00, 0x00, 0x00, 0x00, 0x00
    .byte 0x82, 0x21, 0x22, 0x02, 0x00, 0x00, 0x00, 0x00, 0x00, 0x00, 0x00, 0x00, 0x00, 0x00, 0x00, 0x00
    .byte 0xff, 0xff, 0x00, 0x00, 0x00, 0x00, 0x00, 0x00, 0x00, 0x00, 0x00, 0x00, 0xff, 0xff, 0xff, 0xff
    .byte 0xff, 0xff, 0xff, 0xff, 0x00, 0x00, 0x17, 0x00, 0xff, 0xff, 0xff, 0xff, 0x00, 0x00, 0x00, 0x00
    .byte 0xf4, 0xd8, 0x0c, 0x00, 0x00, 0x00, 0x00, 0x00, 0x03, 0x00, 0x00, 0x00, 0x70, 0x22, 0x00, 0x00
    .byte 0x6e, 0x22, 0x00, 0x00, 0x71, 0x22, 0x00, 0x00, 0x02, 0x00, 0x00, 0x00, 0x00, 0x00, 0x00, 0x00
    .byte 0x00, 0x00, 0xf0, 0xff, 0xcf, 0xff, 0x10, 0x00, 0x07, 0x00, 0xe8, 0x01, 0x89, 0x01, 0x00, 0x00
    .byte 0x00, 0x00, 0x00, 0x00, 0xfc, 0x21, 0x22, 0x02, 0x00, 0x00, 0x00, 0x00, 0x00, 0x00, 0x00, 0x00
    .byte 0x00, 0x00, 0x00, 0x00, 0xff, 0xff, 0x00, 0x00, 0x00, 0x00, 0x00, 0x00, 0x00, 0x00, 0x00, 0x00
    .byte 0xff, 0xff, 0xff, 0xff, 0xff, 0xff, 0xff, 0xff, 0x00, 0x00, 0x18, 0x00, 0xff, 0xff, 0xff, 0xff
    .byte 0x00, 0x00, 0x00, 0x00, 0xf4, 0xd8, 0x0c, 0x00, 0x00, 0x00, 0x00, 0x00, 0x03, 0x00, 0x00, 0x00
    .byte 0x70, 0x22, 0x00, 0x00, 0x6e, 0x22, 0x00, 0x00, 0x71, 0x22, 0x00, 0x00, 0x02, 0x00, 0x00, 0x00
    .byte 0x00, 0x00, 0x00, 0x00, 0x00, 0x00, 0xf0, 0xff, 0xcf, 0xff, 0x10, 0x00, 0x07, 0x00, 0x18, 0x01
    .byte 0xd9, 0x01, 0x00, 0x00, 0x00, 0x00, 0x00, 0x00, 0x8e, 0x20, 0x22, 0x02, 0x00, 0x00, 0x00, 0x00
    .byte 0x00, 0x00, 0x00, 0x00, 0x00, 0x00, 0x00, 0x00, 0xff, 0xff, 0x00, 0x00, 0x00, 0x00, 0x00, 0x00
    .byte 0x00, 0x00, 0x00, 0x00, 0xff, 0xff, 0xff, 0xff, 0xff, 0xff, 0xff, 0xff, 0x00, 0x00, 0x19, 0x00
    .byte 0xff, 0xff, 0xff, 0xff, 0x00, 0x00, 0x00, 0x00, 0xf4, 0xd8, 0x0c, 0x00, 0x00, 0x00, 0x00, 0x00
    .byte 0x03, 0x00, 0x00, 0x00, 0x70, 0x22, 0x00, 0x00, 0x6e, 0x22, 0x00, 0x00, 0x71, 0x22, 0x00, 0x00
    .byte 0x02, 0x00, 0x00, 0x00, 0x00, 0x00, 0x00, 0x00, 0x00, 0x00, 0xf0, 0xff, 0xcf, 0xff, 0x10, 0x00
    .byte 0x07, 0x00, 0xe8, 0x01, 0xd9, 0x01, 0x00, 0x00, 0x00, 0x00, 0x00, 0x00, 0x08, 0x21, 0x22, 0x02
    .byte 0x00, 0x00, 0x00, 0x00, 0x00, 0x00, 0x00, 0x00, 0x00, 0x00, 0x00, 0x00, 0xff, 0xff, 0x00, 0x00
    .byte 0x00, 0x00, 0x00, 0x00, 0x00, 0x00, 0x00, 0x00, 0xff, 0xff, 0xff, 0xff, 0xff, 0xff, 0xff, 0xff
    .byte 0x00, 0x00, 0x1a, 0x00, 0xff, 0xff, 0xff, 0xff, 0x00, 0x00, 0x00, 0x00, 0xf4, 0xd8, 0x0c, 0x00
    .byte 0x00, 0x00, 0x00, 0x00, 0x03, 0x00, 0x00, 0x00, 0x70, 0x22, 0x00, 0x00, 0x6e, 0x22, 0x00, 0x00
    .byte 0x71, 0x22, 0x00, 0x00, 0x02, 0x00, 0x00, 0x00, 0x00, 0x00, 0x00, 0x00, 0x00, 0x00, 0xf0, 0xff
    .byte 0xcf, 0xff, 0x10, 0x00, 0x07, 0x00, 0x48, 0x01, 0x59, 0x01, 0x10, 0x00, 0x00, 0x00, 0x00, 0x00
    .byte 0x76, 0x22, 0x22, 0x02, 0x00, 0x00, 0x00, 0x00, 0x00, 0x00, 0x00, 0x00, 0x00, 0x00, 0x00, 0x00
    .byte 0xff, 0xff, 0x00, 0x00, 0x00, 0x00, 0x00, 0x00, 0x00, 0x00, 0x00, 0x00, 0xff, 0xff, 0xff, 0xff
    .byte 0xff, 0xff, 0xff, 0xff, 0x00, 0x00, 0x1b, 0x00, 0xff, 0xff, 0xff, 0xff, 0x00, 0x00, 0x00, 0x00
    .byte 0xf4, 0xd8, 0x0c, 0x00, 0x00, 0x00, 0x00, 0x00, 0x03, 0x00, 0x00, 0x00, 0x70, 0x22, 0x00, 0x00
    .byte 0x6e, 0x22, 0x00, 0x00, 0x71, 0x22, 0x00, 0x00, 0x02, 0x00, 0x00, 0x00, 0x00, 0x00, 0x00, 0x00
    .byte 0x00, 0x00, 0xf0, 0xff, 0xcf, 0xff, 0x10, 0x00, 0x07, 0x00, 0xb8, 0x01, 0x59, 0x01, 0x10, 0x00
    .byte 0x00, 0x00, 0x00, 0x00, 0xf0, 0x22, 0x22, 0x02, 0x00, 0x00, 0x00, 0x00, 0x00, 0x00, 0x00, 0x00
    .byte 0x00, 0x00, 0x00, 0x00, 0xff, 0xff, 0x00, 0x00, 0x00, 0x00, 0x00, 0x00, 0x00, 0x00, 0x00, 0x00
    .byte 0xff, 0xff, 0xff, 0xff, 0xff, 0xff, 0xff, 0xff, 0x00, 0x00, 0x1c, 0x00, 0xff, 0xff, 0xff, 0xff
    .byte 0x00, 0x00, 0x00, 0x00, 0xf4, 0xd8, 0x0c, 0x00, 0x00, 0x00, 0x00, 0x00, 0x03, 0x00, 0x00, 0x00
    .byte 0x72, 0x22, 0x00, 0x00, 0x73, 0x22, 0x00, 0x00, 0x74, 0x22, 0x00, 0x00, 0x02, 0x00, 0x40, 0x10
    .byte 0x00, 0x00, 0x00, 0x00, 0x00, 0x00, 0xe0, 0xff, 0xb0, 0xff, 0x20, 0x00, 0x08, 0x00, 0x60, 0x01
    .byte 0x60, 0x02, 0x00, 0x00, 0x00, 0x00, 0x00, 0x00, 0xbf, 0x1d, 0x22, 0x02, 0x00, 0x00, 0x00, 0x00
    .byte 0x00, 0x00, 0x00, 0x00, 0x00, 0x00, 0x00, 0x00, 0x02, 0x00, 0x00, 0x00, 0x00, 0x00, 0x00, 0x00
    .byte 0x00, 0x00, 0x00, 0x00, 0xff, 0xff, 0xff, 0xff, 0xff, 0xff, 0xff, 0xff, 0x00, 0x00, 0x1d, 0x00
    .byte 0xff, 0xff, 0xff, 0xff, 0x00, 0x00, 0x00, 0x00, 0xf4, 0xd8, 0x0c, 0x00, 0x00, 0x00, 0x00, 0x00
    .byte 0x03, 0x00, 0x00, 0x00, 0x72, 0x22, 0x00, 0x00, 0x73, 0x22, 0x00, 0x00, 0x74, 0x22, 0x00, 0x00
    .byte 0x02, 0x00, 0x40, 0x10, 0x00, 0x00, 0x00, 0x00, 0x00, 0x00, 0xe0, 0xff, 0xb0, 0xff, 0x20, 0x00
    .byte 0x08, 0x00, 0xa0, 0x01, 0x60, 0x02, 0x00, 0x00, 0x00, 0x00, 0x00, 0x00, 0xfe, 0x1d, 0x22, 0x02
    .byte 0x00, 0x00, 0x00, 0x00, 0x00, 0x00, 0x00, 0x00, 0x00, 0x00, 0x00, 0x00, 0x02, 0x00, 0x00, 0x00
    .byte 0x00, 0x00, 0x00, 0x00, 0x00, 0x00, 0x00, 0x00, 0xff, 0xff, 0xff, 0xff, 0xff, 0xff, 0xff, 0xff
    .byte 0x00, 0x00, 0x1e, 0x00, 0xff, 0xff, 0xff, 0xff, 0x00, 0x00, 0x00, 0x00, 0xf4, 0xd8, 0x0c, 0x00
    .byte 0x00, 0x00, 0x00, 0x00, 0x03, 0x00, 0x00, 0x00, 0x00, 0x10, 0x00, 0x00, 0x01, 0x10, 0x00, 0x00
    .byte 0x02, 0x10, 0x00, 0x00, 0x02, 0x00, 0x80, 0x40, 0x00, 0x00, 0x00, 0x00, 0x00, 0x00, 0xf0, 0xff
    .byte 0xcf, 0xff, 0x10, 0x00, 0x07, 0x00, 0x80, 0x01, 0x60, 0x02, 0x00, 0x00, 0x10, 0x00, 0x00, 0x00
    .byte 0x57, 0x1d, 0x22, 0x02, 0x00, 0x00, 0x00, 0x00, 0x00, 0x00, 0x00, 0x00, 0x00, 0x00, 0x00, 0x00
    .byte 0xff, 0xff, 0x00, 0x00, 0x00, 0x00, 0x00, 0x00, 0x00, 0x00, 0x00, 0x00, 0xff, 0xff, 0xff, 0xff
    .byte 0xff, 0xff, 0xff, 0xff, 0x00, 0x00, 0x1f, 0x00, 0xff, 0xff, 0xff, 0xff, 0x00, 0x00, 0x04, 0x00
    .byte 0xf4, 0xd8, 0x0c, 0x00, 0x00, 0x00, 0x00, 0x00, 0x03, 0x00, 0x00, 0x00, 0x75, 0x22, 0x00, 0x00
    .byte 0x76, 0x22, 0x00, 0x00, 0x77, 0x22, 0x00, 0x00, 0x02, 0x00, 0x60, 0x2a, 0x00, 0x00, 0x00, 0x00
    .byte 0x00, 0x00, 0xf0, 0xff, 0xcf, 0xff, 0x10, 0x00, 0x07, 0x00, 0x80, 0x01, 0x38, 0x01, 0x10, 0x00
    .byte 0x00, 0x00, 0x00, 0x00, 0x44, 0x1e, 0x22, 0x02, 0x00, 0x00, 0x00, 0x00, 0x00, 0x00, 0x00, 0x00
    .byte 0x00, 0x00, 0x00, 0x00, 0xff, 0xff, 0x00, 0x00, 0x00, 0x00, 0x00, 0x00, 0x00, 0x00, 0x00, 0x00
    .byte 0xff, 0xff, 0xff, 0xff, 0xff, 0xff, 0xff, 0xff, 0x00, 0x00, 0x20, 0x00, 0xff, 0xff, 0xff, 0xff
    .byte 0x00, 0x00, 0x06, 0x00, 0xf4, 0xd8, 0x0c, 0x00, 0x00, 0x00, 0x00, 0x00, 0x03, 0x00, 0x00, 0x00
    .byte 0x2e, 0x16, 0x00, 0x00, 0x2f, 0x16, 0x00, 0x00, 0x30, 0x16, 0x00, 0x00, 0x02, 0x00, 0x00, 0x00
    .byte 0x00, 0x00, 0x00, 0x00, 0x00, 0x00, 0xf0, 0xff, 0xcf, 0xff, 0x10, 0x00, 0x07, 0x00, 0x80, 0x01
    .byte 0x38, 0x01, 0x10, 0x00, 0x00, 0x00, 0x00, 0x00, 0x8c, 0x1f, 0x22, 0x02, 0x00, 0x00, 0x00, 0x00
    .byte 0x00, 0x00, 0x00, 0x00, 0x00, 0x00, 0x00, 0x00, 0xff, 0xff, 0x00, 0x00, 0x00, 0x00, 0x00, 0x00
    .byte 0x00, 0x00, 0x00, 0x00, 0xff, 0xff, 0xff, 0xff, 0xff, 0xff, 0xff, 0xff, 0x00, 0x00, 0x21, 0x00
    .byte 0xff, 0xff, 0xff, 0xff, 0x00, 0x00, 0x00, 0x00, 0xf4, 0xd8, 0x0c, 0x00, 0x00, 0x00, 0x00, 0x00
    .byte 0x03, 0x00, 0x00, 0x00, 0x75, 0x22, 0x00, 0x00, 0x76, 0x22, 0x00, 0x00, 0x77, 0x22, 0x00, 0x00
    .byte 0x02, 0x03, 0x00, 0x00, 0x00, 0x00, 0x00, 0x00, 0x00, 0x00, 0xf0, 0xff, 0xcf, 0xff, 0x10, 0x00
    .byte 0x07, 0x00, 0x80, 0x01, 0x30, 0x01, 0x10, 0x00, 0x00, 0x00, 0x00, 0x00, 0x92, 0x1f, 0x22, 0x02
    .byte 0x00, 0x00, 0x00, 0x00, 0x00, 0x00, 0x00, 0x00, 0x00, 0x00, 0x00, 0x00, 0xff, 0xff, 0x00, 0x00
    .byte 0x00, 0x00, 0x00, 0x00, 0x00, 0x00, 0x00, 0x00, 0xff, 0xff, 0xff, 0xff, 0xff, 0xff, 0xff, 0xff
    .byte 0x00, 0x00, 0x22, 0x00, 0xff, 0xff, 0xff, 0xff, 0x00, 0x00, 0x00, 0x00, 0xf4, 0xd8, 0x0c, 0x00
    .byte 0x00, 0x00, 0x00, 0x00, 0x03, 0x00, 0x00, 0x00, 0x2b, 0x16, 0x00, 0x00, 0x2c, 0x16, 0x00, 0x00
    .byte 0x2d, 0x16, 0x00, 0x00, 0x02, 0x00, 0x00, 0x00, 0x00, 0x00, 0x00, 0x00, 0x00, 0x00, 0xf0, 0xff
    .byte 0xcf, 0xff, 0x10, 0x00, 0x07, 0x00, 0x00, 0xfe, 0x00, 0xfe, 0x00, 0x00, 0x00, 0x00, 0x00, 0x00
    .byte 0x8a, 0x25, 0x22, 0x02, 0x00, 0x00, 0x00, 0x00, 0x00, 0x00, 0x00, 0x00, 0x00, 0x00, 0x00, 0x00
    .byte 0xff, 0xff, 0x00, 0x00, 0x00, 0x00, 0x00, 0x00, 0x00, 0x00, 0x00, 0x00, 0xff, 0xff, 0xff, 0xff
    .byte 0xff, 0xff, 0xff, 0xff, 0x00, 0x00, 0x23, 0x00, 0xff, 0xff, 0xff, 0xff, 0x00, 0x00, 0x00, 0x00
    .byte 0xf4, 0xd8, 0x0c, 0x00, 0x00, 0x00, 0x00, 0x00, 0x03, 0x00, 0x00, 0x00, 0x00, 0x10, 0x00, 0x00
    .byte 0x01, 0x10, 0x00, 0x00, 0x02, 0x10, 0x00, 0x00, 0x02, 0x01, 0x00, 0x00, 0x00, 0x00, 0x00, 0x00
    .byte 0x00, 0x00, 0xf0, 0xff, 0xcf, 0xff, 0x10, 0x00, 0x07, 0x00, 0x00, 0xfe, 0x00, 0xfe, 0x00, 0x00
    .byte 0x00, 0x00, 0x00, 0x00, 0x6a, 0x23, 0x22, 0x02, 0x00, 0x00, 0x00, 0x00, 0x00, 0x00, 0x00, 0x00
    .byte 0x00, 0x00, 0x00, 0x00, 0x00, 0x00, 0x00, 0x00, 0x00, 0x00, 0x00, 0x00, 0x00, 0x00, 0x00, 0x00
    .byte 0xff, 0xff, 0xff, 0xff, 0xff, 0xff, 0xff, 0xff, 0x00, 0x00, 0x24, 0x00, 0xff, 0xff, 0xff, 0xff
    .byte 0x00, 0x00, 0x00, 0x00, 0xf4, 0xd8, 0x0c, 0x00, 0x00, 0x00, 0x00, 0x00, 0x03, 0x00, 0x00, 0x00
    .byte 0x00, 0x10, 0x00, 0x00, 0x01, 0x10, 0x00, 0x00, 0x02, 0x10, 0x00, 0x00, 0x02, 0x00, 0x00, 0x00
    .byte 0x00, 0x00, 0x00, 0x00, 0x00, 0x00, 0xf0, 0xff, 0xcf, 0xff, 0x10, 0x00, 0x07, 0x00, 0x00, 0xfe
    .byte 0x00, 0xfe, 0x00, 0x00, 0x00, 0x00, 0x00, 0x00, 0xae, 0x23, 0x22, 0x02, 0x00, 0x00, 0x00, 0x00
    .byte 0x00, 0x00, 0x00, 0x00, 0x00, 0x00, 0x00, 0x00, 0x00, 0x00, 0x00, 0x00, 0x00, 0x00, 0x00, 0x00
    .byte 0x00, 0x00, 0x00, 0x00, 0xff, 0xff, 0xff, 0xff, 0xff, 0xff, 0xff, 0xff, 0x00, 0x00, 0x25, 0x00
    .byte 0xff, 0xff, 0xff, 0xff, 0x00, 0x00, 0x00, 0x00, 0xf4, 0xd8, 0x0c, 0x00, 0x00, 0x00, 0x00, 0x00
    .byte 0x03, 0x00, 0x00, 0x00, 0x00, 0x10, 0x00, 0x00, 0x01, 0x10, 0x00, 0x00, 0x02, 0x10, 0x00, 0x00
    .byte 0x02, 0x01, 0x00, 0x00, 0x00, 0x00, 0x00, 0x00, 0x00, 0x00, 0xf0, 0xff, 0xcf, 0xff, 0x10, 0x00
    .byte 0x07, 0x00, 0x00, 0xfe, 0x00, 0xfe, 0x00, 0x00, 0x00, 0x00, 0x00, 0x00, 0xf2, 0x23, 0x22, 0x02
    .byte 0x00, 0x00, 0x00, 0x00, 0x00, 0x00, 0x00, 0x00, 0x00, 0x00, 0x00, 0x00, 0x00, 0x00, 0x00, 0x00
    .byte 0x00, 0x00, 0x00, 0x00, 0x00, 0x00, 0x00, 0x00, 0xff, 0xff, 0xff, 0xff, 0xff, 0xff, 0xff, 0xff
    .byte 0x00, 0x00, 0x26, 0x00, 0xff, 0xff, 0xff, 0xff, 0x00, 0x00, 0x00, 0x00, 0xf4, 0xd8, 0x0c, 0x00
    .byte 0x00, 0x00, 0x00, 0x00, 0x03, 0x00, 0x00, 0x00, 0x00, 0x10, 0x00, 0x00, 0x01, 0x10, 0x00, 0x00
    .byte 0x02, 0x10, 0x00, 0x00, 0x02, 0x00, 0x00, 0x00, 0x00, 0x00, 0x00, 0x00, 0x00, 0x00, 0xf0, 0xff
    .byte 0xcf, 0xff, 0x10, 0x00, 0x07, 0x00, 0x00, 0xfe, 0x00, 0xfe, 0x00, 0x00, 0x00, 0x00, 0x00, 0x00
    .byte 0x36, 0x24, 0x22, 0x02, 0x00, 0x00, 0x00, 0x00, 0x00, 0x00, 0x00, 0x00, 0x00, 0x00, 0x00, 0x00
    .byte 0x00, 0x00, 0x00, 0x00, 0x00, 0x00, 0x00, 0x00, 0x00, 0x00, 0x00, 0x00, 0xff, 0xff, 0xff, 0xff
    .byte 0xff, 0xff, 0xff, 0xff, 0x00, 0x00, 0x27, 0x00, 0xff, 0xff, 0xff, 0xff, 0x00, 0x00, 0x00, 0x00
    .byte 0xf4, 0xd8, 0x0c, 0x00, 0x00, 0x00, 0x00, 0x00, 0x03, 0x00, 0x00, 0x00, 0x00, 0x10, 0x00, 0x00
    .byte 0x01, 0x10, 0x00, 0x00, 0x02, 0x10, 0x00, 0x00, 0x02, 0x01, 0x00, 0x00, 0x00, 0x00, 0x00, 0x00
    .byte 0x00, 0x00, 0xf0, 0xff, 0xcf, 0xff, 0x10, 0x00, 0x07, 0x00, 0x00, 0xfe, 0x00, 0xfe, 0x00, 0x00
    .byte 0x00, 0x00, 0x00, 0x00, 0x7a, 0x24, 0x22, 0x02, 0x00, 0x00, 0x00, 0x00, 0x00, 0x00, 0x00, 0x00
    .byte 0x00, 0x00, 0x00, 0x00, 0x00, 0x00, 0x00, 0x00, 0x00, 0x00, 0x00, 0x00, 0x00, 0x00, 0x00, 0x00
    .byte 0xff, 0xff, 0xff, 0xff, 0xff, 0xff, 0xff, 0xff, 0x00, 0x00, 0x28, 0x00, 0xff, 0xff, 0xff, 0xff
    .byte 0x00, 0x00, 0x00, 0x00, 0xf4, 0xd8, 0x0c, 0x00, 0x00, 0x00, 0x00, 0x00, 0x03, 0x00, 0x00, 0x00
    .byte 0x00, 0x10, 0x00, 0x00, 0x01, 0x10, 0x00, 0x00, 0x02, 0x10, 0x00, 0x00, 0x02, 0x00, 0x00, 0x00
    .byte 0x00, 0x00, 0x00, 0x00, 0x00, 0x00, 0xf0, 0xff, 0xcf, 0xff, 0x10, 0x00, 0x07, 0x00, 0x00, 0xfe
    .byte 0x00, 0xfe, 0x00, 0x00, 0x00, 0x00, 0x00, 0x00, 0xbe, 0x24, 0x22, 0x02, 0x00, 0x00, 0x00, 0x00
    .byte 0x00, 0x00, 0x00, 0x00, 0x00, 0x00, 0x00, 0x00, 0x00, 0x00, 0x00, 0x00, 0x00, 0x00, 0x00, 0x00
    .byte 0x00, 0x00, 0x00, 0x00, 0xff, 0xff, 0xff, 0xff, 0xff, 0xff, 0xff, 0xff, 0x00, 0x00, 0x29, 0x00
    .byte 0xff, 0xff, 0xff, 0xff, 0x00, 0x00, 0x00, 0x00, 0xf4, 0xd8, 0x0c, 0x00, 0x00, 0x00, 0x00, 0x00
    .byte 0x03, 0x00, 0x00, 0x00, 0x00, 0x10, 0x00, 0x00, 0x01, 0x10, 0x00, 0x00, 0x02, 0x10, 0x00, 0x00
    .byte 0x02, 0x01, 0x00, 0x00, 0x00, 0x00, 0x00, 0x00, 0x00, 0x00, 0xf0, 0xff, 0xcf, 0xff, 0x10, 0x00
    .byte 0x07, 0x00, 0x00, 0xfe, 0x00, 0xfe, 0x00, 0x00, 0x00, 0x00, 0x00, 0x00, 0x02, 0x25, 0x22, 0x02
    .byte 0x00, 0x00, 0x00, 0x00, 0x00, 0x00, 0x00, 0x00, 0x00, 0x00, 0x00, 0x00, 0x00, 0x00, 0x00, 0x00
    .byte 0x00, 0x00, 0x00, 0x00, 0x00, 0x00, 0x00, 0x00, 0xff, 0xff, 0xff, 0xff, 0xff, 0xff, 0xff, 0xff
    .byte 0x00, 0x00, 0x2a, 0x00, 0xff, 0xff, 0xff, 0xff, 0x00, 0x00, 0x00, 0x00, 0xf4, 0xd8, 0x0c, 0x00
    .byte 0x00, 0x00, 0x00, 0x00, 0x03, 0x00, 0x00, 0x00, 0x00, 0x10, 0x00, 0x00, 0x01, 0x10, 0x00, 0x00
    .byte 0x02, 0x10, 0x00, 0x00, 0x02, 0x00, 0x00, 0x00, 0x00, 0x00, 0x00, 0x00, 0x00, 0x00, 0xf0, 0xff
    .byte 0xcf, 0xff, 0x10, 0x00, 0x07, 0x00, 0x00, 0xfe, 0x00, 0xfe, 0x00, 0x00, 0x00, 0x00, 0x00, 0x00
    .byte 0x46, 0x25, 0x22, 0x02, 0x00, 0x00, 0x00, 0x00, 0x00, 0x00, 0x00, 0x00, 0x00, 0x00, 0x00, 0x00
    .byte 0x00, 0x00, 0x00, 0x00, 0x00, 0x00, 0x00, 0x00, 0x00, 0x00, 0x00, 0x00, 0xff, 0xff, 0xff, 0xff
    .byte 0xff, 0xff, 0xff, 0xff, 0x00, 0x00, 0x2b, 0x00, 0xff, 0xff, 0xff, 0xff, 0x00, 0x00, 0x00, 0x00
    .byte 0xf4, 0xd8, 0x0c, 0x00, 0x00, 0x00, 0x00, 0x00, 0x03, 0x00, 0x00, 0x00, 0x61, 0x16, 0x00, 0x00
    .byte 0x62, 0x16, 0x00, 0x00, 0x63, 0x16, 0x00, 0x00, 0x02, 0x00, 0x00, 0x00, 0x00, 0x00, 0x00, 0x00
    .byte 0x00, 0x00, 0xf0, 0xff, 0xcf, 0xff, 0x10, 0x00, 0x07, 0x00, 0x00, 0xfe, 0x00, 0xfe, 0x00, 0x00
    .byte 0x00, 0x00, 0x00, 0x00, 0x90, 0x25, 0x22, 0x02, 0x00, 0x00, 0x00, 0x00, 0x00, 0x00, 0x00, 0x00
    .byte 0x00, 0x00, 0x00, 0x00, 0xff, 0xff, 0x00, 0x00, 0x00, 0x00, 0x00, 0x00, 0x00, 0x00, 0x00, 0x00
    .byte 0xff, 0xff, 0xff, 0xff, 0xff, 0xff, 0xff, 0xff, 0x00, 0x00, 0x2c, 0x00, 0xff, 0xff, 0xff, 0xff
    .byte 0x00, 0x00, 0x00, 0x00, 0xf4, 0xd8, 0x0c, 0x00, 0x00, 0x00, 0x00, 0x00, 0x03, 0x00, 0x00, 0x00
    .byte 0x61, 0x16, 0x00, 0x00, 0x62, 0x16, 0x00, 0x00, 0x63, 0x16, 0x00, 0x00, 0x02, 0x00, 0x00, 0x00
    .byte 0x00, 0x00, 0x00, 0x00, 0x00, 0x00, 0xf0, 0xff, 0xcf, 0xff, 0x10, 0x00, 0x07, 0x00, 0x00, 0xfe
    .byte 0x00, 0xfe, 0x00, 0x00, 0x00, 0x00, 0x00, 0x00, 0x96, 0x25, 0x22, 0x02, 0x00, 0x00, 0x00, 0x00
    .byte 0x00, 0x00, 0x00, 0x00, 0x00, 0x00, 0x00, 0x00, 0xff, 0xff, 0x00, 0x00, 0x00, 0x00, 0x00, 0x00
    .byte 0x00, 0x00, 0x00, 0x00, 0xff, 0xff, 0xff, 0xff, 0xff, 0xff, 0xff, 0xff, 0x00, 0x00, 0x2d, 0x00
    .byte 0xff, 0xff, 0xff, 0xff, 0x00, 0x00, 0x00, 0x00, 0xf4, 0xd8, 0x0c, 0x00, 0x00, 0x00, 0x00, 0x00
    .byte 0x03, 0x00, 0x00, 0x00, 0x61, 0x16, 0x00, 0x00, 0x62, 0x16, 0x00, 0x00, 0x63, 0x16, 0x00, 0x00
    .byte 0x02, 0x00, 0x00, 0x00, 0x00, 0x00, 0x00, 0x00, 0x00, 0x00, 0xf0, 0xff, 0xcf, 0xff, 0x10, 0x00
    .byte 0x07, 0x00, 0x00, 0xfe, 0x00, 0xfe, 0x00, 0x00, 0x00, 0x00, 0x00, 0x00, 0x9c, 0x25, 0x22, 0x02
    .byte 0x00, 0x00, 0x00, 0x00, 0x00, 0x00, 0x00, 0x00, 0x00, 0x00, 0x00, 0x00, 0xff, 0xff, 0x00, 0x00
    .byte 0x00, 0x00, 0x00, 0x00, 0x00, 0x00, 0x00, 0x00, 0xff, 0xff, 0xff, 0xff, 0xff, 0xff, 0xff, 0xff
    .byte 0x00, 0x00, 0x2e, 0x00, 0xff, 0xff, 0xff, 0xff, 0x00, 0x00, 0x00, 0x00, 0xf4, 0xd8, 0x0c, 0x00
    .byte 0x00, 0x00, 0x00, 0x00, 0x03, 0x00, 0x00, 0x00, 0x61, 0x16, 0x00, 0x00, 0x62, 0x16, 0x00, 0x00
    .byte 0x63, 0x16, 0x00, 0x00, 0x02, 0x00, 0x00, 0x00, 0x00, 0x00, 0x00, 0x00, 0x00, 0x00, 0xf0, 0xff
    .byte 0xcf, 0xff, 0x10, 0x00, 0x07, 0x00, 0x00, 0xfe, 0x00, 0xfe, 0x00, 0x00, 0x00, 0x00, 0x00, 0x00
    .byte 0xa2, 0x25, 0x22, 0x02, 0x00, 0x00, 0x00, 0x00, 0x00, 0x00, 0x00, 0x00, 0x00, 0x00, 0x00, 0x00
    .byte 0xff, 0xff, 0x00, 0x00, 0x00, 0x00, 0x00, 0x00, 0x00, 0x00, 0x00, 0x00, 0xff, 0xff, 0xff, 0xff
    .byte 0xff, 0xff, 0xff, 0xff, 0x00, 0x00, 0x2f, 0x00, 0xff, 0xff, 0xff, 0xff, 0x00, 0x00, 0x00, 0x00
    .byte 0xf4, 0xd8, 0x0c, 0x00, 0x00, 0x00, 0x00, 0x00, 0x03, 0x00, 0x00, 0x00, 0x61, 0x16, 0x00, 0x00
    .byte 0x62, 0x16, 0x00, 0x00, 0x63, 0x16, 0x00, 0x00, 0x02, 0x00, 0x00, 0x00, 0x00, 0x00, 0x00, 0x00
    .byte 0x00, 0x00, 0xf0, 0xff, 0xcf, 0xff, 0x10, 0x00, 0x07, 0x00, 0x00, 0xfe, 0x00, 0xfe, 0x00, 0x00
    .byte 0x00, 0x00, 0x00, 0x00, 0xa8, 0x25, 0x22, 0x02, 0x00, 0x00, 0x00, 0x00, 0x00, 0x00, 0x00, 0x00
    .byte 0x00, 0x00, 0x00, 0x00, 0xff, 0xff, 0x00, 0x00, 0x00, 0x00, 0x00, 0x00, 0x00, 0x00, 0x00, 0x00
    .byte 0xff, 0xff, 0xff, 0xff, 0xff, 0xff, 0xff, 0xff, 0x00, 0x00, 0x30, 0x00, 0xff, 0xff, 0xff, 0xff
    .byte 0x00, 0x00, 0x00, 0x00, 0xf4, 0xd8, 0x0c, 0x00, 0x00, 0x00, 0x00, 0x00, 0x06, 0x00, 0x00, 0x00
    .byte 0x00, 0x10, 0x00, 0x00, 0x01, 0x10, 0x00, 0x00, 0x02, 0x10, 0x00, 0x00, 0x02, 0x00, 0x0c, 0x08
    .byte 0x00, 0x00, 0x00, 0x00, 0x00, 0x00, 0xf0, 0xff, 0xcf, 0xff, 0x10, 0x00, 0x07, 0x00, 0x00, 0xfe
    .byte 0x00, 0xfe, 0x00, 0x00, 0x00, 0x00, 0x00, 0x00, 0xde, 0x42, 0x22, 0x02, 0x00, 0x00, 0x00, 0x00
    .byte 0x00, 0x00, 0x00, 0x00, 0x00, 0x00, 0x00, 0x00, 0xff, 0xff, 0x00, 0x00, 0x00, 0x00, 0x00, 0x00
    .byte 0x00, 0x00, 0x00, 0x00, 0xff, 0xff, 0xff, 0xff, 0xff, 0xff, 0xff, 0xff, 0x00, 0x00, 0x31, 0x00
    .byte 0xff, 0xff, 0xff, 0xff, 0x00, 0x00, 0x00, 0x00, 0xf4, 0xd8, 0x0c, 0x00, 0x00, 0x00, 0x00, 0x00
    .byte 0x03, 0x00, 0x00, 0x00, 0x00, 0x24, 0x00, 0x00, 0x01, 0x24, 0x00, 0x00, 0x02, 0x24, 0x00, 0x00
    .byte 0x02, 0x00, 0x00, 0x00, 0x00, 0x00, 0x00, 0x00, 0x00, 0x00, 0xf0, 0xff, 0xcf, 0xff, 0x10, 0x00
    .byte 0x07, 0x00, 0x00, 0xfe, 0x00, 0xfe, 0x00, 0x00, 0x00, 0x00, 0x00, 0x00, 0x43, 0x45, 0x22, 0x02
    .byte 0x00, 0x00, 0x00, 0x00, 0x00, 0x00, 0x00, 0x00, 0x00, 0x00, 0x00, 0x00, 0x01, 0x00, 0x00, 0x00
    .byte 0x00, 0x00, 0x00, 0x00, 0x00, 0x00, 0x00, 0x00, 0xff, 0xff, 0xff, 0xff, 0xff, 0xff, 0xff, 0xff
    .byte 0x00, 0x00, 0x32, 0x00, 0xff, 0xff, 0xff, 0xff, 0x00, 0x00, 0x00, 0x00, 0xf4, 0xd8, 0x0c, 0x00
    .byte 0x00, 0x00, 0x00, 0x00, 0x02, 0x00, 0x52, 0x00, 0x00, 0x10, 0x00, 0x00, 0x01, 0x10, 0x00, 0x00
    .byte 0x02, 0x10, 0x00, 0x00, 0x02, 0x00, 0x0c, 0x0c, 0x00, 0x00, 0x00, 0x00, 0x00, 0x00, 0xf0, 0xff
    .byte 0xcf, 0xff, 0x10, 0x00, 0x07, 0x00, 0x30, 0x01, 0xc0, 0x02, 0x00, 0x00, 0x00, 0x02, 0x01, 0x00
    .byte 0x00, 0x00, 0x00, 0x00, 0x00, 0x02, 0x00, 0x00, 0x00, 0x00, 0x00, 0x00, 0x00, 0x00, 0x00, 0x00
    .byte 0xff, 0xff, 0x00, 0x00, 0x00, 0x00, 0x00, 0x00, 0x00, 0x00, 0x00, 0x00, 0xff, 0xff, 0xff, 0xff
    .byte 0xff, 0xff, 0xff, 0xff, 0x00, 0x00, 0xff, 0xff, 0x01, 0x00, 0x00, 0x00, 0x00, 0x00, 0x04, 0x00
    .byte 0xf4, 0xd8, 0x0c, 0x00, 0x00, 0x00, 0x00, 0x00, 0x02, 0x00, 0x52, 0x00, 0x00, 0x10, 0x00, 0x00
    .byte 0x01, 0x10, 0x00, 0x00, 0x02, 0x10, 0x00, 0x00, 0x02, 0x00, 0x0c, 0x0c, 0x00, 0x00, 0x00, 0x00
    .byte 0x00, 0x00, 0xf0, 0xff, 0xcf, 0xff, 0x10, 0x00, 0x07, 0x00, 0x40, 0x01, 0xc0, 0x02, 0x00, 0x00
    .byte 0x00, 0x02, 0x01, 0x00, 0x00, 0x00, 0x00, 0x00, 0x00, 0x02, 0x00, 0x00, 0x00, 0x00, 0x00, 0x00
    .byte 0x00, 0x00, 0x00, 0x00, 0xff, 0xff, 0x00, 0x00, 0x00, 0x00, 0x00, 0x00, 0x00, 0x00, 0x00, 0x00
    .byte 0xff, 0xff, 0xff, 0xff, 0xff, 0xff, 0xff, 0xff, 0x00, 0x00, 0xff, 0xff, 0x01, 0x00, 0x00, 0x00
    .byte 0x00, 0x00, 0x04, 0x00, 0xf4, 0xd8, 0x0c, 0x00, 0x00, 0x00, 0x00, 0x00, 0x02, 0x00, 0x52, 0x00
    .byte 0x00, 0x10, 0x00, 0x00, 0x01, 0x10, 0x00, 0x00, 0x02, 0x10, 0x00, 0x00, 0x02, 0x00, 0x0c, 0x0c
    .byte 0x00, 0x00, 0x00, 0x00, 0x00, 0x00, 0xf0, 0xff, 0xcf, 0xff, 0x10, 0x00, 0x07, 0x00, 0x60, 0x01
    .byte 0xe0, 0x02, 0x00, 0x00, 0x00, 0x02, 0x01, 0x00, 0x00, 0x00, 0x00, 0x00, 0x00, 0x02, 0x00, 0x00
    .byte 0x00, 0x00, 0x00, 0x00, 0x00, 0x00, 0x00, 0x00, 0xff, 0xff, 0x00, 0x00, 0x00, 0x00, 0x00, 0x00
    .byte 0x00, 0x00, 0x00, 0x00, 0xff, 0xff, 0xff, 0xff, 0xff, 0xff, 0xff, 0xff, 0x00, 0x00, 0xff, 0xff
    .byte 0x01, 0x00, 0x00, 0x00, 0x00, 0x00, 0x04, 0x00, 0xf4, 0xd8, 0x0c, 0x00, 0x00, 0x00, 0x00, 0x00
    .byte 0x02, 0x00, 0x12, 0x00, 0x00, 0x10, 0x00, 0x00, 0x01, 0x10, 0x00, 0x00, 0x02, 0x10, 0x00, 0x00
    .byte 0x02, 0x00, 0x0c, 0x0c, 0x00, 0x00, 0x00, 0x00, 0x00, 0x00, 0xf0, 0xff, 0xcf, 0xff, 0x10, 0x00
    .byte 0x07, 0x00, 0x20, 0x01, 0xc0, 0x02, 0x00, 0x00, 0x00, 0x02, 0x01, 0x00, 0x00, 0x00, 0x00, 0x00
    .byte 0x00, 0x02, 0x00, 0x00, 0x00, 0x00, 0x00, 0x00, 0x00, 0x00, 0x00, 0x00, 0xff, 0xff, 0x00, 0x00
    .byte 0x00, 0x00, 0x00, 0x00, 0x00, 0x00, 0x00, 0x00, 0xff, 0xff, 0xff, 0xff, 0xff, 0xff, 0xff, 0xff
    .byte 0x00, 0x00, 0xff, 0xff, 0x01, 0x00, 0x00, 0x00, 0x00, 0x00, 0x04, 0x00, 0xf4, 0xd8, 0x0c, 0x00
    .byte 0x00, 0x00, 0x00, 0x00, 0x02, 0x00, 0x12, 0x00, 0x00, 0x10, 0x00, 0x00, 0x01, 0x10, 0x00, 0x00
    .byte 0x02, 0x10, 0x00, 0x00, 0x02, 0x00, 0x0c, 0x0c, 0x00, 0x00, 0x00, 0x00, 0x00, 0x00, 0xf0, 0xff
    .byte 0xcf, 0xff, 0x10, 0x00, 0x07, 0x00, 0x40, 0x01, 0xd0, 0x02, 0x00, 0x00, 0x00, 0x02, 0x01, 0x00
    .byte 0x00, 0x00, 0x00, 0x00, 0x00, 0x02, 0x00, 0x00, 0x00, 0x00, 0x00, 0x00, 0x00, 0x00, 0x00, 0x00
    .byte 0xff, 0xff, 0x00, 0x00, 0x00, 0x00, 0x00, 0x00, 0x00, 0x00, 0x00, 0x00, 0xff, 0xff, 0xff, 0xff
    .byte 0xff, 0xff, 0xff, 0xff, 0x00, 0x00, 0xff, 0xff, 0x01, 0x00, 0x00, 0x00, 0x00, 0x00, 0x04, 0x00
    .byte 0xf4, 0xd8, 0x0c, 0x00, 0x00, 0x00, 0x00, 0x00, 0x02, 0x00, 0x12, 0x00, 0x00, 0x10, 0x00, 0x00
    .byte 0x01, 0x10, 0x00, 0x00, 0x02, 0x10, 0x00, 0x00, 0x02, 0x00, 0x0c, 0x0c, 0x00, 0x00, 0x00, 0x00
    .byte 0x00, 0x00, 0xf0, 0xff, 0xcf, 0xff, 0x10, 0x00, 0x07, 0x00, 0x50, 0x01, 0xa0, 0x02, 0x00, 0x00
    .byte 0x00, 0x02, 0x01, 0x00, 0x00, 0x00, 0x00, 0x00, 0x00, 0x02, 0x00, 0x00, 0x00, 0x00, 0x00, 0x00
    .byte 0x00, 0x00, 0x00, 0x00, 0xff, 0xff, 0x00, 0x00, 0x00, 0x00, 0x00, 0x00, 0x00, 0x00, 0x00, 0x00
    .byte 0xff, 0xff, 0xff, 0xff, 0xff, 0xff, 0xff, 0xff, 0x00, 0x00, 0xff, 0xff, 0x01, 0x00, 0x00, 0x00
    .byte 0x00, 0x00, 0x04, 0x00, 0xf4, 0xd8, 0x0c, 0x00, 0x00, 0x00, 0x00, 0x00, 0x00, 0x00, 0x00, 0x00
    .byte 0x00, 0x00, 0x00, 0x00, 0x00, 0x00, 0x00, 0x00, 0x00, 0x00, 0x00, 0x00, 0x00, 0x00, 0x00, 0x00
    .byte 0x00, 0x00, 0x00, 0x00, 0x00, 0x00, 0x00, 0x00, 0x00, 0x00, 0x00, 0x00, 0x00, 0x00, 0x00, 0x00
    .byte 0x00, 0x00, 0x00, 0x00, 0x00, 0x00, 0x00, 0x00, 0x00, 0x00, 0x00, 0x00, 0x00, 0x00, 0x00, 0x00
    .byte 0x00, 0x00, 0x00, 0x00, 0x00, 0x00, 0x00, 0x00, 0x00, 0x00, 0x00, 0x00, 0x00, 0x00, 0x00, 0x00
    .byte 0x00, 0x00, 0x00, 0x00, 0x00, 0x00, 0x00, 0x00, 0x00, 0x00, 0x00, 0x00, 0x00, 0x00, 0x00, 0x00
    .byte 0x00, 0x00, 0x00, 0x00, 0x00, 0x00, 0x00, 0x00, 0x00, 0x00, 0x00, 0x00, 0x00, 0x00, 0x00, 0x00
    .byte 0x2c, 0x62, 0x10, 0x00, 0x00, 0x2c, 0x01, 0x10, 0x00, 0x00, 0x2c, 0x63, 0x10, 0x00, 0x00, 0x2c
    .byte 0x02, 0x00, 0x00, 0x00, 0x2c, 0x10, 0x00, 0x00, 0x00, 0x15, 0x73, 0x20, 0x00, 0x00, 0x15, 0x55
    .byte 0x20, 0x00, 0x00, 0x2c, 0x61, 0x00, 0x00, 0x00, 0x15, 0xe0, 0x2c, 0x3c, 0x00, 0x00, 0x00, 0x15
    .byte 0x07, 0x15, 0x08, 0x00, 0x15, 0x28, 0x2c, 0x00, 0x10, 0x00, 0x00, 0x2c, 0x01, 0x10, 0x00, 0x00
    .byte 0x2c, 0x02, 0x10, 0x00, 0x00, 0x2c, 0x02, 0x00, 0x00, 0x00, 0x20, 0x00, 0x00, 0x15, 0x73, 0x2c
    .byte 0x01, 0x00, 0x00, 0x00, 0x15, 0x25, 0x2c, 0x12, 0x00, 0x00, 0x00, 0x20, 0x00, 0x00, 0x15, 0x32
    .byte 0x2d, 0x58, 0x2c, 0x07, 0x00, 0x00, 0x00, 0x15, 0x47, 0x18, 0x70, 0x17, 0x00, 0x2d, 0x58, 0x2c
    .byte 0x08, 0x00, 0x00, 0x00, 0x15, 0x47, 0x18, 0x70, 0x17, 0x00, 0x15, 0x1e, 0x18, 0x70, 0x17, 0x00
    .byte 0x15, 0x75, 0x20, 0x00, 0x00, 0x15, 0x06, 0x00, 0x15, 0xa2, 0x00, 0x2c, 0x01, 0x00, 0x00, 0x00
    .byte 0x15, 0x09, 0x00, 0x20, 0x00, 0x00, 0x15, 0x09, 0x00, 0x15, 0x0d, 0x00, 0x00, 0x20, 0x00, 0x00
    .byte 0x15, 0x17, 0x00, 0x2c, 0x01, 0x00, 0x00, 0x00, 0x15, 0x25, 0x00, 0x20, 0x00, 0x00, 0x15, 0x25
    .byte 0x00, 0x20, 0x00, 0x00, 0x20, 0x00, 0x00, 0x20, 0x00, 0x00, 0x15, 0x02, 0x20, 0x00, 0x00, 0x15
    .byte 0x3d, 0x20, 0x00, 0x00, 0x15, 0x09, 0x00, 0x20, 0x00, 0x00, 0x15, 0x18, 0x20, 0x00, 0x00, 0x15
    .byte 0x19, 0x20, 0x00, 0x00, 0x15, 0x09, 0x00, 0x2c, 0x0c, 0xfe, 0xff, 0xff, 0x2c, 0x0c, 0xfe, 0xff
    .byte 0xff, 0x20, 0x00, 0x00, 0x15, 0x02, 0x20, 0x00, 0x00, 0x15, 0x09, 0x00, 0x15, 0x2c, 0x00, 0x20
    .byte 0x00, 0x00, 0x15, 0x17, 0x2c, 0x00, 0x10, 0x00, 0x00, 0x2c, 0x01, 0x10, 0x00, 0x00, 0x2c, 0x02
    .byte 0x10, 0x00, 0x00, 0x2c, 0x02, 0x00, 0x00, 0x00, 0x20, 0x00, 0x00, 0x15, 0x73, 0x2c, 0x01, 0x00
    .byte 0x00, 0x00, 0x15, 0x09, 0x20, 0x00, 0x00, 0x15, 0x75, 0x00, 0x2c, 0x06, 0x00, 0x00, 0x00, 0x20
    .byte 0x00, 0x00, 0x20, 0x00, 0x00, 0x20, 0x00, 0x00, 0x15, 0xcd, 0x00, 0x22, 0x2c, 0x15, 0x00, 0x00
    .byte 0x00, 0x2c, 0x9e, 0x00, 0x00, 0x00, 0x2c, 0x7f, 0x00, 0x00, 0x00, 0x15, 0x0a, 0x2c, 0x03, 0x10
    .byte 0x00, 0x00, 0x2c, 0x01, 0x10, 0x00, 0x00, 0x2c, 0x04, 0x10, 0x00, 0x00, 0x2c, 0x02, 0x00, 0x00
    .byte 0x00, 0x2c, 0x18, 0x00, 0x00, 0x00, 0x15, 0x73, 0x2c, 0x00, 0x01, 0x00, 0x00, 0x15, 0x17, 0x2c
    .byte 0x01, 0x00, 0x00, 0x00, 0x15, 0x06, 0x2c, 0x01, 0x00, 0x00, 0x00, 0x15, 0x09, 0x2c, 0x13, 0x00
    .byte 0x00, 0x00, 0x20, 0x00, 0x00, 0x20, 0x00, 0x00, 0x2c, 0x30, 0x00, 0x00, 0x00, 0x20, 0x00, 0x00
    .byte 0x20, 0x00, 0x00, 0x20, 0x00, 0x00, 0x15, 0x53, 0x15, 0x46, 0x15, 0x8b, 0x18, 0x70, 0x32, 0x00
    .byte 0x00, 0x00, 0x00, 0x00, 0x13, 0x4e, 0xee, 0x21, 0x02, 0x01, 0x3a, 0xee, 0x21, 0x02, 0x2c, 0x93
    .byte 0x00, 0x00, 0x00, 0x2c, 0x01, 0x00, 0x00, 0x00, 0x20, 0x00, 0x00, 0x20, 0x00, 0x00, 0x15, 0xb8
    .byte 0x15, 0x5a, 0x20, 0x00, 0x00, 0x15, 0x75, 0x2c, 0x85, 0x03, 0x00, 0x00, 0x15, 0x36, 0x2c, 0x2b
    .byte 0x00, 0x00, 0x00, 0x15, 0x05, 0x2c, 0x01, 0x00, 0x00, 0x00, 0x15, 0x06, 0x2c, 0x5a, 0x00, 0x00
    .byte 0x00, 0x15, 0x07, 0x15, 0x08, 0x2c, 0xe0, 0x03, 0x00, 0x00, 0x15, 0x37, 0x18, 0x70, 0x32, 0x00
    .byte 0x00, 0x00, 0x00, 0x00, 0x14, 0x9e, 0xee, 0x21, 0x02, 0x01, 0x85, 0xee, 0x21, 0x02, 0x00, 0x20
    .byte 0x00, 0x00, 0x15, 0x75, 0x2c, 0x00, 0x01, 0x00, 0x00, 0x15, 0x17, 0x2c, 0x0f, 0x10, 0x00, 0x00
    .byte 0x2c, 0x01, 0x10, 0x00, 0x00, 0x2c, 0x10, 0x10, 0x00, 0x00, 0x2c, 0x02, 0x00, 0x00, 0x00, 0x2c
    .byte 0x21, 0x00, 0x00, 0x00, 0x15, 0x73, 0x15, 0x16, 0x15, 0x46, 0x29, 0x00, 0x66, 0x32, 0x00, 0x01
    .byte 0x00, 0x00, 0x00, 0x13, 0xe6, 0xee, 0x21, 0x02, 0x29, 0x00, 0x66, 0x32, 0x00, 0x08, 0x00, 0x00
    .byte 0x00, 0x14, 0x6b, 0xef, 0x21, 0x02, 0x2c, 0x03, 0x00, 0x00, 0x00, 0x38, 0x00, 0x20, 0x00, 0x00
    .byte 0x20, 0x00, 0x00, 0x20, 0x00, 0x00, 0x20, 0x00, 0x00, 0x20, 0x00, 0x00, 0x15, 0x53, 0x2c, 0x01
    .byte 0x00, 0x00, 0x00, 0x38, 0x00, 0x15, 0x85, 0x37, 0x00, 0x00, 0x32, 0x00, 0x01, 0x00, 0x00, 0x00
    .byte 0x14, 0x40, 0xef, 0x21, 0x02, 0x15, 0x8b, 0x18, 0x70, 0x32, 0x00, 0x00, 0x00, 0x00, 0x00, 0x13
    .byte 0x29, 0xef, 0x21, 0x02, 0x01, 0x15, 0xef, 0x21, 0x02, 0x2c, 0x20, 0x03, 0x00, 0x00, 0x2c, 0x01
    .byte 0x00, 0x00, 0x00, 0x20, 0x00, 0x00, 0x20, 0x00, 0x00, 0x15, 0xb8, 0x25, 0x66, 0xef, 0x21, 0x02
    .byte 0x15, 0x8b, 0x18, 0x70, 0x32, 0x00, 0x00, 0x00, 0x00, 0x00, 0x13, 0x54, 0xef, 0x21, 0x02, 0x01
    .byte 0x40, 0xef, 0x21, 0x02, 0x2c, 0xe1, 0x02, 0x00, 0x00, 0x2c, 0x01, 0x00, 0x00, 0x00, 0x20, 0x00
    .byte 0x00, 0x20, 0x00, 0x00, 0x15, 0xb8, 0x25, 0xce, 0xf0, 0x21, 0x02, 0x29, 0x00, 0x66, 0x32, 0x00
    .byte 0x03, 0x00, 0x00, 0x00, 0x13, 0x87, 0xef, 0x21, 0x02, 0x29, 0x00, 0x66, 0x32, 0x00, 0x09, 0x00
    .byte 0x00, 0x00, 0x14, 0xcb, 0xef, 0x21, 0x02, 0x2c, 0x04, 0x00, 0x00, 0x00, 0x2c, 0x03, 0x00, 0x00
    .byte 0x00, 0x2d, 0xd9, 0x2d, 0x63, 0x20, 0x00, 0x00, 0x20, 0x00, 0x00, 0x20, 0x00, 0x00, 0x15, 0x53
    .byte 0x15, 0x8b, 0x18, 0x70, 0x32, 0x00, 0x00, 0x00, 0x00, 0x00, 0x13, 0xb4, 0xef, 0x21, 0x02, 0x01
    .byte 0xa0, 0xef, 0x21, 0x02, 0x2c, 0x01, 0x00, 0x00, 0x00, 0x2c, 0x01, 0x00, 0x00, 0x00, 0x20, 0x00
    .byte 0x00, 0x20, 0x00, 0x00, 0x15, 0xb8, 0x25, 0xce, 0xf0, 0x21, 0x02, 0x29, 0x00, 0x66, 0x32, 0x00
    .byte 0x04, 0x00, 0x00, 0x00, 0x14, 0x26, 0xf0, 0x21, 0x02, 0x2c, 0x04, 0x00, 0x00, 0x00, 0x2c, 0x03
    .byte 0x00, 0x00, 0x00, 0x2c, 0x3d, 0x00, 0x00, 0x00, 0x2d, 0x63, 0x20, 0x00, 0x00, 0x20, 0x00, 0x00
    .byte 0x20, 0x00, 0x00, 0x15, 0x53, 0x29, 0x00, 0xd9, 0x26, 0x00, 0xc0, 0x15, 0x8b, 0x18, 0x70, 0x32
    .byte 0x00, 0x00, 0x00, 0x00, 0x00, 0x13, 0x0f, 0xf0, 0x21, 0x02, 0x01, 0xfb, 0xef, 0x21, 0x02, 0x2c
    .byte 0x02, 0x00, 0x00, 0x00, 0x2c, 0x01, 0x00, 0x00, 0x00, 0x20, 0x00, 0x00, 0x20, 0x00, 0x00, 0x15
    .byte 0xb8, 0x25, 0xce, 0xf0, 0x21, 0x02, 0x29, 0x00, 0x66, 0x32, 0x00, 0x0a, 0x00, 0x00, 0x00, 0x14
    .byte 0x94, 0xf0, 0x21, 0x02, 0x29, 0x00, 0xd9, 0x26, 0x00, 0xbe, 0x15, 0x8b, 0x18, 0x70, 0x32, 0x00
    .byte 0x00, 0x00, 0x00, 0x00, 0x13, 0x4e, 0xf0, 0x21, 0x02, 0x01, 0x3a, 0xf0, 0x21, 0x02, 0x2c, 0x46
    .byte 0x00, 0x00, 0x00, 0x2c, 0x01, 0x00, 0x00, 0x00, 0x20, 0x00, 0x00, 0x20, 0x00, 0x00, 0x15, 0xb8
    .byte 0x15, 0x5a, 0x2c, 0x97, 0x03, 0x00, 0x00, 0x15, 0x37, 0x18, 0x70, 0x32, 0x00, 0x00, 0x00, 0x00
    .byte 0x00, 0x14, 0x87, 0xf0, 0x21, 0x02, 0x2c, 0xb4, 0x03, 0x00, 0x00, 0x15, 0x35, 0x2c, 0x08, 0x00
    .byte 0x00, 0x00, 0x20, 0x00, 0x00, 0x15, 0x78, 0x2c, 0x97, 0x03, 0x00, 0x00, 0x15, 0x35, 0x00, 0x25
    .byte 0xce, 0xf0, 0x21, 0x02, 0x29, 0x00, 0x66, 0x32, 0x00, 0x0b, 0x00, 0x00, 0x00, 0x14, 0xce, 0xf0
    .byte 0x21, 0x02, 0x29, 0x00, 0xd9, 0x26, 0x00, 0xbe, 0x15, 0x8b, 0x18, 0x70, 0x32, 0x00, 0x00, 0x00
    .byte 0x00, 0x00, 0x13, 0xbc, 0xf0, 0x21, 0x02, 0x01, 0xa8, 0xf0, 0x21, 0x02, 0x2c, 0x57, 0x02, 0x00
    .byte 0x00, 0x2c, 0x01, 0x00, 0x00, 0x00, 0x20, 0x00, 0x00, 0x20, 0x00, 0x00, 0x15, 0xb8, 0x15, 0x5a
    .byte 0x00, 0x20, 0x00, 0x00, 0x2c, 0xf3, 0xf0, 0x21, 0x02, 0x15, 0x39, 0x20, 0x00, 0x00, 0x15, 0x42
    .byte 0x18, 0x70, 0x32, 0x00, 0x00, 0x00, 0x00, 0x00, 0x14, 0xf2, 0xf0, 0x21, 0x02, 0x01, 0xdb, 0xf0
    .byte 0x21, 0x02, 0x22, 0x2c, 0x15, 0x00, 0x00, 0x00, 0x2c, 0x9d, 0x00, 0x00, 0x00, 0x2c, 0x7f, 0x00
    .byte 0x00, 0x00, 0x15, 0x0a, 0x2c, 0x00, 0x01, 0x00, 0x00, 0x15, 0x17, 0x2c, 0x0f, 0x10, 0x00, 0x00
    .byte 0x2c, 0x01, 0x10, 0x00, 0x00, 0x2c, 0x10, 0x10, 0x00, 0x00, 0x2c, 0x02, 0x00, 0x00, 0x00, 0x2c
    .byte 0x21, 0x00, 0x00, 0x00, 0x15, 0x73, 0x2c, 0x21, 0x00, 0x00, 0x00, 0x15, 0x05, 0x15, 0x16, 0x00
    .byte 0x20, 0x00, 0x00, 0x2c, 0x52, 0xf1, 0x21, 0x02, 0x15, 0x39, 0x20, 0x00, 0x00, 0x15, 0x42, 0x18
    .byte 0x70, 0x32, 0x00, 0x00, 0x00, 0x00, 0x00, 0x14, 0x51, 0xf1, 0x21, 0x02, 0x01, 0x3a, 0xf1, 0x21
    .byte 0x02, 0x22, 0x2c, 0x15, 0x00, 0x00, 0x00, 0x2c, 0x9c, 0x00, 0x00, 0x00, 0x2c, 0x7f, 0x00, 0x00
    .byte 0x00, 0x15, 0x0a, 0x2c, 0x00, 0x01, 0x00, 0x00, 0x15, 0x17, 0x2c, 0x0f, 0x10, 0x00, 0x00, 0x2c
    .byte 0x01, 0x10, 0x00, 0x00, 0x2c, 0x10, 0x10, 0x00, 0x00, 0x2c, 0x02, 0x00, 0x00, 0x00, 0x2c, 0x21
    .byte 0x00, 0x00, 0x00, 0x15, 0x73, 0x2c, 0x21, 0x00, 0x00, 0x00, 0x15, 0x05, 0x15, 0x16, 0x00, 0x2c
    .byte 0x00, 0x10, 0x00, 0x00, 0x2c, 0x01, 0x10, 0x00, 0x00, 0x2c, 0x02, 0x10, 0x00, 0x00, 0x2c, 0x02
    .byte 0x00, 0x00, 0x00, 0x20, 0x00, 0x00, 0x15, 0x73, 0x2c, 0x01, 0x00, 0x00, 0x00, 0x15, 0x25, 0x2c
    .byte 0x12, 0x00, 0x00, 0x00, 0x20, 0x00, 0x00, 0x15, 0x32, 0x2d, 0xd2, 0x2c, 0x07, 0x00, 0x00, 0x00
    .byte 0x15, 0x47, 0x18, 0x70, 0x17, 0x00, 0x2d, 0xd2, 0x2c, 0x08, 0x00, 0x00, 0x00, 0x15, 0x47, 0x18
    .byte 0x70, 0x17, 0x00, 0x15, 0x1e, 0x18, 0x70, 0x17, 0x00, 0x15, 0x75, 0x20, 0x00, 0x00, 0x15, 0x06
    .byte 0x00, 0x2c, 0x01, 0x00, 0x00, 0x00, 0x15, 0x09, 0x2c, 0x00, 0x10, 0x00, 0x00, 0x2c, 0x01, 0x10
    .byte 0x00, 0x00, 0x2c, 0x02, 0x10, 0x00, 0x00, 0x2c, 0x02, 0x00, 0x00, 0x00, 0x20, 0x00, 0x00, 0x15
    .byte 0x73, 0x20, 0x00, 0x00, 0x15, 0x75, 0x00, 0x2c, 0x00, 0x10, 0x00, 0x00, 0x2c, 0x01, 0x10, 0x00
    .byte 0x00, 0x2c, 0x02, 0x10, 0x00, 0x00, 0x2c, 0x02, 0x00, 0x00, 0x00, 0x20, 0x00, 0x00, 0x15, 0x73
    .byte 0x2c, 0x12, 0x00, 0x00, 0x00, 0x2c, 0x08, 0x00, 0x00, 0x00, 0x15, 0x32, 0x2d, 0x02, 0x2c, 0x07
    .byte 0x00, 0x00, 0x00, 0x15, 0x47, 0x18, 0x70, 0x17, 0x00, 0x2d, 0x02, 0x2c, 0x08, 0x00, 0x00, 0x00
    .byte 0x15, 0x47, 0x18, 0x70, 0x17, 0x00, 0x15, 0x1e, 0x18, 0x70, 0x17, 0x00, 0x15, 0x75, 0x20, 0x00
    .byte 0x00, 0x15, 0x06, 0x2c, 0x01, 0x00, 0x00, 0x00, 0x15, 0x07, 0x15, 0x08, 0x25, 0x2c, 0xf2, 0x21
    .byte 0x02, 0x00, 0x2c, 0x00, 0x10, 0x00, 0x00, 0x2c, 0x01, 0x10, 0x00, 0x00, 0x2c, 0x02, 0x10, 0x00
    .byte 0x00, 0x2c, 0x02, 0x00, 0x00, 0x00, 0x2c, 0x1e, 0x00, 0x00, 0x00, 0x15, 0x73, 0x2c, 0x01, 0x00
    .byte 0x00, 0x00, 0x15, 0x06, 0x2c, 0x3c, 0x00, 0x00, 0x00, 0x15, 0x07, 0x15, 0x08, 0x00, 0x2c, 0x0b
    .byte 0x10, 0x00, 0x00, 0x2c, 0x01, 0x10, 0x00, 0x00, 0x2c, 0x0c, 0x10, 0x00, 0x00, 0x2c, 0x02, 0x00
    .byte 0x00, 0x00, 0x03, 0x00, 0x08, 0x00, 0x00, 0x00, 0x29, 0x01, 0xff, 0x04, 0x10, 0x17, 0x00, 0x15
    .byte 0x73, 0x00, 0x2c, 0x15, 0x10, 0x00, 0x00, 0x2c, 0x01, 0x10, 0x00, 0x00, 0x2c, 0x16, 0x10, 0x00
    .byte 0x00, 0x2c, 0x02, 0x00, 0x00, 0x00, 0x20, 0x00, 0x00, 0x15, 0x73, 0x20, 0x00, 0x00, 0x2c, 0x58
    .byte 0x00, 0x00, 0x00, 0x15, 0xe0, 0x03, 0x00, 0x06, 0x00, 0x00, 0x00, 0x2c, 0x01, 0x00, 0x00, 0x00
    .byte 0x2c, 0x07, 0x00, 0x00, 0x00, 0x15, 0x47, 0x18, 0x71, 0x17, 0x10, 0x2c, 0x01, 0x00, 0x00, 0x00
    .byte 0x2c, 0x08, 0x00, 0x00, 0x00, 0x15, 0x47, 0x18, 0x71, 0x17, 0x10, 0x15, 0x1e, 0x18, 0x71, 0x04
    .byte 0x10, 0x17, 0x00, 0x15, 0x05, 0x15, 0x16, 0x2c, 0x1e, 0x00, 0x00, 0x00, 0x15, 0x07, 0x15, 0x08
    .byte 0x20, 0x00, 0x00, 0x2c, 0x26, 0x00, 0x00, 0x00, 0x15, 0xe0, 0x2c, 0x0e, 0x00, 0x00, 0x00, 0x15
    .byte 0x05, 0x15, 0x16, 0x20, 0x00, 0x00, 0x15, 0x75, 0x00, 0x2c, 0x12, 0x00, 0x00, 0x00, 0x20, 0x00
    .byte 0x00, 0x15, 0x32, 0x2d, 0xd2, 0x2c, 0x07, 0x00, 0x00, 0x00, 0x15, 0x47, 0x18, 0x70, 0x17, 0x00
    .byte 0x2d, 0xd2, 0x2c, 0x08, 0x00, 0x00, 0x00, 0x15, 0x47, 0x18, 0x70, 0x17, 0x00, 0x15, 0x1e, 0x18
    .byte 0x70, 0x05, 0x00, 0x08, 0x00, 0x00, 0x00, 0x17, 0x00, 0x15, 0x05, 0x20, 0x00, 0x00, 0x15, 0x06
    .byte 0x00, 0x2c, 0x26, 0x00, 0x00, 0x00, 0x15, 0x37, 0x18, 0x70, 0x14, 0x7d, 0xf3, 0x21, 0x02, 0x2c
    .byte 0x26, 0x00, 0x00, 0x00, 0x15, 0x36, 0x2c, 0x86, 0x03, 0x00, 0x00, 0x15, 0x35, 0x29, 0x00, 0xfd
    .byte 0x32, 0x00, 0x00, 0x00, 0x00, 0x00, 0x14, 0x92, 0xf3, 0x21, 0x02, 0x2c, 0x10, 0x27, 0x00, 0x00
    .byte 0x15, 0xaa, 0x2c, 0x94, 0x0a, 0x00, 0x00, 0x15, 0x37, 0x18, 0x70, 0x13, 0xea, 0xf3, 0x21, 0x02
    .byte 0x03, 0x00, 0x3b, 0x00, 0x00, 0x00, 0x35, 0x00, 0xff, 0xff, 0xff, 0xff, 0x14, 0xd0, 0xf3, 0x21
    .byte 0x02, 0x03, 0x00, 0x3b, 0x00, 0x00, 0x00, 0x26, 0x00, 0xae, 0x2c, 0x15, 0x00, 0x00, 0x00, 0x2c
    .byte 0x3b, 0x00, 0x00, 0x00, 0x2c, 0x7f, 0x00, 0x00, 0x00, 0x15, 0x0a, 0x25, 0xea, 0xf3, 0x21, 0x02
    .byte 0x29, 0x00, 0xae, 0x35, 0x00, 0xff, 0xff, 0xff, 0xff, 0x14, 0xea, 0xf3, 0x21, 0x02, 0x2c, 0x16
    .byte 0x00, 0x00, 0x00, 0x2d, 0xae, 0x20, 0x00, 0x00, 0x15, 0x0a, 0x29, 0x00, 0xfe, 0x32, 0x00, 0xc1
    .byte 0x00, 0x00, 0x00, 0x13, 0x14, 0xf4, 0x21, 0x02, 0x29, 0x00, 0xfe, 0x32, 0x00, 0xc2, 0x00, 0x00
    .byte 0x00, 0x13, 0x14, 0xf4, 0x21, 0x02, 0x29, 0x00, 0xfe, 0x32, 0x00, 0xc3, 0x00, 0x00, 0x00, 0x14
    .byte 0x1b, 0xf4, 0x21, 0x02, 0x2c, 0x9f, 0x03, 0x00, 0x00, 0x15, 0x35, 0x2c, 0xa2, 0x03, 0x00, 0x00
    .byte 0x15, 0x35, 0x29, 0x00, 0xfd, 0x32, 0x00, 0x19, 0x00, 0x00, 0x00, 0x14, 0x3f, 0xf4, 0x21, 0x02
    .byte 0x2c, 0x0c, 0x00, 0x00, 0x00, 0x2c, 0xfb, 0xff, 0xff, 0xff, 0x20, 0x00, 0x00, 0x15, 0xce, 0x2d
    .byte 0x55, 0x15, 0x41, 0x38, 0x03, 0x15, 0x41, 0x29, 0x00, 0xcc, 0x35, 0x00, 0x01, 0x00, 0x00, 0x00
    .byte 0x14, 0x9d, 0xf4, 0x21, 0x02, 0x2c, 0x2c, 0x00, 0x00, 0x00, 0x2c, 0x49, 0xed, 0x21, 0x02, 0x15
    .byte 0x39, 0x2c, 0x2d, 0x00, 0x00, 0x00, 0x2c, 0x49, 0xed, 0x21, 0x02, 0x15, 0x39, 0x2c, 0x2e, 0x00
    .byte 0x00, 0x00, 0x2c, 0x49, 0xed, 0x21, 0x02, 0x15, 0x39, 0x2c, 0x2f, 0x00, 0x00, 0x00, 0x2c, 0x49
    .byte 0xed, 0x21, 0x02, 0x15, 0x39, 0x2c, 0x30, 0x00, 0x00, 0x00, 0x2c, 0x49, 0xed, 0x21, 0x02, 0x15
    .byte 0x39, 0x2c, 0x31, 0x00, 0x00, 0x00, 0x2c, 0x49, 0xed, 0x21, 0x02, 0x15, 0x39, 0x29, 0x00, 0xfd
    .byte 0x32, 0x00, 0x82, 0x00, 0x00, 0x00, 0x14, 0xb5, 0xf4, 0x21, 0x02, 0x20, 0x00, 0x00, 0x2c, 0x08
    .byte 0xf5, 0x21, 0x02, 0x15, 0x39, 0x29, 0x00, 0xcc, 0x32, 0x00, 0xff, 0xff, 0xff, 0xff, 0x14, 0xdb
    .byte 0xf4, 0x21, 0x02, 0x2c, 0x48, 0x01, 0x00, 0x00, 0x15, 0x35, 0x2c, 0x03, 0x00, 0x00, 0x00, 0x2c
    .byte 0x47, 0x31, 0x22, 0x02, 0x15, 0x29, 0x25, 0x08, 0xf5, 0x21, 0x02, 0x29, 0x00, 0xcc, 0x32, 0x00
    .byte 0x01, 0x00, 0x00, 0x00, 0x14, 0x08, 0xf5, 0x21, 0x02, 0x2c, 0x6a, 0x01, 0x00, 0x00, 0x15, 0x35
    .byte 0x2c, 0x04, 0x00, 0x00, 0x00, 0x2c, 0x01, 0x00, 0x00, 0x00, 0x15, 0xe0, 0x2c, 0x03, 0x00, 0x00
    .byte 0x00, 0x2c, 0x82, 0x32, 0x22, 0x02, 0x15, 0x29, 0x2c, 0x20, 0x00, 0x00, 0x00, 0x2c, 0x07, 0x00
    .byte 0x00, 0x00, 0x15, 0x47, 0x18, 0x70, 0x17, 0x00, 0x2c, 0x20, 0x00, 0x00, 0x00, 0x2c, 0x08, 0x00
    .byte 0x00, 0x00, 0x15, 0x47, 0x18, 0x70, 0x24, 0x00, 0x08, 0x00, 0x00, 0x00, 0x17, 0x00, 0x2c, 0x10
    .byte 0x00, 0x00, 0x00, 0x15, 0x02, 0x00, 0x2c, 0x05, 0x00, 0x00, 0x00, 0x15, 0x07, 0x15, 0x08, 0x00
    .byte 0x2c, 0x92, 0x0a, 0x00, 0x00, 0x15, 0x37, 0x18, 0x70, 0x13, 0x53, 0xf5, 0x21, 0x02, 0x01, 0x40
    .byte 0xf5, 0x21, 0x02, 0x2c, 0x92, 0x0a, 0x00, 0x00, 0x15, 0x37, 0x18, 0x70, 0x13, 0xbf, 0xf5, 0x21
    .byte 0x02, 0x2c, 0x1b, 0x00, 0x00, 0x00, 0x2c, 0x00, 0xb0, 0x00, 0x00, 0x20, 0x00, 0x00, 0x2c, 0x3c
    .byte 0x00, 0x00, 0x00, 0x15, 0x0c, 0x2b, 0x00, 0x00, 0x0b, 0x00, 0x00, 0x01, 0x00, 0x00, 0x35, 0x00
    .byte 0xc0, 0x00, 0x00, 0x00, 0x14, 0x9a, 0xf5, 0x21, 0x02, 0x2b, 0x00, 0x00, 0x05, 0x00, 0x04, 0x00
    .byte 0x00, 0x00, 0x28, 0x00, 0x00, 0x01, 0x75, 0xf5, 0x21, 0x02, 0x2c, 0x01, 0x00, 0x00, 0x00, 0x20
    .byte 0x00, 0x00, 0x2c, 0x10, 0x00, 0x00, 0x00, 0x15, 0xb7, 0x2c, 0x3c, 0x00, 0x00, 0x00, 0x15, 0x07
    .byte 0x15, 0x08, 0x2c, 0x01, 0x00, 0x00, 0x00, 0x2c, 0x00, 0xb0, 0x00, 0x00, 0x15, 0xe0, 0x00, 0x2c
    .byte 0x03, 0x00, 0x00, 0x00, 0x2c, 0x00, 0xb0, 0x00, 0x00, 0x15, 0xe0, 0x18, 0x70, 0x13, 0xdc, 0xf5
    .byte 0x21, 0x02, 0x20, 0x00, 0x00, 0x2c, 0x00, 0xb0, 0x00, 0x00, 0x15, 0xe0, 0x03, 0x00, 0x05, 0x00
    .byte 0x00, 0x00, 0x2b, 0x01, 0x00, 0x0b, 0x01, 0x00, 0x01, 0x00, 0x00, 0x17, 0x10, 0x15, 0x0e, 0x18
    .byte 0x71, 0x07, 0x01, 0x05, 0x00, 0x00, 0x00, 0x09, 0x01, 0x00, 0x10, 0x00, 0x00, 0x04, 0x10, 0x27
    .byte 0x00, 0x05, 0x2b, 0x00, 0x00, 0x05, 0x00, 0x04, 0x00, 0x00, 0x00, 0x28, 0x00, 0x00, 0x2c, 0x01
    .byte 0x00, 0x00, 0x00, 0x2e, 0x05, 0x03, 0x00, 0x10, 0x00, 0x00, 0x00, 0x2a, 0x01, 0x05, 0x23, 0x10
    .byte 0x17, 0x00, 0x15, 0xb7, 0x01, 0x53, 0xf5, 0x21, 0x02, 0x00, 0x20, 0x00, 0x00, 0x15, 0x18, 0x2c
    .byte 0x01, 0x00, 0x00, 0x00, 0x2c, 0xfc, 0xff, 0xff, 0xff, 0x20, 0x00, 0x00, 0x2c, 0x04, 0x00, 0x00
    .byte 0x00, 0x2c, 0x08, 0x00, 0x00, 0x00, 0x15, 0xd8, 0x2c, 0x1c, 0x04, 0x00, 0x00, 0x15, 0x37, 0x18
    .byte 0x70, 0x14, 0x5e, 0xf6, 0x21, 0x02, 0x2c, 0x01, 0x00, 0x00, 0x00, 0x15, 0x05, 0x00, 0x2c, 0x01
    .byte 0x00, 0x00, 0x00, 0x2c, 0x6b, 0xf6, 0x21, 0x02, 0x15, 0x29, 0x00, 0x2c, 0x1c, 0x04, 0x00, 0x00
    .byte 0x15, 0x35, 0x2c, 0x04, 0x00, 0x00, 0x00, 0x20, 0x00, 0x00, 0x20, 0x00, 0x00, 0x20, 0x00, 0x00
    .byte 0x20, 0x00, 0x00, 0x15, 0x4f, 0x18, 0x70, 0x32, 0x00, 0x01, 0x00, 0x00, 0x00, 0x14, 0x99, 0xf6
    .byte 0x21, 0x02, 0x2c, 0x0e, 0x00, 0x00, 0x00, 0x15, 0x35, 0x2c, 0x0e, 0x00, 0x00, 0x00, 0x15, 0x37
    .byte 0x18, 0x70, 0x32, 0x00, 0x00, 0x00, 0x00, 0x00, 0x14, 0xe2, 0xf6, 0x21, 0x02, 0x2c, 0x01, 0x00
    .byte 0x00, 0x00, 0x15, 0x10, 0x18, 0x70, 0x17, 0x00, 0x15, 0x11, 0x18, 0x70, 0x05, 0x00, 0x0c, 0x00
    .byte 0x00, 0x00, 0x24, 0x00, 0x14, 0x00, 0x00, 0x00, 0x15, 0x12, 0x18, 0x71, 0x23, 0x10, 0x17, 0x00
    .byte 0x2c, 0x0f, 0x00, 0x00, 0x00, 0x20, 0x00, 0x00, 0x15, 0x4f, 0x18, 0x70, 0x17, 0x00, 0x15, 0x07
    .byte 0x15, 0x08, 0x20, 0x00, 0x00, 0x2c, 0x43, 0xed, 0x21, 0x02, 0x15, 0x39, 0x20, 0x00, 0x00, 0x15
    .byte 0x42, 0x18, 0x70, 0x32, 0x00, 0x00, 0x00, 0x00, 0x00, 0x14, 0x03, 0xf7, 0x21, 0x02, 0x01, 0xec
    .byte 0xf6, 0x21, 0x02, 0x2c, 0x08, 0x00, 0x00, 0x00, 0x2c, 0x66, 0x00, 0x00, 0x00, 0x15, 0xe0, 0x20
    .byte 0x00, 0x00, 0x2c, 0x02, 0x33, 0x00, 0x00, 0x15, 0xe0, 0x2c, 0x2c, 0x10, 0x00, 0x00, 0x2c, 0x2d
    .byte 0x10, 0x00, 0x00, 0x2c, 0x2e, 0x10, 0x00, 0x00, 0x2c, 0x02, 0x00, 0x00, 0x00, 0x20, 0x00, 0x00
    .byte 0x15, 0x73, 0x15, 0x1f, 0x18, 0x70, 0x15, 0x10, 0x18, 0x71, 0x1e, 0x10, 0x14, 0x48, 0xf7, 0x21
    .byte 0x02, 0x2c, 0x01, 0x00, 0x00, 0x00, 0x15, 0x23, 0x15, 0x16, 0x20, 0x00, 0x00, 0x15, 0x23, 0x2c
    .byte 0x93, 0x16, 0x00, 0x00, 0x2c, 0x94, 0x16, 0x00, 0x00, 0x2c, 0x95, 0x16, 0x00, 0x00, 0x2c, 0x02
    .byte 0x00, 0x00, 0x00, 0x2c, 0x01, 0x00, 0x00, 0x00, 0x15, 0x73, 0x20, 0x00, 0x00, 0x2c, 0xb9, 0x09
    .byte 0x22, 0x02, 0x15, 0x39, 0x20, 0x00, 0x00, 0x15, 0x42, 0x18, 0x70, 0x32, 0x00, 0x00, 0x00, 0x00
    .byte 0x00, 0x14, 0x8b, 0xf7, 0x21, 0x02, 0x01, 0x74, 0xf7, 0x21, 0x02, 0x20, 0x00, 0x00, 0x2c, 0x3b
    .byte 0xed, 0x21, 0x02, 0x15, 0x39, 0x20, 0x00, 0x00, 0x15, 0x42, 0x18, 0x70, 0x32, 0x00, 0x00, 0x00
    .byte 0x00, 0x00, 0x14, 0xac, 0xf7, 0x21, 0x02, 0x01, 0x95, 0xf7, 0x21, 0x02, 0x2c, 0x09, 0x00, 0x00
    .byte 0x00, 0x2c, 0x66, 0x00, 0x00, 0x00, 0x15, 0xe0, 0x2c, 0xae, 0x08, 0x00, 0x00, 0x15, 0x41, 0x2c
    .byte 0xf5, 0x1f, 0x00, 0x00, 0x15, 0x41, 0x03, 0x00, 0x05, 0x00, 0x00, 0x00, 0x32, 0x00, 0x01, 0x00
    .byte 0x00, 0x00, 0x14, 0xa0, 0xf9, 0x21, 0x02, 0x2c, 0x01, 0x00, 0x00, 0x00, 0x15, 0xaa, 0x03, 0x00
    .byte 0x01, 0x00, 0x00, 0x00, 0x26, 0x00, 0x66, 0x03, 0x00, 0x00, 0x00, 0x00, 0x00, 0x26, 0x00, 0xd9
    .byte 0x03, 0x00, 0x01, 0x00, 0x00, 0x00, 0x32, 0x00, 0x01, 0x00, 0x00, 0x00, 0x13, 0x12, 0xf8, 0x21
    .byte 0x02, 0x03, 0x00, 0x01, 0x00, 0x00, 0x00, 0x32, 0x00, 0x08, 0x00, 0x00, 0x00, 0x14, 0x20, 0xf8
    .byte 0x21, 0x02, 0x03, 0x00, 0x01, 0x00, 0x00, 0x00, 0x36, 0x00, 0x00, 0x25, 0x29, 0xf8, 0x21, 0x02
    .byte 0x03, 0x00, 0x01, 0x00, 0x00, 0x00, 0x26, 0x00, 0x63, 0x03, 0x00, 0x01, 0x00, 0x00, 0x00, 0x32
    .byte 0x00, 0x01, 0x00, 0x00, 0x00, 0x14, 0x5a, 0xf8, 0x21, 0x02, 0x20, 0x00, 0x00, 0x2c, 0x0f, 0x00
    .byte 0x00, 0x00, 0x15, 0xe0, 0x2c, 0x15, 0x00, 0x00, 0x00, 0x2c, 0x9d, 0x00, 0x00, 0x00, 0x2c, 0x7f
    .byte 0x00, 0x00, 0x00, 0x15, 0x0a, 0x25, 0x7a, 0xf9, 0x21, 0x02, 0x03, 0x00, 0x01, 0x00, 0x00, 0x00
    .byte 0x32, 0x00, 0x08, 0x00, 0x00, 0x00, 0x14, 0x8b, 0xf8, 0x21, 0x02, 0x20, 0x00, 0x00, 0x2c, 0x0f
    .byte 0x00, 0x00, 0x00, 0x15, 0xe0, 0x2c, 0x15, 0x00, 0x00, 0x00, 0x2c, 0x9c, 0x00, 0x00, 0x00, 0x2c
    .byte 0x7f, 0x00, 0x00, 0x00, 0x15, 0x0a, 0x25, 0x7a, 0xf9, 0x21, 0x02, 0x03, 0x00, 0x01, 0x00, 0x00
    .byte 0x00, 0x32, 0x00, 0x03, 0x00, 0x00, 0x00, 0x14, 0xe3, 0xf8, 0x21, 0x02, 0x03, 0x00, 0x00, 0x00
    .byte 0x00, 0x00, 0x32, 0x00, 0x3e, 0x00, 0x00, 0x00, 0x14, 0xcd, 0xf8, 0x21, 0x02, 0x20, 0x00, 0x00
    .byte 0x2c, 0x75, 0x00, 0x00, 0x00, 0x15, 0xe0, 0x2c, 0x15, 0x00, 0x00, 0x00, 0x2c, 0x9d, 0x00, 0x00
    .byte 0x00, 0x2c, 0x7f, 0x00, 0x00, 0x00, 0x15, 0x0a, 0x25, 0xde, 0xf8, 0x21, 0x02, 0x2c, 0x15, 0x00
    .byte 0x00, 0x00, 0x2c, 0x9d, 0x00, 0x00, 0x00, 0x2c, 0x7f, 0x00, 0x00, 0x00, 0x15, 0x0a, 0x25, 0x7a
    .byte 0xf9, 0x21, 0x02, 0x03, 0x00, 0x01, 0x00, 0x00, 0x00, 0x32, 0x00, 0x09, 0x00, 0x00, 0x00, 0x14
    .byte 0x0a, 0xf9, 0x21, 0x02, 0x2c, 0x15, 0x00, 0x00, 0x00, 0x2c, 0x9c, 0x00, 0x00, 0x00, 0x2c, 0x7f
    .byte 0x00, 0x00, 0x00, 0x15, 0x0a, 0x25, 0x7a, 0xf9, 0x21, 0x02, 0x03, 0x00, 0x01, 0x00, 0x00, 0x00
    .byte 0x32, 0x00, 0x04, 0x00, 0x00, 0x00, 0x14, 0x31, 0xf9, 0x21, 0x02, 0x2c, 0x15, 0x00, 0x00, 0x00
    .byte 0x2c, 0x9c, 0x00, 0x00, 0x00, 0x2c, 0x7f, 0x00, 0x00, 0x00, 0x15, 0x0a, 0x25, 0x7a, 0xf9, 0x21
    .byte 0x02, 0x03, 0x00, 0x01, 0x00, 0x00, 0x00, 0x32, 0x00, 0x0a, 0x00, 0x00, 0x00, 0x14, 0x58, 0xf9
    .byte 0x21, 0x02, 0x2c, 0x15, 0x00, 0x00, 0x00, 0x2c, 0x9d, 0x00, 0x00, 0x00, 0x2c, 0x7f, 0x00, 0x00
    .byte 0x00, 0x15, 0x0a, 0x25, 0x7a, 0xf9, 0x21, 0x02, 0x03, 0x00, 0x01, 0x00, 0x00, 0x00, 0x32, 0x00
    .byte 0x0b, 0x00, 0x00, 0x00, 0x14, 0x7a, 0xf9, 0x21, 0x02, 0x2c, 0x15, 0x00, 0x00, 0x00, 0x2c, 0x9c
    .byte 0x00, 0x00, 0x00, 0x2c, 0x7f, 0x00, 0x00, 0x00, 0x15, 0x0a, 0x20, 0x00, 0x00, 0x2c, 0x9f, 0xee
    .byte 0x21, 0x02, 0x15, 0x39, 0x20, 0x00, 0x00, 0x15, 0x42, 0x18, 0x70, 0x32, 0x00, 0x00, 0x00, 0x00
    .byte 0x00, 0x14, 0x9b, 0xf9, 0x21, 0x02, 0x01, 0x84, 0xf9, 0x21, 0x02, 0x25, 0x66, 0x09, 0x22, 0x02
    .byte 0x03, 0x00, 0x05, 0x00, 0x00, 0x00, 0x32, 0x00, 0x08, 0x00, 0x00, 0x00, 0x14, 0x7a, 0xfb, 0x21
    .byte 0x02, 0x2c, 0x01, 0x00, 0x00, 0x00, 0x15, 0xaa, 0x03, 0x00, 0x08, 0x00, 0x00, 0x00, 0x26, 0x00
    .byte 0x66, 0x03, 0x00, 0x00, 0x00, 0x00, 0x00, 0x26, 0x00, 0xd9, 0x03, 0x00, 0x08, 0x00, 0x00, 0x00
    .byte 0x32, 0x00, 0x01, 0x00, 0x00, 0x00, 0x13, 0xec, 0xf9, 0x21, 0x02, 0x03, 0x00, 0x08, 0x00, 0x00
    .byte 0x00, 0x32, 0x00, 0x08, 0x00, 0x00, 0x00, 0x14, 0xfa, 0xf9, 0x21, 0x02, 0x03, 0x00, 0x01, 0x00
    .byte 0x00, 0x00, 0x36, 0x00, 0x00, 0x25, 0x03, 0xfa, 0x21, 0x02, 0x03, 0x00, 0x01, 0x00, 0x00, 0x00
    .byte 0x26, 0x00, 0x63, 0x03, 0x00, 0x08, 0x00, 0x00, 0x00, 0x32, 0x00, 0x01, 0x00, 0x00, 0x00, 0x14
    .byte 0x34, 0xfa, 0x21, 0x02, 0x20, 0x00, 0x00, 0x2c, 0x0f, 0x00, 0x00, 0x00, 0x15, 0xe0, 0x2c, 0x15
    .byte 0x00, 0x00, 0x00, 0x2c, 0x9d, 0x00, 0x00, 0x00, 0x2c, 0x7f, 0x00, 0x00, 0x00, 0x15, 0x0a, 0x25
    .byte 0x54, 0xfb, 0x21, 0x02, 0x03, 0x00, 0x08, 0x00, 0x00, 0x00, 0x32, 0x00, 0x08, 0x00, 0x00, 0x00
    .byte 0x14, 0x65, 0xfa, 0x21, 0x02, 0x20, 0x00, 0x00, 0x2c, 0x0f, 0x00, 0x00, 0x00, 0x15, 0xe0, 0x2c
    .byte 0x15, 0x00, 0x00, 0x00, 0x2c, 0x9c, 0x00, 0x00, 0x00, 0x2c, 0x7f, 0x00, 0x00, 0x00, 0x15, 0x0a
    .byte 0x25, 0x54, 0xfb, 0x21, 0x02, 0x03, 0x00, 0x08, 0x00, 0x00, 0x00, 0x32, 0x00, 0x03, 0x00, 0x00
    .byte 0x00, 0x14, 0xbd, 0xfa, 0x21, 0x02, 0x03, 0x00, 0x00, 0x00, 0x00, 0x00, 0x32, 0x00, 0x3e, 0x00
    .byte 0x00, 0x00, 0x14, 0xa7, 0xfa, 0x21, 0x02, 0x20, 0x00, 0x00, 0x2c, 0x75, 0x00, 0x00, 0x00, 0x15
    .byte 0xe0, 0x2c, 0x15, 0x00, 0x00, 0x00, 0x2c, 0x9d, 0x00, 0x00, 0x00, 0x2c, 0x7f, 0x00, 0x00, 0x00
    .byte 0x15, 0x0a, 0x25, 0xb8, 0xfa, 0x21, 0x02, 0x2c, 0x15, 0x00, 0x00, 0x00, 0x2c, 0x9d, 0x00, 0x00
    .byte 0x00, 0x2c, 0x7f, 0x00, 0x00, 0x00, 0x15, 0x0a, 0x25, 0x54, 0xfb, 0x21, 0x02, 0x03, 0x00, 0x08
    .byte 0x00, 0x00, 0x00, 0x32, 0x00, 0x09, 0x00, 0x00, 0x00, 0x14, 0xe4, 0xfa, 0x21, 0x02, 0x2c, 0x15
    .byte 0x00, 0x00, 0x00, 0x2c, 0x9c, 0x00, 0x00, 0x00, 0x2c, 0x7f, 0x00, 0x00, 0x00, 0x15, 0x0a, 0x25
    .byte 0x54, 0xfb, 0x21, 0x02, 0x03, 0x00, 0x08, 0x00, 0x00, 0x00, 0x32, 0x00, 0x04, 0x00, 0x00, 0x00
    .byte 0x14, 0x0b, 0xfb, 0x21, 0x02, 0x2c, 0x15, 0x00, 0x00, 0x00, 0x2c, 0x9c, 0x00, 0x00, 0x00, 0x2c
    .byte 0x7f, 0x00, 0x00, 0x00, 0x15, 0x0a, 0x25, 0x54, 0xfb, 0x21, 0x02, 0x03, 0x00, 0x08, 0x00, 0x00
    .byte 0x00, 0x32, 0x00, 0x0a, 0x00, 0x00, 0x00, 0x14, 0x32, 0xfb, 0x21, 0x02, 0x2c, 0x15, 0x00, 0x00
    .byte 0x00, 0x2c, 0x9d, 0x00, 0x00, 0x00, 0x2c, 0x7f, 0x00, 0x00, 0x00, 0x15, 0x0a, 0x25, 0x54, 0xfb
    .byte 0x21, 0x02, 0x03, 0x00, 0x08, 0x00, 0x00, 0x00, 0x32, 0x00, 0x0b, 0x00, 0x00, 0x00, 0x14, 0x54
    .byte 0xfb, 0x21, 0x02, 0x2c, 0x15, 0x00, 0x00, 0x00, 0x2c, 0x9c, 0x00, 0x00, 0x00, 0x2c, 0x7f, 0x00
    .byte 0x00, 0x00, 0x15, 0x0a, 0x20, 0x00, 0x00, 0x2c, 0x9f, 0xee, 0x21, 0x02, 0x15, 0x39, 0x20, 0x00
    .byte 0x00, 0x15, 0x42, 0x18, 0x70, 0x32, 0x00, 0x00, 0x00, 0x00, 0x00, 0x14, 0x75, 0xfb, 0x21, 0x02
    .byte 0x01, 0x5e, 0xfb, 0x21, 0x02, 0x25, 0x66, 0x09, 0x22, 0x02, 0x03, 0x00, 0x05, 0x00, 0x00, 0x00
    .byte 0x32, 0x00, 0x03, 0x00, 0x00, 0x00, 0x14, 0x2f, 0x05, 0x22, 0x02, 0x03, 0x00, 0x02, 0x00, 0x00
    .byte 0x00, 0x32, 0x00, 0x3e, 0x00, 0x00, 0x00, 0x14, 0x61, 0x03, 0x22, 0x02, 0x2c, 0x01, 0x00, 0x00
    .byte 0x00, 0x15, 0xe1, 0x03, 0x00, 0x03, 0x00, 0x00, 0x00, 0x26, 0x00, 0x66, 0x03, 0x00, 0x3e, 0x00
    .byte 0x00, 0x00, 0x26, 0x00, 0xd9, 0x03, 0x00, 0x03, 0x00, 0x00, 0x00, 0x32, 0x00, 0x01, 0x00, 0x00
    .byte 0x00, 0x13, 0xd7, 0xfb, 0x21, 0x02, 0x03, 0x00, 0x03, 0x00, 0x00, 0x00, 0x32, 0x00, 0x08, 0x00
    .byte 0x00, 0x00, 0x14, 0xe5, 0xfb, 0x21, 0x02, 0x03, 0x00, 0x01, 0x00, 0x00, 0x00, 0x36, 0x00, 0x00
    .byte 0x25, 0xee, 0xfb, 0x21, 0x02, 0x03, 0x00, 0x01, 0x00, 0x00, 0x00, 0x26, 0x00, 0x63, 0x03, 0x00
    .byte 0x03, 0x00, 0x00, 0x00, 0x32, 0x00, 0x01, 0x00, 0x00, 0x00, 0x14, 0x1f, 0xfc, 0x21, 0x02, 0x20
    .byte 0x00, 0x00, 0x2c, 0x0f, 0x00, 0x00, 0x00, 0x15, 0xe0, 0x2c, 0x15, 0x00, 0x00, 0x00, 0x2c, 0x9d
    .byte 0x00, 0x00, 0x00, 0x2c, 0x7f, 0x00, 0x00, 0x00, 0x15, 0x0a, 0x25, 0x3f, 0xfd, 0x21, 0x02, 0x03
    .byte 0x00, 0x03, 0x00, 0x00, 0x00, 0x32, 0x00, 0x08, 0x00, 0x00, 0x00, 0x14, 0x50, 0xfc, 0x21, 0x02
    .byte 0x20, 0x00, 0x00, 0x2c, 0x0f, 0x00, 0x00, 0x00, 0x15, 0xe0, 0x2c, 0x15, 0x00, 0x00, 0x00, 0x2c
    .byte 0x9c, 0x00, 0x00, 0x00, 0x2c, 0x7f, 0x00, 0x00, 0x00, 0x15, 0x0a, 0x25, 0x3f, 0xfd, 0x21, 0x02
    .byte 0x03, 0x00, 0x03, 0x00, 0x00, 0x00, 0x32, 0x00, 0x03, 0x00, 0x00, 0x00, 0x14, 0xa8, 0xfc, 0x21
    .byte 0x02, 0x03, 0x00, 0x3e, 0x00, 0x00, 0x00, 0x32, 0x00, 0x3e, 0x00, 0x00, 0x00, 0x14, 0x92, 0xfc
    .byte 0x21, 0x02, 0x20, 0x00, 0x00, 0x2c, 0x75, 0x00, 0x00, 0x00, 0x15, 0xe0, 0x2c, 0x15, 0x00, 0x00
    .byte 0x00, 0x2c, 0x9d, 0x00, 0x00, 0x00, 0x2c, 0x7f, 0x00, 0x00, 0x00, 0x15, 0x0a, 0x25, 0xa3, 0xfc
    .byte 0x21, 0x02, 0x2c, 0x15, 0x00, 0x00, 0x00, 0x2c, 0x9d, 0x00, 0x00, 0x00, 0x2c, 0x7f, 0x00, 0x00
    .byte 0x00, 0x15, 0x0a, 0x25, 0x3f, 0xfd, 0x21, 0x02, 0x03, 0x00, 0x03, 0x00, 0x00, 0x00, 0x32, 0x00
    .byte 0x09, 0x00, 0x00, 0x00, 0x14, 0xcf, 0xfc, 0x21, 0x02, 0x2c, 0x15, 0x00, 0x00, 0x00, 0x2c, 0x9c
    .byte 0x00, 0x00, 0x00, 0x2c, 0x7f, 0x00, 0x00, 0x00, 0x15, 0x0a, 0x25, 0x3f, 0xfd, 0x21, 0x02, 0x03
    .byte 0x00, 0x03, 0x00, 0x00, 0x00, 0x32, 0x00, 0x04, 0x00, 0x00, 0x00, 0x14, 0xf6, 0xfc, 0x21, 0x02
    .byte 0x2c, 0x15, 0x00, 0x00, 0x00, 0x2c, 0x9c, 0x00, 0x00, 0x00, 0x2c, 0x7f, 0x00, 0x00, 0x00, 0x15
    .byte 0x0a, 0x25, 0x3f, 0xfd, 0x21, 0x02, 0x03, 0x00, 0x03, 0x00, 0x00, 0x00, 0x32, 0x00, 0x0a, 0x00
    .byte 0x00, 0x00, 0x14, 0x1d, 0xfd, 0x21, 0x02, 0x2c, 0x15, 0x00, 0x00, 0x00, 0x2c, 0x9d, 0x00, 0x00
    .byte 0x00, 0x2c, 0x7f, 0x00, 0x00, 0x00, 0x15, 0x0a, 0x25, 0x3f, 0xfd, 0x21, 0x02, 0x03, 0x00, 0x03
    .byte 0x00, 0x00, 0x00, 0x32, 0x00, 0x0b, 0x00, 0x00, 0x00, 0x14, 0x3f, 0xfd, 0x21, 0x02, 0x2c, 0x15
    .byte 0x00, 0x00, 0x00, 0x2c, 0x9c, 0x00, 0x00, 0x00, 0x2c, 0x7f, 0x00, 0x00, 0x00, 0x15, 0x0a, 0x20
    .byte 0x00, 0x00, 0x2c, 0x9f, 0xee, 0x21, 0x02, 0x15, 0x39, 0x20, 0x00, 0x00, 0x15, 0x42, 0x18, 0x70
    .byte 0x32, 0x00, 0x00, 0x00, 0x00, 0x00, 0x14, 0x60, 0xfd, 0x21, 0x02, 0x01, 0x49, 0xfd, 0x21, 0x02
    .byte 0x15, 0x63, 0x18, 0x70, 0x32, 0x00, 0x0c, 0x00, 0x00, 0x00, 0x14, 0x5e, 0xff, 0x21, 0x02, 0x20
    .byte 0x00, 0x00, 0x2c, 0xb0, 0xec, 0x21, 0x02, 0x15, 0x39, 0x20, 0x00, 0x00, 0x15, 0x42, 0x18, 0x70
    .byte 0x32, 0x00, 0x00, 0x00, 0x00, 0x00, 0x14, 0x90, 0xfd, 0x21, 0x02, 0x01, 0x79, 0xfd, 0x21, 0x02
    .byte 0x03, 0x00, 0x09, 0x00, 0x00, 0x00, 0x26, 0x00, 0x66, 0x03, 0x00, 0x61, 0x01, 0x00, 0x00, 0x26
    .byte 0x00, 0xd9, 0x03, 0x00, 0x09, 0x00, 0x00, 0x00, 0x32, 0x00, 0x01, 0x00, 0x00, 0x00, 0x13, 0xc4
    .byte 0xfd, 0x21, 0x02, 0x03, 0x00, 0x09, 0x00, 0x00, 0x00, 0x32, 0x00, 0x08, 0x00, 0x00, 0x00, 0x14
    .byte 0xd2, 0xfd, 0x21, 0x02, 0x03, 0x00, 0x01, 0x00, 0x00, 0x00, 0x36, 0x00, 0x00, 0x25, 0xdb, 0xfd
    .byte 0x21, 0x02, 0x03, 0x00, 0x01, 0x00, 0x00, 0x00, 0x26, 0x00, 0x63, 0x03, 0x00, 0x09, 0x00, 0x00
    .byte 0x00, 0x32, 0x00, 0x01, 0x00, 0x00, 0x00, 0x14, 0x0c, 0xfe, 0x21, 0x02, 0x20, 0x00, 0x00, 0x2c
    .byte 0x0f, 0x00, 0x00, 0x00, 0x15, 0xe0, 0x2c, 0x15, 0x00, 0x00, 0x00, 0x2c, 0x9d, 0x00, 0x00, 0x00
    .byte 0x2c, 0x7f, 0x00, 0x00, 0x00, 0x15, 0x0a, 0x25, 0x2c, 0xff, 0x21, 0x02, 0x03, 0x00, 0x09, 0x00
    .byte 0x00, 0x00, 0x32, 0x00, 0x08, 0x00, 0x00, 0x00, 0x14, 0x3d, 0xfe, 0x21, 0x02, 0x20, 0x00, 0x00
    .byte 0x2c, 0x0f, 0x00, 0x00, 0x00, 0x15, 0xe0, 0x2c, 0x15, 0x00, 0x00, 0x00, 0x2c, 0x9c, 0x00, 0x00
    .byte 0x00, 0x2c, 0x7f, 0x00, 0x00, 0x00, 0x15, 0x0a, 0x25, 0x2c, 0xff, 0x21, 0x02, 0x03, 0x00, 0x09
    .byte 0x00, 0x00, 0x00, 0x32, 0x00, 0x03, 0x00, 0x00, 0x00, 0x14, 0x95, 0xfe, 0x21, 0x02, 0x03, 0x00
    .byte 0x61, 0x01, 0x00, 0x00, 0x32, 0x00, 0x3e, 0x00, 0x00, 0x00, 0x14, 0x7f, 0xfe, 0x21, 0x02, 0x20
    .byte 0x00, 0x00, 0x2c, 0x75, 0x00, 0x00, 0x00, 0x15, 0xe0, 0x2c, 0x15, 0x00, 0x00, 0x00, 0x2c, 0x9d
    .byte 0x00, 0x00, 0x00, 0x2c, 0x7f, 0x00, 0x00, 0x00, 0x15, 0x0a, 0x25, 0x90, 0xfe, 0x21, 0x02, 0x2c
    .byte 0x15, 0x00, 0x00, 0x00, 0x2c, 0x9d, 0x00, 0x00, 0x00, 0x2c, 0x7f, 0x00, 0x00, 0x00, 0x15, 0x0a
    .byte 0x25, 0x2c, 0xff, 0x21, 0x02, 0x03, 0x00, 0x09, 0x00, 0x00, 0x00, 0x32, 0x00, 0x09, 0x00, 0x00
    .byte 0x00, 0x14, 0xbc, 0xfe, 0x21, 0x02, 0x2c, 0x15, 0x00, 0x00, 0x00, 0x2c, 0x9c, 0x00, 0x00, 0x00
    .byte 0x2c, 0x7f, 0x00, 0x00, 0x00, 0x15, 0x0a, 0x25, 0x2c, 0xff, 0x21, 0x02, 0x03, 0x00, 0x09, 0x00
    .byte 0x00, 0x00, 0x32, 0x00, 0x04, 0x00, 0x00, 0x00, 0x14, 0xe3, 0xfe, 0x21, 0x02, 0x2c, 0x15, 0x00
    .byte 0x00, 0x00, 0x2c, 0x9c, 0x00, 0x00, 0x00, 0x2c, 0x7f, 0x00, 0x00, 0x00, 0x15, 0x0a, 0x25, 0x2c
    .byte 0xff, 0x21, 0x02, 0x03, 0x00, 0x09, 0x00, 0x00, 0x00, 0x32, 0x00, 0x0a, 0x00, 0x00, 0x00, 0x14
    .byte 0x0a, 0xff, 0x21, 0x02, 0x2c, 0x15, 0x00, 0x00, 0x00, 0x2c, 0x9d, 0x00, 0x00, 0x00, 0x2c, 0x7f
    .byte 0x00, 0x00, 0x00, 0x15, 0x0a, 0x25, 0x2c, 0xff, 0x21, 0x02, 0x03, 0x00, 0x09, 0x00, 0x00, 0x00
    .byte 0x32, 0x00, 0x0b, 0x00, 0x00, 0x00, 0x14, 0x2c, 0xff, 0x21, 0x02, 0x2c, 0x15, 0x00, 0x00, 0x00
    .byte 0x2c, 0x9c, 0x00, 0x00, 0x00, 0x2c, 0x7f, 0x00, 0x00, 0x00, 0x15, 0x0a, 0x20, 0x00, 0x00, 0x2c
    .byte 0x9f, 0xee, 0x21, 0x02, 0x15, 0x39, 0x20, 0x00, 0x00, 0x15, 0x42, 0x18, 0x70, 0x32, 0x00, 0x00
    .byte 0x00, 0x00, 0x00, 0x14, 0x4d, 0xff, 0x21, 0x02, 0x01, 0x36, 0xff, 0x21, 0x02, 0x2c, 0x61, 0x01
    .byte 0x00, 0x00, 0x2c, 0x01, 0x00, 0x00, 0x00, 0x15, 0x76, 0x25, 0x55, 0x03, 0x22, 0x02, 0x15, 0x63
    .byte 0x18, 0x70, 0x32, 0x00, 0x13, 0x00, 0x00, 0x00, 0x14, 0x5c, 0x01, 0x22, 0x02, 0x20, 0x00, 0x00
    .byte 0x2c, 0xb0, 0xec, 0x21, 0x02, 0x15, 0x39, 0x20, 0x00, 0x00, 0x15, 0x42, 0x18, 0x70, 0x32, 0x00
    .byte 0x00, 0x00, 0x00, 0x00, 0x14, 0x8e, 0xff, 0x21, 0x02, 0x01, 0x77, 0xff, 0x21, 0x02, 0x03, 0x00
    .byte 0x09, 0x00, 0x00, 0x00, 0x26, 0x00, 0x66, 0x03, 0x00, 0x62, 0x01, 0x00, 0x00, 0x26, 0x00, 0xd9
    .byte 0x03, 0x00, 0x09, 0x00, 0x00, 0x00, 0x32, 0x00, 0x01, 0x00, 0x00, 0x00, 0x13, 0xc2, 0xff, 0x21
    .byte 0x02, 0x03, 0x00, 0x09, 0x00, 0x00, 0x00, 0x32, 0x00, 0x08, 0x00, 0x00, 0x00, 0x14, 0xd0, 0xff
    .byte 0x21, 0x02, 0x03, 0x00, 0x01, 0x00, 0x00, 0x00, 0x36, 0x00, 0x00, 0x25, 0xd9, 0xff, 0x21, 0x02
    .byte 0x03, 0x00, 0x01, 0x00, 0x00, 0x00, 0x26, 0x00, 0x63, 0x03, 0x00, 0x09, 0x00, 0x00, 0x00, 0x32
    .byte 0x00, 0x01, 0x00, 0x00, 0x00, 0x14, 0x0a, 0x00, 0x22, 0x02, 0x20, 0x00, 0x00, 0x2c, 0x0f, 0x00
    .byte 0x00, 0x00, 0x15, 0xe0, 0x2c, 0x15, 0x00, 0x00, 0x00, 0x2c, 0x9d, 0x00, 0x00, 0x00, 0x2c, 0x7f
    .byte 0x00, 0x00, 0x00, 0x15, 0x0a, 0x25, 0x2a, 0x01, 0x22, 0x02, 0x03, 0x00, 0x09, 0x00, 0x00, 0x00
    .byte 0x32, 0x00, 0x08, 0x00, 0x00, 0x00, 0x14, 0x3b, 0x00, 0x22, 0x02, 0x20, 0x00, 0x00, 0x2c, 0x0f
    .byte 0x00, 0x00, 0x00, 0x15, 0xe0, 0x2c, 0x15, 0x00, 0x00, 0x00, 0x2c, 0x9c, 0x00, 0x00, 0x00, 0x2c
    .byte 0x7f, 0x00, 0x00, 0x00, 0x15, 0x0a, 0x25, 0x2a, 0x01, 0x22, 0x02, 0x03, 0x00, 0x09, 0x00, 0x00
    .byte 0x00, 0x32, 0x00, 0x03, 0x00, 0x00, 0x00, 0x14, 0x93, 0x00, 0x22, 0x02, 0x03, 0x00, 0x62, 0x01
    .byte 0x00, 0x00, 0x32, 0x00, 0x3e, 0x00, 0x00, 0x00, 0x14, 0x7d, 0x00, 0x22, 0x02, 0x20, 0x00, 0x00
    .byte 0x2c, 0x75, 0x00, 0x00, 0x00, 0x15, 0xe0, 0x2c, 0x15, 0x00, 0x00, 0x00, 0x2c, 0x9d, 0x00, 0x00
    .byte 0x00, 0x2c, 0x7f, 0x00, 0x00, 0x00, 0x15, 0x0a, 0x25, 0x8e, 0x00, 0x22, 0x02, 0x2c, 0x15, 0x00
    .byte 0x00, 0x00, 0x2c, 0x9d, 0x00, 0x00, 0x00, 0x2c, 0x7f, 0x00, 0x00, 0x00, 0x15, 0x0a, 0x25, 0x2a
    .byte 0x01, 0x22, 0x02, 0x03, 0x00, 0x09, 0x00, 0x00, 0x00, 0x32, 0x00, 0x09, 0x00, 0x00, 0x00, 0x14
    .byte 0xba, 0x00, 0x22, 0x02, 0x2c, 0x15, 0x00, 0x00, 0x00, 0x2c, 0x9c, 0x00, 0x00, 0x00, 0x2c, 0x7f
    .byte 0x00, 0x00, 0x00, 0x15, 0x0a, 0x25, 0x2a, 0x01, 0x22, 0x02, 0x03, 0x00, 0x09, 0x00, 0x00, 0x00
    .byte 0x32, 0x00, 0x04, 0x00, 0x00, 0x00, 0x14, 0xe1, 0x00, 0x22, 0x02, 0x2c, 0x15, 0x00, 0x00, 0x00
    .byte 0x2c, 0x9c, 0x00, 0x00, 0x00, 0x2c, 0x7f, 0x00, 0x00, 0x00, 0x15, 0x0a, 0x25, 0x2a, 0x01, 0x22
    .byte 0x02, 0x03, 0x00, 0x09, 0x00, 0x00, 0x00, 0x32, 0x00, 0x0a, 0x00, 0x00, 0x00, 0x14, 0x08, 0x01
    .byte 0x22, 0x02, 0x2c, 0x15, 0x00, 0x00, 0x00, 0x2c, 0x9d, 0x00, 0x00, 0x00, 0x2c, 0x7f, 0x00, 0x00
    .byte 0x00, 0x15, 0x0a, 0x25, 0x2a, 0x01, 0x22, 0x02, 0x03, 0x00, 0x09, 0x00, 0x00, 0x00, 0x32, 0x00
    .byte 0x0b, 0x00, 0x00, 0x00, 0x14, 0x2a, 0x01, 0x22, 0x02, 0x2c, 0x15, 0x00, 0x00, 0x00, 0x2c, 0x9c
    .byte 0x00, 0x00, 0x00, 0x2c, 0x7f, 0x00, 0x00, 0x00, 0x15, 0x0a, 0x20, 0x00, 0x00, 0x2c, 0x9f, 0xee
    .byte 0x21, 0x02, 0x15, 0x39, 0x20, 0x00, 0x00, 0x15, 0x42, 0x18, 0x70, 0x32, 0x00, 0x00, 0x00, 0x00
    .byte 0x00, 0x14, 0x4b, 0x01, 0x22, 0x02, 0x01, 0x34, 0x01, 0x22, 0x02, 0x2c, 0x62, 0x01, 0x00, 0x00
    .byte 0x2c, 0x01, 0x00, 0x00, 0x00, 0x15, 0x76, 0x25, 0x55, 0x03, 0x22, 0x02, 0x15, 0x63, 0x18, 0x70
    .byte 0x32, 0x00, 0x17, 0x00, 0x00, 0x00, 0x14, 0x55, 0x03, 0x22, 0x02, 0x20, 0x00, 0x00, 0x2c, 0xb0
    .byte 0xec, 0x21, 0x02, 0x15, 0x39, 0x20, 0x00, 0x00, 0x15, 0x42, 0x18, 0x70, 0x32, 0x00, 0x00, 0x00
    .byte 0x00, 0x00, 0x14, 0x8c, 0x01, 0x22, 0x02, 0x01, 0x75, 0x01, 0x22, 0x02, 0x03, 0x00, 0x09, 0x00
    .byte 0x00, 0x00, 0x26, 0x00, 0x66, 0x03, 0x00, 0x63, 0x01, 0x00, 0x00, 0x26, 0x00, 0xd9, 0x03, 0x00
    .byte 0x09, 0x00, 0x00, 0x00, 0x32, 0x00, 0x01, 0x00, 0x00, 0x00, 0x13, 0xc0, 0x01, 0x22, 0x02, 0x03
    .byte 0x00, 0x09, 0x00, 0x00, 0x00, 0x32, 0x00, 0x08, 0x00, 0x00, 0x00, 0x14, 0xce, 0x01, 0x22, 0x02
    .byte 0x03, 0x00, 0x01, 0x00, 0x00, 0x00, 0x36, 0x00, 0x00, 0x25, 0xd7, 0x01, 0x22, 0x02, 0x03, 0x00
    .byte 0x01, 0x00, 0x00, 0x00, 0x26, 0x00, 0x63, 0x03, 0x00, 0x09, 0x00, 0x00, 0x00, 0x32, 0x00, 0x01
    .byte 0x00, 0x00, 0x00, 0x14, 0x08, 0x02, 0x22, 0x02, 0x20, 0x00, 0x00, 0x2c, 0x0f, 0x00, 0x00, 0x00
    .byte 0x15, 0xe0, 0x2c, 0x15, 0x00, 0x00, 0x00, 0x2c, 0x9d, 0x00, 0x00, 0x00, 0x2c, 0x7f, 0x00, 0x00
    .byte 0x00, 0x15, 0x0a, 0x25, 0x28, 0x03, 0x22, 0x02, 0x03, 0x00, 0x09, 0x00, 0x00, 0x00, 0x32, 0x00
    .byte 0x08, 0x00, 0x00, 0x00, 0x14, 0x39, 0x02, 0x22, 0x02, 0x20, 0x00, 0x00, 0x2c, 0x0f, 0x00, 0x00
    .byte 0x00, 0x15, 0xe0, 0x2c, 0x15, 0x00, 0x00, 0x00, 0x2c, 0x9c, 0x00, 0x00, 0x00, 0x2c, 0x7f, 0x00
    .byte 0x00, 0x00, 0x15, 0x0a, 0x25, 0x28, 0x03, 0x22, 0x02, 0x03, 0x00, 0x09, 0x00, 0x00, 0x00, 0x32
    .byte 0x00, 0x03, 0x00, 0x00, 0x00, 0x14, 0x91, 0x02, 0x22, 0x02, 0x03, 0x00, 0x63, 0x01, 0x00, 0x00
    .byte 0x32, 0x00, 0x3e, 0x00, 0x00, 0x00, 0x14, 0x7b, 0x02, 0x22, 0x02, 0x20, 0x00, 0x00, 0x2c, 0x75
    .byte 0x00, 0x00, 0x00, 0x15, 0xe0, 0x2c, 0x15, 0x00, 0x00, 0x00, 0x2c, 0x9d, 0x00, 0x00, 0x00, 0x2c
    .byte 0x7f, 0x00, 0x00, 0x00, 0x15, 0x0a, 0x25, 0x8c, 0x02, 0x22, 0x02, 0x2c, 0x15, 0x00, 0x00, 0x00
    .byte 0x2c, 0x9d, 0x00, 0x00, 0x00, 0x2c, 0x7f, 0x00, 0x00, 0x00, 0x15, 0x0a, 0x25, 0x28, 0x03, 0x22
    .byte 0x02, 0x03, 0x00, 0x09, 0x00, 0x00, 0x00, 0x32, 0x00, 0x09, 0x00, 0x00, 0x00, 0x14, 0xb8, 0x02
    .byte 0x22, 0x02, 0x2c, 0x15, 0x00, 0x00, 0x00, 0x2c, 0x9c, 0x00, 0x00, 0x00, 0x2c, 0x7f, 0x00, 0x00
    .byte 0x00, 0x15, 0x0a, 0x25, 0x28, 0x03, 0x22, 0x02, 0x03, 0x00, 0x09, 0x00, 0x00, 0x00, 0x32, 0x00
    .byte 0x04, 0x00, 0x00, 0x00, 0x14, 0xdf, 0x02, 0x22, 0x02, 0x2c, 0x15, 0x00, 0x00, 0x00, 0x2c, 0x9c
    .byte 0x00, 0x00, 0x00, 0x2c, 0x7f, 0x00, 0x00, 0x00, 0x15, 0x0a, 0x25, 0x28, 0x03, 0x22, 0x02, 0x03
    .byte 0x00, 0x09, 0x00, 0x00, 0x00, 0x32, 0x00, 0x0a, 0x00, 0x00, 0x00, 0x14, 0x06, 0x03, 0x22, 0x02
    .byte 0x2c, 0x15, 0x00, 0x00, 0x00, 0x2c, 0x9d, 0x00, 0x00, 0x00, 0x2c, 0x7f, 0x00, 0x00, 0x00, 0x15
    .byte 0x0a, 0x25, 0x28, 0x03, 0x22, 0x02, 0x03, 0x00, 0x09, 0x00, 0x00, 0x00, 0x32, 0x00, 0x0b, 0x00
    .byte 0x00, 0x00, 0x14, 0x28, 0x03, 0x22, 0x02, 0x2c, 0x15, 0x00, 0x00, 0x00, 0x2c, 0x9c, 0x00, 0x00
    .byte 0x00, 0x2c, 0x7f, 0x00, 0x00, 0x00, 0x15, 0x0a, 0x20, 0x00, 0x00, 0x2c, 0x9f, 0xee, 0x21, 0x02
    .byte 0x15, 0x39, 0x20, 0x00, 0x00, 0x15, 0x42, 0x18, 0x70, 0x32, 0x00, 0x00, 0x00, 0x00, 0x00, 0x14
    .byte 0x49, 0x03, 0x22, 0x02, 0x01, 0x32, 0x03, 0x22, 0x02, 0x2c, 0x63, 0x01, 0x00, 0x00, 0x2c, 0x01
    .byte 0x00, 0x00, 0x00, 0x15, 0x76, 0x20, 0x00, 0x00, 0x15, 0x07, 0x15, 0x08, 0x25, 0x2a, 0x05, 0x22
    .byte 0x02, 0x2c, 0x02, 0x00, 0x00, 0x00, 0x2c, 0x01, 0x00, 0x00, 0x00, 0x15, 0x76, 0x03, 0x00, 0x05
    .byte 0x00, 0x00, 0x00, 0x26, 0x00, 0x66, 0x03, 0x00, 0x02, 0x00, 0x00, 0x00, 0x26, 0x00, 0xd9, 0x03
    .byte 0x00, 0x05, 0x00, 0x00, 0x00, 0x32, 0x00, 0x01, 0x00, 0x00, 0x00, 0x13, 0xa1, 0x03, 0x22, 0x02
    .byte 0x03, 0x00, 0x05, 0x00, 0x00, 0x00, 0x32, 0x00, 0x08, 0x00, 0x00, 0x00, 0x14, 0xaf, 0x03, 0x22
    .byte 0x02, 0x03, 0x00, 0x01, 0x00, 0x00, 0x00, 0x36, 0x00, 0x00, 0x25, 0xb8, 0x03, 0x22, 0x02, 0x03
    .byte 0x00, 0x01, 0x00, 0x00, 0x00, 0x26, 0x00, 0x63, 0x03, 0x00, 0x05, 0x00, 0x00, 0x00, 0x32, 0x00
    .byte 0x01, 0x00, 0x00, 0x00, 0x14, 0xe9, 0x03, 0x22, 0x02, 0x20, 0x00, 0x00, 0x2c, 0x0f, 0x00, 0x00
    .byte 0x00, 0x15, 0xe0, 0x2c, 0x15, 0x00, 0x00, 0x00, 0x2c, 0x9d, 0x00, 0x00, 0x00, 0x2c, 0x7f, 0x00
    .byte 0x00, 0x00, 0x15, 0x0a, 0x25, 0x09, 0x05, 0x22, 0x02, 0x03, 0x00, 0x05, 0x00, 0x00, 0x00, 0x32
    .byte 0x00, 0x08, 0x00, 0x00, 0x00, 0x14, 0x1a, 0x04, 0x22, 0x02, 0x20, 0x00, 0x00, 0x2c, 0x0f, 0x00
    .byte 0x00, 0x00, 0x15, 0xe0, 0x2c, 0x15, 0x00, 0x00, 0x00, 0x2c, 0x9c, 0x00, 0x00, 0x00, 0x2c, 0x7f
    .byte 0x00, 0x00, 0x00, 0x15, 0x0a, 0x25, 0x09, 0x05, 0x22, 0x02, 0x03, 0x00, 0x05, 0x00, 0x00, 0x00
    .byte 0x32, 0x00, 0x03, 0x00, 0x00, 0x00, 0x14, 0x72, 0x04, 0x22, 0x02, 0x03, 0x00, 0x02, 0x00, 0x00
    .byte 0x00, 0x32, 0x00, 0x3e, 0x00, 0x00, 0x00, 0x14, 0x5c, 0x04, 0x22, 0x02, 0x20, 0x00, 0x00, 0x2c
    .byte 0x75, 0x00, 0x00, 0x00, 0x15, 0xe0, 0x2c, 0x15, 0x00, 0x00, 0x00, 0x2c, 0x9d, 0x00, 0x00, 0x00
    .byte 0x2c, 0x7f, 0x00, 0x00, 0x00, 0x15, 0x0a, 0x25, 0x6d, 0x04, 0x22, 0x02, 0x2c, 0x15, 0x00, 0x00
    .byte 0x00, 0x2c, 0x9d, 0x00, 0x00, 0x00, 0x2c, 0x7f, 0x00, 0x00, 0x00, 0x15, 0x0a, 0x25, 0x09, 0x05
    .byte 0x22, 0x02, 0x03, 0x00, 0x05, 0x00, 0x00, 0x00, 0x32, 0x00, 0x09, 0x00, 0x00, 0x00, 0x14, 0x99
    .byte 0x04, 0x22, 0x02, 0x2c, 0x15, 0x00, 0x00, 0x00, 0x2c, 0x9c, 0x00, 0x00, 0x00, 0x2c, 0x7f, 0x00
    .byte 0x00, 0x00, 0x15, 0x0a, 0x25, 0x09, 0x05, 0x22, 0x02, 0x03, 0x00, 0x05, 0x00, 0x00, 0x00, 0x32
    .byte 0x00, 0x04, 0x00, 0x00, 0x00, 0x14, 0xc0, 0x04, 0x22, 0x02, 0x2c, 0x15, 0x00, 0x00, 0x00, 0x2c
    .byte 0x9c, 0x00, 0x00, 0x00, 0x2c, 0x7f, 0x00, 0x00, 0x00, 0x15, 0x0a, 0x25, 0x09, 0x05, 0x22, 0x02
    .byte 0x03, 0x00, 0x05, 0x00, 0x00, 0x00, 0x32, 0x00, 0x0a, 0x00, 0x00, 0x00, 0x14, 0xe7, 0x04, 0x22
    .byte 0x02, 0x2c, 0x15, 0x00, 0x00, 0x00, 0x2c, 0x9d, 0x00, 0x00, 0x00, 0x2c, 0x7f, 0x00, 0x00, 0x00
    .byte 0x15, 0x0a, 0x25, 0x09, 0x05, 0x22, 0x02, 0x03, 0x00, 0x05, 0x00, 0x00, 0x00, 0x32, 0x00, 0x0b
    .byte 0x00, 0x00, 0x00, 0x14, 0x09, 0x05, 0x22, 0x02, 0x2c, 0x15, 0x00, 0x00, 0x00, 0x2c, 0x9c, 0x00
    .byte 0x00, 0x00, 0x2c, 0x7f, 0x00, 0x00, 0x00, 0x15, 0x0a, 0x20, 0x00, 0x00, 0x2c, 0x9f, 0xee, 0x21
    .byte 0x02, 0x15, 0x39, 0x20, 0x00, 0x00, 0x15, 0x42, 0x18, 0x70, 0x32, 0x00, 0x00, 0x00, 0x00, 0x00
    .byte 0x14, 0x2a, 0x05, 0x22, 0x02, 0x01, 0x13, 0x05, 0x22, 0x02, 0x25, 0x66, 0x09, 0x22, 0x02, 0x03
    .byte 0x00, 0x05, 0x00, 0x00, 0x00, 0x32, 0x00, 0x09, 0x00, 0x00, 0x00, 0x14, 0x0e, 0x07, 0x22, 0x02
    .byte 0x2c, 0x02, 0x00, 0x00, 0x00, 0x2c, 0x01, 0x00, 0x00, 0x00, 0x15, 0x76, 0x03, 0x00, 0x05, 0x00
    .byte 0x00, 0x00, 0x26, 0x00, 0x66, 0x03, 0x00, 0x02, 0x00, 0x00, 0x00, 0x26, 0x00, 0xd9, 0x03, 0x00
    .byte 0x05, 0x00, 0x00, 0x00, 0x32, 0x00, 0x01, 0x00, 0x00, 0x00, 0x13, 0x80, 0x05, 0x22, 0x02, 0x03
    .byte 0x00, 0x05, 0x00, 0x00, 0x00, 0x32, 0x00, 0x08, 0x00, 0x00, 0x00, 0x14, 0x8e, 0x05, 0x22, 0x02
    .byte 0x03, 0x00, 0x01, 0x00, 0x00, 0x00, 0x36, 0x00, 0x00, 0x25, 0x97, 0x05, 0x22, 0x02, 0x03, 0x00
    .byte 0x01, 0x00, 0x00, 0x00, 0x26, 0x00, 0x63, 0x03, 0x00, 0x05, 0x00, 0x00, 0x00, 0x32, 0x00, 0x01
    .byte 0x00, 0x00, 0x00, 0x14, 0xc8, 0x05, 0x22, 0x02, 0x20, 0x00, 0x00, 0x2c, 0x0f, 0x00, 0x00, 0x00
    .byte 0x15, 0xe0, 0x2c, 0x15, 0x00, 0x00, 0x00, 0x2c, 0x9d, 0x00, 0x00, 0x00, 0x2c, 0x7f, 0x00, 0x00
    .byte 0x00, 0x15, 0x0a, 0x25, 0xe8, 0x06, 0x22, 0x02, 0x03, 0x00, 0x05, 0x00, 0x00, 0x00, 0x32, 0x00
    .byte 0x08, 0x00, 0x00, 0x00, 0x14, 0xf9, 0x05, 0x22, 0x02, 0x20, 0x00, 0x00, 0x2c, 0x0f, 0x00, 0x00
    .byte 0x00, 0x15, 0xe0, 0x2c, 0x15, 0x00, 0x00, 0x00, 0x2c, 0x9c, 0x00, 0x00, 0x00, 0x2c, 0x7f, 0x00
    .byte 0x00, 0x00, 0x15, 0x0a, 0x25, 0xe8, 0x06, 0x22, 0x02, 0x03, 0x00, 0x05, 0x00, 0x00, 0x00, 0x32
    .byte 0x00, 0x03, 0x00, 0x00, 0x00, 0x14, 0x51, 0x06, 0x22, 0x02, 0x03, 0x00, 0x02, 0x00, 0x00, 0x00
    .byte 0x32, 0x00, 0x3e, 0x00, 0x00, 0x00, 0x14, 0x3b, 0x06, 0x22, 0x02, 0x20, 0x00, 0x00, 0x2c, 0x75
    .byte 0x00, 0x00, 0x00, 0x15, 0xe0, 0x2c, 0x15, 0x00, 0x00, 0x00, 0x2c, 0x9d, 0x00, 0x00, 0x00, 0x2c
    .byte 0x7f, 0x00, 0x00, 0x00, 0x15, 0x0a, 0x25, 0x4c, 0x06, 0x22, 0x02, 0x2c, 0x15, 0x00, 0x00, 0x00
    .byte 0x2c, 0x9d, 0x00, 0x00, 0x00, 0x2c, 0x7f, 0x00, 0x00, 0x00, 0x15, 0x0a, 0x25, 0xe8, 0x06, 0x22
    .byte 0x02, 0x03, 0x00, 0x05, 0x00, 0x00, 0x00, 0x32, 0x00, 0x09, 0x00, 0x00, 0x00, 0x14, 0x78, 0x06
    .byte 0x22, 0x02, 0x2c, 0x15, 0x00, 0x00, 0x00, 0x2c, 0x9c, 0x00, 0x00, 0x00, 0x2c, 0x7f, 0x00, 0x00
    .byte 0x00, 0x15, 0x0a, 0x25, 0xe8, 0x06, 0x22, 0x02, 0x03, 0x00, 0x05, 0x00, 0x00, 0x00, 0x32, 0x00
    .byte 0x04, 0x00, 0x00, 0x00, 0x14, 0x9f, 0x06, 0x22, 0x02, 0x2c, 0x15, 0x00, 0x00, 0x00, 0x2c, 0x9c
    .byte 0x00, 0x00, 0x00, 0x2c, 0x7f, 0x00, 0x00, 0x00, 0x15, 0x0a, 0x25, 0xe8, 0x06, 0x22, 0x02, 0x03
    .byte 0x00, 0x05, 0x00, 0x00, 0x00, 0x32, 0x00, 0x0a, 0x00, 0x00, 0x00, 0x14, 0xc6, 0x06, 0x22, 0x02
    .byte 0x2c, 0x15, 0x00, 0x00, 0x00, 0x2c, 0x9d, 0x00, 0x00, 0x00, 0x2c, 0x7f, 0x00, 0x00, 0x00, 0x15
    .byte 0x0a, 0x25, 0xe8, 0x06, 0x22, 0x02, 0x03, 0x00, 0x05, 0x00, 0x00, 0x00, 0x32, 0x00, 0x0b, 0x00
    .byte 0x00, 0x00, 0x14, 0xe8, 0x06, 0x22, 0x02, 0x2c, 0x15, 0x00, 0x00, 0x00, 0x2c, 0x9c, 0x00, 0x00
    .byte 0x00, 0x2c, 0x7f, 0x00, 0x00, 0x00, 0x15, 0x0a, 0x20, 0x00, 0x00, 0x2c, 0x9f, 0xee, 0x21, 0x02
    .byte 0x15, 0x39, 0x20, 0x00, 0x00, 0x15, 0x42, 0x18, 0x70, 0x32, 0x00, 0x00, 0x00, 0x00, 0x00, 0x14
    .byte 0x09, 0x07, 0x22, 0x02, 0x01, 0xf2, 0x06, 0x22, 0x02, 0x25, 0x66, 0x09, 0x22, 0x02, 0x03, 0x00
    .byte 0x05, 0x00, 0x00, 0x00, 0x32, 0x00, 0x04, 0x00, 0x00, 0x00, 0x14, 0x24, 0x09, 0x22, 0x02, 0x2c
    .byte 0x02, 0x00, 0x00, 0x00, 0x15, 0xde, 0x03, 0x00, 0x04, 0x00, 0x00, 0x00, 0x26, 0x00, 0x66, 0x03
    .byte 0x00, 0x02, 0x00, 0x00, 0x00, 0x26, 0x00, 0xd9, 0x03, 0x00, 0x04, 0x00, 0x00, 0x00, 0x32, 0x00
    .byte 0x01, 0x00, 0x00, 0x00, 0x13, 0x5a, 0x07, 0x22, 0x02, 0x03, 0x00, 0x04, 0x00, 0x00, 0x00, 0x32
    .byte 0x00, 0x08, 0x00, 0x00, 0x00, 0x14, 0x68, 0x07, 0x22, 0x02, 0x03, 0x00, 0x01, 0x00, 0x00, 0x00
    .byte 0x36, 0x00, 0x00, 0x25, 0x71, 0x07, 0x22, 0x02, 0x03, 0x00, 0x01, 0x00, 0x00, 0x00, 0x26, 0x00
    .byte 0x63, 0x03, 0x00, 0x04, 0x00, 0x00, 0x00, 0x32, 0x00, 0x01, 0x00, 0x00, 0x00, 0x14, 0xa2, 0x07
    .byte 0x22, 0x02, 0x20, 0x00, 0x00, 0x2c, 0x0f, 0x00, 0x00, 0x00, 0x15, 0xe0, 0x2c, 0x15, 0x00, 0x00
    .byte 0x00, 0x2c, 0x9d, 0x00, 0x00, 0x00, 0x2c, 0x7f, 0x00, 0x00, 0x00, 0x15, 0x0a, 0x25, 0xc2, 0x08
    .byte 0x22, 0x02, 0x03, 0x00, 0x04, 0x00, 0x00, 0x00, 0x32, 0x00, 0x08, 0x00, 0x00, 0x00, 0x14, 0xd3
    .byte 0x07, 0x22, 0x02, 0x20, 0x00, 0x00, 0x2c, 0x0f, 0x00, 0x00, 0x00, 0x15, 0xe0, 0x2c, 0x15, 0x00
    .byte 0x00, 0x00, 0x2c, 0x9c, 0x00, 0x00, 0x00, 0x2c, 0x7f, 0x00, 0x00, 0x00, 0x15, 0x0a, 0x25, 0xc2
    .byte 0x08, 0x22, 0x02, 0x03, 0x00, 0x04, 0x00, 0x00, 0x00, 0x32, 0x00, 0x03, 0x00, 0x00, 0x00, 0x14
    .byte 0x2b, 0x08, 0x22, 0x02, 0x03, 0x00, 0x02, 0x00, 0x00, 0x00, 0x32, 0x00, 0x3e, 0x00, 0x00, 0x00
    .byte 0x14, 0x15, 0x08, 0x22, 0x02, 0x20, 0x00, 0x00, 0x2c, 0x75, 0x00, 0x00, 0x00, 0x15, 0xe0, 0x2c
    .byte 0x15, 0x00, 0x00, 0x00, 0x2c, 0x9d, 0x00, 0x00, 0x00, 0x2c, 0x7f, 0x00, 0x00, 0x00, 0x15, 0x0a
    .byte 0x25, 0x26, 0x08, 0x22, 0x02, 0x2c, 0x15, 0x00, 0x00, 0x00, 0x2c, 0x9d, 0x00, 0x00, 0x00, 0x2c
    .byte 0x7f, 0x00, 0x00, 0x00, 0x15, 0x0a, 0x25, 0xc2, 0x08, 0x22, 0x02, 0x03, 0x00, 0x04, 0x00, 0x00
    .byte 0x00, 0x32, 0x00, 0x09, 0x00, 0x00, 0x00, 0x14, 0x52, 0x08, 0x22, 0x02, 0x2c, 0x15, 0x00, 0x00
    .byte 0x00, 0x2c, 0x9c, 0x00, 0x00, 0x00, 0x2c, 0x7f, 0x00, 0x00, 0x00, 0x15, 0x0a, 0x25, 0xc2, 0x08
    .byte 0x22, 0x02, 0x03, 0x00, 0x04, 0x00, 0x00, 0x00, 0x32, 0x00, 0x04, 0x00, 0x00, 0x00, 0x14, 0x79
    .byte 0x08, 0x22, 0x02, 0x2c, 0x15, 0x00, 0x00, 0x00, 0x2c, 0x9c, 0x00, 0x00, 0x00, 0x2c, 0x7f, 0x00
    .byte 0x00, 0x00, 0x15, 0x0a, 0x25, 0xc2, 0x08, 0x22, 0x02, 0x03, 0x00, 0x04, 0x00, 0x00, 0x00, 0x32
    .byte 0x00, 0x0a, 0x00, 0x00, 0x00, 0x14, 0xa0, 0x08, 0x22, 0x02, 0x2c, 0x15, 0x00, 0x00, 0x00, 0x2c
    .byte 0x9d, 0x00, 0x00, 0x00, 0x2c, 0x7f, 0x00, 0x00, 0x00, 0x15, 0x0a, 0x25, 0xc2, 0x08, 0x22, 0x02
    .byte 0x03, 0x00, 0x04, 0x00, 0x00, 0x00, 0x32, 0x00, 0x0b, 0x00, 0x00, 0x00, 0x14, 0xc2, 0x08, 0x22
    .byte 0x02, 0x2c, 0x15, 0x00, 0x00, 0x00, 0x2c, 0x9c, 0x00, 0x00, 0x00, 0x2c, 0x7f, 0x00, 0x00, 0x00
    .byte 0x15, 0x0a, 0x20, 0x00, 0x00, 0x2c, 0x9f, 0xee, 0x21, 0x02, 0x15, 0x39, 0x20, 0x00, 0x00, 0x15
    .byte 0x42, 0x18, 0x70, 0x32, 0x00, 0x00, 0x00, 0x00, 0x00, 0x14, 0xe3, 0x08, 0x22, 0x02, 0x01, 0xcc
    .byte 0x08, 0x22, 0x02, 0x2c, 0x98, 0x03, 0x00, 0x00, 0x15, 0x37, 0x18, 0x70, 0x32, 0x00, 0x00, 0x00
    .byte 0x00, 0x00, 0x14, 0x18, 0x09, 0x22, 0x02, 0x2c, 0x14, 0x00, 0x00, 0x00, 0x15, 0x07, 0x15, 0x08
    .byte 0x2c, 0x98, 0x03, 0x00, 0x00, 0x15, 0x35, 0x2c, 0xb5, 0x03, 0x00, 0x00, 0x15, 0x35, 0x2c, 0x08
    .byte 0x00, 0x00, 0x00, 0x20, 0x00, 0x00, 0x15, 0x78, 0x20, 0x00, 0x00, 0x15, 0x07, 0x15, 0x08, 0x25
    .byte 0x66, 0x09, 0x22, 0x02, 0x03, 0x00, 0x05, 0x00, 0x00, 0x00, 0x32, 0x00, 0x05, 0x00, 0x00, 0x00
    .byte 0x14, 0x66, 0x09, 0x22, 0x02, 0x2c, 0x02, 0x00, 0x00, 0x00, 0x15, 0xf7, 0x03, 0x00, 0x02, 0x00
    .byte 0x00, 0x00, 0x26, 0x00, 0xc0, 0x20, 0x00, 0x00, 0x2c, 0xdc, 0xed, 0x21, 0x02, 0x15, 0x39, 0x20
    .byte 0x00, 0x00, 0x15, 0x42, 0x18, 0x70, 0x32, 0x00, 0x00, 0x00, 0x00, 0x00, 0x14, 0x66, 0x09, 0x22
    .byte 0x02, 0x01, 0x4f, 0x09, 0x22, 0x02, 0x20, 0x00, 0x00, 0x15, 0x07, 0x15, 0x08, 0x2c, 0x05, 0x0d
    .byte 0x00, 0x00, 0x15, 0x41, 0x20, 0x00, 0x00, 0x15, 0xd7, 0x2c, 0x01, 0x00, 0x00, 0x00, 0x20, 0x00
    .byte 0x00, 0x15, 0x29, 0x2c, 0x0e, 0x00, 0x00, 0x00, 0x15, 0x37, 0x18, 0x70, 0x32, 0x00, 0x00, 0x00
    .byte 0x00, 0x00, 0x14, 0xaa, 0x09, 0x22, 0x02, 0x2c, 0x03, 0x00, 0x00, 0x00, 0x20, 0x00, 0x00, 0x20
    .byte 0x00, 0x00, 0x20, 0x00, 0x00, 0x20, 0x00, 0x00, 0x15, 0x4f, 0x2c, 0x0e, 0x00, 0x00, 0x00, 0x15
    .byte 0x36, 0x2c, 0x0f, 0x27, 0x00, 0x00, 0x15, 0x41, 0x00, 0x2c, 0x06, 0x00, 0x00, 0x00, 0x2c, 0x07
    .byte 0x00, 0x00, 0x00, 0x15, 0x47, 0x18, 0x70, 0x17, 0x00, 0x2c, 0x06, 0x00, 0x00, 0x00, 0x2c, 0x08
    .byte 0x00, 0x00, 0x00, 0x15, 0x47, 0x18, 0x70, 0x05, 0x00, 0x0c, 0x00, 0x00, 0x00, 0x17, 0x00, 0x2c
    .byte 0x06, 0x00, 0x00, 0x00, 0x2c, 0x09, 0x00, 0x00, 0x00, 0x15, 0x47, 0x18, 0x70, 0x17, 0x00, 0x15
    .byte 0x02, 0x00, 0x2c, 0x01, 0x00, 0x00, 0x00, 0x15, 0x09, 0x03, 0x00, 0x01, 0x00, 0x00, 0x00, 0x32
    .byte 0x00, 0x01, 0x00, 0x00, 0x00, 0x14, 0x16, 0x0a, 0x22, 0x02, 0x2c, 0x01, 0x00, 0x00, 0x00, 0x15
    .byte 0x05, 0x25, 0x1b, 0x0a, 0x22, 0x02, 0x20, 0x00, 0x00, 0x15, 0x05, 0x2c, 0xb0, 0x02, 0x00, 0x00
    .byte 0x2c, 0x50, 0x00, 0x00, 0x00, 0x20, 0x00, 0x00, 0x15, 0x02, 0x20, 0x00, 0x00, 0x2c, 0xff, 0xff
    .byte 0xff, 0xff, 0x15, 0x03, 0x2c, 0x4d, 0x00, 0x00, 0x00, 0x15, 0x37, 0x18, 0x70, 0x32, 0x00, 0x01
    .byte 0x00, 0x00, 0x00, 0x14, 0x75, 0x0a, 0x22, 0x02, 0x2c, 0x0b, 0x00, 0x00, 0x00, 0x2c, 0x02, 0x00
    .byte 0x00, 0x00, 0x15, 0x78, 0x2c, 0x01, 0x00, 0x00, 0x00, 0x15, 0x07, 0x15, 0x08, 0x2c, 0x01, 0x00
    .byte 0x00, 0x00, 0x2c, 0x03, 0x00, 0x00, 0x00, 0x15, 0x4b, 0x2c, 0x03, 0x00, 0x00, 0x00, 0x2c, 0x82
    .byte 0x0a, 0x22, 0x02, 0x15, 0x29, 0x2c, 0x02, 0x00, 0x00, 0x00, 0x2c, 0x7b, 0x0b, 0x22, 0x02, 0x15
    .byte 0x29, 0x00, 0x20, 0x00, 0x00, 0x2c, 0xff, 0xff, 0xff, 0xff, 0x2c, 0xff, 0xff, 0xff, 0xff, 0x15
    .byte 0xdd, 0x18, 0x70, 0x14, 0xc2, 0x0a, 0x22, 0x02, 0x2c, 0x03, 0x00, 0x00, 0x00, 0x2c, 0xff, 0xff
    .byte 0xff, 0xff, 0x2c, 0xff, 0xff, 0xff, 0xff, 0x15, 0xdd, 0x18, 0x70, 0x32, 0x00, 0x00, 0x00, 0x00
    .byte 0x00, 0x14, 0xc2, 0x0a, 0x22, 0x02, 0x2c, 0x01, 0x00, 0x00, 0x00, 0x2c, 0xcc, 0x0b, 0x22, 0x02
    .byte 0x15, 0x39, 0x20, 0x00, 0x00, 0x2c, 0x43, 0xed, 0x21, 0x02, 0x15, 0x39, 0x20, 0x00, 0x00, 0x15
    .byte 0x42, 0x18, 0x70, 0x32, 0x00, 0x00, 0x00, 0x00, 0x00, 0x14, 0xe3, 0x0a, 0x22, 0x02, 0x01, 0xcc
    .byte 0x0a, 0x22, 0x02, 0x2c, 0x1e, 0x00, 0x00, 0x00, 0x15, 0x07, 0x15, 0x08, 0x20, 0x00, 0x00, 0x2c
    .byte 0xee, 0x0c, 0x22, 0x02, 0x15, 0x39, 0x20, 0x00, 0x00, 0x15, 0x42, 0x18, 0x70, 0x32, 0x00, 0x00
    .byte 0x00, 0x00, 0x00, 0x14, 0x0d, 0x0b, 0x22, 0x02, 0x01, 0xf6, 0x0a, 0x22, 0x02, 0x20, 0x00, 0x00
    .byte 0x2c, 0x3b, 0xed, 0x21, 0x02, 0x15, 0x39, 0x20, 0x00, 0x00, 0x15, 0x42, 0x18, 0x70, 0x32, 0x00
    .byte 0x00, 0x00, 0x00, 0x00, 0x14, 0x2e, 0x0b, 0x22, 0x02, 0x01, 0x17, 0x0b, 0x22, 0x02, 0x20, 0x00
    .byte 0x00, 0x2c, 0xff, 0xff, 0xff, 0xff, 0x2c, 0xff, 0xff, 0xff, 0xff, 0x15, 0xdd, 0x18, 0x70, 0x14
    .byte 0x6e, 0x0b, 0x22, 0x02, 0x2c, 0x03, 0x00, 0x00, 0x00, 0x2c, 0xff, 0xff, 0xff, 0xff, 0x2c, 0xff
    .byte 0xff, 0xff, 0xff, 0x15, 0xdd, 0x18, 0x70, 0x32, 0x00, 0x00, 0x00, 0x00, 0x00, 0x14, 0x6e, 0x0b
    .byte 0x22, 0x02, 0x2c, 0x01, 0x00, 0x00, 0x00, 0x2c, 0xef, 0x0b, 0x22, 0x02, 0x15, 0x39, 0x2c, 0x02
    .byte 0x00, 0x00, 0x00, 0x2c, 0x7b, 0x0b, 0x22, 0x02, 0x15, 0x29, 0x00, 0x2c, 0xee, 0x03, 0x00, 0x00
    .byte 0x15, 0x37, 0x18, 0x70, 0x14, 0x8a, 0x0b, 0x22, 0x02, 0x00, 0x20, 0x00, 0x00, 0x15, 0x9b, 0x18
    .byte 0x70, 0x14, 0xaa, 0x0b, 0x22, 0x02, 0x20, 0x00, 0x00, 0x2c, 0xff, 0xff, 0xff, 0xff, 0x2c, 0xff
    .byte 0xff, 0xff, 0xff, 0x2c, 0xff, 0xff, 0xff, 0xff, 0x15, 0x89, 0x20, 0x00, 0x00, 0x2c, 0xf9, 0x0b
    .byte 0x22, 0x02, 0x15, 0x39, 0x20, 0x00, 0x00, 0x15, 0x42, 0x18, 0x70, 0x32, 0x00, 0x00, 0x00, 0x00
    .byte 0x00, 0x14, 0xcb, 0x0b, 0x22, 0x02, 0x01, 0xb4, 0x0b, 0x22, 0x02, 0x00, 0x20, 0x00, 0x00, 0x15
    .byte 0x09, 0x2c, 0xb0, 0x02, 0x00, 0x00, 0x2c, 0x50, 0x00, 0x00, 0x00, 0x20, 0x00, 0x00, 0x15, 0x02
    .byte 0x2c, 0x08, 0x00, 0x00, 0x00, 0x15, 0x05, 0x2c, 0x01, 0x00, 0x00, 0x00, 0x15, 0x06, 0x00, 0x2c
    .byte 0x01, 0x00, 0x00, 0x00, 0x15, 0x09, 0x15, 0x2c, 0x00, 0x20, 0x00, 0x00, 0x15, 0x18, 0x20, 0x00
    .byte 0x00, 0x15, 0x19, 0x2c, 0xb0, 0x02, 0x00, 0x00, 0x2c, 0x51, 0x00, 0x00, 0x00, 0x20, 0x00, 0x00
    .byte 0x15, 0x02, 0x2c, 0x05, 0x00, 0x00, 0x00, 0x2d, 0xae, 0x15, 0xe0, 0x18, 0x70, 0x14, 0x30, 0x0c
    .byte 0x22, 0x02, 0x2c, 0x16, 0x00, 0x00, 0x00, 0x2d, 0xae, 0x2c, 0x3c, 0x00, 0x00, 0x00, 0x15, 0x0a
    .byte 0x2c, 0x07, 0x00, 0x00, 0x00, 0x2c, 0x3c, 0x00, 0x00, 0x00, 0x15, 0xe0, 0x2c, 0x08, 0x00, 0x00
    .byte 0x00, 0x2c, 0x2e, 0x01, 0x00, 0x00, 0x15, 0xe0, 0x20, 0x00, 0x00, 0x2c, 0x00, 0x97, 0x00, 0x00
    .byte 0x15, 0xe0, 0x03, 0x00, 0x01, 0x00, 0x00, 0x00, 0x32, 0x00, 0x01, 0x00, 0x00, 0x00, 0x14, 0x83
    .byte 0x0c, 0x22, 0x02, 0x2c, 0x05, 0x10, 0x00, 0x00, 0x2c, 0x01, 0x10, 0x00, 0x00, 0x2c, 0x06, 0x10
    .byte 0x00, 0x00, 0x2c, 0x02, 0x00, 0x00, 0x00, 0x2c, 0x03, 0x00, 0x00, 0x00, 0x15, 0x73, 0x25, 0x9c
    .byte 0x0c, 0x22, 0x02, 0x2c, 0x05, 0x10, 0x00, 0x00, 0x2c, 0x01, 0x10, 0x00, 0x00, 0x2c, 0x06, 0x10
    .byte 0x00, 0x00, 0x2c, 0x02, 0x00, 0x00, 0x00, 0x20, 0x00, 0x00, 0x15, 0x73, 0x2c, 0x00, 0x01, 0x00
    .byte 0x00, 0x15, 0x17, 0x15, 0x16, 0x2c, 0x4d, 0x00, 0x00, 0x00, 0x15, 0x35, 0x20, 0x00, 0x00, 0x15
    .byte 0x09, 0x2c, 0x0b, 0x00, 0x00, 0x00, 0x2c, 0x01, 0x00, 0x00, 0x00, 0x15, 0x78, 0x2c, 0x1e, 0x00
    .byte 0x00, 0x00, 0x15, 0x07, 0x15, 0x08, 0x2c, 0x09, 0x00, 0x00, 0x00, 0x2c, 0x2e, 0x01, 0x00, 0x00
    .byte 0x15, 0xe0, 0x2c, 0x19, 0x00, 0x00, 0x00, 0x2c, 0xb0, 0x02, 0x00, 0x00, 0x2c, 0x50, 0x00, 0x00
    .byte 0x00, 0x20, 0x00, 0x00, 0x15, 0x4a, 0x2c, 0x26, 0x00, 0x00, 0x00, 0x15, 0x35, 0x00, 0x20, 0x00
    .byte 0x00, 0x15, 0x18, 0x20, 0x00, 0x00, 0x15, 0x19, 0x2c, 0xb0, 0x02, 0x00, 0x00, 0x2c, 0x51, 0x00
    .byte 0x00, 0x00, 0x20, 0x00, 0x00, 0x15, 0x02, 0x2c, 0x08, 0x00, 0x00, 0x00, 0x2c, 0x2e, 0x01, 0x00
    .byte 0x00, 0x15, 0xe0, 0x20, 0x00, 0x00, 0x2c, 0x01, 0x97, 0x00, 0x00, 0x15, 0xe0, 0x03, 0x00, 0x01
    .byte 0x00, 0x00, 0x00, 0x32, 0x00, 0x01, 0x00, 0x00, 0x00, 0x14, 0x4e, 0x0d, 0x22, 0x02, 0x2c, 0x05
    .byte 0x10, 0x00, 0x00, 0x2c, 0x01, 0x10, 0x00, 0x00, 0x2c, 0x06, 0x10, 0x00, 0x00, 0x2c, 0x02, 0x00
    .byte 0x00, 0x00, 0x2c, 0x02, 0x00, 0x00, 0x00, 0x15, 0x73, 0x25, 0x69, 0x0d, 0x22, 0x02, 0x2c, 0x05
    .byte 0x10, 0x00, 0x00, 0x2c, 0x01, 0x10, 0x00, 0x00, 0x2c, 0x06, 0x10, 0x00, 0x00, 0x2c, 0x02, 0x00
    .byte 0x00, 0x00, 0x2c, 0x01, 0x00, 0x00, 0x00, 0x15, 0x73, 0x2c, 0x00, 0x01, 0x00, 0x00, 0x15, 0x17
    .byte 0x15, 0x16, 0x2c, 0x00, 0x10, 0x00, 0x00, 0x2c, 0x01, 0x10, 0x00, 0x00, 0x2c, 0x02, 0x10, 0x00
    .byte 0x00, 0x2c, 0x02, 0x00, 0x00, 0x00, 0x20, 0x00, 0x00, 0x15, 0x73, 0x2c, 0x01, 0x00, 0x00, 0x00
    .byte 0x15, 0x2b, 0x2c, 0x01, 0x00, 0x00, 0x00, 0x15, 0x06, 0x20, 0x00, 0x00, 0x2c, 0x10, 0x00, 0x00
    .byte 0x00, 0x20, 0x00, 0x00, 0x2c, 0x00, 0x10, 0x00, 0x00, 0x2c, 0x04, 0x00, 0x00, 0x00, 0x20, 0x00
    .byte 0x00, 0x15, 0x1a, 0x15, 0x21, 0x2c, 0x09, 0x00, 0x00, 0x00, 0x2c, 0x2e, 0x01, 0x00, 0x00, 0x15
    .byte 0xe0, 0x2c, 0x37, 0x00, 0x00, 0x00, 0x15, 0x35, 0x2c, 0x01, 0x00, 0x00, 0x00, 0x15, 0x18, 0x2c
    .byte 0x01, 0x00, 0x00, 0x00, 0x15, 0x19, 0x2c, 0x4d, 0x00, 0x00, 0x00, 0x15, 0x36, 0x00, 0x2c, 0x01
    .byte 0x00, 0x00, 0x00, 0x15, 0x09, 0x03, 0x00, 0x01, 0x00, 0x00, 0x00, 0x32, 0x00, 0x01, 0x00, 0x00
    .byte 0x00, 0x14, 0x02, 0x0e, 0x22, 0x02, 0x2c, 0x01, 0x00, 0x00, 0x00, 0x15, 0x05, 0x25, 0x07, 0x0e
    .byte 0x22, 0x02, 0x20, 0x00, 0x00, 0x15, 0x05, 0x2c, 0x60, 0x01, 0x00, 0x00, 0x2c, 0x50, 0x00, 0x00
    .byte 0x00, 0x20, 0x00, 0x00, 0x15, 0x02, 0x20, 0x00, 0x00, 0x2c, 0xff, 0xff, 0xff, 0xff, 0x15, 0x03
    .byte 0x2c, 0x2f, 0x00, 0x00, 0x00, 0x15, 0x37, 0x18, 0x70, 0x32, 0x00, 0x01, 0x00, 0x00, 0x00, 0x14
    .byte 0x61, 0x0e, 0x22, 0x02, 0x2c, 0x0b, 0x00, 0x00, 0x00, 0x2c, 0x02, 0x00, 0x00, 0x00, 0x15, 0x78
    .byte 0x2c, 0x01, 0x00, 0x00, 0x00, 0x15, 0x07, 0x15, 0x08, 0x2c, 0x01, 0x00, 0x00, 0x00, 0x2c, 0x03
    .byte 0x00, 0x00, 0x00, 0x15, 0x4b, 0x2c, 0x03, 0x00, 0x00, 0x00, 0x2c, 0x6e, 0x0e, 0x22, 0x02, 0x15
    .byte 0x29, 0x2c, 0x02, 0x00, 0x00, 0x00, 0x2c, 0x67, 0x0f, 0x22, 0x02, 0x15, 0x29, 0x00, 0x20, 0x00
    .byte 0x00, 0x2c, 0xff, 0xff, 0xff, 0xff, 0x2c, 0xff, 0xff, 0xff, 0xff, 0x15, 0xdd, 0x18, 0x70, 0x14
    .byte 0xae, 0x0e, 0x22, 0x02, 0x2c, 0x03, 0x00, 0x00, 0x00, 0x2c, 0xff, 0xff, 0xff, 0xff, 0x2c, 0xff
    .byte 0xff, 0xff, 0xff, 0x15, 0xdd, 0x18, 0x70, 0x32, 0x00, 0x00, 0x00, 0x00, 0x00, 0x14, 0xae, 0x0e
    .byte 0x22, 0x02, 0x2c, 0x01, 0x00, 0x00, 0x00, 0x2c, 0xb8, 0x0f, 0x22, 0x02, 0x15, 0x39, 0x20, 0x00
    .byte 0x00, 0x2c, 0x43, 0xed, 0x21, 0x02, 0x15, 0x39, 0x20, 0x00, 0x00, 0x15, 0x42, 0x18, 0x70, 0x32
    .byte 0x00, 0x00, 0x00, 0x00, 0x00, 0x14, 0xcf, 0x0e, 0x22, 0x02, 0x01, 0xb8, 0x0e, 0x22, 0x02, 0x2c
    .byte 0x1e, 0x00, 0x00, 0x00, 0x15, 0x07, 0x15, 0x08, 0x20, 0x00, 0x00, 0x2c, 0xda, 0x10, 0x22, 0x02
    .byte 0x15, 0x39, 0x20, 0x00, 0x00, 0x15, 0x42, 0x18, 0x70, 0x32, 0x00, 0x00, 0x00, 0x00, 0x00, 0x14
    .byte 0xf9, 0x0e, 0x22, 0x02, 0x01, 0xe2, 0x0e, 0x22, 0x02, 0x20, 0x00, 0x00, 0x2c, 0x3b, 0xed, 0x21
    .byte 0x02, 0x15, 0x39, 0x20, 0x00, 0x00, 0x15, 0x42, 0x18, 0x70, 0x32, 0x00, 0x00, 0x00, 0x00, 0x00
    .byte 0x14, 0x1a, 0x0f, 0x22, 0x02, 0x01, 0x03, 0x0f, 0x22, 0x02, 0x20, 0x00, 0x00, 0x2c, 0xff, 0xff
    .byte 0xff, 0xff, 0x2c, 0xff, 0xff, 0xff, 0xff, 0x15, 0xdd, 0x18, 0x70, 0x14, 0x5a, 0x0f, 0x22, 0x02
    .byte 0x2c, 0x03, 0x00, 0x00, 0x00, 0x2c, 0xff, 0xff, 0xff, 0xff, 0x2c, 0xff, 0xff, 0xff, 0xff, 0x15
    .byte 0xdd, 0x18, 0x70, 0x32, 0x00, 0x00, 0x00, 0x00, 0x00, 0x14, 0x5a, 0x0f, 0x22, 0x02, 0x2c, 0x01
    .byte 0x00, 0x00, 0x00, 0x2c, 0xdb, 0x0f, 0x22, 0x02, 0x15, 0x39, 0x2c, 0x02, 0x00, 0x00, 0x00, 0x2c
    .byte 0x67, 0x0f, 0x22, 0x02, 0x15, 0x29, 0x00, 0x2c, 0xee, 0x03, 0x00, 0x00, 0x15, 0x37, 0x18, 0x70
    .byte 0x14, 0x76, 0x0f, 0x22, 0x02, 0x00, 0x20, 0x00, 0x00, 0x15, 0x9b, 0x18, 0x70, 0x14, 0x96, 0x0f
    .byte 0x22, 0x02, 0x20, 0x00, 0x00, 0x2c, 0xff, 0xff, 0xff, 0xff, 0x2c, 0xff, 0xff, 0xff, 0xff, 0x2c
    .byte 0xff, 0xff, 0xff, 0xff, 0x15, 0x89, 0x20, 0x00, 0x00, 0x2c, 0xe5, 0x0f, 0x22, 0x02, 0x15, 0x39
    .byte 0x20, 0x00, 0x00, 0x15, 0x42, 0x18, 0x70, 0x32, 0x00, 0x00, 0x00, 0x00, 0x00, 0x14, 0xb7, 0x0f
    .byte 0x22, 0x02, 0x01, 0xa0, 0x0f, 0x22, 0x02, 0x00, 0x20, 0x00, 0x00, 0x15, 0x09, 0x2c, 0x60, 0x01
    .byte 0x00, 0x00, 0x2c, 0x50, 0x00, 0x00, 0x00, 0x20, 0x00, 0x00, 0x15, 0x02, 0x2c, 0x08, 0x00, 0x00
    .byte 0x00, 0x15, 0x05, 0x2c, 0x01, 0x00, 0x00, 0x00, 0x15, 0x06, 0x00, 0x2c, 0x01, 0x00, 0x00, 0x00
    .byte 0x15, 0x09, 0x15, 0x2c, 0x00, 0x20, 0x00, 0x00, 0x15, 0x18, 0x20, 0x00, 0x00, 0x15, 0x19, 0x2c
    .byte 0x60, 0x01, 0x00, 0x00, 0x2c, 0x51, 0x00, 0x00, 0x00, 0x20, 0x00, 0x00, 0x15, 0x02, 0x2c, 0x05
    .byte 0x00, 0x00, 0x00, 0x2d, 0xae, 0x15, 0xe0, 0x18, 0x70, 0x14, 0x1c, 0x10, 0x22, 0x02, 0x2c, 0x16
    .byte 0x00, 0x00, 0x00, 0x2d, 0xae, 0x2c, 0x3c, 0x00, 0x00, 0x00, 0x15, 0x0a, 0x2c, 0x07, 0x00, 0x00
    .byte 0x00, 0x2c, 0x3c, 0x00, 0x00, 0x00, 0x15, 0xe0, 0x2c, 0x08, 0x00, 0x00, 0x00, 0x2c, 0x2e, 0x01
    .byte 0x00, 0x00, 0x15, 0xe0, 0x20, 0x00, 0x00, 0x2c, 0x00, 0x97, 0x00, 0x00, 0x15, 0xe0, 0x03, 0x00
    .byte 0x01, 0x00, 0x00, 0x00, 0x32, 0x00, 0x01, 0x00, 0x00, 0x00, 0x14, 0x6f, 0x10, 0x22, 0x02, 0x2c
    .byte 0x05, 0x10, 0x00, 0x00, 0x2c, 0x01, 0x10, 0x00, 0x00, 0x2c, 0x06, 0x10, 0x00, 0x00, 0x2c, 0x02
    .byte 0x00, 0x00, 0x00, 0x2c, 0x03, 0x00, 0x00, 0x00, 0x15, 0x73, 0x25, 0x88, 0x10, 0x22, 0x02, 0x2c
    .byte 0x05, 0x10, 0x00, 0x00, 0x2c, 0x01, 0x10, 0x00, 0x00, 0x2c, 0x06, 0x10, 0x00, 0x00, 0x2c, 0x02
    .byte 0x00, 0x00, 0x00, 0x20, 0x00, 0x00, 0x15, 0x73, 0x2c, 0x00, 0x01, 0x00, 0x00, 0x15, 0x17, 0x15
    .byte 0x16, 0x2c, 0x2f, 0x00, 0x00, 0x00, 0x15, 0x35, 0x20, 0x00, 0x00, 0x15, 0x09, 0x2c, 0x0b, 0x00
    .byte 0x00, 0x00, 0x2c, 0x01, 0x00, 0x00, 0x00, 0x15, 0x78, 0x2c, 0x1e, 0x00, 0x00, 0x00, 0x15, 0x07
    .byte 0x15, 0x08, 0x2c, 0x09, 0x00, 0x00, 0x00, 0x2c, 0x2e, 0x01, 0x00, 0x00, 0x15, 0xe0, 0x2c, 0x19
    .byte 0x00, 0x00, 0x00, 0x2c, 0x60, 0x01, 0x00, 0x00, 0x2c, 0x50, 0x00, 0x00, 0x00, 0x20, 0x00, 0x00
    .byte 0x15, 0x4a, 0x2c, 0x26, 0x00, 0x00, 0x00, 0x15, 0x35, 0x00, 0x20, 0x00, 0x00, 0x15, 0x18, 0x20
    .byte 0x00, 0x00, 0x15, 0x19, 0x2c, 0x60, 0x01, 0x00, 0x00, 0x2c, 0x51, 0x00, 0x00, 0x00, 0x20, 0x00
    .byte 0x00, 0x15, 0x02, 0x2c, 0x08, 0x00, 0x00, 0x00, 0x2c, 0x2e, 0x01, 0x00, 0x00, 0x15, 0xe0, 0x20
    .byte 0x00, 0x00, 0x2c, 0x01, 0x97, 0x00, 0x00, 0x15, 0xe0, 0x03, 0x00, 0x01, 0x00, 0x00, 0x00, 0x32
    .byte 0x00, 0x01, 0x00, 0x00, 0x00, 0x14, 0x3a, 0x11, 0x22, 0x02, 0x2c, 0x05, 0x10, 0x00, 0x00, 0x2c
    .byte 0x01, 0x10, 0x00, 0x00, 0x2c, 0x06, 0x10, 0x00, 0x00, 0x2c, 0x02, 0x00, 0x00, 0x00, 0x2c, 0x02
    .byte 0x00, 0x00, 0x00, 0x15, 0x73, 0x25, 0x55, 0x11, 0x22, 0x02, 0x2c, 0x05, 0x10, 0x00, 0x00, 0x2c
    .byte 0x01, 0x10, 0x00, 0x00, 0x2c, 0x06, 0x10, 0x00, 0x00, 0x2c, 0x02, 0x00, 0x00, 0x00, 0x2c, 0x01
    .byte 0x00, 0x00, 0x00, 0x15, 0x73, 0x2c, 0x00, 0x01, 0x00, 0x00, 0x15, 0x17, 0x15, 0x16, 0x2c, 0x00
    .byte 0x10, 0x00, 0x00, 0x2c, 0x01, 0x10, 0x00, 0x00, 0x2c, 0x02, 0x10, 0x00, 0x00, 0x2c, 0x02, 0x00
    .byte 0x00, 0x00, 0x20, 0x00, 0x00, 0x15, 0x73, 0x2c, 0x01, 0x00, 0x00, 0x00, 0x15, 0x2b, 0x2c, 0x01
    .byte 0x00, 0x00, 0x00, 0x15, 0x06, 0x20, 0x00, 0x00, 0x2c, 0x10, 0x00, 0x00, 0x00, 0x20, 0x00, 0x00
    .byte 0x2c, 0x00, 0x10, 0x00, 0x00, 0x2c, 0x04, 0x00, 0x00, 0x00, 0x20, 0x00, 0x00, 0x15, 0x1a, 0x15
    .byte 0x21, 0x2c, 0x09, 0x00, 0x00, 0x00, 0x2c, 0x2e, 0x01, 0x00, 0x00, 0x15, 0xe0, 0x2c, 0x37, 0x00
    .byte 0x00, 0x00, 0x15, 0x35, 0x2c, 0x01, 0x00, 0x00, 0x00, 0x15, 0x18, 0x2c, 0x01, 0x00, 0x00, 0x00
    .byte 0x15, 0x19, 0x2c, 0x2f, 0x00, 0x00, 0x00, 0x15, 0x36, 0x00, 0x00, 0x2c, 0x08, 0x00, 0x00, 0x00
    .byte 0x2c, 0x65, 0x00, 0x00, 0x00, 0x15, 0xe0, 0x2c, 0x14, 0x00, 0x00, 0x00, 0x15, 0x07, 0x15, 0x08
    .byte 0x03, 0x00, 0x00, 0x00, 0x00, 0x00, 0x28, 0x00, 0x00, 0x2b, 0x00, 0x00, 0x29, 0x01, 0xbe, 0x1e
    .byte 0x10, 0x14, 0x1a, 0x12, 0x22, 0x02, 0x20, 0x00, 0x00, 0x2c, 0x80, 0x32, 0x00, 0x00, 0x15, 0xe0
    .byte 0x2c, 0x0f, 0x00, 0x00, 0x00, 0x15, 0x07, 0x15, 0x08, 0x2b, 0x00, 0x00, 0x05, 0x00, 0x01, 0x00
    .byte 0x00, 0x00, 0x28, 0x00, 0x00, 0x25, 0xe9, 0x11, 0x22, 0x02, 0x2c, 0x09, 0x00, 0x00, 0x00, 0x2c
    .byte 0x65, 0x00, 0x00, 0x00, 0x15, 0xe0, 0x00, 0x20, 0x00, 0x00, 0x15, 0x09, 0x03, 0x00, 0x80, 0x01
    .byte 0x00, 0x00, 0x28, 0x00, 0x00, 0x03, 0x00, 0xcf, 0x01, 0x00, 0x00, 0x28, 0x00, 0x01, 0x03, 0x00
    .byte 0x00, 0x00, 0x00, 0x00, 0x28, 0x00, 0x02, 0x2f, 0x00, 0x2b, 0x00, 0x01, 0x2b, 0x01, 0x02, 0x04
    .byte 0x10, 0x17, 0x00, 0x2f, 0x02, 0x15, 0x02, 0x20, 0x00, 0x00, 0x2c, 0x40, 0x00, 0x00, 0x00, 0x15
    .byte 0x32, 0x2c, 0x01, 0x00, 0x00, 0x00, 0x2c, 0x02, 0x00, 0x00, 0x00, 0x15, 0x32, 0x2c, 0x01, 0x00
    .byte 0x00, 0x00, 0x15, 0x7d, 0x2c, 0x02, 0x00, 0x00, 0x00, 0x2c, 0xfa, 0x12, 0x22, 0x02, 0x15, 0x29
    .byte 0x15, 0x27, 0x18, 0x70, 0x32, 0x00, 0x00, 0x00, 0x00, 0x00, 0x14, 0xbf, 0x12, 0x22, 0x02, 0x03
    .byte 0x00, 0x80, 0x01, 0x00, 0x00, 0x28, 0x00, 0x00, 0x03, 0x00, 0xcf, 0x01, 0x00, 0x00, 0x28, 0x00
    .byte 0x01, 0x03, 0x00, 0x00, 0x00, 0x00, 0x00, 0x28, 0x00, 0x02, 0x2f, 0x00, 0x2b, 0x00, 0x01, 0x2b
    .byte 0x01, 0x02, 0x04, 0x10, 0x17, 0x00, 0x2f, 0x02, 0x15, 0x02, 0x25, 0xea, 0x12, 0x22, 0x02, 0x03
    .byte 0x00, 0x80, 0x01, 0x00, 0x00, 0x28, 0x00, 0x00, 0x03, 0x00, 0xbf, 0x01, 0x00, 0x00, 0x28, 0x00
    .byte 0x01, 0x03, 0x00, 0x10, 0x00, 0x00, 0x00, 0x28, 0x00, 0x02, 0x2f, 0x00, 0x2b, 0x00, 0x01, 0x2b
    .byte 0x01, 0x02, 0x04, 0x10, 0x17, 0x00, 0x2f, 0x02, 0x15, 0x02, 0x01, 0x80, 0x12, 0x22, 0x02, 0x2c
    .byte 0x02, 0x00, 0x00, 0x00, 0x20, 0x00, 0x00, 0x15, 0x29, 0x00, 0x2c, 0xee, 0x03, 0x00, 0x00, 0x15
    .byte 0x37, 0x18, 0x70, 0x14, 0x09, 0x13, 0x22, 0x02, 0x00, 0x2c, 0x02, 0x04, 0x00, 0x00, 0x15, 0x37
    .byte 0x18, 0x70, 0x14, 0x18, 0x13, 0x22, 0x02, 0x00, 0x20, 0x00, 0x00, 0x15, 0x9b, 0x18, 0x70, 0x14
    .byte 0x38, 0x13, 0x22, 0x02, 0x20, 0x00, 0x00, 0x2c, 0xff, 0xff, 0xff, 0xff, 0x2c, 0xff, 0xff, 0xff
    .byte 0xff, 0x2c, 0xff, 0xff, 0xff, 0xff, 0x15, 0x89, 0x15, 0x1f, 0x18, 0x70, 0x28, 0x00, 0x03, 0x15
    .byte 0x20, 0x18, 0x70, 0x28, 0x00, 0x04, 0x15, 0x27, 0x18, 0x70, 0x28, 0x00, 0x05, 0x03, 0x00, 0x00
    .byte 0x00, 0x00, 0x00, 0x28, 0x00, 0x06, 0x15, 0x27, 0x18, 0x70, 0x32, 0x00, 0x00, 0x00, 0x00, 0x00
    .byte 0x14, 0xc5, 0x14, 0x22, 0x02, 0x20, 0x00, 0x00, 0x2c, 0x27, 0x16, 0x22, 0x02, 0x15, 0x39, 0x20
    .byte 0x00, 0x00, 0x15, 0x42, 0x18, 0x70, 0x32, 0x00, 0x00, 0x00, 0x00, 0x00, 0x14, 0x86, 0x13, 0x22
    .byte 0x02, 0x01, 0x6f, 0x13, 0x22, 0x02, 0x20, 0x00, 0x00, 0x2c, 0xff, 0xff, 0xff, 0xff, 0x2c, 0xff
    .byte 0xff, 0xff, 0xff, 0x15, 0xdd, 0x18, 0x70, 0x14, 0x78, 0x14, 0x22, 0x02, 0x2c, 0x03, 0x00, 0x00
    .byte 0x00, 0x2c, 0xff, 0xff, 0xff, 0xff, 0x2c, 0xff, 0xff, 0xff, 0xff, 0x15, 0xdd, 0x18, 0x70, 0x32
    .byte 0x00, 0x00, 0x00, 0x00, 0x00, 0x14, 0x78, 0x14, 0x22, 0x02, 0x03, 0x00, 0x10, 0x00, 0x00, 0x00
    .byte 0x30, 0x00, 0x10, 0x00, 0x00, 0x00, 0x14, 0x78, 0x14, 0x22, 0x02, 0x15, 0x6f, 0x18, 0x70, 0x2b
    .byte 0x01, 0x05, 0x1c, 0x10, 0x14, 0x78, 0x14, 0x22, 0x02, 0x15, 0x10, 0x18, 0x70, 0x17, 0x00, 0x15
    .byte 0x11, 0x18, 0x70, 0x17, 0x00, 0x20, 0x00, 0x00, 0x15, 0x6d, 0x18, 0x70, 0x17, 0x00, 0x15, 0x6e
    .byte 0x18, 0x70, 0x17, 0x00, 0x20, 0x00, 0x00, 0x15, 0x65, 0x18, 0x70, 0x28, 0x00, 0x03, 0x2b, 0x00
    .byte 0x03, 0x33, 0x00, 0x40, 0x00, 0x00, 0x00, 0x14, 0x35, 0x14, 0x22, 0x02, 0x15, 0x6e, 0x18, 0x70
    .byte 0x15, 0x11, 0x18, 0x71, 0x1b, 0x10, 0x14, 0x35, 0x14, 0x22, 0x02, 0x2c, 0x01, 0x00, 0x00, 0x00
    .byte 0x2c, 0x4e, 0x19, 0x22, 0x02, 0x15, 0x39, 0x03, 0x00, 0x01, 0x00, 0x00, 0x00, 0x28, 0x00, 0x06
    .byte 0x25, 0x78, 0x14, 0x22, 0x02, 0x2b, 0x00, 0x03, 0x33, 0x00, 0xc0, 0x00, 0x00, 0x00, 0x14, 0x78
    .byte 0x14, 0x22, 0x02, 0x15, 0x6e, 0x18, 0x70, 0x15, 0x11, 0x18, 0x71, 0x1b, 0x10, 0x14, 0x63, 0x14
    .byte 0x22, 0x02, 0x2c, 0x01, 0x00, 0x00, 0x00, 0x2c, 0x5c, 0x19, 0x22, 0x02, 0x15, 0x39, 0x25, 0x6f
    .byte 0x14, 0x22, 0x02, 0x2c, 0x01, 0x00, 0x00, 0x00, 0x2c, 0x6a, 0x19, 0x22, 0x02, 0x15, 0x39, 0x03
    .byte 0x00, 0x01, 0x00, 0x00, 0x00, 0x28, 0x00, 0x06, 0x20, 0x00, 0x00, 0x2c, 0xce, 0x16, 0x22, 0x02
    .byte 0x15, 0x39, 0x20, 0x00, 0x00, 0x15, 0x42, 0x18, 0x70, 0x32, 0x00, 0x00, 0x00, 0x00, 0x00, 0x14
    .byte 0x99, 0x14, 0x22, 0x02, 0x01, 0x82, 0x14, 0x22, 0x02, 0x2b, 0x00, 0x06, 0x32, 0x00, 0x01, 0x00
    .byte 0x00, 0x00, 0x14, 0xc0, 0x14, 0x22, 0x02, 0x2c, 0x01, 0x00, 0x00, 0x00, 0x15, 0x42, 0x18, 0x70
    .byte 0x32, 0x00, 0x00, 0x00, 0x00, 0x00, 0x14, 0xc0, 0x14, 0x22, 0x02, 0x01, 0xa7, 0x14, 0x22, 0x02
    .byte 0x25, 0x26, 0x16, 0x22, 0x02, 0x20, 0x00, 0x00, 0x2c, 0x86, 0x17, 0x22, 0x02, 0x15, 0x39, 0x20
    .byte 0x00, 0x00, 0x15, 0x42, 0x18, 0x70, 0x32, 0x00, 0x00, 0x00, 0x00, 0x00, 0x14, 0xe6, 0x14, 0x22
    .byte 0x02, 0x01, 0xcf, 0x14, 0x22, 0x02, 0x20, 0x00, 0x00, 0x2c, 0xff, 0xff, 0xff, 0xff, 0x2c, 0xff
    .byte 0xff, 0xff, 0xff, 0x15, 0xdd, 0x18, 0x70, 0x14, 0xde, 0x15, 0x22, 0x02, 0x2c, 0x03, 0x00, 0x00
    .byte 0x00, 0x2c, 0xff, 0xff, 0xff, 0xff, 0x2c, 0xff, 0xff, 0xff, 0xff, 0x15, 0xdd, 0x18, 0x70, 0x32
    .byte 0x00, 0x00, 0x00, 0x00, 0x00, 0x14, 0xde, 0x15, 0x22, 0x02, 0x03, 0x00, 0x10, 0x00, 0x00, 0x00
    .byte 0x30, 0x00, 0x10, 0x00, 0x00, 0x00, 0x14, 0xde, 0x15, 0x22, 0x02, 0x15, 0x6f, 0x18, 0x70, 0x2b
    .byte 0x01, 0x05, 0x1c, 0x10, 0x14, 0xde, 0x15, 0x22, 0x02, 0x15, 0x10, 0x18, 0x70, 0x17, 0x00, 0x15
    .byte 0x11, 0x18, 0x70, 0x17, 0x00, 0x20, 0x00, 0x00, 0x15, 0x6d, 0x18, 0x70, 0x17, 0x00, 0x15, 0x6e
    .byte 0x18, 0x70, 0x17, 0x00, 0x20, 0x00, 0x00, 0x15, 0x65, 0x18, 0x70, 0x28, 0x00, 0x03, 0x2b, 0x00
    .byte 0x03, 0x33, 0x00, 0x40, 0x00, 0x00, 0x00, 0x14, 0x95, 0x15, 0x22, 0x02, 0x15, 0x6e, 0x18, 0x70
    .byte 0x15, 0x11, 0x18, 0x71, 0x1d, 0x10, 0x14, 0x95, 0x15, 0x22, 0x02, 0x2c, 0x01, 0x00, 0x00, 0x00
    .byte 0x2c, 0x3b, 0x1b, 0x22, 0x02, 0x15, 0x39, 0x03, 0x00, 0x01, 0x00, 0x00, 0x00, 0x28, 0x00, 0x06
    .byte 0x25, 0xde, 0x15, 0x22, 0x02, 0x2b, 0x00, 0x03, 0x33, 0x00, 0xc0, 0x00, 0x00, 0x00, 0x14, 0xde
    .byte 0x15, 0x22, 0x02, 0x15, 0x6e, 0x18, 0x70, 0x15, 0x11, 0x18, 0x71, 0x24, 0x01, 0x10, 0x00, 0x00
    .byte 0x00, 0x1d, 0x10, 0x14, 0xc9, 0x15, 0x22, 0x02, 0x2c, 0x01, 0x00, 0x00, 0x00, 0x2c, 0x49, 0x1b
    .byte 0x22, 0x02, 0x15, 0x39, 0x25, 0xd5, 0x15, 0x22, 0x02, 0x2c, 0x01, 0x00, 0x00, 0x00, 0x2c, 0x57
    .byte 0x1b, 0x22, 0x02, 0x15, 0x39, 0x03, 0x00, 0x01, 0x00, 0x00, 0x00, 0x28, 0x00, 0x06, 0x20, 0x00
    .byte 0x00, 0x2c, 0xf6, 0x17, 0x22, 0x02, 0x15, 0x39, 0x20, 0x00, 0x00, 0x15, 0x42, 0x18, 0x70, 0x32
    .byte 0x00, 0x00, 0x00, 0x00, 0x00, 0x14, 0xff, 0x15, 0x22, 0x02, 0x01, 0xe8, 0x15, 0x22, 0x02, 0x2b
    .byte 0x00, 0x06, 0x32, 0x00, 0x01, 0x00, 0x00, 0x00, 0x14, 0x26, 0x16, 0x22, 0x02, 0x2c, 0x01, 0x00
    .byte 0x00, 0x00, 0x15, 0x42, 0x18, 0x70, 0x32, 0x00, 0x00, 0x00, 0x00, 0x00, 0x14, 0x26, 0x16, 0x22
    .byte 0x02, 0x01, 0x0d, 0x16, 0x22, 0x02, 0x00, 0x03, 0x00, 0x01, 0x00, 0x00, 0x00, 0x26, 0x00, 0xbe
    .byte 0x2c, 0x08, 0x00, 0x00, 0x00, 0x2c, 0xcb, 0x11, 0x22, 0x02, 0x15, 0x39, 0x20, 0x00, 0x00, 0x15
    .byte 0x18, 0x20, 0x00, 0x00, 0x15, 0x19, 0x2c, 0x01, 0x00, 0x00, 0x00, 0x15, 0xa9, 0x2c, 0x00, 0x10
    .byte 0x00, 0x00, 0x2c, 0x01, 0x10, 0x00, 0x00, 0x2c, 0x02, 0x10, 0x00, 0x00, 0x2c, 0x02, 0x00, 0x00
    .byte 0x00, 0x20, 0x00, 0x00, 0x15, 0x73, 0x2c, 0x80, 0x01, 0x00, 0x00, 0x15, 0x17, 0x2c, 0x01, 0x00
    .byte 0x00, 0x00, 0x15, 0x2b, 0x2c, 0x80, 0x01, 0x00, 0x00, 0x2c, 0xcf, 0x01, 0x00, 0x00, 0x20, 0x00
    .byte 0x00, 0x2c, 0x00, 0x18, 0x00, 0x00, 0x2c, 0x05, 0x00, 0x00, 0x00, 0x2c, 0x01, 0x00, 0x00, 0x00
    .byte 0x15, 0x1a, 0x15, 0x21, 0x2c, 0x11, 0x10, 0x00, 0x00, 0x2c, 0x01, 0x10, 0x00, 0x00, 0x2c, 0x12
    .byte 0x10, 0x00, 0x00, 0x2c, 0x02, 0x00, 0x00, 0x00, 0x2c, 0x1c, 0x00, 0x00, 0x00, 0x15, 0x73, 0x2c
    .byte 0x00, 0x01, 0x00, 0x00, 0x15, 0x17, 0x2c, 0x1c, 0x00, 0x00, 0x00, 0x15, 0x05, 0x20, 0x00, 0x00
    .byte 0x15, 0x06, 0x15, 0x16, 0x2c, 0x0a, 0x00, 0x00, 0x00, 0x15, 0x07, 0x15, 0x08, 0x00, 0x03, 0x00
    .byte 0x10, 0x00, 0x00, 0x00, 0x31, 0x00, 0x20, 0x00, 0x00, 0x00, 0x14, 0x14, 0x17, 0x22, 0x02, 0x2c
    .byte 0x1d, 0x00, 0x00, 0x00, 0x15, 0x05, 0x2c, 0x01, 0x00, 0x00, 0x00, 0x15, 0x06, 0x20, 0x00, 0x00
    .byte 0x15, 0x2b, 0x2c, 0x80, 0x01, 0x00, 0x00, 0x2c, 0xbf, 0x01, 0x00, 0x00, 0x2c, 0xf8, 0xff, 0xff
    .byte 0xff, 0x2c, 0x00, 0x10, 0x00, 0x00, 0x2c, 0x05, 0x00, 0x00, 0x00, 0x2c, 0x01, 0x00, 0x00, 0x00
    .byte 0x15, 0x1a, 0x15, 0x21, 0x2c, 0x1b, 0x00, 0x00, 0x00, 0x15, 0x05, 0x20, 0x00, 0x00, 0x15, 0x06
    .byte 0x20, 0x00, 0x00, 0x15, 0x2b, 0x2c, 0x80, 0x01, 0x00, 0x00, 0x2c, 0xbf, 0x01, 0x00, 0x00, 0x2c
    .byte 0x10, 0x00, 0x00, 0x00, 0x2c, 0x00, 0x10, 0x00, 0x00, 0x2c, 0x05, 0x00, 0x00, 0x00, 0x2c, 0x01
    .byte 0x00, 0x00, 0x00, 0x15, 0x1a, 0x15, 0x21, 0x2c, 0x01, 0x00, 0x00, 0x00, 0x15, 0x18, 0x2c, 0x01
    .byte 0x00, 0x00, 0x00, 0x15, 0x19, 0x20, 0x00, 0x00, 0x15, 0xa9, 0x2c, 0x00, 0x10, 0x00, 0x00, 0x2c
    .byte 0x01, 0x10, 0x00, 0x00, 0x2c, 0x02, 0x10, 0x00, 0x00, 0x2c, 0x02, 0x00, 0x00, 0x00, 0x2c, 0x0c
    .byte 0x00, 0x00, 0x00, 0x15, 0x73, 0x2c, 0x00, 0x01, 0x00, 0x00, 0x15, 0x17, 0x2c, 0x01, 0x00, 0x00
    .byte 0x00, 0x15, 0x06, 0x15, 0x28, 0x00, 0x03, 0x00, 0x01, 0x00, 0x00, 0x00, 0x26, 0x00, 0xbe, 0x2c
    .byte 0x08, 0x00, 0x00, 0x00, 0x2c, 0xcb, 0x11, 0x22, 0x02, 0x15, 0x39, 0x2c, 0x01, 0x00, 0x00, 0x00
    .byte 0x15, 0xa9, 0x20, 0x00, 0x00, 0x15, 0x18, 0x20, 0x00, 0x00, 0x15, 0x19, 0x2c, 0x00, 0x10, 0x00
    .byte 0x00, 0x2c, 0x01, 0x10, 0x00, 0x00, 0x2c, 0x02, 0x10, 0x00, 0x00, 0x2c, 0x02, 0x00, 0x00, 0x00
    .byte 0x20, 0x00, 0x00, 0x15, 0x73, 0x2c, 0x01, 0x00, 0x00, 0x00, 0x15, 0x2b, 0x2c, 0x80, 0x01, 0x00
    .byte 0x00, 0x15, 0x17, 0x2c, 0x80, 0x01, 0x00, 0x00, 0x2c, 0xcf, 0x01, 0x00, 0x00, 0x2c, 0x10, 0x00
    .byte 0x00, 0x00, 0x2c, 0x00, 0x18, 0x00, 0x00, 0x2c, 0x05, 0x00, 0x00, 0x00, 0x2c, 0x01, 0x00, 0x00
    .byte 0x00, 0x15, 0x1a, 0x15, 0x21, 0x00, 0x2c, 0x11, 0x10, 0x00, 0x00, 0x2c, 0x01, 0x10, 0x00, 0x00
    .byte 0x2c, 0x12, 0x10, 0x00, 0x00, 0x2c, 0x02, 0x00, 0x00, 0x00, 0x2c, 0x1b, 0x00, 0x00, 0x00, 0x15
    .byte 0x73, 0x2c, 0x00, 0x01, 0x00, 0x00, 0x15, 0x17, 0x20, 0x00, 0x00, 0x15, 0x2b, 0x20, 0x00, 0x00
    .byte 0x2c, 0x01, 0x00, 0x00, 0x00, 0x15, 0x38, 0x03, 0x00, 0x10, 0x00, 0x00, 0x00, 0x33, 0x00, 0x10
    .byte 0x00, 0x00, 0x00, 0x14, 0x5d, 0x18, 0x22, 0x02, 0x2c, 0x80, 0x01, 0x00, 0x00, 0x2c, 0xcf, 0x01
    .byte 0x00, 0x00, 0x20, 0x00, 0x00, 0x2c, 0x00, 0x20, 0x00, 0x00, 0x2c, 0x05, 0x00, 0x00, 0x00, 0x2c
    .byte 0x01, 0x00, 0x00, 0x00, 0x15, 0x1a, 0x15, 0x21, 0x25, 0xb2, 0x18, 0x22, 0x02, 0x2c, 0x80, 0x01
    .byte 0x00, 0x00, 0x2c, 0xcf, 0x01, 0x00, 0x00, 0x2c, 0x04, 0x00, 0x00, 0x00, 0x2c, 0x00, 0x10, 0x00
    .byte 0x00, 0x2c, 0x05, 0x00, 0x00, 0x00, 0x2c, 0x01, 0x00, 0x00, 0x00, 0x15, 0x1a, 0x15, 0x21, 0x2c
    .byte 0x1d, 0x00, 0x00, 0x00, 0x15, 0x05, 0x2c, 0x01, 0x00, 0x00, 0x00, 0x15, 0x06, 0x20, 0x00, 0x00
    .byte 0x15, 0x2b, 0x2c, 0x80, 0x01, 0x00, 0x00, 0x2c, 0xcf, 0x01, 0x00, 0x00, 0x20, 0x00, 0x00, 0x2c
    .byte 0x00, 0x10, 0x00, 0x00, 0x2c, 0x05, 0x00, 0x00, 0x00, 0x2c, 0x01, 0x00, 0x00, 0x00, 0x15, 0x1a
    .byte 0x15, 0x21, 0x2c, 0x01, 0x00, 0x00, 0x00, 0x20, 0x00, 0x00, 0x15, 0x38, 0x2c, 0x02, 0x00, 0x00
    .byte 0x00, 0x2c, 0x57, 0x00, 0x00, 0x00, 0x15, 0xe0, 0x2c, 0x09, 0x10, 0x00, 0x00, 0x2c, 0x01, 0x10
    .byte 0x00, 0x00, 0x2c, 0x0a, 0x10, 0x00, 0x00, 0x2c, 0x02, 0x00, 0x00, 0x00, 0x2c, 0x18, 0x00, 0x00
    .byte 0x00, 0x15, 0x73, 0x2c, 0x00, 0x01, 0x00, 0x00, 0x15, 0x17, 0x15, 0x16, 0x2c, 0x00, 0x10, 0x00
    .byte 0x00, 0x2c, 0x01, 0x10, 0x00, 0x00, 0x2c, 0x02, 0x10, 0x00, 0x00, 0x2c, 0x02, 0x00, 0x00, 0x00
    .byte 0x20, 0x00, 0x00, 0x15, 0x73, 0x2c, 0x00, 0x01, 0x00, 0x00, 0x15, 0x17, 0x2c, 0x01, 0x00, 0x00
    .byte 0x00, 0x15, 0x2b, 0x20, 0x00, 0x00, 0x2c, 0x0c, 0x00, 0x00, 0x00, 0x20, 0x00, 0x00, 0x2c, 0x70
    .byte 0x17, 0x00, 0x00, 0x2c, 0x04, 0x00, 0x00, 0x00, 0x2c, 0x01, 0x00, 0x00, 0x00, 0x15, 0x1a, 0x15
    .byte 0x21, 0x2c, 0x08, 0x00, 0x00, 0x00, 0x15, 0x05, 0x2c, 0x01, 0x00, 0x00, 0x00, 0x15, 0x18, 0x2c
    .byte 0x01, 0x00, 0x00, 0x00, 0x15, 0x19, 0x20, 0x00, 0x00, 0x15, 0xa9, 0x15, 0x28, 0x00, 0x03, 0x00
    .byte 0x00, 0x00, 0x00, 0x00, 0x28, 0x00, 0x00, 0x01, 0x78, 0x19, 0x22, 0x02, 0x03, 0x00, 0x01, 0x00
    .byte 0x00, 0x00, 0x28, 0x00, 0x00, 0x01, 0x78, 0x19, 0x22, 0x02, 0x03, 0x00, 0x02, 0x00, 0x00, 0x00
    .byte 0x28, 0x00, 0x00, 0x01, 0x78, 0x19, 0x22, 0x02, 0x15, 0x28, 0x2c, 0x14, 0x00, 0x00, 0x00, 0x15
    .byte 0x07, 0x15, 0x08, 0x20, 0x00, 0x00, 0x15, 0x18, 0x20, 0x00, 0x00, 0x15, 0x19, 0x2c, 0x01, 0x00
    .byte 0x00, 0x00, 0x15, 0xa9, 0x2c, 0x00, 0x01, 0x00, 0x00, 0x15, 0x17, 0x2c, 0x01, 0x00, 0x00, 0x00
    .byte 0x15, 0x2b, 0x2b, 0x00, 0x00, 0x32, 0x00, 0x00, 0x00, 0x00, 0x00, 0x14, 0xd5, 0x19, 0x22, 0x02
    .byte 0x2c, 0x80, 0x01, 0x00, 0x00, 0x2c, 0xcf, 0x01, 0x00, 0x00, 0x20, 0x00, 0x00, 0x2c, 0x00, 0x20
    .byte 0x00, 0x00, 0x2c, 0x05, 0x00, 0x00, 0x00, 0x2c, 0x01, 0x00, 0x00, 0x00, 0x15, 0x1a, 0x15, 0x21
    .byte 0x25, 0x6c, 0x1a, 0x22, 0x02, 0x2b, 0x00, 0x00, 0x32, 0x00, 0x01, 0x00, 0x00, 0x00, 0x14, 0x2a
    .byte 0x1a, 0x22, 0x02, 0x2c, 0x80, 0x01, 0x00, 0x00, 0x15, 0x11, 0x18, 0x70, 0x17, 0x00, 0x20, 0x00
    .byte 0x00, 0x2c, 0x00, 0x20, 0x00, 0x00, 0x2c, 0x05, 0x00, 0x00, 0x00, 0x2c, 0x01, 0x00, 0x00, 0x00
    .byte 0x15, 0x1a, 0x15, 0x21, 0x15, 0x10, 0x18, 0x70, 0x17, 0x00, 0x2c, 0xcf, 0x01, 0x00, 0x00, 0x20
    .byte 0x00, 0x00, 0x2c, 0x00, 0x20, 0x00, 0x00, 0x2c, 0x05, 0x00, 0x00, 0x00, 0x2c, 0x01, 0x00, 0x00
    .byte 0x00, 0x15, 0x1a, 0x15, 0x21, 0x25, 0x6c, 0x1a, 0x22, 0x02, 0x15, 0x10, 0x18, 0x70, 0x17, 0x00
    .byte 0x2c, 0xcf, 0x01, 0x00, 0x00, 0x20, 0x00, 0x00, 0x2c, 0x00, 0x20, 0x00, 0x00, 0x2c, 0x05, 0x00
    .byte 0x00, 0x00, 0x2c, 0x01, 0x00, 0x00, 0x00, 0x15, 0x1a, 0x15, 0x21, 0x2c, 0x80, 0x01, 0x00, 0x00
    .byte 0x15, 0x11, 0x18, 0x70, 0x17, 0x00, 0x20, 0x00, 0x00, 0x2c, 0x00, 0x20, 0x00, 0x00, 0x2c, 0x05
    .byte 0x00, 0x00, 0x00, 0x2c, 0x01, 0x00, 0x00, 0x00, 0x15, 0x1a, 0x15, 0x21, 0x20, 0x00, 0x00, 0x2c
    .byte 0x01, 0x00, 0x00, 0x00, 0x15, 0x38, 0x03, 0x00, 0x01, 0x00, 0x00, 0x00, 0x26, 0x00, 0xbe, 0x2c
    .byte 0x08, 0x00, 0x00, 0x00, 0x2c, 0xcb, 0x11, 0x22, 0x02, 0x15, 0x39, 0x2c, 0x16, 0x00, 0x00, 0x00
    .byte 0x15, 0x05, 0x20, 0x00, 0x00, 0x15, 0x06, 0x15, 0x16, 0x2c, 0x0a, 0x00, 0x00, 0x00, 0x15, 0x07
    .byte 0x15, 0x08, 0x03, 0x00, 0x10, 0x00, 0x00, 0x00, 0x30, 0x00, 0x10, 0x00, 0x00, 0x00, 0x14, 0xe8
    .byte 0x1a, 0x22, 0x02, 0x2c, 0x15, 0x00, 0x00, 0x00, 0x15, 0x05, 0x2c, 0x01, 0x00, 0x00, 0x00, 0x15
    .byte 0x06, 0x20, 0x00, 0x00, 0x15, 0x2b, 0x2c, 0x80, 0x01, 0x00, 0x00, 0x2c, 0xbf, 0x01, 0x00, 0x00
    .byte 0x2c, 0xf8, 0xff, 0xff, 0xff, 0x2c, 0x00, 0x10, 0x00, 0x00, 0x2c, 0x05, 0x00, 0x00, 0x00, 0x2c
    .byte 0x01, 0x00, 0x00, 0x00, 0x15, 0x1a, 0x15, 0x21, 0x2c, 0x17, 0x00, 0x00, 0x00, 0x15, 0x05, 0x20
    .byte 0x00, 0x00, 0x15, 0x06, 0x20, 0x00, 0x00, 0x15, 0x2b, 0x2c, 0x80, 0x01, 0x00, 0x00, 0x2c, 0xbf
    .byte 0x01, 0x00, 0x00, 0x2c, 0x10, 0x00, 0x00, 0x00, 0x2c, 0x00, 0x10, 0x00, 0x00, 0x2c, 0x05, 0x00
    .byte 0x00, 0x00, 0x2c, 0x01, 0x00, 0x00, 0x00, 0x15, 0x1a, 0x15, 0x21, 0x2c, 0x01, 0x00, 0x00, 0x00
    .byte 0x20, 0x00, 0x00, 0x15, 0x38, 0x2c, 0x01, 0x00, 0x00, 0x00, 0x15, 0x18, 0x2c, 0x01, 0x00, 0x00
    .byte 0x00, 0x15, 0x19, 0x20, 0x00, 0x00, 0x15, 0xa9, 0x15, 0x2c, 0x00, 0x03, 0x00, 0x00, 0x00, 0x00
    .byte 0x00, 0x28, 0x00, 0x00, 0x01, 0x65, 0x1b, 0x22, 0x02, 0x03, 0x00, 0x01, 0x00, 0x00, 0x00, 0x28
    .byte 0x00, 0x00, 0x01, 0x65, 0x1b, 0x22, 0x02, 0x03, 0x00, 0x02, 0x00, 0x00, 0x00, 0x28, 0x00, 0x00
    .byte 0x01, 0x65, 0x1b, 0x22, 0x02, 0x15, 0x28, 0x2c, 0x14, 0x00, 0x00, 0x00, 0x15, 0x07, 0x15, 0x08
    .byte 0x2c, 0x01, 0x00, 0x00, 0x00, 0x15, 0xa9, 0x20, 0x00, 0x00, 0x15, 0x18, 0x20, 0x00, 0x00, 0x15
    .byte 0x19, 0x2c, 0x01, 0x00, 0x00, 0x00, 0x15, 0x2b, 0x2b, 0x00, 0x00, 0x32, 0x00, 0x00, 0x00, 0x00
    .byte 0x00, 0x14, 0xbd, 0x1b, 0x22, 0x02, 0x2c, 0x80, 0x01, 0x00, 0x00, 0x2c, 0xc3, 0x01, 0x00, 0x00
    .byte 0x2c, 0x10, 0x00, 0x00, 0x00, 0x2c, 0x00, 0x20, 0x00, 0x00, 0x2c, 0x05, 0x00, 0x00, 0x00, 0x2c
    .byte 0x01, 0x00, 0x00, 0x00, 0x15, 0x1a, 0x15, 0x21, 0x25, 0x86, 0x1c, 0x22, 0x02, 0x2b, 0x00, 0x00
    .byte 0x32, 0x00, 0x01, 0x00, 0x00, 0x00, 0x14, 0x16, 0x1c, 0x22, 0x02, 0x2c, 0x80, 0x01, 0x00, 0x00
    .byte 0x15, 0x11, 0x18, 0x70, 0x17, 0x00, 0x2c, 0x10, 0x00, 0x00, 0x00, 0x2c, 0x00, 0x20, 0x00, 0x00
    .byte 0x2c, 0x05, 0x00, 0x00, 0x00, 0x2c, 0x01, 0x00, 0x00, 0x00, 0x15, 0x1a, 0x15, 0x21, 0x15, 0x10
    .byte 0x18, 0x70, 0x17, 0x00, 0x2c, 0xc3, 0x01, 0x00, 0x00, 0x2c, 0x10, 0x00, 0x00, 0x00, 0x2c, 0x00
    .byte 0x20, 0x00, 0x00, 0x2c, 0x05, 0x00, 0x00, 0x00, 0x2c, 0x01, 0x00, 0x00, 0x00, 0x15, 0x1a, 0x15
    .byte 0x21, 0x25, 0x86, 0x1c, 0x22, 0x02, 0x15, 0x10, 0x18, 0x70, 0x17, 0x00, 0x2c, 0xb3, 0x01, 0x00
    .byte 0x00, 0x2c, 0x10, 0x00, 0x00, 0x00, 0x2c, 0x00, 0x20, 0x00, 0x00, 0x2c, 0x05, 0x00, 0x00, 0x00
    .byte 0x2c, 0x01, 0x00, 0x00, 0x00, 0x15, 0x1a, 0x15, 0x21, 0x2c, 0x80, 0x01, 0x00, 0x00, 0x15, 0x11
    .byte 0x18, 0x70, 0x17, 0x00, 0x2c, 0x10, 0x00, 0x00, 0x00, 0x2c, 0x00, 0x20, 0x00, 0x00, 0x2c, 0x05
    .byte 0x00, 0x00, 0x00, 0x2c, 0x01, 0x00, 0x00, 0x00, 0x15, 0x1a, 0x15, 0x21, 0x15, 0x10, 0x18, 0x70
    .byte 0x17, 0x00, 0x15, 0x11, 0x18, 0x70, 0x05, 0x00, 0x10, 0x00, 0x00, 0x00, 0x17, 0x00, 0x2c, 0x10
    .byte 0x00, 0x00, 0x00, 0x2c, 0x00, 0x20, 0x00, 0x00, 0x2c, 0x05, 0x00, 0x00, 0x00, 0x2c, 0x01, 0x00
    .byte 0x00, 0x00, 0x15, 0x1a, 0x15, 0x21, 0x03, 0x00, 0x01, 0x00, 0x00, 0x00, 0x26, 0x00, 0xbe, 0x2c
    .byte 0x08, 0x00, 0x00, 0x00, 0x2c, 0xcb, 0x11, 0x22, 0x02, 0x15, 0x39, 0x2c, 0x16, 0x00, 0x00, 0x00
    .byte 0x15, 0x05, 0x20, 0x00, 0x00, 0x15, 0x2b, 0x20, 0x00, 0x00, 0x2c, 0x02, 0x00, 0x00, 0x00, 0x15
    .byte 0x38, 0x2c, 0x80, 0x01, 0x00, 0x00, 0x2c, 0xcf, 0x01, 0x00, 0x00, 0x2c, 0x04, 0x00, 0x00, 0x00
    .byte 0x2c, 0x00, 0x10, 0x00, 0x00, 0x2c, 0x05, 0x00, 0x00, 0x00, 0x2c, 0x01, 0x00, 0x00, 0x00, 0x15
    .byte 0x1a, 0x15, 0x21, 0x2c, 0x15, 0x00, 0x00, 0x00, 0x15, 0x05, 0x2c, 0x01, 0x00, 0x00, 0x00, 0x15
    .byte 0x06, 0x20, 0x00, 0x00, 0x15, 0x2b, 0x2c, 0x80, 0x01, 0x00, 0x00, 0x2c, 0xcf, 0x01, 0x00, 0x00
    .byte 0x20, 0x00, 0x00, 0x2c, 0x00, 0x10, 0x00, 0x00, 0x2c, 0x05, 0x00, 0x00, 0x00, 0x2c, 0x01, 0x00
    .byte 0x00, 0x00, 0x15, 0x1a, 0x15, 0x21, 0x2c, 0x02, 0x00, 0x00, 0x00, 0x2c, 0x57, 0x00, 0x00, 0x00
    .byte 0x15, 0xe0, 0x2c, 0x01, 0x00, 0x00, 0x00, 0x15, 0x2b, 0x20, 0x00, 0x00, 0x2c, 0x08, 0x00, 0x00
    .byte 0x00, 0x20, 0x00, 0x00, 0x2c, 0x00, 0x10, 0x00, 0x00, 0x2c, 0x04, 0x00, 0x00, 0x00, 0x2c, 0x01
    .byte 0x00, 0x00, 0x00, 0x15, 0x1a, 0x15, 0x21, 0x2c, 0x01, 0x00, 0x00, 0x00, 0x20, 0x00, 0x00, 0x15
    .byte 0x38, 0x2c, 0x01, 0x00, 0x00, 0x00, 0x15, 0x18, 0x2c, 0x01, 0x00, 0x00, 0x00, 0x15, 0x19, 0x20
    .byte 0x00, 0x00, 0x15, 0xa9, 0x15, 0x2c, 0x00, 0x20, 0x00, 0x00, 0x15, 0x09, 0x20, 0x00, 0x00, 0x2c
    .byte 0xe8, 0xff, 0xff, 0xff, 0x15, 0x03, 0x2c, 0x01, 0x00, 0x00, 0x00, 0x2c, 0xc0, 0xff, 0xff, 0xff
    .byte 0x2c, 0xd0, 0xff, 0xff, 0xff, 0x2c, 0x40, 0x00, 0x00, 0x00, 0x20, 0x00, 0x00, 0x15, 0x5c, 0x2c
    .byte 0x69, 0x01, 0x00, 0x00, 0x15, 0x37, 0x18, 0x70, 0x32, 0x00, 0x01, 0x00, 0x00, 0x00, 0x14, 0x9e
    .byte 0x1d, 0x22, 0x02, 0x20, 0x00, 0x00, 0x15, 0x18, 0x20, 0x00, 0x00, 0x15, 0x19, 0x00, 0x2c, 0x69
    .byte 0x01, 0x00, 0x00, 0x15, 0x37, 0x18, 0x70, 0x32, 0x00, 0x00, 0x00, 0x00, 0x00, 0x14, 0xbe, 0x1d
    .byte 0x22, 0x02, 0x2c, 0x01, 0x00, 0x00, 0x00, 0x2c, 0xae, 0x25, 0x22, 0x02, 0x15, 0x29, 0x00, 0x2c
    .byte 0x01, 0x00, 0x00, 0x00, 0x20, 0x00, 0x00, 0x20, 0x00, 0x00, 0x20, 0x00, 0x00, 0x20, 0x00, 0x00
    .byte 0x15, 0x5c, 0x2c, 0x69, 0x01, 0x00, 0x00, 0x15, 0x37, 0x18, 0x70, 0x32, 0x00, 0x01, 0x00, 0x00
    .byte 0x00, 0x14, 0xf6, 0x1d, 0x22, 0x02, 0x20, 0x00, 0x00, 0x15, 0x18, 0x20, 0x00, 0x00, 0x15, 0x19
    .byte 0x20, 0x00, 0x00, 0x15, 0x09, 0x00, 0x2c, 0x01, 0x00, 0x00, 0x00, 0x15, 0x05, 0x00, 0x2c, 0x01
    .byte 0x00, 0x00, 0x00, 0x20, 0x00, 0x00, 0x20, 0x00, 0x00, 0x20, 0x00, 0x00, 0x20, 0x00, 0x00, 0x15
    .byte 0x5c, 0x2c, 0x01, 0x00, 0x00, 0x00, 0x15, 0x23, 0x2c, 0x69, 0x01, 0x00, 0x00, 0x15, 0x37, 0x18
    .byte 0x70, 0x32, 0x00, 0x01, 0x00, 0x00, 0x00, 0x14, 0x3c, 0x1e, 0x22, 0x02, 0x20, 0x00, 0x00, 0x15
    .byte 0x18, 0x20, 0x00, 0x00, 0x15, 0x19, 0x20, 0x00, 0x00, 0x15, 0x09, 0x00, 0x2c, 0x01, 0x00, 0x00
    .byte 0x00, 0x15, 0x05, 0x00, 0x20, 0x00, 0x00, 0x15, 0x09, 0x15, 0x10, 0x18, 0x70, 0x17, 0x00, 0x15
    .byte 0x11, 0x18, 0x70, 0x17, 0x00, 0x2c, 0x80, 0x00, 0x00, 0x00, 0x15, 0x02, 0x2c, 0xd0, 0xff, 0xff
    .byte 0xff, 0x2c, 0xc2, 0xff, 0xff, 0xff, 0x2c, 0x30, 0x00, 0x00, 0x00, 0x2c, 0x18, 0x00, 0x00, 0x00
    .byte 0x15, 0x72, 0x2c, 0x01, 0x00, 0x00, 0x00, 0x2c, 0xda, 0xff, 0xff, 0xff, 0x2c, 0xc9, 0xff, 0xff
    .byte 0xff, 0x2c, 0x26, 0x00, 0x00, 0x00, 0x2c, 0x10, 0x00, 0x00, 0x00, 0x15, 0x5c, 0x2c, 0x6a, 0x01
    .byte 0x00, 0x00, 0x15, 0x37, 0x18, 0x70, 0x32, 0x00, 0x00, 0x00, 0x00, 0x00, 0x14, 0xfd, 0x1e, 0x22
    .byte 0x02, 0x20, 0x00, 0x00, 0x15, 0x05, 0x2c, 0x48, 0x01, 0x00, 0x00, 0x15, 0x37, 0x18, 0x70, 0x32
    .byte 0x00, 0x01, 0x00, 0x00, 0x00, 0x14, 0xec, 0x1e, 0x22, 0x02, 0x2c, 0x01, 0x00, 0x00, 0x00, 0x15
    .byte 0x09, 0x15, 0x10, 0x18, 0x70, 0x17, 0x00, 0x15, 0x11, 0x18, 0x70, 0x17, 0x00, 0x2c, 0x10, 0x00
    .byte 0x00, 0x00, 0x15, 0x02, 0x2c, 0x01, 0x00, 0x00, 0x00, 0x15, 0x05, 0x2c, 0x01, 0x00, 0x00, 0x00
    .byte 0x2c, 0xc7, 0x29, 0x22, 0x02, 0x15, 0x29, 0x25, 0xf8, 0x1e, 0x22, 0x02, 0x2c, 0x01, 0x00, 0x00
    .byte 0x00, 0x2c, 0x09, 0x28, 0x22, 0x02, 0x15, 0x29, 0x25, 0x1e, 0x1f, 0x22, 0x02, 0x2c, 0x01, 0x00
    .byte 0x00, 0x00, 0x15, 0x09, 0x15, 0x10, 0x18, 0x70, 0x17, 0x00, 0x15, 0x11, 0x18, 0x70, 0x17, 0x00
    .byte 0x2c, 0x10, 0x00, 0x00, 0x00, 0x15, 0x02, 0x2c, 0x06, 0x00, 0x00, 0x00, 0x15, 0x05, 0x29, 0x00
    .byte 0xcc, 0x32, 0x00, 0x01, 0x00, 0x00, 0x00, 0x14, 0x4d, 0x1f, 0x22, 0x02, 0x2c, 0x01, 0x00, 0x00
    .byte 0x00, 0x15, 0x09, 0x15, 0x10, 0x18, 0x70, 0x17, 0x00, 0x15, 0x11, 0x18, 0x70, 0x17, 0x00, 0x2c
    .byte 0x10, 0x00, 0x00, 0x00, 0x15, 0x02, 0x2c, 0x01, 0x00, 0x00, 0x00, 0x15, 0x05, 0x2c, 0x69, 0x01
    .byte 0x00, 0x00, 0x15, 0x37, 0x18, 0x70, 0x32, 0x00, 0x01, 0x00, 0x00, 0x00, 0x14, 0x7b, 0x1f, 0x22
    .byte 0x02, 0x2c, 0x01, 0x00, 0x00, 0x00, 0x15, 0x09, 0x15, 0x10, 0x18, 0x70, 0x17, 0x00, 0x15, 0x11
    .byte 0x18, 0x70, 0x17, 0x00, 0x2c, 0x10, 0x00, 0x00, 0x00, 0x15, 0x02, 0x00, 0x20, 0x00, 0x00, 0x15
    .byte 0x09, 0x2c, 0x9d, 0xff, 0xff, 0xff, 0x15, 0x1b, 0x00, 0x00, 0x00, 0x00, 0x20, 0x00, 0x00, 0x15
    .byte 0x09, 0x00, 0x20, 0x00, 0x00, 0x15, 0x09, 0x00, 0x20, 0x00, 0x00, 0x15, 0x05, 0x2c, 0x69, 0x01
    .byte 0x00, 0x00, 0x15, 0x37, 0x18, 0x70, 0x32, 0x00, 0x01, 0x00, 0x00, 0x00, 0x14, 0xbf, 0x1f, 0x22
    .byte 0x02, 0x2c, 0x02, 0x00, 0x00, 0x00, 0x15, 0x05, 0x2c, 0x01, 0x00, 0x00, 0x00, 0x15, 0x06, 0x00
    .byte 0x2c, 0x01, 0x00, 0x00, 0x00, 0x15, 0x05, 0x2c, 0x69, 0x01, 0x00, 0x00, 0x15, 0x37, 0x18, 0x70
    .byte 0x32, 0x00, 0x01, 0x00, 0x00, 0x00, 0x14, 0xe9, 0x1f, 0x22, 0x02, 0x2c, 0x04, 0x00, 0x00, 0x00
    .byte 0x15, 0x05, 0x2c, 0x01, 0x00, 0x00, 0x00, 0x15, 0x06, 0x00, 0x20, 0x00, 0x00, 0x15, 0x05, 0x2c
    .byte 0x69, 0x01, 0x00, 0x00, 0x15, 0x37, 0x18, 0x70, 0x32, 0x00, 0x01, 0x00, 0x00, 0x00, 0x14, 0x11
    .byte 0x20, 0x22, 0x02, 0x2c, 0x03, 0x00, 0x00, 0x00, 0x15, 0x05, 0x2c, 0x01, 0x00, 0x00, 0x00, 0x15
    .byte 0x06, 0x00, 0x2c, 0x01, 0x00, 0x00, 0x00, 0x15, 0x05, 0x2c, 0x69, 0x01, 0x00, 0x00, 0x15, 0x37
    .byte 0x18, 0x70, 0x32, 0x00, 0x01, 0x00, 0x00, 0x00, 0x14, 0x3b, 0x20, 0x22, 0x02, 0x2c, 0x05, 0x00
    .byte 0x00, 0x00, 0x15, 0x05, 0x2c, 0x01, 0x00, 0x00, 0x00, 0x15, 0x06, 0x00, 0x20, 0x00, 0x00, 0x15
    .byte 0x05, 0x2c, 0x69, 0x01, 0x00, 0x00, 0x15, 0x37, 0x18, 0x70, 0x32, 0x00, 0x01, 0x00, 0x00, 0x00
    .byte 0x14, 0x63, 0x20, 0x22, 0x02, 0x2c, 0x03, 0x00, 0x00, 0x00, 0x15, 0x05, 0x2c, 0x01, 0x00, 0x00
    .byte 0x00, 0x15, 0x06, 0x00, 0x2c, 0x01, 0x00, 0x00, 0x00, 0x15, 0x05, 0x2c, 0x69, 0x01, 0x00, 0x00
    .byte 0x15, 0x37, 0x18, 0x70, 0x32, 0x00, 0x01, 0x00, 0x00, 0x00, 0x14, 0x8d, 0x20, 0x22, 0x02, 0x2c
    .byte 0x05, 0x00, 0x00, 0x00, 0x15, 0x05, 0x2c, 0x01, 0x00, 0x00, 0x00, 0x15, 0x06, 0x00, 0x2c, 0xf0
    .byte 0xff, 0xff, 0xff, 0x15, 0x1b, 0x2c, 0x13, 0x00, 0x00, 0x00, 0x2c, 0x07, 0x00, 0x00, 0x00, 0x15
    .byte 0x47, 0x18, 0x70, 0x17, 0x00, 0x2c, 0x13, 0x00, 0x00, 0x00, 0x2c, 0x08, 0x00, 0x00, 0x00, 0x15
    .byte 0x47, 0x18, 0x70, 0x17, 0x00, 0x2c, 0x13, 0x00, 0x00, 0x00, 0x2c, 0x09, 0x00, 0x00, 0x00, 0x15
    .byte 0x47, 0x18, 0x70, 0x17, 0x00, 0x15, 0x02, 0x20, 0x00, 0x00, 0x15, 0x09, 0x2c, 0x69, 0x01, 0x00
    .byte 0x00, 0x15, 0x37, 0x18, 0x70, 0x32, 0x00, 0x01, 0x00, 0x00, 0x00, 0x14, 0x07, 0x21, 0x22, 0x02
    .byte 0x2c, 0x70, 0x22, 0x00, 0x00, 0x2c, 0x6e, 0x22, 0x00, 0x00, 0x2c, 0x71, 0x22, 0x00, 0x00, 0x2c
    .byte 0x02, 0x00, 0x00, 0x00, 0x20, 0x00, 0x00, 0x15, 0x73, 0x2c, 0x01, 0x00, 0x00, 0x00, 0x15, 0x09
    .byte 0x2c, 0x01, 0x00, 0x00, 0x00, 0x15, 0x06, 0x00, 0x2c, 0xf0, 0xff, 0xff, 0xff, 0x15, 0x1b, 0x2c
    .byte 0x14, 0x00, 0x00, 0x00, 0x2c, 0x07, 0x00, 0x00, 0x00, 0x15, 0x47, 0x18, 0x70, 0x17, 0x00, 0x2c
    .byte 0x14, 0x00, 0x00, 0x00, 0x2c, 0x08, 0x00, 0x00, 0x00, 0x15, 0x47, 0x18, 0x70, 0x17, 0x00, 0x2c
    .byte 0x14, 0x00, 0x00, 0x00, 0x2c, 0x09, 0x00, 0x00, 0x00, 0x15, 0x47, 0x18, 0x70, 0x17, 0x00, 0x15
    .byte 0x02, 0x20, 0x00, 0x00, 0x15, 0x09, 0x2c, 0x69, 0x01, 0x00, 0x00, 0x15, 0x37, 0x18, 0x70, 0x32
    .byte 0x00, 0x01, 0x00, 0x00, 0x00, 0x14, 0x81, 0x21, 0x22, 0x02, 0x2c, 0x70, 0x22, 0x00, 0x00, 0x2c
    .byte 0x6e, 0x22, 0x00, 0x00, 0x2c, 0x71, 0x22, 0x00, 0x00, 0x2c, 0x02, 0x00, 0x00, 0x00, 0x20, 0x00
    .byte 0x00, 0x15, 0x73, 0x2c, 0x01, 0x00, 0x00, 0x00, 0x15, 0x09, 0x2c, 0x01, 0x00, 0x00, 0x00, 0x15
    .byte 0x06, 0x00, 0x2c, 0xf0, 0xff, 0xff, 0xff, 0x15, 0x1b, 0x2c, 0x11, 0x00, 0x00, 0x00, 0x2c, 0x07
    .byte 0x00, 0x00, 0x00, 0x15, 0x47, 0x18, 0x70, 0x17, 0x00, 0x2c, 0x11, 0x00, 0x00, 0x00, 0x2c, 0x08
    .byte 0x00, 0x00, 0x00, 0x15, 0x47, 0x18, 0x70, 0x17, 0x00, 0x2c, 0x11, 0x00, 0x00, 0x00, 0x2c, 0x09
    .byte 0x00, 0x00, 0x00, 0x15, 0x47, 0x18, 0x70, 0x17, 0x00, 0x15, 0x02, 0x20, 0x00, 0x00, 0x15, 0x09
    .byte 0x2c, 0x69, 0x01, 0x00, 0x00, 0x15, 0x37, 0x18, 0x70, 0x32, 0x00, 0x01, 0x00, 0x00, 0x00, 0x14
    .byte 0xfb, 0x21, 0x22, 0x02, 0x2c, 0x70, 0x22, 0x00, 0x00, 0x2c, 0x6e, 0x22, 0x00, 0x00, 0x2c, 0x71
    .byte 0x22, 0x00, 0x00, 0x2c, 0x02, 0x00, 0x00, 0x00, 0x20, 0x00, 0x00, 0x15, 0x73, 0x2c, 0x01, 0x00
    .byte 0x00, 0x00, 0x15, 0x09, 0x2c, 0x01, 0x00, 0x00, 0x00, 0x15, 0x06, 0x00, 0x2c, 0xf0, 0xff, 0xff
    .byte 0xff, 0x15, 0x1b, 0x2c, 0x12, 0x00, 0x00, 0x00, 0x2c, 0x07, 0x00, 0x00, 0x00, 0x15, 0x47, 0x18
    .byte 0x70, 0x17, 0x00, 0x2c, 0x12, 0x00, 0x00, 0x00, 0x2c, 0x08, 0x00, 0x00, 0x00, 0x15, 0x47, 0x18
    .byte 0x70, 0x17, 0x00, 0x2c, 0x12, 0x00, 0x00, 0x00, 0x2c, 0x09, 0x00, 0x00, 0x00, 0x15, 0x47, 0x18
    .byte 0x70, 0x17, 0x00, 0x15, 0x02, 0x20, 0x00, 0x00, 0x15, 0x09, 0x2c, 0x69, 0x01, 0x00, 0x00, 0x15
    .byte 0x37, 0x18, 0x70, 0x32, 0x00, 0x01, 0x00, 0x00, 0x00, 0x14, 0x75, 0x22, 0x22, 0x02, 0x2c, 0x70
    .byte 0x22, 0x00, 0x00, 0x2c, 0x6e, 0x22, 0x00, 0x00, 0x2c, 0x71, 0x22, 0x00, 0x00, 0x2c, 0x02, 0x00
    .byte 0x00, 0x00, 0x20, 0x00, 0x00, 0x15, 0x73, 0x2c, 0x01, 0x00, 0x00, 0x00, 0x15, 0x09, 0x2c, 0x01
    .byte 0x00, 0x00, 0x00, 0x15, 0x06, 0x00, 0x2c, 0xfc, 0xff, 0xff, 0xff, 0x15, 0x1b, 0x2c, 0x15, 0x00
    .byte 0x00, 0x00, 0x2c, 0x07, 0x00, 0x00, 0x00, 0x15, 0x47, 0x18, 0x70, 0x17, 0x00, 0x2c, 0x15, 0x00
    .byte 0x00, 0x00, 0x2c, 0x08, 0x00, 0x00, 0x00, 0x15, 0x47, 0x18, 0x70, 0x17, 0x00, 0x2c, 0x15, 0x00
    .byte 0x00, 0x00, 0x2c, 0x09, 0x00, 0x00, 0x00, 0x15, 0x47, 0x18, 0x70, 0x17, 0x00, 0x15, 0x02, 0x20
    .byte 0x00, 0x00, 0x15, 0x09, 0x2c, 0x69, 0x01, 0x00, 0x00, 0x15, 0x37, 0x18, 0x70, 0x32, 0x00, 0x01
    .byte 0x00, 0x00, 0x00, 0x14, 0xef, 0x22, 0x22, 0x02, 0x2c, 0x70, 0x22, 0x00, 0x00, 0x2c, 0x6e, 0x22
    .byte 0x00, 0x00, 0x2c, 0x71, 0x22, 0x00, 0x00, 0x2c, 0x02, 0x00, 0x00, 0x00, 0x20, 0x00, 0x00, 0x15
    .byte 0x73, 0x2c, 0x01, 0x00, 0x00, 0x00, 0x15, 0x09, 0x2c, 0x01, 0x00, 0x00, 0x00, 0x15, 0x06, 0x00
    .byte 0x2c, 0xfc, 0xff, 0xff, 0xff, 0x15, 0x1b, 0x2c, 0x16, 0x00, 0x00, 0x00, 0x2c, 0x07, 0x00, 0x00
    .byte 0x00, 0x15, 0x47, 0x18, 0x70, 0x17, 0x00, 0x2c, 0x16, 0x00, 0x00, 0x00, 0x2c, 0x08, 0x00, 0x00
    .byte 0x00, 0x15, 0x47, 0x18, 0x70, 0x17, 0x00, 0x2c, 0x16, 0x00, 0x00, 0x00, 0x2c, 0x09, 0x00, 0x00
    .byte 0x00, 0x15, 0x47, 0x18, 0x70, 0x17, 0x00, 0x15, 0x02, 0x20, 0x00, 0x00, 0x15, 0x09, 0x2c, 0x69
    .byte 0x01, 0x00, 0x00, 0x15, 0x37, 0x18, 0x70, 0x32, 0x00, 0x01, 0x00, 0x00, 0x00, 0x14, 0x69, 0x23
    .byte 0x22, 0x02, 0x2c, 0x70, 0x22, 0x00, 0x00, 0x2c, 0x6e, 0x22, 0x00, 0x00, 0x2c, 0x71, 0x22, 0x00
    .byte 0x00, 0x2c, 0x02, 0x00, 0x00, 0x00, 0x20, 0x00, 0x00, 0x15, 0x73, 0x2c, 0x01, 0x00, 0x00, 0x00
    .byte 0x15, 0x09, 0x2c, 0x01, 0x00, 0x00, 0x00, 0x15, 0x06, 0x00, 0x2c, 0x1d, 0x00, 0x00, 0x00, 0x2c
    .byte 0x07, 0x00, 0x00, 0x00, 0x15, 0x47, 0x18, 0x70, 0x24, 0x00, 0x20, 0x00, 0x00, 0x00, 0x17, 0x00
    .byte 0x2c, 0x1d, 0x00, 0x00, 0x00, 0x2c, 0x08, 0x00, 0x00, 0x00, 0x15, 0x47, 0x18, 0x70, 0x05, 0x00
    .byte 0x04, 0x00, 0x00, 0x00, 0x17, 0x00, 0x2c, 0x1d, 0x00, 0x00, 0x00, 0x2c, 0x09, 0x00, 0x00, 0x00
    .byte 0x15, 0x47, 0x18, 0x70, 0x17, 0x00, 0x15, 0x02, 0x20, 0x00, 0x00, 0x15, 0x09, 0x00, 0x2c, 0x1d
    .byte 0x00, 0x00, 0x00, 0x2c, 0x07, 0x00, 0x00, 0x00, 0x15, 0x47, 0x18, 0x70, 0x24, 0x00, 0x08, 0x00
    .byte 0x00, 0x00, 0x17, 0x00, 0x2c, 0x1d, 0x00, 0x00, 0x00, 0x2c, 0x08, 0x00, 0x00, 0x00, 0x15, 0x47
    .byte 0x18, 0x70, 0x05, 0x00, 0x04, 0x00, 0x00, 0x00, 0x17, 0x00, 0x2c, 0x1d, 0x00, 0x00, 0x00, 0x2c
    .byte 0x09, 0x00, 0x00, 0x00, 0x15, 0x47, 0x18, 0x70, 0x17, 0x00, 0x15, 0x02, 0x20, 0x00, 0x00, 0x15
    .byte 0x09, 0x00, 0x2c, 0x1d, 0x00, 0x00, 0x00, 0x2c, 0x07, 0x00, 0x00, 0x00, 0x15, 0x47, 0x18, 0x70
    .byte 0x05, 0x00, 0x08, 0x00, 0x00, 0x00, 0x17, 0x00, 0x2c, 0x1d, 0x00, 0x00, 0x00, 0x2c, 0x08, 0x00
    .byte 0x00, 0x00, 0x15, 0x47, 0x18, 0x70, 0x05, 0x00, 0x04, 0x00, 0x00, 0x00, 0x17, 0x00, 0x2c, 0x1d
    .byte 0x00, 0x00, 0x00, 0x2c, 0x09, 0x00, 0x00, 0x00, 0x15, 0x47, 0x18, 0x70, 0x17, 0x00, 0x15, 0x02
    .byte 0x20, 0x00, 0x00, 0x15, 0x09, 0x00, 0x2c, 0x1d, 0x00, 0x00, 0x00, 0x2c, 0x07, 0x00, 0x00, 0x00
    .byte 0x15, 0x47, 0x18, 0x70, 0x05, 0x00, 0x20, 0x00, 0x00, 0x00, 0x17, 0x00, 0x2c, 0x1d, 0x00, 0x00
    .byte 0x00, 0x2c, 0x08, 0x00, 0x00, 0x00, 0x15, 0x47, 0x18, 0x70, 0x05, 0x00, 0x04, 0x00, 0x00, 0x00
    .byte 0x17, 0x00, 0x2c, 0x1d, 0x00, 0x00, 0x00, 0x2c, 0x09, 0x00, 0x00, 0x00, 0x15, 0x47, 0x18, 0x70
    .byte 0x17, 0x00, 0x15, 0x02, 0x20, 0x00, 0x00, 0x15, 0x09, 0x00, 0x2c, 0x1e, 0x00, 0x00, 0x00, 0x2c
    .byte 0x07, 0x00, 0x00, 0x00, 0x15, 0x47, 0x18, 0x70, 0x05, 0x00, 0x20, 0x00, 0x00, 0x00, 0x17, 0x00
    .byte 0x2c, 0x1e, 0x00, 0x00, 0x00, 0x2c, 0x08, 0x00, 0x00, 0x00, 0x15, 0x47, 0x18, 0x70, 0x05, 0x00
    .byte 0x04, 0x00, 0x00, 0x00, 0x17, 0x00, 0x2c, 0x1e, 0x00, 0x00, 0x00, 0x2c, 0x09, 0x00, 0x00, 0x00
    .byte 0x15, 0x47, 0x18, 0x70, 0x17, 0x00, 0x15, 0x02, 0x20, 0x00, 0x00, 0x15, 0x09, 0x00, 0x2c, 0x1e
    .byte 0x00, 0x00, 0x00, 0x2c, 0x07, 0x00, 0x00, 0x00, 0x15, 0x47, 0x18, 0x70, 0x05, 0x00, 0x08, 0x00
    .byte 0x00, 0x00, 0x17, 0x00, 0x2c, 0x1e, 0x00, 0x00, 0x00, 0x2c, 0x08, 0x00, 0x00, 0x00, 0x15, 0x47
    .byte 0x18, 0x70, 0x05, 0x00, 0x04, 0x00, 0x00, 0x00, 0x17, 0x00, 0x2c, 0x1e, 0x00, 0x00, 0x00, 0x2c
    .byte 0x09, 0x00, 0x00, 0x00, 0x15, 0x47, 0x18, 0x70, 0x17, 0x00, 0x15, 0x02, 0x20, 0x00, 0x00, 0x15
    .byte 0x09, 0x00, 0x2c, 0x1e, 0x00, 0x00, 0x00, 0x2c, 0x07, 0x00, 0x00, 0x00, 0x15, 0x47, 0x18, 0x70
    .byte 0x24, 0x00, 0x08, 0x00, 0x00, 0x00, 0x17, 0x00, 0x2c, 0x1e, 0x00, 0x00, 0x00, 0x2c, 0x08, 0x00
    .byte 0x00, 0x00, 0x15, 0x47, 0x18, 0x70, 0x05, 0x00, 0x04, 0x00, 0x00, 0x00, 0x17, 0x00, 0x2c, 0x1e
    .byte 0x00, 0x00, 0x00, 0x2c, 0x09, 0x00, 0x00, 0x00, 0x15, 0x47, 0x18, 0x70, 0x17, 0x00, 0x15, 0x02
    .byte 0x20, 0x00, 0x00, 0x15, 0x09, 0x00, 0x2c, 0x1e, 0x00, 0x00, 0x00, 0x2c, 0x07, 0x00, 0x00, 0x00
    .byte 0x15, 0x47, 0x18, 0x70, 0x24, 0x00, 0x20, 0x00, 0x00, 0x00, 0x17, 0x00, 0x2c, 0x1e, 0x00, 0x00
    .byte 0x00, 0x2c, 0x08, 0x00, 0x00, 0x00, 0x15, 0x47, 0x18, 0x70, 0x05, 0x00, 0x04, 0x00, 0x00, 0x00
    .byte 0x17, 0x00, 0x2c, 0x1e, 0x00, 0x00, 0x00, 0x2c, 0x09, 0x00, 0x00, 0x00, 0x15, 0x47, 0x18, 0x70
    .byte 0x17, 0x00, 0x15, 0x02, 0x20, 0x00, 0x00, 0x15, 0x09, 0x00, 0x20, 0x00, 0x00, 0x15, 0x09, 0x00
    .byte 0x20, 0x00, 0x00, 0x15, 0x09, 0x00, 0x20, 0x00, 0x00, 0x15, 0x09, 0x00, 0x20, 0x00, 0x00, 0x15
    .byte 0x09, 0x00, 0x20, 0x00, 0x00, 0x15, 0x09, 0x00, 0x20, 0x00, 0x00, 0x15, 0x09, 0x00, 0x2c, 0x1e
    .byte 0x00, 0x00, 0x00, 0x15, 0x07, 0x15, 0x08, 0x20, 0x00, 0x00, 0x2c, 0xbf, 0x27, 0x22, 0x02, 0x15
    .byte 0x39, 0x20, 0x00, 0x00, 0x15, 0x42, 0x18, 0x70, 0x32, 0x00, 0x00, 0x00, 0x00, 0x00, 0x14, 0xd8
    .byte 0x25, 0x22, 0x02, 0x01, 0xc1, 0x25, 0x22, 0x02, 0x2c, 0xff, 0x0f, 0x00, 0x00, 0x2c, 0xff, 0x0f
    .byte 0x00, 0x00, 0x2c, 0xff, 0x0f, 0x00, 0x00, 0x2c, 0xff, 0x0f, 0x00, 0x00, 0x2c, 0x7b, 0x00, 0x00
    .byte 0x00, 0x2c, 0xff, 0xff, 0xff, 0xff, 0x2c, 0xff, 0xff, 0xff, 0xff, 0x15, 0x93, 0x2c, 0x1d, 0x00
    .byte 0x00, 0x00, 0x2c, 0x97, 0x2d, 0x22, 0x02, 0x15, 0x39, 0x2c, 0x1e, 0x00, 0x00, 0x00, 0x2c, 0x22
    .byte 0x2e, 0x22, 0x02, 0x15, 0x39, 0x2c, 0x1e, 0x00, 0x00, 0x00, 0x15, 0x42, 0x18, 0x70, 0x32, 0x00
    .byte 0x00, 0x00, 0x00, 0x00, 0x14, 0x2e, 0x26, 0x22, 0x02, 0x01, 0x15, 0x26, 0x22, 0x02, 0x2c, 0x03
    .byte 0x00, 0x00, 0x00, 0x2c, 0x01, 0x00, 0x00, 0x00, 0x20, 0x00, 0x00, 0x20, 0x00, 0x00, 0x20, 0x00
    .byte 0x00, 0x15, 0x4f, 0x2c, 0x1e, 0x00, 0x00, 0x00, 0x15, 0x07, 0x15, 0x08, 0x2c, 0x01, 0x00, 0x00
    .byte 0x00, 0x2c, 0x80, 0x01, 0x00, 0x00, 0x2c, 0x20, 0x01, 0x00, 0x00, 0x2c, 0x0e, 0x01, 0x00, 0x00
    .byte 0x20, 0x00, 0x00, 0x15, 0x4f, 0x2c, 0x5a, 0x00, 0x00, 0x00, 0x15, 0x07, 0x15, 0x08, 0x2c, 0x13
    .byte 0x00, 0x00, 0x00, 0x2c, 0x53, 0x2f, 0x22, 0x02, 0x15, 0x39, 0x2c, 0x19, 0x00, 0x00, 0x00, 0x2c
    .byte 0xe9, 0x2f, 0x22, 0x02, 0x15, 0x39, 0x2c, 0x14, 0x00, 0x00, 0x00, 0x2c, 0x6c, 0x2f, 0x22, 0x02
    .byte 0x15, 0x39, 0x2c, 0x1a, 0x00, 0x00, 0x00, 0x2c, 0x11, 0x30, 0x22, 0x02, 0x15, 0x39, 0x2c, 0x5a
    .byte 0x00, 0x00, 0x00, 0x15, 0x07, 0x15, 0x08, 0x2c, 0x11, 0x00, 0x00, 0x00, 0x2c, 0x85, 0x2f, 0x22
    .byte 0x02, 0x15, 0x39, 0x2c, 0x17, 0x00, 0x00, 0x00, 0x2c, 0x39, 0x30, 0x22, 0x02, 0x15, 0x39, 0x2c
    .byte 0x12, 0x00, 0x00, 0x00, 0x2c, 0x9e, 0x2f, 0x22, 0x02, 0x15, 0x39, 0x2c, 0x18, 0x00, 0x00, 0x00
    .byte 0x2c, 0x61, 0x30, 0x22, 0x02, 0x15, 0x39, 0x2c, 0x5a, 0x00, 0x00, 0x00, 0x15, 0x07, 0x15, 0x08
    .byte 0x2c, 0x15, 0x00, 0x00, 0x00, 0x2c, 0xb7, 0x2f, 0x22, 0x02, 0x15, 0x39, 0x2c, 0x1b, 0x00, 0x00
    .byte 0x00, 0x2c, 0x89, 0x30, 0x22, 0x02, 0x15, 0x39, 0x2c, 0x16, 0x00, 0x00, 0x00, 0x2c, 0xd0, 0x2f
    .byte 0x22, 0x02, 0x15, 0x39, 0x2c, 0x1c, 0x00, 0x00, 0x00, 0x2c, 0xb1, 0x30, 0x22, 0x02, 0x15, 0x39
    .byte 0x2c, 0x5a, 0x00, 0x00, 0x00, 0x15, 0x07, 0x15, 0x08, 0x2c, 0x20, 0x00, 0x00, 0x00, 0x2c, 0xea
    .byte 0x2e, 0x22, 0x02, 0x15, 0x39, 0x2c, 0x20, 0x00, 0x00, 0x00, 0x15, 0x42, 0x18, 0x70, 0x32, 0x00
    .byte 0x00, 0x00, 0x00, 0x00, 0x14, 0x3e, 0x27, 0x22, 0x02, 0x01, 0x25, 0x27, 0x22, 0x02, 0x20, 0x00
    .byte 0x00, 0x2c, 0x06, 0x00, 0x00, 0x00, 0x2c, 0x02, 0x00, 0x00, 0x00, 0x15, 0xa6, 0x2c, 0x0f, 0x00
    .byte 0x00, 0x00, 0x15, 0x07, 0x15, 0x08, 0x20, 0x00, 0x00, 0x2c, 0x03, 0x00, 0x00, 0x00, 0x2c, 0x01
    .byte 0x00, 0x00, 0x00, 0x15, 0xa6, 0x2c, 0x0a, 0x00, 0x00, 0x00, 0x15, 0x07, 0x15, 0x08, 0x15, 0xa7
    .byte 0x2c, 0x4b, 0x00, 0x00, 0x00, 0x15, 0x07, 0x15, 0x08, 0x2c, 0x02, 0x00, 0x00, 0x00, 0x2c, 0x78
    .byte 0x00, 0x00, 0x00, 0x20, 0x00, 0x00, 0x20, 0x00, 0x00, 0x20, 0x00, 0x00, 0x15, 0x4f, 0x18, 0x70
    .byte 0x17, 0x00, 0x15, 0x07, 0x15, 0x08, 0x2c, 0x03, 0x00, 0x00, 0x00, 0x20, 0x00, 0x00, 0x20, 0x00
    .byte 0x00, 0x20, 0x00, 0x00, 0x20, 0x00, 0x00, 0x15, 0x4f, 0x15, 0x0d, 0x2c, 0x69, 0x01, 0x00, 0x00
    .byte 0x15, 0x35, 0x2c, 0x09, 0x00, 0x00, 0x00, 0x2c, 0x7b, 0x00, 0x00, 0x00, 0x15, 0xe0, 0x00, 0x20
    .byte 0x00, 0x00, 0x15, 0x18, 0x20, 0x00, 0x00, 0x15, 0x19, 0x2c, 0x1f, 0x00, 0x00, 0x00, 0x2c, 0x07
    .byte 0x00, 0x00, 0x00, 0x15, 0x47, 0x18, 0x70, 0x17, 0x00, 0x2c, 0x1f, 0x00, 0x00, 0x00, 0x2c, 0x08
    .byte 0x00, 0x00, 0x00, 0x15, 0x47, 0x18, 0x70, 0x17, 0x00, 0x15, 0x1e, 0x18, 0x70, 0x17, 0x00, 0x15
    .byte 0x75, 0x2c, 0x2d, 0x00, 0x00, 0x00, 0x15, 0x07, 0x15, 0x08, 0x2c, 0x01, 0x00, 0x00, 0x00, 0x15
    .byte 0x18, 0x2c, 0x01, 0x00, 0x00, 0x00, 0x15, 0x19, 0x00, 0x2c, 0xff, 0x0f, 0x00, 0x00, 0x2c, 0xff
    .byte 0x0f, 0x00, 0x00, 0x2c, 0xff, 0x0f, 0x00, 0x00, 0x2c, 0x15, 0x00, 0x00, 0x00, 0x2c, 0x6b, 0x00
    .byte 0x00, 0x00, 0x2c, 0xff, 0xff, 0xff, 0xff, 0x2c, 0xff, 0xff, 0xff, 0xff, 0x15, 0x93, 0x20, 0x00
    .byte 0x00, 0x2c, 0xff, 0xff, 0xff, 0xff, 0x2c, 0xff, 0xff, 0xff, 0xff, 0x15, 0xdd, 0x18, 0x70, 0x14
    .byte 0x4d, 0x28, 0x22, 0x02, 0x2c, 0x01, 0x00, 0x00, 0x00, 0x15, 0x07, 0x15, 0x08, 0x2c, 0x04, 0x00
    .byte 0x00, 0x00, 0x2c, 0x1e, 0x00, 0x00, 0x00, 0x15, 0xe0, 0x20, 0x00, 0x00, 0x2c, 0x84, 0x2a, 0x22
    .byte 0x02, 0x15, 0x39, 0x20, 0x00, 0x00, 0x15, 0x42, 0x18, 0x70, 0x32, 0x00, 0x00, 0x00, 0x00, 0x00
    .byte 0x14, 0x7a, 0x28, 0x22, 0x02, 0x01, 0x63, 0x28, 0x22, 0x02, 0x2c, 0x1e, 0x00, 0x00, 0x00, 0x2c
    .byte 0x82, 0x35, 0x00, 0x00, 0x2c, 0x7f, 0x00, 0x00, 0x00, 0x20, 0x00, 0x00, 0x2c, 0x40, 0x00, 0x00
    .byte 0x00, 0x15, 0x3e, 0x2c, 0x0d, 0x00, 0x00, 0x00, 0x2c, 0x02, 0x00, 0x00, 0x00, 0x2c, 0x20, 0x00
    .byte 0x00, 0x00, 0x2c, 0x07, 0x00, 0x00, 0x00, 0x15, 0x47, 0x18, 0x70, 0x05, 0x00, 0x02, 0x00, 0x00
    .byte 0x00, 0x17, 0x00, 0x2c, 0x20, 0x00, 0x00, 0x00, 0x2c, 0x08, 0x00, 0x00, 0x00, 0x15, 0x47, 0x18
    .byte 0x70, 0x24, 0x00, 0x18, 0x00, 0x00, 0x00, 0x17, 0x00, 0x2c, 0xff, 0xff, 0xff, 0xff, 0x2c, 0xff
    .byte 0xff, 0xff, 0xff, 0x2c, 0xff, 0xff, 0xff, 0xff, 0x15, 0x53, 0x2c, 0xaf, 0x00, 0x00, 0x00, 0x15
    .byte 0x07, 0x15, 0x08, 0x20, 0x00, 0x00, 0x2c, 0x80, 0x35, 0x00, 0x00, 0x15, 0xe0, 0x2c, 0x02, 0x00
    .byte 0x00, 0x00, 0x15, 0x05, 0x2c, 0x0a, 0x00, 0x00, 0x00, 0x15, 0x07, 0x15, 0x08, 0x2c, 0x0d, 0x00
    .byte 0x00, 0x00, 0x20, 0x00, 0x00, 0x2c, 0x20, 0x00, 0x00, 0x00, 0x2c, 0x07, 0x00, 0x00, 0x00, 0x15
    .byte 0x47, 0x18, 0x70, 0x24, 0x00, 0x0c, 0x00, 0x00, 0x00, 0x17, 0x00, 0x2c, 0x20, 0x00, 0x00, 0x00
    .byte 0x2c, 0x08, 0x00, 0x00, 0x00, 0x15, 0x47, 0x18, 0x70, 0x24, 0x00, 0x0c, 0x00, 0x00, 0x00, 0x17
    .byte 0x00, 0x2c, 0xff, 0xff, 0xff, 0xff, 0x2c, 0xff, 0xff, 0xff, 0xff, 0x2c, 0xff, 0xff, 0xff, 0xff
    .byte 0x15, 0x53, 0x2c, 0x01, 0x00, 0x00, 0x00, 0x20, 0x00, 0x00, 0x2c, 0x10, 0x00, 0x00, 0x00, 0x2c
    .byte 0x14, 0x00, 0x00, 0x00, 0x15, 0xd6, 0x2c, 0x2d, 0x00, 0x00, 0x00, 0x15, 0x07, 0x15, 0x08, 0x2c
    .byte 0x01, 0x00, 0x00, 0x00, 0x2c, 0x10, 0x00, 0x00, 0x00, 0x20, 0x00, 0x00, 0x2c, 0x0f, 0x00, 0x00
    .byte 0x00, 0x15, 0xd6, 0x2c, 0x0f, 0x00, 0x00, 0x00, 0x15, 0x07, 0x15, 0x08, 0x15, 0x16, 0x20, 0x00
    .byte 0x00, 0x2c, 0x0d, 0x2b, 0x22, 0x02, 0x15, 0x39, 0x20, 0x00, 0x00, 0x15, 0x42, 0x18, 0x70, 0x32
    .byte 0x00, 0x00, 0x00, 0x00, 0x00, 0x14, 0x9f, 0x29, 0x22, 0x02, 0x01, 0x88, 0x29, 0x22, 0x02, 0x2c
    .byte 0x6b, 0x01, 0x00, 0x00, 0x15, 0x35, 0x2c, 0x24, 0x00, 0x00, 0x00, 0x2c, 0x00, 0x02, 0x00, 0x00
    .byte 0x2c, 0x30, 0x01, 0x00, 0x00, 0x20, 0x00, 0x00, 0x15, 0x4a, 0x2c, 0x09, 0x00, 0x00, 0x00, 0x2c
    .byte 0x6b, 0x00, 0x00, 0x00, 0x15, 0xe0, 0x00, 0x2c, 0x04, 0x00, 0x00, 0x00, 0x2c, 0x1e, 0x00, 0x00
    .byte 0x00, 0x15, 0xe0, 0x2c, 0xff, 0x0f, 0x00, 0x00, 0x2c, 0xff, 0x0f, 0x00, 0x00, 0x2c, 0xff, 0x0f
    .byte 0x00, 0x00, 0x2c, 0x15, 0x00, 0x00, 0x00, 0x2c, 0x6b, 0x00, 0x00, 0x00, 0x2c, 0xff, 0xff, 0xff
    .byte 0xff, 0x2c, 0xff, 0xff, 0xff, 0xff, 0x15, 0x93, 0x20, 0x00, 0x00, 0x2c, 0x84, 0x2a, 0x22, 0x02
    .byte 0x15, 0x39, 0x20, 0x00, 0x00, 0x15, 0x42, 0x18, 0x70, 0x32, 0x00, 0x00, 0x00, 0x00, 0x00, 0x14
    .byte 0x19, 0x2a, 0x22, 0x02, 0x01, 0x02, 0x2a, 0x22, 0x02, 0x20, 0x00, 0x00, 0x2c, 0x0d, 0x2b, 0x22
    .byte 0x02, 0x15, 0x39, 0x20, 0x00, 0x00, 0x15, 0x42, 0x18, 0x70, 0x32, 0x00, 0x00, 0x00, 0x00, 0x00
    .byte 0x14, 0x3a, 0x2a, 0x22, 0x02, 0x01, 0x23, 0x2a, 0x22, 0x02, 0x2c, 0x6b, 0x01, 0x00, 0x00, 0x15
    .byte 0x37, 0x18, 0x70, 0x32, 0x00, 0x01, 0x00, 0x00, 0x00, 0x14, 0x63, 0x2a, 0x22, 0x02, 0x2c, 0x82
    .byte 0x00, 0x00, 0x00, 0x20, 0x00, 0x00, 0x20, 0x00, 0x00, 0x20, 0x00, 0x00, 0x15, 0x4a, 0x25, 0x77
    .byte 0x2a, 0x22, 0x02, 0x2c, 0x24, 0x00, 0x00, 0x00, 0x2c, 0x00, 0x02, 0x00, 0x00, 0x2c, 0x30, 0x01
    .byte 0x00, 0x00, 0x20, 0x00, 0x00, 0x15, 0x4a, 0x2c, 0x09, 0x00, 0x00, 0x00, 0x2c, 0x6b, 0x00, 0x00
    .byte 0x00, 0x15, 0xe0, 0x00, 0x2c, 0x20, 0x00, 0x00, 0x00, 0x2c, 0x07, 0x00, 0x00, 0x00, 0x15, 0x47
    .byte 0x18, 0x70, 0x17, 0x00, 0x15, 0x20, 0x18, 0x70, 0x17, 0x00, 0x20, 0x00, 0x00, 0x15, 0x1f, 0x18
    .byte 0x70, 0x17, 0x00, 0x15, 0x20, 0x18, 0x70, 0x17, 0x00, 0x20, 0x00, 0x00, 0x15, 0x65, 0x18, 0x70
    .byte 0x33, 0x00, 0x10, 0x00, 0x00, 0x00, 0x14, 0xc3, 0x2a, 0x22, 0x02, 0x2c, 0x04, 0x00, 0x00, 0x00
    .byte 0x15, 0x05, 0x00, 0x20, 0x00, 0x00, 0x15, 0x18, 0x20, 0x00, 0x00, 0x15, 0x19, 0x2c, 0x01, 0x00
    .byte 0x00, 0x00, 0x15, 0x2b, 0x2c, 0x20, 0x00, 0x00, 0x00, 0x2c, 0x07, 0x00, 0x00, 0x00, 0x15, 0x47
    .byte 0x18, 0x70, 0x17, 0x00, 0x15, 0x20, 0x18, 0x70, 0x17, 0x00, 0x20, 0x00, 0x00, 0x2c, 0x00, 0x10
    .byte 0x00, 0x00, 0x2c, 0x05, 0x00, 0x00, 0x00, 0x20, 0x00, 0x00, 0x15, 0x1a, 0x2c, 0x01, 0x00, 0x00
    .byte 0x00, 0x15, 0x06, 0x15, 0x21, 0x2c, 0x04, 0x00, 0x00, 0x00, 0x15, 0x05, 0x00, 0x20, 0x00, 0x00
    .byte 0x2c, 0x81, 0x35, 0x00, 0x00, 0x15, 0xe0, 0x2c, 0x11, 0x10, 0x00, 0x00, 0x2c, 0x01, 0x10, 0x00
    .byte 0x00, 0x2c, 0x12, 0x10, 0x00, 0x00, 0x2c, 0x02, 0x00, 0x00, 0x00, 0x2c, 0x14, 0x00, 0x00, 0x00
    .byte 0x15, 0x73, 0x2c, 0x00, 0x01, 0x00, 0x00, 0x15, 0x17, 0x2c, 0x78, 0x00, 0x00, 0x00, 0x15, 0x07
    .byte 0x15, 0x08, 0x20, 0x00, 0x00, 0x2c, 0x83, 0x35, 0x00, 0x00, 0x15, 0xe0, 0x15, 0x16, 0x20, 0x00
    .byte 0x00, 0x15, 0x09, 0x20, 0x00, 0x00, 0x2c, 0xff, 0xff, 0xff, 0xff, 0x2c, 0xff, 0xff, 0xff, 0xff
    .byte 0x15, 0xdd, 0x18, 0x70, 0x14, 0xef, 0x2b, 0x22, 0x02, 0x2c, 0x03, 0x00, 0x00, 0x00, 0x2c, 0xff
    .byte 0xff, 0xff, 0xff, 0x2c, 0xff, 0xff, 0xff, 0xff, 0x15, 0xdd, 0x18, 0x70, 0x35, 0x00, 0x02, 0x00
    .byte 0x00, 0x00, 0x14, 0xef, 0x2b, 0x22, 0x02, 0x2c, 0x03, 0x00, 0x00, 0x00, 0x2c, 0xff, 0xff, 0xff
    .byte 0xff, 0x2c, 0xff, 0xff, 0xff, 0xff, 0x15, 0xdd, 0x18, 0x70, 0x35, 0x00, 0x01, 0x00, 0x00, 0x00
    .byte 0x14, 0xef, 0x2b, 0x22, 0x02, 0x2c, 0x6c, 0x1e, 0x00, 0x00, 0x15, 0x41, 0x2c, 0x03, 0x00, 0x00
    .byte 0x00, 0x2c, 0xff, 0xff, 0xff, 0xff, 0x2c, 0xff, 0xff, 0xff, 0xff, 0x15, 0xdd, 0x18, 0x70, 0x17
    .byte 0x00, 0x15, 0x41, 0x2c, 0x01, 0x00, 0x00, 0x00, 0x2c, 0x2b, 0x2c, 0x22, 0x02, 0x15, 0x39, 0x2c
    .byte 0x01, 0x00, 0x00, 0x00, 0x15, 0x42, 0x18, 0x70, 0x32, 0x00, 0x00, 0x00, 0x00, 0x00, 0x14, 0xe8
    .byte 0x2b, 0x22, 0x02, 0x01, 0xcf, 0x2b, 0x22, 0x02, 0x2c, 0xc3, 0x22, 0x00, 0x00, 0x15, 0x41, 0x2c
    .byte 0x01, 0x00, 0x00, 0x00, 0x15, 0x07, 0x15, 0x08, 0x2c, 0x01, 0x00, 0x00, 0x00, 0x15, 0x18, 0x2c
    .byte 0x01, 0x00, 0x00, 0x00, 0x15, 0x19, 0x2c, 0xf8, 0x03, 0x00, 0x00, 0x15, 0x35, 0x2c, 0x03, 0x00
    .byte 0x00, 0x00, 0x20, 0x00, 0x00, 0x2c, 0x10, 0x00, 0x00, 0x00, 0x2c, 0x1e, 0x00, 0x00, 0x00, 0x15
    .byte 0xd6, 0x2c, 0x23, 0x00, 0x00, 0x00, 0x15, 0x07, 0x15, 0x08, 0x00, 0x2c, 0x16, 0x00, 0x00, 0x00
    .byte 0x2c, 0x1f, 0x00, 0x00, 0x00, 0x2c, 0x0a, 0x00, 0x00, 0x00, 0x15, 0x0a, 0x20, 0x00, 0x00, 0x15
    .byte 0x18, 0x20, 0x00, 0x00, 0x15, 0x19, 0x2c, 0x07, 0x00, 0x00, 0x00, 0x2c, 0xff, 0xff, 0xff, 0xff
    .byte 0x2c, 0xff, 0xff, 0xff, 0xff, 0x2c, 0xff, 0xff, 0xff, 0xff, 0x2c, 0xff, 0xff, 0xff, 0xff, 0x15
    .byte 0xdc, 0x2c, 0x01, 0x00, 0x00, 0x00, 0x15, 0x2b, 0x15, 0x10, 0x18, 0x70, 0x33, 0x00, 0xd3, 0x01
    .byte 0x00, 0x00, 0x14, 0x92, 0x2c, 0x22, 0x02, 0x15, 0x11, 0x18, 0x70, 0x31, 0x00, 0xf7, 0x00, 0x00
    .byte 0x00, 0x14, 0x92, 0x2c, 0x22, 0x02, 0x20, 0x00, 0x00, 0x15, 0x07, 0x15, 0x08, 0x25, 0xb1, 0x2c
    .byte 0x22, 0x02, 0x15, 0x10, 0x18, 0x70, 0x17, 0x00, 0x15, 0x41, 0x15, 0x11, 0x18, 0x70, 0x17, 0x00
    .byte 0x15, 0x41, 0x2c, 0x80, 0x01, 0x00, 0x00, 0x2c, 0xa0, 0x01, 0x00, 0x00, 0x20, 0x00, 0x00, 0x15
    .byte 0x02, 0x20, 0x00, 0x00, 0x20, 0x00, 0x00, 0x15, 0x38, 0x2c, 0x20, 0x00, 0x00, 0x00, 0x2c, 0x07
    .byte 0x00, 0x00, 0x00, 0x15, 0x47, 0x18, 0x70, 0x17, 0x00, 0x2c, 0x20, 0x00, 0x00, 0x00, 0x2c, 0x08
    .byte 0x00, 0x00, 0x00, 0x15, 0x47, 0x18, 0x70, 0x05, 0x00, 0x30, 0x00, 0x00, 0x00, 0x17, 0x00, 0x2c
    .byte 0x10, 0x00, 0x00, 0x00, 0x2c, 0x00, 0x20, 0x00, 0x00, 0x2c, 0x05, 0x00, 0x00, 0x00, 0x2c, 0x01
    .byte 0x00, 0x00, 0x00, 0x15, 0x1a, 0x15, 0x21, 0x2c, 0x1e, 0x00, 0x00, 0x00, 0x15, 0x07, 0x15, 0x08
    .byte 0x2c, 0x01, 0x00, 0x00, 0x00, 0x20, 0x00, 0x00, 0x15, 0x38, 0x20, 0x00, 0x00, 0x2c, 0x85, 0x35
    .byte 0x00, 0x00, 0x15, 0xe0, 0x2c, 0x01, 0x00, 0x00, 0x00, 0x2c, 0x20, 0x00, 0x00, 0x00, 0x2c, 0x07
    .byte 0x00, 0x00, 0x00, 0x15, 0x47, 0x18, 0x70, 0x17, 0x00, 0x2c, 0x20, 0x00, 0x00, 0x00, 0x2c, 0x08
    .byte 0x00, 0x00, 0x00, 0x15, 0x47, 0x18, 0x70, 0x17, 0x00, 0x2c, 0x10, 0x00, 0x00, 0x00, 0x2c, 0x2d
    .byte 0x00, 0x00, 0x00, 0x2c, 0x20, 0x00, 0x00, 0x00, 0x15, 0x00, 0x2c, 0x01, 0x00, 0x00, 0x00, 0x15
    .byte 0x07, 0x15, 0x08, 0x2c, 0x07, 0x00, 0x00, 0x00, 0x2c, 0xfe, 0xff, 0xff, 0xff, 0x2c, 0xff, 0xff
    .byte 0xff, 0xff, 0x2c, 0xff, 0xff, 0xff, 0xff, 0x2c, 0xff, 0xff, 0xff, 0xff, 0x15, 0xdc, 0x2c, 0x06
    .byte 0x00, 0x00, 0x00, 0x20, 0x00, 0x00, 0x2c, 0xff, 0xff, 0xff, 0xff, 0x2c, 0xff, 0xff, 0xff, 0xff
    .byte 0x2c, 0xff, 0xff, 0xff, 0xff, 0x15, 0xdc, 0x00, 0x2c, 0x11, 0x00, 0x00, 0x00, 0x15, 0x05, 0x2c
    .byte 0x01, 0x00, 0x00, 0x00, 0x15, 0x06, 0x00, 0x20, 0x00, 0x00, 0x2c, 0x12, 0x31, 0x00, 0x00, 0x15
    .byte 0xe0, 0x20, 0x00, 0x00, 0x2c, 0x13, 0x31, 0x00, 0x00, 0x15, 0xe0, 0x2c, 0x03, 0x00, 0x00, 0x00
    .byte 0x15, 0x05, 0x2c, 0x60, 0x00, 0x00, 0x00, 0x15, 0x17, 0x2c, 0x27, 0x00, 0x00, 0x00, 0x2c, 0xd9
    .byte 0x30, 0x22, 0x02, 0x15, 0x39, 0x2c, 0x0f, 0x00, 0x00, 0x00, 0x15, 0x07, 0x15, 0x08, 0x2c, 0x26
    .byte 0x00, 0x00, 0x00, 0x2c, 0x0f, 0x31, 0x22, 0x02, 0x15, 0x39, 0x2c, 0x0f, 0x00, 0x00, 0x00, 0x15
    .byte 0x07, 0x15, 0x08, 0x2c, 0x25, 0x00, 0x00, 0x00, 0x2c, 0xd9, 0x30, 0x22, 0x02, 0x15, 0x39, 0x2c
    .byte 0x0f, 0x00, 0x00, 0x00, 0x15, 0x07, 0x15, 0x08, 0x2c, 0x24, 0x00, 0x00, 0x00, 0x2c, 0x0f, 0x31
    .byte 0x22, 0x02, 0x15, 0x39, 0x15, 0x16, 0x20, 0x00, 0x00, 0x15, 0x09, 0x20, 0x00, 0x00, 0x15, 0x18
    .byte 0x20, 0x00, 0x00, 0x15, 0x19, 0x2c, 0x01, 0x00, 0x00, 0x00, 0x2c, 0x12, 0x31, 0x00, 0x00, 0x15
    .byte 0xe0, 0x00, 0x20, 0x00, 0x00, 0x2c, 0x16, 0x31, 0x00, 0x00, 0x15, 0xe0, 0x2c, 0x03, 0x00, 0x00
    .byte 0x00, 0x15, 0x05, 0x2c, 0x60, 0x00, 0x00, 0x00, 0x15, 0x17, 0x2c, 0x2b, 0x00, 0x00, 0x00, 0x2c
    .byte 0xd9, 0x30, 0x22, 0x02, 0x15, 0x39, 0x2c, 0x0f, 0x00, 0x00, 0x00, 0x15, 0x07, 0x15, 0x08, 0x2c
    .byte 0x2a, 0x00, 0x00, 0x00, 0x2c, 0x0f, 0x31, 0x22, 0x02, 0x15, 0x39, 0x2c, 0x0f, 0x00, 0x00, 0x00
    .byte 0x15, 0x07, 0x15, 0x08, 0x2c, 0x29, 0x00, 0x00, 0x00, 0x2c, 0xd9, 0x30, 0x22, 0x02, 0x15, 0x39
    .byte 0x2c, 0x0f, 0x00, 0x00, 0x00, 0x15, 0x07, 0x15, 0x08, 0x2c, 0x28, 0x00, 0x00, 0x00, 0x2c, 0x0f
    .byte 0x31, 0x22, 0x02, 0x15, 0x39, 0x15, 0x16, 0x20, 0x00, 0x00, 0x15, 0x09, 0x20, 0x00, 0x00, 0x15
    .byte 0x18, 0x20, 0x00, 0x00, 0x15, 0x19, 0x2c, 0x01, 0x00, 0x00, 0x00, 0x2c, 0x16, 0x31, 0x00, 0x00
    .byte 0x15, 0xe0, 0x20, 0x00, 0x00, 0x2c, 0x14, 0x31, 0x00, 0x00, 0x15, 0xe0, 0x00, 0x2c, 0x01, 0x00
    .byte 0x00, 0x00, 0x15, 0x09, 0x2c, 0x03, 0x00, 0x00, 0x00, 0x15, 0x05, 0x2c, 0x03, 0x00, 0x00, 0x00
    .byte 0x15, 0x07, 0x15, 0x08, 0x2c, 0x04, 0x00, 0x00, 0x00, 0x15, 0x05, 0x2c, 0x03, 0x00, 0x00, 0x00
    .byte 0x15, 0x07, 0x15, 0x08, 0x2c, 0x05, 0x00, 0x00, 0x00, 0x15, 0x05, 0x2c, 0x0a, 0x00, 0x00, 0x00
    .byte 0x15, 0x07, 0x15, 0x08, 0x20, 0x00, 0x00, 0x15, 0x09, 0x00, 0x2c, 0x01, 0x00, 0x00, 0x00, 0x15
    .byte 0x09, 0x2c, 0x22, 0x00, 0x00, 0x00, 0x2c, 0xad, 0x2e, 0x22, 0x02, 0x15, 0x39, 0x15, 0x10, 0x18
    .byte 0x70, 0x17, 0x00, 0x15, 0x11, 0x18, 0x70, 0x17, 0x00, 0x2c, 0x10, 0x00, 0x00, 0x00, 0x2c, 0x0a
    .byte 0x00, 0x00, 0x00, 0x2c, 0x01, 0x00, 0x00, 0x00, 0x2c, 0x01, 0x00, 0x00, 0x00, 0x15, 0x1a, 0x15
    .byte 0x21, 0x2c, 0x21, 0x00, 0x00, 0x00, 0x2c, 0x38, 0x2f, 0x22, 0x02, 0x15, 0x39, 0x20, 0x00, 0x00
    .byte 0x2c, 0x81, 0x3d, 0x00, 0x00, 0x15, 0xe0, 0x00, 0x2c, 0x01, 0x00, 0x00, 0x00, 0x15, 0x09, 0x20
    .byte 0x00, 0x00, 0x15, 0x05, 0x2c, 0x00, 0x01, 0x00, 0x00, 0x15, 0x17, 0x15, 0x16, 0x20, 0x00, 0x00
    .byte 0x15, 0x09, 0x00, 0x2c, 0x02, 0x00, 0x00, 0x00, 0x15, 0x05, 0x20, 0x00, 0x00, 0x2c, 0x80, 0x3d
    .byte 0x00, 0x00, 0x15, 0xe0, 0x2c, 0x01, 0x00, 0x00, 0x00, 0x15, 0x06, 0x00, 0x2c, 0x04, 0x00, 0x00
    .byte 0x00, 0x15, 0x05, 0x20, 0x00, 0x00, 0x2c, 0x80, 0x3d, 0x00, 0x00, 0x15, 0xe0, 0x2c, 0x01, 0x00
    .byte 0x00, 0x00, 0x15, 0x06, 0x00, 0x2c, 0x03, 0x00, 0x00, 0x00, 0x15, 0x05, 0x20, 0x00, 0x00, 0x2c
    .byte 0x80, 0x3d, 0x00, 0x00, 0x15, 0xe0, 0x2c, 0x01, 0x00, 0x00, 0x00, 0x15, 0x06, 0x00, 0x2c, 0x05
    .byte 0x00, 0x00, 0x00, 0x15, 0x05, 0x20, 0x00, 0x00, 0x2c, 0x80, 0x3d, 0x00, 0x00, 0x15, 0xe0, 0x2c
    .byte 0x01, 0x00, 0x00, 0x00, 0x15, 0x06, 0x00, 0x2c, 0x03, 0x00, 0x00, 0x00, 0x15, 0x05, 0x20, 0x00
    .byte 0x00, 0x2c, 0x80, 0x3d, 0x00, 0x00, 0x15, 0xe0, 0x2c, 0x01, 0x00, 0x00, 0x00, 0x15, 0x06, 0x00
    .byte 0x2c, 0x05, 0x00, 0x00, 0x00, 0x15, 0x05, 0x20, 0x00, 0x00, 0x2c, 0x80, 0x3d, 0x00, 0x00, 0x15
    .byte 0xe0, 0x2c, 0x01, 0x00, 0x00, 0x00, 0x15, 0x06, 0x00, 0x2c, 0x70, 0x22, 0x00, 0x00, 0x2c, 0x6e
    .byte 0x22, 0x00, 0x00, 0x2c, 0x71, 0x22, 0x00, 0x00, 0x2c, 0x02, 0x00, 0x00, 0x00, 0x20, 0x00, 0x00
    .byte 0x15, 0x73, 0x2c, 0x01, 0x00, 0x00, 0x00, 0x15, 0x09, 0x2c, 0x01, 0x00, 0x00, 0x00, 0x15, 0x06
    .byte 0x00, 0x2c, 0x70, 0x22, 0x00, 0x00, 0x2c, 0x6e, 0x22, 0x00, 0x00, 0x2c, 0x71, 0x22, 0x00, 0x00
    .byte 0x2c, 0x02, 0x00, 0x00, 0x00, 0x20, 0x00, 0x00, 0x15, 0x73, 0x2c, 0x01, 0x00, 0x00, 0x00, 0x15
    .byte 0x09, 0x2c, 0x01, 0x00, 0x00, 0x00, 0x15, 0x06, 0x00, 0x2c, 0x70, 0x22, 0x00, 0x00, 0x2c, 0x6e
    .byte 0x22, 0x00, 0x00, 0x2c, 0x71, 0x22, 0x00, 0x00, 0x2c, 0x02, 0x00, 0x00, 0x00, 0x20, 0x00, 0x00
    .byte 0x15, 0x73, 0x2c, 0x01, 0x00, 0x00, 0x00, 0x15, 0x09, 0x2c, 0x01, 0x00, 0x00, 0x00, 0x15, 0x06
    .byte 0x00, 0x2c, 0x70, 0x22, 0x00, 0x00, 0x2c, 0x6e, 0x22, 0x00, 0x00, 0x2c, 0x71, 0x22, 0x00, 0x00
    .byte 0x2c, 0x02, 0x00, 0x00, 0x00, 0x20, 0x00, 0x00, 0x15, 0x73, 0x2c, 0x01, 0x00, 0x00, 0x00, 0x15
    .byte 0x09, 0x2c, 0x01, 0x00, 0x00, 0x00, 0x15, 0x06, 0x00, 0x2c, 0x70, 0x22, 0x00, 0x00, 0x2c, 0x6e
    .byte 0x22, 0x00, 0x00, 0x2c, 0x71, 0x22, 0x00, 0x00, 0x2c, 0x02, 0x00, 0x00, 0x00, 0x20, 0x00, 0x00
    .byte 0x15, 0x73, 0x2c, 0x01, 0x00, 0x00, 0x00, 0x15, 0x09, 0x2c, 0x01, 0x00, 0x00, 0x00, 0x15, 0x06
    .byte 0x00, 0x2c, 0x70, 0x22, 0x00, 0x00, 0x2c, 0x6e, 0x22, 0x00, 0x00, 0x2c, 0x71, 0x22, 0x00, 0x00
    .byte 0x2c, 0x02, 0x00, 0x00, 0x00, 0x20, 0x00, 0x00, 0x15, 0x73, 0x2c, 0x01, 0x00, 0x00, 0x00, 0x15
    .byte 0x09, 0x2c, 0x01, 0x00, 0x00, 0x00, 0x15, 0x06, 0x00, 0x2c, 0x3c, 0x16, 0x00, 0x00, 0x2c, 0x3d
    .byte 0x16, 0x00, 0x00, 0x2c, 0x3e, 0x16, 0x00, 0x00, 0x2c, 0x02, 0x00, 0x00, 0x00, 0x20, 0x00, 0x00
    .byte 0x15, 0x73, 0x2c, 0x01, 0x00, 0x00, 0x00, 0x15, 0x09, 0x2c, 0x01, 0x00, 0x00, 0x00, 0x15, 0x06
    .byte 0x2c, 0x3c, 0x00, 0x00, 0x00, 0x15, 0x07, 0x15, 0x08, 0x20, 0x00, 0x00, 0x15, 0x09, 0x00, 0x2c
    .byte 0x3c, 0x16, 0x00, 0x00, 0x2c, 0x3d, 0x16, 0x00, 0x00, 0x2c, 0x3e, 0x16, 0x00, 0x00, 0x2c, 0x02
    .byte 0x00, 0x00, 0x00, 0x2c, 0x01, 0x00, 0x00, 0x00, 0x15, 0x73, 0x2c, 0x01, 0x00, 0x00, 0x00, 0x15
    .byte 0x09, 0x2c, 0x01, 0x00, 0x00, 0x00, 0x15, 0x06, 0x2c, 0x3c, 0x00, 0x00, 0x00, 0x15, 0x07, 0x15
    .byte 0x08, 0x20, 0x00, 0x00, 0x15, 0x09, 0x00, 0x20, 0x00, 0x00, 0x2c, 0x01, 0x00, 0x00, 0x00, 0x15
    .byte 0x71, 0x2c, 0xff, 0x0f, 0x00, 0x00, 0x2c, 0xff, 0x0f, 0x00, 0x00, 0x2c, 0xff, 0x0f, 0x00, 0x00
    .byte 0x2c, 0x15, 0x00, 0x00, 0x00, 0x2c, 0x6b, 0x00, 0x00, 0x00, 0x2c, 0xff, 0xff, 0xff, 0xff, 0x2c
    .byte 0xff, 0xff, 0xff, 0xff, 0x15, 0x93, 0x20, 0x00, 0x00, 0x2c, 0x43, 0xed, 0x21, 0x02, 0x15, 0x39
    .byte 0x20, 0x00, 0x00, 0x2c, 0xff, 0xff, 0xff, 0xff, 0x2c, 0xff, 0xff, 0xff, 0xff, 0x15, 0xdd, 0x18
    .byte 0x70, 0x14, 0xd9, 0x31, 0x22, 0x02, 0x2c, 0x03, 0x00, 0x00, 0x00, 0x2c, 0xff, 0xff, 0xff, 0xff
    .byte 0x2c, 0xff, 0xff, 0xff, 0xff, 0x15, 0xdd, 0x18, 0x70, 0x35, 0x00, 0x02, 0x00, 0x00, 0x00, 0x14
    .byte 0xd9, 0x31, 0x22, 0x02, 0x2c, 0x01, 0x00, 0x00, 0x00, 0x2c, 0x92, 0x44, 0x22, 0x02, 0x15, 0x39
    .byte 0x2c, 0x01, 0x00, 0x00, 0x00, 0x15, 0x42, 0x18, 0x70, 0x32, 0x00, 0x00, 0x00, 0x00, 0x00, 0x14
    .byte 0xd9, 0x31, 0x22, 0x02, 0x01, 0xc0, 0x31, 0x22, 0x02, 0x20, 0x00, 0x00, 0x2c, 0xde, 0x33, 0x22
    .byte 0x02, 0x15, 0x39, 0x20, 0x00, 0x00, 0x15, 0x42, 0x18, 0x70, 0x32, 0x00, 0x00, 0x00, 0x00, 0x00
    .byte 0x14, 0xfa, 0x31, 0x22, 0x02, 0x01, 0xe3, 0x31, 0x22, 0x02, 0x20, 0x00, 0x00, 0x2c, 0xff, 0xff
    .byte 0xff, 0xff, 0x2c, 0xff, 0xff, 0xff, 0xff, 0x15, 0xdd, 0x18, 0x70, 0x14, 0x3a, 0x32, 0x22, 0x02
    .byte 0x2c, 0x03, 0x00, 0x00, 0x00, 0x2c, 0xff, 0xff, 0xff, 0xff, 0x2c, 0xff, 0xff, 0xff, 0xff, 0x15
    .byte 0xdd, 0x18, 0x70, 0x35, 0x00, 0x02, 0x00, 0x00, 0x00, 0x14, 0x3a, 0x32, 0x22, 0x02, 0x2c, 0x01
    .byte 0x00, 0x00, 0x00, 0x2c, 0x8f, 0x44, 0x22, 0x02, 0x15, 0x39, 0x03, 0x00, 0x00, 0x00, 0x00, 0x00
    .byte 0x26, 0x00, 0xcc, 0x2c, 0xff, 0x0f, 0x00, 0x00, 0x2c, 0xff, 0x0f, 0x00, 0x00, 0x2c, 0xff, 0x0f
    .byte 0x00, 0x00, 0x2c, 0x15, 0x00, 0x00, 0x00, 0x2c, 0xff, 0xff, 0xff, 0xff, 0x2c, 0xff, 0xff, 0xff
    .byte 0xff, 0x2c, 0xff, 0xff, 0xff, 0xff, 0x15, 0x93, 0x2c, 0x03, 0x00, 0x00, 0x00, 0x20, 0x00, 0x00
    .byte 0x2c, 0xff, 0xff, 0xff, 0xff, 0x2c, 0xff, 0xff, 0xff, 0xff, 0x2c, 0xff, 0xff, 0xff, 0xff, 0x15
    .byte 0xdc, 0x00, 0x2c, 0x16, 0x00, 0x00, 0x00, 0x2d, 0xae, 0x2c, 0x0f, 0x00, 0x00, 0x00, 0x15, 0x0a
    .byte 0x20, 0x00, 0x00, 0x2c, 0x01, 0x00, 0x00, 0x00, 0x15, 0x71, 0x2c, 0xff, 0x0f, 0x00, 0x00, 0x2c
    .byte 0xff, 0x0f, 0x00, 0x00, 0x2c, 0xff, 0x0f, 0x00, 0x00, 0x2c, 0x15, 0x00, 0x00, 0x00, 0x2c, 0x6b
    .byte 0x00, 0x00, 0x00, 0x2c, 0xff, 0xff, 0xff, 0xff, 0x2c, 0xff, 0xff, 0xff, 0xff, 0x15, 0x93, 0x20
    .byte 0x00, 0x00, 0x2c, 0x43, 0xed, 0x21, 0x02, 0x15, 0x39, 0x20, 0x00, 0x00, 0x2c, 0xff, 0xff, 0xff
    .byte 0xff, 0x2c, 0xff, 0xff, 0xff, 0xff, 0x15, 0xdd, 0x18, 0x70, 0x14, 0x22, 0x33, 0x22, 0x02, 0x2c
    .byte 0x03, 0x00, 0x00, 0x00, 0x2c, 0xff, 0xff, 0xff, 0xff, 0x2c, 0xff, 0xff, 0xff, 0xff, 0x15, 0xdd
    .byte 0x18, 0x70, 0x35, 0x00, 0x02, 0x00, 0x00, 0x00, 0x14, 0x22, 0x33, 0x22, 0x02, 0x2c, 0x01, 0x00
    .byte 0x00, 0x00, 0x2c, 0x92, 0x44, 0x22, 0x02, 0x15, 0x39, 0x2c, 0x01, 0x00, 0x00, 0x00, 0x15, 0x42
    .byte 0x18, 0x70, 0x32, 0x00, 0x00, 0x00, 0x00, 0x00, 0x14, 0x22, 0x33, 0x22, 0x02, 0x01, 0x09, 0x33
    .byte 0x22, 0x02, 0x20, 0x00, 0x00, 0x2c, 0x02, 0x36, 0x22, 0x02, 0x15, 0x39, 0x20, 0x00, 0x00, 0x15
    .byte 0x42, 0x18, 0x70, 0x32, 0x00, 0x00, 0x00, 0x00, 0x00, 0x14, 0x43, 0x33, 0x22, 0x02, 0x01, 0x2c
    .byte 0x33, 0x22, 0x02, 0x03, 0x00, 0x00, 0x00, 0x00, 0x00, 0x26, 0x00, 0xcc, 0x2c, 0x48, 0x01, 0x00
    .byte 0x00, 0x15, 0x36, 0x2c, 0x0a, 0x00, 0x00, 0x00, 0x20, 0x00, 0x00, 0x15, 0xe0, 0x20, 0x00, 0x00
    .byte 0x2c, 0xff, 0xff, 0xff, 0xff, 0x2c, 0xff, 0xff, 0xff, 0xff, 0x15, 0xdd, 0x18, 0x70, 0x14, 0x9d
    .byte 0x33, 0x22, 0x02, 0x2c, 0x03, 0x00, 0x00, 0x00, 0x2c, 0xff, 0xff, 0xff, 0xff, 0x2c, 0xff, 0xff
    .byte 0xff, 0xff, 0x15, 0xdd, 0x18, 0x70, 0x35, 0x00, 0x02, 0x00, 0x00, 0x00, 0x14, 0x9d, 0x33, 0x22
    .byte 0x02, 0x2c, 0x01, 0x00, 0x00, 0x00, 0x2c, 0x8f, 0x44, 0x22, 0x02, 0x15, 0x39, 0x2c, 0x03, 0x00
    .byte 0x00, 0x00, 0x20, 0x00, 0x00, 0x2c, 0xff, 0xff, 0xff, 0xff, 0x2c, 0xff, 0xff, 0xff, 0xff, 0x2c
    .byte 0xff, 0xff, 0xff, 0xff, 0x15, 0xdc, 0x2c, 0x98, 0x0a, 0x00, 0x00, 0x15, 0x35, 0x2c, 0x25, 0x00
    .byte 0x00, 0x00, 0x2c, 0xb0, 0x02, 0x00, 0x00, 0x2c, 0x94, 0x01, 0x00, 0x00, 0x20, 0x00, 0x00, 0x15
    .byte 0x4a, 0x2c, 0x03, 0x00, 0x00, 0x00, 0x2c, 0x29, 0x00, 0x00, 0x00, 0x15, 0xef, 0x00, 0x2c, 0x20
    .byte 0x00, 0x00, 0x00, 0x2c, 0x07, 0x00, 0x00, 0x00, 0x15, 0x47, 0x18, 0x70, 0x17, 0x00, 0x2c, 0x20
    .byte 0x00, 0x00, 0x00, 0x2c, 0x08, 0x00, 0x00, 0x00, 0x15, 0x47, 0x18, 0x70, 0x24, 0x00, 0x08, 0x00
    .byte 0x00, 0x00, 0x17, 0x00, 0x2c, 0x10, 0x00, 0x00, 0x00, 0x15, 0x02, 0x2c, 0x01, 0x00, 0x00, 0x00
    .byte 0x15, 0x09, 0x2c, 0xa6, 0xff, 0xff, 0xff, 0x15, 0x1b, 0x20, 0x00, 0x00, 0x15, 0x18, 0x20, 0x00
    .byte 0x00, 0x15, 0x19, 0x2c, 0x11, 0x10, 0x00, 0x00, 0x2c, 0x01, 0x10, 0x00, 0x00, 0x2c, 0x12, 0x10
    .byte 0x00, 0x00, 0x2c, 0x02, 0x00, 0x00, 0x00, 0x2c, 0x15, 0x00, 0x00, 0x00, 0x15, 0x73, 0x2c, 0x00
    .byte 0x01, 0x00, 0x00, 0x15, 0x17, 0x20, 0x00, 0x00, 0x2c, 0x83, 0x35, 0x00, 0x00, 0x15, 0xe0, 0x2c
    .byte 0x20, 0x00, 0x00, 0x00, 0x2c, 0x07, 0x00, 0x00, 0x00, 0x15, 0x47, 0x18, 0x70, 0x17, 0x00, 0x2c
    .byte 0x20, 0x00, 0x00, 0x00, 0x2c, 0x08, 0x00, 0x00, 0x00, 0x15, 0x47, 0x18, 0x70, 0x05, 0x00, 0x60
    .byte 0x00, 0x00, 0x00, 0x17, 0x00, 0x20, 0x00, 0x00, 0x2c, 0xa0, 0x0f, 0x00, 0x00, 0x2c, 0x05, 0x00
    .byte 0x00, 0x00, 0x20, 0x00, 0x00, 0x15, 0x1a, 0x2c, 0xff, 0xff, 0xff, 0xff, 0x2c, 0x00, 0x06, 0x00
    .byte 0x00, 0x2c, 0xff, 0xff, 0xff, 0xff, 0x2c, 0xff, 0xff, 0xff, 0xff, 0x2c, 0xff, 0xff, 0xff, 0xff
    .byte 0x2c, 0xff, 0xff, 0xff, 0xff, 0x15, 0x00, 0x2c, 0x05, 0x00, 0x00, 0x00, 0x15, 0x07, 0x15, 0x08
    .byte 0x15, 0x27, 0x18, 0x70, 0x32, 0x00, 0x10, 0x00, 0x00, 0x00, 0x13, 0xc4, 0x34, 0x22, 0x02, 0x01
    .byte 0xb0, 0x34, 0x22, 0x02, 0x20, 0x00, 0x00, 0x2c, 0x84, 0x35, 0x00, 0x00, 0x15, 0xe0, 0x2c, 0x23
    .byte 0x00, 0x00, 0x00, 0x2c, 0xda, 0x35, 0x22, 0x02, 0x15, 0x39, 0x2c, 0xe2, 0xff, 0xff, 0xff, 0x15
    .byte 0xaa, 0x2c, 0x03, 0x00, 0x00, 0x00, 0x2c, 0xe2, 0xff, 0xff, 0xff, 0x20, 0x00, 0x00, 0x20, 0x00
    .byte 0x00, 0x20, 0x00, 0x00, 0x20, 0x00, 0x00, 0x20, 0x00, 0x00, 0x15, 0x53, 0x20, 0x00, 0x00, 0x2c
    .byte 0x85, 0x35, 0x00, 0x00, 0x15, 0xe0, 0x2c, 0x20, 0x00, 0x00, 0x00, 0x2c, 0x07, 0x00, 0x00, 0x00
    .byte 0x15, 0x47, 0x18, 0x70, 0x17, 0x00, 0x2c, 0x20, 0x00, 0x00, 0x00, 0x2c, 0x08, 0x00, 0x00, 0x00
    .byte 0x15, 0x47, 0x18, 0x70, 0x05, 0x00, 0x40, 0x00, 0x00, 0x00, 0x17, 0x00, 0x20, 0x00, 0x00, 0x2c
    .byte 0xa0, 0x0f, 0x00, 0x00, 0x2c, 0x05, 0x00, 0x00, 0x00, 0x20, 0x00, 0x00, 0x15, 0x1a, 0x2c, 0xff
    .byte 0xff, 0xff, 0xff, 0x2c, 0x80, 0x03, 0x00, 0x00, 0x2c, 0xff, 0xff, 0xff, 0xff, 0x2c, 0xff, 0xff
    .byte 0xff, 0xff, 0x2c, 0xff, 0xff, 0xff, 0xff, 0x2c, 0xff, 0xff, 0xff, 0xff, 0x15, 0x00, 0x2c, 0x05
    .byte 0x00, 0x00, 0x00, 0x15, 0x07, 0x15, 0x08, 0x15, 0x27, 0x18, 0x70, 0x32, 0x00, 0x10, 0x00, 0x00
    .byte 0x00, 0x13, 0x7b, 0x35, 0x22, 0x02, 0x01, 0x67, 0x35, 0x22, 0x02, 0x20, 0x00, 0x00, 0x2c, 0x86
    .byte 0x35, 0x00, 0x00, 0x15, 0xe0, 0x2c, 0x03, 0x10, 0x00, 0x00, 0x2c, 0x01, 0x10, 0x00, 0x00, 0x2c
    .byte 0x04, 0x10, 0x00, 0x00, 0x2c, 0x02, 0x00, 0x00, 0x00, 0x2c, 0x08, 0x00, 0x00, 0x00, 0x15, 0x73
    .byte 0x2c, 0x01, 0x00, 0x00, 0x00, 0x15, 0x06, 0x2c, 0x5a, 0x00, 0x00, 0x00, 0x15, 0x07, 0x15, 0x08
    .byte 0x2c, 0x09, 0x00, 0x00, 0x00, 0x15, 0x05, 0x15, 0x16, 0x2c, 0x20, 0x00, 0x00, 0x00, 0x2c, 0xd9
    .byte 0x35, 0x22, 0x02, 0x15, 0x39, 0x2c, 0x01, 0x00, 0x00, 0x00, 0x15, 0x18, 0x2c, 0x01, 0x00, 0x00
    .byte 0x00, 0x15, 0x19, 0x20, 0x00, 0x00, 0x15, 0x1b, 0x00, 0x00, 0x15, 0x1f, 0x18, 0x70, 0x17, 0x00
    .byte 0x15, 0x20, 0x18, 0x70, 0x17, 0x00, 0x15, 0x27, 0x18, 0x70, 0x17, 0x00, 0x15, 0x02, 0x2c, 0x01
    .byte 0x00, 0x00, 0x00, 0x15, 0x09, 0x20, 0x00, 0x00, 0x15, 0x05, 0x15, 0x16, 0x20, 0x00, 0x00, 0x15
    .byte 0x09, 0x00, 0x2c, 0x20, 0x00, 0x00, 0x00, 0x2c, 0x07, 0x00, 0x00, 0x00, 0x15, 0x47, 0x18, 0x70
    .byte 0x17, 0x00, 0x2c, 0x20, 0x00, 0x00, 0x00, 0x2c, 0x08, 0x00, 0x00, 0x00, 0x15, 0x47, 0x18, 0x70
    .byte 0x24, 0x00, 0x08, 0x00, 0x00, 0x00, 0x17, 0x00, 0x2c, 0x10, 0x00, 0x00, 0x00, 0x15, 0x02, 0x2c
    .byte 0x01, 0x00, 0x00, 0x00, 0x15, 0x09, 0x2c, 0x06, 0x00, 0x00, 0x00, 0x2c, 0x0b, 0x00, 0x00, 0x00
    .byte 0x15, 0xe0, 0x2c, 0xa6, 0xff, 0xff, 0xff, 0x15, 0x1b, 0x20, 0x00, 0x00, 0x15, 0x18, 0x20, 0x00
    .byte 0x00, 0x15, 0x19, 0x2c, 0x11, 0x10, 0x00, 0x00, 0x2c, 0x01, 0x10, 0x00, 0x00, 0x2c, 0x12, 0x10
    .byte 0x00, 0x00, 0x2c, 0x02, 0x00, 0x00, 0x00, 0x2c, 0x16, 0x00, 0x00, 0x00, 0x15, 0x73, 0x2c, 0x00
    .byte 0x01, 0x00, 0x00, 0x15, 0x17, 0x20, 0x00, 0x00, 0x2c, 0x83, 0x35, 0x00, 0x00, 0x15, 0xe0, 0x2c
    .byte 0x20, 0x00, 0x00, 0x00, 0x2c, 0x07, 0x00, 0x00, 0x00, 0x15, 0x47, 0x18, 0x70, 0x17, 0x00, 0x2c
    .byte 0x20, 0x00, 0x00, 0x00, 0x2c, 0x08, 0x00, 0x00, 0x00, 0x15, 0x47, 0x18, 0x70, 0x05, 0x00, 0x40
    .byte 0x00, 0x00, 0x00, 0x17, 0x00, 0x20, 0x00, 0x00, 0x2c, 0xa0, 0x0f, 0x00, 0x00, 0x2c, 0x05, 0x00
    .byte 0x00, 0x00, 0x20, 0x00, 0x00, 0x15, 0x1a, 0x2c, 0xff, 0xff, 0xff, 0xff, 0x2c, 0x80, 0x06, 0x00
    .byte 0x00, 0x2c, 0xff, 0xff, 0xff, 0xff, 0x2c, 0xff, 0xff, 0xff, 0xff, 0x2c, 0xff, 0xff, 0xff, 0xff
    .byte 0x2c, 0xff, 0xff, 0xff, 0xff, 0x15, 0x00, 0x2c, 0x05, 0x00, 0x00, 0x00, 0x15, 0x07, 0x15, 0x08
    .byte 0x15, 0x27, 0x18, 0x70, 0x32, 0x00, 0x10, 0x00, 0x00, 0x00, 0x13, 0xf4, 0x36, 0x22, 0x02, 0x01
    .byte 0xe0, 0x36, 0x22, 0x02, 0x2c, 0x19, 0x00, 0x00, 0x00, 0x15, 0x05, 0x15, 0x16, 0x2c, 0x0f, 0x10
    .byte 0x00, 0x00, 0x2c, 0x01, 0x10, 0x00, 0x00, 0x2c, 0x10, 0x10, 0x00, 0x00, 0x2c, 0x02, 0x00, 0x00
    .byte 0x00, 0x20, 0x00, 0x00, 0x15, 0x73, 0x2c, 0x05, 0x00, 0x00, 0x00, 0x15, 0x07, 0x15, 0x08, 0x2c
    .byte 0x18, 0x00, 0x00, 0x00, 0x15, 0x05, 0x2c, 0x01, 0x00, 0x00, 0x00, 0x15, 0x06, 0x2c, 0x41, 0x00
    .byte 0x00, 0x00, 0x15, 0x07, 0x15, 0x08, 0x20, 0x00, 0x00, 0x2c, 0x27, 0x00, 0x00, 0x00, 0x15, 0xe0
    .byte 0x15, 0x16, 0x2c, 0x01, 0x00, 0x00, 0x00, 0x15, 0x05, 0x15, 0x16, 0x2c, 0x02, 0x00, 0x00, 0x00
    .byte 0x15, 0x05, 0x15, 0x16, 0x2c, 0x03, 0x00, 0x00, 0x00, 0x15, 0x05, 0x15, 0x16, 0x2c, 0x04, 0x00
    .byte 0x00, 0x00, 0x15, 0x05, 0x15, 0x16, 0x2c, 0x05, 0x00, 0x00, 0x00, 0x15, 0x05, 0x15, 0x16, 0x2c
    .byte 0x06, 0x00, 0x00, 0x00, 0x15, 0x05, 0x15, 0x16, 0x2c, 0x07, 0x00, 0x00, 0x00, 0x15, 0x05, 0x15
    .byte 0x16, 0x20, 0x00, 0x00, 0x15, 0x05, 0x15, 0x16, 0x2c, 0x1e, 0x00, 0x00, 0x00, 0x15, 0x07, 0x15
    .byte 0x08, 0x2c, 0x11, 0x10, 0x00, 0x00, 0x2c, 0x01, 0x10, 0x00, 0x00, 0x2c, 0x12, 0x10, 0x00, 0x00
    .byte 0x2c, 0x02, 0x00, 0x00, 0x00, 0x2c, 0x16, 0x00, 0x00, 0x00, 0x15, 0x73, 0x2c, 0x00, 0x01, 0x00
    .byte 0x00, 0x15, 0x17, 0x20, 0x00, 0x00, 0x2c, 0xff, 0xff, 0xff, 0xff, 0x2c, 0xff, 0xff, 0xff, 0xff
    .byte 0x15, 0xdd, 0x18, 0x70, 0x14, 0xf3, 0x37, 0x22, 0x02, 0x2c, 0x03, 0x00, 0x00, 0x00, 0x2c, 0xff
    .byte 0xff, 0xff, 0xff, 0x2c, 0xff, 0xff, 0xff, 0xff, 0x15, 0xdd, 0x18, 0x70, 0x35, 0x00, 0x02, 0x00
    .byte 0x00, 0x00, 0x14, 0xf3, 0x37, 0x22, 0x02, 0x2c, 0x01, 0x00, 0x00, 0x00, 0x2c, 0x88, 0x2d, 0x22
    .byte 0x02, 0x15, 0x39, 0x20, 0x00, 0x00, 0x2c, 0x28, 0x00, 0x00, 0x00, 0x15, 0xe0, 0x2c, 0x11, 0x00
    .byte 0x00, 0x00, 0x2c, 0x01, 0x00, 0x00, 0x00, 0x15, 0x1f, 0x18, 0x70, 0x17, 0x00, 0x15, 0x20, 0x18
    .byte 0x70, 0x24, 0x00, 0x58, 0x00, 0x00, 0x00, 0x17, 0x00, 0x2c, 0xff, 0xff, 0xff, 0xff, 0x2c, 0xff
    .byte 0xff, 0xff, 0xff, 0x2c, 0xff, 0xff, 0xff, 0xff, 0x15, 0x53, 0x2c, 0x17, 0x00, 0x00, 0x00, 0x15
    .byte 0x05, 0x15, 0x16, 0x29, 0x00, 0x55, 0x27, 0x00, 0x04, 0x2c, 0x2d, 0x00, 0x00, 0x00, 0x2c, 0xd4
    .byte 0x3f, 0x22, 0x02, 0x15, 0x39, 0x2c, 0x2d, 0x00, 0x00, 0x00, 0x15, 0x42, 0x18, 0x70, 0x32, 0x00
    .byte 0x00, 0x00, 0x00, 0x00, 0x14, 0x5e, 0x38, 0x22, 0x02, 0x01, 0x45, 0x38, 0x22, 0x02, 0x2c, 0x2e
    .byte 0x00, 0x00, 0x00, 0x2c, 0xa5, 0x40, 0x22, 0x02, 0x15, 0x39, 0x2c, 0x2e, 0x00, 0x00, 0x00, 0x15
    .byte 0x42, 0x18, 0x70, 0x32, 0x00, 0x00, 0x00, 0x00, 0x00, 0x14, 0x83, 0x38, 0x22, 0x02, 0x01, 0x6a
    .byte 0x38, 0x22, 0x02, 0x2c, 0x2f, 0x00, 0x00, 0x00, 0x2c, 0x42, 0x41, 0x22, 0x02, 0x15, 0x39, 0x2c
    .byte 0x2f, 0x00, 0x00, 0x00, 0x15, 0x42, 0x18, 0x70, 0x32, 0x00, 0x00, 0x00, 0x00, 0x00, 0x14, 0xa8
    .byte 0x38, 0x22, 0x02, 0x01, 0x8f, 0x38, 0x22, 0x02, 0x2c, 0x30, 0x00, 0x00, 0x00, 0x2c, 0xab, 0x41
    .byte 0x22, 0x02, 0x15, 0x39, 0x2c, 0x30, 0x00, 0x00, 0x00, 0x15, 0x42, 0x18, 0x70, 0x32, 0x00, 0x00
    .byte 0x00, 0x00, 0x00, 0x14, 0xcd, 0x38, 0x22, 0x02, 0x01, 0xb4, 0x38, 0x22, 0x02, 0x29, 0x00, 0x55
    .byte 0x09, 0x00, 0xe8, 0x03, 0x00, 0x00, 0x27, 0x00, 0x03, 0x29, 0x00, 0x55, 0x0b, 0x00, 0xe8, 0x03
    .byte 0x00, 0x00, 0x26, 0x00, 0x55, 0x29, 0x00, 0x55, 0x09, 0x00, 0x64, 0x00, 0x00, 0x00, 0x27, 0x00
    .byte 0x02, 0x29, 0x00, 0x55, 0x0b, 0x00, 0x64, 0x00, 0x00, 0x00, 0x26, 0x00, 0x55, 0x29, 0x00, 0x55
    .byte 0x09, 0x00, 0x0a, 0x00, 0x00, 0x00, 0x27, 0x00, 0x01, 0x29, 0x00, 0x55, 0x0b, 0x00, 0x0a, 0x00
    .byte 0x00, 0x00, 0x26, 0x00, 0x55, 0x29, 0x00, 0x55, 0x27, 0x00, 0x00, 0x2c, 0x18, 0x00, 0x00, 0x00
    .byte 0x15, 0x05, 0x2c, 0x01, 0x00, 0x00, 0x00, 0x15, 0x06, 0x2c, 0x2d, 0x00, 0x00, 0x00, 0x2c, 0x68
    .byte 0x3e, 0x22, 0x02, 0x15, 0x39, 0x2c, 0x0a, 0x00, 0x00, 0x00, 0x15, 0x07, 0x15, 0x08, 0x2c, 0x2e
    .byte 0x00, 0x00, 0x00, 0x2c, 0x9e, 0x3e, 0x22, 0x02, 0x15, 0x39, 0x2c, 0x0a, 0x00, 0x00, 0x00, 0x15
    .byte 0x07, 0x15, 0x08, 0x2c, 0x2f, 0x00, 0x00, 0x00, 0x2c, 0x08, 0x3f, 0x22, 0x02, 0x15, 0x39, 0x2c
    .byte 0x0a, 0x00, 0x00, 0x00, 0x15, 0x07, 0x15, 0x08, 0x2c, 0x30, 0x00, 0x00, 0x00, 0x2c, 0x64, 0x3f
    .byte 0x22, 0x02, 0x15, 0x39, 0x2a, 0x00, 0x01, 0x31, 0x00, 0x01, 0x00, 0x00, 0x00, 0x14, 0x89, 0x39
    .byte 0x22, 0x02, 0x2c, 0x32, 0x00, 0x00, 0x00, 0x15, 0x07, 0x15, 0x08, 0x2a, 0x00, 0x02, 0x31, 0x00
    .byte 0x01, 0x00, 0x00, 0x00, 0x14, 0xa0, 0x39, 0x22, 0x02, 0x2c, 0x32, 0x00, 0x00, 0x00, 0x15, 0x07
    .byte 0x15, 0x08, 0x2a, 0x00, 0x03, 0x31, 0x00, 0x01, 0x00, 0x00, 0x00, 0x14, 0xb7, 0x39, 0x22, 0x02
    .byte 0x2c, 0x32, 0x00, 0x00, 0x00, 0x15, 0x07, 0x15, 0x08, 0x2c, 0x2c, 0x00, 0x00, 0x00, 0x2c, 0x2d
    .byte 0x3e, 0x22, 0x02, 0x15, 0x39, 0x2c, 0x01, 0x00, 0x00, 0x00, 0x15, 0x07, 0x15, 0x08, 0x2e, 0x04
    .byte 0x15, 0xaa, 0x2c, 0x2c, 0x00, 0x00, 0x00, 0x2c, 0xe0, 0x41, 0x22, 0x02, 0x15, 0x39, 0x2c, 0x2c
    .byte 0x00, 0x00, 0x00, 0x15, 0x42, 0x18, 0x70, 0x32, 0x00, 0x00, 0x00, 0x00, 0x00, 0x14, 0xf7, 0x39
    .byte 0x22, 0x02, 0x01, 0xde, 0x39, 0x22, 0x02, 0x2c, 0x2c, 0x00, 0x00, 0x00, 0x2c, 0x43, 0x42, 0x22
    .byte 0x02, 0x15, 0x39, 0x2c, 0x2c, 0x00, 0x00, 0x00, 0x15, 0x42, 0x18, 0x70, 0x32, 0x00, 0x00, 0x00
    .byte 0x00, 0x00, 0x14, 0x1c, 0x3a, 0x22, 0x02, 0x01, 0x03, 0x3a, 0x22, 0x02, 0x2c, 0x0f, 0x00, 0x00
    .byte 0x00, 0x15, 0x07, 0x15, 0x08, 0x2c, 0x31, 0x00, 0x00, 0x00, 0x2c, 0xdf, 0x42, 0x22, 0x02, 0x15
    .byte 0x39, 0x2c, 0x31, 0x00, 0x00, 0x00, 0x15, 0x42, 0x18, 0x70, 0x32, 0x00, 0x00, 0x00, 0x00, 0x00
    .byte 0x14, 0x4a, 0x3a, 0x22, 0x02, 0x01, 0x31, 0x3a, 0x22, 0x02, 0x2c, 0x78, 0x00, 0x00, 0x00, 0x15
    .byte 0x07, 0x15, 0x08, 0x2c, 0x11, 0x00, 0x00, 0x00, 0x20, 0x00, 0x00, 0x15, 0x1f, 0x18, 0x70, 0x17
    .byte 0x00, 0x15, 0x20, 0x18, 0x70, 0x24, 0x00, 0x58, 0x00, 0x00, 0x00, 0x17, 0x00, 0x2c, 0xff, 0xff
    .byte 0xff, 0xff, 0x2c, 0xff, 0xff, 0xff, 0xff, 0x2c, 0xff, 0xff, 0xff, 0xff, 0x15, 0x53, 0x20, 0x00
    .byte 0x00, 0x2c, 0x89, 0x35, 0x00, 0x00, 0x15, 0xe0, 0x2c, 0x31, 0x00, 0x00, 0x00, 0x2c, 0xa8, 0x43
    .byte 0x22, 0x02, 0x15, 0x39, 0x2c, 0x2c, 0x00, 0x00, 0x00, 0x2c, 0xc3, 0x3f, 0x22, 0x02, 0x15, 0x39
    .byte 0x2c, 0x2d, 0x00, 0x00, 0x00, 0x2c, 0xb2, 0x3f, 0x22, 0x02, 0x15, 0x39, 0x2c, 0x2e, 0x00, 0x00
    .byte 0x00, 0x2c, 0xb2, 0x3f, 0x22, 0x02, 0x15, 0x39, 0x2c, 0x2f, 0x00, 0x00, 0x00, 0x2c, 0xb2, 0x3f
    .byte 0x22, 0x02, 0x15, 0x39, 0x2c, 0x30, 0x00, 0x00, 0x00, 0x2c, 0xb2, 0x3f, 0x22, 0x02, 0x15, 0x39
    .byte 0x2c, 0x4b, 0x00, 0x00, 0x00, 0x15, 0x07, 0x15, 0x08, 0x2c, 0x32, 0x00, 0x00, 0x00, 0x2c, 0x50
    .byte 0x45, 0x22, 0x02, 0x15, 0x39, 0x2c, 0x32, 0x00, 0x00, 0x00, 0x15, 0x42, 0x18, 0x70, 0x32, 0x00
    .byte 0x00, 0x00, 0x00, 0x00, 0x14, 0xfe, 0x3a, 0x22, 0x02, 0x01, 0xe5, 0x3a, 0x22, 0x02, 0x20, 0x00
    .byte 0x00, 0x2c, 0x88, 0x35, 0x00, 0x00, 0x15, 0xe0, 0x2c, 0x15, 0x00, 0x00, 0x00, 0x15, 0x05, 0x15
    .byte 0x16, 0x20, 0x00, 0x00, 0x2c, 0x57, 0x00, 0x00, 0x00, 0x15, 0xe0, 0x2c, 0x32, 0x00, 0x00, 0x00
    .byte 0x2c, 0xca, 0x45, 0x22, 0x02, 0x15, 0x39, 0x2c, 0x03, 0x10, 0x00, 0x00, 0x2c, 0x01, 0x10, 0x00
    .byte 0x00, 0x2c, 0x04, 0x10, 0x00, 0x00, 0x2c, 0x02, 0x00, 0x00, 0x00, 0x2c, 0x08, 0x00, 0x00, 0x00
    .byte 0x15, 0x73, 0x2c, 0x01, 0x00, 0x00, 0x00, 0x15, 0x06, 0x2c, 0x64, 0x00, 0x00, 0x00, 0x15, 0x07
    .byte 0x15, 0x08, 0x2c, 0x32, 0x00, 0x00, 0x00, 0x2c, 0x99, 0x47, 0x22, 0x02, 0x15, 0x39, 0x2c, 0x3c
    .byte 0x00, 0x00, 0x00, 0x15, 0x07, 0x15, 0x08, 0x2c, 0x09, 0x00, 0x00, 0x00, 0x15, 0x05, 0x15, 0x16
    .byte 0x2c, 0x0b, 0x10, 0x00, 0x00, 0x2c, 0x01, 0x10, 0x00, 0x00, 0x2c, 0x0c, 0x10, 0x00, 0x00, 0x2c
    .byte 0x02, 0x00, 0x00, 0x00, 0x2c, 0x26, 0x00, 0x00, 0x00, 0x15, 0x73, 0x2c, 0x01, 0x00, 0x00, 0x00
    .byte 0x15, 0x06, 0x2c, 0x78, 0x00, 0x00, 0x00, 0x15, 0x07, 0x15, 0x08, 0x2c, 0x0b, 0x10, 0x00, 0x00
    .byte 0x2c, 0x01, 0x10, 0x00, 0x00, 0x2c, 0x0c, 0x10, 0x00, 0x00, 0x2c, 0x02, 0x00, 0x00, 0x00, 0x2c
    .byte 0x11, 0x00, 0x00, 0x00, 0x15, 0x73, 0x2c, 0x32, 0x00, 0x00, 0x00, 0x2c, 0xe6, 0x49, 0x22, 0x02
    .byte 0x15, 0x39, 0x2c, 0x3c, 0x00, 0x00, 0x00, 0x15, 0x07, 0x15, 0x08, 0x15, 0x8f, 0x2c, 0x4d, 0x01
    .byte 0x00, 0x00, 0x15, 0x37, 0x18, 0x70, 0x32, 0x00, 0x00, 0x00, 0x00, 0x00, 0x14, 0x4a, 0x3c, 0x22
    .byte 0x02, 0x2c, 0x76, 0x01, 0x00, 0x00, 0x15, 0x37, 0x18, 0x70, 0x32, 0x00, 0x00, 0x00, 0x00, 0x00
    .byte 0x14, 0x4a, 0x3c, 0x22, 0x02, 0x2c, 0x54, 0x03, 0x00, 0x00, 0x15, 0x37, 0x18, 0x70, 0x32, 0x00
    .byte 0x00, 0x00, 0x00, 0x00, 0x14, 0x4a, 0x3c, 0x22, 0x02, 0x2c, 0xc4, 0x09, 0x00, 0x00, 0x15, 0x37
    .byte 0x18, 0x70, 0x32, 0x00, 0x00, 0x00, 0x00, 0x00, 0x14, 0x4a, 0x3c, 0x22, 0x02, 0x20, 0x00, 0x00
    .byte 0x2c, 0x76, 0x00, 0x00, 0x00, 0x15, 0xe0, 0x2c, 0x78, 0x00, 0x00, 0x00, 0x15, 0x07, 0x15, 0x08
    .byte 0x2c, 0x0f, 0x00, 0x00, 0x00, 0x2c, 0x6e, 0x00, 0x00, 0x00, 0x15, 0x78, 0x2c, 0x0a, 0x00, 0x00
    .byte 0x00, 0x15, 0x07, 0x15, 0x08, 0x25, 0x72, 0x3c, 0x22, 0x02, 0x20, 0x00, 0x00, 0x2c, 0x76, 0x00
    .byte 0x00, 0x00, 0x15, 0xe0, 0x2c, 0x78, 0x00, 0x00, 0x00, 0x15, 0x07, 0x15, 0x08, 0x2c, 0x0f, 0x00
    .byte 0x00, 0x00, 0x2c, 0x70, 0x00, 0x00, 0x00, 0x15, 0x78, 0x2c, 0x0a, 0x00, 0x00, 0x00, 0x15, 0x07
    .byte 0x15, 0x08, 0x2c, 0x01, 0x00, 0x00, 0x00, 0x15, 0x07, 0x15, 0x08, 0x15, 0x8e, 0x2c, 0x0b, 0x10
    .byte 0x00, 0x00, 0x2c, 0x01, 0x10, 0x00, 0x00, 0x2c, 0x0c, 0x10, 0x00, 0x00, 0x2c, 0x02, 0x00, 0x00
    .byte 0x00, 0x2c, 0x13, 0x00, 0x00, 0x00, 0x15, 0x73, 0x2c, 0x3c, 0x00, 0x00, 0x00, 0x15, 0x07, 0x15
    .byte 0x08, 0x2c, 0x32, 0x00, 0x00, 0x00, 0x2c, 0x68, 0x46, 0x22, 0x02, 0x15, 0x39, 0x2c, 0x32, 0x00
    .byte 0x00, 0x00, 0x15, 0x42, 0x18, 0x70, 0x32, 0x00, 0x00, 0x00, 0x00, 0x00, 0x14, 0xc6, 0x3c, 0x22
    .byte 0x02, 0x01, 0xad, 0x3c, 0x22, 0x02, 0x20, 0x00, 0x00, 0x2c, 0x87, 0x35, 0x00, 0x00, 0x15, 0xe0
    .byte 0x2c, 0x3c, 0x00, 0x00, 0x00, 0x15, 0x07, 0x15, 0x08, 0x20, 0x00, 0x00, 0x2c, 0x1c, 0x00, 0x00
    .byte 0x00, 0x15, 0xe0, 0x2c, 0x27, 0x00, 0x00, 0x00, 0x15, 0x05, 0x15, 0x16, 0x2c, 0x1e, 0x00, 0x00
    .byte 0x00, 0x15, 0x07, 0x15, 0x08, 0x2c, 0x32, 0x00, 0x00, 0x00, 0x2c, 0x5a, 0x4a, 0x22, 0x02, 0x15
    .byte 0x39, 0x2c, 0x32, 0x00, 0x00, 0x00, 0x15, 0x42, 0x18, 0x70, 0x32, 0x00, 0x00, 0x00, 0x00, 0x00
    .byte 0x14, 0x1a, 0x3d, 0x22, 0x02, 0x01, 0x01, 0x3d, 0x22, 0x02, 0x20, 0x00, 0x00, 0x15, 0x1b, 0x2c
    .byte 0x3c, 0x00, 0x00, 0x00, 0x15, 0x07, 0x15, 0x08, 0x2c, 0x15, 0x00, 0x00, 0x00, 0x2c, 0x0f, 0x00
    .byte 0x00, 0x00, 0x2c, 0x7f, 0x00, 0x00, 0x00, 0x15, 0x0a, 0x2c, 0x0b, 0x10, 0x00, 0x00, 0x2c, 0x01
    .byte 0x10, 0x00, 0x00, 0x2c, 0x0c, 0x10, 0x00, 0x00, 0x2c, 0x02, 0x00, 0x00, 0x00, 0x2c, 0x17, 0x00
    .byte 0x00, 0x00, 0x15, 0x73, 0x2c, 0x01, 0x00, 0x00, 0x00, 0x15, 0x06, 0x2c, 0x6e, 0x00, 0x00, 0x00
    .byte 0x15, 0x07, 0x15, 0x08, 0x2c, 0x01, 0x00, 0x00, 0x00, 0x15, 0x18, 0x2c, 0x01, 0x00, 0x00, 0x00
    .byte 0x15, 0x19, 0x20, 0x00, 0x00, 0x15, 0x1b, 0x2c, 0x0b, 0x10, 0x00, 0x00, 0x2c, 0x01, 0x10, 0x00
    .byte 0x00, 0x2c, 0x0c, 0x10, 0x00, 0x00, 0x2c, 0x02, 0x00, 0x00, 0x00, 0x2c, 0x25, 0x00, 0x00, 0x00
    .byte 0x15, 0x73, 0x2c, 0x01, 0x00, 0x00, 0x00, 0x15, 0x06, 0x2c, 0x5a, 0x00, 0x00, 0x00, 0x15, 0x07
    .byte 0x15, 0x08, 0x2c, 0x07, 0x00, 0x00, 0x00, 0x2c, 0x3c, 0x00, 0x00, 0x00, 0x15, 0xe0, 0x2c, 0x16
    .byte 0x00, 0x00, 0x00, 0x2d, 0xae, 0x2c, 0x3c, 0x00, 0x00, 0x00, 0x15, 0x0a, 0x2c, 0xff, 0x0f, 0x00
    .byte 0x00, 0x2c, 0xff, 0x0f, 0x00, 0x00, 0x2c, 0xff, 0x0f, 0x00, 0x00, 0x2c, 0x15, 0x00, 0x00, 0x00
    .byte 0x2c, 0xff, 0xff, 0xff, 0xff, 0x2c, 0xff, 0xff, 0xff, 0xff, 0x2c, 0xff, 0xff, 0xff, 0xff, 0x15
    .byte 0x93, 0x03, 0x00, 0x3c, 0x00, 0x00, 0x00, 0x26, 0x00, 0xdb, 0x2c, 0x15, 0x00, 0x00, 0x00, 0x2c
    .byte 0xcb, 0x00, 0x00, 0x00, 0x2c, 0x7f, 0x00, 0x00, 0x00, 0x15, 0x0a, 0x2c, 0x0b, 0x00, 0x00, 0x00
    .byte 0x2c, 0x0b, 0x00, 0x00, 0x00, 0x15, 0x78, 0x2c, 0x78, 0x00, 0x00, 0x00, 0x15, 0x07, 0x15, 0x08
    .byte 0x20, 0x00, 0x00, 0x2c, 0x03, 0x00, 0x00, 0x00, 0x15, 0x4b, 0x2c, 0x0c, 0x00, 0x00, 0x00, 0x15
    .byte 0x07, 0x15, 0x08, 0x03, 0x00, 0x00, 0x00, 0x00, 0x00, 0x26, 0x00, 0x55, 0x00, 0x2c, 0x6a, 0xff
    .byte 0xff, 0xff, 0x15, 0x1b, 0x15, 0x1f, 0x18, 0x70, 0x05, 0x00, 0x04, 0x00, 0x00, 0x00, 0x17, 0x00
    .byte 0x15, 0x20, 0x18, 0x70, 0x05, 0x00, 0x32, 0x00, 0x00, 0x00, 0x17, 0x00, 0x15, 0x27, 0x18, 0x70
    .byte 0x17, 0x00, 0x15, 0x02, 0x2c, 0x01, 0x00, 0x00, 0x00, 0x15, 0x09, 0x20, 0x00, 0x00, 0x15, 0x05
    .byte 0x2c, 0x01, 0x00, 0x00, 0x00, 0x15, 0x06, 0x00, 0x2c, 0x6a, 0xff, 0xff, 0xff, 0x15, 0x1b, 0x2c
    .byte 0x00, 0x02, 0x00, 0x00, 0x15, 0x17, 0x2c, 0x01, 0x00, 0x00, 0x00, 0x15, 0x09, 0x2c, 0x16, 0x00
    .byte 0x00, 0x00, 0x15, 0x05, 0x2c, 0x01, 0x00, 0x00, 0x00, 0x15, 0x06, 0x21, 0x53, 0x44, 0x22, 0x02
    .byte 0x2a, 0x00, 0x00, 0x05, 0x00, 0x01, 0x00, 0x00, 0x00, 0x17, 0x00, 0x15, 0x05, 0x00, 0x2c, 0x19
    .byte 0x00, 0x00, 0x00, 0x15, 0x07, 0x15, 0x08, 0x2c, 0x6a, 0xff, 0xff, 0xff, 0x15, 0x1b, 0x2c, 0x00
    .byte 0x02, 0x00, 0x00, 0x15, 0x17, 0x2a, 0x00, 0x01, 0x33, 0x00, 0x00, 0x00, 0x00, 0x00, 0x14, 0xe0
    .byte 0x3e, 0x22, 0x02, 0x2a, 0x00, 0x02, 0x33, 0x00, 0x00, 0x00, 0x00, 0x00, 0x14, 0xe0, 0x3e, 0x22
    .byte 0x02, 0x2a, 0x00, 0x03, 0x33, 0x00, 0x00, 0x00, 0x00, 0x00, 0x14, 0xe0, 0x3e, 0x22, 0x02, 0x00
    .byte 0x2c, 0x01, 0x00, 0x00, 0x00, 0x15, 0x09, 0x2c, 0x16, 0x00, 0x00, 0x00, 0x15, 0x05, 0x2c, 0x01
    .byte 0x00, 0x00, 0x00, 0x15, 0x06, 0x21, 0x53, 0x44, 0x22, 0x02, 0x2a, 0x00, 0x01, 0x05, 0x00, 0x01
    .byte 0x00, 0x00, 0x00, 0x17, 0x00, 0x15, 0x05, 0x00, 0x2c, 0x32, 0x00, 0x00, 0x00, 0x15, 0x07, 0x15
    .byte 0x08, 0x2c, 0x6a, 0xff, 0xff, 0xff, 0x15, 0x1b, 0x2c, 0x00, 0x02, 0x00, 0x00, 0x15, 0x17, 0x2a
    .byte 0x00, 0x02, 0x33, 0x00, 0x00, 0x00, 0x00, 0x00, 0x14, 0x3c, 0x3f, 0x22, 0x02, 0x2a, 0x00, 0x03
    .byte 0x33, 0x00, 0x00, 0x00, 0x00, 0x00, 0x14, 0x3c, 0x3f, 0x22, 0x02, 0x00, 0x2c, 0x01, 0x00, 0x00
    .byte 0x00, 0x15, 0x09, 0x2c, 0x16, 0x00, 0x00, 0x00, 0x15, 0x05, 0x2c, 0x01, 0x00, 0x00, 0x00, 0x15
    .byte 0x06, 0x21, 0x53, 0x44, 0x22, 0x02, 0x2a, 0x00, 0x02, 0x05, 0x00, 0x01, 0x00, 0x00, 0x00, 0x17
    .byte 0x00, 0x15, 0x05, 0x00, 0x2c, 0x4b, 0x00, 0x00, 0x00, 0x15, 0x07, 0x15, 0x08, 0x2c, 0x6a, 0xff
    .byte 0xff, 0xff, 0x15, 0x1b, 0x2c, 0x00, 0x02, 0x00, 0x00, 0x15, 0x17, 0x2a, 0x00, 0x03, 0x33, 0x00
    .byte 0x00, 0x00, 0x00, 0x00, 0x14, 0x8a, 0x3f, 0x22, 0x02, 0x00, 0x2c, 0x01, 0x00, 0x00, 0x00, 0x15
    .byte 0x09, 0x2c, 0x16, 0x00, 0x00, 0x00, 0x15, 0x05, 0x2c, 0x01, 0x00, 0x00, 0x00, 0x15, 0x06, 0x21
    .byte 0x53, 0x44, 0x22, 0x02, 0x2a, 0x00, 0x03, 0x05, 0x00, 0x01, 0x00, 0x00, 0x00, 0x17, 0x00, 0x15
    .byte 0x05, 0x00, 0x2c, 0x17, 0x00, 0x00, 0x00, 0x15, 0x05, 0x15, 0x16, 0x20, 0x00, 0x00, 0x15, 0x09
    .byte 0x15, 0x0d, 0x00, 0x2c, 0x18, 0x00, 0x00, 0x00, 0x15, 0x05, 0x15, 0x16, 0x20, 0x00, 0x00, 0x15
    .byte 0x09, 0x15, 0x0d, 0x00, 0x29, 0x00, 0x55, 0x31, 0x00, 0xe8, 0x03, 0x00, 0x00, 0x14, 0x08, 0x40
    .byte 0x22, 0x02, 0x15, 0x1f, 0x18, 0x70, 0x05, 0x00, 0x26, 0x00, 0x00, 0x00, 0x17, 0x00, 0x15, 0x20
    .byte 0x18, 0x70, 0x05, 0x00, 0x10, 0x00, 0x00, 0x00, 0x15, 0x27, 0x18, 0x71, 0x04, 0x10, 0x17, 0x00
    .byte 0x15, 0x27, 0x18, 0x70, 0x17, 0x00, 0x15, 0x02, 0x29, 0x00, 0x55, 0x33, 0x00, 0xe7, 0x03, 0x00
    .byte 0x00, 0x14, 0x3c, 0x40, 0x22, 0x02, 0x15, 0x1f, 0x18, 0x70, 0x05, 0x00, 0x12, 0x00, 0x00, 0x00
    .byte 0x17, 0x00, 0x15, 0x20, 0x18, 0x70, 0x05, 0x00, 0x10, 0x00, 0x00, 0x00, 0x15, 0x27, 0x18, 0x71
    .byte 0x04, 0x10, 0x17, 0x00, 0x15, 0x27, 0x18, 0x70, 0x17, 0x00, 0x15, 0x02, 0x29, 0x00, 0x55, 0x33
    .byte 0x00, 0x63, 0x00, 0x00, 0x00, 0x14, 0x70, 0x40, 0x22, 0x02, 0x15, 0x1f, 0x18, 0x70, 0x05, 0x00
    .byte 0x05, 0x00, 0x00, 0x00, 0x17, 0x00, 0x15, 0x20, 0x18, 0x70, 0x05, 0x00, 0x10, 0x00, 0x00, 0x00
    .byte 0x15, 0x27, 0x18, 0x71, 0x04, 0x10, 0x17, 0x00, 0x15, 0x27, 0x18, 0x70, 0x17, 0x00, 0x15, 0x02
    .byte 0x29, 0x00, 0x55, 0x33, 0x00, 0x09, 0x00, 0x00, 0x00, 0x14, 0xa4, 0x40, 0x22, 0x02, 0x15, 0x1f
    .byte 0x18, 0x70, 0x24, 0x00, 0x0f, 0x00, 0x00, 0x00, 0x17, 0x00, 0x15, 0x20, 0x18, 0x70, 0x05, 0x00
    .byte 0x10, 0x00, 0x00, 0x00, 0x15, 0x27, 0x18, 0x71, 0x04, 0x10, 0x17, 0x00, 0x15, 0x27, 0x18, 0x70
    .byte 0x17, 0x00, 0x15, 0x02, 0x00, 0x29, 0x00, 0x55, 0x31, 0x00, 0xe8, 0x03, 0x00, 0x00, 0x14, 0xd9
    .byte 0x40, 0x22, 0x02, 0x15, 0x1f, 0x18, 0x70, 0x05, 0x00, 0x03, 0x00, 0x00, 0x00, 0x17, 0x00, 0x15
    .byte 0x20, 0x18, 0x70, 0x05, 0x00, 0x10, 0x00, 0x00, 0x00, 0x15, 0x27, 0x18, 0x71, 0x04, 0x10, 0x17
    .byte 0x00, 0x15, 0x27, 0x18, 0x70, 0x17, 0x00, 0x15, 0x02, 0x29, 0x00, 0x55, 0x33, 0x00, 0xe7, 0x03
    .byte 0x00, 0x00, 0x14, 0x0d, 0x41, 0x22, 0x02, 0x15, 0x1f, 0x18, 0x70, 0x24, 0x00, 0x0f, 0x00, 0x00
    .byte 0x00, 0x17, 0x00, 0x15, 0x20, 0x18, 0x70, 0x05, 0x00, 0x10, 0x00, 0x00, 0x00, 0x15, 0x27, 0x18
    .byte 0x71, 0x04, 0x10, 0x17, 0x00, 0x15, 0x27, 0x18, 0x70, 0x17, 0x00, 0x15, 0x02, 0x29, 0x00, 0x55
    .byte 0x33, 0x00, 0x63, 0x00, 0x00, 0x00, 0x14, 0x41, 0x41, 0x22, 0x02, 0x15, 0x1f, 0x18, 0x70, 0x24
    .byte 0x00, 0x24, 0x00, 0x00, 0x00, 0x17, 0x00, 0x15, 0x20, 0x18, 0x70, 0x05, 0x00, 0x10, 0x00, 0x00
    .byte 0x00, 0x15, 0x27, 0x18, 0x71, 0x04, 0x10, 0x17, 0x00, 0x15, 0x27, 0x18, 0x70, 0x17, 0x00, 0x15
    .byte 0x02, 0x00, 0x29, 0x00, 0x55, 0x31, 0x00, 0xe8, 0x03, 0x00, 0x00, 0x14, 0x76, 0x41, 0x22, 0x02
    .byte 0x15, 0x1f, 0x18, 0x70, 0x24, 0x00, 0x21, 0x00, 0x00, 0x00, 0x17, 0x00, 0x15, 0x20, 0x18, 0x70
    .byte 0x05, 0x00, 0x10, 0x00, 0x00, 0x00, 0x15, 0x27, 0x18, 0x71, 0x04, 0x10, 0x17, 0x00, 0x15, 0x27
    .byte 0x18, 0x70, 0x17, 0x00, 0x15, 0x02, 0x29, 0x00, 0x55, 0x33, 0x00, 0xe7, 0x03, 0x00, 0x00, 0x14
    .byte 0xaa, 0x41, 0x22, 0x02, 0x15, 0x1f, 0x18, 0x70, 0x24, 0x00, 0x30, 0x00, 0x00, 0x00, 0x17, 0x00
    .byte 0x15, 0x20, 0x18, 0x70, 0x05, 0x00, 0x10, 0x00, 0x00, 0x00, 0x15, 0x27, 0x18, 0x71, 0x04, 0x10
    .byte 0x17, 0x00, 0x15, 0x27, 0x18, 0x70, 0x17, 0x00, 0x15, 0x02, 0x00, 0x29, 0x00, 0x55, 0x31, 0x00
    .byte 0xe8, 0x03, 0x00, 0x00, 0x14, 0xdf, 0x41, 0x22, 0x02, 0x15, 0x1f, 0x18, 0x70, 0x24, 0x00, 0x44
    .byte 0x00, 0x00, 0x00, 0x17, 0x00, 0x15, 0x20, 0x18, 0x70, 0x05, 0x00, 0x10, 0x00, 0x00, 0x00, 0x15
    .byte 0x27, 0x18, 0x71, 0x04, 0x10, 0x17, 0x00, 0x15, 0x27, 0x18, 0x70, 0x17, 0x00, 0x15, 0x02, 0x00
    .byte 0x20, 0x00, 0x00, 0x20, 0x00, 0x00, 0x20, 0x00, 0x00, 0x20, 0x00, 0x00, 0x15, 0xcd, 0x03, 0x00
    .byte 0x00, 0x00, 0x00, 0x00, 0x28, 0x00, 0x04, 0x2b, 0x00, 0x04, 0x34, 0x00, 0x0d, 0x00, 0x00, 0x00
    .byte 0x14, 0x32, 0x42, 0x22, 0x02, 0x2c, 0x03, 0x00, 0x00, 0x00, 0x2f, 0x04, 0x2c, 0x03, 0x00, 0x00
    .byte 0x00, 0x2c, 0x0f, 0x00, 0x00, 0x00, 0x15, 0xcd, 0x2c, 0x03, 0x00, 0x00, 0x00, 0x15, 0x07, 0x15
    .byte 0x08, 0x2b, 0x00, 0x04, 0x05, 0x00, 0x01, 0x00, 0x00, 0x00, 0x28, 0x00, 0x04, 0x25, 0xf7, 0x41
    .byte 0x22, 0x02, 0x2c, 0x01, 0x00, 0x00, 0x00, 0x20, 0x00, 0x00, 0x20, 0x00, 0x00, 0x20, 0x00, 0x00
    .byte 0x15, 0xcd, 0x00, 0x20, 0x00, 0x00, 0x20, 0x00, 0x00, 0x20, 0x00, 0x00, 0x20, 0x00, 0x00, 0x15
    .byte 0xcd, 0x03, 0x00, 0x00, 0x01, 0x00, 0x00, 0x28, 0x00, 0x04, 0x2b, 0x00, 0x04, 0x33, 0x00, 0x00
    .byte 0x02, 0x00, 0x00, 0x14, 0x8f, 0x42, 0x22, 0x02, 0x2c, 0x02, 0x00, 0x00, 0x00, 0x2f, 0x04, 0x2f
    .byte 0x04, 0x2f, 0x04, 0x15, 0xcd, 0x2c, 0x01, 0x00, 0x00, 0x00, 0x15, 0x07, 0x15, 0x08, 0x2b, 0x00
    .byte 0x04, 0x05, 0x00, 0x06, 0x00, 0x00, 0x00, 0x28, 0x00, 0x04, 0x25, 0x5a, 0x42, 0x22, 0x02, 0x03
    .byte 0x00, 0x00, 0x02, 0x00, 0x00, 0x28, 0x00, 0x04, 0x2b, 0x00, 0x04, 0x31, 0x00, 0x00, 0x01, 0x00
    .byte 0x00, 0x14, 0xcd, 0x42, 0x22, 0x02, 0x2c, 0x02, 0x00, 0x00, 0x00, 0x2f, 0x04, 0x2f, 0x04, 0x2f
    .byte 0x04, 0x15, 0xcd, 0x2c, 0x01, 0x00, 0x00, 0x00, 0x15, 0x07, 0x15, 0x08, 0x2b, 0x00, 0x04, 0x24
    .byte 0x00, 0x06, 0x00, 0x00, 0x00, 0x28, 0x00, 0x04, 0x25, 0x98, 0x42, 0x22, 0x02, 0x2c, 0x01, 0x00
    .byte 0x00, 0x00, 0x20, 0x00, 0x00, 0x20, 0x00, 0x00, 0x20, 0x00, 0x00, 0x15, 0xcd, 0x00, 0x00, 0x2c
    .byte 0x0b, 0x00, 0x00, 0x00, 0x20, 0x00, 0x00, 0x2c, 0x3a, 0x01, 0x00, 0x00, 0x2c, 0x5a, 0x01, 0x00
    .byte 0x00, 0x2c, 0x8e, 0x00, 0x00, 0x00, 0x2c, 0x2c, 0x00, 0x00, 0x00, 0x2c, 0xff, 0xff, 0xff, 0xff
    .byte 0x15, 0x53, 0x18, 0x70, 0x28, 0x00, 0x00, 0x2c, 0x0b, 0x00, 0x00, 0x00, 0x20, 0x00, 0x00, 0x2c
    .byte 0x3a, 0x01, 0x00, 0x00, 0x2c, 0x5a, 0x01, 0x00, 0x00, 0x2c, 0x8e, 0x00, 0x00, 0x00, 0x2c, 0x2c
    .byte 0x00, 0x00, 0x00, 0x2c, 0xff, 0xff, 0xff, 0xff, 0x15, 0x53, 0x18, 0x70, 0x28, 0x00, 0x01, 0x2c
    .byte 0x0b, 0x00, 0x00, 0x00, 0x20, 0x00, 0x00, 0x2c, 0x3a, 0x01, 0x00, 0x00, 0x2c, 0x5a, 0x01, 0x00
    .byte 0x00, 0x2c, 0x8e, 0x00, 0x00, 0x00, 0x2c, 0x2c, 0x00, 0x00, 0x00, 0x2c, 0xff, 0xff, 0xff, 0xff
    .byte 0x15, 0x53, 0x18, 0x70, 0x28, 0x00, 0x02, 0x2c, 0x0b, 0x00, 0x00, 0x00, 0x20, 0x00, 0x00, 0x2c
    .byte 0x3a, 0x01, 0x00, 0x00, 0x2c, 0x5a, 0x01, 0x00, 0x00, 0x2c, 0x8e, 0x00, 0x00, 0x00, 0x2c, 0x2c
    .byte 0x00, 0x00, 0x00, 0x2c, 0xff, 0xff, 0xff, 0xff, 0x15, 0x53, 0x18, 0x70, 0x28, 0x00, 0x03, 0x2c
    .byte 0x0b, 0x00, 0x00, 0x00, 0x20, 0x00, 0x00, 0x2c, 0x3a, 0x01, 0x00, 0x00, 0x2c, 0x5a, 0x01, 0x00
    .byte 0x00, 0x2c, 0x8e, 0x00, 0x00, 0x00, 0x2c, 0x2c, 0x00, 0x00, 0x00, 0x2c, 0xff, 0xff, 0xff, 0xff
    .byte 0x15, 0x53, 0x18, 0x70, 0x28, 0x00, 0x04, 0x00, 0x2c, 0x12, 0x00, 0x00, 0x00, 0x2f, 0x00, 0x2c
    .byte 0xff, 0xff, 0xff, 0xff, 0x2c, 0xff, 0xff, 0xff, 0xff, 0x2c, 0xff, 0xff, 0xff, 0xff, 0x2c, 0xff
    .byte 0xff, 0xff, 0xff, 0x2c, 0xff, 0xff, 0xff, 0xff, 0x15, 0x53, 0x2c, 0x12, 0x00, 0x00, 0x00, 0x2f
    .byte 0x01, 0x2c, 0xff, 0xff, 0xff, 0xff, 0x2c, 0xff, 0xff, 0xff, 0xff, 0x2c, 0xff, 0xff, 0xff, 0xff
    .byte 0x2c, 0xff, 0xff, 0xff, 0xff, 0x2c, 0xff, 0xff, 0xff, 0xff, 0x15, 0x53, 0x2c, 0x12, 0x00, 0x00
    .byte 0x00, 0x2f, 0x02, 0x2c, 0xff, 0xff, 0xff, 0xff, 0x2c, 0xff, 0xff, 0xff, 0xff, 0x2c, 0xff, 0xff
    .byte 0xff, 0xff, 0x2c, 0xff, 0xff, 0xff, 0xff, 0x2c, 0xff, 0xff, 0xff, 0xff, 0x15, 0x53, 0x2c, 0x12
    .byte 0x00, 0x00, 0x00, 0x2f, 0x03, 0x2c, 0xff, 0xff, 0xff, 0xff, 0x2c, 0xff, 0xff, 0xff, 0xff, 0x2c
    .byte 0xff, 0xff, 0xff, 0xff, 0x2c, 0xff, 0xff, 0xff, 0xff, 0x2c, 0xff, 0xff, 0xff, 0xff, 0x15, 0x53
    .byte 0x2c, 0x12, 0x00, 0x00, 0x00, 0x2f, 0x04, 0x2c, 0xff, 0xff, 0xff, 0xff, 0x2c, 0xff, 0xff, 0xff
    .byte 0xff, 0x2c, 0xff, 0xff, 0xff, 0xff, 0x2c, 0xff, 0xff, 0xff, 0xff, 0x2c, 0xff, 0xff, 0xff, 0xff
    .byte 0x15, 0x53, 0x00, 0x03, 0x00, 0x00, 0x00, 0x00, 0x00, 0x28, 0x00, 0x03, 0x2b, 0x00, 0x03, 0x33
    .byte 0x00, 0x3c, 0x00, 0x00, 0x00, 0x14, 0x8e, 0x44, 0x22, 0x02, 0x20, 0x00, 0x00, 0x2c, 0x4e, 0x00
    .byte 0x00, 0x00, 0x15, 0xe0, 0x2c, 0x05, 0x00, 0x00, 0x00, 0x15, 0x07, 0x15, 0x08, 0x2b, 0x00, 0x03
    .byte 0x05, 0x00, 0x05, 0x00, 0x00, 0x00, 0x28, 0x00, 0x03, 0x25, 0x5c, 0x44, 0x22, 0x02, 0x22, 0x15
    .byte 0x2c, 0x00, 0x2c, 0x06, 0x00, 0x00, 0x00, 0x2c, 0x01, 0x00, 0x00, 0x00, 0x2c, 0xff, 0xff, 0xff
    .byte 0xff, 0x2c, 0xff, 0xff, 0xff, 0xff, 0x2c, 0xff, 0xff, 0xff, 0xff, 0x15, 0xdc, 0x2c, 0x16, 0x00
    .byte 0x00, 0x00, 0x2c, 0x1f, 0x00, 0x00, 0x00, 0x2c, 0x0f, 0x00, 0x00, 0x00, 0x15, 0x0a, 0x2c, 0x20
    .byte 0x00, 0x00, 0x00, 0x2c, 0x07, 0x00, 0x00, 0x00, 0x15, 0x47, 0x18, 0x70, 0x17, 0x00, 0x2c, 0x20
    .byte 0x00, 0x00, 0x00, 0x2c, 0x08, 0x00, 0x00, 0x00, 0x15, 0x47, 0x18, 0x70, 0x24, 0x00, 0x08, 0x00
    .byte 0x00, 0x00, 0x17, 0x00, 0x2c, 0x20, 0x00, 0x00, 0x00, 0x2c, 0x09, 0x00, 0x00, 0x00, 0x15, 0x47
    .byte 0x18, 0x70, 0x17, 0x00, 0x15, 0x02, 0x20, 0x00, 0x00, 0x2c, 0x85, 0x35, 0x00, 0x00, 0x15, 0xe0
    .byte 0x2c, 0x01, 0x00, 0x00, 0x00, 0x2c, 0x20, 0x00, 0x00, 0x00, 0x2c, 0x07, 0x00, 0x00, 0x00, 0x15
    .byte 0x47, 0x18, 0x70, 0x24, 0x00, 0x20, 0x00, 0x00, 0x00, 0x17, 0x00, 0x2c, 0x20, 0x00, 0x00, 0x00
    .byte 0x2c, 0x08, 0x00, 0x00, 0x00, 0x15, 0x47, 0x18, 0x70, 0x05, 0x00, 0x20, 0x00, 0x00, 0x00, 0x17
    .byte 0x00, 0x2c, 0x10, 0x00, 0x00, 0x00, 0x2c, 0x1e, 0x00, 0x00, 0x00, 0x2c, 0x20, 0x00, 0x00, 0x00
    .byte 0x15, 0x00, 0x00, 0x2c, 0x01, 0x00, 0x00, 0x00, 0x15, 0xa9, 0x20, 0x00, 0x00, 0x15, 0x09, 0x00
    .byte 0x2c, 0x20, 0x00, 0x00, 0x00, 0x2c, 0x07, 0x00, 0x00, 0x00, 0x15, 0x47, 0x18, 0x70, 0x17, 0x00
    .byte 0x2c, 0x20, 0x00, 0x00, 0x00, 0x2c, 0x08, 0x00, 0x00, 0x00, 0x15, 0x47, 0x18, 0x70, 0x24, 0x00
    .byte 0x08, 0x00, 0x00, 0x00, 0x17, 0x00, 0x15, 0x27, 0x18, 0x70, 0x17, 0x00, 0x15, 0x02, 0x2c, 0x01
    .byte 0x00, 0x00, 0x00, 0x15, 0x09, 0x2c, 0x01, 0x00, 0x00, 0x00, 0x15, 0x06, 0x2c, 0x1b, 0x00, 0x00
    .byte 0x00, 0x15, 0x31, 0x18, 0x70, 0x17, 0x00, 0x15, 0x1f, 0x18, 0x70, 0x17, 0x00, 0x15, 0x20, 0x18
    .byte 0x70, 0x24, 0x00, 0x28, 0x00, 0x00, 0x00, 0x17, 0x00, 0x15, 0x27, 0x18, 0x70, 0x17, 0x00, 0x2c
    .byte 0x2d, 0x00, 0x00, 0x00, 0x15, 0x27, 0x18, 0x70, 0x05, 0x00, 0x20, 0x00, 0x00, 0x00, 0x17, 0x00
    .byte 0x15, 0x00, 0x2c, 0x88, 0xff, 0xff, 0xff, 0x15, 0x1b, 0x00, 0x20, 0x00, 0x00, 0x15, 0xa9, 0x2c
    .byte 0x1b, 0x00, 0x00, 0x00, 0x15, 0x31, 0x18, 0x70, 0x17, 0x00, 0x2c, 0x21, 0x00, 0x00, 0x00, 0x2c
    .byte 0x01, 0x00, 0x00, 0x00, 0x15, 0xa8, 0x20, 0x00, 0x00, 0x15, 0x18, 0x20, 0x00, 0x00, 0x15, 0x19
    .byte 0x15, 0x10, 0x18, 0x70, 0x17, 0x00, 0x15, 0x11, 0x18, 0x70, 0x17, 0x00, 0x2c, 0x30, 0x00, 0x00
    .byte 0x00, 0x2c, 0x5a, 0x00, 0x00, 0x00, 0x2c, 0x01, 0x00, 0x00, 0x00, 0x2c, 0x01, 0x00, 0x00, 0x00
    .byte 0x15, 0x1a, 0x15, 0x21, 0x2c, 0x0c, 0x00, 0x00, 0x00, 0x2c, 0x01, 0x00, 0x00, 0x00, 0x15, 0x10
    .byte 0x18, 0x70, 0x24, 0x00, 0x14, 0x00, 0x00, 0x00, 0x17, 0x00, 0x15, 0x11, 0x18, 0x70, 0x15, 0x12
    .byte 0x18, 0x71, 0x23, 0x10, 0x24, 0x00, 0x14, 0x00, 0x00, 0x00, 0x17, 0x00, 0x2c, 0x28, 0x00, 0x00
    .byte 0x00, 0x2c, 0x28, 0x00, 0x00, 0x00, 0x2c, 0xff, 0xff, 0xff, 0xff, 0x15, 0x53, 0x2c, 0x0a, 0x00
    .byte 0x00, 0x00, 0x15, 0x01, 0x18, 0x70, 0x05, 0x00, 0x0a, 0x00, 0x00, 0x00, 0x17, 0x00, 0x15, 0x07
    .byte 0x15, 0x08, 0x25, 0x14, 0x46, 0x22, 0x02, 0x00, 0x03, 0x00, 0x00, 0x01, 0x00, 0x00, 0x28, 0x00
    .byte 0x02, 0x03, 0x00, 0x00, 0x01, 0x00, 0x00, 0x28, 0x00, 0x03, 0x2c, 0x01, 0x00, 0x00, 0x00, 0x15
    .byte 0x07, 0x15, 0x08, 0x2c, 0x1b, 0x00, 0x00, 0x00, 0x15, 0x31, 0x18, 0x70, 0x17, 0x00, 0x2c, 0x13
    .byte 0x00, 0x00, 0x00, 0x15, 0x47, 0x18, 0x70, 0x2c, 0x1b, 0x00, 0x00, 0x00, 0x15, 0x31, 0x18, 0x71
    .byte 0x17, 0x10, 0x2c, 0x07, 0x00, 0x00, 0x00, 0x15, 0x47, 0x18, 0x71, 0x29, 0x02, 0xf1, 0x24, 0x02
    .byte 0x80, 0x00, 0x00, 0x00, 0x23, 0x21, 0x23, 0x10, 0x28, 0x00, 0x04, 0x2c, 0x1b, 0x00, 0x00, 0x00
    .byte 0x15, 0x31, 0x18, 0x70, 0x17, 0x00, 0x2c, 0x13, 0x00, 0x00, 0x00, 0x15, 0x47, 0x18, 0x70, 0x2c
    .byte 0x1b, 0x00, 0x00, 0x00, 0x15, 0x31, 0x18, 0x71, 0x17, 0x10, 0x2c, 0x08, 0x00, 0x00, 0x00, 0x15
    .byte 0x47, 0x18, 0x71, 0x2c, 0x1b, 0x00, 0x00, 0x00, 0x15, 0x31, 0x18, 0x72, 0x17, 0x20, 0x2c, 0x09
    .byte 0x00, 0x00, 0x00, 0x15, 0x47, 0x18, 0x72, 0x23, 0x21, 0x29, 0x02, 0xf2, 0x24, 0x02, 0x60, 0x00
    .byte 0x00, 0x00, 0x23, 0x21, 0x23, 0x10, 0x28, 0x00, 0x05, 0x20, 0x00, 0x00, 0x15, 0x1b, 0x15, 0x1f
    .byte 0x18, 0x70, 0x05, 0x00, 0x08, 0x00, 0x00, 0x00, 0x17, 0x00, 0x15, 0x20, 0x18, 0x70, 0x24, 0x00
    .byte 0x14, 0x00, 0x00, 0x00, 0x17, 0x00, 0x15, 0x27, 0x18, 0x70, 0x17, 0x00, 0x2c, 0x3c, 0x00, 0x00
    .byte 0x00, 0x2c, 0x01, 0x00, 0x00, 0x00, 0x2c, 0x01, 0x00, 0x00, 0x00, 0x15, 0x1a, 0x03, 0x00, 0x00
    .byte 0x00, 0x00, 0x00, 0x28, 0x00, 0x01, 0x2b, 0x00, 0x01, 0x33, 0x00, 0x3c, 0x00, 0x00, 0x00, 0x14
    .byte 0x8c, 0x47, 0x22, 0x02, 0x2f, 0x02, 0x2f, 0x02, 0x15, 0x52, 0x2c, 0x01, 0x00, 0x00, 0x00, 0x15
    .byte 0x07, 0x15, 0x08, 0x2b, 0x00, 0x02, 0x24, 0x00, 0x05, 0x00, 0x00, 0x00, 0x28, 0x00, 0x02, 0x2b
    .byte 0x00, 0x03, 0x24, 0x00, 0x05, 0x00, 0x00, 0x00, 0x28, 0x00, 0x03, 0x2b, 0x00, 0x01, 0x05, 0x00
    .byte 0x01, 0x00, 0x00, 0x00, 0x28, 0x00, 0x01, 0x25, 0x46, 0x47, 0x22, 0x02, 0x20, 0x00, 0x00, 0x15
    .byte 0x1b, 0x15, 0x21, 0x20, 0x00, 0x00, 0x15, 0x09, 0x00, 0x15, 0x10, 0x18, 0x70, 0x28, 0x00, 0x00
    .byte 0x03, 0x00, 0x00, 0x00, 0x00, 0x00, 0x28, 0x00, 0x01, 0x03, 0x00, 0x00, 0x00, 0x00, 0x00, 0x28
    .byte 0x00, 0x03, 0x15, 0x12, 0x18, 0x70, 0x28, 0x00, 0x04, 0x2c, 0x03, 0x00, 0x00, 0x00, 0x2c, 0xf0
    .byte 0xff, 0xff, 0xff, 0x2c, 0x10, 0x00, 0x00, 0x00, 0x2c, 0x40, 0x01, 0x00, 0x00, 0x2f, 0x01, 0x15
    .byte 0x9e, 0x18, 0x70, 0x28, 0x00, 0x02, 0x2c, 0x03, 0x00, 0x00, 0x00, 0x2c, 0xf8, 0xff, 0xff, 0xff
    .byte 0x2c, 0x08, 0x00, 0x00, 0x00, 0x2c, 0x64, 0x00, 0x00, 0x00, 0x2f, 0x01, 0x15, 0x9e, 0x18, 0x70
    .byte 0x28, 0x00, 0x05, 0x2b, 0x00, 0x00, 0x2b, 0x01, 0x02, 0x04, 0x10, 0x17, 0x00, 0x15, 0x11, 0x18
    .byte 0x70, 0x17, 0x00, 0x2b, 0x00, 0x04, 0x2b, 0x01, 0x05, 0x04, 0x10, 0x17, 0x00, 0x15, 0x02, 0x2b
    .byte 0x00, 0x01, 0x05, 0x00, 0x01, 0x00, 0x00, 0x00, 0x28, 0x00, 0x01, 0x2b, 0x00, 0x03, 0x33, 0x00
    .byte 0x00, 0x00, 0x00, 0x00, 0x14, 0x78, 0x49, 0x22, 0x02, 0x2c, 0x04, 0x00, 0x00, 0x00, 0x15, 0x01
    .byte 0x18, 0x70, 0x28, 0x00, 0x06, 0x2b, 0x00, 0x06, 0x32, 0x00, 0x00, 0x00, 0x00, 0x00, 0x14, 0x73
    .byte 0x48, 0x22, 0x02, 0x2c, 0x03, 0x00, 0x00, 0x00, 0x2c, 0x00, 0x35, 0x00, 0x00, 0x15, 0xe0, 0x18
    .byte 0x70, 0x32, 0x00, 0x00, 0x00, 0x00, 0x00, 0x14, 0x73, 0x48, 0x22, 0x02, 0x2c, 0x1e, 0x00, 0x00
    .byte 0x00, 0x2c, 0x00, 0x35, 0x00, 0x00, 0x2c, 0x40, 0x00, 0x00, 0x00, 0x20, 0x00, 0x00, 0x20, 0x00
    .byte 0x00, 0x15, 0x3e, 0x2b, 0x00, 0x06, 0x32, 0x00, 0x01, 0x00, 0x00, 0x00, 0x14, 0xb1, 0x48, 0x22
    .byte 0x02, 0x2c, 0x03, 0x00, 0x00, 0x00, 0x2c, 0x01, 0x35, 0x00, 0x00, 0x15, 0xe0, 0x18, 0x70, 0x32
    .byte 0x00, 0x00, 0x00, 0x00, 0x00, 0x14, 0xb1, 0x48, 0x22, 0x02, 0x2c, 0x1e, 0x00, 0x00, 0x00, 0x2c
    .byte 0x01, 0x35, 0x00, 0x00, 0x2c, 0x40, 0x00, 0x00, 0x00, 0x20, 0x00, 0x00, 0x20, 0x00, 0x00, 0x15
    .byte 0x3e, 0x2b, 0x00, 0x06, 0x32, 0x00, 0x02, 0x00, 0x00, 0x00, 0x14, 0xef, 0x48, 0x22, 0x02, 0x2c
    .byte 0x03, 0x00, 0x00, 0x00, 0x2c, 0x02, 0x35, 0x00, 0x00, 0x15, 0xe0, 0x18, 0x70, 0x32, 0x00, 0x00
    .byte 0x00, 0x00, 0x00, 0x14, 0xef, 0x48, 0x22, 0x02, 0x2c, 0x1e, 0x00, 0x00, 0x00, 0x2c, 0x02, 0x35
    .byte 0x00, 0x00, 0x2c, 0x40, 0x00, 0x00, 0x00, 0x20, 0x00, 0x00, 0x20, 0x00, 0x00, 0x15, 0x3e, 0x2b
    .byte 0x00, 0x06, 0x32, 0x00, 0x03, 0x00, 0x00, 0x00, 0x14, 0x2d, 0x49, 0x22, 0x02, 0x2c, 0x03, 0x00
    .byte 0x00, 0x00, 0x2c, 0x03, 0x35, 0x00, 0x00, 0x15, 0xe0, 0x18, 0x70, 0x32, 0x00, 0x00, 0x00, 0x00
    .byte 0x00, 0x14, 0x2d, 0x49, 0x22, 0x02, 0x2c, 0x1e, 0x00, 0x00, 0x00, 0x2c, 0x03, 0x35, 0x00, 0x00
    .byte 0x2c, 0x40, 0x00, 0x00, 0x00, 0x20, 0x00, 0x00, 0x20, 0x00, 0x00, 0x15, 0x3e, 0x2c, 0x0c, 0x00
    .byte 0x00, 0x00, 0x2c, 0x01, 0x00, 0x00, 0x00, 0x15, 0x10, 0x18, 0x70, 0x24, 0x00, 0x14, 0x00, 0x00
    .byte 0x00, 0x17, 0x00, 0x15, 0x11, 0x18, 0x70, 0x15, 0x12, 0x18, 0x71, 0x23, 0x10, 0x24, 0x00, 0x14
    .byte 0x00, 0x00, 0x00, 0x17, 0x00, 0x2c, 0x28, 0x00, 0x00, 0x00, 0x2c, 0x28, 0x00, 0x00, 0x00, 0x2c
    .byte 0xff, 0xff, 0xff, 0xff, 0x15, 0x53, 0x2c, 0x0a, 0x00, 0x00, 0x00, 0x15, 0x01, 0x18, 0x70, 0x05
    .byte 0x00, 0x0a, 0x00, 0x00, 0x00, 0x28, 0x00, 0x03, 0x2b, 0x00, 0x03, 0x05, 0x00, 0xff, 0xff, 0xff
    .byte 0xff, 0x28, 0x00, 0x03, 0x2c, 0x01, 0x00, 0x00, 0x00, 0x15, 0x07, 0x15, 0x08, 0x25, 0xb9, 0x47
    .byte 0x22, 0x02, 0x2c, 0x0c, 0x00, 0x00, 0x00, 0x2c, 0x01, 0x00, 0x00, 0x00, 0x15, 0x10, 0x18, 0x70
    .byte 0x24, 0x00, 0x14, 0x00, 0x00, 0x00, 0x17, 0x00, 0x15, 0x11, 0x18, 0x70, 0x15, 0x12, 0x18, 0x71
    .byte 0x23, 0x10, 0x24, 0x00, 0x14, 0x00, 0x00, 0x00, 0x17, 0x00, 0x2c, 0x28, 0x00, 0x00, 0x00, 0x2c
    .byte 0x28, 0x00, 0x00, 0x00, 0x2c, 0xff, 0xff, 0xff, 0xff, 0x15, 0x53, 0x2c, 0x0a, 0x00, 0x00, 0x00
    .byte 0x15, 0x01, 0x18, 0x70, 0x05, 0x00, 0x0a, 0x00, 0x00, 0x00, 0x17, 0x00, 0x15, 0x07, 0x15, 0x08
    .byte 0x25, 0x92, 0x49, 0x22, 0x02, 0x00, 0x15, 0x1f, 0x18, 0x70, 0x17, 0x00, 0x15, 0x11, 0x18, 0x70
    .byte 0x17, 0x00, 0x20, 0x00, 0x00, 0x2c, 0x3c, 0x00, 0x00, 0x00, 0x2c, 0x01, 0x00, 0x00, 0x00, 0x20
    .byte 0x00, 0x00, 0x15, 0x1a, 0x2c, 0x0c, 0x00, 0x00, 0x00, 0x2c, 0x01, 0x00, 0x00, 0x00, 0x15, 0x10
    .byte 0x18, 0x70, 0x24, 0x00, 0x14, 0x00, 0x00, 0x00, 0x17, 0x00, 0x15, 0x11, 0x18, 0x70, 0x15, 0x12
    .byte 0x18, 0x71, 0x23, 0x10, 0x24, 0x00, 0x14, 0x00, 0x00, 0x00, 0x17, 0x00, 0x2c, 0x28, 0x00, 0x00
    .byte 0x00, 0x2c, 0x28, 0x00, 0x00, 0x00, 0x2c, 0xff, 0xff, 0xff, 0xff, 0x15, 0x53, 0x2c, 0x0a, 0x00
    .byte 0x00, 0x00, 0x15, 0x01, 0x18, 0x70, 0x05, 0x00, 0x0a, 0x00, 0x00, 0x00, 0x17, 0x00, 0x15, 0x07
    .byte 0x15, 0x08, 0x25, 0x04, 0x4a, 0x22, 0x02, 0x15, 0x21, 0x00, 0x2c, 0xda, 0x03, 0x00, 0x00, 0x15
    .byte 0x35, 0x2c, 0x08, 0x00, 0x00, 0x00, 0x20, 0x00, 0x00, 0x15, 0x78, 0x2c, 0x01, 0x00, 0x00, 0x00
    .byte 0x15, 0x07, 0x15, 0x08, 0x00, 0x2c, 0x0c, 0x00, 0x00, 0x00, 0x2c, 0x01, 0x00, 0x00, 0x00, 0x15
    .byte 0x10, 0x18, 0x70, 0x24, 0x00, 0x14, 0x00, 0x00, 0x00, 0x17, 0x00, 0x15, 0x11, 0x18, 0x70, 0x15
    .byte 0x12, 0x18, 0x71, 0x23, 0x10, 0x24, 0x00, 0x14, 0x00, 0x00, 0x00, 0x17, 0x00, 0x2c, 0x28, 0x00
    .byte 0x00, 0x00, 0x2c, 0x28, 0x00, 0x00, 0x00, 0x2c, 0xff, 0xff, 0xff, 0xff, 0x15, 0x53, 0x2c, 0x0a
    .byte 0x00, 0x00, 0x00, 0x15, 0x01, 0x18, 0x70, 0x05, 0x00, 0x0a, 0x00, 0x00, 0x00, 0x17, 0x00, 0x15
    .byte 0x07, 0x15, 0x08, 0x25, 0x75, 0x4a, 0x22, 0x02, 0x00, 0x00, 0x00, 0x00, 0x00, 0x00, 0x00, 0x00
    .byte 0x00, 0x00, 0x00, 0x00, 0x00, 0x00, 0x00, 0x00, 0x00, 0x00, 0x00, 0x00, 0x00, 0x00, 0x00, 0x00
