.text
; Matching fallback for the portable implementation in src/overlays/ov215/overlay215_recovery.c.
.extern data_ov215_0221d720
.extern data_ov215_0221d734
.extern data_ov215_0221d750
.extern data_ov215_0221f09c
.extern data_ov215_02222f60
.extern func_02008f58
.extern ActorInteractionRuntime_Init
.extern ActorInteractionRuntime_NoOp
.extern ActorDescriptorBatch_RegisterAndSpawnCategory1
.extern ActorDescriptorBatch_SetCategory1Callback

.global func_ov215_0221d6c0
func_ov215_0221d6c0:
    stmdb sp!, {r3, lr}
    cmp r0, #0x0
    ldmneia sp!, {r3, pc}
    bl ActorInteractionRuntime_Init
    ldr r0, .L_0221d6fc
    ldr r2, .L_0221d700
    mov r1, #0x1b
    bl ActorDescriptorBatch_RegisterAndSpawnCategory1
    ldr r0, .L_0221d704
    bl ActorInteractionRuntime_NoOp
    ldr r0, .L_0221d708
    bl func_02008f58
    ldr r0, .L_0221d70c
    bl ActorDescriptorBatch_SetCategory1Callback
    ldmia sp!, {r3, pc}
.L_0221d6fc: .word data_ov215_0221d734
.L_0221d700: .word data_ov215_0221d750
.L_0221d704: .word data_ov215_02222f60
.L_0221d708: .word data_ov215_0221d720
.L_0221d70c: .word data_ov215_0221f09c
.size func_ov215_0221d6c0, . - func_ov215_0221d6c0

; Matching fallback for initialized records and BSS documented in
; src/overlays/ov215/overlay215_recovery.c.
; Absolute labels preserve fixed-address record and BSS references without alignment padding.
.global data_ov215_0221d720
.set data_ov215_0221d720, 0x0221d720
.global data_ov215_0221d734
.set data_ov215_0221d734, 0x0221d734
.global data_ov215_0221d750
.set data_ov215_0221d750, 0x0221d750
.global data_ov215_0221eb07
.set data_ov215_0221eb07, 0x0221eb07
.global data_ov215_0221ecaa
.set data_ov215_0221ecaa, 0x0221ecaa
.global data_ov215_0221eced
.set data_ov215_0221eced, 0x0221eced
.global data_ov215_0221ed04
.set data_ov215_0221ed04, 0x0221ed04
.global data_ov215_0221ed2a
.set data_ov215_0221ed2a, 0x0221ed2a
.global data_ov215_0221ed64
.set data_ov215_0221ed64, 0x0221ed64
.global data_ov215_0221ee58
.set data_ov215_0221ee58, 0x0221ee58
.global data_ov215_0221ee6c
.set data_ov215_0221ee6c, 0x0221ee6c
.global data_ov215_0221ee92
.set data_ov215_0221ee92, 0x0221ee92
.global data_ov215_0221ef15
.set data_ov215_0221ef15, 0x0221ef15
.global data_ov215_0221ef16
.set data_ov215_0221ef16, 0x0221ef16
.global data_ov215_0221ef53
.set data_ov215_0221ef53, 0x0221ef53
.global data_ov215_0221f024
.set data_ov215_0221f024, 0x0221f024
.global data_ov215_0221f09c
.set data_ov215_0221f09c, 0x0221f09c
.global data_ov215_0221f48d
.set data_ov215_0221f48d, 0x0221f48d
.global data_ov215_0221f492
.set data_ov215_0221f492, 0x0221f492
.global data_ov215_0221f4de
.set data_ov215_0221f4de, 0x0221f4de
.global data_ov215_0221f52a
.set data_ov215_0221f52a, 0x0221f52a
.global data_ov215_0221f576
.set data_ov215_0221f576, 0x0221f576
.global data_ov215_0221f5c2
.set data_ov215_0221f5c2, 0x0221f5c2
.global data_ov215_0221f60e
.set data_ov215_0221f60e, 0x0221f60e
.global data_ov215_0221f65a
.set data_ov215_0221f65a, 0x0221f65a
.global data_ov215_0221f6a6
.set data_ov215_0221f6a6, 0x0221f6a6
.global data_ov215_0221f931
.set data_ov215_0221f931, 0x0221f931
.global data_ov215_0221f936
.set data_ov215_0221f936, 0x0221f936
.global data_ov215_0221fb71
.set data_ov215_0221fb71, 0x0221fb71
.global data_ov215_0221fdd1
.set data_ov215_0221fdd1, 0x0221fdd1
.global data_ov215_0221fdd6
.set data_ov215_0221fdd6, 0x0221fdd6
.global data_ov215_02220095
.set data_ov215_02220095, 0x02220095
.global data_ov215_0222009a
.set data_ov215_0222009a, 0x0222009a
.global data_ov215_022200e6
.set data_ov215_022200e6, 0x022200e6
.global data_ov215_02220132
.set data_ov215_02220132, 0x02220132
.global data_ov215_0222017e
.set data_ov215_0222017e, 0x0222017e
.global data_ov215_022201ca
.set data_ov215_022201ca, 0x022201ca
.global data_ov215_02220216
.set data_ov215_02220216, 0x02220216
.global data_ov215_02220262
.set data_ov215_02220262, 0x02220262
.global data_ov215_022202ae
.set data_ov215_022202ae, 0x022202ae
.global data_ov215_02220539
.set data_ov215_02220539, 0x02220539
.global data_ov215_0222053e
.set data_ov215_0222053e, 0x0222053e
.global data_ov215_02220779
.set data_ov215_02220779, 0x02220779
.global data_ov215_0222077f
.set data_ov215_0222077f, 0x0222077f
.global data_ov215_02220787
.set data_ov215_02220787, 0x02220787
.global data_ov215_022207f9
.set data_ov215_022207f9, 0x022207f9
.global data_ov215_02220904
.set data_ov215_02220904, 0x02220904
.global data_ov215_0222091a
.set data_ov215_0222091a, 0x0222091a
.global data_ov215_02220a10
.set data_ov215_02220a10, 0x02220a10
.global data_ov215_02220a22
.set data_ov215_02220a22, 0x02220a22
.global data_ov215_02220a9c
.set data_ov215_02220a9c, 0x02220a9c
.global data_ov215_02220ae9
.set data_ov215_02220ae9, 0x02220ae9
.global data_ov215_02220afd
.set data_ov215_02220afd, 0x02220afd
.global data_ov215_02220b1e
.set data_ov215_02220b1e, 0x02220b1e
.global data_ov215_02220bf9
.set data_ov215_02220bf9, 0x02220bf9
.global data_ov215_02220c0d
.set data_ov215_02220c0d, 0x02220c0d
.global data_ov215_02220c2e
.set data_ov215_02220c2e, 0x02220c2e
.global data_ov215_02220d09
.set data_ov215_02220d09, 0x02220d09
.global data_ov215_02220d1d
.set data_ov215_02220d1d, 0x02220d1d
.global data_ov215_02220d3e
.set data_ov215_02220d3e, 0x02220d3e
.global data_ov215_02220e19
.set data_ov215_02220e19, 0x02220e19
.global data_ov215_02220e2d
.set data_ov215_02220e2d, 0x02220e2d
.global data_ov215_02220e4e
.set data_ov215_02220e4e, 0x02220e4e
.global data_ov215_02220f29
.set data_ov215_02220f29, 0x02220f29
.global data_ov215_02220f3d
.set data_ov215_02220f3d, 0x02220f3d
.global data_ov215_02220f5e
.set data_ov215_02220f5e, 0x02220f5e
.global data_ov215_0222106c
.set data_ov215_0222106c, 0x0222106c
.global data_ov215_0222107e
.set data_ov215_0222107e, 0x0222107e
.global data_ov215_022210f8
.set data_ov215_022210f8, 0x022210f8
.global data_ov215_0222117c
.set data_ov215_0222117c, 0x0222117c
.global data_ov215_0222118e
.set data_ov215_0222118e, 0x0222118e
.global data_ov215_022211fc
.set data_ov215_022211fc, 0x022211fc
.global data_ov215_02221242
.set data_ov215_02221242, 0x02221242
.global data_ov215_02221280
.set data_ov215_02221280, 0x02221280
.global data_ov215_02221292
.set data_ov215_02221292, 0x02221292
.global data_ov215_0222130c
.set data_ov215_0222130c, 0x0222130c
.global data_ov215_02221359
.set data_ov215_02221359, 0x02221359
.global data_ov215_0222136d
.set data_ov215_0222136d, 0x0222136d
.global data_ov215_0222138e
.set data_ov215_0222138e, 0x0222138e
.global data_ov215_02221469
.set data_ov215_02221469, 0x02221469
.global data_ov215_0222147d
.set data_ov215_0222147d, 0x0222147d
.global data_ov215_0222149e
.set data_ov215_0222149e, 0x0222149e
.global data_ov215_02221579
.set data_ov215_02221579, 0x02221579
.global data_ov215_0222158d
.set data_ov215_0222158d, 0x0222158d
.global data_ov215_022215ae
.set data_ov215_022215ae, 0x022215ae
.global data_ov215_022215af
.set data_ov215_022215af, 0x022215af
.global data_ov215_02221632
.set data_ov215_02221632, 0x02221632
.global data_ov215_02221666
.set data_ov215_02221666, 0x02221666
.global data_ov215_0222169c
.set data_ov215_0222169c, 0x0222169c
.global data_ov215_022216b5
.set data_ov215_022216b5, 0x022216b5
.global data_ov215_02221719
.set data_ov215_02221719, 0x02221719
.global data_ov215_022217f4
.set data_ov215_022217f4, 0x022217f4
.global data_ov215_022217ff
.set data_ov215_022217ff, 0x022217ff
.global data_ov215_02221805
.set data_ov215_02221805, 0x02221805
.global data_ov215_022218e0
.set data_ov215_022218e0, 0x022218e0
.global data_ov215_0222195b
.set data_ov215_0222195b, 0x0222195b
.global data_ov215_0222196a
.set data_ov215_0222196a, 0x0222196a
.global data_ov215_02221b20
.set data_ov215_02221b20, 0x02221b20
.global data_ov215_02221b21
.set data_ov215_02221b21, 0x02221b21
.global data_ov215_02221c1f
.set data_ov215_02221c1f, 0x02221c1f
.global data_ov215_02221c8f
.set data_ov215_02221c8f, 0x02221c8f
.global data_ov215_02221cf7
.set data_ov215_02221cf7, 0x02221cf7
.global data_ov215_02221e2f
.set data_ov215_02221e2f, 0x02221e2f
.global data_ov215_02221e99
.set data_ov215_02221e99, 0x02221e99
.global data_ov215_02221ede
.set data_ov215_02221ede, 0x02221ede
.global data_ov215_02221f30
.set data_ov215_02221f30, 0x02221f30
.global data_ov215_02221fa5
.set data_ov215_02221fa5, 0x02221fa5
.global data_ov215_0222211f
.set data_ov215_0222211f, 0x0222211f
.global data_ov215_0222215e
.set data_ov215_0222215e, 0x0222215e
.global data_ov215_02222163
.set data_ov215_02222163, 0x02222163
.global data_ov215_022221d9
.set data_ov215_022221d9, 0x022221d9
.global data_ov215_02222261
.set data_ov215_02222261, 0x02222261
.global data_ov215_02222291
.set data_ov215_02222291, 0x02222291
.global data_ov215_02222296
.set data_ov215_02222296, 0x02222296
.global data_ov215_022222c1
.set data_ov215_022222c1, 0x022222c1
.global data_ov215_022222fb
.set data_ov215_022222fb, 0x022222fb
.global data_ov215_0222237e
.set data_ov215_0222237e, 0x0222237e
.global data_ov215_0222237f
.set data_ov215_0222237f, 0x0222237f
.global data_ov215_022223ac
.set data_ov215_022223ac, 0x022223ac
.global data_ov215_022223d4
.set data_ov215_022223d4, 0x022223d4
.global data_ov215_022223e0
.set data_ov215_022223e0, 0x022223e0
.global data_ov215_02222403
.set data_ov215_02222403, 0x02222403
.global data_ov215_02222429
.set data_ov215_02222429, 0x02222429
.global data_ov215_0222246e
.set data_ov215_0222246e, 0x0222246e
.global data_ov215_02222481
.set data_ov215_02222481, 0x02222481
.global data_ov215_022224d1
.set data_ov215_022224d1, 0x022224d1
.global data_ov215_02222551
.set data_ov215_02222551, 0x02222551
.global data_ov215_02222658
.set data_ov215_02222658, 0x02222658
.global data_ov215_022226f5
.set data_ov215_022226f5, 0x022226f5
.global data_ov215_02222737
.set data_ov215_02222737, 0x02222737
.global data_ov215_02222744
.set data_ov215_02222744, 0x02222744
.global data_ov215_02222781
.set data_ov215_02222781, 0x02222781
.global data_ov215_022227ff
.set data_ov215_022227ff, 0x022227ff
.global data_ov215_0222295b
.set data_ov215_0222295b, 0x0222295b
.global data_ov215_022229a1
.set data_ov215_022229a1, 0x022229a1
.global data_ov215_022229f0
.set data_ov215_022229f0, 0x022229f0
.global data_ov215_02222a5e
.set data_ov215_02222a5e, 0x02222a5e
.global data_ov215_02222a76
.set data_ov215_02222a76, 0x02222a76
.global data_ov215_02222a8e
.set data_ov215_02222a8e, 0x02222a8e
.global data_ov215_02222aa1
.set data_ov215_02222aa1, 0x02222aa1
.global data_ov215_02222ad0
.set data_ov215_02222ad0, 0x02222ad0
.global data_ov215_02222ad5
.set data_ov215_02222ad5, 0x02222ad5
.global data_ov215_02222b21
.set data_ov215_02222b21, 0x02222b21
.global data_ov215_02222b41
.set data_ov215_02222b41, 0x02222b41
.global data_ov215_02222bbb
.set data_ov215_02222bbb, 0x02222bbb
.global data_ov215_02222c01
.set data_ov215_02222c01, 0x02222c01
.global data_ov215_02222c5a
.set data_ov215_02222c5a, 0x02222c5a
.global data_ov215_02222c7f
.set data_ov215_02222c7f, 0x02222c7f
.global data_ov215_02222cc5
.set data_ov215_02222cc5, 0x02222cc5
.global data_ov215_02222d14
.set data_ov215_02222d14, 0x02222d14
.global data_ov215_02222d67
.set data_ov215_02222d67, 0x02222d67
.global data_ov215_02222dad
.set data_ov215_02222dad, 0x02222dad
.global data_ov215_02222dfc
.set data_ov215_02222dfc, 0x02222dfc
.global data_ov215_02222e4f
.set data_ov215_02222e4f, 0x02222e4f
.global data_ov215_02222e95
.set data_ov215_02222e95, 0x02222e95
.global data_ov215_02222ee4
.set data_ov215_02222ee4, 0x02222ee4
.global data_ov215_02222f12
.set data_ov215_02222f12, 0x02222f12
.global data_ov215_02222f60
.set data_ov215_02222f60, 0x02222f60
    .section .data, 4, 1, 4
    .byte 0xff, 0xff, 0xff, 0xff, 0x00, 0x00, 0x00, 0x00, 0x00, 0x00, 0x00, 0x00, 0xff, 0xff, 0x00, 0x00
    .byte 0x00, 0x00, 0x00, 0x00, 0x8e, 0x31, 0x00, 0x00, 0x8c, 0x31, 0x00, 0x00, 0x8f, 0x31, 0x00, 0x00
    .byte 0x25, 0x12, 0x00, 0x00, 0x23, 0x12, 0x00, 0x00, 0x26, 0x12, 0x00, 0x00, 0x00, 0x00, 0x00, 0x00
    .byte 0x03, 0x00, 0x00, 0x00, 0x63, 0x00, 0x00, 0x00, 0x64, 0x00, 0x00, 0x00, 0x65, 0x00, 0x00, 0x00
    .byte 0x02, 0x00, 0x0c, 0x08, 0x00, 0x00, 0x00, 0x00, 0x00, 0x00, 0xfc, 0xff, 0xfc, 0xff, 0x04, 0x00
    .byte 0x04, 0x00, 0x00, 0xfe, 0x00, 0xfe, 0x00, 0x00, 0x1e, 0x80, 0x00, 0x00, 0x30, 0x1f, 0x22, 0x02
    .byte 0x00, 0x00, 0x00, 0x00, 0x00, 0x00, 0x00, 0x00, 0x00, 0x00, 0x00, 0x00, 0xff, 0xff, 0x00, 0x00
    .byte 0x00, 0x00, 0x00, 0x00, 0x00, 0x00, 0x00, 0x00, 0xff, 0xff, 0xff, 0xff, 0xff, 0xff, 0xff, 0xff
    .byte 0x00, 0x00, 0x03, 0x00, 0xff, 0xff, 0xff, 0xff, 0x00, 0x00, 0x00, 0x00, 0xf4, 0xd8, 0x0c, 0x00
    .byte 0x00, 0x00, 0x00, 0x00, 0x03, 0x00, 0x00, 0x00, 0x63, 0x00, 0x00, 0x00, 0x64, 0x00, 0x00, 0x00
    .byte 0x65, 0x00, 0x00, 0x00, 0x02, 0x00, 0x0c, 0x08, 0x00, 0x00, 0x00, 0x00, 0x00, 0x00, 0xfc, 0xff
    .byte 0xfc, 0xff, 0x04, 0x00, 0x04, 0x00, 0x00, 0xfe, 0x00, 0xfe, 0x00, 0x00, 0x1e, 0x80, 0x00, 0x00
    .byte 0x30, 0x1f, 0x22, 0x02, 0x00, 0x00, 0x00, 0x00, 0x00, 0x00, 0x00, 0x00, 0x00, 0x00, 0x00, 0x00
    .byte 0xff, 0xff, 0x00, 0x00, 0x00, 0x00, 0x00, 0x00, 0x00, 0x00, 0x00, 0x00, 0xff, 0xff, 0xff, 0xff
    .byte 0xff, 0xff, 0xff, 0xff, 0x00, 0x00, 0x04, 0x00, 0xff, 0xff, 0xff, 0xff, 0x00, 0x00, 0x00, 0x00
    .byte 0xf4, 0xd8, 0x0c, 0x00, 0x00, 0x00, 0x00, 0x00, 0x03, 0x00, 0x00, 0x00, 0x63, 0x00, 0x00, 0x00
    .byte 0x64, 0x00, 0x00, 0x00, 0x65, 0x00, 0x00, 0x00, 0x02, 0x00, 0x0c, 0x08, 0x00, 0x00, 0x00, 0x00
    .byte 0x00, 0x00, 0xfc, 0xff, 0xfc, 0xff, 0x04, 0x00, 0x04, 0x00, 0x00, 0xfe, 0x00, 0xfe, 0x00, 0x00
    .byte 0x1e, 0x80, 0x00, 0x00, 0x30, 0x1f, 0x22, 0x02, 0x00, 0x00, 0x00, 0x00, 0x00, 0x00, 0x00, 0x00
    .byte 0x00, 0x00, 0x00, 0x00, 0xff, 0xff, 0x00, 0x00, 0x00, 0x00, 0x00, 0x00, 0x00, 0x00, 0x00, 0x00
    .byte 0xff, 0xff, 0xff, 0xff, 0xff, 0xff, 0xff, 0xff, 0x00, 0x00, 0x05, 0x00, 0xff, 0xff, 0xff, 0xff
    .byte 0x00, 0x00, 0x00, 0x00, 0xf4, 0xd8, 0x0c, 0x00, 0x00, 0x00, 0x00, 0x00, 0x03, 0x00, 0x00, 0x00
    .byte 0x63, 0x00, 0x00, 0x00, 0x64, 0x00, 0x00, 0x00, 0x65, 0x00, 0x00, 0x00, 0x02, 0x00, 0x0c, 0x08
    .byte 0x00, 0x00, 0x00, 0x00, 0x00, 0x00, 0xfc, 0xff, 0xfc, 0xff, 0x04, 0x00, 0x04, 0x00, 0x00, 0xfe
    .byte 0x00, 0xfe, 0x00, 0x00, 0x1e, 0x80, 0x00, 0x00, 0x30, 0x1f, 0x22, 0x02, 0x00, 0x00, 0x00, 0x00
    .byte 0x00, 0x00, 0x00, 0x00, 0x00, 0x00, 0x00, 0x00, 0xff, 0xff, 0x00, 0x00, 0x00, 0x00, 0x00, 0x00
    .byte 0x00, 0x00, 0x00, 0x00, 0xff, 0xff, 0xff, 0xff, 0xff, 0xff, 0xff, 0xff, 0x00, 0x00, 0x06, 0x00
    .byte 0xff, 0xff, 0xff, 0xff, 0x00, 0x00, 0x00, 0x00, 0xf4, 0xd8, 0x0c, 0x00, 0x00, 0x00, 0x00, 0x00
    .byte 0x03, 0x00, 0x00, 0x00, 0x63, 0x00, 0x00, 0x00, 0x64, 0x00, 0x00, 0x00, 0x65, 0x00, 0x00, 0x00
    .byte 0x02, 0x00, 0x0c, 0x08, 0x00, 0x00, 0x00, 0x00, 0x00, 0x00, 0xfc, 0xff, 0xfc, 0xff, 0x04, 0x00
    .byte 0x04, 0x00, 0x00, 0xfe, 0x00, 0xfe, 0x00, 0x00, 0x1e, 0x80, 0x00, 0x00, 0x30, 0x1f, 0x22, 0x02
    .byte 0x00, 0x00, 0x00, 0x00, 0x00, 0x00, 0x00, 0x00, 0x00, 0x00, 0x00, 0x00, 0xff, 0xff, 0x00, 0x00
    .byte 0x00, 0x00, 0x00, 0x00, 0x00, 0x00, 0x00, 0x00, 0xff, 0xff, 0xff, 0xff, 0xff, 0xff, 0xff, 0xff
    .byte 0x00, 0x00, 0x07, 0x00, 0xff, 0xff, 0xff, 0xff, 0x00, 0x00, 0x00, 0x00, 0xf4, 0xd8, 0x0c, 0x00
    .byte 0x00, 0x00, 0x00, 0x00, 0x03, 0x00, 0x00, 0x00, 0x63, 0x00, 0x00, 0x00, 0x64, 0x00, 0x00, 0x00
    .byte 0x65, 0x00, 0x00, 0x00, 0x02, 0x00, 0x0c, 0x08, 0x00, 0x00, 0x00, 0x00, 0x00, 0x00, 0xfc, 0xff
    .byte 0xfc, 0xff, 0x04, 0x00, 0x04, 0x00, 0x00, 0xfe, 0x00, 0xfe, 0x00, 0x00, 0x1e, 0x80, 0x00, 0x00
    .byte 0x30, 0x1f, 0x22, 0x02, 0x00, 0x00, 0x00, 0x00, 0x00, 0x00, 0x00, 0x00, 0x00, 0x00, 0x00, 0x00
    .byte 0xff, 0xff, 0x00, 0x00, 0x00, 0x00, 0x00, 0x00, 0x00, 0x00, 0x00, 0x00, 0xff, 0xff, 0xff, 0xff
    .byte 0xff, 0xff, 0xff, 0xff, 0x00, 0x00, 0x08, 0x00, 0xff, 0xff, 0xff, 0xff, 0x00, 0x00, 0x00, 0x00
    .byte 0xf4, 0xd8, 0x0c, 0x00, 0x00, 0x00, 0x00, 0x00, 0x03, 0x00, 0x18, 0x00, 0x8e, 0x31, 0x00, 0x00
    .byte 0x8c, 0x31, 0x00, 0x00, 0x8f, 0x31, 0x00, 0x00, 0x02, 0x00, 0x00, 0x00, 0x00, 0x00, 0x00, 0x00
    .byte 0x00, 0x00, 0xe8, 0xff, 0xd0, 0xff, 0x18, 0x00, 0x08, 0x00, 0x60, 0x01, 0xf8, 0x00, 0x00, 0x00
    .byte 0x06, 0x00, 0x00, 0x00, 0x10, 0x0a, 0x22, 0x02, 0x00, 0x00, 0x00, 0x00, 0x00, 0x00, 0x00, 0x00
    .byte 0x00, 0x00, 0x00, 0x00, 0xff, 0xff, 0x18, 0x00, 0x00, 0x00, 0x00, 0x00, 0x00, 0x00, 0x00, 0x00
    .byte 0xff, 0xff, 0xff, 0xff, 0xff, 0xff, 0xff, 0xff, 0x00, 0x00, 0x09, 0x00, 0xff, 0xff, 0xff, 0xff
    .byte 0x00, 0x00, 0x1f, 0x00, 0xe8, 0xd0, 0x18, 0x08, 0x00, 0x00, 0x00, 0x00, 0x03, 0x00, 0x18, 0x00
    .byte 0x8e, 0x31, 0x00, 0x00, 0x8c, 0x31, 0x00, 0x00, 0x8f, 0x31, 0x00, 0x00, 0x02, 0x00, 0x00, 0x00
    .byte 0x00, 0x00, 0x00, 0x00, 0x00, 0x00, 0xe8, 0xff, 0xd0, 0xff, 0x18, 0x00, 0x08, 0x00, 0xe0, 0x01
    .byte 0xf8, 0x00, 0x00, 0x00, 0x06, 0x00, 0x00, 0x00, 0x1e, 0x0b, 0x22, 0x02, 0x00, 0x00, 0x00, 0x00
    .byte 0x00, 0x00, 0x00, 0x00, 0x00, 0x00, 0x00, 0x00, 0xff, 0xff, 0x18, 0x00, 0x00, 0x00, 0x00, 0x00
    .byte 0x00, 0x00, 0x00, 0x00, 0xff, 0xff, 0xff, 0xff, 0xff, 0xff, 0xff, 0xff, 0x00, 0x00, 0x0a, 0x00
    .byte 0xff, 0xff, 0xff, 0xff, 0x00, 0x00, 0x1f, 0x00, 0xe8, 0xd0, 0x18, 0x08, 0x00, 0x00, 0x00, 0x00
    .byte 0x03, 0x00, 0x18, 0x00, 0x8e, 0x31, 0x00, 0x00, 0x8c, 0x31, 0x00, 0x00, 0x8f, 0x31, 0x00, 0x00
    .byte 0x02, 0x00, 0x00, 0x00, 0x00, 0x00, 0x00, 0x00, 0x00, 0x00, 0xe8, 0xff, 0xd0, 0xff, 0x18, 0x00
    .byte 0x08, 0x00, 0xc0, 0x01, 0xe8, 0x01, 0x00, 0x00, 0x06, 0x00, 0x00, 0x00, 0x2e, 0x0c, 0x22, 0x02
    .byte 0x00, 0x00, 0x00, 0x00, 0x00, 0x00, 0x00, 0x00, 0x00, 0x00, 0x00, 0x00, 0xff, 0xff, 0x18, 0x00
    .byte 0x00, 0x00, 0x00, 0x00, 0x00, 0x00, 0x00, 0x00, 0xff, 0xff, 0xff, 0xff, 0xff, 0xff, 0xff, 0xff
    .byte 0x00, 0x00, 0x0b, 0x00, 0xff, 0xff, 0xff, 0xff, 0x00, 0x00, 0x1f, 0x00, 0xe8, 0xd0, 0x18, 0x08
    .byte 0x00, 0x00, 0x00, 0x00, 0x03, 0x00, 0x18, 0x00, 0x8e, 0x31, 0x00, 0x00, 0x8c, 0x31, 0x00, 0x00
    .byte 0x8f, 0x31, 0x00, 0x00, 0x02, 0x00, 0x00, 0x00, 0x00, 0x00, 0x00, 0x00, 0x00, 0x00, 0xe8, 0xff
    .byte 0xd0, 0xff, 0x18, 0x00, 0x08, 0x00, 0xf0, 0x01, 0x28, 0x01, 0x00, 0x00, 0x06, 0x00, 0x00, 0x00
    .byte 0x3e, 0x0d, 0x22, 0x02, 0x00, 0x00, 0x00, 0x00, 0x00, 0x00, 0x00, 0x00, 0x00, 0x00, 0x00, 0x00
    .byte 0xff, 0xff, 0x18, 0x00, 0x00, 0x00, 0x00, 0x00, 0x00, 0x00, 0x00, 0x00, 0xff, 0xff, 0xff, 0xff
    .byte 0xff, 0xff, 0xff, 0xff, 0x00, 0x00, 0x0c, 0x00, 0xff, 0xff, 0xff, 0xff, 0x00, 0x00, 0x1f, 0x00
    .byte 0xe8, 0xd0, 0x18, 0x08, 0x00, 0x00, 0x00, 0x00, 0x03, 0x00, 0x18, 0x00, 0x8e, 0x31, 0x00, 0x00
    .byte 0x8c, 0x31, 0x00, 0x00, 0x8f, 0x31, 0x00, 0x00, 0x02, 0x0a, 0x00, 0x00, 0x00, 0x00, 0x00, 0x00
    .byte 0x00, 0x00, 0xf0, 0xff, 0xf0, 0xff, 0x10, 0x00, 0x08, 0x00, 0xe8, 0x01, 0x28, 0x01, 0x00, 0x00
    .byte 0x06, 0x00, 0x00, 0x00, 0x32, 0x16, 0x22, 0x02, 0x00, 0x00, 0x00, 0x00, 0x00, 0x00, 0x00, 0x00
    .byte 0x00, 0x00, 0x00, 0x00, 0xff, 0xff, 0x00, 0x00, 0x00, 0x00, 0x00, 0x00, 0x00, 0x00, 0x00, 0x00
    .byte 0xff, 0xff, 0xff, 0xff, 0xff, 0xff, 0xff, 0xff, 0x00, 0x00, 0x0d, 0x00, 0xff, 0xff, 0xff, 0xff
    .byte 0x00, 0x00, 0x1f, 0x00, 0xf4, 0xd8, 0x0c, 0x00, 0x00, 0x00, 0x00, 0x00, 0x03, 0x00, 0x18, 0x00
    .byte 0x8e, 0x31, 0x00, 0x00, 0x8c, 0x31, 0x00, 0x00, 0x8f, 0x31, 0x00, 0x00, 0x02, 0x00, 0x00, 0x00
    .byte 0x00, 0x00, 0x00, 0x00, 0x00, 0x00, 0xe8, 0xff, 0xd8, 0xff, 0x18, 0x00, 0x08, 0x00, 0x80, 0x01
    .byte 0x58, 0x01, 0x00, 0x00, 0x06, 0x00, 0x00, 0x00, 0x4e, 0x0e, 0x22, 0x02, 0x00, 0x00, 0x00, 0x00
    .byte 0x00, 0x00, 0x00, 0x00, 0x00, 0x00, 0x00, 0x00, 0xff, 0xff, 0x18, 0x00, 0x00, 0x00, 0x00, 0x00
    .byte 0x00, 0x00, 0x00, 0x00, 0xff, 0xff, 0xff, 0xff, 0xff, 0xff, 0xff, 0xff, 0x00, 0x00, 0x0e, 0x00
    .byte 0xff, 0xff, 0xff, 0xff, 0x00, 0x00, 0x1f, 0x00, 0xe8, 0xd0, 0x18, 0x08, 0x00, 0x00, 0x00, 0x00
    .byte 0x03, 0x00, 0x18, 0x00, 0x8e, 0x31, 0x00, 0x00, 0x8c, 0x31, 0x00, 0x00, 0x8f, 0x31, 0x00, 0x00
    .byte 0x02, 0x00, 0x00, 0x00, 0x00, 0x00, 0x00, 0x00, 0x00, 0x00, 0xe8, 0xff, 0xd8, 0xff, 0x18, 0x00
    .byte 0x08, 0x00, 0xf0, 0x01, 0x78, 0x01, 0x00, 0x00, 0x06, 0x00, 0x00, 0x00, 0x5e, 0x0f, 0x22, 0x02
    .byte 0x00, 0x00, 0x00, 0x00, 0x00, 0x00, 0x00, 0x00, 0x00, 0x00, 0x00, 0x00, 0xff, 0xff, 0x18, 0x00
    .byte 0x00, 0x00, 0x00, 0x00, 0x00, 0x00, 0x00, 0x00, 0xff, 0xff, 0xff, 0xff, 0xff, 0xff, 0xff, 0xff
    .byte 0x00, 0x00, 0x0f, 0x00, 0xff, 0xff, 0xff, 0xff, 0x00, 0x00, 0x1f, 0x00, 0xe8, 0xd0, 0x18, 0x08
    .byte 0x00, 0x00, 0x00, 0x00, 0x03, 0x00, 0x18, 0x00, 0x8e, 0x31, 0x00, 0x00, 0x8c, 0x31, 0x00, 0x00
    .byte 0x8f, 0x31, 0x00, 0x00, 0x02, 0x00, 0x00, 0x00, 0x00, 0x00, 0x00, 0x00, 0x00, 0x00, 0xf0, 0xff
    .byte 0xbc, 0xff, 0x10, 0x00, 0x0a, 0x00, 0x40, 0x02, 0x88, 0x01, 0x00, 0x00, 0x06, 0x00, 0x00, 0x00
    .byte 0x6c, 0x10, 0x22, 0x02, 0x00, 0x00, 0x00, 0x00, 0x00, 0x00, 0x00, 0x00, 0x00, 0x00, 0x00, 0x00
    .byte 0xff, 0xff, 0x18, 0x00, 0x00, 0x00, 0x00, 0x00, 0x00, 0x00, 0x00, 0x00, 0xff, 0xff, 0xff, 0xff
    .byte 0xff, 0xff, 0xff, 0xff, 0x00, 0x00, 0x10, 0x00, 0xff, 0xff, 0xff, 0xff, 0x00, 0x00, 0x1f, 0x00
    .byte 0xe8, 0xd0, 0x18, 0x08, 0x00, 0x00, 0x00, 0x00, 0x03, 0x00, 0x18, 0x00, 0x8e, 0x31, 0x00, 0x00
    .byte 0x8c, 0x31, 0x00, 0x00, 0x8f, 0x31, 0x00, 0x00, 0x02, 0x0a, 0x00, 0x00, 0x00, 0x00, 0x00, 0x00
    .byte 0x00, 0x00, 0xf0, 0xff, 0xf0, 0xff, 0x10, 0x00, 0x08, 0x00, 0x38, 0x02, 0x98, 0x01, 0x00, 0x00
    .byte 0x06, 0x00, 0x00, 0x00, 0x32, 0x16, 0x22, 0x02, 0x00, 0x00, 0x00, 0x00, 0x00, 0x00, 0x00, 0x00
    .byte 0x00, 0x00, 0x00, 0x00, 0xff, 0xff, 0x00, 0x00, 0x00, 0x00, 0x00, 0x00, 0x00, 0x00, 0x00, 0x00
    .byte 0xff, 0xff, 0xff, 0xff, 0xff, 0xff, 0xff, 0xff, 0x00, 0x00, 0x11, 0x00, 0xff, 0xff, 0xff, 0xff
    .byte 0x00, 0x00, 0x1f, 0x00, 0xf4, 0xd8, 0x0c, 0x00, 0x00, 0x00, 0x00, 0x00, 0x03, 0x00, 0x18, 0x00
    .byte 0x8e, 0x31, 0x00, 0x00, 0x8c, 0x31, 0x00, 0x00, 0x8f, 0x31, 0x00, 0x00, 0x02, 0x00, 0x00, 0x00
    .byte 0x00, 0x00, 0x00, 0x00, 0x00, 0x00, 0xf0, 0xff, 0xe8, 0xff, 0x14, 0x00, 0x08, 0x00, 0x98, 0x01
    .byte 0x18, 0x01, 0x00, 0x00, 0x06, 0x00, 0x00, 0x00, 0x7c, 0x11, 0x22, 0x02, 0x00, 0x00, 0x00, 0x00
    .byte 0x00, 0x00, 0x00, 0x00, 0x00, 0x00, 0x00, 0x00, 0xff, 0xff, 0x18, 0x00, 0x00, 0x00, 0x00, 0x00
    .byte 0x00, 0x00, 0x00, 0x00, 0xff, 0xff, 0xff, 0xff, 0xff, 0xff, 0xff, 0xff, 0x00, 0x00, 0x12, 0x00
    .byte 0xff, 0xff, 0xff, 0xff, 0x00, 0x00, 0x1f, 0x00, 0xe8, 0xd0, 0x18, 0x08, 0x00, 0x00, 0x00, 0x00
    .byte 0x03, 0x00, 0x18, 0x00, 0x8e, 0x31, 0x00, 0x00, 0x8c, 0x31, 0x00, 0x00, 0x8f, 0x31, 0x00, 0x00
    .byte 0x02, 0x00, 0x00, 0x00, 0x00, 0x00, 0x00, 0x00, 0x00, 0x00, 0xe8, 0xff, 0xd8, 0xff, 0x18, 0x00
    .byte 0x08, 0x00, 0x40, 0x02, 0xf8, 0x01, 0x00, 0x00, 0x06, 0x00, 0x00, 0x00, 0x80, 0x12, 0x22, 0x02
    .byte 0x00, 0x00, 0x00, 0x00, 0x00, 0x00, 0x00, 0x00, 0x00, 0x00, 0x00, 0x00, 0xff, 0xff, 0x18, 0x00
    .byte 0x00, 0x00, 0x00, 0x00, 0x00, 0x00, 0x00, 0x00, 0xff, 0xff, 0xff, 0xff, 0xff, 0xff, 0xff, 0xff
    .byte 0x00, 0x00, 0x13, 0x00, 0xff, 0xff, 0xff, 0xff, 0x00, 0x00, 0x1f, 0x00, 0xe8, 0xd0, 0x18, 0x08
    .byte 0x00, 0x00, 0x00, 0x00, 0x03, 0x00, 0x18, 0x00, 0x8e, 0x31, 0x00, 0x00, 0x8c, 0x31, 0x00, 0x00
    .byte 0x8f, 0x31, 0x00, 0x00, 0x02, 0x00, 0x00, 0x00, 0x00, 0x00, 0x00, 0x00, 0x00, 0x00, 0xe8, 0xff
    .byte 0xd8, 0xff, 0x18, 0x00, 0x08, 0x00, 0x10, 0x02, 0xb8, 0x01, 0x00, 0x00, 0x06, 0x00, 0x00, 0x00
    .byte 0x8e, 0x13, 0x22, 0x02, 0x00, 0x00, 0x00, 0x00, 0x00, 0x00, 0x00, 0x00, 0x00, 0x00, 0x00, 0x00
    .byte 0xff, 0xff, 0x18, 0x00, 0x00, 0x00, 0x00, 0x00, 0x00, 0x00, 0x00, 0x00, 0xff, 0xff, 0xff, 0xff
    .byte 0xff, 0xff, 0xff, 0xff, 0x00, 0x00, 0x14, 0x00, 0xff, 0xff, 0xff, 0xff, 0x00, 0x00, 0x1f, 0x00
    .byte 0xe8, 0xd0, 0x18, 0x08, 0x00, 0x00, 0x00, 0x00, 0x03, 0x00, 0x18, 0x00, 0x8e, 0x31, 0x00, 0x00
    .byte 0x8c, 0x31, 0x00, 0x00, 0x8f, 0x31, 0x00, 0x00, 0x02, 0x0a, 0x00, 0x00, 0x00, 0x00, 0x00, 0x00
    .byte 0x00, 0x00, 0xf0, 0xff, 0xf0, 0xff, 0x10, 0x00, 0x08, 0x00, 0x08, 0x02, 0xb8, 0x01, 0x00, 0x00
    .byte 0x06, 0x00, 0x00, 0x00, 0x32, 0x16, 0x22, 0x02, 0x00, 0x00, 0x00, 0x00, 0x00, 0x00, 0x00, 0x00
    .byte 0x00, 0x00, 0x00, 0x00, 0xff, 0xff, 0x00, 0x00, 0x00, 0x00, 0x00, 0x00, 0x00, 0x00, 0x00, 0x00
    .byte 0xff, 0xff, 0xff, 0xff, 0xff, 0xff, 0xff, 0xff, 0x00, 0x00, 0x15, 0x00, 0xff, 0xff, 0xff, 0xff
    .byte 0x00, 0x00, 0x1f, 0x00, 0xf4, 0xd8, 0x0c, 0x00, 0x00, 0x00, 0x00, 0x00, 0x03, 0x00, 0x18, 0x00
    .byte 0x8e, 0x31, 0x00, 0x00, 0x8c, 0x31, 0x00, 0x00, 0x8f, 0x31, 0x00, 0x00, 0x02, 0x00, 0x00, 0x00
    .byte 0x00, 0x00, 0x00, 0x00, 0x00, 0x00, 0xe8, 0xff, 0xd8, 0xff, 0x18, 0x00, 0x08, 0x00, 0x20, 0x01
    .byte 0xd8, 0x00, 0x00, 0x00, 0x06, 0x00, 0x00, 0x00, 0x9e, 0x14, 0x22, 0x02, 0x00, 0x00, 0x00, 0x00
    .byte 0x00, 0x00, 0x00, 0x00, 0x00, 0x00, 0x00, 0x00, 0xff, 0xff, 0x18, 0x00, 0x00, 0x00, 0x00, 0x00
    .byte 0x00, 0x00, 0x00, 0x00, 0xff, 0xff, 0xff, 0xff, 0xff, 0xff, 0xff, 0xff, 0x00, 0x00, 0x16, 0x00
    .byte 0xff, 0xff, 0xff, 0xff, 0x00, 0x00, 0x1f, 0x00, 0xe8, 0xd0, 0x18, 0x08, 0x00, 0x00, 0x00, 0x00
    .byte 0x03, 0x00, 0x00, 0x00, 0x8e, 0x31, 0x00, 0x00, 0x8c, 0x31, 0x00, 0x00, 0x8f, 0x31, 0x00, 0x00
    .byte 0x02, 0x0b, 0x00, 0x00, 0x00, 0x00, 0x00, 0x00, 0x00, 0x00, 0xf0, 0xff, 0xf8, 0xff, 0x08, 0x00
    .byte 0x10, 0x00, 0xd0, 0x01, 0x90, 0x01, 0x00, 0x00, 0x06, 0x00, 0x00, 0x00, 0xae, 0x15, 0x22, 0x02
    .byte 0x00, 0x00, 0x00, 0x00, 0x00, 0x00, 0x00, 0x00, 0x00, 0x00, 0x00, 0x00, 0xff, 0xff, 0x00, 0x00
    .byte 0x00, 0x00, 0x00, 0x00, 0x00, 0x00, 0x00, 0x00, 0xff, 0xff, 0xff, 0xff, 0xff, 0xff, 0xff, 0xff
    .byte 0x00, 0x00, 0x17, 0x00, 0xff, 0xff, 0xff, 0xff, 0x00, 0x00, 0x1f, 0x00, 0xf4, 0xd8, 0x0c, 0x00
    .byte 0x00, 0x00, 0x00, 0x00, 0x03, 0x00, 0x18, 0x00, 0x8e, 0x31, 0x00, 0x00, 0x8c, 0x31, 0x00, 0x00
    .byte 0x8f, 0x31, 0x00, 0x00, 0x02, 0x08, 0x00, 0x00, 0x00, 0x00, 0x00, 0x00, 0x00, 0x00, 0xf8, 0xff
    .byte 0xe8, 0xff, 0x10, 0x00, 0x08, 0x00, 0x88, 0x01, 0xf8, 0x01, 0x00, 0x00, 0x06, 0x00, 0x00, 0x00
    .byte 0xaf, 0x15, 0x22, 0x02, 0x00, 0x00, 0x00, 0x00, 0x00, 0x00, 0x00, 0x00, 0x00, 0x00, 0x00, 0x00
    .byte 0xff, 0xff, 0x00, 0x00, 0x00, 0x00, 0x00, 0x00, 0x00, 0x00, 0x00, 0x00, 0xff, 0xff, 0xff, 0xff
    .byte 0xff, 0xff, 0xff, 0xff, 0x00, 0x00, 0x18, 0x00, 0xff, 0xff, 0xff, 0xff, 0x00, 0x00, 0x1f, 0x00
    .byte 0xf4, 0xd8, 0x0c, 0x00, 0x00, 0x00, 0x00, 0x00, 0x03, 0x00, 0x18, 0x00, 0x8e, 0x31, 0x00, 0x00
    .byte 0x8c, 0x31, 0x00, 0x00, 0x8f, 0x31, 0x00, 0x00, 0x02, 0x08, 0x00, 0x00, 0x00, 0x00, 0x00, 0x00
    .byte 0x00, 0x00, 0xf8, 0xff, 0xe8, 0xff, 0x10, 0x00, 0x08, 0x00, 0x28, 0x01, 0x78, 0x02, 0x00, 0x00
    .byte 0x06, 0x00, 0x00, 0x00, 0xaf, 0x15, 0x22, 0x02, 0x00, 0x00, 0x00, 0x00, 0x00, 0x00, 0x00, 0x00
    .byte 0x00, 0x00, 0x00, 0x00, 0xff, 0xff, 0x00, 0x00, 0x00, 0x00, 0x00, 0x00, 0x00, 0x00, 0x00, 0x00
    .byte 0xff, 0xff, 0xff, 0xff, 0xff, 0xff, 0xff, 0xff, 0x00, 0x00, 0x19, 0x00, 0xff, 0xff, 0xff, 0xff
    .byte 0x00, 0x00, 0x1f, 0x00, 0xf4, 0xd8, 0x0c, 0x00, 0x00, 0x00, 0x00, 0x00, 0x03, 0x00, 0x18, 0x00
    .byte 0x8e, 0x31, 0x00, 0x00, 0x8c, 0x31, 0x00, 0x00, 0x8f, 0x31, 0x00, 0x00, 0x02, 0x09, 0x00, 0x00
    .byte 0x00, 0x00, 0x00, 0x00, 0x00, 0x00, 0xf0, 0xff, 0xe8, 0xff, 0x08, 0x00, 0x08, 0x00, 0xc8, 0x00
    .byte 0x68, 0x02, 0x00, 0x00, 0x06, 0x00, 0x00, 0x00, 0xaf, 0x15, 0x22, 0x02, 0x00, 0x00, 0x00, 0x00
    .byte 0x00, 0x00, 0x00, 0x00, 0x00, 0x00, 0x00, 0x00, 0xff, 0xff, 0x00, 0x00, 0x00, 0x00, 0x00, 0x00
    .byte 0x00, 0x00, 0x00, 0x00, 0xff, 0xff, 0xff, 0xff, 0xff, 0xff, 0xff, 0xff, 0x00, 0x00, 0x1a, 0x00
    .byte 0xff, 0xff, 0xff, 0xff, 0x00, 0x00, 0x1f, 0x00, 0xf4, 0xd8, 0x0c, 0x00, 0x00, 0x00, 0x00, 0x00
    .byte 0x03, 0x00, 0x18, 0x00, 0x8e, 0x31, 0x00, 0x00, 0x8c, 0x31, 0x00, 0x00, 0x8f, 0x31, 0x00, 0x00
    .byte 0x02, 0x09, 0x00, 0x00, 0x00, 0x00, 0x00, 0x00, 0x00, 0x00, 0xf0, 0xff, 0xe8, 0xff, 0x08, 0x00
    .byte 0x08, 0x00, 0xd8, 0x00, 0x58, 0x02, 0x00, 0x00, 0x06, 0x00, 0x00, 0x00, 0xaf, 0x15, 0x22, 0x02
    .byte 0x00, 0x00, 0x00, 0x00, 0x00, 0x00, 0x00, 0x00, 0x00, 0x00, 0x00, 0x00, 0xff, 0xff, 0x00, 0x00
    .byte 0x00, 0x00, 0x00, 0x00, 0x00, 0x00, 0x00, 0x00, 0xff, 0xff, 0xff, 0xff, 0xff, 0xff, 0xff, 0xff
    .byte 0x00, 0x00, 0x1b, 0x00, 0xff, 0xff, 0xff, 0xff, 0x00, 0x00, 0x1f, 0x00, 0xf4, 0xd8, 0x0c, 0x00
    .byte 0x00, 0x00, 0x00, 0x00, 0x03, 0x00, 0x18, 0x00, 0x8e, 0x31, 0x00, 0x00, 0x8c, 0x31, 0x00, 0x00
    .byte 0x8f, 0x31, 0x00, 0x00, 0x02, 0x09, 0x00, 0x00, 0x00, 0x00, 0x00, 0x00, 0x00, 0x00, 0xf0, 0xff
    .byte 0xe8, 0xff, 0x08, 0x00, 0x08, 0x00, 0xb8, 0x01, 0x48, 0x01, 0x00, 0x00, 0x06, 0x00, 0x00, 0x00
    .byte 0xaf, 0x15, 0x22, 0x02, 0x00, 0x00, 0x00, 0x00, 0x00, 0x00, 0x00, 0x00, 0x00, 0x00, 0x00, 0x00
    .byte 0xff, 0xff, 0x00, 0x00, 0x00, 0x00, 0x00, 0x00, 0x00, 0x00, 0x00, 0x00, 0xff, 0xff, 0xff, 0xff
    .byte 0xff, 0xff, 0xff, 0xff, 0x00, 0x00, 0x1c, 0x00, 0xff, 0xff, 0xff, 0xff, 0x00, 0x00, 0x1f, 0x00
    .byte 0xf4, 0xd8, 0x0c, 0x00, 0x00, 0x00, 0x00, 0x00, 0x03, 0x00, 0x18, 0x00, 0x8e, 0x31, 0x00, 0x00
    .byte 0x8c, 0x31, 0x00, 0x00, 0x8f, 0x31, 0x00, 0x00, 0x02, 0x08, 0x00, 0x00, 0x00, 0x00, 0x00, 0x00
    .byte 0x00, 0x00, 0xf8, 0xff, 0xe8, 0xff, 0x10, 0x00, 0x08, 0x00, 0x58, 0x02, 0x08, 0x01, 0x00, 0x00
    .byte 0x06, 0x00, 0x00, 0x00, 0xaf, 0x15, 0x22, 0x02, 0x00, 0x00, 0x00, 0x00, 0x00, 0x00, 0x00, 0x00
    .byte 0x00, 0x00, 0x00, 0x00, 0xff, 0xff, 0x00, 0x00, 0x00, 0x00, 0x00, 0x00, 0x00, 0x00, 0x00, 0x00
    .byte 0xff, 0xff, 0xff, 0xff, 0xff, 0xff, 0xff, 0xff, 0x00, 0x00, 0x1d, 0x00, 0xff, 0xff, 0xff, 0xff
    .byte 0x00, 0x00, 0x1f, 0x00, 0xf4, 0xd8, 0x0c, 0x00, 0x00, 0x00, 0x00, 0x00, 0x03, 0x00, 0x18, 0x00
    .byte 0x8e, 0x31, 0x00, 0x00, 0x8c, 0x31, 0x00, 0x00, 0x8f, 0x31, 0x00, 0x00, 0x02, 0x09, 0x00, 0x00
    .byte 0x00, 0x00, 0x00, 0x00, 0x00, 0x00, 0xf0, 0xff, 0xe8, 0xff, 0x08, 0x00, 0x08, 0x00, 0x28, 0x02
    .byte 0xf8, 0x00, 0x00, 0x00, 0x06, 0x00, 0x00, 0x00, 0xaf, 0x15, 0x22, 0x02, 0x00, 0x00, 0x00, 0x00
    .byte 0x00, 0x00, 0x00, 0x00, 0x00, 0x00, 0x00, 0x00, 0xff, 0xff, 0x00, 0x00, 0x00, 0x00, 0x00, 0x00
    .byte 0x00, 0x00, 0x00, 0x00, 0xff, 0xff, 0xff, 0xff, 0xff, 0xff, 0xff, 0xff, 0x00, 0x00, 0x1e, 0x00
    .byte 0xff, 0xff, 0xff, 0xff, 0x00, 0x00, 0x1f, 0x00, 0xf4, 0xd8, 0x0c, 0x00, 0x00, 0x00, 0x00, 0x00
    .byte 0x03, 0x00, 0x18, 0x00, 0x8e, 0x31, 0x00, 0x00, 0x8c, 0x31, 0x00, 0x00, 0x8f, 0x31, 0x00, 0x00
    .byte 0x02, 0x08, 0x00, 0x00, 0x00, 0x00, 0x00, 0x00, 0x00, 0x00, 0xf8, 0xff, 0xe8, 0xff, 0x10, 0x00
    .byte 0x08, 0x00, 0x18, 0x01, 0x78, 0x01, 0x00, 0x00, 0x06, 0x00, 0x00, 0x00, 0xaf, 0x15, 0x22, 0x02
    .byte 0x00, 0x00, 0x00, 0x00, 0x00, 0x00, 0x00, 0x00, 0x00, 0x00, 0x00, 0x00, 0xff, 0xff, 0x00, 0x00
    .byte 0x00, 0x00, 0x00, 0x00, 0x00, 0x00, 0x00, 0x00, 0xff, 0xff, 0xff, 0xff, 0xff, 0xff, 0xff, 0xff
    .byte 0x00, 0x00, 0x1f, 0x00, 0xff, 0xff, 0xff, 0xff, 0x00, 0x00, 0x1f, 0x00, 0xf4, 0xd8, 0x0c, 0x00
    .byte 0x00, 0x00, 0x00, 0x00, 0x03, 0x00, 0x18, 0x00, 0x8e, 0x31, 0x00, 0x00, 0x8c, 0x31, 0x00, 0x00
    .byte 0x8f, 0x31, 0x00, 0x00, 0x02, 0x08, 0x00, 0x00, 0x00, 0x00, 0x00, 0x00, 0x00, 0x00, 0xf8, 0xff
    .byte 0xe8, 0xff, 0x10, 0x00, 0x08, 0x00, 0xf8, 0x00, 0x18, 0x01, 0x00, 0x00, 0x06, 0x00, 0x00, 0x00
    .byte 0xaf, 0x15, 0x22, 0x02, 0x00, 0x00, 0x00, 0x00, 0x00, 0x00, 0x00, 0x00, 0x00, 0x00, 0x00, 0x00
    .byte 0xff, 0xff, 0x00, 0x00, 0x00, 0x00, 0x00, 0x00, 0x00, 0x00, 0x00, 0x00, 0xff, 0xff, 0xff, 0xff
    .byte 0xff, 0xff, 0xff, 0xff, 0x00, 0x00, 0x20, 0x00, 0xff, 0xff, 0xff, 0xff, 0x00, 0x00, 0x1f, 0x00
    .byte 0xf4, 0xd8, 0x0c, 0x00, 0x00, 0x00, 0x00, 0x00, 0x03, 0x00, 0x10, 0x00, 0x8b, 0x31, 0x00, 0x00
    .byte 0x8c, 0x31, 0x00, 0x00, 0x8d, 0x31, 0x00, 0x00, 0x02, 0x00, 0x1e, 0x14, 0x00, 0x00, 0x00, 0x00
    .byte 0x00, 0x00, 0xe8, 0xff, 0xd0, 0xff, 0x18, 0x00, 0x08, 0x00, 0x42, 0x02, 0x40, 0x01, 0x00, 0x00
    .byte 0x0a, 0x00, 0x00, 0x00, 0xff, 0x17, 0x22, 0x02, 0x00, 0x00, 0x00, 0x00, 0x00, 0x00, 0x00, 0x00
    .byte 0x00, 0x00, 0x00, 0x00, 0xff, 0xff, 0x18, 0x00, 0x00, 0x00, 0x00, 0x00, 0x00, 0x00, 0x00, 0x00
    .byte 0xff, 0xff, 0xff, 0xff, 0xff, 0xff, 0xff, 0xff, 0x00, 0x00, 0x21, 0x00, 0xff, 0xff, 0xff, 0xff
    .byte 0x00, 0x00, 0x04, 0x00, 0xe8, 0xd0, 0x18, 0x08, 0x00, 0x00, 0x00, 0x00, 0x03, 0x00, 0x01, 0x00
    .byte 0x01, 0x14, 0x00, 0x00, 0x02, 0x14, 0x00, 0x00, 0x03, 0x14, 0x00, 0x00, 0x02, 0x00, 0x00, 0x00
    .byte 0x00, 0x00, 0x00, 0x00, 0x00, 0x00, 0xf0, 0xff, 0xcf, 0xff, 0x10, 0x00, 0x07, 0x00, 0x42, 0x02
    .byte 0x40, 0x01, 0x00, 0x00, 0x06, 0x00, 0x00, 0x00, 0xf4, 0x17, 0x22, 0x02, 0x00, 0x00, 0x00, 0x00
    .byte 0x00, 0x00, 0x00, 0x00, 0x00, 0x00, 0x00, 0x00, 0xff, 0xff, 0x00, 0x00, 0x00, 0x00, 0x00, 0x00
    .byte 0x00, 0x00, 0x00, 0x00, 0xff, 0xff, 0xff, 0xff, 0xff, 0xff, 0xff, 0xff, 0x00, 0x00, 0x22, 0x00
    .byte 0xff, 0xff, 0xff, 0xff, 0x00, 0x00, 0x00, 0x00, 0xf4, 0xd8, 0x0c, 0x00, 0x00, 0x00, 0x00, 0x00
    .byte 0x03, 0x00, 0x00, 0x00, 0x4d, 0x16, 0x00, 0x00, 0x01, 0x10, 0x00, 0x00, 0x4e, 0x16, 0x00, 0x00
    .byte 0x02, 0x00, 0x00, 0x00, 0x00, 0x00, 0x00, 0x00, 0x00, 0x00, 0xf0, 0xff, 0xcf, 0xff, 0x10, 0x00
    .byte 0x07, 0x00, 0x00, 0xfe, 0x00, 0xfe, 0x00, 0x00, 0x00, 0x00, 0x00, 0x00, 0xd9, 0x21, 0x22, 0x02
    .byte 0x00, 0x00, 0x00, 0x00, 0x00, 0x00, 0x00, 0x00, 0x00, 0x00, 0x00, 0x00, 0xff, 0xff, 0x00, 0x00
    .byte 0x00, 0x00, 0x00, 0x00, 0x00, 0x00, 0x00, 0x00, 0xff, 0xff, 0xff, 0xff, 0xff, 0xff, 0xff, 0xff
    .byte 0x00, 0x00, 0x23, 0x00, 0xff, 0xff, 0xff, 0xff, 0x00, 0x00, 0x1f, 0x00, 0xf4, 0xd8, 0x0c, 0x00
    .byte 0x00, 0x00, 0x00, 0x00, 0x03, 0x00, 0x00, 0x00, 0x4d, 0x16, 0x00, 0x00, 0x01, 0x10, 0x00, 0x00
    .byte 0x4e, 0x16, 0x00, 0x00, 0x02, 0x00, 0x00, 0x00, 0x00, 0x00, 0x00, 0x00, 0x00, 0x00, 0xf0, 0xff
    .byte 0xcf, 0xff, 0x10, 0x00, 0x07, 0x00, 0x00, 0xfe, 0x00, 0xfe, 0x00, 0x00, 0x00, 0x00, 0x00, 0x00
    .byte 0x03, 0x24, 0x22, 0x02, 0x00, 0x00, 0x00, 0x00, 0x00, 0x00, 0x00, 0x00, 0x00, 0x00, 0x00, 0x00
    .byte 0xff, 0xff, 0x00, 0x00, 0x00, 0x00, 0x00, 0x00, 0x00, 0x00, 0x00, 0x00, 0xff, 0xff, 0xff, 0xff
    .byte 0xff, 0xff, 0xff, 0xff, 0x00, 0x00, 0x24, 0x00, 0xff, 0xff, 0xff, 0xff, 0x00, 0x00, 0x1f, 0x00
    .byte 0xf4, 0xd8, 0x0c, 0x00, 0x00, 0x00, 0x00, 0x00, 0x03, 0x00, 0x00, 0x00, 0x4d, 0x16, 0x00, 0x00
    .byte 0x01, 0x10, 0x00, 0x00, 0x4e, 0x16, 0x00, 0x00, 0x02, 0x00, 0x00, 0x00, 0x00, 0x00, 0x00, 0x00
    .byte 0x00, 0x00, 0xf0, 0xff, 0xcf, 0xff, 0x10, 0x00, 0x07, 0x00, 0x00, 0xfe, 0x00, 0xfe, 0x00, 0x00
    .byte 0x00, 0x00, 0x00, 0x00, 0x7e, 0x23, 0x22, 0x02, 0x00, 0x00, 0x00, 0x00, 0x00, 0x00, 0x00, 0x00
    .byte 0x00, 0x00, 0x00, 0x00, 0xff, 0xff, 0x00, 0x00, 0x00, 0x00, 0x00, 0x00, 0x00, 0x00, 0x00, 0x00
    .byte 0xff, 0xff, 0xff, 0xff, 0xff, 0xff, 0xff, 0xff, 0x00, 0x00, 0x25, 0x00, 0xff, 0xff, 0xff, 0xff
    .byte 0x00, 0x00, 0x1f, 0x00, 0xf4, 0xd8, 0x0c, 0x00, 0x00, 0x00, 0x00, 0x00, 0x02, 0x00, 0x3f, 0x00
    .byte 0x00, 0x10, 0x00, 0x00, 0x01, 0x10, 0x00, 0x00, 0x02, 0x10, 0x00, 0x00, 0x01, 0x00, 0x1c, 0x0c
    .byte 0x00, 0x00, 0x00, 0x00, 0x00, 0x00, 0xf0, 0xff, 0xcf, 0xff, 0x10, 0x00, 0x07, 0x00, 0xf0, 0x00
    .byte 0x08, 0x02, 0x00, 0x00, 0x08, 0x00, 0x01, 0x00, 0x00, 0x00, 0x00, 0x00, 0x00, 0x13, 0x00, 0x00
    .byte 0x00, 0x00, 0x00, 0x00, 0x00, 0x00, 0x00, 0x00, 0x01, 0x00, 0x00, 0x00, 0x00, 0x00, 0x00, 0x00
    .byte 0x00, 0x00, 0x00, 0x00, 0xff, 0xff, 0xff, 0xff, 0xca, 0x00, 0xff, 0xff, 0x01, 0x00, 0xff, 0xff
    .byte 0xff, 0xff, 0xff, 0xff, 0x00, 0x00, 0x04, 0x00, 0xf4, 0xd8, 0x0c, 0x00, 0x00, 0x00, 0x00, 0x00
    .byte 0x02, 0x00, 0x3f, 0x00, 0x00, 0x10, 0x00, 0x00, 0x01, 0x10, 0x00, 0x00, 0x02, 0x10, 0x00, 0x00
    .byte 0x01, 0x00, 0x1c, 0x0c, 0x00, 0x00, 0x00, 0x00, 0x00, 0x00, 0xf0, 0xff, 0xcf, 0xff, 0x10, 0x00
    .byte 0x07, 0x00, 0xf0, 0x00, 0x08, 0x02, 0x00, 0x00, 0x08, 0x00, 0x01, 0x00, 0x00, 0x00, 0x00, 0x00
    .byte 0x00, 0x13, 0x00, 0x00, 0x00, 0x00, 0x00, 0x00, 0x00, 0x00, 0x00, 0x00, 0x01, 0x00, 0x00, 0x00
    .byte 0x00, 0x00, 0x00, 0x00, 0x00, 0x00, 0x00, 0x00, 0xff, 0xff, 0xff, 0xff, 0xca, 0x00, 0xff, 0xff
    .byte 0x01, 0x00, 0xff, 0xff, 0xff, 0xff, 0xff, 0xff, 0x00, 0x00, 0x04, 0x00, 0xf4, 0xd8, 0x0c, 0x00
    .byte 0x00, 0x00, 0x00, 0x00, 0x02, 0x00, 0x3f, 0x00, 0x00, 0x10, 0x00, 0x00, 0x01, 0x10, 0x00, 0x00
    .byte 0x02, 0x10, 0x00, 0x00, 0x01, 0x00, 0x1c, 0x0c, 0x00, 0x00, 0x00, 0x00, 0x00, 0x00, 0xf0, 0xff
    .byte 0xcf, 0xff, 0x10, 0x00, 0x07, 0x00, 0xf0, 0x00, 0x08, 0x02, 0x00, 0x00, 0x08, 0x00, 0x01, 0x00
    .byte 0x00, 0x00, 0x00, 0x00, 0x00, 0x13, 0x00, 0x00, 0x00, 0x00, 0x00, 0x00, 0x00, 0x00, 0x00, 0x00
    .byte 0x01, 0x00, 0x00, 0x00, 0x00, 0x00, 0x00, 0x00, 0x00, 0x00, 0x00, 0x00, 0xff, 0xff, 0xff, 0xff
    .byte 0xca, 0x00, 0xff, 0xff, 0x01, 0x00, 0xff, 0xff, 0xff, 0xff, 0xff, 0xff, 0x00, 0x00, 0x04, 0x00
    .byte 0xf4, 0xd8, 0x0c, 0x00, 0x00, 0x00, 0x00, 0x00, 0x02, 0x00, 0x3f, 0x00, 0x00, 0x10, 0x00, 0x00
    .byte 0x01, 0x10, 0x00, 0x00, 0x02, 0x10, 0x00, 0x00, 0x01, 0x00, 0x1c, 0x0c, 0x00, 0x00, 0x00, 0x00
    .byte 0x00, 0x00, 0xf0, 0xff, 0xcf, 0xff, 0x10, 0x00, 0x07, 0x00, 0xf0, 0x00, 0x08, 0x02, 0x00, 0x00
    .byte 0x08, 0x00, 0x01, 0x00, 0x00, 0x00, 0x00, 0x00, 0x00, 0x13, 0x00, 0x00, 0x00, 0x00, 0x00, 0x00
    .byte 0x00, 0x00, 0x00, 0x00, 0x01, 0x00, 0x00, 0x00, 0x00, 0x00, 0x00, 0x00, 0x00, 0x00, 0x00, 0x00
    .byte 0xff, 0xff, 0xff, 0xff, 0xca, 0x00, 0xff, 0xff, 0x01, 0x00, 0xff, 0xff, 0xff, 0xff, 0xff, 0xff
    .byte 0x00, 0x00, 0x04, 0x00, 0xf4, 0xd8, 0x0c, 0x00, 0x00, 0x00, 0x00, 0x00, 0x02, 0x00, 0x43, 0x00
    .byte 0x00, 0x10, 0x00, 0x00, 0x01, 0x10, 0x00, 0x00, 0x02, 0x10, 0x00, 0x00, 0x01, 0x00, 0x1c, 0x0c
    .byte 0x00, 0x00, 0x00, 0x00, 0x00, 0x00, 0xf0, 0xff, 0xcf, 0xff, 0x10, 0x00, 0x07, 0x00, 0xf0, 0x00
    .byte 0x08, 0x02, 0x00, 0x00, 0x08, 0x00, 0x01, 0x00, 0x00, 0x00, 0x00, 0x00, 0x00, 0x13, 0x00, 0x00
    .byte 0x00, 0x00, 0x00, 0x00, 0x00, 0x00, 0x00, 0x00, 0x01, 0x00, 0x00, 0x00, 0x00, 0x00, 0x00, 0x00
    .byte 0x00, 0x00, 0x00, 0x00, 0xff, 0xff, 0xff, 0xff, 0xca, 0x00, 0xff, 0xff, 0xff, 0xff, 0xff, 0xff
    .byte 0xff, 0xff, 0xff, 0xff, 0x00, 0x00, 0x04, 0x00, 0xf4, 0xd8, 0x0c, 0x00, 0x00, 0x00, 0x00, 0x00
    .byte 0x02, 0x00, 0x43, 0x00, 0x00, 0x10, 0x00, 0x00, 0x01, 0x10, 0x00, 0x00, 0x02, 0x10, 0x00, 0x00
    .byte 0x01, 0x00, 0x1c, 0x0c, 0x00, 0x00, 0x00, 0x00, 0x00, 0x00, 0xf0, 0xff, 0xcf, 0xff, 0x10, 0x00
    .byte 0x07, 0x00, 0xf0, 0x00, 0x08, 0x02, 0x00, 0x00, 0x08, 0x00, 0x01, 0x00, 0x00, 0x00, 0x00, 0x00
    .byte 0x00, 0x13, 0x00, 0x00, 0x00, 0x00, 0x00, 0x00, 0x00, 0x00, 0x00, 0x00, 0x01, 0x00, 0x00, 0x00
    .byte 0x00, 0x00, 0x00, 0x00, 0x00, 0x00, 0x00, 0x00, 0xff, 0xff, 0xff, 0xff, 0xca, 0x00, 0xff, 0xff
    .byte 0xff, 0xff, 0xff, 0xff, 0xff, 0xff, 0xff, 0xff, 0x00, 0x00, 0x04, 0x00, 0xf4, 0xd8, 0x0c, 0x00
    .byte 0x00, 0x00, 0x00, 0x00, 0x02, 0x00, 0x43, 0x00, 0x00, 0x10, 0x00, 0x00, 0x01, 0x10, 0x00, 0x00
    .byte 0x02, 0x10, 0x00, 0x00, 0x01, 0x00, 0x1c, 0x0c, 0x00, 0x00, 0x00, 0x00, 0x00, 0x00, 0xf0, 0xff
    .byte 0xcf, 0xff, 0x10, 0x00, 0x07, 0x00, 0xf0, 0x00, 0x08, 0x02, 0x00, 0x00, 0x08, 0x00, 0x01, 0x00
    .byte 0x00, 0x00, 0x00, 0x00, 0x00, 0x13, 0x00, 0x00, 0x00, 0x00, 0x00, 0x00, 0x00, 0x00, 0x00, 0x00
    .byte 0x01, 0x00, 0x00, 0x00, 0x00, 0x00, 0x00, 0x00, 0x00, 0x00, 0x00, 0x00, 0xff, 0xff, 0xff, 0xff
    .byte 0xca, 0x00, 0xff, 0xff, 0xff, 0xff, 0xff, 0xff, 0xff, 0xff, 0xff, 0xff, 0x00, 0x00, 0x04, 0x00
    .byte 0xf4, 0xd8, 0x0c, 0x00, 0x00, 0x00, 0x00, 0x00, 0x02, 0x00, 0x43, 0x00, 0x00, 0x10, 0x00, 0x00
    .byte 0x01, 0x10, 0x00, 0x00, 0x02, 0x10, 0x00, 0x00, 0x01, 0x00, 0x1c, 0x0c, 0x00, 0x00, 0x00, 0x00
    .byte 0x00, 0x00, 0xf0, 0xff, 0xcf, 0xff, 0x10, 0x00, 0x07, 0x00, 0xf0, 0x00, 0x08, 0x02, 0x00, 0x00
    .byte 0x08, 0x00, 0x01, 0x00, 0x00, 0x00, 0x00, 0x00, 0x00, 0x13, 0x00, 0x00, 0x00, 0x00, 0x00, 0x00
    .byte 0x00, 0x00, 0x00, 0x00, 0x01, 0x00, 0x00, 0x00, 0x00, 0x00, 0x00, 0x00, 0x00, 0x00, 0x00, 0x00
    .byte 0xff, 0xff, 0xff, 0xff, 0xca, 0x00, 0xff, 0xff, 0xff, 0xff, 0xff, 0xff, 0xff, 0xff, 0xff, 0xff
    .byte 0x00, 0x00, 0x04, 0x00, 0xf4, 0xd8, 0x0c, 0x00, 0x00, 0x00, 0x00, 0x00, 0x02, 0x00, 0x43, 0x00
    .byte 0x00, 0x10, 0x00, 0x00, 0x01, 0x10, 0x00, 0x00, 0x02, 0x10, 0x00, 0x00, 0x01, 0x00, 0x1c, 0x0c
    .byte 0x00, 0x00, 0x00, 0x00, 0x00, 0x00, 0xf0, 0xff, 0xcf, 0xff, 0x10, 0x00, 0x07, 0x00, 0xf0, 0x00
    .byte 0x08, 0x02, 0x00, 0x00, 0x08, 0x00, 0x01, 0x00, 0x00, 0x00, 0x00, 0x00, 0x00, 0x13, 0x00, 0x00
    .byte 0x00, 0x00, 0x00, 0x00, 0x00, 0x00, 0x00, 0x00, 0x01, 0x00, 0x00, 0x00, 0x00, 0x00, 0x00, 0x00
    .byte 0x00, 0x00, 0x00, 0x00, 0xff, 0xff, 0xff, 0xff, 0xca, 0x00, 0xff, 0xff, 0xff, 0xff, 0xff, 0xff
    .byte 0xff, 0xff, 0xff, 0xff, 0x00, 0x00, 0x04, 0x00, 0xf4, 0xd8, 0x0c, 0x00, 0x00, 0x00, 0x00, 0x00
    .byte 0x02, 0x00, 0x43, 0x00, 0x00, 0x10, 0x00, 0x00, 0x01, 0x10, 0x00, 0x00, 0x02, 0x10, 0x00, 0x00
    .byte 0x01, 0x00, 0x1c, 0x0c, 0x00, 0x00, 0x00, 0x00, 0x00, 0x00, 0xf0, 0xff, 0xcf, 0xff, 0x10, 0x00
    .byte 0x07, 0x00, 0xf0, 0x00, 0x08, 0x02, 0x00, 0x00, 0x08, 0x00, 0x01, 0x00, 0x00, 0x00, 0x00, 0x00
    .byte 0x00, 0x13, 0x00, 0x00, 0x00, 0x00, 0x00, 0x00, 0x00, 0x00, 0x00, 0x00, 0x01, 0x00, 0x00, 0x00
    .byte 0x00, 0x00, 0x00, 0x00, 0x00, 0x00, 0x00, 0x00, 0xff, 0xff, 0xff, 0xff, 0xca, 0x00, 0xff, 0xff
    .byte 0xff, 0xff, 0xff, 0xff, 0xff, 0xff, 0xff, 0xff, 0x00, 0x00, 0x04, 0x00, 0xf4, 0xd8, 0x0c, 0x00
    .byte 0x00, 0x00, 0x00, 0x00, 0x08, 0x00, 0x00, 0x00, 0x00, 0x10, 0x00, 0x00, 0x01, 0x10, 0x00, 0x00
    .byte 0x02, 0x10, 0x00, 0x00, 0x02, 0x00, 0x0c, 0x08, 0x00, 0x00, 0x00, 0x00, 0x00, 0x00, 0xf0, 0xff
    .byte 0xcf, 0xff, 0x10, 0x00, 0x07, 0x00, 0x68, 0x03, 0x08, 0x01, 0x00, 0x00, 0x02, 0x00, 0x00, 0x00
    .byte 0x00, 0x00, 0x00, 0x00, 0x00, 0x00, 0x00, 0x00, 0x00, 0x00, 0x00, 0x00, 0x00, 0x00, 0x00, 0x00
    .byte 0xff, 0xff, 0x00, 0x00, 0x00, 0x00, 0x00, 0x00, 0x00, 0x00, 0x00, 0x00, 0xff, 0xff, 0xff, 0xff
    .byte 0xff, 0xff, 0xff, 0xff, 0x00, 0x00, 0xff, 0xff, 0xff, 0xff, 0xff, 0xff, 0x00, 0x00, 0x00, 0x00
    .byte 0xf4, 0xd8, 0x0c, 0x00, 0x00, 0x00, 0x00, 0x00, 0x08, 0x00, 0x01, 0x00, 0x00, 0x10, 0x00, 0x00
    .byte 0x01, 0x10, 0x00, 0x00, 0x02, 0x10, 0x00, 0x00, 0x02, 0x00, 0x0c, 0x08, 0x00, 0x00, 0x00, 0x00
    .byte 0x00, 0x00, 0xf0, 0xff, 0xcf, 0xff, 0x10, 0x00, 0x07, 0x00, 0x28, 0x03, 0xe0, 0x01, 0x00, 0x00
    .byte 0x02, 0x00, 0x00, 0x00, 0x00, 0x00, 0x00, 0x00, 0x00, 0x00, 0x00, 0x00, 0x00, 0x00, 0x00, 0x00
    .byte 0x00, 0x00, 0x00, 0x00, 0xff, 0xff, 0x00, 0x00, 0x00, 0x00, 0x00, 0x00, 0x00, 0x00, 0x00, 0x00
    .byte 0xff, 0xff, 0xff, 0xff, 0xff, 0xff, 0xff, 0xff, 0x00, 0x00, 0xff, 0xff, 0xff, 0xff, 0xff, 0xff
    .byte 0x00, 0x00, 0x00, 0x00, 0xf4, 0xd8, 0x0c, 0x00, 0x00, 0x00, 0x00, 0x00, 0x06, 0x00, 0x00, 0x00
    .byte 0x00, 0x10, 0x00, 0x00, 0x01, 0x10, 0x00, 0x00, 0x02, 0x10, 0x00, 0x00, 0x02, 0x00, 0x0c, 0x08
    .byte 0x00, 0x00, 0x00, 0x00, 0x00, 0x00, 0xf0, 0xff, 0xcf, 0xff, 0x10, 0x00, 0x07, 0x00, 0x00, 0xfe
    .byte 0x00, 0xfe, 0x00, 0x00, 0x00, 0x80, 0x00, 0x00, 0xb5, 0x16, 0x22, 0x02, 0x00, 0x00, 0x00, 0x00
    .byte 0x00, 0x00, 0x00, 0x00, 0x00, 0x00, 0x00, 0x00, 0xff, 0xff, 0x00, 0x00, 0x00, 0x00, 0x00, 0x00
    .byte 0x00, 0x00, 0x00, 0x00, 0xff, 0xff, 0xff, 0xff, 0xff, 0xff, 0xff, 0xff, 0x00, 0x00, 0x32, 0x00
    .byte 0xff, 0xff, 0xff, 0xff, 0x00, 0x00, 0x00, 0x00, 0xf4, 0xd8, 0x0c, 0x00, 0x00, 0x00, 0x00, 0x00
    .byte 0x00, 0x00, 0x00, 0x00, 0x00, 0x00, 0x00, 0x00, 0x00, 0x00, 0x00, 0x00, 0x00, 0x00, 0x00, 0x00
    .byte 0x00, 0x00, 0x00, 0x00, 0x00, 0x00, 0x00, 0x00, 0x00, 0x00, 0x00, 0x00, 0x00, 0x00, 0x00, 0x00
    .byte 0x00, 0x00, 0x00, 0x00, 0x00, 0x00, 0x00, 0x00, 0x00, 0x00, 0x00, 0x00, 0x00, 0x00, 0x00, 0x00
    .byte 0x00, 0x00, 0x00, 0x00, 0x00, 0x00, 0x00, 0x00, 0x00, 0x00, 0x00, 0x00, 0x00, 0x00, 0x00, 0x00
    .byte 0x00, 0x00, 0x00, 0x00, 0x00, 0x00, 0x00, 0x00, 0x00, 0x00, 0x00, 0x00, 0x00, 0x00, 0x00, 0x00
    .byte 0x00, 0x00, 0x00, 0x00, 0x00, 0x00, 0x00, 0x00, 0x00, 0x00, 0x00, 0x00, 0x00, 0x00, 0x00, 0x00
    .byte 0x00, 0x00, 0x00, 0x00, 0x2c, 0x62, 0x10, 0x00, 0x00, 0x2c, 0x01, 0x10, 0x00, 0x00, 0x2c, 0x63
    .byte 0x10, 0x00, 0x00, 0x2c, 0x02, 0x00, 0x00, 0x00, 0x2c, 0x10, 0x00, 0x00, 0x00, 0x15, 0x73, 0x20
    .byte 0x00, 0x00, 0x15, 0x55, 0x20, 0x00, 0x00, 0x2c, 0x61, 0x00, 0x00, 0x00, 0x15, 0xe0, 0x2c, 0x3c
    .byte 0x00, 0x00, 0x00, 0x15, 0x07, 0x15, 0x08, 0x00, 0x15, 0x28, 0x2c, 0x00, 0x10, 0x00, 0x00, 0x2c
    .byte 0x01, 0x10, 0x00, 0x00, 0x2c, 0x02, 0x10, 0x00, 0x00, 0x2c, 0x02, 0x00, 0x00, 0x00, 0x20, 0x00
    .byte 0x00, 0x15, 0x73, 0x2c, 0x01, 0x00, 0x00, 0x00, 0x15, 0x25, 0x2c, 0x12, 0x00, 0x00, 0x00, 0x20
    .byte 0x00, 0x00, 0x15, 0x32, 0x2d, 0x58, 0x2c, 0x07, 0x00, 0x00, 0x00, 0x15, 0x47, 0x18, 0x70, 0x17
    .byte 0x00, 0x2d, 0x58, 0x2c, 0x08, 0x00, 0x00, 0x00, 0x15, 0x47, 0x18, 0x70, 0x17, 0x00, 0x15, 0x1e
    .byte 0x18, 0x70, 0x17, 0x00, 0x15, 0x75, 0x20, 0x00, 0x00, 0x15, 0x06, 0x00, 0x15, 0xa2, 0x00, 0x2c
    .byte 0x01, 0x00, 0x00, 0x00, 0x15, 0x09, 0x00, 0x20, 0x00, 0x00, 0x15, 0x09, 0x00, 0x15, 0x0d, 0x00
    .byte 0x00, 0x20, 0x00, 0x00, 0x15, 0x17, 0x00, 0x2c, 0x01, 0x00, 0x00, 0x00, 0x15, 0x25, 0x00, 0x20
    .byte 0x00, 0x00, 0x15, 0x25, 0x00, 0x20, 0x00, 0x00, 0x20, 0x00, 0x00, 0x20, 0x00, 0x00, 0x15, 0x02
    .byte 0x20, 0x00, 0x00, 0x15, 0x3d, 0x20, 0x00, 0x00, 0x15, 0x09, 0x00, 0x20, 0x00, 0x00, 0x15, 0x18
    .byte 0x20, 0x00, 0x00, 0x15, 0x19, 0x20, 0x00, 0x00, 0x15, 0x09, 0x00, 0x2c, 0x0c, 0xfe, 0xff, 0xff
    .byte 0x2c, 0x0c, 0xfe, 0xff, 0xff, 0x20, 0x00, 0x00, 0x15, 0x02, 0x20, 0x00, 0x00, 0x15, 0x09, 0x00
    .byte 0x15, 0x2c, 0x00, 0x20, 0x00, 0x00, 0x15, 0x17, 0x2c, 0x00, 0x10, 0x00, 0x00, 0x2c, 0x01, 0x10
    .byte 0x00, 0x00, 0x2c, 0x02, 0x10, 0x00, 0x00, 0x2c, 0x02, 0x00, 0x00, 0x00, 0x20, 0x00, 0x00, 0x15
    .byte 0x73, 0x2c, 0x01, 0x00, 0x00, 0x00, 0x15, 0x09, 0x20, 0x00, 0x00, 0x15, 0x75, 0x00, 0x2c, 0x06
    .byte 0x00, 0x00, 0x00, 0x20, 0x00, 0x00, 0x20, 0x00, 0x00, 0x20, 0x00, 0x00, 0x15, 0xcd, 0x00, 0x22
    .byte 0x2c, 0x15, 0x00, 0x00, 0x00, 0x2c, 0x9e, 0x00, 0x00, 0x00, 0x2c, 0x7f, 0x00, 0x00, 0x00, 0x15
    .byte 0x0a, 0x2c, 0x03, 0x10, 0x00, 0x00, 0x2c, 0x01, 0x10, 0x00, 0x00, 0x2c, 0x04, 0x10, 0x00, 0x00
    .byte 0x2c, 0x02, 0x00, 0x00, 0x00, 0x2c, 0x18, 0x00, 0x00, 0x00, 0x15, 0x73, 0x2c, 0x00, 0x01, 0x00
    .byte 0x00, 0x15, 0x17, 0x2c, 0x01, 0x00, 0x00, 0x00, 0x15, 0x06, 0x2c, 0x01, 0x00, 0x00, 0x00, 0x15
    .byte 0x09, 0x2c, 0x13, 0x00, 0x00, 0x00, 0x20, 0x00, 0x00, 0x20, 0x00, 0x00, 0x2c, 0x30, 0x00, 0x00
    .byte 0x00, 0x20, 0x00, 0x00, 0x20, 0x00, 0x00, 0x20, 0x00, 0x00, 0x15, 0x53, 0x15, 0x46, 0x15, 0x8b
    .byte 0x18, 0x70, 0x32, 0x00, 0x00, 0x00, 0x00, 0x00, 0x13, 0x12, 0xec, 0x21, 0x02, 0x01, 0xfe, 0xeb
    .byte 0x21, 0x02, 0x2c, 0x93, 0x00, 0x00, 0x00, 0x2c, 0x01, 0x00, 0x00, 0x00, 0x20, 0x00, 0x00, 0x20
    .byte 0x00, 0x00, 0x15, 0xb8, 0x15, 0x5a, 0x20, 0x00, 0x00, 0x15, 0x75, 0x2c, 0x85, 0x03, 0x00, 0x00
    .byte 0x15, 0x36, 0x2c, 0x2b, 0x00, 0x00, 0x00, 0x15, 0x05, 0x2c, 0x01, 0x00, 0x00, 0x00, 0x15, 0x06
    .byte 0x2c, 0x5a, 0x00, 0x00, 0x00, 0x15, 0x07, 0x15, 0x08, 0x2c, 0xe0, 0x03, 0x00, 0x00, 0x15, 0x37
    .byte 0x18, 0x70, 0x32, 0x00, 0x00, 0x00, 0x00, 0x00, 0x14, 0x62, 0xec, 0x21, 0x02, 0x01, 0x49, 0xec
    .byte 0x21, 0x02, 0x00, 0x20, 0x00, 0x00, 0x15, 0x75, 0x2c, 0x00, 0x01, 0x00, 0x00, 0x15, 0x17, 0x2c
    .byte 0x0f, 0x10, 0x00, 0x00, 0x2c, 0x01, 0x10, 0x00, 0x00, 0x2c, 0x10, 0x10, 0x00, 0x00, 0x2c, 0x02
    .byte 0x00, 0x00, 0x00, 0x2c, 0x21, 0x00, 0x00, 0x00, 0x15, 0x73, 0x15, 0x16, 0x15, 0x46, 0x29, 0x00
    .byte 0x66, 0x32, 0x00, 0x01, 0x00, 0x00, 0x00, 0x13, 0xaa, 0xec, 0x21, 0x02, 0x29, 0x00, 0x66, 0x32
    .byte 0x00, 0x08, 0x00, 0x00, 0x00, 0x14, 0x2f, 0xed, 0x21, 0x02, 0x2c, 0x03, 0x00, 0x00, 0x00, 0x38
    .byte 0x00, 0x20, 0x00, 0x00, 0x20, 0x00, 0x00, 0x20, 0x00, 0x00, 0x20, 0x00, 0x00, 0x20, 0x00, 0x00
    .byte 0x15, 0x53, 0x2c, 0x01, 0x00, 0x00, 0x00, 0x38, 0x00, 0x15, 0x85, 0x37, 0x00, 0x00, 0x32, 0x00
    .byte 0x01, 0x00, 0x00, 0x00, 0x14, 0x04, 0xed, 0x21, 0x02, 0x15, 0x8b, 0x18, 0x70, 0x32, 0x00, 0x00
    .byte 0x00, 0x00, 0x00, 0x13, 0xed, 0xec, 0x21, 0x02, 0x01, 0xd9, 0xec, 0x21, 0x02, 0x2c, 0x20, 0x03
    .byte 0x00, 0x00, 0x2c, 0x01, 0x00, 0x00, 0x00, 0x20, 0x00, 0x00, 0x20, 0x00, 0x00, 0x15, 0xb8, 0x25
    .byte 0x2a, 0xed, 0x21, 0x02, 0x15, 0x8b, 0x18, 0x70, 0x32, 0x00, 0x00, 0x00, 0x00, 0x00, 0x13, 0x18
    .byte 0xed, 0x21, 0x02, 0x01, 0x04, 0xed, 0x21, 0x02, 0x2c, 0xe1, 0x02, 0x00, 0x00, 0x2c, 0x01, 0x00
    .byte 0x00, 0x00, 0x20, 0x00, 0x00, 0x20, 0x00, 0x00, 0x15, 0xb8, 0x25, 0x92, 0xee, 0x21, 0x02, 0x29
    .byte 0x00, 0x66, 0x32, 0x00, 0x03, 0x00, 0x00, 0x00, 0x13, 0x4b, 0xed, 0x21, 0x02, 0x29, 0x00, 0x66
    .byte 0x32, 0x00, 0x09, 0x00, 0x00, 0x00, 0x14, 0x8f, 0xed, 0x21, 0x02, 0x2c, 0x04, 0x00, 0x00, 0x00
    .byte 0x2c, 0x03, 0x00, 0x00, 0x00, 0x2d, 0xd9, 0x2d, 0x63, 0x20, 0x00, 0x00, 0x20, 0x00, 0x00, 0x20
    .byte 0x00, 0x00, 0x15, 0x53, 0x15, 0x8b, 0x18, 0x70, 0x32, 0x00, 0x00, 0x00, 0x00, 0x00, 0x13, 0x78
    .byte 0xed, 0x21, 0x02, 0x01, 0x64, 0xed, 0x21, 0x02, 0x2c, 0x01, 0x00, 0x00, 0x00, 0x2c, 0x01, 0x00
    .byte 0x00, 0x00, 0x20, 0x00, 0x00, 0x20, 0x00, 0x00, 0x15, 0xb8, 0x25, 0x92, 0xee, 0x21, 0x02, 0x29
    .byte 0x00, 0x66, 0x32, 0x00, 0x04, 0x00, 0x00, 0x00, 0x14, 0xea, 0xed, 0x21, 0x02, 0x2c, 0x04, 0x00
    .byte 0x00, 0x00, 0x2c, 0x03, 0x00, 0x00, 0x00, 0x2c, 0x3d, 0x00, 0x00, 0x00, 0x2d, 0x63, 0x20, 0x00
    .byte 0x00, 0x20, 0x00, 0x00, 0x20, 0x00, 0x00, 0x15, 0x53, 0x29, 0x00, 0xd9, 0x26, 0x00, 0xc0, 0x15
    .byte 0x8b, 0x18, 0x70, 0x32, 0x00, 0x00, 0x00, 0x00, 0x00, 0x13, 0xd3, 0xed, 0x21, 0x02, 0x01, 0xbf
    .byte 0xed, 0x21, 0x02, 0x2c, 0x02, 0x00, 0x00, 0x00, 0x2c, 0x01, 0x00, 0x00, 0x00, 0x20, 0x00, 0x00
    .byte 0x20, 0x00, 0x00, 0x15, 0xb8, 0x25, 0x92, 0xee, 0x21, 0x02, 0x29, 0x00, 0x66, 0x32, 0x00, 0x0a
    .byte 0x00, 0x00, 0x00, 0x14, 0x58, 0xee, 0x21, 0x02, 0x29, 0x00, 0xd9, 0x26, 0x00, 0xbe, 0x15, 0x8b
    .byte 0x18, 0x70, 0x32, 0x00, 0x00, 0x00, 0x00, 0x00, 0x13, 0x12, 0xee, 0x21, 0x02, 0x01, 0xfe, 0xed
    .byte 0x21, 0x02, 0x2c, 0x46, 0x00, 0x00, 0x00, 0x2c, 0x01, 0x00, 0x00, 0x00, 0x20, 0x00, 0x00, 0x20
    .byte 0x00, 0x00, 0x15, 0xb8, 0x15, 0x5a, 0x2c, 0x97, 0x03, 0x00, 0x00, 0x15, 0x37, 0x18, 0x70, 0x32
    .byte 0x00, 0x00, 0x00, 0x00, 0x00, 0x14, 0x4b, 0xee, 0x21, 0x02, 0x2c, 0xb4, 0x03, 0x00, 0x00, 0x15
    .byte 0x35, 0x2c, 0x08, 0x00, 0x00, 0x00, 0x20, 0x00, 0x00, 0x15, 0x78, 0x2c, 0x97, 0x03, 0x00, 0x00
    .byte 0x15, 0x35, 0x00, 0x25, 0x92, 0xee, 0x21, 0x02, 0x29, 0x00, 0x66, 0x32, 0x00, 0x0b, 0x00, 0x00
    .byte 0x00, 0x14, 0x92, 0xee, 0x21, 0x02, 0x29, 0x00, 0xd9, 0x26, 0x00, 0xbe, 0x15, 0x8b, 0x18, 0x70
    .byte 0x32, 0x00, 0x00, 0x00, 0x00, 0x00, 0x13, 0x80, 0xee, 0x21, 0x02, 0x01, 0x6c, 0xee, 0x21, 0x02
    .byte 0x2c, 0x57, 0x02, 0x00, 0x00, 0x2c, 0x01, 0x00, 0x00, 0x00, 0x20, 0x00, 0x00, 0x20, 0x00, 0x00
    .byte 0x15, 0xb8, 0x15, 0x5a, 0x00, 0x20, 0x00, 0x00, 0x2c, 0xb7, 0xee, 0x21, 0x02, 0x15, 0x39, 0x20
    .byte 0x00, 0x00, 0x15, 0x42, 0x18, 0x70, 0x32, 0x00, 0x00, 0x00, 0x00, 0x00, 0x14, 0xb6, 0xee, 0x21
    .byte 0x02, 0x01, 0x9f, 0xee, 0x21, 0x02, 0x22, 0x2c, 0x15, 0x00, 0x00, 0x00, 0x2c, 0x9d, 0x00, 0x00
    .byte 0x00, 0x2c, 0x7f, 0x00, 0x00, 0x00, 0x15, 0x0a, 0x2c, 0x00, 0x01, 0x00, 0x00, 0x15, 0x17, 0x2c
    .byte 0x0f, 0x10, 0x00, 0x00, 0x2c, 0x01, 0x10, 0x00, 0x00, 0x2c, 0x10, 0x10, 0x00, 0x00, 0x2c, 0x02
    .byte 0x00, 0x00, 0x00, 0x2c, 0x21, 0x00, 0x00, 0x00, 0x15, 0x73, 0x2c, 0x21, 0x00, 0x00, 0x00, 0x15
    .byte 0x05, 0x15, 0x16, 0x00, 0x20, 0x00, 0x00, 0x2c, 0x16, 0xef, 0x21, 0x02, 0x15, 0x39, 0x20, 0x00
    .byte 0x00, 0x15, 0x42, 0x18, 0x70, 0x32, 0x00, 0x00, 0x00, 0x00, 0x00, 0x14, 0x15, 0xef, 0x21, 0x02
    .byte 0x01, 0xfe, 0xee, 0x21, 0x02, 0x22, 0x2c, 0x15, 0x00, 0x00, 0x00, 0x2c, 0x9c, 0x00, 0x00, 0x00
    .byte 0x2c, 0x7f, 0x00, 0x00, 0x00, 0x15, 0x0a, 0x2c, 0x00, 0x01, 0x00, 0x00, 0x15, 0x17, 0x2c, 0x0f
    .byte 0x10, 0x00, 0x00, 0x2c, 0x01, 0x10, 0x00, 0x00, 0x2c, 0x10, 0x10, 0x00, 0x00, 0x2c, 0x02, 0x00
    .byte 0x00, 0x00, 0x2c, 0x21, 0x00, 0x00, 0x00, 0x15, 0x73, 0x2c, 0x21, 0x00, 0x00, 0x00, 0x15, 0x05
    .byte 0x15, 0x16, 0x00, 0x2c, 0x00, 0x10, 0x00, 0x00, 0x2c, 0x01, 0x10, 0x00, 0x00, 0x2c, 0x02, 0x10
    .byte 0x00, 0x00, 0x2c, 0x02, 0x00, 0x00, 0x00, 0x20, 0x00, 0x00, 0x15, 0x73, 0x2c, 0x01, 0x00, 0x00
    .byte 0x00, 0x15, 0x25, 0x2c, 0x12, 0x00, 0x00, 0x00, 0x20, 0x00, 0x00, 0x15, 0x32, 0x2d, 0xd2, 0x2c
    .byte 0x07, 0x00, 0x00, 0x00, 0x15, 0x47, 0x18, 0x70, 0x17, 0x00, 0x2d, 0xd2, 0x2c, 0x08, 0x00, 0x00
    .byte 0x00, 0x15, 0x47, 0x18, 0x70, 0x17, 0x00, 0x15, 0x1e, 0x18, 0x70, 0x17, 0x00, 0x15, 0x75, 0x20
    .byte 0x00, 0x00, 0x15, 0x06, 0x00, 0x2c, 0x01, 0x00, 0x00, 0x00, 0x15, 0x09, 0x2c, 0x00, 0x10, 0x00
    .byte 0x00, 0x2c, 0x01, 0x10, 0x00, 0x00, 0x2c, 0x02, 0x10, 0x00, 0x00, 0x2c, 0x02, 0x00, 0x00, 0x00
    .byte 0x20, 0x00, 0x00, 0x15, 0x73, 0x20, 0x00, 0x00, 0x15, 0x75, 0x00, 0x2c, 0x00, 0x10, 0x00, 0x00
    .byte 0x2c, 0x01, 0x10, 0x00, 0x00, 0x2c, 0x02, 0x10, 0x00, 0x00, 0x2c, 0x02, 0x00, 0x00, 0x00, 0x20
    .byte 0x00, 0x00, 0x15, 0x73, 0x2c, 0x12, 0x00, 0x00, 0x00, 0x2c, 0x08, 0x00, 0x00, 0x00, 0x15, 0x32
    .byte 0x2d, 0x02, 0x2c, 0x07, 0x00, 0x00, 0x00, 0x15, 0x47, 0x18, 0x70, 0x17, 0x00, 0x2d, 0x02, 0x2c
    .byte 0x08, 0x00, 0x00, 0x00, 0x15, 0x47, 0x18, 0x70, 0x17, 0x00, 0x15, 0x1e, 0x18, 0x70, 0x17, 0x00
    .byte 0x15, 0x75, 0x20, 0x00, 0x00, 0x15, 0x06, 0x2c, 0x01, 0x00, 0x00, 0x00, 0x15, 0x07, 0x15, 0x08
    .byte 0x25, 0xf0, 0xef, 0x21, 0x02, 0x00, 0x2c, 0x00, 0x10, 0x00, 0x00, 0x2c, 0x01, 0x10, 0x00, 0x00
    .byte 0x2c, 0x02, 0x10, 0x00, 0x00, 0x2c, 0x02, 0x00, 0x00, 0x00, 0x2c, 0x1e, 0x00, 0x00, 0x00, 0x15
    .byte 0x73, 0x2c, 0x01, 0x00, 0x00, 0x00, 0x15, 0x06, 0x2c, 0x3c, 0x00, 0x00, 0x00, 0x15, 0x07, 0x15
    .byte 0x08, 0x00, 0x2c, 0x0b, 0x10, 0x00, 0x00, 0x2c, 0x01, 0x10, 0x00, 0x00, 0x2c, 0x0c, 0x10, 0x00
    .byte 0x00, 0x2c, 0x02, 0x00, 0x00, 0x00, 0x03, 0x00, 0x08, 0x00, 0x00, 0x00, 0x29, 0x01, 0xff, 0x04
    .byte 0x10, 0x17, 0x00, 0x15, 0x73, 0x00, 0x2c, 0x00, 0x10, 0x00, 0x00, 0x2c, 0x01, 0x10, 0x00, 0x00
    .byte 0x2c, 0x02, 0x10, 0x00, 0x00, 0x2c, 0x02, 0x00, 0x00, 0x00, 0x20, 0x00, 0x00, 0x15, 0x73, 0x2c
    .byte 0x01, 0x00, 0x00, 0x00, 0x15, 0x09, 0x20, 0x00, 0x00, 0x15, 0x75, 0x00, 0x21, 0x87, 0x17, 0x22
    .byte 0x02, 0x2c, 0x0d, 0x00, 0x00, 0x00, 0x20, 0x00, 0x00, 0x2c, 0xff, 0xff, 0xff, 0xff, 0x2c, 0xff
    .byte 0xff, 0xff, 0xff, 0x2c, 0xff, 0xff, 0xff, 0xff, 0x15, 0xdc, 0x2c, 0x6d, 0xf1, 0x21, 0x02, 0x15
    .byte 0x4d, 0x29, 0x00, 0xfd, 0x32, 0x00, 0x00, 0x00, 0x00, 0x00, 0x14, 0x23, 0xf1, 0x21, 0x02, 0x2c
    .byte 0xff, 0xe0, 0xf5, 0x05, 0x15, 0xaa, 0x2c, 0xf4, 0x00, 0x00, 0x00, 0x2c, 0x01, 0x00, 0x00, 0x00
    .byte 0x2c, 0x01, 0x00, 0x00, 0x00, 0x15, 0xb3, 0x20, 0x00, 0x00, 0x2c, 0xdb, 0x09, 0x22, 0x02, 0x15
    .byte 0x39, 0x2c, 0x04, 0x00, 0x00, 0x00, 0x2c, 0x6a, 0x00, 0x00, 0x00, 0x15, 0xef, 0x2c, 0x04, 0x00
    .byte 0x00, 0x00, 0x2c, 0x6b, 0x00, 0x00, 0x00, 0x15, 0xef, 0x2c, 0x8b, 0x02, 0x00, 0x00, 0x15, 0x35
    .byte 0x2c, 0x03, 0x00, 0x00, 0x00, 0x2c, 0x69, 0x00, 0x00, 0x00, 0x15, 0xef, 0x2c, 0xa1, 0x02, 0x00
    .byte 0x00, 0x15, 0x35, 0x2c, 0x0f, 0x00, 0x00, 0x00, 0x15, 0x2f, 0x18, 0x70, 0x32, 0x00, 0x01, 0x00
    .byte 0x00, 0x00, 0x14, 0x43, 0xf1, 0x21, 0x02, 0x2c, 0x07, 0x00, 0x00, 0x00, 0x2c, 0x0f, 0x00, 0x00
    .byte 0x00, 0x15, 0xe0, 0x21, 0x87, 0x07, 0x22, 0x02, 0x03, 0x00, 0x00, 0x00, 0x00, 0x00, 0x27, 0x00
    .byte 0x7f, 0x03, 0x00, 0x00, 0x00, 0x00, 0x00, 0x27, 0x00, 0x7e, 0x03, 0x00, 0x00, 0x00, 0x00, 0x00
    .byte 0x27, 0x00, 0x7d, 0x2c, 0x05, 0x00, 0x00, 0x00, 0x15, 0x07, 0x15, 0x08, 0x00, 0x29, 0x00, 0x08
    .byte 0x32, 0x00, 0x01, 0x00, 0x00, 0x00, 0x14, 0x86, 0x07, 0x22, 0x02, 0x29, 0x00, 0x09, 0x09, 0x00
    .byte 0x10, 0x00, 0x00, 0x00, 0x28, 0x00, 0x00, 0x29, 0x00, 0x0a, 0x09, 0x00, 0x10, 0x00, 0x00, 0x00
    .byte 0x28, 0x00, 0x01, 0x2f, 0x00, 0x2f, 0x01, 0x20, 0x00, 0x00, 0x20, 0x00, 0x00, 0x2c, 0x40, 0x00
    .byte 0x00, 0x00, 0x2c, 0x30, 0x00, 0x00, 0x00, 0x15, 0x5d, 0x18, 0x70, 0x14, 0x7f, 0x07, 0x22, 0x02
    .byte 0x2f, 0x00, 0x2f, 0x01, 0x15, 0x56, 0x18, 0x70, 0x13, 0x7f, 0x07, 0x22, 0x02, 0x2c, 0x64, 0x00
    .byte 0x00, 0x00, 0x15, 0x01, 0x18, 0x70, 0x28, 0x00, 0x02, 0x03, 0x00, 0xff, 0xff, 0xff, 0xff, 0x32
    .byte 0x00, 0xff, 0xff, 0xff, 0xff, 0x14, 0x76, 0xfb, 0x21, 0x02, 0x2b, 0x00, 0x02, 0x34, 0x00, 0x03
    .byte 0x00, 0x00, 0x00, 0x14, 0x36, 0xf9, 0x21, 0x02, 0x2d, 0xfe, 0x15, 0x7c, 0x18, 0x70, 0x31, 0x00
    .byte 0x05, 0x00, 0x00, 0x00, 0x14, 0x36, 0xf9, 0x21, 0x02, 0x29, 0x00, 0xfe, 0x35, 0x00, 0x25, 0x00
    .byte 0x00, 0x00, 0x14, 0x36, 0xf9, 0x21, 0x02, 0x29, 0x00, 0xfe, 0x35, 0x00, 0x4f, 0x00, 0x00, 0x00
    .byte 0x14, 0x36, 0xf9, 0x21, 0x02, 0x2d, 0xfe, 0x15, 0x7c, 0x18, 0x70, 0x31, 0x00, 0x08, 0x00, 0x00
    .byte 0x00, 0x14, 0xe4, 0xf6, 0x21, 0x02, 0x2c, 0x02, 0x00, 0x00, 0x00, 0x15, 0x01, 0x18, 0x70, 0x28
    .byte 0x00, 0x02, 0x2b, 0x00, 0x02, 0x32, 0x00, 0x00, 0x00, 0x00, 0x00, 0x14, 0x92, 0xf4, 0x21, 0x02
    .byte 0x29, 0x00, 0xff, 0x32, 0x00, 0x00, 0x00, 0x00, 0x00, 0x14, 0x8c, 0xf2, 0x21, 0x02, 0x2c, 0x01
    .byte 0x00, 0x00, 0x00, 0x2c, 0x65, 0x01, 0x00, 0x00, 0x15, 0x1f, 0x18, 0x70, 0x05, 0x00, 0x00, 0x00
    .byte 0x00, 0x00, 0x17, 0x00, 0x15, 0x20, 0x18, 0x70, 0x05, 0x00, 0x10, 0x00, 0x00, 0x00, 0x17, 0x00
    .byte 0x15, 0x27, 0x18, 0x70, 0x17, 0x00, 0x2c, 0xff, 0xff, 0xff, 0xff, 0x2c, 0xff, 0xff, 0xff, 0xff
    .byte 0x2c, 0xff, 0xff, 0xff, 0xff, 0x15, 0x33, 0x25, 0x8d, 0xf4, 0x21, 0x02, 0x29, 0x00, 0xff, 0x32
    .byte 0x00, 0x01, 0x00, 0x00, 0x00, 0x14, 0xd8, 0xf2, 0x21, 0x02, 0x2c, 0x01, 0x00, 0x00, 0x00, 0x2c
    .byte 0x65, 0x01, 0x00, 0x00, 0x15, 0x1f, 0x18, 0x70, 0x24, 0x00, 0x0c, 0x00, 0x00, 0x00, 0x17, 0x00
    .byte 0x15, 0x20, 0x18, 0x70, 0x05, 0x00, 0x0c, 0x00, 0x00, 0x00, 0x17, 0x00, 0x15, 0x27, 0x18, 0x70
    .byte 0x17, 0x00, 0x2c, 0xff, 0xff, 0xff, 0xff, 0x2c, 0xff, 0xff, 0xff, 0xff, 0x2c, 0xff, 0xff, 0xff
    .byte 0xff, 0x15, 0x33, 0x25, 0x8d, 0xf4, 0x21, 0x02, 0x29, 0x00, 0xff, 0x32, 0x00, 0x02, 0x00, 0x00
    .byte 0x00, 0x14, 0x24, 0xf3, 0x21, 0x02, 0x2c, 0x01, 0x00, 0x00, 0x00, 0x2c, 0x65, 0x01, 0x00, 0x00
    .byte 0x15, 0x1f, 0x18, 0x70, 0x24, 0x00, 0x10, 0x00, 0x00, 0x00, 0x17, 0x00, 0x15, 0x20, 0x18, 0x70
    .byte 0x05, 0x00, 0x00, 0x00, 0x00, 0x00, 0x17, 0x00, 0x15, 0x27, 0x18, 0x70, 0x17, 0x00, 0x2c, 0xff
    .byte 0xff, 0xff, 0xff, 0x2c, 0xff, 0xff, 0xff, 0xff, 0x2c, 0xff, 0xff, 0xff, 0xff, 0x15, 0x33, 0x25
    .byte 0x8d, 0xf4, 0x21, 0x02, 0x29, 0x00, 0xff, 0x32, 0x00, 0x03, 0x00, 0x00, 0x00, 0x14, 0x70, 0xf3
    .byte 0x21, 0x02, 0x2c, 0x01, 0x00, 0x00, 0x00, 0x2c, 0x65, 0x01, 0x00, 0x00, 0x15, 0x1f, 0x18, 0x70
    .byte 0x24, 0x00, 0x0c, 0x00, 0x00, 0x00, 0x17, 0x00, 0x15, 0x20, 0x18, 0x70, 0x24, 0x00, 0x0c, 0x00
    .byte 0x00, 0x00, 0x17, 0x00, 0x15, 0x27, 0x18, 0x70, 0x17, 0x00, 0x2c, 0xff, 0xff, 0xff, 0xff, 0x2c
    .byte 0xff, 0xff, 0xff, 0xff, 0x2c, 0xff, 0xff, 0xff, 0xff, 0x15, 0x33, 0x25, 0x8d, 0xf4, 0x21, 0x02
    .byte 0x29, 0x00, 0xff, 0x32, 0x00, 0x04, 0x00, 0x00, 0x00, 0x14, 0xbc, 0xf3, 0x21, 0x02, 0x2c, 0x01
    .byte 0x00, 0x00, 0x00, 0x2c, 0x65, 0x01, 0x00, 0x00, 0x15, 0x1f, 0x18, 0x70, 0x05, 0x00, 0x00, 0x00
    .byte 0x00, 0x00, 0x17, 0x00, 0x15, 0x20, 0x18, 0x70, 0x24, 0x00, 0x10, 0x00, 0x00, 0x00, 0x17, 0x00
    .byte 0x15, 0x27, 0x18, 0x70, 0x17, 0x00, 0x2c, 0xff, 0xff, 0xff, 0xff, 0x2c, 0xff, 0xff, 0xff, 0xff
    .byte 0x2c, 0xff, 0xff, 0xff, 0xff, 0x15, 0x33, 0x25, 0x8d, 0xf4, 0x21, 0x02, 0x29, 0x00, 0xff, 0x32
    .byte 0x00, 0x05, 0x00, 0x00, 0x00, 0x14, 0x08, 0xf4, 0x21, 0x02, 0x2c, 0x01, 0x00, 0x00, 0x00, 0x2c
    .byte 0x65, 0x01, 0x00, 0x00, 0x15, 0x1f, 0x18, 0x70, 0x05, 0x00, 0x0c, 0x00, 0x00, 0x00, 0x17, 0x00
    .byte 0x15, 0x20, 0x18, 0x70, 0x24, 0x00, 0x0c, 0x00, 0x00, 0x00, 0x17, 0x00, 0x15, 0x27, 0x18, 0x70
    .byte 0x17, 0x00, 0x2c, 0xff, 0xff, 0xff, 0xff, 0x2c, 0xff, 0xff, 0xff, 0xff, 0x2c, 0xff, 0xff, 0xff
    .byte 0xff, 0x15, 0x33, 0x25, 0x8d, 0xf4, 0x21, 0x02, 0x29, 0x00, 0xff, 0x32, 0x00, 0x06, 0x00, 0x00
    .byte 0x00, 0x14, 0x54, 0xf4, 0x21, 0x02, 0x2c, 0x01, 0x00, 0x00, 0x00, 0x2c, 0x65, 0x01, 0x00, 0x00
    .byte 0x15, 0x1f, 0x18, 0x70, 0x05, 0x00, 0x10, 0x00, 0x00, 0x00, 0x17, 0x00, 0x15, 0x20, 0x18, 0x70
    .byte 0x05, 0x00, 0x00, 0x00, 0x00, 0x00, 0x17, 0x00, 0x15, 0x27, 0x18, 0x70, 0x17, 0x00, 0x2c, 0xff
    .byte 0xff, 0xff, 0xff, 0x2c, 0xff, 0xff, 0xff, 0xff, 0x2c, 0xff, 0xff, 0xff, 0xff, 0x15, 0x33, 0x25
    .byte 0x8d, 0xf4, 0x21, 0x02, 0x2c, 0x01, 0x00, 0x00, 0x00, 0x2c, 0x65, 0x01, 0x00, 0x00, 0x15, 0x1f
    .byte 0x18, 0x70, 0x05, 0x00, 0x0c, 0x00, 0x00, 0x00, 0x17, 0x00, 0x15, 0x20, 0x18, 0x70, 0x05, 0x00
    .byte 0x0c, 0x00, 0x00, 0x00, 0x17, 0x00, 0x15, 0x27, 0x18, 0x70, 0x17, 0x00, 0x2c, 0xff, 0xff, 0xff
    .byte 0xff, 0x2c, 0xff, 0xff, 0xff, 0xff, 0x2c, 0xff, 0xff, 0xff, 0xff, 0x15, 0x33, 0x25, 0xdf, 0xf6
    .byte 0x21, 0x02, 0x29, 0x00, 0xff, 0x32, 0x00, 0x00, 0x00, 0x00, 0x00, 0x14, 0xde, 0xf4, 0x21, 0x02
    .byte 0x2c, 0x01, 0x00, 0x00, 0x00, 0x2c, 0x64, 0x01, 0x00, 0x00, 0x15, 0x1f, 0x18, 0x70, 0x05, 0x00
    .byte 0x00, 0x00, 0x00, 0x00, 0x17, 0x00, 0x15, 0x20, 0x18, 0x70, 0x05, 0x00, 0x10, 0x00, 0x00, 0x00
    .byte 0x17, 0x00, 0x15, 0x27, 0x18, 0x70, 0x17, 0x00, 0x2c, 0xff, 0xff, 0xff, 0xff, 0x2c, 0xff, 0xff
    .byte 0xff, 0xff, 0x2c, 0xff, 0xff, 0xff, 0xff, 0x15, 0x33, 0x25, 0xdf, 0xf6, 0x21, 0x02, 0x29, 0x00
    .byte 0xff, 0x32, 0x00, 0x01, 0x00, 0x00, 0x00, 0x14, 0x2a, 0xf5, 0x21, 0x02, 0x2c, 0x01, 0x00, 0x00
    .byte 0x00, 0x2c, 0x64, 0x01, 0x00, 0x00, 0x15, 0x1f, 0x18, 0x70, 0x24, 0x00, 0x0c, 0x00, 0x00, 0x00
    .byte 0x17, 0x00, 0x15, 0x20, 0x18, 0x70, 0x05, 0x00, 0x0c, 0x00, 0x00, 0x00, 0x17, 0x00, 0x15, 0x27
    .byte 0x18, 0x70, 0x17, 0x00, 0x2c, 0xff, 0xff, 0xff, 0xff, 0x2c, 0xff, 0xff, 0xff, 0xff, 0x2c, 0xff
    .byte 0xff, 0xff, 0xff, 0x15, 0x33, 0x25, 0xdf, 0xf6, 0x21, 0x02, 0x29, 0x00, 0xff, 0x32, 0x00, 0x02
    .byte 0x00, 0x00, 0x00, 0x14, 0x76, 0xf5, 0x21, 0x02, 0x2c, 0x01, 0x00, 0x00, 0x00, 0x2c, 0x64, 0x01
    .byte 0x00, 0x00, 0x15, 0x1f, 0x18, 0x70, 0x24, 0x00, 0x10, 0x00, 0x00, 0x00, 0x17, 0x00, 0x15, 0x20
    .byte 0x18, 0x70, 0x05, 0x00, 0x00, 0x00, 0x00, 0x00, 0x17, 0x00, 0x15, 0x27, 0x18, 0x70, 0x17, 0x00
    .byte 0x2c, 0xff, 0xff, 0xff, 0xff, 0x2c, 0xff, 0xff, 0xff, 0xff, 0x2c, 0xff, 0xff, 0xff, 0xff, 0x15
    .byte 0x33, 0x25, 0xdf, 0xf6, 0x21, 0x02, 0x29, 0x00, 0xff, 0x32, 0x00, 0x03, 0x00, 0x00, 0x00, 0x14
    .byte 0xc2, 0xf5, 0x21, 0x02, 0x2c, 0x01, 0x00, 0x00, 0x00, 0x2c, 0x64, 0x01, 0x00, 0x00, 0x15, 0x1f
    .byte 0x18, 0x70, 0x24, 0x00, 0x0c, 0x00, 0x00, 0x00, 0x17, 0x00, 0x15, 0x20, 0x18, 0x70, 0x24, 0x00
    .byte 0x0c, 0x00, 0x00, 0x00, 0x17, 0x00, 0x15, 0x27, 0x18, 0x70, 0x17, 0x00, 0x2c, 0xff, 0xff, 0xff
    .byte 0xff, 0x2c, 0xff, 0xff, 0xff, 0xff, 0x2c, 0xff, 0xff, 0xff, 0xff, 0x15, 0x33, 0x25, 0xdf, 0xf6
    .byte 0x21, 0x02, 0x29, 0x00, 0xff, 0x32, 0x00, 0x04, 0x00, 0x00, 0x00, 0x14, 0x0e, 0xf6, 0x21, 0x02
    .byte 0x2c, 0x01, 0x00, 0x00, 0x00, 0x2c, 0x64, 0x01, 0x00, 0x00, 0x15, 0x1f, 0x18, 0x70, 0x05, 0x00
    .byte 0x00, 0x00, 0x00, 0x00, 0x17, 0x00, 0x15, 0x20, 0x18, 0x70, 0x24, 0x00, 0x10, 0x00, 0x00, 0x00
    .byte 0x17, 0x00, 0x15, 0x27, 0x18, 0x70, 0x17, 0x00, 0x2c, 0xff, 0xff, 0xff, 0xff, 0x2c, 0xff, 0xff
    .byte 0xff, 0xff, 0x2c, 0xff, 0xff, 0xff, 0xff, 0x15, 0x33, 0x25, 0xdf, 0xf6, 0x21, 0x02, 0x29, 0x00
    .byte 0xff, 0x32, 0x00, 0x05, 0x00, 0x00, 0x00, 0x14, 0x5a, 0xf6, 0x21, 0x02, 0x2c, 0x01, 0x00, 0x00
    .byte 0x00, 0x2c, 0x64, 0x01, 0x00, 0x00, 0x15, 0x1f, 0x18, 0x70, 0x05, 0x00, 0x0c, 0x00, 0x00, 0x00
    .byte 0x17, 0x00, 0x15, 0x20, 0x18, 0x70, 0x24, 0x00, 0x0c, 0x00, 0x00, 0x00, 0x17, 0x00, 0x15, 0x27
    .byte 0x18, 0x70, 0x17, 0x00, 0x2c, 0xff, 0xff, 0xff, 0xff, 0x2c, 0xff, 0xff, 0xff, 0xff, 0x2c, 0xff
    .byte 0xff, 0xff, 0xff, 0x15, 0x33, 0x25, 0xdf, 0xf6, 0x21, 0x02, 0x29, 0x00, 0xff, 0x32, 0x00, 0x06
    .byte 0x00, 0x00, 0x00, 0x14, 0xa6, 0xf6, 0x21, 0x02, 0x2c, 0x01, 0x00, 0x00, 0x00, 0x2c, 0x64, 0x01
    .byte 0x00, 0x00, 0x15, 0x1f, 0x18, 0x70, 0x05, 0x00, 0x10, 0x00, 0x00, 0x00, 0x17, 0x00, 0x15, 0x20
    .byte 0x18, 0x70, 0x05, 0x00, 0x00, 0x00, 0x00, 0x00, 0x17, 0x00, 0x15, 0x27, 0x18, 0x70, 0x17, 0x00
    .byte 0x2c, 0xff, 0xff, 0xff, 0xff, 0x2c, 0xff, 0xff, 0xff, 0xff, 0x2c, 0xff, 0xff, 0xff, 0xff, 0x15
    .byte 0x33, 0x25, 0xdf, 0xf6, 0x21, 0x02, 0x2c, 0x01, 0x00, 0x00, 0x00, 0x2c, 0x64, 0x01, 0x00, 0x00
    .byte 0x15, 0x1f, 0x18, 0x70, 0x05, 0x00, 0x0c, 0x00, 0x00, 0x00, 0x17, 0x00, 0x15, 0x20, 0x18, 0x70
    .byte 0x05, 0x00, 0x0c, 0x00, 0x00, 0x00, 0x17, 0x00, 0x15, 0x27, 0x18, 0x70, 0x17, 0x00, 0x2c, 0xff
    .byte 0xff, 0xff, 0xff, 0x2c, 0xff, 0xff, 0xff, 0xff, 0x2c, 0xff, 0xff, 0xff, 0xff, 0x15, 0x33, 0x25
    .byte 0x31, 0xf9, 0x21, 0x02, 0x29, 0x00, 0xff, 0x32, 0x00, 0x00, 0x00, 0x00, 0x00, 0x14, 0x30, 0xf7
    .byte 0x21, 0x02, 0x2c, 0x01, 0x00, 0x00, 0x00, 0x2c, 0x64, 0x01, 0x00, 0x00, 0x15, 0x1f, 0x18, 0x70
    .byte 0x05, 0x00, 0x00, 0x00, 0x00, 0x00, 0x17, 0x00, 0x15, 0x20, 0x18, 0x70, 0x05, 0x00, 0x10, 0x00
    .byte 0x00, 0x00, 0x17, 0x00, 0x15, 0x27, 0x18, 0x70, 0x17, 0x00, 0x2c, 0xff, 0xff, 0xff, 0xff, 0x2c
    .byte 0xff, 0xff, 0xff, 0xff, 0x2c, 0xff, 0xff, 0xff, 0xff, 0x15, 0x33, 0x25, 0x31, 0xf9, 0x21, 0x02
    .byte 0x29, 0x00, 0xff, 0x32, 0x00, 0x01, 0x00, 0x00, 0x00, 0x14, 0x7c, 0xf7, 0x21, 0x02, 0x2c, 0x01
    .byte 0x00, 0x00, 0x00, 0x2c, 0x64, 0x01, 0x00, 0x00, 0x15, 0x1f, 0x18, 0x70, 0x24, 0x00, 0x0c, 0x00
    .byte 0x00, 0x00, 0x17, 0x00, 0x15, 0x20, 0x18, 0x70, 0x05, 0x00, 0x0c, 0x00, 0x00, 0x00, 0x17, 0x00
    .byte 0x15, 0x27, 0x18, 0x70, 0x17, 0x00, 0x2c, 0xff, 0xff, 0xff, 0xff, 0x2c, 0xff, 0xff, 0xff, 0xff
    .byte 0x2c, 0xff, 0xff, 0xff, 0xff, 0x15, 0x33, 0x25, 0x31, 0xf9, 0x21, 0x02, 0x29, 0x00, 0xff, 0x32
    .byte 0x00, 0x02, 0x00, 0x00, 0x00, 0x14, 0xc8, 0xf7, 0x21, 0x02, 0x2c, 0x01, 0x00, 0x00, 0x00, 0x2c
    .byte 0x64, 0x01, 0x00, 0x00, 0x15, 0x1f, 0x18, 0x70, 0x24, 0x00, 0x10, 0x00, 0x00, 0x00, 0x17, 0x00
    .byte 0x15, 0x20, 0x18, 0x70, 0x05, 0x00, 0x00, 0x00, 0x00, 0x00, 0x17, 0x00, 0x15, 0x27, 0x18, 0x70
    .byte 0x17, 0x00, 0x2c, 0xff, 0xff, 0xff, 0xff, 0x2c, 0xff, 0xff, 0xff, 0xff, 0x2c, 0xff, 0xff, 0xff
    .byte 0xff, 0x15, 0x33, 0x25, 0x31, 0xf9, 0x21, 0x02, 0x29, 0x00, 0xff, 0x32, 0x00, 0x03, 0x00, 0x00
    .byte 0x00, 0x14, 0x14, 0xf8, 0x21, 0x02, 0x2c, 0x01, 0x00, 0x00, 0x00, 0x2c, 0x64, 0x01, 0x00, 0x00
    .byte 0x15, 0x1f, 0x18, 0x70, 0x24, 0x00, 0x0c, 0x00, 0x00, 0x00, 0x17, 0x00, 0x15, 0x20, 0x18, 0x70
    .byte 0x24, 0x00, 0x0c, 0x00, 0x00, 0x00, 0x17, 0x00, 0x15, 0x27, 0x18, 0x70, 0x17, 0x00, 0x2c, 0xff
    .byte 0xff, 0xff, 0xff, 0x2c, 0xff, 0xff, 0xff, 0xff, 0x2c, 0xff, 0xff, 0xff, 0xff, 0x15, 0x33, 0x25
    .byte 0x31, 0xf9, 0x21, 0x02, 0x29, 0x00, 0xff, 0x32, 0x00, 0x04, 0x00, 0x00, 0x00, 0x14, 0x60, 0xf8
    .byte 0x21, 0x02, 0x2c, 0x01, 0x00, 0x00, 0x00, 0x2c, 0x64, 0x01, 0x00, 0x00, 0x15, 0x1f, 0x18, 0x70
    .byte 0x05, 0x00, 0x00, 0x00, 0x00, 0x00, 0x17, 0x00, 0x15, 0x20, 0x18, 0x70, 0x24, 0x00, 0x10, 0x00
    .byte 0x00, 0x00, 0x17, 0x00, 0x15, 0x27, 0x18, 0x70, 0x17, 0x00, 0x2c, 0xff, 0xff, 0xff, 0xff, 0x2c
    .byte 0xff, 0xff, 0xff, 0xff, 0x2c, 0xff, 0xff, 0xff, 0xff, 0x15, 0x33, 0x25, 0x31, 0xf9, 0x21, 0x02
    .byte 0x29, 0x00, 0xff, 0x32, 0x00, 0x05, 0x00, 0x00, 0x00, 0x14, 0xac, 0xf8, 0x21, 0x02, 0x2c, 0x01
    .byte 0x00, 0x00, 0x00, 0x2c, 0x64, 0x01, 0x00, 0x00, 0x15, 0x1f, 0x18, 0x70, 0x05, 0x00, 0x0c, 0x00
    .byte 0x00, 0x00, 0x17, 0x00, 0x15, 0x20, 0x18, 0x70, 0x24, 0x00, 0x0c, 0x00, 0x00, 0x00, 0x17, 0x00
    .byte 0x15, 0x27, 0x18, 0x70, 0x17, 0x00, 0x2c, 0xff, 0xff, 0xff, 0xff, 0x2c, 0xff, 0xff, 0xff, 0xff
    .byte 0x2c, 0xff, 0xff, 0xff, 0xff, 0x15, 0x33, 0x25, 0x31, 0xf9, 0x21, 0x02, 0x29, 0x00, 0xff, 0x32
    .byte 0x00, 0x06, 0x00, 0x00, 0x00, 0x14, 0xf8, 0xf8, 0x21, 0x02, 0x2c, 0x01, 0x00, 0x00, 0x00, 0x2c
    .byte 0x64, 0x01, 0x00, 0x00, 0x15, 0x1f, 0x18, 0x70, 0x05, 0x00, 0x10, 0x00, 0x00, 0x00, 0x17, 0x00
    .byte 0x15, 0x20, 0x18, 0x70, 0x05, 0x00, 0x00, 0x00, 0x00, 0x00, 0x17, 0x00, 0x15, 0x27, 0x18, 0x70
    .byte 0x17, 0x00, 0x2c, 0xff, 0xff, 0xff, 0xff, 0x2c, 0xff, 0xff, 0xff, 0xff, 0x2c, 0xff, 0xff, 0xff
    .byte 0xff, 0x15, 0x33, 0x25, 0x31, 0xf9, 0x21, 0x02, 0x2c, 0x01, 0x00, 0x00, 0x00, 0x2c, 0x64, 0x01
    .byte 0x00, 0x00, 0x15, 0x1f, 0x18, 0x70, 0x05, 0x00, 0x0c, 0x00, 0x00, 0x00, 0x17, 0x00, 0x15, 0x20
    .byte 0x18, 0x70, 0x05, 0x00, 0x0c, 0x00, 0x00, 0x00, 0x17, 0x00, 0x15, 0x27, 0x18, 0x70, 0x17, 0x00
    .byte 0x2c, 0xff, 0xff, 0xff, 0xff, 0x2c, 0xff, 0xff, 0xff, 0xff, 0x2c, 0xff, 0xff, 0xff, 0xff, 0x15
    .byte 0x33, 0x25, 0x71, 0xfb, 0x21, 0x02, 0x2b, 0x00, 0x02, 0x34, 0x00, 0x19, 0x00, 0x00, 0x00, 0x14
    .byte 0x71, 0xfb, 0x21, 0x02, 0x29, 0x00, 0xff, 0x32, 0x00, 0x00, 0x00, 0x00, 0x00, 0x14, 0x8c, 0xf9
    .byte 0x21, 0x02, 0x2c, 0x01, 0x00, 0x00, 0x00, 0x15, 0x1f, 0x18, 0x70, 0x05, 0x00, 0x00, 0x00, 0x00
    .byte 0x00, 0x17, 0x00, 0x15, 0x20, 0x18, 0x70, 0x05, 0x00, 0x10, 0x00, 0x00, 0x00, 0x17, 0x00, 0x15
    .byte 0x27, 0x18, 0x70, 0x17, 0x00, 0x20, 0x00, 0x00, 0x20, 0x00, 0x00, 0x2c, 0xf4, 0x01, 0x00, 0x00
    .byte 0x2c, 0x2c, 0x01, 0x00, 0x00, 0x15, 0xb2, 0x25, 0x71, 0xfb, 0x21, 0x02, 0x29, 0x00, 0xff, 0x32
    .byte 0x00, 0x01, 0x00, 0x00, 0x00, 0x14, 0xd4, 0xf9, 0x21, 0x02, 0x2c, 0x01, 0x00, 0x00, 0x00, 0x15
    .byte 0x1f, 0x18, 0x70, 0x24, 0x00, 0x0c, 0x00, 0x00, 0x00, 0x17, 0x00, 0x15, 0x20, 0x18, 0x70, 0x05
    .byte 0x00, 0x0c, 0x00, 0x00, 0x00, 0x17, 0x00, 0x15, 0x27, 0x18, 0x70, 0x17, 0x00, 0x20, 0x00, 0x00
    .byte 0x20, 0x00, 0x00, 0x2c, 0xf4, 0x01, 0x00, 0x00, 0x2c, 0x2c, 0x01, 0x00, 0x00, 0x15, 0xb2, 0x25
    .byte 0x71, 0xfb, 0x21, 0x02, 0x29, 0x00, 0xff, 0x32, 0x00, 0x02, 0x00, 0x00, 0x00, 0x14, 0x1c, 0xfa
    .byte 0x21, 0x02, 0x2c, 0x01, 0x00, 0x00, 0x00, 0x15, 0x1f, 0x18, 0x70, 0x24, 0x00, 0x10, 0x00, 0x00
    .byte 0x00, 0x17, 0x00, 0x15, 0x20, 0x18, 0x70, 0x05, 0x00, 0x00, 0x00, 0x00, 0x00, 0x17, 0x00, 0x15
    .byte 0x27, 0x18, 0x70, 0x17, 0x00, 0x20, 0x00, 0x00, 0x20, 0x00, 0x00, 0x2c, 0xf4, 0x01, 0x00, 0x00
    .byte 0x2c, 0x2c, 0x01, 0x00, 0x00, 0x15, 0xb2, 0x25, 0x71, 0xfb, 0x21, 0x02, 0x29, 0x00, 0xff, 0x32
    .byte 0x00, 0x03, 0x00, 0x00, 0x00, 0x14, 0x64, 0xfa, 0x21, 0x02, 0x2c, 0x01, 0x00, 0x00, 0x00, 0x15
    .byte 0x1f, 0x18, 0x70, 0x24, 0x00, 0x0c, 0x00, 0x00, 0x00, 0x17, 0x00, 0x15, 0x20, 0x18, 0x70, 0x24
    .byte 0x00, 0x0c, 0x00, 0x00, 0x00, 0x17, 0x00, 0x15, 0x27, 0x18, 0x70, 0x17, 0x00, 0x20, 0x00, 0x00
    .byte 0x20, 0x00, 0x00, 0x2c, 0xf4, 0x01, 0x00, 0x00, 0x2c, 0x2c, 0x01, 0x00, 0x00, 0x15, 0xb2, 0x25
    .byte 0x71, 0xfb, 0x21, 0x02, 0x29, 0x00, 0xff, 0x32, 0x00, 0x04, 0x00, 0x00, 0x00, 0x14, 0xac, 0xfa
    .byte 0x21, 0x02, 0x2c, 0x01, 0x00, 0x00, 0x00, 0x15, 0x1f, 0x18, 0x70, 0x05, 0x00, 0x00, 0x00, 0x00
    .byte 0x00, 0x17, 0x00, 0x15, 0x20, 0x18, 0x70, 0x24, 0x00, 0x10, 0x00, 0x00, 0x00, 0x17, 0x00, 0x15
    .byte 0x27, 0x18, 0x70, 0x17, 0x00, 0x20, 0x00, 0x00, 0x20, 0x00, 0x00, 0x2c, 0xf4, 0x01, 0x00, 0x00
    .byte 0x2c, 0x2c, 0x01, 0x00, 0x00, 0x15, 0xb2, 0x25, 0x71, 0xfb, 0x21, 0x02, 0x29, 0x00, 0xff, 0x32
    .byte 0x00, 0x05, 0x00, 0x00, 0x00, 0x14, 0xf4, 0xfa, 0x21, 0x02, 0x2c, 0x01, 0x00, 0x00, 0x00, 0x15
    .byte 0x1f, 0x18, 0x70, 0x05, 0x00, 0x0c, 0x00, 0x00, 0x00, 0x17, 0x00, 0x15, 0x20, 0x18, 0x70, 0x24
    .byte 0x00, 0x0c, 0x00, 0x00, 0x00, 0x17, 0x00, 0x15, 0x27, 0x18, 0x70, 0x17, 0x00, 0x20, 0x00, 0x00
    .byte 0x20, 0x00, 0x00, 0x2c, 0xf4, 0x01, 0x00, 0x00, 0x2c, 0x2c, 0x01, 0x00, 0x00, 0x15, 0xb2, 0x25
    .byte 0x71, 0xfb, 0x21, 0x02, 0x29, 0x00, 0xff, 0x32, 0x00, 0x06, 0x00, 0x00, 0x00, 0x14, 0x3c, 0xfb
    .byte 0x21, 0x02, 0x2c, 0x01, 0x00, 0x00, 0x00, 0x15, 0x1f, 0x18, 0x70, 0x05, 0x00, 0x10, 0x00, 0x00
    .byte 0x00, 0x17, 0x00, 0x15, 0x20, 0x18, 0x70, 0x05, 0x00, 0x00, 0x00, 0x00, 0x00, 0x17, 0x00, 0x15
    .byte 0x27, 0x18, 0x70, 0x17, 0x00, 0x20, 0x00, 0x00, 0x20, 0x00, 0x00, 0x2c, 0xf4, 0x01, 0x00, 0x00
    .byte 0x2c, 0x2c, 0x01, 0x00, 0x00, 0x15, 0xb2, 0x25, 0x71, 0xfb, 0x21, 0x02, 0x2c, 0x01, 0x00, 0x00
    .byte 0x00, 0x15, 0x1f, 0x18, 0x70, 0x05, 0x00, 0x0c, 0x00, 0x00, 0x00, 0x17, 0x00, 0x15, 0x20, 0x18
    .byte 0x70, 0x05, 0x00, 0x0c, 0x00, 0x00, 0x00, 0x17, 0x00, 0x15, 0x27, 0x18, 0x70, 0x17, 0x00, 0x20
    .byte 0x00, 0x00, 0x20, 0x00, 0x00, 0x2c, 0xf4, 0x01, 0x00, 0x00, 0x2c, 0x2c, 0x01, 0x00, 0x00, 0x15
    .byte 0xb2, 0x25, 0x79, 0x07, 0x22, 0x02, 0x2b, 0x00, 0x02, 0x34, 0x00, 0x00, 0x00, 0x00, 0x00, 0x14
    .byte 0xd6, 0xfd, 0x21, 0x02, 0x29, 0x00, 0xff, 0x32, 0x00, 0x00, 0x00, 0x00, 0x00, 0x14, 0xd0, 0xfb
    .byte 0x21, 0x02, 0x2c, 0x01, 0x00, 0x00, 0x00, 0x2c, 0xff, 0xff, 0xff, 0xff, 0x15, 0x1f, 0x18, 0x70
    .byte 0x05, 0x00, 0x00, 0x00, 0x00, 0x00, 0x17, 0x00, 0x15, 0x20, 0x18, 0x70, 0x05, 0x00, 0x10, 0x00
    .byte 0x00, 0x00, 0x17, 0x00, 0x15, 0x27, 0x18, 0x70, 0x17, 0x00, 0x2c, 0xff, 0xff, 0xff, 0xff, 0x2c
    .byte 0xff, 0xff, 0xff, 0xff, 0x2c, 0xff, 0xff, 0xff, 0xff, 0x15, 0x33, 0x25, 0xd1, 0xfd, 0x21, 0x02
    .byte 0x29, 0x00, 0xff, 0x32, 0x00, 0x01, 0x00, 0x00, 0x00, 0x14, 0x1c, 0xfc, 0x21, 0x02, 0x2c, 0x01
    .byte 0x00, 0x00, 0x00, 0x2c, 0xff, 0xff, 0xff, 0xff, 0x15, 0x1f, 0x18, 0x70, 0x24, 0x00, 0x0c, 0x00
    .byte 0x00, 0x00, 0x17, 0x00, 0x15, 0x20, 0x18, 0x70, 0x05, 0x00, 0x0c, 0x00, 0x00, 0x00, 0x17, 0x00
    .byte 0x15, 0x27, 0x18, 0x70, 0x17, 0x00, 0x2c, 0xff, 0xff, 0xff, 0xff, 0x2c, 0xff, 0xff, 0xff, 0xff
    .byte 0x2c, 0xff, 0xff, 0xff, 0xff, 0x15, 0x33, 0x25, 0xd1, 0xfd, 0x21, 0x02, 0x29, 0x00, 0xff, 0x32
    .byte 0x00, 0x02, 0x00, 0x00, 0x00, 0x14, 0x68, 0xfc, 0x21, 0x02, 0x2c, 0x01, 0x00, 0x00, 0x00, 0x2c
    .byte 0xff, 0xff, 0xff, 0xff, 0x15, 0x1f, 0x18, 0x70, 0x24, 0x00, 0x10, 0x00, 0x00, 0x00, 0x17, 0x00
    .byte 0x15, 0x20, 0x18, 0x70, 0x05, 0x00, 0x00, 0x00, 0x00, 0x00, 0x17, 0x00, 0x15, 0x27, 0x18, 0x70
    .byte 0x17, 0x00, 0x2c, 0xff, 0xff, 0xff, 0xff, 0x2c, 0xff, 0xff, 0xff, 0xff, 0x2c, 0xff, 0xff, 0xff
    .byte 0xff, 0x15, 0x33, 0x25, 0xd1, 0xfd, 0x21, 0x02, 0x29, 0x00, 0xff, 0x32, 0x00, 0x03, 0x00, 0x00
    .byte 0x00, 0x14, 0xb4, 0xfc, 0x21, 0x02, 0x2c, 0x01, 0x00, 0x00, 0x00, 0x2c, 0xff, 0xff, 0xff, 0xff
    .byte 0x15, 0x1f, 0x18, 0x70, 0x24, 0x00, 0x0c, 0x00, 0x00, 0x00, 0x17, 0x00, 0x15, 0x20, 0x18, 0x70
    .byte 0x24, 0x00, 0x0c, 0x00, 0x00, 0x00, 0x17, 0x00, 0x15, 0x27, 0x18, 0x70, 0x17, 0x00, 0x2c, 0xff
    .byte 0xff, 0xff, 0xff, 0x2c, 0xff, 0xff, 0xff, 0xff, 0x2c, 0xff, 0xff, 0xff, 0xff, 0x15, 0x33, 0x25
    .byte 0xd1, 0xfd, 0x21, 0x02, 0x29, 0x00, 0xff, 0x32, 0x00, 0x04, 0x00, 0x00, 0x00, 0x14, 0x00, 0xfd
    .byte 0x21, 0x02, 0x2c, 0x01, 0x00, 0x00, 0x00, 0x2c, 0xff, 0xff, 0xff, 0xff, 0x15, 0x1f, 0x18, 0x70
    .byte 0x05, 0x00, 0x00, 0x00, 0x00, 0x00, 0x17, 0x00, 0x15, 0x20, 0x18, 0x70, 0x24, 0x00, 0x10, 0x00
    .byte 0x00, 0x00, 0x17, 0x00, 0x15, 0x27, 0x18, 0x70, 0x17, 0x00, 0x2c, 0xff, 0xff, 0xff, 0xff, 0x2c
    .byte 0xff, 0xff, 0xff, 0xff, 0x2c, 0xff, 0xff, 0xff, 0xff, 0x15, 0x33, 0x25, 0xd1, 0xfd, 0x21, 0x02
    .byte 0x29, 0x00, 0xff, 0x32, 0x00, 0x05, 0x00, 0x00, 0x00, 0x14, 0x4c, 0xfd, 0x21, 0x02, 0x2c, 0x01
    .byte 0x00, 0x00, 0x00, 0x2c, 0xff, 0xff, 0xff, 0xff, 0x15, 0x1f, 0x18, 0x70, 0x05, 0x00, 0x0c, 0x00
    .byte 0x00, 0x00, 0x17, 0x00, 0x15, 0x20, 0x18, 0x70, 0x24, 0x00, 0x0c, 0x00, 0x00, 0x00, 0x17, 0x00
    .byte 0x15, 0x27, 0x18, 0x70, 0x17, 0x00, 0x2c, 0xff, 0xff, 0xff, 0xff, 0x2c, 0xff, 0xff, 0xff, 0xff
    .byte 0x2c, 0xff, 0xff, 0xff, 0xff, 0x15, 0x33, 0x25, 0xd1, 0xfd, 0x21, 0x02, 0x29, 0x00, 0xff, 0x32
    .byte 0x00, 0x06, 0x00, 0x00, 0x00, 0x14, 0x98, 0xfd, 0x21, 0x02, 0x2c, 0x01, 0x00, 0x00, 0x00, 0x2c
    .byte 0xff, 0xff, 0xff, 0xff, 0x15, 0x1f, 0x18, 0x70, 0x05, 0x00, 0x10, 0x00, 0x00, 0x00, 0x17, 0x00
    .byte 0x15, 0x20, 0x18, 0x70, 0x05, 0x00, 0x00, 0x00, 0x00, 0x00, 0x17, 0x00, 0x15, 0x27, 0x18, 0x70
    .byte 0x17, 0x00, 0x2c, 0xff, 0xff, 0xff, 0xff, 0x2c, 0xff, 0xff, 0xff, 0xff, 0x2c, 0xff, 0xff, 0xff
    .byte 0xff, 0x15, 0x33, 0x25, 0xd1, 0xfd, 0x21, 0x02, 0x2c, 0x01, 0x00, 0x00, 0x00, 0x2c, 0xff, 0xff
    .byte 0xff, 0xff, 0x15, 0x1f, 0x18, 0x70, 0x05, 0x00, 0x0c, 0x00, 0x00, 0x00, 0x17, 0x00, 0x15, 0x20
    .byte 0x18, 0x70, 0x05, 0x00, 0x0c, 0x00, 0x00, 0x00, 0x17, 0x00, 0x15, 0x27, 0x18, 0x70, 0x17, 0x00
    .byte 0x2c, 0xff, 0xff, 0xff, 0xff, 0x2c, 0xff, 0xff, 0xff, 0xff, 0x2c, 0xff, 0xff, 0xff, 0xff, 0x15
    .byte 0x33, 0x25, 0x79, 0x07, 0x22, 0x02, 0x2c, 0x64, 0x00, 0x00, 0x00, 0x15, 0x01, 0x18, 0x70, 0x28
    .byte 0x00, 0x02, 0x2b, 0x00, 0x02, 0x34, 0x00, 0x03, 0x00, 0x00, 0x00, 0x14, 0x3e, 0x05, 0x22, 0x02
    .byte 0x2d, 0xfe, 0x15, 0x7c, 0x18, 0x70, 0x31, 0x00, 0x05, 0x00, 0x00, 0x00, 0x14, 0x3e, 0x05, 0x22
    .byte 0x02, 0x29, 0x00, 0xfe, 0x35, 0x00, 0x25, 0x00, 0x00, 0x00, 0x14, 0x3e, 0x05, 0x22, 0x02, 0x29
    .byte 0x00, 0xfe, 0x35, 0x00, 0x4f, 0x00, 0x00, 0x00, 0x14, 0x3e, 0x05, 0x22, 0x02, 0x2d, 0xfe, 0x15
    .byte 0x7c, 0x18, 0x70, 0x31, 0x00, 0x08, 0x00, 0x00, 0x00, 0x14, 0xec, 0x02, 0x22, 0x02, 0x2c, 0x02
    .byte 0x00, 0x00, 0x00, 0x15, 0x01, 0x18, 0x70, 0x28, 0x00, 0x02, 0x2b, 0x00, 0x02, 0x32, 0x00, 0x00
    .byte 0x00, 0x00, 0x00, 0x14, 0x9a, 0x00, 0x22, 0x02, 0x29, 0x00, 0xff, 0x32, 0x00, 0x00, 0x00, 0x00
    .byte 0x00, 0x14, 0x94, 0xfe, 0x21, 0x02, 0x2c, 0x01, 0x00, 0x00, 0x00, 0x2c, 0x65, 0x01, 0x00, 0x00
    .byte 0x15, 0x1f, 0x18, 0x70, 0x05, 0x00, 0x00, 0x00, 0x00, 0x00, 0x17, 0x00, 0x15, 0x20, 0x18, 0x70
    .byte 0x05, 0x00, 0x10, 0x00, 0x00, 0x00, 0x17, 0x00, 0x15, 0x27, 0x18, 0x70, 0x17, 0x00, 0x2c, 0xff
    .byte 0xff, 0xff, 0xff, 0x2c, 0xff, 0xff, 0xff, 0xff, 0x2c, 0xff, 0xff, 0xff, 0xff, 0x15, 0x33, 0x25
    .byte 0x95, 0x00, 0x22, 0x02, 0x29, 0x00, 0xff, 0x32, 0x00, 0x01, 0x00, 0x00, 0x00, 0x14, 0xe0, 0xfe
    .byte 0x21, 0x02, 0x2c, 0x01, 0x00, 0x00, 0x00, 0x2c, 0x65, 0x01, 0x00, 0x00, 0x15, 0x1f, 0x18, 0x70
    .byte 0x24, 0x00, 0x0c, 0x00, 0x00, 0x00, 0x17, 0x00, 0x15, 0x20, 0x18, 0x70, 0x05, 0x00, 0x0c, 0x00
    .byte 0x00, 0x00, 0x17, 0x00, 0x15, 0x27, 0x18, 0x70, 0x17, 0x00, 0x2c, 0xff, 0xff, 0xff, 0xff, 0x2c
    .byte 0xff, 0xff, 0xff, 0xff, 0x2c, 0xff, 0xff, 0xff, 0xff, 0x15, 0x33, 0x25, 0x95, 0x00, 0x22, 0x02
    .byte 0x29, 0x00, 0xff, 0x32, 0x00, 0x02, 0x00, 0x00, 0x00, 0x14, 0x2c, 0xff, 0x21, 0x02, 0x2c, 0x01
    .byte 0x00, 0x00, 0x00, 0x2c, 0x65, 0x01, 0x00, 0x00, 0x15, 0x1f, 0x18, 0x70, 0x24, 0x00, 0x10, 0x00
    .byte 0x00, 0x00, 0x17, 0x00, 0x15, 0x20, 0x18, 0x70, 0x05, 0x00, 0x00, 0x00, 0x00, 0x00, 0x17, 0x00
    .byte 0x15, 0x27, 0x18, 0x70, 0x17, 0x00, 0x2c, 0xff, 0xff, 0xff, 0xff, 0x2c, 0xff, 0xff, 0xff, 0xff
    .byte 0x2c, 0xff, 0xff, 0xff, 0xff, 0x15, 0x33, 0x25, 0x95, 0x00, 0x22, 0x02, 0x29, 0x00, 0xff, 0x32
    .byte 0x00, 0x03, 0x00, 0x00, 0x00, 0x14, 0x78, 0xff, 0x21, 0x02, 0x2c, 0x01, 0x00, 0x00, 0x00, 0x2c
    .byte 0x65, 0x01, 0x00, 0x00, 0x15, 0x1f, 0x18, 0x70, 0x24, 0x00, 0x0c, 0x00, 0x00, 0x00, 0x17, 0x00
    .byte 0x15, 0x20, 0x18, 0x70, 0x24, 0x00, 0x0c, 0x00, 0x00, 0x00, 0x17, 0x00, 0x15, 0x27, 0x18, 0x70
    .byte 0x17, 0x00, 0x2c, 0xff, 0xff, 0xff, 0xff, 0x2c, 0xff, 0xff, 0xff, 0xff, 0x2c, 0xff, 0xff, 0xff
    .byte 0xff, 0x15, 0x33, 0x25, 0x95, 0x00, 0x22, 0x02, 0x29, 0x00, 0xff, 0x32, 0x00, 0x04, 0x00, 0x00
    .byte 0x00, 0x14, 0xc4, 0xff, 0x21, 0x02, 0x2c, 0x01, 0x00, 0x00, 0x00, 0x2c, 0x65, 0x01, 0x00, 0x00
    .byte 0x15, 0x1f, 0x18, 0x70, 0x05, 0x00, 0x00, 0x00, 0x00, 0x00, 0x17, 0x00, 0x15, 0x20, 0x18, 0x70
    .byte 0x24, 0x00, 0x10, 0x00, 0x00, 0x00, 0x17, 0x00, 0x15, 0x27, 0x18, 0x70, 0x17, 0x00, 0x2c, 0xff
    .byte 0xff, 0xff, 0xff, 0x2c, 0xff, 0xff, 0xff, 0xff, 0x2c, 0xff, 0xff, 0xff, 0xff, 0x15, 0x33, 0x25
    .byte 0x95, 0x00, 0x22, 0x02, 0x29, 0x00, 0xff, 0x32, 0x00, 0x05, 0x00, 0x00, 0x00, 0x14, 0x10, 0x00
    .byte 0x22, 0x02, 0x2c, 0x01, 0x00, 0x00, 0x00, 0x2c, 0x65, 0x01, 0x00, 0x00, 0x15, 0x1f, 0x18, 0x70
    .byte 0x05, 0x00, 0x0c, 0x00, 0x00, 0x00, 0x17, 0x00, 0x15, 0x20, 0x18, 0x70, 0x24, 0x00, 0x0c, 0x00
    .byte 0x00, 0x00, 0x17, 0x00, 0x15, 0x27, 0x18, 0x70, 0x17, 0x00, 0x2c, 0xff, 0xff, 0xff, 0xff, 0x2c
    .byte 0xff, 0xff, 0xff, 0xff, 0x2c, 0xff, 0xff, 0xff, 0xff, 0x15, 0x33, 0x25, 0x95, 0x00, 0x22, 0x02
    .byte 0x29, 0x00, 0xff, 0x32, 0x00, 0x06, 0x00, 0x00, 0x00, 0x14, 0x5c, 0x00, 0x22, 0x02, 0x2c, 0x01
    .byte 0x00, 0x00, 0x00, 0x2c, 0x65, 0x01, 0x00, 0x00, 0x15, 0x1f, 0x18, 0x70, 0x05, 0x00, 0x10, 0x00
    .byte 0x00, 0x00, 0x17, 0x00, 0x15, 0x20, 0x18, 0x70, 0x05, 0x00, 0x00, 0x00, 0x00, 0x00, 0x17, 0x00
    .byte 0x15, 0x27, 0x18, 0x70, 0x17, 0x00, 0x2c, 0xff, 0xff, 0xff, 0xff, 0x2c, 0xff, 0xff, 0xff, 0xff
    .byte 0x2c, 0xff, 0xff, 0xff, 0xff, 0x15, 0x33, 0x25, 0x95, 0x00, 0x22, 0x02, 0x2c, 0x01, 0x00, 0x00
    .byte 0x00, 0x2c, 0x65, 0x01, 0x00, 0x00, 0x15, 0x1f, 0x18, 0x70, 0x05, 0x00, 0x0c, 0x00, 0x00, 0x00
    .byte 0x17, 0x00, 0x15, 0x20, 0x18, 0x70, 0x05, 0x00, 0x0c, 0x00, 0x00, 0x00, 0x17, 0x00, 0x15, 0x27
    .byte 0x18, 0x70, 0x17, 0x00, 0x2c, 0xff, 0xff, 0xff, 0xff, 0x2c, 0xff, 0xff, 0xff, 0xff, 0x2c, 0xff
    .byte 0xff, 0xff, 0xff, 0x15, 0x33, 0x25, 0xe7, 0x02, 0x22, 0x02, 0x29, 0x00, 0xff, 0x32, 0x00, 0x00
    .byte 0x00, 0x00, 0x00, 0x14, 0xe6, 0x00, 0x22, 0x02, 0x2c, 0x01, 0x00, 0x00, 0x00, 0x2c, 0x64, 0x01
    .byte 0x00, 0x00, 0x15, 0x1f, 0x18, 0x70, 0x05, 0x00, 0x00, 0x00, 0x00, 0x00, 0x17, 0x00, 0x15, 0x20
    .byte 0x18, 0x70, 0x05, 0x00, 0x10, 0x00, 0x00, 0x00, 0x17, 0x00, 0x15, 0x27, 0x18, 0x70, 0x17, 0x00
    .byte 0x2c, 0xff, 0xff, 0xff, 0xff, 0x2c, 0xff, 0xff, 0xff, 0xff, 0x2c, 0xff, 0xff, 0xff, 0xff, 0x15
    .byte 0x33, 0x25, 0xe7, 0x02, 0x22, 0x02, 0x29, 0x00, 0xff, 0x32, 0x00, 0x01, 0x00, 0x00, 0x00, 0x14
    .byte 0x32, 0x01, 0x22, 0x02, 0x2c, 0x01, 0x00, 0x00, 0x00, 0x2c, 0x64, 0x01, 0x00, 0x00, 0x15, 0x1f
    .byte 0x18, 0x70, 0x24, 0x00, 0x0c, 0x00, 0x00, 0x00, 0x17, 0x00, 0x15, 0x20, 0x18, 0x70, 0x05, 0x00
    .byte 0x0c, 0x00, 0x00, 0x00, 0x17, 0x00, 0x15, 0x27, 0x18, 0x70, 0x17, 0x00, 0x2c, 0xff, 0xff, 0xff
    .byte 0xff, 0x2c, 0xff, 0xff, 0xff, 0xff, 0x2c, 0xff, 0xff, 0xff, 0xff, 0x15, 0x33, 0x25, 0xe7, 0x02
    .byte 0x22, 0x02, 0x29, 0x00, 0xff, 0x32, 0x00, 0x02, 0x00, 0x00, 0x00, 0x14, 0x7e, 0x01, 0x22, 0x02
    .byte 0x2c, 0x01, 0x00, 0x00, 0x00, 0x2c, 0x64, 0x01, 0x00, 0x00, 0x15, 0x1f, 0x18, 0x70, 0x24, 0x00
    .byte 0x10, 0x00, 0x00, 0x00, 0x17, 0x00, 0x15, 0x20, 0x18, 0x70, 0x05, 0x00, 0x00, 0x00, 0x00, 0x00
    .byte 0x17, 0x00, 0x15, 0x27, 0x18, 0x70, 0x17, 0x00, 0x2c, 0xff, 0xff, 0xff, 0xff, 0x2c, 0xff, 0xff
    .byte 0xff, 0xff, 0x2c, 0xff, 0xff, 0xff, 0xff, 0x15, 0x33, 0x25, 0xe7, 0x02, 0x22, 0x02, 0x29, 0x00
    .byte 0xff, 0x32, 0x00, 0x03, 0x00, 0x00, 0x00, 0x14, 0xca, 0x01, 0x22, 0x02, 0x2c, 0x01, 0x00, 0x00
    .byte 0x00, 0x2c, 0x64, 0x01, 0x00, 0x00, 0x15, 0x1f, 0x18, 0x70, 0x24, 0x00, 0x0c, 0x00, 0x00, 0x00
    .byte 0x17, 0x00, 0x15, 0x20, 0x18, 0x70, 0x24, 0x00, 0x0c, 0x00, 0x00, 0x00, 0x17, 0x00, 0x15, 0x27
    .byte 0x18, 0x70, 0x17, 0x00, 0x2c, 0xff, 0xff, 0xff, 0xff, 0x2c, 0xff, 0xff, 0xff, 0xff, 0x2c, 0xff
    .byte 0xff, 0xff, 0xff, 0x15, 0x33, 0x25, 0xe7, 0x02, 0x22, 0x02, 0x29, 0x00, 0xff, 0x32, 0x00, 0x04
    .byte 0x00, 0x00, 0x00, 0x14, 0x16, 0x02, 0x22, 0x02, 0x2c, 0x01, 0x00, 0x00, 0x00, 0x2c, 0x64, 0x01
    .byte 0x00, 0x00, 0x15, 0x1f, 0x18, 0x70, 0x05, 0x00, 0x00, 0x00, 0x00, 0x00, 0x17, 0x00, 0x15, 0x20
    .byte 0x18, 0x70, 0x24, 0x00, 0x10, 0x00, 0x00, 0x00, 0x17, 0x00, 0x15, 0x27, 0x18, 0x70, 0x17, 0x00
    .byte 0x2c, 0xff, 0xff, 0xff, 0xff, 0x2c, 0xff, 0xff, 0xff, 0xff, 0x2c, 0xff, 0xff, 0xff, 0xff, 0x15
    .byte 0x33, 0x25, 0xe7, 0x02, 0x22, 0x02, 0x29, 0x00, 0xff, 0x32, 0x00, 0x05, 0x00, 0x00, 0x00, 0x14
    .byte 0x62, 0x02, 0x22, 0x02, 0x2c, 0x01, 0x00, 0x00, 0x00, 0x2c, 0x64, 0x01, 0x00, 0x00, 0x15, 0x1f
    .byte 0x18, 0x70, 0x05, 0x00, 0x0c, 0x00, 0x00, 0x00, 0x17, 0x00, 0x15, 0x20, 0x18, 0x70, 0x24, 0x00
    .byte 0x0c, 0x00, 0x00, 0x00, 0x17, 0x00, 0x15, 0x27, 0x18, 0x70, 0x17, 0x00, 0x2c, 0xff, 0xff, 0xff
    .byte 0xff, 0x2c, 0xff, 0xff, 0xff, 0xff, 0x2c, 0xff, 0xff, 0xff, 0xff, 0x15, 0x33, 0x25, 0xe7, 0x02
    .byte 0x22, 0x02, 0x29, 0x00, 0xff, 0x32, 0x00, 0x06, 0x00, 0x00, 0x00, 0x14, 0xae, 0x02, 0x22, 0x02
    .byte 0x2c, 0x01, 0x00, 0x00, 0x00, 0x2c, 0x64, 0x01, 0x00, 0x00, 0x15, 0x1f, 0x18, 0x70, 0x05, 0x00
    .byte 0x10, 0x00, 0x00, 0x00, 0x17, 0x00, 0x15, 0x20, 0x18, 0x70, 0x05, 0x00, 0x00, 0x00, 0x00, 0x00
    .byte 0x17, 0x00, 0x15, 0x27, 0x18, 0x70, 0x17, 0x00, 0x2c, 0xff, 0xff, 0xff, 0xff, 0x2c, 0xff, 0xff
    .byte 0xff, 0xff, 0x2c, 0xff, 0xff, 0xff, 0xff, 0x15, 0x33, 0x25, 0xe7, 0x02, 0x22, 0x02, 0x2c, 0x01
    .byte 0x00, 0x00, 0x00, 0x2c, 0x64, 0x01, 0x00, 0x00, 0x15, 0x1f, 0x18, 0x70, 0x05, 0x00, 0x0c, 0x00
    .byte 0x00, 0x00, 0x17, 0x00, 0x15, 0x20, 0x18, 0x70, 0x05, 0x00, 0x0c, 0x00, 0x00, 0x00, 0x17, 0x00
    .byte 0x15, 0x27, 0x18, 0x70, 0x17, 0x00, 0x2c, 0xff, 0xff, 0xff, 0xff, 0x2c, 0xff, 0xff, 0xff, 0xff
    .byte 0x2c, 0xff, 0xff, 0xff, 0xff, 0x15, 0x33, 0x25, 0x39, 0x05, 0x22, 0x02, 0x29, 0x00, 0xff, 0x32
    .byte 0x00, 0x00, 0x00, 0x00, 0x00, 0x14, 0x38, 0x03, 0x22, 0x02, 0x2c, 0x01, 0x00, 0x00, 0x00, 0x2c
    .byte 0x64, 0x01, 0x00, 0x00, 0x15, 0x1f, 0x18, 0x70, 0x05, 0x00, 0x00, 0x00, 0x00, 0x00, 0x17, 0x00
    .byte 0x15, 0x20, 0x18, 0x70, 0x05, 0x00, 0x10, 0x00, 0x00, 0x00, 0x17, 0x00, 0x15, 0x27, 0x18, 0x70
    .byte 0x17, 0x00, 0x2c, 0xff, 0xff, 0xff, 0xff, 0x2c, 0xff, 0xff, 0xff, 0xff, 0x2c, 0xff, 0xff, 0xff
    .byte 0xff, 0x15, 0x33, 0x25, 0x39, 0x05, 0x22, 0x02, 0x29, 0x00, 0xff, 0x32, 0x00, 0x01, 0x00, 0x00
    .byte 0x00, 0x14, 0x84, 0x03, 0x22, 0x02, 0x2c, 0x01, 0x00, 0x00, 0x00, 0x2c, 0x64, 0x01, 0x00, 0x00
    .byte 0x15, 0x1f, 0x18, 0x70, 0x24, 0x00, 0x0c, 0x00, 0x00, 0x00, 0x17, 0x00, 0x15, 0x20, 0x18, 0x70
    .byte 0x05, 0x00, 0x0c, 0x00, 0x00, 0x00, 0x17, 0x00, 0x15, 0x27, 0x18, 0x70, 0x17, 0x00, 0x2c, 0xff
    .byte 0xff, 0xff, 0xff, 0x2c, 0xff, 0xff, 0xff, 0xff, 0x2c, 0xff, 0xff, 0xff, 0xff, 0x15, 0x33, 0x25
    .byte 0x39, 0x05, 0x22, 0x02, 0x29, 0x00, 0xff, 0x32, 0x00, 0x02, 0x00, 0x00, 0x00, 0x14, 0xd0, 0x03
    .byte 0x22, 0x02, 0x2c, 0x01, 0x00, 0x00, 0x00, 0x2c, 0x64, 0x01, 0x00, 0x00, 0x15, 0x1f, 0x18, 0x70
    .byte 0x24, 0x00, 0x10, 0x00, 0x00, 0x00, 0x17, 0x00, 0x15, 0x20, 0x18, 0x70, 0x05, 0x00, 0x00, 0x00
    .byte 0x00, 0x00, 0x17, 0x00, 0x15, 0x27, 0x18, 0x70, 0x17, 0x00, 0x2c, 0xff, 0xff, 0xff, 0xff, 0x2c
    .byte 0xff, 0xff, 0xff, 0xff, 0x2c, 0xff, 0xff, 0xff, 0xff, 0x15, 0x33, 0x25, 0x39, 0x05, 0x22, 0x02
    .byte 0x29, 0x00, 0xff, 0x32, 0x00, 0x03, 0x00, 0x00, 0x00, 0x14, 0x1c, 0x04, 0x22, 0x02, 0x2c, 0x01
    .byte 0x00, 0x00, 0x00, 0x2c, 0x64, 0x01, 0x00, 0x00, 0x15, 0x1f, 0x18, 0x70, 0x24, 0x00, 0x0c, 0x00
    .byte 0x00, 0x00, 0x17, 0x00, 0x15, 0x20, 0x18, 0x70, 0x24, 0x00, 0x0c, 0x00, 0x00, 0x00, 0x17, 0x00
    .byte 0x15, 0x27, 0x18, 0x70, 0x17, 0x00, 0x2c, 0xff, 0xff, 0xff, 0xff, 0x2c, 0xff, 0xff, 0xff, 0xff
    .byte 0x2c, 0xff, 0xff, 0xff, 0xff, 0x15, 0x33, 0x25, 0x39, 0x05, 0x22, 0x02, 0x29, 0x00, 0xff, 0x32
    .byte 0x00, 0x04, 0x00, 0x00, 0x00, 0x14, 0x68, 0x04, 0x22, 0x02, 0x2c, 0x01, 0x00, 0x00, 0x00, 0x2c
    .byte 0x64, 0x01, 0x00, 0x00, 0x15, 0x1f, 0x18, 0x70, 0x05, 0x00, 0x00, 0x00, 0x00, 0x00, 0x17, 0x00
    .byte 0x15, 0x20, 0x18, 0x70, 0x24, 0x00, 0x10, 0x00, 0x00, 0x00, 0x17, 0x00, 0x15, 0x27, 0x18, 0x70
    .byte 0x17, 0x00, 0x2c, 0xff, 0xff, 0xff, 0xff, 0x2c, 0xff, 0xff, 0xff, 0xff, 0x2c, 0xff, 0xff, 0xff
    .byte 0xff, 0x15, 0x33, 0x25, 0x39, 0x05, 0x22, 0x02, 0x29, 0x00, 0xff, 0x32, 0x00, 0x05, 0x00, 0x00
    .byte 0x00, 0x14, 0xb4, 0x04, 0x22, 0x02, 0x2c, 0x01, 0x00, 0x00, 0x00, 0x2c, 0x64, 0x01, 0x00, 0x00
    .byte 0x15, 0x1f, 0x18, 0x70, 0x05, 0x00, 0x0c, 0x00, 0x00, 0x00, 0x17, 0x00, 0x15, 0x20, 0x18, 0x70
    .byte 0x24, 0x00, 0x0c, 0x00, 0x00, 0x00, 0x17, 0x00, 0x15, 0x27, 0x18, 0x70, 0x17, 0x00, 0x2c, 0xff
    .byte 0xff, 0xff, 0xff, 0x2c, 0xff, 0xff, 0xff, 0xff, 0x2c, 0xff, 0xff, 0xff, 0xff, 0x15, 0x33, 0x25
    .byte 0x39, 0x05, 0x22, 0x02, 0x29, 0x00, 0xff, 0x32, 0x00, 0x06, 0x00, 0x00, 0x00, 0x14, 0x00, 0x05
    .byte 0x22, 0x02, 0x2c, 0x01, 0x00, 0x00, 0x00, 0x2c, 0x64, 0x01, 0x00, 0x00, 0x15, 0x1f, 0x18, 0x70
    .byte 0x05, 0x00, 0x10, 0x00, 0x00, 0x00, 0x17, 0x00, 0x15, 0x20, 0x18, 0x70, 0x05, 0x00, 0x00, 0x00
    .byte 0x00, 0x00, 0x17, 0x00, 0x15, 0x27, 0x18, 0x70, 0x17, 0x00, 0x2c, 0xff, 0xff, 0xff, 0xff, 0x2c
    .byte 0xff, 0xff, 0xff, 0xff, 0x2c, 0xff, 0xff, 0xff, 0xff, 0x15, 0x33, 0x25, 0x39, 0x05, 0x22, 0x02
    .byte 0x2c, 0x01, 0x00, 0x00, 0x00, 0x2c, 0x64, 0x01, 0x00, 0x00, 0x15, 0x1f, 0x18, 0x70, 0x05, 0x00
    .byte 0x0c, 0x00, 0x00, 0x00, 0x17, 0x00, 0x15, 0x20, 0x18, 0x70, 0x05, 0x00, 0x0c, 0x00, 0x00, 0x00
    .byte 0x17, 0x00, 0x15, 0x27, 0x18, 0x70, 0x17, 0x00, 0x2c, 0xff, 0xff, 0xff, 0xff, 0x2c, 0xff, 0xff
    .byte 0xff, 0xff, 0x2c, 0xff, 0xff, 0xff, 0xff, 0x15, 0x33, 0x25, 0x79, 0x07, 0x22, 0x02, 0x2b, 0x00
    .byte 0x02, 0x34, 0x00, 0x19, 0x00, 0x00, 0x00, 0x14, 0x79, 0x07, 0x22, 0x02, 0x29, 0x00, 0xff, 0x32
    .byte 0x00, 0x00, 0x00, 0x00, 0x00, 0x14, 0x94, 0x05, 0x22, 0x02, 0x2c, 0x01, 0x00, 0x00, 0x00, 0x15
    .byte 0x1f, 0x18, 0x70, 0x05, 0x00, 0x00, 0x00, 0x00, 0x00, 0x17, 0x00, 0x15, 0x20, 0x18, 0x70, 0x05
    .byte 0x00, 0x10, 0x00, 0x00, 0x00, 0x17, 0x00, 0x15, 0x27, 0x18, 0x70, 0x17, 0x00, 0x20, 0x00, 0x00
    .byte 0x20, 0x00, 0x00, 0x2c, 0xf4, 0x01, 0x00, 0x00, 0x2c, 0x2c, 0x01, 0x00, 0x00, 0x15, 0xb2, 0x25
    .byte 0x79, 0x07, 0x22, 0x02, 0x29, 0x00, 0xff, 0x32, 0x00, 0x01, 0x00, 0x00, 0x00, 0x14, 0xdc, 0x05
    .byte 0x22, 0x02, 0x2c, 0x01, 0x00, 0x00, 0x00, 0x15, 0x1f, 0x18, 0x70, 0x24, 0x00, 0x0c, 0x00, 0x00
    .byte 0x00, 0x17, 0x00, 0x15, 0x20, 0x18, 0x70, 0x05, 0x00, 0x0c, 0x00, 0x00, 0x00, 0x17, 0x00, 0x15
    .byte 0x27, 0x18, 0x70, 0x17, 0x00, 0x20, 0x00, 0x00, 0x20, 0x00, 0x00, 0x2c, 0xf4, 0x01, 0x00, 0x00
    .byte 0x2c, 0x2c, 0x01, 0x00, 0x00, 0x15, 0xb2, 0x25, 0x79, 0x07, 0x22, 0x02, 0x29, 0x00, 0xff, 0x32
    .byte 0x00, 0x02, 0x00, 0x00, 0x00, 0x14, 0x24, 0x06, 0x22, 0x02, 0x2c, 0x01, 0x00, 0x00, 0x00, 0x15
    .byte 0x1f, 0x18, 0x70, 0x24, 0x00, 0x10, 0x00, 0x00, 0x00, 0x17, 0x00, 0x15, 0x20, 0x18, 0x70, 0x05
    .byte 0x00, 0x00, 0x00, 0x00, 0x00, 0x17, 0x00, 0x15, 0x27, 0x18, 0x70, 0x17, 0x00, 0x20, 0x00, 0x00
    .byte 0x20, 0x00, 0x00, 0x2c, 0xf4, 0x01, 0x00, 0x00, 0x2c, 0x2c, 0x01, 0x00, 0x00, 0x15, 0xb2, 0x25
    .byte 0x79, 0x07, 0x22, 0x02, 0x29, 0x00, 0xff, 0x32, 0x00, 0x03, 0x00, 0x00, 0x00, 0x14, 0x6c, 0x06
    .byte 0x22, 0x02, 0x2c, 0x01, 0x00, 0x00, 0x00, 0x15, 0x1f, 0x18, 0x70, 0x24, 0x00, 0x0c, 0x00, 0x00
    .byte 0x00, 0x17, 0x00, 0x15, 0x20, 0x18, 0x70, 0x24, 0x00, 0x0c, 0x00, 0x00, 0x00, 0x17, 0x00, 0x15
    .byte 0x27, 0x18, 0x70, 0x17, 0x00, 0x20, 0x00, 0x00, 0x20, 0x00, 0x00, 0x2c, 0xf4, 0x01, 0x00, 0x00
    .byte 0x2c, 0x2c, 0x01, 0x00, 0x00, 0x15, 0xb2, 0x25, 0x79, 0x07, 0x22, 0x02, 0x29, 0x00, 0xff, 0x32
    .byte 0x00, 0x04, 0x00, 0x00, 0x00, 0x14, 0xb4, 0x06, 0x22, 0x02, 0x2c, 0x01, 0x00, 0x00, 0x00, 0x15
    .byte 0x1f, 0x18, 0x70, 0x05, 0x00, 0x00, 0x00, 0x00, 0x00, 0x17, 0x00, 0x15, 0x20, 0x18, 0x70, 0x24
    .byte 0x00, 0x10, 0x00, 0x00, 0x00, 0x17, 0x00, 0x15, 0x27, 0x18, 0x70, 0x17, 0x00, 0x20, 0x00, 0x00
    .byte 0x20, 0x00, 0x00, 0x2c, 0xf4, 0x01, 0x00, 0x00, 0x2c, 0x2c, 0x01, 0x00, 0x00, 0x15, 0xb2, 0x25
    .byte 0x79, 0x07, 0x22, 0x02, 0x29, 0x00, 0xff, 0x32, 0x00, 0x05, 0x00, 0x00, 0x00, 0x14, 0xfc, 0x06
    .byte 0x22, 0x02, 0x2c, 0x01, 0x00, 0x00, 0x00, 0x15, 0x1f, 0x18, 0x70, 0x05, 0x00, 0x0c, 0x00, 0x00
    .byte 0x00, 0x17, 0x00, 0x15, 0x20, 0x18, 0x70, 0x24, 0x00, 0x0c, 0x00, 0x00, 0x00, 0x17, 0x00, 0x15
    .byte 0x27, 0x18, 0x70, 0x17, 0x00, 0x20, 0x00, 0x00, 0x20, 0x00, 0x00, 0x2c, 0xf4, 0x01, 0x00, 0x00
    .byte 0x2c, 0x2c, 0x01, 0x00, 0x00, 0x15, 0xb2, 0x25, 0x79, 0x07, 0x22, 0x02, 0x29, 0x00, 0xff, 0x32
    .byte 0x00, 0x06, 0x00, 0x00, 0x00, 0x14, 0x44, 0x07, 0x22, 0x02, 0x2c, 0x01, 0x00, 0x00, 0x00, 0x15
    .byte 0x1f, 0x18, 0x70, 0x05, 0x00, 0x10, 0x00, 0x00, 0x00, 0x17, 0x00, 0x15, 0x20, 0x18, 0x70, 0x05
    .byte 0x00, 0x00, 0x00, 0x00, 0x00, 0x17, 0x00, 0x15, 0x27, 0x18, 0x70, 0x17, 0x00, 0x20, 0x00, 0x00
    .byte 0x20, 0x00, 0x00, 0x2c, 0xf4, 0x01, 0x00, 0x00, 0x2c, 0x2c, 0x01, 0x00, 0x00, 0x15, 0xb2, 0x25
    .byte 0x79, 0x07, 0x22, 0x02, 0x2c, 0x01, 0x00, 0x00, 0x00, 0x15, 0x1f, 0x18, 0x70, 0x05, 0x00, 0x0c
    .byte 0x00, 0x00, 0x00, 0x17, 0x00, 0x15, 0x20, 0x18, 0x70, 0x05, 0x00, 0x0c, 0x00, 0x00, 0x00, 0x17
    .byte 0x00, 0x15, 0x27, 0x18, 0x70, 0x17, 0x00, 0x20, 0x00, 0x00, 0x20, 0x00, 0x00, 0x2c, 0xf4, 0x01
    .byte 0x00, 0x00, 0x2c, 0x2c, 0x01, 0x00, 0x00, 0x15, 0xb2, 0x2f, 0x00, 0x2f, 0x01, 0x15, 0x57, 0x20
    .byte 0x00, 0x00, 0x15, 0x07, 0x15, 0x08, 0x00, 0x2c, 0x02, 0x00, 0x00, 0x00, 0x2c, 0x6a, 0x00, 0x00
    .byte 0x00, 0x15, 0xef, 0x18, 0x70, 0x32, 0x00, 0x01, 0x00, 0x00, 0x00, 0x14, 0xf9, 0x07, 0x22, 0x02
    .byte 0x2c, 0x01, 0x00, 0x00, 0x00, 0x2c, 0x6b, 0x00, 0x00, 0x00, 0x15, 0xef, 0x18, 0x70, 0x32, 0x00
    .byte 0x00, 0x00, 0x00, 0x00, 0x14, 0xf4, 0x07, 0x22, 0x02, 0x03, 0x00, 0xca, 0x00, 0x00, 0x00, 0x26
    .byte 0x00, 0x90, 0x03, 0x00, 0x00, 0x00, 0x00, 0x00, 0x26, 0x00, 0x91, 0x2c, 0x24, 0x00, 0x00, 0x00
    .byte 0x2c, 0x03, 0x24, 0x22, 0x02, 0x15, 0x39, 0x2c, 0x25, 0x00, 0x00, 0x00, 0x2c, 0x7f, 0x23, 0x22
    .byte 0x02, 0x15, 0x39, 0x2c, 0x23, 0x00, 0x00, 0x00, 0x2c, 0xda, 0x21, 0x22, 0x02, 0x15, 0x39, 0x25
    .byte 0xf9, 0x07, 0x22, 0x02, 0x21, 0xeb, 0x09, 0x22, 0x02, 0x2c, 0x74, 0x00, 0x00, 0x00, 0x15, 0x37
    .byte 0x18, 0x70, 0x32, 0x00, 0x00, 0x00, 0x00, 0x00, 0x14, 0x14, 0x08, 0x22, 0x02, 0x2c, 0x7a, 0x05
    .byte 0x00, 0x00, 0x15, 0x35, 0x2c, 0x01, 0x00, 0x00, 0x00, 0x2c, 0x6a, 0x00, 0x00, 0x00, 0x15, 0xef
    .byte 0x18, 0x70, 0x32, 0x00, 0x01, 0x00, 0x00, 0x00, 0x14, 0x3e, 0x08, 0x22, 0x02, 0x2c, 0x21, 0x00
    .byte 0x00, 0x00, 0x2c, 0x2a, 0x2e, 0x22, 0x02, 0x15, 0x39, 0x25, 0x37, 0x09, 0x22, 0x02, 0x2c, 0x02
    .byte 0x00, 0x00, 0x00, 0x2c, 0x6a, 0x00, 0x00, 0x00, 0x15, 0xef, 0x18, 0x70, 0x32, 0x00, 0x01, 0x00
    .byte 0x00, 0x00, 0x14, 0x2b, 0x09, 0x22, 0x02, 0x2c, 0x01, 0x00, 0x00, 0x00, 0x2c, 0x69, 0x00, 0x00
    .byte 0x00, 0x15, 0xef, 0x18, 0x70, 0x32, 0x00, 0x01, 0x00, 0x00, 0x00, 0x14, 0x1a, 0x09, 0x22, 0x02
    .byte 0x2c, 0x01, 0x00, 0x00, 0x00, 0x2c, 0x6b, 0x00, 0x00, 0x00, 0x15, 0xef, 0x18, 0x70, 0x32, 0x00
    .byte 0x01, 0x00, 0x00, 0x00, 0x14, 0x9a, 0x08, 0x22, 0x02, 0x2c, 0x21, 0x00, 0x00, 0x00, 0x2c, 0x42
    .byte 0x2d, 0x22, 0x02, 0x15, 0x39, 0x25, 0x15, 0x09, 0x22, 0x02, 0x2c, 0x93, 0x02, 0x00, 0x00, 0x15
    .byte 0x37, 0x18, 0x70, 0x32, 0x00, 0x01, 0x00, 0x00, 0x00, 0x14, 0xbf, 0x08, 0x22, 0x02, 0x2c, 0x21
    .byte 0x00, 0x00, 0x00, 0x2c, 0x5a, 0x2c, 0x22, 0x02, 0x15, 0x39, 0x25, 0x15, 0x09, 0x22, 0x02, 0x2c
    .byte 0xa1, 0x02, 0x00, 0x00, 0x15, 0x37, 0x18, 0x70, 0x32, 0x00, 0x01, 0x00, 0x00, 0x00, 0x14, 0x09
    .byte 0x09, 0x22, 0x02, 0x2c, 0xb7, 0x02, 0x00, 0x00, 0x15, 0x37, 0x18, 0x70, 0x32, 0x00, 0x01, 0x00
    .byte 0x00, 0x00, 0x14, 0xf8, 0x08, 0x22, 0x02, 0x2c, 0x21, 0x00, 0x00, 0x00, 0x2c, 0x96, 0x2b, 0x22
    .byte 0x02, 0x15, 0x39, 0x25, 0x04, 0x09, 0x22, 0x02, 0x2c, 0x21, 0x00, 0x00, 0x00, 0x2c, 0x36, 0x29
    .byte 0x22, 0x02, 0x15, 0x39, 0x25, 0x15, 0x09, 0x22, 0x02, 0x2c, 0x21, 0x00, 0x00, 0x00, 0x2c, 0x05
    .byte 0x18, 0x22, 0x02, 0x15, 0x39, 0x25, 0x26, 0x09, 0x22, 0x02, 0x2c, 0x21, 0x00, 0x00, 0x00, 0x2c
    .byte 0x05, 0x18, 0x22, 0x02, 0x15, 0x39, 0x25, 0x37, 0x09, 0x22, 0x02, 0x2c, 0x21, 0x00, 0x00, 0x00
    .byte 0x2c, 0x50, 0x24, 0x22, 0x02, 0x15, 0x39, 0x20, 0x00, 0x00, 0x2c, 0xff, 0xff, 0xff, 0xff, 0x2c
    .byte 0xff, 0xff, 0xff, 0xff, 0x15, 0xdd, 0x18, 0x70, 0x14, 0xda, 0x09, 0x22, 0x02, 0x2c, 0x01, 0x00
    .byte 0x00, 0x00, 0x2c, 0xff, 0xff, 0xff, 0xff, 0x2c, 0xff, 0xff, 0xff, 0xff, 0x15, 0xdd, 0x18, 0x70
    .byte 0x32, 0x00, 0x5d, 0x02, 0x00, 0x00, 0x14, 0xda, 0x09, 0x22, 0x02, 0x2c, 0x03, 0x00, 0x00, 0x00
    .byte 0x2c, 0xff, 0xff, 0xff, 0xff, 0x2c, 0xff, 0xff, 0xff, 0xff, 0x15, 0xdd, 0x18, 0x70, 0x35, 0x00
    .byte 0x02, 0x00, 0x00, 0x00, 0x14, 0xda, 0x09, 0x22, 0x02, 0x03, 0x00, 0x08, 0x00, 0x00, 0x00, 0x27
    .byte 0x00, 0x01, 0x2c, 0x03, 0x00, 0x00, 0x00, 0x2c, 0x07, 0xeb, 0x21, 0x02, 0x15, 0x39, 0x2c, 0x04
    .byte 0x00, 0x00, 0x00, 0x2c, 0x07, 0xeb, 0x21, 0x02, 0x15, 0x39, 0x2c, 0x05, 0x00, 0x00, 0x00, 0x2c
    .byte 0x07, 0xeb, 0x21, 0x02, 0x15, 0x39, 0x2c, 0x06, 0x00, 0x00, 0x00, 0x2c, 0x07, 0xeb, 0x21, 0x02
    .byte 0x15, 0x39, 0x2c, 0x07, 0x00, 0x00, 0x00, 0x2c, 0x07, 0xeb, 0x21, 0x02, 0x15, 0x39, 0x2c, 0x08
    .byte 0x00, 0x00, 0x00, 0x2c, 0x07, 0xeb, 0x21, 0x02, 0x15, 0x39, 0x22, 0x2c, 0xe0, 0x00, 0x00, 0x00
    .byte 0x2c, 0xa0, 0x02, 0x00, 0x00, 0x20, 0x00, 0x00, 0x15, 0x02, 0x00, 0x2c, 0x24, 0x00, 0x00, 0x00
    .byte 0x2c, 0x0d, 0xeb, 0x21, 0x02, 0x15, 0x39, 0x2c, 0x25, 0x00, 0x00, 0x00, 0x2c, 0x0d, 0xeb, 0x21
    .byte 0x02, 0x15, 0x39, 0x2c, 0x23, 0x00, 0x00, 0x00, 0x2c, 0x0d, 0xeb, 0x21, 0x02, 0x15, 0x39, 0x22
    .byte 0x20, 0x00, 0x00, 0x15, 0xd7, 0x15, 0x11, 0x18, 0x70, 0x09, 0x00, 0x10, 0x00, 0x00, 0x00, 0x26
    .byte 0x00, 0x40, 0x29, 0x00, 0x40, 0x15, 0x11, 0x18, 0x71, 0x09, 0x01, 0x10, 0x00, 0x00, 0x00, 0x05
    .byte 0x01, 0x01, 0x00, 0x00, 0x00, 0x1e, 0x10, 0x14, 0x9c, 0x0a, 0x22, 0x02, 0x15, 0x10, 0x18, 0x70
    .byte 0x09, 0x00, 0x10, 0x00, 0x00, 0x00, 0x24, 0x00, 0x01, 0x00, 0x00, 0x00, 0x26, 0x00, 0x41, 0x29
    .byte 0x00, 0x41, 0x15, 0x10, 0x18, 0x71, 0x09, 0x01, 0x10, 0x00, 0x00, 0x00, 0x24, 0x01, 0x01, 0x00
    .byte 0x00, 0x00, 0x05, 0x01, 0x02, 0x00, 0x00, 0x00, 0x1e, 0x10, 0x14, 0x8b, 0x0a, 0x22, 0x02, 0x2d
    .byte 0x41, 0x2d, 0x40, 0x2c, 0x04, 0x00, 0x00, 0x00, 0x15, 0x3f, 0x29, 0x00, 0x41, 0x05, 0x00, 0x01
    .byte 0x00, 0x00, 0x00, 0x26, 0x00, 0x41, 0x25, 0x4f, 0x0a, 0x22, 0x02, 0x29, 0x00, 0x40, 0x05, 0x00
    .byte 0x01, 0x00, 0x00, 0x00, 0x26, 0x00, 0x40, 0x25, 0x22, 0x0a, 0x22, 0x02, 0x20, 0x00, 0x00, 0x15
    .byte 0x07, 0x15, 0x08, 0x20, 0x00, 0x00, 0x15, 0x05, 0x2c, 0x01, 0x00, 0x00, 0x00, 0x15, 0x06, 0x2c
    .byte 0x01, 0x00, 0x00, 0x00, 0x2c, 0xbc, 0x0a, 0x22, 0x02, 0x15, 0x29, 0x00, 0x2c, 0x1b, 0x00, 0x00
    .byte 0x00, 0x15, 0x31, 0x18, 0x70, 0x26, 0x00, 0xd2, 0x20, 0x00, 0x00, 0x2c, 0x53, 0xef, 0x21, 0x02
    .byte 0x15, 0x39, 0x20, 0x00, 0x00, 0x15, 0x42, 0x18, 0x70, 0x32, 0x00, 0x00, 0x00, 0x00, 0x00, 0x14
    .byte 0xe9, 0x0a, 0x22, 0x02, 0x01, 0xd2, 0x0a, 0x22, 0x02, 0x15, 0x8b, 0x18, 0x70, 0x32, 0x00, 0x00
    .byte 0x00, 0x00, 0x00, 0x13, 0xfd, 0x0a, 0x22, 0x02, 0x01, 0xe9, 0x0a, 0x22, 0x02, 0x2c, 0xe6, 0x05
    .byte 0x00, 0x00, 0x2c, 0x01, 0x00, 0x00, 0x00, 0x20, 0x00, 0x00, 0x20, 0x00, 0x00, 0x15, 0x59, 0x15
    .byte 0x5a, 0x2c, 0x09, 0x00, 0x00, 0x00, 0x2c, 0xa3, 0x0a, 0x22, 0x02, 0x15, 0x39, 0x00, 0x20, 0x00
    .byte 0x00, 0x15, 0xd7, 0x15, 0x11, 0x18, 0x70, 0x09, 0x00, 0x10, 0x00, 0x00, 0x00, 0x26, 0x00, 0x40
    .byte 0x29, 0x00, 0x40, 0x15, 0x11, 0x18, 0x71, 0x09, 0x01, 0x10, 0x00, 0x00, 0x00, 0x05, 0x01, 0x01
    .byte 0x00, 0x00, 0x00, 0x1e, 0x10, 0x14, 0xaa, 0x0b, 0x22, 0x02, 0x15, 0x10, 0x18, 0x70, 0x09, 0x00
    .byte 0x10, 0x00, 0x00, 0x00, 0x24, 0x00, 0x01, 0x00, 0x00, 0x00, 0x26, 0x00, 0x41, 0x29, 0x00, 0x41
    .byte 0x15, 0x10, 0x18, 0x71, 0x09, 0x01, 0x10, 0x00, 0x00, 0x00, 0x24, 0x01, 0x01, 0x00, 0x00, 0x00
    .byte 0x05, 0x01, 0x02, 0x00, 0x00, 0x00, 0x1e, 0x10, 0x14, 0x99, 0x0b, 0x22, 0x02, 0x2d, 0x41, 0x2d
    .byte 0x40, 0x2c, 0x04, 0x00, 0x00, 0x00, 0x15, 0x3f, 0x29, 0x00, 0x41, 0x05, 0x00, 0x01, 0x00, 0x00
    .byte 0x00, 0x26, 0x00, 0x41, 0x25, 0x5d, 0x0b, 0x22, 0x02, 0x29, 0x00, 0x40, 0x05, 0x00, 0x01, 0x00
    .byte 0x00, 0x00, 0x26, 0x00, 0x40, 0x25, 0x30, 0x0b, 0x22, 0x02, 0x20, 0x00, 0x00, 0x15, 0x07, 0x15
    .byte 0x08, 0x2c, 0x01, 0x00, 0x00, 0x00, 0x15, 0x05, 0x2c, 0x01, 0x00, 0x00, 0x00, 0x15, 0x06, 0x2c
    .byte 0x01, 0x00, 0x00, 0x00, 0x2c, 0xcc, 0x0b, 0x22, 0x02, 0x15, 0x29, 0x00, 0x2c, 0x1b, 0x00, 0x00
    .byte 0x00, 0x15, 0x31, 0x18, 0x70, 0x26, 0x00, 0xd2, 0x20, 0x00, 0x00, 0x2c, 0x53, 0xef, 0x21, 0x02
    .byte 0x15, 0x39, 0x20, 0x00, 0x00, 0x15, 0x42, 0x18, 0x70, 0x32, 0x00, 0x00, 0x00, 0x00, 0x00, 0x14
    .byte 0xf9, 0x0b, 0x22, 0x02, 0x01, 0xe2, 0x0b, 0x22, 0x02, 0x15, 0x8b, 0x18, 0x70, 0x32, 0x00, 0x00
    .byte 0x00, 0x00, 0x00, 0x13, 0x0d, 0x0c, 0x22, 0x02, 0x01, 0xf9, 0x0b, 0x22, 0x02, 0x2c, 0xe7, 0x05
    .byte 0x00, 0x00, 0x2c, 0x01, 0x00, 0x00, 0x00, 0x20, 0x00, 0x00, 0x20, 0x00, 0x00, 0x15, 0x59, 0x15
    .byte 0x5a, 0x2c, 0x0a, 0x00, 0x00, 0x00, 0x2c, 0xb1, 0x0b, 0x22, 0x02, 0x15, 0x39, 0x00, 0x20, 0x00
    .byte 0x00, 0x15, 0xd7, 0x15, 0x11, 0x18, 0x70, 0x09, 0x00, 0x10, 0x00, 0x00, 0x00, 0x26, 0x00, 0x40
    .byte 0x29, 0x00, 0x40, 0x15, 0x11, 0x18, 0x71, 0x09, 0x01, 0x10, 0x00, 0x00, 0x00, 0x05, 0x01, 0x01
    .byte 0x00, 0x00, 0x00, 0x1e, 0x10, 0x14, 0xba, 0x0c, 0x22, 0x02, 0x15, 0x10, 0x18, 0x70, 0x09, 0x00
    .byte 0x10, 0x00, 0x00, 0x00, 0x24, 0x00, 0x01, 0x00, 0x00, 0x00, 0x26, 0x00, 0x41, 0x29, 0x00, 0x41
    .byte 0x15, 0x10, 0x18, 0x71, 0x09, 0x01, 0x10, 0x00, 0x00, 0x00, 0x24, 0x01, 0x01, 0x00, 0x00, 0x00
    .byte 0x05, 0x01, 0x02, 0x00, 0x00, 0x00, 0x1e, 0x10, 0x14, 0xa9, 0x0c, 0x22, 0x02, 0x2d, 0x41, 0x2d
    .byte 0x40, 0x2c, 0x04, 0x00, 0x00, 0x00, 0x15, 0x3f, 0x29, 0x00, 0x41, 0x05, 0x00, 0x01, 0x00, 0x00
    .byte 0x00, 0x26, 0x00, 0x41, 0x25, 0x6d, 0x0c, 0x22, 0x02, 0x29, 0x00, 0x40, 0x05, 0x00, 0x01, 0x00
    .byte 0x00, 0x00, 0x26, 0x00, 0x40, 0x25, 0x40, 0x0c, 0x22, 0x02, 0x20, 0x00, 0x00, 0x15, 0x07, 0x15
    .byte 0x08, 0x2c, 0x02, 0x00, 0x00, 0x00, 0x15, 0x05, 0x2c, 0x01, 0x00, 0x00, 0x00, 0x15, 0x06, 0x2c
    .byte 0x01, 0x00, 0x00, 0x00, 0x2c, 0xdc, 0x0c, 0x22, 0x02, 0x15, 0x29, 0x00, 0x2c, 0x1b, 0x00, 0x00
    .byte 0x00, 0x15, 0x31, 0x18, 0x70, 0x26, 0x00, 0xd2, 0x20, 0x00, 0x00, 0x2c, 0x53, 0xef, 0x21, 0x02
    .byte 0x15, 0x39, 0x20, 0x00, 0x00, 0x15, 0x42, 0x18, 0x70, 0x32, 0x00, 0x00, 0x00, 0x00, 0x00, 0x14
    .byte 0x09, 0x0d, 0x22, 0x02, 0x01, 0xf2, 0x0c, 0x22, 0x02, 0x15, 0x8b, 0x18, 0x70, 0x32, 0x00, 0x00
    .byte 0x00, 0x00, 0x00, 0x13, 0x1d, 0x0d, 0x22, 0x02, 0x01, 0x09, 0x0d, 0x22, 0x02, 0x2c, 0xe8, 0x05
    .byte 0x00, 0x00, 0x2c, 0x01, 0x00, 0x00, 0x00, 0x20, 0x00, 0x00, 0x20, 0x00, 0x00, 0x15, 0x59, 0x15
    .byte 0x5a, 0x2c, 0x0b, 0x00, 0x00, 0x00, 0x2c, 0xc1, 0x0c, 0x22, 0x02, 0x15, 0x39, 0x00, 0x20, 0x00
    .byte 0x00, 0x15, 0xd7, 0x15, 0x11, 0x18, 0x70, 0x09, 0x00, 0x10, 0x00, 0x00, 0x00, 0x26, 0x00, 0x40
    .byte 0x29, 0x00, 0x40, 0x15, 0x11, 0x18, 0x71, 0x09, 0x01, 0x10, 0x00, 0x00, 0x00, 0x05, 0x01, 0x01
    .byte 0x00, 0x00, 0x00, 0x1e, 0x10, 0x14, 0xca, 0x0d, 0x22, 0x02, 0x15, 0x10, 0x18, 0x70, 0x09, 0x00
    .byte 0x10, 0x00, 0x00, 0x00, 0x24, 0x00, 0x01, 0x00, 0x00, 0x00, 0x26, 0x00, 0x41, 0x29, 0x00, 0x41
    .byte 0x15, 0x10, 0x18, 0x71, 0x09, 0x01, 0x10, 0x00, 0x00, 0x00, 0x24, 0x01, 0x01, 0x00, 0x00, 0x00
    .byte 0x05, 0x01, 0x02, 0x00, 0x00, 0x00, 0x1e, 0x10, 0x14, 0xb9, 0x0d, 0x22, 0x02, 0x2d, 0x41, 0x2d
    .byte 0x40, 0x2c, 0x04, 0x00, 0x00, 0x00, 0x15, 0x3f, 0x29, 0x00, 0x41, 0x05, 0x00, 0x01, 0x00, 0x00
    .byte 0x00, 0x26, 0x00, 0x41, 0x25, 0x7d, 0x0d, 0x22, 0x02, 0x29, 0x00, 0x40, 0x05, 0x00, 0x01, 0x00
    .byte 0x00, 0x00, 0x26, 0x00, 0x40, 0x25, 0x50, 0x0d, 0x22, 0x02, 0x20, 0x00, 0x00, 0x15, 0x07, 0x15
    .byte 0x08, 0x2c, 0x03, 0x00, 0x00, 0x00, 0x15, 0x05, 0x2c, 0x01, 0x00, 0x00, 0x00, 0x15, 0x06, 0x2c
    .byte 0x01, 0x00, 0x00, 0x00, 0x2c, 0xec, 0x0d, 0x22, 0x02, 0x15, 0x29, 0x00, 0x2c, 0x1b, 0x00, 0x00
    .byte 0x00, 0x15, 0x31, 0x18, 0x70, 0x26, 0x00, 0xd2, 0x20, 0x00, 0x00, 0x2c, 0x53, 0xef, 0x21, 0x02
    .byte 0x15, 0x39, 0x20, 0x00, 0x00, 0x15, 0x42, 0x18, 0x70, 0x32, 0x00, 0x00, 0x00, 0x00, 0x00, 0x14
    .byte 0x19, 0x0e, 0x22, 0x02, 0x01, 0x02, 0x0e, 0x22, 0x02, 0x15, 0x8b, 0x18, 0x70, 0x32, 0x00, 0x00
    .byte 0x00, 0x00, 0x00, 0x13, 0x2d, 0x0e, 0x22, 0x02, 0x01, 0x19, 0x0e, 0x22, 0x02, 0x2c, 0xe9, 0x05
    .byte 0x00, 0x00, 0x2c, 0x01, 0x00, 0x00, 0x00, 0x20, 0x00, 0x00, 0x20, 0x00, 0x00, 0x15, 0x59, 0x15
    .byte 0x5a, 0x2c, 0x0c, 0x00, 0x00, 0x00, 0x2c, 0xd1, 0x0d, 0x22, 0x02, 0x15, 0x39, 0x00, 0x20, 0x00
    .byte 0x00, 0x15, 0xd7, 0x15, 0x11, 0x18, 0x70, 0x09, 0x00, 0x10, 0x00, 0x00, 0x00, 0x26, 0x00, 0x40
    .byte 0x29, 0x00, 0x40, 0x15, 0x11, 0x18, 0x71, 0x09, 0x01, 0x10, 0x00, 0x00, 0x00, 0x05, 0x01, 0x01
    .byte 0x00, 0x00, 0x00, 0x1e, 0x10, 0x14, 0xda, 0x0e, 0x22, 0x02, 0x15, 0x10, 0x18, 0x70, 0x09, 0x00
    .byte 0x10, 0x00, 0x00, 0x00, 0x24, 0x00, 0x01, 0x00, 0x00, 0x00, 0x26, 0x00, 0x41, 0x29, 0x00, 0x41
    .byte 0x15, 0x10, 0x18, 0x71, 0x09, 0x01, 0x10, 0x00, 0x00, 0x00, 0x24, 0x01, 0x01, 0x00, 0x00, 0x00
    .byte 0x05, 0x01, 0x02, 0x00, 0x00, 0x00, 0x1e, 0x10, 0x14, 0xc9, 0x0e, 0x22, 0x02, 0x2d, 0x41, 0x2d
    .byte 0x40, 0x2c, 0x04, 0x00, 0x00, 0x00, 0x15, 0x3f, 0x29, 0x00, 0x41, 0x05, 0x00, 0x01, 0x00, 0x00
    .byte 0x00, 0x26, 0x00, 0x41, 0x25, 0x8d, 0x0e, 0x22, 0x02, 0x29, 0x00, 0x40, 0x05, 0x00, 0x01, 0x00
    .byte 0x00, 0x00, 0x26, 0x00, 0x40, 0x25, 0x60, 0x0e, 0x22, 0x02, 0x20, 0x00, 0x00, 0x15, 0x07, 0x15
    .byte 0x08, 0x2c, 0x04, 0x00, 0x00, 0x00, 0x15, 0x05, 0x2c, 0x01, 0x00, 0x00, 0x00, 0x15, 0x06, 0x2c
    .byte 0x01, 0x00, 0x00, 0x00, 0x2c, 0xfc, 0x0e, 0x22, 0x02, 0x15, 0x29, 0x00, 0x2c, 0x1b, 0x00, 0x00
    .byte 0x00, 0x15, 0x31, 0x18, 0x70, 0x26, 0x00, 0xd2, 0x20, 0x00, 0x00, 0x2c, 0x53, 0xef, 0x21, 0x02
    .byte 0x15, 0x39, 0x20, 0x00, 0x00, 0x15, 0x42, 0x18, 0x70, 0x32, 0x00, 0x00, 0x00, 0x00, 0x00, 0x14
    .byte 0x29, 0x0f, 0x22, 0x02, 0x01, 0x12, 0x0f, 0x22, 0x02, 0x15, 0x8b, 0x18, 0x70, 0x32, 0x00, 0x00
    .byte 0x00, 0x00, 0x00, 0x13, 0x3d, 0x0f, 0x22, 0x02, 0x01, 0x29, 0x0f, 0x22, 0x02, 0x2c, 0xea, 0x05
    .byte 0x00, 0x00, 0x2c, 0x01, 0x00, 0x00, 0x00, 0x20, 0x00, 0x00, 0x20, 0x00, 0x00, 0x15, 0x59, 0x15
    .byte 0x5a, 0x2c, 0x0e, 0x00, 0x00, 0x00, 0x2c, 0xe1, 0x0e, 0x22, 0x02, 0x15, 0x39, 0x00, 0x20, 0x00
    .byte 0x00, 0x15, 0xd7, 0x15, 0x11, 0x18, 0x70, 0x09, 0x00, 0x10, 0x00, 0x00, 0x00, 0x26, 0x00, 0x40
    .byte 0x29, 0x00, 0x40, 0x15, 0x11, 0x18, 0x71, 0x09, 0x01, 0x10, 0x00, 0x00, 0x00, 0x05, 0x01, 0x01
    .byte 0x00, 0x00, 0x00, 0x1e, 0x10, 0x14, 0xea, 0x0f, 0x22, 0x02, 0x15, 0x10, 0x18, 0x70, 0x09, 0x00
    .byte 0x10, 0x00, 0x00, 0x00, 0x24, 0x00, 0x01, 0x00, 0x00, 0x00, 0x26, 0x00, 0x41, 0x29, 0x00, 0x41
    .byte 0x15, 0x10, 0x18, 0x71, 0x09, 0x01, 0x10, 0x00, 0x00, 0x00, 0x24, 0x01, 0x01, 0x00, 0x00, 0x00
    .byte 0x05, 0x01, 0x02, 0x00, 0x00, 0x00, 0x1e, 0x10, 0x14, 0xd9, 0x0f, 0x22, 0x02, 0x2d, 0x41, 0x2d
    .byte 0x40, 0x2c, 0x04, 0x00, 0x00, 0x00, 0x15, 0x3f, 0x29, 0x00, 0x41, 0x05, 0x00, 0x01, 0x00, 0x00
    .byte 0x00, 0x26, 0x00, 0x41, 0x25, 0x9d, 0x0f, 0x22, 0x02, 0x29, 0x00, 0x40, 0x05, 0x00, 0x01, 0x00
    .byte 0x00, 0x00, 0x26, 0x00, 0x40, 0x25, 0x70, 0x0f, 0x22, 0x02, 0x20, 0x00, 0x00, 0x15, 0x07, 0x15
    .byte 0x08, 0x20, 0x00, 0x00, 0x15, 0x05, 0x2c, 0x01, 0x00, 0x00, 0x00, 0x15, 0x06, 0x2c, 0x01, 0x00
    .byte 0x00, 0x00, 0x2c, 0x0a, 0x10, 0x22, 0x02, 0x15, 0x29, 0x00, 0x2c, 0x1b, 0x00, 0x00, 0x00, 0x15
    .byte 0x31, 0x18, 0x70, 0x26, 0x00, 0xd2, 0x20, 0x00, 0x00, 0x2c, 0x53, 0xef, 0x21, 0x02, 0x15, 0x39
    .byte 0x20, 0x00, 0x00, 0x15, 0x42, 0x18, 0x70, 0x32, 0x00, 0x00, 0x00, 0x00, 0x00, 0x14, 0x37, 0x10
    .byte 0x22, 0x02, 0x01, 0x20, 0x10, 0x22, 0x02, 0x15, 0x8b, 0x18, 0x70, 0x32, 0x00, 0x00, 0x00, 0x00
    .byte 0x00, 0x13, 0x4b, 0x10, 0x22, 0x02, 0x01, 0x37, 0x10, 0x22, 0x02, 0x2c, 0xeb, 0x05, 0x00, 0x00
    .byte 0x2c, 0x01, 0x00, 0x00, 0x00, 0x20, 0x00, 0x00, 0x20, 0x00, 0x00, 0x15, 0x59, 0x15, 0x5a, 0x2c
    .byte 0x0f, 0x00, 0x00, 0x00, 0x2c, 0xf1, 0x0f, 0x22, 0x02, 0x15, 0x39, 0x00, 0x20, 0x00, 0x00, 0x15
    .byte 0xd7, 0x15, 0x11, 0x18, 0x70, 0x09, 0x00, 0x10, 0x00, 0x00, 0x00, 0x26, 0x00, 0x40, 0x29, 0x00
    .byte 0x40, 0x15, 0x11, 0x18, 0x71, 0x09, 0x01, 0x10, 0x00, 0x00, 0x00, 0x05, 0x01, 0x01, 0x00, 0x00
    .byte 0x00, 0x1e, 0x10, 0x14, 0xf8, 0x10, 0x22, 0x02, 0x15, 0x10, 0x18, 0x70, 0x09, 0x00, 0x10, 0x00
    .byte 0x00, 0x00, 0x24, 0x00, 0x01, 0x00, 0x00, 0x00, 0x26, 0x00, 0x41, 0x29, 0x00, 0x41, 0x15, 0x10
    .byte 0x18, 0x71, 0x09, 0x01, 0x10, 0x00, 0x00, 0x00, 0x24, 0x01, 0x01, 0x00, 0x00, 0x00, 0x05, 0x01
    .byte 0x02, 0x00, 0x00, 0x00, 0x1e, 0x10, 0x14, 0xe7, 0x10, 0x22, 0x02, 0x2d, 0x41, 0x2d, 0x40, 0x2c
    .byte 0x04, 0x00, 0x00, 0x00, 0x15, 0x3f, 0x29, 0x00, 0x41, 0x05, 0x00, 0x01, 0x00, 0x00, 0x00, 0x26
    .byte 0x00, 0x41, 0x25, 0xab, 0x10, 0x22, 0x02, 0x29, 0x00, 0x40, 0x05, 0x00, 0x01, 0x00, 0x00, 0x00
    .byte 0x26, 0x00, 0x40, 0x25, 0x7e, 0x10, 0x22, 0x02, 0x20, 0x00, 0x00, 0x15, 0x07, 0x15, 0x08, 0x2c
    .byte 0x06, 0x00, 0x00, 0x00, 0x15, 0x05, 0x2c, 0x01, 0x00, 0x00, 0x00, 0x15, 0x06, 0x2c, 0x01, 0x00
    .byte 0x00, 0x00, 0x2c, 0x1a, 0x11, 0x22, 0x02, 0x15, 0x29, 0x00, 0x2c, 0x1b, 0x00, 0x00, 0x00, 0x15
    .byte 0x31, 0x18, 0x70, 0x26, 0x00, 0xd2, 0x20, 0x00, 0x00, 0x2c, 0x53, 0xef, 0x21, 0x02, 0x15, 0x39
    .byte 0x20, 0x00, 0x00, 0x15, 0x42, 0x18, 0x70, 0x32, 0x00, 0x00, 0x00, 0x00, 0x00, 0x14, 0x47, 0x11
    .byte 0x22, 0x02, 0x01, 0x30, 0x11, 0x22, 0x02, 0x15, 0x8b, 0x18, 0x70, 0x32, 0x00, 0x00, 0x00, 0x00
    .byte 0x00, 0x13, 0x5b, 0x11, 0x22, 0x02, 0x01, 0x47, 0x11, 0x22, 0x02, 0x2c, 0xec, 0x05, 0x00, 0x00
    .byte 0x2c, 0x01, 0x00, 0x00, 0x00, 0x20, 0x00, 0x00, 0x20, 0x00, 0x00, 0x15, 0x59, 0x15, 0x5a, 0x2c
    .byte 0x10, 0x00, 0x00, 0x00, 0x2c, 0xff, 0x10, 0x22, 0x02, 0x15, 0x39, 0x00, 0x20, 0x00, 0x00, 0x15
    .byte 0xd7, 0x15, 0x11, 0x18, 0x70, 0x09, 0x00, 0x10, 0x00, 0x00, 0x00, 0x26, 0x00, 0x40, 0x29, 0x00
    .byte 0x40, 0x15, 0x11, 0x18, 0x71, 0x09, 0x01, 0x10, 0x00, 0x00, 0x00, 0x05, 0x01, 0x01, 0x00, 0x00
    .byte 0x00, 0x1e, 0x10, 0x14, 0xfc, 0x11, 0x22, 0x02, 0x15, 0x10, 0x18, 0x70, 0x09, 0x00, 0x10, 0x00
    .byte 0x00, 0x00, 0x26, 0x00, 0x41, 0x29, 0x00, 0x41, 0x15, 0x10, 0x18, 0x71, 0x09, 0x01, 0x10, 0x00
    .byte 0x00, 0x00, 0x05, 0x01, 0x01, 0x00, 0x00, 0x00, 0x1e, 0x10, 0x14, 0xeb, 0x11, 0x22, 0x02, 0x2d
    .byte 0x41, 0x2d, 0x40, 0x2c, 0x03, 0x00, 0x00, 0x00, 0x15, 0x3f, 0x29, 0x00, 0x41, 0x05, 0x00, 0x01
    .byte 0x00, 0x00, 0x00, 0x26, 0x00, 0x41, 0x25, 0xb5, 0x11, 0x22, 0x02, 0x29, 0x00, 0x40, 0x05, 0x00
    .byte 0x01, 0x00, 0x00, 0x00, 0x26, 0x00, 0x40, 0x25, 0x8e, 0x11, 0x22, 0x02, 0x20, 0x00, 0x00, 0x15
    .byte 0x07, 0x15, 0x08, 0x2c, 0x07, 0x00, 0x00, 0x00, 0x15, 0x05, 0x2c, 0x01, 0x00, 0x00, 0x00, 0x15
    .byte 0x06, 0x2c, 0x01, 0x00, 0x00, 0x00, 0x2c, 0x1e, 0x12, 0x22, 0x02, 0x15, 0x29, 0x00, 0x2c, 0x1b
    .byte 0x00, 0x00, 0x00, 0x15, 0x31, 0x18, 0x70, 0x26, 0x00, 0xd2, 0x20, 0x00, 0x00, 0x2c, 0x53, 0xef
    .byte 0x21, 0x02, 0x15, 0x39, 0x20, 0x00, 0x00, 0x15, 0x42, 0x18, 0x70, 0x32, 0x00, 0x00, 0x00, 0x00
    .byte 0x00, 0x14, 0x4b, 0x12, 0x22, 0x02, 0x01, 0x34, 0x12, 0x22, 0x02, 0x15, 0x8b, 0x18, 0x70, 0x32
    .byte 0x00, 0x00, 0x00, 0x00, 0x00, 0x13, 0x5f, 0x12, 0x22, 0x02, 0x01, 0x4b, 0x12, 0x22, 0x02, 0x2c
    .byte 0xed, 0x05, 0x00, 0x00, 0x2c, 0x01, 0x00, 0x00, 0x00, 0x20, 0x00, 0x00, 0x20, 0x00, 0x00, 0x15
    .byte 0x59, 0x15, 0x5a, 0x2c, 0x12, 0x00, 0x00, 0x00, 0x2c, 0x03, 0x12, 0x22, 0x02, 0x15, 0x39, 0x00
    .byte 0x20, 0x00, 0x00, 0x15, 0xd7, 0x15, 0x11, 0x18, 0x70, 0x09, 0x00, 0x10, 0x00, 0x00, 0x00, 0x26
    .byte 0x00, 0x40, 0x29, 0x00, 0x40, 0x15, 0x11, 0x18, 0x71, 0x09, 0x01, 0x10, 0x00, 0x00, 0x00, 0x05
    .byte 0x01, 0x01, 0x00, 0x00, 0x00, 0x1e, 0x10, 0x14, 0x0c, 0x13, 0x22, 0x02, 0x15, 0x10, 0x18, 0x70
    .byte 0x09, 0x00, 0x10, 0x00, 0x00, 0x00, 0x24, 0x00, 0x01, 0x00, 0x00, 0x00, 0x26, 0x00, 0x41, 0x29
    .byte 0x00, 0x41, 0x15, 0x10, 0x18, 0x71, 0x09, 0x01, 0x10, 0x00, 0x00, 0x00, 0x24, 0x01, 0x01, 0x00
    .byte 0x00, 0x00, 0x05, 0x01, 0x02, 0x00, 0x00, 0x00, 0x1e, 0x10, 0x14, 0xfb, 0x12, 0x22, 0x02, 0x2d
    .byte 0x41, 0x2d, 0x40, 0x2c, 0x04, 0x00, 0x00, 0x00, 0x15, 0x3f, 0x29, 0x00, 0x41, 0x05, 0x00, 0x01
    .byte 0x00, 0x00, 0x00, 0x26, 0x00, 0x41, 0x25, 0xbf, 0x12, 0x22, 0x02, 0x29, 0x00, 0x40, 0x05, 0x00
    .byte 0x01, 0x00, 0x00, 0x00, 0x26, 0x00, 0x40, 0x25, 0x92, 0x12, 0x22, 0x02, 0x20, 0x00, 0x00, 0x15
    .byte 0x07, 0x15, 0x08, 0x20, 0x00, 0x00, 0x15, 0x05, 0x2c, 0x01, 0x00, 0x00, 0x00, 0x15, 0x06, 0x2c
    .byte 0x01, 0x00, 0x00, 0x00, 0x2c, 0x2c, 0x13, 0x22, 0x02, 0x15, 0x29, 0x00, 0x2c, 0x1b, 0x00, 0x00
    .byte 0x00, 0x15, 0x31, 0x18, 0x70, 0x26, 0x00, 0xd2, 0x20, 0x00, 0x00, 0x2c, 0x53, 0xef, 0x21, 0x02
    .byte 0x15, 0x39, 0x20, 0x00, 0x00, 0x15, 0x42, 0x18, 0x70, 0x32, 0x00, 0x00, 0x00, 0x00, 0x00, 0x14
    .byte 0x59, 0x13, 0x22, 0x02, 0x01, 0x42, 0x13, 0x22, 0x02, 0x15, 0x8b, 0x18, 0x70, 0x32, 0x00, 0x00
    .byte 0x00, 0x00, 0x00, 0x13, 0x6d, 0x13, 0x22, 0x02, 0x01, 0x59, 0x13, 0x22, 0x02, 0x2c, 0xe6, 0x05
    .byte 0x00, 0x00, 0x2c, 0x01, 0x00, 0x00, 0x00, 0x20, 0x00, 0x00, 0x20, 0x00, 0x00, 0x15, 0x59, 0x15
    .byte 0x5a, 0x2c, 0x13, 0x00, 0x00, 0x00, 0x2c, 0x13, 0x13, 0x22, 0x02, 0x15, 0x39, 0x00, 0x20, 0x00
    .byte 0x00, 0x15, 0xd7, 0x15, 0x11, 0x18, 0x70, 0x09, 0x00, 0x10, 0x00, 0x00, 0x00, 0x26, 0x00, 0x40
    .byte 0x29, 0x00, 0x40, 0x15, 0x11, 0x18, 0x71, 0x09, 0x01, 0x10, 0x00, 0x00, 0x00, 0x05, 0x01, 0x01
    .byte 0x00, 0x00, 0x00, 0x1e, 0x10, 0x14, 0x1a, 0x14, 0x22, 0x02, 0x15, 0x10, 0x18, 0x70, 0x09, 0x00
    .byte 0x10, 0x00, 0x00, 0x00, 0x24, 0x00, 0x01, 0x00, 0x00, 0x00, 0x26, 0x00, 0x41, 0x29, 0x00, 0x41
    .byte 0x15, 0x10, 0x18, 0x71, 0x09, 0x01, 0x10, 0x00, 0x00, 0x00, 0x24, 0x01, 0x01, 0x00, 0x00, 0x00
    .byte 0x05, 0x01, 0x02, 0x00, 0x00, 0x00, 0x1e, 0x10, 0x14, 0x09, 0x14, 0x22, 0x02, 0x2d, 0x41, 0x2d
    .byte 0x40, 0x2c, 0x04, 0x00, 0x00, 0x00, 0x15, 0x3f, 0x29, 0x00, 0x41, 0x05, 0x00, 0x01, 0x00, 0x00
    .byte 0x00, 0x26, 0x00, 0x41, 0x25, 0xcd, 0x13, 0x22, 0x02, 0x29, 0x00, 0x40, 0x05, 0x00, 0x01, 0x00
    .byte 0x00, 0x00, 0x26, 0x00, 0x40, 0x25, 0xa0, 0x13, 0x22, 0x02, 0x20, 0x00, 0x00, 0x15, 0x07, 0x15
    .byte 0x08, 0x2c, 0x01, 0x00, 0x00, 0x00, 0x15, 0x05, 0x2c, 0x01, 0x00, 0x00, 0x00, 0x15, 0x06, 0x2c
    .byte 0x01, 0x00, 0x00, 0x00, 0x2c, 0x3c, 0x14, 0x22, 0x02, 0x15, 0x29, 0x00, 0x2c, 0x1b, 0x00, 0x00
    .byte 0x00, 0x15, 0x31, 0x18, 0x70, 0x26, 0x00, 0xd2, 0x20, 0x00, 0x00, 0x2c, 0x53, 0xef, 0x21, 0x02
    .byte 0x15, 0x39, 0x20, 0x00, 0x00, 0x15, 0x42, 0x18, 0x70, 0x32, 0x00, 0x00, 0x00, 0x00, 0x00, 0x14
    .byte 0x69, 0x14, 0x22, 0x02, 0x01, 0x52, 0x14, 0x22, 0x02, 0x15, 0x8b, 0x18, 0x70, 0x32, 0x00, 0x00
    .byte 0x00, 0x00, 0x00, 0x13, 0x7d, 0x14, 0x22, 0x02, 0x01, 0x69, 0x14, 0x22, 0x02, 0x2c, 0xe7, 0x05
    .byte 0x00, 0x00, 0x2c, 0x01, 0x00, 0x00, 0x00, 0x20, 0x00, 0x00, 0x20, 0x00, 0x00, 0x15, 0x59, 0x15
    .byte 0x5a, 0x2c, 0x14, 0x00, 0x00, 0x00, 0x2c, 0x21, 0x14, 0x22, 0x02, 0x15, 0x39, 0x00, 0x20, 0x00
    .byte 0x00, 0x15, 0xd7, 0x15, 0x11, 0x18, 0x70, 0x09, 0x00, 0x10, 0x00, 0x00, 0x00, 0x26, 0x00, 0x40
    .byte 0x29, 0x00, 0x40, 0x15, 0x11, 0x18, 0x71, 0x09, 0x01, 0x10, 0x00, 0x00, 0x00, 0x05, 0x01, 0x01
    .byte 0x00, 0x00, 0x00, 0x1e, 0x10, 0x14, 0x2a, 0x15, 0x22, 0x02, 0x15, 0x10, 0x18, 0x70, 0x09, 0x00
    .byte 0x10, 0x00, 0x00, 0x00, 0x24, 0x00, 0x01, 0x00, 0x00, 0x00, 0x26, 0x00, 0x41, 0x29, 0x00, 0x41
    .byte 0x15, 0x10, 0x18, 0x71, 0x09, 0x01, 0x10, 0x00, 0x00, 0x00, 0x24, 0x01, 0x01, 0x00, 0x00, 0x00
    .byte 0x05, 0x01, 0x02, 0x00, 0x00, 0x00, 0x1e, 0x10, 0x14, 0x19, 0x15, 0x22, 0x02, 0x2d, 0x41, 0x2d
    .byte 0x40, 0x2c, 0x04, 0x00, 0x00, 0x00, 0x15, 0x3f, 0x29, 0x00, 0x41, 0x05, 0x00, 0x01, 0x00, 0x00
    .byte 0x00, 0x26, 0x00, 0x41, 0x25, 0xdd, 0x14, 0x22, 0x02, 0x29, 0x00, 0x40, 0x05, 0x00, 0x01, 0x00
    .byte 0x00, 0x00, 0x26, 0x00, 0x40, 0x25, 0xb0, 0x14, 0x22, 0x02, 0x20, 0x00, 0x00, 0x15, 0x07, 0x15
    .byte 0x08, 0x2c, 0x02, 0x00, 0x00, 0x00, 0x15, 0x05, 0x2c, 0x01, 0x00, 0x00, 0x00, 0x15, 0x06, 0x2c
    .byte 0x01, 0x00, 0x00, 0x00, 0x2c, 0x4c, 0x15, 0x22, 0x02, 0x15, 0x29, 0x00, 0x2c, 0x1b, 0x00, 0x00
    .byte 0x00, 0x15, 0x31, 0x18, 0x70, 0x26, 0x00, 0xd2, 0x20, 0x00, 0x00, 0x2c, 0x53, 0xef, 0x21, 0x02
    .byte 0x15, 0x39, 0x20, 0x00, 0x00, 0x15, 0x42, 0x18, 0x70, 0x32, 0x00, 0x00, 0x00, 0x00, 0x00, 0x14
    .byte 0x79, 0x15, 0x22, 0x02, 0x01, 0x62, 0x15, 0x22, 0x02, 0x15, 0x8b, 0x18, 0x70, 0x32, 0x00, 0x00
    .byte 0x00, 0x00, 0x00, 0x13, 0x8d, 0x15, 0x22, 0x02, 0x01, 0x79, 0x15, 0x22, 0x02, 0x2c, 0xe8, 0x05
    .byte 0x00, 0x00, 0x2c, 0x01, 0x00, 0x00, 0x00, 0x20, 0x00, 0x00, 0x20, 0x00, 0x00, 0x15, 0x59, 0x15
    .byte 0x5a, 0x2c, 0x16, 0x00, 0x00, 0x00, 0x2c, 0x31, 0x15, 0x22, 0x02, 0x15, 0x39, 0x00, 0x00, 0x15
    .byte 0x11, 0x18, 0x70, 0x09, 0x00, 0x10, 0x00, 0x00, 0x00, 0x26, 0x00, 0x40, 0x29, 0x00, 0x40, 0x15
    .byte 0x11, 0x18, 0x71, 0x09, 0x01, 0x10, 0x00, 0x00, 0x00, 0x05, 0x01, 0x01, 0x00, 0x00, 0x00, 0x1e
    .byte 0x10, 0x14, 0x2a, 0x16, 0x22, 0x02, 0x15, 0x10, 0x18, 0x70, 0x09, 0x00, 0x10, 0x00, 0x00, 0x00
    .byte 0x26, 0x00, 0x41, 0x29, 0x00, 0x41, 0x15, 0x10, 0x18, 0x71, 0x09, 0x01, 0x10, 0x00, 0x00, 0x00
    .byte 0x05, 0x01, 0x01, 0x00, 0x00, 0x00, 0x1e, 0x10, 0x14, 0x19, 0x16, 0x22, 0x02, 0x2d, 0x41, 0x2d
    .byte 0x40, 0x2c, 0x02, 0x00, 0x00, 0x00, 0x15, 0x3f, 0x29, 0x00, 0x41, 0x05, 0x00, 0x01, 0x00, 0x00
    .byte 0x00, 0x26, 0x00, 0x41, 0x25, 0xe3, 0x15, 0x22, 0x02, 0x29, 0x00, 0x40, 0x05, 0x00, 0x01, 0x00
    .byte 0x00, 0x00, 0x26, 0x00, 0x40, 0x25, 0xbc, 0x15, 0x22, 0x02, 0x20, 0x00, 0x00, 0x15, 0x07, 0x15
    .byte 0x08, 0x00, 0x15, 0x11, 0x18, 0x70, 0x09, 0x00, 0x10, 0x00, 0x00, 0x00, 0x26, 0x00, 0x40, 0x29
    .byte 0x00, 0x40, 0x15, 0x11, 0x18, 0x71, 0x09, 0x01, 0x10, 0x00, 0x00, 0x00, 0x05, 0x01, 0x01, 0x00
    .byte 0x00, 0x00, 0x1e, 0x10, 0x14, 0xad, 0x16, 0x22, 0x02, 0x15, 0x10, 0x18, 0x70, 0x09, 0x00, 0x10
    .byte 0x00, 0x00, 0x00, 0x26, 0x00, 0x41, 0x29, 0x00, 0x41, 0x15, 0x10, 0x18, 0x71, 0x09, 0x01, 0x10
    .byte 0x00, 0x00, 0x00, 0x05, 0x01, 0x01, 0x00, 0x00, 0x00, 0x1e, 0x10, 0x14, 0x9c, 0x16, 0x22, 0x02
    .byte 0x2d, 0x41, 0x2d, 0x40, 0x2c, 0x02, 0x00, 0x00, 0x00, 0x15, 0x3f, 0x29, 0x00, 0x41, 0x05, 0x00
    .byte 0x01, 0x00, 0x00, 0x00, 0x26, 0x00, 0x41, 0x25, 0x66, 0x16, 0x22, 0x02, 0x29, 0x00, 0x40, 0x05
    .byte 0x00, 0x01, 0x00, 0x00, 0x00, 0x26, 0x00, 0x40, 0x25, 0x3f, 0x16, 0x22, 0x02, 0x20, 0x00, 0x00
    .byte 0x15, 0x07, 0x15, 0x08, 0x00, 0x03, 0x00, 0x00, 0x00, 0x00, 0x00, 0x28, 0x00, 0x00, 0x2c, 0xf4
    .byte 0x03, 0x00, 0x00, 0x15, 0x37, 0x18, 0x70, 0x32, 0x00, 0x01, 0x00, 0x00, 0x00, 0x14, 0xde, 0x16
    .byte 0x22, 0x02, 0x21, 0x87, 0x17, 0x22, 0x02, 0x2c, 0xf4, 0x03, 0x00, 0x00, 0x15, 0x36, 0x2a, 0x00
    .byte 0x01, 0x33, 0x00, 0x00, 0x00, 0x00, 0x00, 0x14, 0x19, 0x17, 0x22, 0x02, 0x2c, 0x04, 0x00, 0x00
    .byte 0x00, 0x2c, 0x01, 0x00, 0x00, 0x00, 0x20, 0x00, 0x00, 0x20, 0x00, 0x00, 0x20, 0x00, 0x00, 0x20
    .byte 0x00, 0x00, 0x15, 0xbe, 0x2c, 0x06, 0x00, 0x00, 0x00, 0x20, 0x00, 0x00, 0x20, 0x00, 0x00, 0x20
    .byte 0x00, 0x00, 0x15, 0xcd, 0x25, 0x4c, 0x17, 0x22, 0x02, 0x2c, 0x04, 0x00, 0x00, 0x00, 0x2c, 0x01
    .byte 0x00, 0x00, 0x00, 0x2c, 0x01, 0x00, 0x00, 0x00, 0x20, 0x00, 0x00, 0x20, 0x00, 0x00, 0x20, 0x00
    .byte 0x00, 0x15, 0xbe, 0x2c, 0x05, 0x00, 0x00, 0x00, 0x2c, 0x01, 0x00, 0x00, 0x00, 0x2e, 0x01, 0x2c
    .byte 0x10, 0x00, 0x00, 0x00, 0x20, 0x00, 0x00, 0x20, 0x00, 0x00, 0x15, 0xbe, 0x2c, 0x03, 0x00, 0x00
    .byte 0x00, 0x2c, 0x01, 0x00, 0x00, 0x00, 0x20, 0x00, 0x00, 0x2b, 0x00, 0x00, 0x09, 0x00, 0x00, 0x01
    .byte 0x00, 0x00, 0x17, 0x00, 0x20, 0x00, 0x00, 0x20, 0x00, 0x00, 0x15, 0xbe, 0x2b, 0x00, 0x00, 0x05
    .byte 0x00, 0x00, 0x05, 0x00, 0x00, 0x28, 0x00, 0x00, 0x2c, 0x01, 0x00, 0x00, 0x00, 0x15, 0x07, 0x15
    .byte 0x08, 0x25, 0xbe, 0x16, 0x22, 0x02, 0x00, 0x2c, 0x01, 0x00, 0x00, 0x00, 0x2c, 0x01, 0x00, 0x00
    .byte 0x00, 0x20, 0x00, 0x00, 0x20, 0x00, 0x00, 0x2c, 0x02, 0x00, 0x00, 0x00, 0x20, 0x00, 0x00, 0x15
    .byte 0xbe, 0x2c, 0x02, 0x00, 0x00, 0x00, 0x2c, 0x01, 0x00, 0x00, 0x00, 0x2c, 0x5e, 0x90, 0x00, 0x00
    .byte 0x2c, 0x5f, 0x90, 0x00, 0x00, 0x2c, 0x60, 0x90, 0x00, 0x00, 0x2c, 0x0f, 0x00, 0x00, 0x00, 0x15
    .byte 0xbe, 0x2c, 0x04, 0x00, 0x00, 0x00, 0x2c, 0x01, 0x00, 0x00, 0x00, 0x2c, 0x01, 0x00, 0x00, 0x00
    .byte 0x20, 0x00, 0x00, 0x20, 0x00, 0x00, 0x20, 0x00, 0x00, 0x15, 0xbe, 0x2c, 0x03, 0x00, 0x00, 0x00
    .byte 0x2c, 0x01, 0x00, 0x00, 0x00, 0x20, 0x00, 0x00, 0x20, 0x00, 0x00, 0x20, 0x00, 0x00, 0x20, 0x00
    .byte 0x00, 0x15, 0xbe, 0x22, 0x20, 0x00, 0x00, 0x15, 0x05, 0x20, 0x00, 0x00, 0x15, 0x09, 0x00, 0x01
    .byte 0x05, 0x18, 0x22, 0x02, 0x00, 0x2c, 0x74, 0x00, 0x00, 0x00, 0x15, 0x37, 0x18, 0x70, 0x32, 0x00
    .byte 0x00, 0x00, 0x00, 0x00, 0x14, 0x23, 0x18, 0x22, 0x02, 0x20, 0x00, 0x00, 0x15, 0x05, 0x25, 0x2a
    .byte 0x18, 0x22, 0x02, 0x2c, 0x03, 0x00, 0x00, 0x00, 0x15, 0x05, 0x2c, 0x01, 0x00, 0x00, 0x00, 0x2c
    .byte 0x6a, 0x19, 0x22, 0x02, 0x15, 0x29, 0x2b, 0x00, 0x05, 0x32, 0x00, 0x01, 0x00, 0x00, 0x00, 0x14
    .byte 0x5b, 0x19, 0x22, 0x02, 0x2b, 0x00, 0x06, 0x32, 0x00, 0x6b, 0x00, 0x00, 0x00, 0x14, 0xe0, 0x18
    .byte 0x22, 0x02, 0x2b, 0x00, 0x07, 0x32, 0x00, 0x59, 0x00, 0x00, 0x00, 0x14, 0xe0, 0x18, 0x22, 0x02
    .byte 0x2c, 0x00, 0x04, 0x00, 0x00, 0x15, 0x37, 0x18, 0x70, 0x14, 0x73, 0x18, 0x22, 0x02, 0x01, 0x60
    .byte 0x18, 0x22, 0x02, 0x2c, 0xee, 0x03, 0x00, 0x00, 0x15, 0x37, 0x18, 0x70, 0x14, 0x86, 0x18, 0x22
    .byte 0x02, 0x01, 0x73, 0x18, 0x22, 0x02, 0x2c, 0x02, 0x00, 0x00, 0x00, 0x15, 0x9b, 0x18, 0x70, 0x32
    .byte 0x00, 0x00, 0x00, 0x00, 0x00, 0x14, 0x9f, 0x18, 0x22, 0x02, 0x01, 0x86, 0x18, 0x22, 0x02, 0x20
    .byte 0x00, 0x00, 0x15, 0x9b, 0x18, 0x70, 0x14, 0xbf, 0x18, 0x22, 0x02, 0x20, 0x00, 0x00, 0x2c, 0xff
    .byte 0xff, 0xff, 0xff, 0x2c, 0xff, 0xff, 0xff, 0xff, 0x2c, 0xff, 0xff, 0xff, 0xff, 0x15, 0x89, 0x20
    .byte 0x00, 0x00, 0x15, 0x07, 0x15, 0x08, 0x03, 0x00, 0x00, 0x00, 0x00, 0x00, 0x28, 0x00, 0x05, 0x2c
    .byte 0x03, 0x00, 0x00, 0x00, 0x2c, 0xa1, 0x1b, 0x22, 0x02, 0x15, 0x29, 0x25, 0x5b, 0x19, 0x22, 0x02
    .byte 0x2c, 0x00, 0x04, 0x00, 0x00, 0x15, 0x37, 0x18, 0x70, 0x14, 0xf3, 0x18, 0x22, 0x02, 0x01, 0xe0
    .byte 0x18, 0x22, 0x02, 0x2c, 0xee, 0x03, 0x00, 0x00, 0x15, 0x37, 0x18, 0x70, 0x14, 0x06, 0x19, 0x22
    .byte 0x02, 0x01, 0xf3, 0x18, 0x22, 0x02, 0x2c, 0x02, 0x00, 0x00, 0x00, 0x15, 0x9b, 0x18, 0x70, 0x32
    .byte 0x00, 0x00, 0x00, 0x00, 0x00, 0x14, 0x1f, 0x19, 0x22, 0x02, 0x01, 0x06, 0x19, 0x22, 0x02, 0x20
    .byte 0x00, 0x00, 0x15, 0x9b, 0x18, 0x70, 0x14, 0x3f, 0x19, 0x22, 0x02, 0x20, 0x00, 0x00, 0x2c, 0xff
    .byte 0xff, 0xff, 0xff, 0x2c, 0xff, 0xff, 0xff, 0xff, 0x2c, 0xff, 0xff, 0xff, 0xff, 0x15, 0x89, 0x20
    .byte 0x00, 0x00, 0x15, 0x07, 0x15, 0x08, 0x03, 0x00, 0x00, 0x00, 0x00, 0x00, 0x28, 0x00, 0x05, 0x2c
    .byte 0x03, 0x00, 0x00, 0x00, 0x2c, 0xde, 0x1e, 0x22, 0x02, 0x15, 0x29, 0x2c, 0x01, 0x00, 0x00, 0x00
    .byte 0x15, 0x07, 0x15, 0x08, 0x25, 0x36, 0x18, 0x22, 0x02, 0x00, 0x2c, 0x08, 0x00, 0x00, 0x00, 0x2c
    .byte 0xf5, 0x01, 0x00, 0x00, 0x15, 0xe0, 0x2c, 0x1b, 0x00, 0x00, 0x00, 0x15, 0x31, 0x18, 0x70, 0x26
    .byte 0x00, 0xd2, 0x20, 0x00, 0x00, 0x2c, 0x53, 0xef, 0x21, 0x02, 0x15, 0x39, 0x20, 0x00, 0x00, 0x15
    .byte 0x42, 0x18, 0x70, 0x32, 0x00, 0x00, 0x00, 0x00, 0x00, 0x14, 0xa3, 0x19, 0x22, 0x02, 0x01, 0x8c
    .byte 0x19, 0x22, 0x02, 0x2c, 0x74, 0x00, 0x00, 0x00, 0x15, 0x37, 0x18, 0x70, 0x32, 0x00, 0x00, 0x00
    .byte 0x00, 0x00, 0x14, 0xc1, 0x19, 0x22, 0x02, 0x21, 0x21, 0x1b, 0x22, 0x02, 0x25, 0x0d, 0x1a, 0x22
    .byte 0x02, 0x2c, 0x04, 0x00, 0x00, 0x00, 0x15, 0x05, 0x2c, 0x01, 0x00, 0x00, 0x00, 0x15, 0x06, 0x20
    .byte 0x00, 0x00, 0x2c, 0x81, 0xfa, 0x00, 0x00, 0x15, 0xe0, 0x2c, 0x0a, 0x00, 0x00, 0x00, 0x15, 0x07
    .byte 0x15, 0x08, 0x20, 0x00, 0x00, 0x2c, 0x81, 0xfa, 0x00, 0x00, 0x15, 0xe0, 0x2c, 0x0a, 0x00, 0x00
    .byte 0x00, 0x15, 0x07, 0x15, 0x08, 0x20, 0x00, 0x00, 0x2c, 0x81, 0xfa, 0x00, 0x00, 0x15, 0xe0, 0x2c
    .byte 0x0a, 0x00, 0x00, 0x00, 0x15, 0x07, 0x15, 0x08, 0x20, 0x00, 0x00, 0x15, 0x06, 0x2c, 0x09, 0x00
    .byte 0x00, 0x00, 0x2c, 0xf5, 0x01, 0x00, 0x00, 0x15, 0xe0, 0x2c, 0x01, 0x00, 0x00, 0x00, 0x2c, 0x69
    .byte 0x00, 0x00, 0x00, 0x15, 0xef, 0x18, 0x70, 0x32, 0x00, 0x01, 0x00, 0x00, 0x00, 0x14, 0x02, 0x1b
    .byte 0x22, 0x02, 0x2c, 0x0a, 0x00, 0x00, 0x00, 0x15, 0x07, 0x15, 0x08, 0x2c, 0x03, 0x00, 0x00, 0x00
    .byte 0x2c, 0x01, 0x00, 0x00, 0x00, 0x20, 0x00, 0x00, 0x20, 0x00, 0x00, 0x20, 0x00, 0x00, 0x15, 0x4f
    .byte 0x2c, 0x01, 0x00, 0x00, 0x00, 0x2c, 0x21, 0x00, 0x00, 0x00, 0x2c, 0x07, 0x00, 0x00, 0x00, 0x15
    .byte 0x47, 0x18, 0x70, 0x17, 0x00, 0x2c, 0x21, 0x00, 0x00, 0x00, 0x2c, 0x08, 0x00, 0x00, 0x00, 0x15
    .byte 0x47, 0x18, 0x70, 0x24, 0x00, 0x20, 0x00, 0x00, 0x00, 0x17, 0x00, 0x2c, 0x1e, 0x00, 0x00, 0x00
    .byte 0x20, 0x00, 0x00, 0x15, 0x4f, 0x18, 0x70, 0x17, 0x00, 0x15, 0x07, 0x15, 0x08, 0x2c, 0x0a, 0x00
    .byte 0x00, 0x00, 0x15, 0x07, 0x15, 0x08, 0x2c, 0x22, 0x00, 0x00, 0x00, 0x2c, 0x2f, 0x1e, 0x22, 0x02
    .byte 0x15, 0x39, 0x2c, 0x22, 0x00, 0x00, 0x00, 0x15, 0x42, 0x18, 0x70, 0x32, 0x00, 0x00, 0x00, 0x00
    .byte 0x00, 0x14, 0xbb, 0x1a, 0x22, 0x02, 0x01, 0xa2, 0x1a, 0x22, 0x02, 0x2c, 0x0a, 0x00, 0x00, 0x00
    .byte 0x15, 0x07, 0x15, 0x08, 0x2c, 0x02, 0x00, 0x00, 0x00, 0x2c, 0x1e, 0x00, 0x00, 0x00, 0x20, 0x00
    .byte 0x00, 0x20, 0x00, 0x00, 0x20, 0x00, 0x00, 0x15, 0x4f, 0x18, 0x70, 0x17, 0x00, 0x15, 0x07, 0x15
    .byte 0x08, 0x2c, 0x03, 0x00, 0x00, 0x00, 0x20, 0x00, 0x00, 0x20, 0x00, 0x00, 0x20, 0x00, 0x00, 0x20
    .byte 0x00, 0x00, 0x15, 0x4f, 0x2c, 0x0a, 0x00, 0x00, 0x00, 0x15, 0x07, 0x15, 0x08, 0x25, 0x20, 0x1b
    .byte 0x22, 0x02, 0x2c, 0xb8, 0x02, 0x00, 0x00, 0x15, 0x37, 0x18, 0x70, 0x32, 0x00, 0x01, 0x00, 0x00
    .byte 0x00, 0x14, 0x20, 0x1b, 0x22, 0x02, 0x01, 0x1f, 0x1c, 0x22, 0x02, 0x25, 0x20, 0x1b, 0x22, 0x02
    .byte 0x00, 0x2c, 0x08, 0x00, 0x00, 0x00, 0x2c, 0xf5, 0x01, 0x00, 0x00, 0x15, 0xe0, 0x2c, 0x01, 0x00
    .byte 0x00, 0x00, 0x15, 0x05, 0x20, 0x00, 0x00, 0x2c, 0x81, 0xfa, 0x00, 0x00, 0x15, 0xe0, 0x2c, 0x0f
    .byte 0x00, 0x00, 0x00, 0x15, 0x07, 0x15, 0x08, 0x20, 0x00, 0x00, 0x2c, 0x81, 0xfa, 0x00, 0x00, 0x15
    .byte 0xe0, 0x2c, 0x0f, 0x00, 0x00, 0x00, 0x15, 0x07, 0x15, 0x08, 0x15, 0x16, 0x2c, 0x0a, 0x00, 0x00
    .byte 0x00, 0x15, 0x07, 0x15, 0x08, 0x2c, 0x78, 0x00, 0x00, 0x00, 0x15, 0x17, 0x2c, 0x02, 0x00, 0x00
    .byte 0x00, 0x15, 0x05, 0x20, 0x00, 0x00, 0x2c, 0x80, 0xfa, 0x00, 0x00, 0x15, 0xe0, 0x15, 0x16, 0x2c
    .byte 0x00, 0x01, 0x00, 0x00, 0x15, 0x17, 0x2c, 0x74, 0x00, 0x00, 0x00, 0x15, 0x35, 0x2c, 0x7a, 0x05
    .byte 0x00, 0x00, 0x15, 0x36, 0x2c, 0x09, 0x00, 0x00, 0x00, 0x2c, 0xf5, 0x01, 0x00, 0x00, 0x15, 0xe0
    .byte 0x22, 0x2c, 0x05, 0x00, 0x00, 0x00, 0x15, 0x07, 0x15, 0x08, 0x2c, 0x74, 0x00, 0x00, 0x00, 0x15
    .byte 0x37, 0x18, 0x70, 0x32, 0x00, 0x00, 0x00, 0x00, 0x00, 0x14, 0xc3, 0x1b, 0x22, 0x02, 0x21, 0x21
    .byte 0x1b, 0x22, 0x02, 0x2c, 0xb8, 0x02, 0x00, 0x00, 0x15, 0x37, 0x18, 0x70, 0x32, 0x00, 0x00, 0x00
    .byte 0x00, 0x00, 0x14, 0x1f, 0x1c, 0x22, 0x02, 0x2c, 0x01, 0x00, 0x00, 0x00, 0x2c, 0x69, 0x00, 0x00
    .byte 0x00, 0x15, 0xef, 0x18, 0x70, 0x32, 0x00, 0x00, 0x00, 0x00, 0x00, 0x14, 0x1f, 0x1c, 0x22, 0x02
    .byte 0x2c, 0x04, 0x00, 0x00, 0x00, 0x15, 0x45, 0x15, 0x8b, 0x18, 0x70, 0x32, 0x00, 0x00, 0x00, 0x00
    .byte 0x00, 0x13, 0x0b, 0x1c, 0x22, 0x02, 0x01, 0xf7, 0x1b, 0x22, 0x02, 0x2c, 0xdb, 0x05, 0x00, 0x00
    .byte 0x2c, 0x01, 0x00, 0x00, 0x00, 0x20, 0x00, 0x00, 0x20, 0x00, 0x00, 0x15, 0x59, 0x15, 0x5a, 0x2c
    .byte 0x0a, 0x00, 0x00, 0x00, 0x15, 0x07, 0x15, 0x08, 0x2c, 0x03, 0x00, 0x00, 0x00, 0x2c, 0x01, 0x00
    .byte 0x00, 0x00, 0x20, 0x00, 0x00, 0x20, 0x00, 0x00, 0x20, 0x00, 0x00, 0x15, 0x4f, 0x2c, 0x01, 0x00
    .byte 0x00, 0x00, 0x2c, 0x22, 0x00, 0x00, 0x00, 0x2c, 0x07, 0x00, 0x00, 0x00, 0x15, 0x47, 0x18, 0x70
    .byte 0x17, 0x00, 0x2c, 0x22, 0x00, 0x00, 0x00, 0x2c, 0x08, 0x00, 0x00, 0x00, 0x15, 0x47, 0x18, 0x70
    .byte 0x24, 0x00, 0x20, 0x00, 0x00, 0x00, 0x17, 0x00, 0x2c, 0x1e, 0x00, 0x00, 0x00, 0x20, 0x00, 0x00
    .byte 0x15, 0x4f, 0x18, 0x70, 0x17, 0x00, 0x15, 0x07, 0x15, 0x08, 0x2c, 0x0a, 0x00, 0x00, 0x00, 0x15
    .byte 0x07, 0x15, 0x08, 0x2c, 0x22, 0x00, 0x00, 0x00, 0x2c, 0x7d, 0x1d, 0x22, 0x02, 0x15, 0x39, 0x2c
    .byte 0x22, 0x00, 0x00, 0x00, 0x15, 0x42, 0x18, 0x70, 0x32, 0x00, 0x00, 0x00, 0x00, 0x00, 0x14, 0xa8
    .byte 0x1c, 0x22, 0x02, 0x01, 0x8f, 0x1c, 0x22, 0x02, 0x2c, 0x03, 0x00, 0x00, 0x00, 0x2c, 0x69, 0x00
    .byte 0x00, 0x00, 0x15, 0xef, 0x2c, 0x0a, 0x00, 0x00, 0x00, 0x15, 0x07, 0x15, 0x08, 0x2c, 0x02, 0x00
    .byte 0x00, 0x00, 0x2c, 0x1e, 0x00, 0x00, 0x00, 0x20, 0x00, 0x00, 0x20, 0x00, 0x00, 0x20, 0x00, 0x00
    .byte 0x15, 0x4f, 0x18, 0x70, 0x17, 0x00, 0x15, 0x07, 0x15, 0x08, 0x2c, 0x03, 0x00, 0x00, 0x00, 0x20
    .byte 0x00, 0x00, 0x20, 0x00, 0x00, 0x20, 0x00, 0x00, 0x20, 0x00, 0x00, 0x15, 0x4f, 0x2c, 0x0a, 0x00
    .byte 0x00, 0x00, 0x15, 0x07, 0x15, 0x08, 0x00, 0x2c, 0x21, 0x00, 0x00, 0x00, 0x2c, 0x07, 0x00, 0x00
    .byte 0x00, 0x15, 0x47, 0x18, 0x70, 0x17, 0x00, 0x2c, 0x21, 0x00, 0x00, 0x00, 0x2c, 0x08, 0x00, 0x00
    .byte 0x00, 0x15, 0x47, 0x18, 0x70, 0x24, 0x00, 0x28, 0x00, 0x00, 0x00, 0x17, 0x00, 0x2c, 0x21, 0x00
    .byte 0x00, 0x00, 0x2c, 0x09, 0x00, 0x00, 0x00, 0x15, 0x47, 0x18, 0x70, 0x17, 0x00, 0x15, 0x02, 0x15
    .byte 0x96, 0x2c, 0x1e, 0x00, 0x00, 0x00, 0x20, 0x00, 0x00, 0x2c, 0x3c, 0x00, 0x00, 0x00, 0x2c, 0x02
    .byte 0x00, 0x00, 0x00, 0x2c, 0x40, 0x06, 0x00, 0x00, 0x15, 0x95, 0x2c, 0x04, 0x00, 0x00, 0x00, 0x20
    .byte 0x00, 0x00, 0x20, 0x00, 0x00, 0x20, 0x00, 0x00, 0x15, 0xcd, 0x2c, 0x05, 0x00, 0x00, 0x00, 0x2c
    .byte 0x08, 0x00, 0x00, 0x00, 0x20, 0x00, 0x00, 0x20, 0x00, 0x00, 0x15, 0xcd, 0x2c, 0x01, 0x00, 0x00
    .byte 0x00, 0x15, 0x09, 0x2c, 0x07, 0x00, 0x00, 0x00, 0x15, 0x05, 0x15, 0x16, 0x22, 0x2c, 0x15, 0x00
    .byte 0x00, 0x00, 0x2c, 0x6b, 0x00, 0x00, 0x00, 0x2c, 0x7f, 0x00, 0x00, 0x00, 0x15, 0x0a, 0x21, 0xf7
    .byte 0x1c, 0x22, 0x02, 0x2c, 0x01, 0x00, 0x00, 0x00, 0x15, 0x45, 0x2c, 0xb8, 0x02, 0x00, 0x00, 0x15
    .byte 0x37, 0x18, 0x70, 0x32, 0x00, 0x00, 0x00, 0x00, 0x00, 0x14, 0xd6, 0x1d, 0x22, 0x02, 0x15, 0x8b
    .byte 0x18, 0x70, 0x32, 0x00, 0x00, 0x00, 0x00, 0x00, 0x13, 0xc2, 0x1d, 0x22, 0x02, 0x01, 0xae, 0x1d
    .byte 0x22, 0x02, 0x2c, 0xdc, 0x05, 0x00, 0x00, 0x2c, 0x01, 0x00, 0x00, 0x00, 0x20, 0x00, 0x00, 0x20
    .byte 0x00, 0x00, 0x15, 0x59, 0x15, 0x5a, 0x15, 0x8b, 0x18, 0x70, 0x32, 0x00, 0x00, 0x00, 0x00, 0x00
    .byte 0x13, 0xea, 0x1d, 0x22, 0x02, 0x01, 0xd6, 0x1d, 0x22, 0x02, 0x2c, 0xdd, 0x05, 0x00, 0x00, 0x2c
    .byte 0x01, 0x00, 0x00, 0x00, 0x20, 0x00, 0x00, 0x20, 0x00, 0x00, 0x15, 0x59, 0x15, 0x5a, 0x2c, 0x16
    .byte 0x00, 0x00, 0x00, 0x2c, 0x6b, 0x00, 0x00, 0x00, 0x2c, 0x0a, 0x00, 0x00, 0x00, 0x15, 0x0a, 0x2c
    .byte 0x15, 0x00, 0x00, 0x00, 0x2c, 0x6c, 0x00, 0x00, 0x00, 0x2c, 0x7f, 0x00, 0x00, 0x00, 0x15, 0x0a
    .byte 0x2c, 0x08, 0x00, 0x00, 0x00, 0x15, 0x05, 0x15, 0x16, 0x20, 0x00, 0x00, 0x15, 0x09, 0x00, 0x2c
    .byte 0x15, 0x00, 0x00, 0x00, 0x2c, 0x6b, 0x00, 0x00, 0x00, 0x2c, 0x7f, 0x00, 0x00, 0x00, 0x15, 0x0a
    .byte 0x21, 0xf7, 0x1c, 0x22, 0x02, 0x2c, 0x01, 0x00, 0x00, 0x00, 0x15, 0x45, 0x2c, 0x81, 0x00, 0x00
    .byte 0x00, 0x15, 0x37, 0x18, 0x70, 0x14, 0x85, 0x1e, 0x22, 0x02, 0x15, 0x8b, 0x18, 0x70, 0x32, 0x00
    .byte 0x00, 0x00, 0x00, 0x00, 0x13, 0x6e, 0x1e, 0x22, 0x02, 0x01, 0x5a, 0x1e, 0x22, 0x02, 0x2c, 0xdf
    .byte 0x05, 0x00, 0x00, 0x2c, 0x01, 0x00, 0x00, 0x00, 0x20, 0x00, 0x00, 0x20, 0x00, 0x00, 0x15, 0x59
    .byte 0x25, 0xab, 0x1e, 0x22, 0x02, 0x15, 0x8b, 0x18, 0x70, 0x32, 0x00, 0x00, 0x00, 0x00, 0x00, 0x13
    .byte 0x99, 0x1e, 0x22, 0x02, 0x01, 0x85, 0x1e, 0x22, 0x02, 0x2c, 0xde, 0x05, 0x00, 0x00, 0x2c, 0x01
    .byte 0x00, 0x00, 0x00, 0x20, 0x00, 0x00, 0x20, 0x00, 0x00, 0x15, 0x59, 0x15, 0x5a, 0x2c, 0x16, 0x00
    .byte 0x00, 0x00, 0x2c, 0x6b, 0x00, 0x00, 0x00, 0x2c, 0x0a, 0x00, 0x00, 0x00, 0x15, 0x0a, 0x2c, 0x15
    .byte 0x00, 0x00, 0x00, 0x2c, 0x6c, 0x00, 0x00, 0x00, 0x2c, 0x7f, 0x00, 0x00, 0x00, 0x15, 0x0a, 0x2c
    .byte 0x08, 0x00, 0x00, 0x00, 0x15, 0x05, 0x15, 0x16, 0x20, 0x00, 0x00, 0x15, 0x09, 0x00, 0x2c, 0x05
    .byte 0x00, 0x00, 0x00, 0x15, 0x07, 0x15, 0x08, 0x2c, 0x74, 0x00, 0x00, 0x00, 0x15, 0x37, 0x18, 0x70
    .byte 0x32, 0x00, 0x00, 0x00, 0x00, 0x00, 0x14, 0x00, 0x1f, 0x22, 0x02, 0x21, 0x21, 0x1b, 0x22, 0x02
    .byte 0x2c, 0x04, 0x00, 0x00, 0x00, 0x15, 0x45, 0x15, 0x8b, 0x18, 0x70, 0x32, 0x00, 0x00, 0x00, 0x00
    .byte 0x00, 0x13, 0x1b, 0x1f, 0x22, 0x02, 0x01, 0x07, 0x1f, 0x22, 0x02, 0x2c, 0xda, 0x05, 0x00, 0x00
    .byte 0x2c, 0x01, 0x00, 0x00, 0x00, 0x20, 0x00, 0x00, 0x20, 0x00, 0x00, 0x15, 0x59, 0x15, 0x5a, 0x00
    .byte 0x20, 0x00, 0x00, 0x15, 0x09, 0x20, 0x00, 0x00, 0x15, 0x06, 0x2c, 0x5a, 0x00, 0x00, 0x00, 0x15
    .byte 0x01, 0x18, 0x70, 0x17, 0x00, 0x15, 0x07, 0x15, 0x08, 0x29, 0x00, 0xf1, 0x2c, 0x00, 0x01, 0x00
    .byte 0x00, 0x15, 0x01, 0x18, 0x71, 0x04, 0x10, 0x24, 0x00, 0x80, 0x00, 0x00, 0x00, 0x28, 0x00, 0x00
    .byte 0x29, 0x00, 0xf2, 0x2c, 0xc0, 0x00, 0x00, 0x00, 0x15, 0x01, 0x18, 0x71, 0x04, 0x10, 0x24, 0x00
    .byte 0x40, 0x00, 0x00, 0x00, 0x28, 0x00, 0x01, 0x2b, 0x00, 0x00, 0x34, 0x00, 0x00, 0x00, 0x00, 0x00
    .byte 0x14, 0x8e, 0x1f, 0x22, 0x02, 0x03, 0x00, 0x00, 0x00, 0x00, 0x00, 0x28, 0x00, 0x00, 0x2b, 0x00
    .byte 0x00, 0x30, 0x00, 0x00, 0x04, 0x00, 0x00, 0x14, 0xa5, 0x1f, 0x22, 0x02, 0x03, 0x00, 0xff, 0x03
    .byte 0x00, 0x00, 0x28, 0x00, 0x00, 0x2b, 0x00, 0x01, 0x34, 0x00, 0x00, 0x00, 0x00, 0x00, 0x14, 0xbc
    .byte 0x1f, 0x22, 0x02, 0x03, 0x00, 0x00, 0x00, 0x00, 0x00, 0x28, 0x00, 0x01, 0x2b, 0x00, 0x01, 0x30
    .byte 0x00, 0x00, 0x03, 0x00, 0x00, 0x14, 0xd3, 0x1f, 0x22, 0x02, 0x03, 0x00, 0xff, 0x02, 0x00, 0x00
    .byte 0x28, 0x00, 0x01, 0x2b, 0x00, 0x00, 0x09, 0x00, 0x10, 0x00, 0x00, 0x00, 0x17, 0x00, 0x2b, 0x00
    .byte 0x01, 0x09, 0x00, 0x10, 0x00, 0x00, 0x00, 0x17, 0x00, 0x15, 0x40, 0x18, 0x70, 0x07, 0x00, 0x10
    .byte 0x00, 0x00, 0x00, 0x28, 0x00, 0x02, 0x2b, 0x00, 0x02, 0x05, 0x00, 0x60, 0x00, 0x00, 0x00, 0x07
    .byte 0x00, 0x00, 0x10, 0x00, 0x00, 0x28, 0x00, 0x03, 0x03, 0x00, 0x00, 0x0a, 0x00, 0x00, 0x2c, 0x00
    .byte 0x02, 0x00, 0x00, 0x15, 0x01, 0x18, 0x71, 0x04, 0x10, 0x28, 0x00, 0x04, 0x2c, 0x00, 0x01, 0x00
    .byte 0x00, 0x15, 0x01, 0x18, 0x70, 0x28, 0x00, 0x05, 0x2c, 0x00, 0x01, 0x00, 0x00, 0x15, 0x17, 0x2c
    .byte 0x01, 0x00, 0x00, 0x00, 0x15, 0x05, 0x2f, 0x00, 0x2f, 0x01, 0x2b, 0x00, 0x03, 0x09, 0x00, 0x00
    .byte 0x10, 0x00, 0x00, 0x17, 0x00, 0x15, 0x02, 0x2c, 0x01, 0x00, 0x00, 0x00, 0x15, 0x09, 0x2b, 0x00
    .byte 0x03, 0x2b, 0x01, 0x04, 0x23, 0x10, 0x28, 0x00, 0x03, 0x2b, 0x00, 0x05, 0x2b, 0x01, 0x03, 0x09
    .byte 0x01, 0x00, 0x06, 0x00, 0x00, 0x04, 0x10, 0x0b, 0x00, 0x00, 0x01, 0x00, 0x00, 0x17, 0x00, 0x15
    .byte 0x0e, 0x18, 0x70, 0x07, 0x00, 0x06, 0x00, 0x00, 0x00, 0x09, 0x00, 0x00, 0x10, 0x00, 0x00, 0x28
    .byte 0x00, 0x06, 0x2b, 0x00, 0x00, 0x2b, 0x01, 0x06, 0x04, 0x10, 0x17, 0x00, 0x2f, 0x01, 0x2b, 0x00
    .byte 0x03, 0x09, 0x00, 0x00, 0x10, 0x00, 0x00, 0x17, 0x00, 0x15, 0x02, 0x2c, 0x01, 0x00, 0x00, 0x00
    .byte 0x15, 0x07, 0x15, 0x08, 0x2b, 0x00, 0x03, 0x09, 0x00, 0x00, 0x10, 0x00, 0x00, 0x2b, 0x01, 0x02
    .byte 0x1e, 0x10, 0x14, 0xdb, 0x20, 0x22, 0x02, 0x2c, 0x1b, 0x00, 0x00, 0x00, 0x2c, 0x01, 0x00, 0x00
    .byte 0x00, 0x15, 0x78, 0x2c, 0x00, 0xfe, 0xff, 0xff, 0x15, 0x17, 0x15, 0x16, 0x20, 0x00, 0x00, 0x15
    .byte 0x09, 0x25, 0x63, 0x21, 0x22, 0x02, 0x25, 0x5e, 0x21, 0x22, 0x02, 0x2b, 0x00, 0x00, 0x29, 0x01
    .byte 0xf1, 0x24, 0x01, 0x80, 0x00, 0x00, 0x00, 0x1e, 0x10, 0x14, 0xfd, 0x20, 0x22, 0x02, 0x20, 0x00
    .byte 0x00, 0x15, 0x09, 0x25, 0x63, 0x21, 0x22, 0x02, 0x25, 0x5e, 0x21, 0x22, 0x02, 0x2b, 0x00, 0x00
    .byte 0x29, 0x01, 0xf1, 0x05, 0x01, 0x80, 0x00, 0x00, 0x00, 0x1a, 0x10, 0x14, 0x1f, 0x21, 0x22, 0x02
    .byte 0x20, 0x00, 0x00, 0x15, 0x09, 0x25, 0x63, 0x21, 0x22, 0x02, 0x25, 0x5e, 0x21, 0x22, 0x02, 0x2b
    .byte 0x00, 0x01, 0x29, 0x01, 0xf2, 0x24, 0x01, 0x40, 0x00, 0x00, 0x00, 0x1e, 0x10, 0x14, 0x41, 0x21
    .byte 0x22, 0x02, 0x20, 0x00, 0x00, 0x15, 0x09, 0x25, 0x63, 0x21, 0x22, 0x02, 0x25, 0x5e, 0x21, 0x22
    .byte 0x02, 0x2b, 0x00, 0x01, 0x29, 0x01, 0xf2, 0x05, 0x01, 0x80, 0x00, 0x00, 0x00, 0x1a, 0x10, 0x14
    .byte 0x5e, 0x21, 0x22, 0x02, 0x20, 0x00, 0x00, 0x15, 0x09, 0x25, 0x63, 0x21, 0x22, 0x02, 0x25, 0x4e
    .byte 0x20, 0x22, 0x02, 0x2c, 0x0a, 0x00, 0x00, 0x00, 0x15, 0x01, 0x18, 0x70, 0x17, 0x00, 0x15, 0x07
    .byte 0x15, 0x08, 0x25, 0x49, 0x1f, 0x22, 0x02, 0x00, 0x2c, 0x01, 0x00, 0x00, 0x00, 0x15, 0x06, 0x2c
    .byte 0x01, 0x00, 0x00, 0x00, 0x2c, 0x8c, 0x21, 0x22, 0x02, 0x15, 0x29, 0x00, 0x20, 0x00, 0x00, 0x2c
    .byte 0xff, 0xff, 0xff, 0xff, 0x2c, 0xff, 0xff, 0xff, 0xff, 0x15, 0xdd, 0x18, 0x70, 0x14, 0xd8, 0x21
    .byte 0x22, 0x02, 0x03, 0x00, 0x01, 0x00, 0x00, 0x00, 0x27, 0x00, 0x7d, 0x20, 0x00, 0x00, 0x2c, 0x5d
    .byte 0x02, 0x00, 0x00, 0x2c, 0x01, 0x00, 0x00, 0x00, 0x2c, 0x07, 0x00, 0x00, 0x00, 0x15, 0x47, 0x18
    .byte 0x70, 0x17, 0x00, 0x2c, 0x01, 0x00, 0x00, 0x00, 0x2c, 0x08, 0x00, 0x00, 0x00, 0x15, 0x47, 0x18
    .byte 0x70, 0x17, 0x00, 0x20, 0x00, 0x00, 0x15, 0xdc, 0x00, 0x00, 0x20, 0x00, 0x00, 0x2c, 0xff, 0xff
    .byte 0xff, 0xff, 0x2c, 0xff, 0xff, 0xff, 0xff, 0x15, 0xdd, 0x18, 0x70, 0x14, 0x96, 0x22, 0x22, 0x02
    .byte 0x2c, 0x03, 0x00, 0x00, 0x00, 0x2c, 0xff, 0xff, 0xff, 0xff, 0x2c, 0xff, 0xff, 0xff, 0xff, 0x15
    .byte 0xdd, 0x18, 0x70, 0x32, 0x00, 0x00, 0x00, 0x00, 0x00, 0x14, 0x66, 0x22, 0x22, 0x02, 0x2c, 0x01
    .byte 0x00, 0x00, 0x00, 0x2c, 0x40, 0x00, 0x00, 0x00, 0x2c, 0x60, 0x00, 0x00, 0x00, 0x2c, 0xb0, 0x02
    .byte 0x00, 0x00, 0x2c, 0x90, 0x02, 0x00, 0x00, 0x15, 0x8d, 0x18, 0x70, 0x32, 0x00, 0x01, 0x00, 0x00
    .byte 0x00, 0x13, 0x61, 0x22, 0x22, 0x02, 0x20, 0x00, 0x00, 0x2c, 0x40, 0x00, 0x00, 0x00, 0x2c, 0x60
    .byte 0x00, 0x00, 0x00, 0x2c, 0xb0, 0x02, 0x00, 0x00, 0x2c, 0x90, 0x02, 0x00, 0x00, 0x15, 0x8d, 0x18
    .byte 0x70, 0x32, 0x00, 0x01, 0x00, 0x00, 0x00, 0x13, 0x61, 0x22, 0x22, 0x02, 0x01, 0x0e, 0x22, 0x22
    .byte 0x02, 0x25, 0x91, 0x22, 0x22, 0x02, 0x20, 0x00, 0x00, 0x2c, 0x40, 0x00, 0x00, 0x00, 0x2c, 0x60
    .byte 0x00, 0x00, 0x00, 0x2c, 0xb0, 0x02, 0x00, 0x00, 0x2c, 0x90, 0x02, 0x00, 0x00, 0x15, 0x8d, 0x18
    .byte 0x70, 0x32, 0x00, 0x01, 0x00, 0x00, 0x00, 0x13, 0x91, 0x22, 0x22, 0x02, 0x01, 0x66, 0x22, 0x22
    .byte 0x02, 0x25, 0xc1, 0x22, 0x22, 0x02, 0x20, 0x00, 0x00, 0x2c, 0x40, 0x00, 0x00, 0x00, 0x2c, 0x60
    .byte 0x00, 0x00, 0x00, 0x2c, 0xb0, 0x02, 0x00, 0x00, 0x2c, 0x90, 0x02, 0x00, 0x00, 0x15, 0x8d, 0x18
    .byte 0x70, 0x32, 0x00, 0x01, 0x00, 0x00, 0x00, 0x13, 0xc1, 0x22, 0x22, 0x02, 0x01, 0x96, 0x22, 0x22
    .byte 0x02, 0x2c, 0x02, 0x00, 0x00, 0x00, 0x15, 0x9b, 0x18, 0x70, 0x32, 0x00, 0x00, 0x00, 0x00, 0x00
    .byte 0x13, 0xe9, 0x22, 0x22, 0x02, 0x2c, 0xee, 0x03, 0x00, 0x00, 0x15, 0x37, 0x18, 0x70, 0x32, 0x00
    .byte 0x01, 0x00, 0x00, 0x00, 0x14, 0xee, 0x22, 0x22, 0x02, 0x01, 0xda, 0x21, 0x22, 0x02, 0x2c, 0x03
    .byte 0x00, 0x00, 0x00, 0x2c, 0xfb, 0x22, 0x22, 0x02, 0x15, 0x29, 0x00, 0x20, 0x00, 0x00, 0x2c, 0xff
    .byte 0xff, 0xff, 0xff, 0x2c, 0xff, 0xff, 0xff, 0xff, 0x15, 0xdd, 0x18, 0x70, 0x14, 0x56, 0x23, 0x22
    .byte 0x02, 0x2c, 0x01, 0x00, 0x00, 0x00, 0x2c, 0xff, 0xff, 0xff, 0xff, 0x2c, 0xff, 0xff, 0xff, 0xff
    .byte 0x15, 0xdd, 0x18, 0x70, 0x32, 0x00, 0x5d, 0x02, 0x00, 0x00, 0x14, 0x56, 0x23, 0x22, 0x02, 0x2c
    .byte 0x03, 0x00, 0x00, 0x00, 0x2c, 0xff, 0xff, 0xff, 0xff, 0x2c, 0xff, 0xff, 0xff, 0xff, 0x15, 0xdd
    .byte 0x18, 0x70, 0x35, 0x00, 0x02, 0x00, 0x00, 0x00, 0x14, 0x56, 0x23, 0x22, 0x02, 0x03, 0x00, 0x01
    .byte 0x00, 0x00, 0x00, 0x27, 0x00, 0x7d, 0x03, 0x00, 0x18, 0x00, 0x00, 0x00, 0x27, 0x00, 0x7f, 0x2c
    .byte 0x20, 0x00, 0x00, 0x00, 0x2c, 0x18, 0x00, 0x00, 0x00, 0x20, 0x00, 0x00, 0x2c, 0x7f, 0x00, 0x00
    .byte 0x00, 0x2c, 0x7f, 0x00, 0x00, 0x00, 0x2c, 0x01, 0x00, 0x00, 0x00, 0x15, 0x62, 0x00, 0x00, 0x2c
    .byte 0xee, 0x03, 0x00, 0x00, 0x15, 0x37, 0x18, 0x70, 0x32, 0x00, 0x01, 0x00, 0x00, 0x00, 0x13, 0xac
    .byte 0x23, 0x22, 0x02, 0x2c, 0xfd, 0x03, 0x00, 0x00, 0x15, 0x37, 0x18, 0x70, 0x32, 0x00, 0x01, 0x00
    .byte 0x00, 0x00, 0x13, 0xac, 0x23, 0x22, 0x02, 0x01, 0x7f, 0x23, 0x22, 0x02, 0x2c, 0xee, 0x03, 0x00
    .byte 0x00, 0x15, 0x37, 0x18, 0x70, 0x32, 0x00, 0x01, 0x00, 0x00, 0x00, 0x13, 0xd4, 0x23, 0x22, 0x02
    .byte 0x2c, 0xfd, 0x03, 0x00, 0x00, 0x15, 0x37, 0x18, 0x70, 0x32, 0x00, 0x01, 0x00, 0x00, 0x00, 0x14
    .byte 0xe0, 0x23, 0x22, 0x02, 0x20, 0x00, 0x00, 0x15, 0x07, 0x15, 0x08, 0x01, 0xac, 0x23, 0x22, 0x02
    .byte 0x2a, 0x00, 0x7e, 0x29, 0x01, 0x91, 0x04, 0x10, 0x27, 0x00, 0x7e, 0x2c, 0x01, 0x00, 0x00, 0x00
    .byte 0x15, 0x07, 0x15, 0x08, 0x03, 0x00, 0x00, 0x00, 0x00, 0x00, 0x26, 0x00, 0x91, 0x01, 0x7f, 0x23
    .byte 0x22, 0x02, 0x00, 0x2a, 0x00, 0x7f, 0x31, 0x00, 0x01, 0x00, 0x00, 0x00, 0x13, 0x16, 0x24, 0x22
    .byte 0x02, 0x01, 0x03, 0x24, 0x22, 0x02, 0x2a, 0x00, 0x7e, 0x31, 0x00, 0x18, 0x00, 0x00, 0x00, 0x13
    .byte 0x29, 0x24, 0x22, 0x02, 0x01, 0x16, 0x24, 0x22, 0x02, 0x2c, 0x07, 0x00, 0x00, 0x00, 0x2c, 0x3c
    .byte 0x00, 0x00, 0x00, 0x15, 0xe0, 0x2c, 0x18, 0x00, 0x00, 0x00, 0x15, 0x41, 0x2e, 0x7f, 0x15, 0x41
    .byte 0x03, 0x00, 0x28, 0x23, 0x00, 0x00, 0x2a, 0x01, 0x7e, 0x04, 0x10, 0x17, 0x00, 0x15, 0x41, 0x00
    .byte 0x2c, 0x74, 0x00, 0x00, 0x00, 0x15, 0x37, 0x18, 0x70, 0x32, 0x00, 0x00, 0x00, 0x00, 0x00, 0x14
    .byte 0x6e, 0x24, 0x22, 0x02, 0x20, 0x00, 0x00, 0x15, 0x05, 0x25, 0x75, 0x24, 0x22, 0x02, 0x2c, 0x03
    .byte 0x00, 0x00, 0x00, 0x15, 0x05, 0x2c, 0x01, 0x00, 0x00, 0x00, 0x2c, 0xb5, 0x25, 0x22, 0x02, 0x15
    .byte 0x29, 0x2b, 0x00, 0x05, 0x32, 0x00, 0x01, 0x00, 0x00, 0x00, 0x14, 0xa6, 0x25, 0x22, 0x02, 0x2b
    .byte 0x00, 0x06, 0x32, 0x00, 0x6b, 0x00, 0x00, 0x00, 0x14, 0x2b, 0x25, 0x22, 0x02, 0x2b, 0x00, 0x07
    .byte 0x32, 0x00, 0x59, 0x00, 0x00, 0x00, 0x14, 0x2b, 0x25, 0x22, 0x02, 0x2c, 0x00, 0x04, 0x00, 0x00
    .byte 0x15, 0x37, 0x18, 0x70, 0x14, 0xbe, 0x24, 0x22, 0x02, 0x01, 0xab, 0x24, 0x22, 0x02, 0x2c, 0xee
    .byte 0x03, 0x00, 0x00, 0x15, 0x37, 0x18, 0x70, 0x14, 0xd1, 0x24, 0x22, 0x02, 0x01, 0xbe, 0x24, 0x22
    .byte 0x02, 0x2c, 0x02, 0x00, 0x00, 0x00, 0x15, 0x9b, 0x18, 0x70, 0x32, 0x00, 0x00, 0x00, 0x00, 0x00
    .byte 0x14, 0xea, 0x24, 0x22, 0x02, 0x01, 0xd1, 0x24, 0x22, 0x02, 0x20, 0x00, 0x00, 0x15, 0x9b, 0x18
    .byte 0x70, 0x14, 0x0a, 0x25, 0x22, 0x02, 0x20, 0x00, 0x00, 0x2c, 0xff, 0xff, 0xff, 0xff, 0x2c, 0xff
    .byte 0xff, 0xff, 0xff, 0x2c, 0xff, 0xff, 0xff, 0xff, 0x15, 0x89, 0x20, 0x00, 0x00, 0x15, 0x07, 0x15
    .byte 0x08, 0x03, 0x00, 0x00, 0x00, 0x00, 0x00, 0x28, 0x00, 0x05, 0x2c, 0x03, 0x00, 0x00, 0x00, 0x2c
    .byte 0x44, 0x27, 0x22, 0x02, 0x15, 0x29, 0x25, 0xa6, 0x25, 0x22, 0x02, 0x2c, 0x00, 0x04, 0x00, 0x00
    .byte 0x15, 0x37, 0x18, 0x70, 0x14, 0x3e, 0x25, 0x22, 0x02, 0x01, 0x2b, 0x25, 0x22, 0x02, 0x2c, 0xee
    .byte 0x03, 0x00, 0x00, 0x15, 0x37, 0x18, 0x70, 0x14, 0x51, 0x25, 0x22, 0x02, 0x01, 0x3e, 0x25, 0x22
    .byte 0x02, 0x2c, 0x02, 0x00, 0x00, 0x00, 0x15, 0x9b, 0x18, 0x70, 0x32, 0x00, 0x00, 0x00, 0x00, 0x00
    .byte 0x14, 0x6a, 0x25, 0x22, 0x02, 0x01, 0x51, 0x25, 0x22, 0x02, 0x20, 0x00, 0x00, 0x15, 0x9b, 0x18
    .byte 0x70, 0x14, 0x8a, 0x25, 0x22, 0x02, 0x20, 0x00, 0x00, 0x2c, 0xff, 0xff, 0xff, 0xff, 0x2c, 0xff
    .byte 0xff, 0xff, 0xff, 0x2c, 0xff, 0xff, 0xff, 0xff, 0x15, 0x89, 0x20, 0x00, 0x00, 0x15, 0x07, 0x15
    .byte 0x08, 0x03, 0x00, 0x00, 0x00, 0x00, 0x00, 0x28, 0x00, 0x05, 0x2c, 0x03, 0x00, 0x00, 0x00, 0x2c
    .byte 0xde, 0x1e, 0x22, 0x02, 0x15, 0x29, 0x2c, 0x01, 0x00, 0x00, 0x00, 0x15, 0x07, 0x15, 0x08, 0x25
    .byte 0x81, 0x24, 0x22, 0x02, 0x00, 0x2c, 0x08, 0x00, 0x00, 0x00, 0x2c, 0xf5, 0x01, 0x00, 0x00, 0x15
    .byte 0xe0, 0x2c, 0x1b, 0x00, 0x00, 0x00, 0x15, 0x31, 0x18, 0x70, 0x26, 0x00, 0xd2, 0x20, 0x00, 0x00
    .byte 0x2c, 0x53, 0xef, 0x21, 0x02, 0x15, 0x39, 0x20, 0x00, 0x00, 0x15, 0x42, 0x18, 0x70, 0x32, 0x00
    .byte 0x00, 0x00, 0x00, 0x00, 0x14, 0xee, 0x25, 0x22, 0x02, 0x01, 0xd7, 0x25, 0x22, 0x02, 0x2c, 0x74
    .byte 0x00, 0x00, 0x00, 0x15, 0x37, 0x18, 0x70, 0x32, 0x00, 0x00, 0x00, 0x00, 0x00, 0x14, 0x0c, 0x26
    .byte 0x22, 0x02, 0x21, 0x21, 0x1b, 0x22, 0x02, 0x25, 0x58, 0x26, 0x22, 0x02, 0x2c, 0x04, 0x00, 0x00
    .byte 0x00, 0x15, 0x05, 0x2c, 0x01, 0x00, 0x00, 0x00, 0x15, 0x06, 0x20, 0x00, 0x00, 0x2c, 0x81, 0xfa
    .byte 0x00, 0x00, 0x15, 0xe0, 0x2c, 0x0a, 0x00, 0x00, 0x00, 0x15, 0x07, 0x15, 0x08, 0x20, 0x00, 0x00
    .byte 0x2c, 0x81, 0xfa, 0x00, 0x00, 0x15, 0xe0, 0x2c, 0x0a, 0x00, 0x00, 0x00, 0x15, 0x07, 0x15, 0x08
    .byte 0x20, 0x00, 0x00, 0x2c, 0x81, 0xfa, 0x00, 0x00, 0x15, 0xe0, 0x2c, 0x0a, 0x00, 0x00, 0x00, 0x15
    .byte 0x07, 0x15, 0x08, 0x20, 0x00, 0x00, 0x15, 0x06, 0x2c, 0xb8, 0x02, 0x00, 0x00, 0x15, 0x37, 0x18
    .byte 0x70, 0x32, 0x00, 0x01, 0x00, 0x00, 0x00, 0x14, 0x37, 0x27, 0x22, 0x02, 0x2c, 0x0a, 0x00, 0x00
    .byte 0x00, 0x15, 0x07, 0x15, 0x08, 0x2c, 0x03, 0x00, 0x00, 0x00, 0x2c, 0x01, 0x00, 0x00, 0x00, 0x20
    .byte 0x00, 0x00, 0x20, 0x00, 0x00, 0x20, 0x00, 0x00, 0x15, 0x4f, 0x2c, 0x01, 0x00, 0x00, 0x00, 0x2c
    .byte 0x21, 0x00, 0x00, 0x00, 0x2c, 0x07, 0x00, 0x00, 0x00, 0x15, 0x47, 0x18, 0x70, 0x17, 0x00, 0x2c
    .byte 0x21, 0x00, 0x00, 0x00, 0x2c, 0x08, 0x00, 0x00, 0x00, 0x15, 0x47, 0x18, 0x70, 0x24, 0x00, 0x20
    .byte 0x00, 0x00, 0x00, 0x17, 0x00, 0x2c, 0x1e, 0x00, 0x00, 0x00, 0x20, 0x00, 0x00, 0x15, 0x4f, 0x18
    .byte 0x70, 0x17, 0x00, 0x15, 0x07, 0x15, 0x08, 0x2c, 0x0a, 0x00, 0x00, 0x00, 0x15, 0x07, 0x15, 0x08
    .byte 0x2c, 0x22, 0x00, 0x00, 0x00, 0x2c, 0xad, 0x28, 0x22, 0x02, 0x15, 0x39, 0x2c, 0x22, 0x00, 0x00
    .byte 0x00, 0x15, 0x42, 0x18, 0x70, 0x32, 0x00, 0x00, 0x00, 0x00, 0x00, 0x14, 0xf5, 0x26, 0x22, 0x02
    .byte 0x01, 0xdc, 0x26, 0x22, 0x02, 0x2c, 0x0a, 0x00, 0x00, 0x00, 0x15, 0x07, 0x15, 0x08, 0x2c, 0x02
    .byte 0x00, 0x00, 0x00, 0x2c, 0x1e, 0x00, 0x00, 0x00, 0x20, 0x00, 0x00, 0x20, 0x00, 0x00, 0x20, 0x00
    .byte 0x00, 0x15, 0x4f, 0x18, 0x70, 0x17, 0x00, 0x15, 0x07, 0x15, 0x08, 0x2c, 0x03, 0x00, 0x00, 0x00
    .byte 0x20, 0x00, 0x00, 0x20, 0x00, 0x00, 0x20, 0x00, 0x00, 0x20, 0x00, 0x00, 0x15, 0x4f, 0x2c, 0x0a
    .byte 0x00, 0x00, 0x00, 0x15, 0x07, 0x15, 0x08, 0x2c, 0x09, 0x00, 0x00, 0x00, 0x2c, 0xf5, 0x01, 0x00
    .byte 0x00, 0x15, 0xe0, 0x00, 0x2c, 0x05, 0x00, 0x00, 0x00, 0x15, 0x07, 0x15, 0x08, 0x2c, 0x74, 0x00
    .byte 0x00, 0x00, 0x15, 0x37, 0x18, 0x70, 0x32, 0x00, 0x00, 0x00, 0x00, 0x00, 0x14, 0x66, 0x27, 0x22
    .byte 0x02, 0x21, 0x21, 0x1b, 0x22, 0x02, 0x2c, 0x04, 0x00, 0x00, 0x00, 0x15, 0x45, 0x15, 0x8b, 0x18
    .byte 0x70, 0x32, 0x00, 0x00, 0x00, 0x00, 0x00, 0x13, 0x81, 0x27, 0x22, 0x02, 0x01, 0x6d, 0x27, 0x22
    .byte 0x02, 0x2c, 0xdb, 0x05, 0x00, 0x00, 0x2c, 0x01, 0x00, 0x00, 0x00, 0x20, 0x00, 0x00, 0x20, 0x00
    .byte 0x00, 0x15, 0x59, 0x15, 0x5a, 0x2c, 0x0a, 0x00, 0x00, 0x00, 0x15, 0x07, 0x15, 0x08, 0x2c, 0x03
    .byte 0x00, 0x00, 0x00, 0x2c, 0x01, 0x00, 0x00, 0x00, 0x20, 0x00, 0x00, 0x20, 0x00, 0x00, 0x20, 0x00
    .byte 0x00, 0x15, 0x4f, 0x2c, 0x01, 0x00, 0x00, 0x00, 0x2c, 0x22, 0x00, 0x00, 0x00, 0x2c, 0x07, 0x00
    .byte 0x00, 0x00, 0x15, 0x47, 0x18, 0x70, 0x17, 0x00, 0x2c, 0x22, 0x00, 0x00, 0x00, 0x2c, 0x08, 0x00
    .byte 0x00, 0x00, 0x15, 0x47, 0x18, 0x70, 0x17, 0x00, 0x2c, 0x1e, 0x00, 0x00, 0x00, 0x20, 0x00, 0x00
    .byte 0x15, 0x4f, 0x18, 0x70, 0x17, 0x00, 0x15, 0x07, 0x15, 0x08, 0x2c, 0x0a, 0x00, 0x00, 0x00, 0x15
    .byte 0x07, 0x15, 0x08, 0x2c, 0x22, 0x00, 0x00, 0x00, 0x2c, 0x62, 0x28, 0x22, 0x02, 0x15, 0x39, 0x2c
    .byte 0x22, 0x00, 0x00, 0x00, 0x15, 0x42, 0x18, 0x70, 0x32, 0x00, 0x00, 0x00, 0x00, 0x00, 0x14, 0x18
    .byte 0x28, 0x22, 0x02, 0x01, 0xff, 0x27, 0x22, 0x02, 0x2c, 0xb8, 0x02, 0x00, 0x00, 0x15, 0x35, 0x2c
    .byte 0x0a, 0x00, 0x00, 0x00, 0x15, 0x07, 0x15, 0x08, 0x2c, 0x02, 0x00, 0x00, 0x00, 0x2c, 0x1e, 0x00
    .byte 0x00, 0x00, 0x20, 0x00, 0x00, 0x20, 0x00, 0x00, 0x20, 0x00, 0x00, 0x15, 0x4f, 0x18, 0x70, 0x17
    .byte 0x00, 0x15, 0x07, 0x15, 0x08, 0x2c, 0x03, 0x00, 0x00, 0x00, 0x20, 0x00, 0x00, 0x20, 0x00, 0x00
    .byte 0x20, 0x00, 0x00, 0x20, 0x00, 0x00, 0x15, 0x4f, 0x2c, 0x0a, 0x00, 0x00, 0x00, 0x15, 0x07, 0x15
    .byte 0x08, 0x00, 0x2c, 0x15, 0x00, 0x00, 0x00, 0x2c, 0x6b, 0x00, 0x00, 0x00, 0x2c, 0x7f, 0x00, 0x00
    .byte 0x00, 0x15, 0x0a, 0x21, 0xf7, 0x1c, 0x22, 0x02, 0x2c, 0x01, 0x00, 0x00, 0x00, 0x15, 0x45, 0x15
    .byte 0x8b, 0x18, 0x70, 0x32, 0x00, 0x00, 0x00, 0x00, 0x00, 0x13, 0x93, 0x28, 0x22, 0x02, 0x01, 0x7f
    .byte 0x28, 0x22, 0x02, 0x2c, 0xd8, 0x05, 0x00, 0x00, 0x2c, 0x01, 0x00, 0x00, 0x00, 0x20, 0x00, 0x00
    .byte 0x20, 0x00, 0x00, 0x15, 0x59, 0x15, 0x5a, 0x21, 0x12, 0x2f, 0x22, 0x02, 0x00, 0x2c, 0x15, 0x00
    .byte 0x00, 0x00, 0x2c, 0x6b, 0x00, 0x00, 0x00, 0x2c, 0x7f, 0x00, 0x00, 0x00, 0x15, 0x0a, 0x21, 0xf7
    .byte 0x1c, 0x22, 0x02, 0x2c, 0x01, 0x00, 0x00, 0x00, 0x15, 0x45, 0x15, 0x8b, 0x18, 0x70, 0x32, 0x00
    .byte 0x00, 0x00, 0x00, 0x00, 0x13, 0xde, 0x28, 0x22, 0x02, 0x01, 0xca, 0x28, 0x22, 0x02, 0x2c, 0xd9
    .byte 0x05, 0x00, 0x00, 0x2c, 0x01, 0x00, 0x00, 0x00, 0x20, 0x00, 0x00, 0x20, 0x00, 0x00, 0x15, 0x59
    .byte 0x15, 0x5a, 0x21, 0x12, 0x2f, 0x22, 0x02, 0x00, 0x2c, 0x04, 0x00, 0x00, 0x00, 0x20, 0x00, 0x00
    .byte 0x20, 0x00, 0x00, 0x20, 0x00, 0x00, 0x15, 0xcd, 0x2c, 0x05, 0x00, 0x00, 0x00, 0x2c, 0x08, 0x00
    .byte 0x00, 0x00, 0x20, 0x00, 0x00, 0x20, 0x00, 0x00, 0x15, 0xcd, 0x15, 0x96, 0x2c, 0x1e, 0x00, 0x00
    .byte 0x00, 0x20, 0x00, 0x00, 0x2c, 0x3c, 0x00, 0x00, 0x00, 0x2c, 0x02, 0x00, 0x00, 0x00, 0x2c, 0x40
    .byte 0x06, 0x00, 0x00, 0x15, 0x95, 0x22, 0x2c, 0x74, 0x00, 0x00, 0x00, 0x15, 0x37, 0x18, 0x70, 0x32
    .byte 0x00, 0x00, 0x00, 0x00, 0x00, 0x14, 0x54, 0x29, 0x22, 0x02, 0x20, 0x00, 0x00, 0x15, 0x05, 0x25
    .byte 0x5b, 0x29, 0x22, 0x02, 0x2c, 0x03, 0x00, 0x00, 0x00, 0x15, 0x05, 0x2c, 0x01, 0x00, 0x00, 0x00
    .byte 0x2c, 0x68, 0x29, 0x22, 0x02, 0x15, 0x29, 0x00, 0x2c, 0x08, 0x00, 0x00, 0x00, 0x2c, 0xf5, 0x01
    .byte 0x00, 0x00, 0x15, 0xe0, 0x2c, 0x1b, 0x00, 0x00, 0x00, 0x15, 0x31, 0x18, 0x70, 0x26, 0x00, 0xd2
    .byte 0x20, 0x00, 0x00, 0x2c, 0x53, 0xef, 0x21, 0x02, 0x15, 0x39, 0x20, 0x00, 0x00, 0x15, 0x42, 0x18
    .byte 0x70, 0x32, 0x00, 0x00, 0x00, 0x00, 0x00, 0x14, 0xa1, 0x29, 0x22, 0x02, 0x01, 0x8a, 0x29, 0x22
    .byte 0x02, 0x2c, 0x22, 0x00, 0x00, 0x00, 0x2c, 0xd3, 0x29, 0x22, 0x02, 0x15, 0x39, 0x2c, 0x22, 0x00
    .byte 0x00, 0x00, 0x15, 0x42, 0x18, 0x70, 0x32, 0x00, 0x00, 0x00, 0x00, 0x00, 0x14, 0xc6, 0x29, 0x22
    .byte 0x02, 0x01, 0xad, 0x29, 0x22, 0x02, 0x2c, 0x09, 0x00, 0x00, 0x00, 0x2c, 0xf5, 0x01, 0x00, 0x00
    .byte 0x15, 0xe0, 0x00, 0x2c, 0x15, 0x00, 0x00, 0x00, 0x2c, 0x6b, 0x00, 0x00, 0x00, 0x2c, 0x7f, 0x00
    .byte 0x00, 0x00, 0x15, 0x0a, 0x21, 0xf7, 0x1c, 0x22, 0x02, 0x2c, 0x01, 0x00, 0x00, 0x00, 0x15, 0x45
    .byte 0x15, 0x8b, 0x18, 0x70, 0x32, 0x00, 0x00, 0x00, 0x00, 0x00, 0x13, 0x04, 0x2a, 0x22, 0x02, 0x01
    .byte 0xf0, 0x29, 0x22, 0x02, 0x2c, 0xe0, 0x05, 0x00, 0x00, 0x2c, 0x01, 0x00, 0x00, 0x00, 0x20, 0x00
    .byte 0x00, 0x20, 0x00, 0x00, 0x15, 0x59, 0x15, 0x5a, 0x2c, 0x17, 0x00, 0x00, 0x00, 0x2c, 0x46, 0x08
    .byte 0x00, 0x00, 0x15, 0x78, 0x2c, 0x02, 0x00, 0x00, 0x00, 0x15, 0x07, 0x15, 0x08, 0x21, 0xf8, 0x28
    .byte 0x22, 0x02, 0x2c, 0x8a, 0x03, 0x00, 0x00, 0x15, 0x37, 0x18, 0x70, 0x32, 0x00, 0x00, 0x00, 0x00
    .byte 0x00, 0x14, 0xa6, 0x2a, 0x22, 0x02, 0x29, 0x00, 0xdc, 0x32, 0x00, 0x00, 0x00, 0x00, 0x00, 0x14
    .byte 0x5e, 0x2a, 0x22, 0x02, 0x01, 0x06, 0x2b, 0x22, 0x02, 0x25, 0xa1, 0x2a, 0x22, 0x02, 0x29, 0x00
    .byte 0xdc, 0x32, 0x00, 0x01, 0x00, 0x00, 0x00, 0x14, 0x76, 0x2a, 0x22, 0x02, 0x01, 0x06, 0x2b, 0x22
    .byte 0x02, 0x25, 0xa1, 0x2a, 0x22, 0x02, 0x29, 0x00, 0xdc, 0x32, 0x00, 0x06, 0x00, 0x00, 0x00, 0x14
    .byte 0x8e, 0x2a, 0x22, 0x02, 0x01, 0x06, 0x2b, 0x22, 0x02, 0x25, 0xa1, 0x2a, 0x22, 0x02, 0x29, 0x00
    .byte 0xdc, 0x32, 0x00, 0x02, 0x00, 0x00, 0x00, 0x14, 0xa1, 0x2a, 0x22, 0x02, 0x01, 0x06, 0x2b, 0x22
    .byte 0x02, 0x25, 0xd5, 0x2a, 0x22, 0x02, 0x29, 0x00, 0xdc, 0x32, 0x00, 0x03, 0x00, 0x00, 0x00, 0x13
    .byte 0xd0, 0x2a, 0x22, 0x02, 0x29, 0x00, 0xdc, 0x32, 0x00, 0x04, 0x00, 0x00, 0x00, 0x13, 0xd0, 0x2a
    .byte 0x22, 0x02, 0x29, 0x00, 0xdc, 0x32, 0x00, 0x05, 0x00, 0x00, 0x00, 0x14, 0xd5, 0x2a, 0x22, 0x02
    .byte 0x01, 0x41, 0x2b, 0x22, 0x02, 0x2c, 0x16, 0x00, 0x00, 0x00, 0x2c, 0x6b, 0x00, 0x00, 0x00, 0x2c
    .byte 0x0a, 0x00, 0x00, 0x00, 0x15, 0x0a, 0x2c, 0x15, 0x00, 0x00, 0x00, 0x2c, 0x6c, 0x00, 0x00, 0x00
    .byte 0x2c, 0x7f, 0x00, 0x00, 0x00, 0x15, 0x0a, 0x2c, 0x08, 0x00, 0x00, 0x00, 0x15, 0x05, 0x15, 0x16
    .byte 0x20, 0x00, 0x00, 0x15, 0x09, 0x00, 0x2c, 0x01, 0x00, 0x00, 0x00, 0x15, 0x45, 0x15, 0x8b, 0x18
    .byte 0x70, 0x32, 0x00, 0x00, 0x00, 0x00, 0x00, 0x13, 0x21, 0x2b, 0x22, 0x02, 0x01, 0x0d, 0x2b, 0x22
    .byte 0x02, 0x2c, 0xe2, 0x05, 0x00, 0x00, 0x2c, 0x01, 0x00, 0x00, 0x00, 0x20, 0x00, 0x00, 0x20, 0x00
    .byte 0x00, 0x15, 0x59, 0x15, 0x5a, 0x21, 0x12, 0x2f, 0x22, 0x02, 0x00, 0x01, 0x41, 0x2b, 0x22, 0x02
    .byte 0x00, 0x2c, 0x01, 0x00, 0x00, 0x00, 0x15, 0x06, 0x2c, 0x01, 0x00, 0x00, 0x00, 0x15, 0x45, 0x15
    .byte 0x8b, 0x18, 0x70, 0x32, 0x00, 0x00, 0x00, 0x00, 0x00, 0x13, 0x63, 0x2b, 0x22, 0x02, 0x01, 0x4f
    .byte 0x2b, 0x22, 0x02, 0x2c, 0xe1, 0x05, 0x00, 0x00, 0x2c, 0x01, 0x00, 0x00, 0x00, 0x20, 0x00, 0x00
    .byte 0x20, 0x00, 0x00, 0x15, 0x59, 0x15, 0x5a, 0x21, 0x12, 0x2f, 0x22, 0x02, 0x2c, 0xb7, 0x02, 0x00
    .byte 0x00, 0x15, 0x35, 0x2c, 0x21, 0x00, 0x00, 0x00, 0x2c, 0x96, 0x2b, 0x22, 0x02, 0x15, 0x39, 0x00
    .byte 0x01, 0x41, 0x2b, 0x22, 0x02, 0x00, 0x2c, 0x74, 0x00, 0x00, 0x00, 0x15, 0x37, 0x18, 0x70, 0x32
    .byte 0x00, 0x00, 0x00, 0x00, 0x00, 0x14, 0xb4, 0x2b, 0x22, 0x02, 0x20, 0x00, 0x00, 0x15, 0x05, 0x25
    .byte 0xbb, 0x2b, 0x22, 0x02, 0x2c, 0x03, 0x00, 0x00, 0x00, 0x15, 0x05, 0x2c, 0x01, 0x00, 0x00, 0x00
    .byte 0x2c, 0xc8, 0x2b, 0x22, 0x02, 0x15, 0x29, 0x00, 0x2c, 0x08, 0x00, 0x00, 0x00, 0x2c, 0xf5, 0x01
    .byte 0x00, 0x00, 0x15, 0xe0, 0x2c, 0x1b, 0x00, 0x00, 0x00, 0x15, 0x31, 0x18, 0x70, 0x26, 0x00, 0xd2
    .byte 0x20, 0x00, 0x00, 0x2c, 0x53, 0xef, 0x21, 0x02, 0x15, 0x39, 0x20, 0x00, 0x00, 0x15, 0x42, 0x18
    .byte 0x70, 0x32, 0x00, 0x00, 0x00, 0x00, 0x00, 0x14, 0x01, 0x2c, 0x22, 0x02, 0x01, 0xea, 0x2b, 0x22
    .byte 0x02, 0x2c, 0x04, 0x00, 0x00, 0x00, 0x15, 0x05, 0x2c, 0x01, 0x00, 0x00, 0x00, 0x15, 0x06, 0x20
    .byte 0x00, 0x00, 0x2c, 0x81, 0xfa, 0x00, 0x00, 0x15, 0xe0, 0x2c, 0x0a, 0x00, 0x00, 0x00, 0x15, 0x07
    .byte 0x15, 0x08, 0x20, 0x00, 0x00, 0x2c, 0x81, 0xfa, 0x00, 0x00, 0x15, 0xe0, 0x2c, 0x0a, 0x00, 0x00
    .byte 0x00, 0x15, 0x07, 0x15, 0x08, 0x20, 0x00, 0x00, 0x2c, 0x81, 0xfa, 0x00, 0x00, 0x15, 0xe0, 0x2c
    .byte 0x0a, 0x00, 0x00, 0x00, 0x15, 0x07, 0x15, 0x08, 0x20, 0x00, 0x00, 0x15, 0x06, 0x2c, 0x09, 0x00
    .byte 0x00, 0x00, 0x2c, 0xf5, 0x01, 0x00, 0x00, 0x15, 0xe0, 0x00, 0x2c, 0x74, 0x00, 0x00, 0x00, 0x15
    .byte 0x37, 0x18, 0x70, 0x32, 0x00, 0x00, 0x00, 0x00, 0x00, 0x14, 0x78, 0x2c, 0x22, 0x02, 0x20, 0x00
    .byte 0x00, 0x15, 0x05, 0x25, 0x7f, 0x2c, 0x22, 0x02, 0x2c, 0x03, 0x00, 0x00, 0x00, 0x15, 0x05, 0x2c
    .byte 0x01, 0x00, 0x00, 0x00, 0x2c, 0x8c, 0x2c, 0x22, 0x02, 0x15, 0x29, 0x00, 0x2c, 0x08, 0x00, 0x00
    .byte 0x00, 0x2c, 0xf5, 0x01, 0x00, 0x00, 0x15, 0xe0, 0x2c, 0x1b, 0x00, 0x00, 0x00, 0x15, 0x31, 0x18
    .byte 0x70, 0x26, 0x00, 0xd2, 0x20, 0x00, 0x00, 0x2c, 0x53, 0xef, 0x21, 0x02, 0x15, 0x39, 0x20, 0x00
    .byte 0x00, 0x15, 0x42, 0x18, 0x70, 0x32, 0x00, 0x00, 0x00, 0x00, 0x00, 0x14, 0xc5, 0x2c, 0x22, 0x02
    .byte 0x01, 0xae, 0x2c, 0x22, 0x02, 0x2c, 0x22, 0x00, 0x00, 0x00, 0x2c, 0xf7, 0x2c, 0x22, 0x02, 0x15
    .byte 0x39, 0x2c, 0x22, 0x00, 0x00, 0x00, 0x15, 0x42, 0x18, 0x70, 0x32, 0x00, 0x00, 0x00, 0x00, 0x00
    .byte 0x14, 0xea, 0x2c, 0x22, 0x02, 0x01, 0xd1, 0x2c, 0x22, 0x02, 0x2c, 0x09, 0x00, 0x00, 0x00, 0x2c
    .byte 0xf5, 0x01, 0x00, 0x00, 0x15, 0xe0, 0x00, 0x2c, 0x15, 0x00, 0x00, 0x00, 0x2c, 0x6b, 0x00, 0x00
    .byte 0x00, 0x2c, 0x7f, 0x00, 0x00, 0x00, 0x15, 0x0a, 0x21, 0xf7, 0x1c, 0x22, 0x02, 0x2c, 0x01, 0x00
    .byte 0x00, 0x00, 0x15, 0x45, 0x15, 0x8b, 0x18, 0x70, 0x32, 0x00, 0x00, 0x00, 0x00, 0x00, 0x13, 0x28
    .byte 0x2d, 0x22, 0x02, 0x01, 0x14, 0x2d, 0x22, 0x02, 0x2c, 0xe3, 0x05, 0x00, 0x00, 0x2c, 0x01, 0x00
    .byte 0x00, 0x00, 0x20, 0x00, 0x00, 0x20, 0x00, 0x00, 0x15, 0x59, 0x15, 0x5a, 0x21, 0x12, 0x2f, 0x22
    .byte 0x02, 0x00, 0x2c, 0x74, 0x00, 0x00, 0x00, 0x15, 0x37, 0x18, 0x70, 0x32, 0x00, 0x00, 0x00, 0x00
    .byte 0x00, 0x14, 0x60, 0x2d, 0x22, 0x02, 0x20, 0x00, 0x00, 0x15, 0x05, 0x25, 0x67, 0x2d, 0x22, 0x02
    .byte 0x2c, 0x03, 0x00, 0x00, 0x00, 0x15, 0x05, 0x2c, 0x01, 0x00, 0x00, 0x00, 0x2c, 0x74, 0x2d, 0x22
    .byte 0x02, 0x15, 0x29, 0x00, 0x2c, 0x08, 0x00, 0x00, 0x00, 0x2c, 0xf5, 0x01, 0x00, 0x00, 0x15, 0xe0
    .byte 0x2c, 0x1b, 0x00, 0x00, 0x00, 0x15, 0x31, 0x18, 0x70, 0x26, 0x00, 0xd2, 0x20, 0x00, 0x00, 0x2c
    .byte 0x53, 0xef, 0x21, 0x02, 0x15, 0x39, 0x20, 0x00, 0x00, 0x15, 0x42, 0x18, 0x70, 0x32, 0x00, 0x00
    .byte 0x00, 0x00, 0x00, 0x14, 0xad, 0x2d, 0x22, 0x02, 0x01, 0x96, 0x2d, 0x22, 0x02, 0x2c, 0x22, 0x00
    .byte 0x00, 0x00, 0x2c, 0xdf, 0x2d, 0x22, 0x02, 0x15, 0x39, 0x2c, 0x22, 0x00, 0x00, 0x00, 0x15, 0x42
    .byte 0x18, 0x70, 0x32, 0x00, 0x00, 0x00, 0x00, 0x00, 0x14, 0xd2, 0x2d, 0x22, 0x02, 0x01, 0xb9, 0x2d
    .byte 0x22, 0x02, 0x2c, 0x09, 0x00, 0x00, 0x00, 0x2c, 0xf5, 0x01, 0x00, 0x00, 0x15, 0xe0, 0x00, 0x2c
    .byte 0x15, 0x00, 0x00, 0x00, 0x2c, 0x6b, 0x00, 0x00, 0x00, 0x2c, 0x7f, 0x00, 0x00, 0x00, 0x15, 0x0a
    .byte 0x21, 0xf7, 0x1c, 0x22, 0x02, 0x2c, 0x01, 0x00, 0x00, 0x00, 0x15, 0x45, 0x15, 0x8b, 0x18, 0x70
    .byte 0x32, 0x00, 0x00, 0x00, 0x00, 0x00, 0x13, 0x10, 0x2e, 0x22, 0x02, 0x01, 0xfc, 0x2d, 0x22, 0x02
    .byte 0x2c, 0xe4, 0x05, 0x00, 0x00, 0x2c, 0x01, 0x00, 0x00, 0x00, 0x20, 0x00, 0x00, 0x20, 0x00, 0x00
    .byte 0x15, 0x59, 0x15, 0x5a, 0x21, 0x12, 0x2f, 0x22, 0x02, 0x00, 0x2c, 0x74, 0x00, 0x00, 0x00, 0x15
    .byte 0x37, 0x18, 0x70, 0x32, 0x00, 0x00, 0x00, 0x00, 0x00, 0x14, 0x48, 0x2e, 0x22, 0x02, 0x20, 0x00
    .byte 0x00, 0x15, 0x05, 0x25, 0x4f, 0x2e, 0x22, 0x02, 0x2c, 0x03, 0x00, 0x00, 0x00, 0x15, 0x05, 0x2c
    .byte 0x01, 0x00, 0x00, 0x00, 0x2c, 0x5c, 0x2e, 0x22, 0x02, 0x15, 0x29, 0x00, 0x2c, 0x08, 0x00, 0x00
    .byte 0x00, 0x2c, 0xf5, 0x01, 0x00, 0x00, 0x15, 0xe0, 0x2c, 0x1b, 0x00, 0x00, 0x00, 0x15, 0x31, 0x18
    .byte 0x70, 0x26, 0x00, 0xd2, 0x20, 0x00, 0x00, 0x2c, 0x53, 0xef, 0x21, 0x02, 0x15, 0x39, 0x20, 0x00
    .byte 0x00, 0x15, 0x42, 0x18, 0x70, 0x32, 0x00, 0x00, 0x00, 0x00, 0x00, 0x14, 0x95, 0x2e, 0x22, 0x02
    .byte 0x01, 0x7e, 0x2e, 0x22, 0x02, 0x2c, 0x22, 0x00, 0x00, 0x00, 0x2c, 0xc7, 0x2e, 0x22, 0x02, 0x15
    .byte 0x39, 0x2c, 0x22, 0x00, 0x00, 0x00, 0x15, 0x42, 0x18, 0x70, 0x32, 0x00, 0x00, 0x00, 0x00, 0x00
    .byte 0x14, 0xba, 0x2e, 0x22, 0x02, 0x01, 0xa1, 0x2e, 0x22, 0x02, 0x2c, 0x09, 0x00, 0x00, 0x00, 0x2c
    .byte 0xf5, 0x01, 0x00, 0x00, 0x15, 0xe0, 0x00, 0x2c, 0x15, 0x00, 0x00, 0x00, 0x2c, 0x6b, 0x00, 0x00
    .byte 0x00, 0x2c, 0x7f, 0x00, 0x00, 0x00, 0x15, 0x0a, 0x21, 0xf7, 0x1c, 0x22, 0x02, 0x2c, 0x01, 0x00
    .byte 0x00, 0x00, 0x15, 0x45, 0x15, 0x8b, 0x18, 0x70, 0x32, 0x00, 0x00, 0x00, 0x00, 0x00, 0x13, 0xf8
    .byte 0x2e, 0x22, 0x02, 0x01, 0xe4, 0x2e, 0x22, 0x02, 0x2c, 0xe5, 0x05, 0x00, 0x00, 0x2c, 0x01, 0x00
    .byte 0x00, 0x00, 0x20, 0x00, 0x00, 0x20, 0x00, 0x00, 0x15, 0x59, 0x15, 0x5a, 0x21, 0x12, 0x2f, 0x22
    .byte 0x02, 0x00, 0x2c, 0x16, 0x00, 0x00, 0x00, 0x2c, 0x6b, 0x00, 0x00, 0x00, 0x2c, 0x0a, 0x00, 0x00
    .byte 0x00, 0x15, 0x0a, 0x2c, 0x15, 0x00, 0x00, 0x00, 0x2c, 0x6c, 0x00, 0x00, 0x00, 0x2c, 0x7f, 0x00
    .byte 0x00, 0x00, 0x15, 0x0a, 0x2c, 0x08, 0x00, 0x00, 0x00, 0x15, 0x05, 0x15, 0x16, 0x20, 0x00, 0x00
    .byte 0x15, 0x09, 0x22, 0x00, 0x00, 0x00, 0x00, 0x00, 0x00, 0x00, 0x00, 0x00, 0x00, 0x00, 0x00, 0x00
    .byte 0x00, 0x00, 0x00, 0x00, 0x00, 0x00, 0x00, 0x00, 0x00, 0x00, 0x00, 0x00, 0x00, 0x00, 0x00, 0x00
