.text
; Matching fallback for the portable implementation in src/overlays/ov289/overlay289_recovery.c.
.extern data_ov289_0221d720
.extern data_ov289_0221d734
.extern data_ov289_0221e619
.extern data_ov289_022214c0
.extern data_ov289_022214c4
.extern GamePhaseRuntime_SetGlobalValue30F8
.extern ActorInteractionRuntime_Init
.extern ActorInteractionRuntime_NoOp
.extern ActorDescriptorBatch_RegisterAndSpawnCategory1
.extern ActorDescriptorBatch_SetCategory1Callback

.global func_ov289_0221d6c0
func_ov289_0221d6c0:
    stmdb sp!, {r3, lr}
    cmp r0, #0x0
    ldmneia sp!, {r3, pc}
    bl ActorInteractionRuntime_Init
    ldr r0, .L_0221d6fc
    ldr r2, .L_0221d700
    mov r1, #0x3
    bl ActorDescriptorBatch_RegisterAndSpawnCategory1
    ldr r0, .L_0221d704
    bl ActorInteractionRuntime_NoOp
    ldr r0, .L_0221d708
    bl GamePhaseRuntime_SetGlobalValue30F8
    ldr r0, .L_0221d70c
    bl ActorDescriptorBatch_SetCategory1Callback
    ldmia sp!, {r3, pc}
.L_0221d6fc: .word data_ov289_022214c4
.L_0221d700: .word data_ov289_0221d734
.L_0221d704: .word data_ov289_022214c0
.L_0221d708: .word data_ov289_0221d720
.L_0221d70c: .word data_ov289_0221e619
.size func_ov289_0221d6c0, . - func_ov289_0221d6c0

; Matching fallback for initialized records and BSS documented in
; src/overlays/ov289/overlay289_recovery.c.
; Absolute labels preserve fixed-address record and BSS references without alignment padding.
.global data_ov289_0221d720
.set data_ov289_0221d720, 0x0221d720
.global data_ov289_0221d734
.set data_ov289_0221d734, 0x0221d734
.global data_ov289_0221dffb
.set data_ov289_0221dffb, 0x0221dffb
.global data_ov289_0221e157
.set data_ov289_0221e157, 0x0221e157
.global data_ov289_0221e19e
.set data_ov289_0221e19e, 0x0221e19e
.global data_ov289_0221e1e1
.set data_ov289_0221e1e1, 0x0221e1e1
.global data_ov289_0221e1f8
.set data_ov289_0221e1f8, 0x0221e1f8
.global data_ov289_0221e21e
.set data_ov289_0221e21e, 0x0221e21e
.global data_ov289_0221e258
.set data_ov289_0221e258, 0x0221e258
.global data_ov289_0221e34c
.set data_ov289_0221e34c, 0x0221e34c
.global data_ov289_0221e360
.set data_ov289_0221e360, 0x0221e360
.global data_ov289_0221e386
.set data_ov289_0221e386, 0x0221e386
.global data_ov289_0221e409
.set data_ov289_0221e409, 0x0221e409
.global data_ov289_0221e40a
.set data_ov289_0221e40a, 0x0221e40a
.global data_ov289_0221e619
.set data_ov289_0221e619, 0x0221e619
.global data_ov289_0221e64e
.set data_ov289_0221e64e, 0x0221e64e
.global data_ov289_0221e663
.set data_ov289_0221e663, 0x0221e663
.global data_ov289_0221e717
.set data_ov289_0221e717, 0x0221e717
.global data_ov289_0221e721
.set data_ov289_0221e721, 0x0221e721
.global data_ov289_0221e748
.set data_ov289_0221e748, 0x0221e748
.global data_ov289_0221e831
.set data_ov289_0221e831, 0x0221e831
.global data_ov289_0221e8d5
.set data_ov289_0221e8d5, 0x0221e8d5
.global data_ov289_0221e9ee
.set data_ov289_0221e9ee, 0x0221e9ee
.global data_ov289_0221ea61
.set data_ov289_0221ea61, 0x0221ea61
.global data_ov289_0221ebb9
.set data_ov289_0221ebb9, 0x0221ebb9
.global data_ov289_0221ecbb
.set data_ov289_0221ecbb, 0x0221ecbb
.global data_ov289_0221ecfc
.set data_ov289_0221ecfc, 0x0221ecfc
.global data_ov289_0221eda3
.set data_ov289_0221eda3, 0x0221eda3
.global data_ov289_0221efa8
.set data_ov289_0221efa8, 0x0221efa8
.global data_ov289_0221efc3
.set data_ov289_0221efc3, 0x0221efc3
.global data_ov289_0221f024
.set data_ov289_0221f024, 0x0221f024
.global data_ov289_0221f288
.set data_ov289_0221f288, 0x0221f288
.global data_ov289_0221f2b0
.set data_ov289_0221f2b0, 0x0221f2b0
.global data_ov289_0221f2b8
.set data_ov289_0221f2b8, 0x0221f2b8
.global data_ov289_0221f31b
.set data_ov289_0221f31b, 0x0221f31b
.global data_ov289_0221f325
.set data_ov289_0221f325, 0x0221f325
.global data_ov289_0221f344
.set data_ov289_0221f344, 0x0221f344
.global data_ov289_0221f384
.set data_ov289_0221f384, 0x0221f384
.global data_ov289_0221f3a5
.set data_ov289_0221f3a5, 0x0221f3a5
.global data_ov289_0221f405
.set data_ov289_0221f405, 0x0221f405
.global data_ov289_0221f416
.set data_ov289_0221f416, 0x0221f416
.global data_ov289_0221f448
.set data_ov289_0221f448, 0x0221f448
.global data_ov289_0221f532
.set data_ov289_0221f532, 0x0221f532
.global data_ov289_0221f599
.set data_ov289_0221f599, 0x0221f599
.global data_ov289_0221f5ed
.set data_ov289_0221f5ed, 0x0221f5ed
.global data_ov289_0221f602
.set data_ov289_0221f602, 0x0221f602
.global data_ov289_0221f7d7
.set data_ov289_0221f7d7, 0x0221f7d7
.global data_ov289_0221f882
.set data_ov289_0221f882, 0x0221f882
.global data_ov289_0221f981
.set data_ov289_0221f981, 0x0221f981
.global data_ov289_0221fa99
.set data_ov289_0221fa99, 0x0221fa99
.global data_ov289_0221fb08
.set data_ov289_0221fb08, 0x0221fb08
.global data_ov289_0221fb61
.set data_ov289_0221fb61, 0x0221fb61
.global data_ov289_0221fbaa
.set data_ov289_0221fbaa, 0x0221fbaa
.global data_ov289_0221fbb0
.set data_ov289_0221fbb0, 0x0221fbb0
.global data_ov289_0221fbe4
.set data_ov289_0221fbe4, 0x0221fbe4
.global data_ov289_0221fc1f
.set data_ov289_0221fc1f, 0x0221fc1f
.global data_ov289_0221fc89
.set data_ov289_0221fc89, 0x0221fc89
.global data_ov289_0221fd11
.set data_ov289_0221fd11, 0x0221fd11
.global data_ov289_0221fda6
.set data_ov289_0221fda6, 0x0221fda6
.global data_ov289_0221fde0
.set data_ov289_0221fde0, 0x0221fde0
.global data_ov289_0221fede
.set data_ov289_0221fede, 0x0221fede
.global data_ov289_0221ff00
.set data_ov289_0221ff00, 0x0221ff00
.global data_ov289_0221ff21
.set data_ov289_0221ff21, 0x0221ff21
.global data_ov289_0221ff89
.set data_ov289_0221ff89, 0x0221ff89
.global data_ov289_02220043
.set data_ov289_02220043, 0x02220043
.global data_ov289_0222006a
.set data_ov289_0222006a, 0x0222006a
.global data_ov289_022200da
.set data_ov289_022200da, 0x022200da
.global data_ov289_0222015d
.set data_ov289_0222015d, 0x0222015d
.global data_ov289_02220218
.set data_ov289_02220218, 0x02220218
.global data_ov289_02220229
.set data_ov289_02220229, 0x02220229
.global data_ov289_022202c5
.set data_ov289_022202c5, 0x022202c5
.global data_ov289_02220361
.set data_ov289_02220361, 0x02220361
.global data_ov289_0222041b
.set data_ov289_0222041b, 0x0222041b
.global data_ov289_02220442
.set data_ov289_02220442, 0x02220442
.global data_ov289_022204b2
.set data_ov289_022204b2, 0x022204b2
.global data_ov289_022204fd
.set data_ov289_022204fd, 0x022204fd
.global data_ov289_02220556
.set data_ov289_02220556, 0x02220556
.global data_ov289_02220590
.set data_ov289_02220590, 0x02220590
.global data_ov289_0222068e
.set data_ov289_0222068e, 0x0222068e
.global data_ov289_022206b0
.set data_ov289_022206b0, 0x022206b0
.global data_ov289_022206d1
.set data_ov289_022206d1, 0x022206d1
.global data_ov289_0222075d
.set data_ov289_0222075d, 0x0222075d
.global data_ov289_02220817
.set data_ov289_02220817, 0x02220817
.global data_ov289_0222083e
.set data_ov289_0222083e, 0x0222083e
.global data_ov289_022208ae
.set data_ov289_022208ae, 0x022208ae
.global data_ov289_022208db
.set data_ov289_022208db, 0x022208db
.global data_ov289_02220925
.set data_ov289_02220925, 0x02220925
.global data_ov289_022209e0
.set data_ov289_022209e0, 0x022209e0
.global data_ov289_022209f1
.set data_ov289_022209f1, 0x022209f1
.global data_ov289_02220a8d
.set data_ov289_02220a8d, 0x02220a8d
.global data_ov289_02220b19
.set data_ov289_02220b19, 0x02220b19
.global data_ov289_02220bd3
.set data_ov289_02220bd3, 0x02220bd3
.global data_ov289_02220bfa
.set data_ov289_02220bfa, 0x02220bfa
.global data_ov289_02220c6a
.set data_ov289_02220c6a, 0x02220c6a
.global data_ov289_02220c90
.set data_ov289_02220c90, 0x02220c90
.global data_ov289_02220cf1
.set data_ov289_02220cf1, 0x02220cf1
.global data_ov289_02220dab
.set data_ov289_02220dab, 0x02220dab
.global data_ov289_02220dd2
.set data_ov289_02220dd2, 0x02220dd2
.global data_ov289_02220e42
.set data_ov289_02220e42, 0x02220e42
.global data_ov289_02220ecd
.set data_ov289_02220ecd, 0x02220ecd
.global data_ov289_02220ee4
.set data_ov289_02220ee4, 0x02220ee4
.global data_ov289_02220f37
.set data_ov289_02220f37, 0x02220f37
.global data_ov289_02220f70
.set data_ov289_02220f70, 0x02220f70
.global data_ov289_02221212
.set data_ov289_02221212, 0x02221212
.global data_ov289_02221242
.set data_ov289_02221242, 0x02221242
.global data_ov289_02221350
.set data_ov289_02221350, 0x02221350
.global data_ov289_022213f1
.set data_ov289_022213f1, 0x022213f1
.global data_ov289_02221421
.set data_ov289_02221421, 0x02221421
.global data_ov289_022214c0
.set data_ov289_022214c0, 0x022214c0
.global data_ov289_022214c4
.set data_ov289_022214c4, 0x022214c4
    .section .data, 4, 1, 4
    .byte 0xff, 0xff, 0xff, 0xff, 0x00, 0x00, 0x00, 0x00, 0x00, 0x00, 0x00, 0x00, 0xff, 0xff, 0x00, 0x00
    .byte 0x00, 0x00, 0x00, 0x00, 0x03, 0x00, 0x00, 0x00, 0x00, 0x10, 0x00, 0x00, 0x01, 0x10, 0x00, 0x00
    .byte 0x02, 0x10, 0x00, 0x00, 0x02, 0x00, 0x20, 0x70, 0x00, 0x00, 0x00, 0x00, 0x00, 0x00, 0xf0, 0xff
    .byte 0xcf, 0xff, 0x10, 0x00, 0x07, 0x00, 0xf0, 0x03, 0x20, 0x01, 0x00, 0x00, 0x10, 0x00, 0x00, 0x00
    .byte 0x21, 0xe7, 0x21, 0x02, 0x00, 0x00, 0x00, 0x00, 0x00, 0x00, 0x00, 0x00, 0x00, 0x00, 0x00, 0x00
    .byte 0xff, 0xff, 0x00, 0x00, 0x00, 0x00, 0x00, 0x00, 0x00, 0x00, 0x00, 0x00, 0xff, 0xff, 0xff, 0xff
    .byte 0xff, 0xff, 0xff, 0xff, 0x00, 0x00, 0x03, 0x00, 0xff, 0xff, 0xff, 0xff, 0x00, 0x00, 0x0c, 0x00
    .byte 0xf4, 0xd8, 0x0c, 0x00, 0x00, 0x00, 0x00, 0x00, 0x03, 0x00, 0x00, 0x00, 0x00, 0x10, 0x00, 0x00
    .byte 0x01, 0x10, 0x00, 0x00, 0x02, 0x10, 0x00, 0x00, 0x02, 0x00, 0x20, 0x70, 0x00, 0x00, 0x00, 0x00
    .byte 0x00, 0x00, 0xf0, 0xff, 0xcf, 0xff, 0x10, 0x00, 0x07, 0x00, 0xf0, 0x03, 0x40, 0x02, 0x00, 0x00
    .byte 0x10, 0x00, 0x00, 0x00, 0xee, 0xe9, 0x21, 0x02, 0x00, 0x00, 0x00, 0x00, 0x00, 0x00, 0x00, 0x00
    .byte 0x00, 0x00, 0x00, 0x00, 0xff, 0xff, 0x00, 0x00, 0x00, 0x00, 0x00, 0x00, 0x00, 0x00, 0x00, 0x00
    .byte 0xff, 0xff, 0xff, 0xff, 0xff, 0xff, 0xff, 0xff, 0x00, 0x00, 0x04, 0x00, 0xff, 0xff, 0xff, 0xff
    .byte 0x00, 0x00, 0x0c, 0x00, 0xf4, 0xd8, 0x0c, 0x00, 0x00, 0x00, 0x00, 0x00, 0x03, 0x00, 0x00, 0x00
    .byte 0x22, 0x23, 0x00, 0x00, 0x23, 0x23, 0x00, 0x00, 0x24, 0x23, 0x00, 0x00, 0x02, 0x00, 0x18, 0x04
    .byte 0x00, 0x00, 0x00, 0x00, 0x00, 0x00, 0xf0, 0xff, 0xc0, 0xff, 0x10, 0x00, 0x00, 0x00, 0x80, 0x01
    .byte 0x90, 0x00, 0x00, 0x00, 0x00, 0x00, 0x00, 0x00, 0xbb, 0xec, 0x21, 0x02, 0x00, 0x00, 0x00, 0x00
    .byte 0x00, 0x00, 0x00, 0x00, 0x00, 0x00, 0x00, 0x00, 0xff, 0xff, 0x00, 0x00, 0x00, 0x00, 0x00, 0x00
    .byte 0x00, 0x00, 0x00, 0x00, 0xff, 0xff, 0xff, 0xff, 0xff, 0xff, 0xff, 0xff, 0x00, 0x00, 0x05, 0x00
    .byte 0xff, 0xff, 0xff, 0xff, 0x00, 0x00, 0x04, 0x00, 0xf0, 0xe0, 0x10, 0x00, 0x00, 0x00, 0x00, 0x00
    .byte 0x03, 0x00, 0x00, 0x00, 0x22, 0x23, 0x00, 0x00, 0x23, 0x23, 0x00, 0x00, 0x24, 0x23, 0x00, 0x00
    .byte 0x02, 0x03, 0x00, 0x00, 0x00, 0x00, 0x00, 0x00, 0x00, 0x00, 0xe0, 0xff, 0xe0, 0xff, 0x20, 0x00
    .byte 0x20, 0x00, 0x80, 0x01, 0x90, 0x00, 0x00, 0x00, 0x00, 0x00, 0x00, 0x00, 0x00, 0x00, 0x00, 0x00
    .byte 0x00, 0x00, 0x00, 0x00, 0x00, 0x00, 0x00, 0x00, 0x00, 0x00, 0x00, 0x00, 0x02, 0x00, 0x00, 0x00
    .byte 0x00, 0x00, 0x00, 0x00, 0x00, 0x00, 0x00, 0x00, 0xff, 0xff, 0xff, 0xff, 0xff, 0xff, 0xff, 0xff
    .byte 0x00, 0x00, 0xff, 0xff, 0xff, 0xff, 0xff, 0xff, 0x00, 0x00, 0x1f, 0x00, 0xf4, 0xd8, 0x0c, 0x00
    .byte 0x20, 0x00, 0x00, 0x00, 0x03, 0x00, 0x00, 0x00, 0x22, 0x23, 0x00, 0x00, 0x23, 0x23, 0x00, 0x00
    .byte 0x24, 0x23, 0x00, 0x00, 0x02, 0x00, 0x00, 0x00, 0x00, 0x00, 0x00, 0x00, 0x00, 0x00, 0xe0, 0xff
    .byte 0xe0, 0xff, 0x20, 0x00, 0x20, 0x00, 0xb0, 0x01, 0xc0, 0x02, 0x00, 0x00, 0x00, 0x00, 0x00, 0x00
    .byte 0x88, 0xf2, 0x21, 0x02, 0x00, 0x00, 0x00, 0x00, 0x00, 0x00, 0x00, 0x00, 0x00, 0x00, 0x00, 0x00
    .byte 0x02, 0x00, 0x00, 0x00, 0x00, 0x00, 0x00, 0x00, 0x00, 0x00, 0x00, 0x00, 0xff, 0xff, 0xff, 0xff
    .byte 0xff, 0xff, 0xff, 0xff, 0x00, 0x00, 0x07, 0x00, 0xff, 0xff, 0xff, 0xff, 0x00, 0x00, 0x1f, 0x00
    .byte 0xf0, 0xf0, 0x10, 0x10, 0x40, 0x00, 0x00, 0x00, 0x03, 0x00, 0x0f, 0x00, 0x81, 0x22, 0x00, 0x00
    .byte 0x7f, 0x22, 0x00, 0x00, 0x82, 0x22, 0x00, 0x00, 0x02, 0x05, 0x00, 0x00, 0x00, 0x00, 0x00, 0x00
    .byte 0x00, 0x00, 0xf0, 0xff, 0xb0, 0xff, 0x10, 0x00, 0xf0, 0xff, 0x60, 0x02, 0x20, 0x01, 0x00, 0x00
    .byte 0x00, 0x00, 0x00, 0x00, 0xd7, 0xf7, 0x21, 0x02, 0x00, 0x00, 0x00, 0x00, 0x00, 0x00, 0x00, 0x00
    .byte 0x00, 0x00, 0x00, 0x00, 0xff, 0xff, 0x00, 0x00, 0x00, 0x00, 0x00, 0x00, 0x00, 0x00, 0x00, 0x00
    .byte 0xff, 0xff, 0xff, 0xff, 0xff, 0xff, 0xff, 0xff, 0x00, 0x00, 0x08, 0x00, 0xff, 0xff, 0xff, 0xff
    .byte 0x00, 0x00, 0x00, 0x00, 0xf4, 0xd8, 0x0c, 0x00, 0x00, 0x00, 0x00, 0x00, 0x03, 0x00, 0x00, 0x00
    .byte 0x7e, 0x22, 0x00, 0x00, 0x7f, 0x22, 0x00, 0x00, 0x80, 0x22, 0x00, 0x00, 0x02, 0x00, 0x20, 0x20
    .byte 0x00, 0x00, 0x00, 0x00, 0x00, 0x00, 0xf0, 0xff, 0xd0, 0xff, 0x10, 0x00, 0x10, 0x00, 0x60, 0x02
    .byte 0x20, 0x01, 0x00, 0x00, 0x00, 0x00, 0x00, 0x00, 0x00, 0x00, 0x00, 0x00, 0x00, 0x00, 0x00, 0x00
    .byte 0x00, 0x00, 0x00, 0x00, 0x00, 0x00, 0x00, 0x00, 0xff, 0xff, 0x00, 0x00, 0x00, 0x00, 0x00, 0x00
    .byte 0x00, 0x00, 0x00, 0x00, 0xff, 0xff, 0xff, 0xff, 0xff, 0xff, 0xff, 0xff, 0x00, 0x00, 0xff, 0xff
    .byte 0xff, 0xff, 0xff, 0xff, 0x00, 0x00, 0x00, 0x00, 0xf4, 0xd8, 0x0c, 0x00, 0x00, 0x00, 0x00, 0x00
    .byte 0x03, 0x00, 0x00, 0x00, 0x3f, 0x16, 0x00, 0x00, 0x40, 0x16, 0x00, 0x00, 0x41, 0x16, 0x00, 0x00
    .byte 0x02, 0x00, 0x00, 0x00, 0x00, 0x00, 0x00, 0x00, 0x00, 0x00, 0xf0, 0xff, 0xcf, 0xff, 0x10, 0x00
    .byte 0x07, 0x00, 0x60, 0x02, 0x20, 0x01, 0x00, 0x01, 0x00, 0x00, 0x00, 0x00, 0xaa, 0xfb, 0x21, 0x02
    .byte 0x00, 0x00, 0x00, 0x00, 0x00, 0x00, 0x00, 0x00, 0x00, 0x00, 0x00, 0x00, 0xff, 0xff, 0x00, 0x00
    .byte 0x00, 0x00, 0x00, 0x00, 0x00, 0x00, 0x00, 0x00, 0xff, 0xff, 0xff, 0xff, 0xff, 0xff, 0xff, 0xff
    .byte 0x00, 0x00, 0x0a, 0x00, 0xff, 0xff, 0xff, 0xff, 0x00, 0x00, 0x00, 0x00, 0xf4, 0xd8, 0x0c, 0x00
    .byte 0x00, 0x00, 0x00, 0x00, 0x02, 0x00, 0x36, 0x00, 0x00, 0x10, 0x00, 0x00, 0x01, 0x10, 0x00, 0x00
    .byte 0x02, 0x10, 0x00, 0x00, 0x02, 0x00, 0x10, 0x08, 0x00, 0x00, 0x00, 0x00, 0x00, 0x00, 0xf0, 0xff
    .byte 0xe0, 0xff, 0x10, 0x00, 0x00, 0x00, 0x10, 0x03, 0xf0, 0x01, 0x00, 0x00, 0x00, 0x00, 0x01, 0x02
    .byte 0x00, 0x00, 0x00, 0x00, 0x00, 0x11, 0x00, 0x00, 0x00, 0x00, 0x00, 0x00, 0x00, 0x00, 0x00, 0x00
    .byte 0xff, 0xff, 0x00, 0x00, 0x00, 0x00, 0x00, 0x00, 0x00, 0x00, 0x00, 0x00, 0xff, 0xff, 0xff, 0xff
    .byte 0xff, 0xff, 0xff, 0xff, 0x00, 0x00, 0xff, 0xff, 0x01, 0x00, 0x00, 0x00, 0x00, 0x00, 0x00, 0x00
    .byte 0xf4, 0xd8, 0x0c, 0x00, 0x00, 0x00, 0x00, 0x00, 0x02, 0x00, 0x36, 0x00, 0x00, 0x10, 0x00, 0x00
    .byte 0x01, 0x10, 0x00, 0x00, 0x02, 0x10, 0x00, 0x00, 0x02, 0x00, 0x10, 0x08, 0x00, 0x00, 0x00, 0x00
    .byte 0x00, 0x00, 0xf0, 0xff, 0xe0, 0xff, 0x10, 0x00, 0x00, 0x00, 0x00, 0x03, 0x30, 0x02, 0x00, 0x00
    .byte 0x00, 0x00, 0x01, 0x02, 0x00, 0x00, 0x00, 0x00, 0x00, 0x11, 0x00, 0x00, 0x00, 0x00, 0x00, 0x00
    .byte 0x00, 0x00, 0x00, 0x00, 0xff, 0xff, 0x00, 0x00, 0x00, 0x00, 0x00, 0x00, 0x00, 0x00, 0x00, 0x00
    .byte 0xff, 0xff, 0xff, 0xff, 0xff, 0xff, 0xff, 0xff, 0x00, 0x00, 0xff, 0xff, 0x01, 0x00, 0x00, 0x00
    .byte 0x00, 0x00, 0x00, 0x00, 0xf4, 0xd8, 0x0c, 0x00, 0x00, 0x00, 0x00, 0x00, 0x02, 0x00, 0x2e, 0x00
    .byte 0x00, 0x10, 0x00, 0x00, 0x01, 0x10, 0x00, 0x00, 0x02, 0x10, 0x00, 0x00, 0x02, 0x00, 0x14, 0x08
    .byte 0x00, 0x00, 0x00, 0x00, 0x00, 0x00, 0xf0, 0xff, 0xe0, 0xff, 0x10, 0x00, 0x00, 0x00, 0x90, 0x02
    .byte 0x80, 0x00, 0x00, 0x00, 0x08, 0x00, 0x01, 0x02, 0x00, 0x00, 0x00, 0x00, 0x00, 0x03, 0x00, 0x00
    .byte 0x00, 0x00, 0x00, 0x00, 0x00, 0x00, 0x00, 0x00, 0xff, 0xff, 0x00, 0x00, 0x00, 0x00, 0x00, 0x00
    .byte 0x00, 0x00, 0x00, 0x00, 0xff, 0xff, 0xff, 0xff, 0xff, 0xff, 0xff, 0xff, 0x00, 0x00, 0xff, 0xff
    .byte 0x01, 0x00, 0x00, 0x00, 0x00, 0x00, 0x00, 0x00, 0xf4, 0xd8, 0x0c, 0x00, 0x00, 0x00, 0x00, 0x00
    .byte 0x02, 0x00, 0x2e, 0x00, 0x00, 0x10, 0x00, 0x00, 0x01, 0x10, 0x00, 0x00, 0x02, 0x10, 0x00, 0x00
    .byte 0x02, 0x00, 0x14, 0x08, 0x00, 0x00, 0x00, 0x00, 0x00, 0x00, 0xf0, 0xff, 0xe0, 0xff, 0x10, 0x00
    .byte 0x00, 0x00, 0x60, 0x00, 0x10, 0x02, 0x00, 0x00, 0x08, 0x00, 0x01, 0x02, 0x00, 0x00, 0x00, 0x00
    .byte 0x00, 0x03, 0x00, 0x00, 0x00, 0x00, 0x00, 0x00, 0x00, 0x00, 0x00, 0x00, 0xff, 0xff, 0x00, 0x00
    .byte 0x00, 0x00, 0x00, 0x00, 0x00, 0x00, 0x00, 0x00, 0xff, 0xff, 0xff, 0xff, 0xff, 0xff, 0xff, 0xff
    .byte 0x00, 0x00, 0xff, 0xff, 0x01, 0x00, 0x00, 0x00, 0x00, 0x00, 0x00, 0x00, 0xf4, 0xd8, 0x0c, 0x00
    .byte 0x00, 0x00, 0x00, 0x00, 0x02, 0x00, 0x2e, 0x00, 0x00, 0x10, 0x00, 0x00, 0x01, 0x10, 0x00, 0x00
    .byte 0x02, 0x10, 0x00, 0x00, 0x02, 0x00, 0x14, 0x08, 0x00, 0x00, 0x00, 0x00, 0x00, 0x00, 0xf0, 0xff
    .byte 0xe0, 0xff, 0x10, 0x00, 0x00, 0x00, 0xa0, 0x00, 0x90, 0x02, 0x00, 0x00, 0x08, 0x00, 0x01, 0x02
    .byte 0x00, 0x00, 0x00, 0x00, 0x00, 0x03, 0x00, 0x00, 0x00, 0x00, 0x00, 0x00, 0x00, 0x00, 0x00, 0x00
    .byte 0xff, 0xff, 0x00, 0x00, 0x00, 0x00, 0x00, 0x00, 0x00, 0x00, 0x00, 0x00, 0xff, 0xff, 0xff, 0xff
    .byte 0xff, 0xff, 0xff, 0xff, 0x00, 0x00, 0xff, 0xff, 0x01, 0x00, 0x00, 0x00, 0x00, 0x00, 0x00, 0x00
    .byte 0xf4, 0xd8, 0x0c, 0x00, 0x00, 0x00, 0x00, 0x00, 0x02, 0x00, 0x31, 0x00, 0x00, 0x10, 0x00, 0x00
    .byte 0x01, 0x10, 0x00, 0x00, 0x02, 0x10, 0x00, 0x00, 0x02, 0x00, 0x14, 0x08, 0x00, 0x00, 0x00, 0x00
    .byte 0x00, 0x00, 0xf0, 0xff, 0xcf, 0xff, 0x10, 0x00, 0x07, 0x00, 0x40, 0x03, 0x20, 0x02, 0x00, 0x00
    .byte 0x00, 0x00, 0x01, 0x02, 0x00, 0x00, 0x00, 0x00, 0x00, 0x01, 0x00, 0x00, 0x00, 0x00, 0x00, 0x00
    .byte 0x00, 0x00, 0x00, 0x00, 0xff, 0xff, 0x00, 0x00, 0x00, 0x00, 0x00, 0x00, 0x00, 0x00, 0x00, 0x00
    .byte 0xff, 0xff, 0xff, 0xff, 0xff, 0xff, 0xff, 0xff, 0x00, 0x00, 0xff, 0xff, 0x01, 0x00, 0x00, 0x00
    .byte 0x00, 0x00, 0x00, 0x00, 0xf4, 0xd8, 0x0c, 0x00, 0x00, 0x00, 0x00, 0x00, 0x02, 0x00, 0x31, 0x00
    .byte 0x00, 0x10, 0x00, 0x00, 0x01, 0x10, 0x00, 0x00, 0x02, 0x10, 0x00, 0x00, 0x02, 0x00, 0x14, 0x08
    .byte 0x00, 0x00, 0x00, 0x00, 0x00, 0x00, 0xf0, 0xff, 0xcf, 0xff, 0x10, 0x00, 0x07, 0x00, 0x80, 0x00
    .byte 0x60, 0x02, 0x00, 0x00, 0x00, 0x00, 0x01, 0x02, 0x00, 0x00, 0x00, 0x00, 0x00, 0x03, 0x00, 0x00
    .byte 0x00, 0x00, 0x00, 0x00, 0x00, 0x00, 0x00, 0x00, 0xff, 0xff, 0x00, 0x00, 0x00, 0x00, 0x00, 0x00
    .byte 0x00, 0x00, 0x00, 0x00, 0xff, 0xff, 0xff, 0xff, 0xff, 0xff, 0xff, 0xff, 0x00, 0x00, 0xff, 0xff
    .byte 0x01, 0x00, 0x00, 0x00, 0x00, 0x00, 0x00, 0x00, 0xf4, 0xd8, 0x0c, 0x00, 0x00, 0x00, 0x00, 0x00
    .byte 0x03, 0x00, 0x00, 0x00, 0x93, 0x16, 0x00, 0x00, 0x94, 0x16, 0x00, 0x00, 0x95, 0x16, 0x00, 0x00
    .byte 0x02, 0x00, 0x1c, 0x10, 0x00, 0xfc, 0x00, 0x00, 0x00, 0x00, 0xf0, 0xff, 0xe8, 0xff, 0x10, 0x00
    .byte 0x04, 0x00, 0x58, 0x00, 0x00, 0x02, 0x00, 0x00, 0x00, 0x00, 0x00, 0x00, 0xb0, 0xfb, 0x21, 0x02
    .byte 0x00, 0x00, 0x00, 0x00, 0x00, 0x00, 0x00, 0x00, 0x00, 0x00, 0x00, 0x00, 0xff, 0xff, 0x00, 0x00
    .byte 0x00, 0x00, 0x00, 0x00, 0x00, 0x00, 0x00, 0x00, 0xff, 0xff, 0xff, 0xff, 0xff, 0xff, 0xff, 0xff
    .byte 0x00, 0x00, 0x12, 0x00, 0xff, 0xff, 0xff, 0xff, 0x00, 0x00, 0x04, 0x00, 0xf0, 0xe0, 0x10, 0x08
    .byte 0x00, 0x00, 0x00, 0x00, 0x03, 0x00, 0x00, 0x00, 0x31, 0x23, 0x00, 0x00, 0x32, 0x23, 0x00, 0x00
    .byte 0x33, 0x23, 0x00, 0x00, 0x02, 0x00, 0x00, 0x00, 0x00, 0x00, 0x00, 0x00, 0x00, 0x00, 0xf0, 0xff
    .byte 0xf0, 0xff, 0x10, 0x00, 0x10, 0x00, 0x90, 0x02, 0x60, 0x00, 0x28, 0x00, 0x00, 0x00, 0x00, 0x00
    .byte 0x00, 0x00, 0x00, 0x00, 0x00, 0x00, 0x00, 0x00, 0x00, 0x00, 0x00, 0x00, 0x00, 0x00, 0x00, 0x00
    .byte 0xff, 0xff, 0x00, 0x00, 0x00, 0x00, 0x00, 0x00, 0x00, 0x00, 0x00, 0x00, 0xff, 0xff, 0xff, 0xff
    .byte 0xff, 0xff, 0xff, 0xff, 0x00, 0x00, 0xff, 0xff, 0xff, 0xff, 0xff, 0xff, 0x00, 0x00, 0x1f, 0x00
    .byte 0xf4, 0xd8, 0x0c, 0x00, 0x00, 0x00, 0x00, 0x00, 0x03, 0x00, 0x00, 0x00, 0x31, 0x23, 0x00, 0x00
    .byte 0x32, 0x23, 0x00, 0x00, 0x33, 0x23, 0x00, 0x00, 0x02, 0x00, 0x00, 0x00, 0x00, 0x00, 0x00, 0x00
    .byte 0x00, 0x00, 0xf0, 0xff, 0xf0, 0xff, 0x10, 0x00, 0x10, 0x00, 0xc8, 0x00, 0x30, 0x02, 0x28, 0x00
    .byte 0x00, 0x00, 0x00, 0x00, 0x00, 0x00, 0x00, 0x00, 0x00, 0x00, 0x00, 0x00, 0x00, 0x00, 0x00, 0x00
    .byte 0x00, 0x00, 0x00, 0x00, 0xff, 0xff, 0x00, 0x00, 0x00, 0x00, 0x00, 0x00, 0x00, 0x00, 0x00, 0x00
    .byte 0xff, 0xff, 0xff, 0xff, 0xff, 0xff, 0xff, 0xff, 0x00, 0x00, 0xff, 0xff, 0xff, 0xff, 0xff, 0xff
    .byte 0x00, 0x00, 0x1f, 0x00, 0xf4, 0xd8, 0x0c, 0x00, 0x00, 0x00, 0x00, 0x00, 0x03, 0x00, 0x00, 0x00
    .byte 0x9a, 0x16, 0x00, 0x00, 0x9b, 0x16, 0x00, 0x00, 0x9c, 0x16, 0x00, 0x00, 0x02, 0x00, 0x14, 0x08
    .byte 0x00, 0xfe, 0x00, 0x00, 0x00, 0x00, 0xf0, 0xff, 0xe0, 0xff, 0x10, 0x00, 0x04, 0x00, 0x68, 0x00
    .byte 0xb8, 0x00, 0x00, 0x00, 0x00, 0x00, 0x00, 0x00, 0x70, 0x0f, 0x22, 0x02, 0x00, 0x00, 0x00, 0x00
    .byte 0x00, 0x00, 0x00, 0x00, 0x00, 0x00, 0x00, 0x00, 0xff, 0xff, 0x02, 0x00, 0x00, 0x00, 0x00, 0x00
    .byte 0x00, 0x00, 0x00, 0x00, 0xff, 0xff, 0xff, 0xff, 0xff, 0xff, 0xff, 0xff, 0x00, 0x00, 0x15, 0x00
    .byte 0xff, 0xff, 0xff, 0xff, 0x00, 0x00, 0x0e, 0x00, 0xf4, 0xe0, 0x0c, 0x04, 0x00, 0x00, 0x00, 0x00
    .byte 0x03, 0x00, 0x00, 0x00, 0x9a, 0x16, 0x00, 0x00, 0x9b, 0x16, 0x00, 0x00, 0x9c, 0x16, 0x00, 0x00
    .byte 0x02, 0x00, 0x14, 0x08, 0x00, 0xfe, 0x00, 0x00, 0x00, 0x00, 0xf0, 0xff, 0xe0, 0xff, 0x10, 0x00
    .byte 0x04, 0x00, 0x94, 0x00, 0xd8, 0x00, 0x00, 0x00, 0x00, 0x00, 0x00, 0x00, 0x12, 0x12, 0x22, 0x02
    .byte 0x00, 0x00, 0x00, 0x00, 0x00, 0x00, 0x00, 0x00, 0x00, 0x00, 0x00, 0x00, 0xff, 0xff, 0x02, 0x00
    .byte 0x00, 0x00, 0x00, 0x00, 0x00, 0x00, 0x00, 0x00, 0xff, 0xff, 0xff, 0xff, 0xff, 0xff, 0xff, 0xff
    .byte 0x00, 0x00, 0x16, 0x00, 0xff, 0xff, 0xff, 0xff, 0x00, 0x00, 0x0e, 0x00, 0xf4, 0xe0, 0x0c, 0x04
    .byte 0x00, 0x00, 0x00, 0x00, 0x00, 0x00, 0x00, 0x00, 0x00, 0x00, 0x00, 0x00, 0x00, 0x00, 0x00, 0x00
    .byte 0x00, 0x00, 0x00, 0x00, 0x00, 0x00, 0x00, 0x00, 0x00, 0x00, 0x00, 0x00, 0x00, 0x00, 0x00, 0x00
    .byte 0x00, 0x00, 0x00, 0x00, 0x00, 0x00, 0x00, 0x00, 0x00, 0x00, 0x00, 0x00, 0x00, 0x00, 0x00, 0x00
    .byte 0x00, 0x00, 0x00, 0x00, 0x00, 0x00, 0x00, 0x00, 0x00, 0x00, 0x00, 0x00, 0x00, 0x00, 0x00, 0x00
    .byte 0x00, 0x00, 0x00, 0x00, 0x00, 0x00, 0x00, 0x00, 0x00, 0x00, 0x00, 0x00, 0x00, 0x00, 0x00, 0x00
    .byte 0x00, 0x00, 0x00, 0x00, 0x00, 0x00, 0x00, 0x00, 0x00, 0x00, 0x00, 0x00, 0x00, 0x00, 0x00, 0x00
    .byte 0x00, 0x00, 0x00, 0x00, 0x00, 0x00, 0x00, 0x00, 0x2c, 0x62, 0x10, 0x00, 0x00, 0x2c, 0x01, 0x10
    .byte 0x00, 0x00, 0x2c, 0x63, 0x10, 0x00, 0x00, 0x2c, 0x02, 0x00, 0x00, 0x00, 0x2c, 0x10, 0x00, 0x00
    .byte 0x00, 0x15, 0x73, 0x20, 0x00, 0x00, 0x15, 0x55, 0x20, 0x00, 0x00, 0x2c, 0x61, 0x00, 0x00, 0x00
    .byte 0x15, 0xe0, 0x2c, 0x3c, 0x00, 0x00, 0x00, 0x15, 0x07, 0x15, 0x08, 0x00, 0x15, 0x28, 0x2c, 0x00
    .byte 0x10, 0x00, 0x00, 0x2c, 0x01, 0x10, 0x00, 0x00, 0x2c, 0x02, 0x10, 0x00, 0x00, 0x2c, 0x02, 0x00
    .byte 0x00, 0x00, 0x20, 0x00, 0x00, 0x15, 0x73, 0x2c, 0x01, 0x00, 0x00, 0x00, 0x15, 0x25, 0x2c, 0x12
    .byte 0x00, 0x00, 0x00, 0x20, 0x00, 0x00, 0x15, 0x32, 0x2d, 0x58, 0x2c, 0x07, 0x00, 0x00, 0x00, 0x15
    .byte 0x47, 0x18, 0x70, 0x17, 0x00, 0x2d, 0x58, 0x2c, 0x08, 0x00, 0x00, 0x00, 0x15, 0x47, 0x18, 0x70
    .byte 0x17, 0x00, 0x15, 0x1e, 0x18, 0x70, 0x17, 0x00, 0x15, 0x75, 0x20, 0x00, 0x00, 0x15, 0x06, 0x00
    .byte 0x15, 0xa2, 0x00, 0x2c, 0x01, 0x00, 0x00, 0x00, 0x15, 0x09, 0x00, 0x20, 0x00, 0x00, 0x15, 0x09
    .byte 0x00, 0x15, 0x0d, 0x00, 0x00, 0x20, 0x00, 0x00, 0x15, 0x17, 0x00, 0x2c, 0x01, 0x00, 0x00, 0x00
    .byte 0x15, 0x25, 0x00, 0x20, 0x00, 0x00, 0x15, 0x25, 0x00, 0x20, 0x00, 0x00, 0x20, 0x00, 0x00, 0x20
    .byte 0x00, 0x00, 0x15, 0x02, 0x20, 0x00, 0x00, 0x15, 0x3d, 0x20, 0x00, 0x00, 0x15, 0x09, 0x00, 0x20
    .byte 0x00, 0x00, 0x15, 0x18, 0x20, 0x00, 0x00, 0x15, 0x19, 0x20, 0x00, 0x00, 0x15, 0x09, 0x00, 0x2c
    .byte 0x0c, 0xfe, 0xff, 0xff, 0x2c, 0x0c, 0xfe, 0xff, 0xff, 0x20, 0x00, 0x00, 0x15, 0x02, 0x20, 0x00
    .byte 0x00, 0x15, 0x09, 0x00, 0x15, 0x2c, 0x00, 0x20, 0x00, 0x00, 0x15, 0x17, 0x2c, 0x00, 0x10, 0x00
    .byte 0x00, 0x2c, 0x01, 0x10, 0x00, 0x00, 0x2c, 0x02, 0x10, 0x00, 0x00, 0x2c, 0x02, 0x00, 0x00, 0x00
    .byte 0x20, 0x00, 0x00, 0x15, 0x73, 0x2c, 0x01, 0x00, 0x00, 0x00, 0x15, 0x09, 0x20, 0x00, 0x00, 0x15
    .byte 0x75, 0x00, 0x2c, 0x06, 0x00, 0x00, 0x00, 0x20, 0x00, 0x00, 0x20, 0x00, 0x00, 0x20, 0x00, 0x00
    .byte 0x15, 0xcd, 0x00, 0x22, 0x2c, 0x15, 0x00, 0x00, 0x00, 0x2c, 0x9e, 0x00, 0x00, 0x00, 0x2c, 0x7f
    .byte 0x00, 0x00, 0x00, 0x15, 0x0a, 0x2c, 0x03, 0x10, 0x00, 0x00, 0x2c, 0x01, 0x10, 0x00, 0x00, 0x2c
    .byte 0x04, 0x10, 0x00, 0x00, 0x2c, 0x02, 0x00, 0x00, 0x00, 0x2c, 0x18, 0x00, 0x00, 0x00, 0x15, 0x73
    .byte 0x2c, 0x00, 0x01, 0x00, 0x00, 0x15, 0x17, 0x2c, 0x01, 0x00, 0x00, 0x00, 0x15, 0x06, 0x2c, 0x01
    .byte 0x00, 0x00, 0x00, 0x15, 0x09, 0x2c, 0x13, 0x00, 0x00, 0x00, 0x20, 0x00, 0x00, 0x20, 0x00, 0x00
    .byte 0x2c, 0x30, 0x00, 0x00, 0x00, 0x20, 0x00, 0x00, 0x20, 0x00, 0x00, 0x20, 0x00, 0x00, 0x15, 0x53
    .byte 0x15, 0x46, 0x15, 0x8b, 0x18, 0x70, 0x32, 0x00, 0x00, 0x00, 0x00, 0x00, 0x13, 0x06, 0xe1, 0x21
    .byte 0x02, 0x01, 0xf2, 0xe0, 0x21, 0x02, 0x2c, 0x93, 0x00, 0x00, 0x00, 0x2c, 0x01, 0x00, 0x00, 0x00
    .byte 0x20, 0x00, 0x00, 0x20, 0x00, 0x00, 0x15, 0xb8, 0x15, 0x5a, 0x20, 0x00, 0x00, 0x15, 0x75, 0x2c
    .byte 0x85, 0x03, 0x00, 0x00, 0x15, 0x36, 0x2c, 0x2b, 0x00, 0x00, 0x00, 0x15, 0x05, 0x2c, 0x01, 0x00
    .byte 0x00, 0x00, 0x15, 0x06, 0x2c, 0x5a, 0x00, 0x00, 0x00, 0x15, 0x07, 0x15, 0x08, 0x2c, 0xe0, 0x03
    .byte 0x00, 0x00, 0x15, 0x37, 0x18, 0x70, 0x32, 0x00, 0x00, 0x00, 0x00, 0x00, 0x14, 0x56, 0xe1, 0x21
    .byte 0x02, 0x01, 0x3d, 0xe1, 0x21, 0x02, 0x00, 0x20, 0x00, 0x00, 0x15, 0x75, 0x2c, 0x00, 0x01, 0x00
    .byte 0x00, 0x15, 0x17, 0x2c, 0x0f, 0x10, 0x00, 0x00, 0x2c, 0x01, 0x10, 0x00, 0x00, 0x2c, 0x10, 0x10
    .byte 0x00, 0x00, 0x2c, 0x02, 0x00, 0x00, 0x00, 0x2c, 0x21, 0x00, 0x00, 0x00, 0x15, 0x73, 0x15, 0x16
    .byte 0x15, 0x46, 0x29, 0x00, 0x66, 0x32, 0x00, 0x01, 0x00, 0x00, 0x00, 0x13, 0x9e, 0xe1, 0x21, 0x02
    .byte 0x29, 0x00, 0x66, 0x32, 0x00, 0x08, 0x00, 0x00, 0x00, 0x14, 0x23, 0xe2, 0x21, 0x02, 0x2c, 0x03
    .byte 0x00, 0x00, 0x00, 0x38, 0x00, 0x20, 0x00, 0x00, 0x20, 0x00, 0x00, 0x20, 0x00, 0x00, 0x20, 0x00
    .byte 0x00, 0x20, 0x00, 0x00, 0x15, 0x53, 0x2c, 0x01, 0x00, 0x00, 0x00, 0x38, 0x00, 0x15, 0x85, 0x37
    .byte 0x00, 0x00, 0x32, 0x00, 0x01, 0x00, 0x00, 0x00, 0x14, 0xf8, 0xe1, 0x21, 0x02, 0x15, 0x8b, 0x18
    .byte 0x70, 0x32, 0x00, 0x00, 0x00, 0x00, 0x00, 0x13, 0xe1, 0xe1, 0x21, 0x02, 0x01, 0xcd, 0xe1, 0x21
    .byte 0x02, 0x2c, 0x20, 0x03, 0x00, 0x00, 0x2c, 0x01, 0x00, 0x00, 0x00, 0x20, 0x00, 0x00, 0x20, 0x00
    .byte 0x00, 0x15, 0xb8, 0x25, 0x1e, 0xe2, 0x21, 0x02, 0x15, 0x8b, 0x18, 0x70, 0x32, 0x00, 0x00, 0x00
    .byte 0x00, 0x00, 0x13, 0x0c, 0xe2, 0x21, 0x02, 0x01, 0xf8, 0xe1, 0x21, 0x02, 0x2c, 0xe1, 0x02, 0x00
    .byte 0x00, 0x2c, 0x01, 0x00, 0x00, 0x00, 0x20, 0x00, 0x00, 0x20, 0x00, 0x00, 0x15, 0xb8, 0x25, 0x86
    .byte 0xe3, 0x21, 0x02, 0x29, 0x00, 0x66, 0x32, 0x00, 0x03, 0x00, 0x00, 0x00, 0x13, 0x3f, 0xe2, 0x21
    .byte 0x02, 0x29, 0x00, 0x66, 0x32, 0x00, 0x09, 0x00, 0x00, 0x00, 0x14, 0x83, 0xe2, 0x21, 0x02, 0x2c
    .byte 0x04, 0x00, 0x00, 0x00, 0x2c, 0x03, 0x00, 0x00, 0x00, 0x2d, 0xd9, 0x2d, 0x63, 0x20, 0x00, 0x00
    .byte 0x20, 0x00, 0x00, 0x20, 0x00, 0x00, 0x15, 0x53, 0x15, 0x8b, 0x18, 0x70, 0x32, 0x00, 0x00, 0x00
    .byte 0x00, 0x00, 0x13, 0x6c, 0xe2, 0x21, 0x02, 0x01, 0x58, 0xe2, 0x21, 0x02, 0x2c, 0x01, 0x00, 0x00
    .byte 0x00, 0x2c, 0x01, 0x00, 0x00, 0x00, 0x20, 0x00, 0x00, 0x20, 0x00, 0x00, 0x15, 0xb8, 0x25, 0x86
    .byte 0xe3, 0x21, 0x02, 0x29, 0x00, 0x66, 0x32, 0x00, 0x04, 0x00, 0x00, 0x00, 0x14, 0xde, 0xe2, 0x21
    .byte 0x02, 0x2c, 0x04, 0x00, 0x00, 0x00, 0x2c, 0x03, 0x00, 0x00, 0x00, 0x2c, 0x3d, 0x00, 0x00, 0x00
    .byte 0x2d, 0x63, 0x20, 0x00, 0x00, 0x20, 0x00, 0x00, 0x20, 0x00, 0x00, 0x15, 0x53, 0x29, 0x00, 0xd9
    .byte 0x26, 0x00, 0xc0, 0x15, 0x8b, 0x18, 0x70, 0x32, 0x00, 0x00, 0x00, 0x00, 0x00, 0x13, 0xc7, 0xe2
    .byte 0x21, 0x02, 0x01, 0xb3, 0xe2, 0x21, 0x02, 0x2c, 0x02, 0x00, 0x00, 0x00, 0x2c, 0x01, 0x00, 0x00
    .byte 0x00, 0x20, 0x00, 0x00, 0x20, 0x00, 0x00, 0x15, 0xb8, 0x25, 0x86, 0xe3, 0x21, 0x02, 0x29, 0x00
    .byte 0x66, 0x32, 0x00, 0x0a, 0x00, 0x00, 0x00, 0x14, 0x4c, 0xe3, 0x21, 0x02, 0x29, 0x00, 0xd9, 0x26
    .byte 0x00, 0xbe, 0x15, 0x8b, 0x18, 0x70, 0x32, 0x00, 0x00, 0x00, 0x00, 0x00, 0x13, 0x06, 0xe3, 0x21
    .byte 0x02, 0x01, 0xf2, 0xe2, 0x21, 0x02, 0x2c, 0x46, 0x00, 0x00, 0x00, 0x2c, 0x01, 0x00, 0x00, 0x00
    .byte 0x20, 0x00, 0x00, 0x20, 0x00, 0x00, 0x15, 0xb8, 0x15, 0x5a, 0x2c, 0x97, 0x03, 0x00, 0x00, 0x15
    .byte 0x37, 0x18, 0x70, 0x32, 0x00, 0x00, 0x00, 0x00, 0x00, 0x14, 0x3f, 0xe3, 0x21, 0x02, 0x2c, 0xb4
    .byte 0x03, 0x00, 0x00, 0x15, 0x35, 0x2c, 0x08, 0x00, 0x00, 0x00, 0x20, 0x00, 0x00, 0x15, 0x78, 0x2c
    .byte 0x97, 0x03, 0x00, 0x00, 0x15, 0x35, 0x00, 0x25, 0x86, 0xe3, 0x21, 0x02, 0x29, 0x00, 0x66, 0x32
    .byte 0x00, 0x0b, 0x00, 0x00, 0x00, 0x14, 0x86, 0xe3, 0x21, 0x02, 0x29, 0x00, 0xd9, 0x26, 0x00, 0xbe
    .byte 0x15, 0x8b, 0x18, 0x70, 0x32, 0x00, 0x00, 0x00, 0x00, 0x00, 0x13, 0x74, 0xe3, 0x21, 0x02, 0x01
    .byte 0x60, 0xe3, 0x21, 0x02, 0x2c, 0x57, 0x02, 0x00, 0x00, 0x2c, 0x01, 0x00, 0x00, 0x00, 0x20, 0x00
    .byte 0x00, 0x20, 0x00, 0x00, 0x15, 0xb8, 0x15, 0x5a, 0x00, 0x20, 0x00, 0x00, 0x2c, 0xab, 0xe3, 0x21
    .byte 0x02, 0x15, 0x39, 0x20, 0x00, 0x00, 0x15, 0x42, 0x18, 0x70, 0x32, 0x00, 0x00, 0x00, 0x00, 0x00
    .byte 0x14, 0xaa, 0xe3, 0x21, 0x02, 0x01, 0x93, 0xe3, 0x21, 0x02, 0x22, 0x2c, 0x15, 0x00, 0x00, 0x00
    .byte 0x2c, 0x9d, 0x00, 0x00, 0x00, 0x2c, 0x7f, 0x00, 0x00, 0x00, 0x15, 0x0a, 0x2c, 0x00, 0x01, 0x00
    .byte 0x00, 0x15, 0x17, 0x2c, 0x0f, 0x10, 0x00, 0x00, 0x2c, 0x01, 0x10, 0x00, 0x00, 0x2c, 0x10, 0x10
    .byte 0x00, 0x00, 0x2c, 0x02, 0x00, 0x00, 0x00, 0x2c, 0x21, 0x00, 0x00, 0x00, 0x15, 0x73, 0x2c, 0x21
    .byte 0x00, 0x00, 0x00, 0x15, 0x05, 0x15, 0x16, 0x00, 0x20, 0x00, 0x00, 0x2c, 0x0a, 0xe4, 0x21, 0x02
    .byte 0x15, 0x39, 0x20, 0x00, 0x00, 0x15, 0x42, 0x18, 0x70, 0x32, 0x00, 0x00, 0x00, 0x00, 0x00, 0x14
    .byte 0x09, 0xe4, 0x21, 0x02, 0x01, 0xf2, 0xe3, 0x21, 0x02, 0x22, 0x2c, 0x15, 0x00, 0x00, 0x00, 0x2c
    .byte 0x9c, 0x00, 0x00, 0x00, 0x2c, 0x7f, 0x00, 0x00, 0x00, 0x15, 0x0a, 0x2c, 0x00, 0x01, 0x00, 0x00
    .byte 0x15, 0x17, 0x2c, 0x0f, 0x10, 0x00, 0x00, 0x2c, 0x01, 0x10, 0x00, 0x00, 0x2c, 0x10, 0x10, 0x00
    .byte 0x00, 0x2c, 0x02, 0x00, 0x00, 0x00, 0x2c, 0x21, 0x00, 0x00, 0x00, 0x15, 0x73, 0x2c, 0x21, 0x00
    .byte 0x00, 0x00, 0x15, 0x05, 0x15, 0x16, 0x00, 0x2c, 0x00, 0x10, 0x00, 0x00, 0x2c, 0x01, 0x10, 0x00
    .byte 0x00, 0x2c, 0x02, 0x10, 0x00, 0x00, 0x2c, 0x02, 0x00, 0x00, 0x00, 0x20, 0x00, 0x00, 0x15, 0x73
    .byte 0x2c, 0x01, 0x00, 0x00, 0x00, 0x15, 0x25, 0x2c, 0x12, 0x00, 0x00, 0x00, 0x20, 0x00, 0x00, 0x15
    .byte 0x32, 0x2d, 0xd2, 0x2c, 0x07, 0x00, 0x00, 0x00, 0x15, 0x47, 0x18, 0x70, 0x17, 0x00, 0x2d, 0xd2
    .byte 0x2c, 0x08, 0x00, 0x00, 0x00, 0x15, 0x47, 0x18, 0x70, 0x17, 0x00, 0x15, 0x1e, 0x18, 0x70, 0x17
    .byte 0x00, 0x15, 0x75, 0x20, 0x00, 0x00, 0x15, 0x06, 0x00, 0x2c, 0x01, 0x00, 0x00, 0x00, 0x15, 0x09
    .byte 0x2c, 0x00, 0x10, 0x00, 0x00, 0x2c, 0x01, 0x10, 0x00, 0x00, 0x2c, 0x02, 0x10, 0x00, 0x00, 0x2c
    .byte 0x02, 0x00, 0x00, 0x00, 0x20, 0x00, 0x00, 0x15, 0x73, 0x20, 0x00, 0x00, 0x15, 0x75, 0x00, 0x2c
    .byte 0x00, 0x10, 0x00, 0x00, 0x2c, 0x01, 0x10, 0x00, 0x00, 0x2c, 0x02, 0x10, 0x00, 0x00, 0x2c, 0x02
    .byte 0x00, 0x00, 0x00, 0x20, 0x00, 0x00, 0x15, 0x73, 0x2c, 0x12, 0x00, 0x00, 0x00, 0x2c, 0x08, 0x00
    .byte 0x00, 0x00, 0x15, 0x32, 0x2d, 0x02, 0x2c, 0x07, 0x00, 0x00, 0x00, 0x15, 0x47, 0x18, 0x70, 0x17
    .byte 0x00, 0x2d, 0x02, 0x2c, 0x08, 0x00, 0x00, 0x00, 0x15, 0x47, 0x18, 0x70, 0x17, 0x00, 0x15, 0x1e
    .byte 0x18, 0x70, 0x17, 0x00, 0x15, 0x75, 0x20, 0x00, 0x00, 0x15, 0x06, 0x2c, 0x01, 0x00, 0x00, 0x00
    .byte 0x15, 0x07, 0x15, 0x08, 0x25, 0xe4, 0xe4, 0x21, 0x02, 0x00, 0x2c, 0x00, 0x10, 0x00, 0x00, 0x2c
    .byte 0x01, 0x10, 0x00, 0x00, 0x2c, 0x02, 0x10, 0x00, 0x00, 0x2c, 0x02, 0x00, 0x00, 0x00, 0x2c, 0x1e
    .byte 0x00, 0x00, 0x00, 0x15, 0x73, 0x2c, 0x01, 0x00, 0x00, 0x00, 0x15, 0x06, 0x2c, 0x3c, 0x00, 0x00
    .byte 0x00, 0x15, 0x07, 0x15, 0x08, 0x00, 0x2c, 0x0b, 0x10, 0x00, 0x00, 0x2c, 0x01, 0x10, 0x00, 0x00
    .byte 0x2c, 0x0c, 0x10, 0x00, 0x00, 0x2c, 0x02, 0x00, 0x00, 0x00, 0x03, 0x00, 0x08, 0x00, 0x00, 0x00
    .byte 0x29, 0x01, 0xff, 0x04, 0x10, 0x17, 0x00, 0x15, 0x73, 0x00, 0x2c, 0x15, 0x10, 0x00, 0x00, 0x2c
    .byte 0x01, 0x10, 0x00, 0x00, 0x2c, 0x16, 0x10, 0x00, 0x00, 0x2c, 0x02, 0x00, 0x00, 0x00, 0x20, 0x00
    .byte 0x00, 0x15, 0x73, 0x20, 0x00, 0x00, 0x2c, 0x58, 0x00, 0x00, 0x00, 0x15, 0xe0, 0x03, 0x00, 0x06
    .byte 0x00, 0x00, 0x00, 0x2c, 0x01, 0x00, 0x00, 0x00, 0x2c, 0x07, 0x00, 0x00, 0x00, 0x15, 0x47, 0x18
    .byte 0x71, 0x17, 0x10, 0x2c, 0x01, 0x00, 0x00, 0x00, 0x2c, 0x08, 0x00, 0x00, 0x00, 0x15, 0x47, 0x18
    .byte 0x71, 0x17, 0x10, 0x15, 0x1e, 0x18, 0x71, 0x04, 0x10, 0x17, 0x00, 0x15, 0x05, 0x15, 0x16, 0x2c
    .byte 0x1e, 0x00, 0x00, 0x00, 0x15, 0x07, 0x15, 0x08, 0x20, 0x00, 0x00, 0x2c, 0x26, 0x00, 0x00, 0x00
    .byte 0x15, 0xe0, 0x2c, 0x0e, 0x00, 0x00, 0x00, 0x15, 0x05, 0x15, 0x16, 0x20, 0x00, 0x00, 0x15, 0x75
    .byte 0x00, 0x2c, 0x12, 0x00, 0x00, 0x00, 0x20, 0x00, 0x00, 0x15, 0x32, 0x2d, 0xd2, 0x2c, 0x07, 0x00
    .byte 0x00, 0x00, 0x15, 0x47, 0x18, 0x70, 0x17, 0x00, 0x2d, 0xd2, 0x2c, 0x08, 0x00, 0x00, 0x00, 0x15
    .byte 0x47, 0x18, 0x70, 0x17, 0x00, 0x15, 0x1e, 0x18, 0x70, 0x05, 0x00, 0x08, 0x00, 0x00, 0x00, 0x17
    .byte 0x00, 0x15, 0x05, 0x20, 0x00, 0x00, 0x15, 0x06, 0x00, 0x2c, 0x0d, 0x00, 0x00, 0x00, 0x20, 0x00
    .byte 0x00, 0x2c, 0xff, 0xff, 0xff, 0xff, 0x2c, 0xff, 0xff, 0xff, 0xff, 0x2c, 0xff, 0xff, 0xff, 0xff
    .byte 0x15, 0xdc, 0x2c, 0x26, 0x00, 0x00, 0x00, 0x15, 0x37, 0x18, 0x70, 0x14, 0x4e, 0xe6, 0x21, 0x02
    .byte 0x2c, 0x26, 0x00, 0x00, 0x00, 0x15, 0x36, 0x2c, 0x86, 0x03, 0x00, 0x00, 0x15, 0x35, 0x29, 0x00
    .byte 0xfd, 0x32, 0x00, 0x00, 0x00, 0x00, 0x00, 0x14, 0x63, 0xe6, 0x21, 0x02, 0x2c, 0x10, 0x27, 0x00
    .byte 0x00, 0x15, 0xaa, 0x2c, 0x94, 0x0a, 0x00, 0x00, 0x15, 0x37, 0x18, 0x70, 0x13, 0xbb, 0xe6, 0x21
    .byte 0x02, 0x03, 0x00, 0x92, 0x00, 0x00, 0x00, 0x35, 0x00, 0xff, 0xff, 0xff, 0xff, 0x14, 0xa1, 0xe6
    .byte 0x21, 0x02, 0x03, 0x00, 0x92, 0x00, 0x00, 0x00, 0x26, 0x00, 0xae, 0x2c, 0x15, 0x00, 0x00, 0x00
    .byte 0x2c, 0x92, 0x00, 0x00, 0x00, 0x2c, 0x7f, 0x00, 0x00, 0x00, 0x15, 0x0a, 0x25, 0xbb, 0xe6, 0x21
    .byte 0x02, 0x29, 0x00, 0xae, 0x35, 0x00, 0xff, 0xff, 0xff, 0xff, 0x14, 0xbb, 0xe6, 0x21, 0x02, 0x2c
    .byte 0x16, 0x00, 0x00, 0x00, 0x2d, 0xae, 0x20, 0x00, 0x00, 0x15, 0x0a, 0x29, 0x00, 0xfe, 0x32, 0x00
    .byte 0xc1, 0x00, 0x00, 0x00, 0x13, 0xe5, 0xe6, 0x21, 0x02, 0x29, 0x00, 0xfe, 0x32, 0x00, 0xc2, 0x00
    .byte 0x00, 0x00, 0x13, 0xe5, 0xe6, 0x21, 0x02, 0x29, 0x00, 0xfe, 0x32, 0x00, 0xc3, 0x00, 0x00, 0x00
    .byte 0x14, 0xec, 0xe6, 0x21, 0x02, 0x2c, 0x9f, 0x03, 0x00, 0x00, 0x15, 0x35, 0x2c, 0xa2, 0x03, 0x00
    .byte 0x00, 0x15, 0x35, 0x2c, 0x0c, 0x00, 0x00, 0x00, 0x2c, 0xfd, 0xff, 0xff, 0xff, 0x20, 0x00, 0x00
    .byte 0x15, 0xce, 0x29, 0x00, 0xfd, 0x32, 0x00, 0x00, 0x00, 0x00, 0x00, 0x14, 0x17, 0xe7, 0x21, 0x02
    .byte 0x2c, 0x1f, 0x00, 0x00, 0x00, 0x15, 0x35, 0x2c, 0x05, 0x00, 0x00, 0x00, 0x15, 0x07, 0x15, 0x08
    .byte 0x00, 0x20, 0x00, 0x00, 0x15, 0x09, 0x2c, 0x2e, 0x00, 0x00, 0x00, 0x15, 0x37, 0x18, 0x70, 0x14
    .byte 0x48, 0xe7, 0x21, 0x02, 0x2c, 0x2e, 0x00, 0x00, 0x00, 0x15, 0x36, 0x2c, 0x03, 0x00, 0x00, 0x00
    .byte 0x2c, 0xcc, 0xe7, 0x21, 0x02, 0x15, 0x29, 0x00, 0x2c, 0x02, 0x00, 0x00, 0x00, 0x2c, 0x55, 0xe7
    .byte 0x21, 0x02, 0x15, 0x29, 0x00, 0x20, 0x00, 0x00, 0x15, 0x9b, 0x18, 0x70, 0x14, 0x75, 0xe7, 0x21
    .byte 0x02, 0x20, 0x00, 0x00, 0x2c, 0xff, 0xff, 0xff, 0xff, 0x2c, 0xff, 0xff, 0xff, 0xff, 0x2c, 0xff
    .byte 0xff, 0xff, 0xff, 0x15, 0x89, 0x2c, 0x0b, 0x00, 0x00, 0x00, 0x2c, 0x01, 0x00, 0x00, 0x00, 0x15
    .byte 0x78, 0x20, 0x00, 0x00, 0x2c, 0xf9, 0xe8, 0x21, 0x02, 0x15, 0x39, 0x2c, 0x32, 0x00, 0x00, 0x00
    .byte 0x15, 0x07, 0x15, 0x08, 0x20, 0x00, 0x00, 0x15, 0x42, 0x18, 0x70, 0x32, 0x00, 0x00, 0x00, 0x00
    .byte 0x00, 0x14, 0xab, 0xe7, 0x21, 0x02, 0x01, 0x94, 0xe7, 0x21, 0x02, 0x2c, 0xc3, 0x00, 0x00, 0x00
    .byte 0x20, 0x00, 0x00, 0x2c, 0x18, 0x01, 0x00, 0x00, 0x20, 0x00, 0x00, 0x15, 0x4a, 0x2c, 0x2e, 0x00
    .byte 0x00, 0x00, 0x15, 0x35, 0x2c, 0x26, 0x00, 0x00, 0x00, 0x15, 0x35, 0x00, 0x20, 0x00, 0x00, 0x2c
    .byte 0xff, 0xff, 0xff, 0xff, 0x2c, 0xff, 0xff, 0xff, 0xff, 0x15, 0xdd, 0x18, 0x70, 0x14, 0x31, 0xe8
    .byte 0x21, 0x02, 0x2c, 0x03, 0x00, 0x00, 0x00, 0x2c, 0xff, 0xff, 0xff, 0xff, 0x2c, 0xff, 0xff, 0xff
    .byte 0xff, 0x15, 0xdd, 0x18, 0x70, 0x32, 0x00, 0x00, 0x00, 0x00, 0x00, 0x14, 0x31, 0xe8, 0x21, 0x02
    .byte 0x2c, 0x01, 0x00, 0x00, 0x00, 0x2c, 0x01, 0x00, 0x00, 0x00, 0x15, 0x71, 0x2c, 0x01, 0x00, 0x00
    .byte 0x00, 0x2c, 0x95, 0xe9, 0x21, 0x02, 0x15, 0x39, 0x2c, 0x01, 0x00, 0x00, 0x00, 0x15, 0x42, 0x18
    .byte 0x70, 0x32, 0x00, 0x00, 0x00, 0x00, 0x00, 0x14, 0x31, 0xe8, 0x21, 0x02, 0x01, 0x18, 0xe8, 0x21
    .byte 0x02, 0x20, 0x00, 0x00, 0x15, 0x9b, 0x18, 0x70, 0x14, 0x51, 0xe8, 0x21, 0x02, 0x20, 0x00, 0x00
    .byte 0x2c, 0xff, 0xff, 0xff, 0xff, 0x2c, 0xff, 0xff, 0xff, 0xff, 0x2c, 0xff, 0xff, 0xff, 0xff, 0x15
    .byte 0x89, 0x2c, 0x0b, 0x00, 0x00, 0x00, 0x2c, 0x02, 0x00, 0x00, 0x00, 0x15, 0x78, 0x2c, 0x01, 0x00
    .byte 0x00, 0x00, 0x15, 0x07, 0x15, 0x08, 0x2c, 0x01, 0x00, 0x00, 0x00, 0x2c, 0x03, 0x00, 0x00, 0x00
    .byte 0x15, 0x4b, 0x20, 0x00, 0x00, 0x2c, 0x40, 0xe9, 0x21, 0x02, 0x15, 0x39, 0x20, 0x00, 0x00, 0x2c
    .byte 0xff, 0xff, 0xff, 0xff, 0x2c, 0xff, 0xff, 0xff, 0xff, 0x15, 0xdd, 0x18, 0x70, 0x14, 0xd5, 0xe8
    .byte 0x21, 0x02, 0x2c, 0x03, 0x00, 0x00, 0x00, 0x2c, 0xff, 0xff, 0xff, 0xff, 0x2c, 0xff, 0xff, 0xff
    .byte 0xff, 0x15, 0xdd, 0x18, 0x70, 0x32, 0x00, 0x00, 0x00, 0x00, 0x00, 0x14, 0xd5, 0xe8, 0x21, 0x02
    .byte 0x2c, 0x01, 0x00, 0x00, 0x00, 0x2c, 0xba, 0xe9, 0x21, 0x02, 0x15, 0x39, 0x2c, 0x01, 0x00, 0x00
    .byte 0x00, 0x15, 0x42, 0x18, 0x70, 0x32, 0x00, 0x00, 0x00, 0x00, 0x00, 0x14, 0xd5, 0xe8, 0x21, 0x02
    .byte 0x01, 0xbc, 0xe8, 0x21, 0x02, 0x20, 0x00, 0x00, 0x15, 0x42, 0x18, 0x70, 0x32, 0x00, 0x00, 0x00
    .byte 0x00, 0x00, 0x14, 0xec, 0xe8, 0x21, 0x02, 0x01, 0xd5, 0xe8, 0x21, 0x02, 0x2c, 0x02, 0x00, 0x00
    .byte 0x00, 0x2c, 0x55, 0xe7, 0x21, 0x02, 0x15, 0x29, 0x00, 0x20, 0x00, 0x00, 0x15, 0x18, 0x20, 0x00
    .byte 0x00, 0x15, 0x19, 0x2c, 0x00, 0x10, 0x00, 0x00, 0x2c, 0x01, 0x10, 0x00, 0x00, 0x2c, 0x02, 0x10
    .byte 0x00, 0x00, 0x2c, 0x02, 0x00, 0x00, 0x00, 0x20, 0x00, 0x00, 0x15, 0x73, 0x2c, 0x01, 0x00, 0x00
    .byte 0x00, 0x15, 0x2b, 0x2c, 0x20, 0x00, 0x00, 0x00, 0x20, 0x00, 0x00, 0x20, 0x00, 0x00, 0x2c, 0x00
    .byte 0x18, 0x00, 0x00, 0x2c, 0x04, 0x00, 0x00, 0x00, 0x20, 0x00, 0x00, 0x15, 0x1a, 0x15, 0x21, 0x00
    .byte 0x20, 0x00, 0x00, 0x15, 0x18, 0x20, 0x00, 0x00, 0x15, 0x19, 0x2c, 0x00, 0x10, 0x00, 0x00, 0x2c
    .byte 0x01, 0x10, 0x00, 0x00, 0x2c, 0x02, 0x10, 0x00, 0x00, 0x2c, 0x02, 0x00, 0x00, 0x00, 0x20, 0x00
    .byte 0x00, 0x15, 0x73, 0x2c, 0x01, 0x00, 0x00, 0x00, 0x15, 0x2b, 0x2c, 0xc0, 0xff, 0xff, 0xff, 0x20
    .byte 0x00, 0x00, 0x20, 0x00, 0x00, 0x2c, 0x00, 0x18, 0x00, 0x00, 0x2c, 0x04, 0x00, 0x00, 0x00, 0x20
    .byte 0x00, 0x00, 0x15, 0x1a, 0x15, 0x21, 0x2c, 0x01, 0x00, 0x00, 0x00, 0x15, 0x18, 0x2c, 0x01, 0x00
    .byte 0x00, 0x00, 0x15, 0x19, 0x00, 0x20, 0x00, 0x00, 0x15, 0x18, 0x20, 0x00, 0x00, 0x15, 0x18, 0x15
    .byte 0x1f, 0x18, 0x70, 0x05, 0x00, 0x20, 0x00, 0x00, 0x00, 0x17, 0x00, 0x15, 0x20, 0x18, 0x70, 0x17
    .byte 0x00, 0x15, 0x27, 0x18, 0x70, 0x17, 0x00, 0x15, 0x02, 0x00, 0x2c, 0x01, 0x00, 0x00, 0x00, 0x15
    .byte 0x2b, 0x2c, 0xc0, 0xff, 0xff, 0xff, 0x20, 0x00, 0x00, 0x20, 0x00, 0x00, 0x2c, 0x00, 0x18, 0x00
    .byte 0x00, 0x2c, 0x04, 0x00, 0x00, 0x00, 0x20, 0x00, 0x00, 0x15, 0x1a, 0x15, 0x21, 0x2c, 0x01, 0x00
    .byte 0x00, 0x00, 0x15, 0x18, 0x2c, 0x01, 0x00, 0x00, 0x00, 0x15, 0x18, 0x15, 0x2c, 0x00, 0x20, 0x00
    .byte 0x00, 0x15, 0x09, 0x2c, 0x2f, 0x00, 0x00, 0x00, 0x15, 0x37, 0x18, 0x70, 0x14, 0x15, 0xea, 0x21
    .byte 0x02, 0x2c, 0x2f, 0x00, 0x00, 0x00, 0x15, 0x36, 0x2c, 0x03, 0x00, 0x00, 0x00, 0x2c, 0x99, 0xea
    .byte 0x21, 0x02, 0x15, 0x29, 0x00, 0x2c, 0x02, 0x00, 0x00, 0x00, 0x2c, 0x22, 0xea, 0x21, 0x02, 0x15
    .byte 0x29, 0x00, 0x20, 0x00, 0x00, 0x15, 0x9b, 0x18, 0x70, 0x14, 0x42, 0xea, 0x21, 0x02, 0x20, 0x00
    .byte 0x00, 0x2c, 0xff, 0xff, 0xff, 0xff, 0x2c, 0xff, 0xff, 0xff, 0xff, 0x2c, 0xff, 0xff, 0xff, 0xff
    .byte 0x15, 0x89, 0x2c, 0x0b, 0x00, 0x00, 0x00, 0x2c, 0x01, 0x00, 0x00, 0x00, 0x15, 0x78, 0x20, 0x00
    .byte 0x00, 0x2c, 0xc6, 0xeb, 0x21, 0x02, 0x15, 0x39, 0x2c, 0x32, 0x00, 0x00, 0x00, 0x15, 0x07, 0x15
    .byte 0x08, 0x20, 0x00, 0x00, 0x15, 0x42, 0x18, 0x70, 0x32, 0x00, 0x00, 0x00, 0x00, 0x00, 0x14, 0x78
    .byte 0xea, 0x21, 0x02, 0x01, 0x61, 0xea, 0x21, 0x02, 0x2c, 0xc3, 0x00, 0x00, 0x00, 0x20, 0x00, 0x00
    .byte 0x2c, 0x38, 0x02, 0x00, 0x00, 0x20, 0x00, 0x00, 0x15, 0x4a, 0x2c, 0x2f, 0x00, 0x00, 0x00, 0x15
    .byte 0x35, 0x2c, 0x26, 0x00, 0x00, 0x00, 0x15, 0x35, 0x00, 0x20, 0x00, 0x00, 0x2c, 0xff, 0xff, 0xff
    .byte 0xff, 0x2c, 0xff, 0xff, 0xff, 0xff, 0x15, 0xdd, 0x18, 0x70, 0x14, 0xfe, 0xea, 0x21, 0x02, 0x2c
    .byte 0x03, 0x00, 0x00, 0x00, 0x2c, 0xff, 0xff, 0xff, 0xff, 0x2c, 0xff, 0xff, 0xff, 0xff, 0x15, 0xdd
    .byte 0x18, 0x70, 0x32, 0x00, 0x00, 0x00, 0x00, 0x00, 0x14, 0xfe, 0xea, 0x21, 0x02, 0x2c, 0x01, 0x00
    .byte 0x00, 0x00, 0x2c, 0x01, 0x00, 0x00, 0x00, 0x15, 0x71, 0x2c, 0x01, 0x00, 0x00, 0x00, 0x2c, 0x62
    .byte 0xec, 0x21, 0x02, 0x15, 0x39, 0x2c, 0x01, 0x00, 0x00, 0x00, 0x15, 0x42, 0x18, 0x70, 0x32, 0x00
    .byte 0x00, 0x00, 0x00, 0x00, 0x14, 0xfe, 0xea, 0x21, 0x02, 0x01, 0xe5, 0xea, 0x21, 0x02, 0x20, 0x00
    .byte 0x00, 0x15, 0x9b, 0x18, 0x70, 0x14, 0x1e, 0xeb, 0x21, 0x02, 0x20, 0x00, 0x00, 0x2c, 0xff, 0xff
    .byte 0xff, 0xff, 0x2c, 0xff, 0xff, 0xff, 0xff, 0x2c, 0xff, 0xff, 0xff, 0xff, 0x15, 0x89, 0x2c, 0x0b
    .byte 0x00, 0x00, 0x00, 0x2c, 0x02, 0x00, 0x00, 0x00, 0x15, 0x78, 0x2c, 0x01, 0x00, 0x00, 0x00, 0x15
    .byte 0x07, 0x15, 0x08, 0x2c, 0x01, 0x00, 0x00, 0x00, 0x2c, 0x03, 0x00, 0x00, 0x00, 0x15, 0x4b, 0x20
    .byte 0x00, 0x00, 0x2c, 0x0d, 0xec, 0x21, 0x02, 0x15, 0x39, 0x20, 0x00, 0x00, 0x2c, 0xff, 0xff, 0xff
    .byte 0xff, 0x2c, 0xff, 0xff, 0xff, 0xff, 0x15, 0xdd, 0x18, 0x70, 0x14, 0xa2, 0xeb, 0x21, 0x02, 0x2c
    .byte 0x03, 0x00, 0x00, 0x00, 0x2c, 0xff, 0xff, 0xff, 0xff, 0x2c, 0xff, 0xff, 0xff, 0xff, 0x15, 0xdd
    .byte 0x18, 0x70, 0x32, 0x00, 0x00, 0x00, 0x00, 0x00, 0x14, 0xa2, 0xeb, 0x21, 0x02, 0x2c, 0x01, 0x00
    .byte 0x00, 0x00, 0x2c, 0x87, 0xec, 0x21, 0x02, 0x15, 0x39, 0x2c, 0x01, 0x00, 0x00, 0x00, 0x15, 0x42
    .byte 0x18, 0x70, 0x32, 0x00, 0x00, 0x00, 0x00, 0x00, 0x14, 0xa2, 0xeb, 0x21, 0x02, 0x01, 0x89, 0xeb
    .byte 0x21, 0x02, 0x20, 0x00, 0x00, 0x15, 0x42, 0x18, 0x70, 0x32, 0x00, 0x00, 0x00, 0x00, 0x00, 0x14
    .byte 0xb9, 0xeb, 0x21, 0x02, 0x01, 0xa2, 0xeb, 0x21, 0x02, 0x2c, 0x02, 0x00, 0x00, 0x00, 0x2c, 0x22
    .byte 0xea, 0x21, 0x02, 0x15, 0x29, 0x00, 0x20, 0x00, 0x00, 0x15, 0x18, 0x20, 0x00, 0x00, 0x15, 0x19
    .byte 0x2c, 0x00, 0x10, 0x00, 0x00, 0x2c, 0x01, 0x10, 0x00, 0x00, 0x2c, 0x02, 0x10, 0x00, 0x00, 0x2c
    .byte 0x02, 0x00, 0x00, 0x00, 0x20, 0x00, 0x00, 0x15, 0x73, 0x2c, 0x01, 0x00, 0x00, 0x00, 0x15, 0x2b
    .byte 0x2c, 0x20, 0x00, 0x00, 0x00, 0x20, 0x00, 0x00, 0x20, 0x00, 0x00, 0x2c, 0x00, 0x18, 0x00, 0x00
    .byte 0x2c, 0x04, 0x00, 0x00, 0x00, 0x20, 0x00, 0x00, 0x15, 0x1a, 0x15, 0x21, 0x00, 0x20, 0x00, 0x00
    .byte 0x15, 0x18, 0x20, 0x00, 0x00, 0x15, 0x19, 0x2c, 0x00, 0x10, 0x00, 0x00, 0x2c, 0x01, 0x10, 0x00
    .byte 0x00, 0x2c, 0x02, 0x10, 0x00, 0x00, 0x2c, 0x02, 0x00, 0x00, 0x00, 0x20, 0x00, 0x00, 0x15, 0x73
    .byte 0x2c, 0x01, 0x00, 0x00, 0x00, 0x15, 0x2b, 0x2c, 0xc0, 0xff, 0xff, 0xff, 0x20, 0x00, 0x00, 0x20
    .byte 0x00, 0x00, 0x2c, 0x00, 0x18, 0x00, 0x00, 0x2c, 0x04, 0x00, 0x00, 0x00, 0x20, 0x00, 0x00, 0x15
    .byte 0x1a, 0x15, 0x21, 0x2c, 0x01, 0x00, 0x00, 0x00, 0x15, 0x18, 0x2c, 0x01, 0x00, 0x00, 0x00, 0x15
    .byte 0x19, 0x00, 0x20, 0x00, 0x00, 0x15, 0x18, 0x20, 0x00, 0x00, 0x15, 0x18, 0x15, 0x1f, 0x18, 0x70
    .byte 0x05, 0x00, 0x20, 0x00, 0x00, 0x00, 0x17, 0x00, 0x15, 0x20, 0x18, 0x70, 0x17, 0x00, 0x15, 0x27
    .byte 0x18, 0x70, 0x17, 0x00, 0x15, 0x02, 0x00, 0x2c, 0x01, 0x00, 0x00, 0x00, 0x15, 0x2b, 0x2c, 0xc0
    .byte 0xff, 0xff, 0xff, 0x20, 0x00, 0x00, 0x20, 0x00, 0x00, 0x2c, 0x00, 0x18, 0x00, 0x00, 0x2c, 0x04
    .byte 0x00, 0x00, 0x00, 0x20, 0x00, 0x00, 0x15, 0x1a, 0x15, 0x21, 0x2c, 0x01, 0x00, 0x00, 0x00, 0x15
    .byte 0x18, 0x2c, 0x01, 0x00, 0x00, 0x00, 0x15, 0x18, 0x15, 0x2c, 0x00, 0x2c, 0x04, 0x00, 0x00, 0x00
    .byte 0x15, 0x05, 0x2c, 0x01, 0x00, 0x00, 0x00, 0x2c, 0xf8, 0xff, 0xff, 0xff, 0x20, 0x00, 0x00, 0x2c
    .byte 0x08, 0x00, 0x00, 0x00, 0x2c, 0x08, 0x00, 0x00, 0x00, 0x15, 0xd8, 0x2c, 0x01, 0x00, 0x00, 0x00
    .byte 0x15, 0xd7, 0x2c, 0x4a, 0x00, 0x00, 0x00, 0x15, 0x37, 0x18, 0x70, 0x14, 0xfc, 0xec, 0x21, 0x02
    .byte 0x2c, 0x03, 0x00, 0x00, 0x00, 0x2c, 0x42, 0xed, 0x21, 0x02, 0x15, 0x29, 0x2c, 0x01, 0x00, 0x00
    .byte 0x00, 0x2c, 0x19, 0xed, 0x21, 0x02, 0x15, 0x29, 0x00, 0x2c, 0x01, 0x00, 0x00, 0x00, 0x20, 0x00
    .byte 0x00, 0x15, 0x29, 0x20, 0x00, 0x00, 0x15, 0xd7, 0x00, 0x20, 0x00, 0x00, 0x2c, 0xc4, 0xed, 0x21
    .byte 0x02, 0x15, 0x39, 0x20, 0x00, 0x00, 0x15, 0x42, 0x18, 0x70, 0x32, 0x00, 0x00, 0x00, 0x00, 0x00
    .byte 0x14, 0x3a, 0xed, 0x21, 0x02, 0x01, 0x23, 0xed, 0x21, 0x02, 0x2c, 0x4a, 0x00, 0x00, 0x00, 0x15
    .byte 0x35, 0x00, 0x20, 0x00, 0x00, 0x2c, 0xcb, 0xef, 0x21, 0x02, 0x15, 0x39, 0x20, 0x00, 0x00, 0x15
    .byte 0x42, 0x18, 0x70, 0x32, 0x00, 0x00, 0x00, 0x00, 0x00, 0x14, 0x63, 0xed, 0x21, 0x02, 0x01, 0x4c
    .byte 0xed, 0x21, 0x02, 0x20, 0x00, 0x00, 0x2c, 0xff, 0xff, 0xff, 0xff, 0x2c, 0xff, 0xff, 0xff, 0xff
    .byte 0x15, 0xdd, 0x18, 0x70, 0x14, 0xbc, 0xed, 0x21, 0x02, 0x2c, 0x03, 0x00, 0x00, 0x00, 0x2c, 0xff
    .byte 0xff, 0xff, 0xff, 0x2c, 0xff, 0xff, 0xff, 0xff, 0x15, 0xdd, 0x18, 0x70, 0x35, 0x00, 0x02, 0x00
    .byte 0x00, 0x00, 0x14, 0xbc, 0xed, 0x21, 0x02, 0x2c, 0x01, 0x00, 0x00, 0x00, 0x2c, 0x45, 0xf1, 0x21
    .byte 0x02, 0x15, 0x39, 0x2c, 0x01, 0x00, 0x00, 0x00, 0x15, 0x42, 0x18, 0x70, 0x32, 0x00, 0x00, 0x00
    .byte 0x00, 0x00, 0x14, 0xbc, 0xed, 0x21, 0x02, 0x01, 0xa3, 0xed, 0x21, 0x02, 0x2c, 0x4a, 0x00, 0x00
    .byte 0x00, 0x15, 0x36, 0x00, 0x20, 0x00, 0x00, 0x15, 0x18, 0x20, 0x00, 0x00, 0x15, 0x19, 0x03, 0x00
    .byte 0x05, 0x00, 0x00, 0x00, 0x28, 0x00, 0x00, 0x2c, 0x00, 0x10, 0x00, 0x00, 0x2c, 0x01, 0x10, 0x00
    .byte 0x00, 0x2c, 0x02, 0x10, 0x00, 0x00, 0x2c, 0x02, 0x00, 0x00, 0x00, 0x20, 0x00, 0x00, 0x15, 0x73
    .byte 0x2c, 0x01, 0x00, 0x00, 0x00, 0x15, 0x2b, 0x2f, 0x00, 0x2c, 0x07, 0x00, 0x00, 0x00, 0x15, 0x47
    .byte 0x18, 0x70, 0x17, 0x00, 0x2f, 0x00, 0x2c, 0x08, 0x00, 0x00, 0x00, 0x15, 0x47, 0x18, 0x70, 0x05
    .byte 0x00, 0x01, 0x00, 0x00, 0x00, 0x17, 0x00, 0x20, 0x00, 0x00, 0x2c, 0x0a, 0x00, 0x00, 0x00, 0x2c
    .byte 0x01, 0x00, 0x00, 0x00, 0x20, 0x00, 0x00, 0x15, 0x1a, 0x15, 0x21, 0x2c, 0x11, 0x10, 0x00, 0x00
    .byte 0x2c, 0x01, 0x10, 0x00, 0x00, 0x2c, 0x12, 0x10, 0x00, 0x00, 0x2c, 0x02, 0x00, 0x00, 0x00, 0x2c
    .byte 0x1d, 0x00, 0x00, 0x00, 0x15, 0x73, 0x2c, 0x2c, 0x01, 0x00, 0x00, 0x15, 0x17, 0x2c, 0x01, 0x00
    .byte 0x00, 0x00, 0x15, 0x06, 0x20, 0x00, 0x00, 0x15, 0x2b, 0x20, 0x00, 0x00, 0x20, 0x00, 0x00, 0x2c
    .byte 0x30, 0x00, 0x00, 0x00, 0x2c, 0x00, 0x10, 0x00, 0x00, 0x2c, 0x04, 0x00, 0x00, 0x00, 0x2c, 0x01
    .byte 0x00, 0x00, 0x00, 0x15, 0x1a, 0x2c, 0x08, 0x00, 0x00, 0x00, 0x2c, 0x65, 0x00, 0x00, 0x00, 0x15
    .byte 0xe0, 0x20, 0x00, 0x00, 0x2c, 0x80, 0x32, 0x00, 0x00, 0x15, 0xe0, 0x2c, 0x0f, 0x00, 0x00, 0x00
    .byte 0x15, 0x07, 0x15, 0x08, 0x20, 0x00, 0x00, 0x2c, 0x80, 0x32, 0x00, 0x00, 0x15, 0xe0, 0x2c, 0x05
    .byte 0x00, 0x00, 0x00, 0x15, 0x07, 0x15, 0x08, 0x2c, 0x05, 0x00, 0x00, 0x00, 0x2d, 0xae, 0x15, 0xe0
    .byte 0x18, 0x70, 0x14, 0xc5, 0xee, 0x21, 0x02, 0x2c, 0x16, 0x00, 0x00, 0x00, 0x2d, 0xae, 0x2c, 0x1e
    .byte 0x00, 0x00, 0x00, 0x15, 0x0a, 0x2c, 0x07, 0x00, 0x00, 0x00, 0x2c, 0x1e, 0x00, 0x00, 0x00, 0x15
    .byte 0xe0, 0x2c, 0x0b, 0x00, 0x00, 0x00, 0x2c, 0x01, 0x00, 0x00, 0x00, 0x15, 0x78, 0x2c, 0x0a, 0x00
    .byte 0x00, 0x00, 0x15, 0x07, 0x15, 0x08, 0x20, 0x00, 0x00, 0x2c, 0x80, 0x32, 0x00, 0x00, 0x15, 0xe0
    .byte 0x2c, 0x14, 0x00, 0x00, 0x00, 0x15, 0x07, 0x15, 0x08, 0x2c, 0x09, 0x00, 0x00, 0x00, 0x2c, 0x65
    .byte 0x00, 0x00, 0x00, 0x15, 0xe0, 0x03, 0x00, 0xb7, 0x00, 0x00, 0x00, 0x26, 0x00, 0xad, 0x2c, 0x72
    .byte 0x03, 0x00, 0x00, 0x15, 0x35, 0x03, 0x00, 0x00, 0x00, 0x00, 0x00, 0x32, 0x00, 0x01, 0x00, 0x00
    .byte 0x00, 0x14, 0x46, 0xef, 0x21, 0x02, 0x2c, 0x86, 0x03, 0x00, 0x00, 0x15, 0x35, 0x2c, 0x06, 0x00
    .byte 0x00, 0x00, 0x2c, 0x80, 0x01, 0x00, 0x00, 0x2c, 0x7f, 0x01, 0x00, 0x00, 0x20, 0x00, 0x00, 0x15
    .byte 0x4a, 0x25, 0xc3, 0xef, 0x21, 0x02, 0x03, 0x00, 0x00, 0x00, 0x00, 0x00, 0x32, 0x00, 0x02, 0x00
    .byte 0x00, 0x00, 0x14, 0x77, 0xef, 0x21, 0x02, 0x2c, 0x86, 0x03, 0x00, 0x00, 0x15, 0x35, 0x2c, 0x12
    .byte 0x00, 0x00, 0x00, 0x2c, 0x80, 0x01, 0x00, 0x00, 0x2c, 0x7f, 0x01, 0x00, 0x00, 0x20, 0x00, 0x00
    .byte 0x15, 0x4a, 0x25, 0xc3, 0xef, 0x21, 0x02, 0x03, 0x00, 0x00, 0x00, 0x00, 0x00, 0x32, 0x00, 0x03
    .byte 0x00, 0x00, 0x00, 0x14, 0xa8, 0xef, 0x21, 0x02, 0x2c, 0x86, 0x03, 0x00, 0x00, 0x15, 0x35, 0x2c
    .byte 0x13, 0x00, 0x00, 0x00, 0x2c, 0x80, 0x01, 0x00, 0x00, 0x2c, 0x7f, 0x01, 0x00, 0x00, 0x20, 0x00
    .byte 0x00, 0x15, 0x4a, 0x25, 0xc3, 0xef, 0x21, 0x02, 0x2c, 0x86, 0x03, 0x00, 0x00, 0x15, 0x35, 0x2c
    .byte 0x61, 0x1e, 0x00, 0x00, 0x15, 0x41, 0x2d, 0xad, 0x20, 0x00, 0x00, 0x20, 0x00, 0x00, 0x20, 0x00
    .byte 0x00, 0x15, 0x4a, 0x2c, 0x26, 0x00, 0x00, 0x00, 0x15, 0x35, 0x00, 0x20, 0x00, 0x00, 0x15, 0x18
    .byte 0x20, 0x00, 0x00, 0x15, 0x19, 0x03, 0x00, 0x05, 0x00, 0x00, 0x00, 0x28, 0x00, 0x00, 0x2c, 0x00
    .byte 0xfe, 0xff, 0xff, 0x15, 0x1b, 0x20, 0x00, 0x00, 0x2c, 0x01, 0x00, 0x00, 0x00, 0x15, 0x38, 0x2f
    .byte 0x00, 0x2c, 0x07, 0x00, 0x00, 0x00, 0x15, 0x47, 0x18, 0x70, 0x17, 0x00, 0x2f, 0x00, 0x2c, 0x08
    .byte 0x00, 0x00, 0x00, 0x15, 0x47, 0x18, 0x70, 0x05, 0x00, 0x01, 0x00, 0x00, 0x00, 0x17, 0x00, 0x2f
    .byte 0x00, 0x2c, 0x09, 0x00, 0x00, 0x00, 0x15, 0x47, 0x18, 0x70, 0x05, 0x00, 0x30, 0x00, 0x00, 0x00
    .byte 0x17, 0x00, 0x15, 0x02, 0x2c, 0x01, 0x00, 0x00, 0x00, 0x15, 0x07, 0x15, 0x08, 0x2c, 0x0b, 0x00
    .byte 0x00, 0x00, 0x2c, 0x02, 0x00, 0x00, 0x00, 0x15, 0x78, 0x2c, 0x01, 0x00, 0x00, 0x00, 0x15, 0x07
    .byte 0x15, 0x08, 0x2c, 0x01, 0x00, 0x00, 0x00, 0x2c, 0x03, 0x00, 0x00, 0x00, 0x15, 0x4b, 0x2c, 0x01
    .byte 0x00, 0x00, 0x00, 0x15, 0x09, 0x2c, 0x11, 0x10, 0x00, 0x00, 0x2c, 0x01, 0x10, 0x00, 0x00, 0x2c
    .byte 0x12, 0x10, 0x00, 0x00, 0x2c, 0x02, 0x00, 0x00, 0x00, 0x2c, 0x1d, 0x00, 0x00, 0x00, 0x15, 0x73
    .byte 0x2c, 0x01, 0x00, 0x00, 0x00, 0x15, 0x06, 0x20, 0x00, 0x00, 0x15, 0x2b, 0x20, 0x00, 0x00, 0x20
    .byte 0x00, 0x00, 0x2c, 0xd0, 0xff, 0xff, 0xff, 0x2c, 0x00, 0x20, 0x00, 0x00, 0x2c, 0x04, 0x00, 0x00
    .byte 0x00, 0x2c, 0x01, 0x00, 0x00, 0x00, 0x15, 0x1a, 0x2c, 0x08, 0x00, 0x00, 0x00, 0x2c, 0x65, 0x00
    .byte 0x00, 0x00, 0x15, 0xe0, 0x20, 0x00, 0x00, 0x2c, 0x80, 0x32, 0x00, 0x00, 0x15, 0xe0, 0x2c, 0x0f
    .byte 0x00, 0x00, 0x00, 0x15, 0x07, 0x15, 0x08, 0x20, 0x00, 0x00, 0x2c, 0x80, 0x32, 0x00, 0x00, 0x15
    .byte 0xe0, 0x2c, 0x0f, 0x00, 0x00, 0x00, 0x15, 0x07, 0x15, 0x08, 0x20, 0x00, 0x00, 0x2c, 0x80, 0x32
    .byte 0x00, 0x00, 0x15, 0xe0, 0x15, 0x21, 0x2c, 0x09, 0x00, 0x00, 0x00, 0x2c, 0x65, 0x00, 0x00, 0x00
    .byte 0x15, 0xe0, 0x2c, 0x1c, 0x00, 0x00, 0x00, 0x15, 0x05, 0x15, 0x16, 0x2c, 0x01, 0x00, 0x00, 0x00
    .byte 0x20, 0x00, 0x00, 0x15, 0x38, 0x2c, 0x00, 0x10, 0x00, 0x00, 0x2c, 0x01, 0x10, 0x00, 0x00, 0x2c
    .byte 0x02, 0x10, 0x00, 0x00, 0x2c, 0x02, 0x00, 0x00, 0x00, 0x20, 0x00, 0x00, 0x15, 0x73, 0x2c, 0x01
    .byte 0x00, 0x00, 0x00, 0x15, 0x2b, 0x20, 0x00, 0x00, 0x2c, 0x10, 0x00, 0x00, 0x00, 0x20, 0x00, 0x00
    .byte 0x2c, 0x00, 0x10, 0x00, 0x00, 0x2c, 0x04, 0x00, 0x00, 0x00, 0x20, 0x00, 0x00, 0x15, 0x1a, 0x15
    .byte 0x21, 0x2c, 0x01, 0x00, 0x00, 0x00, 0x15, 0x18, 0x2c, 0x01, 0x00, 0x00, 0x00, 0x15, 0x19, 0x20
    .byte 0x00, 0x00, 0x15, 0x1b, 0x00, 0x03, 0x00, 0x05, 0x00, 0x00, 0x00, 0x28, 0x00, 0x00, 0x20, 0x00
    .byte 0x00, 0x15, 0x09, 0x2f, 0x00, 0x2c, 0x07, 0x00, 0x00, 0x00, 0x15, 0x47, 0x18, 0x70, 0x17, 0x00
    .byte 0x2f, 0x00, 0x2c, 0x08, 0x00, 0x00, 0x00, 0x15, 0x47, 0x18, 0x70, 0x05, 0x00, 0x01, 0x00, 0x00
    .byte 0x00, 0x17, 0x00, 0x2f, 0x00, 0x2c, 0x09, 0x00, 0x00, 0x00, 0x15, 0x47, 0x18, 0x70, 0x05, 0x00
    .byte 0x30, 0x00, 0x00, 0x00, 0x17, 0x00, 0x15, 0x02, 0x2c, 0x15, 0x00, 0x00, 0x00, 0x15, 0x05, 0x2c
    .byte 0x01, 0x00, 0x00, 0x00, 0x15, 0x06, 0x2c, 0x01, 0x00, 0x00, 0x00, 0x15, 0x09, 0x20, 0x00, 0x00
    .byte 0x15, 0x2b, 0x20, 0x00, 0x00, 0x2c, 0x03, 0x00, 0x00, 0x00, 0x2c, 0xd0, 0xff, 0xff, 0xff, 0x2c
    .byte 0x00, 0x10, 0x00, 0x00, 0x2c, 0x04, 0x00, 0x00, 0x00, 0x2c, 0x01, 0x00, 0x00, 0x00, 0x15, 0x1a
    .byte 0x2c, 0x08, 0x00, 0x00, 0x00, 0x2c, 0x65, 0x00, 0x00, 0x00, 0x15, 0xe0, 0x15, 0x22, 0x18, 0x70
    .byte 0x14, 0xff, 0xf1, 0x21, 0x02, 0x20, 0x00, 0x00, 0x2c, 0x80, 0x32, 0x00, 0x00, 0x15, 0xe0, 0x2c
    .byte 0x05, 0x00, 0x00, 0x00, 0x15, 0x07, 0x15, 0x08, 0x2c, 0x05, 0x00, 0x00, 0x00, 0x15, 0x07, 0x15
    .byte 0x08, 0x2c, 0x05, 0x00, 0x00, 0x00, 0x15, 0x07, 0x15, 0x08, 0x01, 0xcc, 0xf1, 0x21, 0x02, 0x2c
    .byte 0x09, 0x00, 0x00, 0x00, 0x2c, 0x65, 0x00, 0x00, 0x00, 0x15, 0xe0, 0x2c, 0x17, 0x00, 0x00, 0x00
    .byte 0x15, 0x05, 0x2c, 0x04, 0x00, 0x00, 0x00, 0x15, 0x07, 0x15, 0x08, 0x2c, 0x0c, 0x00, 0x00, 0x00
    .byte 0x15, 0x05, 0x2c, 0x01, 0x00, 0x00, 0x00, 0x15, 0x25, 0x2c, 0x04, 0x00, 0x00, 0x00, 0x15, 0x07
    .byte 0x15, 0x08, 0x2c, 0x0d, 0x00, 0x00, 0x00, 0x15, 0x05, 0x2c, 0x01, 0x00, 0x00, 0x00, 0x15, 0x25
    .byte 0x2c, 0x04, 0x00, 0x00, 0x00, 0x15, 0x07, 0x15, 0x08, 0x2c, 0x0e, 0x00, 0x00, 0x00, 0x15, 0x05
    .byte 0x2c, 0x01, 0x00, 0x00, 0x00, 0x15, 0x25, 0x2c, 0x04, 0x00, 0x00, 0x00, 0x15, 0x07, 0x15, 0x08
    .byte 0x2c, 0x0f, 0x00, 0x00, 0x00, 0x15, 0x05, 0x2c, 0x01, 0x00, 0x00, 0x00, 0x15, 0x25, 0x2c, 0x04
    .byte 0x00, 0x00, 0x00, 0x15, 0x07, 0x15, 0x08, 0x2c, 0x08, 0x00, 0x00, 0x00, 0x15, 0x05, 0x2c, 0x01
    .byte 0x00, 0x00, 0x00, 0x15, 0x25, 0x15, 0x2c, 0x00, 0x2c, 0x1f, 0x00, 0x00, 0x00, 0x15, 0x37, 0x18
    .byte 0x70, 0x14, 0xbd, 0xf2, 0x21, 0x02, 0x2c, 0x1f, 0x00, 0x00, 0x00, 0x15, 0x37, 0x18, 0x70, 0x14
    .byte 0xb0, 0xf2, 0x21, 0x02, 0x2c, 0x02, 0x00, 0x00, 0x00, 0x15, 0x05, 0x25, 0xb8, 0xf2, 0x21, 0x02
    .byte 0x2c, 0x02, 0x00, 0x00, 0x00, 0x15, 0x05, 0x00, 0x25, 0xc3, 0xf2, 0x21, 0x02, 0x20, 0x00, 0x00
    .byte 0x15, 0x05, 0x00, 0x2c, 0x06, 0x00, 0x00, 0x00, 0x2c, 0x20, 0x00, 0x00, 0x00, 0x20, 0x00, 0x00
    .byte 0x20, 0x00, 0x00, 0x20, 0x00, 0x00, 0x15, 0xd8, 0x2c, 0x07, 0x00, 0x00, 0x00, 0x2c, 0x20, 0x00
    .byte 0x00, 0x00, 0x20, 0x00, 0x00, 0x20, 0x00, 0x00, 0x20, 0x00, 0x00, 0x15, 0xd8, 0x2c, 0x01, 0x00
    .byte 0x00, 0x00, 0x15, 0xd7, 0x2c, 0x4c, 0x00, 0x00, 0x00, 0x15, 0x37, 0x18, 0x70, 0x14, 0x0e, 0xf3
    .byte 0x21, 0x02, 0x2c, 0x03, 0x00, 0x00, 0x00, 0x2c, 0x44, 0xf3, 0x21, 0x02, 0x15, 0x29, 0x2c, 0x01
    .byte 0x00, 0x00, 0x00, 0x2c, 0x1b, 0xf3, 0x21, 0x02, 0x15, 0x29, 0x00, 0x20, 0x00, 0x00, 0x2c, 0x55
    .byte 0xf4, 0x21, 0x02, 0x15, 0x39, 0x20, 0x00, 0x00, 0x15, 0x42, 0x18, 0x70, 0x32, 0x00, 0x00, 0x00
    .byte 0x00, 0x00, 0x14, 0x3c, 0xf3, 0x21, 0x02, 0x01, 0x25, 0xf3, 0x21, 0x02, 0x2c, 0x4c, 0x00, 0x00
    .byte 0x00, 0x15, 0x35, 0x00, 0x20, 0x00, 0x00, 0x2c, 0xff, 0xff, 0xff, 0xff, 0x2c, 0xff, 0xff, 0xff
    .byte 0xff, 0x15, 0xdd, 0x18, 0x70, 0x14, 0x84, 0xf3, 0x21, 0x02, 0x2c, 0x03, 0x00, 0x00, 0x00, 0x2c
    .byte 0xff, 0xff, 0xff, 0xff, 0x2c, 0xff, 0xff, 0xff, 0xff, 0x15, 0xdd, 0x18, 0x70, 0x32, 0x00, 0x00
    .byte 0x00, 0x00, 0x00, 0x14, 0x84, 0xf3, 0x21, 0x02, 0x2c, 0x01, 0x00, 0x00, 0x00, 0x2c, 0x0f, 0xf7
    .byte 0x21, 0x02, 0x15, 0x39, 0x20, 0x00, 0x00, 0x2c, 0x02, 0xf6, 0x21, 0x02, 0x15, 0x39, 0x20, 0x00
    .byte 0x00, 0x15, 0x42, 0x18, 0x70, 0x32, 0x00, 0x00, 0x00, 0x00, 0x00, 0x14, 0xa5, 0xf3, 0x21, 0x02
    .byte 0x01, 0x8e, 0xf3, 0x21, 0x02, 0x2c, 0x4c, 0x00, 0x00, 0x00, 0x15, 0x36, 0x20, 0x00, 0x00, 0x2c
    .byte 0xff, 0xff, 0xff, 0xff, 0x2c, 0xff, 0xff, 0xff, 0xff, 0x15, 0xdd, 0x18, 0x70, 0x14, 0x05, 0xf4
    .byte 0x21, 0x02, 0x2c, 0x03, 0x00, 0x00, 0x00, 0x2c, 0xff, 0xff, 0xff, 0xff, 0x2c, 0xff, 0xff, 0xff
    .byte 0xff, 0x15, 0xdd, 0x18, 0x70, 0x32, 0x00, 0x00, 0x00, 0x00, 0x00, 0x14, 0x05, 0xf4, 0x21, 0x02
    .byte 0x2c, 0x01, 0x00, 0x00, 0x00, 0x2c, 0x47, 0xf7, 0x21, 0x02, 0x15, 0x39, 0x2c, 0x01, 0x00, 0x00
    .byte 0x00, 0x15, 0x42, 0x18, 0x70, 0x32, 0x00, 0x00, 0x00, 0x00, 0x00, 0x14, 0x05, 0xf4, 0x21, 0x02
    .byte 0x01, 0xec, 0xf3, 0x21, 0x02, 0x00, 0x2c, 0x01, 0x00, 0x00, 0x00, 0x15, 0x05, 0x03, 0x00, 0x00
    .byte 0x00, 0x00, 0x00, 0x26, 0x00, 0xbe, 0x29, 0x00, 0xbe, 0x34, 0x00, 0x0a, 0x00, 0x00, 0x00, 0x14
    .byte 0x48, 0xf4, 0x21, 0x02, 0x20, 0x00, 0x00, 0x2c, 0x80, 0x9e, 0x00, 0x00, 0x15, 0xe0, 0x2c, 0x09
    .byte 0x00, 0x00, 0x00, 0x15, 0x07, 0x15, 0x08, 0x29, 0x00, 0xbe, 0x05, 0x00, 0x01, 0x00, 0x00, 0x00
    .byte 0x26, 0x00, 0xbe, 0x25, 0x16, 0xf4, 0x21, 0x02, 0x15, 0x16, 0x20, 0x00, 0x00, 0x2c, 0x81, 0x9e
    .byte 0x00, 0x00, 0x15, 0xe0, 0x00, 0x03, 0x00, 0x07, 0x00, 0x00, 0x00, 0x28, 0x00, 0x00, 0x2c, 0x01
    .byte 0x00, 0x00, 0x00, 0x15, 0x7d, 0x2c, 0x01, 0x00, 0x00, 0x00, 0x15, 0x2b, 0x2f, 0x00, 0x2c, 0x07
    .byte 0x00, 0x00, 0x00, 0x15, 0x47, 0x18, 0x70, 0x17, 0x00, 0x2f, 0x00, 0x2c, 0x08, 0x00, 0x00, 0x00
    .byte 0x15, 0x47, 0x18, 0x70, 0x24, 0x00, 0x18, 0x00, 0x00, 0x00, 0x17, 0x00, 0x2f, 0x00, 0x2c, 0x09
    .byte 0x00, 0x00, 0x00, 0x15, 0x47, 0x18, 0x70, 0x17, 0x00, 0x2c, 0x00, 0x20, 0x00, 0x00, 0x2c, 0x05
    .byte 0x00, 0x00, 0x00, 0x2c, 0x01, 0x00, 0x00, 0x00, 0x15, 0x1a, 0x15, 0x21, 0x20, 0x00, 0x00, 0x15
    .byte 0x7d, 0x2c, 0x86, 0x10, 0x00, 0x00, 0x2c, 0x01, 0x10, 0x00, 0x00, 0x2c, 0x87, 0x10, 0x00, 0x00
    .byte 0x2c, 0x02, 0x00, 0x00, 0x00, 0x20, 0x00, 0x00, 0x15, 0x73, 0x2c, 0xc0, 0x00, 0x00, 0x00, 0x15
    .byte 0x17, 0x2c, 0x08, 0x00, 0x00, 0x00, 0x2c, 0x65, 0x00, 0x00, 0x00, 0x15, 0xe0, 0x20, 0x00, 0x00
    .byte 0x2c, 0x80, 0x32, 0x00, 0x00, 0x15, 0xe0, 0x2c, 0x0f, 0x00, 0x00, 0x00, 0x15, 0x07, 0x15, 0x08
    .byte 0x20, 0x00, 0x00, 0x2c, 0x80, 0x32, 0x00, 0x00, 0x15, 0xe0, 0x2c, 0x0f, 0x00, 0x00, 0x00, 0x15
    .byte 0x07, 0x15, 0x08, 0x20, 0x00, 0x00, 0x2c, 0x80, 0x32, 0x00, 0x00, 0x15, 0xe0, 0x15, 0x16, 0x20
    .byte 0x00, 0x00, 0x15, 0x09, 0x2c, 0x05, 0x00, 0x00, 0x00, 0x2d, 0xae, 0x15, 0xe0, 0x18, 0x70, 0x14
    .byte 0x32, 0xf5, 0x21, 0x02, 0x2c, 0x16, 0x00, 0x00, 0x00, 0x2d, 0xae, 0x2c, 0x1e, 0x00, 0x00, 0x00
    .byte 0x15, 0x0a, 0x2c, 0x07, 0x00, 0x00, 0x00, 0x2c, 0x1e, 0x00, 0x00, 0x00, 0x15, 0xe0, 0x2c, 0x0b
    .byte 0x00, 0x00, 0x00, 0x2c, 0x01, 0x00, 0x00, 0x00, 0x15, 0x78, 0x2c, 0x1e, 0x00, 0x00, 0x00, 0x15
    .byte 0x07, 0x15, 0x08, 0x2c, 0x09, 0x00, 0x00, 0x00, 0x2c, 0x65, 0x00, 0x00, 0x00, 0x15, 0xe0, 0x03
    .byte 0x00, 0xb9, 0x00, 0x00, 0x00, 0x26, 0x00, 0xad, 0x2c, 0x72, 0x03, 0x00, 0x00, 0x15, 0x36, 0x03
    .byte 0x00, 0x00, 0x00, 0x00, 0x00, 0x32, 0x00, 0x01, 0x00, 0x00, 0x00, 0x14, 0x99, 0xf5, 0x21, 0x02
    .byte 0x2c, 0x06, 0x00, 0x00, 0x00, 0x2c, 0x80, 0x01, 0x00, 0x00, 0x2c, 0xe8, 0x00, 0x00, 0x00, 0x20
    .byte 0x00, 0x00, 0x15, 0x4a, 0x25, 0xfa, 0xf5, 0x21, 0x02, 0x03, 0x00, 0x00, 0x00, 0x00, 0x00, 0x32
    .byte 0x00, 0x02, 0x00, 0x00, 0x00, 0x14, 0xc3, 0xf5, 0x21, 0x02, 0x2c, 0x12, 0x00, 0x00, 0x00, 0x2c
    .byte 0x80, 0x01, 0x00, 0x00, 0x2c, 0xe8, 0x00, 0x00, 0x00, 0x20, 0x00, 0x00, 0x15, 0x4a, 0x25, 0xfa
    .byte 0xf5, 0x21, 0x02, 0x03, 0x00, 0x00, 0x00, 0x00, 0x00, 0x32, 0x00, 0x03, 0x00, 0x00, 0x00, 0x14
    .byte 0xed, 0xf5, 0x21, 0x02, 0x2c, 0x13, 0x00, 0x00, 0x00, 0x2c, 0x80, 0x01, 0x00, 0x00, 0x2c, 0xe8
    .byte 0x00, 0x00, 0x00, 0x20, 0x00, 0x00, 0x15, 0x4a, 0x25, 0xfa, 0xf5, 0x21, 0x02, 0x2d, 0xad, 0x20
    .byte 0x00, 0x00, 0x20, 0x00, 0x00, 0x20, 0x00, 0x00, 0x15, 0x4a, 0x2c, 0x26, 0x00, 0x00, 0x00, 0x15
    .byte 0x35, 0x00, 0x03, 0x00, 0x07, 0x00, 0x00, 0x00, 0x28, 0x00, 0x00, 0x20, 0x00, 0x00, 0x15, 0x09
    .byte 0x2f, 0x00, 0x2c, 0x07, 0x00, 0x00, 0x00, 0x15, 0x47, 0x18, 0x70, 0x17, 0x00, 0x2f, 0x00, 0x2c
    .byte 0x08, 0x00, 0x00, 0x00, 0x15, 0x47, 0x18, 0x70, 0x24, 0x00, 0x18, 0x00, 0x00, 0x00, 0x17, 0x00
    .byte 0x2f, 0x00, 0x2c, 0x09, 0x00, 0x00, 0x00, 0x15, 0x47, 0x18, 0x70, 0x17, 0x00, 0x15, 0x02, 0x2c
    .byte 0x01, 0x00, 0x00, 0x00, 0x15, 0x07, 0x15, 0x08, 0x2c, 0x0b, 0x00, 0x00, 0x00, 0x2c, 0x02, 0x00
    .byte 0x00, 0x00, 0x15, 0x78, 0x2c, 0x01, 0x00, 0x00, 0x00, 0x15, 0x07, 0x15, 0x08, 0x2c, 0x01, 0x00
    .byte 0x00, 0x00, 0x2c, 0x03, 0x00, 0x00, 0x00, 0x15, 0x4b, 0x2c, 0x1e, 0x00, 0x00, 0x00, 0x15, 0x07
    .byte 0x15, 0x08, 0x2c, 0x86, 0x10, 0x00, 0x00, 0x2c, 0x01, 0x10, 0x00, 0x00, 0x2c, 0x87, 0x10, 0x00
    .byte 0x00, 0x2c, 0x02, 0x00, 0x00, 0x00, 0x2c, 0x01, 0x00, 0x00, 0x00, 0x15, 0x73, 0x2c, 0xc0, 0x00
    .byte 0x00, 0x00, 0x15, 0x17, 0x2c, 0x08, 0x00, 0x00, 0x00, 0x2c, 0x65, 0x00, 0x00, 0x00, 0x15, 0xe0
    .byte 0x20, 0x00, 0x00, 0x2c, 0x80, 0x32, 0x00, 0x00, 0x15, 0xe0, 0x2c, 0x0f, 0x00, 0x00, 0x00, 0x15
    .byte 0x07, 0x15, 0x08, 0x20, 0x00, 0x00, 0x2c, 0x80, 0x32, 0x00, 0x00, 0x15, 0xe0, 0x2c, 0x0f, 0x00
    .byte 0x00, 0x00, 0x15, 0x07, 0x15, 0x08, 0x20, 0x00, 0x00, 0x2c, 0x80, 0x32, 0x00, 0x00, 0x15, 0xe0
    .byte 0x15, 0x16, 0x2c, 0x00, 0x10, 0x00, 0x00, 0x2c, 0x01, 0x10, 0x00, 0x00, 0x2c, 0x02, 0x10, 0x00
    .byte 0x00, 0x2c, 0x02, 0x00, 0x00, 0x00, 0x20, 0x00, 0x00, 0x15, 0x73, 0x2c, 0x01, 0x00, 0x00, 0x00
    .byte 0x15, 0x09, 0x2c, 0x09, 0x00, 0x00, 0x00, 0x2c, 0x65, 0x00, 0x00, 0x00, 0x15, 0xe0, 0x00, 0x2c
    .byte 0x01, 0x00, 0x00, 0x00, 0x20, 0x00, 0x00, 0x15, 0x29, 0x20, 0x00, 0x00, 0x15, 0xd7, 0x00, 0x03
    .byte 0x00, 0x07, 0x00, 0x00, 0x00, 0x28, 0x00, 0x00, 0x20, 0x00, 0x00, 0x15, 0x09, 0x2f, 0x00, 0x2c
    .byte 0x07, 0x00, 0x00, 0x00, 0x15, 0x47, 0x18, 0x70, 0x17, 0x00, 0x2f, 0x00, 0x2c, 0x08, 0x00, 0x00
    .byte 0x00, 0x15, 0x47, 0x18, 0x70, 0x17, 0x00, 0x2f, 0x00, 0x2c, 0x09, 0x00, 0x00, 0x00, 0x15, 0x47
    .byte 0x18, 0x70, 0x17, 0x00, 0x15, 0x02, 0x00, 0x2c, 0x01, 0x00, 0x00, 0x00, 0x15, 0x09, 0x2c, 0x00
    .byte 0x01, 0x00, 0x00, 0x15, 0x17, 0x20, 0x00, 0x00, 0x15, 0x25, 0x2c, 0x17, 0x00, 0x00, 0x00, 0x15
    .byte 0x05, 0x2c, 0x0f, 0x00, 0x00, 0x00, 0x15, 0x07, 0x15, 0x08, 0x2c, 0x0c, 0x00, 0x00, 0x00, 0x15
    .byte 0x05, 0x2c, 0x01, 0x00, 0x00, 0x00, 0x15, 0x25, 0x2c, 0x04, 0x00, 0x00, 0x00, 0x15, 0x07, 0x15
    .byte 0x08, 0x2c, 0x0b, 0x00, 0x00, 0x00, 0x15, 0x05, 0x2c, 0x01, 0x00, 0x00, 0x00, 0x15, 0x25, 0x2c
    .byte 0x04, 0x00, 0x00, 0x00, 0x15, 0x07, 0x15, 0x08, 0x2c, 0x0a, 0x00, 0x00, 0x00, 0x15, 0x05, 0x2c
    .byte 0x01, 0x00, 0x00, 0x00, 0x15, 0x25, 0x2c, 0x04, 0x00, 0x00, 0x00, 0x15, 0x07, 0x15, 0x08, 0x2c
    .byte 0x09, 0x00, 0x00, 0x00, 0x15, 0x05, 0x2c, 0x01, 0x00, 0x00, 0x00, 0x15, 0x25, 0x2c, 0x04, 0x00
    .byte 0x00, 0x00, 0x15, 0x07, 0x15, 0x08, 0x2c, 0x08, 0x00, 0x00, 0x00, 0x15, 0x05, 0x2c, 0x01, 0x00
    .byte 0x00, 0x00, 0x15, 0x25, 0x15, 0x2c, 0x00, 0x2c, 0x01, 0x00, 0x00, 0x00, 0x15, 0x06, 0x2c, 0x1b
    .byte 0x00, 0x00, 0x00, 0x15, 0x31, 0x18, 0x70, 0x17, 0x00, 0x2c, 0xf3, 0xf7, 0x21, 0x02, 0x15, 0x39
    .byte 0x15, 0x2c, 0x00, 0x20, 0x00, 0x00, 0x15, 0x09, 0x2c, 0x00, 0x04, 0x00, 0x00, 0x15, 0x37, 0x18
    .byte 0x70, 0x14, 0x0b, 0xf8, 0x21, 0x02, 0x01, 0xf8, 0xf7, 0x21, 0x02, 0x2c, 0xee, 0x03, 0x00, 0x00
    .byte 0x15, 0x37, 0x18, 0x70, 0x14, 0x1e, 0xf8, 0x21, 0x02, 0x01, 0x0b, 0xf8, 0x21, 0x02, 0x2c, 0x02
    .byte 0x00, 0x00, 0x00, 0x15, 0x9b, 0x18, 0x70, 0x32, 0x00, 0x00, 0x00, 0x00, 0x00, 0x14, 0x37, 0xf8
    .byte 0x21, 0x02, 0x01, 0x1e, 0xf8, 0x21, 0x02, 0x20, 0x00, 0x00, 0x15, 0x9b, 0x18, 0x70, 0x14, 0x57
    .byte 0xf8, 0x21, 0x02, 0x20, 0x00, 0x00, 0x2c, 0xff, 0xff, 0xff, 0xff, 0x2c, 0xff, 0xff, 0xff, 0xff
    .byte 0x2c, 0xff, 0xff, 0xff, 0xff, 0x15, 0x89, 0x20, 0x00, 0x00, 0x15, 0x07, 0x15, 0x08, 0x2c, 0x03
    .byte 0x00, 0x00, 0x00, 0x2c, 0x82, 0xf8, 0x21, 0x02, 0x15, 0x29, 0x2c, 0x3c, 0x00, 0x00, 0x00, 0x15
    .byte 0x07, 0x15, 0x08, 0x2c, 0x01, 0x00, 0x00, 0x00, 0x15, 0x09, 0x2c, 0x01, 0x00, 0x00, 0x00, 0x15
    .byte 0x06, 0x00, 0x2c, 0x08, 0x00, 0x00, 0x00, 0x2c, 0x06, 0x02, 0x00, 0x00, 0x15, 0xe0, 0x2c, 0x0a
    .byte 0x00, 0x00, 0x00, 0x20, 0x00, 0x00, 0x15, 0xe0, 0x2c, 0x03, 0x00, 0x00, 0x00, 0x2c, 0x01, 0x00
    .byte 0x00, 0x00, 0x20, 0x00, 0x00, 0x20, 0x00, 0x00, 0x20, 0x00, 0x00, 0x15, 0x4f, 0x2c, 0x15, 0x00
    .byte 0x00, 0x00, 0x2c, 0x89, 0x00, 0x00, 0x00, 0x2c, 0x7f, 0x00, 0x00, 0x00, 0x15, 0x0a, 0x15, 0x20
    .byte 0x18, 0x70, 0x15, 0x11, 0x18, 0x71, 0x1b, 0x10, 0x14, 0x01, 0xf9, 0x21, 0x02, 0x15, 0x1f, 0x18
    .byte 0x70, 0x15, 0x10, 0x18, 0x71, 0x24, 0x01, 0x20, 0x00, 0x00, 0x00, 0x1b, 0x10, 0x13, 0xf7, 0xf8
    .byte 0x21, 0x02, 0x15, 0x1f, 0x18, 0x70, 0x15, 0x10, 0x18, 0x71, 0x05, 0x01, 0x20, 0x00, 0x00, 0x00
    .byte 0x1d, 0x10, 0x14, 0x01, 0xf9, 0x21, 0x02, 0x20, 0x00, 0x00, 0x2c, 0x85, 0xfb, 0x21, 0x02, 0x15
    .byte 0x39, 0x2c, 0x1f, 0x00, 0x00, 0x00, 0x15, 0x10, 0x18, 0x70, 0x17, 0x00, 0x15, 0x11, 0x18, 0x70
    .byte 0x17, 0x00, 0x15, 0x12, 0x18, 0x70, 0x17, 0x00, 0x2c, 0x68, 0x01, 0x00, 0x00, 0x2c, 0x0a, 0x00
    .byte 0x00, 0x00, 0x20, 0x00, 0x00, 0x15, 0x53, 0x15, 0x20, 0x18, 0x70, 0x15, 0x11, 0x18, 0x71, 0x1b
    .byte 0x10, 0x14, 0x81, 0xf9, 0x21, 0x02, 0x15, 0x1f, 0x18, 0x70, 0x15, 0x10, 0x18, 0x71, 0x24, 0x01
    .byte 0x20, 0x00, 0x00, 0x00, 0x1b, 0x10, 0x13, 0x60, 0xf9, 0x21, 0x02, 0x15, 0x1f, 0x18, 0x70, 0x15
    .byte 0x10, 0x18, 0x71, 0x05, 0x01, 0x20, 0x00, 0x00, 0x00, 0x1d, 0x10, 0x14, 0x81, 0xf9, 0x21, 0x02
    .byte 0x2c, 0x14, 0x00, 0x00, 0x00, 0x15, 0x07, 0x15, 0x08, 0x20, 0x00, 0x00, 0x2c, 0x97, 0xfb, 0x21
    .byte 0x02, 0x15, 0x39, 0x2c, 0x64, 0x00, 0x00, 0x00, 0x15, 0x07, 0x15, 0x08, 0x25, 0x8a, 0xf9, 0x21
    .byte 0x02, 0x2c, 0x78, 0x00, 0x00, 0x00, 0x15, 0x07, 0x15, 0x08, 0x2c, 0x0a, 0x00, 0x00, 0x00, 0x2c
    .byte 0x08, 0xfb, 0x21, 0x02, 0x15, 0x39, 0x2c, 0x0a, 0x00, 0x00, 0x00, 0x15, 0x42, 0x18, 0x70, 0x32
    .byte 0x00, 0x00, 0x00, 0x00, 0x00, 0x14, 0xaf, 0xf9, 0x21, 0x02, 0x01, 0x96, 0xf9, 0x21, 0x02, 0x20
    .byte 0x00, 0x00, 0x2c, 0xa1, 0xfa, 0x21, 0x02, 0x15, 0x39, 0x2c, 0x2d, 0x00, 0x00, 0x00, 0x15, 0x07
    .byte 0x15, 0x08, 0x2c, 0x0a, 0x00, 0x00, 0x00, 0x2c, 0x61, 0xfb, 0x21, 0x02, 0x15, 0x39, 0x20, 0x00
    .byte 0x00, 0x2c, 0xbb, 0xfa, 0x21, 0x02, 0x15, 0x39, 0x20, 0x00, 0x00, 0x15, 0x42, 0x18, 0x70, 0x32
    .byte 0x00, 0x00, 0x00, 0x00, 0x00, 0x14, 0xef, 0xf9, 0x21, 0x02, 0x01, 0xd8, 0xf9, 0x21, 0x02, 0x2c
    .byte 0x86, 0x03, 0x00, 0x00, 0x15, 0x36, 0x2c, 0x69, 0x00, 0x00, 0x00, 0x2c, 0x40, 0x02, 0x00, 0x00
    .byte 0x2c, 0x50, 0x02, 0x00, 0x00, 0x20, 0x00, 0x00, 0x15, 0x4a, 0x2c, 0x16, 0x00, 0x00, 0x00, 0x2c
    .byte 0x89, 0x00, 0x00, 0x00, 0x2c, 0x01, 0x00, 0x00, 0x00, 0x15, 0x0a, 0x2c, 0x09, 0x00, 0x00, 0x00
    .byte 0x2c, 0x06, 0x02, 0x00, 0x00, 0x15, 0xe0, 0x2c, 0x0a, 0x00, 0x00, 0x00, 0x2c, 0xff, 0xff, 0xff
    .byte 0xff, 0x2c, 0xff, 0xff, 0xff, 0xff, 0x2c, 0xff, 0xff, 0xff, 0xff, 0x2c, 0xff, 0xff, 0xff, 0xff
    .byte 0x15, 0xdc, 0x03, 0x00, 0x00, 0x00, 0x00, 0x00, 0x32, 0x00, 0x00, 0x00, 0x00, 0x00, 0x14, 0x77
    .byte 0xfa, 0x21, 0x02, 0x2c, 0x16, 0x00, 0x00, 0x00, 0x2c, 0x0d, 0x00, 0x00, 0x00, 0x2c, 0x3c, 0x00
    .byte 0x00, 0x00, 0x15, 0x0a, 0x2c, 0x16, 0x00, 0x00, 0x00, 0x2d, 0xae, 0x2c, 0x3c, 0x00, 0x00, 0x00
    .byte 0x15, 0x0a, 0x25, 0xa0, 0xfa, 0x21, 0x02, 0x03, 0x00, 0x00, 0x00, 0x00, 0x00, 0x32, 0x00, 0x01
    .byte 0x00, 0x00, 0x00, 0x14, 0x99, 0xfa, 0x21, 0x02, 0x2c, 0x07, 0x00, 0x00, 0x00, 0x2c, 0x3c, 0x00
    .byte 0x00, 0x00, 0x15, 0xe0, 0x25, 0xa0, 0xfa, 0x21, 0x02, 0x20, 0x00, 0x00, 0x15, 0x07, 0x15, 0x08
    .byte 0x00, 0x2c, 0x0d, 0x10, 0x00, 0x00, 0x2c, 0x01, 0x10, 0x00, 0x00, 0x2c, 0x0e, 0x10, 0x00, 0x00
    .byte 0x2c, 0x02, 0x00, 0x00, 0x00, 0x20, 0x00, 0x00, 0x15, 0x73, 0x00, 0x2c, 0x1b, 0x00, 0x00, 0x00
    .byte 0x15, 0x05, 0x2c, 0x01, 0x00, 0x00, 0x00, 0x15, 0x06, 0x2c, 0x01, 0x00, 0x00, 0x00, 0x15, 0x07
    .byte 0x15, 0x08, 0x15, 0x1f, 0x18, 0x70, 0x17, 0x00, 0x15, 0x20, 0x18, 0x70, 0x17, 0x00, 0x2c, 0x00
    .byte 0x01, 0x00, 0x00, 0x2c, 0x78, 0x00, 0x00, 0x00, 0x2c, 0x01, 0x00, 0x00, 0x00, 0x2c, 0x01, 0x00
    .byte 0x00, 0x00, 0x15, 0x1a, 0x15, 0x21, 0x20, 0x00, 0x00, 0x2c, 0x03, 0x00, 0x00, 0x00, 0x15, 0x4b
    .byte 0x2c, 0x67, 0x01, 0x00, 0x00, 0x15, 0x35, 0x00, 0x15, 0x1f, 0x18, 0x70, 0x24, 0x00, 0x08, 0x00
    .byte 0x00, 0x00, 0x17, 0x00, 0x15, 0x20, 0x18, 0x70, 0x17, 0x00, 0x2c, 0x00, 0x01, 0x00, 0x00, 0x15
    .byte 0x02, 0x2c, 0x01, 0x00, 0x00, 0x00, 0x15, 0x09, 0x2c, 0x01, 0x00, 0x00, 0x00, 0x15, 0x06, 0x15
    .byte 0x1f, 0x18, 0x70, 0x24, 0x00, 0x08, 0x00, 0x00, 0x00, 0x17, 0x00, 0x15, 0x20, 0x18, 0x70, 0x17
    .byte 0x00, 0x15, 0x27, 0x18, 0x70, 0x05, 0x00, 0x08, 0x00, 0x00, 0x00, 0x17, 0x00, 0x2c, 0x5a, 0x00
    .byte 0x00, 0x00, 0x2c, 0x01, 0x00, 0x00, 0x00, 0x2c, 0x01, 0x00, 0x00, 0x00, 0x15, 0x1a, 0x15, 0x21
    .byte 0x00, 0x15, 0x10, 0x18, 0x70, 0x17, 0x00, 0x15, 0x11, 0x18, 0x70, 0x17, 0x00, 0x2c, 0x08, 0x01
    .byte 0x00, 0x00, 0x2c, 0x78, 0x00, 0x00, 0x00, 0x2c, 0x01, 0x00, 0x00, 0x00, 0x2c, 0x01, 0x00, 0x00
    .byte 0x00, 0x15, 0x1a, 0x15, 0x21, 0x2c, 0xd7, 0x11, 0x00, 0x00, 0x15, 0x41, 0x20, 0x00, 0x00, 0x2c
    .byte 0x01, 0x00, 0x00, 0x00, 0x15, 0x38, 0x00, 0x2c, 0xe6, 0x1d, 0x00, 0x00, 0x15, 0x41, 0x2c, 0x01
    .byte 0x00, 0x00, 0x00, 0x20, 0x00, 0x00, 0x15, 0x38, 0x00, 0x00, 0x20, 0x00, 0x00, 0x15, 0x09, 0x00
    .byte 0x20, 0x00, 0x00, 0x15, 0x18, 0x2c, 0x01, 0x00, 0x00, 0x00, 0x2c, 0xfc, 0xff, 0xff, 0xff, 0x20
    .byte 0x00, 0x00, 0x2c, 0x04, 0x00, 0x00, 0x00, 0x2c, 0x08, 0x00, 0x00, 0x00, 0x15, 0xd8, 0x2c, 0x0a
    .byte 0x03, 0x00, 0x00, 0x15, 0x37, 0x18, 0x70, 0x14, 0xe4, 0xfb, 0x21, 0x02, 0x2c, 0x01, 0x00, 0x00
    .byte 0x00, 0x15, 0x05, 0x00, 0x2c, 0x01, 0x00, 0x00, 0x00, 0x2c, 0xf1, 0xfb, 0x21, 0x02, 0x15, 0x29
    .byte 0x00, 0x2c, 0x0a, 0x03, 0x00, 0x00, 0x15, 0x35, 0x2c, 0x04, 0x00, 0x00, 0x00, 0x20, 0x00, 0x00
    .byte 0x20, 0x00, 0x00, 0x20, 0x00, 0x00, 0x20, 0x00, 0x00, 0x15, 0x4f, 0x18, 0x70, 0x32, 0x00, 0x01
    .byte 0x00, 0x00, 0x00, 0x14, 0x1f, 0xfc, 0x21, 0x02, 0x2c, 0x0e, 0x00, 0x00, 0x00, 0x15, 0x35, 0x2c
    .byte 0x0e, 0x00, 0x00, 0x00, 0x15, 0x37, 0x18, 0x70, 0x32, 0x00, 0x00, 0x00, 0x00, 0x00, 0x14, 0x68
    .byte 0xfc, 0x21, 0x02, 0x2c, 0x01, 0x00, 0x00, 0x00, 0x15, 0x10, 0x18, 0x70, 0x17, 0x00, 0x15, 0x11
    .byte 0x18, 0x70, 0x05, 0x00, 0x0c, 0x00, 0x00, 0x00, 0x24, 0x00, 0x14, 0x00, 0x00, 0x00, 0x15, 0x12
    .byte 0x18, 0x71, 0x23, 0x10, 0x17, 0x00, 0x2c, 0x0f, 0x00, 0x00, 0x00, 0x20, 0x00, 0x00, 0x15, 0x4f
    .byte 0x18, 0x70, 0x17, 0x00, 0x15, 0x07, 0x15, 0x08, 0x20, 0x00, 0x00, 0x2c, 0xfb, 0xdf, 0x21, 0x02
    .byte 0x15, 0x39, 0x20, 0x00, 0x00, 0x15, 0x42, 0x18, 0x70, 0x32, 0x00, 0x00, 0x00, 0x00, 0x00, 0x14
    .byte 0x89, 0xfc, 0x21, 0x02, 0x01, 0x72, 0xfc, 0x21, 0x02, 0x2c, 0x08, 0x00, 0x00, 0x00, 0x2c, 0x66
    .byte 0x00, 0x00, 0x00, 0x15, 0xe0, 0x20, 0x00, 0x00, 0x2c, 0x02, 0x33, 0x00, 0x00, 0x15, 0xe0, 0x2c
    .byte 0x2c, 0x10, 0x00, 0x00, 0x2c, 0x2d, 0x10, 0x00, 0x00, 0x2c, 0x2e, 0x10, 0x00, 0x00, 0x2c, 0x02
    .byte 0x00, 0x00, 0x00, 0x20, 0x00, 0x00, 0x15, 0x73, 0x15, 0x1f, 0x18, 0x70, 0x15, 0x10, 0x18, 0x71
    .byte 0x1e, 0x10, 0x14, 0xce, 0xfc, 0x21, 0x02, 0x2c, 0x01, 0x00, 0x00, 0x00, 0x15, 0x23, 0x15, 0x16
    .byte 0x20, 0x00, 0x00, 0x15, 0x23, 0x2c, 0x93, 0x16, 0x00, 0x00, 0x2c, 0x94, 0x16, 0x00, 0x00, 0x2c
    .byte 0x95, 0x16, 0x00, 0x00, 0x2c, 0x02, 0x00, 0x00, 0x00, 0x2c, 0x01, 0x00, 0x00, 0x00, 0x15, 0x73
    .byte 0x20, 0x00, 0x00, 0x2c, 0x37, 0x0f, 0x22, 0x02, 0x15, 0x39, 0x20, 0x00, 0x00, 0x15, 0x42, 0x18
    .byte 0x70, 0x32, 0x00, 0x00, 0x00, 0x00, 0x00, 0x14, 0x11, 0xfd, 0x21, 0x02, 0x01, 0xfa, 0xfc, 0x21
    .byte 0x02, 0x20, 0x00, 0x00, 0x2c, 0xf3, 0xdf, 0x21, 0x02, 0x15, 0x39, 0x20, 0x00, 0x00, 0x15, 0x42
    .byte 0x18, 0x70, 0x32, 0x00, 0x00, 0x00, 0x00, 0x00, 0x14, 0x32, 0xfd, 0x21, 0x02, 0x01, 0x1b, 0xfd
    .byte 0x21, 0x02, 0x2c, 0x09, 0x00, 0x00, 0x00, 0x2c, 0x66, 0x00, 0x00, 0x00, 0x15, 0xe0, 0x2c, 0xae
    .byte 0x08, 0x00, 0x00, 0x15, 0x41, 0x2c, 0xf5, 0x1f, 0x00, 0x00, 0x15, 0x41, 0x03, 0x00, 0x01, 0x00
    .byte 0x00, 0x00, 0x32, 0x00, 0x01, 0x00, 0x00, 0x00, 0x14, 0x26, 0xff, 0x21, 0x02, 0x2c, 0xc4, 0x09
    .byte 0x00, 0x00, 0x15, 0xaa, 0x03, 0x00, 0x01, 0x00, 0x00, 0x00, 0x26, 0x00, 0x66, 0x03, 0x00, 0x00
    .byte 0x00, 0x00, 0x00, 0x26, 0x00, 0xd9, 0x03, 0x00, 0x01, 0x00, 0x00, 0x00, 0x32, 0x00, 0x01, 0x00
    .byte 0x00, 0x00, 0x13, 0x98, 0xfd, 0x21, 0x02, 0x03, 0x00, 0x01, 0x00, 0x00, 0x00, 0x32, 0x00, 0x08
    .byte 0x00, 0x00, 0x00, 0x14, 0xa6, 0xfd, 0x21, 0x02, 0x03, 0x00, 0xc4, 0x09, 0x00, 0x00, 0x36, 0x00
    .byte 0x00, 0x25, 0xaf, 0xfd, 0x21, 0x02, 0x03, 0x00, 0xc4, 0x09, 0x00, 0x00, 0x26, 0x00, 0x63, 0x03
    .byte 0x00, 0x01, 0x00, 0x00, 0x00, 0x32, 0x00, 0x01, 0x00, 0x00, 0x00, 0x14, 0xe0, 0xfd, 0x21, 0x02
    .byte 0x20, 0x00, 0x00, 0x2c, 0x0f, 0x00, 0x00, 0x00, 0x15, 0xe0, 0x2c, 0x15, 0x00, 0x00, 0x00, 0x2c
    .byte 0x9d, 0x00, 0x00, 0x00, 0x2c, 0x7f, 0x00, 0x00, 0x00, 0x15, 0x0a, 0x25, 0x00, 0xff, 0x21, 0x02
    .byte 0x03, 0x00, 0x01, 0x00, 0x00, 0x00, 0x32, 0x00, 0x08, 0x00, 0x00, 0x00, 0x14, 0x11, 0xfe, 0x21
    .byte 0x02, 0x20, 0x00, 0x00, 0x2c, 0x0f, 0x00, 0x00, 0x00, 0x15, 0xe0, 0x2c, 0x15, 0x00, 0x00, 0x00
    .byte 0x2c, 0x9c, 0x00, 0x00, 0x00, 0x2c, 0x7f, 0x00, 0x00, 0x00, 0x15, 0x0a, 0x25, 0x00, 0xff, 0x21
    .byte 0x02, 0x03, 0x00, 0x01, 0x00, 0x00, 0x00, 0x32, 0x00, 0x03, 0x00, 0x00, 0x00, 0x14, 0x69, 0xfe
    .byte 0x21, 0x02, 0x03, 0x00, 0x00, 0x00, 0x00, 0x00, 0x32, 0x00, 0x3e, 0x00, 0x00, 0x00, 0x14, 0x53
    .byte 0xfe, 0x21, 0x02, 0x20, 0x00, 0x00, 0x2c, 0x75, 0x00, 0x00, 0x00, 0x15, 0xe0, 0x2c, 0x15, 0x00
    .byte 0x00, 0x00, 0x2c, 0x9d, 0x00, 0x00, 0x00, 0x2c, 0x7f, 0x00, 0x00, 0x00, 0x15, 0x0a, 0x25, 0x64
    .byte 0xfe, 0x21, 0x02, 0x2c, 0x15, 0x00, 0x00, 0x00, 0x2c, 0x9d, 0x00, 0x00, 0x00, 0x2c, 0x7f, 0x00
    .byte 0x00, 0x00, 0x15, 0x0a, 0x25, 0x00, 0xff, 0x21, 0x02, 0x03, 0x00, 0x01, 0x00, 0x00, 0x00, 0x32
    .byte 0x00, 0x09, 0x00, 0x00, 0x00, 0x14, 0x90, 0xfe, 0x21, 0x02, 0x2c, 0x15, 0x00, 0x00, 0x00, 0x2c
    .byte 0x9c, 0x00, 0x00, 0x00, 0x2c, 0x7f, 0x00, 0x00, 0x00, 0x15, 0x0a, 0x25, 0x00, 0xff, 0x21, 0x02
    .byte 0x03, 0x00, 0x01, 0x00, 0x00, 0x00, 0x32, 0x00, 0x04, 0x00, 0x00, 0x00, 0x14, 0xb7, 0xfe, 0x21
    .byte 0x02, 0x2c, 0x15, 0x00, 0x00, 0x00, 0x2c, 0x9c, 0x00, 0x00, 0x00, 0x2c, 0x7f, 0x00, 0x00, 0x00
    .byte 0x15, 0x0a, 0x25, 0x00, 0xff, 0x21, 0x02, 0x03, 0x00, 0x01, 0x00, 0x00, 0x00, 0x32, 0x00, 0x0a
    .byte 0x00, 0x00, 0x00, 0x14, 0xde, 0xfe, 0x21, 0x02, 0x2c, 0x15, 0x00, 0x00, 0x00, 0x2c, 0x9d, 0x00
    .byte 0x00, 0x00, 0x2c, 0x7f, 0x00, 0x00, 0x00, 0x15, 0x0a, 0x25, 0x00, 0xff, 0x21, 0x02, 0x03, 0x00
    .byte 0x01, 0x00, 0x00, 0x00, 0x32, 0x00, 0x0b, 0x00, 0x00, 0x00, 0x14, 0x00, 0xff, 0x21, 0x02, 0x2c
    .byte 0x15, 0x00, 0x00, 0x00, 0x2c, 0x9c, 0x00, 0x00, 0x00, 0x2c, 0x7f, 0x00, 0x00, 0x00, 0x15, 0x0a
    .byte 0x20, 0x00, 0x00, 0x2c, 0x57, 0xe1, 0x21, 0x02, 0x15, 0x39, 0x20, 0x00, 0x00, 0x15, 0x42, 0x18
    .byte 0x70, 0x32, 0x00, 0x00, 0x00, 0x00, 0x00, 0x14, 0x21, 0xff, 0x21, 0x02, 0x01, 0x0a, 0xff, 0x21
    .byte 0x02, 0x25, 0xe4, 0x0e, 0x22, 0x02, 0x03, 0x00, 0x01, 0x00, 0x00, 0x00, 0x32, 0x00, 0x08, 0x00
    .byte 0x00, 0x00, 0x14, 0x00, 0x01, 0x22, 0x02, 0x2c, 0xc4, 0x09, 0x00, 0x00, 0x15, 0xaa, 0x03, 0x00
    .byte 0x08, 0x00, 0x00, 0x00, 0x26, 0x00, 0x66, 0x03, 0x00, 0x00, 0x00, 0x00, 0x00, 0x26, 0x00, 0xd9
    .byte 0x03, 0x00, 0x08, 0x00, 0x00, 0x00, 0x32, 0x00, 0x01, 0x00, 0x00, 0x00, 0x13, 0x72, 0xff, 0x21
    .byte 0x02, 0x03, 0x00, 0x08, 0x00, 0x00, 0x00, 0x32, 0x00, 0x08, 0x00, 0x00, 0x00, 0x14, 0x80, 0xff
    .byte 0x21, 0x02, 0x03, 0x00, 0xc4, 0x09, 0x00, 0x00, 0x36, 0x00, 0x00, 0x25, 0x89, 0xff, 0x21, 0x02
    .byte 0x03, 0x00, 0xc4, 0x09, 0x00, 0x00, 0x26, 0x00, 0x63, 0x03, 0x00, 0x08, 0x00, 0x00, 0x00, 0x32
    .byte 0x00, 0x01, 0x00, 0x00, 0x00, 0x14, 0xba, 0xff, 0x21, 0x02, 0x20, 0x00, 0x00, 0x2c, 0x0f, 0x00
    .byte 0x00, 0x00, 0x15, 0xe0, 0x2c, 0x15, 0x00, 0x00, 0x00, 0x2c, 0x9d, 0x00, 0x00, 0x00, 0x2c, 0x7f
    .byte 0x00, 0x00, 0x00, 0x15, 0x0a, 0x25, 0xda, 0x00, 0x22, 0x02, 0x03, 0x00, 0x08, 0x00, 0x00, 0x00
    .byte 0x32, 0x00, 0x08, 0x00, 0x00, 0x00, 0x14, 0xeb, 0xff, 0x21, 0x02, 0x20, 0x00, 0x00, 0x2c, 0x0f
    .byte 0x00, 0x00, 0x00, 0x15, 0xe0, 0x2c, 0x15, 0x00, 0x00, 0x00, 0x2c, 0x9c, 0x00, 0x00, 0x00, 0x2c
    .byte 0x7f, 0x00, 0x00, 0x00, 0x15, 0x0a, 0x25, 0xda, 0x00, 0x22, 0x02, 0x03, 0x00, 0x08, 0x00, 0x00
    .byte 0x00, 0x32, 0x00, 0x03, 0x00, 0x00, 0x00, 0x14, 0x43, 0x00, 0x22, 0x02, 0x03, 0x00, 0x00, 0x00
    .byte 0x00, 0x00, 0x32, 0x00, 0x3e, 0x00, 0x00, 0x00, 0x14, 0x2d, 0x00, 0x22, 0x02, 0x20, 0x00, 0x00
    .byte 0x2c, 0x75, 0x00, 0x00, 0x00, 0x15, 0xe0, 0x2c, 0x15, 0x00, 0x00, 0x00, 0x2c, 0x9d, 0x00, 0x00
    .byte 0x00, 0x2c, 0x7f, 0x00, 0x00, 0x00, 0x15, 0x0a, 0x25, 0x3e, 0x00, 0x22, 0x02, 0x2c, 0x15, 0x00
    .byte 0x00, 0x00, 0x2c, 0x9d, 0x00, 0x00, 0x00, 0x2c, 0x7f, 0x00, 0x00, 0x00, 0x15, 0x0a, 0x25, 0xda
    .byte 0x00, 0x22, 0x02, 0x03, 0x00, 0x08, 0x00, 0x00, 0x00, 0x32, 0x00, 0x09, 0x00, 0x00, 0x00, 0x14
    .byte 0x6a, 0x00, 0x22, 0x02, 0x2c, 0x15, 0x00, 0x00, 0x00, 0x2c, 0x9c, 0x00, 0x00, 0x00, 0x2c, 0x7f
    .byte 0x00, 0x00, 0x00, 0x15, 0x0a, 0x25, 0xda, 0x00, 0x22, 0x02, 0x03, 0x00, 0x08, 0x00, 0x00, 0x00
    .byte 0x32, 0x00, 0x04, 0x00, 0x00, 0x00, 0x14, 0x91, 0x00, 0x22, 0x02, 0x2c, 0x15, 0x00, 0x00, 0x00
    .byte 0x2c, 0x9c, 0x00, 0x00, 0x00, 0x2c, 0x7f, 0x00, 0x00, 0x00, 0x15, 0x0a, 0x25, 0xda, 0x00, 0x22
    .byte 0x02, 0x03, 0x00, 0x08, 0x00, 0x00, 0x00, 0x32, 0x00, 0x0a, 0x00, 0x00, 0x00, 0x14, 0xb8, 0x00
    .byte 0x22, 0x02, 0x2c, 0x15, 0x00, 0x00, 0x00, 0x2c, 0x9d, 0x00, 0x00, 0x00, 0x2c, 0x7f, 0x00, 0x00
    .byte 0x00, 0x15, 0x0a, 0x25, 0xda, 0x00, 0x22, 0x02, 0x03, 0x00, 0x08, 0x00, 0x00, 0x00, 0x32, 0x00
    .byte 0x0b, 0x00, 0x00, 0x00, 0x14, 0xda, 0x00, 0x22, 0x02, 0x2c, 0x15, 0x00, 0x00, 0x00, 0x2c, 0x9c
    .byte 0x00, 0x00, 0x00, 0x2c, 0x7f, 0x00, 0x00, 0x00, 0x15, 0x0a, 0x20, 0x00, 0x00, 0x2c, 0x57, 0xe1
    .byte 0x21, 0x02, 0x15, 0x39, 0x20, 0x00, 0x00, 0x15, 0x42, 0x18, 0x70, 0x32, 0x00, 0x00, 0x00, 0x00
    .byte 0x00, 0x14, 0xfb, 0x00, 0x22, 0x02, 0x01, 0xe4, 0x00, 0x22, 0x02, 0x25, 0xe4, 0x0e, 0x22, 0x02
    .byte 0x03, 0x00, 0x01, 0x00, 0x00, 0x00, 0x32, 0x00, 0x03, 0x00, 0x00, 0x00, 0x14, 0xb3, 0x0a, 0x22
    .byte 0x02, 0x03, 0x00, 0x00, 0x00, 0x00, 0x00, 0x32, 0x00, 0x3e, 0x00, 0x00, 0x00, 0x14, 0xe7, 0x08
    .byte 0x22, 0x02, 0x2c, 0x01, 0x00, 0x00, 0x00, 0x15, 0xe1, 0x03, 0x00, 0x03, 0x00, 0x00, 0x00, 0x26
    .byte 0x00, 0x66, 0x03, 0x00, 0x3e, 0x00, 0x00, 0x00, 0x26, 0x00, 0xd9, 0x03, 0x00, 0x03, 0x00, 0x00
    .byte 0x00, 0x32, 0x00, 0x01, 0x00, 0x00, 0x00, 0x13, 0x5d, 0x01, 0x22, 0x02, 0x03, 0x00, 0x03, 0x00
    .byte 0x00, 0x00, 0x32, 0x00, 0x08, 0x00, 0x00, 0x00, 0x14, 0x6b, 0x01, 0x22, 0x02, 0x03, 0x00, 0x01
    .byte 0x00, 0x00, 0x00, 0x36, 0x00, 0x00, 0x25, 0x74, 0x01, 0x22, 0x02, 0x03, 0x00, 0x01, 0x00, 0x00
    .byte 0x00, 0x26, 0x00, 0x63, 0x03, 0x00, 0x03, 0x00, 0x00, 0x00, 0x32, 0x00, 0x01, 0x00, 0x00, 0x00
    .byte 0x14, 0xa5, 0x01, 0x22, 0x02, 0x20, 0x00, 0x00, 0x2c, 0x0f, 0x00, 0x00, 0x00, 0x15, 0xe0, 0x2c
    .byte 0x15, 0x00, 0x00, 0x00, 0x2c, 0x9d, 0x00, 0x00, 0x00, 0x2c, 0x7f, 0x00, 0x00, 0x00, 0x15, 0x0a
    .byte 0x25, 0xc5, 0x02, 0x22, 0x02, 0x03, 0x00, 0x03, 0x00, 0x00, 0x00, 0x32, 0x00, 0x08, 0x00, 0x00
    .byte 0x00, 0x14, 0xd6, 0x01, 0x22, 0x02, 0x20, 0x00, 0x00, 0x2c, 0x0f, 0x00, 0x00, 0x00, 0x15, 0xe0
    .byte 0x2c, 0x15, 0x00, 0x00, 0x00, 0x2c, 0x9c, 0x00, 0x00, 0x00, 0x2c, 0x7f, 0x00, 0x00, 0x00, 0x15
    .byte 0x0a, 0x25, 0xc5, 0x02, 0x22, 0x02, 0x03, 0x00, 0x03, 0x00, 0x00, 0x00, 0x32, 0x00, 0x03, 0x00
    .byte 0x00, 0x00, 0x14, 0x2e, 0x02, 0x22, 0x02, 0x03, 0x00, 0x3e, 0x00, 0x00, 0x00, 0x32, 0x00, 0x3e
    .byte 0x00, 0x00, 0x00, 0x14, 0x18, 0x02, 0x22, 0x02, 0x20, 0x00, 0x00, 0x2c, 0x75, 0x00, 0x00, 0x00
    .byte 0x15, 0xe0, 0x2c, 0x15, 0x00, 0x00, 0x00, 0x2c, 0x9d, 0x00, 0x00, 0x00, 0x2c, 0x7f, 0x00, 0x00
    .byte 0x00, 0x15, 0x0a, 0x25, 0x29, 0x02, 0x22, 0x02, 0x2c, 0x15, 0x00, 0x00, 0x00, 0x2c, 0x9d, 0x00
    .byte 0x00, 0x00, 0x2c, 0x7f, 0x00, 0x00, 0x00, 0x15, 0x0a, 0x25, 0xc5, 0x02, 0x22, 0x02, 0x03, 0x00
    .byte 0x03, 0x00, 0x00, 0x00, 0x32, 0x00, 0x09, 0x00, 0x00, 0x00, 0x14, 0x55, 0x02, 0x22, 0x02, 0x2c
    .byte 0x15, 0x00, 0x00, 0x00, 0x2c, 0x9c, 0x00, 0x00, 0x00, 0x2c, 0x7f, 0x00, 0x00, 0x00, 0x15, 0x0a
    .byte 0x25, 0xc5, 0x02, 0x22, 0x02, 0x03, 0x00, 0x03, 0x00, 0x00, 0x00, 0x32, 0x00, 0x04, 0x00, 0x00
    .byte 0x00, 0x14, 0x7c, 0x02, 0x22, 0x02, 0x2c, 0x15, 0x00, 0x00, 0x00, 0x2c, 0x9c, 0x00, 0x00, 0x00
    .byte 0x2c, 0x7f, 0x00, 0x00, 0x00, 0x15, 0x0a, 0x25, 0xc5, 0x02, 0x22, 0x02, 0x03, 0x00, 0x03, 0x00
    .byte 0x00, 0x00, 0x32, 0x00, 0x0a, 0x00, 0x00, 0x00, 0x14, 0xa3, 0x02, 0x22, 0x02, 0x2c, 0x15, 0x00
    .byte 0x00, 0x00, 0x2c, 0x9d, 0x00, 0x00, 0x00, 0x2c, 0x7f, 0x00, 0x00, 0x00, 0x15, 0x0a, 0x25, 0xc5
    .byte 0x02, 0x22, 0x02, 0x03, 0x00, 0x03, 0x00, 0x00, 0x00, 0x32, 0x00, 0x0b, 0x00, 0x00, 0x00, 0x14
    .byte 0xc5, 0x02, 0x22, 0x02, 0x2c, 0x15, 0x00, 0x00, 0x00, 0x2c, 0x9c, 0x00, 0x00, 0x00, 0x2c, 0x7f
    .byte 0x00, 0x00, 0x00, 0x15, 0x0a, 0x20, 0x00, 0x00, 0x2c, 0x57, 0xe1, 0x21, 0x02, 0x15, 0x39, 0x20
    .byte 0x00, 0x00, 0x15, 0x42, 0x18, 0x70, 0x32, 0x00, 0x00, 0x00, 0x00, 0x00, 0x14, 0xe6, 0x02, 0x22
    .byte 0x02, 0x01, 0xcf, 0x02, 0x22, 0x02, 0x15, 0x63, 0x18, 0x70, 0x32, 0x00, 0x0c, 0x00, 0x00, 0x00
    .byte 0x14, 0xe4, 0x04, 0x22, 0x02, 0x20, 0x00, 0x00, 0x2c, 0x68, 0xdf, 0x21, 0x02, 0x15, 0x39, 0x20
    .byte 0x00, 0x00, 0x15, 0x42, 0x18, 0x70, 0x32, 0x00, 0x00, 0x00, 0x00, 0x00, 0x14, 0x16, 0x03, 0x22
    .byte 0x02, 0x01, 0xff, 0x02, 0x22, 0x02, 0x03, 0x00, 0x09, 0x00, 0x00, 0x00, 0x26, 0x00, 0x66, 0x03
    .byte 0x00, 0x61, 0x01, 0x00, 0x00, 0x26, 0x00, 0xd9, 0x03, 0x00, 0x09, 0x00, 0x00, 0x00, 0x32, 0x00
    .byte 0x01, 0x00, 0x00, 0x00, 0x13, 0x4a, 0x03, 0x22, 0x02, 0x03, 0x00, 0x09, 0x00, 0x00, 0x00, 0x32
    .byte 0x00, 0x08, 0x00, 0x00, 0x00, 0x14, 0x58, 0x03, 0x22, 0x02, 0x03, 0x00, 0x01, 0x00, 0x00, 0x00
    .byte 0x36, 0x00, 0x00, 0x25, 0x61, 0x03, 0x22, 0x02, 0x03, 0x00, 0x01, 0x00, 0x00, 0x00, 0x26, 0x00
    .byte 0x63, 0x03, 0x00, 0x09, 0x00, 0x00, 0x00, 0x32, 0x00, 0x01, 0x00, 0x00, 0x00, 0x14, 0x92, 0x03
    .byte 0x22, 0x02, 0x20, 0x00, 0x00, 0x2c, 0x0f, 0x00, 0x00, 0x00, 0x15, 0xe0, 0x2c, 0x15, 0x00, 0x00
    .byte 0x00, 0x2c, 0x9d, 0x00, 0x00, 0x00, 0x2c, 0x7f, 0x00, 0x00, 0x00, 0x15, 0x0a, 0x25, 0xb2, 0x04
    .byte 0x22, 0x02, 0x03, 0x00, 0x09, 0x00, 0x00, 0x00, 0x32, 0x00, 0x08, 0x00, 0x00, 0x00, 0x14, 0xc3
    .byte 0x03, 0x22, 0x02, 0x20, 0x00, 0x00, 0x2c, 0x0f, 0x00, 0x00, 0x00, 0x15, 0xe0, 0x2c, 0x15, 0x00
    .byte 0x00, 0x00, 0x2c, 0x9c, 0x00, 0x00, 0x00, 0x2c, 0x7f, 0x00, 0x00, 0x00, 0x15, 0x0a, 0x25, 0xb2
    .byte 0x04, 0x22, 0x02, 0x03, 0x00, 0x09, 0x00, 0x00, 0x00, 0x32, 0x00, 0x03, 0x00, 0x00, 0x00, 0x14
    .byte 0x1b, 0x04, 0x22, 0x02, 0x03, 0x00, 0x61, 0x01, 0x00, 0x00, 0x32, 0x00, 0x3e, 0x00, 0x00, 0x00
    .byte 0x14, 0x05, 0x04, 0x22, 0x02, 0x20, 0x00, 0x00, 0x2c, 0x75, 0x00, 0x00, 0x00, 0x15, 0xe0, 0x2c
    .byte 0x15, 0x00, 0x00, 0x00, 0x2c, 0x9d, 0x00, 0x00, 0x00, 0x2c, 0x7f, 0x00, 0x00, 0x00, 0x15, 0x0a
    .byte 0x25, 0x16, 0x04, 0x22, 0x02, 0x2c, 0x15, 0x00, 0x00, 0x00, 0x2c, 0x9d, 0x00, 0x00, 0x00, 0x2c
    .byte 0x7f, 0x00, 0x00, 0x00, 0x15, 0x0a, 0x25, 0xb2, 0x04, 0x22, 0x02, 0x03, 0x00, 0x09, 0x00, 0x00
    .byte 0x00, 0x32, 0x00, 0x09, 0x00, 0x00, 0x00, 0x14, 0x42, 0x04, 0x22, 0x02, 0x2c, 0x15, 0x00, 0x00
    .byte 0x00, 0x2c, 0x9c, 0x00, 0x00, 0x00, 0x2c, 0x7f, 0x00, 0x00, 0x00, 0x15, 0x0a, 0x25, 0xb2, 0x04
    .byte 0x22, 0x02, 0x03, 0x00, 0x09, 0x00, 0x00, 0x00, 0x32, 0x00, 0x04, 0x00, 0x00, 0x00, 0x14, 0x69
    .byte 0x04, 0x22, 0x02, 0x2c, 0x15, 0x00, 0x00, 0x00, 0x2c, 0x9c, 0x00, 0x00, 0x00, 0x2c, 0x7f, 0x00
    .byte 0x00, 0x00, 0x15, 0x0a, 0x25, 0xb2, 0x04, 0x22, 0x02, 0x03, 0x00, 0x09, 0x00, 0x00, 0x00, 0x32
    .byte 0x00, 0x0a, 0x00, 0x00, 0x00, 0x14, 0x90, 0x04, 0x22, 0x02, 0x2c, 0x15, 0x00, 0x00, 0x00, 0x2c
    .byte 0x9d, 0x00, 0x00, 0x00, 0x2c, 0x7f, 0x00, 0x00, 0x00, 0x15, 0x0a, 0x25, 0xb2, 0x04, 0x22, 0x02
    .byte 0x03, 0x00, 0x09, 0x00, 0x00, 0x00, 0x32, 0x00, 0x0b, 0x00, 0x00, 0x00, 0x14, 0xb2, 0x04, 0x22
    .byte 0x02, 0x2c, 0x15, 0x00, 0x00, 0x00, 0x2c, 0x9c, 0x00, 0x00, 0x00, 0x2c, 0x7f, 0x00, 0x00, 0x00
    .byte 0x15, 0x0a, 0x20, 0x00, 0x00, 0x2c, 0x57, 0xe1, 0x21, 0x02, 0x15, 0x39, 0x20, 0x00, 0x00, 0x15
    .byte 0x42, 0x18, 0x70, 0x32, 0x00, 0x00, 0x00, 0x00, 0x00, 0x14, 0xd3, 0x04, 0x22, 0x02, 0x01, 0xbc
    .byte 0x04, 0x22, 0x02, 0x2c, 0x61, 0x01, 0x00, 0x00, 0x2c, 0x01, 0x00, 0x00, 0x00, 0x15, 0x76, 0x25
    .byte 0xdb, 0x08, 0x22, 0x02, 0x15, 0x63, 0x18, 0x70, 0x32, 0x00, 0x13, 0x00, 0x00, 0x00, 0x14, 0xe2
    .byte 0x06, 0x22, 0x02, 0x20, 0x00, 0x00, 0x2c, 0x68, 0xdf, 0x21, 0x02, 0x15, 0x39, 0x20, 0x00, 0x00
    .byte 0x15, 0x42, 0x18, 0x70, 0x32, 0x00, 0x00, 0x00, 0x00, 0x00, 0x14, 0x14, 0x05, 0x22, 0x02, 0x01
    .byte 0xfd, 0x04, 0x22, 0x02, 0x03, 0x00, 0x09, 0x00, 0x00, 0x00, 0x26, 0x00, 0x66, 0x03, 0x00, 0x62
    .byte 0x01, 0x00, 0x00, 0x26, 0x00, 0xd9, 0x03, 0x00, 0x09, 0x00, 0x00, 0x00, 0x32, 0x00, 0x01, 0x00
    .byte 0x00, 0x00, 0x13, 0x48, 0x05, 0x22, 0x02, 0x03, 0x00, 0x09, 0x00, 0x00, 0x00, 0x32, 0x00, 0x08
    .byte 0x00, 0x00, 0x00, 0x14, 0x56, 0x05, 0x22, 0x02, 0x03, 0x00, 0x01, 0x00, 0x00, 0x00, 0x36, 0x00
    .byte 0x00, 0x25, 0x5f, 0x05, 0x22, 0x02, 0x03, 0x00, 0x01, 0x00, 0x00, 0x00, 0x26, 0x00, 0x63, 0x03
    .byte 0x00, 0x09, 0x00, 0x00, 0x00, 0x32, 0x00, 0x01, 0x00, 0x00, 0x00, 0x14, 0x90, 0x05, 0x22, 0x02
    .byte 0x20, 0x00, 0x00, 0x2c, 0x0f, 0x00, 0x00, 0x00, 0x15, 0xe0, 0x2c, 0x15, 0x00, 0x00, 0x00, 0x2c
    .byte 0x9d, 0x00, 0x00, 0x00, 0x2c, 0x7f, 0x00, 0x00, 0x00, 0x15, 0x0a, 0x25, 0xb0, 0x06, 0x22, 0x02
    .byte 0x03, 0x00, 0x09, 0x00, 0x00, 0x00, 0x32, 0x00, 0x08, 0x00, 0x00, 0x00, 0x14, 0xc1, 0x05, 0x22
    .byte 0x02, 0x20, 0x00, 0x00, 0x2c, 0x0f, 0x00, 0x00, 0x00, 0x15, 0xe0, 0x2c, 0x15, 0x00, 0x00, 0x00
    .byte 0x2c, 0x9c, 0x00, 0x00, 0x00, 0x2c, 0x7f, 0x00, 0x00, 0x00, 0x15, 0x0a, 0x25, 0xb0, 0x06, 0x22
    .byte 0x02, 0x03, 0x00, 0x09, 0x00, 0x00, 0x00, 0x32, 0x00, 0x03, 0x00, 0x00, 0x00, 0x14, 0x19, 0x06
    .byte 0x22, 0x02, 0x03, 0x00, 0x62, 0x01, 0x00, 0x00, 0x32, 0x00, 0x3e, 0x00, 0x00, 0x00, 0x14, 0x03
    .byte 0x06, 0x22, 0x02, 0x20, 0x00, 0x00, 0x2c, 0x75, 0x00, 0x00, 0x00, 0x15, 0xe0, 0x2c, 0x15, 0x00
    .byte 0x00, 0x00, 0x2c, 0x9d, 0x00, 0x00, 0x00, 0x2c, 0x7f, 0x00, 0x00, 0x00, 0x15, 0x0a, 0x25, 0x14
    .byte 0x06, 0x22, 0x02, 0x2c, 0x15, 0x00, 0x00, 0x00, 0x2c, 0x9d, 0x00, 0x00, 0x00, 0x2c, 0x7f, 0x00
    .byte 0x00, 0x00, 0x15, 0x0a, 0x25, 0xb0, 0x06, 0x22, 0x02, 0x03, 0x00, 0x09, 0x00, 0x00, 0x00, 0x32
    .byte 0x00, 0x09, 0x00, 0x00, 0x00, 0x14, 0x40, 0x06, 0x22, 0x02, 0x2c, 0x15, 0x00, 0x00, 0x00, 0x2c
    .byte 0x9c, 0x00, 0x00, 0x00, 0x2c, 0x7f, 0x00, 0x00, 0x00, 0x15, 0x0a, 0x25, 0xb0, 0x06, 0x22, 0x02
    .byte 0x03, 0x00, 0x09, 0x00, 0x00, 0x00, 0x32, 0x00, 0x04, 0x00, 0x00, 0x00, 0x14, 0x67, 0x06, 0x22
    .byte 0x02, 0x2c, 0x15, 0x00, 0x00, 0x00, 0x2c, 0x9c, 0x00, 0x00, 0x00, 0x2c, 0x7f, 0x00, 0x00, 0x00
    .byte 0x15, 0x0a, 0x25, 0xb0, 0x06, 0x22, 0x02, 0x03, 0x00, 0x09, 0x00, 0x00, 0x00, 0x32, 0x00, 0x0a
    .byte 0x00, 0x00, 0x00, 0x14, 0x8e, 0x06, 0x22, 0x02, 0x2c, 0x15, 0x00, 0x00, 0x00, 0x2c, 0x9d, 0x00
    .byte 0x00, 0x00, 0x2c, 0x7f, 0x00, 0x00, 0x00, 0x15, 0x0a, 0x25, 0xb0, 0x06, 0x22, 0x02, 0x03, 0x00
    .byte 0x09, 0x00, 0x00, 0x00, 0x32, 0x00, 0x0b, 0x00, 0x00, 0x00, 0x14, 0xb0, 0x06, 0x22, 0x02, 0x2c
    .byte 0x15, 0x00, 0x00, 0x00, 0x2c, 0x9c, 0x00, 0x00, 0x00, 0x2c, 0x7f, 0x00, 0x00, 0x00, 0x15, 0x0a
    .byte 0x20, 0x00, 0x00, 0x2c, 0x57, 0xe1, 0x21, 0x02, 0x15, 0x39, 0x20, 0x00, 0x00, 0x15, 0x42, 0x18
    .byte 0x70, 0x32, 0x00, 0x00, 0x00, 0x00, 0x00, 0x14, 0xd1, 0x06, 0x22, 0x02, 0x01, 0xba, 0x06, 0x22
    .byte 0x02, 0x2c, 0x62, 0x01, 0x00, 0x00, 0x2c, 0x01, 0x00, 0x00, 0x00, 0x15, 0x76, 0x25, 0xdb, 0x08
    .byte 0x22, 0x02, 0x15, 0x63, 0x18, 0x70, 0x32, 0x00, 0x17, 0x00, 0x00, 0x00, 0x14, 0xdb, 0x08, 0x22
    .byte 0x02, 0x20, 0x00, 0x00, 0x2c, 0x68, 0xdf, 0x21, 0x02, 0x15, 0x39, 0x20, 0x00, 0x00, 0x15, 0x42
    .byte 0x18, 0x70, 0x32, 0x00, 0x00, 0x00, 0x00, 0x00, 0x14, 0x12, 0x07, 0x22, 0x02, 0x01, 0xfb, 0x06
    .byte 0x22, 0x02, 0x03, 0x00, 0x09, 0x00, 0x00, 0x00, 0x26, 0x00, 0x66, 0x03, 0x00, 0x63, 0x01, 0x00
    .byte 0x00, 0x26, 0x00, 0xd9, 0x03, 0x00, 0x09, 0x00, 0x00, 0x00, 0x32, 0x00, 0x01, 0x00, 0x00, 0x00
    .byte 0x13, 0x46, 0x07, 0x22, 0x02, 0x03, 0x00, 0x09, 0x00, 0x00, 0x00, 0x32, 0x00, 0x08, 0x00, 0x00
    .byte 0x00, 0x14, 0x54, 0x07, 0x22, 0x02, 0x03, 0x00, 0x01, 0x00, 0x00, 0x00, 0x36, 0x00, 0x00, 0x25
    .byte 0x5d, 0x07, 0x22, 0x02, 0x03, 0x00, 0x01, 0x00, 0x00, 0x00, 0x26, 0x00, 0x63, 0x03, 0x00, 0x09
    .byte 0x00, 0x00, 0x00, 0x32, 0x00, 0x01, 0x00, 0x00, 0x00, 0x14, 0x8e, 0x07, 0x22, 0x02, 0x20, 0x00
    .byte 0x00, 0x2c, 0x0f, 0x00, 0x00, 0x00, 0x15, 0xe0, 0x2c, 0x15, 0x00, 0x00, 0x00, 0x2c, 0x9d, 0x00
    .byte 0x00, 0x00, 0x2c, 0x7f, 0x00, 0x00, 0x00, 0x15, 0x0a, 0x25, 0xae, 0x08, 0x22, 0x02, 0x03, 0x00
    .byte 0x09, 0x00, 0x00, 0x00, 0x32, 0x00, 0x08, 0x00, 0x00, 0x00, 0x14, 0xbf, 0x07, 0x22, 0x02, 0x20
    .byte 0x00, 0x00, 0x2c, 0x0f, 0x00, 0x00, 0x00, 0x15, 0xe0, 0x2c, 0x15, 0x00, 0x00, 0x00, 0x2c, 0x9c
    .byte 0x00, 0x00, 0x00, 0x2c, 0x7f, 0x00, 0x00, 0x00, 0x15, 0x0a, 0x25, 0xae, 0x08, 0x22, 0x02, 0x03
    .byte 0x00, 0x09, 0x00, 0x00, 0x00, 0x32, 0x00, 0x03, 0x00, 0x00, 0x00, 0x14, 0x17, 0x08, 0x22, 0x02
    .byte 0x03, 0x00, 0x63, 0x01, 0x00, 0x00, 0x32, 0x00, 0x3e, 0x00, 0x00, 0x00, 0x14, 0x01, 0x08, 0x22
    .byte 0x02, 0x20, 0x00, 0x00, 0x2c, 0x75, 0x00, 0x00, 0x00, 0x15, 0xe0, 0x2c, 0x15, 0x00, 0x00, 0x00
    .byte 0x2c, 0x9d, 0x00, 0x00, 0x00, 0x2c, 0x7f, 0x00, 0x00, 0x00, 0x15, 0x0a, 0x25, 0x12, 0x08, 0x22
    .byte 0x02, 0x2c, 0x15, 0x00, 0x00, 0x00, 0x2c, 0x9d, 0x00, 0x00, 0x00, 0x2c, 0x7f, 0x00, 0x00, 0x00
    .byte 0x15, 0x0a, 0x25, 0xae, 0x08, 0x22, 0x02, 0x03, 0x00, 0x09, 0x00, 0x00, 0x00, 0x32, 0x00, 0x09
    .byte 0x00, 0x00, 0x00, 0x14, 0x3e, 0x08, 0x22, 0x02, 0x2c, 0x15, 0x00, 0x00, 0x00, 0x2c, 0x9c, 0x00
    .byte 0x00, 0x00, 0x2c, 0x7f, 0x00, 0x00, 0x00, 0x15, 0x0a, 0x25, 0xae, 0x08, 0x22, 0x02, 0x03, 0x00
    .byte 0x09, 0x00, 0x00, 0x00, 0x32, 0x00, 0x04, 0x00, 0x00, 0x00, 0x14, 0x65, 0x08, 0x22, 0x02, 0x2c
    .byte 0x15, 0x00, 0x00, 0x00, 0x2c, 0x9c, 0x00, 0x00, 0x00, 0x2c, 0x7f, 0x00, 0x00, 0x00, 0x15, 0x0a
    .byte 0x25, 0xae, 0x08, 0x22, 0x02, 0x03, 0x00, 0x09, 0x00, 0x00, 0x00, 0x32, 0x00, 0x0a, 0x00, 0x00
    .byte 0x00, 0x14, 0x8c, 0x08, 0x22, 0x02, 0x2c, 0x15, 0x00, 0x00, 0x00, 0x2c, 0x9d, 0x00, 0x00, 0x00
    .byte 0x2c, 0x7f, 0x00, 0x00, 0x00, 0x15, 0x0a, 0x25, 0xae, 0x08, 0x22, 0x02, 0x03, 0x00, 0x09, 0x00
    .byte 0x00, 0x00, 0x32, 0x00, 0x0b, 0x00, 0x00, 0x00, 0x14, 0xae, 0x08, 0x22, 0x02, 0x2c, 0x15, 0x00
    .byte 0x00, 0x00, 0x2c, 0x9c, 0x00, 0x00, 0x00, 0x2c, 0x7f, 0x00, 0x00, 0x00, 0x15, 0x0a, 0x20, 0x00
    .byte 0x00, 0x2c, 0x57, 0xe1, 0x21, 0x02, 0x15, 0x39, 0x20, 0x00, 0x00, 0x15, 0x42, 0x18, 0x70, 0x32
    .byte 0x00, 0x00, 0x00, 0x00, 0x00, 0x14, 0xcf, 0x08, 0x22, 0x02, 0x01, 0xb8, 0x08, 0x22, 0x02, 0x2c
    .byte 0x63, 0x01, 0x00, 0x00, 0x2c, 0x01, 0x00, 0x00, 0x00, 0x15, 0x76, 0x20, 0x00, 0x00, 0x15, 0x07
    .byte 0x15, 0x08, 0x25, 0xae, 0x0a, 0x22, 0x02, 0x20, 0x00, 0x00, 0x2c, 0xc4, 0x09, 0x00, 0x00, 0x15
    .byte 0x76, 0x03, 0x00, 0x01, 0x00, 0x00, 0x00, 0x26, 0x00, 0x66, 0x03, 0x00, 0x00, 0x00, 0x00, 0x00
    .byte 0x26, 0x00, 0xd9, 0x03, 0x00, 0x01, 0x00, 0x00, 0x00, 0x32, 0x00, 0x01, 0x00, 0x00, 0x00, 0x13
    .byte 0x25, 0x09, 0x22, 0x02, 0x03, 0x00, 0x01, 0x00, 0x00, 0x00, 0x32, 0x00, 0x08, 0x00, 0x00, 0x00
    .byte 0x14, 0x33, 0x09, 0x22, 0x02, 0x03, 0x00, 0xc4, 0x09, 0x00, 0x00, 0x36, 0x00, 0x00, 0x25, 0x3c
    .byte 0x09, 0x22, 0x02, 0x03, 0x00, 0xc4, 0x09, 0x00, 0x00, 0x26, 0x00, 0x63, 0x03, 0x00, 0x01, 0x00
    .byte 0x00, 0x00, 0x32, 0x00, 0x01, 0x00, 0x00, 0x00, 0x14, 0x6d, 0x09, 0x22, 0x02, 0x20, 0x00, 0x00
    .byte 0x2c, 0x0f, 0x00, 0x00, 0x00, 0x15, 0xe0, 0x2c, 0x15, 0x00, 0x00, 0x00, 0x2c, 0x9d, 0x00, 0x00
    .byte 0x00, 0x2c, 0x7f, 0x00, 0x00, 0x00, 0x15, 0x0a, 0x25, 0x8d, 0x0a, 0x22, 0x02, 0x03, 0x00, 0x01
    .byte 0x00, 0x00, 0x00, 0x32, 0x00, 0x08, 0x00, 0x00, 0x00, 0x14, 0x9e, 0x09, 0x22, 0x02, 0x20, 0x00
    .byte 0x00, 0x2c, 0x0f, 0x00, 0x00, 0x00, 0x15, 0xe0, 0x2c, 0x15, 0x00, 0x00, 0x00, 0x2c, 0x9c, 0x00
    .byte 0x00, 0x00, 0x2c, 0x7f, 0x00, 0x00, 0x00, 0x15, 0x0a, 0x25, 0x8d, 0x0a, 0x22, 0x02, 0x03, 0x00
    .byte 0x01, 0x00, 0x00, 0x00, 0x32, 0x00, 0x03, 0x00, 0x00, 0x00, 0x14, 0xf6, 0x09, 0x22, 0x02, 0x03
    .byte 0x00, 0x00, 0x00, 0x00, 0x00, 0x32, 0x00, 0x3e, 0x00, 0x00, 0x00, 0x14, 0xe0, 0x09, 0x22, 0x02
    .byte 0x20, 0x00, 0x00, 0x2c, 0x75, 0x00, 0x00, 0x00, 0x15, 0xe0, 0x2c, 0x15, 0x00, 0x00, 0x00, 0x2c
    .byte 0x9d, 0x00, 0x00, 0x00, 0x2c, 0x7f, 0x00, 0x00, 0x00, 0x15, 0x0a, 0x25, 0xf1, 0x09, 0x22, 0x02
    .byte 0x2c, 0x15, 0x00, 0x00, 0x00, 0x2c, 0x9d, 0x00, 0x00, 0x00, 0x2c, 0x7f, 0x00, 0x00, 0x00, 0x15
    .byte 0x0a, 0x25, 0x8d, 0x0a, 0x22, 0x02, 0x03, 0x00, 0x01, 0x00, 0x00, 0x00, 0x32, 0x00, 0x09, 0x00
    .byte 0x00, 0x00, 0x14, 0x1d, 0x0a, 0x22, 0x02, 0x2c, 0x15, 0x00, 0x00, 0x00, 0x2c, 0x9c, 0x00, 0x00
    .byte 0x00, 0x2c, 0x7f, 0x00, 0x00, 0x00, 0x15, 0x0a, 0x25, 0x8d, 0x0a, 0x22, 0x02, 0x03, 0x00, 0x01
    .byte 0x00, 0x00, 0x00, 0x32, 0x00, 0x04, 0x00, 0x00, 0x00, 0x14, 0x44, 0x0a, 0x22, 0x02, 0x2c, 0x15
    .byte 0x00, 0x00, 0x00, 0x2c, 0x9c, 0x00, 0x00, 0x00, 0x2c, 0x7f, 0x00, 0x00, 0x00, 0x15, 0x0a, 0x25
    .byte 0x8d, 0x0a, 0x22, 0x02, 0x03, 0x00, 0x01, 0x00, 0x00, 0x00, 0x32, 0x00, 0x0a, 0x00, 0x00, 0x00
    .byte 0x14, 0x6b, 0x0a, 0x22, 0x02, 0x2c, 0x15, 0x00, 0x00, 0x00, 0x2c, 0x9d, 0x00, 0x00, 0x00, 0x2c
    .byte 0x7f, 0x00, 0x00, 0x00, 0x15, 0x0a, 0x25, 0x8d, 0x0a, 0x22, 0x02, 0x03, 0x00, 0x01, 0x00, 0x00
    .byte 0x00, 0x32, 0x00, 0x0b, 0x00, 0x00, 0x00, 0x14, 0x8d, 0x0a, 0x22, 0x02, 0x2c, 0x15, 0x00, 0x00
    .byte 0x00, 0x2c, 0x9c, 0x00, 0x00, 0x00, 0x2c, 0x7f, 0x00, 0x00, 0x00, 0x15, 0x0a, 0x20, 0x00, 0x00
    .byte 0x2c, 0x57, 0xe1, 0x21, 0x02, 0x15, 0x39, 0x20, 0x00, 0x00, 0x15, 0x42, 0x18, 0x70, 0x32, 0x00
    .byte 0x00, 0x00, 0x00, 0x00, 0x14, 0xae, 0x0a, 0x22, 0x02, 0x01, 0x97, 0x0a, 0x22, 0x02, 0x25, 0xe4
    .byte 0x0e, 0x22, 0x02, 0x03, 0x00, 0x01, 0x00, 0x00, 0x00, 0x32, 0x00, 0x09, 0x00, 0x00, 0x00, 0x14
    .byte 0x90, 0x0c, 0x22, 0x02, 0x20, 0x00, 0x00, 0x2c, 0xc4, 0x09, 0x00, 0x00, 0x15, 0x76, 0x03, 0x00
    .byte 0x01, 0x00, 0x00, 0x00, 0x26, 0x00, 0x66, 0x03, 0x00, 0x00, 0x00, 0x00, 0x00, 0x26, 0x00, 0xd9
    .byte 0x03, 0x00, 0x01, 0x00, 0x00, 0x00, 0x32, 0x00, 0x01, 0x00, 0x00, 0x00, 0x13, 0x02, 0x0b, 0x22
    .byte 0x02, 0x03, 0x00, 0x01, 0x00, 0x00, 0x00, 0x32, 0x00, 0x08, 0x00, 0x00, 0x00, 0x14, 0x10, 0x0b
    .byte 0x22, 0x02, 0x03, 0x00, 0xc4, 0x09, 0x00, 0x00, 0x36, 0x00, 0x00, 0x25, 0x19, 0x0b, 0x22, 0x02
    .byte 0x03, 0x00, 0xc4, 0x09, 0x00, 0x00, 0x26, 0x00, 0x63, 0x03, 0x00, 0x01, 0x00, 0x00, 0x00, 0x32
    .byte 0x00, 0x01, 0x00, 0x00, 0x00, 0x14, 0x4a, 0x0b, 0x22, 0x02, 0x20, 0x00, 0x00, 0x2c, 0x0f, 0x00
    .byte 0x00, 0x00, 0x15, 0xe0, 0x2c, 0x15, 0x00, 0x00, 0x00, 0x2c, 0x9d, 0x00, 0x00, 0x00, 0x2c, 0x7f
    .byte 0x00, 0x00, 0x00, 0x15, 0x0a, 0x25, 0x6a, 0x0c, 0x22, 0x02, 0x03, 0x00, 0x01, 0x00, 0x00, 0x00
    .byte 0x32, 0x00, 0x08, 0x00, 0x00, 0x00, 0x14, 0x7b, 0x0b, 0x22, 0x02, 0x20, 0x00, 0x00, 0x2c, 0x0f
    .byte 0x00, 0x00, 0x00, 0x15, 0xe0, 0x2c, 0x15, 0x00, 0x00, 0x00, 0x2c, 0x9c, 0x00, 0x00, 0x00, 0x2c
    .byte 0x7f, 0x00, 0x00, 0x00, 0x15, 0x0a, 0x25, 0x6a, 0x0c, 0x22, 0x02, 0x03, 0x00, 0x01, 0x00, 0x00
    .byte 0x00, 0x32, 0x00, 0x03, 0x00, 0x00, 0x00, 0x14, 0xd3, 0x0b, 0x22, 0x02, 0x03, 0x00, 0x00, 0x00
    .byte 0x00, 0x00, 0x32, 0x00, 0x3e, 0x00, 0x00, 0x00, 0x14, 0xbd, 0x0b, 0x22, 0x02, 0x20, 0x00, 0x00
    .byte 0x2c, 0x75, 0x00, 0x00, 0x00, 0x15, 0xe0, 0x2c, 0x15, 0x00, 0x00, 0x00, 0x2c, 0x9d, 0x00, 0x00
    .byte 0x00, 0x2c, 0x7f, 0x00, 0x00, 0x00, 0x15, 0x0a, 0x25, 0xce, 0x0b, 0x22, 0x02, 0x2c, 0x15, 0x00
    .byte 0x00, 0x00, 0x2c, 0x9d, 0x00, 0x00, 0x00, 0x2c, 0x7f, 0x00, 0x00, 0x00, 0x15, 0x0a, 0x25, 0x6a
    .byte 0x0c, 0x22, 0x02, 0x03, 0x00, 0x01, 0x00, 0x00, 0x00, 0x32, 0x00, 0x09, 0x00, 0x00, 0x00, 0x14
    .byte 0xfa, 0x0b, 0x22, 0x02, 0x2c, 0x15, 0x00, 0x00, 0x00, 0x2c, 0x9c, 0x00, 0x00, 0x00, 0x2c, 0x7f
    .byte 0x00, 0x00, 0x00, 0x15, 0x0a, 0x25, 0x6a, 0x0c, 0x22, 0x02, 0x03, 0x00, 0x01, 0x00, 0x00, 0x00
    .byte 0x32, 0x00, 0x04, 0x00, 0x00, 0x00, 0x14, 0x21, 0x0c, 0x22, 0x02, 0x2c, 0x15, 0x00, 0x00, 0x00
    .byte 0x2c, 0x9c, 0x00, 0x00, 0x00, 0x2c, 0x7f, 0x00, 0x00, 0x00, 0x15, 0x0a, 0x25, 0x6a, 0x0c, 0x22
    .byte 0x02, 0x03, 0x00, 0x01, 0x00, 0x00, 0x00, 0x32, 0x00, 0x0a, 0x00, 0x00, 0x00, 0x14, 0x48, 0x0c
    .byte 0x22, 0x02, 0x2c, 0x15, 0x00, 0x00, 0x00, 0x2c, 0x9d, 0x00, 0x00, 0x00, 0x2c, 0x7f, 0x00, 0x00
    .byte 0x00, 0x15, 0x0a, 0x25, 0x6a, 0x0c, 0x22, 0x02, 0x03, 0x00, 0x01, 0x00, 0x00, 0x00, 0x32, 0x00
    .byte 0x0b, 0x00, 0x00, 0x00, 0x14, 0x6a, 0x0c, 0x22, 0x02, 0x2c, 0x15, 0x00, 0x00, 0x00, 0x2c, 0x9c
    .byte 0x00, 0x00, 0x00, 0x2c, 0x7f, 0x00, 0x00, 0x00, 0x15, 0x0a, 0x20, 0x00, 0x00, 0x2c, 0x57, 0xe1
    .byte 0x21, 0x02, 0x15, 0x39, 0x20, 0x00, 0x00, 0x15, 0x42, 0x18, 0x70, 0x32, 0x00, 0x00, 0x00, 0x00
    .byte 0x00, 0x14, 0x8b, 0x0c, 0x22, 0x02, 0x01, 0x74, 0x0c, 0x22, 0x02, 0x25, 0xe4, 0x0e, 0x22, 0x02
    .byte 0x03, 0x00, 0x01, 0x00, 0x00, 0x00, 0x32, 0x00, 0x04, 0x00, 0x00, 0x00, 0x14, 0xa4, 0x0e, 0x22
    .byte 0x02, 0x20, 0x00, 0x00, 0x15, 0xde, 0x03, 0x00, 0x04, 0x00, 0x00, 0x00, 0x26, 0x00, 0x66, 0x03
    .byte 0x00, 0x00, 0x00, 0x00, 0x00, 0x26, 0x00, 0xd9, 0x03, 0x00, 0x04, 0x00, 0x00, 0x00, 0x32, 0x00
    .byte 0x01, 0x00, 0x00, 0x00, 0x13, 0xda, 0x0c, 0x22, 0x02, 0x03, 0x00, 0x04, 0x00, 0x00, 0x00, 0x32
    .byte 0x00, 0x08, 0x00, 0x00, 0x00, 0x14, 0xe8, 0x0c, 0x22, 0x02, 0x03, 0x00, 0x01, 0x00, 0x00, 0x00
    .byte 0x36, 0x00, 0x00, 0x25, 0xf1, 0x0c, 0x22, 0x02, 0x03, 0x00, 0x01, 0x00, 0x00, 0x00, 0x26, 0x00
    .byte 0x63, 0x03, 0x00, 0x04, 0x00, 0x00, 0x00, 0x32, 0x00, 0x01, 0x00, 0x00, 0x00, 0x14, 0x22, 0x0d
    .byte 0x22, 0x02, 0x20, 0x00, 0x00, 0x2c, 0x0f, 0x00, 0x00, 0x00, 0x15, 0xe0, 0x2c, 0x15, 0x00, 0x00
    .byte 0x00, 0x2c, 0x9d, 0x00, 0x00, 0x00, 0x2c, 0x7f, 0x00, 0x00, 0x00, 0x15, 0x0a, 0x25, 0x42, 0x0e
    .byte 0x22, 0x02, 0x03, 0x00, 0x04, 0x00, 0x00, 0x00, 0x32, 0x00, 0x08, 0x00, 0x00, 0x00, 0x14, 0x53
    .byte 0x0d, 0x22, 0x02, 0x20, 0x00, 0x00, 0x2c, 0x0f, 0x00, 0x00, 0x00, 0x15, 0xe0, 0x2c, 0x15, 0x00
    .byte 0x00, 0x00, 0x2c, 0x9c, 0x00, 0x00, 0x00, 0x2c, 0x7f, 0x00, 0x00, 0x00, 0x15, 0x0a, 0x25, 0x42
    .byte 0x0e, 0x22, 0x02, 0x03, 0x00, 0x04, 0x00, 0x00, 0x00, 0x32, 0x00, 0x03, 0x00, 0x00, 0x00, 0x14
    .byte 0xab, 0x0d, 0x22, 0x02, 0x03, 0x00, 0x00, 0x00, 0x00, 0x00, 0x32, 0x00, 0x3e, 0x00, 0x00, 0x00
    .byte 0x14, 0x95, 0x0d, 0x22, 0x02, 0x20, 0x00, 0x00, 0x2c, 0x75, 0x00, 0x00, 0x00, 0x15, 0xe0, 0x2c
    .byte 0x15, 0x00, 0x00, 0x00, 0x2c, 0x9d, 0x00, 0x00, 0x00, 0x2c, 0x7f, 0x00, 0x00, 0x00, 0x15, 0x0a
    .byte 0x25, 0xa6, 0x0d, 0x22, 0x02, 0x2c, 0x15, 0x00, 0x00, 0x00, 0x2c, 0x9d, 0x00, 0x00, 0x00, 0x2c
    .byte 0x7f, 0x00, 0x00, 0x00, 0x15, 0x0a, 0x25, 0x42, 0x0e, 0x22, 0x02, 0x03, 0x00, 0x04, 0x00, 0x00
    .byte 0x00, 0x32, 0x00, 0x09, 0x00, 0x00, 0x00, 0x14, 0xd2, 0x0d, 0x22, 0x02, 0x2c, 0x15, 0x00, 0x00
    .byte 0x00, 0x2c, 0x9c, 0x00, 0x00, 0x00, 0x2c, 0x7f, 0x00, 0x00, 0x00, 0x15, 0x0a, 0x25, 0x42, 0x0e
    .byte 0x22, 0x02, 0x03, 0x00, 0x04, 0x00, 0x00, 0x00, 0x32, 0x00, 0x04, 0x00, 0x00, 0x00, 0x14, 0xf9
    .byte 0x0d, 0x22, 0x02, 0x2c, 0x15, 0x00, 0x00, 0x00, 0x2c, 0x9c, 0x00, 0x00, 0x00, 0x2c, 0x7f, 0x00
    .byte 0x00, 0x00, 0x15, 0x0a, 0x25, 0x42, 0x0e, 0x22, 0x02, 0x03, 0x00, 0x04, 0x00, 0x00, 0x00, 0x32
    .byte 0x00, 0x0a, 0x00, 0x00, 0x00, 0x14, 0x20, 0x0e, 0x22, 0x02, 0x2c, 0x15, 0x00, 0x00, 0x00, 0x2c
    .byte 0x9d, 0x00, 0x00, 0x00, 0x2c, 0x7f, 0x00, 0x00, 0x00, 0x15, 0x0a, 0x25, 0x42, 0x0e, 0x22, 0x02
    .byte 0x03, 0x00, 0x04, 0x00, 0x00, 0x00, 0x32, 0x00, 0x0b, 0x00, 0x00, 0x00, 0x14, 0x42, 0x0e, 0x22
    .byte 0x02, 0x2c, 0x15, 0x00, 0x00, 0x00, 0x2c, 0x9c, 0x00, 0x00, 0x00, 0x2c, 0x7f, 0x00, 0x00, 0x00
    .byte 0x15, 0x0a, 0x20, 0x00, 0x00, 0x2c, 0x57, 0xe1, 0x21, 0x02, 0x15, 0x39, 0x20, 0x00, 0x00, 0x15
    .byte 0x42, 0x18, 0x70, 0x32, 0x00, 0x00, 0x00, 0x00, 0x00, 0x14, 0x63, 0x0e, 0x22, 0x02, 0x01, 0x4c
    .byte 0x0e, 0x22, 0x02, 0x2c, 0x98, 0x03, 0x00, 0x00, 0x15, 0x37, 0x18, 0x70, 0x32, 0x00, 0x00, 0x00
    .byte 0x00, 0x00, 0x14, 0x98, 0x0e, 0x22, 0x02, 0x2c, 0x14, 0x00, 0x00, 0x00, 0x15, 0x07, 0x15, 0x08
    .byte 0x2c, 0x98, 0x03, 0x00, 0x00, 0x15, 0x35, 0x2c, 0xb5, 0x03, 0x00, 0x00, 0x15, 0x35, 0x2c, 0x08
    .byte 0x00, 0x00, 0x00, 0x20, 0x00, 0x00, 0x15, 0x78, 0x20, 0x00, 0x00, 0x15, 0x07, 0x15, 0x08, 0x25
    .byte 0xe4, 0x0e, 0x22, 0x02, 0x03, 0x00, 0x01, 0x00, 0x00, 0x00, 0x32, 0x00, 0x05, 0x00, 0x00, 0x00
    .byte 0x14, 0xe4, 0x0e, 0x22, 0x02, 0x20, 0x00, 0x00, 0x15, 0xf7, 0x03, 0x00, 0x00, 0x00, 0x00, 0x00
    .byte 0x26, 0x00, 0xc0, 0x20, 0x00, 0x00, 0x2c, 0x94, 0xe0, 0x21, 0x02, 0x15, 0x39, 0x20, 0x00, 0x00
    .byte 0x15, 0x42, 0x18, 0x70, 0x32, 0x00, 0x00, 0x00, 0x00, 0x00, 0x14, 0xe4, 0x0e, 0x22, 0x02, 0x01
    .byte 0xcd, 0x0e, 0x22, 0x02, 0x20, 0x00, 0x00, 0x15, 0x07, 0x15, 0x08, 0x2c, 0x05, 0x0d, 0x00, 0x00
    .byte 0x15, 0x41, 0x20, 0x00, 0x00, 0x15, 0xd7, 0x2c, 0x01, 0x00, 0x00, 0x00, 0x20, 0x00, 0x00, 0x15
    .byte 0x29, 0x2c, 0x0e, 0x00, 0x00, 0x00, 0x15, 0x37, 0x18, 0x70, 0x32, 0x00, 0x00, 0x00, 0x00, 0x00
    .byte 0x14, 0x28, 0x0f, 0x22, 0x02, 0x2c, 0x03, 0x00, 0x00, 0x00, 0x20, 0x00, 0x00, 0x20, 0x00, 0x00
    .byte 0x20, 0x00, 0x00, 0x20, 0x00, 0x00, 0x15, 0x4f, 0x2c, 0x0e, 0x00, 0x00, 0x00, 0x15, 0x36, 0x2c
    .byte 0x0f, 0x27, 0x00, 0x00, 0x15, 0x41, 0x00, 0x2c, 0x12, 0x00, 0x00, 0x00, 0x2c, 0x07, 0x00, 0x00
    .byte 0x00, 0x15, 0x47, 0x18, 0x70, 0x17, 0x00, 0x2c, 0x12, 0x00, 0x00, 0x00, 0x2c, 0x08, 0x00, 0x00
    .byte 0x00, 0x15, 0x47, 0x18, 0x70, 0x05, 0x00, 0x0c, 0x00, 0x00, 0x00, 0x17, 0x00, 0x2c, 0x12, 0x00
    .byte 0x00, 0x00, 0x2c, 0x09, 0x00, 0x00, 0x00, 0x15, 0x47, 0x18, 0x70, 0x17, 0x00, 0x15, 0x02, 0x00
    .byte 0x20, 0x00, 0x00, 0x15, 0x18, 0x2c, 0x6a, 0x09, 0x00, 0x00, 0x15, 0x37, 0x18, 0x70, 0x14, 0x97
    .byte 0x0f, 0x22, 0x02, 0x20, 0x00, 0x00, 0x15, 0x19, 0x2c, 0xff, 0x7f, 0x00, 0x00, 0x15, 0x1b, 0x2c
    .byte 0x01, 0x00, 0x00, 0x00, 0x15, 0x05, 0x00, 0x2c, 0x01, 0x00, 0x00, 0x00, 0x2c, 0xa4, 0x0f, 0x22
    .byte 0x02, 0x15, 0x29, 0x00, 0x2c, 0x6a, 0x09, 0x00, 0x00, 0x15, 0x35, 0x15, 0x10, 0x18, 0x70, 0x26
    .byte 0x00, 0x69, 0x15, 0x11, 0x18, 0x70, 0x26, 0x00, 0x6a, 0x20, 0x00, 0x00, 0x2c, 0xab, 0x11, 0x22
    .byte 0x02, 0x15, 0x39, 0x2c, 0x08, 0x00, 0x00, 0x00, 0x2c, 0x2b, 0x01, 0x00, 0x00, 0x15, 0xe0, 0x20
    .byte 0x00, 0x00, 0x2c, 0x80, 0x95, 0x00, 0x00, 0x15, 0xe0, 0x2c, 0x29, 0x10, 0x00, 0x00, 0x2c, 0x2a
    .byte 0x10, 0x00, 0x00, 0x2c, 0x2b, 0x10, 0x00, 0x00, 0x2c, 0x02, 0x00, 0x00, 0x00, 0x15, 0x1f, 0x18
    .byte 0x70, 0x17, 0x00, 0x15, 0x20, 0x18, 0x70, 0x17, 0x00, 0x15, 0x1e, 0x18, 0x70, 0x05, 0x00, 0x04
    .byte 0x00, 0x00, 0x00, 0x0b, 0x00, 0x08, 0x00, 0x00, 0x00, 0x09, 0x00, 0x02, 0x00, 0x00, 0x00, 0x17
    .byte 0x00, 0x15, 0x73, 0x2c, 0x2d, 0x00, 0x00, 0x00, 0x15, 0x07, 0x15, 0x08, 0x20, 0x00, 0x00, 0x2c
    .byte 0x81, 0x95, 0x00, 0x00, 0x15, 0xe0, 0x15, 0x16, 0x2c, 0x9a, 0x16, 0x00, 0x00, 0x2c, 0x9b, 0x16
    .byte 0x00, 0x00, 0x2c, 0x9c, 0x16, 0x00, 0x00, 0x2c, 0x02, 0x00, 0x00, 0x00, 0x2c, 0x01, 0x00, 0x00
    .byte 0x00, 0x15, 0x73, 0x2c, 0xff, 0x7f, 0x00, 0x00, 0x15, 0x1b, 0x2c, 0x09, 0x00, 0x00, 0x00, 0x2c
    .byte 0x2b, 0x01, 0x00, 0x00, 0x15, 0xe0, 0x03, 0x00, 0xc8, 0x00, 0x00, 0x00, 0x31, 0x00, 0x0a, 0x00
    .byte 0x00, 0x00, 0x14, 0xb3, 0x10, 0x22, 0x02, 0x2c, 0x02, 0x00, 0x00, 0x00, 0x15, 0x01, 0x18, 0x70
    .byte 0x28, 0x00, 0x00, 0x2b, 0x00, 0x00, 0x32, 0x00, 0x00, 0x00, 0x00, 0x00, 0x14, 0x9a, 0x10, 0x22
    .byte 0x02, 0x03, 0x00, 0xc8, 0x00, 0x00, 0x00, 0x2c, 0x14, 0x00, 0x00, 0x00, 0x15, 0x01, 0x18, 0x71
    .byte 0x04, 0x10, 0x28, 0x00, 0x00, 0x25, 0xae, 0x10, 0x22, 0x02, 0x03, 0x00, 0xc8, 0x00, 0x00, 0x00
    .byte 0x2c, 0x14, 0x00, 0x00, 0x00, 0x15, 0x01, 0x18, 0x71, 0x23, 0x10, 0x28, 0x00, 0x00, 0x25, 0x4f
    .byte 0x11, 0x22, 0x02, 0x2c, 0x05, 0x00, 0x00, 0x00, 0x15, 0x01, 0x18, 0x70, 0x28, 0x00, 0x00, 0x2b
    .byte 0x00, 0x00, 0x32, 0x00, 0x00, 0x00, 0x00, 0x00, 0x14, 0xdb, 0x10, 0x22, 0x02, 0x03, 0x00, 0xc6
    .byte 0x00, 0x00, 0x00, 0x28, 0x00, 0x00, 0x25, 0x38, 0x11, 0x22, 0x02, 0x2b, 0x00, 0x00, 0x32, 0x00
    .byte 0x01, 0x00, 0x00, 0x00, 0x14, 0xf7, 0x10, 0x22, 0x02, 0x03, 0x00, 0xc7, 0x00, 0x00, 0x00, 0x28
    .byte 0x00, 0x00, 0x25, 0x38, 0x11, 0x22, 0x02, 0x2b, 0x00, 0x00, 0x32, 0x00, 0x02, 0x00, 0x00, 0x00
    .byte 0x14, 0x13, 0x11, 0x22, 0x02, 0x03, 0x00, 0xc8, 0x00, 0x00, 0x00, 0x28, 0x00, 0x00, 0x25, 0x38
    .byte 0x11, 0x22, 0x02, 0x2b, 0x00, 0x00, 0x32, 0x00, 0x03, 0x00, 0x00, 0x00, 0x14, 0x2f, 0x11, 0x22
    .byte 0x02, 0x03, 0x00, 0xc9, 0x00, 0x00, 0x00, 0x28, 0x00, 0x00, 0x25, 0x38, 0x11, 0x22, 0x02, 0x03
    .byte 0x00, 0xca, 0x00, 0x00, 0x00, 0x28, 0x00, 0x00, 0x2b, 0x00, 0x00, 0x34, 0x00, 0x00, 0x00, 0x00
    .byte 0x00, 0x14, 0x4f, 0x11, 0x22, 0x02, 0x03, 0x00, 0x01, 0x00, 0x00, 0x00, 0x28, 0x00, 0x00, 0x2c
    .byte 0x03, 0x00, 0x00, 0x00, 0x2f, 0x00, 0x20, 0x00, 0x00, 0x20, 0x00, 0x00, 0x20, 0x00, 0x00, 0x20
    .byte 0x00, 0x00, 0x20, 0x00, 0x00, 0x15, 0x53, 0x2f, 0x00, 0x15, 0xaa, 0x20, 0x00, 0x00, 0x2c, 0x0f
    .byte 0x00, 0x00, 0x00, 0x15, 0xe0, 0x20, 0x00, 0x00, 0x2c, 0xe1, 0x11, 0x22, 0x02, 0x15, 0x39, 0x20
    .byte 0x00, 0x00, 0x15, 0x42, 0x18, 0x70, 0x32, 0x00, 0x00, 0x00, 0x00, 0x00, 0x14, 0x96, 0x11, 0x22
    .byte 0x02, 0x01, 0x7f, 0x11, 0x22, 0x02, 0x20, 0x00, 0x00, 0x15, 0x19, 0x2c, 0x01, 0x00, 0x00, 0x00
    .byte 0x20, 0x00, 0x00, 0x15, 0x29, 0x20, 0x00, 0x00, 0x15, 0xd7, 0x00, 0x20, 0x00, 0x00, 0x15, 0x09
    .byte 0x20, 0x00, 0x00, 0x15, 0x18, 0x20, 0x00, 0x00, 0x15, 0x19, 0x2d, 0x69, 0x2d, 0x6a, 0x20, 0x00
    .byte 0x00, 0x2c, 0x1e, 0x00, 0x00, 0x00, 0x2c, 0x01, 0x00, 0x00, 0x00, 0x20, 0x00, 0x00, 0x15, 0x1a
    .byte 0x15, 0x21, 0x2c, 0x01, 0x00, 0x00, 0x00, 0x15, 0x18, 0x2c, 0x01, 0x00, 0x00, 0x00, 0x15, 0x19
    .byte 0x00, 0x2c, 0x01, 0x00, 0x00, 0x00, 0x15, 0x09, 0x20, 0x00, 0x00, 0x15, 0x75, 0x2c, 0x00, 0x01
    .byte 0x00, 0x00, 0x15, 0x17, 0x2c, 0x0f, 0x10, 0x00, 0x00, 0x2c, 0x01, 0x10, 0x00, 0x00, 0x2c, 0x10
    .byte 0x10, 0x00, 0x00, 0x2c, 0x02, 0x00, 0x00, 0x00, 0x2c, 0x21, 0x00, 0x00, 0x00, 0x15, 0x73, 0x15
    .byte 0x16, 0x00, 0x20, 0x00, 0x00, 0x15, 0x18, 0x2c, 0x6b, 0x09, 0x00, 0x00, 0x15, 0x37, 0x18, 0x70
    .byte 0x14, 0x39, 0x12, 0x22, 0x02, 0x20, 0x00, 0x00, 0x15, 0x19, 0x2c, 0xff, 0x7f, 0x00, 0x00, 0x15
    .byte 0x1b, 0x2c, 0x01, 0x00, 0x00, 0x00, 0x15, 0x05, 0x00, 0x2c, 0x01, 0x00, 0x00, 0x00, 0x2c, 0x46
    .byte 0x12, 0x22, 0x02, 0x15, 0x29, 0x00, 0x2c, 0x6b, 0x09, 0x00, 0x00, 0x15, 0x35, 0x15, 0x10, 0x18
    .byte 0x70, 0x26, 0x00, 0x69, 0x15, 0x11, 0x18, 0x70, 0x26, 0x00, 0x6a, 0x20, 0x00, 0x00, 0x2c, 0x4d
    .byte 0x14, 0x22, 0x02, 0x15, 0x39, 0x2c, 0x08, 0x00, 0x00, 0x00, 0x2c, 0x2b, 0x01, 0x00, 0x00, 0x15
    .byte 0xe0, 0x20, 0x00, 0x00, 0x2c, 0x80, 0x95, 0x00, 0x00, 0x15, 0xe0, 0x2c, 0x29, 0x10, 0x00, 0x00
    .byte 0x2c, 0x2a, 0x10, 0x00, 0x00, 0x2c, 0x2b, 0x10, 0x00, 0x00, 0x2c, 0x02, 0x00, 0x00, 0x00, 0x15
    .byte 0x1f, 0x18, 0x70, 0x17, 0x00, 0x15, 0x20, 0x18, 0x70, 0x17, 0x00, 0x15, 0x1e, 0x18, 0x70, 0x05
    .byte 0x00, 0x04, 0x00, 0x00, 0x00, 0x0b, 0x00, 0x08, 0x00, 0x00, 0x00, 0x09, 0x00, 0x02, 0x00, 0x00
    .byte 0x00, 0x17, 0x00, 0x15, 0x73, 0x2c, 0x2d, 0x00, 0x00, 0x00, 0x15, 0x07, 0x15, 0x08, 0x20, 0x00
    .byte 0x00, 0x2c, 0x81, 0x95, 0x00, 0x00, 0x15, 0xe0, 0x15, 0x16, 0x2c, 0x9a, 0x16, 0x00, 0x00, 0x2c
    .byte 0x9b, 0x16, 0x00, 0x00, 0x2c, 0x9c, 0x16, 0x00, 0x00, 0x2c, 0x02, 0x00, 0x00, 0x00, 0x2c, 0x01
    .byte 0x00, 0x00, 0x00, 0x15, 0x73, 0x2c, 0xff, 0x7f, 0x00, 0x00, 0x15, 0x1b, 0x2c, 0x09, 0x00, 0x00
    .byte 0x00, 0x2c, 0x2b, 0x01, 0x00, 0x00, 0x15, 0xe0, 0x03, 0x00, 0xc8, 0x00, 0x00, 0x00, 0x31, 0x00
    .byte 0x0a, 0x00, 0x00, 0x00, 0x14, 0x55, 0x13, 0x22, 0x02, 0x2c, 0x02, 0x00, 0x00, 0x00, 0x15, 0x01
    .byte 0x18, 0x70, 0x28, 0x00, 0x00, 0x2b, 0x00, 0x00, 0x32, 0x00, 0x00, 0x00, 0x00, 0x00, 0x14, 0x3c
    .byte 0x13, 0x22, 0x02, 0x03, 0x00, 0xc8, 0x00, 0x00, 0x00, 0x2c, 0x14, 0x00, 0x00, 0x00, 0x15, 0x01
    .byte 0x18, 0x71, 0x04, 0x10, 0x28, 0x00, 0x00, 0x25, 0x50, 0x13, 0x22, 0x02, 0x03, 0x00, 0xc8, 0x00
    .byte 0x00, 0x00, 0x2c, 0x14, 0x00, 0x00, 0x00, 0x15, 0x01, 0x18, 0x71, 0x23, 0x10, 0x28, 0x00, 0x00
    .byte 0x25, 0xf1, 0x13, 0x22, 0x02, 0x2c, 0x05, 0x00, 0x00, 0x00, 0x15, 0x01, 0x18, 0x70, 0x28, 0x00
    .byte 0x00, 0x2b, 0x00, 0x00, 0x32, 0x00, 0x00, 0x00, 0x00, 0x00, 0x14, 0x7d, 0x13, 0x22, 0x02, 0x03
    .byte 0x00, 0xc6, 0x00, 0x00, 0x00, 0x28, 0x00, 0x00, 0x25, 0xda, 0x13, 0x22, 0x02, 0x2b, 0x00, 0x00
    .byte 0x32, 0x00, 0x01, 0x00, 0x00, 0x00, 0x14, 0x99, 0x13, 0x22, 0x02, 0x03, 0x00, 0xc7, 0x00, 0x00
    .byte 0x00, 0x28, 0x00, 0x00, 0x25, 0xda, 0x13, 0x22, 0x02, 0x2b, 0x00, 0x00, 0x32, 0x00, 0x02, 0x00
    .byte 0x00, 0x00, 0x14, 0xb5, 0x13, 0x22, 0x02, 0x03, 0x00, 0xc8, 0x00, 0x00, 0x00, 0x28, 0x00, 0x00
    .byte 0x25, 0xda, 0x13, 0x22, 0x02, 0x2b, 0x00, 0x00, 0x32, 0x00, 0x03, 0x00, 0x00, 0x00, 0x14, 0xd1
    .byte 0x13, 0x22, 0x02, 0x03, 0x00, 0xc9, 0x00, 0x00, 0x00, 0x28, 0x00, 0x00, 0x25, 0xda, 0x13, 0x22
    .byte 0x02, 0x03, 0x00, 0xca, 0x00, 0x00, 0x00, 0x28, 0x00, 0x00, 0x2b, 0x00, 0x00, 0x34, 0x00, 0x00
    .byte 0x00, 0x00, 0x00, 0x14, 0xf1, 0x13, 0x22, 0x02, 0x03, 0x00, 0x01, 0x00, 0x00, 0x00, 0x28, 0x00
    .byte 0x00, 0x2c, 0x03, 0x00, 0x00, 0x00, 0x2f, 0x00, 0x20, 0x00, 0x00, 0x20, 0x00, 0x00, 0x20, 0x00
    .byte 0x00, 0x20, 0x00, 0x00, 0x20, 0x00, 0x00, 0x15, 0x53, 0x2f, 0x00, 0x15, 0xaa, 0x20, 0x00, 0x00
    .byte 0x2c, 0x0f, 0x00, 0x00, 0x00, 0x15, 0xe0, 0x20, 0x00, 0x00, 0x2c, 0x83, 0x14, 0x22, 0x02, 0x15
    .byte 0x39, 0x20, 0x00, 0x00, 0x15, 0x42, 0x18, 0x70, 0x32, 0x00, 0x00, 0x00, 0x00, 0x00, 0x14, 0x38
    .byte 0x14, 0x22, 0x02, 0x01, 0x21, 0x14, 0x22, 0x02, 0x20, 0x00, 0x00, 0x15, 0x19, 0x2c, 0x01, 0x00
    .byte 0x00, 0x00, 0x20, 0x00, 0x00, 0x15, 0x29, 0x20, 0x00, 0x00, 0x15, 0xd7, 0x00, 0x20, 0x00, 0x00
    .byte 0x15, 0x09, 0x20, 0x00, 0x00, 0x15, 0x18, 0x20, 0x00, 0x00, 0x15, 0x19, 0x2d, 0x69, 0x2d, 0x6a
    .byte 0x20, 0x00, 0x00, 0x2c, 0x1e, 0x00, 0x00, 0x00, 0x2c, 0x01, 0x00, 0x00, 0x00, 0x20, 0x00, 0x00
    .byte 0x15, 0x1a, 0x15, 0x21, 0x2c, 0x01, 0x00, 0x00, 0x00, 0x15, 0x18, 0x2c, 0x01, 0x00, 0x00, 0x00
    .byte 0x15, 0x19, 0x00, 0x2c, 0x01, 0x00, 0x00, 0x00, 0x15, 0x09, 0x20, 0x00, 0x00, 0x15, 0x75, 0x2c
    .byte 0x00, 0x01, 0x00, 0x00, 0x15, 0x17, 0x2c, 0x0f, 0x10, 0x00, 0x00, 0x2c, 0x01, 0x10, 0x00, 0x00
    .byte 0x2c, 0x10, 0x10, 0x00, 0x00, 0x2c, 0x02, 0x00, 0x00, 0x00, 0x2c, 0x21, 0x00, 0x00, 0x00, 0x15
    .byte 0x73, 0x15, 0x16, 0x00, 0x00, 0x00, 0x00, 0x00, 0x00, 0x00, 0x00, 0x00, 0x00, 0x00, 0x00, 0x00
