.text
; Matching fallback for the portable implementation in src/overlays/ov156/overlay156_recovery.c.
.extern data_ov156_0221d720
.extern data_ov156_0221d734
.extern data_ov156_0221e7ae
.extern data_ov156_02226700
.extern data_ov156_02226704
.extern func_02008f58
.extern func_0203aac4
.extern func_0203abac
.extern func_0203b38c
.extern func_0203b3ac

.global func_ov156_0221d6c0
func_ov156_0221d6c0:
    stmdb sp!, {r3, lr}
    cmp r0, #0x0
    ldmneia sp!, {r3, pc}
    bl func_0203aac4
    ldr r0, .L_0221d6fc
    ldr r2, .L_0221d700
    mov r1, #0x3
    bl func_0203b38c
    ldr r0, .L_0221d704
    bl func_0203abac
    ldr r0, .L_0221d708
    bl func_02008f58
    ldr r0, .L_0221d70c
    bl func_0203b3ac
    ldmia sp!, {r3, pc}
.L_0221d6fc: .word data_ov156_02226704
.L_0221d700: .word data_ov156_0221d734
.L_0221d704: .word data_ov156_02226700
.L_0221d708: .word data_ov156_0221d720
.L_0221d70c: .word data_ov156_0221e7ae
.size func_ov156_0221d6c0, . - func_ov156_0221d6c0

; Matching fallback for initialized records and BSS documented in
; src/overlays/ov156/overlay156_recovery.c.
; Absolute labels preserve fixed-address record and BSS references without alignment padding.
.global data_ov156_0221d720
.set data_ov156_0221d720, 0x0221d720
.global data_ov156_0221d734
.set data_ov156_0221d734, 0x0221d734
.global data_ov156_0221e190
.set data_ov156_0221e190, 0x0221e190
.global data_ov156_0221e1f5
.set data_ov156_0221e1f5, 0x0221e1f5
.global data_ov156_0221e34b
.set data_ov156_0221e34b, 0x0221e34b
.global data_ov156_0221e392
.set data_ov156_0221e392, 0x0221e392
.global data_ov156_0221e3d5
.set data_ov156_0221e3d5, 0x0221e3d5
.global data_ov156_0221e3ec
.set data_ov156_0221e3ec, 0x0221e3ec
.global data_ov156_0221e412
.set data_ov156_0221e412, 0x0221e412
.global data_ov156_0221e44c
.set data_ov156_0221e44c, 0x0221e44c
.global data_ov156_0221e540
.set data_ov156_0221e540, 0x0221e540
.global data_ov156_0221e554
.set data_ov156_0221e554, 0x0221e554
.global data_ov156_0221e57a
.set data_ov156_0221e57a, 0x0221e57a
.global data_ov156_0221e5fd
.set data_ov156_0221e5fd, 0x0221e5fd
.global data_ov156_0221e5fe
.set data_ov156_0221e5fe, 0x0221e5fe
.global data_ov156_0221e63b
.set data_ov156_0221e63b, 0x0221e63b
.global data_ov156_0221e73a
.set data_ov156_0221e73a, 0x0221e73a
.global data_ov156_0221e75e
.set data_ov156_0221e75e, 0x0221e75e
.global data_ov156_0221e7ae
.set data_ov156_0221e7ae, 0x0221e7ae
.global data_ov156_0221e8f1
.set data_ov156_0221e8f1, 0x0221e8f1
.global data_ov156_0221e907
.set data_ov156_0221e907, 0x0221e907
.global data_ov156_0221e9a0
.set data_ov156_0221e9a0, 0x0221e9a0
.global data_ov156_0221ea50
.set data_ov156_0221ea50, 0x0221ea50
.global data_ov156_0221ec2f
.set data_ov156_0221ec2f, 0x0221ec2f
.global data_ov156_0221f024
.set data_ov156_0221f024, 0x0221f024
.global data_ov156_0221f457
.set data_ov156_0221f457, 0x0221f457
.global data_ov156_0222005f
.set data_ov156_0222005f, 0x0222005f
.global data_ov156_022205a5
.set data_ov156_022205a5, 0x022205a5
.global data_ov156_022205aa
.set data_ov156_022205aa, 0x022205aa
.global data_ov156_022205f6
.set data_ov156_022205f6, 0x022205f6
.global data_ov156_02220642
.set data_ov156_02220642, 0x02220642
.global data_ov156_0222068e
.set data_ov156_0222068e, 0x0222068e
.global data_ov156_022206da
.set data_ov156_022206da, 0x022206da
.global data_ov156_02220726
.set data_ov156_02220726, 0x02220726
.global data_ov156_02220772
.set data_ov156_02220772, 0x02220772
.global data_ov156_022207be
.set data_ov156_022207be, 0x022207be
.global data_ov156_02220a49
.set data_ov156_02220a49, 0x02220a49
.global data_ov156_02220a4e
.set data_ov156_02220a4e, 0x02220a4e
.global data_ov156_02220c89
.set data_ov156_02220c89, 0x02220c89
.global data_ov156_02220ee9
.set data_ov156_02220ee9, 0x02220ee9
.global data_ov156_02220eee
.set data_ov156_02220eee, 0x02220eee
.global data_ov156_022211ad
.set data_ov156_022211ad, 0x022211ad
.global data_ov156_022211b2
.set data_ov156_022211b2, 0x022211b2
.global data_ov156_022211fe
.set data_ov156_022211fe, 0x022211fe
.global data_ov156_02221242
.set data_ov156_02221242, 0x02221242
.global data_ov156_0222124a
.set data_ov156_0222124a, 0x0222124a
.global data_ov156_02221296
.set data_ov156_02221296, 0x02221296
.global data_ov156_022212e2
.set data_ov156_022212e2, 0x022212e2
.global data_ov156_0222132e
.set data_ov156_0222132e, 0x0222132e
.global data_ov156_0222137a
.set data_ov156_0222137a, 0x0222137a
.global data_ov156_022213c6
.set data_ov156_022213c6, 0x022213c6
.global data_ov156_02221651
.set data_ov156_02221651, 0x02221651
.global data_ov156_02221656
.set data_ov156_02221656, 0x02221656
.global data_ov156_02221891
.set data_ov156_02221891, 0x02221891
.global data_ov156_02221897
.set data_ov156_02221897, 0x02221897
.global data_ov156_0222189e
.set data_ov156_0222189e, 0x0222189e
.global data_ov156_0222189f
.set data_ov156_0222189f, 0x0222189f
.global data_ov156_022218d0
.set data_ov156_022218d0, 0x022218d0
.global data_ov156_02221a22
.set data_ov156_02221a22, 0x02221a22
.global data_ov156_02221ac0
.set data_ov156_02221ac0, 0x02221ac0
.global data_ov156_02221b4a
.set data_ov156_02221b4a, 0x02221b4a
.global data_ov156_02221b4b
.set data_ov156_02221b4b, 0x02221b4b
.global data_ov156_02221b63
.set data_ov156_02221b63, 0x02221b63
.global data_ov156_02221c82
.set data_ov156_02221c82, 0x02221c82
.global data_ov156_02221d7d
.set data_ov156_02221d7d, 0x02221d7d
.global data_ov156_02221d99
.set data_ov156_02221d99, 0x02221d99
.global data_ov156_02221dd1
.set data_ov156_02221dd1, 0x02221dd1
.global data_ov156_02221e25
.set data_ov156_02221e25, 0x02221e25
.global data_ov156_02221edf
.set data_ov156_02221edf, 0x02221edf
.global data_ov156_02221f06
.set data_ov156_02221f06, 0x02221f06
.global data_ov156_02221f76
.set data_ov156_02221f76, 0x02221f76
.global data_ov156_02221fa1
.set data_ov156_02221fa1, 0x02221fa1
.global data_ov156_02221ff2
.set data_ov156_02221ff2, 0x02221ff2
.global data_ov156_02222056
.set data_ov156_02222056, 0x02222056
.global data_ov156_02222090
.set data_ov156_02222090, 0x02222090
.global data_ov156_02222100
.set data_ov156_02222100, 0x02222100
.global data_ov156_02222111
.set data_ov156_02222111, 0x02222111
.global data_ov156_022221ad
.set data_ov156_022221ad, 0x022221ad
.global data_ov156_02222222
.set data_ov156_02222222, 0x02222222
.global data_ov156_0222223e
.set data_ov156_0222223e, 0x0222223e
.global data_ov156_02222246
.set data_ov156_02222246, 0x02222246
.global data_ov156_02222249
.set data_ov156_02222249, 0x02222249
.global data_ov156_02222296
.set data_ov156_02222296, 0x02222296
.global data_ov156_022222cd
.set data_ov156_022222cd, 0x022222cd
.global data_ov156_022222f9
.set data_ov156_022222f9, 0x022222f9
.global data_ov156_02222343
.set data_ov156_02222343, 0x02222343
.global data_ov156_02222367
.set data_ov156_02222367, 0x02222367
.global data_ov156_0222238b
.set data_ov156_0222238b, 0x0222238b
.global data_ov156_022223af
.set data_ov156_022223af, 0x022223af
.global data_ov156_022223d3
.set data_ov156_022223d3, 0x022223d3
.global data_ov156_022223f7
.set data_ov156_022223f7, 0x022223f7
.global data_ov156_0222241b
.set data_ov156_0222241b, 0x0222241b
.global data_ov156_0222244f
.set data_ov156_0222244f, 0x0222244f
.global data_ov156_022224e4
.set data_ov156_022224e4, 0x022224e4
.global data_ov156_0222257d
.set data_ov156_0222257d, 0x0222257d
.global data_ov156_022225a8
.set data_ov156_022225a8, 0x022225a8
.global data_ov156_0222266d
.set data_ov156_0222266d, 0x0222266d
.global data_ov156_02222713
.set data_ov156_02222713, 0x02222713
.global data_ov156_02222755
.set data_ov156_02222755, 0x02222755
.global data_ov156_022227fb
.set data_ov156_022227fb, 0x022227fb
.global data_ov156_0222283d
.set data_ov156_0222283d, 0x0222283d
.global data_ov156_022228e3
.set data_ov156_022228e3, 0x022228e3
.global data_ov156_022229b4
.set data_ov156_022229b4, 0x022229b4
.global data_ov156_02222a59
.set data_ov156_02222a59, 0x02222a59
.global data_ov156_02222a7d
.set data_ov156_02222a7d, 0x02222a7d
.global data_ov156_02222ac2
.set data_ov156_02222ac2, 0x02222ac2
.global data_ov156_02222ade
.set data_ov156_02222ade, 0x02222ade
.global data_ov156_02222af5
.set data_ov156_02222af5, 0x02222af5
.global data_ov156_02222b26
.set data_ov156_02222b26, 0x02222b26
.global data_ov156_02222b42
.set data_ov156_02222b42, 0x02222b42
.global data_ov156_02222b59
.set data_ov156_02222b59, 0x02222b59
.global data_ov156_02222c38
.set data_ov156_02222c38, 0x02222c38
.global data_ov156_02222c60
.set data_ov156_02222c60, 0x02222c60
.global data_ov156_02222c8c
.set data_ov156_02222c8c, 0x02222c8c
.global data_ov156_02222ce2
.set data_ov156_02222ce2, 0x02222ce2
.global data_ov156_02222ce3
.set data_ov156_02222ce3, 0x02222ce3
.global data_ov156_02222d39
.set data_ov156_02222d39, 0x02222d39
.global data_ov156_02222ddd
.set data_ov156_02222ddd, 0x02222ddd
.global data_ov156_02222f98
.set data_ov156_02222f98, 0x02222f98
.global data_ov156_02223042
.set data_ov156_02223042, 0x02223042
.global data_ov156_02223053
.set data_ov156_02223053, 0x02223053
.global data_ov156_022230da
.set data_ov156_022230da, 0x022230da
.global data_ov156_022231cd
.set data_ov156_022231cd, 0x022231cd
.global data_ov156_02223218
.set data_ov156_02223218, 0x02223218
.global data_ov156_02223253
.set data_ov156_02223253, 0x02223253
.global data_ov156_022232c7
.set data_ov156_022232c7, 0x022232c7
.global data_ov156_0222334b
.set data_ov156_0222334b, 0x0222334b
.global data_ov156_022233ee
.set data_ov156_022233ee, 0x022233ee
.global data_ov156_02223446
.set data_ov156_02223446, 0x02223446
.global data_ov156_02223459
.set data_ov156_02223459, 0x02223459
.global data_ov156_0222345c
.set data_ov156_0222345c, 0x0222345c
.global data_ov156_02223489
.set data_ov156_02223489, 0x02223489
.global data_ov156_02223490
.set data_ov156_02223490, 0x02223490
.global data_ov156_02223503
.set data_ov156_02223503, 0x02223503
.global data_ov156_02223530
.set data_ov156_02223530, 0x02223530
.global data_ov156_02223578
.set data_ov156_02223578, 0x02223578
.global data_ov156_0222357d
.set data_ov156_0222357d, 0x0222357d
.global data_ov156_022235a7
.set data_ov156_022235a7, 0x022235a7
.global data_ov156_022235d4
.set data_ov156_022235d4, 0x022235d4
.global data_ov156_02223650
.set data_ov156_02223650, 0x02223650
.global data_ov156_0222367e
.set data_ov156_0222367e, 0x0222367e
.global data_ov156_022236c1
.set data_ov156_022236c1, 0x022236c1
.global data_ov156_022236e7
.set data_ov156_022236e7, 0x022236e7
.global data_ov156_02223720
.set data_ov156_02223720, 0x02223720
.global data_ov156_0222376e
.set data_ov156_0222376e, 0x0222376e
.global data_ov156_02223792
.set data_ov156_02223792, 0x02223792
.global data_ov156_022237b6
.set data_ov156_022237b6, 0x022237b6
.global data_ov156_022237da
.set data_ov156_022237da, 0x022237da
.global data_ov156_022237fe
.set data_ov156_022237fe, 0x022237fe
.global data_ov156_02223822
.set data_ov156_02223822, 0x02223822
.global data_ov156_02223847
.set data_ov156_02223847, 0x02223847
.global data_ov156_022238c6
.set data_ov156_022238c6, 0x022238c6
.global data_ov156_022238c9
.set data_ov156_022238c9, 0x022238c9
.global data_ov156_02223960
.set data_ov156_02223960, 0x02223960
.global data_ov156_02223965
.set data_ov156_02223965, 0x02223965
.global data_ov156_022239af
.set data_ov156_022239af, 0x022239af
.global data_ov156_02223b99
.set data_ov156_02223b99, 0x02223b99
.global data_ov156_02223cd1
.set data_ov156_02223cd1, 0x02223cd1
.global data_ov156_02223d20
.set data_ov156_02223d20, 0x02223d20
.global data_ov156_02223d48
.set data_ov156_02223d48, 0x02223d48
.global data_ov156_02223d5a
.set data_ov156_02223d5a, 0x02223d5a
.global data_ov156_02223d5b
.set data_ov156_02223d5b, 0x02223d5b
.global data_ov156_02223e11
.set data_ov156_02223e11, 0x02223e11
.global data_ov156_02223f8b
.set data_ov156_02223f8b, 0x02223f8b
.global data_ov156_02223fb8
.set data_ov156_02223fb8, 0x02223fb8
.global data_ov156_02223fbd
.set data_ov156_02223fbd, 0x02223fbd
.global data_ov156_02223ff8
.set data_ov156_02223ff8, 0x02223ff8
.global data_ov156_02224019
.set data_ov156_02224019, 0x02224019
.global data_ov156_02224051
.set data_ov156_02224051, 0x02224051
.global data_ov156_02224113
.set data_ov156_02224113, 0x02224113
.global data_ov156_02224114
.set data_ov156_02224114, 0x02224114
.global data_ov156_0222411d
.set data_ov156_0222411d, 0x0222411d
.global data_ov156_0222417d
.set data_ov156_0222417d, 0x0222417d
.global data_ov156_022241a1
.set data_ov156_022241a1, 0x022241a1
.global data_ov156_02224277
.set data_ov156_02224277, 0x02224277
.global data_ov156_0222427c
.set data_ov156_0222427c, 0x0222427c
.global data_ov156_02224305
.set data_ov156_02224305, 0x02224305
.global data_ov156_02224331
.set data_ov156_02224331, 0x02224331
.global data_ov156_0222436f
.set data_ov156_0222436f, 0x0222436f
.global data_ov156_022243ea
.set data_ov156_022243ea, 0x022243ea
.global data_ov156_02224424
.set data_ov156_02224424, 0x02224424
.global data_ov156_02224522
.set data_ov156_02224522, 0x02224522
.global data_ov156_02224544
.set data_ov156_02224544, 0x02224544
.global data_ov156_02224565
.set data_ov156_02224565, 0x02224565
.global data_ov156_02224730
.set data_ov156_02224730, 0x02224730
.global data_ov156_022247d6
.set data_ov156_022247d6, 0x022247d6
.global data_ov156_0222481f
.set data_ov156_0222481f, 0x0222481f
.global data_ov156_02224829
.set data_ov156_02224829, 0x02224829
.global data_ov156_02224875
.set data_ov156_02224875, 0x02224875
.global data_ov156_022248fa
.set data_ov156_022248fa, 0x022248fa
.global data_ov156_02224934
.set data_ov156_02224934, 0x02224934
.global data_ov156_02224a32
.set data_ov156_02224a32, 0x02224a32
.global data_ov156_02224a54
.set data_ov156_02224a54, 0x02224a54
.global data_ov156_02224a75
.set data_ov156_02224a75, 0x02224a75
.global data_ov156_02224ab6
.set data_ov156_02224ab6, 0x02224ab6
.global data_ov156_02224b34
.set data_ov156_02224b34, 0x02224b34
.global data_ov156_02224bc8
.set data_ov156_02224bc8, 0x02224bc8
.global data_ov156_02224bfc
.set data_ov156_02224bfc, 0x02224bfc
.global data_ov156_02224c10
.set data_ov156_02224c10, 0x02224c10
.global data_ov156_02224c3d
.set data_ov156_02224c3d, 0x02224c3d
.global data_ov156_02224c51
.set data_ov156_02224c51, 0x02224c51
.global data_ov156_02224c6c
.set data_ov156_02224c6c, 0x02224c6c
.global data_ov156_02224c85
.set data_ov156_02224c85, 0x02224c85
.global data_ov156_02224c9a
.set data_ov156_02224c9a, 0x02224c9a
.global data_ov156_02224ce8
.set data_ov156_02224ce8, 0x02224ce8
.global data_ov156_02224d11
.set data_ov156_02224d11, 0x02224d11
.global data_ov156_02224d59
.set data_ov156_02224d59, 0x02224d59
.global data_ov156_02224d74
.set data_ov156_02224d74, 0x02224d74
.global data_ov156_02224d9c
.set data_ov156_02224d9c, 0x02224d9c
.global data_ov156_02224df9
.set data_ov156_02224df9, 0x02224df9
.global data_ov156_02224e6f
.set data_ov156_02224e6f, 0x02224e6f
.global data_ov156_02224e85
.set data_ov156_02224e85, 0x02224e85
.global data_ov156_02224eac
.set data_ov156_02224eac, 0x02224eac
.global data_ov156_02224f41
.set data_ov156_02224f41, 0x02224f41
.global data_ov156_0222504d
.set data_ov156_0222504d, 0x0222504d
.global data_ov156_022251f8
.set data_ov156_022251f8, 0x022251f8
.global data_ov156_02225237
.set data_ov156_02225237, 0x02225237
.global data_ov156_0222533d
.set data_ov156_0222533d, 0x0222533d
.global data_ov156_02225405
.set data_ov156_02225405, 0x02225405
.global data_ov156_02225485
.set data_ov156_02225485, 0x02225485
.global data_ov156_0222548a
.set data_ov156_0222548a, 0x0222548a
.global data_ov156_02225505
.set data_ov156_02225505, 0x02225505
.global data_ov156_0222550a
.set data_ov156_0222550a, 0x0222550a
.global data_ov156_02225585
.set data_ov156_02225585, 0x02225585
.global data_ov156_0222560f
.set data_ov156_0222560f, 0x0222560f
.global data_ov156_022256a3
.set data_ov156_022256a3, 0x022256a3
.global data_ov156_022256e2
.set data_ov156_022256e2, 0x022256e2
.global data_ov156_02225746
.set data_ov156_02225746, 0x02225746
.global data_ov156_02225915
.set data_ov156_02225915, 0x02225915
.global data_ov156_022259e0
.set data_ov156_022259e0, 0x022259e0
.global data_ov156_02225a7b
.set data_ov156_02225a7b, 0x02225a7b
.global data_ov156_02225a91
.set data_ov156_02225a91, 0x02225a91
.global data_ov156_02225ac8
.set data_ov156_02225ac8, 0x02225ac8
.global data_ov156_02225b07
.set data_ov156_02225b07, 0x02225b07
.global data_ov156_02225b24
.set data_ov156_02225b24, 0x02225b24
.global data_ov156_02225b5d
.set data_ov156_02225b5d, 0x02225b5d
.global data_ov156_02225b6a
.set data_ov156_02225b6a, 0x02225b6a
.global data_ov156_02225bd5
.set data_ov156_02225bd5, 0x02225bd5
.global data_ov156_02225c7d
.set data_ov156_02225c7d, 0x02225c7d
.global data_ov156_02225d89
.set data_ov156_02225d89, 0x02225d89
.global data_ov156_02225db4
.set data_ov156_02225db4, 0x02225db4
.global data_ov156_02225e9c
.set data_ov156_02225e9c, 0x02225e9c
.global data_ov156_02225f42
.set data_ov156_02225f42, 0x02225f42
.global data_ov156_02225f8b
.set data_ov156_02225f8b, 0x02225f8b
.global data_ov156_02225f95
.set data_ov156_02225f95, 0x02225f95
.global data_ov156_02225fc5
.set data_ov156_02225fc5, 0x02225fc5
.global data_ov156_0222601e
.set data_ov156_0222601e, 0x0222601e
.global data_ov156_02226058
.set data_ov156_02226058, 0x02226058
.global data_ov156_02226156
.set data_ov156_02226156, 0x02226156
.global data_ov156_02226178
.set data_ov156_02226178, 0x02226178
.global data_ov156_02226199
.set data_ov156_02226199, 0x02226199
.global data_ov156_02226225
.set data_ov156_02226225, 0x02226225
.global data_ov156_022262df
.set data_ov156_022262df, 0x022262df
.global data_ov156_02226306
.set data_ov156_02226306, 0x02226306
.global data_ov156_02226376
.set data_ov156_02226376, 0x02226376
.global data_ov156_022263c1
.set data_ov156_022263c1, 0x022263c1
.global data_ov156_0222641a
.set data_ov156_0222641a, 0x0222641a
.global data_ov156_02226454
.set data_ov156_02226454, 0x02226454
.global data_ov156_02226552
.set data_ov156_02226552, 0x02226552
.global data_ov156_02226574
.set data_ov156_02226574, 0x02226574
.global data_ov156_02226595
.set data_ov156_02226595, 0x02226595
.global data_ov156_022265a1
.set data_ov156_022265a1, 0x022265a1
.global data_ov156_0222667d
.set data_ov156_0222667d, 0x0222667d
.global data_ov156_02226700
.set data_ov156_02226700, 0x02226700
.global data_ov156_02226704
.set data_ov156_02226704, 0x02226704
    .section .data, 4, 1, 4
    .byte 0xff, 0xff, 0xff, 0xff, 0x00, 0x00, 0x00, 0x00, 0x00, 0x00, 0x00, 0x00, 0xff, 0xff, 0x00, 0x00
    .byte 0x00, 0x00, 0x00, 0x00, 0x03, 0x00, 0x00, 0x00, 0x22, 0x15, 0x00, 0x00, 0x23, 0x15, 0x00, 0x00
    .byte 0x24, 0x15, 0x00, 0x00, 0x02, 0x00, 0x20, 0x20, 0x00, 0xf8, 0x00, 0x00, 0x00, 0x00, 0xe8, 0xff
    .byte 0xc0, 0xff, 0x18, 0x00, 0x04, 0x00, 0x60, 0x01, 0x40, 0x01, 0x00, 0x00, 0x00, 0x00, 0x00, 0x00
    .byte 0x34, 0x4b, 0x22, 0x02, 0x00, 0x00, 0x00, 0x00, 0x00, 0x00, 0x00, 0x00, 0x00, 0x00, 0x00, 0x00
    .byte 0xff, 0xff, 0x08, 0x00, 0x00, 0x00, 0x00, 0x00, 0x00, 0x00, 0x00, 0x00, 0xff, 0xff, 0xff, 0xff
    .byte 0xff, 0xff, 0xff, 0xff, 0x00, 0x00, 0x03, 0x00, 0xff, 0xff, 0xff, 0xff, 0x00, 0x00, 0x04, 0x00
    .byte 0xe8, 0xc0, 0x18, 0x00, 0x00, 0x00, 0x00, 0x00, 0x03, 0x00, 0x00, 0x00, 0x1f, 0x15, 0x00, 0x00
    .byte 0x20, 0x15, 0x00, 0x00, 0x21, 0x15, 0x00, 0x00, 0x02, 0x00, 0x20, 0x20, 0x00, 0xf8, 0x00, 0x00
    .byte 0x00, 0x00, 0xe8, 0xff, 0xc0, 0xff, 0x18, 0x00, 0x04, 0x00, 0xa0, 0x02, 0x00, 0x02, 0x00, 0x00
    .byte 0x00, 0x00, 0x00, 0x00, 0x9a, 0x4c, 0x22, 0x02, 0x00, 0x00, 0x00, 0x00, 0x00, 0x00, 0x00, 0x00
    .byte 0x00, 0x00, 0x00, 0x00, 0xff, 0xff, 0x08, 0x00, 0x00, 0x00, 0x00, 0x00, 0x00, 0x00, 0x00, 0x00
    .byte 0xff, 0xff, 0xff, 0xff, 0xff, 0xff, 0xff, 0xff, 0x00, 0x00, 0x04, 0x00, 0xff, 0xff, 0xff, 0xff
    .byte 0x00, 0x00, 0x04, 0x00, 0xe8, 0xc0, 0x18, 0x00, 0x00, 0x00, 0x00, 0x00, 0x03, 0x00, 0x00, 0x00
    .byte 0x1e, 0x14, 0x00, 0x00, 0x1a, 0x14, 0x00, 0x00, 0x1f, 0x14, 0x00, 0x00, 0x02, 0x00, 0x18, 0x14
    .byte 0x00, 0x04, 0x00, 0x00, 0x00, 0x00, 0xf0, 0xff, 0xcf, 0xff, 0x10, 0x00, 0x07, 0x00, 0x00, 0xfe
    .byte 0x00, 0xfe, 0x00, 0x00, 0x0a, 0x00, 0x00, 0x00, 0xe2, 0x56, 0x22, 0x02, 0x00, 0x00, 0x00, 0x00
    .byte 0x00, 0x00, 0x00, 0x00, 0x00, 0x00, 0x00, 0x00, 0xff, 0xff, 0x00, 0x00, 0x00, 0x00, 0x00, 0x00
    .byte 0x00, 0x00, 0x00, 0x00, 0xff, 0xff, 0xff, 0xff, 0xff, 0xff, 0xff, 0xff, 0x00, 0x00, 0x05, 0x00
    .byte 0xff, 0xff, 0xff, 0xff, 0x00, 0x00, 0x04, 0x00, 0xf4, 0xd8, 0x0c, 0x00, 0x00, 0x00, 0x00, 0x00
    .byte 0x03, 0x00, 0x00, 0x00, 0x4d, 0x16, 0x00, 0x00, 0x01, 0x10, 0x00, 0x00, 0x4e, 0x16, 0x00, 0x00
    .byte 0x02, 0x00, 0x00, 0x00, 0x00, 0x00, 0x00, 0x00, 0x00, 0x00, 0xf0, 0xff, 0xcf, 0xff, 0x10, 0x00
    .byte 0x07, 0x00, 0x00, 0xfe, 0x00, 0xfe, 0x00, 0x00, 0x00, 0x00, 0x00, 0x00, 0xf8, 0x51, 0x22, 0x02
    .byte 0x00, 0x00, 0x00, 0x00, 0x00, 0x00, 0x00, 0x00, 0x00, 0x00, 0x00, 0x00, 0xff, 0xff, 0x00, 0x00
    .byte 0x00, 0x00, 0x00, 0x00, 0x00, 0x00, 0x00, 0x00, 0xff, 0xff, 0xff, 0xff, 0xff, 0xff, 0xff, 0xff
    .byte 0x00, 0x00, 0x06, 0x00, 0xff, 0xff, 0xff, 0xff, 0x00, 0x00, 0x1f, 0x00, 0xf4, 0xd8, 0x0c, 0x00
    .byte 0x00, 0x00, 0x00, 0x00, 0x03, 0x00, 0x00, 0x00, 0x4d, 0x16, 0x00, 0x00, 0x01, 0x10, 0x00, 0x00
    .byte 0x4e, 0x16, 0x00, 0x00, 0x02, 0x00, 0x00, 0x00, 0x00, 0x00, 0x00, 0x00, 0x00, 0x00, 0xf0, 0xff
    .byte 0xcf, 0xff, 0x10, 0x00, 0x07, 0x00, 0x00, 0xfe, 0x00, 0xfe, 0x00, 0x00, 0x00, 0x00, 0x00, 0x00
    .byte 0x5e, 0xe7, 0x21, 0x02, 0x00, 0x00, 0x00, 0x00, 0x00, 0x00, 0x00, 0x00, 0x00, 0x00, 0x00, 0x00
    .byte 0xff, 0xff, 0x00, 0x00, 0x00, 0x00, 0x00, 0x00, 0x00, 0x00, 0x00, 0x00, 0xff, 0xff, 0xff, 0xff
    .byte 0xff, 0xff, 0xff, 0xff, 0x00, 0x00, 0x07, 0x00, 0xff, 0xff, 0xff, 0xff, 0x00, 0x00, 0x1f, 0x00
    .byte 0xf4, 0xd8, 0x0c, 0x00, 0x00, 0x00, 0x00, 0x00, 0x03, 0x00, 0x00, 0x00, 0x00, 0x10, 0x00, 0x00
    .byte 0x01, 0x10, 0x00, 0x00, 0x02, 0x10, 0x00, 0x00, 0x02, 0x28, 0x00, 0x00, 0x00, 0x00, 0x00, 0x00
    .byte 0x00, 0x00, 0xf0, 0xff, 0xcf, 0xff, 0x10, 0x00, 0x07, 0x00, 0x00, 0xfe, 0x00, 0xfe, 0x00, 0x00
    .byte 0x00, 0x00, 0x00, 0x00, 0x7d, 0x41, 0x22, 0x02, 0x00, 0x00, 0x00, 0x00, 0x00, 0x00, 0x00, 0x00
    .byte 0x00, 0x00, 0x00, 0x00, 0xff, 0xff, 0x00, 0x00, 0x00, 0x00, 0x00, 0x00, 0x00, 0x00, 0x00, 0x00
    .byte 0xff, 0xff, 0xff, 0xff, 0xff, 0xff, 0xff, 0xff, 0x00, 0x00, 0x08, 0x00, 0xff, 0xff, 0xff, 0xff
    .byte 0x00, 0x00, 0x00, 0x00, 0xf4, 0xd8, 0x0c, 0x00, 0x00, 0x00, 0x00, 0x00, 0x02, 0x00, 0x16, 0x00
    .byte 0x00, 0x10, 0x00, 0x00, 0x01, 0x10, 0x00, 0x00, 0x02, 0x10, 0x00, 0x00, 0x02, 0x00, 0x14, 0x08
    .byte 0x00, 0x00, 0x00, 0x00, 0x00, 0x00, 0xf0, 0xff, 0xcf, 0xff, 0x10, 0x00, 0x07, 0x00, 0x38, 0x02
    .byte 0x08, 0x02, 0x00, 0x00, 0x08, 0x02, 0x00, 0x02, 0x00, 0x00, 0x00, 0x00, 0x00, 0x02, 0x00, 0x00
    .byte 0x00, 0x00, 0x00, 0x00, 0x00, 0x00, 0x00, 0x00, 0xff, 0xff, 0x00, 0x00, 0x00, 0x00, 0x00, 0x00
    .byte 0x00, 0x00, 0x00, 0x00, 0xff, 0xff, 0xff, 0xff, 0xff, 0xff, 0xff, 0xff, 0x00, 0x00, 0xff, 0xff
    .byte 0x01, 0x00, 0x00, 0x00, 0x00, 0x00, 0x00, 0x00, 0xf4, 0xd8, 0x0c, 0x00, 0x00, 0x00, 0x00, 0x00
    .byte 0x02, 0x00, 0x16, 0x00, 0x00, 0x10, 0x00, 0x00, 0x01, 0x10, 0x00, 0x00, 0x02, 0x10, 0x00, 0x00
    .byte 0x02, 0x00, 0x14, 0x08, 0x00, 0x00, 0x00, 0x00, 0x00, 0x00, 0xf0, 0xff, 0xcf, 0xff, 0x10, 0x00
    .byte 0x07, 0x00, 0x48, 0x00, 0x18, 0x01, 0x00, 0x00, 0x08, 0x02, 0x00, 0x02, 0x00, 0x00, 0x00, 0x00
    .byte 0x00, 0x02, 0x00, 0x00, 0x00, 0x00, 0x00, 0x00, 0x00, 0x00, 0x00, 0x00, 0xff, 0xff, 0x00, 0x00
    .byte 0x00, 0x00, 0x00, 0x00, 0x00, 0x00, 0x00, 0x00, 0xff, 0xff, 0xff, 0xff, 0xff, 0xff, 0xff, 0xff
    .byte 0x00, 0x00, 0xff, 0xff, 0x01, 0x00, 0x00, 0x00, 0x00, 0x00, 0x00, 0x00, 0xf4, 0xd8, 0x0c, 0x00
    .byte 0x00, 0x00, 0x00, 0x00, 0x02, 0x00, 0x16, 0x00, 0x00, 0x10, 0x00, 0x00, 0x01, 0x10, 0x00, 0x00
    .byte 0x02, 0x10, 0x00, 0x00, 0x02, 0x00, 0x14, 0x08, 0x00, 0x00, 0x00, 0x00, 0x00, 0x00, 0xf0, 0xff
    .byte 0xcf, 0xff, 0x10, 0x00, 0x07, 0x00, 0xc8, 0x00, 0x28, 0x02, 0x00, 0x00, 0x08, 0x02, 0x00, 0x02
    .byte 0x00, 0x00, 0x00, 0x00, 0x00, 0x02, 0x00, 0x00, 0x00, 0x00, 0x00, 0x00, 0x00, 0x00, 0x00, 0x00
    .byte 0xff, 0xff, 0x00, 0x00, 0x00, 0x00, 0x00, 0x00, 0x00, 0x00, 0x00, 0x00, 0xff, 0xff, 0xff, 0xff
    .byte 0xff, 0xff, 0xff, 0xff, 0x00, 0x00, 0xff, 0xff, 0x01, 0x00, 0x00, 0x00, 0x00, 0x00, 0x00, 0x00
    .byte 0xf4, 0xd8, 0x0c, 0x00, 0x00, 0x00, 0x00, 0x00, 0x02, 0x00, 0x16, 0x00, 0x00, 0x10, 0x00, 0x00
    .byte 0x01, 0x10, 0x00, 0x00, 0x02, 0x10, 0x00, 0x00, 0x02, 0x00, 0x14, 0x08, 0x00, 0x00, 0x00, 0x00
    .byte 0x00, 0x00, 0xf0, 0xff, 0xcf, 0xff, 0x10, 0x00, 0x07, 0x00, 0xb8, 0x01, 0xc8, 0x01, 0x00, 0x00
    .byte 0x08, 0x02, 0x00, 0x02, 0x00, 0x00, 0x00, 0x00, 0x00, 0x02, 0x00, 0x00, 0x00, 0x00, 0x00, 0x00
    .byte 0x00, 0x00, 0x00, 0x00, 0xff, 0xff, 0x00, 0x00, 0x00, 0x00, 0x00, 0x00, 0x00, 0x00, 0x00, 0x00
    .byte 0xff, 0xff, 0xff, 0xff, 0xff, 0xff, 0xff, 0xff, 0x00, 0x00, 0xff, 0xff, 0x01, 0x00, 0x00, 0x00
    .byte 0x00, 0x00, 0x00, 0x00, 0xf4, 0xd8, 0x0c, 0x00, 0x00, 0x00, 0x00, 0x00, 0x02, 0x00, 0x17, 0x00
    .byte 0x00, 0x10, 0x00, 0x00, 0x01, 0x10, 0x00, 0x00, 0x02, 0x10, 0x00, 0x00, 0x02, 0x00, 0x18, 0x08
    .byte 0x00, 0x00, 0x00, 0x00, 0x00, 0x00, 0xf0, 0xff, 0xcf, 0xff, 0x10, 0x00, 0x07, 0x00, 0x40, 0x01
    .byte 0x90, 0x00, 0x00, 0x00, 0x08, 0x02, 0x00, 0x02, 0x00, 0x00, 0x00, 0x00, 0x00, 0x02, 0x00, 0x00
    .byte 0x00, 0x00, 0x00, 0x00, 0x00, 0x00, 0x00, 0x00, 0xff, 0xff, 0x00, 0x00, 0x00, 0x00, 0x00, 0x00
    .byte 0x00, 0x00, 0x00, 0x00, 0xff, 0xff, 0xff, 0xff, 0xff, 0xff, 0xff, 0xff, 0x00, 0x00, 0xff, 0xff
    .byte 0x01, 0x00, 0x00, 0x00, 0x00, 0x00, 0x00, 0x00, 0xf4, 0xd8, 0x0c, 0x00, 0x00, 0x00, 0x00, 0x00
    .byte 0x02, 0x00, 0x17, 0x00, 0x00, 0x10, 0x00, 0x00, 0x01, 0x10, 0x00, 0x00, 0x02, 0x10, 0x00, 0x00
    .byte 0x02, 0x00, 0x18, 0x08, 0x00, 0x00, 0x00, 0x00, 0x00, 0x00, 0xf0, 0xff, 0xcf, 0xff, 0x10, 0x00
    .byte 0x07, 0x00, 0x90, 0x01, 0xb0, 0x00, 0x00, 0x00, 0x08, 0x02, 0x00, 0x02, 0x00, 0x00, 0x00, 0x00
    .byte 0x00, 0x02, 0x00, 0x00, 0x00, 0x00, 0x00, 0x00, 0x00, 0x00, 0x00, 0x00, 0xff, 0xff, 0x00, 0x00
    .byte 0x00, 0x00, 0x00, 0x00, 0x00, 0x00, 0x00, 0x00, 0xff, 0xff, 0xff, 0xff, 0xff, 0xff, 0xff, 0xff
    .byte 0x00, 0x00, 0xff, 0xff, 0x01, 0x00, 0x00, 0x00, 0x00, 0x00, 0x00, 0x00, 0xf4, 0xd8, 0x0c, 0x00
    .byte 0x00, 0x00, 0x00, 0x00, 0x02, 0x00, 0x17, 0x00, 0x00, 0x10, 0x00, 0x00, 0x01, 0x10, 0x00, 0x00
    .byte 0x02, 0x10, 0x00, 0x00, 0x02, 0x00, 0x18, 0x08, 0x00, 0x00, 0x00, 0x00, 0x00, 0x00, 0xf0, 0xff
    .byte 0xcf, 0xff, 0x10, 0x00, 0x07, 0x00, 0x20, 0x02, 0xc0, 0x00, 0x00, 0x00, 0x08, 0x02, 0x00, 0x02
    .byte 0x00, 0x00, 0x00, 0x00, 0x00, 0x02, 0x00, 0x00, 0x00, 0x00, 0x00, 0x00, 0x00, 0x00, 0x00, 0x00
    .byte 0xff, 0xff, 0x00, 0x00, 0x00, 0x00, 0x00, 0x00, 0x00, 0x00, 0x00, 0x00, 0xff, 0xff, 0xff, 0xff
    .byte 0xff, 0xff, 0xff, 0xff, 0x00, 0x00, 0xff, 0xff, 0x01, 0x00, 0x00, 0x00, 0x00, 0x00, 0x00, 0x00
    .byte 0xf4, 0xd8, 0x0c, 0x00, 0x00, 0x00, 0x00, 0x00, 0x02, 0x00, 0x17, 0x00, 0x00, 0x10, 0x00, 0x00
    .byte 0x01, 0x10, 0x00, 0x00, 0x02, 0x10, 0x00, 0x00, 0x02, 0x00, 0x18, 0x08, 0x00, 0x00, 0x00, 0x00
    .byte 0x00, 0x00, 0xf0, 0xff, 0xcf, 0xff, 0x10, 0x00, 0x07, 0x00, 0x50, 0x02, 0x00, 0x01, 0x00, 0x00
    .byte 0x08, 0x02, 0x00, 0x02, 0x00, 0x00, 0x00, 0x00, 0x00, 0x02, 0x00, 0x00, 0x00, 0x00, 0x00, 0x00
    .byte 0x00, 0x00, 0x00, 0x00, 0xff, 0xff, 0x00, 0x00, 0x00, 0x00, 0x00, 0x00, 0x00, 0x00, 0x00, 0x00
    .byte 0xff, 0xff, 0xff, 0xff, 0xff, 0xff, 0xff, 0xff, 0x00, 0x00, 0xff, 0xff, 0x01, 0x00, 0x00, 0x00
    .byte 0x00, 0x00, 0x00, 0x00, 0xf4, 0xd8, 0x0c, 0x00, 0x00, 0x00, 0x00, 0x00, 0x02, 0x00, 0x17, 0x00
    .byte 0x00, 0x10, 0x00, 0x00, 0x01, 0x10, 0x00, 0x00, 0x02, 0x10, 0x00, 0x00, 0x02, 0x00, 0x18, 0x08
    .byte 0x00, 0x00, 0x00, 0x00, 0x00, 0x00, 0xf0, 0xff, 0xcf, 0xff, 0x10, 0x00, 0x07, 0x00, 0x90, 0x02
    .byte 0xb0, 0x00, 0x00, 0x00, 0x08, 0x02, 0x00, 0x02, 0x00, 0x00, 0x00, 0x00, 0x00, 0x02, 0x00, 0x00
    .byte 0x00, 0x00, 0x00, 0x00, 0x00, 0x00, 0x00, 0x00, 0xff, 0xff, 0x00, 0x00, 0x00, 0x00, 0x00, 0x00
    .byte 0x00, 0x00, 0x00, 0x00, 0xff, 0xff, 0xff, 0xff, 0xff, 0xff, 0xff, 0xff, 0x00, 0x00, 0xff, 0xff
    .byte 0x01, 0x00, 0x00, 0x00, 0x00, 0x00, 0x00, 0x00, 0xf4, 0xd8, 0x0c, 0x00, 0x00, 0x00, 0x00, 0x00
    .byte 0x02, 0x00, 0x17, 0x00, 0x00, 0x10, 0x00, 0x00, 0x01, 0x10, 0x00, 0x00, 0x02, 0x10, 0x00, 0x00
    .byte 0x02, 0x00, 0x18, 0x08, 0x00, 0x00, 0x00, 0x00, 0x00, 0x00, 0xf0, 0xff, 0xcf, 0xff, 0x10, 0x00
    .byte 0x07, 0x00, 0xc0, 0x02, 0xf0, 0x00, 0x00, 0x00, 0x08, 0x02, 0x00, 0x02, 0x00, 0x00, 0x00, 0x00
    .byte 0x00, 0x02, 0x00, 0x00, 0x00, 0x00, 0x00, 0x00, 0x00, 0x00, 0x00, 0x00, 0xff, 0xff, 0x00, 0x00
    .byte 0x00, 0x00, 0x00, 0x00, 0x00, 0x00, 0x00, 0x00, 0xff, 0xff, 0xff, 0xff, 0xc8, 0x00, 0xff, 0xff
    .byte 0x00, 0x00, 0xff, 0xff, 0x01, 0x00, 0x00, 0x00, 0x00, 0x00, 0x00, 0x00, 0xf4, 0xd8, 0x0c, 0x00
    .byte 0x00, 0x00, 0x00, 0x00, 0x03, 0x00, 0x00, 0x00, 0xaa, 0x20, 0x00, 0x00, 0xab, 0x20, 0x00, 0x00
    .byte 0xac, 0x20, 0x00, 0x00, 0x02, 0x02, 0x00, 0x00, 0x00, 0x00, 0x00, 0x00, 0x00, 0x00, 0xe0, 0xff
    .byte 0xe0, 0xff, 0x20, 0x00, 0x40, 0x00, 0x80, 0x03, 0x60, 0x00, 0x00, 0x00, 0x00, 0x00, 0x00, 0x00
    .byte 0x00, 0x00, 0x00, 0x00, 0x00, 0x00, 0x00, 0x00, 0x00, 0x00, 0x00, 0x00, 0x00, 0x00, 0x00, 0x00
    .byte 0x02, 0x00, 0x00, 0x00, 0x00, 0x00, 0x00, 0x00, 0x00, 0x00, 0x00, 0x00, 0xff, 0xff, 0xff, 0xff
    .byte 0xff, 0xff, 0xff, 0xff, 0x00, 0x00, 0xff, 0xff, 0xff, 0xff, 0xff, 0xff, 0x00, 0x00, 0x1f, 0x00
    .byte 0xf4, 0xd8, 0x0c, 0x00, 0x00, 0x00, 0x00, 0x00, 0x03, 0x00, 0x00, 0x00, 0xaa, 0x20, 0x00, 0x00
    .byte 0xab, 0x20, 0x00, 0x00, 0xac, 0x20, 0x00, 0x00, 0x02, 0x01, 0x00, 0x00, 0x00, 0x00, 0x00, 0x00
    .byte 0x00, 0x00, 0xe0, 0xff, 0xc0, 0xff, 0x20, 0x00, 0x20, 0x00, 0x80, 0x03, 0xe0, 0x00, 0x00, 0x00
    .byte 0x00, 0x00, 0x00, 0x00, 0x00, 0x00, 0x00, 0x00, 0x00, 0x00, 0x00, 0x00, 0x00, 0x00, 0x00, 0x00
    .byte 0x00, 0x00, 0x00, 0x00, 0x02, 0x00, 0x00, 0x00, 0x00, 0x00, 0x00, 0x00, 0x00, 0x00, 0x00, 0x00
    .byte 0xff, 0xff, 0xff, 0xff, 0xff, 0xff, 0xff, 0xff, 0x00, 0x00, 0xff, 0xff, 0xff, 0xff, 0xff, 0xff
    .byte 0x00, 0x00, 0x1f, 0x00, 0xf4, 0xd8, 0x0c, 0x00, 0x00, 0x00, 0x00, 0x00, 0x03, 0x00, 0x00, 0x00
    .byte 0xdb, 0x20, 0x00, 0x00, 0xdc, 0x20, 0x00, 0x00, 0xdd, 0x20, 0x00, 0x00, 0x02, 0x00, 0x00, 0x00
    .byte 0x00, 0x00, 0x00, 0x00, 0x00, 0x00, 0xc1, 0xff, 0xd8, 0xff, 0x30, 0x00, 0x18, 0x00, 0x00, 0x02
    .byte 0xa0, 0x02, 0x00, 0x00, 0x00, 0x00, 0x00, 0x00, 0x00, 0x00, 0x00, 0x00, 0x00, 0x00, 0x00, 0x00
    .byte 0x00, 0x00, 0x00, 0x00, 0x00, 0x00, 0x00, 0x00, 0x02, 0x00, 0x00, 0x00, 0x00, 0x00, 0x00, 0x00
    .byte 0x00, 0x00, 0x00, 0x00, 0xff, 0xff, 0xff, 0xff, 0xff, 0xff, 0xff, 0xff, 0x00, 0x00, 0xff, 0xff
    .byte 0xff, 0xff, 0xff, 0xff, 0x00, 0x00, 0x00, 0x00, 0xf4, 0xd8, 0x0c, 0x00, 0x00, 0x00, 0x00, 0x00
    .byte 0x03, 0x00, 0x00, 0x00, 0x00, 0x10, 0x00, 0x00, 0x01, 0x10, 0x00, 0x00, 0x02, 0x10, 0x00, 0x00
    .byte 0x02, 0x00, 0x0c, 0x08, 0x00, 0x00, 0x00, 0x00, 0x00, 0x00, 0xf0, 0xff, 0xcf, 0xff, 0x10, 0x00
    .byte 0x07, 0x00, 0x30, 0x03, 0x30, 0x00, 0x00, 0x00, 0x10, 0x00, 0x00, 0x10, 0x4b, 0x1b, 0x22, 0x02
    .byte 0x00, 0x00, 0x00, 0x00, 0x00, 0x00, 0x00, 0x00, 0x00, 0x00, 0x00, 0x00, 0xff, 0xff, 0x00, 0x00
    .byte 0x00, 0x00, 0x00, 0x00, 0x00, 0x00, 0x00, 0x00, 0xff, 0xff, 0xff, 0xff, 0xff, 0xff, 0xff, 0xff
    .byte 0xff, 0xff, 0x16, 0x00, 0xff, 0xff, 0xff, 0xff, 0x00, 0x00, 0x00, 0x00, 0xf4, 0xd8, 0x0c, 0x00
    .byte 0x00, 0x00, 0x00, 0x00, 0x03, 0x00, 0x00, 0x00, 0x00, 0x10, 0x00, 0x00, 0x01, 0x10, 0x00, 0x00
    .byte 0x02, 0x10, 0x00, 0x00, 0x02, 0x00, 0x0c, 0x08, 0x00, 0x00, 0x00, 0x00, 0x00, 0x00, 0xf0, 0xff
    .byte 0xcf, 0xff, 0x10, 0x00, 0x07, 0x00, 0x88, 0x01, 0xc0, 0x00, 0x00, 0x00, 0x10, 0x00, 0x00, 0x10
    .byte 0xbd, 0x3f, 0x22, 0x02, 0x00, 0x00, 0x00, 0x00, 0x00, 0x00, 0x00, 0x00, 0x00, 0x00, 0x00, 0x00
    .byte 0xff, 0xff, 0x00, 0x00, 0x00, 0x00, 0x00, 0x00, 0x00, 0x00, 0x00, 0x00, 0xff, 0xff, 0xff, 0xff
    .byte 0xff, 0xff, 0xff, 0xff, 0x00, 0x00, 0x17, 0x00, 0xff, 0xff, 0xff, 0xff, 0x00, 0x00, 0x00, 0x00
    .byte 0xf0, 0xf0, 0x10, 0x10, 0x00, 0x00, 0x00, 0x00, 0x03, 0x00, 0x00, 0x00, 0x00, 0x10, 0x00, 0x00
    .byte 0x01, 0x10, 0x00, 0x00, 0x02, 0x10, 0x00, 0x00, 0x02, 0x00, 0x00, 0x00, 0x00, 0x00, 0x00, 0x00
    .byte 0x00, 0x00, 0xf0, 0xff, 0xcf, 0xff, 0x10, 0x00, 0x07, 0x00, 0xf6, 0xff, 0xf6, 0xff, 0x00, 0x00
    .byte 0x06, 0x00, 0x00, 0x10, 0x46, 0x22, 0x22, 0x02, 0x00, 0x00, 0x00, 0x00, 0x00, 0x00, 0x00, 0x00
    .byte 0x00, 0x00, 0x00, 0x00, 0xff, 0xff, 0x00, 0x00, 0x00, 0x00, 0x00, 0x00, 0x00, 0x00, 0x00, 0x00
    .byte 0xff, 0xff, 0xff, 0xff, 0xff, 0xff, 0xff, 0xff, 0x00, 0x00, 0x18, 0x00, 0xff, 0xff, 0xff, 0xff
    .byte 0x00, 0x00, 0x00, 0x00, 0xf4, 0xd8, 0x0c, 0x00, 0x00, 0x00, 0x00, 0x00, 0x03, 0x00, 0x00, 0x00
    .byte 0x00, 0x10, 0x00, 0x00, 0x01, 0x10, 0x00, 0x00, 0x02, 0x10, 0x00, 0x00, 0x02, 0x00, 0x00, 0x00
    .byte 0x00, 0xf8, 0x00, 0x00, 0x00, 0x00, 0xe0, 0xff, 0xc8, 0xff, 0x20, 0x00, 0x08, 0x00, 0x00, 0xfe
    .byte 0x00, 0xfe, 0x00, 0x00, 0x00, 0x00, 0x00, 0x12, 0x49, 0x22, 0x22, 0x02, 0x00, 0x00, 0x00, 0x00
    .byte 0x00, 0x00, 0x00, 0x00, 0x00, 0x00, 0x00, 0x00, 0xff, 0xff, 0x00, 0x00, 0x00, 0x00, 0x00, 0x00
    .byte 0x00, 0x00, 0x00, 0x00, 0xff, 0xff, 0xff, 0xff, 0xff, 0xff, 0xff, 0xff, 0x00, 0x00, 0x19, 0x00
    .byte 0xff, 0xff, 0xff, 0xff, 0x00, 0x00, 0x1e, 0x00, 0xf4, 0xd8, 0x0c, 0x00, 0x00, 0x00, 0x00, 0x00
    .byte 0x03, 0x00, 0x00, 0x00, 0x00, 0x10, 0x00, 0x00, 0x01, 0x10, 0x00, 0x00, 0x02, 0x10, 0x00, 0x00
    .byte 0x02, 0x00, 0x00, 0x00, 0x00, 0xfc, 0x00, 0x00, 0x00, 0x00, 0xe0, 0xff, 0xc8, 0xff, 0x20, 0x00
    .byte 0x08, 0x00, 0x00, 0xfe, 0x00, 0xfe, 0x00, 0x00, 0x00, 0x00, 0x00, 0x12, 0xe3, 0x2c, 0x22, 0x02
    .byte 0x00, 0x00, 0x00, 0x00, 0x00, 0x00, 0x00, 0x00, 0x00, 0x00, 0x00, 0x00, 0xff, 0xff, 0x00, 0x00
    .byte 0x00, 0x00, 0x00, 0x00, 0x00, 0x00, 0x00, 0x00, 0xff, 0xff, 0xff, 0xff, 0xff, 0xff, 0xff, 0xff
    .byte 0x00, 0x00, 0x1a, 0x00, 0xff, 0xff, 0xff, 0xff, 0x00, 0x00, 0x1e, 0x00, 0xf4, 0xd8, 0x0c, 0x00
    .byte 0x00, 0x00, 0x00, 0x00, 0x03, 0x00, 0x00, 0x00, 0x00, 0x10, 0x00, 0x00, 0x01, 0x10, 0x00, 0x00
    .byte 0x02, 0x10, 0x00, 0x00, 0x02, 0x00, 0x00, 0x00, 0x00, 0xfc, 0x00, 0x00, 0x00, 0x00, 0xe0, 0xff
    .byte 0xc8, 0xff, 0x20, 0x00, 0x08, 0x00, 0x00, 0xfe, 0x00, 0xfe, 0x00, 0x00, 0x00, 0x00, 0x00, 0x12
    .byte 0x50, 0x36, 0x22, 0x02, 0x00, 0x00, 0x00, 0x00, 0x00, 0x00, 0x00, 0x00, 0x00, 0x00, 0x00, 0x00
    .byte 0xff, 0xff, 0x00, 0x00, 0x00, 0x00, 0x00, 0x00, 0x00, 0x00, 0x00, 0x00, 0xff, 0xff, 0xff, 0xff
    .byte 0xff, 0xff, 0xff, 0xff, 0x00, 0x00, 0x1b, 0x00, 0xff, 0xff, 0xff, 0xff, 0x00, 0x00, 0x1e, 0x00
    .byte 0xf4, 0xd8, 0x0c, 0x00, 0x00, 0x00, 0x00, 0x00, 0x00, 0x00, 0x00, 0x00, 0x00, 0x00, 0x00, 0x00
    .byte 0x00, 0x00, 0x00, 0x00, 0x00, 0x00, 0x00, 0x00, 0x00, 0x00, 0x00, 0x00, 0x00, 0x00, 0x00, 0x00
    .byte 0x00, 0x00, 0x00, 0x00, 0x00, 0x00, 0x00, 0x00, 0x00, 0x00, 0x00, 0x00, 0x00, 0x00, 0x00, 0x00
    .byte 0x00, 0x00, 0x00, 0x00, 0x00, 0x00, 0x00, 0x00, 0x00, 0x00, 0x00, 0x00, 0x00, 0x00, 0x00, 0x00
    .byte 0x00, 0x00, 0x00, 0x00, 0x00, 0x00, 0x00, 0x00, 0x00, 0x00, 0x00, 0x00, 0x00, 0x00, 0x00, 0x00
    .byte 0x00, 0x00, 0x00, 0x00, 0x00, 0x00, 0x00, 0x00, 0x00, 0x00, 0x00, 0x00, 0x00, 0x00, 0x00, 0x00
    .byte 0x00, 0x00, 0x00, 0x00, 0x00, 0x00, 0x00, 0x00, 0x00, 0x00, 0x00, 0x00, 0x2c, 0x62, 0x10, 0x00
    .byte 0x00, 0x2c, 0x01, 0x10, 0x00, 0x00, 0x2c, 0x63, 0x10, 0x00, 0x00, 0x2c, 0x02, 0x00, 0x00, 0x00
    .byte 0x2c, 0x10, 0x00, 0x00, 0x00, 0x15, 0x73, 0x20, 0x00, 0x00, 0x15, 0x55, 0x20, 0x00, 0x00, 0x2c
    .byte 0x61, 0x00, 0x00, 0x00, 0x15, 0xe0, 0x2c, 0x3c, 0x00, 0x00, 0x00, 0x15, 0x07, 0x15, 0x08, 0x00
    .byte 0x15, 0x28, 0x2c, 0x00, 0x10, 0x00, 0x00, 0x2c, 0x01, 0x10, 0x00, 0x00, 0x2c, 0x02, 0x10, 0x00
    .byte 0x00, 0x2c, 0x02, 0x00, 0x00, 0x00, 0x20, 0x00, 0x00, 0x15, 0x73, 0x2c, 0x01, 0x00, 0x00, 0x00
    .byte 0x15, 0x25, 0x2c, 0x12, 0x00, 0x00, 0x00, 0x20, 0x00, 0x00, 0x15, 0x32, 0x2d, 0x58, 0x2c, 0x07
    .byte 0x00, 0x00, 0x00, 0x15, 0x47, 0x18, 0x70, 0x17, 0x00, 0x2d, 0x58, 0x2c, 0x08, 0x00, 0x00, 0x00
    .byte 0x15, 0x47, 0x18, 0x70, 0x17, 0x00, 0x15, 0x1e, 0x18, 0x70, 0x17, 0x00, 0x15, 0x75, 0x20, 0x00
    .byte 0x00, 0x15, 0x06, 0x00, 0x15, 0xa2, 0x00, 0x2c, 0x01, 0x00, 0x00, 0x00, 0x15, 0x09, 0x00, 0x20
    .byte 0x00, 0x00, 0x15, 0x09, 0x00, 0x15, 0x0d, 0x00, 0x00, 0x20, 0x00, 0x00, 0x15, 0x17, 0x00, 0x2c
    .byte 0x01, 0x00, 0x00, 0x00, 0x15, 0x25, 0x00, 0x20, 0x00, 0x00, 0x15, 0x25, 0x00, 0x20, 0x00, 0x00
    .byte 0x20, 0x00, 0x00, 0x20, 0x00, 0x00, 0x15, 0x02, 0x20, 0x00, 0x00, 0x15, 0x3d, 0x20, 0x00, 0x00
    .byte 0x15, 0x09, 0x00, 0x20, 0x00, 0x00, 0x15, 0x18, 0x20, 0x00, 0x00, 0x15, 0x19, 0x20, 0x00, 0x00
    .byte 0x15, 0x09, 0x00, 0x2c, 0x0c, 0xfe, 0xff, 0xff, 0x2c, 0x0c, 0xfe, 0xff, 0xff, 0x20, 0x00, 0x00
    .byte 0x15, 0x02, 0x20, 0x00, 0x00, 0x15, 0x09, 0x00, 0x15, 0x2c, 0x00, 0x20, 0x00, 0x00, 0x15, 0x17
    .byte 0x2c, 0x00, 0x10, 0x00, 0x00, 0x2c, 0x01, 0x10, 0x00, 0x00, 0x2c, 0x02, 0x10, 0x00, 0x00, 0x2c
    .byte 0x02, 0x00, 0x00, 0x00, 0x20, 0x00, 0x00, 0x15, 0x73, 0x2c, 0x01, 0x00, 0x00, 0x00, 0x15, 0x09
    .byte 0x20, 0x00, 0x00, 0x15, 0x75, 0x00, 0x2c, 0x06, 0x00, 0x00, 0x00, 0x20, 0x00, 0x00, 0x20, 0x00
    .byte 0x00, 0x20, 0x00, 0x00, 0x15, 0xcd, 0x00, 0x22, 0x2c, 0x15, 0x00, 0x00, 0x00, 0x2c, 0x9e, 0x00
    .byte 0x00, 0x00, 0x2c, 0x7f, 0x00, 0x00, 0x00, 0x15, 0x0a, 0x2c, 0x03, 0x10, 0x00, 0x00, 0x2c, 0x01
    .byte 0x10, 0x00, 0x00, 0x2c, 0x04, 0x10, 0x00, 0x00, 0x2c, 0x02, 0x00, 0x00, 0x00, 0x2c, 0x18, 0x00
    .byte 0x00, 0x00, 0x15, 0x73, 0x2c, 0x00, 0x01, 0x00, 0x00, 0x15, 0x17, 0x2c, 0x01, 0x00, 0x00, 0x00
    .byte 0x15, 0x06, 0x2c, 0x01, 0x00, 0x00, 0x00, 0x15, 0x09, 0x2c, 0x13, 0x00, 0x00, 0x00, 0x20, 0x00
    .byte 0x00, 0x20, 0x00, 0x00, 0x2c, 0x30, 0x00, 0x00, 0x00, 0x20, 0x00, 0x00, 0x20, 0x00, 0x00, 0x20
    .byte 0x00, 0x00, 0x15, 0x53, 0x15, 0x46, 0x15, 0x8b, 0x18, 0x70, 0x32, 0x00, 0x00, 0x00, 0x00, 0x00
    .byte 0x13, 0xfa, 0xe2, 0x21, 0x02, 0x01, 0xe6, 0xe2, 0x21, 0x02, 0x2c, 0x93, 0x00, 0x00, 0x00, 0x2c
    .byte 0x01, 0x00, 0x00, 0x00, 0x20, 0x00, 0x00, 0x20, 0x00, 0x00, 0x15, 0xb8, 0x15, 0x5a, 0x20, 0x00
    .byte 0x00, 0x15, 0x75, 0x2c, 0x85, 0x03, 0x00, 0x00, 0x15, 0x36, 0x2c, 0x2b, 0x00, 0x00, 0x00, 0x15
    .byte 0x05, 0x2c, 0x01, 0x00, 0x00, 0x00, 0x15, 0x06, 0x2c, 0x5a, 0x00, 0x00, 0x00, 0x15, 0x07, 0x15
    .byte 0x08, 0x2c, 0xe0, 0x03, 0x00, 0x00, 0x15, 0x37, 0x18, 0x70, 0x32, 0x00, 0x00, 0x00, 0x00, 0x00
    .byte 0x14, 0x4a, 0xe3, 0x21, 0x02, 0x01, 0x31, 0xe3, 0x21, 0x02, 0x00, 0x20, 0x00, 0x00, 0x15, 0x75
    .byte 0x2c, 0x00, 0x01, 0x00, 0x00, 0x15, 0x17, 0x2c, 0x0f, 0x10, 0x00, 0x00, 0x2c, 0x01, 0x10, 0x00
    .byte 0x00, 0x2c, 0x10, 0x10, 0x00, 0x00, 0x2c, 0x02, 0x00, 0x00, 0x00, 0x2c, 0x21, 0x00, 0x00, 0x00
    .byte 0x15, 0x73, 0x15, 0x16, 0x15, 0x46, 0x29, 0x00, 0x66, 0x32, 0x00, 0x01, 0x00, 0x00, 0x00, 0x13
    .byte 0x92, 0xe3, 0x21, 0x02, 0x29, 0x00, 0x66, 0x32, 0x00, 0x08, 0x00, 0x00, 0x00, 0x14, 0x17, 0xe4
    .byte 0x21, 0x02, 0x2c, 0x03, 0x00, 0x00, 0x00, 0x38, 0x00, 0x20, 0x00, 0x00, 0x20, 0x00, 0x00, 0x20
    .byte 0x00, 0x00, 0x20, 0x00, 0x00, 0x20, 0x00, 0x00, 0x15, 0x53, 0x2c, 0x01, 0x00, 0x00, 0x00, 0x38
    .byte 0x00, 0x15, 0x85, 0x37, 0x00, 0x00, 0x32, 0x00, 0x01, 0x00, 0x00, 0x00, 0x14, 0xec, 0xe3, 0x21
    .byte 0x02, 0x15, 0x8b, 0x18, 0x70, 0x32, 0x00, 0x00, 0x00, 0x00, 0x00, 0x13, 0xd5, 0xe3, 0x21, 0x02
    .byte 0x01, 0xc1, 0xe3, 0x21, 0x02, 0x2c, 0x20, 0x03, 0x00, 0x00, 0x2c, 0x01, 0x00, 0x00, 0x00, 0x20
    .byte 0x00, 0x00, 0x20, 0x00, 0x00, 0x15, 0xb8, 0x25, 0x12, 0xe4, 0x21, 0x02, 0x15, 0x8b, 0x18, 0x70
    .byte 0x32, 0x00, 0x00, 0x00, 0x00, 0x00, 0x13, 0x00, 0xe4, 0x21, 0x02, 0x01, 0xec, 0xe3, 0x21, 0x02
    .byte 0x2c, 0xe1, 0x02, 0x00, 0x00, 0x2c, 0x01, 0x00, 0x00, 0x00, 0x20, 0x00, 0x00, 0x20, 0x00, 0x00
    .byte 0x15, 0xb8, 0x25, 0x7a, 0xe5, 0x21, 0x02, 0x29, 0x00, 0x66, 0x32, 0x00, 0x03, 0x00, 0x00, 0x00
    .byte 0x13, 0x33, 0xe4, 0x21, 0x02, 0x29, 0x00, 0x66, 0x32, 0x00, 0x09, 0x00, 0x00, 0x00, 0x14, 0x77
    .byte 0xe4, 0x21, 0x02, 0x2c, 0x04, 0x00, 0x00, 0x00, 0x2c, 0x03, 0x00, 0x00, 0x00, 0x2d, 0xd9, 0x2d
    .byte 0x63, 0x20, 0x00, 0x00, 0x20, 0x00, 0x00, 0x20, 0x00, 0x00, 0x15, 0x53, 0x15, 0x8b, 0x18, 0x70
    .byte 0x32, 0x00, 0x00, 0x00, 0x00, 0x00, 0x13, 0x60, 0xe4, 0x21, 0x02, 0x01, 0x4c, 0xe4, 0x21, 0x02
    .byte 0x2c, 0x01, 0x00, 0x00, 0x00, 0x2c, 0x01, 0x00, 0x00, 0x00, 0x20, 0x00, 0x00, 0x20, 0x00, 0x00
    .byte 0x15, 0xb8, 0x25, 0x7a, 0xe5, 0x21, 0x02, 0x29, 0x00, 0x66, 0x32, 0x00, 0x04, 0x00, 0x00, 0x00
    .byte 0x14, 0xd2, 0xe4, 0x21, 0x02, 0x2c, 0x04, 0x00, 0x00, 0x00, 0x2c, 0x03, 0x00, 0x00, 0x00, 0x2c
    .byte 0x3d, 0x00, 0x00, 0x00, 0x2d, 0x63, 0x20, 0x00, 0x00, 0x20, 0x00, 0x00, 0x20, 0x00, 0x00, 0x15
    .byte 0x53, 0x29, 0x00, 0xd9, 0x26, 0x00, 0xc0, 0x15, 0x8b, 0x18, 0x70, 0x32, 0x00, 0x00, 0x00, 0x00
    .byte 0x00, 0x13, 0xbb, 0xe4, 0x21, 0x02, 0x01, 0xa7, 0xe4, 0x21, 0x02, 0x2c, 0x02, 0x00, 0x00, 0x00
    .byte 0x2c, 0x01, 0x00, 0x00, 0x00, 0x20, 0x00, 0x00, 0x20, 0x00, 0x00, 0x15, 0xb8, 0x25, 0x7a, 0xe5
    .byte 0x21, 0x02, 0x29, 0x00, 0x66, 0x32, 0x00, 0x0a, 0x00, 0x00, 0x00, 0x14, 0x40, 0xe5, 0x21, 0x02
    .byte 0x29, 0x00, 0xd9, 0x26, 0x00, 0xbe, 0x15, 0x8b, 0x18, 0x70, 0x32, 0x00, 0x00, 0x00, 0x00, 0x00
    .byte 0x13, 0xfa, 0xe4, 0x21, 0x02, 0x01, 0xe6, 0xe4, 0x21, 0x02, 0x2c, 0x46, 0x00, 0x00, 0x00, 0x2c
    .byte 0x01, 0x00, 0x00, 0x00, 0x20, 0x00, 0x00, 0x20, 0x00, 0x00, 0x15, 0xb8, 0x15, 0x5a, 0x2c, 0x97
    .byte 0x03, 0x00, 0x00, 0x15, 0x37, 0x18, 0x70, 0x32, 0x00, 0x00, 0x00, 0x00, 0x00, 0x14, 0x33, 0xe5
    .byte 0x21, 0x02, 0x2c, 0xb4, 0x03, 0x00, 0x00, 0x15, 0x35, 0x2c, 0x08, 0x00, 0x00, 0x00, 0x20, 0x00
    .byte 0x00, 0x15, 0x78, 0x2c, 0x97, 0x03, 0x00, 0x00, 0x15, 0x35, 0x00, 0x25, 0x7a, 0xe5, 0x21, 0x02
    .byte 0x29, 0x00, 0x66, 0x32, 0x00, 0x0b, 0x00, 0x00, 0x00, 0x14, 0x7a, 0xe5, 0x21, 0x02, 0x29, 0x00
    .byte 0xd9, 0x26, 0x00, 0xbe, 0x15, 0x8b, 0x18, 0x70, 0x32, 0x00, 0x00, 0x00, 0x00, 0x00, 0x13, 0x68
    .byte 0xe5, 0x21, 0x02, 0x01, 0x54, 0xe5, 0x21, 0x02, 0x2c, 0x57, 0x02, 0x00, 0x00, 0x2c, 0x01, 0x00
    .byte 0x00, 0x00, 0x20, 0x00, 0x00, 0x20, 0x00, 0x00, 0x15, 0xb8, 0x15, 0x5a, 0x00, 0x20, 0x00, 0x00
    .byte 0x2c, 0x9f, 0xe5, 0x21, 0x02, 0x15, 0x39, 0x20, 0x00, 0x00, 0x15, 0x42, 0x18, 0x70, 0x32, 0x00
    .byte 0x00, 0x00, 0x00, 0x00, 0x14, 0x9e, 0xe5, 0x21, 0x02, 0x01, 0x87, 0xe5, 0x21, 0x02, 0x22, 0x2c
    .byte 0x15, 0x00, 0x00, 0x00, 0x2c, 0x9d, 0x00, 0x00, 0x00, 0x2c, 0x7f, 0x00, 0x00, 0x00, 0x15, 0x0a
    .byte 0x2c, 0x00, 0x01, 0x00, 0x00, 0x15, 0x17, 0x2c, 0x0f, 0x10, 0x00, 0x00, 0x2c, 0x01, 0x10, 0x00
    .byte 0x00, 0x2c, 0x10, 0x10, 0x00, 0x00, 0x2c, 0x02, 0x00, 0x00, 0x00, 0x2c, 0x21, 0x00, 0x00, 0x00
    .byte 0x15, 0x73, 0x2c, 0x21, 0x00, 0x00, 0x00, 0x15, 0x05, 0x15, 0x16, 0x00, 0x20, 0x00, 0x00, 0x2c
    .byte 0xfe, 0xe5, 0x21, 0x02, 0x15, 0x39, 0x20, 0x00, 0x00, 0x15, 0x42, 0x18, 0x70, 0x32, 0x00, 0x00
    .byte 0x00, 0x00, 0x00, 0x14, 0xfd, 0xe5, 0x21, 0x02, 0x01, 0xe6, 0xe5, 0x21, 0x02, 0x22, 0x2c, 0x15
    .byte 0x00, 0x00, 0x00, 0x2c, 0x9c, 0x00, 0x00, 0x00, 0x2c, 0x7f, 0x00, 0x00, 0x00, 0x15, 0x0a, 0x2c
    .byte 0x00, 0x01, 0x00, 0x00, 0x15, 0x17, 0x2c, 0x0f, 0x10, 0x00, 0x00, 0x2c, 0x01, 0x10, 0x00, 0x00
    .byte 0x2c, 0x10, 0x10, 0x00, 0x00, 0x2c, 0x02, 0x00, 0x00, 0x00, 0x2c, 0x21, 0x00, 0x00, 0x00, 0x15
    .byte 0x73, 0x2c, 0x21, 0x00, 0x00, 0x00, 0x15, 0x05, 0x15, 0x16, 0x00, 0x2c, 0x00, 0x10, 0x00, 0x00
    .byte 0x2c, 0x01, 0x10, 0x00, 0x00, 0x2c, 0x02, 0x10, 0x00, 0x00, 0x2c, 0x02, 0x00, 0x00, 0x00, 0x20
    .byte 0x00, 0x00, 0x15, 0x73, 0x2c, 0x01, 0x00, 0x00, 0x00, 0x15, 0x25, 0x2c, 0x12, 0x00, 0x00, 0x00
    .byte 0x20, 0x00, 0x00, 0x15, 0x32, 0x2d, 0xd2, 0x2c, 0x07, 0x00, 0x00, 0x00, 0x15, 0x47, 0x18, 0x70
    .byte 0x17, 0x00, 0x2d, 0xd2, 0x2c, 0x08, 0x00, 0x00, 0x00, 0x15, 0x47, 0x18, 0x70, 0x17, 0x00, 0x15
    .byte 0x1e, 0x18, 0x70, 0x17, 0x00, 0x15, 0x75, 0x20, 0x00, 0x00, 0x15, 0x06, 0x00, 0x2c, 0x01, 0x00
    .byte 0x00, 0x00, 0x15, 0x09, 0x2c, 0x00, 0x10, 0x00, 0x00, 0x2c, 0x01, 0x10, 0x00, 0x00, 0x2c, 0x02
    .byte 0x10, 0x00, 0x00, 0x2c, 0x02, 0x00, 0x00, 0x00, 0x20, 0x00, 0x00, 0x15, 0x73, 0x20, 0x00, 0x00
    .byte 0x15, 0x75, 0x00, 0x2c, 0x00, 0x10, 0x00, 0x00, 0x2c, 0x01, 0x10, 0x00, 0x00, 0x2c, 0x02, 0x10
    .byte 0x00, 0x00, 0x2c, 0x02, 0x00, 0x00, 0x00, 0x20, 0x00, 0x00, 0x15, 0x73, 0x2c, 0x12, 0x00, 0x00
    .byte 0x00, 0x2c, 0x08, 0x00, 0x00, 0x00, 0x15, 0x32, 0x2d, 0x02, 0x2c, 0x07, 0x00, 0x00, 0x00, 0x15
    .byte 0x47, 0x18, 0x70, 0x17, 0x00, 0x2d, 0x02, 0x2c, 0x08, 0x00, 0x00, 0x00, 0x15, 0x47, 0x18, 0x70
    .byte 0x17, 0x00, 0x15, 0x1e, 0x18, 0x70, 0x17, 0x00, 0x15, 0x75, 0x20, 0x00, 0x00, 0x15, 0x06, 0x2c
    .byte 0x01, 0x00, 0x00, 0x00, 0x15, 0x07, 0x15, 0x08, 0x25, 0xd8, 0xe6, 0x21, 0x02, 0x00, 0x2c, 0x00
    .byte 0x10, 0x00, 0x00, 0x2c, 0x01, 0x10, 0x00, 0x00, 0x2c, 0x02, 0x10, 0x00, 0x00, 0x2c, 0x02, 0x00
    .byte 0x00, 0x00, 0x2c, 0x1e, 0x00, 0x00, 0x00, 0x15, 0x73, 0x2c, 0x01, 0x00, 0x00, 0x00, 0x15, 0x06
    .byte 0x2c, 0x3c, 0x00, 0x00, 0x00, 0x15, 0x07, 0x15, 0x08, 0x00, 0x2c, 0x0b, 0x10, 0x00, 0x00, 0x2c
    .byte 0x01, 0x10, 0x00, 0x00, 0x2c, 0x0c, 0x10, 0x00, 0x00, 0x2c, 0x02, 0x00, 0x00, 0x00, 0x03, 0x00
    .byte 0x08, 0x00, 0x00, 0x00, 0x29, 0x01, 0xff, 0x04, 0x10, 0x17, 0x00, 0x15, 0x73, 0x00, 0x00, 0x2c
    .byte 0x93, 0x03, 0x00, 0x00, 0x15, 0x37, 0x18, 0x70, 0x14, 0xa9, 0xe7, 0x21, 0x02, 0x2d, 0x70, 0x15
    .byte 0x41, 0x2c, 0x05, 0x00, 0x00, 0x00, 0x2c, 0x64, 0x00, 0x00, 0x00, 0x15, 0xe0, 0x18, 0x70, 0x32
    .byte 0x00, 0x01, 0x00, 0x00, 0x00, 0x14, 0x9b, 0xe7, 0x21, 0x02, 0x2c, 0x16, 0x00, 0x00, 0x00, 0x2c
    .byte 0x64, 0x00, 0x00, 0x00, 0x2c, 0x05, 0x00, 0x00, 0x00, 0x15, 0x0a, 0x03, 0x00, 0x00, 0x00, 0x00
    .byte 0x00, 0x26, 0x00, 0x70, 0x2d, 0x70, 0x15, 0x41, 0x00, 0x01, 0x5f, 0xe7, 0x21, 0x02, 0x2c, 0x0d
    .byte 0x00, 0x00, 0x00, 0x20, 0x00, 0x00, 0x2c, 0xff, 0xff, 0xff, 0xff, 0x2c, 0xff, 0xff, 0xff, 0xff
    .byte 0x2c, 0xff, 0xff, 0xff, 0xff, 0x15, 0xdc, 0x20, 0x00, 0x00, 0x2c, 0xff, 0xff, 0xff, 0xff, 0x2c
    .byte 0xff, 0xff, 0xff, 0xff, 0x15, 0xdd, 0x18, 0x70, 0x14, 0x2f, 0xe8, 0x21, 0x02, 0x2c, 0x01, 0x00
    .byte 0x00, 0x00, 0x2c, 0xff, 0xff, 0xff, 0xff, 0x2c, 0xff, 0xff, 0xff, 0xff, 0x15, 0xdd, 0x18, 0x70
    .byte 0x32, 0x00, 0x5b, 0x02, 0x00, 0x00, 0x14, 0x2f, 0xe8, 0x21, 0x02, 0x2c, 0x06, 0x00, 0x00, 0x00
    .byte 0x20, 0x00, 0x00, 0x2c, 0xff, 0xff, 0xff, 0xff, 0x2c, 0xff, 0xff, 0xff, 0xff, 0x2c, 0xff, 0xff
    .byte 0xff, 0xff, 0x15, 0xdc, 0x2c, 0x0b, 0x00, 0x00, 0x00, 0x2c, 0xff, 0xff, 0xff, 0xff, 0x2c, 0xff
    .byte 0xff, 0xff, 0xff, 0x2c, 0xff, 0xff, 0xff, 0xff, 0x2c, 0xff, 0xff, 0xff, 0xff, 0x15, 0xdc, 0x29
    .byte 0x00, 0xfd, 0x32, 0x00, 0x00, 0x00, 0x00, 0x00, 0x14, 0xb8, 0xe8, 0x21, 0x02, 0x2c, 0xff, 0xe0
    .byte 0xf5, 0x05, 0x15, 0xaa, 0x2c, 0x03, 0x00, 0x00, 0x00, 0x2c, 0x2b, 0x00, 0x00, 0x00, 0x15, 0xef
    .byte 0x2c, 0x04, 0x00, 0x00, 0x00, 0x15, 0x35, 0x15, 0xda, 0x29, 0x00, 0xed, 0x0d, 0x00, 0x00, 0x02
    .byte 0x00, 0x00, 0x35, 0x00, 0x00, 0x00, 0x00, 0x00, 0x32, 0x00, 0x01, 0x00, 0x00, 0x00, 0x14, 0xb3
    .byte 0xe8, 0x21, 0x02, 0x2c, 0x04, 0x00, 0x00, 0x00, 0x2c, 0x77, 0x00, 0x00, 0x00, 0x15, 0xef, 0x03
    .byte 0x00, 0x33, 0x00, 0x00, 0x00, 0x26, 0x00, 0x70, 0x03, 0x00, 0x32, 0x00, 0x00, 0x00, 0x26, 0x00
    .byte 0xfd, 0x2c, 0x03, 0x00, 0x00, 0x00, 0x2c, 0x4c, 0x00, 0x00, 0x00, 0x15, 0xef, 0x2c, 0x03, 0x00
    .byte 0x00, 0x00, 0x2c, 0x3a, 0x00, 0x00, 0x00, 0x15, 0xef, 0x20, 0x00, 0x00, 0x2c, 0x80, 0x1a, 0x22
    .byte 0x02, 0x15, 0x39, 0x25, 0x07, 0xe9, 0x21, 0x02, 0x29, 0x00, 0xfd, 0x32, 0x00, 0x31, 0x00, 0x00
    .byte 0x00, 0x14, 0xcb, 0xe8, 0x21, 0x02, 0x25, 0x07, 0xe9, 0x21, 0x02, 0x29, 0x00, 0xfd, 0x32, 0x00
    .byte 0x32, 0x00, 0x00, 0x00, 0x14, 0xde, 0xe8, 0x21, 0x02, 0x25, 0x07, 0xe9, 0x21, 0x02, 0x29, 0x00
    .byte 0xfd, 0x32, 0x00, 0x35, 0x00, 0x00, 0x00, 0x14, 0xf1, 0xe8, 0x21, 0x02, 0x25, 0x07, 0xe9, 0x21
    .byte 0x02, 0x20, 0x00, 0x00, 0x2c, 0x90, 0x1a, 0x22, 0x02, 0x15, 0x39, 0x2c, 0x02, 0x00, 0x00, 0x00
    .byte 0x2c, 0x2f, 0xe9, 0x21, 0x02, 0x15, 0x39, 0x21, 0x9f, 0x18, 0x22, 0x02, 0x2c, 0x8a, 0xec, 0x21
    .byte 0x02, 0x15, 0x4d, 0x03, 0x00, 0xc8, 0x00, 0x00, 0x00, 0x26, 0x00, 0x98, 0x03, 0x00, 0x00, 0x00
    .byte 0x00, 0x00, 0x26, 0x00, 0x99, 0x2c, 0x05, 0x00, 0x00, 0x00, 0x15, 0x07, 0x15, 0x08, 0x00, 0x29
    .byte 0x00, 0xfd, 0x31, 0x00, 0x8d, 0x00, 0x00, 0x00, 0x14, 0x4b, 0xe9, 0x21, 0x02, 0x29, 0x00, 0xfd
    .byte 0x33, 0x00, 0x9b, 0x00, 0x00, 0x00, 0x13, 0x5f, 0xe9, 0x21, 0x02, 0x2c, 0xf6, 0x03, 0x00, 0x00
    .byte 0x15, 0x37, 0x18, 0x70, 0x32, 0x00, 0x01, 0x00, 0x00, 0x00, 0x14, 0x89, 0xec, 0x21, 0x02, 0x2c
    .byte 0xf6, 0x03, 0x00, 0x00, 0x15, 0x37, 0x18, 0x70, 0x32, 0x00, 0x00, 0x00, 0x00, 0x00, 0x14, 0x8c
    .byte 0xe9, 0x21, 0x02, 0x2c, 0x03, 0x00, 0x00, 0x00, 0x2c, 0x10, 0x00, 0x00, 0x00, 0x20, 0x00, 0x00
    .byte 0x2c, 0x10, 0x00, 0x00, 0x00, 0x15, 0xd6, 0x25, 0xa0, 0xe9, 0x21, 0x02, 0x2c, 0x03, 0x00, 0x00
    .byte 0x00, 0x2c, 0xf0, 0xff, 0xff, 0xff, 0x20, 0x00, 0x00, 0x2c, 0x10, 0x00, 0x00, 0x00, 0x15, 0xd6
    .byte 0x2c, 0x96, 0x00, 0x00, 0x00, 0x15, 0x07, 0x15, 0x08, 0x29, 0x00, 0xc1, 0x32, 0x00, 0x0a, 0x00
    .byte 0x00, 0x00, 0x14, 0xfa, 0xe9, 0x21, 0x02, 0x2c, 0x4f, 0x02, 0x00, 0x00, 0x15, 0x37, 0x18, 0x70
    .byte 0x32, 0x00, 0x00, 0x00, 0x00, 0x00, 0x14, 0xfa, 0xe9, 0x21, 0x02, 0x2c, 0x4f, 0x02, 0x00, 0x00
    .byte 0x15, 0x35, 0x20, 0x00, 0x00, 0x2c, 0x76, 0x00, 0x00, 0x00, 0x15, 0xe0, 0x2c, 0x3c, 0x00, 0x00
    .byte 0x00, 0x15, 0x07, 0x15, 0x08, 0x2c, 0x0f, 0x00, 0x00, 0x00, 0x2c, 0x79, 0x00, 0x00, 0x00, 0x15
    .byte 0x78, 0x2c, 0x0a, 0x00, 0x00, 0x00, 0x15, 0x07, 0x15, 0x08, 0x2c, 0x2f, 0x02, 0x00, 0x00, 0x15
    .byte 0x37, 0x18, 0x70, 0x32, 0x00, 0x00, 0x00, 0x00, 0x00, 0x14, 0x3d, 0xea, 0x21, 0x02, 0x20, 0x00
    .byte 0x00, 0x2c, 0x76, 0x00, 0x00, 0x00, 0x15, 0xe0, 0x2c, 0x3c, 0x00, 0x00, 0x00, 0x15, 0x07, 0x15
    .byte 0x08, 0x2c, 0x0f, 0x00, 0x00, 0x00, 0x2c, 0x5d, 0x00, 0x00, 0x00, 0x15, 0x78, 0x2c, 0x0a, 0x00
    .byte 0x00, 0x00, 0x15, 0x07, 0x15, 0x08, 0x2c, 0x2f, 0x02, 0x00, 0x00, 0x15, 0x35, 0x2c, 0xf2, 0x03
    .byte 0x00, 0x00, 0x15, 0x36, 0x15, 0x82, 0x20, 0x00, 0x00, 0x2c, 0x2a, 0x00, 0x00, 0x00, 0x15, 0xe0
    .byte 0x15, 0x27, 0x18, 0x70, 0x33, 0x00, 0x00, 0x00, 0x00, 0x00, 0x13, 0x64, 0xea, 0x21, 0x02, 0x01
    .byte 0x50, 0xea, 0x21, 0x02, 0x20, 0x00, 0x00, 0x2c, 0x57, 0x00, 0x00, 0x00, 0x15, 0xe0, 0x2c, 0x99
    .byte 0x03, 0x00, 0x00, 0x15, 0x37, 0x18, 0x70, 0x32, 0x00, 0x00, 0x00, 0x00, 0x00, 0x14, 0xb8, 0xea
    .byte 0x21, 0x02, 0x2c, 0x3c, 0x00, 0x00, 0x00, 0x15, 0x07, 0x15, 0x08, 0x2c, 0x99, 0x03, 0x00, 0x00
    .byte 0x15, 0x35, 0x2c, 0xb6, 0x03, 0x00, 0x00, 0x15, 0x35, 0x2c, 0x08, 0x00, 0x00, 0x00, 0x20, 0x00
    .byte 0x00, 0x15, 0x78, 0x2c, 0x03, 0x00, 0x00, 0x00, 0x2c, 0x1b, 0x00, 0x00, 0x00, 0x15, 0xef, 0x2c
    .byte 0x01, 0x00, 0x00, 0x00, 0x15, 0x07, 0x15, 0x08, 0x2c, 0xf6, 0x03, 0x00, 0x00, 0x15, 0x37, 0x18
    .byte 0x70, 0x32, 0x00, 0x00, 0x00, 0x00, 0x00, 0x14, 0x2f, 0xec, 0x21, 0x02, 0x29, 0x00, 0xc9, 0x32
    .byte 0x00, 0x01, 0x00, 0x00, 0x00, 0x14, 0xf0, 0xea, 0x21, 0x02, 0x2c, 0x15, 0x00, 0x00, 0x00, 0x2c
    .byte 0x77, 0x00, 0x00, 0x00, 0x2c, 0x7f, 0x00, 0x00, 0x00, 0x15, 0x0a, 0x25, 0x2f, 0xec, 0x21, 0x02
    .byte 0x29, 0x00, 0xc9, 0x32, 0x00, 0x02, 0x00, 0x00, 0x00, 0x14, 0x14, 0xeb, 0x21, 0x02, 0x2c, 0x15
    .byte 0x00, 0x00, 0x00, 0x2c, 0x78, 0x00, 0x00, 0x00, 0x2c, 0x7f, 0x00, 0x00, 0x00, 0x15, 0x0a, 0x25
    .byte 0x2f, 0xec, 0x21, 0x02, 0x29, 0x00, 0xc9, 0x32, 0x00, 0x03, 0x00, 0x00, 0x00, 0x14, 0x38, 0xeb
    .byte 0x21, 0x02, 0x2c, 0x15, 0x00, 0x00, 0x00, 0x2c, 0x79, 0x00, 0x00, 0x00, 0x2c, 0x7f, 0x00, 0x00
    .byte 0x00, 0x15, 0x0a, 0x25, 0x2f, 0xec, 0x21, 0x02, 0x29, 0x00, 0xc9, 0x32, 0x00, 0x04, 0x00, 0x00
    .byte 0x00, 0x14, 0x5c, 0xeb, 0x21, 0x02, 0x2c, 0x15, 0x00, 0x00, 0x00, 0x2c, 0x7a, 0x00, 0x00, 0x00
    .byte 0x2c, 0x7f, 0x00, 0x00, 0x00, 0x15, 0x0a, 0x25, 0x2f, 0xec, 0x21, 0x02, 0x29, 0x00, 0xc9, 0x32
    .byte 0x00, 0x05, 0x00, 0x00, 0x00, 0x14, 0x80, 0xeb, 0x21, 0x02, 0x2c, 0x15, 0x00, 0x00, 0x00, 0x2c
    .byte 0x7b, 0x00, 0x00, 0x00, 0x2c, 0x7f, 0x00, 0x00, 0x00, 0x15, 0x0a, 0x25, 0x2f, 0xec, 0x21, 0x02
    .byte 0x29, 0x00, 0xc9, 0x32, 0x00, 0x06, 0x00, 0x00, 0x00, 0x14, 0xa4, 0xeb, 0x21, 0x02, 0x2c, 0x15
    .byte 0x00, 0x00, 0x00, 0x2c, 0x7c, 0x00, 0x00, 0x00, 0x2c, 0x7f, 0x00, 0x00, 0x00, 0x15, 0x0a, 0x25
    .byte 0x2f, 0xec, 0x21, 0x02, 0x29, 0x00, 0xc9, 0x32, 0x00, 0x07, 0x00, 0x00, 0x00, 0x14, 0xc8, 0xeb
    .byte 0x21, 0x02, 0x2c, 0x15, 0x00, 0x00, 0x00, 0x2c, 0x7d, 0x00, 0x00, 0x00, 0x2c, 0x7f, 0x00, 0x00
    .byte 0x00, 0x15, 0x0a, 0x25, 0x2f, 0xec, 0x21, 0x02, 0x29, 0x00, 0xc9, 0x32, 0x00, 0x08, 0x00, 0x00
    .byte 0x00, 0x14, 0xec, 0xeb, 0x21, 0x02, 0x2c, 0x15, 0x00, 0x00, 0x00, 0x2c, 0x7e, 0x00, 0x00, 0x00
    .byte 0x2c, 0x7f, 0x00, 0x00, 0x00, 0x15, 0x0a, 0x25, 0x2f, 0xec, 0x21, 0x02, 0x29, 0x00, 0xc9, 0x32
    .byte 0x00, 0x09, 0x00, 0x00, 0x00, 0x14, 0x10, 0xec, 0x21, 0x02, 0x2c, 0x15, 0x00, 0x00, 0x00, 0x2c
    .byte 0x7f, 0x00, 0x00, 0x00, 0x2c, 0x7f, 0x00, 0x00, 0x00, 0x15, 0x0a, 0x25, 0x2f, 0xec, 0x21, 0x02
    .byte 0x29, 0x00, 0xc9, 0x32, 0x00, 0x0a, 0x00, 0x00, 0x00, 0x14, 0x2f, 0xec, 0x21, 0x02, 0x2c, 0x15
    .byte 0x00, 0x00, 0x00, 0x2c, 0x80, 0x00, 0x00, 0x00, 0x2c, 0x7f, 0x00, 0x00, 0x00, 0x15, 0x0a, 0x2c
    .byte 0xf6, 0x03, 0x00, 0x00, 0x15, 0x36, 0x2c, 0x01, 0x00, 0x00, 0x00, 0x15, 0x79, 0x2c, 0x02, 0x00
    .byte 0x00, 0x00, 0x20, 0x00, 0x00, 0x20, 0x00, 0x00, 0x20, 0x00, 0x00, 0x20, 0x00, 0x00, 0x15, 0x4f
    .byte 0x2c, 0x03, 0x00, 0x00, 0x00, 0x20, 0x00, 0x00, 0x20, 0x00, 0x00, 0x20, 0x00, 0x00, 0x20, 0x00
    .byte 0x00, 0x15, 0x4f, 0x2c, 0x08, 0x00, 0x00, 0x00, 0x20, 0x00, 0x00, 0x20, 0x00, 0x00, 0x20, 0x00
    .byte 0x00, 0x20, 0x00, 0x00, 0x15, 0x4f, 0x2c, 0x09, 0x00, 0x00, 0x00, 0x20, 0x00, 0x00, 0x20, 0x00
    .byte 0x00, 0x20, 0x00, 0x00, 0x20, 0x00, 0x00, 0x15, 0x4f, 0x00, 0x29, 0x00, 0x08, 0x32, 0x00, 0x01
    .byte 0x00, 0x00, 0x00, 0x14, 0x9e, 0x18, 0x22, 0x02, 0x29, 0x00, 0x09, 0x09, 0x00, 0x10, 0x00, 0x00
    .byte 0x00, 0x28, 0x00, 0x00, 0x29, 0x00, 0x0a, 0x09, 0x00, 0x10, 0x00, 0x00, 0x00, 0x28, 0x00, 0x01
    .byte 0x2f, 0x00, 0x2f, 0x01, 0x2c, 0x16, 0x00, 0x00, 0x00, 0x2c, 0x09, 0x00, 0x00, 0x00, 0x2c, 0x1b
    .byte 0x00, 0x00, 0x00, 0x2c, 0x0f, 0x00, 0x00, 0x00, 0x15, 0x5d, 0x18, 0x70, 0x14, 0xa0, 0x02, 0x22
    .byte 0x02, 0x2f, 0x00, 0x2f, 0x01, 0x15, 0x56, 0x18, 0x70, 0x13, 0xa0, 0x02, 0x22, 0x02, 0x2c, 0x64
    .byte 0x00, 0x00, 0x00, 0x15, 0x01, 0x18, 0x70, 0x28, 0x00, 0x02, 0x03, 0x00, 0x28, 0x01, 0x00, 0x00
    .byte 0x32, 0x00, 0xff, 0xff, 0xff, 0xff, 0x14, 0x97, 0xf6, 0x21, 0x02, 0x2b, 0x00, 0x02, 0x34, 0x00
    .byte 0x03, 0x00, 0x00, 0x00, 0x14, 0x57, 0xf4, 0x21, 0x02, 0x2d, 0xfe, 0x15, 0x7c, 0x18, 0x70, 0x31
    .byte 0x00, 0x05, 0x00, 0x00, 0x00, 0x14, 0x57, 0xf4, 0x21, 0x02, 0x29, 0x00, 0xfe, 0x35, 0x00, 0x25
    .byte 0x00, 0x00, 0x00, 0x14, 0x57, 0xf4, 0x21, 0x02, 0x29, 0x00, 0xfe, 0x35, 0x00, 0x4f, 0x00, 0x00
    .byte 0x00, 0x14, 0x57, 0xf4, 0x21, 0x02, 0x2d, 0xfe, 0x15, 0x7c, 0x18, 0x70, 0x31, 0x00, 0x08, 0x00
    .byte 0x00, 0x00, 0x14, 0x05, 0xf2, 0x21, 0x02, 0x2c, 0x02, 0x00, 0x00, 0x00, 0x15, 0x01, 0x18, 0x70
    .byte 0x28, 0x00, 0x02, 0x2b, 0x00, 0x02, 0x32, 0x00, 0x00, 0x00, 0x00, 0x00, 0x14, 0xb3, 0xef, 0x21
    .byte 0x02, 0x29, 0x00, 0xff, 0x32, 0x00, 0x00, 0x00, 0x00, 0x00, 0x14, 0xad, 0xed, 0x21, 0x02, 0x2c
    .byte 0x01, 0x00, 0x00, 0x00, 0x2c, 0x65, 0x01, 0x00, 0x00, 0x15, 0x1f, 0x18, 0x70, 0x05, 0x00, 0x00
    .byte 0x00, 0x00, 0x00, 0x17, 0x00, 0x15, 0x20, 0x18, 0x70, 0x05, 0x00, 0x10, 0x00, 0x00, 0x00, 0x17
    .byte 0x00, 0x15, 0x27, 0x18, 0x70, 0x17, 0x00, 0x2c, 0xff, 0xff, 0xff, 0xff, 0x2c, 0xff, 0xff, 0xff
    .byte 0xff, 0x2c, 0xff, 0xff, 0xff, 0xff, 0x15, 0x33, 0x25, 0xae, 0xef, 0x21, 0x02, 0x29, 0x00, 0xff
    .byte 0x32, 0x00, 0x01, 0x00, 0x00, 0x00, 0x14, 0xf9, 0xed, 0x21, 0x02, 0x2c, 0x01, 0x00, 0x00, 0x00
    .byte 0x2c, 0x65, 0x01, 0x00, 0x00, 0x15, 0x1f, 0x18, 0x70, 0x24, 0x00, 0x0c, 0x00, 0x00, 0x00, 0x17
    .byte 0x00, 0x15, 0x20, 0x18, 0x70, 0x05, 0x00, 0x0c, 0x00, 0x00, 0x00, 0x17, 0x00, 0x15, 0x27, 0x18
    .byte 0x70, 0x17, 0x00, 0x2c, 0xff, 0xff, 0xff, 0xff, 0x2c, 0xff, 0xff, 0xff, 0xff, 0x2c, 0xff, 0xff
    .byte 0xff, 0xff, 0x15, 0x33, 0x25, 0xae, 0xef, 0x21, 0x02, 0x29, 0x00, 0xff, 0x32, 0x00, 0x02, 0x00
    .byte 0x00, 0x00, 0x14, 0x45, 0xee, 0x21, 0x02, 0x2c, 0x01, 0x00, 0x00, 0x00, 0x2c, 0x65, 0x01, 0x00
    .byte 0x00, 0x15, 0x1f, 0x18, 0x70, 0x24, 0x00, 0x10, 0x00, 0x00, 0x00, 0x17, 0x00, 0x15, 0x20, 0x18
    .byte 0x70, 0x05, 0x00, 0x00, 0x00, 0x00, 0x00, 0x17, 0x00, 0x15, 0x27, 0x18, 0x70, 0x17, 0x00, 0x2c
    .byte 0xff, 0xff, 0xff, 0xff, 0x2c, 0xff, 0xff, 0xff, 0xff, 0x2c, 0xff, 0xff, 0xff, 0xff, 0x15, 0x33
    .byte 0x25, 0xae, 0xef, 0x21, 0x02, 0x29, 0x00, 0xff, 0x32, 0x00, 0x03, 0x00, 0x00, 0x00, 0x14, 0x91
    .byte 0xee, 0x21, 0x02, 0x2c, 0x01, 0x00, 0x00, 0x00, 0x2c, 0x65, 0x01, 0x00, 0x00, 0x15, 0x1f, 0x18
    .byte 0x70, 0x24, 0x00, 0x0c, 0x00, 0x00, 0x00, 0x17, 0x00, 0x15, 0x20, 0x18, 0x70, 0x24, 0x00, 0x0c
    .byte 0x00, 0x00, 0x00, 0x17, 0x00, 0x15, 0x27, 0x18, 0x70, 0x17, 0x00, 0x2c, 0xff, 0xff, 0xff, 0xff
    .byte 0x2c, 0xff, 0xff, 0xff, 0xff, 0x2c, 0xff, 0xff, 0xff, 0xff, 0x15, 0x33, 0x25, 0xae, 0xef, 0x21
    .byte 0x02, 0x29, 0x00, 0xff, 0x32, 0x00, 0x04, 0x00, 0x00, 0x00, 0x14, 0xdd, 0xee, 0x21, 0x02, 0x2c
    .byte 0x01, 0x00, 0x00, 0x00, 0x2c, 0x65, 0x01, 0x00, 0x00, 0x15, 0x1f, 0x18, 0x70, 0x05, 0x00, 0x00
    .byte 0x00, 0x00, 0x00, 0x17, 0x00, 0x15, 0x20, 0x18, 0x70, 0x24, 0x00, 0x10, 0x00, 0x00, 0x00, 0x17
    .byte 0x00, 0x15, 0x27, 0x18, 0x70, 0x17, 0x00, 0x2c, 0xff, 0xff, 0xff, 0xff, 0x2c, 0xff, 0xff, 0xff
    .byte 0xff, 0x2c, 0xff, 0xff, 0xff, 0xff, 0x15, 0x33, 0x25, 0xae, 0xef, 0x21, 0x02, 0x29, 0x00, 0xff
    .byte 0x32, 0x00, 0x05, 0x00, 0x00, 0x00, 0x14, 0x29, 0xef, 0x21, 0x02, 0x2c, 0x01, 0x00, 0x00, 0x00
    .byte 0x2c, 0x65, 0x01, 0x00, 0x00, 0x15, 0x1f, 0x18, 0x70, 0x05, 0x00, 0x0c, 0x00, 0x00, 0x00, 0x17
    .byte 0x00, 0x15, 0x20, 0x18, 0x70, 0x24, 0x00, 0x0c, 0x00, 0x00, 0x00, 0x17, 0x00, 0x15, 0x27, 0x18
    .byte 0x70, 0x17, 0x00, 0x2c, 0xff, 0xff, 0xff, 0xff, 0x2c, 0xff, 0xff, 0xff, 0xff, 0x2c, 0xff, 0xff
    .byte 0xff, 0xff, 0x15, 0x33, 0x25, 0xae, 0xef, 0x21, 0x02, 0x29, 0x00, 0xff, 0x32, 0x00, 0x06, 0x00
    .byte 0x00, 0x00, 0x14, 0x75, 0xef, 0x21, 0x02, 0x2c, 0x01, 0x00, 0x00, 0x00, 0x2c, 0x65, 0x01, 0x00
    .byte 0x00, 0x15, 0x1f, 0x18, 0x70, 0x05, 0x00, 0x10, 0x00, 0x00, 0x00, 0x17, 0x00, 0x15, 0x20, 0x18
    .byte 0x70, 0x05, 0x00, 0x00, 0x00, 0x00, 0x00, 0x17, 0x00, 0x15, 0x27, 0x18, 0x70, 0x17, 0x00, 0x2c
    .byte 0xff, 0xff, 0xff, 0xff, 0x2c, 0xff, 0xff, 0xff, 0xff, 0x2c, 0xff, 0xff, 0xff, 0xff, 0x15, 0x33
    .byte 0x25, 0xae, 0xef, 0x21, 0x02, 0x2c, 0x01, 0x00, 0x00, 0x00, 0x2c, 0x65, 0x01, 0x00, 0x00, 0x15
    .byte 0x1f, 0x18, 0x70, 0x05, 0x00, 0x0c, 0x00, 0x00, 0x00, 0x17, 0x00, 0x15, 0x20, 0x18, 0x70, 0x05
    .byte 0x00, 0x0c, 0x00, 0x00, 0x00, 0x17, 0x00, 0x15, 0x27, 0x18, 0x70, 0x17, 0x00, 0x2c, 0xff, 0xff
    .byte 0xff, 0xff, 0x2c, 0xff, 0xff, 0xff, 0xff, 0x2c, 0xff, 0xff, 0xff, 0xff, 0x15, 0x33, 0x25, 0x00
    .byte 0xf2, 0x21, 0x02, 0x29, 0x00, 0xff, 0x32, 0x00, 0x00, 0x00, 0x00, 0x00, 0x14, 0xff, 0xef, 0x21
    .byte 0x02, 0x2c, 0x01, 0x00, 0x00, 0x00, 0x2c, 0x64, 0x01, 0x00, 0x00, 0x15, 0x1f, 0x18, 0x70, 0x05
    .byte 0x00, 0x00, 0x00, 0x00, 0x00, 0x17, 0x00, 0x15, 0x20, 0x18, 0x70, 0x05, 0x00, 0x10, 0x00, 0x00
    .byte 0x00, 0x17, 0x00, 0x15, 0x27, 0x18, 0x70, 0x17, 0x00, 0x2c, 0xff, 0xff, 0xff, 0xff, 0x2c, 0xff
    .byte 0xff, 0xff, 0xff, 0x2c, 0xff, 0xff, 0xff, 0xff, 0x15, 0x33, 0x25, 0x00, 0xf2, 0x21, 0x02, 0x29
    .byte 0x00, 0xff, 0x32, 0x00, 0x01, 0x00, 0x00, 0x00, 0x14, 0x4b, 0xf0, 0x21, 0x02, 0x2c, 0x01, 0x00
    .byte 0x00, 0x00, 0x2c, 0x64, 0x01, 0x00, 0x00, 0x15, 0x1f, 0x18, 0x70, 0x24, 0x00, 0x0c, 0x00, 0x00
    .byte 0x00, 0x17, 0x00, 0x15, 0x20, 0x18, 0x70, 0x05, 0x00, 0x0c, 0x00, 0x00, 0x00, 0x17, 0x00, 0x15
    .byte 0x27, 0x18, 0x70, 0x17, 0x00, 0x2c, 0xff, 0xff, 0xff, 0xff, 0x2c, 0xff, 0xff, 0xff, 0xff, 0x2c
    .byte 0xff, 0xff, 0xff, 0xff, 0x15, 0x33, 0x25, 0x00, 0xf2, 0x21, 0x02, 0x29, 0x00, 0xff, 0x32, 0x00
    .byte 0x02, 0x00, 0x00, 0x00, 0x14, 0x97, 0xf0, 0x21, 0x02, 0x2c, 0x01, 0x00, 0x00, 0x00, 0x2c, 0x64
    .byte 0x01, 0x00, 0x00, 0x15, 0x1f, 0x18, 0x70, 0x24, 0x00, 0x10, 0x00, 0x00, 0x00, 0x17, 0x00, 0x15
    .byte 0x20, 0x18, 0x70, 0x05, 0x00, 0x00, 0x00, 0x00, 0x00, 0x17, 0x00, 0x15, 0x27, 0x18, 0x70, 0x17
    .byte 0x00, 0x2c, 0xff, 0xff, 0xff, 0xff, 0x2c, 0xff, 0xff, 0xff, 0xff, 0x2c, 0xff, 0xff, 0xff, 0xff
    .byte 0x15, 0x33, 0x25, 0x00, 0xf2, 0x21, 0x02, 0x29, 0x00, 0xff, 0x32, 0x00, 0x03, 0x00, 0x00, 0x00
    .byte 0x14, 0xe3, 0xf0, 0x21, 0x02, 0x2c, 0x01, 0x00, 0x00, 0x00, 0x2c, 0x64, 0x01, 0x00, 0x00, 0x15
    .byte 0x1f, 0x18, 0x70, 0x24, 0x00, 0x0c, 0x00, 0x00, 0x00, 0x17, 0x00, 0x15, 0x20, 0x18, 0x70, 0x24
    .byte 0x00, 0x0c, 0x00, 0x00, 0x00, 0x17, 0x00, 0x15, 0x27, 0x18, 0x70, 0x17, 0x00, 0x2c, 0xff, 0xff
    .byte 0xff, 0xff, 0x2c, 0xff, 0xff, 0xff, 0xff, 0x2c, 0xff, 0xff, 0xff, 0xff, 0x15, 0x33, 0x25, 0x00
    .byte 0xf2, 0x21, 0x02, 0x29, 0x00, 0xff, 0x32, 0x00, 0x04, 0x00, 0x00, 0x00, 0x14, 0x2f, 0xf1, 0x21
    .byte 0x02, 0x2c, 0x01, 0x00, 0x00, 0x00, 0x2c, 0x64, 0x01, 0x00, 0x00, 0x15, 0x1f, 0x18, 0x70, 0x05
    .byte 0x00, 0x00, 0x00, 0x00, 0x00, 0x17, 0x00, 0x15, 0x20, 0x18, 0x70, 0x24, 0x00, 0x10, 0x00, 0x00
    .byte 0x00, 0x17, 0x00, 0x15, 0x27, 0x18, 0x70, 0x17, 0x00, 0x2c, 0xff, 0xff, 0xff, 0xff, 0x2c, 0xff
    .byte 0xff, 0xff, 0xff, 0x2c, 0xff, 0xff, 0xff, 0xff, 0x15, 0x33, 0x25, 0x00, 0xf2, 0x21, 0x02, 0x29
    .byte 0x00, 0xff, 0x32, 0x00, 0x05, 0x00, 0x00, 0x00, 0x14, 0x7b, 0xf1, 0x21, 0x02, 0x2c, 0x01, 0x00
    .byte 0x00, 0x00, 0x2c, 0x64, 0x01, 0x00, 0x00, 0x15, 0x1f, 0x18, 0x70, 0x05, 0x00, 0x0c, 0x00, 0x00
    .byte 0x00, 0x17, 0x00, 0x15, 0x20, 0x18, 0x70, 0x24, 0x00, 0x0c, 0x00, 0x00, 0x00, 0x17, 0x00, 0x15
    .byte 0x27, 0x18, 0x70, 0x17, 0x00, 0x2c, 0xff, 0xff, 0xff, 0xff, 0x2c, 0xff, 0xff, 0xff, 0xff, 0x2c
    .byte 0xff, 0xff, 0xff, 0xff, 0x15, 0x33, 0x25, 0x00, 0xf2, 0x21, 0x02, 0x29, 0x00, 0xff, 0x32, 0x00
    .byte 0x06, 0x00, 0x00, 0x00, 0x14, 0xc7, 0xf1, 0x21, 0x02, 0x2c, 0x01, 0x00, 0x00, 0x00, 0x2c, 0x64
    .byte 0x01, 0x00, 0x00, 0x15, 0x1f, 0x18, 0x70, 0x05, 0x00, 0x10, 0x00, 0x00, 0x00, 0x17, 0x00, 0x15
    .byte 0x20, 0x18, 0x70, 0x05, 0x00, 0x00, 0x00, 0x00, 0x00, 0x17, 0x00, 0x15, 0x27, 0x18, 0x70, 0x17
    .byte 0x00, 0x2c, 0xff, 0xff, 0xff, 0xff, 0x2c, 0xff, 0xff, 0xff, 0xff, 0x2c, 0xff, 0xff, 0xff, 0xff
    .byte 0x15, 0x33, 0x25, 0x00, 0xf2, 0x21, 0x02, 0x2c, 0x01, 0x00, 0x00, 0x00, 0x2c, 0x64, 0x01, 0x00
    .byte 0x00, 0x15, 0x1f, 0x18, 0x70, 0x05, 0x00, 0x0c, 0x00, 0x00, 0x00, 0x17, 0x00, 0x15, 0x20, 0x18
    .byte 0x70, 0x05, 0x00, 0x0c, 0x00, 0x00, 0x00, 0x17, 0x00, 0x15, 0x27, 0x18, 0x70, 0x17, 0x00, 0x2c
    .byte 0xff, 0xff, 0xff, 0xff, 0x2c, 0xff, 0xff, 0xff, 0xff, 0x2c, 0xff, 0xff, 0xff, 0xff, 0x15, 0x33
    .byte 0x25, 0x52, 0xf4, 0x21, 0x02, 0x29, 0x00, 0xff, 0x32, 0x00, 0x00, 0x00, 0x00, 0x00, 0x14, 0x51
    .byte 0xf2, 0x21, 0x02, 0x2c, 0x01, 0x00, 0x00, 0x00, 0x2c, 0x64, 0x01, 0x00, 0x00, 0x15, 0x1f, 0x18
    .byte 0x70, 0x05, 0x00, 0x00, 0x00, 0x00, 0x00, 0x17, 0x00, 0x15, 0x20, 0x18, 0x70, 0x05, 0x00, 0x10
    .byte 0x00, 0x00, 0x00, 0x17, 0x00, 0x15, 0x27, 0x18, 0x70, 0x17, 0x00, 0x2c, 0xff, 0xff, 0xff, 0xff
    .byte 0x2c, 0xff, 0xff, 0xff, 0xff, 0x2c, 0xff, 0xff, 0xff, 0xff, 0x15, 0x33, 0x25, 0x52, 0xf4, 0x21
    .byte 0x02, 0x29, 0x00, 0xff, 0x32, 0x00, 0x01, 0x00, 0x00, 0x00, 0x14, 0x9d, 0xf2, 0x21, 0x02, 0x2c
    .byte 0x01, 0x00, 0x00, 0x00, 0x2c, 0x64, 0x01, 0x00, 0x00, 0x15, 0x1f, 0x18, 0x70, 0x24, 0x00, 0x0c
    .byte 0x00, 0x00, 0x00, 0x17, 0x00, 0x15, 0x20, 0x18, 0x70, 0x05, 0x00, 0x0c, 0x00, 0x00, 0x00, 0x17
    .byte 0x00, 0x15, 0x27, 0x18, 0x70, 0x17, 0x00, 0x2c, 0xff, 0xff, 0xff, 0xff, 0x2c, 0xff, 0xff, 0xff
    .byte 0xff, 0x2c, 0xff, 0xff, 0xff, 0xff, 0x15, 0x33, 0x25, 0x52, 0xf4, 0x21, 0x02, 0x29, 0x00, 0xff
    .byte 0x32, 0x00, 0x02, 0x00, 0x00, 0x00, 0x14, 0xe9, 0xf2, 0x21, 0x02, 0x2c, 0x01, 0x00, 0x00, 0x00
    .byte 0x2c, 0x64, 0x01, 0x00, 0x00, 0x15, 0x1f, 0x18, 0x70, 0x24, 0x00, 0x10, 0x00, 0x00, 0x00, 0x17
    .byte 0x00, 0x15, 0x20, 0x18, 0x70, 0x05, 0x00, 0x00, 0x00, 0x00, 0x00, 0x17, 0x00, 0x15, 0x27, 0x18
    .byte 0x70, 0x17, 0x00, 0x2c, 0xff, 0xff, 0xff, 0xff, 0x2c, 0xff, 0xff, 0xff, 0xff, 0x2c, 0xff, 0xff
    .byte 0xff, 0xff, 0x15, 0x33, 0x25, 0x52, 0xf4, 0x21, 0x02, 0x29, 0x00, 0xff, 0x32, 0x00, 0x03, 0x00
    .byte 0x00, 0x00, 0x14, 0x35, 0xf3, 0x21, 0x02, 0x2c, 0x01, 0x00, 0x00, 0x00, 0x2c, 0x64, 0x01, 0x00
    .byte 0x00, 0x15, 0x1f, 0x18, 0x70, 0x24, 0x00, 0x0c, 0x00, 0x00, 0x00, 0x17, 0x00, 0x15, 0x20, 0x18
    .byte 0x70, 0x24, 0x00, 0x0c, 0x00, 0x00, 0x00, 0x17, 0x00, 0x15, 0x27, 0x18, 0x70, 0x17, 0x00, 0x2c
    .byte 0xff, 0xff, 0xff, 0xff, 0x2c, 0xff, 0xff, 0xff, 0xff, 0x2c, 0xff, 0xff, 0xff, 0xff, 0x15, 0x33
    .byte 0x25, 0x52, 0xf4, 0x21, 0x02, 0x29, 0x00, 0xff, 0x32, 0x00, 0x04, 0x00, 0x00, 0x00, 0x14, 0x81
    .byte 0xf3, 0x21, 0x02, 0x2c, 0x01, 0x00, 0x00, 0x00, 0x2c, 0x64, 0x01, 0x00, 0x00, 0x15, 0x1f, 0x18
    .byte 0x70, 0x05, 0x00, 0x00, 0x00, 0x00, 0x00, 0x17, 0x00, 0x15, 0x20, 0x18, 0x70, 0x24, 0x00, 0x10
    .byte 0x00, 0x00, 0x00, 0x17, 0x00, 0x15, 0x27, 0x18, 0x70, 0x17, 0x00, 0x2c, 0xff, 0xff, 0xff, 0xff
    .byte 0x2c, 0xff, 0xff, 0xff, 0xff, 0x2c, 0xff, 0xff, 0xff, 0xff, 0x15, 0x33, 0x25, 0x52, 0xf4, 0x21
    .byte 0x02, 0x29, 0x00, 0xff, 0x32, 0x00, 0x05, 0x00, 0x00, 0x00, 0x14, 0xcd, 0xf3, 0x21, 0x02, 0x2c
    .byte 0x01, 0x00, 0x00, 0x00, 0x2c, 0x64, 0x01, 0x00, 0x00, 0x15, 0x1f, 0x18, 0x70, 0x05, 0x00, 0x0c
    .byte 0x00, 0x00, 0x00, 0x17, 0x00, 0x15, 0x20, 0x18, 0x70, 0x24, 0x00, 0x0c, 0x00, 0x00, 0x00, 0x17
    .byte 0x00, 0x15, 0x27, 0x18, 0x70, 0x17, 0x00, 0x2c, 0xff, 0xff, 0xff, 0xff, 0x2c, 0xff, 0xff, 0xff
    .byte 0xff, 0x2c, 0xff, 0xff, 0xff, 0xff, 0x15, 0x33, 0x25, 0x52, 0xf4, 0x21, 0x02, 0x29, 0x00, 0xff
    .byte 0x32, 0x00, 0x06, 0x00, 0x00, 0x00, 0x14, 0x19, 0xf4, 0x21, 0x02, 0x2c, 0x01, 0x00, 0x00, 0x00
    .byte 0x2c, 0x64, 0x01, 0x00, 0x00, 0x15, 0x1f, 0x18, 0x70, 0x05, 0x00, 0x10, 0x00, 0x00, 0x00, 0x17
    .byte 0x00, 0x15, 0x20, 0x18, 0x70, 0x05, 0x00, 0x00, 0x00, 0x00, 0x00, 0x17, 0x00, 0x15, 0x27, 0x18
    .byte 0x70, 0x17, 0x00, 0x2c, 0xff, 0xff, 0xff, 0xff, 0x2c, 0xff, 0xff, 0xff, 0xff, 0x2c, 0xff, 0xff
    .byte 0xff, 0xff, 0x15, 0x33, 0x25, 0x52, 0xf4, 0x21, 0x02, 0x2c, 0x01, 0x00, 0x00, 0x00, 0x2c, 0x64
    .byte 0x01, 0x00, 0x00, 0x15, 0x1f, 0x18, 0x70, 0x05, 0x00, 0x0c, 0x00, 0x00, 0x00, 0x17, 0x00, 0x15
    .byte 0x20, 0x18, 0x70, 0x05, 0x00, 0x0c, 0x00, 0x00, 0x00, 0x17, 0x00, 0x15, 0x27, 0x18, 0x70, 0x17
    .byte 0x00, 0x2c, 0xff, 0xff, 0xff, 0xff, 0x2c, 0xff, 0xff, 0xff, 0xff, 0x2c, 0xff, 0xff, 0xff, 0xff
    .byte 0x15, 0x33, 0x25, 0x92, 0xf6, 0x21, 0x02, 0x2b, 0x00, 0x02, 0x34, 0x00, 0x19, 0x00, 0x00, 0x00
    .byte 0x14, 0x92, 0xf6, 0x21, 0x02, 0x29, 0x00, 0xff, 0x32, 0x00, 0x00, 0x00, 0x00, 0x00, 0x14, 0xad
    .byte 0xf4, 0x21, 0x02, 0x2c, 0x01, 0x00, 0x00, 0x00, 0x15, 0x1f, 0x18, 0x70, 0x05, 0x00, 0x00, 0x00
    .byte 0x00, 0x00, 0x17, 0x00, 0x15, 0x20, 0x18, 0x70, 0x05, 0x00, 0x10, 0x00, 0x00, 0x00, 0x17, 0x00
    .byte 0x15, 0x27, 0x18, 0x70, 0x17, 0x00, 0x20, 0x00, 0x00, 0x20, 0x00, 0x00, 0x2c, 0xf4, 0x01, 0x00
    .byte 0x00, 0x2c, 0x2c, 0x01, 0x00, 0x00, 0x15, 0xb2, 0x25, 0x92, 0xf6, 0x21, 0x02, 0x29, 0x00, 0xff
    .byte 0x32, 0x00, 0x01, 0x00, 0x00, 0x00, 0x14, 0xf5, 0xf4, 0x21, 0x02, 0x2c, 0x01, 0x00, 0x00, 0x00
    .byte 0x15, 0x1f, 0x18, 0x70, 0x24, 0x00, 0x0c, 0x00, 0x00, 0x00, 0x17, 0x00, 0x15, 0x20, 0x18, 0x70
    .byte 0x05, 0x00, 0x0c, 0x00, 0x00, 0x00, 0x17, 0x00, 0x15, 0x27, 0x18, 0x70, 0x17, 0x00, 0x20, 0x00
    .byte 0x00, 0x20, 0x00, 0x00, 0x2c, 0xf4, 0x01, 0x00, 0x00, 0x2c, 0x2c, 0x01, 0x00, 0x00, 0x15, 0xb2
    .byte 0x25, 0x92, 0xf6, 0x21, 0x02, 0x29, 0x00, 0xff, 0x32, 0x00, 0x02, 0x00, 0x00, 0x00, 0x14, 0x3d
    .byte 0xf5, 0x21, 0x02, 0x2c, 0x01, 0x00, 0x00, 0x00, 0x15, 0x1f, 0x18, 0x70, 0x24, 0x00, 0x10, 0x00
    .byte 0x00, 0x00, 0x17, 0x00, 0x15, 0x20, 0x18, 0x70, 0x05, 0x00, 0x00, 0x00, 0x00, 0x00, 0x17, 0x00
    .byte 0x15, 0x27, 0x18, 0x70, 0x17, 0x00, 0x20, 0x00, 0x00, 0x20, 0x00, 0x00, 0x2c, 0xf4, 0x01, 0x00
    .byte 0x00, 0x2c, 0x2c, 0x01, 0x00, 0x00, 0x15, 0xb2, 0x25, 0x92, 0xf6, 0x21, 0x02, 0x29, 0x00, 0xff
    .byte 0x32, 0x00, 0x03, 0x00, 0x00, 0x00, 0x14, 0x85, 0xf5, 0x21, 0x02, 0x2c, 0x01, 0x00, 0x00, 0x00
    .byte 0x15, 0x1f, 0x18, 0x70, 0x24, 0x00, 0x0c, 0x00, 0x00, 0x00, 0x17, 0x00, 0x15, 0x20, 0x18, 0x70
    .byte 0x24, 0x00, 0x0c, 0x00, 0x00, 0x00, 0x17, 0x00, 0x15, 0x27, 0x18, 0x70, 0x17, 0x00, 0x20, 0x00
    .byte 0x00, 0x20, 0x00, 0x00, 0x2c, 0xf4, 0x01, 0x00, 0x00, 0x2c, 0x2c, 0x01, 0x00, 0x00, 0x15, 0xb2
    .byte 0x25, 0x92, 0xf6, 0x21, 0x02, 0x29, 0x00, 0xff, 0x32, 0x00, 0x04, 0x00, 0x00, 0x00, 0x14, 0xcd
    .byte 0xf5, 0x21, 0x02, 0x2c, 0x01, 0x00, 0x00, 0x00, 0x15, 0x1f, 0x18, 0x70, 0x05, 0x00, 0x00, 0x00
    .byte 0x00, 0x00, 0x17, 0x00, 0x15, 0x20, 0x18, 0x70, 0x24, 0x00, 0x10, 0x00, 0x00, 0x00, 0x17, 0x00
    .byte 0x15, 0x27, 0x18, 0x70, 0x17, 0x00, 0x20, 0x00, 0x00, 0x20, 0x00, 0x00, 0x2c, 0xf4, 0x01, 0x00
    .byte 0x00, 0x2c, 0x2c, 0x01, 0x00, 0x00, 0x15, 0xb2, 0x25, 0x92, 0xf6, 0x21, 0x02, 0x29, 0x00, 0xff
    .byte 0x32, 0x00, 0x05, 0x00, 0x00, 0x00, 0x14, 0x15, 0xf6, 0x21, 0x02, 0x2c, 0x01, 0x00, 0x00, 0x00
    .byte 0x15, 0x1f, 0x18, 0x70, 0x05, 0x00, 0x0c, 0x00, 0x00, 0x00, 0x17, 0x00, 0x15, 0x20, 0x18, 0x70
    .byte 0x24, 0x00, 0x0c, 0x00, 0x00, 0x00, 0x17, 0x00, 0x15, 0x27, 0x18, 0x70, 0x17, 0x00, 0x20, 0x00
    .byte 0x00, 0x20, 0x00, 0x00, 0x2c, 0xf4, 0x01, 0x00, 0x00, 0x2c, 0x2c, 0x01, 0x00, 0x00, 0x15, 0xb2
    .byte 0x25, 0x92, 0xf6, 0x21, 0x02, 0x29, 0x00, 0xff, 0x32, 0x00, 0x06, 0x00, 0x00, 0x00, 0x14, 0x5d
    .byte 0xf6, 0x21, 0x02, 0x2c, 0x01, 0x00, 0x00, 0x00, 0x15, 0x1f, 0x18, 0x70, 0x05, 0x00, 0x10, 0x00
    .byte 0x00, 0x00, 0x17, 0x00, 0x15, 0x20, 0x18, 0x70, 0x05, 0x00, 0x00, 0x00, 0x00, 0x00, 0x17, 0x00
    .byte 0x15, 0x27, 0x18, 0x70, 0x17, 0x00, 0x20, 0x00, 0x00, 0x20, 0x00, 0x00, 0x2c, 0xf4, 0x01, 0x00
    .byte 0x00, 0x2c, 0x2c, 0x01, 0x00, 0x00, 0x15, 0xb2, 0x25, 0x92, 0xf6, 0x21, 0x02, 0x2c, 0x01, 0x00
    .byte 0x00, 0x00, 0x15, 0x1f, 0x18, 0x70, 0x05, 0x00, 0x0c, 0x00, 0x00, 0x00, 0x17, 0x00, 0x15, 0x20
    .byte 0x18, 0x70, 0x05, 0x00, 0x0c, 0x00, 0x00, 0x00, 0x17, 0x00, 0x15, 0x27, 0x18, 0x70, 0x17, 0x00
    .byte 0x20, 0x00, 0x00, 0x20, 0x00, 0x00, 0x2c, 0xf4, 0x01, 0x00, 0x00, 0x2c, 0x2c, 0x01, 0x00, 0x00
    .byte 0x15, 0xb2, 0x25, 0x9a, 0x02, 0x22, 0x02, 0x2b, 0x00, 0x02, 0x34, 0x00, 0x07, 0x00, 0x00, 0x00
    .byte 0x14, 0xf7, 0xf8, 0x21, 0x02, 0x29, 0x00, 0xff, 0x32, 0x00, 0x00, 0x00, 0x00, 0x00, 0x14, 0xf1
    .byte 0xf6, 0x21, 0x02, 0x2c, 0x01, 0x00, 0x00, 0x00, 0x2c, 0x28, 0x01, 0x00, 0x00, 0x15, 0x1f, 0x18
    .byte 0x70, 0x05, 0x00, 0x00, 0x00, 0x00, 0x00, 0x17, 0x00, 0x15, 0x20, 0x18, 0x70, 0x05, 0x00, 0x10
    .byte 0x00, 0x00, 0x00, 0x17, 0x00, 0x15, 0x27, 0x18, 0x70, 0x17, 0x00, 0x2c, 0xff, 0xff, 0xff, 0xff
    .byte 0x2c, 0xff, 0xff, 0xff, 0xff, 0x2c, 0xff, 0xff, 0xff, 0xff, 0x15, 0x33, 0x25, 0xf2, 0xf8, 0x21
    .byte 0x02, 0x29, 0x00, 0xff, 0x32, 0x00, 0x01, 0x00, 0x00, 0x00, 0x14, 0x3d, 0xf7, 0x21, 0x02, 0x2c
    .byte 0x01, 0x00, 0x00, 0x00, 0x2c, 0x28, 0x01, 0x00, 0x00, 0x15, 0x1f, 0x18, 0x70, 0x24, 0x00, 0x0c
    .byte 0x00, 0x00, 0x00, 0x17, 0x00, 0x15, 0x20, 0x18, 0x70, 0x05, 0x00, 0x0c, 0x00, 0x00, 0x00, 0x17
    .byte 0x00, 0x15, 0x27, 0x18, 0x70, 0x17, 0x00, 0x2c, 0xff, 0xff, 0xff, 0xff, 0x2c, 0xff, 0xff, 0xff
    .byte 0xff, 0x2c, 0xff, 0xff, 0xff, 0xff, 0x15, 0x33, 0x25, 0xf2, 0xf8, 0x21, 0x02, 0x29, 0x00, 0xff
    .byte 0x32, 0x00, 0x02, 0x00, 0x00, 0x00, 0x14, 0x89, 0xf7, 0x21, 0x02, 0x2c, 0x01, 0x00, 0x00, 0x00
    .byte 0x2c, 0x28, 0x01, 0x00, 0x00, 0x15, 0x1f, 0x18, 0x70, 0x24, 0x00, 0x10, 0x00, 0x00, 0x00, 0x17
    .byte 0x00, 0x15, 0x20, 0x18, 0x70, 0x05, 0x00, 0x00, 0x00, 0x00, 0x00, 0x17, 0x00, 0x15, 0x27, 0x18
    .byte 0x70, 0x17, 0x00, 0x2c, 0xff, 0xff, 0xff, 0xff, 0x2c, 0xff, 0xff, 0xff, 0xff, 0x2c, 0xff, 0xff
    .byte 0xff, 0xff, 0x15, 0x33, 0x25, 0xf2, 0xf8, 0x21, 0x02, 0x29, 0x00, 0xff, 0x32, 0x00, 0x03, 0x00
    .byte 0x00, 0x00, 0x14, 0xd5, 0xf7, 0x21, 0x02, 0x2c, 0x01, 0x00, 0x00, 0x00, 0x2c, 0x28, 0x01, 0x00
    .byte 0x00, 0x15, 0x1f, 0x18, 0x70, 0x24, 0x00, 0x0c, 0x00, 0x00, 0x00, 0x17, 0x00, 0x15, 0x20, 0x18
    .byte 0x70, 0x24, 0x00, 0x0c, 0x00, 0x00, 0x00, 0x17, 0x00, 0x15, 0x27, 0x18, 0x70, 0x17, 0x00, 0x2c
    .byte 0xff, 0xff, 0xff, 0xff, 0x2c, 0xff, 0xff, 0xff, 0xff, 0x2c, 0xff, 0xff, 0xff, 0xff, 0x15, 0x33
    .byte 0x25, 0xf2, 0xf8, 0x21, 0x02, 0x29, 0x00, 0xff, 0x32, 0x00, 0x04, 0x00, 0x00, 0x00, 0x14, 0x21
    .byte 0xf8, 0x21, 0x02, 0x2c, 0x01, 0x00, 0x00, 0x00, 0x2c, 0x28, 0x01, 0x00, 0x00, 0x15, 0x1f, 0x18
    .byte 0x70, 0x05, 0x00, 0x00, 0x00, 0x00, 0x00, 0x17, 0x00, 0x15, 0x20, 0x18, 0x70, 0x24, 0x00, 0x10
    .byte 0x00, 0x00, 0x00, 0x17, 0x00, 0x15, 0x27, 0x18, 0x70, 0x17, 0x00, 0x2c, 0xff, 0xff, 0xff, 0xff
    .byte 0x2c, 0xff, 0xff, 0xff, 0xff, 0x2c, 0xff, 0xff, 0xff, 0xff, 0x15, 0x33, 0x25, 0xf2, 0xf8, 0x21
    .byte 0x02, 0x29, 0x00, 0xff, 0x32, 0x00, 0x05, 0x00, 0x00, 0x00, 0x14, 0x6d, 0xf8, 0x21, 0x02, 0x2c
    .byte 0x01, 0x00, 0x00, 0x00, 0x2c, 0x28, 0x01, 0x00, 0x00, 0x15, 0x1f, 0x18, 0x70, 0x05, 0x00, 0x0c
    .byte 0x00, 0x00, 0x00, 0x17, 0x00, 0x15, 0x20, 0x18, 0x70, 0x24, 0x00, 0x0c, 0x00, 0x00, 0x00, 0x17
    .byte 0x00, 0x15, 0x27, 0x18, 0x70, 0x17, 0x00, 0x2c, 0xff, 0xff, 0xff, 0xff, 0x2c, 0xff, 0xff, 0xff
    .byte 0xff, 0x2c, 0xff, 0xff, 0xff, 0xff, 0x15, 0x33, 0x25, 0xf2, 0xf8, 0x21, 0x02, 0x29, 0x00, 0xff
    .byte 0x32, 0x00, 0x06, 0x00, 0x00, 0x00, 0x14, 0xb9, 0xf8, 0x21, 0x02, 0x2c, 0x01, 0x00, 0x00, 0x00
    .byte 0x2c, 0x28, 0x01, 0x00, 0x00, 0x15, 0x1f, 0x18, 0x70, 0x05, 0x00, 0x10, 0x00, 0x00, 0x00, 0x17
    .byte 0x00, 0x15, 0x20, 0x18, 0x70, 0x05, 0x00, 0x00, 0x00, 0x00, 0x00, 0x17, 0x00, 0x15, 0x27, 0x18
    .byte 0x70, 0x17, 0x00, 0x2c, 0xff, 0xff, 0xff, 0xff, 0x2c, 0xff, 0xff, 0xff, 0xff, 0x2c, 0xff, 0xff
    .byte 0xff, 0xff, 0x15, 0x33, 0x25, 0xf2, 0xf8, 0x21, 0x02, 0x2c, 0x01, 0x00, 0x00, 0x00, 0x2c, 0x28
    .byte 0x01, 0x00, 0x00, 0x15, 0x1f, 0x18, 0x70, 0x05, 0x00, 0x0c, 0x00, 0x00, 0x00, 0x17, 0x00, 0x15
    .byte 0x20, 0x18, 0x70, 0x05, 0x00, 0x0c, 0x00, 0x00, 0x00, 0x17, 0x00, 0x15, 0x27, 0x18, 0x70, 0x17
    .byte 0x00, 0x2c, 0xff, 0xff, 0xff, 0xff, 0x2c, 0xff, 0xff, 0xff, 0xff, 0x2c, 0xff, 0xff, 0xff, 0xff
    .byte 0x15, 0x33, 0x25, 0x9a, 0x02, 0x22, 0x02, 0x2c, 0x64, 0x00, 0x00, 0x00, 0x15, 0x01, 0x18, 0x70
    .byte 0x28, 0x00, 0x02, 0x2b, 0x00, 0x02, 0x34, 0x00, 0x03, 0x00, 0x00, 0x00, 0x14, 0x5f, 0x00, 0x22
    .byte 0x02, 0x2d, 0xfe, 0x15, 0x7c, 0x18, 0x70, 0x31, 0x00, 0x05, 0x00, 0x00, 0x00, 0x14, 0x5f, 0x00
    .byte 0x22, 0x02, 0x29, 0x00, 0xfe, 0x35, 0x00, 0x25, 0x00, 0x00, 0x00, 0x14, 0x5f, 0x00, 0x22, 0x02
    .byte 0x29, 0x00, 0xfe, 0x35, 0x00, 0x4f, 0x00, 0x00, 0x00, 0x14, 0x5f, 0x00, 0x22, 0x02, 0x2d, 0xfe
    .byte 0x15, 0x7c, 0x18, 0x70, 0x31, 0x00, 0x08, 0x00, 0x00, 0x00, 0x14, 0x0d, 0xfe, 0x21, 0x02, 0x2c
    .byte 0x02, 0x00, 0x00, 0x00, 0x15, 0x01, 0x18, 0x70, 0x28, 0x00, 0x02, 0x2b, 0x00, 0x02, 0x32, 0x00
    .byte 0x00, 0x00, 0x00, 0x00, 0x14, 0xbb, 0xfb, 0x21, 0x02, 0x29, 0x00, 0xff, 0x32, 0x00, 0x00, 0x00
    .byte 0x00, 0x00, 0x14, 0xb5, 0xf9, 0x21, 0x02, 0x2c, 0x01, 0x00, 0x00, 0x00, 0x2c, 0x65, 0x01, 0x00
    .byte 0x00, 0x15, 0x1f, 0x18, 0x70, 0x05, 0x00, 0x00, 0x00, 0x00, 0x00, 0x17, 0x00, 0x15, 0x20, 0x18
    .byte 0x70, 0x05, 0x00, 0x10, 0x00, 0x00, 0x00, 0x17, 0x00, 0x15, 0x27, 0x18, 0x70, 0x17, 0x00, 0x2c
    .byte 0xff, 0xff, 0xff, 0xff, 0x2c, 0xff, 0xff, 0xff, 0xff, 0x2c, 0xff, 0xff, 0xff, 0xff, 0x15, 0x33
    .byte 0x25, 0xb6, 0xfb, 0x21, 0x02, 0x29, 0x00, 0xff, 0x32, 0x00, 0x01, 0x00, 0x00, 0x00, 0x14, 0x01
    .byte 0xfa, 0x21, 0x02, 0x2c, 0x01, 0x00, 0x00, 0x00, 0x2c, 0x65, 0x01, 0x00, 0x00, 0x15, 0x1f, 0x18
    .byte 0x70, 0x24, 0x00, 0x0c, 0x00, 0x00, 0x00, 0x17, 0x00, 0x15, 0x20, 0x18, 0x70, 0x05, 0x00, 0x0c
    .byte 0x00, 0x00, 0x00, 0x17, 0x00, 0x15, 0x27, 0x18, 0x70, 0x17, 0x00, 0x2c, 0xff, 0xff, 0xff, 0xff
    .byte 0x2c, 0xff, 0xff, 0xff, 0xff, 0x2c, 0xff, 0xff, 0xff, 0xff, 0x15, 0x33, 0x25, 0xb6, 0xfb, 0x21
    .byte 0x02, 0x29, 0x00, 0xff, 0x32, 0x00, 0x02, 0x00, 0x00, 0x00, 0x14, 0x4d, 0xfa, 0x21, 0x02, 0x2c
    .byte 0x01, 0x00, 0x00, 0x00, 0x2c, 0x65, 0x01, 0x00, 0x00, 0x15, 0x1f, 0x18, 0x70, 0x24, 0x00, 0x10
    .byte 0x00, 0x00, 0x00, 0x17, 0x00, 0x15, 0x20, 0x18, 0x70, 0x05, 0x00, 0x00, 0x00, 0x00, 0x00, 0x17
    .byte 0x00, 0x15, 0x27, 0x18, 0x70, 0x17, 0x00, 0x2c, 0xff, 0xff, 0xff, 0xff, 0x2c, 0xff, 0xff, 0xff
    .byte 0xff, 0x2c, 0xff, 0xff, 0xff, 0xff, 0x15, 0x33, 0x25, 0xb6, 0xfb, 0x21, 0x02, 0x29, 0x00, 0xff
    .byte 0x32, 0x00, 0x03, 0x00, 0x00, 0x00, 0x14, 0x99, 0xfa, 0x21, 0x02, 0x2c, 0x01, 0x00, 0x00, 0x00
    .byte 0x2c, 0x65, 0x01, 0x00, 0x00, 0x15, 0x1f, 0x18, 0x70, 0x24, 0x00, 0x0c, 0x00, 0x00, 0x00, 0x17
    .byte 0x00, 0x15, 0x20, 0x18, 0x70, 0x24, 0x00, 0x0c, 0x00, 0x00, 0x00, 0x17, 0x00, 0x15, 0x27, 0x18
    .byte 0x70, 0x17, 0x00, 0x2c, 0xff, 0xff, 0xff, 0xff, 0x2c, 0xff, 0xff, 0xff, 0xff, 0x2c, 0xff, 0xff
    .byte 0xff, 0xff, 0x15, 0x33, 0x25, 0xb6, 0xfb, 0x21, 0x02, 0x29, 0x00, 0xff, 0x32, 0x00, 0x04, 0x00
    .byte 0x00, 0x00, 0x14, 0xe5, 0xfa, 0x21, 0x02, 0x2c, 0x01, 0x00, 0x00, 0x00, 0x2c, 0x65, 0x01, 0x00
    .byte 0x00, 0x15, 0x1f, 0x18, 0x70, 0x05, 0x00, 0x00, 0x00, 0x00, 0x00, 0x17, 0x00, 0x15, 0x20, 0x18
    .byte 0x70, 0x24, 0x00, 0x10, 0x00, 0x00, 0x00, 0x17, 0x00, 0x15, 0x27, 0x18, 0x70, 0x17, 0x00, 0x2c
    .byte 0xff, 0xff, 0xff, 0xff, 0x2c, 0xff, 0xff, 0xff, 0xff, 0x2c, 0xff, 0xff, 0xff, 0xff, 0x15, 0x33
    .byte 0x25, 0xb6, 0xfb, 0x21, 0x02, 0x29, 0x00, 0xff, 0x32, 0x00, 0x05, 0x00, 0x00, 0x00, 0x14, 0x31
    .byte 0xfb, 0x21, 0x02, 0x2c, 0x01, 0x00, 0x00, 0x00, 0x2c, 0x65, 0x01, 0x00, 0x00, 0x15, 0x1f, 0x18
    .byte 0x70, 0x05, 0x00, 0x0c, 0x00, 0x00, 0x00, 0x17, 0x00, 0x15, 0x20, 0x18, 0x70, 0x24, 0x00, 0x0c
    .byte 0x00, 0x00, 0x00, 0x17, 0x00, 0x15, 0x27, 0x18, 0x70, 0x17, 0x00, 0x2c, 0xff, 0xff, 0xff, 0xff
    .byte 0x2c, 0xff, 0xff, 0xff, 0xff, 0x2c, 0xff, 0xff, 0xff, 0xff, 0x15, 0x33, 0x25, 0xb6, 0xfb, 0x21
    .byte 0x02, 0x29, 0x00, 0xff, 0x32, 0x00, 0x06, 0x00, 0x00, 0x00, 0x14, 0x7d, 0xfb, 0x21, 0x02, 0x2c
    .byte 0x01, 0x00, 0x00, 0x00, 0x2c, 0x65, 0x01, 0x00, 0x00, 0x15, 0x1f, 0x18, 0x70, 0x05, 0x00, 0x10
    .byte 0x00, 0x00, 0x00, 0x17, 0x00, 0x15, 0x20, 0x18, 0x70, 0x05, 0x00, 0x00, 0x00, 0x00, 0x00, 0x17
    .byte 0x00, 0x15, 0x27, 0x18, 0x70, 0x17, 0x00, 0x2c, 0xff, 0xff, 0xff, 0xff, 0x2c, 0xff, 0xff, 0xff
    .byte 0xff, 0x2c, 0xff, 0xff, 0xff, 0xff, 0x15, 0x33, 0x25, 0xb6, 0xfb, 0x21, 0x02, 0x2c, 0x01, 0x00
    .byte 0x00, 0x00, 0x2c, 0x65, 0x01, 0x00, 0x00, 0x15, 0x1f, 0x18, 0x70, 0x05, 0x00, 0x0c, 0x00, 0x00
    .byte 0x00, 0x17, 0x00, 0x15, 0x20, 0x18, 0x70, 0x05, 0x00, 0x0c, 0x00, 0x00, 0x00, 0x17, 0x00, 0x15
    .byte 0x27, 0x18, 0x70, 0x17, 0x00, 0x2c, 0xff, 0xff, 0xff, 0xff, 0x2c, 0xff, 0xff, 0xff, 0xff, 0x2c
    .byte 0xff, 0xff, 0xff, 0xff, 0x15, 0x33, 0x25, 0x08, 0xfe, 0x21, 0x02, 0x29, 0x00, 0xff, 0x32, 0x00
    .byte 0x00, 0x00, 0x00, 0x00, 0x14, 0x07, 0xfc, 0x21, 0x02, 0x2c, 0x01, 0x00, 0x00, 0x00, 0x2c, 0x64
    .byte 0x01, 0x00, 0x00, 0x15, 0x1f, 0x18, 0x70, 0x05, 0x00, 0x00, 0x00, 0x00, 0x00, 0x17, 0x00, 0x15
    .byte 0x20, 0x18, 0x70, 0x05, 0x00, 0x10, 0x00, 0x00, 0x00, 0x17, 0x00, 0x15, 0x27, 0x18, 0x70, 0x17
    .byte 0x00, 0x2c, 0xff, 0xff, 0xff, 0xff, 0x2c, 0xff, 0xff, 0xff, 0xff, 0x2c, 0xff, 0xff, 0xff, 0xff
    .byte 0x15, 0x33, 0x25, 0x08, 0xfe, 0x21, 0x02, 0x29, 0x00, 0xff, 0x32, 0x00, 0x01, 0x00, 0x00, 0x00
    .byte 0x14, 0x53, 0xfc, 0x21, 0x02, 0x2c, 0x01, 0x00, 0x00, 0x00, 0x2c, 0x64, 0x01, 0x00, 0x00, 0x15
    .byte 0x1f, 0x18, 0x70, 0x24, 0x00, 0x0c, 0x00, 0x00, 0x00, 0x17, 0x00, 0x15, 0x20, 0x18, 0x70, 0x05
    .byte 0x00, 0x0c, 0x00, 0x00, 0x00, 0x17, 0x00, 0x15, 0x27, 0x18, 0x70, 0x17, 0x00, 0x2c, 0xff, 0xff
    .byte 0xff, 0xff, 0x2c, 0xff, 0xff, 0xff, 0xff, 0x2c, 0xff, 0xff, 0xff, 0xff, 0x15, 0x33, 0x25, 0x08
    .byte 0xfe, 0x21, 0x02, 0x29, 0x00, 0xff, 0x32, 0x00, 0x02, 0x00, 0x00, 0x00, 0x14, 0x9f, 0xfc, 0x21
    .byte 0x02, 0x2c, 0x01, 0x00, 0x00, 0x00, 0x2c, 0x64, 0x01, 0x00, 0x00, 0x15, 0x1f, 0x18, 0x70, 0x24
    .byte 0x00, 0x10, 0x00, 0x00, 0x00, 0x17, 0x00, 0x15, 0x20, 0x18, 0x70, 0x05, 0x00, 0x00, 0x00, 0x00
    .byte 0x00, 0x17, 0x00, 0x15, 0x27, 0x18, 0x70, 0x17, 0x00, 0x2c, 0xff, 0xff, 0xff, 0xff, 0x2c, 0xff
    .byte 0xff, 0xff, 0xff, 0x2c, 0xff, 0xff, 0xff, 0xff, 0x15, 0x33, 0x25, 0x08, 0xfe, 0x21, 0x02, 0x29
    .byte 0x00, 0xff, 0x32, 0x00, 0x03, 0x00, 0x00, 0x00, 0x14, 0xeb, 0xfc, 0x21, 0x02, 0x2c, 0x01, 0x00
    .byte 0x00, 0x00, 0x2c, 0x64, 0x01, 0x00, 0x00, 0x15, 0x1f, 0x18, 0x70, 0x24, 0x00, 0x0c, 0x00, 0x00
    .byte 0x00, 0x17, 0x00, 0x15, 0x20, 0x18, 0x70, 0x24, 0x00, 0x0c, 0x00, 0x00, 0x00, 0x17, 0x00, 0x15
    .byte 0x27, 0x18, 0x70, 0x17, 0x00, 0x2c, 0xff, 0xff, 0xff, 0xff, 0x2c, 0xff, 0xff, 0xff, 0xff, 0x2c
    .byte 0xff, 0xff, 0xff, 0xff, 0x15, 0x33, 0x25, 0x08, 0xfe, 0x21, 0x02, 0x29, 0x00, 0xff, 0x32, 0x00
    .byte 0x04, 0x00, 0x00, 0x00, 0x14, 0x37, 0xfd, 0x21, 0x02, 0x2c, 0x01, 0x00, 0x00, 0x00, 0x2c, 0x64
    .byte 0x01, 0x00, 0x00, 0x15, 0x1f, 0x18, 0x70, 0x05, 0x00, 0x00, 0x00, 0x00, 0x00, 0x17, 0x00, 0x15
    .byte 0x20, 0x18, 0x70, 0x24, 0x00, 0x10, 0x00, 0x00, 0x00, 0x17, 0x00, 0x15, 0x27, 0x18, 0x70, 0x17
    .byte 0x00, 0x2c, 0xff, 0xff, 0xff, 0xff, 0x2c, 0xff, 0xff, 0xff, 0xff, 0x2c, 0xff, 0xff, 0xff, 0xff
    .byte 0x15, 0x33, 0x25, 0x08, 0xfe, 0x21, 0x02, 0x29, 0x00, 0xff, 0x32, 0x00, 0x05, 0x00, 0x00, 0x00
    .byte 0x14, 0x83, 0xfd, 0x21, 0x02, 0x2c, 0x01, 0x00, 0x00, 0x00, 0x2c, 0x64, 0x01, 0x00, 0x00, 0x15
    .byte 0x1f, 0x18, 0x70, 0x05, 0x00, 0x0c, 0x00, 0x00, 0x00, 0x17, 0x00, 0x15, 0x20, 0x18, 0x70, 0x24
    .byte 0x00, 0x0c, 0x00, 0x00, 0x00, 0x17, 0x00, 0x15, 0x27, 0x18, 0x70, 0x17, 0x00, 0x2c, 0xff, 0xff
    .byte 0xff, 0xff, 0x2c, 0xff, 0xff, 0xff, 0xff, 0x2c, 0xff, 0xff, 0xff, 0xff, 0x15, 0x33, 0x25, 0x08
    .byte 0xfe, 0x21, 0x02, 0x29, 0x00, 0xff, 0x32, 0x00, 0x06, 0x00, 0x00, 0x00, 0x14, 0xcf, 0xfd, 0x21
    .byte 0x02, 0x2c, 0x01, 0x00, 0x00, 0x00, 0x2c, 0x64, 0x01, 0x00, 0x00, 0x15, 0x1f, 0x18, 0x70, 0x05
    .byte 0x00, 0x10, 0x00, 0x00, 0x00, 0x17, 0x00, 0x15, 0x20, 0x18, 0x70, 0x05, 0x00, 0x00, 0x00, 0x00
    .byte 0x00, 0x17, 0x00, 0x15, 0x27, 0x18, 0x70, 0x17, 0x00, 0x2c, 0xff, 0xff, 0xff, 0xff, 0x2c, 0xff
    .byte 0xff, 0xff, 0xff, 0x2c, 0xff, 0xff, 0xff, 0xff, 0x15, 0x33, 0x25, 0x08, 0xfe, 0x21, 0x02, 0x2c
    .byte 0x01, 0x00, 0x00, 0x00, 0x2c, 0x64, 0x01, 0x00, 0x00, 0x15, 0x1f, 0x18, 0x70, 0x05, 0x00, 0x0c
    .byte 0x00, 0x00, 0x00, 0x17, 0x00, 0x15, 0x20, 0x18, 0x70, 0x05, 0x00, 0x0c, 0x00, 0x00, 0x00, 0x17
    .byte 0x00, 0x15, 0x27, 0x18, 0x70, 0x17, 0x00, 0x2c, 0xff, 0xff, 0xff, 0xff, 0x2c, 0xff, 0xff, 0xff
    .byte 0xff, 0x2c, 0xff, 0xff, 0xff, 0xff, 0x15, 0x33, 0x25, 0x5a, 0x00, 0x22, 0x02, 0x29, 0x00, 0xff
    .byte 0x32, 0x00, 0x00, 0x00, 0x00, 0x00, 0x14, 0x59, 0xfe, 0x21, 0x02, 0x2c, 0x01, 0x00, 0x00, 0x00
    .byte 0x2c, 0x64, 0x01, 0x00, 0x00, 0x15, 0x1f, 0x18, 0x70, 0x05, 0x00, 0x00, 0x00, 0x00, 0x00, 0x17
    .byte 0x00, 0x15, 0x20, 0x18, 0x70, 0x05, 0x00, 0x10, 0x00, 0x00, 0x00, 0x17, 0x00, 0x15, 0x27, 0x18
    .byte 0x70, 0x17, 0x00, 0x2c, 0xff, 0xff, 0xff, 0xff, 0x2c, 0xff, 0xff, 0xff, 0xff, 0x2c, 0xff, 0xff
    .byte 0xff, 0xff, 0x15, 0x33, 0x25, 0x5a, 0x00, 0x22, 0x02, 0x29, 0x00, 0xff, 0x32, 0x00, 0x01, 0x00
    .byte 0x00, 0x00, 0x14, 0xa5, 0xfe, 0x21, 0x02, 0x2c, 0x01, 0x00, 0x00, 0x00, 0x2c, 0x64, 0x01, 0x00
    .byte 0x00, 0x15, 0x1f, 0x18, 0x70, 0x24, 0x00, 0x0c, 0x00, 0x00, 0x00, 0x17, 0x00, 0x15, 0x20, 0x18
    .byte 0x70, 0x05, 0x00, 0x0c, 0x00, 0x00, 0x00, 0x17, 0x00, 0x15, 0x27, 0x18, 0x70, 0x17, 0x00, 0x2c
    .byte 0xff, 0xff, 0xff, 0xff, 0x2c, 0xff, 0xff, 0xff, 0xff, 0x2c, 0xff, 0xff, 0xff, 0xff, 0x15, 0x33
    .byte 0x25, 0x5a, 0x00, 0x22, 0x02, 0x29, 0x00, 0xff, 0x32, 0x00, 0x02, 0x00, 0x00, 0x00, 0x14, 0xf1
    .byte 0xfe, 0x21, 0x02, 0x2c, 0x01, 0x00, 0x00, 0x00, 0x2c, 0x64, 0x01, 0x00, 0x00, 0x15, 0x1f, 0x18
    .byte 0x70, 0x24, 0x00, 0x10, 0x00, 0x00, 0x00, 0x17, 0x00, 0x15, 0x20, 0x18, 0x70, 0x05, 0x00, 0x00
    .byte 0x00, 0x00, 0x00, 0x17, 0x00, 0x15, 0x27, 0x18, 0x70, 0x17, 0x00, 0x2c, 0xff, 0xff, 0xff, 0xff
    .byte 0x2c, 0xff, 0xff, 0xff, 0xff, 0x2c, 0xff, 0xff, 0xff, 0xff, 0x15, 0x33, 0x25, 0x5a, 0x00, 0x22
    .byte 0x02, 0x29, 0x00, 0xff, 0x32, 0x00, 0x03, 0x00, 0x00, 0x00, 0x14, 0x3d, 0xff, 0x21, 0x02, 0x2c
    .byte 0x01, 0x00, 0x00, 0x00, 0x2c, 0x64, 0x01, 0x00, 0x00, 0x15, 0x1f, 0x18, 0x70, 0x24, 0x00, 0x0c
    .byte 0x00, 0x00, 0x00, 0x17, 0x00, 0x15, 0x20, 0x18, 0x70, 0x24, 0x00, 0x0c, 0x00, 0x00, 0x00, 0x17
    .byte 0x00, 0x15, 0x27, 0x18, 0x70, 0x17, 0x00, 0x2c, 0xff, 0xff, 0xff, 0xff, 0x2c, 0xff, 0xff, 0xff
    .byte 0xff, 0x2c, 0xff, 0xff, 0xff, 0xff, 0x15, 0x33, 0x25, 0x5a, 0x00, 0x22, 0x02, 0x29, 0x00, 0xff
    .byte 0x32, 0x00, 0x04, 0x00, 0x00, 0x00, 0x14, 0x89, 0xff, 0x21, 0x02, 0x2c, 0x01, 0x00, 0x00, 0x00
    .byte 0x2c, 0x64, 0x01, 0x00, 0x00, 0x15, 0x1f, 0x18, 0x70, 0x05, 0x00, 0x00, 0x00, 0x00, 0x00, 0x17
    .byte 0x00, 0x15, 0x20, 0x18, 0x70, 0x24, 0x00, 0x10, 0x00, 0x00, 0x00, 0x17, 0x00, 0x15, 0x27, 0x18
    .byte 0x70, 0x17, 0x00, 0x2c, 0xff, 0xff, 0xff, 0xff, 0x2c, 0xff, 0xff, 0xff, 0xff, 0x2c, 0xff, 0xff
    .byte 0xff, 0xff, 0x15, 0x33, 0x25, 0x5a, 0x00, 0x22, 0x02, 0x29, 0x00, 0xff, 0x32, 0x00, 0x05, 0x00
    .byte 0x00, 0x00, 0x14, 0xd5, 0xff, 0x21, 0x02, 0x2c, 0x01, 0x00, 0x00, 0x00, 0x2c, 0x64, 0x01, 0x00
    .byte 0x00, 0x15, 0x1f, 0x18, 0x70, 0x05, 0x00, 0x0c, 0x00, 0x00, 0x00, 0x17, 0x00, 0x15, 0x20, 0x18
    .byte 0x70, 0x24, 0x00, 0x0c, 0x00, 0x00, 0x00, 0x17, 0x00, 0x15, 0x27, 0x18, 0x70, 0x17, 0x00, 0x2c
    .byte 0xff, 0xff, 0xff, 0xff, 0x2c, 0xff, 0xff, 0xff, 0xff, 0x2c, 0xff, 0xff, 0xff, 0xff, 0x15, 0x33
    .byte 0x25, 0x5a, 0x00, 0x22, 0x02, 0x29, 0x00, 0xff, 0x32, 0x00, 0x06, 0x00, 0x00, 0x00, 0x14, 0x21
    .byte 0x00, 0x22, 0x02, 0x2c, 0x01, 0x00, 0x00, 0x00, 0x2c, 0x64, 0x01, 0x00, 0x00, 0x15, 0x1f, 0x18
    .byte 0x70, 0x05, 0x00, 0x10, 0x00, 0x00, 0x00, 0x17, 0x00, 0x15, 0x20, 0x18, 0x70, 0x05, 0x00, 0x00
    .byte 0x00, 0x00, 0x00, 0x17, 0x00, 0x15, 0x27, 0x18, 0x70, 0x17, 0x00, 0x2c, 0xff, 0xff, 0xff, 0xff
    .byte 0x2c, 0xff, 0xff, 0xff, 0xff, 0x2c, 0xff, 0xff, 0xff, 0xff, 0x15, 0x33, 0x25, 0x5a, 0x00, 0x22
    .byte 0x02, 0x2c, 0x01, 0x00, 0x00, 0x00, 0x2c, 0x64, 0x01, 0x00, 0x00, 0x15, 0x1f, 0x18, 0x70, 0x05
    .byte 0x00, 0x0c, 0x00, 0x00, 0x00, 0x17, 0x00, 0x15, 0x20, 0x18, 0x70, 0x05, 0x00, 0x0c, 0x00, 0x00
    .byte 0x00, 0x17, 0x00, 0x15, 0x27, 0x18, 0x70, 0x17, 0x00, 0x2c, 0xff, 0xff, 0xff, 0xff, 0x2c, 0xff
    .byte 0xff, 0xff, 0xff, 0x2c, 0xff, 0xff, 0xff, 0xff, 0x15, 0x33, 0x25, 0x9a, 0x02, 0x22, 0x02, 0x2b
    .byte 0x00, 0x02, 0x34, 0x00, 0x19, 0x00, 0x00, 0x00, 0x14, 0x9a, 0x02, 0x22, 0x02, 0x29, 0x00, 0xff
    .byte 0x32, 0x00, 0x00, 0x00, 0x00, 0x00, 0x14, 0xb5, 0x00, 0x22, 0x02, 0x2c, 0x01, 0x00, 0x00, 0x00
    .byte 0x15, 0x1f, 0x18, 0x70, 0x05, 0x00, 0x00, 0x00, 0x00, 0x00, 0x17, 0x00, 0x15, 0x20, 0x18, 0x70
    .byte 0x05, 0x00, 0x10, 0x00, 0x00, 0x00, 0x17, 0x00, 0x15, 0x27, 0x18, 0x70, 0x17, 0x00, 0x20, 0x00
    .byte 0x00, 0x20, 0x00, 0x00, 0x2c, 0xf4, 0x01, 0x00, 0x00, 0x2c, 0x2c, 0x01, 0x00, 0x00, 0x15, 0xb2
    .byte 0x25, 0x9a, 0x02, 0x22, 0x02, 0x29, 0x00, 0xff, 0x32, 0x00, 0x01, 0x00, 0x00, 0x00, 0x14, 0xfd
    .byte 0x00, 0x22, 0x02, 0x2c, 0x01, 0x00, 0x00, 0x00, 0x15, 0x1f, 0x18, 0x70, 0x24, 0x00, 0x0c, 0x00
    .byte 0x00, 0x00, 0x17, 0x00, 0x15, 0x20, 0x18, 0x70, 0x05, 0x00, 0x0c, 0x00, 0x00, 0x00, 0x17, 0x00
    .byte 0x15, 0x27, 0x18, 0x70, 0x17, 0x00, 0x20, 0x00, 0x00, 0x20, 0x00, 0x00, 0x2c, 0xf4, 0x01, 0x00
    .byte 0x00, 0x2c, 0x2c, 0x01, 0x00, 0x00, 0x15, 0xb2, 0x25, 0x9a, 0x02, 0x22, 0x02, 0x29, 0x00, 0xff
    .byte 0x32, 0x00, 0x02, 0x00, 0x00, 0x00, 0x14, 0x45, 0x01, 0x22, 0x02, 0x2c, 0x01, 0x00, 0x00, 0x00
    .byte 0x15, 0x1f, 0x18, 0x70, 0x24, 0x00, 0x10, 0x00, 0x00, 0x00, 0x17, 0x00, 0x15, 0x20, 0x18, 0x70
    .byte 0x05, 0x00, 0x00, 0x00, 0x00, 0x00, 0x17, 0x00, 0x15, 0x27, 0x18, 0x70, 0x17, 0x00, 0x20, 0x00
    .byte 0x00, 0x20, 0x00, 0x00, 0x2c, 0xf4, 0x01, 0x00, 0x00, 0x2c, 0x2c, 0x01, 0x00, 0x00, 0x15, 0xb2
    .byte 0x25, 0x9a, 0x02, 0x22, 0x02, 0x29, 0x00, 0xff, 0x32, 0x00, 0x03, 0x00, 0x00, 0x00, 0x14, 0x8d
    .byte 0x01, 0x22, 0x02, 0x2c, 0x01, 0x00, 0x00, 0x00, 0x15, 0x1f, 0x18, 0x70, 0x24, 0x00, 0x0c, 0x00
    .byte 0x00, 0x00, 0x17, 0x00, 0x15, 0x20, 0x18, 0x70, 0x24, 0x00, 0x0c, 0x00, 0x00, 0x00, 0x17, 0x00
    .byte 0x15, 0x27, 0x18, 0x70, 0x17, 0x00, 0x20, 0x00, 0x00, 0x20, 0x00, 0x00, 0x2c, 0xf4, 0x01, 0x00
    .byte 0x00, 0x2c, 0x2c, 0x01, 0x00, 0x00, 0x15, 0xb2, 0x25, 0x9a, 0x02, 0x22, 0x02, 0x29, 0x00, 0xff
    .byte 0x32, 0x00, 0x04, 0x00, 0x00, 0x00, 0x14, 0xd5, 0x01, 0x22, 0x02, 0x2c, 0x01, 0x00, 0x00, 0x00
    .byte 0x15, 0x1f, 0x18, 0x70, 0x05, 0x00, 0x00, 0x00, 0x00, 0x00, 0x17, 0x00, 0x15, 0x20, 0x18, 0x70
    .byte 0x24, 0x00, 0x10, 0x00, 0x00, 0x00, 0x17, 0x00, 0x15, 0x27, 0x18, 0x70, 0x17, 0x00, 0x20, 0x00
    .byte 0x00, 0x20, 0x00, 0x00, 0x2c, 0xf4, 0x01, 0x00, 0x00, 0x2c, 0x2c, 0x01, 0x00, 0x00, 0x15, 0xb2
    .byte 0x25, 0x9a, 0x02, 0x22, 0x02, 0x29, 0x00, 0xff, 0x32, 0x00, 0x05, 0x00, 0x00, 0x00, 0x14, 0x1d
    .byte 0x02, 0x22, 0x02, 0x2c, 0x01, 0x00, 0x00, 0x00, 0x15, 0x1f, 0x18, 0x70, 0x05, 0x00, 0x0c, 0x00
    .byte 0x00, 0x00, 0x17, 0x00, 0x15, 0x20, 0x18, 0x70, 0x24, 0x00, 0x0c, 0x00, 0x00, 0x00, 0x17, 0x00
    .byte 0x15, 0x27, 0x18, 0x70, 0x17, 0x00, 0x20, 0x00, 0x00, 0x20, 0x00, 0x00, 0x2c, 0xf4, 0x01, 0x00
    .byte 0x00, 0x2c, 0x2c, 0x01, 0x00, 0x00, 0x15, 0xb2, 0x25, 0x9a, 0x02, 0x22, 0x02, 0x29, 0x00, 0xff
    .byte 0x32, 0x00, 0x06, 0x00, 0x00, 0x00, 0x14, 0x65, 0x02, 0x22, 0x02, 0x2c, 0x01, 0x00, 0x00, 0x00
    .byte 0x15, 0x1f, 0x18, 0x70, 0x05, 0x00, 0x10, 0x00, 0x00, 0x00, 0x17, 0x00, 0x15, 0x20, 0x18, 0x70
    .byte 0x05, 0x00, 0x00, 0x00, 0x00, 0x00, 0x17, 0x00, 0x15, 0x27, 0x18, 0x70, 0x17, 0x00, 0x20, 0x00
    .byte 0x00, 0x20, 0x00, 0x00, 0x2c, 0xf4, 0x01, 0x00, 0x00, 0x2c, 0x2c, 0x01, 0x00, 0x00, 0x15, 0xb2
    .byte 0x25, 0x9a, 0x02, 0x22, 0x02, 0x2c, 0x01, 0x00, 0x00, 0x00, 0x15, 0x1f, 0x18, 0x70, 0x05, 0x00
    .byte 0x0c, 0x00, 0x00, 0x00, 0x17, 0x00, 0x15, 0x20, 0x18, 0x70, 0x05, 0x00, 0x0c, 0x00, 0x00, 0x00
    .byte 0x17, 0x00, 0x15, 0x27, 0x18, 0x70, 0x17, 0x00, 0x20, 0x00, 0x00, 0x20, 0x00, 0x00, 0x2c, 0xf4
    .byte 0x01, 0x00, 0x00, 0x2c, 0x2c, 0x01, 0x00, 0x00, 0x15, 0xb2, 0x2f, 0x00, 0x2f, 0x01, 0x15, 0x57
    .byte 0x20, 0x00, 0x00, 0x15, 0x07, 0x15, 0x08, 0x2f, 0x00, 0x2f, 0x01, 0x2c, 0x30, 0x00, 0x00, 0x00
    .byte 0x2c, 0x1a, 0x00, 0x00, 0x00, 0x2c, 0x39, 0x00, 0x00, 0x00, 0x2c, 0x20, 0x00, 0x00, 0x00, 0x15
    .byte 0x5d, 0x18, 0x70, 0x14, 0x97, 0x18, 0x22, 0x02, 0x2f, 0x00, 0x2f, 0x01, 0x15, 0x56, 0x18, 0x70
    .byte 0x13, 0x97, 0x18, 0x22, 0x02, 0x2c, 0x64, 0x00, 0x00, 0x00, 0x15, 0x01, 0x18, 0x70, 0x28, 0x00
    .byte 0x02, 0x03, 0x00, 0x24, 0x00, 0x00, 0x00, 0x32, 0x00, 0xff, 0xff, 0xff, 0xff, 0x14, 0x8e, 0x0c
    .byte 0x22, 0x02, 0x2b, 0x00, 0x02, 0x34, 0x00, 0x03, 0x00, 0x00, 0x00, 0x14, 0x4e, 0x0a, 0x22, 0x02
    .byte 0x2d, 0xfe, 0x15, 0x7c, 0x18, 0x70, 0x31, 0x00, 0x05, 0x00, 0x00, 0x00, 0x14, 0x4e, 0x0a, 0x22
    .byte 0x02, 0x29, 0x00, 0xfe, 0x35, 0x00, 0x25, 0x00, 0x00, 0x00, 0x14, 0x4e, 0x0a, 0x22, 0x02, 0x29
    .byte 0x00, 0xfe, 0x35, 0x00, 0x4f, 0x00, 0x00, 0x00, 0x14, 0x4e, 0x0a, 0x22, 0x02, 0x2d, 0xfe, 0x15
    .byte 0x7c, 0x18, 0x70, 0x31, 0x00, 0x08, 0x00, 0x00, 0x00, 0x14, 0xfc, 0x07, 0x22, 0x02, 0x2c, 0x02
    .byte 0x00, 0x00, 0x00, 0x15, 0x01, 0x18, 0x70, 0x28, 0x00, 0x02, 0x2b, 0x00, 0x02, 0x32, 0x00, 0x00
    .byte 0x00, 0x00, 0x00, 0x14, 0xaa, 0x05, 0x22, 0x02, 0x29, 0x00, 0xff, 0x32, 0x00, 0x00, 0x00, 0x00
    .byte 0x00, 0x14, 0xa4, 0x03, 0x22, 0x02, 0x2c, 0x01, 0x00, 0x00, 0x00, 0x2c, 0x65, 0x01, 0x00, 0x00
    .byte 0x15, 0x1f, 0x18, 0x70, 0x05, 0x00, 0x00, 0x00, 0x00, 0x00, 0x17, 0x00, 0x15, 0x20, 0x18, 0x70
    .byte 0x05, 0x00, 0x10, 0x00, 0x00, 0x00, 0x17, 0x00, 0x15, 0x27, 0x18, 0x70, 0x17, 0x00, 0x2c, 0xff
    .byte 0xff, 0xff, 0xff, 0x2c, 0xff, 0xff, 0xff, 0xff, 0x2c, 0xff, 0xff, 0xff, 0xff, 0x15, 0x33, 0x25
    .byte 0xa5, 0x05, 0x22, 0x02, 0x29, 0x00, 0xff, 0x32, 0x00, 0x01, 0x00, 0x00, 0x00, 0x14, 0xf0, 0x03
    .byte 0x22, 0x02, 0x2c, 0x01, 0x00, 0x00, 0x00, 0x2c, 0x65, 0x01, 0x00, 0x00, 0x15, 0x1f, 0x18, 0x70
    .byte 0x24, 0x00, 0x0c, 0x00, 0x00, 0x00, 0x17, 0x00, 0x15, 0x20, 0x18, 0x70, 0x05, 0x00, 0x0c, 0x00
    .byte 0x00, 0x00, 0x17, 0x00, 0x15, 0x27, 0x18, 0x70, 0x17, 0x00, 0x2c, 0xff, 0xff, 0xff, 0xff, 0x2c
    .byte 0xff, 0xff, 0xff, 0xff, 0x2c, 0xff, 0xff, 0xff, 0xff, 0x15, 0x33, 0x25, 0xa5, 0x05, 0x22, 0x02
    .byte 0x29, 0x00, 0xff, 0x32, 0x00, 0x02, 0x00, 0x00, 0x00, 0x14, 0x3c, 0x04, 0x22, 0x02, 0x2c, 0x01
    .byte 0x00, 0x00, 0x00, 0x2c, 0x65, 0x01, 0x00, 0x00, 0x15, 0x1f, 0x18, 0x70, 0x24, 0x00, 0x10, 0x00
    .byte 0x00, 0x00, 0x17, 0x00, 0x15, 0x20, 0x18, 0x70, 0x05, 0x00, 0x00, 0x00, 0x00, 0x00, 0x17, 0x00
    .byte 0x15, 0x27, 0x18, 0x70, 0x17, 0x00, 0x2c, 0xff, 0xff, 0xff, 0xff, 0x2c, 0xff, 0xff, 0xff, 0xff
    .byte 0x2c, 0xff, 0xff, 0xff, 0xff, 0x15, 0x33, 0x25, 0xa5, 0x05, 0x22, 0x02, 0x29, 0x00, 0xff, 0x32
    .byte 0x00, 0x03, 0x00, 0x00, 0x00, 0x14, 0x88, 0x04, 0x22, 0x02, 0x2c, 0x01, 0x00, 0x00, 0x00, 0x2c
    .byte 0x65, 0x01, 0x00, 0x00, 0x15, 0x1f, 0x18, 0x70, 0x24, 0x00, 0x0c, 0x00, 0x00, 0x00, 0x17, 0x00
    .byte 0x15, 0x20, 0x18, 0x70, 0x24, 0x00, 0x0c, 0x00, 0x00, 0x00, 0x17, 0x00, 0x15, 0x27, 0x18, 0x70
    .byte 0x17, 0x00, 0x2c, 0xff, 0xff, 0xff, 0xff, 0x2c, 0xff, 0xff, 0xff, 0xff, 0x2c, 0xff, 0xff, 0xff
    .byte 0xff, 0x15, 0x33, 0x25, 0xa5, 0x05, 0x22, 0x02, 0x29, 0x00, 0xff, 0x32, 0x00, 0x04, 0x00, 0x00
    .byte 0x00, 0x14, 0xd4, 0x04, 0x22, 0x02, 0x2c, 0x01, 0x00, 0x00, 0x00, 0x2c, 0x65, 0x01, 0x00, 0x00
    .byte 0x15, 0x1f, 0x18, 0x70, 0x05, 0x00, 0x00, 0x00, 0x00, 0x00, 0x17, 0x00, 0x15, 0x20, 0x18, 0x70
    .byte 0x24, 0x00, 0x10, 0x00, 0x00, 0x00, 0x17, 0x00, 0x15, 0x27, 0x18, 0x70, 0x17, 0x00, 0x2c, 0xff
    .byte 0xff, 0xff, 0xff, 0x2c, 0xff, 0xff, 0xff, 0xff, 0x2c, 0xff, 0xff, 0xff, 0xff, 0x15, 0x33, 0x25
    .byte 0xa5, 0x05, 0x22, 0x02, 0x29, 0x00, 0xff, 0x32, 0x00, 0x05, 0x00, 0x00, 0x00, 0x14, 0x20, 0x05
    .byte 0x22, 0x02, 0x2c, 0x01, 0x00, 0x00, 0x00, 0x2c, 0x65, 0x01, 0x00, 0x00, 0x15, 0x1f, 0x18, 0x70
    .byte 0x05, 0x00, 0x0c, 0x00, 0x00, 0x00, 0x17, 0x00, 0x15, 0x20, 0x18, 0x70, 0x24, 0x00, 0x0c, 0x00
    .byte 0x00, 0x00, 0x17, 0x00, 0x15, 0x27, 0x18, 0x70, 0x17, 0x00, 0x2c, 0xff, 0xff, 0xff, 0xff, 0x2c
    .byte 0xff, 0xff, 0xff, 0xff, 0x2c, 0xff, 0xff, 0xff, 0xff, 0x15, 0x33, 0x25, 0xa5, 0x05, 0x22, 0x02
    .byte 0x29, 0x00, 0xff, 0x32, 0x00, 0x06, 0x00, 0x00, 0x00, 0x14, 0x6c, 0x05, 0x22, 0x02, 0x2c, 0x01
    .byte 0x00, 0x00, 0x00, 0x2c, 0x65, 0x01, 0x00, 0x00, 0x15, 0x1f, 0x18, 0x70, 0x05, 0x00, 0x10, 0x00
    .byte 0x00, 0x00, 0x17, 0x00, 0x15, 0x20, 0x18, 0x70, 0x05, 0x00, 0x00, 0x00, 0x00, 0x00, 0x17, 0x00
    .byte 0x15, 0x27, 0x18, 0x70, 0x17, 0x00, 0x2c, 0xff, 0xff, 0xff, 0xff, 0x2c, 0xff, 0xff, 0xff, 0xff
    .byte 0x2c, 0xff, 0xff, 0xff, 0xff, 0x15, 0x33, 0x25, 0xa5, 0x05, 0x22, 0x02, 0x2c, 0x01, 0x00, 0x00
    .byte 0x00, 0x2c, 0x65, 0x01, 0x00, 0x00, 0x15, 0x1f, 0x18, 0x70, 0x05, 0x00, 0x0c, 0x00, 0x00, 0x00
    .byte 0x17, 0x00, 0x15, 0x20, 0x18, 0x70, 0x05, 0x00, 0x0c, 0x00, 0x00, 0x00, 0x17, 0x00, 0x15, 0x27
    .byte 0x18, 0x70, 0x17, 0x00, 0x2c, 0xff, 0xff, 0xff, 0xff, 0x2c, 0xff, 0xff, 0xff, 0xff, 0x2c, 0xff
    .byte 0xff, 0xff, 0xff, 0x15, 0x33, 0x25, 0xf7, 0x07, 0x22, 0x02, 0x29, 0x00, 0xff, 0x32, 0x00, 0x00
    .byte 0x00, 0x00, 0x00, 0x14, 0xf6, 0x05, 0x22, 0x02, 0x2c, 0x01, 0x00, 0x00, 0x00, 0x2c, 0x64, 0x01
    .byte 0x00, 0x00, 0x15, 0x1f, 0x18, 0x70, 0x05, 0x00, 0x00, 0x00, 0x00, 0x00, 0x17, 0x00, 0x15, 0x20
    .byte 0x18, 0x70, 0x05, 0x00, 0x10, 0x00, 0x00, 0x00, 0x17, 0x00, 0x15, 0x27, 0x18, 0x70, 0x17, 0x00
    .byte 0x2c, 0xff, 0xff, 0xff, 0xff, 0x2c, 0xff, 0xff, 0xff, 0xff, 0x2c, 0xff, 0xff, 0xff, 0xff, 0x15
    .byte 0x33, 0x25, 0xf7, 0x07, 0x22, 0x02, 0x29, 0x00, 0xff, 0x32, 0x00, 0x01, 0x00, 0x00, 0x00, 0x14
    .byte 0x42, 0x06, 0x22, 0x02, 0x2c, 0x01, 0x00, 0x00, 0x00, 0x2c, 0x64, 0x01, 0x00, 0x00, 0x15, 0x1f
    .byte 0x18, 0x70, 0x24, 0x00, 0x0c, 0x00, 0x00, 0x00, 0x17, 0x00, 0x15, 0x20, 0x18, 0x70, 0x05, 0x00
    .byte 0x0c, 0x00, 0x00, 0x00, 0x17, 0x00, 0x15, 0x27, 0x18, 0x70, 0x17, 0x00, 0x2c, 0xff, 0xff, 0xff
    .byte 0xff, 0x2c, 0xff, 0xff, 0xff, 0xff, 0x2c, 0xff, 0xff, 0xff, 0xff, 0x15, 0x33, 0x25, 0xf7, 0x07
    .byte 0x22, 0x02, 0x29, 0x00, 0xff, 0x32, 0x00, 0x02, 0x00, 0x00, 0x00, 0x14, 0x8e, 0x06, 0x22, 0x02
    .byte 0x2c, 0x01, 0x00, 0x00, 0x00, 0x2c, 0x64, 0x01, 0x00, 0x00, 0x15, 0x1f, 0x18, 0x70, 0x24, 0x00
    .byte 0x10, 0x00, 0x00, 0x00, 0x17, 0x00, 0x15, 0x20, 0x18, 0x70, 0x05, 0x00, 0x00, 0x00, 0x00, 0x00
    .byte 0x17, 0x00, 0x15, 0x27, 0x18, 0x70, 0x17, 0x00, 0x2c, 0xff, 0xff, 0xff, 0xff, 0x2c, 0xff, 0xff
    .byte 0xff, 0xff, 0x2c, 0xff, 0xff, 0xff, 0xff, 0x15, 0x33, 0x25, 0xf7, 0x07, 0x22, 0x02, 0x29, 0x00
    .byte 0xff, 0x32, 0x00, 0x03, 0x00, 0x00, 0x00, 0x14, 0xda, 0x06, 0x22, 0x02, 0x2c, 0x01, 0x00, 0x00
    .byte 0x00, 0x2c, 0x64, 0x01, 0x00, 0x00, 0x15, 0x1f, 0x18, 0x70, 0x24, 0x00, 0x0c, 0x00, 0x00, 0x00
    .byte 0x17, 0x00, 0x15, 0x20, 0x18, 0x70, 0x24, 0x00, 0x0c, 0x00, 0x00, 0x00, 0x17, 0x00, 0x15, 0x27
    .byte 0x18, 0x70, 0x17, 0x00, 0x2c, 0xff, 0xff, 0xff, 0xff, 0x2c, 0xff, 0xff, 0xff, 0xff, 0x2c, 0xff
    .byte 0xff, 0xff, 0xff, 0x15, 0x33, 0x25, 0xf7, 0x07, 0x22, 0x02, 0x29, 0x00, 0xff, 0x32, 0x00, 0x04
    .byte 0x00, 0x00, 0x00, 0x14, 0x26, 0x07, 0x22, 0x02, 0x2c, 0x01, 0x00, 0x00, 0x00, 0x2c, 0x64, 0x01
    .byte 0x00, 0x00, 0x15, 0x1f, 0x18, 0x70, 0x05, 0x00, 0x00, 0x00, 0x00, 0x00, 0x17, 0x00, 0x15, 0x20
    .byte 0x18, 0x70, 0x24, 0x00, 0x10, 0x00, 0x00, 0x00, 0x17, 0x00, 0x15, 0x27, 0x18, 0x70, 0x17, 0x00
    .byte 0x2c, 0xff, 0xff, 0xff, 0xff, 0x2c, 0xff, 0xff, 0xff, 0xff, 0x2c, 0xff, 0xff, 0xff, 0xff, 0x15
    .byte 0x33, 0x25, 0xf7, 0x07, 0x22, 0x02, 0x29, 0x00, 0xff, 0x32, 0x00, 0x05, 0x00, 0x00, 0x00, 0x14
    .byte 0x72, 0x07, 0x22, 0x02, 0x2c, 0x01, 0x00, 0x00, 0x00, 0x2c, 0x64, 0x01, 0x00, 0x00, 0x15, 0x1f
    .byte 0x18, 0x70, 0x05, 0x00, 0x0c, 0x00, 0x00, 0x00, 0x17, 0x00, 0x15, 0x20, 0x18, 0x70, 0x24, 0x00
    .byte 0x0c, 0x00, 0x00, 0x00, 0x17, 0x00, 0x15, 0x27, 0x18, 0x70, 0x17, 0x00, 0x2c, 0xff, 0xff, 0xff
    .byte 0xff, 0x2c, 0xff, 0xff, 0xff, 0xff, 0x2c, 0xff, 0xff, 0xff, 0xff, 0x15, 0x33, 0x25, 0xf7, 0x07
    .byte 0x22, 0x02, 0x29, 0x00, 0xff, 0x32, 0x00, 0x06, 0x00, 0x00, 0x00, 0x14, 0xbe, 0x07, 0x22, 0x02
    .byte 0x2c, 0x01, 0x00, 0x00, 0x00, 0x2c, 0x64, 0x01, 0x00, 0x00, 0x15, 0x1f, 0x18, 0x70, 0x05, 0x00
    .byte 0x10, 0x00, 0x00, 0x00, 0x17, 0x00, 0x15, 0x20, 0x18, 0x70, 0x05, 0x00, 0x00, 0x00, 0x00, 0x00
    .byte 0x17, 0x00, 0x15, 0x27, 0x18, 0x70, 0x17, 0x00, 0x2c, 0xff, 0xff, 0xff, 0xff, 0x2c, 0xff, 0xff
    .byte 0xff, 0xff, 0x2c, 0xff, 0xff, 0xff, 0xff, 0x15, 0x33, 0x25, 0xf7, 0x07, 0x22, 0x02, 0x2c, 0x01
    .byte 0x00, 0x00, 0x00, 0x2c, 0x64, 0x01, 0x00, 0x00, 0x15, 0x1f, 0x18, 0x70, 0x05, 0x00, 0x0c, 0x00
    .byte 0x00, 0x00, 0x17, 0x00, 0x15, 0x20, 0x18, 0x70, 0x05, 0x00, 0x0c, 0x00, 0x00, 0x00, 0x17, 0x00
    .byte 0x15, 0x27, 0x18, 0x70, 0x17, 0x00, 0x2c, 0xff, 0xff, 0xff, 0xff, 0x2c, 0xff, 0xff, 0xff, 0xff
    .byte 0x2c, 0xff, 0xff, 0xff, 0xff, 0x15, 0x33, 0x25, 0x49, 0x0a, 0x22, 0x02, 0x29, 0x00, 0xff, 0x32
    .byte 0x00, 0x00, 0x00, 0x00, 0x00, 0x14, 0x48, 0x08, 0x22, 0x02, 0x2c, 0x01, 0x00, 0x00, 0x00, 0x2c
    .byte 0x64, 0x01, 0x00, 0x00, 0x15, 0x1f, 0x18, 0x70, 0x05, 0x00, 0x00, 0x00, 0x00, 0x00, 0x17, 0x00
    .byte 0x15, 0x20, 0x18, 0x70, 0x05, 0x00, 0x10, 0x00, 0x00, 0x00, 0x17, 0x00, 0x15, 0x27, 0x18, 0x70
    .byte 0x17, 0x00, 0x2c, 0xff, 0xff, 0xff, 0xff, 0x2c, 0xff, 0xff, 0xff, 0xff, 0x2c, 0xff, 0xff, 0xff
    .byte 0xff, 0x15, 0x33, 0x25, 0x49, 0x0a, 0x22, 0x02, 0x29, 0x00, 0xff, 0x32, 0x00, 0x01, 0x00, 0x00
    .byte 0x00, 0x14, 0x94, 0x08, 0x22, 0x02, 0x2c, 0x01, 0x00, 0x00, 0x00, 0x2c, 0x64, 0x01, 0x00, 0x00
    .byte 0x15, 0x1f, 0x18, 0x70, 0x24, 0x00, 0x0c, 0x00, 0x00, 0x00, 0x17, 0x00, 0x15, 0x20, 0x18, 0x70
    .byte 0x05, 0x00, 0x0c, 0x00, 0x00, 0x00, 0x17, 0x00, 0x15, 0x27, 0x18, 0x70, 0x17, 0x00, 0x2c, 0xff
    .byte 0xff, 0xff, 0xff, 0x2c, 0xff, 0xff, 0xff, 0xff, 0x2c, 0xff, 0xff, 0xff, 0xff, 0x15, 0x33, 0x25
    .byte 0x49, 0x0a, 0x22, 0x02, 0x29, 0x00, 0xff, 0x32, 0x00, 0x02, 0x00, 0x00, 0x00, 0x14, 0xe0, 0x08
    .byte 0x22, 0x02, 0x2c, 0x01, 0x00, 0x00, 0x00, 0x2c, 0x64, 0x01, 0x00, 0x00, 0x15, 0x1f, 0x18, 0x70
    .byte 0x24, 0x00, 0x10, 0x00, 0x00, 0x00, 0x17, 0x00, 0x15, 0x20, 0x18, 0x70, 0x05, 0x00, 0x00, 0x00
    .byte 0x00, 0x00, 0x17, 0x00, 0x15, 0x27, 0x18, 0x70, 0x17, 0x00, 0x2c, 0xff, 0xff, 0xff, 0xff, 0x2c
    .byte 0xff, 0xff, 0xff, 0xff, 0x2c, 0xff, 0xff, 0xff, 0xff, 0x15, 0x33, 0x25, 0x49, 0x0a, 0x22, 0x02
    .byte 0x29, 0x00, 0xff, 0x32, 0x00, 0x03, 0x00, 0x00, 0x00, 0x14, 0x2c, 0x09, 0x22, 0x02, 0x2c, 0x01
    .byte 0x00, 0x00, 0x00, 0x2c, 0x64, 0x01, 0x00, 0x00, 0x15, 0x1f, 0x18, 0x70, 0x24, 0x00, 0x0c, 0x00
    .byte 0x00, 0x00, 0x17, 0x00, 0x15, 0x20, 0x18, 0x70, 0x24, 0x00, 0x0c, 0x00, 0x00, 0x00, 0x17, 0x00
    .byte 0x15, 0x27, 0x18, 0x70, 0x17, 0x00, 0x2c, 0xff, 0xff, 0xff, 0xff, 0x2c, 0xff, 0xff, 0xff, 0xff
    .byte 0x2c, 0xff, 0xff, 0xff, 0xff, 0x15, 0x33, 0x25, 0x49, 0x0a, 0x22, 0x02, 0x29, 0x00, 0xff, 0x32
    .byte 0x00, 0x04, 0x00, 0x00, 0x00, 0x14, 0x78, 0x09, 0x22, 0x02, 0x2c, 0x01, 0x00, 0x00, 0x00, 0x2c
    .byte 0x64, 0x01, 0x00, 0x00, 0x15, 0x1f, 0x18, 0x70, 0x05, 0x00, 0x00, 0x00, 0x00, 0x00, 0x17, 0x00
    .byte 0x15, 0x20, 0x18, 0x70, 0x24, 0x00, 0x10, 0x00, 0x00, 0x00, 0x17, 0x00, 0x15, 0x27, 0x18, 0x70
    .byte 0x17, 0x00, 0x2c, 0xff, 0xff, 0xff, 0xff, 0x2c, 0xff, 0xff, 0xff, 0xff, 0x2c, 0xff, 0xff, 0xff
    .byte 0xff, 0x15, 0x33, 0x25, 0x49, 0x0a, 0x22, 0x02, 0x29, 0x00, 0xff, 0x32, 0x00, 0x05, 0x00, 0x00
    .byte 0x00, 0x14, 0xc4, 0x09, 0x22, 0x02, 0x2c, 0x01, 0x00, 0x00, 0x00, 0x2c, 0x64, 0x01, 0x00, 0x00
    .byte 0x15, 0x1f, 0x18, 0x70, 0x05, 0x00, 0x0c, 0x00, 0x00, 0x00, 0x17, 0x00, 0x15, 0x20, 0x18, 0x70
    .byte 0x24, 0x00, 0x0c, 0x00, 0x00, 0x00, 0x17, 0x00, 0x15, 0x27, 0x18, 0x70, 0x17, 0x00, 0x2c, 0xff
    .byte 0xff, 0xff, 0xff, 0x2c, 0xff, 0xff, 0xff, 0xff, 0x2c, 0xff, 0xff, 0xff, 0xff, 0x15, 0x33, 0x25
    .byte 0x49, 0x0a, 0x22, 0x02, 0x29, 0x00, 0xff, 0x32, 0x00, 0x06, 0x00, 0x00, 0x00, 0x14, 0x10, 0x0a
    .byte 0x22, 0x02, 0x2c, 0x01, 0x00, 0x00, 0x00, 0x2c, 0x64, 0x01, 0x00, 0x00, 0x15, 0x1f, 0x18, 0x70
    .byte 0x05, 0x00, 0x10, 0x00, 0x00, 0x00, 0x17, 0x00, 0x15, 0x20, 0x18, 0x70, 0x05, 0x00, 0x00, 0x00
    .byte 0x00, 0x00, 0x17, 0x00, 0x15, 0x27, 0x18, 0x70, 0x17, 0x00, 0x2c, 0xff, 0xff, 0xff, 0xff, 0x2c
    .byte 0xff, 0xff, 0xff, 0xff, 0x2c, 0xff, 0xff, 0xff, 0xff, 0x15, 0x33, 0x25, 0x49, 0x0a, 0x22, 0x02
    .byte 0x2c, 0x01, 0x00, 0x00, 0x00, 0x2c, 0x64, 0x01, 0x00, 0x00, 0x15, 0x1f, 0x18, 0x70, 0x05, 0x00
    .byte 0x0c, 0x00, 0x00, 0x00, 0x17, 0x00, 0x15, 0x20, 0x18, 0x70, 0x05, 0x00, 0x0c, 0x00, 0x00, 0x00
    .byte 0x17, 0x00, 0x15, 0x27, 0x18, 0x70, 0x17, 0x00, 0x2c, 0xff, 0xff, 0xff, 0xff, 0x2c, 0xff, 0xff
    .byte 0xff, 0xff, 0x2c, 0xff, 0xff, 0xff, 0xff, 0x15, 0x33, 0x25, 0x89, 0x0c, 0x22, 0x02, 0x2b, 0x00
    .byte 0x02, 0x34, 0x00, 0x19, 0x00, 0x00, 0x00, 0x14, 0x89, 0x0c, 0x22, 0x02, 0x29, 0x00, 0xff, 0x32
    .byte 0x00, 0x00, 0x00, 0x00, 0x00, 0x14, 0xa4, 0x0a, 0x22, 0x02, 0x2c, 0x01, 0x00, 0x00, 0x00, 0x15
    .byte 0x1f, 0x18, 0x70, 0x05, 0x00, 0x00, 0x00, 0x00, 0x00, 0x17, 0x00, 0x15, 0x20, 0x18, 0x70, 0x05
    .byte 0x00, 0x10, 0x00, 0x00, 0x00, 0x17, 0x00, 0x15, 0x27, 0x18, 0x70, 0x17, 0x00, 0x20, 0x00, 0x00
    .byte 0x20, 0x00, 0x00, 0x2c, 0xf4, 0x01, 0x00, 0x00, 0x2c, 0x2c, 0x01, 0x00, 0x00, 0x15, 0xb2, 0x25
    .byte 0x89, 0x0c, 0x22, 0x02, 0x29, 0x00, 0xff, 0x32, 0x00, 0x01, 0x00, 0x00, 0x00, 0x14, 0xec, 0x0a
    .byte 0x22, 0x02, 0x2c, 0x01, 0x00, 0x00, 0x00, 0x15, 0x1f, 0x18, 0x70, 0x24, 0x00, 0x0c, 0x00, 0x00
    .byte 0x00, 0x17, 0x00, 0x15, 0x20, 0x18, 0x70, 0x05, 0x00, 0x0c, 0x00, 0x00, 0x00, 0x17, 0x00, 0x15
    .byte 0x27, 0x18, 0x70, 0x17, 0x00, 0x20, 0x00, 0x00, 0x20, 0x00, 0x00, 0x2c, 0xf4, 0x01, 0x00, 0x00
    .byte 0x2c, 0x2c, 0x01, 0x00, 0x00, 0x15, 0xb2, 0x25, 0x89, 0x0c, 0x22, 0x02, 0x29, 0x00, 0xff, 0x32
    .byte 0x00, 0x02, 0x00, 0x00, 0x00, 0x14, 0x34, 0x0b, 0x22, 0x02, 0x2c, 0x01, 0x00, 0x00, 0x00, 0x15
    .byte 0x1f, 0x18, 0x70, 0x24, 0x00, 0x10, 0x00, 0x00, 0x00, 0x17, 0x00, 0x15, 0x20, 0x18, 0x70, 0x05
    .byte 0x00, 0x00, 0x00, 0x00, 0x00, 0x17, 0x00, 0x15, 0x27, 0x18, 0x70, 0x17, 0x00, 0x20, 0x00, 0x00
    .byte 0x20, 0x00, 0x00, 0x2c, 0xf4, 0x01, 0x00, 0x00, 0x2c, 0x2c, 0x01, 0x00, 0x00, 0x15, 0xb2, 0x25
    .byte 0x89, 0x0c, 0x22, 0x02, 0x29, 0x00, 0xff, 0x32, 0x00, 0x03, 0x00, 0x00, 0x00, 0x14, 0x7c, 0x0b
    .byte 0x22, 0x02, 0x2c, 0x01, 0x00, 0x00, 0x00, 0x15, 0x1f, 0x18, 0x70, 0x24, 0x00, 0x0c, 0x00, 0x00
    .byte 0x00, 0x17, 0x00, 0x15, 0x20, 0x18, 0x70, 0x24, 0x00, 0x0c, 0x00, 0x00, 0x00, 0x17, 0x00, 0x15
    .byte 0x27, 0x18, 0x70, 0x17, 0x00, 0x20, 0x00, 0x00, 0x20, 0x00, 0x00, 0x2c, 0xf4, 0x01, 0x00, 0x00
    .byte 0x2c, 0x2c, 0x01, 0x00, 0x00, 0x15, 0xb2, 0x25, 0x89, 0x0c, 0x22, 0x02, 0x29, 0x00, 0xff, 0x32
    .byte 0x00, 0x04, 0x00, 0x00, 0x00, 0x14, 0xc4, 0x0b, 0x22, 0x02, 0x2c, 0x01, 0x00, 0x00, 0x00, 0x15
    .byte 0x1f, 0x18, 0x70, 0x05, 0x00, 0x00, 0x00, 0x00, 0x00, 0x17, 0x00, 0x15, 0x20, 0x18, 0x70, 0x24
    .byte 0x00, 0x10, 0x00, 0x00, 0x00, 0x17, 0x00, 0x15, 0x27, 0x18, 0x70, 0x17, 0x00, 0x20, 0x00, 0x00
    .byte 0x20, 0x00, 0x00, 0x2c, 0xf4, 0x01, 0x00, 0x00, 0x2c, 0x2c, 0x01, 0x00, 0x00, 0x15, 0xb2, 0x25
    .byte 0x89, 0x0c, 0x22, 0x02, 0x29, 0x00, 0xff, 0x32, 0x00, 0x05, 0x00, 0x00, 0x00, 0x14, 0x0c, 0x0c
    .byte 0x22, 0x02, 0x2c, 0x01, 0x00, 0x00, 0x00, 0x15, 0x1f, 0x18, 0x70, 0x05, 0x00, 0x0c, 0x00, 0x00
    .byte 0x00, 0x17, 0x00, 0x15, 0x20, 0x18, 0x70, 0x24, 0x00, 0x0c, 0x00, 0x00, 0x00, 0x17, 0x00, 0x15
    .byte 0x27, 0x18, 0x70, 0x17, 0x00, 0x20, 0x00, 0x00, 0x20, 0x00, 0x00, 0x2c, 0xf4, 0x01, 0x00, 0x00
    .byte 0x2c, 0x2c, 0x01, 0x00, 0x00, 0x15, 0xb2, 0x25, 0x89, 0x0c, 0x22, 0x02, 0x29, 0x00, 0xff, 0x32
    .byte 0x00, 0x06, 0x00, 0x00, 0x00, 0x14, 0x54, 0x0c, 0x22, 0x02, 0x2c, 0x01, 0x00, 0x00, 0x00, 0x15
    .byte 0x1f, 0x18, 0x70, 0x05, 0x00, 0x10, 0x00, 0x00, 0x00, 0x17, 0x00, 0x15, 0x20, 0x18, 0x70, 0x05
    .byte 0x00, 0x00, 0x00, 0x00, 0x00, 0x17, 0x00, 0x15, 0x27, 0x18, 0x70, 0x17, 0x00, 0x20, 0x00, 0x00
    .byte 0x20, 0x00, 0x00, 0x2c, 0xf4, 0x01, 0x00, 0x00, 0x2c, 0x2c, 0x01, 0x00, 0x00, 0x15, 0xb2, 0x25
    .byte 0x89, 0x0c, 0x22, 0x02, 0x2c, 0x01, 0x00, 0x00, 0x00, 0x15, 0x1f, 0x18, 0x70, 0x05, 0x00, 0x0c
    .byte 0x00, 0x00, 0x00, 0x17, 0x00, 0x15, 0x20, 0x18, 0x70, 0x05, 0x00, 0x0c, 0x00, 0x00, 0x00, 0x17
    .byte 0x00, 0x15, 0x27, 0x18, 0x70, 0x17, 0x00, 0x20, 0x00, 0x00, 0x20, 0x00, 0x00, 0x2c, 0xf4, 0x01
    .byte 0x00, 0x00, 0x2c, 0x2c, 0x01, 0x00, 0x00, 0x15, 0xb2, 0x25, 0x91, 0x18, 0x22, 0x02, 0x2b, 0x00
    .byte 0x02, 0x34, 0x00, 0x0f, 0x00, 0x00, 0x00, 0x14, 0xee, 0x0e, 0x22, 0x02, 0x29, 0x00, 0xff, 0x32
    .byte 0x00, 0x00, 0x00, 0x00, 0x00, 0x14, 0xe8, 0x0c, 0x22, 0x02, 0x2c, 0x01, 0x00, 0x00, 0x00, 0x2c
    .byte 0x24, 0x00, 0x00, 0x00, 0x15, 0x1f, 0x18, 0x70, 0x05, 0x00, 0x00, 0x00, 0x00, 0x00, 0x17, 0x00
    .byte 0x15, 0x20, 0x18, 0x70, 0x05, 0x00, 0x10, 0x00, 0x00, 0x00, 0x17, 0x00, 0x15, 0x27, 0x18, 0x70
    .byte 0x17, 0x00, 0x2c, 0xff, 0xff, 0xff, 0xff, 0x2c, 0xff, 0xff, 0xff, 0xff, 0x2c, 0xff, 0xff, 0xff
    .byte 0xff, 0x15, 0x33, 0x25, 0xe9, 0x0e, 0x22, 0x02, 0x29, 0x00, 0xff, 0x32, 0x00, 0x01, 0x00, 0x00
    .byte 0x00, 0x14, 0x34, 0x0d, 0x22, 0x02, 0x2c, 0x01, 0x00, 0x00, 0x00, 0x2c, 0x24, 0x00, 0x00, 0x00
    .byte 0x15, 0x1f, 0x18, 0x70, 0x24, 0x00, 0x0c, 0x00, 0x00, 0x00, 0x17, 0x00, 0x15, 0x20, 0x18, 0x70
    .byte 0x05, 0x00, 0x0c, 0x00, 0x00, 0x00, 0x17, 0x00, 0x15, 0x27, 0x18, 0x70, 0x17, 0x00, 0x2c, 0xff
    .byte 0xff, 0xff, 0xff, 0x2c, 0xff, 0xff, 0xff, 0xff, 0x2c, 0xff, 0xff, 0xff, 0xff, 0x15, 0x33, 0x25
    .byte 0xe9, 0x0e, 0x22, 0x02, 0x29, 0x00, 0xff, 0x32, 0x00, 0x02, 0x00, 0x00, 0x00, 0x14, 0x80, 0x0d
    .byte 0x22, 0x02, 0x2c, 0x01, 0x00, 0x00, 0x00, 0x2c, 0x24, 0x00, 0x00, 0x00, 0x15, 0x1f, 0x18, 0x70
    .byte 0x24, 0x00, 0x10, 0x00, 0x00, 0x00, 0x17, 0x00, 0x15, 0x20, 0x18, 0x70, 0x05, 0x00, 0x00, 0x00
    .byte 0x00, 0x00, 0x17, 0x00, 0x15, 0x27, 0x18, 0x70, 0x17, 0x00, 0x2c, 0xff, 0xff, 0xff, 0xff, 0x2c
    .byte 0xff, 0xff, 0xff, 0xff, 0x2c, 0xff, 0xff, 0xff, 0xff, 0x15, 0x33, 0x25, 0xe9, 0x0e, 0x22, 0x02
    .byte 0x29, 0x00, 0xff, 0x32, 0x00, 0x03, 0x00, 0x00, 0x00, 0x14, 0xcc, 0x0d, 0x22, 0x02, 0x2c, 0x01
    .byte 0x00, 0x00, 0x00, 0x2c, 0x24, 0x00, 0x00, 0x00, 0x15, 0x1f, 0x18, 0x70, 0x24, 0x00, 0x0c, 0x00
    .byte 0x00, 0x00, 0x17, 0x00, 0x15, 0x20, 0x18, 0x70, 0x24, 0x00, 0x0c, 0x00, 0x00, 0x00, 0x17, 0x00
    .byte 0x15, 0x27, 0x18, 0x70, 0x17, 0x00, 0x2c, 0xff, 0xff, 0xff, 0xff, 0x2c, 0xff, 0xff, 0xff, 0xff
    .byte 0x2c, 0xff, 0xff, 0xff, 0xff, 0x15, 0x33, 0x25, 0xe9, 0x0e, 0x22, 0x02, 0x29, 0x00, 0xff, 0x32
    .byte 0x00, 0x04, 0x00, 0x00, 0x00, 0x14, 0x18, 0x0e, 0x22, 0x02, 0x2c, 0x01, 0x00, 0x00, 0x00, 0x2c
    .byte 0x24, 0x00, 0x00, 0x00, 0x15, 0x1f, 0x18, 0x70, 0x05, 0x00, 0x00, 0x00, 0x00, 0x00, 0x17, 0x00
    .byte 0x15, 0x20, 0x18, 0x70, 0x24, 0x00, 0x10, 0x00, 0x00, 0x00, 0x17, 0x00, 0x15, 0x27, 0x18, 0x70
    .byte 0x17, 0x00, 0x2c, 0xff, 0xff, 0xff, 0xff, 0x2c, 0xff, 0xff, 0xff, 0xff, 0x2c, 0xff, 0xff, 0xff
    .byte 0xff, 0x15, 0x33, 0x25, 0xe9, 0x0e, 0x22, 0x02, 0x29, 0x00, 0xff, 0x32, 0x00, 0x05, 0x00, 0x00
    .byte 0x00, 0x14, 0x64, 0x0e, 0x22, 0x02, 0x2c, 0x01, 0x00, 0x00, 0x00, 0x2c, 0x24, 0x00, 0x00, 0x00
    .byte 0x15, 0x1f, 0x18, 0x70, 0x05, 0x00, 0x0c, 0x00, 0x00, 0x00, 0x17, 0x00, 0x15, 0x20, 0x18, 0x70
    .byte 0x24, 0x00, 0x0c, 0x00, 0x00, 0x00, 0x17, 0x00, 0x15, 0x27, 0x18, 0x70, 0x17, 0x00, 0x2c, 0xff
    .byte 0xff, 0xff, 0xff, 0x2c, 0xff, 0xff, 0xff, 0xff, 0x2c, 0xff, 0xff, 0xff, 0xff, 0x15, 0x33, 0x25
    .byte 0xe9, 0x0e, 0x22, 0x02, 0x29, 0x00, 0xff, 0x32, 0x00, 0x06, 0x00, 0x00, 0x00, 0x14, 0xb0, 0x0e
    .byte 0x22, 0x02, 0x2c, 0x01, 0x00, 0x00, 0x00, 0x2c, 0x24, 0x00, 0x00, 0x00, 0x15, 0x1f, 0x18, 0x70
    .byte 0x05, 0x00, 0x10, 0x00, 0x00, 0x00, 0x17, 0x00, 0x15, 0x20, 0x18, 0x70, 0x05, 0x00, 0x00, 0x00
    .byte 0x00, 0x00, 0x17, 0x00, 0x15, 0x27, 0x18, 0x70, 0x17, 0x00, 0x2c, 0xff, 0xff, 0xff, 0xff, 0x2c
    .byte 0xff, 0xff, 0xff, 0xff, 0x2c, 0xff, 0xff, 0xff, 0xff, 0x15, 0x33, 0x25, 0xe9, 0x0e, 0x22, 0x02
    .byte 0x2c, 0x01, 0x00, 0x00, 0x00, 0x2c, 0x24, 0x00, 0x00, 0x00, 0x15, 0x1f, 0x18, 0x70, 0x05, 0x00
    .byte 0x0c, 0x00, 0x00, 0x00, 0x17, 0x00, 0x15, 0x20, 0x18, 0x70, 0x05, 0x00, 0x0c, 0x00, 0x00, 0x00
    .byte 0x17, 0x00, 0x15, 0x27, 0x18, 0x70, 0x17, 0x00, 0x2c, 0xff, 0xff, 0xff, 0xff, 0x2c, 0xff, 0xff
    .byte 0xff, 0xff, 0x2c, 0xff, 0xff, 0xff, 0xff, 0x15, 0x33, 0x25, 0x91, 0x18, 0x22, 0x02, 0x2c, 0x64
    .byte 0x00, 0x00, 0x00, 0x15, 0x01, 0x18, 0x70, 0x28, 0x00, 0x02, 0x2b, 0x00, 0x02, 0x34, 0x00, 0x03
    .byte 0x00, 0x00, 0x00, 0x14, 0x56, 0x16, 0x22, 0x02, 0x2d, 0xfe, 0x15, 0x7c, 0x18, 0x70, 0x31, 0x00
    .byte 0x05, 0x00, 0x00, 0x00, 0x14, 0x56, 0x16, 0x22, 0x02, 0x29, 0x00, 0xfe, 0x35, 0x00, 0x25, 0x00
    .byte 0x00, 0x00, 0x14, 0x56, 0x16, 0x22, 0x02, 0x29, 0x00, 0xfe, 0x35, 0x00, 0x4f, 0x00, 0x00, 0x00
    .byte 0x14, 0x56, 0x16, 0x22, 0x02, 0x2d, 0xfe, 0x15, 0x7c, 0x18, 0x70, 0x31, 0x00, 0x08, 0x00, 0x00
    .byte 0x00, 0x14, 0x04, 0x14, 0x22, 0x02, 0x2c, 0x02, 0x00, 0x00, 0x00, 0x15, 0x01, 0x18, 0x70, 0x28
    .byte 0x00, 0x02, 0x2b, 0x00, 0x02, 0x32, 0x00, 0x00, 0x00, 0x00, 0x00, 0x14, 0xb2, 0x11, 0x22, 0x02
    .byte 0x29, 0x00, 0xff, 0x32, 0x00, 0x00, 0x00, 0x00, 0x00, 0x14, 0xac, 0x0f, 0x22, 0x02, 0x2c, 0x01
    .byte 0x00, 0x00, 0x00, 0x2c, 0x65, 0x01, 0x00, 0x00, 0x15, 0x1f, 0x18, 0x70, 0x05, 0x00, 0x00, 0x00
    .byte 0x00, 0x00, 0x17, 0x00, 0x15, 0x20, 0x18, 0x70, 0x05, 0x00, 0x10, 0x00, 0x00, 0x00, 0x17, 0x00
    .byte 0x15, 0x27, 0x18, 0x70, 0x17, 0x00, 0x2c, 0xff, 0xff, 0xff, 0xff, 0x2c, 0xff, 0xff, 0xff, 0xff
    .byte 0x2c, 0xff, 0xff, 0xff, 0xff, 0x15, 0x33, 0x25, 0xad, 0x11, 0x22, 0x02, 0x29, 0x00, 0xff, 0x32
    .byte 0x00, 0x01, 0x00, 0x00, 0x00, 0x14, 0xf8, 0x0f, 0x22, 0x02, 0x2c, 0x01, 0x00, 0x00, 0x00, 0x2c
    .byte 0x65, 0x01, 0x00, 0x00, 0x15, 0x1f, 0x18, 0x70, 0x24, 0x00, 0x0c, 0x00, 0x00, 0x00, 0x17, 0x00
    .byte 0x15, 0x20, 0x18, 0x70, 0x05, 0x00, 0x0c, 0x00, 0x00, 0x00, 0x17, 0x00, 0x15, 0x27, 0x18, 0x70
    .byte 0x17, 0x00, 0x2c, 0xff, 0xff, 0xff, 0xff, 0x2c, 0xff, 0xff, 0xff, 0xff, 0x2c, 0xff, 0xff, 0xff
    .byte 0xff, 0x15, 0x33, 0x25, 0xad, 0x11, 0x22, 0x02, 0x29, 0x00, 0xff, 0x32, 0x00, 0x02, 0x00, 0x00
    .byte 0x00, 0x14, 0x44, 0x10, 0x22, 0x02, 0x2c, 0x01, 0x00, 0x00, 0x00, 0x2c, 0x65, 0x01, 0x00, 0x00
    .byte 0x15, 0x1f, 0x18, 0x70, 0x24, 0x00, 0x10, 0x00, 0x00, 0x00, 0x17, 0x00, 0x15, 0x20, 0x18, 0x70
    .byte 0x05, 0x00, 0x00, 0x00, 0x00, 0x00, 0x17, 0x00, 0x15, 0x27, 0x18, 0x70, 0x17, 0x00, 0x2c, 0xff
    .byte 0xff, 0xff, 0xff, 0x2c, 0xff, 0xff, 0xff, 0xff, 0x2c, 0xff, 0xff, 0xff, 0xff, 0x15, 0x33, 0x25
    .byte 0xad, 0x11, 0x22, 0x02, 0x29, 0x00, 0xff, 0x32, 0x00, 0x03, 0x00, 0x00, 0x00, 0x14, 0x90, 0x10
    .byte 0x22, 0x02, 0x2c, 0x01, 0x00, 0x00, 0x00, 0x2c, 0x65, 0x01, 0x00, 0x00, 0x15, 0x1f, 0x18, 0x70
    .byte 0x24, 0x00, 0x0c, 0x00, 0x00, 0x00, 0x17, 0x00, 0x15, 0x20, 0x18, 0x70, 0x24, 0x00, 0x0c, 0x00
    .byte 0x00, 0x00, 0x17, 0x00, 0x15, 0x27, 0x18, 0x70, 0x17, 0x00, 0x2c, 0xff, 0xff, 0xff, 0xff, 0x2c
    .byte 0xff, 0xff, 0xff, 0xff, 0x2c, 0xff, 0xff, 0xff, 0xff, 0x15, 0x33, 0x25, 0xad, 0x11, 0x22, 0x02
    .byte 0x29, 0x00, 0xff, 0x32, 0x00, 0x04, 0x00, 0x00, 0x00, 0x14, 0xdc, 0x10, 0x22, 0x02, 0x2c, 0x01
    .byte 0x00, 0x00, 0x00, 0x2c, 0x65, 0x01, 0x00, 0x00, 0x15, 0x1f, 0x18, 0x70, 0x05, 0x00, 0x00, 0x00
    .byte 0x00, 0x00, 0x17, 0x00, 0x15, 0x20, 0x18, 0x70, 0x24, 0x00, 0x10, 0x00, 0x00, 0x00, 0x17, 0x00
    .byte 0x15, 0x27, 0x18, 0x70, 0x17, 0x00, 0x2c, 0xff, 0xff, 0xff, 0xff, 0x2c, 0xff, 0xff, 0xff, 0xff
    .byte 0x2c, 0xff, 0xff, 0xff, 0xff, 0x15, 0x33, 0x25, 0xad, 0x11, 0x22, 0x02, 0x29, 0x00, 0xff, 0x32
    .byte 0x00, 0x05, 0x00, 0x00, 0x00, 0x14, 0x28, 0x11, 0x22, 0x02, 0x2c, 0x01, 0x00, 0x00, 0x00, 0x2c
    .byte 0x65, 0x01, 0x00, 0x00, 0x15, 0x1f, 0x18, 0x70, 0x05, 0x00, 0x0c, 0x00, 0x00, 0x00, 0x17, 0x00
    .byte 0x15, 0x20, 0x18, 0x70, 0x24, 0x00, 0x0c, 0x00, 0x00, 0x00, 0x17, 0x00, 0x15, 0x27, 0x18, 0x70
    .byte 0x17, 0x00, 0x2c, 0xff, 0xff, 0xff, 0xff, 0x2c, 0xff, 0xff, 0xff, 0xff, 0x2c, 0xff, 0xff, 0xff
    .byte 0xff, 0x15, 0x33, 0x25, 0xad, 0x11, 0x22, 0x02, 0x29, 0x00, 0xff, 0x32, 0x00, 0x06, 0x00, 0x00
    .byte 0x00, 0x14, 0x74, 0x11, 0x22, 0x02, 0x2c, 0x01, 0x00, 0x00, 0x00, 0x2c, 0x65, 0x01, 0x00, 0x00
    .byte 0x15, 0x1f, 0x18, 0x70, 0x05, 0x00, 0x10, 0x00, 0x00, 0x00, 0x17, 0x00, 0x15, 0x20, 0x18, 0x70
    .byte 0x05, 0x00, 0x00, 0x00, 0x00, 0x00, 0x17, 0x00, 0x15, 0x27, 0x18, 0x70, 0x17, 0x00, 0x2c, 0xff
    .byte 0xff, 0xff, 0xff, 0x2c, 0xff, 0xff, 0xff, 0xff, 0x2c, 0xff, 0xff, 0xff, 0xff, 0x15, 0x33, 0x25
    .byte 0xad, 0x11, 0x22, 0x02, 0x2c, 0x01, 0x00, 0x00, 0x00, 0x2c, 0x65, 0x01, 0x00, 0x00, 0x15, 0x1f
    .byte 0x18, 0x70, 0x05, 0x00, 0x0c, 0x00, 0x00, 0x00, 0x17, 0x00, 0x15, 0x20, 0x18, 0x70, 0x05, 0x00
    .byte 0x0c, 0x00, 0x00, 0x00, 0x17, 0x00, 0x15, 0x27, 0x18, 0x70, 0x17, 0x00, 0x2c, 0xff, 0xff, 0xff
    .byte 0xff, 0x2c, 0xff, 0xff, 0xff, 0xff, 0x2c, 0xff, 0xff, 0xff, 0xff, 0x15, 0x33, 0x25, 0xff, 0x13
    .byte 0x22, 0x02, 0x29, 0x00, 0xff, 0x32, 0x00, 0x00, 0x00, 0x00, 0x00, 0x14, 0xfe, 0x11, 0x22, 0x02
    .byte 0x2c, 0x01, 0x00, 0x00, 0x00, 0x2c, 0x64, 0x01, 0x00, 0x00, 0x15, 0x1f, 0x18, 0x70, 0x05, 0x00
    .byte 0x00, 0x00, 0x00, 0x00, 0x17, 0x00, 0x15, 0x20, 0x18, 0x70, 0x05, 0x00, 0x10, 0x00, 0x00, 0x00
    .byte 0x17, 0x00, 0x15, 0x27, 0x18, 0x70, 0x17, 0x00, 0x2c, 0xff, 0xff, 0xff, 0xff, 0x2c, 0xff, 0xff
    .byte 0xff, 0xff, 0x2c, 0xff, 0xff, 0xff, 0xff, 0x15, 0x33, 0x25, 0xff, 0x13, 0x22, 0x02, 0x29, 0x00
    .byte 0xff, 0x32, 0x00, 0x01, 0x00, 0x00, 0x00, 0x14, 0x4a, 0x12, 0x22, 0x02, 0x2c, 0x01, 0x00, 0x00
    .byte 0x00, 0x2c, 0x64, 0x01, 0x00, 0x00, 0x15, 0x1f, 0x18, 0x70, 0x24, 0x00, 0x0c, 0x00, 0x00, 0x00
    .byte 0x17, 0x00, 0x15, 0x20, 0x18, 0x70, 0x05, 0x00, 0x0c, 0x00, 0x00, 0x00, 0x17, 0x00, 0x15, 0x27
    .byte 0x18, 0x70, 0x17, 0x00, 0x2c, 0xff, 0xff, 0xff, 0xff, 0x2c, 0xff, 0xff, 0xff, 0xff, 0x2c, 0xff
    .byte 0xff, 0xff, 0xff, 0x15, 0x33, 0x25, 0xff, 0x13, 0x22, 0x02, 0x29, 0x00, 0xff, 0x32, 0x00, 0x02
    .byte 0x00, 0x00, 0x00, 0x14, 0x96, 0x12, 0x22, 0x02, 0x2c, 0x01, 0x00, 0x00, 0x00, 0x2c, 0x64, 0x01
    .byte 0x00, 0x00, 0x15, 0x1f, 0x18, 0x70, 0x24, 0x00, 0x10, 0x00, 0x00, 0x00, 0x17, 0x00, 0x15, 0x20
    .byte 0x18, 0x70, 0x05, 0x00, 0x00, 0x00, 0x00, 0x00, 0x17, 0x00, 0x15, 0x27, 0x18, 0x70, 0x17, 0x00
    .byte 0x2c, 0xff, 0xff, 0xff, 0xff, 0x2c, 0xff, 0xff, 0xff, 0xff, 0x2c, 0xff, 0xff, 0xff, 0xff, 0x15
    .byte 0x33, 0x25, 0xff, 0x13, 0x22, 0x02, 0x29, 0x00, 0xff, 0x32, 0x00, 0x03, 0x00, 0x00, 0x00, 0x14
    .byte 0xe2, 0x12, 0x22, 0x02, 0x2c, 0x01, 0x00, 0x00, 0x00, 0x2c, 0x64, 0x01, 0x00, 0x00, 0x15, 0x1f
    .byte 0x18, 0x70, 0x24, 0x00, 0x0c, 0x00, 0x00, 0x00, 0x17, 0x00, 0x15, 0x20, 0x18, 0x70, 0x24, 0x00
    .byte 0x0c, 0x00, 0x00, 0x00, 0x17, 0x00, 0x15, 0x27, 0x18, 0x70, 0x17, 0x00, 0x2c, 0xff, 0xff, 0xff
    .byte 0xff, 0x2c, 0xff, 0xff, 0xff, 0xff, 0x2c, 0xff, 0xff, 0xff, 0xff, 0x15, 0x33, 0x25, 0xff, 0x13
    .byte 0x22, 0x02, 0x29, 0x00, 0xff, 0x32, 0x00, 0x04, 0x00, 0x00, 0x00, 0x14, 0x2e, 0x13, 0x22, 0x02
    .byte 0x2c, 0x01, 0x00, 0x00, 0x00, 0x2c, 0x64, 0x01, 0x00, 0x00, 0x15, 0x1f, 0x18, 0x70, 0x05, 0x00
    .byte 0x00, 0x00, 0x00, 0x00, 0x17, 0x00, 0x15, 0x20, 0x18, 0x70, 0x24, 0x00, 0x10, 0x00, 0x00, 0x00
    .byte 0x17, 0x00, 0x15, 0x27, 0x18, 0x70, 0x17, 0x00, 0x2c, 0xff, 0xff, 0xff, 0xff, 0x2c, 0xff, 0xff
    .byte 0xff, 0xff, 0x2c, 0xff, 0xff, 0xff, 0xff, 0x15, 0x33, 0x25, 0xff, 0x13, 0x22, 0x02, 0x29, 0x00
    .byte 0xff, 0x32, 0x00, 0x05, 0x00, 0x00, 0x00, 0x14, 0x7a, 0x13, 0x22, 0x02, 0x2c, 0x01, 0x00, 0x00
    .byte 0x00, 0x2c, 0x64, 0x01, 0x00, 0x00, 0x15, 0x1f, 0x18, 0x70, 0x05, 0x00, 0x0c, 0x00, 0x00, 0x00
    .byte 0x17, 0x00, 0x15, 0x20, 0x18, 0x70, 0x24, 0x00, 0x0c, 0x00, 0x00, 0x00, 0x17, 0x00, 0x15, 0x27
    .byte 0x18, 0x70, 0x17, 0x00, 0x2c, 0xff, 0xff, 0xff, 0xff, 0x2c, 0xff, 0xff, 0xff, 0xff, 0x2c, 0xff
    .byte 0xff, 0xff, 0xff, 0x15, 0x33, 0x25, 0xff, 0x13, 0x22, 0x02, 0x29, 0x00, 0xff, 0x32, 0x00, 0x06
    .byte 0x00, 0x00, 0x00, 0x14, 0xc6, 0x13, 0x22, 0x02, 0x2c, 0x01, 0x00, 0x00, 0x00, 0x2c, 0x64, 0x01
    .byte 0x00, 0x00, 0x15, 0x1f, 0x18, 0x70, 0x05, 0x00, 0x10, 0x00, 0x00, 0x00, 0x17, 0x00, 0x15, 0x20
    .byte 0x18, 0x70, 0x05, 0x00, 0x00, 0x00, 0x00, 0x00, 0x17, 0x00, 0x15, 0x27, 0x18, 0x70, 0x17, 0x00
    .byte 0x2c, 0xff, 0xff, 0xff, 0xff, 0x2c, 0xff, 0xff, 0xff, 0xff, 0x2c, 0xff, 0xff, 0xff, 0xff, 0x15
    .byte 0x33, 0x25, 0xff, 0x13, 0x22, 0x02, 0x2c, 0x01, 0x00, 0x00, 0x00, 0x2c, 0x64, 0x01, 0x00, 0x00
    .byte 0x15, 0x1f, 0x18, 0x70, 0x05, 0x00, 0x0c, 0x00, 0x00, 0x00, 0x17, 0x00, 0x15, 0x20, 0x18, 0x70
    .byte 0x05, 0x00, 0x0c, 0x00, 0x00, 0x00, 0x17, 0x00, 0x15, 0x27, 0x18, 0x70, 0x17, 0x00, 0x2c, 0xff
    .byte 0xff, 0xff, 0xff, 0x2c, 0xff, 0xff, 0xff, 0xff, 0x2c, 0xff, 0xff, 0xff, 0xff, 0x15, 0x33, 0x25
    .byte 0x51, 0x16, 0x22, 0x02, 0x29, 0x00, 0xff, 0x32, 0x00, 0x00, 0x00, 0x00, 0x00, 0x14, 0x50, 0x14
    .byte 0x22, 0x02, 0x2c, 0x01, 0x00, 0x00, 0x00, 0x2c, 0x64, 0x01, 0x00, 0x00, 0x15, 0x1f, 0x18, 0x70
    .byte 0x05, 0x00, 0x00, 0x00, 0x00, 0x00, 0x17, 0x00, 0x15, 0x20, 0x18, 0x70, 0x05, 0x00, 0x10, 0x00
    .byte 0x00, 0x00, 0x17, 0x00, 0x15, 0x27, 0x18, 0x70, 0x17, 0x00, 0x2c, 0xff, 0xff, 0xff, 0xff, 0x2c
    .byte 0xff, 0xff, 0xff, 0xff, 0x2c, 0xff, 0xff, 0xff, 0xff, 0x15, 0x33, 0x25, 0x51, 0x16, 0x22, 0x02
    .byte 0x29, 0x00, 0xff, 0x32, 0x00, 0x01, 0x00, 0x00, 0x00, 0x14, 0x9c, 0x14, 0x22, 0x02, 0x2c, 0x01
    .byte 0x00, 0x00, 0x00, 0x2c, 0x64, 0x01, 0x00, 0x00, 0x15, 0x1f, 0x18, 0x70, 0x24, 0x00, 0x0c, 0x00
    .byte 0x00, 0x00, 0x17, 0x00, 0x15, 0x20, 0x18, 0x70, 0x05, 0x00, 0x0c, 0x00, 0x00, 0x00, 0x17, 0x00
    .byte 0x15, 0x27, 0x18, 0x70, 0x17, 0x00, 0x2c, 0xff, 0xff, 0xff, 0xff, 0x2c, 0xff, 0xff, 0xff, 0xff
    .byte 0x2c, 0xff, 0xff, 0xff, 0xff, 0x15, 0x33, 0x25, 0x51, 0x16, 0x22, 0x02, 0x29, 0x00, 0xff, 0x32
    .byte 0x00, 0x02, 0x00, 0x00, 0x00, 0x14, 0xe8, 0x14, 0x22, 0x02, 0x2c, 0x01, 0x00, 0x00, 0x00, 0x2c
    .byte 0x64, 0x01, 0x00, 0x00, 0x15, 0x1f, 0x18, 0x70, 0x24, 0x00, 0x10, 0x00, 0x00, 0x00, 0x17, 0x00
    .byte 0x15, 0x20, 0x18, 0x70, 0x05, 0x00, 0x00, 0x00, 0x00, 0x00, 0x17, 0x00, 0x15, 0x27, 0x18, 0x70
    .byte 0x17, 0x00, 0x2c, 0xff, 0xff, 0xff, 0xff, 0x2c, 0xff, 0xff, 0xff, 0xff, 0x2c, 0xff, 0xff, 0xff
    .byte 0xff, 0x15, 0x33, 0x25, 0x51, 0x16, 0x22, 0x02, 0x29, 0x00, 0xff, 0x32, 0x00, 0x03, 0x00, 0x00
    .byte 0x00, 0x14, 0x34, 0x15, 0x22, 0x02, 0x2c, 0x01, 0x00, 0x00, 0x00, 0x2c, 0x64, 0x01, 0x00, 0x00
    .byte 0x15, 0x1f, 0x18, 0x70, 0x24, 0x00, 0x0c, 0x00, 0x00, 0x00, 0x17, 0x00, 0x15, 0x20, 0x18, 0x70
    .byte 0x24, 0x00, 0x0c, 0x00, 0x00, 0x00, 0x17, 0x00, 0x15, 0x27, 0x18, 0x70, 0x17, 0x00, 0x2c, 0xff
    .byte 0xff, 0xff, 0xff, 0x2c, 0xff, 0xff, 0xff, 0xff, 0x2c, 0xff, 0xff, 0xff, 0xff, 0x15, 0x33, 0x25
    .byte 0x51, 0x16, 0x22, 0x02, 0x29, 0x00, 0xff, 0x32, 0x00, 0x04, 0x00, 0x00, 0x00, 0x14, 0x80, 0x15
    .byte 0x22, 0x02, 0x2c, 0x01, 0x00, 0x00, 0x00, 0x2c, 0x64, 0x01, 0x00, 0x00, 0x15, 0x1f, 0x18, 0x70
    .byte 0x05, 0x00, 0x00, 0x00, 0x00, 0x00, 0x17, 0x00, 0x15, 0x20, 0x18, 0x70, 0x24, 0x00, 0x10, 0x00
    .byte 0x00, 0x00, 0x17, 0x00, 0x15, 0x27, 0x18, 0x70, 0x17, 0x00, 0x2c, 0xff, 0xff, 0xff, 0xff, 0x2c
    .byte 0xff, 0xff, 0xff, 0xff, 0x2c, 0xff, 0xff, 0xff, 0xff, 0x15, 0x33, 0x25, 0x51, 0x16, 0x22, 0x02
    .byte 0x29, 0x00, 0xff, 0x32, 0x00, 0x05, 0x00, 0x00, 0x00, 0x14, 0xcc, 0x15, 0x22, 0x02, 0x2c, 0x01
    .byte 0x00, 0x00, 0x00, 0x2c, 0x64, 0x01, 0x00, 0x00, 0x15, 0x1f, 0x18, 0x70, 0x05, 0x00, 0x0c, 0x00
    .byte 0x00, 0x00, 0x17, 0x00, 0x15, 0x20, 0x18, 0x70, 0x24, 0x00, 0x0c, 0x00, 0x00, 0x00, 0x17, 0x00
    .byte 0x15, 0x27, 0x18, 0x70, 0x17, 0x00, 0x2c, 0xff, 0xff, 0xff, 0xff, 0x2c, 0xff, 0xff, 0xff, 0xff
    .byte 0x2c, 0xff, 0xff, 0xff, 0xff, 0x15, 0x33, 0x25, 0x51, 0x16, 0x22, 0x02, 0x29, 0x00, 0xff, 0x32
    .byte 0x00, 0x06, 0x00, 0x00, 0x00, 0x14, 0x18, 0x16, 0x22, 0x02, 0x2c, 0x01, 0x00, 0x00, 0x00, 0x2c
    .byte 0x64, 0x01, 0x00, 0x00, 0x15, 0x1f, 0x18, 0x70, 0x05, 0x00, 0x10, 0x00, 0x00, 0x00, 0x17, 0x00
    .byte 0x15, 0x20, 0x18, 0x70, 0x05, 0x00, 0x00, 0x00, 0x00, 0x00, 0x17, 0x00, 0x15, 0x27, 0x18, 0x70
    .byte 0x17, 0x00, 0x2c, 0xff, 0xff, 0xff, 0xff, 0x2c, 0xff, 0xff, 0xff, 0xff, 0x2c, 0xff, 0xff, 0xff
    .byte 0xff, 0x15, 0x33, 0x25, 0x51, 0x16, 0x22, 0x02, 0x2c, 0x01, 0x00, 0x00, 0x00, 0x2c, 0x64, 0x01
    .byte 0x00, 0x00, 0x15, 0x1f, 0x18, 0x70, 0x05, 0x00, 0x0c, 0x00, 0x00, 0x00, 0x17, 0x00, 0x15, 0x20
    .byte 0x18, 0x70, 0x05, 0x00, 0x0c, 0x00, 0x00, 0x00, 0x17, 0x00, 0x15, 0x27, 0x18, 0x70, 0x17, 0x00
    .byte 0x2c, 0xff, 0xff, 0xff, 0xff, 0x2c, 0xff, 0xff, 0xff, 0xff, 0x2c, 0xff, 0xff, 0xff, 0xff, 0x15
    .byte 0x33, 0x25, 0x91, 0x18, 0x22, 0x02, 0x2b, 0x00, 0x02, 0x34, 0x00, 0x19, 0x00, 0x00, 0x00, 0x14
    .byte 0x91, 0x18, 0x22, 0x02, 0x29, 0x00, 0xff, 0x32, 0x00, 0x00, 0x00, 0x00, 0x00, 0x14, 0xac, 0x16
    .byte 0x22, 0x02, 0x2c, 0x01, 0x00, 0x00, 0x00, 0x15, 0x1f, 0x18, 0x70, 0x05, 0x00, 0x00, 0x00, 0x00
    .byte 0x00, 0x17, 0x00, 0x15, 0x20, 0x18, 0x70, 0x05, 0x00, 0x10, 0x00, 0x00, 0x00, 0x17, 0x00, 0x15
    .byte 0x27, 0x18, 0x70, 0x17, 0x00, 0x20, 0x00, 0x00, 0x20, 0x00, 0x00, 0x2c, 0xf4, 0x01, 0x00, 0x00
    .byte 0x2c, 0x2c, 0x01, 0x00, 0x00, 0x15, 0xb2, 0x25, 0x91, 0x18, 0x22, 0x02, 0x29, 0x00, 0xff, 0x32
    .byte 0x00, 0x01, 0x00, 0x00, 0x00, 0x14, 0xf4, 0x16, 0x22, 0x02, 0x2c, 0x01, 0x00, 0x00, 0x00, 0x15
    .byte 0x1f, 0x18, 0x70, 0x24, 0x00, 0x0c, 0x00, 0x00, 0x00, 0x17, 0x00, 0x15, 0x20, 0x18, 0x70, 0x05
    .byte 0x00, 0x0c, 0x00, 0x00, 0x00, 0x17, 0x00, 0x15, 0x27, 0x18, 0x70, 0x17, 0x00, 0x20, 0x00, 0x00
    .byte 0x20, 0x00, 0x00, 0x2c, 0xf4, 0x01, 0x00, 0x00, 0x2c, 0x2c, 0x01, 0x00, 0x00, 0x15, 0xb2, 0x25
    .byte 0x91, 0x18, 0x22, 0x02, 0x29, 0x00, 0xff, 0x32, 0x00, 0x02, 0x00, 0x00, 0x00, 0x14, 0x3c, 0x17
    .byte 0x22, 0x02, 0x2c, 0x01, 0x00, 0x00, 0x00, 0x15, 0x1f, 0x18, 0x70, 0x24, 0x00, 0x10, 0x00, 0x00
    .byte 0x00, 0x17, 0x00, 0x15, 0x20, 0x18, 0x70, 0x05, 0x00, 0x00, 0x00, 0x00, 0x00, 0x17, 0x00, 0x15
    .byte 0x27, 0x18, 0x70, 0x17, 0x00, 0x20, 0x00, 0x00, 0x20, 0x00, 0x00, 0x2c, 0xf4, 0x01, 0x00, 0x00
    .byte 0x2c, 0x2c, 0x01, 0x00, 0x00, 0x15, 0xb2, 0x25, 0x91, 0x18, 0x22, 0x02, 0x29, 0x00, 0xff, 0x32
    .byte 0x00, 0x03, 0x00, 0x00, 0x00, 0x14, 0x84, 0x17, 0x22, 0x02, 0x2c, 0x01, 0x00, 0x00, 0x00, 0x15
    .byte 0x1f, 0x18, 0x70, 0x24, 0x00, 0x0c, 0x00, 0x00, 0x00, 0x17, 0x00, 0x15, 0x20, 0x18, 0x70, 0x24
    .byte 0x00, 0x0c, 0x00, 0x00, 0x00, 0x17, 0x00, 0x15, 0x27, 0x18, 0x70, 0x17, 0x00, 0x20, 0x00, 0x00
    .byte 0x20, 0x00, 0x00, 0x2c, 0xf4, 0x01, 0x00, 0x00, 0x2c, 0x2c, 0x01, 0x00, 0x00, 0x15, 0xb2, 0x25
    .byte 0x91, 0x18, 0x22, 0x02, 0x29, 0x00, 0xff, 0x32, 0x00, 0x04, 0x00, 0x00, 0x00, 0x14, 0xcc, 0x17
    .byte 0x22, 0x02, 0x2c, 0x01, 0x00, 0x00, 0x00, 0x15, 0x1f, 0x18, 0x70, 0x05, 0x00, 0x00, 0x00, 0x00
    .byte 0x00, 0x17, 0x00, 0x15, 0x20, 0x18, 0x70, 0x24, 0x00, 0x10, 0x00, 0x00, 0x00, 0x17, 0x00, 0x15
    .byte 0x27, 0x18, 0x70, 0x17, 0x00, 0x20, 0x00, 0x00, 0x20, 0x00, 0x00, 0x2c, 0xf4, 0x01, 0x00, 0x00
    .byte 0x2c, 0x2c, 0x01, 0x00, 0x00, 0x15, 0xb2, 0x25, 0x91, 0x18, 0x22, 0x02, 0x29, 0x00, 0xff, 0x32
    .byte 0x00, 0x05, 0x00, 0x00, 0x00, 0x14, 0x14, 0x18, 0x22, 0x02, 0x2c, 0x01, 0x00, 0x00, 0x00, 0x15
    .byte 0x1f, 0x18, 0x70, 0x05, 0x00, 0x0c, 0x00, 0x00, 0x00, 0x17, 0x00, 0x15, 0x20, 0x18, 0x70, 0x24
    .byte 0x00, 0x0c, 0x00, 0x00, 0x00, 0x17, 0x00, 0x15, 0x27, 0x18, 0x70, 0x17, 0x00, 0x20, 0x00, 0x00
    .byte 0x20, 0x00, 0x00, 0x2c, 0xf4, 0x01, 0x00, 0x00, 0x2c, 0x2c, 0x01, 0x00, 0x00, 0x15, 0xb2, 0x25
    .byte 0x91, 0x18, 0x22, 0x02, 0x29, 0x00, 0xff, 0x32, 0x00, 0x06, 0x00, 0x00, 0x00, 0x14, 0x5c, 0x18
    .byte 0x22, 0x02, 0x2c, 0x01, 0x00, 0x00, 0x00, 0x15, 0x1f, 0x18, 0x70, 0x05, 0x00, 0x10, 0x00, 0x00
    .byte 0x00, 0x17, 0x00, 0x15, 0x20, 0x18, 0x70, 0x05, 0x00, 0x00, 0x00, 0x00, 0x00, 0x17, 0x00, 0x15
    .byte 0x27, 0x18, 0x70, 0x17, 0x00, 0x20, 0x00, 0x00, 0x20, 0x00, 0x00, 0x2c, 0xf4, 0x01, 0x00, 0x00
    .byte 0x2c, 0x2c, 0x01, 0x00, 0x00, 0x15, 0xb2, 0x25, 0x91, 0x18, 0x22, 0x02, 0x2c, 0x01, 0x00, 0x00
    .byte 0x00, 0x15, 0x1f, 0x18, 0x70, 0x05, 0x00, 0x0c, 0x00, 0x00, 0x00, 0x17, 0x00, 0x15, 0x20, 0x18
    .byte 0x70, 0x05, 0x00, 0x0c, 0x00, 0x00, 0x00, 0x17, 0x00, 0x15, 0x27, 0x18, 0x70, 0x17, 0x00, 0x20
    .byte 0x00, 0x00, 0x20, 0x00, 0x00, 0x2c, 0xf4, 0x01, 0x00, 0x00, 0x2c, 0x2c, 0x01, 0x00, 0x00, 0x15
    .byte 0xb2, 0x2f, 0x00, 0x2f, 0x01, 0x15, 0x57, 0x20, 0x00, 0x00, 0x15, 0x07, 0x15, 0x08, 0x00, 0x2c
    .byte 0x95, 0x04, 0x00, 0x00, 0x15, 0x37, 0x18, 0x70, 0x32, 0x00, 0x01, 0x00, 0x00, 0x00, 0x14, 0xc4
    .byte 0x18, 0x22, 0x02, 0x2c, 0x04, 0x00, 0x00, 0x00, 0x2c, 0xbe, 0x4c, 0x22, 0x02, 0x15, 0x39, 0x25
    .byte 0xd0, 0x18, 0x22, 0x02, 0x2c, 0x04, 0x00, 0x00, 0x00, 0x2c, 0x9b, 0x4c, 0x22, 0x02, 0x15, 0x39
    .byte 0x2c, 0x02, 0x00, 0x00, 0x00, 0x2c, 0x77, 0x00, 0x00, 0x00, 0x15, 0xef, 0x18, 0x70, 0x32, 0x00
    .byte 0x01, 0x00, 0x00, 0x00, 0x14, 0xd4, 0x19, 0x22, 0x02, 0x29, 0x00, 0x70, 0x32, 0x00, 0x33, 0x00
    .byte 0x00, 0x00, 0x14, 0x81, 0x19, 0x22, 0x02, 0x29, 0x00, 0xfd, 0x32, 0x00, 0x32, 0x00, 0x00, 0x00
    .byte 0x14, 0x2e, 0x19, 0x22, 0x02, 0x2c, 0x05, 0x00, 0x00, 0x00, 0x2c, 0xe2, 0x56, 0x22, 0x02, 0x15
    .byte 0x39, 0x2c, 0x06, 0x00, 0x00, 0x00, 0x2c, 0xf9, 0x51, 0x22, 0x02, 0x15, 0x39, 0x2c, 0x07, 0x00
    .byte 0x00, 0x00, 0x2c, 0x5f, 0xe7, 0x21, 0x02, 0x15, 0x39, 0x25, 0x7c, 0x19, 0x22, 0x02, 0x2c, 0x05
    .byte 0x00, 0x00, 0x00, 0x2c, 0x64, 0x00, 0x00, 0x00, 0x15, 0xe0, 0x18, 0x70, 0x32, 0x00, 0x01, 0x00
    .byte 0x00, 0x00, 0x14, 0x58, 0x19, 0x22, 0x02, 0x2c, 0x16, 0x00, 0x00, 0x00, 0x2c, 0x64, 0x00, 0x00
    .byte 0x00, 0x2c, 0x0a, 0x00, 0x00, 0x00, 0x15, 0x0a, 0x2c, 0x05, 0x00, 0x00, 0x00, 0x2c, 0xf5, 0xe1
    .byte 0x21, 0x02, 0x15, 0x39, 0x2c, 0x06, 0x00, 0x00, 0x00, 0x2c, 0xf5, 0xe1, 0x21, 0x02, 0x15, 0x39
    .byte 0x2c, 0x07, 0x00, 0x00, 0x00, 0x2c, 0xf5, 0xe1, 0x21, 0x02, 0x15, 0x39, 0x25, 0xcf, 0x19, 0x22
    .byte 0x02, 0x2c, 0x05, 0x00, 0x00, 0x00, 0x2c, 0x64, 0x00, 0x00, 0x00, 0x15, 0xe0, 0x18, 0x70, 0x32
    .byte 0x00, 0x01, 0x00, 0x00, 0x00, 0x14, 0xab, 0x19, 0x22, 0x02, 0x2c, 0x16, 0x00, 0x00, 0x00, 0x2c
    .byte 0x64, 0x00, 0x00, 0x00, 0x2c, 0x0a, 0x00, 0x00, 0x00, 0x15, 0x0a, 0x2c, 0x05, 0x00, 0x00, 0x00
    .byte 0x2c, 0xf5, 0xe1, 0x21, 0x02, 0x15, 0x39, 0x2c, 0x06, 0x00, 0x00, 0x00, 0x2c, 0xf5, 0xe1, 0x21
    .byte 0x02, 0x15, 0x39, 0x2c, 0x07, 0x00, 0x00, 0x00, 0x2c, 0xf5, 0xe1, 0x21, 0x02, 0x15, 0x39, 0x25
    .byte 0x22, 0x1a, 0x22, 0x02, 0x2c, 0x05, 0x00, 0x00, 0x00, 0x2c, 0x64, 0x00, 0x00, 0x00, 0x15, 0xe0
    .byte 0x18, 0x70, 0x32, 0x00, 0x01, 0x00, 0x00, 0x00, 0x14, 0xfe, 0x19, 0x22, 0x02, 0x2c, 0x16, 0x00
    .byte 0x00, 0x00, 0x2c, 0x64, 0x00, 0x00, 0x00, 0x2c, 0x0a, 0x00, 0x00, 0x00, 0x15, 0x0a, 0x2c, 0x05
    .byte 0x00, 0x00, 0x00, 0x2c, 0xf5, 0xe1, 0x21, 0x02, 0x15, 0x39, 0x2c, 0x06, 0x00, 0x00, 0x00, 0x2c
    .byte 0xf5, 0xe1, 0x21, 0x02, 0x15, 0x39, 0x2c, 0x07, 0x00, 0x00, 0x00, 0x2c, 0xf5, 0xe1, 0x21, 0x02
    .byte 0x15, 0x39, 0x2c, 0x01, 0x00, 0x00, 0x00, 0x2c, 0x68, 0x00, 0x00, 0x00, 0x15, 0xef, 0x18, 0x70
    .byte 0x14, 0x7f, 0x1a, 0x22, 0x02, 0x2c, 0x3c, 0x02, 0x00, 0x00, 0x15, 0x37, 0x18, 0x70, 0x32, 0x00
    .byte 0x00, 0x00, 0x00, 0x00, 0x14, 0x7f, 0x1a, 0x22, 0x02, 0x2c, 0x04, 0x00, 0x00, 0x00, 0x2c, 0xff
    .byte 0xff, 0xff, 0xff, 0x2c, 0xff, 0xff, 0xff, 0xff, 0x2c, 0xff, 0xff, 0xff, 0xff, 0x2c, 0xff, 0xff
    .byte 0xff, 0xff, 0x2c, 0xff, 0xff, 0xff, 0xff, 0x2c, 0xff, 0xff, 0xff, 0xff, 0x2c, 0xff, 0xff, 0xff
    .byte 0xff, 0x15, 0x33, 0x2c, 0x16, 0x00, 0x00, 0x00, 0x2c, 0x4c, 0x1b, 0x22, 0x02, 0x15, 0x39, 0x22
    .byte 0x2c, 0xb0, 0x02, 0x00, 0x00, 0x2c, 0x40, 0x00, 0x00, 0x00, 0x20, 0x00, 0x00, 0x15, 0x02, 0x00
    .byte 0x29, 0x00, 0xfd, 0x31, 0x00, 0x8d, 0x00, 0x00, 0x00, 0x14, 0xac, 0x1a, 0x22, 0x02, 0x29, 0x00
    .byte 0xfd, 0x33, 0x00, 0x9b, 0x00, 0x00, 0x00, 0x13, 0xc0, 0x1a, 0x22, 0x02, 0x2c, 0xf6, 0x03, 0x00
    .byte 0x00, 0x15, 0x37, 0x18, 0x70, 0x32, 0x00, 0x01, 0x00, 0x00, 0x00, 0x14, 0x4a, 0x1b, 0x22, 0x02
    .byte 0x2c, 0x01, 0x00, 0x00, 0x00, 0x15, 0x10, 0x18, 0x70, 0x17, 0x00, 0x15, 0x11, 0x18, 0x70, 0x15
    .byte 0x12, 0x18, 0x71, 0x23, 0x10, 0x24, 0x00, 0x14, 0x00, 0x00, 0x00, 0x17, 0x00, 0x20, 0x00, 0x00
    .byte 0x20, 0x00, 0x00, 0x15, 0x4f, 0x2c, 0x07, 0x00, 0x00, 0x00, 0x15, 0x10, 0x18, 0x70, 0x09, 0x00
    .byte 0x02, 0x00, 0x00, 0x00, 0x17, 0x00, 0x15, 0x11, 0x18, 0x70, 0x15, 0x12, 0x18, 0x71, 0x23, 0x10
    .byte 0x09, 0x00, 0x02, 0x00, 0x00, 0x00, 0x24, 0x00, 0x14, 0x00, 0x00, 0x00, 0x17, 0x00, 0x20, 0x00
    .byte 0x00, 0x20, 0x00, 0x00, 0x15, 0x4f, 0x2c, 0x86, 0x03, 0x00, 0x00, 0x15, 0x35, 0x20, 0x00, 0x00
    .byte 0x15, 0x79, 0x2c, 0x04, 0x02, 0x00, 0x00, 0x15, 0x35, 0x15, 0x10, 0x18, 0x70, 0x17, 0x00, 0x15
    .byte 0x11, 0x18, 0x70, 0x17, 0x00, 0x15, 0x12, 0x18, 0x70, 0x05, 0x00, 0x00, 0x04, 0x00, 0x00, 0x17
    .byte 0x00, 0x15, 0x02, 0x2c, 0xf2, 0x03, 0x00, 0x00, 0x15, 0x35, 0x00, 0x00, 0x2c, 0x3c, 0x02, 0x00
    .byte 0x00, 0x15, 0x37, 0x18, 0x70, 0x32, 0x00, 0x01, 0x00, 0x00, 0x00, 0x14, 0x63, 0x1b, 0x22, 0x02
    .byte 0x15, 0x0d, 0x00, 0x2c, 0x30, 0x03, 0x00, 0x00, 0x2c, 0x30, 0x00, 0x00, 0x00, 0x20, 0x00, 0x00
    .byte 0x15, 0x02, 0x20, 0x00, 0x00, 0x2c, 0xf0, 0xff, 0xff, 0xff, 0x15, 0xd1, 0x2c, 0x01, 0x00, 0x00
    .byte 0x00, 0x2c, 0x83, 0x1d, 0x22, 0x02, 0x15, 0x29, 0x2c, 0x01, 0x00, 0x00, 0x00, 0x15, 0x7d, 0x2c
    .byte 0x01, 0x00, 0x00, 0x00, 0x2c, 0xf0, 0xff, 0xff, 0xff, 0x2c, 0xf0, 0xff, 0xff, 0xff, 0x2c, 0x10
    .byte 0x00, 0x00, 0x00, 0x2c, 0x10, 0x00, 0x00, 0x00, 0x15, 0xd8, 0x2c, 0xf0, 0xff, 0xff, 0xff, 0x2c
    .byte 0xf0, 0xff, 0xff, 0xff, 0x2c, 0x10, 0x00, 0x00, 0x00, 0x2c, 0x10, 0x00, 0x00, 0x00, 0x15, 0x72
    .byte 0x2c, 0x01, 0x00, 0x00, 0x00, 0x2c, 0xf0, 0xff, 0xff, 0xff, 0x2c, 0xf0, 0xff, 0xff, 0xff, 0x2c
    .byte 0x10, 0x00, 0x00, 0x00, 0x2c, 0x10, 0x00, 0x00, 0x00, 0x15, 0x5c, 0x20, 0x00, 0x00, 0x15, 0x09
    .byte 0x15, 0x10, 0x18, 0x70, 0x29, 0x01, 0xf1, 0x24, 0x01, 0x80, 0x00, 0x00, 0x00, 0x23, 0x10, 0x28
    .byte 0x00, 0x00, 0x15, 0x11, 0x18, 0x70, 0x15, 0x12, 0x18, 0x71, 0x23, 0x10, 0x29, 0x01, 0xf2, 0x24
    .byte 0x01, 0x60, 0x00, 0x00, 0x00, 0x23, 0x10, 0x28, 0x00, 0x01, 0x20, 0x00, 0x00, 0x2c, 0x07, 0x00
    .byte 0x00, 0x00, 0x15, 0x47, 0x18, 0x70, 0x29, 0x01, 0xf1, 0x24, 0x01, 0x80, 0x00, 0x00, 0x00, 0x23
    .byte 0x10, 0x28, 0x00, 0x02, 0x20, 0x00, 0x00, 0x2c, 0x08, 0x00, 0x00, 0x00, 0x15, 0x47, 0x18, 0x70
    .byte 0x20, 0x00, 0x00, 0x2c, 0x09, 0x00, 0x00, 0x00, 0x15, 0x47, 0x18, 0x71, 0x23, 0x10, 0x29, 0x01
    .byte 0xf2, 0x24, 0x01, 0x60, 0x00, 0x00, 0x00, 0x23, 0x10, 0x28, 0x00, 0x03, 0x2f, 0x00, 0x2f, 0x01
    .byte 0x20, 0x00, 0x00, 0x2f, 0x02, 0x2f, 0x03, 0x20, 0x00, 0x00, 0x15, 0x65, 0x18, 0x70, 0x28, 0x00
    .byte 0x04, 0x2b, 0x00, 0x04, 0x34, 0x00, 0x30, 0x00, 0x00, 0x00, 0x14, 0x74, 0x1c, 0x22, 0x02, 0x25
    .byte 0x82, 0x1c, 0x22, 0x02, 0x2c, 0x01, 0x00, 0x00, 0x00, 0x15, 0x07, 0x15, 0x08, 0x25, 0xe0, 0x1b
    .byte 0x22, 0x02, 0x15, 0x10, 0x18, 0x70, 0x29, 0x01, 0xf1, 0x24, 0x01, 0x80, 0x00, 0x00, 0x00, 0x23
    .byte 0x10, 0x28, 0x00, 0x00, 0x15, 0x11, 0x18, 0x70, 0x15, 0x12, 0x18, 0x71, 0x23, 0x10, 0x29, 0x01
    .byte 0xf2, 0x24, 0x01, 0x60, 0x00, 0x00, 0x00, 0x23, 0x10, 0x28, 0x00, 0x01, 0x20, 0x00, 0x00, 0x2c
    .byte 0x07, 0x00, 0x00, 0x00, 0x15, 0x47, 0x18, 0x70, 0x29, 0x01, 0xf1, 0x24, 0x01, 0x80, 0x00, 0x00
    .byte 0x00, 0x23, 0x10, 0x28, 0x00, 0x02, 0x20, 0x00, 0x00, 0x2c, 0x08, 0x00, 0x00, 0x00, 0x15, 0x47
    .byte 0x18, 0x70, 0x20, 0x00, 0x00, 0x2c, 0x09, 0x00, 0x00, 0x00, 0x15, 0x47, 0x18, 0x71, 0x23, 0x10
    .byte 0x29, 0x01, 0xf2, 0x24, 0x01, 0x60, 0x00, 0x00, 0x00, 0x23, 0x10, 0x28, 0x00, 0x03, 0x2f, 0x00
    .byte 0x2f, 0x01, 0x20, 0x00, 0x00, 0x2f, 0x02, 0x2f, 0x03, 0x20, 0x00, 0x00, 0x15, 0x65, 0x18, 0x70
    .byte 0x31, 0x00, 0x30, 0x00, 0x00, 0x00, 0x14, 0x10, 0x1d, 0x22, 0x02, 0x25, 0x7d, 0x1d, 0x22, 0x02
    .byte 0x03, 0x00, 0xe8, 0x83, 0x00, 0x00, 0x28, 0x00, 0x06, 0x03, 0x00, 0x02, 0x00, 0x00, 0x00, 0x28
    .byte 0x00, 0x07, 0x2c, 0x1e, 0x00, 0x00, 0x00, 0x2c, 0x92, 0x13, 0x00, 0x00, 0x2c, 0x78, 0x10, 0x00
    .byte 0x00, 0x2c, 0x93, 0x13, 0x00, 0x00, 0x20, 0x00, 0x00, 0x15, 0x10, 0x18, 0x70, 0x17, 0x00, 0x15
    .byte 0x11, 0x18, 0x70, 0x15, 0x12, 0x18, 0x71, 0x23, 0x10, 0x17, 0x00, 0x15, 0x53, 0x2c, 0x1a, 0x00
    .byte 0x00, 0x00, 0x2c, 0x38, 0x00, 0x00, 0x00, 0x20, 0x00, 0x00, 0x2c, 0x38, 0x00, 0x00, 0x00, 0x15
    .byte 0x0c, 0x03, 0x00, 0x5a, 0x00, 0x00, 0x00, 0x2c, 0x08, 0x00, 0x00, 0x00, 0x15, 0x01, 0x18, 0x71
    .byte 0x04, 0x10, 0x17, 0x00, 0x15, 0x07, 0x15, 0x08, 0x25, 0x82, 0x1c, 0x22, 0x02, 0x25, 0xe0, 0x1b
    .byte 0x22, 0x02, 0x00, 0x2c, 0x1b, 0x00, 0x00, 0x00, 0x15, 0x31, 0x18, 0x70, 0x26, 0x00, 0xd2, 0x20
    .byte 0x00, 0x00, 0x2c, 0x3b, 0xe6, 0x21, 0x02, 0x15, 0x39, 0x20, 0x00, 0x00, 0x15, 0x42, 0x18, 0x70
    .byte 0x32, 0x00, 0x00, 0x00, 0x00, 0x00, 0x14, 0xb0, 0x1d, 0x22, 0x02, 0x01, 0x99, 0x1d, 0x22, 0x02
    .byte 0x20, 0x00, 0x00, 0x2c, 0x3a, 0xe7, 0x21, 0x02, 0x15, 0x39, 0x20, 0x00, 0x00, 0x15, 0x42, 0x18
    .byte 0x70, 0x32, 0x00, 0x00, 0x00, 0x00, 0x00, 0x14, 0xd1, 0x1d, 0x22, 0x02, 0x01, 0xba, 0x1d, 0x22
    .byte 0x02, 0x2c, 0x1e, 0x00, 0x00, 0x00, 0x15, 0x07, 0x15, 0x08, 0x03, 0x00, 0x09, 0x00, 0x00, 0x00
    .byte 0x26, 0x00, 0x66, 0x03, 0x00, 0x59, 0x01, 0x00, 0x00, 0x26, 0x00, 0xd9, 0x03, 0x00, 0x09, 0x00
    .byte 0x00, 0x00, 0x32, 0x00, 0x01, 0x00, 0x00, 0x00, 0x13, 0x0e, 0x1e, 0x22, 0x02, 0x03, 0x00, 0x09
    .byte 0x00, 0x00, 0x00, 0x32, 0x00, 0x08, 0x00, 0x00, 0x00, 0x14, 0x1c, 0x1e, 0x22, 0x02, 0x03, 0x00
    .byte 0x01, 0x00, 0x00, 0x00, 0x36, 0x00, 0x00, 0x25, 0x25, 0x1e, 0x22, 0x02, 0x03, 0x00, 0x01, 0x00
    .byte 0x00, 0x00, 0x26, 0x00, 0x63, 0x03, 0x00, 0x09, 0x00, 0x00, 0x00, 0x32, 0x00, 0x01, 0x00, 0x00
    .byte 0x00, 0x14, 0x56, 0x1e, 0x22, 0x02, 0x20, 0x00, 0x00, 0x2c, 0x0f, 0x00, 0x00, 0x00, 0x15, 0xe0
    .byte 0x2c, 0x15, 0x00, 0x00, 0x00, 0x2c, 0x9d, 0x00, 0x00, 0x00, 0x2c, 0x7f, 0x00, 0x00, 0x00, 0x15
    .byte 0x0a, 0x25, 0x76, 0x1f, 0x22, 0x02, 0x03, 0x00, 0x09, 0x00, 0x00, 0x00, 0x32, 0x00, 0x08, 0x00
    .byte 0x00, 0x00, 0x14, 0x87, 0x1e, 0x22, 0x02, 0x20, 0x00, 0x00, 0x2c, 0x0f, 0x00, 0x00, 0x00, 0x15
    .byte 0xe0, 0x2c, 0x15, 0x00, 0x00, 0x00, 0x2c, 0x9c, 0x00, 0x00, 0x00, 0x2c, 0x7f, 0x00, 0x00, 0x00
    .byte 0x15, 0x0a, 0x25, 0x76, 0x1f, 0x22, 0x02, 0x03, 0x00, 0x09, 0x00, 0x00, 0x00, 0x32, 0x00, 0x03
    .byte 0x00, 0x00, 0x00, 0x14, 0xdf, 0x1e, 0x22, 0x02, 0x03, 0x00, 0x59, 0x01, 0x00, 0x00, 0x32, 0x00
    .byte 0x3e, 0x00, 0x00, 0x00, 0x14, 0xc9, 0x1e, 0x22, 0x02, 0x20, 0x00, 0x00, 0x2c, 0x75, 0x00, 0x00
    .byte 0x00, 0x15, 0xe0, 0x2c, 0x15, 0x00, 0x00, 0x00, 0x2c, 0x9d, 0x00, 0x00, 0x00, 0x2c, 0x7f, 0x00
    .byte 0x00, 0x00, 0x15, 0x0a, 0x25, 0xda, 0x1e, 0x22, 0x02, 0x2c, 0x15, 0x00, 0x00, 0x00, 0x2c, 0x9d
    .byte 0x00, 0x00, 0x00, 0x2c, 0x7f, 0x00, 0x00, 0x00, 0x15, 0x0a, 0x25, 0x76, 0x1f, 0x22, 0x02, 0x03
    .byte 0x00, 0x09, 0x00, 0x00, 0x00, 0x32, 0x00, 0x09, 0x00, 0x00, 0x00, 0x14, 0x06, 0x1f, 0x22, 0x02
    .byte 0x2c, 0x15, 0x00, 0x00, 0x00, 0x2c, 0x9c, 0x00, 0x00, 0x00, 0x2c, 0x7f, 0x00, 0x00, 0x00, 0x15
    .byte 0x0a, 0x25, 0x76, 0x1f, 0x22, 0x02, 0x03, 0x00, 0x09, 0x00, 0x00, 0x00, 0x32, 0x00, 0x04, 0x00
    .byte 0x00, 0x00, 0x14, 0x2d, 0x1f, 0x22, 0x02, 0x2c, 0x15, 0x00, 0x00, 0x00, 0x2c, 0x9c, 0x00, 0x00
    .byte 0x00, 0x2c, 0x7f, 0x00, 0x00, 0x00, 0x15, 0x0a, 0x25, 0x76, 0x1f, 0x22, 0x02, 0x03, 0x00, 0x09
    .byte 0x00, 0x00, 0x00, 0x32, 0x00, 0x0a, 0x00, 0x00, 0x00, 0x14, 0x54, 0x1f, 0x22, 0x02, 0x2c, 0x15
    .byte 0x00, 0x00, 0x00, 0x2c, 0x9d, 0x00, 0x00, 0x00, 0x2c, 0x7f, 0x00, 0x00, 0x00, 0x15, 0x0a, 0x25
    .byte 0x76, 0x1f, 0x22, 0x02, 0x03, 0x00, 0x09, 0x00, 0x00, 0x00, 0x32, 0x00, 0x0b, 0x00, 0x00, 0x00
    .byte 0x14, 0x76, 0x1f, 0x22, 0x02, 0x2c, 0x15, 0x00, 0x00, 0x00, 0x2c, 0x9c, 0x00, 0x00, 0x00, 0x2c
    .byte 0x7f, 0x00, 0x00, 0x00, 0x15, 0x0a, 0x20, 0x00, 0x00, 0x2c, 0x4b, 0xe3, 0x21, 0x02, 0x15, 0x39
    .byte 0x20, 0x00, 0x00, 0x15, 0x42, 0x18, 0x70, 0x32, 0x00, 0x00, 0x00, 0x00, 0x00, 0x14, 0x97, 0x1f
    .byte 0x22, 0x02, 0x01, 0x80, 0x1f, 0x22, 0x02, 0x20, 0x00, 0x00, 0x2c, 0x8d, 0xe6, 0x21, 0x02, 0x15
    .byte 0x39, 0x20, 0x00, 0x00, 0x15, 0x42, 0x18, 0x70, 0x32, 0x00, 0x00, 0x00, 0x00, 0x00, 0x14, 0xb8
    .byte 0x1f, 0x22, 0x02, 0x01, 0xa1, 0x1f, 0x22, 0x02, 0x2c, 0x59, 0x01, 0x00, 0x00, 0x2c, 0x01, 0x00
    .byte 0x00, 0x00, 0x15, 0x76, 0x2c, 0x3c, 0x02, 0x00, 0x00, 0x15, 0x35, 0x20, 0x00, 0x00, 0x2c, 0xff
    .byte 0xff, 0xff, 0xff, 0x2c, 0xff, 0xff, 0xff, 0xff, 0x2c, 0xff, 0xff, 0xff, 0xff, 0x15, 0x89, 0x2c
    .byte 0x1b, 0x00, 0x00, 0x00, 0x15, 0x31, 0x18, 0x70, 0x17, 0x00, 0x2c, 0xf5, 0xe1, 0x21, 0x02, 0x15
    .byte 0x39, 0x00, 0x2c, 0x01, 0x00, 0x00, 0x00, 0x2c, 0x22, 0x22, 0x22, 0x02, 0x15, 0x39, 0x2c, 0x01
    .byte 0x00, 0x00, 0x00, 0x15, 0x42, 0x18, 0x70, 0x32, 0x00, 0x00, 0x00, 0x00, 0x00, 0x14, 0x17, 0x20
    .byte 0x22, 0x02, 0x01, 0xfe, 0x1f, 0x22, 0x02, 0x03, 0x00, 0x0b, 0x00, 0x00, 0x00, 0x26, 0x00, 0x66
    .byte 0x29, 0x00, 0x15, 0x26, 0x00, 0xd9, 0x03, 0x00, 0x0b, 0x00, 0x00, 0x00, 0x32, 0x00, 0x01, 0x00
    .byte 0x00, 0x00, 0x13, 0x48, 0x20, 0x22, 0x02, 0x03, 0x00, 0x0b, 0x00, 0x00, 0x00, 0x32, 0x00, 0x08
    .byte 0x00, 0x00, 0x00, 0x14, 0x56, 0x20, 0x22, 0x02, 0x03, 0x00, 0x01, 0x00, 0x00, 0x00, 0x36, 0x00
    .byte 0x00, 0x25, 0x5f, 0x20, 0x22, 0x02, 0x03, 0x00, 0x01, 0x00, 0x00, 0x00, 0x26, 0x00, 0x63, 0x03
    .byte 0x00, 0x0b, 0x00, 0x00, 0x00, 0x32, 0x00, 0x01, 0x00, 0x00, 0x00, 0x14, 0x90, 0x20, 0x22, 0x02
    .byte 0x20, 0x00, 0x00, 0x2c, 0x0f, 0x00, 0x00, 0x00, 0x15, 0xe0, 0x2c, 0x15, 0x00, 0x00, 0x00, 0x2c
    .byte 0x9d, 0x00, 0x00, 0x00, 0x2c, 0x7f, 0x00, 0x00, 0x00, 0x15, 0x0a, 0x25, 0xad, 0x21, 0x22, 0x02
    .byte 0x03, 0x00, 0x0b, 0x00, 0x00, 0x00, 0x32, 0x00, 0x08, 0x00, 0x00, 0x00, 0x14, 0xc1, 0x20, 0x22
    .byte 0x02, 0x20, 0x00, 0x00, 0x2c, 0x0f, 0x00, 0x00, 0x00, 0x15, 0xe0, 0x2c, 0x15, 0x00, 0x00, 0x00
    .byte 0x2c, 0x9c, 0x00, 0x00, 0x00, 0x2c, 0x7f, 0x00, 0x00, 0x00, 0x15, 0x0a, 0x25, 0xad, 0x21, 0x22
    .byte 0x02, 0x03, 0x00, 0x0b, 0x00, 0x00, 0x00, 0x32, 0x00, 0x03, 0x00, 0x00, 0x00, 0x14, 0x16, 0x21
    .byte 0x22, 0x02, 0x29, 0x00, 0x15, 0x32, 0x00, 0x3e, 0x00, 0x00, 0x00, 0x14, 0x00, 0x21, 0x22, 0x02
    .byte 0x20, 0x00, 0x00, 0x2c, 0x75, 0x00, 0x00, 0x00, 0x15, 0xe0, 0x2c, 0x15, 0x00, 0x00, 0x00, 0x2c
    .byte 0x9d, 0x00, 0x00, 0x00, 0x2c, 0x7f, 0x00, 0x00, 0x00, 0x15, 0x0a, 0x25, 0x11, 0x21, 0x22, 0x02
    .byte 0x2c, 0x15, 0x00, 0x00, 0x00, 0x2c, 0x9d, 0x00, 0x00, 0x00, 0x2c, 0x7f, 0x00, 0x00, 0x00, 0x15
    .byte 0x0a, 0x25, 0xad, 0x21, 0x22, 0x02, 0x03, 0x00, 0x0b, 0x00, 0x00, 0x00, 0x32, 0x00, 0x09, 0x00
    .byte 0x00, 0x00, 0x14, 0x3d, 0x21, 0x22, 0x02, 0x2c, 0x15, 0x00, 0x00, 0x00, 0x2c, 0x9c, 0x00, 0x00
    .byte 0x00, 0x2c, 0x7f, 0x00, 0x00, 0x00, 0x15, 0x0a, 0x25, 0xad, 0x21, 0x22, 0x02, 0x03, 0x00, 0x0b
    .byte 0x00, 0x00, 0x00, 0x32, 0x00, 0x04, 0x00, 0x00, 0x00, 0x14, 0x64, 0x21, 0x22, 0x02, 0x2c, 0x15
    .byte 0x00, 0x00, 0x00, 0x2c, 0x9c, 0x00, 0x00, 0x00, 0x2c, 0x7f, 0x00, 0x00, 0x00, 0x15, 0x0a, 0x25
    .byte 0xad, 0x21, 0x22, 0x02, 0x03, 0x00, 0x0b, 0x00, 0x00, 0x00, 0x32, 0x00, 0x0a, 0x00, 0x00, 0x00
    .byte 0x14, 0x8b, 0x21, 0x22, 0x02, 0x2c, 0x15, 0x00, 0x00, 0x00, 0x2c, 0x9d, 0x00, 0x00, 0x00, 0x2c
    .byte 0x7f, 0x00, 0x00, 0x00, 0x15, 0x0a, 0x25, 0xad, 0x21, 0x22, 0x02, 0x03, 0x00, 0x0b, 0x00, 0x00
    .byte 0x00, 0x32, 0x00, 0x0b, 0x00, 0x00, 0x00, 0x14, 0xad, 0x21, 0x22, 0x02, 0x2c, 0x15, 0x00, 0x00
    .byte 0x00, 0x2c, 0x9c, 0x00, 0x00, 0x00, 0x2c, 0x7f, 0x00, 0x00, 0x00, 0x15, 0x0a, 0x20, 0x00, 0x00
    .byte 0x2c, 0x4b, 0xe3, 0x21, 0x02, 0x15, 0x39, 0x20, 0x00, 0x00, 0x15, 0x42, 0x18, 0x70, 0x32, 0x00
    .byte 0x00, 0x00, 0x00, 0x00, 0x14, 0xce, 0x21, 0x22, 0x02, 0x01, 0xb7, 0x21, 0x22, 0x02, 0x2c, 0x97
    .byte 0x03, 0x00, 0x00, 0x15, 0x37, 0x18, 0x70, 0x32, 0x00, 0x00, 0x00, 0x00, 0x00, 0x14, 0xf3, 0x21
    .byte 0x22, 0x02, 0x2c, 0xb4, 0x03, 0x00, 0x00, 0x15, 0x35, 0x2c, 0x08, 0x00, 0x00, 0x00, 0x20, 0x00
    .byte 0x00, 0x15, 0x78, 0x2c, 0x97, 0x03, 0x00, 0x00, 0x15, 0x35, 0x2c, 0x01, 0x00, 0x00, 0x00, 0x2c
    .byte 0x3e, 0x22, 0x22, 0x02, 0x15, 0x39, 0x2c, 0x01, 0x00, 0x00, 0x00, 0x15, 0x42, 0x18, 0x70, 0x32
    .byte 0x00, 0x00, 0x00, 0x00, 0x00, 0x14, 0x1f, 0x22, 0x22, 0x02, 0x01, 0x06, 0x22, 0x22, 0x02, 0x15
    .byte 0x0d, 0x00, 0x15, 0x1f, 0x18, 0x70, 0x17, 0x00, 0x15, 0x20, 0x18, 0x70, 0x17, 0x00, 0x15, 0x27
    .byte 0x18, 0x70, 0x17, 0x00, 0x15, 0x02, 0x2c, 0x00, 0x02, 0x00, 0x00, 0x15, 0x1b, 0x00, 0x20, 0x00
    .byte 0x00, 0x15, 0x1b, 0x15, 0x2c, 0x00, 0x15, 0x0d, 0x00, 0x2c, 0x75, 0x00, 0x00, 0x00, 0x2c, 0x63
    .byte 0x02, 0x00, 0x00, 0x20, 0x00, 0x00, 0x15, 0x02, 0x03, 0x00, 0x00, 0x00, 0x00, 0x00, 0x32, 0x00
    .byte 0x00, 0x00, 0x00, 0x00, 0x14, 0x77, 0x22, 0x22, 0x02, 0x03, 0x00, 0x5a, 0x02, 0x00, 0x00, 0x28
    .byte 0x00, 0x00, 0x25, 0x9f, 0x22, 0x22, 0x02, 0x03, 0x00, 0x00, 0x00, 0x00, 0x00, 0x32, 0x00, 0x01
    .byte 0x00, 0x00, 0x00, 0x14, 0x96, 0x22, 0x22, 0x02, 0x03, 0x00, 0x58, 0x02, 0x00, 0x00, 0x28, 0x00
    .byte 0x00, 0x25, 0x9f, 0x22, 0x22, 0x02, 0x03, 0x00, 0x59, 0x02, 0x00, 0x00, 0x28, 0x00, 0x00, 0x29
    .byte 0x00, 0x15, 0x2b, 0x01, 0x00, 0x1c, 0x10, 0x14, 0x43, 0x23, 0x22, 0x02, 0x29, 0x00, 0xfd, 0x32
    .byte 0x00, 0x45, 0x00, 0x00, 0x00, 0x14, 0x43, 0x23, 0x22, 0x02, 0x2c, 0x00, 0x04, 0x00, 0x00, 0x15
    .byte 0x37, 0x18, 0x70, 0x14, 0xcd, 0x22, 0x22, 0x02, 0x01, 0xba, 0x22, 0x22, 0x02, 0x2c, 0xee, 0x03
    .byte 0x00, 0x00, 0x15, 0x37, 0x18, 0x70, 0x14, 0xe0, 0x22, 0x22, 0x02, 0x01, 0xcd, 0x22, 0x22, 0x02
    .byte 0x2c, 0x02, 0x00, 0x00, 0x00, 0x15, 0x9b, 0x18, 0x70, 0x32, 0x00, 0x00, 0x00, 0x00, 0x00, 0x14
    .byte 0xf9, 0x22, 0x22, 0x02, 0x01, 0xe0, 0x22, 0x22, 0x02, 0x20, 0x00, 0x00, 0x15, 0x9b, 0x18, 0x70
    .byte 0x14, 0x19, 0x23, 0x22, 0x02, 0x20, 0x00, 0x00, 0x2c, 0xff, 0xff, 0xff, 0xff, 0x2c, 0xff, 0xff
    .byte 0xff, 0xff, 0x2c, 0xff, 0xff, 0xff, 0xff, 0x15, 0x89, 0x20, 0x00, 0x00, 0x15, 0x07, 0x15, 0x08
    .byte 0x29, 0x00, 0xbe, 0x2c, 0x1b, 0x00, 0x00, 0x00, 0x15, 0x31, 0x18, 0x71, 0x1f, 0x10, 0x14, 0x36
    .byte 0x23, 0x22, 0x02, 0x15, 0x0d, 0x00, 0x2c, 0x03, 0x00, 0x00, 0x00, 0x2c, 0xf2, 0x1f, 0x22, 0x02
    .byte 0x15, 0x29, 0x00, 0x29, 0x00, 0xfe, 0x32, 0x00, 0x30, 0x00, 0x00, 0x00, 0x14, 0x67, 0x23, 0x22
    .byte 0x02, 0x2c, 0x02, 0x00, 0x00, 0x00, 0x2c, 0x77, 0x00, 0x00, 0x00, 0x15, 0xef, 0x18, 0x70, 0x14
    .byte 0x67, 0x23, 0x22, 0x02, 0x15, 0x0d, 0x00, 0x29, 0x00, 0xfe, 0x32, 0x00, 0x31, 0x00, 0x00, 0x00
    .byte 0x14, 0x8b, 0x23, 0x22, 0x02, 0x2c, 0x02, 0x00, 0x00, 0x00, 0x2c, 0x77, 0x00, 0x00, 0x00, 0x15
    .byte 0xef, 0x18, 0x70, 0x14, 0x8b, 0x23, 0x22, 0x02, 0x15, 0x0d, 0x00, 0x29, 0x00, 0xfe, 0x32, 0x00
    .byte 0x32, 0x00, 0x00, 0x00, 0x14, 0xaf, 0x23, 0x22, 0x02, 0x2c, 0x02, 0x00, 0x00, 0x00, 0x2c, 0x77
    .byte 0x00, 0x00, 0x00, 0x15, 0xef, 0x18, 0x70, 0x14, 0xaf, 0x23, 0x22, 0x02, 0x15, 0x0d, 0x00, 0x29
    .byte 0x00, 0xfe, 0x32, 0x00, 0x33, 0x00, 0x00, 0x00, 0x14, 0xd3, 0x23, 0x22, 0x02, 0x2c, 0x02, 0x00
    .byte 0x00, 0x00, 0x2c, 0x77, 0x00, 0x00, 0x00, 0x15, 0xef, 0x18, 0x70, 0x14, 0xd3, 0x23, 0x22, 0x02
    .byte 0x15, 0x0d, 0x00, 0x29, 0x00, 0xfe, 0x32, 0x00, 0x34, 0x00, 0x00, 0x00, 0x14, 0xf7, 0x23, 0x22
    .byte 0x02, 0x2c, 0x02, 0x00, 0x00, 0x00, 0x2c, 0x77, 0x00, 0x00, 0x00, 0x15, 0xef, 0x18, 0x70, 0x14
    .byte 0xf7, 0x23, 0x22, 0x02, 0x15, 0x0d, 0x00, 0x29, 0x00, 0xfe, 0x32, 0x00, 0x35, 0x00, 0x00, 0x00
    .byte 0x14, 0x1b, 0x24, 0x22, 0x02, 0x2c, 0x02, 0x00, 0x00, 0x00, 0x2c, 0x77, 0x00, 0x00, 0x00, 0x15
    .byte 0xef, 0x18, 0x70, 0x14, 0x1b, 0x24, 0x22, 0x02, 0x15, 0x0d, 0x00, 0x29, 0x00, 0xfe, 0x32, 0x00
    .byte 0x2b, 0x00, 0x00, 0x00, 0x14, 0x40, 0x24, 0x22, 0x02, 0x2c, 0x60, 0x01, 0x00, 0x00, 0x15, 0x37
    .byte 0x18, 0x70, 0x32, 0x00, 0x00, 0x00, 0x00, 0x00, 0x14, 0x40, 0x24, 0x22, 0x02, 0x15, 0x0d, 0x00
    .byte 0x20, 0x00, 0x00, 0x15, 0x94, 0x18, 0x70, 0x14, 0x4f, 0x24, 0x22, 0x02, 0x15, 0x0d, 0x00, 0x20
    .byte 0x00, 0x00, 0x2c, 0xff, 0xff, 0xff, 0xff, 0x2c, 0xff, 0xff, 0xff, 0xff, 0x15, 0xdd, 0x18, 0x70
    .byte 0x14, 0xc2, 0x24, 0x22, 0x02, 0x2c, 0x01, 0x00, 0x00, 0x00, 0x2c, 0xff, 0xff, 0xff, 0xff, 0x2c
    .byte 0xff, 0xff, 0xff, 0xff, 0x15, 0xdd, 0x18, 0x70, 0x32, 0x00, 0x58, 0x02, 0x00, 0x00, 0x13, 0xbf
    .byte 0x24, 0x22, 0x02, 0x2c, 0x01, 0x00, 0x00, 0x00, 0x2c, 0xff, 0xff, 0xff, 0xff, 0x2c, 0xff, 0xff
    .byte 0xff, 0xff, 0x15, 0xdd, 0x18, 0x70, 0x32, 0x00, 0x59, 0x02, 0x00, 0x00, 0x13, 0xbf, 0x24, 0x22
    .byte 0x02, 0x2c, 0x01, 0x00, 0x00, 0x00, 0x2c, 0xff, 0xff, 0xff, 0xff, 0x2c, 0xff, 0xff, 0xff, 0xff
    .byte 0x15, 0xdd, 0x18, 0x70, 0x32, 0x00, 0x5a, 0x02, 0x00, 0x00, 0x14, 0xc2, 0x24, 0x22, 0x02, 0x15
    .byte 0x0d, 0x00, 0x03, 0x00, 0x00, 0x00, 0x00, 0x00, 0x28, 0x00, 0x00, 0x29, 0x00, 0x06, 0x29, 0x01
    .byte 0xfe, 0x1c, 0x10, 0x14, 0xe4, 0x24, 0x22, 0x02, 0x2b, 0x00, 0x00, 0x05, 0x00, 0x01, 0x00, 0x00
    .byte 0x00, 0x28, 0x00, 0x00, 0x29, 0x00, 0x07, 0x32, 0x00, 0x00, 0x00, 0x00, 0x00, 0x14, 0xfe, 0x24
    .byte 0x22, 0x02, 0x2b, 0x00, 0x00, 0x05, 0x00, 0x01, 0x00, 0x00, 0x00, 0x28, 0x00, 0x00, 0x03, 0x00
    .byte 0x35, 0x00, 0x00, 0x00, 0x32, 0x00, 0x00, 0x10, 0x00, 0x00, 0x14, 0x20, 0x25, 0x22, 0x02, 0x2b
    .byte 0x00, 0x00, 0x05, 0x00, 0x01, 0x00, 0x00, 0x00, 0x28, 0x00, 0x00, 0x25, 0xa8, 0x25, 0x22, 0x02
    .byte 0x03, 0x00, 0x35, 0x00, 0x00, 0x00, 0x32, 0x00, 0x00, 0x00, 0x00, 0x00, 0x14, 0x5e, 0x25, 0x22
    .byte 0x02, 0x29, 0x00, 0xfd, 0x31, 0x00, 0x8c, 0x00, 0x00, 0x00, 0x14, 0x59, 0x25, 0x22, 0x02, 0x29
    .byte 0x00, 0xfd, 0x33, 0x00, 0x96, 0x00, 0x00, 0x00, 0x14, 0x59, 0x25, 0x22, 0x02, 0x2b, 0x00, 0x00
    .byte 0x05, 0x00, 0x01, 0x00, 0x00, 0x00, 0x28, 0x00, 0x00, 0x25, 0xa8, 0x25, 0x22, 0x02, 0x29, 0x00
    .byte 0xfd, 0x32, 0x00, 0x35, 0x00, 0x00, 0x00, 0x14, 0x7d, 0x25, 0x22, 0x02, 0x2b, 0x00, 0x00, 0x05
    .byte 0x00, 0x01, 0x00, 0x00, 0x00, 0x28, 0x00, 0x00, 0x25, 0xa8, 0x25, 0x22, 0x02, 0x03, 0x00, 0x35
    .byte 0x00, 0x00, 0x00, 0x34, 0x00, 0x00, 0x00, 0x00, 0x00, 0x14, 0xa8, 0x25, 0x22, 0x02, 0x29, 0x00
    .byte 0xfd, 0x35, 0x00, 0xcb, 0xff, 0xff, 0xff, 0x14, 0xa8, 0x25, 0x22, 0x02, 0x2b, 0x00, 0x00, 0x05
    .byte 0x00, 0x01, 0x00, 0x00, 0x00, 0x28, 0x00, 0x00, 0x2b, 0x00, 0x00, 0x34, 0x00, 0x03, 0x00, 0x00
    .byte 0x00, 0x14, 0xb9, 0x25, 0x22, 0x02, 0x15, 0x0d, 0x00, 0x2c, 0x01, 0x00, 0x00, 0x00, 0x15, 0x09
    .byte 0x20, 0x00, 0x00, 0x2c, 0x30, 0x00, 0x00, 0x00, 0x15, 0x32, 0x2c, 0x01, 0x00, 0x00, 0x00, 0x2c
    .byte 0x18, 0x00, 0x00, 0x00, 0x15, 0x32, 0x2c, 0x01, 0x00, 0x00, 0x00, 0x2c, 0xe0, 0xff, 0xff, 0xff
    .byte 0x2c, 0xec, 0xff, 0xff, 0xff, 0x2c, 0x20, 0x00, 0x00, 0x00, 0x2c, 0x14, 0x00, 0x00, 0x00, 0x15
    .byte 0xd8, 0x2c, 0x2a, 0x11, 0x00, 0x00, 0x2c, 0x2f, 0x11, 0x00, 0x00, 0x2c, 0x2c, 0x11, 0x00, 0x00
    .byte 0x2c, 0x02, 0x00, 0x00, 0x00, 0x20, 0x00, 0x00, 0x15, 0x73, 0x03, 0x00, 0xff, 0xff, 0xff, 0xff
    .byte 0x26, 0x00, 0x06, 0x2c, 0x22, 0x00, 0x00, 0x00, 0x15, 0x05, 0x2c, 0x01, 0x00, 0x00, 0x00, 0x15
    .byte 0x06, 0x2c, 0x01, 0x00, 0x00, 0x00, 0x2c, 0x29, 0x29, 0x22, 0x02, 0x15, 0x29, 0x2c, 0x01, 0x00
    .byte 0x00, 0x00, 0x15, 0xd7, 0x20, 0x00, 0x00, 0x2c, 0xe0, 0xff, 0xff, 0xff, 0x15, 0xd1, 0x2c, 0x01
    .byte 0x00, 0x00, 0x00, 0x15, 0x07, 0x15, 0x08, 0x2c, 0x00, 0x04, 0x00, 0x00, 0x15, 0x37, 0x18, 0x70
    .byte 0x14, 0x5a, 0x26, 0x22, 0x02, 0x01, 0x47, 0x26, 0x22, 0x02, 0x2c, 0xee, 0x03, 0x00, 0x00, 0x15
    .byte 0x37, 0x18, 0x70, 0x14, 0x6d, 0x26, 0x22, 0x02, 0x01, 0x5a, 0x26, 0x22, 0x02, 0x2c, 0x02, 0x00
    .byte 0x00, 0x00, 0x15, 0x9b, 0x18, 0x70, 0x32, 0x00, 0x00, 0x00, 0x00, 0x00, 0x14, 0x86, 0x26, 0x22
    .byte 0x02, 0x01, 0x6d, 0x26, 0x22, 0x02, 0x20, 0x00, 0x00, 0x15, 0x9b, 0x18, 0x70, 0x14, 0xa6, 0x26
    .byte 0x22, 0x02, 0x20, 0x00, 0x00, 0x2c, 0xff, 0xff, 0xff, 0xff, 0x2c, 0xff, 0xff, 0xff, 0xff, 0x2c
    .byte 0xff, 0xff, 0xff, 0xff, 0x15, 0x89, 0x20, 0x00, 0x00, 0x15, 0x07, 0x15, 0x08, 0x2c, 0x03, 0x00
    .byte 0x00, 0x00, 0x2c, 0xba, 0x26, 0x22, 0x02, 0x15, 0x29, 0x00, 0x2c, 0x1e, 0x00, 0x00, 0x00, 0x15
    .byte 0x07, 0x15, 0x08, 0x2c, 0x23, 0x00, 0x00, 0x00, 0x15, 0x45, 0x15, 0x8b, 0x18, 0x70, 0x32, 0x00
    .byte 0x00, 0x00, 0x00, 0x00, 0x13, 0xde, 0x26, 0x22, 0x02, 0x01, 0xca, 0x26, 0x22, 0x02, 0x2c, 0x30
    .byte 0x02, 0x00, 0x00, 0x2c, 0x01, 0x00, 0x00, 0x00, 0x20, 0x00, 0x00, 0x20, 0x00, 0x00, 0x15, 0xb8
    .byte 0x15, 0x5a, 0x2c, 0x22, 0x00, 0x00, 0x00, 0x15, 0x05, 0x2c, 0x01, 0x00, 0x00, 0x00, 0x15, 0x06
    .byte 0x2c, 0x1b, 0x00, 0x00, 0x00, 0x15, 0x31, 0x18, 0x70, 0x17, 0x00, 0x2c, 0x13, 0x27, 0x22, 0x02
    .byte 0x15, 0x39, 0x00, 0x2c, 0x30, 0x00, 0x00, 0x00, 0x15, 0x07, 0x15, 0x08, 0x2c, 0xd4, 0x09, 0x00
    .byte 0x00, 0x15, 0x37, 0x18, 0x70, 0x14, 0x2f, 0x27, 0x22, 0x02, 0x01, 0x1c, 0x27, 0x22, 0x02, 0x2c
    .byte 0x00, 0x04, 0x00, 0x00, 0x15, 0x37, 0x18, 0x70, 0x14, 0x42, 0x27, 0x22, 0x02, 0x01, 0x2f, 0x27
    .byte 0x22, 0x02, 0x2c, 0xee, 0x03, 0x00, 0x00, 0x15, 0x37, 0x18, 0x70, 0x14, 0x55, 0x27, 0x22, 0x02
    .byte 0x01, 0x42, 0x27, 0x22, 0x02, 0x2c, 0x02, 0x00, 0x00, 0x00, 0x15, 0x9b, 0x18, 0x70, 0x32, 0x00
    .byte 0x00, 0x00, 0x00, 0x00, 0x14, 0x6e, 0x27, 0x22, 0x02, 0x01, 0x55, 0x27, 0x22, 0x02, 0x20, 0x00
    .byte 0x00, 0x15, 0x9b, 0x18, 0x70, 0x14, 0x8e, 0x27, 0x22, 0x02, 0x20, 0x00, 0x00, 0x2c, 0xff, 0xff
    .byte 0xff, 0xff, 0x2c, 0xff, 0xff, 0xff, 0xff, 0x2c, 0xff, 0xff, 0xff, 0xff, 0x15, 0x89, 0x20, 0x00
    .byte 0x00, 0x15, 0x07, 0x15, 0x08, 0x2c, 0x03, 0x00, 0x00, 0x00, 0x2c, 0xa2, 0x27, 0x22, 0x02, 0x15
    .byte 0x29, 0x00, 0x2c, 0x1e, 0x00, 0x00, 0x00, 0x15, 0x07, 0x15, 0x08, 0x2c, 0x23, 0x00, 0x00, 0x00
    .byte 0x15, 0x45, 0x15, 0x8b, 0x18, 0x70, 0x32, 0x00, 0x00, 0x00, 0x00, 0x00, 0x13, 0xc6, 0x27, 0x22
    .byte 0x02, 0x01, 0xb2, 0x27, 0x22, 0x02, 0x2c, 0x31, 0x02, 0x00, 0x00, 0x2c, 0x01, 0x00, 0x00, 0x00
    .byte 0x20, 0x00, 0x00, 0x20, 0x00, 0x00, 0x15, 0xb8, 0x15, 0x5a, 0x2c, 0x22, 0x00, 0x00, 0x00, 0x15
    .byte 0x05, 0x2c, 0x01, 0x00, 0x00, 0x00, 0x15, 0x06, 0x2c, 0x1b, 0x00, 0x00, 0x00, 0x15, 0x31, 0x18
    .byte 0x70, 0x17, 0x00, 0x2c, 0xfb, 0x27, 0x22, 0x02, 0x15, 0x39, 0x00, 0x2c, 0x92, 0x09, 0x00, 0x00
    .byte 0x15, 0x07, 0x15, 0x08, 0x2c, 0xd4, 0x09, 0x00, 0x00, 0x15, 0x37, 0x18, 0x70, 0x14, 0x17, 0x28
    .byte 0x22, 0x02, 0x01, 0x04, 0x28, 0x22, 0x02, 0x2c, 0x00, 0x04, 0x00, 0x00, 0x15, 0x37, 0x18, 0x70
    .byte 0x14, 0x2a, 0x28, 0x22, 0x02, 0x01, 0x17, 0x28, 0x22, 0x02, 0x2c, 0xee, 0x03, 0x00, 0x00, 0x15
    .byte 0x37, 0x18, 0x70, 0x14, 0x3d, 0x28, 0x22, 0x02, 0x01, 0x2a, 0x28, 0x22, 0x02, 0x2c, 0x02, 0x00
    .byte 0x00, 0x00, 0x15, 0x9b, 0x18, 0x70, 0x32, 0x00, 0x00, 0x00, 0x00, 0x00, 0x14, 0x56, 0x28, 0x22
    .byte 0x02, 0x01, 0x3d, 0x28, 0x22, 0x02, 0x20, 0x00, 0x00, 0x15, 0x9b, 0x18, 0x70, 0x14, 0x76, 0x28
    .byte 0x22, 0x02, 0x20, 0x00, 0x00, 0x2c, 0xff, 0xff, 0xff, 0xff, 0x2c, 0xff, 0xff, 0xff, 0xff, 0x2c
    .byte 0xff, 0xff, 0xff, 0xff, 0x15, 0x89, 0x20, 0x00, 0x00, 0x15, 0x07, 0x15, 0x08, 0x2c, 0x03, 0x00
    .byte 0x00, 0x00, 0x2c, 0x8a, 0x28, 0x22, 0x02, 0x15, 0x29, 0x00, 0x2c, 0x1e, 0x00, 0x00, 0x00, 0x15
    .byte 0x07, 0x15, 0x08, 0x2c, 0x01, 0x00, 0x00, 0x00, 0x15, 0x45, 0x15, 0x8b, 0x18, 0x70, 0x32, 0x00
    .byte 0x00, 0x00, 0x00, 0x00, 0x13, 0xae, 0x28, 0x22, 0x02, 0x01, 0x9a, 0x28, 0x22, 0x02, 0x2c, 0x32
    .byte 0x02, 0x00, 0x00, 0x2c, 0x01, 0x00, 0x00, 0x00, 0x20, 0x00, 0x00, 0x20, 0x00, 0x00, 0x15, 0xb8
    .byte 0x15, 0x5a, 0x2c, 0x22, 0x00, 0x00, 0x00, 0x15, 0x05, 0x2c, 0x01, 0x00, 0x00, 0x00, 0x15, 0x06
    .byte 0x2c, 0x1b, 0x00, 0x00, 0x00, 0x15, 0x31, 0x18, 0x70, 0x17, 0x00, 0x2c, 0xe3, 0x28, 0x22, 0x02
    .byte 0x15, 0x39, 0x00, 0x2c, 0x2c, 0x01, 0x00, 0x00, 0x15, 0x07, 0x15, 0x08, 0x2c, 0xd4, 0x09, 0x00
    .byte 0x00, 0x15, 0x37, 0x18, 0x70, 0x14, 0xff, 0x28, 0x22, 0x02, 0x01, 0xec, 0x28, 0x22, 0x02, 0x2c
    .byte 0x01, 0x00, 0x00, 0x00, 0x20, 0x00, 0x00, 0x15, 0x29, 0x20, 0x00, 0x00, 0x15, 0xd7, 0x2c, 0x01
    .byte 0x00, 0x00, 0x00, 0x15, 0x07, 0x15, 0x08, 0x20, 0x00, 0x00, 0x15, 0x18, 0x20, 0x00, 0x00, 0x15
    .byte 0x19, 0x21, 0x8c, 0x2c, 0x22, 0x02, 0x15, 0x0d, 0x00, 0x2c, 0x1e, 0x00, 0x00, 0x00, 0x15, 0x07
    .byte 0x15, 0x08, 0x2c, 0x1b, 0x00, 0x00, 0x00, 0x15, 0x31, 0x18, 0x70, 0x26, 0x00, 0x58, 0x20, 0x00
    .byte 0x00, 0x2c, 0x90, 0xe1, 0x21, 0x02, 0x15, 0x39, 0x20, 0x00, 0x00, 0x15, 0x42, 0x18, 0x70, 0x32
    .byte 0x00, 0x00, 0x00, 0x00, 0x00, 0x14, 0x5f, 0x29, 0x22, 0x02, 0x01, 0x48, 0x29, 0x22, 0x02, 0x2c
    .byte 0x23, 0x00, 0x00, 0x00, 0x15, 0x45, 0x15, 0x8b, 0x18, 0x70, 0x32, 0x00, 0x00, 0x00, 0x00, 0x00
    .byte 0x13, 0x7a, 0x29, 0x22, 0x02, 0x01, 0x66, 0x29, 0x22, 0x02, 0x2c, 0x26, 0x02, 0x00, 0x00, 0x2c
    .byte 0x01, 0x00, 0x00, 0x00, 0x20, 0x00, 0x00, 0x20, 0x00, 0x00, 0x15, 0xb8, 0x15, 0x5a, 0x20, 0x00
    .byte 0x00, 0x2c, 0xff, 0xff, 0xff, 0xff, 0x2c, 0xff, 0xff, 0xff, 0xff, 0x15, 0xdd, 0x18, 0x70, 0x14
    .byte 0x59, 0x2a, 0x22, 0x02, 0x2c, 0x23, 0x00, 0x00, 0x00, 0x15, 0x45, 0x03, 0x00, 0xec, 0xff, 0xff
    .byte 0xff, 0x26, 0x00, 0xe1, 0x15, 0x8b, 0x18, 0x70, 0x32, 0x00, 0x00, 0x00, 0x00, 0x00, 0x13, 0xc8
    .byte 0x29, 0x22, 0x02, 0x01, 0xb4, 0x29, 0x22, 0x02, 0x2c, 0x28, 0x02, 0x00, 0x00, 0x2c, 0x01, 0x00
    .byte 0x00, 0x00, 0x20, 0x00, 0x00, 0x20, 0x00, 0x00, 0x2c, 0x01, 0x00, 0x00, 0x00, 0x15, 0xe7, 0x2c
    .byte 0x01, 0x00, 0x00, 0x00, 0x15, 0x07, 0x15, 0x08, 0x03, 0x00, 0x00, 0x00, 0x00, 0x00, 0x26, 0x00
    .byte 0xe1, 0x2c, 0xea, 0x03, 0x00, 0x00, 0x15, 0x37, 0x18, 0x70, 0x13, 0x59, 0x2a, 0x22, 0x02, 0x2c
    .byte 0x23, 0x00, 0x00, 0x00, 0x15, 0x45, 0x15, 0x8b, 0x18, 0x70, 0x32, 0x00, 0x00, 0x00, 0x00, 0x00
    .byte 0x13, 0x1a, 0x2a, 0x22, 0x02, 0x01, 0x06, 0x2a, 0x22, 0x02, 0x2c, 0x2b, 0x02, 0x00, 0x00, 0x2c
    .byte 0x01, 0x00, 0x00, 0x00, 0x20, 0x00, 0x00, 0x20, 0x00, 0x00, 0x15, 0xb8, 0x15, 0x5a, 0x20, 0x00
    .byte 0x00, 0x15, 0x18, 0x20, 0x00, 0x00, 0x15, 0x19, 0x2c, 0x2a, 0x11, 0x00, 0x00, 0x2c, 0x2f, 0x11
    .byte 0x00, 0x00, 0x2c, 0x2c, 0x11, 0x00, 0x00, 0x2c, 0x02, 0x00, 0x00, 0x00, 0x20, 0x00, 0x00, 0x15
    .byte 0x73, 0x21, 0x8c, 0x2c, 0x22, 0x02, 0x15, 0x0d, 0x00, 0x2c, 0x1e, 0x00, 0x00, 0x00, 0x15, 0x07
    .byte 0x15, 0x08, 0x2c, 0x23, 0x00, 0x00, 0x00, 0x15, 0x45, 0x15, 0x8b, 0x18, 0x70, 0x32, 0x00, 0x00
    .byte 0x00, 0x00, 0x00, 0x13, 0x7d, 0x2a, 0x22, 0x02, 0x01, 0x69, 0x2a, 0x22, 0x02, 0x2c, 0x27, 0x02
    .byte 0x00, 0x00, 0x2c, 0x01, 0x00, 0x00, 0x00, 0x20, 0x00, 0x00, 0x20, 0x00, 0x00, 0x15, 0xb8, 0x15
    .byte 0x5a, 0x2c, 0xba, 0x03, 0x00, 0x00, 0x15, 0x35, 0x2c, 0x7f, 0x03, 0x00, 0x00, 0x15, 0x37, 0x18
    .byte 0x70, 0x14, 0xc2, 0x2a, 0x22, 0x02, 0x2c, 0x80, 0x03, 0x00, 0x00, 0x15, 0x37, 0x18, 0x70, 0x14
    .byte 0xc2, 0x2a, 0x22, 0x02, 0x03, 0x00, 0x78, 0x1e, 0x00, 0x00, 0x36, 0x00, 0x00, 0x25, 0xf5, 0x2a
    .byte 0x22, 0x02, 0x2c, 0x7f, 0x03, 0x00, 0x00, 0x15, 0x37, 0x18, 0x70, 0x13, 0xde, 0x2a, 0x22, 0x02
    .byte 0x2c, 0x80, 0x03, 0x00, 0x00, 0x15, 0x37, 0x18, 0x70, 0x14, 0xec, 0x2a, 0x22, 0x02, 0x03, 0x00
    .byte 0x34, 0x21, 0x00, 0x00, 0x36, 0x00, 0x00, 0x25, 0xf5, 0x2a, 0x22, 0x02, 0x03, 0x00, 0x1c, 0x25
    .byte 0x00, 0x00, 0x36, 0x00, 0x00, 0x2c, 0x17, 0x00, 0x00, 0x00, 0x2c, 0x1e, 0x08, 0x00, 0x00, 0x15
    .byte 0x78, 0x2c, 0x01, 0x00, 0x00, 0x00, 0x15, 0x07, 0x15, 0x08, 0x29, 0x00, 0xdc, 0x32, 0x00, 0x03
    .byte 0x00, 0x00, 0x00, 0x14, 0x26, 0x2b, 0x22, 0x02, 0x03, 0x00, 0x00, 0x00, 0x00, 0x00, 0x26, 0x00
    .byte 0x1c, 0x25, 0x59, 0x2b, 0x22, 0x02, 0x29, 0x00, 0xdc, 0x32, 0x00, 0x04, 0x00, 0x00, 0x00, 0x14
    .byte 0x42, 0x2b, 0x22, 0x02, 0x03, 0x00, 0x05, 0x00, 0x00, 0x00, 0x26, 0x00, 0x1c, 0x25, 0x59, 0x2b
    .byte 0x22, 0x02, 0x29, 0x00, 0xdc, 0x32, 0x00, 0x05, 0x00, 0x00, 0x00, 0x14, 0x59, 0x2b, 0x22, 0x02
    .byte 0x03, 0x00, 0x0a, 0x00, 0x00, 0x00, 0x26, 0x00, 0x1c, 0x2c, 0x8a, 0x03, 0x00, 0x00, 0x15, 0x37
    .byte 0x18, 0x70, 0x14, 0xd1, 0x2b, 0x22, 0x02, 0x2c, 0x3f, 0x03, 0x00, 0x00, 0x15, 0x35, 0x2c, 0x09
    .byte 0x00, 0x00, 0x00, 0x2c, 0x5a, 0x02, 0x00, 0x00, 0x2c, 0xff, 0xff, 0xff, 0xff, 0x15, 0xdd, 0x18
    .byte 0x70, 0x17, 0x00, 0x15, 0x35, 0x03, 0x00, 0x5a, 0x02, 0x00, 0x00, 0x26, 0x00, 0x15, 0x2c, 0xf8
    .byte 0x03, 0x00, 0x00, 0x15, 0x35, 0x15, 0x1f, 0x18, 0x70, 0x26, 0x00, 0x69, 0x15, 0x20, 0x18, 0x70
    .byte 0x26, 0x00, 0x6a, 0x15, 0x27, 0x18, 0x70, 0x26, 0x00, 0x6b, 0x2c, 0x1b, 0x00, 0x00, 0x00, 0x15
    .byte 0x31, 0x18, 0x70, 0x26, 0x00, 0xbe, 0x2c, 0x45, 0x00, 0x00, 0x00, 0x2c, 0x00, 0x01, 0x00, 0x00
    .byte 0x2c, 0x00, 0x01, 0x00, 0x00, 0x20, 0x00, 0x00, 0x15, 0x4a, 0x15, 0x0d, 0x25, 0x8a, 0x2c, 0x22
    .byte 0x02, 0x2c, 0x01, 0x00, 0x00, 0x00, 0x2c, 0x03, 0x00, 0x00, 0x00, 0x15, 0x4b, 0x2c, 0x01, 0x00
    .byte 0x00, 0x00, 0x15, 0x4c, 0x18, 0x70, 0x32, 0x00, 0x00, 0x00, 0x00, 0x00, 0x13, 0xf6, 0x2b, 0x22
    .byte 0x02, 0x01, 0xdd, 0x2b, 0x22, 0x02, 0x2c, 0x23, 0x00, 0x00, 0x00, 0x15, 0x45, 0x29, 0x00, 0xdc
    .byte 0x32, 0x00, 0x00, 0x00, 0x00, 0x00, 0x14, 0x38, 0x2c, 0x22, 0x02, 0x15, 0x8b, 0x18, 0x70, 0x32
    .byte 0x00, 0x00, 0x00, 0x00, 0x00, 0x13, 0x1f, 0x2c, 0x22, 0x02, 0x01, 0x0b, 0x2c, 0x22, 0x02, 0x2c
    .byte 0x2b, 0x02, 0x00, 0x00, 0x2c, 0x01, 0x00, 0x00, 0x00, 0x20, 0x00, 0x00, 0x20, 0x00, 0x00, 0x15
    .byte 0xb8, 0x15, 0x5a, 0x25, 0x60, 0x2c, 0x22, 0x02, 0x15, 0x8b, 0x18, 0x70, 0x32, 0x00, 0x00, 0x00
    .byte 0x00, 0x00, 0x13, 0x4c, 0x2c, 0x22, 0x02, 0x01, 0x38, 0x2c, 0x22, 0x02, 0x2c, 0x29, 0x02, 0x00
    .byte 0x00, 0x2c, 0x01, 0x00, 0x00, 0x00, 0x20, 0x00, 0x00, 0x20, 0x00, 0x00, 0x15, 0xb8, 0x15, 0x5a
    .byte 0x20, 0x00, 0x00, 0x15, 0x18, 0x20, 0x00, 0x00, 0x15, 0x19, 0x2c, 0x2a, 0x11, 0x00, 0x00, 0x2c
    .byte 0x2f, 0x11, 0x00, 0x00, 0x2c, 0x2c, 0x11, 0x00, 0x00, 0x2c, 0x02, 0x00, 0x00, 0x00, 0x20, 0x00
    .byte 0x00, 0x15, 0x73, 0x21, 0x8c, 0x2c, 0x22, 0x02, 0x15, 0x0d, 0x00, 0x00, 0x2c, 0x01, 0x00, 0x00
    .byte 0x00, 0x15, 0x2b, 0x2c, 0xf0, 0xff, 0xff, 0xff, 0x2c, 0x63, 0x02, 0x00, 0x00, 0x20, 0x00, 0x00
    .byte 0x2c, 0x00, 0x20, 0x00, 0x00, 0x2c, 0x05, 0x00, 0x00, 0x00, 0x20, 0x00, 0x00, 0x15, 0x1a, 0x2c
    .byte 0x01, 0x00, 0x00, 0x00, 0x15, 0x07, 0x15, 0x08, 0x15, 0x22, 0x18, 0x70, 0x13, 0xc8, 0x2c, 0x22
    .byte 0x02, 0x15, 0x28, 0x25, 0xe2, 0x2c, 0x22, 0x02, 0x2c, 0x06, 0x00, 0x00, 0x00, 0x15, 0x31, 0x18
    .byte 0x70, 0x13, 0xdd, 0x2c, 0x22, 0x02, 0x15, 0x28, 0x25, 0xe2, 0x2c, 0x22, 0x02, 0x25, 0xaf, 0x2c
    .byte 0x22, 0x02, 0x22, 0x2c, 0xf6, 0x00, 0x00, 0x00, 0x2c, 0xa7, 0x01, 0x00, 0x00, 0x20, 0x00, 0x00
    .byte 0x15, 0x02, 0x03, 0x00, 0x01, 0x00, 0x00, 0x00, 0x32, 0x00, 0x00, 0x00, 0x00, 0x00, 0x14, 0x11
    .byte 0x2d, 0x22, 0x02, 0x03, 0x00, 0x5a, 0x02, 0x00, 0x00, 0x28, 0x00, 0x00, 0x25, 0x39, 0x2d, 0x22
    .byte 0x02, 0x03, 0x00, 0x01, 0x00, 0x00, 0x00, 0x32, 0x00, 0x01, 0x00, 0x00, 0x00, 0x14, 0x30, 0x2d
    .byte 0x22, 0x02, 0x03, 0x00, 0x58, 0x02, 0x00, 0x00, 0x28, 0x00, 0x00, 0x25, 0x39, 0x2d, 0x22, 0x02
    .byte 0x03, 0x00, 0x59, 0x02, 0x00, 0x00, 0x28, 0x00, 0x00, 0x29, 0x00, 0x15, 0x2b, 0x01, 0x00, 0x1c
    .byte 0x10, 0x14, 0xdd, 0x2d, 0x22, 0x02, 0x29, 0x00, 0xfd, 0x32, 0x00, 0x45, 0x00, 0x00, 0x00, 0x14
    .byte 0xdd, 0x2d, 0x22, 0x02, 0x2c, 0x00, 0x04, 0x00, 0x00, 0x15, 0x37, 0x18, 0x70, 0x14, 0x67, 0x2d
    .byte 0x22, 0x02, 0x01, 0x54, 0x2d, 0x22, 0x02, 0x2c, 0xee, 0x03, 0x00, 0x00, 0x15, 0x37, 0x18, 0x70
    .byte 0x14, 0x7a, 0x2d, 0x22, 0x02, 0x01, 0x67, 0x2d, 0x22, 0x02, 0x2c, 0x02, 0x00, 0x00, 0x00, 0x15
    .byte 0x9b, 0x18, 0x70, 0x32, 0x00, 0x00, 0x00, 0x00, 0x00, 0x14, 0x93, 0x2d, 0x22, 0x02, 0x01, 0x7a
    .byte 0x2d, 0x22, 0x02, 0x20, 0x00, 0x00, 0x15, 0x9b, 0x18, 0x70, 0x14, 0xb3, 0x2d, 0x22, 0x02, 0x20
    .byte 0x00, 0x00, 0x2c, 0xff, 0xff, 0xff, 0xff, 0x2c, 0xff, 0xff, 0xff, 0xff, 0x2c, 0xff, 0xff, 0xff
    .byte 0xff, 0x15, 0x89, 0x20, 0x00, 0x00, 0x15, 0x07, 0x15, 0x08, 0x29, 0x00, 0xbe, 0x2c, 0x1b, 0x00
    .byte 0x00, 0x00, 0x15, 0x31, 0x18, 0x71, 0x1f, 0x10, 0x14, 0xd0, 0x2d, 0x22, 0x02, 0x15, 0x0d, 0x00
    .byte 0x2c, 0x03, 0x00, 0x00, 0x00, 0x2c, 0xf2, 0x1f, 0x22, 0x02, 0x15, 0x29, 0x00, 0x29, 0x00, 0xfe
    .byte 0x32, 0x00, 0x30, 0x00, 0x00, 0x00, 0x14, 0x01, 0x2e, 0x22, 0x02, 0x2c, 0x02, 0x00, 0x00, 0x00
    .byte 0x2c, 0x77, 0x00, 0x00, 0x00, 0x15, 0xef, 0x18, 0x70, 0x14, 0x01, 0x2e, 0x22, 0x02, 0x15, 0x0d
    .byte 0x00, 0x29, 0x00, 0xfe, 0x32, 0x00, 0x31, 0x00, 0x00, 0x00, 0x14, 0x25, 0x2e, 0x22, 0x02, 0x2c
    .byte 0x02, 0x00, 0x00, 0x00, 0x2c, 0x77, 0x00, 0x00, 0x00, 0x15, 0xef, 0x18, 0x70, 0x14, 0x25, 0x2e
    .byte 0x22, 0x02, 0x15, 0x0d, 0x00, 0x29, 0x00, 0xfe, 0x32, 0x00, 0x32, 0x00, 0x00, 0x00, 0x14, 0x49
    .byte 0x2e, 0x22, 0x02, 0x2c, 0x02, 0x00, 0x00, 0x00, 0x2c, 0x77, 0x00, 0x00, 0x00, 0x15, 0xef, 0x18
    .byte 0x70, 0x14, 0x49, 0x2e, 0x22, 0x02, 0x15, 0x0d, 0x00, 0x29, 0x00, 0xfe, 0x32, 0x00, 0x33, 0x00
    .byte 0x00, 0x00, 0x14, 0x6d, 0x2e, 0x22, 0x02, 0x2c, 0x02, 0x00, 0x00, 0x00, 0x2c, 0x77, 0x00, 0x00
    .byte 0x00, 0x15, 0xef, 0x18, 0x70, 0x14, 0x6d, 0x2e, 0x22, 0x02, 0x15, 0x0d, 0x00, 0x29, 0x00, 0xfe
    .byte 0x32, 0x00, 0x34, 0x00, 0x00, 0x00, 0x14, 0x91, 0x2e, 0x22, 0x02, 0x2c, 0x02, 0x00, 0x00, 0x00
    .byte 0x2c, 0x77, 0x00, 0x00, 0x00, 0x15, 0xef, 0x18, 0x70, 0x14, 0x91, 0x2e, 0x22, 0x02, 0x15, 0x0d
    .byte 0x00, 0x29, 0x00, 0xfe, 0x32, 0x00, 0x35, 0x00, 0x00, 0x00, 0x14, 0xb5, 0x2e, 0x22, 0x02, 0x2c
    .byte 0x02, 0x00, 0x00, 0x00, 0x2c, 0x77, 0x00, 0x00, 0x00, 0x15, 0xef, 0x18, 0x70, 0x14, 0xb5, 0x2e
    .byte 0x22, 0x02, 0x15, 0x0d, 0x00, 0x29, 0x00, 0xfe, 0x32, 0x00, 0x2b, 0x00, 0x00, 0x00, 0x14, 0xda
    .byte 0x2e, 0x22, 0x02, 0x2c, 0x60, 0x01, 0x00, 0x00, 0x15, 0x37, 0x18, 0x70, 0x32, 0x00, 0x00, 0x00
    .byte 0x00, 0x00, 0x14, 0xda, 0x2e, 0x22, 0x02, 0x15, 0x0d, 0x00, 0x20, 0x00, 0x00, 0x15, 0x94, 0x18
    .byte 0x70, 0x14, 0xe9, 0x2e, 0x22, 0x02, 0x15, 0x0d, 0x00, 0x20, 0x00, 0x00, 0x2c, 0xff, 0xff, 0xff
    .byte 0xff, 0x2c, 0xff, 0xff, 0xff, 0xff, 0x15, 0xdd, 0x18, 0x70, 0x14, 0x5c, 0x2f, 0x22, 0x02, 0x2c
    .byte 0x01, 0x00, 0x00, 0x00, 0x2c, 0xff, 0xff, 0xff, 0xff, 0x2c, 0xff, 0xff, 0xff, 0xff, 0x15, 0xdd
    .byte 0x18, 0x70, 0x32, 0x00, 0x58, 0x02, 0x00, 0x00, 0x13, 0x59, 0x2f, 0x22, 0x02, 0x2c, 0x01, 0x00
    .byte 0x00, 0x00, 0x2c, 0xff, 0xff, 0xff, 0xff, 0x2c, 0xff, 0xff, 0xff, 0xff, 0x15, 0xdd, 0x18, 0x70
    .byte 0x32, 0x00, 0x59, 0x02, 0x00, 0x00, 0x13, 0x59, 0x2f, 0x22, 0x02, 0x2c, 0x01, 0x00, 0x00, 0x00
    .byte 0x2c, 0xff, 0xff, 0xff, 0xff, 0x2c, 0xff, 0xff, 0xff, 0xff, 0x15, 0xdd, 0x18, 0x70, 0x32, 0x00
    .byte 0x5a, 0x02, 0x00, 0x00, 0x14, 0x5c, 0x2f, 0x22, 0x02, 0x15, 0x0d, 0x00, 0x03, 0x00, 0x00, 0x00
    .byte 0x00, 0x00, 0x28, 0x00, 0x00, 0x29, 0x00, 0x06, 0x29, 0x01, 0xfe, 0x1c, 0x10, 0x14, 0x7e, 0x2f
    .byte 0x22, 0x02, 0x2b, 0x00, 0x00, 0x05, 0x00, 0x01, 0x00, 0x00, 0x00, 0x28, 0x00, 0x00, 0x29, 0x00
    .byte 0x07, 0x32, 0x00, 0x01, 0x00, 0x00, 0x00, 0x14, 0x98, 0x2f, 0x22, 0x02, 0x2b, 0x00, 0x00, 0x05
    .byte 0x00, 0x01, 0x00, 0x00, 0x00, 0x28, 0x00, 0x00, 0x03, 0x00, 0x35, 0x00, 0x00, 0x00, 0x32, 0x00
    .byte 0x00, 0x10, 0x00, 0x00, 0x14, 0xba, 0x2f, 0x22, 0x02, 0x2b, 0x00, 0x00, 0x05, 0x00, 0x01, 0x00
    .byte 0x00, 0x00, 0x28, 0x00, 0x00, 0x25, 0x42, 0x30, 0x22, 0x02, 0x03, 0x00, 0x35, 0x00, 0x00, 0x00
    .byte 0x32, 0x00, 0x00, 0x00, 0x00, 0x00, 0x14, 0xf8, 0x2f, 0x22, 0x02, 0x29, 0x00, 0xfd, 0x31, 0x00
    .byte 0x8c, 0x00, 0x00, 0x00, 0x14, 0xf3, 0x2f, 0x22, 0x02, 0x29, 0x00, 0xfd, 0x33, 0x00, 0x96, 0x00
    .byte 0x00, 0x00, 0x14, 0xf3, 0x2f, 0x22, 0x02, 0x2b, 0x00, 0x00, 0x05, 0x00, 0x01, 0x00, 0x00, 0x00
    .byte 0x28, 0x00, 0x00, 0x25, 0x42, 0x30, 0x22, 0x02, 0x29, 0x00, 0xfd, 0x32, 0x00, 0x35, 0x00, 0x00
    .byte 0x00, 0x14, 0x17, 0x30, 0x22, 0x02, 0x2b, 0x00, 0x00, 0x05, 0x00, 0x01, 0x00, 0x00, 0x00, 0x28
    .byte 0x00, 0x00, 0x25, 0x42, 0x30, 0x22, 0x02, 0x03, 0x00, 0x35, 0x00, 0x00, 0x00, 0x34, 0x00, 0x00
    .byte 0x00, 0x00, 0x00, 0x14, 0x42, 0x30, 0x22, 0x02, 0x29, 0x00, 0xfd, 0x35, 0x00, 0xcb, 0xff, 0xff
    .byte 0xff, 0x14, 0x42, 0x30, 0x22, 0x02, 0x2b, 0x00, 0x00, 0x05, 0x00, 0x01, 0x00, 0x00, 0x00, 0x28
    .byte 0x00, 0x00, 0x2b, 0x00, 0x00, 0x34, 0x00, 0x03, 0x00, 0x00, 0x00, 0x14, 0x53, 0x30, 0x22, 0x02
    .byte 0x15, 0x0d, 0x00, 0x2c, 0x01, 0x00, 0x00, 0x00, 0x15, 0x09, 0x20, 0x00, 0x00, 0x2c, 0x18, 0x00
    .byte 0x00, 0x00, 0x15, 0x32, 0x2c, 0x01, 0x00, 0x00, 0x00, 0x2c, 0x10, 0x00, 0x00, 0x00, 0x15, 0x32
    .byte 0x2c, 0x01, 0x00, 0x00, 0x00, 0x2c, 0xec, 0xff, 0xff, 0xff, 0x2c, 0xf0, 0xff, 0xff, 0xff, 0x2c
    .byte 0x14, 0x00, 0x00, 0x00, 0x2c, 0x10, 0x00, 0x00, 0x00, 0x15, 0xd8, 0x2c, 0x36, 0x11, 0x00, 0x00
    .byte 0x2c, 0x37, 0x11, 0x00, 0x00, 0x2c, 0x38, 0x11, 0x00, 0x00, 0x2c, 0x02, 0x00, 0x00, 0x00, 0x2c
    .byte 0x12, 0x00, 0x00, 0x00, 0x15, 0x73, 0x2c, 0x01, 0x00, 0x00, 0x00, 0x15, 0x06, 0x03, 0x00, 0xff
    .byte 0xff, 0xff, 0xff, 0x26, 0x00, 0x06, 0x2c, 0x02, 0x00, 0x00, 0x00, 0x2c, 0xda, 0x30, 0x22, 0x02
    .byte 0x15, 0x29, 0x2c, 0x01, 0x00, 0x00, 0x00, 0x2c, 0xda, 0x30, 0x22, 0x02, 0x15, 0x29, 0x2c, 0x01
    .byte 0x00, 0x00, 0x00, 0x15, 0xd7, 0x01, 0xd7, 0x34, 0x22, 0x02, 0x15, 0x28, 0x2c, 0x02, 0x00, 0x00
    .byte 0x00, 0x20, 0x00, 0x00, 0x15, 0x29, 0x2c, 0x01, 0x00, 0x00, 0x00, 0x20, 0x00, 0x00, 0x15, 0x29
    .byte 0x20, 0x00, 0x00, 0x15, 0xd7, 0x2c, 0x1b, 0x00, 0x00, 0x00, 0x15, 0x31, 0x18, 0x70, 0x26, 0x00
    .byte 0x58, 0x20, 0x00, 0x00, 0x2c, 0x90, 0xe1, 0x21, 0x02, 0x15, 0x39, 0x20, 0x00, 0x00, 0x15, 0x42
    .byte 0x18, 0x70, 0x32, 0x00, 0x00, 0x00, 0x00, 0x00, 0x14, 0x22, 0x31, 0x22, 0x02, 0x01, 0x0b, 0x31
    .byte 0x22, 0x02, 0x2c, 0x3b, 0x11, 0x00, 0x00, 0x2c, 0x37, 0x11, 0x00, 0x00, 0x2c, 0x3c, 0x11, 0x00
    .byte 0x00, 0x2c, 0x02, 0x00, 0x00, 0x00, 0x15, 0x1f, 0x18, 0x70, 0x17, 0x00, 0x15, 0x20, 0x18, 0x70
    .byte 0x17, 0x00, 0x15, 0x1e, 0x18, 0x70, 0x17, 0x00, 0x15, 0x73, 0x15, 0x1f, 0x18, 0x70, 0x17, 0x00
    .byte 0x15, 0x20, 0x18, 0x70, 0x17, 0x00, 0x15, 0x1e, 0x18, 0x70, 0x17, 0x00, 0x15, 0x45, 0x15, 0x8b
    .byte 0x18, 0x70, 0x32, 0x00, 0x00, 0x00, 0x00, 0x00, 0x13, 0x72, 0x31, 0x22, 0x02, 0x01, 0x5e, 0x31
    .byte 0x22, 0x02, 0x2c, 0x44, 0x02, 0x00, 0x00, 0x2c, 0x01, 0x00, 0x00, 0x00, 0x20, 0x00, 0x00, 0x20
    .byte 0x00, 0x00, 0x15, 0xb8, 0x15, 0x5a, 0x20, 0x00, 0x00, 0x2c, 0xff, 0xff, 0xff, 0xff, 0x2c, 0xff
    .byte 0xff, 0xff, 0xff, 0x15, 0xdd, 0x18, 0x70, 0x14, 0x53, 0x32, 0x22, 0x02, 0x15, 0x1f, 0x18, 0x70
    .byte 0x17, 0x00, 0x15, 0x20, 0x18, 0x70, 0x17, 0x00, 0x15, 0x1e, 0x18, 0x70, 0x17, 0x00, 0x15, 0x45
    .byte 0x03, 0x00, 0xec, 0xff, 0xff, 0xff, 0x26, 0x00, 0xe1, 0x15, 0x8b, 0x18, 0x70, 0x32, 0x00, 0x00
    .byte 0x00, 0x00, 0x00, 0x13, 0xcd, 0x31, 0x22, 0x02, 0x01, 0xb9, 0x31, 0x22, 0x02, 0x2c, 0x45, 0x02
    .byte 0x00, 0x00, 0x2c, 0x01, 0x00, 0x00, 0x00, 0x20, 0x00, 0x00, 0x20, 0x00, 0x00, 0x2c, 0x01, 0x00
    .byte 0x00, 0x00, 0x15, 0xe7, 0x2c, 0x01, 0x00, 0x00, 0x00, 0x15, 0x07, 0x15, 0x08, 0x03, 0x00, 0x00
    .byte 0x00, 0x00, 0x00, 0x26, 0x00, 0xe1, 0x2c, 0xea, 0x03, 0x00, 0x00, 0x15, 0x37, 0x18, 0x70, 0x13
    .byte 0x53, 0x32, 0x22, 0x02, 0x15, 0x1f, 0x18, 0x70, 0x17, 0x00, 0x15, 0x20, 0x18, 0x70, 0x17, 0x00
    .byte 0x15, 0x1e, 0x18, 0x70, 0x17, 0x00, 0x15, 0x45, 0x15, 0x8b, 0x18, 0x70, 0x32, 0x00, 0x00, 0x00
    .byte 0x00, 0x00, 0x13, 0x2c, 0x32, 0x22, 0x02, 0x01, 0x18, 0x32, 0x22, 0x02, 0x2c, 0x48, 0x02, 0x00
    .byte 0x00, 0x2c, 0x01, 0x00, 0x00, 0x00, 0x20, 0x00, 0x00, 0x20, 0x00, 0x00, 0x15, 0xb8, 0x15, 0x5a
    .byte 0x2c, 0x1b, 0x00, 0x00, 0x00, 0x15, 0x31, 0x18, 0x70, 0x17, 0x00, 0x2c, 0xee, 0x33, 0x22, 0x02
    .byte 0x15, 0x39, 0x00, 0x2c, 0x1e, 0x00, 0x00, 0x00, 0x15, 0x07, 0x15, 0x08, 0x2c, 0xba, 0x03, 0x00
    .byte 0x00, 0x15, 0x35, 0x2c, 0x17, 0x00, 0x00, 0x00, 0x2c, 0x1f, 0x08, 0x00, 0x00, 0x15, 0x78, 0x2c
    .byte 0x01, 0x00, 0x00, 0x00, 0x15, 0x07, 0x15, 0x08, 0x29, 0x00, 0xdc, 0x32, 0x00, 0x03, 0x00, 0x00
    .byte 0x00, 0x14, 0x94, 0x32, 0x22, 0x02, 0x03, 0x00, 0x00, 0x00, 0x00, 0x00, 0x26, 0x00, 0x1c, 0x25
    .byte 0xc7, 0x32, 0x22, 0x02, 0x29, 0x00, 0xdc, 0x32, 0x00, 0x04, 0x00, 0x00, 0x00, 0x14, 0xb0, 0x32
    .byte 0x22, 0x02, 0x03, 0x00, 0x05, 0x00, 0x00, 0x00, 0x26, 0x00, 0x1c, 0x25, 0xc7, 0x32, 0x22, 0x02
    .byte 0x29, 0x00, 0xdc, 0x32, 0x00, 0x05, 0x00, 0x00, 0x00, 0x14, 0xc7, 0x32, 0x22, 0x02, 0x03, 0x00
    .byte 0x0a, 0x00, 0x00, 0x00, 0x26, 0x00, 0x1c, 0x2c, 0x8a, 0x03, 0x00, 0x00, 0x15, 0x37, 0x18, 0x70
    .byte 0x14, 0x3f, 0x33, 0x22, 0x02, 0x2c, 0x3d, 0x03, 0x00, 0x00, 0x15, 0x35, 0x2c, 0x09, 0x00, 0x00
    .byte 0x00, 0x2c, 0x58, 0x02, 0x00, 0x00, 0x2c, 0xff, 0xff, 0xff, 0xff, 0x15, 0xdd, 0x18, 0x70, 0x17
    .byte 0x00, 0x15, 0x35, 0x03, 0x00, 0x58, 0x02, 0x00, 0x00, 0x26, 0x00, 0x15, 0x2c, 0xf8, 0x03, 0x00
    .byte 0x00, 0x15, 0x35, 0x15, 0x1f, 0x18, 0x70, 0x26, 0x00, 0x69, 0x15, 0x20, 0x18, 0x70, 0x26, 0x00
    .byte 0x6a, 0x15, 0x27, 0x18, 0x70, 0x26, 0x00, 0x6b, 0x2c, 0x1b, 0x00, 0x00, 0x00, 0x15, 0x31, 0x18
    .byte 0x70, 0x26, 0x00, 0xbe, 0x2c, 0x45, 0x00, 0x00, 0x00, 0x2c, 0x00, 0x01, 0x00, 0x00, 0x2c, 0x00
    .byte 0x01, 0x00, 0x00, 0x20, 0x00, 0x00, 0x15, 0x4a, 0x15, 0x0d, 0x25, 0xed, 0x33, 0x22, 0x02, 0x2c
    .byte 0x01, 0x00, 0x00, 0x00, 0x2c, 0x03, 0x00, 0x00, 0x00, 0x15, 0x4b, 0x2c, 0x01, 0x00, 0x00, 0x00
    .byte 0x15, 0x4c, 0x18, 0x70, 0x32, 0x00, 0x00, 0x00, 0x00, 0x00, 0x13, 0x64, 0x33, 0x22, 0x02, 0x01
    .byte 0x4b, 0x33, 0x22, 0x02, 0x15, 0x1f, 0x18, 0x70, 0x17, 0x00, 0x15, 0x20, 0x18, 0x70, 0x17, 0x00
    .byte 0x15, 0x1e, 0x18, 0x70, 0x17, 0x00, 0x15, 0x45, 0x29, 0x00, 0xdc, 0x32, 0x00, 0x00, 0x00, 0x00
    .byte 0x00, 0x14, 0xb3, 0x33, 0x22, 0x02, 0x15, 0x8b, 0x18, 0x70, 0x32, 0x00, 0x00, 0x00, 0x00, 0x00
    .byte 0x13, 0x9a, 0x33, 0x22, 0x02, 0x01, 0x86, 0x33, 0x22, 0x02, 0x2c, 0x48, 0x02, 0x00, 0x00, 0x2c
    .byte 0x01, 0x00, 0x00, 0x00, 0x20, 0x00, 0x00, 0x20, 0x00, 0x00, 0x15, 0xb8, 0x15, 0x5a, 0x25, 0xdb
    .byte 0x33, 0x22, 0x02, 0x15, 0x8b, 0x18, 0x70, 0x32, 0x00, 0x00, 0x00, 0x00, 0x00, 0x13, 0xc7, 0x33
    .byte 0x22, 0x02, 0x01, 0xb3, 0x33, 0x22, 0x02, 0x2c, 0x46, 0x02, 0x00, 0x00, 0x2c, 0x01, 0x00, 0x00
    .byte 0x00, 0x20, 0x00, 0x00, 0x20, 0x00, 0x00, 0x15, 0xb8, 0x15, 0x5a, 0x2c, 0x1b, 0x00, 0x00, 0x00
    .byte 0x15, 0x31, 0x18, 0x70, 0x17, 0x00, 0x2c, 0xee, 0x33, 0x22, 0x02, 0x15, 0x39, 0x00, 0x2c, 0x01
    .byte 0x00, 0x00, 0x00, 0x2c, 0x5c, 0x34, 0x22, 0x02, 0x15, 0x29, 0x2c, 0x01, 0x00, 0x00, 0x00, 0x15
    .byte 0xd7, 0x20, 0x00, 0x00, 0x15, 0x18, 0x20, 0x00, 0x00, 0x15, 0x19, 0x2c, 0x3d, 0x11, 0x00, 0x00
    .byte 0x2c, 0x37, 0x11, 0x00, 0x00, 0x2c, 0x3e, 0x11, 0x00, 0x00, 0x2c, 0x02, 0x00, 0x00, 0x00, 0x20
    .byte 0x00, 0x00, 0x15, 0x73, 0x2c, 0x01, 0x00, 0x00, 0x00, 0x2c, 0xe0, 0xff, 0xff, 0xff, 0x2c, 0xf8
    .byte 0xff, 0xff, 0xff, 0x2c, 0x20, 0x00, 0x00, 0x00, 0x2c, 0x08, 0x00, 0x00, 0x00, 0x15, 0xd8, 0x2c
    .byte 0x01, 0x00, 0x00, 0x00, 0x15, 0x06, 0x2c, 0x06, 0x00, 0x00, 0x00, 0x15, 0x31, 0x18, 0x70, 0x14
    .byte 0x59, 0x34, 0x22, 0x02, 0x01, 0x46, 0x34, 0x22, 0x02, 0x15, 0x0d, 0x00, 0x2c, 0x1b, 0x00, 0x00
    .byte 0x00, 0x15, 0x31, 0x18, 0x70, 0x26, 0x00, 0x58, 0x20, 0x00, 0x00, 0x2c, 0x90, 0xe1, 0x21, 0x02
    .byte 0x15, 0x39, 0x20, 0x00, 0x00, 0x15, 0x42, 0x18, 0x70, 0x32, 0x00, 0x00, 0x00, 0x00, 0x00, 0x14
    .byte 0x89, 0x34, 0x22, 0x02, 0x01, 0x72, 0x34, 0x22, 0x02, 0x2c, 0x01, 0x00, 0x00, 0x00, 0x15, 0x45
    .byte 0x15, 0x8b, 0x18, 0x70, 0x32, 0x00, 0x00, 0x00, 0x00, 0x00, 0x13, 0xa4, 0x34, 0x22, 0x02, 0x01
    .byte 0x90, 0x34, 0x22, 0x02, 0x2c, 0x49, 0x02, 0x00, 0x00, 0x2c, 0x01, 0x00, 0x00, 0x00, 0x20, 0x00
    .byte 0x00, 0x20, 0x00, 0x00, 0x15, 0xb8, 0x15, 0x5a, 0x20, 0x00, 0x00, 0x15, 0x05, 0x2c, 0x01, 0x00
    .byte 0x00, 0x00, 0x15, 0x06, 0x2c, 0x1b, 0x00, 0x00, 0x00, 0x15, 0x31, 0x18, 0x70, 0x17, 0x00, 0x2c
    .byte 0x46, 0x34, 0x22, 0x02, 0x15, 0x39, 0x00, 0x2c, 0x92, 0x09, 0x00, 0x00, 0x15, 0x07, 0x15, 0x08
    .byte 0x2c, 0x01, 0x00, 0x00, 0x00, 0x15, 0x2b, 0x2c, 0x66, 0x00, 0x00, 0x00, 0x2c, 0xa7, 0x01, 0x00
    .byte 0x00, 0x20, 0x00, 0x00, 0x2c, 0x00, 0x14, 0x00, 0x00, 0x2c, 0x05, 0x00, 0x00, 0x00, 0x20, 0x00
    .byte 0x00, 0x15, 0x1a, 0x15, 0x22, 0x18, 0x70, 0x14, 0x30, 0x35, 0x22, 0x02, 0x2c, 0xee, 0x03, 0x00
    .byte 0x00, 0x15, 0x37, 0x18, 0x70, 0x14, 0x26, 0x35, 0x22, 0x02, 0x2c, 0x01, 0x00, 0x00, 0x00, 0x15
    .byte 0x7d, 0x25, 0x2b, 0x35, 0x22, 0x02, 0x20, 0x00, 0x00, 0x15, 0x7d, 0x01, 0x03, 0x35, 0x22, 0x02
    .byte 0x15, 0x28, 0x2c, 0x01, 0x00, 0x00, 0x00, 0x15, 0x2b, 0x2c, 0x66, 0x00, 0x00, 0x00, 0x2c, 0x81
    .byte 0x01, 0x00, 0x00, 0x20, 0x00, 0x00, 0x2c, 0x00, 0x14, 0x00, 0x00, 0x2c, 0x05, 0x00, 0x00, 0x00
    .byte 0x20, 0x00, 0x00, 0x15, 0x1a, 0x15, 0x22, 0x18, 0x70, 0x14, 0x82, 0x35, 0x22, 0x02, 0x2c, 0xee
    .byte 0x03, 0x00, 0x00, 0x15, 0x37, 0x18, 0x70, 0x14, 0x78, 0x35, 0x22, 0x02, 0x2c, 0x01, 0x00, 0x00
    .byte 0x00, 0x15, 0x7d, 0x25, 0x7d, 0x35, 0x22, 0x02, 0x20, 0x00, 0x00, 0x15, 0x7d, 0x01, 0x55, 0x35
    .byte 0x22, 0x02, 0x15, 0x28, 0x2c, 0x01, 0x00, 0x00, 0x00, 0x15, 0x2b, 0x2c, 0x20, 0x00, 0x00, 0x00
    .byte 0x2c, 0x81, 0x01, 0x00, 0x00, 0x20, 0x00, 0x00, 0x2c, 0x00, 0x14, 0x00, 0x00, 0x2c, 0x05, 0x00
    .byte 0x00, 0x00, 0x20, 0x00, 0x00, 0x15, 0x1a, 0x15, 0x22, 0x18, 0x70, 0x14, 0xd4, 0x35, 0x22, 0x02
    .byte 0x2c, 0xee, 0x03, 0x00, 0x00, 0x15, 0x37, 0x18, 0x70, 0x14, 0xca, 0x35, 0x22, 0x02, 0x2c, 0x01
    .byte 0x00, 0x00, 0x00, 0x15, 0x7d, 0x25, 0xcf, 0x35, 0x22, 0x02, 0x20, 0x00, 0x00, 0x15, 0x7d, 0x01
    .byte 0xa7, 0x35, 0x22, 0x02, 0x15, 0x28, 0x2c, 0x01, 0x00, 0x00, 0x00, 0x15, 0xa9, 0x20, 0x00, 0x00
    .byte 0x15, 0x18, 0x20, 0x00, 0x00, 0x15, 0x19, 0x2c, 0x01, 0x00, 0x00, 0x00, 0x20, 0x00, 0x00, 0x15
    .byte 0x29, 0x2c, 0x02, 0x00, 0x00, 0x00, 0x20, 0x00, 0x00, 0x15, 0x29, 0x2c, 0x01, 0x00, 0x00, 0x00
    .byte 0x15, 0x2b, 0x2c, 0xf0, 0xff, 0xff, 0xff, 0x2c, 0x81, 0x01, 0x00, 0x00, 0x20, 0x00, 0x00, 0x2c
    .byte 0x00, 0x14, 0x00, 0x00, 0x2c, 0x05, 0x00, 0x00, 0x00, 0x20, 0x00, 0x00, 0x15, 0x1a, 0x15, 0x22
    .byte 0x18, 0x70, 0x14, 0x4b, 0x36, 0x22, 0x02, 0x2c, 0xee, 0x03, 0x00, 0x00, 0x15, 0x37, 0x18, 0x70
    .byte 0x14, 0x41, 0x36, 0x22, 0x02, 0x2c, 0x01, 0x00, 0x00, 0x00, 0x15, 0x7d, 0x25, 0x46, 0x36, 0x22
    .byte 0x02, 0x20, 0x00, 0x00, 0x15, 0x7d, 0x01, 0x1e, 0x36, 0x22, 0x02, 0x15, 0x28, 0x15, 0x0d, 0x00
    .byte 0x2c, 0xf9, 0x02, 0x00, 0x00, 0x2c, 0xd5, 0x01, 0x00, 0x00, 0x20, 0x00, 0x00, 0x15, 0x02, 0x03
    .byte 0x00, 0x01, 0x00, 0x00, 0x00, 0x32, 0x00, 0x00, 0x00, 0x00, 0x00, 0x14, 0x7e, 0x36, 0x22, 0x02
    .byte 0x03, 0x00, 0x5a, 0x02, 0x00, 0x00, 0x28, 0x00, 0x00, 0x25, 0xa6, 0x36, 0x22, 0x02, 0x03, 0x00
    .byte 0x01, 0x00, 0x00, 0x00, 0x32, 0x00, 0x01, 0x00, 0x00, 0x00, 0x14, 0x9d, 0x36, 0x22, 0x02, 0x03
    .byte 0x00, 0x58, 0x02, 0x00, 0x00, 0x28, 0x00, 0x00, 0x25, 0xa6, 0x36, 0x22, 0x02, 0x03, 0x00, 0x59
    .byte 0x02, 0x00, 0x00, 0x28, 0x00, 0x00, 0x29, 0x00, 0x15, 0x2b, 0x01, 0x00, 0x1c, 0x10, 0x14, 0x4a
    .byte 0x37, 0x22, 0x02, 0x29, 0x00, 0xfd, 0x32, 0x00, 0x45, 0x00, 0x00, 0x00, 0x14, 0x4a, 0x37, 0x22
    .byte 0x02, 0x2c, 0x00, 0x04, 0x00, 0x00, 0x15, 0x37, 0x18, 0x70, 0x14, 0xd4, 0x36, 0x22, 0x02, 0x01
    .byte 0xc1, 0x36, 0x22, 0x02, 0x2c, 0xee, 0x03, 0x00, 0x00, 0x15, 0x37, 0x18, 0x70, 0x14, 0xe7, 0x36
    .byte 0x22, 0x02, 0x01, 0xd4, 0x36, 0x22, 0x02, 0x2c, 0x02, 0x00, 0x00, 0x00, 0x15, 0x9b, 0x18, 0x70
    .byte 0x32, 0x00, 0x00, 0x00, 0x00, 0x00, 0x14, 0x00, 0x37, 0x22, 0x02, 0x01, 0xe7, 0x36, 0x22, 0x02
    .byte 0x20, 0x00, 0x00, 0x15, 0x9b, 0x18, 0x70, 0x14, 0x20, 0x37, 0x22, 0x02, 0x20, 0x00, 0x00, 0x2c
    .byte 0xff, 0xff, 0xff, 0xff, 0x2c, 0xff, 0xff, 0xff, 0xff, 0x2c, 0xff, 0xff, 0xff, 0xff, 0x15, 0x89
    .byte 0x20, 0x00, 0x00, 0x15, 0x07, 0x15, 0x08, 0x29, 0x00, 0xbe, 0x2c, 0x1b, 0x00, 0x00, 0x00, 0x15
    .byte 0x31, 0x18, 0x71, 0x1f, 0x10, 0x14, 0x3d, 0x37, 0x22, 0x02, 0x15, 0x0d, 0x00, 0x2c, 0x03, 0x00
    .byte 0x00, 0x00, 0x2c, 0xf2, 0x1f, 0x22, 0x02, 0x15, 0x29, 0x00, 0x29, 0x00, 0xfe, 0x32, 0x00, 0x30
    .byte 0x00, 0x00, 0x00, 0x14, 0x6e, 0x37, 0x22, 0x02, 0x2c, 0x02, 0x00, 0x00, 0x00, 0x2c, 0x77, 0x00
    .byte 0x00, 0x00, 0x15, 0xef, 0x18, 0x70, 0x14, 0x6e, 0x37, 0x22, 0x02, 0x15, 0x0d, 0x00, 0x29, 0x00
    .byte 0xfe, 0x32, 0x00, 0x31, 0x00, 0x00, 0x00, 0x14, 0x92, 0x37, 0x22, 0x02, 0x2c, 0x02, 0x00, 0x00
    .byte 0x00, 0x2c, 0x77, 0x00, 0x00, 0x00, 0x15, 0xef, 0x18, 0x70, 0x14, 0x92, 0x37, 0x22, 0x02, 0x15
    .byte 0x0d, 0x00, 0x29, 0x00, 0xfe, 0x32, 0x00, 0x32, 0x00, 0x00, 0x00, 0x14, 0xb6, 0x37, 0x22, 0x02
    .byte 0x2c, 0x02, 0x00, 0x00, 0x00, 0x2c, 0x77, 0x00, 0x00, 0x00, 0x15, 0xef, 0x18, 0x70, 0x14, 0xb6
    .byte 0x37, 0x22, 0x02, 0x15, 0x0d, 0x00, 0x29, 0x00, 0xfe, 0x32, 0x00, 0x33, 0x00, 0x00, 0x00, 0x14
    .byte 0xda, 0x37, 0x22, 0x02, 0x2c, 0x02, 0x00, 0x00, 0x00, 0x2c, 0x77, 0x00, 0x00, 0x00, 0x15, 0xef
    .byte 0x18, 0x70, 0x14, 0xda, 0x37, 0x22, 0x02, 0x15, 0x0d, 0x00, 0x29, 0x00, 0xfe, 0x32, 0x00, 0x34
    .byte 0x00, 0x00, 0x00, 0x14, 0xfe, 0x37, 0x22, 0x02, 0x2c, 0x02, 0x00, 0x00, 0x00, 0x2c, 0x77, 0x00
    .byte 0x00, 0x00, 0x15, 0xef, 0x18, 0x70, 0x14, 0xfe, 0x37, 0x22, 0x02, 0x15, 0x0d, 0x00, 0x29, 0x00
    .byte 0xfe, 0x32, 0x00, 0x35, 0x00, 0x00, 0x00, 0x14, 0x22, 0x38, 0x22, 0x02, 0x2c, 0x02, 0x00, 0x00
    .byte 0x00, 0x2c, 0x77, 0x00, 0x00, 0x00, 0x15, 0xef, 0x18, 0x70, 0x14, 0x22, 0x38, 0x22, 0x02, 0x15
    .byte 0x0d, 0x00, 0x29, 0x00, 0xfe, 0x32, 0x00, 0x2b, 0x00, 0x00, 0x00, 0x14, 0x47, 0x38, 0x22, 0x02
    .byte 0x2c, 0x60, 0x01, 0x00, 0x00, 0x15, 0x37, 0x18, 0x70, 0x32, 0x00, 0x00, 0x00, 0x00, 0x00, 0x14
    .byte 0x47, 0x38, 0x22, 0x02, 0x15, 0x0d, 0x00, 0x20, 0x00, 0x00, 0x15, 0x94, 0x18, 0x70, 0x14, 0x56
    .byte 0x38, 0x22, 0x02, 0x15, 0x0d, 0x00, 0x20, 0x00, 0x00, 0x2c, 0xff, 0xff, 0xff, 0xff, 0x2c, 0xff
    .byte 0xff, 0xff, 0xff, 0x15, 0xdd, 0x18, 0x70, 0x14, 0xc9, 0x38, 0x22, 0x02, 0x2c, 0x01, 0x00, 0x00
    .byte 0x00, 0x2c, 0xff, 0xff, 0xff, 0xff, 0x2c, 0xff, 0xff, 0xff, 0xff, 0x15, 0xdd, 0x18, 0x70, 0x32
    .byte 0x00, 0x58, 0x02, 0x00, 0x00, 0x13, 0xc6, 0x38, 0x22, 0x02, 0x2c, 0x01, 0x00, 0x00, 0x00, 0x2c
    .byte 0xff, 0xff, 0xff, 0xff, 0x2c, 0xff, 0xff, 0xff, 0xff, 0x15, 0xdd, 0x18, 0x70, 0x32, 0x00, 0x59
    .byte 0x02, 0x00, 0x00, 0x13, 0xc6, 0x38, 0x22, 0x02, 0x2c, 0x01, 0x00, 0x00, 0x00, 0x2c, 0xff, 0xff
    .byte 0xff, 0xff, 0x2c, 0xff, 0xff, 0xff, 0xff, 0x15, 0xdd, 0x18, 0x70, 0x32, 0x00, 0x5a, 0x02, 0x00
    .byte 0x00, 0x14, 0xc9, 0x38, 0x22, 0x02, 0x15, 0x0d, 0x00, 0x03, 0x00, 0x00, 0x00, 0x00, 0x00, 0x28
    .byte 0x00, 0x00, 0x29, 0x00, 0x06, 0x29, 0x01, 0xfe, 0x1c, 0x10, 0x14, 0xeb, 0x38, 0x22, 0x02, 0x2b
    .byte 0x00, 0x00, 0x05, 0x00, 0x01, 0x00, 0x00, 0x00, 0x28, 0x00, 0x00, 0x29, 0x00, 0x07, 0x32, 0x00
    .byte 0x01, 0x00, 0x00, 0x00, 0x14, 0x05, 0x39, 0x22, 0x02, 0x2b, 0x00, 0x00, 0x05, 0x00, 0x01, 0x00
    .byte 0x00, 0x00, 0x28, 0x00, 0x00, 0x03, 0x00, 0x31, 0x00, 0x00, 0x00, 0x32, 0x00, 0x00, 0x10, 0x00
    .byte 0x00, 0x14, 0x27, 0x39, 0x22, 0x02, 0x2b, 0x00, 0x00, 0x05, 0x00, 0x01, 0x00, 0x00, 0x00, 0x28
    .byte 0x00, 0x00, 0x25, 0xaf, 0x39, 0x22, 0x02, 0x03, 0x00, 0x31, 0x00, 0x00, 0x00, 0x32, 0x00, 0x00
    .byte 0x00, 0x00, 0x00, 0x14, 0x65, 0x39, 0x22, 0x02, 0x29, 0x00, 0xfd, 0x31, 0x00, 0x8c, 0x00, 0x00
    .byte 0x00, 0x14, 0x60, 0x39, 0x22, 0x02, 0x29, 0x00, 0xfd, 0x33, 0x00, 0x96, 0x00, 0x00, 0x00, 0x14
    .byte 0x60, 0x39, 0x22, 0x02, 0x2b, 0x00, 0x00, 0x05, 0x00, 0x01, 0x00, 0x00, 0x00, 0x28, 0x00, 0x00
    .byte 0x25, 0xaf, 0x39, 0x22, 0x02, 0x29, 0x00, 0xfd, 0x32, 0x00, 0x31, 0x00, 0x00, 0x00, 0x14, 0x84
    .byte 0x39, 0x22, 0x02, 0x2b, 0x00, 0x00, 0x05, 0x00, 0x01, 0x00, 0x00, 0x00, 0x28, 0x00, 0x00, 0x25
    .byte 0xaf, 0x39, 0x22, 0x02, 0x03, 0x00, 0x31, 0x00, 0x00, 0x00, 0x34, 0x00, 0x00, 0x00, 0x00, 0x00
    .byte 0x14, 0xaf, 0x39, 0x22, 0x02, 0x29, 0x00, 0xfd, 0x35, 0x00, 0xcf, 0xff, 0xff, 0xff, 0x14, 0xaf
    .byte 0x39, 0x22, 0x02, 0x2b, 0x00, 0x00, 0x05, 0x00, 0x01, 0x00, 0x00, 0x00, 0x28, 0x00, 0x00, 0x2b
    .byte 0x00, 0x00, 0x34, 0x00, 0x03, 0x00, 0x00, 0x00, 0x14, 0xc0, 0x39, 0x22, 0x02, 0x15, 0x0d, 0x00
    .byte 0x2c, 0x01, 0x00, 0x00, 0x00, 0x15, 0x09, 0x20, 0x00, 0x00, 0x2c, 0x18, 0x00, 0x00, 0x00, 0x15
    .byte 0x32, 0x2c, 0x01, 0x00, 0x00, 0x00, 0x2c, 0x10, 0x00, 0x00, 0x00, 0x15, 0x32, 0x2c, 0x01, 0x00
    .byte 0x00, 0x00, 0x2c, 0xec, 0xff, 0xff, 0xff, 0x2c, 0xf0, 0xff, 0xff, 0xff, 0x2c, 0x14, 0x00, 0x00
    .byte 0x00, 0x2c, 0x10, 0x00, 0x00, 0x00, 0x15, 0xd8, 0x2c, 0x36, 0x11, 0x00, 0x00, 0x2c, 0x37, 0x11
    .byte 0x00, 0x00, 0x2c, 0x38, 0x11, 0x00, 0x00, 0x2c, 0x02, 0x00, 0x00, 0x00, 0x2c, 0x12, 0x00, 0x00
    .byte 0x00, 0x15, 0x73, 0x2c, 0x01, 0x00, 0x00, 0x00, 0x15, 0x06, 0x03, 0x00, 0xff, 0xff, 0xff, 0xff
    .byte 0x26, 0x00, 0x06, 0x2c, 0x02, 0x00, 0x00, 0x00, 0x2c, 0x47, 0x3a, 0x22, 0x02, 0x15, 0x29, 0x2c
    .byte 0x01, 0x00, 0x00, 0x00, 0x2c, 0x47, 0x3a, 0x22, 0x02, 0x15, 0x29, 0x2c, 0x01, 0x00, 0x00, 0x00
    .byte 0x15, 0xd7, 0x01, 0x44, 0x3e, 0x22, 0x02, 0x15, 0x28, 0x2c, 0x02, 0x00, 0x00, 0x00, 0x20, 0x00
    .byte 0x00, 0x15, 0x29, 0x2c, 0x01, 0x00, 0x00, 0x00, 0x20, 0x00, 0x00, 0x15, 0x29, 0x20, 0x00, 0x00
    .byte 0x15, 0xd7, 0x2c, 0x1b, 0x00, 0x00, 0x00, 0x15, 0x31, 0x18, 0x70, 0x26, 0x00, 0x58, 0x20, 0x00
    .byte 0x00, 0x2c, 0x90, 0xe1, 0x21, 0x02, 0x15, 0x39, 0x20, 0x00, 0x00, 0x15, 0x42, 0x18, 0x70, 0x32
    .byte 0x00, 0x00, 0x00, 0x00, 0x00, 0x14, 0x8f, 0x3a, 0x22, 0x02, 0x01, 0x78, 0x3a, 0x22, 0x02, 0x2c
    .byte 0x3b, 0x11, 0x00, 0x00, 0x2c, 0x37, 0x11, 0x00, 0x00, 0x2c, 0x3c, 0x11, 0x00, 0x00, 0x2c, 0x02
    .byte 0x00, 0x00, 0x00, 0x15, 0x1f, 0x18, 0x70, 0x17, 0x00, 0x15, 0x20, 0x18, 0x70, 0x17, 0x00, 0x15
    .byte 0x1e, 0x18, 0x70, 0x17, 0x00, 0x15, 0x73, 0x15, 0x1f, 0x18, 0x70, 0x17, 0x00, 0x15, 0x20, 0x18
    .byte 0x70, 0x17, 0x00, 0x15, 0x1e, 0x18, 0x70, 0x17, 0x00, 0x15, 0x45, 0x15, 0x8b, 0x18, 0x70, 0x32
    .byte 0x00, 0x00, 0x00, 0x00, 0x00, 0x13, 0xdf, 0x3a, 0x22, 0x02, 0x01, 0xcb, 0x3a, 0x22, 0x02, 0x2c
    .byte 0x44, 0x02, 0x00, 0x00, 0x2c, 0x01, 0x00, 0x00, 0x00, 0x20, 0x00, 0x00, 0x20, 0x00, 0x00, 0x15
    .byte 0xb8, 0x15, 0x5a, 0x20, 0x00, 0x00, 0x2c, 0xff, 0xff, 0xff, 0xff, 0x2c, 0xff, 0xff, 0xff, 0xff
    .byte 0x15, 0xdd, 0x18, 0x70, 0x14, 0xc0, 0x3b, 0x22, 0x02, 0x15, 0x1f, 0x18, 0x70, 0x17, 0x00, 0x15
    .byte 0x20, 0x18, 0x70, 0x17, 0x00, 0x15, 0x1e, 0x18, 0x70, 0x17, 0x00, 0x15, 0x45, 0x03, 0x00, 0xec
    .byte 0xff, 0xff, 0xff, 0x26, 0x00, 0xe1, 0x15, 0x8b, 0x18, 0x70, 0x32, 0x00, 0x00, 0x00, 0x00, 0x00
    .byte 0x13, 0x3a, 0x3b, 0x22, 0x02, 0x01, 0x26, 0x3b, 0x22, 0x02, 0x2c, 0x45, 0x02, 0x00, 0x00, 0x2c
    .byte 0x01, 0x00, 0x00, 0x00, 0x20, 0x00, 0x00, 0x20, 0x00, 0x00, 0x2c, 0x01, 0x00, 0x00, 0x00, 0x15
    .byte 0xe7, 0x2c, 0x01, 0x00, 0x00, 0x00, 0x15, 0x07, 0x15, 0x08, 0x03, 0x00, 0x00, 0x00, 0x00, 0x00
    .byte 0x26, 0x00, 0xe1, 0x2c, 0xea, 0x03, 0x00, 0x00, 0x15, 0x37, 0x18, 0x70, 0x13, 0xc0, 0x3b, 0x22
    .byte 0x02, 0x15, 0x1f, 0x18, 0x70, 0x17, 0x00, 0x15, 0x20, 0x18, 0x70, 0x17, 0x00, 0x15, 0x1e, 0x18
    .byte 0x70, 0x17, 0x00, 0x15, 0x45, 0x15, 0x8b, 0x18, 0x70, 0x32, 0x00, 0x00, 0x00, 0x00, 0x00, 0x13
    .byte 0x99, 0x3b, 0x22, 0x02, 0x01, 0x85, 0x3b, 0x22, 0x02, 0x2c, 0x48, 0x02, 0x00, 0x00, 0x2c, 0x01
    .byte 0x00, 0x00, 0x00, 0x20, 0x00, 0x00, 0x20, 0x00, 0x00, 0x15, 0xb8, 0x15, 0x5a, 0x2c, 0x1b, 0x00
    .byte 0x00, 0x00, 0x15, 0x31, 0x18, 0x70, 0x17, 0x00, 0x2c, 0x5b, 0x3d, 0x22, 0x02, 0x15, 0x39, 0x00
    .byte 0x2c, 0x1e, 0x00, 0x00, 0x00, 0x15, 0x07, 0x15, 0x08, 0x2c, 0xba, 0x03, 0x00, 0x00, 0x15, 0x35
    .byte 0x2c, 0x17, 0x00, 0x00, 0x00, 0x2c, 0x1f, 0x08, 0x00, 0x00, 0x15, 0x78, 0x2c, 0x01, 0x00, 0x00
    .byte 0x00, 0x15, 0x07, 0x15, 0x08, 0x29, 0x00, 0xdc, 0x32, 0x00, 0x03, 0x00, 0x00, 0x00, 0x14, 0x01
    .byte 0x3c, 0x22, 0x02, 0x03, 0x00, 0x00, 0x00, 0x00, 0x00, 0x26, 0x00, 0x1c, 0x25, 0x34, 0x3c, 0x22
    .byte 0x02, 0x29, 0x00, 0xdc, 0x32, 0x00, 0x04, 0x00, 0x00, 0x00, 0x14, 0x1d, 0x3c, 0x22, 0x02, 0x03
    .byte 0x00, 0x05, 0x00, 0x00, 0x00, 0x26, 0x00, 0x1c, 0x25, 0x34, 0x3c, 0x22, 0x02, 0x29, 0x00, 0xdc
    .byte 0x32, 0x00, 0x05, 0x00, 0x00, 0x00, 0x14, 0x34, 0x3c, 0x22, 0x02, 0x03, 0x00, 0x0a, 0x00, 0x00
    .byte 0x00, 0x26, 0x00, 0x1c, 0x2c, 0x8a, 0x03, 0x00, 0x00, 0x15, 0x37, 0x18, 0x70, 0x14, 0xac, 0x3c
    .byte 0x22, 0x02, 0x2c, 0x3d, 0x03, 0x00, 0x00, 0x15, 0x35, 0x2c, 0x09, 0x00, 0x00, 0x00, 0x2c, 0x58
    .byte 0x02, 0x00, 0x00, 0x2c, 0xff, 0xff, 0xff, 0xff, 0x15, 0xdd, 0x18, 0x70, 0x17, 0x00, 0x15, 0x35
    .byte 0x03, 0x00, 0x58, 0x02, 0x00, 0x00, 0x26, 0x00, 0x15, 0x2c, 0xf8, 0x03, 0x00, 0x00, 0x15, 0x35
    .byte 0x15, 0x1f, 0x18, 0x70, 0x26, 0x00, 0x69, 0x15, 0x20, 0x18, 0x70, 0x26, 0x00, 0x6a, 0x15, 0x27
    .byte 0x18, 0x70, 0x26, 0x00, 0x6b, 0x2c, 0x1b, 0x00, 0x00, 0x00, 0x15, 0x31, 0x18, 0x70, 0x26, 0x00
    .byte 0xbe, 0x2c, 0x45, 0x00, 0x00, 0x00, 0x2c, 0x00, 0x01, 0x00, 0x00, 0x2c, 0x00, 0x01, 0x00, 0x00
    .byte 0x20, 0x00, 0x00, 0x15, 0x4a, 0x15, 0x0d, 0x25, 0x5a, 0x3d, 0x22, 0x02, 0x2c, 0x01, 0x00, 0x00
    .byte 0x00, 0x2c, 0x03, 0x00, 0x00, 0x00, 0x15, 0x4b, 0x2c, 0x01, 0x00, 0x00, 0x00, 0x15, 0x4c, 0x18
    .byte 0x70, 0x32, 0x00, 0x00, 0x00, 0x00, 0x00, 0x13, 0xd1, 0x3c, 0x22, 0x02, 0x01, 0xb8, 0x3c, 0x22
    .byte 0x02, 0x15, 0x1f, 0x18, 0x70, 0x17, 0x00, 0x15, 0x20, 0x18, 0x70, 0x17, 0x00, 0x15, 0x1e, 0x18
    .byte 0x70, 0x17, 0x00, 0x15, 0x45, 0x29, 0x00, 0xdc, 0x32, 0x00, 0x00, 0x00, 0x00, 0x00, 0x14, 0x20
    .byte 0x3d, 0x22, 0x02, 0x15, 0x8b, 0x18, 0x70, 0x32, 0x00, 0x00, 0x00, 0x00, 0x00, 0x13, 0x07, 0x3d
    .byte 0x22, 0x02, 0x01, 0xf3, 0x3c, 0x22, 0x02, 0x2c, 0x48, 0x02, 0x00, 0x00, 0x2c, 0x01, 0x00, 0x00
    .byte 0x00, 0x20, 0x00, 0x00, 0x20, 0x00, 0x00, 0x15, 0xb8, 0x15, 0x5a, 0x25, 0x48, 0x3d, 0x22, 0x02
    .byte 0x15, 0x8b, 0x18, 0x70, 0x32, 0x00, 0x00, 0x00, 0x00, 0x00, 0x13, 0x34, 0x3d, 0x22, 0x02, 0x01
    .byte 0x20, 0x3d, 0x22, 0x02, 0x2c, 0x46, 0x02, 0x00, 0x00, 0x2c, 0x01, 0x00, 0x00, 0x00, 0x20, 0x00
    .byte 0x00, 0x20, 0x00, 0x00, 0x15, 0xb8, 0x15, 0x5a, 0x2c, 0x1b, 0x00, 0x00, 0x00, 0x15, 0x31, 0x18
    .byte 0x70, 0x17, 0x00, 0x2c, 0x5b, 0x3d, 0x22, 0x02, 0x15, 0x39, 0x00, 0x2c, 0x01, 0x00, 0x00, 0x00
    .byte 0x2c, 0xc9, 0x3d, 0x22, 0x02, 0x15, 0x29, 0x2c, 0x01, 0x00, 0x00, 0x00, 0x15, 0xd7, 0x20, 0x00
    .byte 0x00, 0x15, 0x18, 0x20, 0x00, 0x00, 0x15, 0x19, 0x2c, 0x3d, 0x11, 0x00, 0x00, 0x2c, 0x37, 0x11
    .byte 0x00, 0x00, 0x2c, 0x3e, 0x11, 0x00, 0x00, 0x2c, 0x02, 0x00, 0x00, 0x00, 0x20, 0x00, 0x00, 0x15
    .byte 0x73, 0x2c, 0x01, 0x00, 0x00, 0x00, 0x2c, 0xe0, 0xff, 0xff, 0xff, 0x2c, 0xf8, 0xff, 0xff, 0xff
    .byte 0x2c, 0x20, 0x00, 0x00, 0x00, 0x2c, 0x08, 0x00, 0x00, 0x00, 0x15, 0xd8, 0x2c, 0x01, 0x00, 0x00
    .byte 0x00, 0x15, 0x06, 0x2c, 0x06, 0x00, 0x00, 0x00, 0x15, 0x31, 0x18, 0x70, 0x14, 0xc6, 0x3d, 0x22
    .byte 0x02, 0x01, 0xb3, 0x3d, 0x22, 0x02, 0x15, 0x0d, 0x00, 0x2c, 0x1b, 0x00, 0x00, 0x00, 0x15, 0x31
    .byte 0x18, 0x70, 0x26, 0x00, 0x58, 0x20, 0x00, 0x00, 0x2c, 0x90, 0xe1, 0x21, 0x02, 0x15, 0x39, 0x20
    .byte 0x00, 0x00, 0x15, 0x42, 0x18, 0x70, 0x32, 0x00, 0x00, 0x00, 0x00, 0x00, 0x14, 0xf6, 0x3d, 0x22
    .byte 0x02, 0x01, 0xdf, 0x3d, 0x22, 0x02, 0x2c, 0x01, 0x00, 0x00, 0x00, 0x15, 0x45, 0x15, 0x8b, 0x18
    .byte 0x70, 0x32, 0x00, 0x00, 0x00, 0x00, 0x00, 0x13, 0x11, 0x3e, 0x22, 0x02, 0x01, 0xfd, 0x3d, 0x22
    .byte 0x02, 0x2c, 0x49, 0x02, 0x00, 0x00, 0x2c, 0x01, 0x00, 0x00, 0x00, 0x20, 0x00, 0x00, 0x20, 0x00
    .byte 0x00, 0x15, 0xb8, 0x15, 0x5a, 0x20, 0x00, 0x00, 0x15, 0x05, 0x2c, 0x01, 0x00, 0x00, 0x00, 0x15
    .byte 0x06, 0x2c, 0x1b, 0x00, 0x00, 0x00, 0x15, 0x31, 0x18, 0x70, 0x17, 0x00, 0x2c, 0xb3, 0x3d, 0x22
    .byte 0x02, 0x15, 0x39, 0x00, 0x2c, 0x92, 0x09, 0x00, 0x00, 0x15, 0x07, 0x15, 0x08, 0x2c, 0x01, 0x00
    .byte 0x00, 0x00, 0x15, 0x2b, 0x2c, 0xad, 0x03, 0x00, 0x00, 0x2c, 0xd5, 0x01, 0x00, 0x00, 0x20, 0x00
    .byte 0x00, 0x2c, 0x00, 0x14, 0x00, 0x00, 0x2c, 0x05, 0x00, 0x00, 0x00, 0x20, 0x00, 0x00, 0x15, 0x1a
    .byte 0x15, 0x22, 0x18, 0x70, 0x14, 0x9d, 0x3e, 0x22, 0x02, 0x2c, 0xee, 0x03, 0x00, 0x00, 0x15, 0x37
    .byte 0x18, 0x70, 0x14, 0x93, 0x3e, 0x22, 0x02, 0x2c, 0x01, 0x00, 0x00, 0x00, 0x15, 0x7d, 0x25, 0x98
    .byte 0x3e, 0x22, 0x02, 0x20, 0x00, 0x00, 0x15, 0x7d, 0x01, 0x70, 0x3e, 0x22, 0x02, 0x15, 0x28, 0x2c
    .byte 0x01, 0x00, 0x00, 0x00, 0x15, 0x2b, 0x2c, 0xad, 0x03, 0x00, 0x00, 0x2c, 0x29, 0x02, 0x00, 0x00
    .byte 0x20, 0x00, 0x00, 0x2c, 0x00, 0x14, 0x00, 0x00, 0x2c, 0x05, 0x00, 0x00, 0x00, 0x20, 0x00, 0x00
    .byte 0x15, 0x1a, 0x15, 0x22, 0x18, 0x70, 0x14, 0xef, 0x3e, 0x22, 0x02, 0x2c, 0xee, 0x03, 0x00, 0x00
    .byte 0x15, 0x37, 0x18, 0x70, 0x14, 0xe5, 0x3e, 0x22, 0x02, 0x2c, 0x01, 0x00, 0x00, 0x00, 0x15, 0x7d
    .byte 0x25, 0xea, 0x3e, 0x22, 0x02, 0x20, 0x00, 0x00, 0x15, 0x7d, 0x01, 0xc2, 0x3e, 0x22, 0x02, 0x15
    .byte 0x28, 0x2c, 0x01, 0x00, 0x00, 0x00, 0x15, 0x2b, 0x2c, 0xe0, 0x03, 0x00, 0x00, 0x2c, 0x29, 0x02
    .byte 0x00, 0x00, 0x20, 0x00, 0x00, 0x2c, 0x00, 0x14, 0x00, 0x00, 0x2c, 0x05, 0x00, 0x00, 0x00, 0x20
    .byte 0x00, 0x00, 0x15, 0x1a, 0x15, 0x22, 0x18, 0x70, 0x14, 0x41, 0x3f, 0x22, 0x02, 0x2c, 0xee, 0x03
    .byte 0x00, 0x00, 0x15, 0x37, 0x18, 0x70, 0x14, 0x37, 0x3f, 0x22, 0x02, 0x2c, 0x01, 0x00, 0x00, 0x00
    .byte 0x15, 0x7d, 0x25, 0x3c, 0x3f, 0x22, 0x02, 0x20, 0x00, 0x00, 0x15, 0x7d, 0x01, 0x14, 0x3f, 0x22
    .byte 0x02, 0x15, 0x28, 0x2c, 0x01, 0x00, 0x00, 0x00, 0x15, 0xa9, 0x20, 0x00, 0x00, 0x15, 0x18, 0x20
    .byte 0x00, 0x00, 0x15, 0x19, 0x2c, 0x01, 0x00, 0x00, 0x00, 0x20, 0x00, 0x00, 0x15, 0x29, 0x2c, 0x02
    .byte 0x00, 0x00, 0x00, 0x20, 0x00, 0x00, 0x15, 0x29, 0x2c, 0x01, 0x00, 0x00, 0x00, 0x15, 0x2b, 0x2c
    .byte 0x10, 0x04, 0x00, 0x00, 0x2c, 0x29, 0x02, 0x00, 0x00, 0x20, 0x00, 0x00, 0x2c, 0x00, 0x14, 0x00
    .byte 0x00, 0x2c, 0x05, 0x00, 0x00, 0x00, 0x20, 0x00, 0x00, 0x15, 0x1a, 0x15, 0x22, 0x18, 0x70, 0x14
    .byte 0xb8, 0x3f, 0x22, 0x02, 0x2c, 0xee, 0x03, 0x00, 0x00, 0x15, 0x37, 0x18, 0x70, 0x14, 0xae, 0x3f
    .byte 0x22, 0x02, 0x2c, 0x01, 0x00, 0x00, 0x00, 0x15, 0x7d, 0x25, 0xb3, 0x3f, 0x22, 0x02, 0x20, 0x00
    .byte 0x00, 0x15, 0x7d, 0x01, 0x8b, 0x3f, 0x22, 0x02, 0x15, 0x28, 0x15, 0x0d, 0x00, 0x2c, 0x01, 0x00
    .byte 0x00, 0x00, 0x2c, 0xfa, 0xff, 0xff, 0xff, 0x2c, 0xf8, 0xff, 0xff, 0xff, 0x2c, 0x06, 0x00, 0x00
    .byte 0x00, 0x2c, 0x08, 0x00, 0x00, 0x00, 0x15, 0xd8, 0x2c, 0x1b, 0x05, 0x00, 0x00, 0x15, 0x37, 0x18
    .byte 0x70, 0x32, 0x00, 0x00, 0x00, 0x00, 0x00, 0x14, 0xf8, 0x3f, 0x22, 0x02, 0x2c, 0x01, 0x00, 0x00
    .byte 0x00, 0x2c, 0xf9, 0x3f, 0x22, 0x02, 0x15, 0x29, 0x00, 0x2c, 0x01, 0x00, 0x00, 0x00, 0x20, 0x00
    .byte 0x00, 0x15, 0x29, 0x2c, 0x1b, 0x00, 0x00, 0x00, 0x15, 0x31, 0x18, 0x70, 0x26, 0x00, 0xd2, 0x20
    .byte 0x00, 0x00, 0x2c, 0x3b, 0xe6, 0x21, 0x02, 0x15, 0x39, 0x20, 0x00, 0x00, 0x15, 0x42, 0x18, 0x70
    .byte 0x32, 0x00, 0x00, 0x00, 0x00, 0x00, 0x14, 0x30, 0x40, 0x22, 0x02, 0x01, 0x19, 0x40, 0x22, 0x02
    .byte 0x20, 0x00, 0x00, 0x2c, 0x14, 0x41, 0x22, 0x02, 0x15, 0x39, 0x20, 0x00, 0x00, 0x15, 0x42, 0x18
    .byte 0x70, 0x32, 0x00, 0x00, 0x00, 0x00, 0x00, 0x14, 0x51, 0x40, 0x22, 0x02, 0x01, 0x3a, 0x40, 0x22
    .byte 0x02, 0x2c, 0x1b, 0x05, 0x00, 0x00, 0x15, 0x35, 0x2c, 0x17, 0x00, 0x00, 0x00, 0x2c, 0x65, 0x40
    .byte 0x22, 0x02, 0x15, 0x39, 0x00, 0x03, 0x00, 0x00, 0x00, 0x00, 0x00, 0x28, 0x00, 0x00, 0x2b, 0x00
    .byte 0x00, 0x34, 0x00, 0x10, 0x00, 0x00, 0x00, 0x14, 0x13, 0x41, 0x22, 0x02, 0x2c, 0x14, 0x00, 0x00
    .byte 0x00, 0x15, 0x07, 0x15, 0x08, 0x2b, 0x00, 0x00, 0x07, 0x00, 0x00, 0x01, 0x00, 0x00, 0x09, 0x00
    .byte 0x10, 0x00, 0x00, 0x00, 0x28, 0x00, 0x01, 0x2f, 0x01, 0x15, 0x0e, 0x18, 0x70, 0x07, 0x00, 0x40
    .byte 0x00, 0x00, 0x00, 0x09, 0x00, 0x00, 0x10, 0x00, 0x00, 0x28, 0x00, 0x02, 0x2f, 0x01, 0x15, 0x0f
    .byte 0x18, 0x70, 0x07, 0x00, 0x40, 0x00, 0x00, 0x00, 0x09, 0x00, 0x00, 0x10, 0x00, 0x00, 0x28, 0x00
    .byte 0x03, 0x20, 0x00, 0x00, 0x2c, 0x0e, 0x00, 0x00, 0x00, 0x15, 0xe0, 0x2c, 0x0a, 0x00, 0x00, 0x00
    .byte 0x15, 0x10, 0x18, 0x70, 0x2b, 0x01, 0x02, 0x04, 0x10, 0x17, 0x00, 0x15, 0x11, 0x18, 0x70, 0x2b
    .byte 0x01, 0x03, 0x04, 0x10, 0x17, 0x00, 0x15, 0x12, 0x18, 0x70, 0x05, 0x00, 0x80, 0x00, 0x00, 0x00
    .byte 0x17, 0x00, 0x20, 0x00, 0x00, 0x20, 0x00, 0x00, 0x20, 0x00, 0x00, 0x2c, 0xb4, 0x00, 0x00, 0x00
    .byte 0x15, 0xb2, 0x2b, 0x00, 0x00, 0x05, 0x00, 0x01, 0x00, 0x00, 0x00, 0x28, 0x00, 0x00, 0x25, 0x6e
    .byte 0x40, 0x22, 0x02, 0x00, 0x03, 0x00, 0x00, 0x00, 0x00, 0x00, 0x28, 0x00, 0x00, 0x2b, 0x00, 0x00
    .byte 0x34, 0x00, 0x08, 0x00, 0x00, 0x00, 0x14, 0x7c, 0x41, 0x22, 0x02, 0x03, 0x00, 0x00, 0x00, 0x00
    .byte 0x00, 0x28, 0x00, 0x01, 0x2b, 0x00, 0x01, 0x34, 0x00, 0x08, 0x00, 0x00, 0x00, 0x14, 0x6b, 0x41
    .byte 0x22, 0x02, 0x2c, 0x01, 0x00, 0x00, 0x00, 0x15, 0x07, 0x15, 0x08, 0x03, 0x00, 0x07, 0x00, 0x00
    .byte 0x00, 0x2b, 0x01, 0x01, 0x23, 0x10, 0x17, 0x00, 0x15, 0x75, 0x2b, 0x00, 0x01, 0x05, 0x00, 0x01
    .byte 0x00, 0x00, 0x00, 0x28, 0x00, 0x01, 0x25, 0x34, 0x41, 0x22, 0x02, 0x2b, 0x00, 0x00, 0x05, 0x00
    .byte 0x01, 0x00, 0x00, 0x00, 0x28, 0x00, 0x00, 0x25, 0x1d, 0x41, 0x22, 0x02, 0x00, 0x20, 0x00, 0x00
    .byte 0x15, 0x09, 0x20, 0x00, 0x00, 0x15, 0x18, 0x20, 0x00, 0x00, 0x15, 0x19, 0x2c, 0xa1, 0x0a, 0x00
    .byte 0x00, 0x15, 0x37, 0x18, 0x70, 0x32, 0x00, 0x01, 0x00, 0x00, 0x00, 0x14, 0xa1, 0x41, 0x22, 0x02
    .byte 0x00, 0x2c, 0xee, 0x03, 0x00, 0x00, 0x15, 0x37, 0x18, 0x70, 0x32, 0x00, 0x00, 0x00, 0x00, 0x00
    .byte 0x13, 0xc9, 0x41, 0x22, 0x02, 0x2c, 0xfd, 0x03, 0x00, 0x00, 0x15, 0x37, 0x18, 0x70, 0x32, 0x00
    .byte 0x00, 0x00, 0x00, 0x00, 0x14, 0x7c, 0x42, 0x22, 0x02, 0x2c, 0xee, 0x03, 0x00, 0x00, 0x15, 0x37
    .byte 0x18, 0x70, 0x32, 0x00, 0x01, 0x00, 0x00, 0x00, 0x13, 0xf1, 0x41, 0x22, 0x02, 0x2c, 0xfd, 0x03
    .byte 0x00, 0x00, 0x15, 0x37, 0x18, 0x70, 0x32, 0x00, 0x01, 0x00, 0x00, 0x00, 0x14, 0xf6, 0x41, 0x22
    .byte 0x02, 0x25, 0x7c, 0x42, 0x22, 0x02, 0x29, 0x00, 0x99, 0x32, 0x00, 0x01, 0x00, 0x00, 0x00, 0x14
    .byte 0x77, 0x42, 0x22, 0x02, 0x2c, 0x00, 0x04, 0x00, 0x00, 0x15, 0x37, 0x18, 0x70, 0x14, 0x17, 0x42
    .byte 0x22, 0x02, 0x01, 0x04, 0x42, 0x22, 0x02, 0x2c, 0xee, 0x03, 0x00, 0x00, 0x15, 0x37, 0x18, 0x70
    .byte 0x14, 0x2a, 0x42, 0x22, 0x02, 0x01, 0x17, 0x42, 0x22, 0x02, 0x2c, 0x02, 0x00, 0x00, 0x00, 0x15
    .byte 0x9b, 0x18, 0x70, 0x32, 0x00, 0x00, 0x00, 0x00, 0x00, 0x14, 0x43, 0x42, 0x22, 0x02, 0x01, 0x2a
    .byte 0x42, 0x22, 0x02, 0x20, 0x00, 0x00, 0x15, 0x9b, 0x18, 0x70, 0x14, 0x63, 0x42, 0x22, 0x02, 0x20
    .byte 0x00, 0x00, 0x2c, 0xff, 0xff, 0xff, 0xff, 0x2c, 0xff, 0xff, 0xff, 0xff, 0x2c, 0xff, 0xff, 0xff
    .byte 0xff, 0x15, 0x89, 0x20, 0x00, 0x00, 0x15, 0x07, 0x15, 0x08, 0x2c, 0x03, 0x00, 0x00, 0x00, 0x2c
    .byte 0x6f, 0x43, 0x22, 0x02, 0x15, 0x29, 0x00, 0x01, 0xa1, 0x41, 0x22, 0x02, 0x03, 0x00, 0x01, 0x00
    .byte 0x00, 0x00, 0x14, 0xe4, 0x42, 0x22, 0x02, 0x2c, 0xee, 0x03, 0x00, 0x00, 0x15, 0x37, 0x18, 0x70
    .byte 0x32, 0x00, 0x01, 0x00, 0x00, 0x00, 0x14, 0xa9, 0x42, 0x22, 0x02, 0x03, 0x00, 0x01, 0x00, 0x00
    .byte 0x00, 0x28, 0x00, 0x00, 0x25, 0xb2, 0x42, 0x22, 0x02, 0x03, 0x00, 0x64, 0x00, 0x00, 0x00, 0x28
    .byte 0x00, 0x00, 0x2c, 0xee, 0x03, 0x00, 0x00, 0x15, 0x37, 0x18, 0x70, 0x32, 0x00, 0x00, 0x00, 0x00
    .byte 0x00, 0x14, 0xdf, 0x42, 0x22, 0x02, 0x2c, 0xfd, 0x03, 0x00, 0x00, 0x15, 0x37, 0x18, 0x70, 0x32
    .byte 0x00, 0x00, 0x00, 0x00, 0x00, 0x14, 0xdf, 0x42, 0x22, 0x02, 0x25, 0xe4, 0x42, 0x22, 0x02, 0x01
    .byte 0x7c, 0x42, 0x22, 0x02, 0x29, 0x00, 0x99, 0x32, 0x00, 0x01, 0x00, 0x00, 0x00, 0x14, 0x69, 0x43
    .byte 0x22, 0x02, 0x2c, 0x00, 0x04, 0x00, 0x00, 0x15, 0x37, 0x18, 0x70, 0x14, 0x05, 0x43, 0x22, 0x02
    .byte 0x01, 0xf2, 0x42, 0x22, 0x02, 0x2c, 0xee, 0x03, 0x00, 0x00, 0x15, 0x37, 0x18, 0x70, 0x14, 0x18
    .byte 0x43, 0x22, 0x02, 0x01, 0x05, 0x43, 0x22, 0x02, 0x2c, 0x02, 0x00, 0x00, 0x00, 0x15, 0x9b, 0x18
    .byte 0x70, 0x32, 0x00, 0x00, 0x00, 0x00, 0x00, 0x14, 0x31, 0x43, 0x22, 0x02, 0x01, 0x18, 0x43, 0x22
    .byte 0x02, 0x20, 0x00, 0x00, 0x15, 0x9b, 0x18, 0x70, 0x14, 0x51, 0x43, 0x22, 0x02, 0x20, 0x00, 0x00
    .byte 0x2c, 0xff, 0xff, 0xff, 0xff, 0x2c, 0xff, 0xff, 0xff, 0xff, 0x2c, 0xff, 0xff, 0xff, 0xff, 0x15
    .byte 0x89, 0x20, 0x00, 0x00, 0x15, 0x07, 0x15, 0x08, 0x2c, 0x03, 0x00, 0x00, 0x00, 0x2c, 0x6f, 0x43
    .byte 0x22, 0x02, 0x15, 0x29, 0x25, 0x6e, 0x43, 0x22, 0x02, 0x01, 0xa1, 0x41, 0x22, 0x02, 0x00, 0x2f
    .byte 0x00, 0x15, 0x41, 0x2b, 0x00, 0x00, 0x32, 0x00, 0x01, 0x00, 0x00, 0x00, 0x14, 0xa6, 0x45, 0x22
    .byte 0x02, 0x15, 0x1f, 0x18, 0x70, 0x17, 0x00, 0x15, 0x20, 0x18, 0x70, 0x24, 0x00, 0x01, 0x00, 0x00
    .byte 0x00, 0x17, 0x00, 0x15, 0x27, 0x18, 0x70, 0x05, 0x00, 0x10, 0x00, 0x00, 0x00, 0x17, 0x00, 0x15
    .byte 0x02, 0x2c, 0x18, 0x00, 0x00, 0x00, 0x15, 0xde, 0x03, 0x00, 0x04, 0x00, 0x00, 0x00, 0x26, 0x00
    .byte 0x66, 0x03, 0x00, 0x18, 0x00, 0x00, 0x00, 0x26, 0x00, 0xd9, 0x03, 0x00, 0x04, 0x00, 0x00, 0x00
    .byte 0x32, 0x00, 0x01, 0x00, 0x00, 0x00, 0x13, 0xdc, 0x43, 0x22, 0x02, 0x03, 0x00, 0x04, 0x00, 0x00
    .byte 0x00, 0x32, 0x00, 0x08, 0x00, 0x00, 0x00, 0x14, 0xea, 0x43, 0x22, 0x02, 0x03, 0x00, 0x01, 0x00
    .byte 0x00, 0x00, 0x36, 0x00, 0x00, 0x25, 0xf3, 0x43, 0x22, 0x02, 0x03, 0x00, 0x01, 0x00, 0x00, 0x00
    .byte 0x26, 0x00, 0x63, 0x03, 0x00, 0x04, 0x00, 0x00, 0x00, 0x32, 0x00, 0x01, 0x00, 0x00, 0x00, 0x14
    .byte 0x24, 0x44, 0x22, 0x02, 0x20, 0x00, 0x00, 0x2c, 0x0f, 0x00, 0x00, 0x00, 0x15, 0xe0, 0x2c, 0x15
    .byte 0x00, 0x00, 0x00, 0x2c, 0x9d, 0x00, 0x00, 0x00, 0x2c, 0x7f, 0x00, 0x00, 0x00, 0x15, 0x0a, 0x25
    .byte 0x44, 0x45, 0x22, 0x02, 0x03, 0x00, 0x04, 0x00, 0x00, 0x00, 0x32, 0x00, 0x08, 0x00, 0x00, 0x00
    .byte 0x14, 0x55, 0x44, 0x22, 0x02, 0x20, 0x00, 0x00, 0x2c, 0x0f, 0x00, 0x00, 0x00, 0x15, 0xe0, 0x2c
    .byte 0x15, 0x00, 0x00, 0x00, 0x2c, 0x9c, 0x00, 0x00, 0x00, 0x2c, 0x7f, 0x00, 0x00, 0x00, 0x15, 0x0a
    .byte 0x25, 0x44, 0x45, 0x22, 0x02, 0x03, 0x00, 0x04, 0x00, 0x00, 0x00, 0x32, 0x00, 0x03, 0x00, 0x00
    .byte 0x00, 0x14, 0xad, 0x44, 0x22, 0x02, 0x03, 0x00, 0x18, 0x00, 0x00, 0x00, 0x32, 0x00, 0x3e, 0x00
    .byte 0x00, 0x00, 0x14, 0x97, 0x44, 0x22, 0x02, 0x20, 0x00, 0x00, 0x2c, 0x75, 0x00, 0x00, 0x00, 0x15
    .byte 0xe0, 0x2c, 0x15, 0x00, 0x00, 0x00, 0x2c, 0x9d, 0x00, 0x00, 0x00, 0x2c, 0x7f, 0x00, 0x00, 0x00
    .byte 0x15, 0x0a, 0x25, 0xa8, 0x44, 0x22, 0x02, 0x2c, 0x15, 0x00, 0x00, 0x00, 0x2c, 0x9d, 0x00, 0x00
    .byte 0x00, 0x2c, 0x7f, 0x00, 0x00, 0x00, 0x15, 0x0a, 0x25, 0x44, 0x45, 0x22, 0x02, 0x03, 0x00, 0x04
    .byte 0x00, 0x00, 0x00, 0x32, 0x00, 0x09, 0x00, 0x00, 0x00, 0x14, 0xd4, 0x44, 0x22, 0x02, 0x2c, 0x15
    .byte 0x00, 0x00, 0x00, 0x2c, 0x9c, 0x00, 0x00, 0x00, 0x2c, 0x7f, 0x00, 0x00, 0x00, 0x15, 0x0a, 0x25
    .byte 0x44, 0x45, 0x22, 0x02, 0x03, 0x00, 0x04, 0x00, 0x00, 0x00, 0x32, 0x00, 0x04, 0x00, 0x00, 0x00
    .byte 0x14, 0xfb, 0x44, 0x22, 0x02, 0x2c, 0x15, 0x00, 0x00, 0x00, 0x2c, 0x9c, 0x00, 0x00, 0x00, 0x2c
    .byte 0x7f, 0x00, 0x00, 0x00, 0x15, 0x0a, 0x25, 0x44, 0x45, 0x22, 0x02, 0x03, 0x00, 0x04, 0x00, 0x00
    .byte 0x00, 0x32, 0x00, 0x0a, 0x00, 0x00, 0x00, 0x14, 0x22, 0x45, 0x22, 0x02, 0x2c, 0x15, 0x00, 0x00
    .byte 0x00, 0x2c, 0x9d, 0x00, 0x00, 0x00, 0x2c, 0x7f, 0x00, 0x00, 0x00, 0x15, 0x0a, 0x25, 0x44, 0x45
    .byte 0x22, 0x02, 0x03, 0x00, 0x04, 0x00, 0x00, 0x00, 0x32, 0x00, 0x0b, 0x00, 0x00, 0x00, 0x14, 0x44
    .byte 0x45, 0x22, 0x02, 0x2c, 0x15, 0x00, 0x00, 0x00, 0x2c, 0x9c, 0x00, 0x00, 0x00, 0x2c, 0x7f, 0x00
    .byte 0x00, 0x00, 0x15, 0x0a, 0x20, 0x00, 0x00, 0x2c, 0x4b, 0xe3, 0x21, 0x02, 0x15, 0x39, 0x20, 0x00
    .byte 0x00, 0x15, 0x42, 0x18, 0x70, 0x32, 0x00, 0x00, 0x00, 0x00, 0x00, 0x14, 0x65, 0x45, 0x22, 0x02
    .byte 0x01, 0x4e, 0x45, 0x22, 0x02, 0x2c, 0x98, 0x03, 0x00, 0x00, 0x15, 0x37, 0x18, 0x70, 0x32, 0x00
    .byte 0x00, 0x00, 0x00, 0x00, 0x14, 0x9a, 0x45, 0x22, 0x02, 0x2c, 0x14, 0x00, 0x00, 0x00, 0x15, 0x07
    .byte 0x15, 0x08, 0x2c, 0x98, 0x03, 0x00, 0x00, 0x15, 0x35, 0x2c, 0xb5, 0x03, 0x00, 0x00, 0x15, 0x35
    .byte 0x2c, 0x08, 0x00, 0x00, 0x00, 0x20, 0x00, 0x00, 0x15, 0x78, 0x20, 0x00, 0x00, 0x15, 0x07, 0x15
    .byte 0x08, 0x25, 0xbb, 0x4a, 0x22, 0x02, 0x20, 0x00, 0x00, 0x2c, 0xff, 0xff, 0xff, 0xff, 0x2c, 0xff
    .byte 0xff, 0xff, 0xff, 0x15, 0xdd, 0x18, 0x70, 0x14, 0xb6, 0x4a, 0x22, 0x02, 0x2c, 0x01, 0x00, 0x00
    .byte 0x00, 0x2c, 0x07, 0x00, 0x00, 0x00, 0x15, 0x47, 0x18, 0x70, 0x17, 0x00, 0x2c, 0x01, 0x00, 0x00
    .byte 0x00, 0x2c, 0x08, 0x00, 0x00, 0x00, 0x15, 0x47, 0x18, 0x70, 0x17, 0x00, 0x2c, 0x01, 0x00, 0x00
    .byte 0x00, 0x2c, 0x09, 0x00, 0x00, 0x00, 0x15, 0x47, 0x18, 0x70, 0x05, 0x00, 0x10, 0x00, 0x00, 0x00
    .byte 0x17, 0x00, 0x15, 0x02, 0x20, 0x00, 0x00, 0x2c, 0x07, 0x00, 0x00, 0x00, 0x15, 0x47, 0x18, 0x70
    .byte 0x17, 0x00, 0x20, 0x00, 0x00, 0x2c, 0x08, 0x00, 0x00, 0x00, 0x15, 0x47, 0x18, 0x70, 0x17, 0x00
    .byte 0x20, 0x00, 0x00, 0x2c, 0x01, 0x00, 0x00, 0x00, 0x2c, 0x07, 0x00, 0x00, 0x00, 0x15, 0x47, 0x18
    .byte 0x70, 0x17, 0x00, 0x2c, 0x01, 0x00, 0x00, 0x00, 0x2c, 0x08, 0x00, 0x00, 0x00, 0x15, 0x47, 0x18
    .byte 0x70, 0x17, 0x00, 0x20, 0x00, 0x00, 0x15, 0x65, 0x18, 0x70, 0x31, 0x00, 0x60, 0x00, 0x00, 0x00
    .byte 0x14, 0xb1, 0x48, 0x22, 0x02, 0x2c, 0x01, 0x00, 0x00, 0x00, 0x2c, 0x01, 0x00, 0x00, 0x00, 0x2c
    .byte 0x07, 0x00, 0x00, 0x00, 0x15, 0x47, 0x18, 0x70, 0x17, 0x00, 0x2c, 0x01, 0x00, 0x00, 0x00, 0x2c
    .byte 0x08, 0x00, 0x00, 0x00, 0x15, 0x47, 0x18, 0x70, 0x17, 0x00, 0x2c, 0x3c, 0x00, 0x00, 0x00, 0x20
    .byte 0x00, 0x00, 0x15, 0x4f, 0x18, 0x70, 0x17, 0x00, 0x15, 0x07, 0x15, 0x08, 0x2c, 0x18, 0x00, 0x00
    .byte 0x00, 0x15, 0xde, 0x03, 0x00, 0x04, 0x00, 0x00, 0x00, 0x26, 0x00, 0x66, 0x03, 0x00, 0x18, 0x00
    .byte 0x00, 0x00, 0x26, 0x00, 0xd9, 0x03, 0x00, 0x04, 0x00, 0x00, 0x00, 0x32, 0x00, 0x01, 0x00, 0x00
    .byte 0x00, 0x13, 0xb7, 0x46, 0x22, 0x02, 0x03, 0x00, 0x04, 0x00, 0x00, 0x00, 0x32, 0x00, 0x08, 0x00
    .byte 0x00, 0x00, 0x14, 0xc5, 0x46, 0x22, 0x02, 0x03, 0x00, 0x01, 0x00, 0x00, 0x00, 0x36, 0x00, 0x00
    .byte 0x25, 0xce, 0x46, 0x22, 0x02, 0x03, 0x00, 0x01, 0x00, 0x00, 0x00, 0x26, 0x00, 0x63, 0x03, 0x00
    .byte 0x04, 0x00, 0x00, 0x00, 0x32, 0x00, 0x01, 0x00, 0x00, 0x00, 0x14, 0xff, 0x46, 0x22, 0x02, 0x20
    .byte 0x00, 0x00, 0x2c, 0x0f, 0x00, 0x00, 0x00, 0x15, 0xe0, 0x2c, 0x15, 0x00, 0x00, 0x00, 0x2c, 0x9d
    .byte 0x00, 0x00, 0x00, 0x2c, 0x7f, 0x00, 0x00, 0x00, 0x15, 0x0a, 0x25, 0x1f, 0x48, 0x22, 0x02, 0x03
    .byte 0x00, 0x04, 0x00, 0x00, 0x00, 0x32, 0x00, 0x08, 0x00, 0x00, 0x00, 0x14, 0x30, 0x47, 0x22, 0x02
    .byte 0x20, 0x00, 0x00, 0x2c, 0x0f, 0x00, 0x00, 0x00, 0x15, 0xe0, 0x2c, 0x15, 0x00, 0x00, 0x00, 0x2c
    .byte 0x9c, 0x00, 0x00, 0x00, 0x2c, 0x7f, 0x00, 0x00, 0x00, 0x15, 0x0a, 0x25, 0x1f, 0x48, 0x22, 0x02
    .byte 0x03, 0x00, 0x04, 0x00, 0x00, 0x00, 0x32, 0x00, 0x03, 0x00, 0x00, 0x00, 0x14, 0x88, 0x47, 0x22
    .byte 0x02, 0x03, 0x00, 0x18, 0x00, 0x00, 0x00, 0x32, 0x00, 0x3e, 0x00, 0x00, 0x00, 0x14, 0x72, 0x47
    .byte 0x22, 0x02, 0x20, 0x00, 0x00, 0x2c, 0x75, 0x00, 0x00, 0x00, 0x15, 0xe0, 0x2c, 0x15, 0x00, 0x00
    .byte 0x00, 0x2c, 0x9d, 0x00, 0x00, 0x00, 0x2c, 0x7f, 0x00, 0x00, 0x00, 0x15, 0x0a, 0x25, 0x83, 0x47
    .byte 0x22, 0x02, 0x2c, 0x15, 0x00, 0x00, 0x00, 0x2c, 0x9d, 0x00, 0x00, 0x00, 0x2c, 0x7f, 0x00, 0x00
    .byte 0x00, 0x15, 0x0a, 0x25, 0x1f, 0x48, 0x22, 0x02, 0x03, 0x00, 0x04, 0x00, 0x00, 0x00, 0x32, 0x00
    .byte 0x09, 0x00, 0x00, 0x00, 0x14, 0xaf, 0x47, 0x22, 0x02, 0x2c, 0x15, 0x00, 0x00, 0x00, 0x2c, 0x9c
    .byte 0x00, 0x00, 0x00, 0x2c, 0x7f, 0x00, 0x00, 0x00, 0x15, 0x0a, 0x25, 0x1f, 0x48, 0x22, 0x02, 0x03
    .byte 0x00, 0x04, 0x00, 0x00, 0x00, 0x32, 0x00, 0x04, 0x00, 0x00, 0x00, 0x14, 0xd6, 0x47, 0x22, 0x02
    .byte 0x2c, 0x15, 0x00, 0x00, 0x00, 0x2c, 0x9c, 0x00, 0x00, 0x00, 0x2c, 0x7f, 0x00, 0x00, 0x00, 0x15
    .byte 0x0a, 0x25, 0x1f, 0x48, 0x22, 0x02, 0x03, 0x00, 0x04, 0x00, 0x00, 0x00, 0x32, 0x00, 0x0a, 0x00
    .byte 0x00, 0x00, 0x14, 0xfd, 0x47, 0x22, 0x02, 0x2c, 0x15, 0x00, 0x00, 0x00, 0x2c, 0x9d, 0x00, 0x00
    .byte 0x00, 0x2c, 0x7f, 0x00, 0x00, 0x00, 0x15, 0x0a, 0x25, 0x1f, 0x48, 0x22, 0x02, 0x03, 0x00, 0x04
    .byte 0x00, 0x00, 0x00, 0x32, 0x00, 0x0b, 0x00, 0x00, 0x00, 0x14, 0x1f, 0x48, 0x22, 0x02, 0x2c, 0x15
    .byte 0x00, 0x00, 0x00, 0x2c, 0x9c, 0x00, 0x00, 0x00, 0x2c, 0x7f, 0x00, 0x00, 0x00, 0x15, 0x0a, 0x20
    .byte 0x00, 0x00, 0x2c, 0x4b, 0xe3, 0x21, 0x02, 0x15, 0x39, 0x20, 0x00, 0x00, 0x15, 0x42, 0x18, 0x70
    .byte 0x32, 0x00, 0x00, 0x00, 0x00, 0x00, 0x14, 0x40, 0x48, 0x22, 0x02, 0x01, 0x29, 0x48, 0x22, 0x02
    .byte 0x2c, 0x98, 0x03, 0x00, 0x00, 0x15, 0x37, 0x18, 0x70, 0x32, 0x00, 0x00, 0x00, 0x00, 0x00, 0x14
    .byte 0x75, 0x48, 0x22, 0x02, 0x2c, 0x14, 0x00, 0x00, 0x00, 0x15, 0x07, 0x15, 0x08, 0x2c, 0x98, 0x03
    .byte 0x00, 0x00, 0x15, 0x35, 0x2c, 0xb5, 0x03, 0x00, 0x00, 0x15, 0x35, 0x2c, 0x08, 0x00, 0x00, 0x00
    .byte 0x20, 0x00, 0x00, 0x15, 0x78, 0x20, 0x00, 0x00, 0x15, 0x07, 0x15, 0x08, 0x2c, 0x02, 0x00, 0x00
    .byte 0x00, 0x2c, 0x3c, 0x00, 0x00, 0x00, 0x20, 0x00, 0x00, 0x20, 0x00, 0x00, 0x20, 0x00, 0x00, 0x15
    .byte 0x4f, 0x18, 0x70, 0x17, 0x00, 0x15, 0x07, 0x15, 0x08, 0x2c, 0x03, 0x00, 0x00, 0x00, 0x20, 0x00
    .byte 0x00, 0x20, 0x00, 0x00, 0x20, 0x00, 0x00, 0x20, 0x00, 0x00, 0x15, 0x4f, 0x25, 0xb1, 0x4a, 0x22
    .byte 0x02, 0x2c, 0x18, 0x00, 0x00, 0x00, 0x15, 0xde, 0x03, 0x00, 0x04, 0x00, 0x00, 0x00, 0x26, 0x00
    .byte 0x66, 0x03, 0x00, 0x18, 0x00, 0x00, 0x00, 0x26, 0x00, 0xd9, 0x03, 0x00, 0x04, 0x00, 0x00, 0x00
    .byte 0x32, 0x00, 0x01, 0x00, 0x00, 0x00, 0x13, 0xec, 0x48, 0x22, 0x02, 0x03, 0x00, 0x04, 0x00, 0x00
    .byte 0x00, 0x32, 0x00, 0x08, 0x00, 0x00, 0x00, 0x14, 0xfa, 0x48, 0x22, 0x02, 0x03, 0x00, 0x01, 0x00
    .byte 0x00, 0x00, 0x36, 0x00, 0x00, 0x25, 0x03, 0x49, 0x22, 0x02, 0x03, 0x00, 0x01, 0x00, 0x00, 0x00
    .byte 0x26, 0x00, 0x63, 0x03, 0x00, 0x04, 0x00, 0x00, 0x00, 0x32, 0x00, 0x01, 0x00, 0x00, 0x00, 0x14
    .byte 0x34, 0x49, 0x22, 0x02, 0x20, 0x00, 0x00, 0x2c, 0x0f, 0x00, 0x00, 0x00, 0x15, 0xe0, 0x2c, 0x15
    .byte 0x00, 0x00, 0x00, 0x2c, 0x9d, 0x00, 0x00, 0x00, 0x2c, 0x7f, 0x00, 0x00, 0x00, 0x15, 0x0a, 0x25
    .byte 0x54, 0x4a, 0x22, 0x02, 0x03, 0x00, 0x04, 0x00, 0x00, 0x00, 0x32, 0x00, 0x08, 0x00, 0x00, 0x00
    .byte 0x14, 0x65, 0x49, 0x22, 0x02, 0x20, 0x00, 0x00, 0x2c, 0x0f, 0x00, 0x00, 0x00, 0x15, 0xe0, 0x2c
    .byte 0x15, 0x00, 0x00, 0x00, 0x2c, 0x9c, 0x00, 0x00, 0x00, 0x2c, 0x7f, 0x00, 0x00, 0x00, 0x15, 0x0a
    .byte 0x25, 0x54, 0x4a, 0x22, 0x02, 0x03, 0x00, 0x04, 0x00, 0x00, 0x00, 0x32, 0x00, 0x03, 0x00, 0x00
    .byte 0x00, 0x14, 0xbd, 0x49, 0x22, 0x02, 0x03, 0x00, 0x18, 0x00, 0x00, 0x00, 0x32, 0x00, 0x3e, 0x00
    .byte 0x00, 0x00, 0x14, 0xa7, 0x49, 0x22, 0x02, 0x20, 0x00, 0x00, 0x2c, 0x75, 0x00, 0x00, 0x00, 0x15
    .byte 0xe0, 0x2c, 0x15, 0x00, 0x00, 0x00, 0x2c, 0x9d, 0x00, 0x00, 0x00, 0x2c, 0x7f, 0x00, 0x00, 0x00
    .byte 0x15, 0x0a, 0x25, 0xb8, 0x49, 0x22, 0x02, 0x2c, 0x15, 0x00, 0x00, 0x00, 0x2c, 0x9d, 0x00, 0x00
    .byte 0x00, 0x2c, 0x7f, 0x00, 0x00, 0x00, 0x15, 0x0a, 0x25, 0x54, 0x4a, 0x22, 0x02, 0x03, 0x00, 0x04
    .byte 0x00, 0x00, 0x00, 0x32, 0x00, 0x09, 0x00, 0x00, 0x00, 0x14, 0xe4, 0x49, 0x22, 0x02, 0x2c, 0x15
    .byte 0x00, 0x00, 0x00, 0x2c, 0x9c, 0x00, 0x00, 0x00, 0x2c, 0x7f, 0x00, 0x00, 0x00, 0x15, 0x0a, 0x25
    .byte 0x54, 0x4a, 0x22, 0x02, 0x03, 0x00, 0x04, 0x00, 0x00, 0x00, 0x32, 0x00, 0x04, 0x00, 0x00, 0x00
    .byte 0x14, 0x0b, 0x4a, 0x22, 0x02, 0x2c, 0x15, 0x00, 0x00, 0x00, 0x2c, 0x9c, 0x00, 0x00, 0x00, 0x2c
    .byte 0x7f, 0x00, 0x00, 0x00, 0x15, 0x0a, 0x25, 0x54, 0x4a, 0x22, 0x02, 0x03, 0x00, 0x04, 0x00, 0x00
    .byte 0x00, 0x32, 0x00, 0x0a, 0x00, 0x00, 0x00, 0x14, 0x32, 0x4a, 0x22, 0x02, 0x2c, 0x15, 0x00, 0x00
    .byte 0x00, 0x2c, 0x9d, 0x00, 0x00, 0x00, 0x2c, 0x7f, 0x00, 0x00, 0x00, 0x15, 0x0a, 0x25, 0x54, 0x4a
    .byte 0x22, 0x02, 0x03, 0x00, 0x04, 0x00, 0x00, 0x00, 0x32, 0x00, 0x0b, 0x00, 0x00, 0x00, 0x14, 0x54
    .byte 0x4a, 0x22, 0x02, 0x2c, 0x15, 0x00, 0x00, 0x00, 0x2c, 0x9c, 0x00, 0x00, 0x00, 0x2c, 0x7f, 0x00
    .byte 0x00, 0x00, 0x15, 0x0a, 0x20, 0x00, 0x00, 0x2c, 0x4b, 0xe3, 0x21, 0x02, 0x15, 0x39, 0x20, 0x00
    .byte 0x00, 0x15, 0x42, 0x18, 0x70, 0x32, 0x00, 0x00, 0x00, 0x00, 0x00, 0x14, 0x75, 0x4a, 0x22, 0x02
    .byte 0x01, 0x5e, 0x4a, 0x22, 0x02, 0x2c, 0x98, 0x03, 0x00, 0x00, 0x15, 0x37, 0x18, 0x70, 0x32, 0x00
    .byte 0x00, 0x00, 0x00, 0x00, 0x14, 0xaa, 0x4a, 0x22, 0x02, 0x2c, 0x14, 0x00, 0x00, 0x00, 0x15, 0x07
    .byte 0x15, 0x08, 0x2c, 0x98, 0x03, 0x00, 0x00, 0x15, 0x35, 0x2c, 0xb5, 0x03, 0x00, 0x00, 0x15, 0x35
    .byte 0x2c, 0x08, 0x00, 0x00, 0x00, 0x20, 0x00, 0x00, 0x15, 0x78, 0x20, 0x00, 0x00, 0x15, 0x07, 0x15
    .byte 0x08, 0x25, 0xbb, 0x4a, 0x22, 0x02, 0x01, 0x81, 0x43, 0x22, 0x02, 0x2c, 0xa1, 0x0a, 0x00, 0x00
    .byte 0x15, 0x35, 0x2c, 0x14, 0x00, 0x00, 0x00, 0x15, 0x07, 0x15, 0x08, 0x00, 0x20, 0x00, 0x00, 0x2c
    .byte 0x67, 0x00, 0x00, 0x00, 0x15, 0xe0, 0x2c, 0x00, 0x01, 0x00, 0x00, 0x15, 0x17, 0x2c, 0x0f, 0x10
    .byte 0x00, 0x00, 0x2c, 0x01, 0x10, 0x00, 0x00, 0x2c, 0x10, 0x10, 0x00, 0x00, 0x2c, 0x02, 0x00, 0x00
    .byte 0x00, 0x2c, 0x21, 0x00, 0x00, 0x00, 0x15, 0x73, 0x2c, 0x21, 0x00, 0x00, 0x00, 0x15, 0x05, 0x2c
    .byte 0x01, 0x00, 0x00, 0x00, 0x15, 0x07, 0x15, 0x08, 0x15, 0x16, 0x15, 0x8b, 0x18, 0x70, 0x32, 0x00
    .byte 0x00, 0x00, 0x00, 0x00, 0x13, 0x1e, 0x4b, 0x22, 0x02, 0x01, 0x0a, 0x4b, 0x22, 0x02, 0x2c, 0xbe
    .byte 0x03, 0x00, 0x00, 0x2c, 0x01, 0x00, 0x00, 0x00, 0x20, 0x00, 0x00, 0x20, 0x00, 0x00, 0x15, 0x59
    .byte 0x15, 0x5a, 0x00, 0x00, 0x2c, 0x01, 0x00, 0x00, 0x00, 0x15, 0xd7, 0x20, 0x00, 0x00, 0x2c, 0xc8
    .byte 0xff, 0xff, 0xff, 0x15, 0xd1, 0x2c, 0x01, 0x00, 0x00, 0x00, 0x2c, 0x72, 0x4b, 0x22, 0x02, 0x15
    .byte 0x29, 0x01, 0x57, 0x4b, 0x22, 0x02, 0x00, 0x20, 0x00, 0x00, 0x15, 0x05, 0x15, 0x16, 0x2c, 0x1e
    .byte 0x00, 0x00, 0x00, 0x15, 0x01, 0x18, 0x70, 0x17, 0x00, 0x15, 0x07, 0x15, 0x08, 0x01, 0x57, 0x4b
    .byte 0x22, 0x02, 0x2c, 0x1b, 0x00, 0x00, 0x00, 0x15, 0x31, 0x18, 0x70, 0x26, 0x00, 0xd2, 0x20, 0x00
    .byte 0x00, 0x2c, 0x3b, 0xe6, 0x21, 0x02, 0x15, 0x39, 0x20, 0x00, 0x00, 0x15, 0x42, 0x18, 0x70, 0x32
    .byte 0x00, 0x00, 0x00, 0x00, 0x00, 0x14, 0x9f, 0x4b, 0x22, 0x02, 0x01, 0x88, 0x4b, 0x22, 0x02, 0x2c
    .byte 0x01, 0x00, 0x00, 0x00, 0x15, 0x45, 0x2c, 0xa7, 0x02, 0x00, 0x00, 0x15, 0x37, 0x18, 0x70, 0x32
    .byte 0x00, 0x00, 0x00, 0x00, 0x00, 0x14, 0x71, 0x4c, 0x22, 0x02, 0x2c, 0x18, 0x00, 0x00, 0x00, 0x15
    .byte 0x67, 0x18, 0x70, 0x14, 0xfc, 0x4b, 0x22, 0x02, 0x15, 0x8b, 0x18, 0x70, 0x32, 0x00, 0x00, 0x00
    .byte 0x00, 0x00, 0x13, 0xdc, 0x4b, 0x22, 0x02, 0x01, 0xc8, 0x4b, 0x22, 0x02, 0x2c, 0xac, 0x03, 0x00
    .byte 0x00, 0x2c, 0x01, 0x00, 0x00, 0x00, 0x20, 0x00, 0x00, 0x20, 0x00, 0x00, 0x15, 0x59, 0x15, 0x5a
    .byte 0x2c, 0xa7, 0x02, 0x00, 0x00, 0x15, 0x35, 0x25, 0x6c, 0x4c, 0x22, 0x02, 0x2c, 0xb9, 0x02, 0x00
    .byte 0x00, 0x15, 0x37, 0x18, 0x70, 0x32, 0x00, 0x01, 0x00, 0x00, 0x00, 0x14, 0x3d, 0x4c, 0x22, 0x02
    .byte 0x15, 0x8b, 0x18, 0x70, 0x32, 0x00, 0x00, 0x00, 0x00, 0x00, 0x13, 0x24, 0x4c, 0x22, 0x02, 0x01
    .byte 0x10, 0x4c, 0x22, 0x02, 0x2c, 0xad, 0x03, 0x00, 0x00, 0x2c, 0x01, 0x00, 0x00, 0x00, 0x20, 0x00
    .byte 0x00, 0x20, 0x00, 0x00, 0x15, 0x59, 0x15, 0x5a, 0x25, 0x6c, 0x4c, 0x22, 0x02, 0x15, 0x8b, 0x18
    .byte 0x70, 0x32, 0x00, 0x00, 0x00, 0x00, 0x00, 0x13, 0x51, 0x4c, 0x22, 0x02, 0x01, 0x3d, 0x4c, 0x22
    .byte 0x02, 0x2c, 0xaf, 0x03, 0x00, 0x00, 0x2c, 0x01, 0x00, 0x00, 0x00, 0x20, 0x00, 0x00, 0x20, 0x00
    .byte 0x00, 0x15, 0x59, 0x15, 0x5a, 0x2c, 0xb9, 0x02, 0x00, 0x00, 0x15, 0x35, 0x25, 0x99, 0x4c, 0x22
    .byte 0x02, 0x15, 0x8b, 0x18, 0x70, 0x32, 0x00, 0x00, 0x00, 0x00, 0x00, 0x13, 0x85, 0x4c, 0x22, 0x02
    .byte 0x01, 0x71, 0x4c, 0x22, 0x02, 0x2c, 0xae, 0x03, 0x00, 0x00, 0x2c, 0x01, 0x00, 0x00, 0x00, 0x20
    .byte 0x00, 0x00, 0x20, 0x00, 0x00, 0x15, 0x59, 0x15, 0x5a, 0x00, 0x00, 0x2c, 0x01, 0x00, 0x00, 0x00
    .byte 0x15, 0xd7, 0x20, 0x00, 0x00, 0x2c, 0xd0, 0xff, 0xff, 0xff, 0x15, 0xd1, 0x2c, 0x01, 0x00, 0x00
    .byte 0x00, 0x2c, 0x2c, 0x4d, 0x22, 0x02, 0x15, 0x29, 0x01, 0x11, 0x4d, 0x22, 0x02, 0x00, 0x2c, 0x01
    .byte 0x00, 0x00, 0x00, 0x15, 0xd7, 0x20, 0x00, 0x00, 0x2c, 0xd0, 0xff, 0xff, 0xff, 0x15, 0xd1, 0x2c
    .byte 0x01, 0x00, 0x00, 0x00, 0x2c, 0xe1, 0x4c, 0x22, 0x02, 0x15, 0x29, 0x01, 0x11, 0x4d, 0x22, 0x02
    .byte 0x00, 0x2c, 0x01, 0x00, 0x00, 0x00, 0x15, 0x45, 0x15, 0x8b, 0x18, 0x70, 0x32, 0x00, 0x00, 0x00
    .byte 0x00, 0x00, 0x13, 0xfc, 0x4c, 0x22, 0x02, 0x01, 0xe8, 0x4c, 0x22, 0x02, 0x2c, 0xb0, 0x03, 0x00
    .byte 0x00, 0x2c, 0x01, 0x00, 0x00, 0x00, 0x20, 0x00, 0x00, 0x20, 0x00, 0x00, 0x15, 0x59, 0x15, 0x5a
    .byte 0x00, 0x20, 0x00, 0x00, 0x15, 0x05, 0x15, 0x16, 0x2c, 0x1e, 0x00, 0x00, 0x00, 0x15, 0x01, 0x18
    .byte 0x70, 0x17, 0x00, 0x15, 0x07, 0x15, 0x08, 0x01, 0x11, 0x4d, 0x22, 0x02, 0x2c, 0x1b, 0x00, 0x00
    .byte 0x00, 0x15, 0x31, 0x18, 0x70, 0x26, 0x00, 0xd2, 0x20, 0x00, 0x00, 0x2c, 0x3b, 0xe6, 0x21, 0x02
    .byte 0x15, 0x39, 0x20, 0x00, 0x00, 0x15, 0x42, 0x18, 0x70, 0x32, 0x00, 0x00, 0x00, 0x00, 0x00, 0x14
    .byte 0x59, 0x4d, 0x22, 0x02, 0x01, 0x42, 0x4d, 0x22, 0x02, 0x2c, 0x01, 0x00, 0x00, 0x00, 0x15, 0x45
    .byte 0x2c, 0x7b, 0x02, 0x00, 0x00, 0x15, 0x37, 0x18, 0x70, 0x32, 0x00, 0x00, 0x00, 0x00, 0x00, 0x14
    .byte 0xf9, 0x4d, 0x22, 0x02, 0x15, 0x8b, 0x18, 0x70, 0x32, 0x00, 0x00, 0x00, 0x00, 0x00, 0x13, 0x88
    .byte 0x4d, 0x22, 0x02, 0x01, 0x74, 0x4d, 0x22, 0x02, 0x2c, 0xb1, 0x03, 0x00, 0x00, 0x2c, 0x01, 0x00
    .byte 0x00, 0x00, 0x20, 0x00, 0x00, 0x20, 0x00, 0x00, 0x15, 0x59, 0x15, 0x5a, 0x15, 0x8b, 0x18, 0x70
    .byte 0x32, 0x00, 0x00, 0x00, 0x00, 0x00, 0x13, 0xb0, 0x4d, 0x22, 0x02, 0x01, 0x9c, 0x4d, 0x22, 0x02
    .byte 0x2c, 0xb2, 0x03, 0x00, 0x00, 0x2c, 0x01, 0x00, 0x00, 0x00, 0x20, 0x00, 0x00, 0x20, 0x00, 0x00
    .byte 0x15, 0x59, 0x15, 0x5a, 0x2c, 0x7b, 0x02, 0x00, 0x00, 0x15, 0x35, 0x2c, 0x04, 0x00, 0x00, 0x00
    .byte 0x15, 0x37, 0x18, 0x70, 0x32, 0x00, 0x01, 0x00, 0x00, 0x00, 0x14, 0xf8, 0x4d, 0x22, 0x02, 0x2c
    .byte 0xc2, 0x03, 0x00, 0x00, 0x15, 0x37, 0x18, 0x70, 0x32, 0x00, 0x00, 0x00, 0x00, 0x00, 0x14, 0xf8
    .byte 0x4d, 0x22, 0x02, 0x01, 0x6f, 0x4e, 0x22, 0x02, 0x00, 0x2c, 0x04, 0x00, 0x00, 0x00, 0x15, 0x37
    .byte 0x18, 0x70, 0x32, 0x00, 0x01, 0x00, 0x00, 0x00, 0x14, 0x26, 0x4e, 0x22, 0x02, 0x2c, 0xc2, 0x03
    .byte 0x00, 0x00, 0x15, 0x37, 0x18, 0x70, 0x32, 0x00, 0x00, 0x00, 0x00, 0x00, 0x14, 0x26, 0x4e, 0x22
    .byte 0x02, 0x01, 0x6f, 0x4e, 0x22, 0x02, 0x2c, 0x7b, 0x02, 0x00, 0x00, 0x15, 0x37, 0x18, 0x70, 0x32
    .byte 0x00, 0x01, 0x00, 0x00, 0x00, 0x14, 0x62, 0x4e, 0x22, 0x02, 0x15, 0x8b, 0x18, 0x70, 0x32, 0x00
    .byte 0x00, 0x00, 0x00, 0x00, 0x13, 0x4e, 0x4e, 0x22, 0x02, 0x01, 0x3a, 0x4e, 0x22, 0x02, 0x2c, 0xb3
    .byte 0x03, 0x00, 0x00, 0x2c, 0x01, 0x00, 0x00, 0x00, 0x20, 0x00, 0x00, 0x20, 0x00, 0x00, 0x15, 0x59
    .byte 0x15, 0x5a, 0x2c, 0x04, 0x00, 0x00, 0x00, 0x2c, 0x11, 0x4d, 0x22, 0x02, 0x15, 0x39, 0x00, 0x2c
    .byte 0x1b, 0x00, 0x00, 0x00, 0x15, 0x31, 0x18, 0x70, 0x26, 0x00, 0xd2, 0x20, 0x00, 0x00, 0x2c, 0x3b
    .byte 0xe6, 0x21, 0x02, 0x15, 0x39, 0x20, 0x00, 0x00, 0x15, 0x42, 0x18, 0x70, 0x32, 0x00, 0x00, 0x00
    .byte 0x00, 0x00, 0x14, 0x9c, 0x4e, 0x22, 0x02, 0x01, 0x85, 0x4e, 0x22, 0x02, 0x2c, 0x1e, 0x00, 0x00
    .byte 0x00, 0x15, 0x07, 0x15, 0x08, 0x2c, 0x01, 0x00, 0x00, 0x00, 0x15, 0x45, 0x15, 0x8b, 0x18, 0x70
    .byte 0x32, 0x00, 0x00, 0x00, 0x00, 0x00, 0x13, 0xc0, 0x4e, 0x22, 0x02, 0x01, 0xac, 0x4e, 0x22, 0x02
    .byte 0x2c, 0xb4, 0x03, 0x00, 0x00, 0x2c, 0x01, 0x00, 0x00, 0x00, 0x20, 0x00, 0x00, 0x20, 0x00, 0x00
    .byte 0x15, 0x59, 0x15, 0x5a, 0x01, 0xd9, 0x4e, 0x22, 0x02, 0x20, 0x00, 0x00, 0x15, 0x05, 0x2c, 0x01
    .byte 0x00, 0x00, 0x00, 0x15, 0x06, 0x20, 0x00, 0x00, 0x2c, 0xb0, 0x50, 0x22, 0x02, 0x15, 0x39, 0x20
    .byte 0x00, 0x00, 0x15, 0x42, 0x18, 0x70, 0x32, 0x00, 0x00, 0x00, 0x00, 0x00, 0x14, 0x06, 0x4f, 0x22
    .byte 0x02, 0x01, 0xef, 0x4e, 0x22, 0x02, 0x2c, 0x0a, 0x00, 0x00, 0x00, 0x15, 0x07, 0x15, 0x08, 0x2c
    .byte 0x06, 0x00, 0x00, 0x00, 0x15, 0x05, 0x2c, 0x01, 0x00, 0x00, 0x00, 0x15, 0x06, 0x2c, 0x1e, 0x00
    .byte 0x00, 0x00, 0x15, 0x07, 0x15, 0x08, 0x2c, 0x01, 0x00, 0x00, 0x00, 0x15, 0x45, 0x15, 0x8b, 0x18
    .byte 0x70, 0x32, 0x00, 0x00, 0x00, 0x00, 0x00, 0x13, 0x41, 0x4f, 0x22, 0x02, 0x01, 0x2d, 0x4f, 0x22
    .byte 0x02, 0x2c, 0xb6, 0x03, 0x00, 0x00, 0x2c, 0x01, 0x00, 0x00, 0x00, 0x20, 0x00, 0x00, 0x20, 0x00
    .byte 0x00, 0x15, 0x59, 0x15, 0x5a, 0x2c, 0x1e, 0x00, 0x00, 0x00, 0x15, 0x07, 0x15, 0x08, 0x2c, 0x04
    .byte 0x00, 0x00, 0x00, 0x15, 0x05, 0x2c, 0x01, 0x00, 0x00, 0x00, 0x15, 0x06, 0x2c, 0x3c, 0x00, 0x00
    .byte 0x00, 0x15, 0x07, 0x15, 0x08, 0x2c, 0x05, 0x00, 0x00, 0x00, 0x15, 0x05, 0x2c, 0x5a, 0x00, 0x00
    .byte 0x00, 0x15, 0x07, 0x15, 0x08, 0x2c, 0x04, 0x00, 0x00, 0x00, 0x15, 0x05, 0x2c, 0x01, 0x00, 0x00
    .byte 0x00, 0x15, 0x06, 0x2c, 0x3c, 0x00, 0x00, 0x00, 0x15, 0x07, 0x15, 0x08, 0x2c, 0x01, 0x00, 0x00
    .byte 0x00, 0x15, 0x25, 0x2c, 0x3c, 0x00, 0x00, 0x00, 0x15, 0x07, 0x15, 0x08, 0x20, 0x00, 0x00, 0x15
    .byte 0x25, 0x2c, 0x05, 0x00, 0x00, 0x00, 0x15, 0x05, 0x2c, 0x78, 0x00, 0x00, 0x00, 0x15, 0x07, 0x15
    .byte 0x08, 0x2c, 0x00, 0x02, 0x00, 0x00, 0x15, 0x17, 0x2c, 0x04, 0x00, 0x00, 0x00, 0x15, 0x05, 0x2c
    .byte 0x01, 0x00, 0x00, 0x00, 0x15, 0x06, 0x2c, 0x78, 0x00, 0x00, 0x00, 0x15, 0x07, 0x15, 0x08, 0x20
    .byte 0x00, 0x00, 0x15, 0xbb, 0x20, 0x00, 0x00, 0x2c, 0x02, 0x00, 0x00, 0x00, 0x15, 0x4b, 0x2c, 0x02
    .byte 0x00, 0x00, 0x00, 0x15, 0x4c, 0x18, 0x70, 0x32, 0x00, 0x00, 0x00, 0x00, 0x00, 0x13, 0x07, 0x50
    .byte 0x22, 0x02, 0x01, 0xee, 0x4f, 0x22, 0x02, 0x2c, 0x02, 0x00, 0x00, 0x00, 0x15, 0x07, 0x15, 0x08
    .byte 0x2c, 0x05, 0x00, 0x00, 0x00, 0x2c, 0x95, 0x04, 0x00, 0x00, 0x20, 0x00, 0x00, 0x15, 0xce, 0x2c
    .byte 0x01, 0x00, 0x00, 0x00, 0x15, 0x07, 0x15, 0x08, 0x2c, 0x01, 0x00, 0x00, 0x00, 0x2c, 0x02, 0x00
    .byte 0x00, 0x00, 0x15, 0x4b, 0x2c, 0x02, 0x00, 0x00, 0x00, 0x15, 0x4c, 0x18, 0x70, 0x32, 0x00, 0x00
    .byte 0x00, 0x00, 0x00, 0x13, 0x4d, 0x50, 0x22, 0x02, 0x01, 0x34, 0x50, 0x22, 0x02, 0x2c, 0x00, 0x01
    .byte 0x00, 0x00, 0x15, 0x17, 0x2c, 0x06, 0x00, 0x00, 0x00, 0x15, 0x05, 0x2c, 0x01, 0x00, 0x00, 0x00
    .byte 0x15, 0x06, 0x2c, 0x3c, 0x00, 0x00, 0x00, 0x15, 0x07, 0x15, 0x08, 0x2c, 0x01, 0x00, 0x00, 0x00
    .byte 0x15, 0x45, 0x15, 0x8b, 0x18, 0x70, 0x32, 0x00, 0x00, 0x00, 0x00, 0x00, 0x13, 0x86, 0x50, 0x22
    .byte 0x02, 0x01, 0x72, 0x50, 0x22, 0x02, 0x2c, 0xb7, 0x03, 0x00, 0x00, 0x2c, 0x01, 0x00, 0x00, 0x00
    .byte 0x20, 0x00, 0x00, 0x20, 0x00, 0x00, 0x15, 0x59, 0x15, 0x5a, 0x2c, 0x1e, 0x00, 0x00, 0x00, 0x15
    .byte 0x07, 0x15, 0x08, 0x2c, 0x01, 0x00, 0x00, 0x00, 0x2c, 0xe1, 0x4c, 0x22, 0x02, 0x15, 0x29, 0x00
    .byte 0x2c, 0x04, 0x00, 0x00, 0x00, 0x2c, 0x07, 0x00, 0x00, 0x00, 0x15, 0x47, 0x18, 0x70, 0x17, 0x00
    .byte 0x2c, 0x04, 0x00, 0x00, 0x00, 0x2c, 0x08, 0x00, 0x00, 0x00, 0x15, 0x47, 0x18, 0x70, 0x17, 0x00
    .byte 0x15, 0x1e, 0x18, 0x70, 0x28, 0x00, 0x00, 0x2c, 0x09, 0x10, 0x00, 0x00, 0x2c, 0x01, 0x10, 0x00
    .byte 0x00, 0x2c, 0x0a, 0x10, 0x00, 0x00, 0x2c, 0x02, 0x00, 0x00, 0x00, 0x2b, 0x00, 0x00, 0x05, 0x00
    .byte 0x1c, 0x00, 0x00, 0x00, 0x17, 0x00, 0x15, 0x73, 0x2b, 0x00, 0x00, 0x05, 0x00, 0x1c, 0x00, 0x00
    .byte 0x00, 0x17, 0x00, 0x15, 0x05, 0x15, 0x16, 0x2b, 0x00, 0x00, 0x05, 0x00, 0x1c, 0x00, 0x00, 0x00
    .byte 0x17, 0x00, 0x15, 0x05, 0x15, 0x16, 0x2c, 0x0f, 0x00, 0x00, 0x00, 0x15, 0x07, 0x15, 0x08, 0x2c
    .byte 0x0b, 0x10, 0x00, 0x00, 0x2c, 0x01, 0x10, 0x00, 0x00, 0x2c, 0x0c, 0x10, 0x00, 0x00, 0x2c, 0x02
    .byte 0x00, 0x00, 0x00, 0x2b, 0x00, 0x00, 0x05, 0x00, 0x08, 0x00, 0x00, 0x00, 0x17, 0x00, 0x15, 0x73
    .byte 0x2b, 0x00, 0x00, 0x05, 0x00, 0x08, 0x00, 0x00, 0x00, 0x17, 0x00, 0x15, 0x05, 0x2c, 0x1e, 0x00
    .byte 0x00, 0x00, 0x15, 0x07, 0x15, 0x08, 0x2c, 0x00, 0x10, 0x00, 0x00, 0x2c, 0x01, 0x10, 0x00, 0x00
    .byte 0x2c, 0x02, 0x10, 0x00, 0x00, 0x2c, 0x02, 0x00, 0x00, 0x00, 0x2b, 0x00, 0x00, 0x05, 0x00, 0x08
    .byte 0x00, 0x00, 0x00, 0x17, 0x00, 0x15, 0x73, 0x20, 0x00, 0x00, 0x15, 0x55, 0x00, 0x2c, 0x14, 0x00
    .byte 0x00, 0x00, 0x15, 0x07, 0x15, 0x08, 0x2c, 0x04, 0x00, 0x00, 0x00, 0x2c, 0x07, 0x00, 0x00, 0x00
    .byte 0x15, 0x47, 0x18, 0x70, 0x17, 0x00, 0x2c, 0x04, 0x00, 0x00, 0x00, 0x2c, 0x08, 0x00, 0x00, 0x00
    .byte 0x15, 0x47, 0x18, 0x70, 0x17, 0x00, 0x15, 0x1e, 0x18, 0x70, 0x17, 0x00, 0x15, 0x75, 0x2c, 0x00
    .byte 0x10, 0x00, 0x00, 0x2c, 0x01, 0x10, 0x00, 0x00, 0x2c, 0x02, 0x10, 0x00, 0x00, 0x2c, 0x02, 0x00
    .byte 0x00, 0x00, 0x2c, 0x04, 0x00, 0x00, 0x00, 0x2c, 0x07, 0x00, 0x00, 0x00, 0x15, 0x47, 0x18, 0x70
    .byte 0x17, 0x00, 0x2c, 0x04, 0x00, 0x00, 0x00, 0x2c, 0x08, 0x00, 0x00, 0x00, 0x15, 0x47, 0x18, 0x70
    .byte 0x17, 0x00, 0x15, 0x1e, 0x18, 0x70, 0x05, 0x00, 0x08, 0x00, 0x00, 0x00, 0x17, 0x00, 0x15, 0x73
    .byte 0x2c, 0x01, 0x00, 0x00, 0x00, 0x15, 0x06, 0x00, 0x00, 0x2c, 0x05, 0x00, 0x00, 0x00, 0x2c, 0x06
    .byte 0x00, 0x00, 0x00, 0x15, 0x47, 0x18, 0x70, 0x32, 0x00, 0x00, 0x00, 0x00, 0x00, 0x14, 0x60, 0x52
    .byte 0x22, 0x02, 0x2c, 0x05, 0x00, 0x00, 0x00, 0x2c, 0xe0, 0x59, 0x22, 0x02, 0x15, 0x39, 0x2c, 0x05
    .byte 0x00, 0x00, 0x00, 0x15, 0x42, 0x18, 0x70, 0x32, 0x00, 0x00, 0x00, 0x00, 0x00, 0x14, 0x37, 0x52
    .byte 0x22, 0x02, 0x01, 0x1e, 0x52, 0x22, 0x02, 0x2c, 0x05, 0x00, 0x00, 0x00, 0x2c, 0x06, 0x00, 0x00
    .byte 0x00, 0x15, 0x47, 0x18, 0x70, 0x14, 0x5b, 0x52, 0x22, 0x02, 0x2c, 0x05, 0x00, 0x00, 0x00, 0x2c
    .byte 0x46, 0x57, 0x22, 0x02, 0x15, 0x39, 0x25, 0x60, 0x52, 0x22, 0x02, 0x01, 0x37, 0x52, 0x22, 0x02
    .byte 0x15, 0x1f, 0x18, 0x70, 0x17, 0x00, 0x15, 0x20, 0x18, 0x70, 0x17, 0x00, 0x15, 0x27, 0x18, 0x70
    .byte 0x17, 0x00, 0x2c, 0x05, 0x00, 0x00, 0x00, 0x2c, 0x07, 0x00, 0x00, 0x00, 0x15, 0x47, 0x18, 0x70
    .byte 0x17, 0x00, 0x2c, 0x05, 0x00, 0x00, 0x00, 0x2c, 0x08, 0x00, 0x00, 0x00, 0x15, 0x47, 0x18, 0x70
    .byte 0x17, 0x00, 0x2c, 0x05, 0x00, 0x00, 0x00, 0x2c, 0x09, 0x00, 0x00, 0x00, 0x15, 0x47, 0x18, 0x70
    .byte 0x17, 0x00, 0x15, 0x65, 0x18, 0x70, 0x33, 0x00, 0x40, 0x00, 0x00, 0x00, 0x14, 0x3d, 0x53, 0x22
    .byte 0x02, 0x2c, 0x05, 0x00, 0x00, 0x00, 0x2c, 0xe0, 0x59, 0x22, 0x02, 0x15, 0x39, 0x2c, 0x05, 0x00
    .byte 0x00, 0x00, 0x15, 0x42, 0x18, 0x70, 0x32, 0x00, 0x00, 0x00, 0x00, 0x00, 0x14, 0xd6, 0x52, 0x22
    .byte 0x02, 0x01, 0xbd, 0x52, 0x22, 0x02, 0x15, 0x1f, 0x18, 0x70, 0x17, 0x00, 0x15, 0x20, 0x18, 0x70
    .byte 0x17, 0x00, 0x15, 0x27, 0x18, 0x70, 0x17, 0x00, 0x2c, 0x05, 0x00, 0x00, 0x00, 0x2c, 0x07, 0x00
    .byte 0x00, 0x00, 0x15, 0x47, 0x18, 0x70, 0x17, 0x00, 0x2c, 0x05, 0x00, 0x00, 0x00, 0x2c, 0x08, 0x00
    .byte 0x00, 0x00, 0x15, 0x47, 0x18, 0x70, 0x17, 0x00, 0x2c, 0x05, 0x00, 0x00, 0x00, 0x2c, 0x09, 0x00
    .byte 0x00, 0x00, 0x15, 0x47, 0x18, 0x70, 0x17, 0x00, 0x15, 0x65, 0x18, 0x70, 0x30, 0x00, 0x40, 0x00
    .byte 0x00, 0x00, 0x14, 0x38, 0x53, 0x22, 0x02, 0x2c, 0x05, 0x00, 0x00, 0x00, 0x2c, 0x46, 0x57, 0x22
    .byte 0x02, 0x15, 0x39, 0x25, 0x3d, 0x53, 0x22, 0x02, 0x01, 0xd6, 0x52, 0x22, 0x02, 0x20, 0x00, 0x00
    .byte 0x2c, 0xff, 0xff, 0xff, 0xff, 0x2c, 0xff, 0xff, 0xff, 0xff, 0x15, 0xdd, 0x18, 0x70, 0x14, 0x8a
    .byte 0x54, 0x22, 0x02, 0x2c, 0x03, 0x00, 0x00, 0x00, 0x2c, 0xff, 0xff, 0xff, 0xff, 0x2c, 0xff, 0xff
    .byte 0xff, 0xff, 0x15, 0xdd, 0x18, 0x70, 0x35, 0x00, 0x02, 0x00, 0x00, 0x00, 0x14, 0x8a, 0x54, 0x22
    .byte 0x02, 0x2c, 0x01, 0x00, 0x00, 0x00, 0x2c, 0x07, 0x00, 0x00, 0x00, 0x15, 0x47, 0x18, 0x70, 0x17
    .byte 0x00, 0x2c, 0x01, 0x00, 0x00, 0x00, 0x2c, 0x08, 0x00, 0x00, 0x00, 0x15, 0x47, 0x18, 0x70, 0x17
    .byte 0x00, 0x2c, 0x01, 0x00, 0x00, 0x00, 0x2c, 0x09, 0x00, 0x00, 0x00, 0x15, 0x47, 0x18, 0x70, 0x17
    .byte 0x00, 0x2c, 0x05, 0x00, 0x00, 0x00, 0x2c, 0x07, 0x00, 0x00, 0x00, 0x15, 0x47, 0x18, 0x70, 0x17
    .byte 0x00, 0x2c, 0x05, 0x00, 0x00, 0x00, 0x2c, 0x08, 0x00, 0x00, 0x00, 0x15, 0x47, 0x18, 0x70, 0x17
    .byte 0x00, 0x2c, 0x05, 0x00, 0x00, 0x00, 0x2c, 0x09, 0x00, 0x00, 0x00, 0x15, 0x47, 0x18, 0x70, 0x17
    .byte 0x00, 0x15, 0x65, 0x18, 0x70, 0x33, 0x00, 0x40, 0x00, 0x00, 0x00, 0x14, 0x8a, 0x54, 0x22, 0x02
    .byte 0x2c, 0x05, 0x00, 0x00, 0x00, 0x2c, 0xe0, 0x59, 0x22, 0x02, 0x15, 0x39, 0x2c, 0x05, 0x00, 0x00
    .byte 0x00, 0x15, 0x42, 0x18, 0x70, 0x32, 0x00, 0x00, 0x00, 0x00, 0x00, 0x14, 0x05, 0x54, 0x22, 0x02
    .byte 0x01, 0xec, 0x53, 0x22, 0x02, 0x2c, 0x01, 0x00, 0x00, 0x00, 0x2c, 0x07, 0x00, 0x00, 0x00, 0x15
    .byte 0x47, 0x18, 0x70, 0x17, 0x00, 0x2c, 0x01, 0x00, 0x00, 0x00, 0x2c, 0x08, 0x00, 0x00, 0x00, 0x15
    .byte 0x47, 0x18, 0x70, 0x17, 0x00, 0x2c, 0x01, 0x00, 0x00, 0x00, 0x2c, 0x09, 0x00, 0x00, 0x00, 0x15
    .byte 0x47, 0x18, 0x70, 0x17, 0x00, 0x2c, 0x05, 0x00, 0x00, 0x00, 0x2c, 0x07, 0x00, 0x00, 0x00, 0x15
    .byte 0x47, 0x18, 0x70, 0x17, 0x00, 0x2c, 0x05, 0x00, 0x00, 0x00, 0x2c, 0x08, 0x00, 0x00, 0x00, 0x15
    .byte 0x47, 0x18, 0x70, 0x17, 0x00, 0x2c, 0x05, 0x00, 0x00, 0x00, 0x2c, 0x09, 0x00, 0x00, 0x00, 0x15
    .byte 0x47, 0x18, 0x70, 0x17, 0x00, 0x15, 0x65, 0x18, 0x70, 0x30, 0x00, 0x40, 0x00, 0x00, 0x00, 0x14
    .byte 0x85, 0x54, 0x22, 0x02, 0x2c, 0x05, 0x00, 0x00, 0x00, 0x2c, 0x46, 0x57, 0x22, 0x02, 0x15, 0x39
    .byte 0x25, 0x8a, 0x54, 0x22, 0x02, 0x01, 0x05, 0x54, 0x22, 0x02, 0x2a, 0x00, 0x01, 0x32, 0x00, 0x01
    .byte 0x00, 0x00, 0x00, 0x14, 0x0a, 0x55, 0x22, 0x02, 0x2c, 0x05, 0x00, 0x00, 0x00, 0x2c, 0x08, 0x00
    .byte 0x00, 0x00, 0x15, 0x47, 0x18, 0x70, 0x15, 0x20, 0x18, 0x71, 0x1e, 0x10, 0x14, 0x05, 0x55, 0x22
    .byte 0x02, 0x2c, 0x05, 0x00, 0x00, 0x00, 0x2c, 0xe0, 0x59, 0x22, 0x02, 0x15, 0x39, 0x2c, 0x05, 0x00
    .byte 0x00, 0x00, 0x15, 0x42, 0x18, 0x70, 0x32, 0x00, 0x00, 0x00, 0x00, 0x00, 0x14, 0xd6, 0x54, 0x22
    .byte 0x02, 0x01, 0xbd, 0x54, 0x22, 0x02, 0x2c, 0x05, 0x00, 0x00, 0x00, 0x2c, 0x08, 0x00, 0x00, 0x00
    .byte 0x15, 0x47, 0x18, 0x70, 0x15, 0x20, 0x18, 0x71, 0x1b, 0x10, 0x14, 0x00, 0x55, 0x22, 0x02, 0x2c
    .byte 0x05, 0x00, 0x00, 0x00, 0x2c, 0x46, 0x57, 0x22, 0x02, 0x15, 0x39, 0x25, 0x05, 0x55, 0x22, 0x02
    .byte 0x01, 0xd6, 0x54, 0x22, 0x02, 0x25, 0x85, 0x55, 0x22, 0x02, 0x2a, 0x00, 0x01, 0x32, 0x00, 0x02
    .byte 0x00, 0x00, 0x00, 0x14, 0x85, 0x55, 0x22, 0x02, 0x2c, 0x05, 0x00, 0x00, 0x00, 0x2c, 0x08, 0x00
    .byte 0x00, 0x00, 0x15, 0x47, 0x18, 0x70, 0x15, 0x20, 0x18, 0x71, 0x1e, 0x10, 0x14, 0x85, 0x55, 0x22
    .byte 0x02, 0x2c, 0x05, 0x00, 0x00, 0x00, 0x2c, 0xe0, 0x59, 0x22, 0x02, 0x15, 0x39, 0x2c, 0x05, 0x00
    .byte 0x00, 0x00, 0x15, 0x42, 0x18, 0x70, 0x32, 0x00, 0x00, 0x00, 0x00, 0x00, 0x14, 0x56, 0x55, 0x22
    .byte 0x02, 0x01, 0x3d, 0x55, 0x22, 0x02, 0x2c, 0x05, 0x00, 0x00, 0x00, 0x2c, 0x08, 0x00, 0x00, 0x00
    .byte 0x15, 0x47, 0x18, 0x70, 0x15, 0x20, 0x18, 0x71, 0x1b, 0x10, 0x14, 0x80, 0x55, 0x22, 0x02, 0x2c
    .byte 0x05, 0x00, 0x00, 0x00, 0x2c, 0x46, 0x57, 0x22, 0x02, 0x15, 0x39, 0x25, 0x85, 0x55, 0x22, 0x02
    .byte 0x01, 0x56, 0x55, 0x22, 0x02, 0x20, 0x00, 0x00, 0x2c, 0xff, 0xff, 0xff, 0xff, 0x2c, 0xff, 0xff
    .byte 0xff, 0xff, 0x15, 0xdd, 0x18, 0x70, 0x14, 0xdc, 0x56, 0x22, 0x02, 0x2c, 0x03, 0x00, 0x00, 0x00
    .byte 0x2c, 0xff, 0xff, 0xff, 0xff, 0x2c, 0xff, 0xff, 0xff, 0xff, 0x15, 0xdd, 0x18, 0x70, 0x35, 0x00
    .byte 0x02, 0x00, 0x00, 0x00, 0x14, 0xdc, 0x56, 0x22, 0x02, 0x2a, 0x00, 0x01, 0x32, 0x00, 0x01, 0x00
    .byte 0x00, 0x00, 0x14, 0x4d, 0x56, 0x22, 0x02, 0x2c, 0x05, 0x00, 0x00, 0x00, 0x2c, 0x08, 0x00, 0x00
    .byte 0x00, 0x15, 0x47, 0x18, 0x70, 0x2c, 0x01, 0x00, 0x00, 0x00, 0x2c, 0x08, 0x00, 0x00, 0x00, 0x15
    .byte 0x47, 0x18, 0x71, 0x1e, 0x10, 0x14, 0x48, 0x56, 0x22, 0x02, 0x2c, 0x05, 0x00, 0x00, 0x00, 0x2c
    .byte 0xe0, 0x59, 0x22, 0x02, 0x15, 0x39, 0x2c, 0x05, 0x00, 0x00, 0x00, 0x15, 0x42, 0x18, 0x70, 0x32
    .byte 0x00, 0x00, 0x00, 0x00, 0x00, 0x14, 0x0f, 0x56, 0x22, 0x02, 0x01, 0xf6, 0x55, 0x22, 0x02, 0x2c
    .byte 0x05, 0x00, 0x00, 0x00, 0x2c, 0x07, 0x00, 0x00, 0x00, 0x15, 0x47, 0x18, 0x70, 0x2c, 0x01, 0x00
    .byte 0x00, 0x00, 0x2c, 0x07, 0x00, 0x00, 0x00, 0x15, 0x47, 0x18, 0x71, 0x1b, 0x10, 0x14, 0x43, 0x56
    .byte 0x22, 0x02, 0x2c, 0x05, 0x00, 0x00, 0x00, 0x2c, 0x46, 0x57, 0x22, 0x02, 0x15, 0x39, 0x25, 0x48
    .byte 0x56, 0x22, 0x02, 0x01, 0x0f, 0x56, 0x22, 0x02, 0x25, 0xdc, 0x56, 0x22, 0x02, 0x2a, 0x00, 0x01
    .byte 0x32, 0x00, 0x02, 0x00, 0x00, 0x00, 0x14, 0xdc, 0x56, 0x22, 0x02, 0x2c, 0x05, 0x00, 0x00, 0x00
    .byte 0x2c, 0x08, 0x00, 0x00, 0x00, 0x15, 0x47, 0x18, 0x70, 0x2c, 0x01, 0x00, 0x00, 0x00, 0x2c, 0x08
    .byte 0x00, 0x00, 0x00, 0x15, 0x47, 0x18, 0x71, 0x1e, 0x10, 0x14, 0xdc, 0x56, 0x22, 0x02, 0x2c, 0x05
    .byte 0x00, 0x00, 0x00, 0x2c, 0xe0, 0x59, 0x22, 0x02, 0x15, 0x39, 0x2c, 0x05, 0x00, 0x00, 0x00, 0x15
    .byte 0x42, 0x18, 0x70, 0x32, 0x00, 0x00, 0x00, 0x00, 0x00, 0x14, 0xa3, 0x56, 0x22, 0x02, 0x01, 0x8a
    .byte 0x56, 0x22, 0x02, 0x2c, 0x05, 0x00, 0x00, 0x00, 0x2c, 0x08, 0x00, 0x00, 0x00, 0x15, 0x47, 0x18
    .byte 0x70, 0x2c, 0x01, 0x00, 0x00, 0x00, 0x2c, 0x08, 0x00, 0x00, 0x00, 0x15, 0x47, 0x18, 0x71, 0x1b
    .byte 0x10, 0x14, 0xd7, 0x56, 0x22, 0x02, 0x2c, 0x05, 0x00, 0x00, 0x00, 0x2c, 0x46, 0x57, 0x22, 0x02
    .byte 0x15, 0x39, 0x25, 0xdc, 0x56, 0x22, 0x02, 0x01, 0xa3, 0x56, 0x22, 0x02, 0x01, 0xf9, 0x51, 0x22
    .byte 0x02, 0x00, 0x2c, 0x12, 0x00, 0x00, 0x00, 0x15, 0x05, 0x2c, 0x01, 0x00, 0x00, 0x00, 0x15, 0x06
    .byte 0x2c, 0x01, 0x00, 0x00, 0x00, 0x15, 0xd7, 0x2c, 0x01, 0x00, 0x00, 0x00, 0x2c, 0xe8, 0xff, 0xff
    .byte 0xff, 0x2c, 0xe0, 0xff, 0xff, 0xff, 0x2c, 0x18, 0x00, 0x00, 0x00, 0x2c, 0x20, 0x00, 0x00, 0x00
    .byte 0x15, 0xd8, 0x2c, 0x1e, 0x00, 0x00, 0x00, 0x2c, 0x0a, 0x00, 0x00, 0x00, 0x15, 0x32, 0x2c, 0x1f
    .byte 0x00, 0x00, 0x00, 0x2c, 0x00, 0x01, 0x00, 0x00, 0x15, 0x32, 0x2c, 0x1d, 0x00, 0x00, 0x00, 0x2c
    .byte 0x01, 0x00, 0x00, 0x00, 0x15, 0x32, 0x2c, 0x80, 0x03, 0x00, 0x00, 0x2c, 0x70, 0x00, 0x00, 0x00
    .byte 0x20, 0x00, 0x00, 0x15, 0x02, 0x00, 0x2c, 0x05, 0x00, 0x00, 0x00, 0x2c, 0x64, 0x00, 0x00, 0x00
    .byte 0x15, 0xe0, 0x18, 0x70, 0x32, 0x00, 0x01, 0x00, 0x00, 0x00, 0x14, 0x89, 0x57, 0x22, 0x02, 0x2c
    .byte 0x17, 0x00, 0x00, 0x00, 0x2c, 0x64, 0x00, 0x00, 0x00, 0x20, 0x00, 0x00, 0x15, 0x0a, 0x2c, 0x1c
    .byte 0x00, 0x00, 0x00, 0x2c, 0x64, 0x00, 0x00, 0x00, 0x2c, 0x7f, 0x00, 0x00, 0x00, 0x2c, 0x05, 0x00
    .byte 0x00, 0x00, 0x15, 0x0c, 0x25, 0x9a, 0x57, 0x22, 0x02, 0x2c, 0x15, 0x00, 0x00, 0x00, 0x2c, 0x64
    .byte 0x00, 0x00, 0x00, 0x2c, 0x7f, 0x00, 0x00, 0x00, 0x15, 0x0a, 0x2c, 0x01, 0x00, 0x00, 0x00, 0x15
    .byte 0x2b, 0x2a, 0x00, 0x01, 0x33, 0x00, 0x01, 0x00, 0x00, 0x00, 0x14, 0x37, 0x59, 0x22, 0x02, 0x03
    .byte 0x00, 0x01, 0x00, 0x00, 0x00, 0x27, 0x00, 0x01, 0x2c, 0x80, 0x03, 0x00, 0x00, 0x2c, 0xe0, 0x00
    .byte 0x00, 0x00, 0x20, 0x00, 0x00, 0x2c, 0x00, 0x0c, 0x00, 0x00, 0x2c, 0x05, 0x00, 0x00, 0x00, 0x20
    .byte 0x00, 0x00, 0x15, 0x1a, 0x15, 0x22, 0x18, 0x70, 0x14, 0xfa, 0x57, 0x22, 0x02, 0x2c, 0x01, 0x00
    .byte 0x00, 0x00, 0x15, 0x10, 0x18, 0x70, 0x17, 0x00, 0x15, 0x11, 0x18, 0x70, 0x17, 0x00, 0x2c, 0xa0
    .byte 0x00, 0x00, 0x00, 0x15, 0x89, 0x01, 0xd4, 0x57, 0x22, 0x02, 0x15, 0x28, 0x2c, 0x05, 0x00, 0x00
    .byte 0x00, 0x2c, 0x64, 0x00, 0x00, 0x00, 0x15, 0xe0, 0x18, 0x70, 0x32, 0x00, 0x01, 0x00, 0x00, 0x00
    .byte 0x14, 0x3c, 0x58, 0x22, 0x02, 0x2c, 0x1c, 0x00, 0x00, 0x00, 0x2c, 0x64, 0x00, 0x00, 0x00, 0x2c
    .byte 0x40, 0x00, 0x00, 0x00, 0x2c, 0x05, 0x00, 0x00, 0x00, 0x15, 0x0c, 0x2c, 0x17, 0x00, 0x00, 0x00
    .byte 0x2c, 0x64, 0x00, 0x00, 0x00, 0x2c, 0x01, 0x00, 0x00, 0x00, 0x15, 0x0a, 0x03, 0x00, 0x00, 0x00
    .byte 0x00, 0x00, 0x32, 0x00, 0x07, 0x00, 0x00, 0x00, 0x14, 0x59, 0x58, 0x22, 0x02, 0x2c, 0x10, 0x00
    .byte 0x00, 0x00, 0x15, 0x05, 0x25, 0x60, 0x58, 0x22, 0x02, 0x2c, 0x11, 0x00, 0x00, 0x00, 0x15, 0x05
    .byte 0x2c, 0x01, 0x00, 0x00, 0x00, 0x15, 0x06, 0x03, 0x00, 0x3c, 0x00, 0x00, 0x00, 0x2c, 0x1e, 0x00
    .byte 0x00, 0x00, 0x15, 0x01, 0x18, 0x71, 0x04, 0x10, 0x17, 0x00, 0x15, 0x07, 0x15, 0x08, 0x03, 0x00
    .byte 0x00, 0x00, 0x00, 0x00, 0x32, 0x00, 0x00, 0x00, 0x00, 0x00, 0x14, 0x9b, 0x58, 0x22, 0x02, 0x2c
    .byte 0x17, 0x00, 0x00, 0x00, 0x15, 0x05, 0x25, 0xa2, 0x58, 0x22, 0x02, 0x2c, 0x0f, 0x00, 0x00, 0x00
    .byte 0x15, 0x05, 0x2c, 0x01, 0x00, 0x00, 0x00, 0x15, 0x06, 0x03, 0x00, 0x3c, 0x00, 0x00, 0x00, 0x2c
    .byte 0x1e, 0x00, 0x00, 0x00, 0x15, 0x01, 0x18, 0x71, 0x04, 0x10, 0x17, 0x00, 0x15, 0x07, 0x15, 0x08
    .byte 0x2c, 0x08, 0x00, 0x00, 0x00, 0x15, 0x05, 0x2c, 0x01, 0x00, 0x00, 0x00, 0x15, 0x06, 0x2c, 0x0a
    .byte 0x00, 0x00, 0x00, 0x15, 0x07, 0x15, 0x08, 0x2c, 0x05, 0x00, 0x00, 0x00, 0x2c, 0x64, 0x00, 0x00
    .byte 0x00, 0x15, 0xe0, 0x18, 0x70, 0x32, 0x00, 0x01, 0x00, 0x00, 0x00, 0x14, 0x15, 0x59, 0x22, 0x02
    .byte 0x2c, 0x1c, 0x00, 0x00, 0x00, 0x2c, 0x64, 0x00, 0x00, 0x00, 0x2c, 0x7f, 0x00, 0x00, 0x00, 0x2c
    .byte 0x05, 0x00, 0x00, 0x00, 0x15, 0x0c, 0x2c, 0x17, 0x00, 0x00, 0x00, 0x2c, 0x64, 0x00, 0x00, 0x00
    .byte 0x20, 0x00, 0x00, 0x15, 0x0a, 0x2c, 0x02, 0x00, 0x00, 0x00, 0x2c, 0xff, 0xff, 0xff, 0xff, 0x2c
    .byte 0xff, 0xff, 0xff, 0xff, 0x2c, 0xff, 0xff, 0xff, 0xff, 0x15, 0x89, 0x2a, 0x00, 0x01, 0x05, 0x00
    .byte 0x01, 0x00, 0x00, 0x00, 0x27, 0x00, 0x01, 0x2a, 0x00, 0x01, 0x33, 0x00, 0x02, 0x00, 0x00, 0x00
    .byte 0x14, 0xdf, 0x59, 0x22, 0x02, 0x2c, 0xc0, 0x03, 0x00, 0x00, 0x2c, 0x60, 0x01, 0x00, 0x00, 0x20
    .byte 0x00, 0x00, 0x2c, 0x00, 0x0c, 0x00, 0x00, 0x2c, 0x05, 0x00, 0x00, 0x00, 0x20, 0x00, 0x00, 0x15
    .byte 0x1a, 0x15, 0x22, 0x18, 0x70, 0x14, 0x87, 0x59, 0x22, 0x02, 0x2c, 0x01, 0x00, 0x00, 0x00, 0x15
    .byte 0x10, 0x18, 0x70, 0x17, 0x00, 0x15, 0x11, 0x18, 0x70, 0x17, 0x00, 0x2c, 0xa0, 0x00, 0x00, 0x00
    .byte 0x15, 0x89, 0x01, 0x61, 0x59, 0x22, 0x02, 0x2c, 0x02, 0x00, 0x00, 0x00, 0x2c, 0xff, 0xff, 0xff
    .byte 0xff, 0x2c, 0xff, 0xff, 0xff, 0xff, 0x2c, 0xff, 0xff, 0xff, 0xff, 0x15, 0x89, 0x15, 0x28, 0x2a
    .byte 0x00, 0x01, 0x05, 0x00, 0x01, 0x00, 0x00, 0x00, 0x27, 0x00, 0x01, 0x2c, 0x17, 0x00, 0x00, 0x00
    .byte 0x20, 0x00, 0x00, 0x2c, 0x01, 0x00, 0x00, 0x00, 0x2c, 0x0a, 0x00, 0x00, 0x00, 0x20, 0x00, 0x00
    .byte 0x15, 0x04, 0x2c, 0x06, 0x00, 0x00, 0x00, 0x2c, 0x24, 0x5b, 0x22, 0x02, 0x15, 0x39, 0x2c, 0x01
    .byte 0x00, 0x00, 0x00, 0x2c, 0x7d, 0x5c, 0x22, 0x02, 0x15, 0x29, 0x01, 0x07, 0x5b, 0x22, 0x02, 0x00
    .byte 0x2c, 0x1c, 0x00, 0x00, 0x00, 0x2c, 0x64, 0x00, 0x00, 0x00, 0x2c, 0x40, 0x00, 0x00, 0x00, 0x2c
    .byte 0x05, 0x00, 0x00, 0x00, 0x15, 0x0c, 0x15, 0x28, 0x2c, 0x06, 0x00, 0x00, 0x00, 0x15, 0x31, 0x18
    .byte 0x70, 0x14, 0x60, 0x5a, 0x22, 0x02, 0x2c, 0x05, 0x00, 0x00, 0x00, 0x15, 0x07, 0x15, 0x08, 0x15
    .byte 0x10, 0x18, 0x70, 0x28, 0x00, 0x05, 0x15, 0x11, 0x18, 0x70, 0x28, 0x00, 0x06, 0x15, 0x12, 0x18
    .byte 0x70, 0x05, 0x00, 0x20, 0x00, 0x00, 0x00, 0x28, 0x00, 0x07, 0x2c, 0x07, 0x00, 0x00, 0x00, 0x2c
    .byte 0x8a, 0x13, 0x00, 0x00, 0x2c, 0x78, 0x10, 0x00, 0x00, 0x2c, 0x8b, 0x13, 0x00, 0x00, 0x2c, 0x11
    .byte 0x00, 0x00, 0x00, 0x20, 0x00, 0x00, 0x2c, 0x01, 0x00, 0x00, 0x00, 0x15, 0x53, 0x20, 0x00, 0x00
    .byte 0x2c, 0x5b, 0x00, 0x00, 0x00, 0x15, 0xe0, 0x2c, 0x1e, 0x00, 0x00, 0x00, 0x15, 0x07, 0x15, 0x08
    .byte 0x2c, 0x22, 0x00, 0x00, 0x00, 0x15, 0x05, 0x2c, 0x01, 0x00, 0x00, 0x00, 0x15, 0x06, 0x2c, 0x01
    .byte 0x00, 0x00, 0x00, 0x2c, 0x7b, 0x5a, 0x22, 0x02, 0x15, 0x29, 0x00, 0x2c, 0x1b, 0x00, 0x00, 0x00
    .byte 0x15, 0x31, 0x18, 0x70, 0x26, 0x00, 0xd2, 0x20, 0x00, 0x00, 0x2c, 0x3b, 0xe6, 0x21, 0x02, 0x15
    .byte 0x39, 0x20, 0x00, 0x00, 0x15, 0x42, 0x18, 0x70, 0x32, 0x00, 0x00, 0x00, 0x00, 0x00, 0x14, 0xa8
    .byte 0x5a, 0x22, 0x02, 0x01, 0x91, 0x5a, 0x22, 0x02, 0x20, 0x00, 0x00, 0x15, 0x9b, 0x18, 0x70, 0x14
    .byte 0xc8, 0x5a, 0x22, 0x02, 0x20, 0x00, 0x00, 0x2c, 0xff, 0xff, 0xff, 0xff, 0x2c, 0xff, 0xff, 0xff
    .byte 0xff, 0x2c, 0xff, 0xff, 0xff, 0xff, 0x15, 0x89, 0x2c, 0x22, 0x00, 0x00, 0x00, 0x15, 0x45, 0x15
    .byte 0x8b, 0x18, 0x70, 0x32, 0x00, 0x00, 0x00, 0x00, 0x00, 0x13, 0xe3, 0x5a, 0x22, 0x02, 0x01, 0xcf
    .byte 0x5a, 0x22, 0x02, 0x2c, 0xb8, 0x03, 0x00, 0x00, 0x2c, 0x01, 0x00, 0x00, 0x00, 0x20, 0x00, 0x00
    .byte 0x20, 0x00, 0x00, 0x15, 0x59, 0x15, 0x5a, 0x2c, 0x22, 0x00, 0x00, 0x00, 0x15, 0x05, 0x2c, 0x01
    .byte 0x00, 0x00, 0x00, 0x15, 0x06, 0x00, 0x00, 0x2c, 0x26, 0x00, 0x00, 0x00, 0x15, 0x05, 0x15, 0x16
    .byte 0x2c, 0x14, 0x00, 0x00, 0x00, 0x15, 0x01, 0x18, 0x70, 0x17, 0x00, 0x15, 0x07, 0x15, 0x08, 0x01
    .byte 0x07, 0x5b, 0x22, 0x02, 0x2c, 0x17, 0x00, 0x00, 0x00, 0x15, 0x87, 0x18, 0x70, 0x32, 0x00, 0x00
    .byte 0x00, 0x00, 0x00, 0x14, 0x6a, 0x5b, 0x22, 0x02, 0x2c, 0x05, 0x00, 0x00, 0x00, 0x2c, 0x70, 0x5b
    .byte 0x22, 0x02, 0x15, 0x39, 0x2c, 0x05, 0x00, 0x00, 0x00, 0x15, 0x42, 0x18, 0x70, 0x32, 0x00, 0x00
    .byte 0x00, 0x00, 0x00, 0x14, 0x5d, 0x5b, 0x22, 0x02, 0x01, 0x44, 0x5b, 0x22, 0x02, 0x2c, 0x05, 0x00
    .byte 0x00, 0x00, 0x2c, 0x7b, 0x5b, 0x22, 0x02, 0x15, 0x39, 0x00, 0x01, 0x24, 0x5b, 0x22, 0x02, 0x00
    .byte 0x2c, 0x01, 0x00, 0x00, 0x00, 0x20, 0x00, 0x00, 0x15, 0x29, 0x00, 0x2c, 0x05, 0x00, 0x00, 0x00
    .byte 0x15, 0x07, 0x15, 0x08, 0x2c, 0x22, 0x00, 0x00, 0x00, 0x15, 0x05, 0x2c, 0x01, 0x00, 0x00, 0x00
    .byte 0x15, 0x06, 0x03, 0x00, 0xff, 0xff, 0xff, 0xff, 0x26, 0x00, 0x70, 0x2c, 0x01, 0x00, 0x00, 0x00
    .byte 0x2c, 0xa8, 0x5b, 0x22, 0x02, 0x15, 0x29, 0x00, 0x2c, 0x1b, 0x00, 0x00, 0x00, 0x15, 0x31, 0x18
    .byte 0x70, 0x26, 0x00, 0xd2, 0x20, 0x00, 0x00, 0x2c, 0x3b, 0xe6, 0x21, 0x02, 0x15, 0x39, 0x20, 0x00
    .byte 0x00, 0x15, 0x42, 0x18, 0x70, 0x32, 0x00, 0x00, 0x00, 0x00, 0x00, 0x14, 0xd5, 0x5b, 0x22, 0x02
    .byte 0x01, 0xbe, 0x5b, 0x22, 0x02, 0x20, 0x00, 0x00, 0x15, 0x9b, 0x18, 0x70, 0x14, 0xf5, 0x5b, 0x22
    .byte 0x02, 0x20, 0x00, 0x00, 0x2c, 0xff, 0xff, 0xff, 0xff, 0x2c, 0xff, 0xff, 0xff, 0xff, 0x2c, 0xff
    .byte 0xff, 0xff, 0xff, 0x15, 0x89, 0x2c, 0x16, 0x00, 0x00, 0x00, 0x2c, 0x64, 0x00, 0x00, 0x00, 0x2c
    .byte 0x05, 0x00, 0x00, 0x00, 0x15, 0x0a, 0x2c, 0x22, 0x00, 0x00, 0x00, 0x2c, 0x01, 0x00, 0x00, 0x00
    .byte 0x15, 0xe0, 0x2c, 0x05, 0x00, 0x00, 0x00, 0x15, 0x07, 0x15, 0x08, 0x2c, 0x22, 0x00, 0x00, 0x00
    .byte 0x15, 0x45, 0x15, 0x8b, 0x18, 0x70, 0x32, 0x00, 0x00, 0x00, 0x00, 0x00, 0x13, 0x36, 0x5c, 0x22
    .byte 0x02, 0x01, 0x22, 0x5c, 0x22, 0x02, 0x2c, 0xb9, 0x03, 0x00, 0x00, 0x2c, 0x01, 0x00, 0x00, 0x00
    .byte 0x20, 0x00, 0x00, 0x20, 0x00, 0x00, 0x15, 0x59, 0x15, 0x5a, 0x2c, 0x05, 0x00, 0x00, 0x00, 0x15
    .byte 0x07, 0x15, 0x08, 0x2c, 0x15, 0x00, 0x00, 0x00, 0x2c, 0x66, 0x00, 0x00, 0x00, 0x2c, 0x7f, 0x00
    .byte 0x00, 0x00, 0x15, 0x0a, 0x2c, 0x22, 0x00, 0x00, 0x00, 0x15, 0x05, 0x2c, 0x01, 0x00, 0x00, 0x00
    .byte 0x15, 0x06, 0x2c, 0x22, 0x00, 0x00, 0x00, 0x20, 0x00, 0x00, 0x15, 0xe0, 0x00, 0x2c, 0x1b, 0x00
    .byte 0x00, 0x00, 0x15, 0x31, 0x18, 0x70, 0x26, 0x00, 0xd2, 0x20, 0x00, 0x00, 0x2c, 0x3b, 0xe6, 0x21
    .byte 0x02, 0x15, 0x39, 0x20, 0x00, 0x00, 0x15, 0x42, 0x18, 0x70, 0x32, 0x00, 0x00, 0x00, 0x00, 0x00
    .byte 0x14, 0xaa, 0x5c, 0x22, 0x02, 0x01, 0x93, 0x5c, 0x22, 0x02, 0x20, 0x00, 0x00, 0x15, 0x9b, 0x18
    .byte 0x70, 0x14, 0xca, 0x5c, 0x22, 0x02, 0x20, 0x00, 0x00, 0x2c, 0xff, 0xff, 0xff, 0xff, 0x2c, 0xff
    .byte 0xff, 0xff, 0xff, 0x2c, 0xff, 0xff, 0xff, 0xff, 0x15, 0x89, 0x2c, 0x16, 0x00, 0x00, 0x00, 0x2c
    .byte 0x64, 0x00, 0x00, 0x00, 0x2c, 0x05, 0x00, 0x00, 0x00, 0x15, 0x0a, 0x2c, 0x22, 0x00, 0x00, 0x00
    .byte 0x2c, 0x01, 0x00, 0x00, 0x00, 0x15, 0xe0, 0x2c, 0x0a, 0x00, 0x00, 0x00, 0x15, 0x07, 0x15, 0x08
    .byte 0x2c, 0x20, 0x00, 0x00, 0x00, 0x15, 0x05, 0x2c, 0x01, 0x00, 0x00, 0x00, 0x15, 0x25, 0x20, 0x00
    .byte 0x00, 0x15, 0x06, 0x2c, 0x03, 0x00, 0x00, 0x00, 0x2c, 0x01, 0x00, 0x00, 0x00, 0x20, 0x00, 0x00
    .byte 0x20, 0x00, 0x00, 0x20, 0x00, 0x00, 0x15, 0x4f, 0x2c, 0x01, 0x00, 0x00, 0x00, 0x2c, 0x05, 0x00
    .byte 0x00, 0x00, 0x2c, 0x07, 0x00, 0x00, 0x00, 0x15, 0x47, 0x18, 0x70, 0x17, 0x00, 0x2c, 0x05, 0x00
    .byte 0x00, 0x00, 0x2c, 0x08, 0x00, 0x00, 0x00, 0x15, 0x47, 0x18, 0x70, 0x2c, 0x05, 0x00, 0x00, 0x00
    .byte 0x2c, 0x09, 0x00, 0x00, 0x00, 0x15, 0x47, 0x18, 0x71, 0x23, 0x10, 0x17, 0x00, 0x2c, 0x3c, 0x00
    .byte 0x00, 0x00, 0x20, 0x00, 0x00, 0x15, 0x4f, 0x2c, 0x1e, 0x00, 0x00, 0x00, 0x15, 0x07, 0x15, 0x08
    .byte 0x20, 0x00, 0x00, 0x15, 0x25, 0x2c, 0x25, 0x00, 0x00, 0x00, 0x15, 0x45, 0x2c, 0x0a, 0x00, 0x00
    .byte 0x00, 0x15, 0x07, 0x15, 0x08, 0x15, 0x8b, 0x18, 0x70, 0x32, 0x00, 0x00, 0x00, 0x00, 0x00, 0x13
    .byte 0x89, 0x5d, 0x22, 0x02, 0x01, 0x75, 0x5d, 0x22, 0x02, 0x2c, 0xba, 0x03, 0x00, 0x00, 0x2c, 0x01
    .byte 0x00, 0x00, 0x00, 0x20, 0x00, 0x00, 0x20, 0x00, 0x00, 0x15, 0x59, 0x15, 0x5a, 0x2c, 0x23, 0x00
    .byte 0x00, 0x00, 0x15, 0x05, 0x2c, 0x2d, 0x00, 0x00, 0x00, 0x15, 0x07, 0x15, 0x08, 0x2c, 0x23, 0x00
    .byte 0x00, 0x00, 0x15, 0x45, 0x15, 0x8b, 0x18, 0x70, 0x32, 0x00, 0x00, 0x00, 0x00, 0x00, 0x13, 0xc8
    .byte 0x5d, 0x22, 0x02, 0x01, 0xb4, 0x5d, 0x22, 0x02, 0x2c, 0xbb, 0x03, 0x00, 0x00, 0x2c, 0x01, 0x00
    .byte 0x00, 0x00, 0x20, 0x00, 0x00, 0x20, 0x00, 0x00, 0x15, 0x59, 0x15, 0x5a, 0x15, 0x46, 0x20, 0x00
    .byte 0x00, 0x15, 0x05, 0x20, 0x00, 0x00, 0x15, 0x55, 0x2c, 0x01, 0x00, 0x00, 0x00, 0x15, 0xe1, 0x03
    .byte 0x00, 0x03, 0x00, 0x00, 0x00, 0x26, 0x00, 0x66, 0x03, 0x00, 0x3e, 0x00, 0x00, 0x00, 0x26, 0x00
    .byte 0xd9, 0x03, 0x00, 0x03, 0x00, 0x00, 0x00, 0x32, 0x00, 0x01, 0x00, 0x00, 0x00, 0x13, 0x23, 0x5e
    .byte 0x22, 0x02, 0x03, 0x00, 0x03, 0x00, 0x00, 0x00, 0x32, 0x00, 0x08, 0x00, 0x00, 0x00, 0x14, 0x31
    .byte 0x5e, 0x22, 0x02, 0x03, 0x00, 0x01, 0x00, 0x00, 0x00, 0x36, 0x00, 0x00, 0x25, 0x3a, 0x5e, 0x22
    .byte 0x02, 0x03, 0x00, 0x01, 0x00, 0x00, 0x00, 0x26, 0x00, 0x63, 0x03, 0x00, 0x03, 0x00, 0x00, 0x00
    .byte 0x32, 0x00, 0x01, 0x00, 0x00, 0x00, 0x14, 0x6b, 0x5e, 0x22, 0x02, 0x20, 0x00, 0x00, 0x2c, 0x0f
    .byte 0x00, 0x00, 0x00, 0x15, 0xe0, 0x2c, 0x15, 0x00, 0x00, 0x00, 0x2c, 0x9d, 0x00, 0x00, 0x00, 0x2c
    .byte 0x7f, 0x00, 0x00, 0x00, 0x15, 0x0a, 0x25, 0x8b, 0x5f, 0x22, 0x02, 0x03, 0x00, 0x03, 0x00, 0x00
    .byte 0x00, 0x32, 0x00, 0x08, 0x00, 0x00, 0x00, 0x14, 0x9c, 0x5e, 0x22, 0x02, 0x20, 0x00, 0x00, 0x2c
    .byte 0x0f, 0x00, 0x00, 0x00, 0x15, 0xe0, 0x2c, 0x15, 0x00, 0x00, 0x00, 0x2c, 0x9c, 0x00, 0x00, 0x00
    .byte 0x2c, 0x7f, 0x00, 0x00, 0x00, 0x15, 0x0a, 0x25, 0x8b, 0x5f, 0x22, 0x02, 0x03, 0x00, 0x03, 0x00
    .byte 0x00, 0x00, 0x32, 0x00, 0x03, 0x00, 0x00, 0x00, 0x14, 0xf4, 0x5e, 0x22, 0x02, 0x03, 0x00, 0x3e
    .byte 0x00, 0x00, 0x00, 0x32, 0x00, 0x3e, 0x00, 0x00, 0x00, 0x14, 0xde, 0x5e, 0x22, 0x02, 0x20, 0x00
    .byte 0x00, 0x2c, 0x75, 0x00, 0x00, 0x00, 0x15, 0xe0, 0x2c, 0x15, 0x00, 0x00, 0x00, 0x2c, 0x9d, 0x00
    .byte 0x00, 0x00, 0x2c, 0x7f, 0x00, 0x00, 0x00, 0x15, 0x0a, 0x25, 0xef, 0x5e, 0x22, 0x02, 0x2c, 0x15
    .byte 0x00, 0x00, 0x00, 0x2c, 0x9d, 0x00, 0x00, 0x00, 0x2c, 0x7f, 0x00, 0x00, 0x00, 0x15, 0x0a, 0x25
    .byte 0x8b, 0x5f, 0x22, 0x02, 0x03, 0x00, 0x03, 0x00, 0x00, 0x00, 0x32, 0x00, 0x09, 0x00, 0x00, 0x00
    .byte 0x14, 0x1b, 0x5f, 0x22, 0x02, 0x2c, 0x15, 0x00, 0x00, 0x00, 0x2c, 0x9c, 0x00, 0x00, 0x00, 0x2c
    .byte 0x7f, 0x00, 0x00, 0x00, 0x15, 0x0a, 0x25, 0x8b, 0x5f, 0x22, 0x02, 0x03, 0x00, 0x03, 0x00, 0x00
    .byte 0x00, 0x32, 0x00, 0x04, 0x00, 0x00, 0x00, 0x14, 0x42, 0x5f, 0x22, 0x02, 0x2c, 0x15, 0x00, 0x00
    .byte 0x00, 0x2c, 0x9c, 0x00, 0x00, 0x00, 0x2c, 0x7f, 0x00, 0x00, 0x00, 0x15, 0x0a, 0x25, 0x8b, 0x5f
    .byte 0x22, 0x02, 0x03, 0x00, 0x03, 0x00, 0x00, 0x00, 0x32, 0x00, 0x0a, 0x00, 0x00, 0x00, 0x14, 0x69
    .byte 0x5f, 0x22, 0x02, 0x2c, 0x15, 0x00, 0x00, 0x00, 0x2c, 0x9d, 0x00, 0x00, 0x00, 0x2c, 0x7f, 0x00
    .byte 0x00, 0x00, 0x15, 0x0a, 0x25, 0x8b, 0x5f, 0x22, 0x02, 0x03, 0x00, 0x03, 0x00, 0x00, 0x00, 0x32
    .byte 0x00, 0x0b, 0x00, 0x00, 0x00, 0x14, 0x8b, 0x5f, 0x22, 0x02, 0x2c, 0x15, 0x00, 0x00, 0x00, 0x2c
    .byte 0x9c, 0x00, 0x00, 0x00, 0x2c, 0x7f, 0x00, 0x00, 0x00, 0x15, 0x0a, 0x20, 0x00, 0x00, 0x2c, 0x4b
    .byte 0xe3, 0x21, 0x02, 0x15, 0x39, 0x20, 0x00, 0x00, 0x15, 0x42, 0x18, 0x70, 0x32, 0x00, 0x00, 0x00
    .byte 0x00, 0x00, 0x14, 0xac, 0x5f, 0x22, 0x02, 0x01, 0x95, 0x5f, 0x22, 0x02, 0x15, 0x63, 0x18, 0x70
    .byte 0x32, 0x00, 0x0c, 0x00, 0x00, 0x00, 0x14, 0xaa, 0x61, 0x22, 0x02, 0x20, 0x00, 0x00, 0x2c, 0x5c
    .byte 0xe1, 0x21, 0x02, 0x15, 0x39, 0x20, 0x00, 0x00, 0x15, 0x42, 0x18, 0x70, 0x32, 0x00, 0x00, 0x00
    .byte 0x00, 0x00, 0x14, 0xdc, 0x5f, 0x22, 0x02, 0x01, 0xc5, 0x5f, 0x22, 0x02, 0x03, 0x00, 0x09, 0x00
    .byte 0x00, 0x00, 0x26, 0x00, 0x66, 0x03, 0x00, 0x61, 0x01, 0x00, 0x00, 0x26, 0x00, 0xd9, 0x03, 0x00
    .byte 0x09, 0x00, 0x00, 0x00, 0x32, 0x00, 0x01, 0x00, 0x00, 0x00, 0x13, 0x10, 0x60, 0x22, 0x02, 0x03
    .byte 0x00, 0x09, 0x00, 0x00, 0x00, 0x32, 0x00, 0x08, 0x00, 0x00, 0x00, 0x14, 0x1e, 0x60, 0x22, 0x02
    .byte 0x03, 0x00, 0x01, 0x00, 0x00, 0x00, 0x36, 0x00, 0x00, 0x25, 0x27, 0x60, 0x22, 0x02, 0x03, 0x00
    .byte 0x01, 0x00, 0x00, 0x00, 0x26, 0x00, 0x63, 0x03, 0x00, 0x09, 0x00, 0x00, 0x00, 0x32, 0x00, 0x01
    .byte 0x00, 0x00, 0x00, 0x14, 0x58, 0x60, 0x22, 0x02, 0x20, 0x00, 0x00, 0x2c, 0x0f, 0x00, 0x00, 0x00
    .byte 0x15, 0xe0, 0x2c, 0x15, 0x00, 0x00, 0x00, 0x2c, 0x9d, 0x00, 0x00, 0x00, 0x2c, 0x7f, 0x00, 0x00
    .byte 0x00, 0x15, 0x0a, 0x25, 0x78, 0x61, 0x22, 0x02, 0x03, 0x00, 0x09, 0x00, 0x00, 0x00, 0x32, 0x00
    .byte 0x08, 0x00, 0x00, 0x00, 0x14, 0x89, 0x60, 0x22, 0x02, 0x20, 0x00, 0x00, 0x2c, 0x0f, 0x00, 0x00
    .byte 0x00, 0x15, 0xe0, 0x2c, 0x15, 0x00, 0x00, 0x00, 0x2c, 0x9c, 0x00, 0x00, 0x00, 0x2c, 0x7f, 0x00
    .byte 0x00, 0x00, 0x15, 0x0a, 0x25, 0x78, 0x61, 0x22, 0x02, 0x03, 0x00, 0x09, 0x00, 0x00, 0x00, 0x32
    .byte 0x00, 0x03, 0x00, 0x00, 0x00, 0x14, 0xe1, 0x60, 0x22, 0x02, 0x03, 0x00, 0x61, 0x01, 0x00, 0x00
    .byte 0x32, 0x00, 0x3e, 0x00, 0x00, 0x00, 0x14, 0xcb, 0x60, 0x22, 0x02, 0x20, 0x00, 0x00, 0x2c, 0x75
    .byte 0x00, 0x00, 0x00, 0x15, 0xe0, 0x2c, 0x15, 0x00, 0x00, 0x00, 0x2c, 0x9d, 0x00, 0x00, 0x00, 0x2c
    .byte 0x7f, 0x00, 0x00, 0x00, 0x15, 0x0a, 0x25, 0xdc, 0x60, 0x22, 0x02, 0x2c, 0x15, 0x00, 0x00, 0x00
    .byte 0x2c, 0x9d, 0x00, 0x00, 0x00, 0x2c, 0x7f, 0x00, 0x00, 0x00, 0x15, 0x0a, 0x25, 0x78, 0x61, 0x22
    .byte 0x02, 0x03, 0x00, 0x09, 0x00, 0x00, 0x00, 0x32, 0x00, 0x09, 0x00, 0x00, 0x00, 0x14, 0x08, 0x61
    .byte 0x22, 0x02, 0x2c, 0x15, 0x00, 0x00, 0x00, 0x2c, 0x9c, 0x00, 0x00, 0x00, 0x2c, 0x7f, 0x00, 0x00
    .byte 0x00, 0x15, 0x0a, 0x25, 0x78, 0x61, 0x22, 0x02, 0x03, 0x00, 0x09, 0x00, 0x00, 0x00, 0x32, 0x00
    .byte 0x04, 0x00, 0x00, 0x00, 0x14, 0x2f, 0x61, 0x22, 0x02, 0x2c, 0x15, 0x00, 0x00, 0x00, 0x2c, 0x9c
    .byte 0x00, 0x00, 0x00, 0x2c, 0x7f, 0x00, 0x00, 0x00, 0x15, 0x0a, 0x25, 0x78, 0x61, 0x22, 0x02, 0x03
    .byte 0x00, 0x09, 0x00, 0x00, 0x00, 0x32, 0x00, 0x0a, 0x00, 0x00, 0x00, 0x14, 0x56, 0x61, 0x22, 0x02
    .byte 0x2c, 0x15, 0x00, 0x00, 0x00, 0x2c, 0x9d, 0x00, 0x00, 0x00, 0x2c, 0x7f, 0x00, 0x00, 0x00, 0x15
    .byte 0x0a, 0x25, 0x78, 0x61, 0x22, 0x02, 0x03, 0x00, 0x09, 0x00, 0x00, 0x00, 0x32, 0x00, 0x0b, 0x00
    .byte 0x00, 0x00, 0x14, 0x78, 0x61, 0x22, 0x02, 0x2c, 0x15, 0x00, 0x00, 0x00, 0x2c, 0x9c, 0x00, 0x00
    .byte 0x00, 0x2c, 0x7f, 0x00, 0x00, 0x00, 0x15, 0x0a, 0x20, 0x00, 0x00, 0x2c, 0x4b, 0xe3, 0x21, 0x02
    .byte 0x15, 0x39, 0x20, 0x00, 0x00, 0x15, 0x42, 0x18, 0x70, 0x32, 0x00, 0x00, 0x00, 0x00, 0x00, 0x14
    .byte 0x99, 0x61, 0x22, 0x02, 0x01, 0x82, 0x61, 0x22, 0x02, 0x2c, 0x61, 0x01, 0x00, 0x00, 0x2c, 0x01
    .byte 0x00, 0x00, 0x00, 0x15, 0x76, 0x25, 0xa1, 0x65, 0x22, 0x02, 0x15, 0x63, 0x18, 0x70, 0x32, 0x00
    .byte 0x13, 0x00, 0x00, 0x00, 0x14, 0xa8, 0x63, 0x22, 0x02, 0x20, 0x00, 0x00, 0x2c, 0x5c, 0xe1, 0x21
    .byte 0x02, 0x15, 0x39, 0x20, 0x00, 0x00, 0x15, 0x42, 0x18, 0x70, 0x32, 0x00, 0x00, 0x00, 0x00, 0x00
    .byte 0x14, 0xda, 0x61, 0x22, 0x02, 0x01, 0xc3, 0x61, 0x22, 0x02, 0x03, 0x00, 0x09, 0x00, 0x00, 0x00
    .byte 0x26, 0x00, 0x66, 0x03, 0x00, 0x62, 0x01, 0x00, 0x00, 0x26, 0x00, 0xd9, 0x03, 0x00, 0x09, 0x00
    .byte 0x00, 0x00, 0x32, 0x00, 0x01, 0x00, 0x00, 0x00, 0x13, 0x0e, 0x62, 0x22, 0x02, 0x03, 0x00, 0x09
    .byte 0x00, 0x00, 0x00, 0x32, 0x00, 0x08, 0x00, 0x00, 0x00, 0x14, 0x1c, 0x62, 0x22, 0x02, 0x03, 0x00
    .byte 0x01, 0x00, 0x00, 0x00, 0x36, 0x00, 0x00, 0x25, 0x25, 0x62, 0x22, 0x02, 0x03, 0x00, 0x01, 0x00
    .byte 0x00, 0x00, 0x26, 0x00, 0x63, 0x03, 0x00, 0x09, 0x00, 0x00, 0x00, 0x32, 0x00, 0x01, 0x00, 0x00
    .byte 0x00, 0x14, 0x56, 0x62, 0x22, 0x02, 0x20, 0x00, 0x00, 0x2c, 0x0f, 0x00, 0x00, 0x00, 0x15, 0xe0
    .byte 0x2c, 0x15, 0x00, 0x00, 0x00, 0x2c, 0x9d, 0x00, 0x00, 0x00, 0x2c, 0x7f, 0x00, 0x00, 0x00, 0x15
    .byte 0x0a, 0x25, 0x76, 0x63, 0x22, 0x02, 0x03, 0x00, 0x09, 0x00, 0x00, 0x00, 0x32, 0x00, 0x08, 0x00
    .byte 0x00, 0x00, 0x14, 0x87, 0x62, 0x22, 0x02, 0x20, 0x00, 0x00, 0x2c, 0x0f, 0x00, 0x00, 0x00, 0x15
    .byte 0xe0, 0x2c, 0x15, 0x00, 0x00, 0x00, 0x2c, 0x9c, 0x00, 0x00, 0x00, 0x2c, 0x7f, 0x00, 0x00, 0x00
    .byte 0x15, 0x0a, 0x25, 0x76, 0x63, 0x22, 0x02, 0x03, 0x00, 0x09, 0x00, 0x00, 0x00, 0x32, 0x00, 0x03
    .byte 0x00, 0x00, 0x00, 0x14, 0xdf, 0x62, 0x22, 0x02, 0x03, 0x00, 0x62, 0x01, 0x00, 0x00, 0x32, 0x00
    .byte 0x3e, 0x00, 0x00, 0x00, 0x14, 0xc9, 0x62, 0x22, 0x02, 0x20, 0x00, 0x00, 0x2c, 0x75, 0x00, 0x00
    .byte 0x00, 0x15, 0xe0, 0x2c, 0x15, 0x00, 0x00, 0x00, 0x2c, 0x9d, 0x00, 0x00, 0x00, 0x2c, 0x7f, 0x00
    .byte 0x00, 0x00, 0x15, 0x0a, 0x25, 0xda, 0x62, 0x22, 0x02, 0x2c, 0x15, 0x00, 0x00, 0x00, 0x2c, 0x9d
    .byte 0x00, 0x00, 0x00, 0x2c, 0x7f, 0x00, 0x00, 0x00, 0x15, 0x0a, 0x25, 0x76, 0x63, 0x22, 0x02, 0x03
    .byte 0x00, 0x09, 0x00, 0x00, 0x00, 0x32, 0x00, 0x09, 0x00, 0x00, 0x00, 0x14, 0x06, 0x63, 0x22, 0x02
    .byte 0x2c, 0x15, 0x00, 0x00, 0x00, 0x2c, 0x9c, 0x00, 0x00, 0x00, 0x2c, 0x7f, 0x00, 0x00, 0x00, 0x15
    .byte 0x0a, 0x25, 0x76, 0x63, 0x22, 0x02, 0x03, 0x00, 0x09, 0x00, 0x00, 0x00, 0x32, 0x00, 0x04, 0x00
    .byte 0x00, 0x00, 0x14, 0x2d, 0x63, 0x22, 0x02, 0x2c, 0x15, 0x00, 0x00, 0x00, 0x2c, 0x9c, 0x00, 0x00
    .byte 0x00, 0x2c, 0x7f, 0x00, 0x00, 0x00, 0x15, 0x0a, 0x25, 0x76, 0x63, 0x22, 0x02, 0x03, 0x00, 0x09
    .byte 0x00, 0x00, 0x00, 0x32, 0x00, 0x0a, 0x00, 0x00, 0x00, 0x14, 0x54, 0x63, 0x22, 0x02, 0x2c, 0x15
    .byte 0x00, 0x00, 0x00, 0x2c, 0x9d, 0x00, 0x00, 0x00, 0x2c, 0x7f, 0x00, 0x00, 0x00, 0x15, 0x0a, 0x25
    .byte 0x76, 0x63, 0x22, 0x02, 0x03, 0x00, 0x09, 0x00, 0x00, 0x00, 0x32, 0x00, 0x0b, 0x00, 0x00, 0x00
    .byte 0x14, 0x76, 0x63, 0x22, 0x02, 0x2c, 0x15, 0x00, 0x00, 0x00, 0x2c, 0x9c, 0x00, 0x00, 0x00, 0x2c
    .byte 0x7f, 0x00, 0x00, 0x00, 0x15, 0x0a, 0x20, 0x00, 0x00, 0x2c, 0x4b, 0xe3, 0x21, 0x02, 0x15, 0x39
    .byte 0x20, 0x00, 0x00, 0x15, 0x42, 0x18, 0x70, 0x32, 0x00, 0x00, 0x00, 0x00, 0x00, 0x14, 0x97, 0x63
    .byte 0x22, 0x02, 0x01, 0x80, 0x63, 0x22, 0x02, 0x2c, 0x62, 0x01, 0x00, 0x00, 0x2c, 0x01, 0x00, 0x00
    .byte 0x00, 0x15, 0x76, 0x25, 0xa1, 0x65, 0x22, 0x02, 0x15, 0x63, 0x18, 0x70, 0x32, 0x00, 0x17, 0x00
    .byte 0x00, 0x00, 0x14, 0xa1, 0x65, 0x22, 0x02, 0x20, 0x00, 0x00, 0x2c, 0x5c, 0xe1, 0x21, 0x02, 0x15
    .byte 0x39, 0x20, 0x00, 0x00, 0x15, 0x42, 0x18, 0x70, 0x32, 0x00, 0x00, 0x00, 0x00, 0x00, 0x14, 0xd8
    .byte 0x63, 0x22, 0x02, 0x01, 0xc1, 0x63, 0x22, 0x02, 0x03, 0x00, 0x09, 0x00, 0x00, 0x00, 0x26, 0x00
    .byte 0x66, 0x03, 0x00, 0x63, 0x01, 0x00, 0x00, 0x26, 0x00, 0xd9, 0x03, 0x00, 0x09, 0x00, 0x00, 0x00
    .byte 0x32, 0x00, 0x01, 0x00, 0x00, 0x00, 0x13, 0x0c, 0x64, 0x22, 0x02, 0x03, 0x00, 0x09, 0x00, 0x00
    .byte 0x00, 0x32, 0x00, 0x08, 0x00, 0x00, 0x00, 0x14, 0x1a, 0x64, 0x22, 0x02, 0x03, 0x00, 0x01, 0x00
    .byte 0x00, 0x00, 0x36, 0x00, 0x00, 0x25, 0x23, 0x64, 0x22, 0x02, 0x03, 0x00, 0x01, 0x00, 0x00, 0x00
    .byte 0x26, 0x00, 0x63, 0x03, 0x00, 0x09, 0x00, 0x00, 0x00, 0x32, 0x00, 0x01, 0x00, 0x00, 0x00, 0x14
    .byte 0x54, 0x64, 0x22, 0x02, 0x20, 0x00, 0x00, 0x2c, 0x0f, 0x00, 0x00, 0x00, 0x15, 0xe0, 0x2c, 0x15
    .byte 0x00, 0x00, 0x00, 0x2c, 0x9d, 0x00, 0x00, 0x00, 0x2c, 0x7f, 0x00, 0x00, 0x00, 0x15, 0x0a, 0x25
    .byte 0x74, 0x65, 0x22, 0x02, 0x03, 0x00, 0x09, 0x00, 0x00, 0x00, 0x32, 0x00, 0x08, 0x00, 0x00, 0x00
    .byte 0x14, 0x85, 0x64, 0x22, 0x02, 0x20, 0x00, 0x00, 0x2c, 0x0f, 0x00, 0x00, 0x00, 0x15, 0xe0, 0x2c
    .byte 0x15, 0x00, 0x00, 0x00, 0x2c, 0x9c, 0x00, 0x00, 0x00, 0x2c, 0x7f, 0x00, 0x00, 0x00, 0x15, 0x0a
    .byte 0x25, 0x74, 0x65, 0x22, 0x02, 0x03, 0x00, 0x09, 0x00, 0x00, 0x00, 0x32, 0x00, 0x03, 0x00, 0x00
    .byte 0x00, 0x14, 0xdd, 0x64, 0x22, 0x02, 0x03, 0x00, 0x63, 0x01, 0x00, 0x00, 0x32, 0x00, 0x3e, 0x00
    .byte 0x00, 0x00, 0x14, 0xc7, 0x64, 0x22, 0x02, 0x20, 0x00, 0x00, 0x2c, 0x75, 0x00, 0x00, 0x00, 0x15
    .byte 0xe0, 0x2c, 0x15, 0x00, 0x00, 0x00, 0x2c, 0x9d, 0x00, 0x00, 0x00, 0x2c, 0x7f, 0x00, 0x00, 0x00
    .byte 0x15, 0x0a, 0x25, 0xd8, 0x64, 0x22, 0x02, 0x2c, 0x15, 0x00, 0x00, 0x00, 0x2c, 0x9d, 0x00, 0x00
    .byte 0x00, 0x2c, 0x7f, 0x00, 0x00, 0x00, 0x15, 0x0a, 0x25, 0x74, 0x65, 0x22, 0x02, 0x03, 0x00, 0x09
    .byte 0x00, 0x00, 0x00, 0x32, 0x00, 0x09, 0x00, 0x00, 0x00, 0x14, 0x04, 0x65, 0x22, 0x02, 0x2c, 0x15
    .byte 0x00, 0x00, 0x00, 0x2c, 0x9c, 0x00, 0x00, 0x00, 0x2c, 0x7f, 0x00, 0x00, 0x00, 0x15, 0x0a, 0x25
    .byte 0x74, 0x65, 0x22, 0x02, 0x03, 0x00, 0x09, 0x00, 0x00, 0x00, 0x32, 0x00, 0x04, 0x00, 0x00, 0x00
    .byte 0x14, 0x2b, 0x65, 0x22, 0x02, 0x2c, 0x15, 0x00, 0x00, 0x00, 0x2c, 0x9c, 0x00, 0x00, 0x00, 0x2c
    .byte 0x7f, 0x00, 0x00, 0x00, 0x15, 0x0a, 0x25, 0x74, 0x65, 0x22, 0x02, 0x03, 0x00, 0x09, 0x00, 0x00
    .byte 0x00, 0x32, 0x00, 0x0a, 0x00, 0x00, 0x00, 0x14, 0x52, 0x65, 0x22, 0x02, 0x2c, 0x15, 0x00, 0x00
    .byte 0x00, 0x2c, 0x9d, 0x00, 0x00, 0x00, 0x2c, 0x7f, 0x00, 0x00, 0x00, 0x15, 0x0a, 0x25, 0x74, 0x65
    .byte 0x22, 0x02, 0x03, 0x00, 0x09, 0x00, 0x00, 0x00, 0x32, 0x00, 0x0b, 0x00, 0x00, 0x00, 0x14, 0x74
    .byte 0x65, 0x22, 0x02, 0x2c, 0x15, 0x00, 0x00, 0x00, 0x2c, 0x9c, 0x00, 0x00, 0x00, 0x2c, 0x7f, 0x00
    .byte 0x00, 0x00, 0x15, 0x0a, 0x20, 0x00, 0x00, 0x2c, 0x4b, 0xe3, 0x21, 0x02, 0x15, 0x39, 0x20, 0x00
    .byte 0x00, 0x15, 0x42, 0x18, 0x70, 0x32, 0x00, 0x00, 0x00, 0x00, 0x00, 0x14, 0x95, 0x65, 0x22, 0x02
    .byte 0x01, 0x7e, 0x65, 0x22, 0x02, 0x2c, 0x63, 0x01, 0x00, 0x00, 0x2c, 0x01, 0x00, 0x00, 0x00, 0x15
    .byte 0x76, 0x20, 0x00, 0x00, 0x15, 0x07, 0x15, 0x08, 0x2c, 0x15, 0x00, 0x00, 0x00, 0x2c, 0x65, 0x00
    .byte 0x00, 0x00, 0x2c, 0x7f, 0x00, 0x00, 0x00, 0x15, 0x0a, 0x20, 0x00, 0x00, 0x15, 0x18, 0x20, 0x00
    .byte 0x00, 0x15, 0x19, 0x2c, 0x01, 0x00, 0x00, 0x00, 0x15, 0x2b, 0x2c, 0xc0, 0xff, 0xff, 0xff, 0x2c
    .byte 0x60, 0xff, 0xff, 0xff, 0x20, 0x00, 0x00, 0x2c, 0x00, 0x30, 0x00, 0x00, 0x2c, 0x04, 0x00, 0x00
    .byte 0x00, 0x20, 0x00, 0x00, 0x15, 0x1a, 0x15, 0x21, 0x20, 0x00, 0x00, 0x15, 0x09, 0x2c, 0x02, 0x00
    .byte 0x00, 0x00, 0x2c, 0x3c, 0x00, 0x00, 0x00, 0x20, 0x00, 0x00, 0x20, 0x00, 0x00, 0x20, 0x00, 0x00
    .byte 0x15, 0x4f, 0x18, 0x70, 0x17, 0x00, 0x15, 0x07, 0x15, 0x08, 0x2c, 0x03, 0x00, 0x00, 0x00, 0x20
    .byte 0x00, 0x00, 0x20, 0x00, 0x00, 0x20, 0x00, 0x00, 0x20, 0x00, 0x00, 0x15, 0x4f, 0x2c, 0x0f, 0x00
    .byte 0x00, 0x00, 0x15, 0x07, 0x15, 0x08, 0x15, 0x8b, 0x18, 0x70, 0x32, 0x00, 0x00, 0x00, 0x00, 0x00
    .byte 0x13, 0x3a, 0x66, 0x22, 0x02, 0x01, 0x26, 0x66, 0x22, 0x02, 0x2c, 0xbc, 0x03, 0x00, 0x00, 0x2c
    .byte 0x01, 0x00, 0x00, 0x00, 0x20, 0x00, 0x00, 0x20, 0x00, 0x00, 0x15, 0x59, 0x15, 0x5a, 0x2c, 0x1e
    .byte 0x00, 0x00, 0x00, 0x15, 0x07, 0x15, 0x08, 0x03, 0x00, 0x12, 0x00, 0x00, 0x00, 0x26, 0x00, 0xe0
    .byte 0x03, 0x00, 0xba, 0xff, 0xff, 0xff, 0x26, 0x00, 0xe1, 0x15, 0x8b, 0x18, 0x70, 0x32, 0x00, 0x00
    .byte 0x00, 0x00, 0x00, 0x13, 0x7d, 0x66, 0x22, 0x02, 0x01, 0x69, 0x66, 0x22, 0x02, 0x2c, 0xbd, 0x03
    .byte 0x00, 0x00, 0x2c, 0x01, 0x00, 0x00, 0x00, 0x20, 0x00, 0x00, 0x20, 0x00, 0x00, 0x15, 0x59, 0x2c
    .byte 0x0a, 0x00, 0x00, 0x00, 0x15, 0x07, 0x15, 0x08, 0x15, 0x5a, 0x03, 0x00, 0x00, 0x00, 0x00, 0x00
    .byte 0x26, 0x00, 0xe0, 0x03, 0x00, 0x00, 0x00, 0x00, 0x00, 0x26, 0x00, 0xe1, 0x2c, 0x14, 0x00, 0x00
    .byte 0x00, 0x15, 0x07, 0x15, 0x08, 0x2c, 0x1e, 0x00, 0x00, 0x00, 0x15, 0x07, 0x15, 0x08, 0x2c, 0x03
    .byte 0x00, 0x00, 0x00, 0x2c, 0x77, 0x00, 0x00, 0x00, 0x15, 0xef, 0x2c, 0x06, 0x00, 0x00, 0x00, 0x2c
    .byte 0xf5, 0xe1, 0x21, 0x02, 0x15, 0x39, 0x2c, 0x22, 0x00, 0x00, 0x00, 0x20, 0x00, 0x00, 0x15, 0xe0
    .byte 0x15, 0x0d, 0x00, 0x00, 0x00, 0x00, 0x00, 0x00, 0x00, 0x00, 0x00, 0x00, 0x00, 0x00, 0x00, 0x00
    .byte 0x00, 0x00, 0x00, 0x00, 0x00, 0x00, 0x00, 0x00, 0x00, 0x00, 0x00, 0x00, 0x00, 0x00, 0x00, 0x00
