.text
; Matching fallback for the portable implementation in src/overlays/ov122/overlay122_recovery.c.
.extern data_ov122_0221d720
.extern data_ov122_0221d824
.extern data_ov122_0221ea6d
.extern data_ov122_02225e00
.extern data_ov122_02225e04
.extern func_02008f58
.extern ActorInteractionRuntime_Init
.extern ActorInteractionRuntime_NoOp
.extern ActorDescriptorBatch_RegisterAndSpawnCategory1
.extern ActorDescriptorBatch_SetCategory1Callback

.global func_ov122_0221d6c0
func_ov122_0221d6c0:
    stmdb sp!, {r3, lr}
    cmp r0, #0x0
    ldmneia sp!, {r3, pc}
    bl ActorInteractionRuntime_Init
    ldr r0, .L_0221d6fc
    ldr r2, .L_0221d700
    mov r1, #0x3
    bl ActorDescriptorBatch_RegisterAndSpawnCategory1
    ldr r0, .L_0221d704
    bl ActorInteractionRuntime_NoOp
    ldr r0, .L_0221d708
    bl func_02008f58
    ldr r0, .L_0221d70c
    bl ActorDescriptorBatch_SetCategory1Callback
    ldmia sp!, {r3, pc}
.L_0221d6fc: .word data_ov122_02225e04
.L_0221d700: .word data_ov122_0221d824
.L_0221d704: .word data_ov122_02225e00
.L_0221d708: .word data_ov122_0221d720
.L_0221d70c: .word data_ov122_0221ea6d
.size func_ov122_0221d6c0, . - func_ov122_0221d6c0

; Matching fallback for initialized records and BSS documented in
; src/overlays/ov122/overlay122_recovery.c.
; Absolute labels preserve fixed-address record and BSS references without alignment padding.
.global data_ov122_0221d720
.set data_ov122_0221d720, 0x0221d720
.global data_ov122_0221d734
.set data_ov122_0221d734, 0x0221d734
.global data_ov122_0221d7a0
.set data_ov122_0221d7a0, 0x0221d7a0
.global data_ov122_0221d824
.set data_ov122_0221d824, 0x0221d824
.global data_ov122_0221e475
.set data_ov122_0221e475, 0x0221e475
.global data_ov122_0221e5cb
.set data_ov122_0221e5cb, 0x0221e5cb
.global data_ov122_0221e612
.set data_ov122_0221e612, 0x0221e612
.global data_ov122_0221e655
.set data_ov122_0221e655, 0x0221e655
.global data_ov122_0221e66c
.set data_ov122_0221e66c, 0x0221e66c
.global data_ov122_0221e692
.set data_ov122_0221e692, 0x0221e692
.global data_ov122_0221e6cc
.set data_ov122_0221e6cc, 0x0221e6cc
.global data_ov122_0221e7c0
.set data_ov122_0221e7c0, 0x0221e7c0
.global data_ov122_0221e7d4
.set data_ov122_0221e7d4, 0x0221e7d4
.global data_ov122_0221e7fa
.set data_ov122_0221e7fa, 0x0221e7fa
.global data_ov122_0221e87d
.set data_ov122_0221e87d, 0x0221e87d
.global data_ov122_0221e87e
.set data_ov122_0221e87e, 0x0221e87e
.global data_ov122_0221e8bb
.set data_ov122_0221e8bb, 0x0221e8bb
.global data_ov122_0221ea6d
.set data_ov122_0221ea6d, 0x0221ea6d
.global data_ov122_0221eb04
.set data_ov122_0221eb04, 0x0221eb04
.global data_ov122_0221eb5a
.set data_ov122_0221eb5a, 0x0221eb5a
.global data_ov122_0221ecaa
.set data_ov122_0221ecaa, 0x0221ecaa
.global data_ov122_0221ecf6
.set data_ov122_0221ecf6, 0x0221ecf6
.global data_ov122_0221ed42
.set data_ov122_0221ed42, 0x0221ed42
.global data_ov122_0221ed8e
.set data_ov122_0221ed8e, 0x0221ed8e
.global data_ov122_0221edda
.set data_ov122_0221edda, 0x0221edda
.global data_ov122_0221ee26
.set data_ov122_0221ee26, 0x0221ee26
.global data_ov122_0221ee72
.set data_ov122_0221ee72, 0x0221ee72
.global data_ov122_0221f024
.set data_ov122_0221f024, 0x0221f024
.global data_ov122_0221f0fd
.set data_ov122_0221f0fd, 0x0221f0fd
.global data_ov122_0221f102
.set data_ov122_0221f102, 0x0221f102
.global data_ov122_0221f14e
.set data_ov122_0221f14e, 0x0221f14e
.global data_ov122_0221f19a
.set data_ov122_0221f19a, 0x0221f19a
.global data_ov122_0221f1e6
.set data_ov122_0221f1e6, 0x0221f1e6
.global data_ov122_0221f232
.set data_ov122_0221f232, 0x0221f232
.global data_ov122_0221f27e
.set data_ov122_0221f27e, 0x0221f27e
.global data_ov122_0221f2ca
.set data_ov122_0221f2ca, 0x0221f2ca
.global data_ov122_0221f316
.set data_ov122_0221f316, 0x0221f316
.global data_ov122_0221f3aa
.set data_ov122_0221f3aa, 0x0221f3aa
.global data_ov122_0221f3f2
.set data_ov122_0221f3f2, 0x0221f3f2
.global data_ov122_0221f43a
.set data_ov122_0221f43a, 0x0221f43a
.global data_ov122_0221f482
.set data_ov122_0221f482, 0x0221f482
.global data_ov122_0221f4ca
.set data_ov122_0221f4ca, 0x0221f4ca
.global data_ov122_0221f512
.set data_ov122_0221f512, 0x0221f512
.global data_ov122_0221f55a
.set data_ov122_0221f55a, 0x0221f55a
.global data_ov122_0221f58f
.set data_ov122_0221f58f, 0x0221f58f
.global data_ov122_0221f594
.set data_ov122_0221f594, 0x0221f594
.global data_ov122_0221f5ee
.set data_ov122_0221f5ee, 0x0221f5ee
.global data_ov122_0221f63a
.set data_ov122_0221f63a, 0x0221f63a
.global data_ov122_0221f686
.set data_ov122_0221f686, 0x0221f686
.global data_ov122_0221f6d2
.set data_ov122_0221f6d2, 0x0221f6d2
.global data_ov122_0221f71e
.set data_ov122_0221f71e, 0x0221f71e
.global data_ov122_0221f76a
.set data_ov122_0221f76a, 0x0221f76a
.global data_ov122_0221f7b6
.set data_ov122_0221f7b6, 0x0221f7b6
.global data_ov122_0221f8b2
.set data_ov122_0221f8b2, 0x0221f8b2
.global data_ov122_0221f8fe
.set data_ov122_0221f8fe, 0x0221f8fe
.global data_ov122_0221f94a
.set data_ov122_0221f94a, 0x0221f94a
.global data_ov122_0221f996
.set data_ov122_0221f996, 0x0221f996
.global data_ov122_0221f9e2
.set data_ov122_0221f9e2, 0x0221f9e2
.global data_ov122_0221fa2e
.set data_ov122_0221fa2e, 0x0221fa2e
.global data_ov122_0221fa7a
.set data_ov122_0221fa7a, 0x0221fa7a
.global data_ov122_0221fd05
.set data_ov122_0221fd05, 0x0221fd05
.global data_ov122_0221fd0a
.set data_ov122_0221fd0a, 0x0221fd0a
.global data_ov122_0221fd56
.set data_ov122_0221fd56, 0x0221fd56
.global data_ov122_0221fda2
.set data_ov122_0221fda2, 0x0221fda2
.global data_ov122_0221fdee
.set data_ov122_0221fdee, 0x0221fdee
.global data_ov122_0221fe3a
.set data_ov122_0221fe3a, 0x0221fe3a
.global data_ov122_0221fe86
.set data_ov122_0221fe86, 0x0221fe86
.global data_ov122_0221fed2
.set data_ov122_0221fed2, 0x0221fed2
.global data_ov122_0221ff1e
.set data_ov122_0221ff1e, 0x0221ff1e
.global data_ov122_0221ffb2
.set data_ov122_0221ffb2, 0x0221ffb2
.global data_ov122_0221fffa
.set data_ov122_0221fffa, 0x0221fffa
.global data_ov122_02220042
.set data_ov122_02220042, 0x02220042
.global data_ov122_0222008a
.set data_ov122_0222008a, 0x0222008a
.global data_ov122_022200d2
.set data_ov122_022200d2, 0x022200d2
.global data_ov122_0222011a
.set data_ov122_0222011a, 0x0222011a
.global data_ov122_02220162
.set data_ov122_02220162, 0x02220162
.global data_ov122_02220197
.set data_ov122_02220197, 0x02220197
.global data_ov122_0222094b
.set data_ov122_0222094b, 0x0222094b
.global data_ov122_02221242
.set data_ov122_02221242, 0x02221242
.global data_ov122_02221553
.set data_ov122_02221553, 0x02221553
.global data_ov122_0222179c
.set data_ov122_0222179c, 0x0222179c
.global data_ov122_022217e5
.set data_ov122_022217e5, 0x022217e5
.global data_ov122_02221887
.set data_ov122_02221887, 0x02221887
.global data_ov122_022218c8
.set data_ov122_022218c8, 0x022218c8
.global data_ov122_02221959
.set data_ov122_02221959, 0x02221959
.global data_ov122_02221b05
.set data_ov122_02221b05, 0x02221b05
.global data_ov122_02221b52
.set data_ov122_02221b52, 0x02221b52
.global data_ov122_02221bed
.set data_ov122_02221bed, 0x02221bed
.global data_ov122_02221c32
.set data_ov122_02221c32, 0x02221c32
.global data_ov122_02221ca5
.set data_ov122_02221ca5, 0x02221ca5
.global data_ov122_02221d52
.set data_ov122_02221d52, 0x02221d52
.global data_ov122_02221dab
.set data_ov122_02221dab, 0x02221dab
.global data_ov122_02221e88
.set data_ov122_02221e88, 0x02221e88
.global data_ov122_02221fd6
.set data_ov122_02221fd6, 0x02221fd6
.global data_ov122_02222002
.set data_ov122_02222002, 0x02222002
.global data_ov122_0222201c
.set data_ov122_0222201c, 0x0222201c
.global data_ov122_02222020
.set data_ov122_02222020, 0x02222020
.global data_ov122_0222208f
.set data_ov122_0222208f, 0x0222208f
.global data_ov122_022220b3
.set data_ov122_022220b3, 0x022220b3
.global data_ov122_022221a9
.set data_ov122_022221a9, 0x022221a9
.global data_ov122_022223c8
.set data_ov122_022223c8, 0x022223c8
.global data_ov122_02222492
.set data_ov122_02222492, 0x02222492
.global data_ov122_022224b4
.set data_ov122_022224b4, 0x022224b4
.global data_ov122_022224d5
.set data_ov122_022224d5, 0x022224d5
.global data_ov122_0222254d
.set data_ov122_0222254d, 0x0222254d
.global data_ov122_02222550
.set data_ov122_02222550, 0x02222550
.global data_ov122_0222257e
.set data_ov122_0222257e, 0x0222257e
.global data_ov122_022225c1
.set data_ov122_022225c1, 0x022225c1
.global data_ov122_022225e7
.set data_ov122_022225e7, 0x022225e7
.global data_ov122_02222620
.set data_ov122_02222620, 0x02222620
.global data_ov122_0222266e
.set data_ov122_0222266e, 0x0222266e
.global data_ov122_02222692
.set data_ov122_02222692, 0x02222692
.global data_ov122_022226b6
.set data_ov122_022226b6, 0x022226b6
.global data_ov122_022226da
.set data_ov122_022226da, 0x022226da
.global data_ov122_022226fe
.set data_ov122_022226fe, 0x022226fe
.global data_ov122_02222722
.set data_ov122_02222722, 0x02222722
.global data_ov122_02222747
.set data_ov122_02222747, 0x02222747
.global data_ov122_022227c6
.set data_ov122_022227c6, 0x022227c6
.global data_ov122_022227c9
.set data_ov122_022227c9, 0x022227c9
.global data_ov122_02222860
.set data_ov122_02222860, 0x02222860
.global data_ov122_02222865
.set data_ov122_02222865, 0x02222865
.global data_ov122_022228af
.set data_ov122_022228af, 0x022228af
.global data_ov122_02222abe
.set data_ov122_02222abe, 0x02222abe
.global data_ov122_02222ada
.set data_ov122_02222ada, 0x02222ada
.global data_ov122_02222b25
.set data_ov122_02222b25, 0x02222b25
.global data_ov122_02222bad
.set data_ov122_02222bad, 0x02222bad
.global data_ov122_02222c18
.set data_ov122_02222c18, 0x02222c18
.global data_ov122_02222ce6
.set data_ov122_02222ce6, 0x02222ce6
.global data_ov122_02222d02
.set data_ov122_02222d02, 0x02222d02
.global data_ov122_02222d19
.set data_ov122_02222d19, 0x02222d19
.global data_ov122_02222e04
.set data_ov122_02222e04, 0x02222e04
.global data_ov122_02222e2c
.set data_ov122_02222e2c, 0x02222e2c
.global data_ov122_02222eb0
.set data_ov122_02222eb0, 0x02222eb0
.global data_ov122_02222ed0
.set data_ov122_02222ed0, 0x02222ed0
.global data_ov122_02222ed8
.set data_ov122_02222ed8, 0x02222ed8
.global data_ov122_02222eeb
.set data_ov122_02222eeb, 0x02222eeb
.global data_ov122_02222f00
.set data_ov122_02222f00, 0x02222f00
.global data_ov122_02222f15
.set data_ov122_02222f15, 0x02222f15
.global data_ov122_02222f2a
.set data_ov122_02222f2a, 0x02222f2a
.global data_ov122_02222f3f
.set data_ov122_02222f3f, 0x02222f3f
.global data_ov122_02222f9e
.set data_ov122_02222f9e, 0x02222f9e
.global data_ov122_02222fea
.set data_ov122_02222fea, 0x02222fea
.global data_ov122_02222feb
.set data_ov122_02222feb, 0x02222feb
.global data_ov122_02223047
.set data_ov122_02223047, 0x02223047
.global data_ov122_02223129
.set data_ov122_02223129, 0x02223129
.global data_ov122_02223158
.set data_ov122_02223158, 0x02223158
.global data_ov122_02223255
.set data_ov122_02223255, 0x02223255
.global data_ov122_02223298
.set data_ov122_02223298, 0x02223298
.global data_ov122_022232b9
.set data_ov122_022232b9, 0x022232b9
.global data_ov122_022232c7
.set data_ov122_022232c7, 0x022232c7
.global data_ov122_022233b5
.set data_ov122_022233b5, 0x022233b5
.global data_ov122_022233e9
.set data_ov122_022233e9, 0x022233e9
.global data_ov122_022233fe
.set data_ov122_022233fe, 0x022233fe
.global data_ov122_022234ee
.set data_ov122_022234ee, 0x022234ee
.global data_ov122_0222367d
.set data_ov122_0222367d, 0x0222367d
.global data_ov122_0222377c
.set data_ov122_0222377c, 0x0222377c
.global data_ov122_02223798
.set data_ov122_02223798, 0x02223798
.global data_ov122_022237f5
.set data_ov122_022237f5, 0x022237f5
.global data_ov122_02223b77
.set data_ov122_02223b77, 0x02223b77
.global data_ov122_02223c59
.set data_ov122_02223c59, 0x02223c59
.global data_ov122_02223c88
.set data_ov122_02223c88, 0x02223c88
.global data_ov122_02223d85
.set data_ov122_02223d85, 0x02223d85
.global data_ov122_02223dc8
.set data_ov122_02223dc8, 0x02223dc8
.global data_ov122_02223de9
.set data_ov122_02223de9, 0x02223de9
.global data_ov122_02223df7
.set data_ov122_02223df7, 0x02223df7
.global data_ov122_02223ee5
.set data_ov122_02223ee5, 0x02223ee5
.global data_ov122_02223f19
.set data_ov122_02223f19, 0x02223f19
.global data_ov122_02223f2e
.set data_ov122_02223f2e, 0x02223f2e
.global data_ov122_02224020
.set data_ov122_02224020, 0x02224020
.global data_ov122_022242b2
.set data_ov122_022242b2, 0x022242b2
.global data_ov122_022242ce
.set data_ov122_022242ce, 0x022242ce
.global data_ov122_022246b9
.set data_ov122_022246b9, 0x022246b9
.global data_ov122_0222478c
.set data_ov122_0222478c, 0x0222478c
.global data_ov122_02224801
.set data_ov122_02224801, 0x02224801
.global data_ov122_02224928
.set data_ov122_02224928, 0x02224928
.global data_ov122_02224931
.set data_ov122_02224931, 0x02224931
.global data_ov122_02224979
.set data_ov122_02224979, 0x02224979
.global data_ov122_02224a4e
.set data_ov122_02224a4e, 0x02224a4e
.global data_ov122_02224aa9
.set data_ov122_02224aa9, 0x02224aa9
.global data_ov122_02224abe
.set data_ov122_02224abe, 0x02224abe
.global data_ov122_02224e5e
.set data_ov122_02224e5e, 0x02224e5e
.global data_ov122_02225249
.set data_ov122_02225249, 0x02225249
.global data_ov122_0222531c
.set data_ov122_0222531c, 0x0222531c
.global data_ov122_02225391
.set data_ov122_02225391, 0x02225391
.global data_ov122_02225485
.set data_ov122_02225485, 0x02225485
.global data_ov122_0222549a
.set data_ov122_0222549a, 0x0222549a
.global data_ov122_022254f1
.set data_ov122_022254f1, 0x022254f1
.global data_ov122_02225600
.set data_ov122_02225600, 0x02225600
.global data_ov122_02225621
.set data_ov122_02225621, 0x02225621
.global data_ov122_0222562f
.set data_ov122_0222562f, 0x0222562f
.global data_ov122_02225818
.set data_ov122_02225818, 0x02225818
.global data_ov122_0222599a
.set data_ov122_0222599a, 0x0222599a
.global data_ov122_02225a8e
.set data_ov122_02225a8e, 0x02225a8e
.global data_ov122_02225b6b
.set data_ov122_02225b6b, 0x02225b6b
.global data_ov122_02225bdf
.set data_ov122_02225bdf, 0x02225bdf
.global data_ov122_02225ca8
.set data_ov122_02225ca8, 0x02225ca8
.global data_ov122_02225d79
.set data_ov122_02225d79, 0x02225d79
.global data_ov122_02225d8f
.set data_ov122_02225d8f, 0x02225d8f
.global data_ov122_02225da5
.set data_ov122_02225da5, 0x02225da5
.global data_ov122_02225dbb
.set data_ov122_02225dbb, 0x02225dbb
.global data_ov122_02225dd1
.set data_ov122_02225dd1, 0x02225dd1
.global data_ov122_02225de7
.set data_ov122_02225de7, 0x02225de7
.global data_ov122_02225e00
.set data_ov122_02225e00, 0x02225e00
.global data_ov122_02225e04
.set data_ov122_02225e04, 0x02225e04
    .section .data, 4, 1, 4
    .byte 0xff, 0xff, 0xff, 0xff, 0x00, 0x00, 0x00, 0x00, 0x00, 0x00, 0x00, 0x00, 0xff, 0xff, 0x00, 0x00
    .byte 0x00, 0x00, 0x00, 0x00, 0x30, 0x02, 0x00, 0x00, 0xc0, 0x01, 0x00, 0x00, 0x01, 0x00, 0x00, 0x00
    .byte 0xe0, 0x02, 0x00, 0x00, 0x40, 0x02, 0x00, 0x00, 0x01, 0x00, 0x01, 0x00, 0x30, 0x02, 0x00, 0x00
    .byte 0xc0, 0x01, 0x00, 0x00, 0x01, 0x00, 0x00, 0x00, 0xe0, 0x02, 0x00, 0x00, 0x40, 0x02, 0x00, 0x00
    .byte 0x01, 0x00, 0x00, 0x00, 0x30, 0x02, 0x00, 0x00, 0xc0, 0x01, 0x00, 0x00, 0x01, 0x00, 0x04, 0x00
    .byte 0xe0, 0x02, 0x00, 0x00, 0x40, 0x02, 0x00, 0x00, 0x01, 0x00, 0x01, 0x00, 0x30, 0x02, 0x00, 0x00
    .byte 0xc0, 0x01, 0x00, 0x00, 0x01, 0x00, 0x00, 0x00, 0xe0, 0x02, 0x00, 0x00, 0x40, 0x02, 0x00, 0x00
    .byte 0x01, 0x00, 0x00, 0x00, 0xff, 0xff, 0xff, 0xff, 0xff, 0xff, 0xff, 0xff, 0x00, 0x00, 0x00, 0x00
    .byte 0xe0, 0x00, 0x00, 0x00, 0xe0, 0x01, 0x00, 0x00, 0x01, 0x00, 0x03, 0x00, 0x70, 0x00, 0x00, 0x00
    .byte 0xa0, 0x01, 0x00, 0x00, 0x01, 0x00, 0x00, 0x00, 0x70, 0x00, 0x00, 0x00, 0x50, 0x02, 0x00, 0x00
    .byte 0x01, 0x00, 0x00, 0x00, 0x00, 0x01, 0x00, 0x00, 0x60, 0x02, 0x00, 0x00, 0x01, 0x00, 0x00, 0x00
    .byte 0x00, 0x01, 0x00, 0x00, 0x60, 0x02, 0x00, 0x00, 0x01, 0x00, 0x00, 0x00, 0xe0, 0x00, 0x00, 0x00
    .byte 0xe0, 0x01, 0x00, 0x00, 0x01, 0x00, 0x03, 0x00, 0x00, 0x01, 0x00, 0x00, 0x60, 0x02, 0x00, 0x00
    .byte 0x01, 0x00, 0x00, 0x00, 0x70, 0x00, 0x00, 0x00, 0x50, 0x02, 0x00, 0x00, 0x01, 0x00, 0x00, 0x00
    .byte 0x70, 0x00, 0x00, 0x00, 0xa0, 0x01, 0x00, 0x00, 0x01, 0x00, 0x02, 0x00, 0xe0, 0x00, 0x00, 0x00
    .byte 0xe0, 0x01, 0x00, 0x00, 0x01, 0x00, 0x03, 0x00, 0xff, 0xff, 0xff, 0xff, 0xff, 0xff, 0xff, 0xff
    .byte 0x00, 0x00, 0x00, 0x00, 0x06, 0x00, 0x00, 0x00, 0x00, 0x10, 0x00, 0x00, 0x01, 0x10, 0x00, 0x00
    .byte 0x02, 0x10, 0x00, 0x00, 0x02, 0x00, 0x0c, 0x08, 0x00, 0x00, 0x00, 0x00, 0x00, 0x00, 0xf0, 0xff
    .byte 0xcf, 0xff, 0x10, 0x00, 0x07, 0x00, 0x00, 0xfe, 0x00, 0xfe, 0x00, 0x00, 0x00, 0x00, 0x00, 0x00
    .byte 0xea, 0x2f, 0x22, 0x02, 0x00, 0x00, 0x00, 0x00, 0x00, 0x00, 0x00, 0x00, 0x00, 0x00, 0x00, 0x00
    .byte 0xff, 0xff, 0x00, 0x00, 0x00, 0x00, 0x00, 0x00, 0x00, 0x00, 0x00, 0x00, 0xff, 0xff, 0xff, 0xff
    .byte 0xff, 0xff, 0xff, 0xff, 0x00, 0x00, 0x03, 0x00, 0xff, 0xff, 0xff, 0xff, 0x00, 0x00, 0x00, 0x00
    .byte 0xf4, 0xd8, 0x0c, 0x00, 0x00, 0x00, 0x00, 0x00, 0x03, 0x00, 0x00, 0x00, 0x00, 0x10, 0x00, 0x00
    .byte 0x01, 0x10, 0x00, 0x00, 0x02, 0x10, 0x00, 0x00, 0x02, 0x00, 0x00, 0x00, 0x00, 0x00, 0x00, 0x00
    .byte 0x00, 0x00, 0xf0, 0xff, 0xcf, 0xff, 0x10, 0x00, 0x07, 0x00, 0x00, 0xfe, 0x00, 0xfe, 0x00, 0x00
    .byte 0x00, 0x00, 0x00, 0x00, 0x47, 0x30, 0x22, 0x02, 0x00, 0x00, 0x00, 0x00, 0x00, 0x00, 0x00, 0x00
    .byte 0x00, 0x00, 0x00, 0x00, 0xff, 0xff, 0x00, 0x00, 0x00, 0x00, 0x00, 0x00, 0x00, 0x00, 0x00, 0x00
    .byte 0xff, 0xff, 0xff, 0xff, 0xff, 0xff, 0xff, 0xff, 0x00, 0x00, 0x04, 0x00, 0xff, 0xff, 0xff, 0xff
    .byte 0x00, 0x00, 0x0e, 0x00, 0xf4, 0xd8, 0x0c, 0x00, 0x00, 0x00, 0x00, 0x00, 0x03, 0x00, 0x00, 0x00
    .byte 0x00, 0x10, 0x00, 0x00, 0x01, 0x10, 0x00, 0x00, 0x02, 0x10, 0x00, 0x00, 0x02, 0x00, 0x00, 0x00
    .byte 0x00, 0x00, 0x00, 0x00, 0x00, 0x00, 0xf0, 0xff, 0xcf, 0xff, 0x10, 0x00, 0x07, 0x00, 0x00, 0xfe
    .byte 0x00, 0xfe, 0x00, 0x00, 0x00, 0x00, 0x00, 0x00, 0x77, 0x3b, 0x22, 0x02, 0x00, 0x00, 0x00, 0x00
    .byte 0x00, 0x00, 0x00, 0x00, 0x00, 0x00, 0x00, 0x00, 0xff, 0xff, 0x00, 0x00, 0x00, 0x00, 0x00, 0x00
    .byte 0x00, 0x00, 0x00, 0x00, 0xff, 0xff, 0xff, 0xff, 0xff, 0xff, 0xff, 0xff, 0x00, 0x00, 0x05, 0x00
    .byte 0xff, 0xff, 0xff, 0xff, 0x00, 0x00, 0x0e, 0x00, 0xf4, 0xd8, 0x0c, 0x00, 0x00, 0x00, 0x00, 0x00
    .byte 0x03, 0x00, 0x00, 0x00, 0x00, 0x10, 0x00, 0x00, 0x01, 0x10, 0x00, 0x00, 0x02, 0x10, 0x00, 0x00
    .byte 0x02, 0x00, 0x00, 0x00, 0x00, 0x00, 0x00, 0x00, 0x00, 0x00, 0xf0, 0xff, 0xcf, 0xff, 0x10, 0x00
    .byte 0x07, 0x00, 0x00, 0xfe, 0x00, 0xfe, 0x00, 0x00, 0x00, 0x00, 0x00, 0x00, 0xb9, 0x46, 0x22, 0x02
    .byte 0x00, 0x00, 0x00, 0x00, 0x00, 0x00, 0x00, 0x00, 0x00, 0x00, 0x00, 0x00, 0xff, 0xff, 0x00, 0x00
    .byte 0x00, 0x00, 0x00, 0x00, 0x00, 0x00, 0x00, 0x00, 0xff, 0xff, 0xff, 0xff, 0xff, 0xff, 0xff, 0xff
    .byte 0x00, 0x00, 0x06, 0x00, 0xff, 0xff, 0xff, 0xff, 0x00, 0x00, 0x0e, 0x00, 0xf4, 0xd8, 0x0c, 0x00
    .byte 0x00, 0x00, 0x00, 0x00, 0x03, 0x00, 0x00, 0x00, 0x00, 0x10, 0x00, 0x00, 0x01, 0x10, 0x00, 0x00
    .byte 0x02, 0x10, 0x00, 0x00, 0x02, 0x00, 0x00, 0x00, 0x00, 0x00, 0x00, 0x00, 0x00, 0x00, 0xf0, 0xff
    .byte 0xcf, 0xff, 0x10, 0x00, 0x07, 0x00, 0x00, 0xfe, 0x00, 0xfe, 0x00, 0x00, 0x00, 0x00, 0x00, 0x00
    .byte 0x49, 0x52, 0x22, 0x02, 0x00, 0x00, 0x00, 0x00, 0x00, 0x00, 0x00, 0x00, 0x00, 0x00, 0x00, 0x00
    .byte 0xff, 0xff, 0x00, 0x00, 0x00, 0x00, 0x00, 0x00, 0x00, 0x00, 0x00, 0x00, 0xff, 0xff, 0xff, 0xff
    .byte 0xff, 0xff, 0xff, 0xff, 0x00, 0x00, 0x07, 0x00, 0xff, 0xff, 0xff, 0xff, 0x00, 0x00, 0x0e, 0x00
    .byte 0xf4, 0xd8, 0x0c, 0x00, 0x00, 0x00, 0x00, 0x00, 0x03, 0x00, 0x00, 0x00, 0xac, 0x31, 0x00, 0x00
    .byte 0xad, 0x31, 0x00, 0x00, 0xae, 0x31, 0x00, 0x00, 0x02, 0x00, 0x10, 0x10, 0x00, 0x00, 0x00, 0x00
    .byte 0x00, 0x00, 0xf0, 0xff, 0xc0, 0xff, 0x10, 0x00, 0x08, 0x00, 0x75, 0x01, 0x00, 0x01, 0x00, 0x00
    .byte 0x02, 0x00, 0x00, 0x00, 0xc8, 0x18, 0x22, 0x02, 0x00, 0x00, 0x00, 0x00, 0x00, 0x00, 0x00, 0x00
    .byte 0x00, 0x00, 0x00, 0x00, 0xff, 0xff, 0x10, 0x00, 0x00, 0x00, 0x00, 0x00, 0x00, 0x00, 0x00, 0x00
    .byte 0xff, 0xff, 0xff, 0xff, 0xff, 0xff, 0xff, 0xff, 0x00, 0x00, 0x08, 0x00, 0xff, 0xff, 0xff, 0xff
    .byte 0x00, 0x00, 0x00, 0x00, 0xf0, 0xd5, 0x10, 0x08, 0x00, 0x00, 0x00, 0x00, 0x03, 0x00, 0x00, 0x00
    .byte 0xac, 0x31, 0x00, 0x00, 0xad, 0x31, 0x00, 0x00, 0xae, 0x31, 0x00, 0x00, 0x02, 0x00, 0x00, 0x00
    .byte 0x00, 0x00, 0x00, 0x00, 0x00, 0x00, 0xf0, 0xff, 0xcf, 0xff, 0x10, 0x00, 0x07, 0x00, 0x00, 0xfe
    .byte 0x00, 0xfe, 0x00, 0x00, 0x02, 0x00, 0x00, 0x00, 0x32, 0x1c, 0x22, 0x02, 0x00, 0x00, 0x00, 0x00
    .byte 0x00, 0x00, 0x00, 0x00, 0x00, 0x00, 0x00, 0x00, 0xff, 0xff, 0x00, 0x00, 0x00, 0x00, 0x00, 0x00
    .byte 0x00, 0x00, 0x00, 0x00, 0xff, 0xff, 0xff, 0xff, 0xff, 0xff, 0xff, 0xff, 0x00, 0x00, 0x09, 0x00
    .byte 0xff, 0xff, 0xff, 0xff, 0x00, 0x00, 0x00, 0x00, 0xf4, 0xd8, 0x0c, 0x00, 0x00, 0x00, 0x00, 0x00
    .byte 0x03, 0x00, 0x00, 0x00, 0xaf, 0x31, 0x00, 0x00, 0xad, 0x31, 0x00, 0x00, 0xb0, 0x31, 0x00, 0x00
    .byte 0x02, 0x00, 0x70, 0x00, 0x00, 0x00, 0x00, 0x00, 0x00, 0x00, 0xf0, 0xff, 0xc0, 0xff, 0x10, 0x00
    .byte 0x08, 0x00, 0x9e, 0x03, 0xac, 0x02, 0x00, 0x00, 0x02, 0x00, 0x00, 0x00, 0x9c, 0x17, 0x22, 0x02
    .byte 0x00, 0x00, 0x00, 0x00, 0x00, 0x00, 0x00, 0x00, 0x00, 0x00, 0x00, 0x00, 0xff, 0xff, 0x40, 0x00
    .byte 0x00, 0x00, 0x00, 0x00, 0x00, 0x00, 0x00, 0x00, 0xff, 0xff, 0xff, 0xff, 0xff, 0xff, 0xff, 0xff
    .byte 0x00, 0x00, 0x0a, 0x00, 0xff, 0xff, 0xff, 0xff, 0x00, 0x00, 0x00, 0x00, 0xed, 0xd5, 0x10, 0x08
    .byte 0x00, 0x00, 0x00, 0x00, 0x02, 0x00, 0x3b, 0x00, 0x00, 0x10, 0x00, 0x00, 0x01, 0x10, 0x00, 0x00
    .byte 0x02, 0x10, 0x00, 0x00, 0x02, 0x00, 0x14, 0x08, 0x00, 0x00, 0x00, 0x00, 0x00, 0x00, 0xf0, 0xff
    .byte 0xcf, 0xff, 0x10, 0x00, 0x07, 0x00, 0x58, 0x02, 0x78, 0x02, 0x00, 0x00, 0x08, 0x02, 0x01, 0x02
    .byte 0x00, 0x00, 0x00, 0x00, 0x00, 0x02, 0x00, 0x00, 0x00, 0x00, 0x00, 0x00, 0x00, 0x00, 0x00, 0x00
    .byte 0xff, 0xff, 0x00, 0x00, 0x00, 0x00, 0x00, 0x00, 0x00, 0x00, 0x00, 0x00, 0xff, 0xff, 0xff, 0xff
    .byte 0xff, 0xff, 0xff, 0xff, 0x00, 0x00, 0xff, 0xff, 0x01, 0x00, 0x00, 0x00, 0x00, 0x00, 0x00, 0x00
    .byte 0xf4, 0xd8, 0x0c, 0x00, 0x00, 0x00, 0x00, 0x00, 0x02, 0x00, 0x3b, 0x00, 0x00, 0x10, 0x00, 0x00
    .byte 0x01, 0x10, 0x00, 0x00, 0x02, 0x10, 0x00, 0x00, 0x02, 0x00, 0x14, 0x08, 0x00, 0x00, 0x00, 0x00
    .byte 0x00, 0x00, 0xf0, 0xff, 0xcf, 0xff, 0x10, 0x00, 0x07, 0x00, 0x88, 0x02, 0x98, 0x02, 0x00, 0x00
    .byte 0x08, 0x02, 0x01, 0x02, 0x00, 0x00, 0x00, 0x00, 0x00, 0x02, 0x00, 0x00, 0x00, 0x00, 0x00, 0x00
    .byte 0x00, 0x00, 0x00, 0x00, 0xff, 0xff, 0x00, 0x00, 0x00, 0x00, 0x00, 0x00, 0x00, 0x00, 0x00, 0x00
    .byte 0xff, 0xff, 0xff, 0xff, 0xff, 0xff, 0xff, 0xff, 0x00, 0x00, 0xff, 0xff, 0x01, 0x00, 0x00, 0x00
    .byte 0x00, 0x00, 0x00, 0x00, 0xf4, 0xd8, 0x0c, 0x00, 0x00, 0x00, 0x00, 0x00, 0x02, 0x00, 0x3c, 0x00
    .byte 0x00, 0x10, 0x00, 0x00, 0x01, 0x10, 0x00, 0x00, 0x02, 0x10, 0x00, 0x00, 0x02, 0x00, 0x10, 0x08
    .byte 0x00, 0x00, 0x00, 0x00, 0x00, 0x00, 0xf0, 0xff, 0xcf, 0xff, 0x10, 0x00, 0x07, 0x00, 0xe0, 0x00
    .byte 0xe0, 0x01, 0x00, 0x00, 0x08, 0x00, 0x00, 0x02, 0x00, 0x00, 0x00, 0x00, 0x00, 0x02, 0x00, 0x00
    .byte 0x00, 0x00, 0x00, 0x00, 0xa0, 0xd7, 0x21, 0x02, 0xff, 0xff, 0x00, 0x00, 0x00, 0x00, 0x00, 0x00
    .byte 0x00, 0x00, 0x00, 0x00, 0xff, 0xff, 0xff, 0xff, 0xff, 0xff, 0xff, 0xff, 0x00, 0x00, 0xff, 0xff
    .byte 0x01, 0x00, 0x00, 0x00, 0x00, 0x00, 0x00, 0x00, 0xf4, 0xd8, 0x0c, 0x00, 0x00, 0x00, 0x00, 0x00
    .byte 0x02, 0x00, 0x6f, 0x00, 0x00, 0x10, 0x00, 0x00, 0x01, 0x10, 0x00, 0x00, 0x02, 0x10, 0x00, 0x00
    .byte 0x02, 0x00, 0x10, 0x08, 0x00, 0x00, 0x00, 0x00, 0x00, 0x00, 0xf0, 0xff, 0xcf, 0xff, 0x10, 0x00
    .byte 0x07, 0x00, 0xc8, 0x02, 0x30, 0x02, 0x40, 0x00, 0x08, 0x00, 0x00, 0x02, 0x00, 0x00, 0x00, 0x00
    .byte 0x00, 0x02, 0x00, 0x00, 0x00, 0x00, 0x00, 0x00, 0x34, 0xd7, 0x21, 0x02, 0xff, 0xff, 0x00, 0x00
    .byte 0x00, 0x00, 0x00, 0x00, 0x00, 0x00, 0x00, 0x00, 0x2c, 0x01, 0x00, 0x00, 0xff, 0xff, 0xff, 0xff
    .byte 0x00, 0x00, 0xff, 0xff, 0x01, 0x00, 0x00, 0x00, 0x00, 0x00, 0x00, 0x00, 0xf4, 0xd8, 0x0c, 0x00
    .byte 0x00, 0x00, 0x00, 0x00, 0x03, 0x00, 0x00, 0x00, 0xd1, 0x20, 0x00, 0x00, 0xd2, 0x20, 0x00, 0x00
    .byte 0xd3, 0x20, 0x00, 0x00, 0x02, 0x00, 0x00, 0x00, 0x00, 0x00, 0x00, 0x00, 0x00, 0x00, 0xe0, 0xff
    .byte 0xf0, 0xff, 0x20, 0x00, 0x10, 0x00, 0xc0, 0x01, 0x00, 0x00, 0x00, 0x00, 0x00, 0x00, 0x00, 0x00
    .byte 0x79, 0x5d, 0x22, 0x02, 0x00, 0x00, 0x00, 0x00, 0x00, 0x00, 0x00, 0x00, 0x00, 0x00, 0x00, 0x00
    .byte 0x01, 0x00, 0x00, 0x00, 0x00, 0x00, 0x00, 0x00, 0x00, 0x00, 0x00, 0x00, 0xff, 0xff, 0xff, 0xff
    .byte 0xff, 0xff, 0xff, 0xff, 0x00, 0x00, 0x0f, 0x00, 0xff, 0xff, 0xff, 0xff, 0x00, 0x00, 0x1f, 0x00
    .byte 0xf4, 0xd8, 0x0c, 0x00, 0x00, 0x00, 0x00, 0x00, 0x03, 0x00, 0x00, 0x00, 0xd1, 0x20, 0x00, 0x00
    .byte 0xd2, 0x20, 0x00, 0x00, 0xd3, 0x20, 0x00, 0x00, 0x02, 0x04, 0x00, 0x00, 0x00, 0x00, 0x00, 0x00
    .byte 0x00, 0x00, 0xc0, 0xff, 0x80, 0xff, 0x40, 0x00, 0x08, 0x00, 0xc0, 0x01, 0x70, 0x00, 0x00, 0x00
    .byte 0x00, 0x00, 0x00, 0x00, 0xd0, 0x2e, 0x22, 0x02, 0x00, 0x00, 0x00, 0x00, 0x00, 0x00, 0x00, 0x00
    .byte 0x00, 0x00, 0x00, 0x00, 0x01, 0x00, 0x00, 0x00, 0x00, 0x00, 0x00, 0x00, 0x00, 0x00, 0x00, 0x00
    .byte 0xff, 0xff, 0xff, 0xff, 0xff, 0xff, 0xff, 0xff, 0x00, 0x00, 0x10, 0x00, 0xff, 0xff, 0xff, 0xff
    .byte 0x00, 0x00, 0x1f, 0x00, 0xf4, 0xd8, 0x0c, 0x00, 0x00, 0x00, 0x00, 0x00, 0x03, 0x00, 0x00, 0x00
    .byte 0xd1, 0x20, 0x00, 0x00, 0xd2, 0x20, 0x00, 0x00, 0xd3, 0x20, 0x00, 0x00, 0x02, 0x00, 0x00, 0x00
    .byte 0x00, 0x00, 0x00, 0x00, 0x00, 0x00, 0xf0, 0xff, 0xcf, 0xff, 0x10, 0x00, 0x07, 0x00, 0xbc, 0x01
    .byte 0x04, 0x01, 0xa0, 0x00, 0x00, 0x00, 0x00, 0x00, 0xd8, 0x2e, 0x22, 0x02, 0x00, 0x00, 0x00, 0x00
    .byte 0x00, 0x00, 0x00, 0x00, 0x00, 0x00, 0x00, 0x00, 0xff, 0xff, 0x00, 0x00, 0x00, 0x00, 0x00, 0x00
    .byte 0x00, 0x00, 0x00, 0x00, 0xff, 0xff, 0xff, 0xff, 0xff, 0xff, 0xff, 0xff, 0x00, 0x00, 0x11, 0x00
    .byte 0xff, 0xff, 0xff, 0xff, 0x00, 0x00, 0x00, 0x00, 0xf4, 0xd8, 0x0c, 0x00, 0x00, 0x00, 0x00, 0x00
    .byte 0x03, 0x00, 0x00, 0x00, 0xd1, 0x20, 0x00, 0x00, 0xd2, 0x20, 0x00, 0x00, 0xd3, 0x20, 0x00, 0x00
    .byte 0x02, 0x00, 0x00, 0x00, 0x00, 0x00, 0x00, 0x00, 0x00, 0x00, 0xe0, 0xff, 0xf0, 0xff, 0x20, 0x00
    .byte 0x10, 0x00, 0xa0, 0x03, 0x08, 0x00, 0x00, 0x00, 0x00, 0x00, 0x00, 0x00, 0x8f, 0x5d, 0x22, 0x02
    .byte 0x00, 0x00, 0x00, 0x00, 0x00, 0x00, 0x00, 0x00, 0x00, 0x00, 0x00, 0x00, 0x01, 0x00, 0x00, 0x00
    .byte 0x00, 0x00, 0x00, 0x00, 0x00, 0x00, 0x00, 0x00, 0xff, 0xff, 0xff, 0xff, 0xff, 0xff, 0xff, 0xff
    .byte 0x00, 0x00, 0x12, 0x00, 0xff, 0xff, 0xff, 0xff, 0x00, 0x00, 0x1f, 0x00, 0xf4, 0xd8, 0x0c, 0x00
    .byte 0x00, 0x00, 0x00, 0x00, 0x03, 0x00, 0x00, 0x00, 0xd1, 0x20, 0x00, 0x00, 0xd2, 0x20, 0x00, 0x00
    .byte 0xd3, 0x20, 0x00, 0x00, 0x02, 0x00, 0x00, 0x00, 0x00, 0x00, 0x00, 0x00, 0x00, 0x00, 0xe0, 0xff
    .byte 0xf0, 0xff, 0x20, 0x00, 0x10, 0x00, 0xa0, 0x03, 0x28, 0x00, 0x00, 0x00, 0x00, 0x00, 0x00, 0x00
    .byte 0xa5, 0x5d, 0x22, 0x02, 0x00, 0x00, 0x00, 0x00, 0x00, 0x00, 0x00, 0x00, 0x00, 0x00, 0x00, 0x00
    .byte 0x01, 0x00, 0x00, 0x00, 0x00, 0x00, 0x00, 0x00, 0x00, 0x00, 0x00, 0x00, 0xff, 0xff, 0xff, 0xff
    .byte 0xff, 0xff, 0xff, 0xff, 0x00, 0x00, 0x13, 0x00, 0xff, 0xff, 0xff, 0xff, 0x00, 0x00, 0x1f, 0x00
    .byte 0xf4, 0xd8, 0x0c, 0x00, 0x00, 0x00, 0x00, 0x00, 0x03, 0x00, 0x00, 0x00, 0xd1, 0x20, 0x00, 0x00
    .byte 0xd2, 0x20, 0x00, 0x00, 0xd3, 0x20, 0x00, 0x00, 0x02, 0x04, 0x00, 0x00, 0x00, 0x00, 0x00, 0x00
    .byte 0x00, 0x00, 0xc0, 0xff, 0x80, 0xff, 0x40, 0x00, 0x08, 0x00, 0xa0, 0x03, 0xa0, 0x00, 0x00, 0x00
    .byte 0x00, 0x00, 0x00, 0x00, 0xeb, 0x2e, 0x22, 0x02, 0x00, 0x00, 0x00, 0x00, 0x00, 0x00, 0x00, 0x00
    .byte 0x00, 0x00, 0x00, 0x00, 0x02, 0x00, 0x00, 0x00, 0x00, 0x00, 0x00, 0x00, 0x00, 0x00, 0x00, 0x00
    .byte 0xff, 0xff, 0xff, 0xff, 0xff, 0xff, 0xff, 0xff, 0x00, 0x00, 0x14, 0x00, 0xff, 0xff, 0xff, 0xff
    .byte 0x00, 0x00, 0x1f, 0x00, 0xf4, 0xd8, 0x0c, 0x00, 0x00, 0x00, 0x00, 0x00, 0x03, 0x00, 0x00, 0x00
    .byte 0xd1, 0x20, 0x00, 0x00, 0xd2, 0x20, 0x00, 0x00, 0xd3, 0x20, 0x00, 0x00, 0x02, 0x00, 0x00, 0x00
    .byte 0x00, 0x00, 0x00, 0x00, 0x00, 0x00, 0xe0, 0xff, 0xf0, 0xff, 0x20, 0x00, 0x08, 0x00, 0x90, 0x01
    .byte 0xe0, 0x00, 0x00, 0x00, 0x00, 0x00, 0x00, 0x00, 0xbb, 0x5d, 0x22, 0x02, 0x00, 0x00, 0x00, 0x00
    .byte 0x00, 0x00, 0x00, 0x00, 0x00, 0x00, 0x00, 0x00, 0x02, 0x00, 0x00, 0x00, 0x00, 0x00, 0x00, 0x00
    .byte 0x00, 0x00, 0x00, 0x00, 0xff, 0xff, 0xff, 0xff, 0xff, 0xff, 0xff, 0xff, 0x00, 0x00, 0x15, 0x00
    .byte 0xff, 0xff, 0xff, 0xff, 0x00, 0x00, 0x1f, 0x00, 0xf4, 0xd8, 0x0c, 0x00, 0x00, 0x00, 0x00, 0x00
    .byte 0x03, 0x00, 0x00, 0x00, 0xd1, 0x20, 0x00, 0x00, 0xd2, 0x20, 0x00, 0x00, 0xd3, 0x20, 0x00, 0x00
    .byte 0x02, 0x00, 0x00, 0x00, 0x00, 0x00, 0x00, 0x00, 0x00, 0x00, 0xc0, 0xff, 0x80, 0xff, 0x40, 0x00
    .byte 0x08, 0x00, 0x70, 0x03, 0x40, 0x01, 0x00, 0x00, 0x00, 0x00, 0x00, 0x00, 0x00, 0x2f, 0x22, 0x02
    .byte 0x00, 0x00, 0x00, 0x00, 0x00, 0x00, 0x00, 0x00, 0x00, 0x00, 0x00, 0x00, 0x02, 0x00, 0x00, 0x00
    .byte 0x00, 0x00, 0x00, 0x00, 0x00, 0x00, 0x00, 0x00, 0xff, 0xff, 0xff, 0xff, 0xff, 0xff, 0xff, 0xff
    .byte 0x00, 0x00, 0x16, 0x00, 0xff, 0xff, 0xff, 0xff, 0x00, 0x00, 0x1f, 0x00, 0xf4, 0xd8, 0x0c, 0x00
    .byte 0x00, 0x00, 0x00, 0x00, 0x03, 0x00, 0x00, 0x00, 0xd1, 0x20, 0x00, 0x00, 0xd2, 0x20, 0x00, 0x00
    .byte 0xd3, 0x20, 0x00, 0x00, 0x02, 0x00, 0x00, 0x00, 0x00, 0x00, 0x00, 0x00, 0x00, 0x00, 0xe0, 0xff
    .byte 0xf0, 0xff, 0x20, 0x00, 0x10, 0x00, 0x90, 0x01, 0xf8, 0x00, 0x00, 0x00, 0x00, 0x00, 0x00, 0x00
    .byte 0xd1, 0x5d, 0x22, 0x02, 0x00, 0x00, 0x00, 0x00, 0x00, 0x00, 0x00, 0x00, 0x00, 0x00, 0x00, 0x00
    .byte 0x01, 0x00, 0x00, 0x00, 0x00, 0x00, 0x00, 0x00, 0x00, 0x00, 0x00, 0x00, 0xff, 0xff, 0xff, 0xff
    .byte 0xff, 0xff, 0xff, 0xff, 0x00, 0x00, 0x17, 0x00, 0xff, 0xff, 0xff, 0xff, 0x00, 0x00, 0x1f, 0x00
    .byte 0xf4, 0xd8, 0x0c, 0x00, 0x00, 0x00, 0x00, 0x00, 0x03, 0x00, 0x00, 0x00, 0xd1, 0x20, 0x00, 0x00
    .byte 0xd2, 0x20, 0x00, 0x00, 0xd3, 0x20, 0x00, 0x00, 0x02, 0x00, 0x00, 0x00, 0x00, 0x00, 0x00, 0x00
    .byte 0x00, 0x00, 0xe0, 0xff, 0xf0, 0xff, 0x20, 0x00, 0x10, 0x00, 0x90, 0x01, 0x18, 0x01, 0x00, 0x00
    .byte 0x00, 0x00, 0x00, 0x00, 0xe7, 0x5d, 0x22, 0x02, 0x00, 0x00, 0x00, 0x00, 0x00, 0x00, 0x00, 0x00
    .byte 0x00, 0x00, 0x00, 0x00, 0x01, 0x00, 0x00, 0x00, 0x00, 0x00, 0x00, 0x00, 0x00, 0x00, 0x00, 0x00
    .byte 0xff, 0xff, 0xff, 0xff, 0xff, 0xff, 0xff, 0xff, 0x00, 0x00, 0x18, 0x00, 0xff, 0xff, 0xff, 0xff
    .byte 0x00, 0x00, 0x1f, 0x00, 0xf4, 0xd8, 0x0c, 0x00, 0x00, 0x00, 0x00, 0x00, 0x03, 0x00, 0x00, 0x00
    .byte 0xd1, 0x20, 0x00, 0x00, 0xd2, 0x20, 0x00, 0x00, 0xd3, 0x20, 0x00, 0x00, 0x02, 0x04, 0x00, 0x00
    .byte 0x00, 0x00, 0x00, 0x00, 0x00, 0x00, 0xc0, 0xff, 0x80, 0xff, 0x40, 0x00, 0x08, 0x00, 0x90, 0x01
    .byte 0x90, 0x01, 0x00, 0x00, 0x00, 0x00, 0x00, 0x00, 0x15, 0x2f, 0x22, 0x02, 0x00, 0x00, 0x00, 0x00
    .byte 0x00, 0x00, 0x00, 0x00, 0x00, 0x00, 0x00, 0x00, 0x02, 0x00, 0x00, 0x00, 0x00, 0x00, 0x00, 0x00
    .byte 0x00, 0x00, 0x00, 0x00, 0xff, 0xff, 0xff, 0xff, 0xff, 0xff, 0xff, 0xff, 0x00, 0x00, 0x19, 0x00
    .byte 0xff, 0xff, 0xff, 0xff, 0x00, 0x00, 0x1f, 0x00, 0xf4, 0xd8, 0x0c, 0x00, 0x00, 0x00, 0x00, 0x00
    .byte 0x03, 0x00, 0x00, 0x00, 0xd1, 0x20, 0x00, 0x00, 0xd2, 0x20, 0x00, 0x00, 0xd3, 0x20, 0x00, 0x00
    .byte 0x02, 0x00, 0x00, 0x00, 0x00, 0x00, 0x00, 0x00, 0x00, 0x00, 0xc0, 0xff, 0x80, 0xff, 0x40, 0x00
    .byte 0x08, 0x00, 0x90, 0x03, 0x00, 0x02, 0x00, 0x00, 0x00, 0x00, 0x00, 0x00, 0x2a, 0x2f, 0x22, 0x02
    .byte 0x00, 0x00, 0x00, 0x00, 0x00, 0x00, 0x00, 0x00, 0x00, 0x00, 0x00, 0x00, 0x02, 0x00, 0x00, 0x00
    .byte 0x00, 0x00, 0x00, 0x00, 0x00, 0x00, 0x00, 0x00, 0xff, 0xff, 0xff, 0xff, 0xff, 0xff, 0xff, 0xff
    .byte 0x00, 0x00, 0x1a, 0x00, 0xff, 0xff, 0xff, 0xff, 0x00, 0x00, 0x1f, 0x00, 0xf4, 0xd8, 0x0c, 0x00
    .byte 0x00, 0x00, 0x00, 0x00, 0x03, 0x00, 0x00, 0x00, 0x00, 0x10, 0x00, 0x00, 0x01, 0x10, 0x00, 0x00
    .byte 0x02, 0x10, 0x00, 0x00, 0x02, 0x00, 0x30, 0x10, 0x00, 0x00, 0x00, 0x00, 0x00, 0x00, 0xf0, 0xff
    .byte 0xcf, 0xff, 0x10, 0x00, 0x07, 0x00, 0x38, 0x03, 0x28, 0x01, 0x00, 0x00, 0x10, 0x00, 0x00, 0x00
    .byte 0xa5, 0x1c, 0x22, 0x02, 0x00, 0x00, 0x00, 0x00, 0x00, 0x00, 0x00, 0x00, 0x00, 0x00, 0x00, 0x00
    .byte 0xff, 0xff, 0x00, 0x00, 0x00, 0x00, 0x00, 0x00, 0x00, 0x00, 0x00, 0x00, 0xff, 0xff, 0xff, 0xff
    .byte 0xff, 0xff, 0xff, 0xff, 0x00, 0x00, 0x1b, 0x00, 0xff, 0xff, 0xff, 0xff, 0x00, 0x00, 0x0e, 0x00
    .byte 0xf4, 0xd8, 0x0c, 0x00, 0x00, 0x00, 0x00, 0x00, 0x08, 0x00, 0x00, 0x00, 0x00, 0x10, 0x00, 0x00
    .byte 0x01, 0x10, 0x00, 0x00, 0x02, 0x10, 0x00, 0x00, 0x02, 0x00, 0x0c, 0x08, 0x00, 0x00, 0x00, 0x00
    .byte 0x00, 0x00, 0xf0, 0xff, 0xcf, 0xff, 0x10, 0x00, 0x07, 0x00, 0xa0, 0x00, 0xf8, 0x00, 0xa0, 0x00
    .byte 0x02, 0x00, 0x00, 0x00, 0x00, 0x00, 0x00, 0x00, 0x00, 0x00, 0x00, 0x00, 0x00, 0x00, 0x00, 0x00
    .byte 0x00, 0x00, 0x00, 0x00, 0xff, 0xff, 0x00, 0x00, 0x00, 0x00, 0x00, 0x00, 0x00, 0x00, 0x00, 0x00
    .byte 0xff, 0xff, 0xff, 0xff, 0xff, 0xff, 0xff, 0xff, 0x00, 0x00, 0xff, 0xff, 0xff, 0xff, 0xff, 0xff
    .byte 0x00, 0x00, 0x00, 0x00, 0xf4, 0xd8, 0x0c, 0x00, 0x00, 0x00, 0x00, 0x00, 0x08, 0x00, 0x01, 0x00
    .byte 0x00, 0x10, 0x00, 0x00, 0x01, 0x10, 0x00, 0x00, 0x02, 0x10, 0x00, 0x00, 0x02, 0x00, 0x0c, 0x08
    .byte 0x00, 0x00, 0x00, 0x00, 0x00, 0x00, 0xf0, 0xff, 0xcf, 0xff, 0x10, 0x00, 0x07, 0x00, 0x18, 0x02
    .byte 0x08, 0x02, 0x00, 0x00, 0x02, 0x00, 0x00, 0x00, 0x00, 0x00, 0x00, 0x00, 0x00, 0x00, 0x00, 0x00
    .byte 0x00, 0x00, 0x00, 0x00, 0x00, 0x00, 0x00, 0x00, 0xff, 0xff, 0x00, 0x00, 0x00, 0x00, 0x00, 0x00
    .byte 0x00, 0x00, 0x00, 0x00, 0xff, 0xff, 0xff, 0xff, 0xff, 0xff, 0xff, 0xff, 0x00, 0x00, 0xff, 0xff
    .byte 0xff, 0xff, 0xff, 0xff, 0x00, 0x00, 0x00, 0x00, 0xf4, 0xd8, 0x0c, 0x00, 0x00, 0x02, 0x00, 0x00
    .byte 0x03, 0x00, 0x00, 0x00, 0x00, 0x10, 0x00, 0x00, 0x01, 0x10, 0x00, 0x00, 0x02, 0x10, 0x00, 0x00
    .byte 0x02, 0x00, 0x00, 0x00, 0x00, 0x00, 0x00, 0x00, 0x00, 0x00, 0xf0, 0xff, 0xcf, 0xff, 0x10, 0x00
    .byte 0x07, 0x00, 0xf6, 0xff, 0xf6, 0xff, 0x00, 0x00, 0x06, 0x00, 0x00, 0x10, 0x4d, 0x25, 0x22, 0x02
    .byte 0x00, 0x00, 0x00, 0x00, 0x00, 0x00, 0x00, 0x00, 0x00, 0x00, 0x00, 0x00, 0xff, 0xff, 0x00, 0x00
    .byte 0x00, 0x00, 0x00, 0x00, 0x00, 0x00, 0x00, 0x00, 0xff, 0xff, 0xff, 0xff, 0xff, 0xff, 0xff, 0xff
    .byte 0x00, 0x00, 0x1e, 0x00, 0xff, 0xff, 0xff, 0xff, 0x00, 0x00, 0x00, 0x00, 0xf4, 0xd8, 0x0c, 0x00
    .byte 0x00, 0x00, 0x00, 0x00, 0x03, 0x00, 0x00, 0x00, 0x00, 0x10, 0x00, 0x00, 0x01, 0x10, 0x00, 0x00
    .byte 0x02, 0x10, 0x00, 0x00, 0x02, 0x00, 0x00, 0x00, 0x00, 0x00, 0x00, 0x00, 0x00, 0x00, 0xe8, 0xff
    .byte 0xc0, 0xff, 0x18, 0x00, 0x00, 0x00, 0x00, 0xfe, 0x00, 0xfe, 0x00, 0x00, 0x00, 0x00, 0x00, 0x12
    .byte 0x50, 0x25, 0x22, 0x02, 0x00, 0x00, 0x00, 0x00, 0x00, 0x00, 0x00, 0x00, 0x00, 0x00, 0x00, 0x00
    .byte 0xff, 0xff, 0x00, 0x00, 0x00, 0x00, 0x00, 0x00, 0x00, 0x00, 0x00, 0x00, 0xff, 0xff, 0xff, 0xff
    .byte 0xff, 0xff, 0xff, 0xff, 0x00, 0x00, 0x1f, 0x00, 0xff, 0xff, 0xff, 0xff, 0x00, 0x00, 0x1f, 0x00
    .byte 0xf0, 0xd0, 0x10, 0x00, 0x00, 0x00, 0x00, 0x00, 0x00, 0x00, 0x00, 0x00, 0x00, 0x00, 0x00, 0x00
    .byte 0x00, 0x00, 0x00, 0x00, 0x00, 0x00, 0x00, 0x00, 0x00, 0x00, 0x00, 0x00, 0x00, 0x00, 0x00, 0x00
    .byte 0x00, 0x00, 0x00, 0x00, 0x00, 0x00, 0x00, 0x00, 0x00, 0x00, 0x00, 0x00, 0x00, 0x00, 0x00, 0x00
    .byte 0x00, 0x00, 0x00, 0x00, 0x00, 0x00, 0x00, 0x00, 0x00, 0x00, 0x00, 0x00, 0x00, 0x00, 0x00, 0x00
    .byte 0x00, 0x00, 0x00, 0x00, 0x00, 0x00, 0x00, 0x00, 0x00, 0x00, 0x00, 0x00, 0x00, 0x00, 0x00, 0x00
    .byte 0x00, 0x00, 0x00, 0x00, 0x00, 0x00, 0x00, 0x00, 0x00, 0x00, 0x00, 0x00, 0x00, 0x00, 0x00, 0x00
    .byte 0x00, 0x00, 0x00, 0x00, 0x00, 0x00, 0x00, 0x00, 0x00, 0x00, 0x00, 0x00, 0x2c, 0x62, 0x10, 0x00
    .byte 0x00, 0x2c, 0x01, 0x10, 0x00, 0x00, 0x2c, 0x63, 0x10, 0x00, 0x00, 0x2c, 0x02, 0x00, 0x00, 0x00
    .byte 0x2c, 0x10, 0x00, 0x00, 0x00, 0x15, 0x73, 0x20, 0x00, 0x00, 0x15, 0x55, 0x20, 0x00, 0x00, 0x2c
    .byte 0x61, 0x00, 0x00, 0x00, 0x15, 0xe0, 0x2c, 0x3c, 0x00, 0x00, 0x00, 0x15, 0x07, 0x15, 0x08, 0x00
    .byte 0x15, 0x28, 0x2c, 0x00, 0x10, 0x00, 0x00, 0x2c, 0x01, 0x10, 0x00, 0x00, 0x2c, 0x02, 0x10, 0x00
    .byte 0x00, 0x2c, 0x02, 0x00, 0x00, 0x00, 0x20, 0x00, 0x00, 0x15, 0x73, 0x2c, 0x01, 0x00, 0x00, 0x00
    .byte 0x15, 0x25, 0x2c, 0x12, 0x00, 0x00, 0x00, 0x20, 0x00, 0x00, 0x15, 0x32, 0x2d, 0x58, 0x2c, 0x07
    .byte 0x00, 0x00, 0x00, 0x15, 0x47, 0x18, 0x70, 0x17, 0x00, 0x2d, 0x58, 0x2c, 0x08, 0x00, 0x00, 0x00
    .byte 0x15, 0x47, 0x18, 0x70, 0x17, 0x00, 0x15, 0x1e, 0x18, 0x70, 0x17, 0x00, 0x15, 0x75, 0x20, 0x00
    .byte 0x00, 0x15, 0x06, 0x00, 0x15, 0xa2, 0x00, 0x2c, 0x01, 0x00, 0x00, 0x00, 0x15, 0x09, 0x00, 0x20
    .byte 0x00, 0x00, 0x15, 0x09, 0x00, 0x15, 0x0d, 0x00, 0x00, 0x20, 0x00, 0x00, 0x15, 0x17, 0x00, 0x2c
    .byte 0x01, 0x00, 0x00, 0x00, 0x15, 0x25, 0x00, 0x20, 0x00, 0x00, 0x15, 0x25, 0x00, 0x20, 0x00, 0x00
    .byte 0x20, 0x00, 0x00, 0x20, 0x00, 0x00, 0x15, 0x02, 0x20, 0x00, 0x00, 0x15, 0x3d, 0x20, 0x00, 0x00
    .byte 0x15, 0x09, 0x00, 0x20, 0x00, 0x00, 0x15, 0x18, 0x20, 0x00, 0x00, 0x15, 0x19, 0x20, 0x00, 0x00
    .byte 0x15, 0x09, 0x00, 0x2c, 0x0c, 0xfe, 0xff, 0xff, 0x2c, 0x0c, 0xfe, 0xff, 0xff, 0x20, 0x00, 0x00
    .byte 0x15, 0x02, 0x20, 0x00, 0x00, 0x15, 0x09, 0x00, 0x15, 0x2c, 0x00, 0x20, 0x00, 0x00, 0x15, 0x17
    .byte 0x2c, 0x00, 0x10, 0x00, 0x00, 0x2c, 0x01, 0x10, 0x00, 0x00, 0x2c, 0x02, 0x10, 0x00, 0x00, 0x2c
    .byte 0x02, 0x00, 0x00, 0x00, 0x20, 0x00, 0x00, 0x15, 0x73, 0x2c, 0x01, 0x00, 0x00, 0x00, 0x15, 0x09
    .byte 0x20, 0x00, 0x00, 0x15, 0x75, 0x00, 0x2c, 0x06, 0x00, 0x00, 0x00, 0x20, 0x00, 0x00, 0x20, 0x00
    .byte 0x00, 0x20, 0x00, 0x00, 0x15, 0xcd, 0x00, 0x22, 0x2c, 0x15, 0x00, 0x00, 0x00, 0x2c, 0x9e, 0x00
    .byte 0x00, 0x00, 0x2c, 0x7f, 0x00, 0x00, 0x00, 0x15, 0x0a, 0x2c, 0x03, 0x10, 0x00, 0x00, 0x2c, 0x01
    .byte 0x10, 0x00, 0x00, 0x2c, 0x04, 0x10, 0x00, 0x00, 0x2c, 0x02, 0x00, 0x00, 0x00, 0x2c, 0x18, 0x00
    .byte 0x00, 0x00, 0x15, 0x73, 0x2c, 0x00, 0x01, 0x00, 0x00, 0x15, 0x17, 0x2c, 0x01, 0x00, 0x00, 0x00
    .byte 0x15, 0x06, 0x2c, 0x01, 0x00, 0x00, 0x00, 0x15, 0x09, 0x2c, 0x13, 0x00, 0x00, 0x00, 0x20, 0x00
    .byte 0x00, 0x20, 0x00, 0x00, 0x2c, 0x30, 0x00, 0x00, 0x00, 0x20, 0x00, 0x00, 0x20, 0x00, 0x00, 0x20
    .byte 0x00, 0x00, 0x15, 0x53, 0x15, 0x46, 0x15, 0x8b, 0x18, 0x70, 0x32, 0x00, 0x00, 0x00, 0x00, 0x00
    .byte 0x13, 0x7a, 0xe5, 0x21, 0x02, 0x01, 0x66, 0xe5, 0x21, 0x02, 0x2c, 0x93, 0x00, 0x00, 0x00, 0x2c
    .byte 0x01, 0x00, 0x00, 0x00, 0x20, 0x00, 0x00, 0x20, 0x00, 0x00, 0x15, 0xb8, 0x15, 0x5a, 0x20, 0x00
    .byte 0x00, 0x15, 0x75, 0x2c, 0x85, 0x03, 0x00, 0x00, 0x15, 0x36, 0x2c, 0x2b, 0x00, 0x00, 0x00, 0x15
    .byte 0x05, 0x2c, 0x01, 0x00, 0x00, 0x00, 0x15, 0x06, 0x2c, 0x5a, 0x00, 0x00, 0x00, 0x15, 0x07, 0x15
    .byte 0x08, 0x2c, 0xe0, 0x03, 0x00, 0x00, 0x15, 0x37, 0x18, 0x70, 0x32, 0x00, 0x00, 0x00, 0x00, 0x00
    .byte 0x14, 0xca, 0xe5, 0x21, 0x02, 0x01, 0xb1, 0xe5, 0x21, 0x02, 0x00, 0x20, 0x00, 0x00, 0x15, 0x75
    .byte 0x2c, 0x00, 0x01, 0x00, 0x00, 0x15, 0x17, 0x2c, 0x0f, 0x10, 0x00, 0x00, 0x2c, 0x01, 0x10, 0x00
    .byte 0x00, 0x2c, 0x10, 0x10, 0x00, 0x00, 0x2c, 0x02, 0x00, 0x00, 0x00, 0x2c, 0x21, 0x00, 0x00, 0x00
    .byte 0x15, 0x73, 0x15, 0x16, 0x15, 0x46, 0x29, 0x00, 0x66, 0x32, 0x00, 0x01, 0x00, 0x00, 0x00, 0x13
    .byte 0x12, 0xe6, 0x21, 0x02, 0x29, 0x00, 0x66, 0x32, 0x00, 0x08, 0x00, 0x00, 0x00, 0x14, 0x97, 0xe6
    .byte 0x21, 0x02, 0x2c, 0x03, 0x00, 0x00, 0x00, 0x38, 0x00, 0x20, 0x00, 0x00, 0x20, 0x00, 0x00, 0x20
    .byte 0x00, 0x00, 0x20, 0x00, 0x00, 0x20, 0x00, 0x00, 0x15, 0x53, 0x2c, 0x01, 0x00, 0x00, 0x00, 0x38
    .byte 0x00, 0x15, 0x85, 0x37, 0x00, 0x00, 0x32, 0x00, 0x01, 0x00, 0x00, 0x00, 0x14, 0x6c, 0xe6, 0x21
    .byte 0x02, 0x15, 0x8b, 0x18, 0x70, 0x32, 0x00, 0x00, 0x00, 0x00, 0x00, 0x13, 0x55, 0xe6, 0x21, 0x02
    .byte 0x01, 0x41, 0xe6, 0x21, 0x02, 0x2c, 0x20, 0x03, 0x00, 0x00, 0x2c, 0x01, 0x00, 0x00, 0x00, 0x20
    .byte 0x00, 0x00, 0x20, 0x00, 0x00, 0x15, 0xb8, 0x25, 0x92, 0xe6, 0x21, 0x02, 0x15, 0x8b, 0x18, 0x70
    .byte 0x32, 0x00, 0x00, 0x00, 0x00, 0x00, 0x13, 0x80, 0xe6, 0x21, 0x02, 0x01, 0x6c, 0xe6, 0x21, 0x02
    .byte 0x2c, 0xe1, 0x02, 0x00, 0x00, 0x2c, 0x01, 0x00, 0x00, 0x00, 0x20, 0x00, 0x00, 0x20, 0x00, 0x00
    .byte 0x15, 0xb8, 0x25, 0xfa, 0xe7, 0x21, 0x02, 0x29, 0x00, 0x66, 0x32, 0x00, 0x03, 0x00, 0x00, 0x00
    .byte 0x13, 0xb3, 0xe6, 0x21, 0x02, 0x29, 0x00, 0x66, 0x32, 0x00, 0x09, 0x00, 0x00, 0x00, 0x14, 0xf7
    .byte 0xe6, 0x21, 0x02, 0x2c, 0x04, 0x00, 0x00, 0x00, 0x2c, 0x03, 0x00, 0x00, 0x00, 0x2d, 0xd9, 0x2d
    .byte 0x63, 0x20, 0x00, 0x00, 0x20, 0x00, 0x00, 0x20, 0x00, 0x00, 0x15, 0x53, 0x15, 0x8b, 0x18, 0x70
    .byte 0x32, 0x00, 0x00, 0x00, 0x00, 0x00, 0x13, 0xe0, 0xe6, 0x21, 0x02, 0x01, 0xcc, 0xe6, 0x21, 0x02
    .byte 0x2c, 0x01, 0x00, 0x00, 0x00, 0x2c, 0x01, 0x00, 0x00, 0x00, 0x20, 0x00, 0x00, 0x20, 0x00, 0x00
    .byte 0x15, 0xb8, 0x25, 0xfa, 0xe7, 0x21, 0x02, 0x29, 0x00, 0x66, 0x32, 0x00, 0x04, 0x00, 0x00, 0x00
    .byte 0x14, 0x52, 0xe7, 0x21, 0x02, 0x2c, 0x04, 0x00, 0x00, 0x00, 0x2c, 0x03, 0x00, 0x00, 0x00, 0x2c
    .byte 0x3d, 0x00, 0x00, 0x00, 0x2d, 0x63, 0x20, 0x00, 0x00, 0x20, 0x00, 0x00, 0x20, 0x00, 0x00, 0x15
    .byte 0x53, 0x29, 0x00, 0xd9, 0x26, 0x00, 0xc0, 0x15, 0x8b, 0x18, 0x70, 0x32, 0x00, 0x00, 0x00, 0x00
    .byte 0x00, 0x13, 0x3b, 0xe7, 0x21, 0x02, 0x01, 0x27, 0xe7, 0x21, 0x02, 0x2c, 0x02, 0x00, 0x00, 0x00
    .byte 0x2c, 0x01, 0x00, 0x00, 0x00, 0x20, 0x00, 0x00, 0x20, 0x00, 0x00, 0x15, 0xb8, 0x25, 0xfa, 0xe7
    .byte 0x21, 0x02, 0x29, 0x00, 0x66, 0x32, 0x00, 0x0a, 0x00, 0x00, 0x00, 0x14, 0xc0, 0xe7, 0x21, 0x02
    .byte 0x29, 0x00, 0xd9, 0x26, 0x00, 0xbe, 0x15, 0x8b, 0x18, 0x70, 0x32, 0x00, 0x00, 0x00, 0x00, 0x00
    .byte 0x13, 0x7a, 0xe7, 0x21, 0x02, 0x01, 0x66, 0xe7, 0x21, 0x02, 0x2c, 0x46, 0x00, 0x00, 0x00, 0x2c
    .byte 0x01, 0x00, 0x00, 0x00, 0x20, 0x00, 0x00, 0x20, 0x00, 0x00, 0x15, 0xb8, 0x15, 0x5a, 0x2c, 0x97
    .byte 0x03, 0x00, 0x00, 0x15, 0x37, 0x18, 0x70, 0x32, 0x00, 0x00, 0x00, 0x00, 0x00, 0x14, 0xb3, 0xe7
    .byte 0x21, 0x02, 0x2c, 0xb4, 0x03, 0x00, 0x00, 0x15, 0x35, 0x2c, 0x08, 0x00, 0x00, 0x00, 0x20, 0x00
    .byte 0x00, 0x15, 0x78, 0x2c, 0x97, 0x03, 0x00, 0x00, 0x15, 0x35, 0x00, 0x25, 0xfa, 0xe7, 0x21, 0x02
    .byte 0x29, 0x00, 0x66, 0x32, 0x00, 0x0b, 0x00, 0x00, 0x00, 0x14, 0xfa, 0xe7, 0x21, 0x02, 0x29, 0x00
    .byte 0xd9, 0x26, 0x00, 0xbe, 0x15, 0x8b, 0x18, 0x70, 0x32, 0x00, 0x00, 0x00, 0x00, 0x00, 0x13, 0xe8
    .byte 0xe7, 0x21, 0x02, 0x01, 0xd4, 0xe7, 0x21, 0x02, 0x2c, 0x57, 0x02, 0x00, 0x00, 0x2c, 0x01, 0x00
    .byte 0x00, 0x00, 0x20, 0x00, 0x00, 0x20, 0x00, 0x00, 0x15, 0xb8, 0x15, 0x5a, 0x00, 0x20, 0x00, 0x00
    .byte 0x2c, 0x1f, 0xe8, 0x21, 0x02, 0x15, 0x39, 0x20, 0x00, 0x00, 0x15, 0x42, 0x18, 0x70, 0x32, 0x00
    .byte 0x00, 0x00, 0x00, 0x00, 0x14, 0x1e, 0xe8, 0x21, 0x02, 0x01, 0x07, 0xe8, 0x21, 0x02, 0x22, 0x2c
    .byte 0x15, 0x00, 0x00, 0x00, 0x2c, 0x9d, 0x00, 0x00, 0x00, 0x2c, 0x7f, 0x00, 0x00, 0x00, 0x15, 0x0a
    .byte 0x2c, 0x00, 0x01, 0x00, 0x00, 0x15, 0x17, 0x2c, 0x0f, 0x10, 0x00, 0x00, 0x2c, 0x01, 0x10, 0x00
    .byte 0x00, 0x2c, 0x10, 0x10, 0x00, 0x00, 0x2c, 0x02, 0x00, 0x00, 0x00, 0x2c, 0x21, 0x00, 0x00, 0x00
    .byte 0x15, 0x73, 0x2c, 0x21, 0x00, 0x00, 0x00, 0x15, 0x05, 0x15, 0x16, 0x00, 0x20, 0x00, 0x00, 0x2c
    .byte 0x7e, 0xe8, 0x21, 0x02, 0x15, 0x39, 0x20, 0x00, 0x00, 0x15, 0x42, 0x18, 0x70, 0x32, 0x00, 0x00
    .byte 0x00, 0x00, 0x00, 0x14, 0x7d, 0xe8, 0x21, 0x02, 0x01, 0x66, 0xe8, 0x21, 0x02, 0x22, 0x2c, 0x15
    .byte 0x00, 0x00, 0x00, 0x2c, 0x9c, 0x00, 0x00, 0x00, 0x2c, 0x7f, 0x00, 0x00, 0x00, 0x15, 0x0a, 0x2c
    .byte 0x00, 0x01, 0x00, 0x00, 0x15, 0x17, 0x2c, 0x0f, 0x10, 0x00, 0x00, 0x2c, 0x01, 0x10, 0x00, 0x00
    .byte 0x2c, 0x10, 0x10, 0x00, 0x00, 0x2c, 0x02, 0x00, 0x00, 0x00, 0x2c, 0x21, 0x00, 0x00, 0x00, 0x15
    .byte 0x73, 0x2c, 0x21, 0x00, 0x00, 0x00, 0x15, 0x05, 0x15, 0x16, 0x00, 0x2c, 0x00, 0x10, 0x00, 0x00
    .byte 0x2c, 0x01, 0x10, 0x00, 0x00, 0x2c, 0x02, 0x10, 0x00, 0x00, 0x2c, 0x02, 0x00, 0x00, 0x00, 0x20
    .byte 0x00, 0x00, 0x15, 0x73, 0x2c, 0x01, 0x00, 0x00, 0x00, 0x15, 0x25, 0x2c, 0x12, 0x00, 0x00, 0x00
    .byte 0x20, 0x00, 0x00, 0x15, 0x32, 0x2d, 0xd2, 0x2c, 0x07, 0x00, 0x00, 0x00, 0x15, 0x47, 0x18, 0x70
    .byte 0x17, 0x00, 0x2d, 0xd2, 0x2c, 0x08, 0x00, 0x00, 0x00, 0x15, 0x47, 0x18, 0x70, 0x17, 0x00, 0x15
    .byte 0x1e, 0x18, 0x70, 0x17, 0x00, 0x15, 0x75, 0x20, 0x00, 0x00, 0x15, 0x06, 0x00, 0x2c, 0x01, 0x00
    .byte 0x00, 0x00, 0x15, 0x09, 0x2c, 0x00, 0x10, 0x00, 0x00, 0x2c, 0x01, 0x10, 0x00, 0x00, 0x2c, 0x02
    .byte 0x10, 0x00, 0x00, 0x2c, 0x02, 0x00, 0x00, 0x00, 0x20, 0x00, 0x00, 0x15, 0x73, 0x20, 0x00, 0x00
    .byte 0x15, 0x75, 0x00, 0x2c, 0x00, 0x10, 0x00, 0x00, 0x2c, 0x01, 0x10, 0x00, 0x00, 0x2c, 0x02, 0x10
    .byte 0x00, 0x00, 0x2c, 0x02, 0x00, 0x00, 0x00, 0x20, 0x00, 0x00, 0x15, 0x73, 0x2c, 0x12, 0x00, 0x00
    .byte 0x00, 0x2c, 0x08, 0x00, 0x00, 0x00, 0x15, 0x32, 0x2d, 0x02, 0x2c, 0x07, 0x00, 0x00, 0x00, 0x15
    .byte 0x47, 0x18, 0x70, 0x17, 0x00, 0x2d, 0x02, 0x2c, 0x08, 0x00, 0x00, 0x00, 0x15, 0x47, 0x18, 0x70
    .byte 0x17, 0x00, 0x15, 0x1e, 0x18, 0x70, 0x17, 0x00, 0x15, 0x75, 0x20, 0x00, 0x00, 0x15, 0x06, 0x2c
    .byte 0x01, 0x00, 0x00, 0x00, 0x15, 0x07, 0x15, 0x08, 0x25, 0x58, 0xe9, 0x21, 0x02, 0x00, 0x2c, 0x00
    .byte 0x10, 0x00, 0x00, 0x2c, 0x01, 0x10, 0x00, 0x00, 0x2c, 0x02, 0x10, 0x00, 0x00, 0x2c, 0x02, 0x00
    .byte 0x00, 0x00, 0x2c, 0x1e, 0x00, 0x00, 0x00, 0x15, 0x73, 0x2c, 0x01, 0x00, 0x00, 0x00, 0x15, 0x06
    .byte 0x2c, 0x3c, 0x00, 0x00, 0x00, 0x15, 0x07, 0x15, 0x08, 0x00, 0x2c, 0x0b, 0x10, 0x00, 0x00, 0x2c
    .byte 0x01, 0x10, 0x00, 0x00, 0x2c, 0x0c, 0x10, 0x00, 0x00, 0x2c, 0x02, 0x00, 0x00, 0x00, 0x03, 0x00
    .byte 0x08, 0x00, 0x00, 0x00, 0x29, 0x01, 0xff, 0x04, 0x10, 0x17, 0x00, 0x15, 0x73, 0x00, 0x15, 0x1f
    .byte 0x18, 0x70, 0x17, 0x00, 0x15, 0x20, 0x18, 0x70, 0x24, 0x00, 0x20, 0x00, 0x00, 0x00, 0x17, 0x00
    .byte 0x20, 0x00, 0x00, 0x15, 0x02, 0x00, 0x2c, 0x07, 0x00, 0x00, 0x00, 0x2c, 0xfe, 0xff, 0xff, 0xff
    .byte 0x2c, 0xff, 0xff, 0xff, 0xff, 0x2c, 0xff, 0xff, 0xff, 0xff, 0x2c, 0xff, 0xff, 0xff, 0xff, 0x15
    .byte 0xdc, 0x15, 0x2c, 0x00, 0x15, 0x1f, 0x18, 0x70, 0x17, 0x00, 0x15, 0x20, 0x18, 0x70, 0x05, 0x00
    .byte 0x60, 0x00, 0x00, 0x00, 0x17, 0x00, 0x15, 0x27, 0x18, 0x70, 0x17, 0x00, 0x15, 0x02, 0x00, 0x2c
    .byte 0x07, 0x00, 0x00, 0x00, 0x2c, 0xfe, 0xff, 0xff, 0xff, 0x2c, 0xff, 0xff, 0xff, 0xff, 0x2c, 0xff
    .byte 0xff, 0xff, 0xff, 0x2c, 0xff, 0xff, 0xff, 0xff, 0x15, 0xdc, 0x15, 0x2c, 0x00, 0x20, 0x00, 0x00
    .byte 0x2c, 0x80, 0xdc, 0x00, 0x00, 0x15, 0xe0, 0x2c, 0x01, 0x00, 0x00, 0x00, 0x15, 0x06, 0x2c, 0x32
    .byte 0x00, 0x00, 0x00, 0x15, 0x07, 0x15, 0x08, 0x20, 0x00, 0x00, 0x15, 0x06, 0x22, 0x2c, 0x0d, 0x00
    .byte 0x00, 0x00, 0x20, 0x00, 0x00, 0x2c, 0xff, 0xff, 0xff, 0xff, 0x2c, 0xff, 0xff, 0xff, 0xff, 0x2c
    .byte 0xff, 0xff, 0xff, 0xff, 0x15, 0xdc, 0x2c, 0x87, 0xeb, 0x21, 0x02, 0x15, 0x4d, 0x29, 0x00, 0xfd
    .byte 0x32, 0x00, 0x00, 0x00, 0x00, 0x00, 0x14, 0xa2, 0xea, 0x21, 0x02, 0x2c, 0x10, 0x27, 0x00, 0x00
    .byte 0x15, 0xaa, 0x03, 0x00, 0x00, 0x00, 0x00, 0x00, 0x27, 0x00, 0x01, 0x03, 0x00, 0x00, 0x00, 0x00
    .byte 0x00, 0x27, 0x00, 0x02, 0x29, 0x00, 0xfd, 0x32, 0x00, 0x10, 0x00, 0x00, 0x00, 0x14, 0xce, 0xea
    .byte 0x21, 0x02, 0x2c, 0x03, 0x00, 0x00, 0x00, 0x2c, 0x20, 0x20, 0x22, 0x02, 0x15, 0x29, 0x2c, 0x2c
    .byte 0x01, 0x00, 0x00, 0x15, 0x36, 0x03, 0x00, 0x00, 0x00, 0x00, 0x00, 0x26, 0x00, 0x4e, 0x2c, 0x30
    .byte 0x00, 0x00, 0x00, 0x15, 0x01, 0x18, 0x70, 0x26, 0x00, 0x4e, 0x29, 0x00, 0x4e, 0x32, 0x00, 0x00
    .byte 0x00, 0x00, 0x00, 0x14, 0x04, 0xeb, 0x21, 0x02, 0x2c, 0x2c, 0x01, 0x00, 0x00, 0x15, 0x35, 0x25
    .byte 0x5a, 0xeb, 0x21, 0x02, 0x15, 0x0b, 0x18, 0x70, 0x33, 0x00, 0xfa, 0x00, 0x00, 0x00, 0x14, 0x5a
    .byte 0xeb, 0x21, 0x02, 0x2c, 0x30, 0x00, 0x00, 0x00, 0x15, 0x01, 0x18, 0x70, 0x26, 0x00, 0x4e, 0x29
    .byte 0x00, 0x4e, 0x32, 0x00, 0x00, 0x00, 0x00, 0x00, 0x14, 0x39, 0xeb, 0x21, 0x02, 0x2c, 0x2c, 0x01
    .byte 0x00, 0x00, 0x15, 0x35, 0x25, 0x5a, 0xeb, 0x21, 0x02, 0x2c, 0x30, 0x00, 0x00, 0x00, 0x15, 0x01
    .byte 0x18, 0x70, 0x26, 0x00, 0x4e, 0x29, 0x00, 0x4e, 0x32, 0x00, 0x00, 0x00, 0x00, 0x00, 0x14, 0x5a
    .byte 0xeb, 0x21, 0x02, 0x2c, 0x2c, 0x01, 0x00, 0x00, 0x15, 0x35, 0x2d, 0x4e, 0x15, 0x41, 0x20, 0x00
    .byte 0x00, 0x15, 0x07, 0x15, 0x08, 0x2c, 0x08, 0x00, 0x00, 0x00, 0x2c, 0xc9, 0x18, 0x22, 0x02, 0x15
    .byte 0x39, 0x2c, 0x0a, 0x00, 0x00, 0x00, 0x2c, 0x9d, 0x17, 0x22, 0x02, 0x15, 0x39, 0x2c, 0x05, 0x00
    .byte 0x00, 0x00, 0x15, 0x07, 0x15, 0x08, 0x00, 0x29, 0x00, 0x08, 0x32, 0x00, 0x01, 0x00, 0x00, 0x00
    .byte 0x14, 0x9b, 0x17, 0x22, 0x02, 0x29, 0x00, 0x09, 0x09, 0x00, 0x10, 0x00, 0x00, 0x00, 0x28, 0x00
    .byte 0x00, 0x29, 0x00, 0x0a, 0x09, 0x00, 0x10, 0x00, 0x00, 0x00, 0x28, 0x00, 0x01, 0x2f, 0x00, 0x2f
    .byte 0x01, 0x2c, 0x23, 0x00, 0x00, 0x00, 0x2c, 0x13, 0x00, 0x00, 0x00, 0x2c, 0x26, 0x00, 0x00, 0x00
    .byte 0x2c, 0x16, 0x00, 0x00, 0x00, 0x15, 0x5d, 0x18, 0x70, 0x14, 0x9d, 0x01, 0x22, 0x02, 0x2f, 0x00
    .byte 0x2f, 0x01, 0x15, 0x56, 0x18, 0x70, 0x13, 0x9d, 0x01, 0x22, 0x02, 0x2c, 0x64, 0x00, 0x00, 0x00
    .byte 0x15, 0x01, 0x18, 0x70, 0x28, 0x00, 0x02, 0x03, 0x00, 0x0a, 0x01, 0x00, 0x00, 0x32, 0x00, 0xff
    .byte 0xff, 0xff, 0xff, 0x14, 0x94, 0xf5, 0x21, 0x02, 0x2b, 0x00, 0x02, 0x34, 0x00, 0x03, 0x00, 0x00
    .byte 0x00, 0x14, 0x54, 0xf3, 0x21, 0x02, 0x2d, 0xfe, 0x15, 0x7c, 0x18, 0x70, 0x31, 0x00, 0x05, 0x00
    .byte 0x00, 0x00, 0x14, 0x54, 0xf3, 0x21, 0x02, 0x29, 0x00, 0xfe, 0x35, 0x00, 0x25, 0x00, 0x00, 0x00
    .byte 0x14, 0x54, 0xf3, 0x21, 0x02, 0x29, 0x00, 0xfe, 0x35, 0x00, 0x4f, 0x00, 0x00, 0x00, 0x14, 0x54
    .byte 0xf3, 0x21, 0x02, 0x2d, 0xfe, 0x15, 0x7c, 0x18, 0x70, 0x31, 0x00, 0x08, 0x00, 0x00, 0x00, 0x14
    .byte 0x02, 0xf1, 0x21, 0x02, 0x2c, 0x02, 0x00, 0x00, 0x00, 0x15, 0x01, 0x18, 0x70, 0x28, 0x00, 0x02
    .byte 0x2b, 0x00, 0x02, 0x32, 0x00, 0x00, 0x00, 0x00, 0x00, 0x14, 0xb0, 0xee, 0x21, 0x02, 0x29, 0x00
    .byte 0xff, 0x32, 0x00, 0x00, 0x00, 0x00, 0x00, 0x14, 0xaa, 0xec, 0x21, 0x02, 0x2c, 0x01, 0x00, 0x00
    .byte 0x00, 0x2c, 0x65, 0x01, 0x00, 0x00, 0x15, 0x1f, 0x18, 0x70, 0x05, 0x00, 0x00, 0x00, 0x00, 0x00
    .byte 0x17, 0x00, 0x15, 0x20, 0x18, 0x70, 0x05, 0x00, 0x10, 0x00, 0x00, 0x00, 0x17, 0x00, 0x15, 0x27
    .byte 0x18, 0x70, 0x17, 0x00, 0x2c, 0xff, 0xff, 0xff, 0xff, 0x2c, 0xff, 0xff, 0xff, 0xff, 0x2c, 0xff
    .byte 0xff, 0xff, 0xff, 0x15, 0x33, 0x25, 0xab, 0xee, 0x21, 0x02, 0x29, 0x00, 0xff, 0x32, 0x00, 0x01
    .byte 0x00, 0x00, 0x00, 0x14, 0xf6, 0xec, 0x21, 0x02, 0x2c, 0x01, 0x00, 0x00, 0x00, 0x2c, 0x65, 0x01
    .byte 0x00, 0x00, 0x15, 0x1f, 0x18, 0x70, 0x24, 0x00, 0x0c, 0x00, 0x00, 0x00, 0x17, 0x00, 0x15, 0x20
    .byte 0x18, 0x70, 0x05, 0x00, 0x0c, 0x00, 0x00, 0x00, 0x17, 0x00, 0x15, 0x27, 0x18, 0x70, 0x17, 0x00
    .byte 0x2c, 0xff, 0xff, 0xff, 0xff, 0x2c, 0xff, 0xff, 0xff, 0xff, 0x2c, 0xff, 0xff, 0xff, 0xff, 0x15
    .byte 0x33, 0x25, 0xab, 0xee, 0x21, 0x02, 0x29, 0x00, 0xff, 0x32, 0x00, 0x02, 0x00, 0x00, 0x00, 0x14
    .byte 0x42, 0xed, 0x21, 0x02, 0x2c, 0x01, 0x00, 0x00, 0x00, 0x2c, 0x65, 0x01, 0x00, 0x00, 0x15, 0x1f
    .byte 0x18, 0x70, 0x24, 0x00, 0x10, 0x00, 0x00, 0x00, 0x17, 0x00, 0x15, 0x20, 0x18, 0x70, 0x05, 0x00
    .byte 0x00, 0x00, 0x00, 0x00, 0x17, 0x00, 0x15, 0x27, 0x18, 0x70, 0x17, 0x00, 0x2c, 0xff, 0xff, 0xff
    .byte 0xff, 0x2c, 0xff, 0xff, 0xff, 0xff, 0x2c, 0xff, 0xff, 0xff, 0xff, 0x15, 0x33, 0x25, 0xab, 0xee
    .byte 0x21, 0x02, 0x29, 0x00, 0xff, 0x32, 0x00, 0x03, 0x00, 0x00, 0x00, 0x14, 0x8e, 0xed, 0x21, 0x02
    .byte 0x2c, 0x01, 0x00, 0x00, 0x00, 0x2c, 0x65, 0x01, 0x00, 0x00, 0x15, 0x1f, 0x18, 0x70, 0x24, 0x00
    .byte 0x0c, 0x00, 0x00, 0x00, 0x17, 0x00, 0x15, 0x20, 0x18, 0x70, 0x24, 0x00, 0x0c, 0x00, 0x00, 0x00
    .byte 0x17, 0x00, 0x15, 0x27, 0x18, 0x70, 0x17, 0x00, 0x2c, 0xff, 0xff, 0xff, 0xff, 0x2c, 0xff, 0xff
    .byte 0xff, 0xff, 0x2c, 0xff, 0xff, 0xff, 0xff, 0x15, 0x33, 0x25, 0xab, 0xee, 0x21, 0x02, 0x29, 0x00
    .byte 0xff, 0x32, 0x00, 0x04, 0x00, 0x00, 0x00, 0x14, 0xda, 0xed, 0x21, 0x02, 0x2c, 0x01, 0x00, 0x00
    .byte 0x00, 0x2c, 0x65, 0x01, 0x00, 0x00, 0x15, 0x1f, 0x18, 0x70, 0x05, 0x00, 0x00, 0x00, 0x00, 0x00
    .byte 0x17, 0x00, 0x15, 0x20, 0x18, 0x70, 0x24, 0x00, 0x10, 0x00, 0x00, 0x00, 0x17, 0x00, 0x15, 0x27
    .byte 0x18, 0x70, 0x17, 0x00, 0x2c, 0xff, 0xff, 0xff, 0xff, 0x2c, 0xff, 0xff, 0xff, 0xff, 0x2c, 0xff
    .byte 0xff, 0xff, 0xff, 0x15, 0x33, 0x25, 0xab, 0xee, 0x21, 0x02, 0x29, 0x00, 0xff, 0x32, 0x00, 0x05
    .byte 0x00, 0x00, 0x00, 0x14, 0x26, 0xee, 0x21, 0x02, 0x2c, 0x01, 0x00, 0x00, 0x00, 0x2c, 0x65, 0x01
    .byte 0x00, 0x00, 0x15, 0x1f, 0x18, 0x70, 0x05, 0x00, 0x0c, 0x00, 0x00, 0x00, 0x17, 0x00, 0x15, 0x20
    .byte 0x18, 0x70, 0x24, 0x00, 0x0c, 0x00, 0x00, 0x00, 0x17, 0x00, 0x15, 0x27, 0x18, 0x70, 0x17, 0x00
    .byte 0x2c, 0xff, 0xff, 0xff, 0xff, 0x2c, 0xff, 0xff, 0xff, 0xff, 0x2c, 0xff, 0xff, 0xff, 0xff, 0x15
    .byte 0x33, 0x25, 0xab, 0xee, 0x21, 0x02, 0x29, 0x00, 0xff, 0x32, 0x00, 0x06, 0x00, 0x00, 0x00, 0x14
    .byte 0x72, 0xee, 0x21, 0x02, 0x2c, 0x01, 0x00, 0x00, 0x00, 0x2c, 0x65, 0x01, 0x00, 0x00, 0x15, 0x1f
    .byte 0x18, 0x70, 0x05, 0x00, 0x10, 0x00, 0x00, 0x00, 0x17, 0x00, 0x15, 0x20, 0x18, 0x70, 0x05, 0x00
    .byte 0x00, 0x00, 0x00, 0x00, 0x17, 0x00, 0x15, 0x27, 0x18, 0x70, 0x17, 0x00, 0x2c, 0xff, 0xff, 0xff
    .byte 0xff, 0x2c, 0xff, 0xff, 0xff, 0xff, 0x2c, 0xff, 0xff, 0xff, 0xff, 0x15, 0x33, 0x25, 0xab, 0xee
    .byte 0x21, 0x02, 0x2c, 0x01, 0x00, 0x00, 0x00, 0x2c, 0x65, 0x01, 0x00, 0x00, 0x15, 0x1f, 0x18, 0x70
    .byte 0x05, 0x00, 0x0c, 0x00, 0x00, 0x00, 0x17, 0x00, 0x15, 0x20, 0x18, 0x70, 0x05, 0x00, 0x0c, 0x00
    .byte 0x00, 0x00, 0x17, 0x00, 0x15, 0x27, 0x18, 0x70, 0x17, 0x00, 0x2c, 0xff, 0xff, 0xff, 0xff, 0x2c
    .byte 0xff, 0xff, 0xff, 0xff, 0x2c, 0xff, 0xff, 0xff, 0xff, 0x15, 0x33, 0x25, 0xfd, 0xf0, 0x21, 0x02
    .byte 0x29, 0x00, 0xff, 0x32, 0x00, 0x00, 0x00, 0x00, 0x00, 0x14, 0xfc, 0xee, 0x21, 0x02, 0x2c, 0x01
    .byte 0x00, 0x00, 0x00, 0x2c, 0x64, 0x01, 0x00, 0x00, 0x15, 0x1f, 0x18, 0x70, 0x05, 0x00, 0x00, 0x00
    .byte 0x00, 0x00, 0x17, 0x00, 0x15, 0x20, 0x18, 0x70, 0x05, 0x00, 0x10, 0x00, 0x00, 0x00, 0x17, 0x00
    .byte 0x15, 0x27, 0x18, 0x70, 0x17, 0x00, 0x2c, 0xff, 0xff, 0xff, 0xff, 0x2c, 0xff, 0xff, 0xff, 0xff
    .byte 0x2c, 0xff, 0xff, 0xff, 0xff, 0x15, 0x33, 0x25, 0xfd, 0xf0, 0x21, 0x02, 0x29, 0x00, 0xff, 0x32
    .byte 0x00, 0x01, 0x00, 0x00, 0x00, 0x14, 0x48, 0xef, 0x21, 0x02, 0x2c, 0x01, 0x00, 0x00, 0x00, 0x2c
    .byte 0x64, 0x01, 0x00, 0x00, 0x15, 0x1f, 0x18, 0x70, 0x24, 0x00, 0x0c, 0x00, 0x00, 0x00, 0x17, 0x00
    .byte 0x15, 0x20, 0x18, 0x70, 0x05, 0x00, 0x0c, 0x00, 0x00, 0x00, 0x17, 0x00, 0x15, 0x27, 0x18, 0x70
    .byte 0x17, 0x00, 0x2c, 0xff, 0xff, 0xff, 0xff, 0x2c, 0xff, 0xff, 0xff, 0xff, 0x2c, 0xff, 0xff, 0xff
    .byte 0xff, 0x15, 0x33, 0x25, 0xfd, 0xf0, 0x21, 0x02, 0x29, 0x00, 0xff, 0x32, 0x00, 0x02, 0x00, 0x00
    .byte 0x00, 0x14, 0x94, 0xef, 0x21, 0x02, 0x2c, 0x01, 0x00, 0x00, 0x00, 0x2c, 0x64, 0x01, 0x00, 0x00
    .byte 0x15, 0x1f, 0x18, 0x70, 0x24, 0x00, 0x10, 0x00, 0x00, 0x00, 0x17, 0x00, 0x15, 0x20, 0x18, 0x70
    .byte 0x05, 0x00, 0x00, 0x00, 0x00, 0x00, 0x17, 0x00, 0x15, 0x27, 0x18, 0x70, 0x17, 0x00, 0x2c, 0xff
    .byte 0xff, 0xff, 0xff, 0x2c, 0xff, 0xff, 0xff, 0xff, 0x2c, 0xff, 0xff, 0xff, 0xff, 0x15, 0x33, 0x25
    .byte 0xfd, 0xf0, 0x21, 0x02, 0x29, 0x00, 0xff, 0x32, 0x00, 0x03, 0x00, 0x00, 0x00, 0x14, 0xe0, 0xef
    .byte 0x21, 0x02, 0x2c, 0x01, 0x00, 0x00, 0x00, 0x2c, 0x64, 0x01, 0x00, 0x00, 0x15, 0x1f, 0x18, 0x70
    .byte 0x24, 0x00, 0x0c, 0x00, 0x00, 0x00, 0x17, 0x00, 0x15, 0x20, 0x18, 0x70, 0x24, 0x00, 0x0c, 0x00
    .byte 0x00, 0x00, 0x17, 0x00, 0x15, 0x27, 0x18, 0x70, 0x17, 0x00, 0x2c, 0xff, 0xff, 0xff, 0xff, 0x2c
    .byte 0xff, 0xff, 0xff, 0xff, 0x2c, 0xff, 0xff, 0xff, 0xff, 0x15, 0x33, 0x25, 0xfd, 0xf0, 0x21, 0x02
    .byte 0x29, 0x00, 0xff, 0x32, 0x00, 0x04, 0x00, 0x00, 0x00, 0x14, 0x2c, 0xf0, 0x21, 0x02, 0x2c, 0x01
    .byte 0x00, 0x00, 0x00, 0x2c, 0x64, 0x01, 0x00, 0x00, 0x15, 0x1f, 0x18, 0x70, 0x05, 0x00, 0x00, 0x00
    .byte 0x00, 0x00, 0x17, 0x00, 0x15, 0x20, 0x18, 0x70, 0x24, 0x00, 0x10, 0x00, 0x00, 0x00, 0x17, 0x00
    .byte 0x15, 0x27, 0x18, 0x70, 0x17, 0x00, 0x2c, 0xff, 0xff, 0xff, 0xff, 0x2c, 0xff, 0xff, 0xff, 0xff
    .byte 0x2c, 0xff, 0xff, 0xff, 0xff, 0x15, 0x33, 0x25, 0xfd, 0xf0, 0x21, 0x02, 0x29, 0x00, 0xff, 0x32
    .byte 0x00, 0x05, 0x00, 0x00, 0x00, 0x14, 0x78, 0xf0, 0x21, 0x02, 0x2c, 0x01, 0x00, 0x00, 0x00, 0x2c
    .byte 0x64, 0x01, 0x00, 0x00, 0x15, 0x1f, 0x18, 0x70, 0x05, 0x00, 0x0c, 0x00, 0x00, 0x00, 0x17, 0x00
    .byte 0x15, 0x20, 0x18, 0x70, 0x24, 0x00, 0x0c, 0x00, 0x00, 0x00, 0x17, 0x00, 0x15, 0x27, 0x18, 0x70
    .byte 0x17, 0x00, 0x2c, 0xff, 0xff, 0xff, 0xff, 0x2c, 0xff, 0xff, 0xff, 0xff, 0x2c, 0xff, 0xff, 0xff
    .byte 0xff, 0x15, 0x33, 0x25, 0xfd, 0xf0, 0x21, 0x02, 0x29, 0x00, 0xff, 0x32, 0x00, 0x06, 0x00, 0x00
    .byte 0x00, 0x14, 0xc4, 0xf0, 0x21, 0x02, 0x2c, 0x01, 0x00, 0x00, 0x00, 0x2c, 0x64, 0x01, 0x00, 0x00
    .byte 0x15, 0x1f, 0x18, 0x70, 0x05, 0x00, 0x10, 0x00, 0x00, 0x00, 0x17, 0x00, 0x15, 0x20, 0x18, 0x70
    .byte 0x05, 0x00, 0x00, 0x00, 0x00, 0x00, 0x17, 0x00, 0x15, 0x27, 0x18, 0x70, 0x17, 0x00, 0x2c, 0xff
    .byte 0xff, 0xff, 0xff, 0x2c, 0xff, 0xff, 0xff, 0xff, 0x2c, 0xff, 0xff, 0xff, 0xff, 0x15, 0x33, 0x25
    .byte 0xfd, 0xf0, 0x21, 0x02, 0x2c, 0x01, 0x00, 0x00, 0x00, 0x2c, 0x64, 0x01, 0x00, 0x00, 0x15, 0x1f
    .byte 0x18, 0x70, 0x05, 0x00, 0x0c, 0x00, 0x00, 0x00, 0x17, 0x00, 0x15, 0x20, 0x18, 0x70, 0x05, 0x00
    .byte 0x0c, 0x00, 0x00, 0x00, 0x17, 0x00, 0x15, 0x27, 0x18, 0x70, 0x17, 0x00, 0x2c, 0xff, 0xff, 0xff
    .byte 0xff, 0x2c, 0xff, 0xff, 0xff, 0xff, 0x2c, 0xff, 0xff, 0xff, 0xff, 0x15, 0x33, 0x25, 0x4f, 0xf3
    .byte 0x21, 0x02, 0x29, 0x00, 0xff, 0x32, 0x00, 0x00, 0x00, 0x00, 0x00, 0x14, 0x4e, 0xf1, 0x21, 0x02
    .byte 0x2c, 0x01, 0x00, 0x00, 0x00, 0x2c, 0x64, 0x01, 0x00, 0x00, 0x15, 0x1f, 0x18, 0x70, 0x05, 0x00
    .byte 0x00, 0x00, 0x00, 0x00, 0x17, 0x00, 0x15, 0x20, 0x18, 0x70, 0x05, 0x00, 0x10, 0x00, 0x00, 0x00
    .byte 0x17, 0x00, 0x15, 0x27, 0x18, 0x70, 0x17, 0x00, 0x2c, 0xff, 0xff, 0xff, 0xff, 0x2c, 0xff, 0xff
    .byte 0xff, 0xff, 0x2c, 0xff, 0xff, 0xff, 0xff, 0x15, 0x33, 0x25, 0x4f, 0xf3, 0x21, 0x02, 0x29, 0x00
    .byte 0xff, 0x32, 0x00, 0x01, 0x00, 0x00, 0x00, 0x14, 0x9a, 0xf1, 0x21, 0x02, 0x2c, 0x01, 0x00, 0x00
    .byte 0x00, 0x2c, 0x64, 0x01, 0x00, 0x00, 0x15, 0x1f, 0x18, 0x70, 0x24, 0x00, 0x0c, 0x00, 0x00, 0x00
    .byte 0x17, 0x00, 0x15, 0x20, 0x18, 0x70, 0x05, 0x00, 0x0c, 0x00, 0x00, 0x00, 0x17, 0x00, 0x15, 0x27
    .byte 0x18, 0x70, 0x17, 0x00, 0x2c, 0xff, 0xff, 0xff, 0xff, 0x2c, 0xff, 0xff, 0xff, 0xff, 0x2c, 0xff
    .byte 0xff, 0xff, 0xff, 0x15, 0x33, 0x25, 0x4f, 0xf3, 0x21, 0x02, 0x29, 0x00, 0xff, 0x32, 0x00, 0x02
    .byte 0x00, 0x00, 0x00, 0x14, 0xe6, 0xf1, 0x21, 0x02, 0x2c, 0x01, 0x00, 0x00, 0x00, 0x2c, 0x64, 0x01
    .byte 0x00, 0x00, 0x15, 0x1f, 0x18, 0x70, 0x24, 0x00, 0x10, 0x00, 0x00, 0x00, 0x17, 0x00, 0x15, 0x20
    .byte 0x18, 0x70, 0x05, 0x00, 0x00, 0x00, 0x00, 0x00, 0x17, 0x00, 0x15, 0x27, 0x18, 0x70, 0x17, 0x00
    .byte 0x2c, 0xff, 0xff, 0xff, 0xff, 0x2c, 0xff, 0xff, 0xff, 0xff, 0x2c, 0xff, 0xff, 0xff, 0xff, 0x15
    .byte 0x33, 0x25, 0x4f, 0xf3, 0x21, 0x02, 0x29, 0x00, 0xff, 0x32, 0x00, 0x03, 0x00, 0x00, 0x00, 0x14
    .byte 0x32, 0xf2, 0x21, 0x02, 0x2c, 0x01, 0x00, 0x00, 0x00, 0x2c, 0x64, 0x01, 0x00, 0x00, 0x15, 0x1f
    .byte 0x18, 0x70, 0x24, 0x00, 0x0c, 0x00, 0x00, 0x00, 0x17, 0x00, 0x15, 0x20, 0x18, 0x70, 0x24, 0x00
    .byte 0x0c, 0x00, 0x00, 0x00, 0x17, 0x00, 0x15, 0x27, 0x18, 0x70, 0x17, 0x00, 0x2c, 0xff, 0xff, 0xff
    .byte 0xff, 0x2c, 0xff, 0xff, 0xff, 0xff, 0x2c, 0xff, 0xff, 0xff, 0xff, 0x15, 0x33, 0x25, 0x4f, 0xf3
    .byte 0x21, 0x02, 0x29, 0x00, 0xff, 0x32, 0x00, 0x04, 0x00, 0x00, 0x00, 0x14, 0x7e, 0xf2, 0x21, 0x02
    .byte 0x2c, 0x01, 0x00, 0x00, 0x00, 0x2c, 0x64, 0x01, 0x00, 0x00, 0x15, 0x1f, 0x18, 0x70, 0x05, 0x00
    .byte 0x00, 0x00, 0x00, 0x00, 0x17, 0x00, 0x15, 0x20, 0x18, 0x70, 0x24, 0x00, 0x10, 0x00, 0x00, 0x00
    .byte 0x17, 0x00, 0x15, 0x27, 0x18, 0x70, 0x17, 0x00, 0x2c, 0xff, 0xff, 0xff, 0xff, 0x2c, 0xff, 0xff
    .byte 0xff, 0xff, 0x2c, 0xff, 0xff, 0xff, 0xff, 0x15, 0x33, 0x25, 0x4f, 0xf3, 0x21, 0x02, 0x29, 0x00
    .byte 0xff, 0x32, 0x00, 0x05, 0x00, 0x00, 0x00, 0x14, 0xca, 0xf2, 0x21, 0x02, 0x2c, 0x01, 0x00, 0x00
    .byte 0x00, 0x2c, 0x64, 0x01, 0x00, 0x00, 0x15, 0x1f, 0x18, 0x70, 0x05, 0x00, 0x0c, 0x00, 0x00, 0x00
    .byte 0x17, 0x00, 0x15, 0x20, 0x18, 0x70, 0x24, 0x00, 0x0c, 0x00, 0x00, 0x00, 0x17, 0x00, 0x15, 0x27
    .byte 0x18, 0x70, 0x17, 0x00, 0x2c, 0xff, 0xff, 0xff, 0xff, 0x2c, 0xff, 0xff, 0xff, 0xff, 0x2c, 0xff
    .byte 0xff, 0xff, 0xff, 0x15, 0x33, 0x25, 0x4f, 0xf3, 0x21, 0x02, 0x29, 0x00, 0xff, 0x32, 0x00, 0x06
    .byte 0x00, 0x00, 0x00, 0x14, 0x16, 0xf3, 0x21, 0x02, 0x2c, 0x01, 0x00, 0x00, 0x00, 0x2c, 0x64, 0x01
    .byte 0x00, 0x00, 0x15, 0x1f, 0x18, 0x70, 0x05, 0x00, 0x10, 0x00, 0x00, 0x00, 0x17, 0x00, 0x15, 0x20
    .byte 0x18, 0x70, 0x05, 0x00, 0x00, 0x00, 0x00, 0x00, 0x17, 0x00, 0x15, 0x27, 0x18, 0x70, 0x17, 0x00
    .byte 0x2c, 0xff, 0xff, 0xff, 0xff, 0x2c, 0xff, 0xff, 0xff, 0xff, 0x2c, 0xff, 0xff, 0xff, 0xff, 0x15
    .byte 0x33, 0x25, 0x4f, 0xf3, 0x21, 0x02, 0x2c, 0x01, 0x00, 0x00, 0x00, 0x2c, 0x64, 0x01, 0x00, 0x00
    .byte 0x15, 0x1f, 0x18, 0x70, 0x05, 0x00, 0x0c, 0x00, 0x00, 0x00, 0x17, 0x00, 0x15, 0x20, 0x18, 0x70
    .byte 0x05, 0x00, 0x0c, 0x00, 0x00, 0x00, 0x17, 0x00, 0x15, 0x27, 0x18, 0x70, 0x17, 0x00, 0x2c, 0xff
    .byte 0xff, 0xff, 0xff, 0x2c, 0xff, 0xff, 0xff, 0xff, 0x2c, 0xff, 0xff, 0xff, 0xff, 0x15, 0x33, 0x25
    .byte 0x8f, 0xf5, 0x21, 0x02, 0x2b, 0x00, 0x02, 0x34, 0x00, 0x19, 0x00, 0x00, 0x00, 0x14, 0x8f, 0xf5
    .byte 0x21, 0x02, 0x29, 0x00, 0xff, 0x32, 0x00, 0x00, 0x00, 0x00, 0x00, 0x14, 0xaa, 0xf3, 0x21, 0x02
    .byte 0x2c, 0x01, 0x00, 0x00, 0x00, 0x15, 0x1f, 0x18, 0x70, 0x05, 0x00, 0x00, 0x00, 0x00, 0x00, 0x17
    .byte 0x00, 0x15, 0x20, 0x18, 0x70, 0x05, 0x00, 0x10, 0x00, 0x00, 0x00, 0x17, 0x00, 0x15, 0x27, 0x18
    .byte 0x70, 0x17, 0x00, 0x20, 0x00, 0x00, 0x20, 0x00, 0x00, 0x2c, 0xf4, 0x01, 0x00, 0x00, 0x2c, 0x2c
    .byte 0x01, 0x00, 0x00, 0x15, 0xb2, 0x25, 0x8f, 0xf5, 0x21, 0x02, 0x29, 0x00, 0xff, 0x32, 0x00, 0x01
    .byte 0x00, 0x00, 0x00, 0x14, 0xf2, 0xf3, 0x21, 0x02, 0x2c, 0x01, 0x00, 0x00, 0x00, 0x15, 0x1f, 0x18
    .byte 0x70, 0x24, 0x00, 0x0c, 0x00, 0x00, 0x00, 0x17, 0x00, 0x15, 0x20, 0x18, 0x70, 0x05, 0x00, 0x0c
    .byte 0x00, 0x00, 0x00, 0x17, 0x00, 0x15, 0x27, 0x18, 0x70, 0x17, 0x00, 0x20, 0x00, 0x00, 0x20, 0x00
    .byte 0x00, 0x2c, 0xf4, 0x01, 0x00, 0x00, 0x2c, 0x2c, 0x01, 0x00, 0x00, 0x15, 0xb2, 0x25, 0x8f, 0xf5
    .byte 0x21, 0x02, 0x29, 0x00, 0xff, 0x32, 0x00, 0x02, 0x00, 0x00, 0x00, 0x14, 0x3a, 0xf4, 0x21, 0x02
    .byte 0x2c, 0x01, 0x00, 0x00, 0x00, 0x15, 0x1f, 0x18, 0x70, 0x24, 0x00, 0x10, 0x00, 0x00, 0x00, 0x17
    .byte 0x00, 0x15, 0x20, 0x18, 0x70, 0x05, 0x00, 0x00, 0x00, 0x00, 0x00, 0x17, 0x00, 0x15, 0x27, 0x18
    .byte 0x70, 0x17, 0x00, 0x20, 0x00, 0x00, 0x20, 0x00, 0x00, 0x2c, 0xf4, 0x01, 0x00, 0x00, 0x2c, 0x2c
    .byte 0x01, 0x00, 0x00, 0x15, 0xb2, 0x25, 0x8f, 0xf5, 0x21, 0x02, 0x29, 0x00, 0xff, 0x32, 0x00, 0x03
    .byte 0x00, 0x00, 0x00, 0x14, 0x82, 0xf4, 0x21, 0x02, 0x2c, 0x01, 0x00, 0x00, 0x00, 0x15, 0x1f, 0x18
    .byte 0x70, 0x24, 0x00, 0x0c, 0x00, 0x00, 0x00, 0x17, 0x00, 0x15, 0x20, 0x18, 0x70, 0x24, 0x00, 0x0c
    .byte 0x00, 0x00, 0x00, 0x17, 0x00, 0x15, 0x27, 0x18, 0x70, 0x17, 0x00, 0x20, 0x00, 0x00, 0x20, 0x00
    .byte 0x00, 0x2c, 0xf4, 0x01, 0x00, 0x00, 0x2c, 0x2c, 0x01, 0x00, 0x00, 0x15, 0xb2, 0x25, 0x8f, 0xf5
    .byte 0x21, 0x02, 0x29, 0x00, 0xff, 0x32, 0x00, 0x04, 0x00, 0x00, 0x00, 0x14, 0xca, 0xf4, 0x21, 0x02
    .byte 0x2c, 0x01, 0x00, 0x00, 0x00, 0x15, 0x1f, 0x18, 0x70, 0x05, 0x00, 0x00, 0x00, 0x00, 0x00, 0x17
    .byte 0x00, 0x15, 0x20, 0x18, 0x70, 0x24, 0x00, 0x10, 0x00, 0x00, 0x00, 0x17, 0x00, 0x15, 0x27, 0x18
    .byte 0x70, 0x17, 0x00, 0x20, 0x00, 0x00, 0x20, 0x00, 0x00, 0x2c, 0xf4, 0x01, 0x00, 0x00, 0x2c, 0x2c
    .byte 0x01, 0x00, 0x00, 0x15, 0xb2, 0x25, 0x8f, 0xf5, 0x21, 0x02, 0x29, 0x00, 0xff, 0x32, 0x00, 0x05
    .byte 0x00, 0x00, 0x00, 0x14, 0x12, 0xf5, 0x21, 0x02, 0x2c, 0x01, 0x00, 0x00, 0x00, 0x15, 0x1f, 0x18
    .byte 0x70, 0x05, 0x00, 0x0c, 0x00, 0x00, 0x00, 0x17, 0x00, 0x15, 0x20, 0x18, 0x70, 0x24, 0x00, 0x0c
    .byte 0x00, 0x00, 0x00, 0x17, 0x00, 0x15, 0x27, 0x18, 0x70, 0x17, 0x00, 0x20, 0x00, 0x00, 0x20, 0x00
    .byte 0x00, 0x2c, 0xf4, 0x01, 0x00, 0x00, 0x2c, 0x2c, 0x01, 0x00, 0x00, 0x15, 0xb2, 0x25, 0x8f, 0xf5
    .byte 0x21, 0x02, 0x29, 0x00, 0xff, 0x32, 0x00, 0x06, 0x00, 0x00, 0x00, 0x14, 0x5a, 0xf5, 0x21, 0x02
    .byte 0x2c, 0x01, 0x00, 0x00, 0x00, 0x15, 0x1f, 0x18, 0x70, 0x05, 0x00, 0x10, 0x00, 0x00, 0x00, 0x17
    .byte 0x00, 0x15, 0x20, 0x18, 0x70, 0x05, 0x00, 0x00, 0x00, 0x00, 0x00, 0x17, 0x00, 0x15, 0x27, 0x18
    .byte 0x70, 0x17, 0x00, 0x20, 0x00, 0x00, 0x20, 0x00, 0x00, 0x2c, 0xf4, 0x01, 0x00, 0x00, 0x2c, 0x2c
    .byte 0x01, 0x00, 0x00, 0x15, 0xb2, 0x25, 0x8f, 0xf5, 0x21, 0x02, 0x2c, 0x01, 0x00, 0x00, 0x00, 0x15
    .byte 0x1f, 0x18, 0x70, 0x05, 0x00, 0x0c, 0x00, 0x00, 0x00, 0x17, 0x00, 0x15, 0x20, 0x18, 0x70, 0x05
    .byte 0x00, 0x0c, 0x00, 0x00, 0x00, 0x17, 0x00, 0x15, 0x27, 0x18, 0x70, 0x17, 0x00, 0x20, 0x00, 0x00
    .byte 0x20, 0x00, 0x00, 0x2c, 0xf4, 0x01, 0x00, 0x00, 0x2c, 0x2c, 0x01, 0x00, 0x00, 0x15, 0xb2, 0x25
    .byte 0x97, 0x01, 0x22, 0x02, 0x2b, 0x00, 0x02, 0x34, 0x00, 0x0a, 0x00, 0x00, 0x00, 0x14, 0xf4, 0xf7
    .byte 0x21, 0x02, 0x29, 0x00, 0xff, 0x32, 0x00, 0x00, 0x00, 0x00, 0x00, 0x14, 0xee, 0xf5, 0x21, 0x02
    .byte 0x2c, 0x01, 0x00, 0x00, 0x00, 0x2c, 0x0a, 0x01, 0x00, 0x00, 0x15, 0x1f, 0x18, 0x70, 0x05, 0x00
    .byte 0x00, 0x00, 0x00, 0x00, 0x17, 0x00, 0x15, 0x20, 0x18, 0x70, 0x05, 0x00, 0x10, 0x00, 0x00, 0x00
    .byte 0x17, 0x00, 0x15, 0x27, 0x18, 0x70, 0x17, 0x00, 0x2c, 0xff, 0xff, 0xff, 0xff, 0x2c, 0xff, 0xff
    .byte 0xff, 0xff, 0x2c, 0xff, 0xff, 0xff, 0xff, 0x15, 0x33, 0x25, 0xef, 0xf7, 0x21, 0x02, 0x29, 0x00
    .byte 0xff, 0x32, 0x00, 0x01, 0x00, 0x00, 0x00, 0x14, 0x3a, 0xf6, 0x21, 0x02, 0x2c, 0x01, 0x00, 0x00
    .byte 0x00, 0x2c, 0x0a, 0x01, 0x00, 0x00, 0x15, 0x1f, 0x18, 0x70, 0x24, 0x00, 0x0c, 0x00, 0x00, 0x00
    .byte 0x17, 0x00, 0x15, 0x20, 0x18, 0x70, 0x05, 0x00, 0x0c, 0x00, 0x00, 0x00, 0x17, 0x00, 0x15, 0x27
    .byte 0x18, 0x70, 0x17, 0x00, 0x2c, 0xff, 0xff, 0xff, 0xff, 0x2c, 0xff, 0xff, 0xff, 0xff, 0x2c, 0xff
    .byte 0xff, 0xff, 0xff, 0x15, 0x33, 0x25, 0xef, 0xf7, 0x21, 0x02, 0x29, 0x00, 0xff, 0x32, 0x00, 0x02
    .byte 0x00, 0x00, 0x00, 0x14, 0x86, 0xf6, 0x21, 0x02, 0x2c, 0x01, 0x00, 0x00, 0x00, 0x2c, 0x0a, 0x01
    .byte 0x00, 0x00, 0x15, 0x1f, 0x18, 0x70, 0x24, 0x00, 0x10, 0x00, 0x00, 0x00, 0x17, 0x00, 0x15, 0x20
    .byte 0x18, 0x70, 0x05, 0x00, 0x00, 0x00, 0x00, 0x00, 0x17, 0x00, 0x15, 0x27, 0x18, 0x70, 0x17, 0x00
    .byte 0x2c, 0xff, 0xff, 0xff, 0xff, 0x2c, 0xff, 0xff, 0xff, 0xff, 0x2c, 0xff, 0xff, 0xff, 0xff, 0x15
    .byte 0x33, 0x25, 0xef, 0xf7, 0x21, 0x02, 0x29, 0x00, 0xff, 0x32, 0x00, 0x03, 0x00, 0x00, 0x00, 0x14
    .byte 0xd2, 0xf6, 0x21, 0x02, 0x2c, 0x01, 0x00, 0x00, 0x00, 0x2c, 0x0a, 0x01, 0x00, 0x00, 0x15, 0x1f
    .byte 0x18, 0x70, 0x24, 0x00, 0x0c, 0x00, 0x00, 0x00, 0x17, 0x00, 0x15, 0x20, 0x18, 0x70, 0x24, 0x00
    .byte 0x0c, 0x00, 0x00, 0x00, 0x17, 0x00, 0x15, 0x27, 0x18, 0x70, 0x17, 0x00, 0x2c, 0xff, 0xff, 0xff
    .byte 0xff, 0x2c, 0xff, 0xff, 0xff, 0xff, 0x2c, 0xff, 0xff, 0xff, 0xff, 0x15, 0x33, 0x25, 0xef, 0xf7
    .byte 0x21, 0x02, 0x29, 0x00, 0xff, 0x32, 0x00, 0x04, 0x00, 0x00, 0x00, 0x14, 0x1e, 0xf7, 0x21, 0x02
    .byte 0x2c, 0x01, 0x00, 0x00, 0x00, 0x2c, 0x0a, 0x01, 0x00, 0x00, 0x15, 0x1f, 0x18, 0x70, 0x05, 0x00
    .byte 0x00, 0x00, 0x00, 0x00, 0x17, 0x00, 0x15, 0x20, 0x18, 0x70, 0x24, 0x00, 0x10, 0x00, 0x00, 0x00
    .byte 0x17, 0x00, 0x15, 0x27, 0x18, 0x70, 0x17, 0x00, 0x2c, 0xff, 0xff, 0xff, 0xff, 0x2c, 0xff, 0xff
    .byte 0xff, 0xff, 0x2c, 0xff, 0xff, 0xff, 0xff, 0x15, 0x33, 0x25, 0xef, 0xf7, 0x21, 0x02, 0x29, 0x00
    .byte 0xff, 0x32, 0x00, 0x05, 0x00, 0x00, 0x00, 0x14, 0x6a, 0xf7, 0x21, 0x02, 0x2c, 0x01, 0x00, 0x00
    .byte 0x00, 0x2c, 0x0a, 0x01, 0x00, 0x00, 0x15, 0x1f, 0x18, 0x70, 0x05, 0x00, 0x0c, 0x00, 0x00, 0x00
    .byte 0x17, 0x00, 0x15, 0x20, 0x18, 0x70, 0x24, 0x00, 0x0c, 0x00, 0x00, 0x00, 0x17, 0x00, 0x15, 0x27
    .byte 0x18, 0x70, 0x17, 0x00, 0x2c, 0xff, 0xff, 0xff, 0xff, 0x2c, 0xff, 0xff, 0xff, 0xff, 0x2c, 0xff
    .byte 0xff, 0xff, 0xff, 0x15, 0x33, 0x25, 0xef, 0xf7, 0x21, 0x02, 0x29, 0x00, 0xff, 0x32, 0x00, 0x06
    .byte 0x00, 0x00, 0x00, 0x14, 0xb6, 0xf7, 0x21, 0x02, 0x2c, 0x01, 0x00, 0x00, 0x00, 0x2c, 0x0a, 0x01
    .byte 0x00, 0x00, 0x15, 0x1f, 0x18, 0x70, 0x05, 0x00, 0x10, 0x00, 0x00, 0x00, 0x17, 0x00, 0x15, 0x20
    .byte 0x18, 0x70, 0x05, 0x00, 0x00, 0x00, 0x00, 0x00, 0x17, 0x00, 0x15, 0x27, 0x18, 0x70, 0x17, 0x00
    .byte 0x2c, 0xff, 0xff, 0xff, 0xff, 0x2c, 0xff, 0xff, 0xff, 0xff, 0x2c, 0xff, 0xff, 0xff, 0xff, 0x15
    .byte 0x33, 0x25, 0xef, 0xf7, 0x21, 0x02, 0x2c, 0x01, 0x00, 0x00, 0x00, 0x2c, 0x0a, 0x01, 0x00, 0x00
    .byte 0x15, 0x1f, 0x18, 0x70, 0x05, 0x00, 0x0c, 0x00, 0x00, 0x00, 0x17, 0x00, 0x15, 0x20, 0x18, 0x70
    .byte 0x05, 0x00, 0x0c, 0x00, 0x00, 0x00, 0x17, 0x00, 0x15, 0x27, 0x18, 0x70, 0x17, 0x00, 0x2c, 0xff
    .byte 0xff, 0xff, 0xff, 0x2c, 0xff, 0xff, 0xff, 0xff, 0x2c, 0xff, 0xff, 0xff, 0xff, 0x15, 0x33, 0x25
    .byte 0x97, 0x01, 0x22, 0x02, 0x2c, 0x64, 0x00, 0x00, 0x00, 0x15, 0x01, 0x18, 0x70, 0x28, 0x00, 0x02
    .byte 0x2b, 0x00, 0x02, 0x34, 0x00, 0x03, 0x00, 0x00, 0x00, 0x14, 0x5c, 0xff, 0x21, 0x02, 0x2d, 0xfe
    .byte 0x15, 0x7c, 0x18, 0x70, 0x31, 0x00, 0x05, 0x00, 0x00, 0x00, 0x14, 0x5c, 0xff, 0x21, 0x02, 0x29
    .byte 0x00, 0xfe, 0x35, 0x00, 0x25, 0x00, 0x00, 0x00, 0x14, 0x5c, 0xff, 0x21, 0x02, 0x29, 0x00, 0xfe
    .byte 0x35, 0x00, 0x4f, 0x00, 0x00, 0x00, 0x14, 0x5c, 0xff, 0x21, 0x02, 0x2d, 0xfe, 0x15, 0x7c, 0x18
    .byte 0x70, 0x31, 0x00, 0x08, 0x00, 0x00, 0x00, 0x14, 0x0a, 0xfd, 0x21, 0x02, 0x2c, 0x02, 0x00, 0x00
    .byte 0x00, 0x15, 0x01, 0x18, 0x70, 0x28, 0x00, 0x02, 0x2b, 0x00, 0x02, 0x32, 0x00, 0x00, 0x00, 0x00
    .byte 0x00, 0x14, 0xb8, 0xfa, 0x21, 0x02, 0x29, 0x00, 0xff, 0x32, 0x00, 0x00, 0x00, 0x00, 0x00, 0x14
    .byte 0xb2, 0xf8, 0x21, 0x02, 0x2c, 0x01, 0x00, 0x00, 0x00, 0x2c, 0x65, 0x01, 0x00, 0x00, 0x15, 0x1f
    .byte 0x18, 0x70, 0x05, 0x00, 0x00, 0x00, 0x00, 0x00, 0x17, 0x00, 0x15, 0x20, 0x18, 0x70, 0x05, 0x00
    .byte 0x10, 0x00, 0x00, 0x00, 0x17, 0x00, 0x15, 0x27, 0x18, 0x70, 0x17, 0x00, 0x2c, 0xff, 0xff, 0xff
    .byte 0xff, 0x2c, 0xff, 0xff, 0xff, 0xff, 0x2c, 0xff, 0xff, 0xff, 0xff, 0x15, 0x33, 0x25, 0xb3, 0xfa
    .byte 0x21, 0x02, 0x29, 0x00, 0xff, 0x32, 0x00, 0x01, 0x00, 0x00, 0x00, 0x14, 0xfe, 0xf8, 0x21, 0x02
    .byte 0x2c, 0x01, 0x00, 0x00, 0x00, 0x2c, 0x65, 0x01, 0x00, 0x00, 0x15, 0x1f, 0x18, 0x70, 0x24, 0x00
    .byte 0x0c, 0x00, 0x00, 0x00, 0x17, 0x00, 0x15, 0x20, 0x18, 0x70, 0x05, 0x00, 0x0c, 0x00, 0x00, 0x00
    .byte 0x17, 0x00, 0x15, 0x27, 0x18, 0x70, 0x17, 0x00, 0x2c, 0xff, 0xff, 0xff, 0xff, 0x2c, 0xff, 0xff
    .byte 0xff, 0xff, 0x2c, 0xff, 0xff, 0xff, 0xff, 0x15, 0x33, 0x25, 0xb3, 0xfa, 0x21, 0x02, 0x29, 0x00
    .byte 0xff, 0x32, 0x00, 0x02, 0x00, 0x00, 0x00, 0x14, 0x4a, 0xf9, 0x21, 0x02, 0x2c, 0x01, 0x00, 0x00
    .byte 0x00, 0x2c, 0x65, 0x01, 0x00, 0x00, 0x15, 0x1f, 0x18, 0x70, 0x24, 0x00, 0x10, 0x00, 0x00, 0x00
    .byte 0x17, 0x00, 0x15, 0x20, 0x18, 0x70, 0x05, 0x00, 0x00, 0x00, 0x00, 0x00, 0x17, 0x00, 0x15, 0x27
    .byte 0x18, 0x70, 0x17, 0x00, 0x2c, 0xff, 0xff, 0xff, 0xff, 0x2c, 0xff, 0xff, 0xff, 0xff, 0x2c, 0xff
    .byte 0xff, 0xff, 0xff, 0x15, 0x33, 0x25, 0xb3, 0xfa, 0x21, 0x02, 0x29, 0x00, 0xff, 0x32, 0x00, 0x03
    .byte 0x00, 0x00, 0x00, 0x14, 0x96, 0xf9, 0x21, 0x02, 0x2c, 0x01, 0x00, 0x00, 0x00, 0x2c, 0x65, 0x01
    .byte 0x00, 0x00, 0x15, 0x1f, 0x18, 0x70, 0x24, 0x00, 0x0c, 0x00, 0x00, 0x00, 0x17, 0x00, 0x15, 0x20
    .byte 0x18, 0x70, 0x24, 0x00, 0x0c, 0x00, 0x00, 0x00, 0x17, 0x00, 0x15, 0x27, 0x18, 0x70, 0x17, 0x00
    .byte 0x2c, 0xff, 0xff, 0xff, 0xff, 0x2c, 0xff, 0xff, 0xff, 0xff, 0x2c, 0xff, 0xff, 0xff, 0xff, 0x15
    .byte 0x33, 0x25, 0xb3, 0xfa, 0x21, 0x02, 0x29, 0x00, 0xff, 0x32, 0x00, 0x04, 0x00, 0x00, 0x00, 0x14
    .byte 0xe2, 0xf9, 0x21, 0x02, 0x2c, 0x01, 0x00, 0x00, 0x00, 0x2c, 0x65, 0x01, 0x00, 0x00, 0x15, 0x1f
    .byte 0x18, 0x70, 0x05, 0x00, 0x00, 0x00, 0x00, 0x00, 0x17, 0x00, 0x15, 0x20, 0x18, 0x70, 0x24, 0x00
    .byte 0x10, 0x00, 0x00, 0x00, 0x17, 0x00, 0x15, 0x27, 0x18, 0x70, 0x17, 0x00, 0x2c, 0xff, 0xff, 0xff
    .byte 0xff, 0x2c, 0xff, 0xff, 0xff, 0xff, 0x2c, 0xff, 0xff, 0xff, 0xff, 0x15, 0x33, 0x25, 0xb3, 0xfa
    .byte 0x21, 0x02, 0x29, 0x00, 0xff, 0x32, 0x00, 0x05, 0x00, 0x00, 0x00, 0x14, 0x2e, 0xfa, 0x21, 0x02
    .byte 0x2c, 0x01, 0x00, 0x00, 0x00, 0x2c, 0x65, 0x01, 0x00, 0x00, 0x15, 0x1f, 0x18, 0x70, 0x05, 0x00
    .byte 0x0c, 0x00, 0x00, 0x00, 0x17, 0x00, 0x15, 0x20, 0x18, 0x70, 0x24, 0x00, 0x0c, 0x00, 0x00, 0x00
    .byte 0x17, 0x00, 0x15, 0x27, 0x18, 0x70, 0x17, 0x00, 0x2c, 0xff, 0xff, 0xff, 0xff, 0x2c, 0xff, 0xff
    .byte 0xff, 0xff, 0x2c, 0xff, 0xff, 0xff, 0xff, 0x15, 0x33, 0x25, 0xb3, 0xfa, 0x21, 0x02, 0x29, 0x00
    .byte 0xff, 0x32, 0x00, 0x06, 0x00, 0x00, 0x00, 0x14, 0x7a, 0xfa, 0x21, 0x02, 0x2c, 0x01, 0x00, 0x00
    .byte 0x00, 0x2c, 0x65, 0x01, 0x00, 0x00, 0x15, 0x1f, 0x18, 0x70, 0x05, 0x00, 0x10, 0x00, 0x00, 0x00
    .byte 0x17, 0x00, 0x15, 0x20, 0x18, 0x70, 0x05, 0x00, 0x00, 0x00, 0x00, 0x00, 0x17, 0x00, 0x15, 0x27
    .byte 0x18, 0x70, 0x17, 0x00, 0x2c, 0xff, 0xff, 0xff, 0xff, 0x2c, 0xff, 0xff, 0xff, 0xff, 0x2c, 0xff
    .byte 0xff, 0xff, 0xff, 0x15, 0x33, 0x25, 0xb3, 0xfa, 0x21, 0x02, 0x2c, 0x01, 0x00, 0x00, 0x00, 0x2c
    .byte 0x65, 0x01, 0x00, 0x00, 0x15, 0x1f, 0x18, 0x70, 0x05, 0x00, 0x0c, 0x00, 0x00, 0x00, 0x17, 0x00
    .byte 0x15, 0x20, 0x18, 0x70, 0x05, 0x00, 0x0c, 0x00, 0x00, 0x00, 0x17, 0x00, 0x15, 0x27, 0x18, 0x70
    .byte 0x17, 0x00, 0x2c, 0xff, 0xff, 0xff, 0xff, 0x2c, 0xff, 0xff, 0xff, 0xff, 0x2c, 0xff, 0xff, 0xff
    .byte 0xff, 0x15, 0x33, 0x25, 0x05, 0xfd, 0x21, 0x02, 0x29, 0x00, 0xff, 0x32, 0x00, 0x00, 0x00, 0x00
    .byte 0x00, 0x14, 0x04, 0xfb, 0x21, 0x02, 0x2c, 0x01, 0x00, 0x00, 0x00, 0x2c, 0x64, 0x01, 0x00, 0x00
    .byte 0x15, 0x1f, 0x18, 0x70, 0x05, 0x00, 0x00, 0x00, 0x00, 0x00, 0x17, 0x00, 0x15, 0x20, 0x18, 0x70
    .byte 0x05, 0x00, 0x10, 0x00, 0x00, 0x00, 0x17, 0x00, 0x15, 0x27, 0x18, 0x70, 0x17, 0x00, 0x2c, 0xff
    .byte 0xff, 0xff, 0xff, 0x2c, 0xff, 0xff, 0xff, 0xff, 0x2c, 0xff, 0xff, 0xff, 0xff, 0x15, 0x33, 0x25
    .byte 0x05, 0xfd, 0x21, 0x02, 0x29, 0x00, 0xff, 0x32, 0x00, 0x01, 0x00, 0x00, 0x00, 0x14, 0x50, 0xfb
    .byte 0x21, 0x02, 0x2c, 0x01, 0x00, 0x00, 0x00, 0x2c, 0x64, 0x01, 0x00, 0x00, 0x15, 0x1f, 0x18, 0x70
    .byte 0x24, 0x00, 0x0c, 0x00, 0x00, 0x00, 0x17, 0x00, 0x15, 0x20, 0x18, 0x70, 0x05, 0x00, 0x0c, 0x00
    .byte 0x00, 0x00, 0x17, 0x00, 0x15, 0x27, 0x18, 0x70, 0x17, 0x00, 0x2c, 0xff, 0xff, 0xff, 0xff, 0x2c
    .byte 0xff, 0xff, 0xff, 0xff, 0x2c, 0xff, 0xff, 0xff, 0xff, 0x15, 0x33, 0x25, 0x05, 0xfd, 0x21, 0x02
    .byte 0x29, 0x00, 0xff, 0x32, 0x00, 0x02, 0x00, 0x00, 0x00, 0x14, 0x9c, 0xfb, 0x21, 0x02, 0x2c, 0x01
    .byte 0x00, 0x00, 0x00, 0x2c, 0x64, 0x01, 0x00, 0x00, 0x15, 0x1f, 0x18, 0x70, 0x24, 0x00, 0x10, 0x00
    .byte 0x00, 0x00, 0x17, 0x00, 0x15, 0x20, 0x18, 0x70, 0x05, 0x00, 0x00, 0x00, 0x00, 0x00, 0x17, 0x00
    .byte 0x15, 0x27, 0x18, 0x70, 0x17, 0x00, 0x2c, 0xff, 0xff, 0xff, 0xff, 0x2c, 0xff, 0xff, 0xff, 0xff
    .byte 0x2c, 0xff, 0xff, 0xff, 0xff, 0x15, 0x33, 0x25, 0x05, 0xfd, 0x21, 0x02, 0x29, 0x00, 0xff, 0x32
    .byte 0x00, 0x03, 0x00, 0x00, 0x00, 0x14, 0xe8, 0xfb, 0x21, 0x02, 0x2c, 0x01, 0x00, 0x00, 0x00, 0x2c
    .byte 0x64, 0x01, 0x00, 0x00, 0x15, 0x1f, 0x18, 0x70, 0x24, 0x00, 0x0c, 0x00, 0x00, 0x00, 0x17, 0x00
    .byte 0x15, 0x20, 0x18, 0x70, 0x24, 0x00, 0x0c, 0x00, 0x00, 0x00, 0x17, 0x00, 0x15, 0x27, 0x18, 0x70
    .byte 0x17, 0x00, 0x2c, 0xff, 0xff, 0xff, 0xff, 0x2c, 0xff, 0xff, 0xff, 0xff, 0x2c, 0xff, 0xff, 0xff
    .byte 0xff, 0x15, 0x33, 0x25, 0x05, 0xfd, 0x21, 0x02, 0x29, 0x00, 0xff, 0x32, 0x00, 0x04, 0x00, 0x00
    .byte 0x00, 0x14, 0x34, 0xfc, 0x21, 0x02, 0x2c, 0x01, 0x00, 0x00, 0x00, 0x2c, 0x64, 0x01, 0x00, 0x00
    .byte 0x15, 0x1f, 0x18, 0x70, 0x05, 0x00, 0x00, 0x00, 0x00, 0x00, 0x17, 0x00, 0x15, 0x20, 0x18, 0x70
    .byte 0x24, 0x00, 0x10, 0x00, 0x00, 0x00, 0x17, 0x00, 0x15, 0x27, 0x18, 0x70, 0x17, 0x00, 0x2c, 0xff
    .byte 0xff, 0xff, 0xff, 0x2c, 0xff, 0xff, 0xff, 0xff, 0x2c, 0xff, 0xff, 0xff, 0xff, 0x15, 0x33, 0x25
    .byte 0x05, 0xfd, 0x21, 0x02, 0x29, 0x00, 0xff, 0x32, 0x00, 0x05, 0x00, 0x00, 0x00, 0x14, 0x80, 0xfc
    .byte 0x21, 0x02, 0x2c, 0x01, 0x00, 0x00, 0x00, 0x2c, 0x64, 0x01, 0x00, 0x00, 0x15, 0x1f, 0x18, 0x70
    .byte 0x05, 0x00, 0x0c, 0x00, 0x00, 0x00, 0x17, 0x00, 0x15, 0x20, 0x18, 0x70, 0x24, 0x00, 0x0c, 0x00
    .byte 0x00, 0x00, 0x17, 0x00, 0x15, 0x27, 0x18, 0x70, 0x17, 0x00, 0x2c, 0xff, 0xff, 0xff, 0xff, 0x2c
    .byte 0xff, 0xff, 0xff, 0xff, 0x2c, 0xff, 0xff, 0xff, 0xff, 0x15, 0x33, 0x25, 0x05, 0xfd, 0x21, 0x02
    .byte 0x29, 0x00, 0xff, 0x32, 0x00, 0x06, 0x00, 0x00, 0x00, 0x14, 0xcc, 0xfc, 0x21, 0x02, 0x2c, 0x01
    .byte 0x00, 0x00, 0x00, 0x2c, 0x64, 0x01, 0x00, 0x00, 0x15, 0x1f, 0x18, 0x70, 0x05, 0x00, 0x10, 0x00
    .byte 0x00, 0x00, 0x17, 0x00, 0x15, 0x20, 0x18, 0x70, 0x05, 0x00, 0x00, 0x00, 0x00, 0x00, 0x17, 0x00
    .byte 0x15, 0x27, 0x18, 0x70, 0x17, 0x00, 0x2c, 0xff, 0xff, 0xff, 0xff, 0x2c, 0xff, 0xff, 0xff, 0xff
    .byte 0x2c, 0xff, 0xff, 0xff, 0xff, 0x15, 0x33, 0x25, 0x05, 0xfd, 0x21, 0x02, 0x2c, 0x01, 0x00, 0x00
    .byte 0x00, 0x2c, 0x64, 0x01, 0x00, 0x00, 0x15, 0x1f, 0x18, 0x70, 0x05, 0x00, 0x0c, 0x00, 0x00, 0x00
    .byte 0x17, 0x00, 0x15, 0x20, 0x18, 0x70, 0x05, 0x00, 0x0c, 0x00, 0x00, 0x00, 0x17, 0x00, 0x15, 0x27
    .byte 0x18, 0x70, 0x17, 0x00, 0x2c, 0xff, 0xff, 0xff, 0xff, 0x2c, 0xff, 0xff, 0xff, 0xff, 0x2c, 0xff
    .byte 0xff, 0xff, 0xff, 0x15, 0x33, 0x25, 0x57, 0xff, 0x21, 0x02, 0x29, 0x00, 0xff, 0x32, 0x00, 0x00
    .byte 0x00, 0x00, 0x00, 0x14, 0x56, 0xfd, 0x21, 0x02, 0x2c, 0x01, 0x00, 0x00, 0x00, 0x2c, 0x64, 0x01
    .byte 0x00, 0x00, 0x15, 0x1f, 0x18, 0x70, 0x05, 0x00, 0x00, 0x00, 0x00, 0x00, 0x17, 0x00, 0x15, 0x20
    .byte 0x18, 0x70, 0x05, 0x00, 0x10, 0x00, 0x00, 0x00, 0x17, 0x00, 0x15, 0x27, 0x18, 0x70, 0x17, 0x00
    .byte 0x2c, 0xff, 0xff, 0xff, 0xff, 0x2c, 0xff, 0xff, 0xff, 0xff, 0x2c, 0xff, 0xff, 0xff, 0xff, 0x15
    .byte 0x33, 0x25, 0x57, 0xff, 0x21, 0x02, 0x29, 0x00, 0xff, 0x32, 0x00, 0x01, 0x00, 0x00, 0x00, 0x14
    .byte 0xa2, 0xfd, 0x21, 0x02, 0x2c, 0x01, 0x00, 0x00, 0x00, 0x2c, 0x64, 0x01, 0x00, 0x00, 0x15, 0x1f
    .byte 0x18, 0x70, 0x24, 0x00, 0x0c, 0x00, 0x00, 0x00, 0x17, 0x00, 0x15, 0x20, 0x18, 0x70, 0x05, 0x00
    .byte 0x0c, 0x00, 0x00, 0x00, 0x17, 0x00, 0x15, 0x27, 0x18, 0x70, 0x17, 0x00, 0x2c, 0xff, 0xff, 0xff
    .byte 0xff, 0x2c, 0xff, 0xff, 0xff, 0xff, 0x2c, 0xff, 0xff, 0xff, 0xff, 0x15, 0x33, 0x25, 0x57, 0xff
    .byte 0x21, 0x02, 0x29, 0x00, 0xff, 0x32, 0x00, 0x02, 0x00, 0x00, 0x00, 0x14, 0xee, 0xfd, 0x21, 0x02
    .byte 0x2c, 0x01, 0x00, 0x00, 0x00, 0x2c, 0x64, 0x01, 0x00, 0x00, 0x15, 0x1f, 0x18, 0x70, 0x24, 0x00
    .byte 0x10, 0x00, 0x00, 0x00, 0x17, 0x00, 0x15, 0x20, 0x18, 0x70, 0x05, 0x00, 0x00, 0x00, 0x00, 0x00
    .byte 0x17, 0x00, 0x15, 0x27, 0x18, 0x70, 0x17, 0x00, 0x2c, 0xff, 0xff, 0xff, 0xff, 0x2c, 0xff, 0xff
    .byte 0xff, 0xff, 0x2c, 0xff, 0xff, 0xff, 0xff, 0x15, 0x33, 0x25, 0x57, 0xff, 0x21, 0x02, 0x29, 0x00
    .byte 0xff, 0x32, 0x00, 0x03, 0x00, 0x00, 0x00, 0x14, 0x3a, 0xfe, 0x21, 0x02, 0x2c, 0x01, 0x00, 0x00
    .byte 0x00, 0x2c, 0x64, 0x01, 0x00, 0x00, 0x15, 0x1f, 0x18, 0x70, 0x24, 0x00, 0x0c, 0x00, 0x00, 0x00
    .byte 0x17, 0x00, 0x15, 0x20, 0x18, 0x70, 0x24, 0x00, 0x0c, 0x00, 0x00, 0x00, 0x17, 0x00, 0x15, 0x27
    .byte 0x18, 0x70, 0x17, 0x00, 0x2c, 0xff, 0xff, 0xff, 0xff, 0x2c, 0xff, 0xff, 0xff, 0xff, 0x2c, 0xff
    .byte 0xff, 0xff, 0xff, 0x15, 0x33, 0x25, 0x57, 0xff, 0x21, 0x02, 0x29, 0x00, 0xff, 0x32, 0x00, 0x04
    .byte 0x00, 0x00, 0x00, 0x14, 0x86, 0xfe, 0x21, 0x02, 0x2c, 0x01, 0x00, 0x00, 0x00, 0x2c, 0x64, 0x01
    .byte 0x00, 0x00, 0x15, 0x1f, 0x18, 0x70, 0x05, 0x00, 0x00, 0x00, 0x00, 0x00, 0x17, 0x00, 0x15, 0x20
    .byte 0x18, 0x70, 0x24, 0x00, 0x10, 0x00, 0x00, 0x00, 0x17, 0x00, 0x15, 0x27, 0x18, 0x70, 0x17, 0x00
    .byte 0x2c, 0xff, 0xff, 0xff, 0xff, 0x2c, 0xff, 0xff, 0xff, 0xff, 0x2c, 0xff, 0xff, 0xff, 0xff, 0x15
    .byte 0x33, 0x25, 0x57, 0xff, 0x21, 0x02, 0x29, 0x00, 0xff, 0x32, 0x00, 0x05, 0x00, 0x00, 0x00, 0x14
    .byte 0xd2, 0xfe, 0x21, 0x02, 0x2c, 0x01, 0x00, 0x00, 0x00, 0x2c, 0x64, 0x01, 0x00, 0x00, 0x15, 0x1f
    .byte 0x18, 0x70, 0x05, 0x00, 0x0c, 0x00, 0x00, 0x00, 0x17, 0x00, 0x15, 0x20, 0x18, 0x70, 0x24, 0x00
    .byte 0x0c, 0x00, 0x00, 0x00, 0x17, 0x00, 0x15, 0x27, 0x18, 0x70, 0x17, 0x00, 0x2c, 0xff, 0xff, 0xff
    .byte 0xff, 0x2c, 0xff, 0xff, 0xff, 0xff, 0x2c, 0xff, 0xff, 0xff, 0xff, 0x15, 0x33, 0x25, 0x57, 0xff
    .byte 0x21, 0x02, 0x29, 0x00, 0xff, 0x32, 0x00, 0x06, 0x00, 0x00, 0x00, 0x14, 0x1e, 0xff, 0x21, 0x02
    .byte 0x2c, 0x01, 0x00, 0x00, 0x00, 0x2c, 0x64, 0x01, 0x00, 0x00, 0x15, 0x1f, 0x18, 0x70, 0x05, 0x00
    .byte 0x10, 0x00, 0x00, 0x00, 0x17, 0x00, 0x15, 0x20, 0x18, 0x70, 0x05, 0x00, 0x00, 0x00, 0x00, 0x00
    .byte 0x17, 0x00, 0x15, 0x27, 0x18, 0x70, 0x17, 0x00, 0x2c, 0xff, 0xff, 0xff, 0xff, 0x2c, 0xff, 0xff
    .byte 0xff, 0xff, 0x2c, 0xff, 0xff, 0xff, 0xff, 0x15, 0x33, 0x25, 0x57, 0xff, 0x21, 0x02, 0x2c, 0x01
    .byte 0x00, 0x00, 0x00, 0x2c, 0x64, 0x01, 0x00, 0x00, 0x15, 0x1f, 0x18, 0x70, 0x05, 0x00, 0x0c, 0x00
    .byte 0x00, 0x00, 0x17, 0x00, 0x15, 0x20, 0x18, 0x70, 0x05, 0x00, 0x0c, 0x00, 0x00, 0x00, 0x17, 0x00
    .byte 0x15, 0x27, 0x18, 0x70, 0x17, 0x00, 0x2c, 0xff, 0xff, 0xff, 0xff, 0x2c, 0xff, 0xff, 0xff, 0xff
    .byte 0x2c, 0xff, 0xff, 0xff, 0xff, 0x15, 0x33, 0x25, 0x97, 0x01, 0x22, 0x02, 0x2b, 0x00, 0x02, 0x34
    .byte 0x00, 0x19, 0x00, 0x00, 0x00, 0x14, 0x97, 0x01, 0x22, 0x02, 0x29, 0x00, 0xff, 0x32, 0x00, 0x00
    .byte 0x00, 0x00, 0x00, 0x14, 0xb2, 0xff, 0x21, 0x02, 0x2c, 0x01, 0x00, 0x00, 0x00, 0x15, 0x1f, 0x18
    .byte 0x70, 0x05, 0x00, 0x00, 0x00, 0x00, 0x00, 0x17, 0x00, 0x15, 0x20, 0x18, 0x70, 0x05, 0x00, 0x10
    .byte 0x00, 0x00, 0x00, 0x17, 0x00, 0x15, 0x27, 0x18, 0x70, 0x17, 0x00, 0x20, 0x00, 0x00, 0x20, 0x00
    .byte 0x00, 0x2c, 0xf4, 0x01, 0x00, 0x00, 0x2c, 0x2c, 0x01, 0x00, 0x00, 0x15, 0xb2, 0x25, 0x97, 0x01
    .byte 0x22, 0x02, 0x29, 0x00, 0xff, 0x32, 0x00, 0x01, 0x00, 0x00, 0x00, 0x14, 0xfa, 0xff, 0x21, 0x02
    .byte 0x2c, 0x01, 0x00, 0x00, 0x00, 0x15, 0x1f, 0x18, 0x70, 0x24, 0x00, 0x0c, 0x00, 0x00, 0x00, 0x17
    .byte 0x00, 0x15, 0x20, 0x18, 0x70, 0x05, 0x00, 0x0c, 0x00, 0x00, 0x00, 0x17, 0x00, 0x15, 0x27, 0x18
    .byte 0x70, 0x17, 0x00, 0x20, 0x00, 0x00, 0x20, 0x00, 0x00, 0x2c, 0xf4, 0x01, 0x00, 0x00, 0x2c, 0x2c
    .byte 0x01, 0x00, 0x00, 0x15, 0xb2, 0x25, 0x97, 0x01, 0x22, 0x02, 0x29, 0x00, 0xff, 0x32, 0x00, 0x02
    .byte 0x00, 0x00, 0x00, 0x14, 0x42, 0x00, 0x22, 0x02, 0x2c, 0x01, 0x00, 0x00, 0x00, 0x15, 0x1f, 0x18
    .byte 0x70, 0x24, 0x00, 0x10, 0x00, 0x00, 0x00, 0x17, 0x00, 0x15, 0x20, 0x18, 0x70, 0x05, 0x00, 0x00
    .byte 0x00, 0x00, 0x00, 0x17, 0x00, 0x15, 0x27, 0x18, 0x70, 0x17, 0x00, 0x20, 0x00, 0x00, 0x20, 0x00
    .byte 0x00, 0x2c, 0xf4, 0x01, 0x00, 0x00, 0x2c, 0x2c, 0x01, 0x00, 0x00, 0x15, 0xb2, 0x25, 0x97, 0x01
    .byte 0x22, 0x02, 0x29, 0x00, 0xff, 0x32, 0x00, 0x03, 0x00, 0x00, 0x00, 0x14, 0x8a, 0x00, 0x22, 0x02
    .byte 0x2c, 0x01, 0x00, 0x00, 0x00, 0x15, 0x1f, 0x18, 0x70, 0x24, 0x00, 0x0c, 0x00, 0x00, 0x00, 0x17
    .byte 0x00, 0x15, 0x20, 0x18, 0x70, 0x24, 0x00, 0x0c, 0x00, 0x00, 0x00, 0x17, 0x00, 0x15, 0x27, 0x18
    .byte 0x70, 0x17, 0x00, 0x20, 0x00, 0x00, 0x20, 0x00, 0x00, 0x2c, 0xf4, 0x01, 0x00, 0x00, 0x2c, 0x2c
    .byte 0x01, 0x00, 0x00, 0x15, 0xb2, 0x25, 0x97, 0x01, 0x22, 0x02, 0x29, 0x00, 0xff, 0x32, 0x00, 0x04
    .byte 0x00, 0x00, 0x00, 0x14, 0xd2, 0x00, 0x22, 0x02, 0x2c, 0x01, 0x00, 0x00, 0x00, 0x15, 0x1f, 0x18
    .byte 0x70, 0x05, 0x00, 0x00, 0x00, 0x00, 0x00, 0x17, 0x00, 0x15, 0x20, 0x18, 0x70, 0x24, 0x00, 0x10
    .byte 0x00, 0x00, 0x00, 0x17, 0x00, 0x15, 0x27, 0x18, 0x70, 0x17, 0x00, 0x20, 0x00, 0x00, 0x20, 0x00
    .byte 0x00, 0x2c, 0xf4, 0x01, 0x00, 0x00, 0x2c, 0x2c, 0x01, 0x00, 0x00, 0x15, 0xb2, 0x25, 0x97, 0x01
    .byte 0x22, 0x02, 0x29, 0x00, 0xff, 0x32, 0x00, 0x05, 0x00, 0x00, 0x00, 0x14, 0x1a, 0x01, 0x22, 0x02
    .byte 0x2c, 0x01, 0x00, 0x00, 0x00, 0x15, 0x1f, 0x18, 0x70, 0x05, 0x00, 0x0c, 0x00, 0x00, 0x00, 0x17
    .byte 0x00, 0x15, 0x20, 0x18, 0x70, 0x24, 0x00, 0x0c, 0x00, 0x00, 0x00, 0x17, 0x00, 0x15, 0x27, 0x18
    .byte 0x70, 0x17, 0x00, 0x20, 0x00, 0x00, 0x20, 0x00, 0x00, 0x2c, 0xf4, 0x01, 0x00, 0x00, 0x2c, 0x2c
    .byte 0x01, 0x00, 0x00, 0x15, 0xb2, 0x25, 0x97, 0x01, 0x22, 0x02, 0x29, 0x00, 0xff, 0x32, 0x00, 0x06
    .byte 0x00, 0x00, 0x00, 0x14, 0x62, 0x01, 0x22, 0x02, 0x2c, 0x01, 0x00, 0x00, 0x00, 0x15, 0x1f, 0x18
    .byte 0x70, 0x05, 0x00, 0x10, 0x00, 0x00, 0x00, 0x17, 0x00, 0x15, 0x20, 0x18, 0x70, 0x05, 0x00, 0x00
    .byte 0x00, 0x00, 0x00, 0x17, 0x00, 0x15, 0x27, 0x18, 0x70, 0x17, 0x00, 0x20, 0x00, 0x00, 0x20, 0x00
    .byte 0x00, 0x2c, 0xf4, 0x01, 0x00, 0x00, 0x2c, 0x2c, 0x01, 0x00, 0x00, 0x15, 0xb2, 0x25, 0x97, 0x01
    .byte 0x22, 0x02, 0x2c, 0x01, 0x00, 0x00, 0x00, 0x15, 0x1f, 0x18, 0x70, 0x05, 0x00, 0x0c, 0x00, 0x00
    .byte 0x00, 0x17, 0x00, 0x15, 0x20, 0x18, 0x70, 0x05, 0x00, 0x0c, 0x00, 0x00, 0x00, 0x17, 0x00, 0x15
    .byte 0x27, 0x18, 0x70, 0x17, 0x00, 0x20, 0x00, 0x00, 0x20, 0x00, 0x00, 0x2c, 0xf4, 0x01, 0x00, 0x00
    .byte 0x2c, 0x2c, 0x01, 0x00, 0x00, 0x15, 0xb2, 0x2f, 0x00, 0x2f, 0x01, 0x15, 0x57, 0x20, 0x00, 0x00
    .byte 0x15, 0x07, 0x15, 0x08, 0x2f, 0x00, 0x2f, 0x01, 0x2c, 0x01, 0x00, 0x00, 0x00, 0x2c, 0x1a, 0x00
    .byte 0x00, 0x00, 0x2c, 0x0d, 0x00, 0x00, 0x00, 0x2c, 0x29, 0x00, 0x00, 0x00, 0x15, 0x5d, 0x18, 0x70
    .byte 0x14, 0x94, 0x17, 0x22, 0x02, 0x2f, 0x00, 0x2f, 0x01, 0x15, 0x56, 0x18, 0x70, 0x13, 0x94, 0x17
    .byte 0x22, 0x02, 0x2c, 0x64, 0x00, 0x00, 0x00, 0x15, 0x01, 0x18, 0x70, 0x28, 0x00, 0x02, 0x03, 0x00
    .byte 0xff, 0xff, 0xff, 0xff, 0x32, 0x00, 0xff, 0xff, 0xff, 0xff, 0x14, 0x8b, 0x0b, 0x22, 0x02, 0x2b
    .byte 0x00, 0x02, 0x34, 0x00, 0x03, 0x00, 0x00, 0x00, 0x14, 0x4b, 0x09, 0x22, 0x02, 0x2d, 0xfe, 0x15
    .byte 0x7c, 0x18, 0x70, 0x31, 0x00, 0x05, 0x00, 0x00, 0x00, 0x14, 0x4b, 0x09, 0x22, 0x02, 0x29, 0x00
    .byte 0xfe, 0x35, 0x00, 0x25, 0x00, 0x00, 0x00, 0x14, 0x4b, 0x09, 0x22, 0x02, 0x29, 0x00, 0xfe, 0x35
    .byte 0x00, 0x4f, 0x00, 0x00, 0x00, 0x14, 0x4b, 0x09, 0x22, 0x02, 0x2d, 0xfe, 0x15, 0x7c, 0x18, 0x70
    .byte 0x31, 0x00, 0x08, 0x00, 0x00, 0x00, 0x14, 0xf9, 0x06, 0x22, 0x02, 0x2c, 0x02, 0x00, 0x00, 0x00
    .byte 0x15, 0x01, 0x18, 0x70, 0x28, 0x00, 0x02, 0x2b, 0x00, 0x02, 0x32, 0x00, 0x00, 0x00, 0x00, 0x00
    .byte 0x14, 0xa7, 0x04, 0x22, 0x02, 0x29, 0x00, 0xff, 0x32, 0x00, 0x00, 0x00, 0x00, 0x00, 0x14, 0xa1
    .byte 0x02, 0x22, 0x02, 0x2c, 0x01, 0x00, 0x00, 0x00, 0x2c, 0x65, 0x01, 0x00, 0x00, 0x15, 0x1f, 0x18
    .byte 0x70, 0x05, 0x00, 0x00, 0x00, 0x00, 0x00, 0x17, 0x00, 0x15, 0x20, 0x18, 0x70, 0x05, 0x00, 0x10
    .byte 0x00, 0x00, 0x00, 0x17, 0x00, 0x15, 0x27, 0x18, 0x70, 0x17, 0x00, 0x2c, 0xff, 0xff, 0xff, 0xff
    .byte 0x2c, 0xff, 0xff, 0xff, 0xff, 0x2c, 0xff, 0xff, 0xff, 0xff, 0x15, 0x33, 0x25, 0xa2, 0x04, 0x22
    .byte 0x02, 0x29, 0x00, 0xff, 0x32, 0x00, 0x01, 0x00, 0x00, 0x00, 0x14, 0xed, 0x02, 0x22, 0x02, 0x2c
    .byte 0x01, 0x00, 0x00, 0x00, 0x2c, 0x65, 0x01, 0x00, 0x00, 0x15, 0x1f, 0x18, 0x70, 0x24, 0x00, 0x0c
    .byte 0x00, 0x00, 0x00, 0x17, 0x00, 0x15, 0x20, 0x18, 0x70, 0x05, 0x00, 0x0c, 0x00, 0x00, 0x00, 0x17
    .byte 0x00, 0x15, 0x27, 0x18, 0x70, 0x17, 0x00, 0x2c, 0xff, 0xff, 0xff, 0xff, 0x2c, 0xff, 0xff, 0xff
    .byte 0xff, 0x2c, 0xff, 0xff, 0xff, 0xff, 0x15, 0x33, 0x25, 0xa2, 0x04, 0x22, 0x02, 0x29, 0x00, 0xff
    .byte 0x32, 0x00, 0x02, 0x00, 0x00, 0x00, 0x14, 0x39, 0x03, 0x22, 0x02, 0x2c, 0x01, 0x00, 0x00, 0x00
    .byte 0x2c, 0x65, 0x01, 0x00, 0x00, 0x15, 0x1f, 0x18, 0x70, 0x24, 0x00, 0x10, 0x00, 0x00, 0x00, 0x17
    .byte 0x00, 0x15, 0x20, 0x18, 0x70, 0x05, 0x00, 0x00, 0x00, 0x00, 0x00, 0x17, 0x00, 0x15, 0x27, 0x18
    .byte 0x70, 0x17, 0x00, 0x2c, 0xff, 0xff, 0xff, 0xff, 0x2c, 0xff, 0xff, 0xff, 0xff, 0x2c, 0xff, 0xff
    .byte 0xff, 0xff, 0x15, 0x33, 0x25, 0xa2, 0x04, 0x22, 0x02, 0x29, 0x00, 0xff, 0x32, 0x00, 0x03, 0x00
    .byte 0x00, 0x00, 0x14, 0x85, 0x03, 0x22, 0x02, 0x2c, 0x01, 0x00, 0x00, 0x00, 0x2c, 0x65, 0x01, 0x00
    .byte 0x00, 0x15, 0x1f, 0x18, 0x70, 0x24, 0x00, 0x0c, 0x00, 0x00, 0x00, 0x17, 0x00, 0x15, 0x20, 0x18
    .byte 0x70, 0x24, 0x00, 0x0c, 0x00, 0x00, 0x00, 0x17, 0x00, 0x15, 0x27, 0x18, 0x70, 0x17, 0x00, 0x2c
    .byte 0xff, 0xff, 0xff, 0xff, 0x2c, 0xff, 0xff, 0xff, 0xff, 0x2c, 0xff, 0xff, 0xff, 0xff, 0x15, 0x33
    .byte 0x25, 0xa2, 0x04, 0x22, 0x02, 0x29, 0x00, 0xff, 0x32, 0x00, 0x04, 0x00, 0x00, 0x00, 0x14, 0xd1
    .byte 0x03, 0x22, 0x02, 0x2c, 0x01, 0x00, 0x00, 0x00, 0x2c, 0x65, 0x01, 0x00, 0x00, 0x15, 0x1f, 0x18
    .byte 0x70, 0x05, 0x00, 0x00, 0x00, 0x00, 0x00, 0x17, 0x00, 0x15, 0x20, 0x18, 0x70, 0x24, 0x00, 0x10
    .byte 0x00, 0x00, 0x00, 0x17, 0x00, 0x15, 0x27, 0x18, 0x70, 0x17, 0x00, 0x2c, 0xff, 0xff, 0xff, 0xff
    .byte 0x2c, 0xff, 0xff, 0xff, 0xff, 0x2c, 0xff, 0xff, 0xff, 0xff, 0x15, 0x33, 0x25, 0xa2, 0x04, 0x22
    .byte 0x02, 0x29, 0x00, 0xff, 0x32, 0x00, 0x05, 0x00, 0x00, 0x00, 0x14, 0x1d, 0x04, 0x22, 0x02, 0x2c
    .byte 0x01, 0x00, 0x00, 0x00, 0x2c, 0x65, 0x01, 0x00, 0x00, 0x15, 0x1f, 0x18, 0x70, 0x05, 0x00, 0x0c
    .byte 0x00, 0x00, 0x00, 0x17, 0x00, 0x15, 0x20, 0x18, 0x70, 0x24, 0x00, 0x0c, 0x00, 0x00, 0x00, 0x17
    .byte 0x00, 0x15, 0x27, 0x18, 0x70, 0x17, 0x00, 0x2c, 0xff, 0xff, 0xff, 0xff, 0x2c, 0xff, 0xff, 0xff
    .byte 0xff, 0x2c, 0xff, 0xff, 0xff, 0xff, 0x15, 0x33, 0x25, 0xa2, 0x04, 0x22, 0x02, 0x29, 0x00, 0xff
    .byte 0x32, 0x00, 0x06, 0x00, 0x00, 0x00, 0x14, 0x69, 0x04, 0x22, 0x02, 0x2c, 0x01, 0x00, 0x00, 0x00
    .byte 0x2c, 0x65, 0x01, 0x00, 0x00, 0x15, 0x1f, 0x18, 0x70, 0x05, 0x00, 0x10, 0x00, 0x00, 0x00, 0x17
    .byte 0x00, 0x15, 0x20, 0x18, 0x70, 0x05, 0x00, 0x00, 0x00, 0x00, 0x00, 0x17, 0x00, 0x15, 0x27, 0x18
    .byte 0x70, 0x17, 0x00, 0x2c, 0xff, 0xff, 0xff, 0xff, 0x2c, 0xff, 0xff, 0xff, 0xff, 0x2c, 0xff, 0xff
    .byte 0xff, 0xff, 0x15, 0x33, 0x25, 0xa2, 0x04, 0x22, 0x02, 0x2c, 0x01, 0x00, 0x00, 0x00, 0x2c, 0x65
    .byte 0x01, 0x00, 0x00, 0x15, 0x1f, 0x18, 0x70, 0x05, 0x00, 0x0c, 0x00, 0x00, 0x00, 0x17, 0x00, 0x15
    .byte 0x20, 0x18, 0x70, 0x05, 0x00, 0x0c, 0x00, 0x00, 0x00, 0x17, 0x00, 0x15, 0x27, 0x18, 0x70, 0x17
    .byte 0x00, 0x2c, 0xff, 0xff, 0xff, 0xff, 0x2c, 0xff, 0xff, 0xff, 0xff, 0x2c, 0xff, 0xff, 0xff, 0xff
    .byte 0x15, 0x33, 0x25, 0xf4, 0x06, 0x22, 0x02, 0x29, 0x00, 0xff, 0x32, 0x00, 0x00, 0x00, 0x00, 0x00
    .byte 0x14, 0xf3, 0x04, 0x22, 0x02, 0x2c, 0x01, 0x00, 0x00, 0x00, 0x2c, 0x64, 0x01, 0x00, 0x00, 0x15
    .byte 0x1f, 0x18, 0x70, 0x05, 0x00, 0x00, 0x00, 0x00, 0x00, 0x17, 0x00, 0x15, 0x20, 0x18, 0x70, 0x05
    .byte 0x00, 0x10, 0x00, 0x00, 0x00, 0x17, 0x00, 0x15, 0x27, 0x18, 0x70, 0x17, 0x00, 0x2c, 0xff, 0xff
    .byte 0xff, 0xff, 0x2c, 0xff, 0xff, 0xff, 0xff, 0x2c, 0xff, 0xff, 0xff, 0xff, 0x15, 0x33, 0x25, 0xf4
    .byte 0x06, 0x22, 0x02, 0x29, 0x00, 0xff, 0x32, 0x00, 0x01, 0x00, 0x00, 0x00, 0x14, 0x3f, 0x05, 0x22
    .byte 0x02, 0x2c, 0x01, 0x00, 0x00, 0x00, 0x2c, 0x64, 0x01, 0x00, 0x00, 0x15, 0x1f, 0x18, 0x70, 0x24
    .byte 0x00, 0x0c, 0x00, 0x00, 0x00, 0x17, 0x00, 0x15, 0x20, 0x18, 0x70, 0x05, 0x00, 0x0c, 0x00, 0x00
    .byte 0x00, 0x17, 0x00, 0x15, 0x27, 0x18, 0x70, 0x17, 0x00, 0x2c, 0xff, 0xff, 0xff, 0xff, 0x2c, 0xff
    .byte 0xff, 0xff, 0xff, 0x2c, 0xff, 0xff, 0xff, 0xff, 0x15, 0x33, 0x25, 0xf4, 0x06, 0x22, 0x02, 0x29
    .byte 0x00, 0xff, 0x32, 0x00, 0x02, 0x00, 0x00, 0x00, 0x14, 0x8b, 0x05, 0x22, 0x02, 0x2c, 0x01, 0x00
    .byte 0x00, 0x00, 0x2c, 0x64, 0x01, 0x00, 0x00, 0x15, 0x1f, 0x18, 0x70, 0x24, 0x00, 0x10, 0x00, 0x00
    .byte 0x00, 0x17, 0x00, 0x15, 0x20, 0x18, 0x70, 0x05, 0x00, 0x00, 0x00, 0x00, 0x00, 0x17, 0x00, 0x15
    .byte 0x27, 0x18, 0x70, 0x17, 0x00, 0x2c, 0xff, 0xff, 0xff, 0xff, 0x2c, 0xff, 0xff, 0xff, 0xff, 0x2c
    .byte 0xff, 0xff, 0xff, 0xff, 0x15, 0x33, 0x25, 0xf4, 0x06, 0x22, 0x02, 0x29, 0x00, 0xff, 0x32, 0x00
    .byte 0x03, 0x00, 0x00, 0x00, 0x14, 0xd7, 0x05, 0x22, 0x02, 0x2c, 0x01, 0x00, 0x00, 0x00, 0x2c, 0x64
    .byte 0x01, 0x00, 0x00, 0x15, 0x1f, 0x18, 0x70, 0x24, 0x00, 0x0c, 0x00, 0x00, 0x00, 0x17, 0x00, 0x15
    .byte 0x20, 0x18, 0x70, 0x24, 0x00, 0x0c, 0x00, 0x00, 0x00, 0x17, 0x00, 0x15, 0x27, 0x18, 0x70, 0x17
    .byte 0x00, 0x2c, 0xff, 0xff, 0xff, 0xff, 0x2c, 0xff, 0xff, 0xff, 0xff, 0x2c, 0xff, 0xff, 0xff, 0xff
    .byte 0x15, 0x33, 0x25, 0xf4, 0x06, 0x22, 0x02, 0x29, 0x00, 0xff, 0x32, 0x00, 0x04, 0x00, 0x00, 0x00
    .byte 0x14, 0x23, 0x06, 0x22, 0x02, 0x2c, 0x01, 0x00, 0x00, 0x00, 0x2c, 0x64, 0x01, 0x00, 0x00, 0x15
    .byte 0x1f, 0x18, 0x70, 0x05, 0x00, 0x00, 0x00, 0x00, 0x00, 0x17, 0x00, 0x15, 0x20, 0x18, 0x70, 0x24
    .byte 0x00, 0x10, 0x00, 0x00, 0x00, 0x17, 0x00, 0x15, 0x27, 0x18, 0x70, 0x17, 0x00, 0x2c, 0xff, 0xff
    .byte 0xff, 0xff, 0x2c, 0xff, 0xff, 0xff, 0xff, 0x2c, 0xff, 0xff, 0xff, 0xff, 0x15, 0x33, 0x25, 0xf4
    .byte 0x06, 0x22, 0x02, 0x29, 0x00, 0xff, 0x32, 0x00, 0x05, 0x00, 0x00, 0x00, 0x14, 0x6f, 0x06, 0x22
    .byte 0x02, 0x2c, 0x01, 0x00, 0x00, 0x00, 0x2c, 0x64, 0x01, 0x00, 0x00, 0x15, 0x1f, 0x18, 0x70, 0x05
    .byte 0x00, 0x0c, 0x00, 0x00, 0x00, 0x17, 0x00, 0x15, 0x20, 0x18, 0x70, 0x24, 0x00, 0x0c, 0x00, 0x00
    .byte 0x00, 0x17, 0x00, 0x15, 0x27, 0x18, 0x70, 0x17, 0x00, 0x2c, 0xff, 0xff, 0xff, 0xff, 0x2c, 0xff
    .byte 0xff, 0xff, 0xff, 0x2c, 0xff, 0xff, 0xff, 0xff, 0x15, 0x33, 0x25, 0xf4, 0x06, 0x22, 0x02, 0x29
    .byte 0x00, 0xff, 0x32, 0x00, 0x06, 0x00, 0x00, 0x00, 0x14, 0xbb, 0x06, 0x22, 0x02, 0x2c, 0x01, 0x00
    .byte 0x00, 0x00, 0x2c, 0x64, 0x01, 0x00, 0x00, 0x15, 0x1f, 0x18, 0x70, 0x05, 0x00, 0x10, 0x00, 0x00
    .byte 0x00, 0x17, 0x00, 0x15, 0x20, 0x18, 0x70, 0x05, 0x00, 0x00, 0x00, 0x00, 0x00, 0x17, 0x00, 0x15
    .byte 0x27, 0x18, 0x70, 0x17, 0x00, 0x2c, 0xff, 0xff, 0xff, 0xff, 0x2c, 0xff, 0xff, 0xff, 0xff, 0x2c
    .byte 0xff, 0xff, 0xff, 0xff, 0x15, 0x33, 0x25, 0xf4, 0x06, 0x22, 0x02, 0x2c, 0x01, 0x00, 0x00, 0x00
    .byte 0x2c, 0x64, 0x01, 0x00, 0x00, 0x15, 0x1f, 0x18, 0x70, 0x05, 0x00, 0x0c, 0x00, 0x00, 0x00, 0x17
    .byte 0x00, 0x15, 0x20, 0x18, 0x70, 0x05, 0x00, 0x0c, 0x00, 0x00, 0x00, 0x17, 0x00, 0x15, 0x27, 0x18
    .byte 0x70, 0x17, 0x00, 0x2c, 0xff, 0xff, 0xff, 0xff, 0x2c, 0xff, 0xff, 0xff, 0xff, 0x2c, 0xff, 0xff
    .byte 0xff, 0xff, 0x15, 0x33, 0x25, 0x46, 0x09, 0x22, 0x02, 0x29, 0x00, 0xff, 0x32, 0x00, 0x00, 0x00
    .byte 0x00, 0x00, 0x14, 0x45, 0x07, 0x22, 0x02, 0x2c, 0x01, 0x00, 0x00, 0x00, 0x2c, 0x64, 0x01, 0x00
    .byte 0x00, 0x15, 0x1f, 0x18, 0x70, 0x05, 0x00, 0x00, 0x00, 0x00, 0x00, 0x17, 0x00, 0x15, 0x20, 0x18
    .byte 0x70, 0x05, 0x00, 0x10, 0x00, 0x00, 0x00, 0x17, 0x00, 0x15, 0x27, 0x18, 0x70, 0x17, 0x00, 0x2c
    .byte 0xff, 0xff, 0xff, 0xff, 0x2c, 0xff, 0xff, 0xff, 0xff, 0x2c, 0xff, 0xff, 0xff, 0xff, 0x15, 0x33
    .byte 0x25, 0x46, 0x09, 0x22, 0x02, 0x29, 0x00, 0xff, 0x32, 0x00, 0x01, 0x00, 0x00, 0x00, 0x14, 0x91
    .byte 0x07, 0x22, 0x02, 0x2c, 0x01, 0x00, 0x00, 0x00, 0x2c, 0x64, 0x01, 0x00, 0x00, 0x15, 0x1f, 0x18
    .byte 0x70, 0x24, 0x00, 0x0c, 0x00, 0x00, 0x00, 0x17, 0x00, 0x15, 0x20, 0x18, 0x70, 0x05, 0x00, 0x0c
    .byte 0x00, 0x00, 0x00, 0x17, 0x00, 0x15, 0x27, 0x18, 0x70, 0x17, 0x00, 0x2c, 0xff, 0xff, 0xff, 0xff
    .byte 0x2c, 0xff, 0xff, 0xff, 0xff, 0x2c, 0xff, 0xff, 0xff, 0xff, 0x15, 0x33, 0x25, 0x46, 0x09, 0x22
    .byte 0x02, 0x29, 0x00, 0xff, 0x32, 0x00, 0x02, 0x00, 0x00, 0x00, 0x14, 0xdd, 0x07, 0x22, 0x02, 0x2c
    .byte 0x01, 0x00, 0x00, 0x00, 0x2c, 0x64, 0x01, 0x00, 0x00, 0x15, 0x1f, 0x18, 0x70, 0x24, 0x00, 0x10
    .byte 0x00, 0x00, 0x00, 0x17, 0x00, 0x15, 0x20, 0x18, 0x70, 0x05, 0x00, 0x00, 0x00, 0x00, 0x00, 0x17
    .byte 0x00, 0x15, 0x27, 0x18, 0x70, 0x17, 0x00, 0x2c, 0xff, 0xff, 0xff, 0xff, 0x2c, 0xff, 0xff, 0xff
    .byte 0xff, 0x2c, 0xff, 0xff, 0xff, 0xff, 0x15, 0x33, 0x25, 0x46, 0x09, 0x22, 0x02, 0x29, 0x00, 0xff
    .byte 0x32, 0x00, 0x03, 0x00, 0x00, 0x00, 0x14, 0x29, 0x08, 0x22, 0x02, 0x2c, 0x01, 0x00, 0x00, 0x00
    .byte 0x2c, 0x64, 0x01, 0x00, 0x00, 0x15, 0x1f, 0x18, 0x70, 0x24, 0x00, 0x0c, 0x00, 0x00, 0x00, 0x17
    .byte 0x00, 0x15, 0x20, 0x18, 0x70, 0x24, 0x00, 0x0c, 0x00, 0x00, 0x00, 0x17, 0x00, 0x15, 0x27, 0x18
    .byte 0x70, 0x17, 0x00, 0x2c, 0xff, 0xff, 0xff, 0xff, 0x2c, 0xff, 0xff, 0xff, 0xff, 0x2c, 0xff, 0xff
    .byte 0xff, 0xff, 0x15, 0x33, 0x25, 0x46, 0x09, 0x22, 0x02, 0x29, 0x00, 0xff, 0x32, 0x00, 0x04, 0x00
    .byte 0x00, 0x00, 0x14, 0x75, 0x08, 0x22, 0x02, 0x2c, 0x01, 0x00, 0x00, 0x00, 0x2c, 0x64, 0x01, 0x00
    .byte 0x00, 0x15, 0x1f, 0x18, 0x70, 0x05, 0x00, 0x00, 0x00, 0x00, 0x00, 0x17, 0x00, 0x15, 0x20, 0x18
    .byte 0x70, 0x24, 0x00, 0x10, 0x00, 0x00, 0x00, 0x17, 0x00, 0x15, 0x27, 0x18, 0x70, 0x17, 0x00, 0x2c
    .byte 0xff, 0xff, 0xff, 0xff, 0x2c, 0xff, 0xff, 0xff, 0xff, 0x2c, 0xff, 0xff, 0xff, 0xff, 0x15, 0x33
    .byte 0x25, 0x46, 0x09, 0x22, 0x02, 0x29, 0x00, 0xff, 0x32, 0x00, 0x05, 0x00, 0x00, 0x00, 0x14, 0xc1
    .byte 0x08, 0x22, 0x02, 0x2c, 0x01, 0x00, 0x00, 0x00, 0x2c, 0x64, 0x01, 0x00, 0x00, 0x15, 0x1f, 0x18
    .byte 0x70, 0x05, 0x00, 0x0c, 0x00, 0x00, 0x00, 0x17, 0x00, 0x15, 0x20, 0x18, 0x70, 0x24, 0x00, 0x0c
    .byte 0x00, 0x00, 0x00, 0x17, 0x00, 0x15, 0x27, 0x18, 0x70, 0x17, 0x00, 0x2c, 0xff, 0xff, 0xff, 0xff
    .byte 0x2c, 0xff, 0xff, 0xff, 0xff, 0x2c, 0xff, 0xff, 0xff, 0xff, 0x15, 0x33, 0x25, 0x46, 0x09, 0x22
    .byte 0x02, 0x29, 0x00, 0xff, 0x32, 0x00, 0x06, 0x00, 0x00, 0x00, 0x14, 0x0d, 0x09, 0x22, 0x02, 0x2c
    .byte 0x01, 0x00, 0x00, 0x00, 0x2c, 0x64, 0x01, 0x00, 0x00, 0x15, 0x1f, 0x18, 0x70, 0x05, 0x00, 0x10
    .byte 0x00, 0x00, 0x00, 0x17, 0x00, 0x15, 0x20, 0x18, 0x70, 0x05, 0x00, 0x00, 0x00, 0x00, 0x00, 0x17
    .byte 0x00, 0x15, 0x27, 0x18, 0x70, 0x17, 0x00, 0x2c, 0xff, 0xff, 0xff, 0xff, 0x2c, 0xff, 0xff, 0xff
    .byte 0xff, 0x2c, 0xff, 0xff, 0xff, 0xff, 0x15, 0x33, 0x25, 0x46, 0x09, 0x22, 0x02, 0x2c, 0x01, 0x00
    .byte 0x00, 0x00, 0x2c, 0x64, 0x01, 0x00, 0x00, 0x15, 0x1f, 0x18, 0x70, 0x05, 0x00, 0x0c, 0x00, 0x00
    .byte 0x00, 0x17, 0x00, 0x15, 0x20, 0x18, 0x70, 0x05, 0x00, 0x0c, 0x00, 0x00, 0x00, 0x17, 0x00, 0x15
    .byte 0x27, 0x18, 0x70, 0x17, 0x00, 0x2c, 0xff, 0xff, 0xff, 0xff, 0x2c, 0xff, 0xff, 0xff, 0xff, 0x2c
    .byte 0xff, 0xff, 0xff, 0xff, 0x15, 0x33, 0x25, 0x86, 0x0b, 0x22, 0x02, 0x2b, 0x00, 0x02, 0x34, 0x00
    .byte 0x19, 0x00, 0x00, 0x00, 0x14, 0x86, 0x0b, 0x22, 0x02, 0x29, 0x00, 0xff, 0x32, 0x00, 0x00, 0x00
    .byte 0x00, 0x00, 0x14, 0xa1, 0x09, 0x22, 0x02, 0x2c, 0x01, 0x00, 0x00, 0x00, 0x15, 0x1f, 0x18, 0x70
    .byte 0x05, 0x00, 0x00, 0x00, 0x00, 0x00, 0x17, 0x00, 0x15, 0x20, 0x18, 0x70, 0x05, 0x00, 0x10, 0x00
    .byte 0x00, 0x00, 0x17, 0x00, 0x15, 0x27, 0x18, 0x70, 0x17, 0x00, 0x20, 0x00, 0x00, 0x20, 0x00, 0x00
    .byte 0x2c, 0xf4, 0x01, 0x00, 0x00, 0x2c, 0x2c, 0x01, 0x00, 0x00, 0x15, 0xb2, 0x25, 0x86, 0x0b, 0x22
    .byte 0x02, 0x29, 0x00, 0xff, 0x32, 0x00, 0x01, 0x00, 0x00, 0x00, 0x14, 0xe9, 0x09, 0x22, 0x02, 0x2c
    .byte 0x01, 0x00, 0x00, 0x00, 0x15, 0x1f, 0x18, 0x70, 0x24, 0x00, 0x0c, 0x00, 0x00, 0x00, 0x17, 0x00
    .byte 0x15, 0x20, 0x18, 0x70, 0x05, 0x00, 0x0c, 0x00, 0x00, 0x00, 0x17, 0x00, 0x15, 0x27, 0x18, 0x70
    .byte 0x17, 0x00, 0x20, 0x00, 0x00, 0x20, 0x00, 0x00, 0x2c, 0xf4, 0x01, 0x00, 0x00, 0x2c, 0x2c, 0x01
    .byte 0x00, 0x00, 0x15, 0xb2, 0x25, 0x86, 0x0b, 0x22, 0x02, 0x29, 0x00, 0xff, 0x32, 0x00, 0x02, 0x00
    .byte 0x00, 0x00, 0x14, 0x31, 0x0a, 0x22, 0x02, 0x2c, 0x01, 0x00, 0x00, 0x00, 0x15, 0x1f, 0x18, 0x70
    .byte 0x24, 0x00, 0x10, 0x00, 0x00, 0x00, 0x17, 0x00, 0x15, 0x20, 0x18, 0x70, 0x05, 0x00, 0x00, 0x00
    .byte 0x00, 0x00, 0x17, 0x00, 0x15, 0x27, 0x18, 0x70, 0x17, 0x00, 0x20, 0x00, 0x00, 0x20, 0x00, 0x00
    .byte 0x2c, 0xf4, 0x01, 0x00, 0x00, 0x2c, 0x2c, 0x01, 0x00, 0x00, 0x15, 0xb2, 0x25, 0x86, 0x0b, 0x22
    .byte 0x02, 0x29, 0x00, 0xff, 0x32, 0x00, 0x03, 0x00, 0x00, 0x00, 0x14, 0x79, 0x0a, 0x22, 0x02, 0x2c
    .byte 0x01, 0x00, 0x00, 0x00, 0x15, 0x1f, 0x18, 0x70, 0x24, 0x00, 0x0c, 0x00, 0x00, 0x00, 0x17, 0x00
    .byte 0x15, 0x20, 0x18, 0x70, 0x24, 0x00, 0x0c, 0x00, 0x00, 0x00, 0x17, 0x00, 0x15, 0x27, 0x18, 0x70
    .byte 0x17, 0x00, 0x20, 0x00, 0x00, 0x20, 0x00, 0x00, 0x2c, 0xf4, 0x01, 0x00, 0x00, 0x2c, 0x2c, 0x01
    .byte 0x00, 0x00, 0x15, 0xb2, 0x25, 0x86, 0x0b, 0x22, 0x02, 0x29, 0x00, 0xff, 0x32, 0x00, 0x04, 0x00
    .byte 0x00, 0x00, 0x14, 0xc1, 0x0a, 0x22, 0x02, 0x2c, 0x01, 0x00, 0x00, 0x00, 0x15, 0x1f, 0x18, 0x70
    .byte 0x05, 0x00, 0x00, 0x00, 0x00, 0x00, 0x17, 0x00, 0x15, 0x20, 0x18, 0x70, 0x24, 0x00, 0x10, 0x00
    .byte 0x00, 0x00, 0x17, 0x00, 0x15, 0x27, 0x18, 0x70, 0x17, 0x00, 0x20, 0x00, 0x00, 0x20, 0x00, 0x00
    .byte 0x2c, 0xf4, 0x01, 0x00, 0x00, 0x2c, 0x2c, 0x01, 0x00, 0x00, 0x15, 0xb2, 0x25, 0x86, 0x0b, 0x22
    .byte 0x02, 0x29, 0x00, 0xff, 0x32, 0x00, 0x05, 0x00, 0x00, 0x00, 0x14, 0x09, 0x0b, 0x22, 0x02, 0x2c
    .byte 0x01, 0x00, 0x00, 0x00, 0x15, 0x1f, 0x18, 0x70, 0x05, 0x00, 0x0c, 0x00, 0x00, 0x00, 0x17, 0x00
    .byte 0x15, 0x20, 0x18, 0x70, 0x24, 0x00, 0x0c, 0x00, 0x00, 0x00, 0x17, 0x00, 0x15, 0x27, 0x18, 0x70
    .byte 0x17, 0x00, 0x20, 0x00, 0x00, 0x20, 0x00, 0x00, 0x2c, 0xf4, 0x01, 0x00, 0x00, 0x2c, 0x2c, 0x01
    .byte 0x00, 0x00, 0x15, 0xb2, 0x25, 0x86, 0x0b, 0x22, 0x02, 0x29, 0x00, 0xff, 0x32, 0x00, 0x06, 0x00
    .byte 0x00, 0x00, 0x14, 0x51, 0x0b, 0x22, 0x02, 0x2c, 0x01, 0x00, 0x00, 0x00, 0x15, 0x1f, 0x18, 0x70
    .byte 0x05, 0x00, 0x10, 0x00, 0x00, 0x00, 0x17, 0x00, 0x15, 0x20, 0x18, 0x70, 0x05, 0x00, 0x00, 0x00
    .byte 0x00, 0x00, 0x17, 0x00, 0x15, 0x27, 0x18, 0x70, 0x17, 0x00, 0x20, 0x00, 0x00, 0x20, 0x00, 0x00
    .byte 0x2c, 0xf4, 0x01, 0x00, 0x00, 0x2c, 0x2c, 0x01, 0x00, 0x00, 0x15, 0xb2, 0x25, 0x86, 0x0b, 0x22
    .byte 0x02, 0x2c, 0x01, 0x00, 0x00, 0x00, 0x15, 0x1f, 0x18, 0x70, 0x05, 0x00, 0x0c, 0x00, 0x00, 0x00
    .byte 0x17, 0x00, 0x15, 0x20, 0x18, 0x70, 0x05, 0x00, 0x0c, 0x00, 0x00, 0x00, 0x17, 0x00, 0x15, 0x27
    .byte 0x18, 0x70, 0x17, 0x00, 0x20, 0x00, 0x00, 0x20, 0x00, 0x00, 0x2c, 0xf4, 0x01, 0x00, 0x00, 0x2c
    .byte 0x2c, 0x01, 0x00, 0x00, 0x15, 0xb2, 0x25, 0x8e, 0x17, 0x22, 0x02, 0x2b, 0x00, 0x02, 0x34, 0x00
    .byte 0x00, 0x00, 0x00, 0x00, 0x14, 0xeb, 0x0d, 0x22, 0x02, 0x29, 0x00, 0xff, 0x32, 0x00, 0x00, 0x00
    .byte 0x00, 0x00, 0x14, 0xe5, 0x0b, 0x22, 0x02, 0x2c, 0x01, 0x00, 0x00, 0x00, 0x2c, 0xff, 0xff, 0xff
    .byte 0xff, 0x15, 0x1f, 0x18, 0x70, 0x05, 0x00, 0x00, 0x00, 0x00, 0x00, 0x17, 0x00, 0x15, 0x20, 0x18
    .byte 0x70, 0x05, 0x00, 0x10, 0x00, 0x00, 0x00, 0x17, 0x00, 0x15, 0x27, 0x18, 0x70, 0x17, 0x00, 0x2c
    .byte 0xff, 0xff, 0xff, 0xff, 0x2c, 0xff, 0xff, 0xff, 0xff, 0x2c, 0xff, 0xff, 0xff, 0xff, 0x15, 0x33
    .byte 0x25, 0xe6, 0x0d, 0x22, 0x02, 0x29, 0x00, 0xff, 0x32, 0x00, 0x01, 0x00, 0x00, 0x00, 0x14, 0x31
    .byte 0x0c, 0x22, 0x02, 0x2c, 0x01, 0x00, 0x00, 0x00, 0x2c, 0xff, 0xff, 0xff, 0xff, 0x15, 0x1f, 0x18
    .byte 0x70, 0x24, 0x00, 0x0c, 0x00, 0x00, 0x00, 0x17, 0x00, 0x15, 0x20, 0x18, 0x70, 0x05, 0x00, 0x0c
    .byte 0x00, 0x00, 0x00, 0x17, 0x00, 0x15, 0x27, 0x18, 0x70, 0x17, 0x00, 0x2c, 0xff, 0xff, 0xff, 0xff
    .byte 0x2c, 0xff, 0xff, 0xff, 0xff, 0x2c, 0xff, 0xff, 0xff, 0xff, 0x15, 0x33, 0x25, 0xe6, 0x0d, 0x22
    .byte 0x02, 0x29, 0x00, 0xff, 0x32, 0x00, 0x02, 0x00, 0x00, 0x00, 0x14, 0x7d, 0x0c, 0x22, 0x02, 0x2c
    .byte 0x01, 0x00, 0x00, 0x00, 0x2c, 0xff, 0xff, 0xff, 0xff, 0x15, 0x1f, 0x18, 0x70, 0x24, 0x00, 0x10
    .byte 0x00, 0x00, 0x00, 0x17, 0x00, 0x15, 0x20, 0x18, 0x70, 0x05, 0x00, 0x00, 0x00, 0x00, 0x00, 0x17
    .byte 0x00, 0x15, 0x27, 0x18, 0x70, 0x17, 0x00, 0x2c, 0xff, 0xff, 0xff, 0xff, 0x2c, 0xff, 0xff, 0xff
    .byte 0xff, 0x2c, 0xff, 0xff, 0xff, 0xff, 0x15, 0x33, 0x25, 0xe6, 0x0d, 0x22, 0x02, 0x29, 0x00, 0xff
    .byte 0x32, 0x00, 0x03, 0x00, 0x00, 0x00, 0x14, 0xc9, 0x0c, 0x22, 0x02, 0x2c, 0x01, 0x00, 0x00, 0x00
    .byte 0x2c, 0xff, 0xff, 0xff, 0xff, 0x15, 0x1f, 0x18, 0x70, 0x24, 0x00, 0x0c, 0x00, 0x00, 0x00, 0x17
    .byte 0x00, 0x15, 0x20, 0x18, 0x70, 0x24, 0x00, 0x0c, 0x00, 0x00, 0x00, 0x17, 0x00, 0x15, 0x27, 0x18
    .byte 0x70, 0x17, 0x00, 0x2c, 0xff, 0xff, 0xff, 0xff, 0x2c, 0xff, 0xff, 0xff, 0xff, 0x2c, 0xff, 0xff
    .byte 0xff, 0xff, 0x15, 0x33, 0x25, 0xe6, 0x0d, 0x22, 0x02, 0x29, 0x00, 0xff, 0x32, 0x00, 0x04, 0x00
    .byte 0x00, 0x00, 0x14, 0x15, 0x0d, 0x22, 0x02, 0x2c, 0x01, 0x00, 0x00, 0x00, 0x2c, 0xff, 0xff, 0xff
    .byte 0xff, 0x15, 0x1f, 0x18, 0x70, 0x05, 0x00, 0x00, 0x00, 0x00, 0x00, 0x17, 0x00, 0x15, 0x20, 0x18
    .byte 0x70, 0x24, 0x00, 0x10, 0x00, 0x00, 0x00, 0x17, 0x00, 0x15, 0x27, 0x18, 0x70, 0x17, 0x00, 0x2c
    .byte 0xff, 0xff, 0xff, 0xff, 0x2c, 0xff, 0xff, 0xff, 0xff, 0x2c, 0xff, 0xff, 0xff, 0xff, 0x15, 0x33
    .byte 0x25, 0xe6, 0x0d, 0x22, 0x02, 0x29, 0x00, 0xff, 0x32, 0x00, 0x05, 0x00, 0x00, 0x00, 0x14, 0x61
    .byte 0x0d, 0x22, 0x02, 0x2c, 0x01, 0x00, 0x00, 0x00, 0x2c, 0xff, 0xff, 0xff, 0xff, 0x15, 0x1f, 0x18
    .byte 0x70, 0x05, 0x00, 0x0c, 0x00, 0x00, 0x00, 0x17, 0x00, 0x15, 0x20, 0x18, 0x70, 0x24, 0x00, 0x0c
    .byte 0x00, 0x00, 0x00, 0x17, 0x00, 0x15, 0x27, 0x18, 0x70, 0x17, 0x00, 0x2c, 0xff, 0xff, 0xff, 0xff
    .byte 0x2c, 0xff, 0xff, 0xff, 0xff, 0x2c, 0xff, 0xff, 0xff, 0xff, 0x15, 0x33, 0x25, 0xe6, 0x0d, 0x22
    .byte 0x02, 0x29, 0x00, 0xff, 0x32, 0x00, 0x06, 0x00, 0x00, 0x00, 0x14, 0xad, 0x0d, 0x22, 0x02, 0x2c
    .byte 0x01, 0x00, 0x00, 0x00, 0x2c, 0xff, 0xff, 0xff, 0xff, 0x15, 0x1f, 0x18, 0x70, 0x05, 0x00, 0x10
    .byte 0x00, 0x00, 0x00, 0x17, 0x00, 0x15, 0x20, 0x18, 0x70, 0x05, 0x00, 0x00, 0x00, 0x00, 0x00, 0x17
    .byte 0x00, 0x15, 0x27, 0x18, 0x70, 0x17, 0x00, 0x2c, 0xff, 0xff, 0xff, 0xff, 0x2c, 0xff, 0xff, 0xff
    .byte 0xff, 0x2c, 0xff, 0xff, 0xff, 0xff, 0x15, 0x33, 0x25, 0xe6, 0x0d, 0x22, 0x02, 0x2c, 0x01, 0x00
    .byte 0x00, 0x00, 0x2c, 0xff, 0xff, 0xff, 0xff, 0x15, 0x1f, 0x18, 0x70, 0x05, 0x00, 0x0c, 0x00, 0x00
    .byte 0x00, 0x17, 0x00, 0x15, 0x20, 0x18, 0x70, 0x05, 0x00, 0x0c, 0x00, 0x00, 0x00, 0x17, 0x00, 0x15
    .byte 0x27, 0x18, 0x70, 0x17, 0x00, 0x2c, 0xff, 0xff, 0xff, 0xff, 0x2c, 0xff, 0xff, 0xff, 0xff, 0x2c
    .byte 0xff, 0xff, 0xff, 0xff, 0x15, 0x33, 0x25, 0x8e, 0x17, 0x22, 0x02, 0x2c, 0x64, 0x00, 0x00, 0x00
    .byte 0x15, 0x01, 0x18, 0x70, 0x28, 0x00, 0x02, 0x2b, 0x00, 0x02, 0x34, 0x00, 0x03, 0x00, 0x00, 0x00
    .byte 0x14, 0x53, 0x15, 0x22, 0x02, 0x2d, 0xfe, 0x15, 0x7c, 0x18, 0x70, 0x31, 0x00, 0x05, 0x00, 0x00
    .byte 0x00, 0x14, 0x53, 0x15, 0x22, 0x02, 0x29, 0x00, 0xfe, 0x35, 0x00, 0x25, 0x00, 0x00, 0x00, 0x14
    .byte 0x53, 0x15, 0x22, 0x02, 0x29, 0x00, 0xfe, 0x35, 0x00, 0x4f, 0x00, 0x00, 0x00, 0x14, 0x53, 0x15
    .byte 0x22, 0x02, 0x2d, 0xfe, 0x15, 0x7c, 0x18, 0x70, 0x31, 0x00, 0x08, 0x00, 0x00, 0x00, 0x14, 0x01
    .byte 0x13, 0x22, 0x02, 0x2c, 0x02, 0x00, 0x00, 0x00, 0x15, 0x01, 0x18, 0x70, 0x28, 0x00, 0x02, 0x2b
    .byte 0x00, 0x02, 0x32, 0x00, 0x00, 0x00, 0x00, 0x00, 0x14, 0xaf, 0x10, 0x22, 0x02, 0x29, 0x00, 0xff
    .byte 0x32, 0x00, 0x00, 0x00, 0x00, 0x00, 0x14, 0xa9, 0x0e, 0x22, 0x02, 0x2c, 0x01, 0x00, 0x00, 0x00
    .byte 0x2c, 0x65, 0x01, 0x00, 0x00, 0x15, 0x1f, 0x18, 0x70, 0x05, 0x00, 0x00, 0x00, 0x00, 0x00, 0x17
    .byte 0x00, 0x15, 0x20, 0x18, 0x70, 0x05, 0x00, 0x10, 0x00, 0x00, 0x00, 0x17, 0x00, 0x15, 0x27, 0x18
    .byte 0x70, 0x17, 0x00, 0x2c, 0xff, 0xff, 0xff, 0xff, 0x2c, 0xff, 0xff, 0xff, 0xff, 0x2c, 0xff, 0xff
    .byte 0xff, 0xff, 0x15, 0x33, 0x25, 0xaa, 0x10, 0x22, 0x02, 0x29, 0x00, 0xff, 0x32, 0x00, 0x01, 0x00
    .byte 0x00, 0x00, 0x14, 0xf5, 0x0e, 0x22, 0x02, 0x2c, 0x01, 0x00, 0x00, 0x00, 0x2c, 0x65, 0x01, 0x00
    .byte 0x00, 0x15, 0x1f, 0x18, 0x70, 0x24, 0x00, 0x0c, 0x00, 0x00, 0x00, 0x17, 0x00, 0x15, 0x20, 0x18
    .byte 0x70, 0x05, 0x00, 0x0c, 0x00, 0x00, 0x00, 0x17, 0x00, 0x15, 0x27, 0x18, 0x70, 0x17, 0x00, 0x2c
    .byte 0xff, 0xff, 0xff, 0xff, 0x2c, 0xff, 0xff, 0xff, 0xff, 0x2c, 0xff, 0xff, 0xff, 0xff, 0x15, 0x33
    .byte 0x25, 0xaa, 0x10, 0x22, 0x02, 0x29, 0x00, 0xff, 0x32, 0x00, 0x02, 0x00, 0x00, 0x00, 0x14, 0x41
    .byte 0x0f, 0x22, 0x02, 0x2c, 0x01, 0x00, 0x00, 0x00, 0x2c, 0x65, 0x01, 0x00, 0x00, 0x15, 0x1f, 0x18
    .byte 0x70, 0x24, 0x00, 0x10, 0x00, 0x00, 0x00, 0x17, 0x00, 0x15, 0x20, 0x18, 0x70, 0x05, 0x00, 0x00
    .byte 0x00, 0x00, 0x00, 0x17, 0x00, 0x15, 0x27, 0x18, 0x70, 0x17, 0x00, 0x2c, 0xff, 0xff, 0xff, 0xff
    .byte 0x2c, 0xff, 0xff, 0xff, 0xff, 0x2c, 0xff, 0xff, 0xff, 0xff, 0x15, 0x33, 0x25, 0xaa, 0x10, 0x22
    .byte 0x02, 0x29, 0x00, 0xff, 0x32, 0x00, 0x03, 0x00, 0x00, 0x00, 0x14, 0x8d, 0x0f, 0x22, 0x02, 0x2c
    .byte 0x01, 0x00, 0x00, 0x00, 0x2c, 0x65, 0x01, 0x00, 0x00, 0x15, 0x1f, 0x18, 0x70, 0x24, 0x00, 0x0c
    .byte 0x00, 0x00, 0x00, 0x17, 0x00, 0x15, 0x20, 0x18, 0x70, 0x24, 0x00, 0x0c, 0x00, 0x00, 0x00, 0x17
    .byte 0x00, 0x15, 0x27, 0x18, 0x70, 0x17, 0x00, 0x2c, 0xff, 0xff, 0xff, 0xff, 0x2c, 0xff, 0xff, 0xff
    .byte 0xff, 0x2c, 0xff, 0xff, 0xff, 0xff, 0x15, 0x33, 0x25, 0xaa, 0x10, 0x22, 0x02, 0x29, 0x00, 0xff
    .byte 0x32, 0x00, 0x04, 0x00, 0x00, 0x00, 0x14, 0xd9, 0x0f, 0x22, 0x02, 0x2c, 0x01, 0x00, 0x00, 0x00
    .byte 0x2c, 0x65, 0x01, 0x00, 0x00, 0x15, 0x1f, 0x18, 0x70, 0x05, 0x00, 0x00, 0x00, 0x00, 0x00, 0x17
    .byte 0x00, 0x15, 0x20, 0x18, 0x70, 0x24, 0x00, 0x10, 0x00, 0x00, 0x00, 0x17, 0x00, 0x15, 0x27, 0x18
    .byte 0x70, 0x17, 0x00, 0x2c, 0xff, 0xff, 0xff, 0xff, 0x2c, 0xff, 0xff, 0xff, 0xff, 0x2c, 0xff, 0xff
    .byte 0xff, 0xff, 0x15, 0x33, 0x25, 0xaa, 0x10, 0x22, 0x02, 0x29, 0x00, 0xff, 0x32, 0x00, 0x05, 0x00
    .byte 0x00, 0x00, 0x14, 0x25, 0x10, 0x22, 0x02, 0x2c, 0x01, 0x00, 0x00, 0x00, 0x2c, 0x65, 0x01, 0x00
    .byte 0x00, 0x15, 0x1f, 0x18, 0x70, 0x05, 0x00, 0x0c, 0x00, 0x00, 0x00, 0x17, 0x00, 0x15, 0x20, 0x18
    .byte 0x70, 0x24, 0x00, 0x0c, 0x00, 0x00, 0x00, 0x17, 0x00, 0x15, 0x27, 0x18, 0x70, 0x17, 0x00, 0x2c
    .byte 0xff, 0xff, 0xff, 0xff, 0x2c, 0xff, 0xff, 0xff, 0xff, 0x2c, 0xff, 0xff, 0xff, 0xff, 0x15, 0x33
    .byte 0x25, 0xaa, 0x10, 0x22, 0x02, 0x29, 0x00, 0xff, 0x32, 0x00, 0x06, 0x00, 0x00, 0x00, 0x14, 0x71
    .byte 0x10, 0x22, 0x02, 0x2c, 0x01, 0x00, 0x00, 0x00, 0x2c, 0x65, 0x01, 0x00, 0x00, 0x15, 0x1f, 0x18
    .byte 0x70, 0x05, 0x00, 0x10, 0x00, 0x00, 0x00, 0x17, 0x00, 0x15, 0x20, 0x18, 0x70, 0x05, 0x00, 0x00
    .byte 0x00, 0x00, 0x00, 0x17, 0x00, 0x15, 0x27, 0x18, 0x70, 0x17, 0x00, 0x2c, 0xff, 0xff, 0xff, 0xff
    .byte 0x2c, 0xff, 0xff, 0xff, 0xff, 0x2c, 0xff, 0xff, 0xff, 0xff, 0x15, 0x33, 0x25, 0xaa, 0x10, 0x22
    .byte 0x02, 0x2c, 0x01, 0x00, 0x00, 0x00, 0x2c, 0x65, 0x01, 0x00, 0x00, 0x15, 0x1f, 0x18, 0x70, 0x05
    .byte 0x00, 0x0c, 0x00, 0x00, 0x00, 0x17, 0x00, 0x15, 0x20, 0x18, 0x70, 0x05, 0x00, 0x0c, 0x00, 0x00
    .byte 0x00, 0x17, 0x00, 0x15, 0x27, 0x18, 0x70, 0x17, 0x00, 0x2c, 0xff, 0xff, 0xff, 0xff, 0x2c, 0xff
    .byte 0xff, 0xff, 0xff, 0x2c, 0xff, 0xff, 0xff, 0xff, 0x15, 0x33, 0x25, 0xfc, 0x12, 0x22, 0x02, 0x29
    .byte 0x00, 0xff, 0x32, 0x00, 0x00, 0x00, 0x00, 0x00, 0x14, 0xfb, 0x10, 0x22, 0x02, 0x2c, 0x01, 0x00
    .byte 0x00, 0x00, 0x2c, 0x64, 0x01, 0x00, 0x00, 0x15, 0x1f, 0x18, 0x70, 0x05, 0x00, 0x00, 0x00, 0x00
    .byte 0x00, 0x17, 0x00, 0x15, 0x20, 0x18, 0x70, 0x05, 0x00, 0x10, 0x00, 0x00, 0x00, 0x17, 0x00, 0x15
    .byte 0x27, 0x18, 0x70, 0x17, 0x00, 0x2c, 0xff, 0xff, 0xff, 0xff, 0x2c, 0xff, 0xff, 0xff, 0xff, 0x2c
    .byte 0xff, 0xff, 0xff, 0xff, 0x15, 0x33, 0x25, 0xfc, 0x12, 0x22, 0x02, 0x29, 0x00, 0xff, 0x32, 0x00
    .byte 0x01, 0x00, 0x00, 0x00, 0x14, 0x47, 0x11, 0x22, 0x02, 0x2c, 0x01, 0x00, 0x00, 0x00, 0x2c, 0x64
    .byte 0x01, 0x00, 0x00, 0x15, 0x1f, 0x18, 0x70, 0x24, 0x00, 0x0c, 0x00, 0x00, 0x00, 0x17, 0x00, 0x15
    .byte 0x20, 0x18, 0x70, 0x05, 0x00, 0x0c, 0x00, 0x00, 0x00, 0x17, 0x00, 0x15, 0x27, 0x18, 0x70, 0x17
    .byte 0x00, 0x2c, 0xff, 0xff, 0xff, 0xff, 0x2c, 0xff, 0xff, 0xff, 0xff, 0x2c, 0xff, 0xff, 0xff, 0xff
    .byte 0x15, 0x33, 0x25, 0xfc, 0x12, 0x22, 0x02, 0x29, 0x00, 0xff, 0x32, 0x00, 0x02, 0x00, 0x00, 0x00
    .byte 0x14, 0x93, 0x11, 0x22, 0x02, 0x2c, 0x01, 0x00, 0x00, 0x00, 0x2c, 0x64, 0x01, 0x00, 0x00, 0x15
    .byte 0x1f, 0x18, 0x70, 0x24, 0x00, 0x10, 0x00, 0x00, 0x00, 0x17, 0x00, 0x15, 0x20, 0x18, 0x70, 0x05
    .byte 0x00, 0x00, 0x00, 0x00, 0x00, 0x17, 0x00, 0x15, 0x27, 0x18, 0x70, 0x17, 0x00, 0x2c, 0xff, 0xff
    .byte 0xff, 0xff, 0x2c, 0xff, 0xff, 0xff, 0xff, 0x2c, 0xff, 0xff, 0xff, 0xff, 0x15, 0x33, 0x25, 0xfc
    .byte 0x12, 0x22, 0x02, 0x29, 0x00, 0xff, 0x32, 0x00, 0x03, 0x00, 0x00, 0x00, 0x14, 0xdf, 0x11, 0x22
    .byte 0x02, 0x2c, 0x01, 0x00, 0x00, 0x00, 0x2c, 0x64, 0x01, 0x00, 0x00, 0x15, 0x1f, 0x18, 0x70, 0x24
    .byte 0x00, 0x0c, 0x00, 0x00, 0x00, 0x17, 0x00, 0x15, 0x20, 0x18, 0x70, 0x24, 0x00, 0x0c, 0x00, 0x00
    .byte 0x00, 0x17, 0x00, 0x15, 0x27, 0x18, 0x70, 0x17, 0x00, 0x2c, 0xff, 0xff, 0xff, 0xff, 0x2c, 0xff
    .byte 0xff, 0xff, 0xff, 0x2c, 0xff, 0xff, 0xff, 0xff, 0x15, 0x33, 0x25, 0xfc, 0x12, 0x22, 0x02, 0x29
    .byte 0x00, 0xff, 0x32, 0x00, 0x04, 0x00, 0x00, 0x00, 0x14, 0x2b, 0x12, 0x22, 0x02, 0x2c, 0x01, 0x00
    .byte 0x00, 0x00, 0x2c, 0x64, 0x01, 0x00, 0x00, 0x15, 0x1f, 0x18, 0x70, 0x05, 0x00, 0x00, 0x00, 0x00
    .byte 0x00, 0x17, 0x00, 0x15, 0x20, 0x18, 0x70, 0x24, 0x00, 0x10, 0x00, 0x00, 0x00, 0x17, 0x00, 0x15
    .byte 0x27, 0x18, 0x70, 0x17, 0x00, 0x2c, 0xff, 0xff, 0xff, 0xff, 0x2c, 0xff, 0xff, 0xff, 0xff, 0x2c
    .byte 0xff, 0xff, 0xff, 0xff, 0x15, 0x33, 0x25, 0xfc, 0x12, 0x22, 0x02, 0x29, 0x00, 0xff, 0x32, 0x00
    .byte 0x05, 0x00, 0x00, 0x00, 0x14, 0x77, 0x12, 0x22, 0x02, 0x2c, 0x01, 0x00, 0x00, 0x00, 0x2c, 0x64
    .byte 0x01, 0x00, 0x00, 0x15, 0x1f, 0x18, 0x70, 0x05, 0x00, 0x0c, 0x00, 0x00, 0x00, 0x17, 0x00, 0x15
    .byte 0x20, 0x18, 0x70, 0x24, 0x00, 0x0c, 0x00, 0x00, 0x00, 0x17, 0x00, 0x15, 0x27, 0x18, 0x70, 0x17
    .byte 0x00, 0x2c, 0xff, 0xff, 0xff, 0xff, 0x2c, 0xff, 0xff, 0xff, 0xff, 0x2c, 0xff, 0xff, 0xff, 0xff
    .byte 0x15, 0x33, 0x25, 0xfc, 0x12, 0x22, 0x02, 0x29, 0x00, 0xff, 0x32, 0x00, 0x06, 0x00, 0x00, 0x00
    .byte 0x14, 0xc3, 0x12, 0x22, 0x02, 0x2c, 0x01, 0x00, 0x00, 0x00, 0x2c, 0x64, 0x01, 0x00, 0x00, 0x15
    .byte 0x1f, 0x18, 0x70, 0x05, 0x00, 0x10, 0x00, 0x00, 0x00, 0x17, 0x00, 0x15, 0x20, 0x18, 0x70, 0x05
    .byte 0x00, 0x00, 0x00, 0x00, 0x00, 0x17, 0x00, 0x15, 0x27, 0x18, 0x70, 0x17, 0x00, 0x2c, 0xff, 0xff
    .byte 0xff, 0xff, 0x2c, 0xff, 0xff, 0xff, 0xff, 0x2c, 0xff, 0xff, 0xff, 0xff, 0x15, 0x33, 0x25, 0xfc
    .byte 0x12, 0x22, 0x02, 0x2c, 0x01, 0x00, 0x00, 0x00, 0x2c, 0x64, 0x01, 0x00, 0x00, 0x15, 0x1f, 0x18
    .byte 0x70, 0x05, 0x00, 0x0c, 0x00, 0x00, 0x00, 0x17, 0x00, 0x15, 0x20, 0x18, 0x70, 0x05, 0x00, 0x0c
    .byte 0x00, 0x00, 0x00, 0x17, 0x00, 0x15, 0x27, 0x18, 0x70, 0x17, 0x00, 0x2c, 0xff, 0xff, 0xff, 0xff
    .byte 0x2c, 0xff, 0xff, 0xff, 0xff, 0x2c, 0xff, 0xff, 0xff, 0xff, 0x15, 0x33, 0x25, 0x4e, 0x15, 0x22
    .byte 0x02, 0x29, 0x00, 0xff, 0x32, 0x00, 0x00, 0x00, 0x00, 0x00, 0x14, 0x4d, 0x13, 0x22, 0x02, 0x2c
    .byte 0x01, 0x00, 0x00, 0x00, 0x2c, 0x64, 0x01, 0x00, 0x00, 0x15, 0x1f, 0x18, 0x70, 0x05, 0x00, 0x00
    .byte 0x00, 0x00, 0x00, 0x17, 0x00, 0x15, 0x20, 0x18, 0x70, 0x05, 0x00, 0x10, 0x00, 0x00, 0x00, 0x17
    .byte 0x00, 0x15, 0x27, 0x18, 0x70, 0x17, 0x00, 0x2c, 0xff, 0xff, 0xff, 0xff, 0x2c, 0xff, 0xff, 0xff
    .byte 0xff, 0x2c, 0xff, 0xff, 0xff, 0xff, 0x15, 0x33, 0x25, 0x4e, 0x15, 0x22, 0x02, 0x29, 0x00, 0xff
    .byte 0x32, 0x00, 0x01, 0x00, 0x00, 0x00, 0x14, 0x99, 0x13, 0x22, 0x02, 0x2c, 0x01, 0x00, 0x00, 0x00
    .byte 0x2c, 0x64, 0x01, 0x00, 0x00, 0x15, 0x1f, 0x18, 0x70, 0x24, 0x00, 0x0c, 0x00, 0x00, 0x00, 0x17
    .byte 0x00, 0x15, 0x20, 0x18, 0x70, 0x05, 0x00, 0x0c, 0x00, 0x00, 0x00, 0x17, 0x00, 0x15, 0x27, 0x18
    .byte 0x70, 0x17, 0x00, 0x2c, 0xff, 0xff, 0xff, 0xff, 0x2c, 0xff, 0xff, 0xff, 0xff, 0x2c, 0xff, 0xff
    .byte 0xff, 0xff, 0x15, 0x33, 0x25, 0x4e, 0x15, 0x22, 0x02, 0x29, 0x00, 0xff, 0x32, 0x00, 0x02, 0x00
    .byte 0x00, 0x00, 0x14, 0xe5, 0x13, 0x22, 0x02, 0x2c, 0x01, 0x00, 0x00, 0x00, 0x2c, 0x64, 0x01, 0x00
    .byte 0x00, 0x15, 0x1f, 0x18, 0x70, 0x24, 0x00, 0x10, 0x00, 0x00, 0x00, 0x17, 0x00, 0x15, 0x20, 0x18
    .byte 0x70, 0x05, 0x00, 0x00, 0x00, 0x00, 0x00, 0x17, 0x00, 0x15, 0x27, 0x18, 0x70, 0x17, 0x00, 0x2c
    .byte 0xff, 0xff, 0xff, 0xff, 0x2c, 0xff, 0xff, 0xff, 0xff, 0x2c, 0xff, 0xff, 0xff, 0xff, 0x15, 0x33
    .byte 0x25, 0x4e, 0x15, 0x22, 0x02, 0x29, 0x00, 0xff, 0x32, 0x00, 0x03, 0x00, 0x00, 0x00, 0x14, 0x31
    .byte 0x14, 0x22, 0x02, 0x2c, 0x01, 0x00, 0x00, 0x00, 0x2c, 0x64, 0x01, 0x00, 0x00, 0x15, 0x1f, 0x18
    .byte 0x70, 0x24, 0x00, 0x0c, 0x00, 0x00, 0x00, 0x17, 0x00, 0x15, 0x20, 0x18, 0x70, 0x24, 0x00, 0x0c
    .byte 0x00, 0x00, 0x00, 0x17, 0x00, 0x15, 0x27, 0x18, 0x70, 0x17, 0x00, 0x2c, 0xff, 0xff, 0xff, 0xff
    .byte 0x2c, 0xff, 0xff, 0xff, 0xff, 0x2c, 0xff, 0xff, 0xff, 0xff, 0x15, 0x33, 0x25, 0x4e, 0x15, 0x22
    .byte 0x02, 0x29, 0x00, 0xff, 0x32, 0x00, 0x04, 0x00, 0x00, 0x00, 0x14, 0x7d, 0x14, 0x22, 0x02, 0x2c
    .byte 0x01, 0x00, 0x00, 0x00, 0x2c, 0x64, 0x01, 0x00, 0x00, 0x15, 0x1f, 0x18, 0x70, 0x05, 0x00, 0x00
    .byte 0x00, 0x00, 0x00, 0x17, 0x00, 0x15, 0x20, 0x18, 0x70, 0x24, 0x00, 0x10, 0x00, 0x00, 0x00, 0x17
    .byte 0x00, 0x15, 0x27, 0x18, 0x70, 0x17, 0x00, 0x2c, 0xff, 0xff, 0xff, 0xff, 0x2c, 0xff, 0xff, 0xff
    .byte 0xff, 0x2c, 0xff, 0xff, 0xff, 0xff, 0x15, 0x33, 0x25, 0x4e, 0x15, 0x22, 0x02, 0x29, 0x00, 0xff
    .byte 0x32, 0x00, 0x05, 0x00, 0x00, 0x00, 0x14, 0xc9, 0x14, 0x22, 0x02, 0x2c, 0x01, 0x00, 0x00, 0x00
    .byte 0x2c, 0x64, 0x01, 0x00, 0x00, 0x15, 0x1f, 0x18, 0x70, 0x05, 0x00, 0x0c, 0x00, 0x00, 0x00, 0x17
    .byte 0x00, 0x15, 0x20, 0x18, 0x70, 0x24, 0x00, 0x0c, 0x00, 0x00, 0x00, 0x17, 0x00, 0x15, 0x27, 0x18
    .byte 0x70, 0x17, 0x00, 0x2c, 0xff, 0xff, 0xff, 0xff, 0x2c, 0xff, 0xff, 0xff, 0xff, 0x2c, 0xff, 0xff
    .byte 0xff, 0xff, 0x15, 0x33, 0x25, 0x4e, 0x15, 0x22, 0x02, 0x29, 0x00, 0xff, 0x32, 0x00, 0x06, 0x00
    .byte 0x00, 0x00, 0x14, 0x15, 0x15, 0x22, 0x02, 0x2c, 0x01, 0x00, 0x00, 0x00, 0x2c, 0x64, 0x01, 0x00
    .byte 0x00, 0x15, 0x1f, 0x18, 0x70, 0x05, 0x00, 0x10, 0x00, 0x00, 0x00, 0x17, 0x00, 0x15, 0x20, 0x18
    .byte 0x70, 0x05, 0x00, 0x00, 0x00, 0x00, 0x00, 0x17, 0x00, 0x15, 0x27, 0x18, 0x70, 0x17, 0x00, 0x2c
    .byte 0xff, 0xff, 0xff, 0xff, 0x2c, 0xff, 0xff, 0xff, 0xff, 0x2c, 0xff, 0xff, 0xff, 0xff, 0x15, 0x33
    .byte 0x25, 0x4e, 0x15, 0x22, 0x02, 0x2c, 0x01, 0x00, 0x00, 0x00, 0x2c, 0x64, 0x01, 0x00, 0x00, 0x15
    .byte 0x1f, 0x18, 0x70, 0x05, 0x00, 0x0c, 0x00, 0x00, 0x00, 0x17, 0x00, 0x15, 0x20, 0x18, 0x70, 0x05
    .byte 0x00, 0x0c, 0x00, 0x00, 0x00, 0x17, 0x00, 0x15, 0x27, 0x18, 0x70, 0x17, 0x00, 0x2c, 0xff, 0xff
    .byte 0xff, 0xff, 0x2c, 0xff, 0xff, 0xff, 0xff, 0x2c, 0xff, 0xff, 0xff, 0xff, 0x15, 0x33, 0x25, 0x8e
    .byte 0x17, 0x22, 0x02, 0x2b, 0x00, 0x02, 0x34, 0x00, 0x19, 0x00, 0x00, 0x00, 0x14, 0x8e, 0x17, 0x22
    .byte 0x02, 0x29, 0x00, 0xff, 0x32, 0x00, 0x00, 0x00, 0x00, 0x00, 0x14, 0xa9, 0x15, 0x22, 0x02, 0x2c
    .byte 0x01, 0x00, 0x00, 0x00, 0x15, 0x1f, 0x18, 0x70, 0x05, 0x00, 0x00, 0x00, 0x00, 0x00, 0x17, 0x00
    .byte 0x15, 0x20, 0x18, 0x70, 0x05, 0x00, 0x10, 0x00, 0x00, 0x00, 0x17, 0x00, 0x15, 0x27, 0x18, 0x70
    .byte 0x17, 0x00, 0x20, 0x00, 0x00, 0x20, 0x00, 0x00, 0x2c, 0xf4, 0x01, 0x00, 0x00, 0x2c, 0x2c, 0x01
    .byte 0x00, 0x00, 0x15, 0xb2, 0x25, 0x8e, 0x17, 0x22, 0x02, 0x29, 0x00, 0xff, 0x32, 0x00, 0x01, 0x00
    .byte 0x00, 0x00, 0x14, 0xf1, 0x15, 0x22, 0x02, 0x2c, 0x01, 0x00, 0x00, 0x00, 0x15, 0x1f, 0x18, 0x70
    .byte 0x24, 0x00, 0x0c, 0x00, 0x00, 0x00, 0x17, 0x00, 0x15, 0x20, 0x18, 0x70, 0x05, 0x00, 0x0c, 0x00
    .byte 0x00, 0x00, 0x17, 0x00, 0x15, 0x27, 0x18, 0x70, 0x17, 0x00, 0x20, 0x00, 0x00, 0x20, 0x00, 0x00
    .byte 0x2c, 0xf4, 0x01, 0x00, 0x00, 0x2c, 0x2c, 0x01, 0x00, 0x00, 0x15, 0xb2, 0x25, 0x8e, 0x17, 0x22
    .byte 0x02, 0x29, 0x00, 0xff, 0x32, 0x00, 0x02, 0x00, 0x00, 0x00, 0x14, 0x39, 0x16, 0x22, 0x02, 0x2c
    .byte 0x01, 0x00, 0x00, 0x00, 0x15, 0x1f, 0x18, 0x70, 0x24, 0x00, 0x10, 0x00, 0x00, 0x00, 0x17, 0x00
    .byte 0x15, 0x20, 0x18, 0x70, 0x05, 0x00, 0x00, 0x00, 0x00, 0x00, 0x17, 0x00, 0x15, 0x27, 0x18, 0x70
    .byte 0x17, 0x00, 0x20, 0x00, 0x00, 0x20, 0x00, 0x00, 0x2c, 0xf4, 0x01, 0x00, 0x00, 0x2c, 0x2c, 0x01
    .byte 0x00, 0x00, 0x15, 0xb2, 0x25, 0x8e, 0x17, 0x22, 0x02, 0x29, 0x00, 0xff, 0x32, 0x00, 0x03, 0x00
    .byte 0x00, 0x00, 0x14, 0x81, 0x16, 0x22, 0x02, 0x2c, 0x01, 0x00, 0x00, 0x00, 0x15, 0x1f, 0x18, 0x70
    .byte 0x24, 0x00, 0x0c, 0x00, 0x00, 0x00, 0x17, 0x00, 0x15, 0x20, 0x18, 0x70, 0x24, 0x00, 0x0c, 0x00
    .byte 0x00, 0x00, 0x17, 0x00, 0x15, 0x27, 0x18, 0x70, 0x17, 0x00, 0x20, 0x00, 0x00, 0x20, 0x00, 0x00
    .byte 0x2c, 0xf4, 0x01, 0x00, 0x00, 0x2c, 0x2c, 0x01, 0x00, 0x00, 0x15, 0xb2, 0x25, 0x8e, 0x17, 0x22
    .byte 0x02, 0x29, 0x00, 0xff, 0x32, 0x00, 0x04, 0x00, 0x00, 0x00, 0x14, 0xc9, 0x16, 0x22, 0x02, 0x2c
    .byte 0x01, 0x00, 0x00, 0x00, 0x15, 0x1f, 0x18, 0x70, 0x05, 0x00, 0x00, 0x00, 0x00, 0x00, 0x17, 0x00
    .byte 0x15, 0x20, 0x18, 0x70, 0x24, 0x00, 0x10, 0x00, 0x00, 0x00, 0x17, 0x00, 0x15, 0x27, 0x18, 0x70
    .byte 0x17, 0x00, 0x20, 0x00, 0x00, 0x20, 0x00, 0x00, 0x2c, 0xf4, 0x01, 0x00, 0x00, 0x2c, 0x2c, 0x01
    .byte 0x00, 0x00, 0x15, 0xb2, 0x25, 0x8e, 0x17, 0x22, 0x02, 0x29, 0x00, 0xff, 0x32, 0x00, 0x05, 0x00
    .byte 0x00, 0x00, 0x14, 0x11, 0x17, 0x22, 0x02, 0x2c, 0x01, 0x00, 0x00, 0x00, 0x15, 0x1f, 0x18, 0x70
    .byte 0x05, 0x00, 0x0c, 0x00, 0x00, 0x00, 0x17, 0x00, 0x15, 0x20, 0x18, 0x70, 0x24, 0x00, 0x0c, 0x00
    .byte 0x00, 0x00, 0x17, 0x00, 0x15, 0x27, 0x18, 0x70, 0x17, 0x00, 0x20, 0x00, 0x00, 0x20, 0x00, 0x00
    .byte 0x2c, 0xf4, 0x01, 0x00, 0x00, 0x2c, 0x2c, 0x01, 0x00, 0x00, 0x15, 0xb2, 0x25, 0x8e, 0x17, 0x22
    .byte 0x02, 0x29, 0x00, 0xff, 0x32, 0x00, 0x06, 0x00, 0x00, 0x00, 0x14, 0x59, 0x17, 0x22, 0x02, 0x2c
    .byte 0x01, 0x00, 0x00, 0x00, 0x15, 0x1f, 0x18, 0x70, 0x05, 0x00, 0x10, 0x00, 0x00, 0x00, 0x17, 0x00
    .byte 0x15, 0x20, 0x18, 0x70, 0x05, 0x00, 0x00, 0x00, 0x00, 0x00, 0x17, 0x00, 0x15, 0x27, 0x18, 0x70
    .byte 0x17, 0x00, 0x20, 0x00, 0x00, 0x20, 0x00, 0x00, 0x2c, 0xf4, 0x01, 0x00, 0x00, 0x2c, 0x2c, 0x01
    .byte 0x00, 0x00, 0x15, 0xb2, 0x25, 0x8e, 0x17, 0x22, 0x02, 0x2c, 0x01, 0x00, 0x00, 0x00, 0x15, 0x1f
    .byte 0x18, 0x70, 0x05, 0x00, 0x0c, 0x00, 0x00, 0x00, 0x17, 0x00, 0x15, 0x20, 0x18, 0x70, 0x05, 0x00
    .byte 0x0c, 0x00, 0x00, 0x00, 0x17, 0x00, 0x15, 0x27, 0x18, 0x70, 0x17, 0x00, 0x20, 0x00, 0x00, 0x20
    .byte 0x00, 0x00, 0x2c, 0xf4, 0x01, 0x00, 0x00, 0x2c, 0x2c, 0x01, 0x00, 0x00, 0x15, 0xb2, 0x2f, 0x00
    .byte 0x2f, 0x01, 0x15, 0x57, 0x20, 0x00, 0x00, 0x15, 0x07, 0x15, 0x08, 0x00, 0x00, 0x2c, 0x0a, 0x00
    .byte 0x00, 0x00, 0x15, 0x05, 0x2c, 0x01, 0x00, 0x00, 0x00, 0x15, 0x06, 0x2c, 0x01, 0x00, 0x00, 0x00
    .byte 0x2c, 0xb8, 0x17, 0x22, 0x02, 0x15, 0x29, 0x00, 0x2c, 0x1b, 0x00, 0x00, 0x00, 0x15, 0x31, 0x18
    .byte 0x70, 0x26, 0x00, 0xd2, 0x20, 0x00, 0x00, 0x2c, 0xbb, 0xe8, 0x21, 0x02, 0x15, 0x39, 0x20, 0x00
    .byte 0x00, 0x15, 0x42, 0x18, 0x70, 0x32, 0x00, 0x00, 0x00, 0x00, 0x00, 0x14, 0xe5, 0x17, 0x22, 0x02
    .byte 0x01, 0xce, 0x17, 0x22, 0x02, 0x2c, 0x0b, 0x00, 0x00, 0x00, 0x15, 0x05, 0x21, 0x4d, 0xea, 0x21
    .byte 0x02, 0x2c, 0x39, 0x05, 0x00, 0x00, 0x15, 0x37, 0x18, 0x70, 0x32, 0x00, 0x00, 0x00, 0x00, 0x00
    .byte 0x14, 0xbb, 0x18, 0x22, 0x02, 0x2c, 0x0a, 0x00, 0x00, 0x00, 0x15, 0x05, 0x2c, 0x01, 0x00, 0x00
    .byte 0x00, 0x15, 0x06, 0x20, 0x00, 0x00, 0x2c, 0x37, 0x00, 0x00, 0x00, 0x15, 0xe0, 0x03, 0x00, 0x00
    .byte 0x00, 0x00, 0x00, 0x28, 0x00, 0x07, 0x2b, 0x00, 0x07, 0x34, 0x00, 0x08, 0x00, 0x00, 0x00, 0x14
    .byte 0x87, 0x18, 0x22, 0x02, 0x2c, 0x08, 0x00, 0x00, 0x00, 0x15, 0x07, 0x15, 0x08, 0x2c, 0x0c, 0x00
    .byte 0x00, 0x00, 0x2c, 0x02, 0x00, 0x00, 0x00, 0x15, 0x1f, 0x18, 0x70, 0x24, 0x00, 0x08, 0x00, 0x00
    .byte 0x00, 0x17, 0x00, 0x15, 0x20, 0x18, 0x70, 0x15, 0x27, 0x18, 0x71, 0x23, 0x10, 0x24, 0x00, 0x40
    .byte 0x00, 0x00, 0x00, 0x17, 0x00, 0x2c, 0x10, 0x00, 0x00, 0x00, 0x2c, 0x10, 0x00, 0x00, 0x00, 0x2c
    .byte 0xff, 0xff, 0xff, 0xff, 0x15, 0x53, 0x2b, 0x00, 0x07, 0x05, 0x00, 0x01, 0x00, 0x00, 0x00, 0x28
    .byte 0x00, 0x07, 0x25, 0x26, 0x18, 0x22, 0x02, 0x2c, 0x07, 0x00, 0x00, 0x00, 0x2c, 0x17, 0x00, 0x00
    .byte 0x00, 0x15, 0x1f, 0x18, 0x70, 0x17, 0x00, 0x15, 0x20, 0x18, 0x70, 0x17, 0x00, 0x15, 0x27, 0x18
    .byte 0x70, 0x05, 0x00, 0x40, 0x00, 0x00, 0x00, 0x17, 0x00, 0x20, 0x00, 0x00, 0x20, 0x00, 0x00, 0x20
    .byte 0x00, 0x00, 0x15, 0x33, 0x2c, 0x39, 0x05, 0x00, 0x00, 0x15, 0x35, 0x2c, 0x0a, 0x00, 0x00, 0x00
    .byte 0x2c, 0x9d, 0x17, 0x22, 0x02, 0x15, 0x39, 0x00, 0x00, 0x20, 0x00, 0x00, 0x2c, 0x02, 0x00, 0x00
    .byte 0x00, 0x15, 0x38, 0x2c, 0xa0, 0x00, 0x00, 0x00, 0x15, 0x37, 0x18, 0x70, 0x32, 0x00, 0x00, 0x00
    .byte 0x00, 0x00, 0x14, 0x02, 0x19, 0x22, 0x02, 0x2c, 0x8e, 0x01, 0x00, 0x00, 0x2c, 0xe0, 0x00, 0x00
    .byte 0x00, 0x2c, 0xa0, 0x00, 0x00, 0x00, 0x15, 0x02, 0x21, 0xa8, 0x1b, 0x22, 0x02, 0x25, 0x13, 0x19
    .byte 0x22, 0x02, 0x2c, 0x8e, 0x01, 0x00, 0x00, 0x2c, 0xd0, 0x00, 0x00, 0x00, 0x2c, 0xa0, 0x00, 0x00
    .byte 0x00, 0x15, 0x02, 0x20, 0x00, 0x00, 0x15, 0x05, 0x2c, 0x01, 0x00, 0x00, 0x00, 0x15, 0x06, 0x2c
    .byte 0x01, 0x00, 0x00, 0x00, 0x2c, 0x2c, 0x19, 0x22, 0x02, 0x15, 0x29, 0x00, 0x2c, 0x1b, 0x00, 0x00
    .byte 0x00, 0x15, 0x31, 0x18, 0x70, 0x26, 0x00, 0xd2, 0x20, 0x00, 0x00, 0x2c, 0xbb, 0xe8, 0x21, 0x02
    .byte 0x15, 0x39, 0x20, 0x00, 0x00, 0x15, 0x42, 0x18, 0x70, 0x32, 0x00, 0x00, 0x00, 0x00, 0x00, 0x14
    .byte 0x59, 0x19, 0x22, 0x02, 0x01, 0x42, 0x19, 0x22, 0x02, 0x2c, 0x01, 0x00, 0x00, 0x00, 0x15, 0x05
    .byte 0x21, 0x4d, 0xea, 0x21, 0x02, 0x2c, 0x38, 0x05, 0x00, 0x00, 0x15, 0x37, 0x18, 0x70, 0x32, 0x00
    .byte 0x00, 0x00, 0x00, 0x00, 0x14, 0x2d, 0x1a, 0x22, 0x02, 0x20, 0x00, 0x00, 0x15, 0x05, 0x2c, 0x01
    .byte 0x00, 0x00, 0x00, 0x15, 0x06, 0x20, 0x00, 0x00, 0x2c, 0x37, 0x00, 0x00, 0x00, 0x15, 0xe0, 0x03
    .byte 0x00, 0x00, 0x00, 0x00, 0x00, 0x28, 0x00, 0x07, 0x2b, 0x00, 0x07, 0x34, 0x00, 0x08, 0x00, 0x00
    .byte 0x00, 0x14, 0xf9, 0x19, 0x22, 0x02, 0x2c, 0x08, 0x00, 0x00, 0x00, 0x15, 0x07, 0x15, 0x08, 0x2c
    .byte 0x0c, 0x00, 0x00, 0x00, 0x2c, 0x02, 0x00, 0x00, 0x00, 0x15, 0x1f, 0x18, 0x70, 0x24, 0x00, 0x08
    .byte 0x00, 0x00, 0x00, 0x17, 0x00, 0x15, 0x20, 0x18, 0x70, 0x15, 0x27, 0x18, 0x71, 0x23, 0x10, 0x24
    .byte 0x00, 0x40, 0x00, 0x00, 0x00, 0x17, 0x00, 0x2c, 0x10, 0x00, 0x00, 0x00, 0x2c, 0x10, 0x00, 0x00
    .byte 0x00, 0x2c, 0xff, 0xff, 0xff, 0xff, 0x15, 0x53, 0x2b, 0x00, 0x07, 0x05, 0x00, 0x01, 0x00, 0x00
    .byte 0x00, 0x28, 0x00, 0x07, 0x25, 0x98, 0x19, 0x22, 0x02, 0x2c, 0x07, 0x00, 0x00, 0x00, 0x2c, 0x0c
    .byte 0x01, 0x00, 0x00, 0x15, 0x1f, 0x18, 0x70, 0x17, 0x00, 0x15, 0x20, 0x18, 0x70, 0x17, 0x00, 0x15
    .byte 0x27, 0x18, 0x70, 0x05, 0x00, 0x40, 0x00, 0x00, 0x00, 0x17, 0x00, 0x20, 0x00, 0x00, 0x20, 0x00
    .byte 0x00, 0x20, 0x00, 0x00, 0x15, 0x33, 0x2c, 0x38, 0x05, 0x00, 0x00, 0x15, 0x35, 0x2c, 0xa0, 0x00
    .byte 0x00, 0x00, 0x15, 0x37, 0x18, 0x70, 0x32, 0x00, 0x00, 0x00, 0x00, 0x00, 0x14, 0x45, 0x1b, 0x22
    .byte 0x02, 0x2a, 0x00, 0x03, 0x05, 0x00, 0x01, 0x00, 0x00, 0x00, 0x27, 0x00, 0x03, 0x2a, 0x00, 0x03
    .byte 0x32, 0x00, 0x05, 0x00, 0x00, 0x00, 0x14, 0x45, 0x1b, 0x22, 0x02, 0x21, 0xed, 0x1b, 0x22, 0x02
    .byte 0x2c, 0x02, 0x00, 0x00, 0x00, 0x15, 0x05, 0x15, 0x16, 0x2c, 0x80, 0x00, 0x00, 0x00, 0x15, 0x17
    .byte 0x20, 0x00, 0x00, 0x2c, 0x65, 0x00, 0x00, 0x00, 0x15, 0xe0, 0x2c, 0x03, 0x00, 0x00, 0x00, 0x15
    .byte 0x05, 0x2c, 0x01, 0x00, 0x00, 0x00, 0x15, 0x06, 0x2c, 0x02, 0x00, 0x00, 0x00, 0x2c, 0x00, 0xb4
    .byte 0x00, 0x00, 0x15, 0xe0, 0x2c, 0x09, 0x00, 0x00, 0x00, 0x2c, 0x38, 0x1c, 0x22, 0x02, 0x15, 0x39
    .byte 0x2c, 0x8e, 0x01, 0x00, 0x00, 0x2c, 0xd0, 0x00, 0x00, 0x00, 0x2c, 0xa0, 0x00, 0x00, 0x00, 0x2c
    .byte 0x2c, 0x01, 0x00, 0x00, 0x2c, 0x05, 0x00, 0x00, 0x00, 0x2c, 0x01, 0x00, 0x00, 0x00, 0x15, 0x1a
    .byte 0x20, 0x00, 0x00, 0x2c, 0x52, 0x1b, 0x22, 0x02, 0x15, 0x39, 0x15, 0x21, 0x2c, 0x09, 0x00, 0x00
    .byte 0x00, 0x2c, 0x75, 0xe4, 0x21, 0x02, 0x15, 0x39, 0x2c, 0x1b, 0x00, 0x00, 0x00, 0x15, 0x31, 0x18
    .byte 0x70, 0x26, 0x00, 0xd2, 0x20, 0x00, 0x00, 0x2c, 0xbb, 0xe8, 0x21, 0x02, 0x15, 0x39, 0x20, 0x00
    .byte 0x00, 0x15, 0x42, 0x18, 0x70, 0x32, 0x00, 0x00, 0x00, 0x00, 0x00, 0x14, 0x05, 0x1b, 0x22, 0x02
    .byte 0x01, 0xee, 0x1a, 0x22, 0x02, 0x2c, 0x01, 0x00, 0x00, 0x00, 0x2c, 0x00, 0xb4, 0x00, 0x00, 0x15
    .byte 0xe0, 0x2c, 0x02, 0x00, 0x00, 0x00, 0x2c, 0x01, 0xb4, 0x00, 0x00, 0x15, 0xe0, 0x2c, 0x00, 0x01
    .byte 0x00, 0x00, 0x15, 0x17, 0x20, 0x00, 0x00, 0x15, 0x06, 0x2c, 0x04, 0x00, 0x00, 0x00, 0x15, 0x05
    .byte 0x15, 0x16, 0x20, 0x00, 0x00, 0x15, 0x05, 0x2c, 0x01, 0x00, 0x00, 0x00, 0x15, 0x06, 0x2c, 0xa0
    .byte 0x00, 0x00, 0x00, 0x15, 0x35, 0x2c, 0x08, 0x00, 0x00, 0x00, 0x2c, 0xc9, 0x18, 0x22, 0x02, 0x15
    .byte 0x39, 0x00, 0x2c, 0x0a, 0x00, 0x00, 0x00, 0x15, 0x07, 0x15, 0x08, 0x2c, 0x66, 0x01, 0x00, 0x00
    .byte 0x15, 0x11, 0x18, 0x70, 0x17, 0x00, 0x15, 0x12, 0x18, 0x70, 0x17, 0x00, 0x2c, 0x70, 0x17, 0x00
    .byte 0x00, 0x2c, 0x05, 0x00, 0x00, 0x00, 0x2c, 0x01, 0x00, 0x00, 0x00, 0x15, 0x1a, 0x15, 0x21, 0x2c
    .byte 0x08, 0x00, 0x00, 0x00, 0x2c, 0x07, 0x00, 0x00, 0x00, 0x15, 0x47, 0x18, 0x70, 0x17, 0x00, 0x2c
    .byte 0x08, 0x00, 0x00, 0x00, 0x2c, 0x08, 0x00, 0x00, 0x00, 0x15, 0x47, 0x18, 0x70, 0x17, 0x00, 0x15
    .byte 0x1e, 0x18, 0x70, 0x17, 0x00, 0x15, 0x75, 0x00, 0x2c, 0x18, 0x00, 0x00, 0x00, 0x2c, 0x0d, 0x00
    .byte 0x00, 0x00, 0x2c, 0x0c, 0x00, 0x00, 0x00, 0x15, 0x3f, 0x2c, 0x18, 0x00, 0x00, 0x00, 0x2c, 0x0e
    .byte 0x00, 0x00, 0x00, 0x2c, 0x0c, 0x00, 0x00, 0x00, 0x15, 0x3f, 0x2c, 0x19, 0x00, 0x00, 0x00, 0x2c
    .byte 0x0d, 0x00, 0x00, 0x00, 0x2c, 0x0c, 0x00, 0x00, 0x00, 0x15, 0x3f, 0x2c, 0x19, 0x00, 0x00, 0x00
    .byte 0x2c, 0x0e, 0x00, 0x00, 0x00, 0x2c, 0x0c, 0x00, 0x00, 0x00, 0x15, 0x3f, 0x22, 0x2c, 0x18, 0x00
    .byte 0x00, 0x00, 0x2c, 0x0d, 0x00, 0x00, 0x00, 0x2c, 0x0a, 0x00, 0x00, 0x00, 0x15, 0x3f, 0x2c, 0x18
    .byte 0x00, 0x00, 0x00, 0x2c, 0x0e, 0x00, 0x00, 0x00, 0x2c, 0x0a, 0x00, 0x00, 0x00, 0x15, 0x3f, 0x2c
    .byte 0x19, 0x00, 0x00, 0x00, 0x2c, 0x0d, 0x00, 0x00, 0x00, 0x2c, 0x0a, 0x00, 0x00, 0x00, 0x15, 0x3f
    .byte 0x2c, 0x19, 0x00, 0x00, 0x00, 0x2c, 0x0e, 0x00, 0x00, 0x00, 0x2c, 0x0a, 0x00, 0x00, 0x00, 0x15
    .byte 0x3f, 0x22, 0x20, 0x00, 0x00, 0x15, 0x09, 0x00, 0x20, 0x00, 0x00, 0x2c, 0x02, 0x00, 0x00, 0x00
    .byte 0x15, 0x38, 0x2c, 0x80, 0x00, 0x00, 0x00, 0x15, 0x17, 0x2c, 0x05, 0x00, 0x00, 0x00, 0x15, 0x05
    .byte 0x2c, 0x01, 0x00, 0x00, 0x00, 0x15, 0x06, 0x2c, 0x01, 0x00, 0x00, 0x00, 0x15, 0x09, 0x2c, 0xfb
    .byte 0xff, 0xff, 0xff, 0x15, 0x1b, 0x2c, 0x08, 0x00, 0x00, 0x00, 0x2c, 0x07, 0x00, 0x00, 0x00, 0x15
    .byte 0x47, 0x18, 0x70, 0x17, 0x00, 0x2c, 0x08, 0x00, 0x00, 0x00, 0x2c, 0x08, 0x00, 0x00, 0x00, 0x15
    .byte 0x47, 0x18, 0x70, 0x17, 0x00, 0x2c, 0x08, 0x00, 0x00, 0x00, 0x2c, 0x09, 0x00, 0x00, 0x00, 0x15
    .byte 0x47, 0x18, 0x70, 0x17, 0x00, 0x15, 0x02, 0x2c, 0x01, 0x00, 0x00, 0x00, 0x15, 0x07, 0x15, 0x08
    .byte 0x25, 0x65, 0x1c, 0x22, 0x02, 0x20, 0x00, 0x00, 0x15, 0x09, 0x15, 0x10, 0x18, 0x70, 0x28, 0x00
    .byte 0x00, 0x15, 0x11, 0x18, 0x70, 0x28, 0x00, 0x01, 0x2b, 0x00, 0x00, 0x09, 0x00, 0x10, 0x00, 0x00
    .byte 0x00, 0x17, 0x00, 0x2b, 0x00, 0x01, 0x09, 0x00, 0x10, 0x00, 0x00, 0x00, 0x17, 0x00, 0x15, 0x40
    .byte 0x18, 0x70, 0x07, 0x00, 0x10, 0x00, 0x00, 0x00, 0x28, 0x00, 0x02, 0x2f, 0x00, 0x2f, 0x01, 0x2f
    .byte 0x02, 0x15, 0x02, 0x2c, 0x02, 0x00, 0x00, 0x00, 0x2c, 0xf0, 0x1c, 0x22, 0x02, 0x15, 0x29, 0x00
    .byte 0x2c, 0x08, 0x00, 0x00, 0x00, 0x2c, 0x65, 0x00, 0x00, 0x00, 0x15, 0xe0, 0x2c, 0x1b, 0x00, 0x00
    .byte 0x00, 0x15, 0x31, 0x18, 0x70, 0x27, 0x00, 0x00, 0x20, 0x00, 0x00, 0x2c, 0xab, 0x1d, 0x22, 0x02
    .byte 0x15, 0x39, 0x20, 0x00, 0x00, 0x2c, 0xff, 0xff, 0xff, 0xff, 0x2c, 0xff, 0xff, 0xff, 0xff, 0x15
    .byte 0xdd, 0x18, 0x70, 0x14, 0x52, 0x1d, 0x22, 0x02, 0x2c, 0x03, 0x00, 0x00, 0x00, 0x2c, 0xff, 0xff
    .byte 0xff, 0xff, 0x2c, 0xff, 0xff, 0xff, 0xff, 0x15, 0xdd, 0x18, 0x70, 0x32, 0x00, 0x00, 0x00, 0x00
    .byte 0x00, 0x14, 0x52, 0x1d, 0x22, 0x02, 0x2c, 0x01, 0x00, 0x00, 0x00, 0x2c, 0x88, 0x1e, 0x22, 0x02
    .byte 0x15, 0x39, 0x2c, 0x64, 0x00, 0x00, 0x00, 0x15, 0x07, 0x15, 0x08, 0x2c, 0xf8, 0x03, 0x00, 0x00
    .byte 0x15, 0x35, 0x2c, 0x03, 0x00, 0x00, 0x00, 0x20, 0x00, 0x00, 0x2c, 0xf0, 0xff, 0xff, 0xff, 0x2c
    .byte 0x64, 0x00, 0x00, 0x00, 0x15, 0xd6, 0x2c, 0x64, 0x00, 0x00, 0x00, 0x15, 0x07, 0x15, 0x08, 0x03
    .byte 0x00, 0x01, 0x00, 0x00, 0x00, 0x26, 0x00, 0x01, 0x2c, 0x09, 0x00, 0x00, 0x00, 0x2c, 0x65, 0x00
    .byte 0x00, 0x00, 0x15, 0xe0, 0x2c, 0x10, 0x00, 0x00, 0x00, 0x2c, 0x38, 0x03, 0x00, 0x00, 0x2c, 0x9d
    .byte 0x02, 0x00, 0x00, 0x2c, 0xb0, 0xff, 0xff, 0xff, 0x15, 0x4a, 0x00, 0x20, 0x00, 0x00, 0x2c, 0xff
    .byte 0xff, 0xff, 0xff, 0x2c, 0xff, 0xff, 0xff, 0xff, 0x2c, 0xff, 0xff, 0xff, 0xff, 0x15, 0x89, 0x20
    .byte 0x00, 0x00, 0x15, 0x18, 0x2c, 0x01, 0x00, 0x00, 0x00, 0x15, 0x2b, 0x2e, 0x00, 0x2c, 0x07, 0x00
    .byte 0x00, 0x00, 0x15, 0x47, 0x18, 0x70, 0x15, 0x10, 0x18, 0x71, 0x23, 0x10, 0x17, 0x00, 0x2c, 0xf8
    .byte 0xff, 0xff, 0xff, 0x20, 0x00, 0x00, 0x2c, 0x00, 0x18, 0x00, 0x00, 0x2c, 0x04, 0x00, 0x00, 0x00
    .byte 0x20, 0x00, 0x00, 0x15, 0x1a, 0x15, 0x21, 0x2c, 0x11, 0x10, 0x00, 0x00, 0x2c, 0x01, 0x10, 0x00
    .byte 0x00, 0x2c, 0x12, 0x10, 0x00, 0x00, 0x2c, 0x02, 0x00, 0x00, 0x00, 0x2c, 0x1d, 0x00, 0x00, 0x00
    .byte 0x15, 0x73, 0x2c, 0x01, 0x00, 0x00, 0x00, 0x15, 0x06, 0x20, 0x00, 0x00, 0x15, 0x2b, 0x20, 0x00
    .byte 0x00, 0x20, 0x00, 0x00, 0x2c, 0x80, 0x00, 0x00, 0x00, 0x2c, 0x00, 0x0c, 0x00, 0x00, 0x2c, 0x04
    .byte 0x00, 0x00, 0x00, 0x2c, 0x01, 0x00, 0x00, 0x00, 0x15, 0x1a, 0x18, 0x70, 0x28, 0x00, 0x00, 0x2b
    .byte 0x00, 0x00, 0x31, 0x00, 0x00, 0x00, 0x00, 0x00, 0x14, 0x85, 0x1e, 0x22, 0x02, 0x2b, 0x00, 0x00
    .byte 0x0b, 0x00, 0x0f, 0x00, 0x00, 0x00, 0x32, 0x00, 0x00, 0x00, 0x00, 0x00, 0x14, 0x6b, 0x1e, 0x22
    .byte 0x02, 0x20, 0x00, 0x00, 0x2c, 0x80, 0x32, 0x00, 0x00, 0x15, 0xe0, 0x2c, 0x01, 0x00, 0x00, 0x00
    .byte 0x15, 0x07, 0x15, 0x08, 0x2b, 0x00, 0x00, 0x05, 0x00, 0xff, 0xff, 0xff, 0xff, 0x28, 0x00, 0x00
    .byte 0x25, 0x3f, 0x1e, 0x22, 0x02, 0x15, 0x21, 0x00, 0x2c, 0x1b, 0x00, 0x00, 0x00, 0x15, 0x31, 0x18
    .byte 0x70, 0x17, 0x00, 0x2c, 0x07, 0x00, 0x00, 0x00, 0x15, 0x47, 0x18, 0x70, 0x17, 0x00, 0x2c, 0x1b
    .byte 0x00, 0x00, 0x00, 0x15, 0x31, 0x18, 0x70, 0x17, 0x00, 0x2c, 0x08, 0x00, 0x00, 0x00, 0x15, 0x47
    .byte 0x18, 0x70, 0x17, 0x00, 0x2c, 0x1b, 0x00, 0x00, 0x00, 0x15, 0x31, 0x18, 0x70, 0x17, 0x00, 0x2c
    .byte 0x09, 0x00, 0x00, 0x00, 0x15, 0x47, 0x18, 0x70, 0x17, 0x00, 0x20, 0x00, 0x00, 0x2c, 0x07, 0x00
    .byte 0x00, 0x00, 0x15, 0x47, 0x18, 0x70, 0x17, 0x00, 0x20, 0x00, 0x00, 0x2c, 0x08, 0x00, 0x00, 0x00
    .byte 0x15, 0x47, 0x18, 0x70, 0x17, 0x00, 0x20, 0x00, 0x00, 0x2c, 0x09, 0x00, 0x00, 0x00, 0x15, 0x47
    .byte 0x18, 0x70, 0x17, 0x00, 0x15, 0x65, 0x18, 0x70, 0x31, 0x00, 0x40, 0x00, 0x00, 0x00, 0x13, 0x08
    .byte 0x1f, 0x22, 0x02, 0x01, 0x88, 0x1e, 0x22, 0x02, 0x20, 0x00, 0x00, 0x15, 0x18, 0x2c, 0x01, 0x00
    .byte 0x00, 0x00, 0x15, 0x2b, 0x2e, 0x00, 0x2c, 0x07, 0x00, 0x00, 0x00, 0x15, 0x47, 0x18, 0x70, 0x17
    .byte 0x00, 0x2e, 0x00, 0x2c, 0x08, 0x00, 0x00, 0x00, 0x15, 0x47, 0x18, 0x70, 0x17, 0x00, 0x2e, 0x00
    .byte 0x2c, 0x09, 0x00, 0x00, 0x00, 0x15, 0x47, 0x18, 0x70, 0x17, 0x00, 0x2c, 0x00, 0x18, 0x00, 0x00
    .byte 0x2c, 0x05, 0x00, 0x00, 0x00, 0x2c, 0x01, 0x00, 0x00, 0x00, 0x15, 0x1a, 0x15, 0x21, 0x2c, 0x01
    .byte 0x00, 0x00, 0x00, 0x2c, 0xff, 0xff, 0xff, 0xff, 0x2c, 0xff, 0xff, 0xff, 0xff, 0x15, 0xdd, 0x18
    .byte 0x70, 0x28, 0x00, 0x00, 0x2c, 0x06, 0x00, 0x00, 0x00, 0x2f, 0x00, 0x20, 0x00, 0x00, 0x15, 0xdd
    .byte 0x18, 0x70, 0x28, 0x00, 0x01, 0x2c, 0x07, 0x00, 0x00, 0x00, 0x2f, 0x00, 0x20, 0x00, 0x00, 0x15
    .byte 0xdd, 0x18, 0x70, 0x28, 0x00, 0x02, 0x2c, 0x08, 0x00, 0x00, 0x00, 0x2f, 0x00, 0x20, 0x00, 0x00
    .byte 0x15, 0xdd, 0x18, 0x70, 0x28, 0x00, 0x03, 0x2f, 0x01, 0x2f, 0x02, 0x2f, 0x03, 0x2c, 0x02, 0x00
    .byte 0x00, 0x00, 0x2c, 0x15, 0x00, 0x00, 0x00, 0x15, 0x73, 0x2c, 0x01, 0x00, 0x00, 0x00, 0x15, 0x06
    .byte 0x20, 0x00, 0x00, 0x15, 0x2b, 0x20, 0x00, 0x00, 0x20, 0x00, 0x00, 0x2c, 0x80, 0x00, 0x00, 0x00
    .byte 0x2c, 0x00, 0x0c, 0x00, 0x00, 0x2c, 0x04, 0x00, 0x00, 0x00, 0x2c, 0x01, 0x00, 0x00, 0x00, 0x15
    .byte 0x1a, 0x18, 0x70, 0x28, 0x00, 0x00, 0x2b, 0x00, 0x00, 0x31, 0x00, 0x00, 0x00, 0x00, 0x00, 0x14
    .byte 0x1c, 0x20, 0x22, 0x02, 0x2b, 0x00, 0x00, 0x0b, 0x00, 0x0f, 0x00, 0x00, 0x00, 0x32, 0x00, 0x00
    .byte 0x00, 0x00, 0x00, 0x14, 0x02, 0x20, 0x22, 0x02, 0x20, 0x00, 0x00, 0x2c, 0x80, 0x32, 0x00, 0x00
    .byte 0x15, 0xe0, 0x2c, 0x01, 0x00, 0x00, 0x00, 0x15, 0x07, 0x15, 0x08, 0x2b, 0x00, 0x00, 0x05, 0x00
    .byte 0xff, 0xff, 0xff, 0xff, 0x28, 0x00, 0x00, 0x25, 0xd6, 0x1f, 0x22, 0x02, 0x15, 0x21, 0x00, 0x00
    .byte 0x2c, 0x08, 0x00, 0x00, 0x00, 0x2c, 0x65, 0x00, 0x00, 0x00, 0x15, 0xe0, 0x20, 0x00, 0x00, 0x2c
    .byte 0xb3, 0x20, 0x22, 0x02, 0x15, 0x39, 0x20, 0x00, 0x00, 0x2c, 0xff, 0xff, 0xff, 0xff, 0x2c, 0xff
    .byte 0xff, 0xff, 0xff, 0x15, 0xdd, 0x18, 0x70, 0x14, 0x8f, 0x20, 0x22, 0x02, 0x2c, 0x03, 0x00, 0x00
    .byte 0x00, 0x2c, 0xff, 0xff, 0xff, 0xff, 0x2c, 0xff, 0xff, 0xff, 0xff, 0x15, 0xdd, 0x18, 0x70, 0x32
    .byte 0x00, 0x00, 0x00, 0x00, 0x00, 0x14, 0x8f, 0x20, 0x22, 0x02, 0x2c, 0x01, 0x00, 0x00, 0x00, 0x2c
    .byte 0xa9, 0x21, 0x22, 0x02, 0x15, 0x39, 0x2c, 0x01, 0x00, 0x00, 0x00, 0x15, 0x42, 0x18, 0x70, 0x32
    .byte 0x00, 0x00, 0x00, 0x00, 0x00, 0x14, 0x8f, 0x20, 0x22, 0x02, 0x01, 0x76, 0x20, 0x22, 0x02, 0x20
    .byte 0x00, 0x00, 0x15, 0x42, 0x18, 0x70, 0x32, 0x00, 0x00, 0x00, 0x00, 0x00, 0x14, 0xa6, 0x20, 0x22
    .byte 0x02, 0x01, 0x8f, 0x20, 0x22, 0x02, 0x2c, 0x09, 0x00, 0x00, 0x00, 0x2c, 0x65, 0x00, 0x00, 0x00
    .byte 0x15, 0xe0, 0x00, 0x2c, 0x01, 0x00, 0x00, 0x00, 0x15, 0x09, 0x20, 0x00, 0x00, 0x15, 0x18, 0x2c
    .byte 0x11, 0x10, 0x00, 0x00, 0x2c, 0x01, 0x10, 0x00, 0x00, 0x2c, 0x12, 0x10, 0x00, 0x00, 0x2c, 0x02
    .byte 0x00, 0x00, 0x00, 0x2c, 0x1d, 0x00, 0x00, 0x00, 0x15, 0x73, 0x2c, 0x01, 0x00, 0x00, 0x00, 0x15
    .byte 0x06, 0x20, 0x00, 0x00, 0x2c, 0x50, 0x00, 0x00, 0x00, 0x20, 0x00, 0x00, 0x2c, 0x00, 0x0c, 0x00
    .byte 0x00, 0x2c, 0x04, 0x00, 0x00, 0x00, 0x20, 0x00, 0x00, 0x15, 0x1a, 0x18, 0x70, 0x28, 0x00, 0x00
    .byte 0x2b, 0x00, 0x00, 0x31, 0x00, 0x00, 0x00, 0x00, 0x00, 0x14, 0x46, 0x21, 0x22, 0x02, 0x2b, 0x00
    .byte 0x00, 0x0b, 0x00, 0x0f, 0x00, 0x00, 0x00, 0x32, 0x00, 0x00, 0x00, 0x00, 0x00, 0x14, 0x2c, 0x21
    .byte 0x22, 0x02, 0x20, 0x00, 0x00, 0x2c, 0x80, 0x32, 0x00, 0x00, 0x15, 0xe0, 0x2c, 0x01, 0x00, 0x00
    .byte 0x00, 0x15, 0x07, 0x15, 0x08, 0x2b, 0x00, 0x00, 0x05, 0x00, 0xff, 0xff, 0xff, 0xff, 0x28, 0x00
    .byte 0x00, 0x25, 0x00, 0x21, 0x22, 0x02, 0x15, 0x21, 0x2c, 0x0f, 0x10, 0x00, 0x00, 0x2c, 0x01, 0x10
    .byte 0x00, 0x00, 0x2c, 0x10, 0x10, 0x00, 0x00, 0x2c, 0x02, 0x00, 0x00, 0x00, 0x2c, 0x27, 0x00, 0x00
    .byte 0x00, 0x15, 0x73, 0x15, 0x16, 0x2c, 0x01, 0x00, 0x00, 0x00, 0x15, 0x2b, 0x2c, 0x00, 0x10, 0x00
    .byte 0x00, 0x2c, 0x01, 0x10, 0x00, 0x00, 0x2c, 0x02, 0x10, 0x00, 0x00, 0x2c, 0x02, 0x00, 0x00, 0x00
    .byte 0x20, 0x00, 0x00, 0x15, 0x73, 0x20, 0x00, 0x00, 0x2c, 0x08, 0x00, 0x00, 0x00, 0x20, 0x00, 0x00
    .byte 0x2c, 0x00, 0x0c, 0x00, 0x00, 0x2c, 0x04, 0x00, 0x00, 0x00, 0x20, 0x00, 0x00, 0x15, 0x1a, 0x15
    .byte 0x21, 0x2c, 0x01, 0x00, 0x00, 0x00, 0x15, 0x18, 0x00, 0x20, 0x00, 0x00, 0x15, 0x18, 0x20, 0x00
    .byte 0x00, 0x15, 0x19, 0x15, 0x1f, 0x18, 0x70, 0x28, 0x00, 0x00, 0x15, 0x20, 0x18, 0x70, 0x28, 0x00
    .byte 0x01, 0x2b, 0x00, 0x00, 0x09, 0x00, 0x10, 0x00, 0x00, 0x00, 0x17, 0x00, 0x2b, 0x00, 0x01, 0x09
    .byte 0x00, 0x10, 0x00, 0x00, 0x00, 0x17, 0x00, 0x15, 0x40, 0x18, 0x70, 0x07, 0x00, 0x10, 0x00, 0x00
    .byte 0x00, 0x28, 0x00, 0x02, 0x2f, 0x00, 0x2b, 0x00, 0x01, 0x24, 0x00, 0x30, 0x00, 0x00, 0x00, 0x17
    .byte 0x00, 0x2f, 0x02, 0x15, 0x02, 0x2c, 0x01, 0x00, 0x00, 0x00, 0x2c, 0xff, 0xff, 0xff, 0xff, 0x2c
    .byte 0xff, 0xff, 0xff, 0xff, 0x15, 0xdd, 0x18, 0x70, 0x28, 0x00, 0x00, 0x2c, 0x06, 0x00, 0x00, 0x00
    .byte 0x2f, 0x00, 0x20, 0x00, 0x00, 0x15, 0xdd, 0x18, 0x70, 0x28, 0x00, 0x01, 0x2c, 0x07, 0x00, 0x00
    .byte 0x00, 0x2f, 0x00, 0x20, 0x00, 0x00, 0x15, 0xdd, 0x18, 0x70, 0x28, 0x00, 0x02, 0x2c, 0x08, 0x00
    .byte 0x00, 0x00, 0x2f, 0x00, 0x20, 0x00, 0x00, 0x15, 0xdd, 0x18, 0x70, 0x28, 0x00, 0x03, 0x2f, 0x01
    .byte 0x2f, 0x02, 0x2f, 0x03, 0x2c, 0x02, 0x00, 0x00, 0x00, 0x2c, 0x15, 0x00, 0x00, 0x00, 0x15, 0x73
    .byte 0x2c, 0x01, 0x00, 0x00, 0x00, 0x15, 0x06, 0x2c, 0x01, 0x00, 0x00, 0x00, 0x15, 0x09, 0x20, 0x00
    .byte 0x00, 0x2c, 0x80, 0x00, 0x00, 0x00, 0x20, 0x00, 0x00, 0x2c, 0x00, 0x0c, 0x00, 0x00, 0x2c, 0x04
    .byte 0x00, 0x00, 0x00, 0x20, 0x00, 0x00, 0x15, 0x1a, 0x18, 0x70, 0x28, 0x00, 0x00, 0x2b, 0x00, 0x00
    .byte 0x31, 0x00, 0x00, 0x00, 0x00, 0x00, 0x14, 0xc3, 0x22, 0x22, 0x02, 0x2b, 0x00, 0x00, 0x0b, 0x00
    .byte 0x0f, 0x00, 0x00, 0x00, 0x32, 0x00, 0x00, 0x00, 0x00, 0x00, 0x14, 0xa9, 0x22, 0x22, 0x02, 0x20
    .byte 0x00, 0x00, 0x2c, 0x80, 0x32, 0x00, 0x00, 0x15, 0xe0, 0x2c, 0x01, 0x00, 0x00, 0x00, 0x15, 0x07
    .byte 0x15, 0x08, 0x2b, 0x00, 0x00, 0x05, 0x00, 0xff, 0xff, 0xff, 0xff, 0x28, 0x00, 0x00, 0x25, 0x7d
    .byte 0x22, 0x22, 0x02, 0x15, 0x21, 0x2c, 0x01, 0x00, 0x00, 0x00, 0x15, 0x2b, 0x20, 0x00, 0x00, 0x2c
    .byte 0x08, 0x00, 0x00, 0x00, 0x20, 0x00, 0x00, 0x2c, 0x00, 0x0c, 0x00, 0x00, 0x2c, 0x04, 0x00, 0x00
    .byte 0x00, 0x20, 0x00, 0x00, 0x15, 0x1a, 0x15, 0x21, 0x2c, 0x01, 0x00, 0x00, 0x00, 0x15, 0x18, 0x2c
    .byte 0x01, 0x00, 0x00, 0x00, 0x15, 0x19, 0x15, 0x2c, 0x00, 0x2c, 0x01, 0x00, 0x00, 0x00, 0x2c, 0x29
    .byte 0x25, 0x22, 0x02, 0x15, 0x39, 0x2c, 0x01, 0x00, 0x00, 0x00, 0x15, 0x42, 0x18, 0x70, 0x32, 0x00
    .byte 0x00, 0x00, 0x00, 0x00, 0x14, 0x1e, 0x23, 0x22, 0x02, 0x01, 0x05, 0x23, 0x22, 0x02, 0x03, 0x00
    .byte 0x0b, 0x00, 0x00, 0x00, 0x26, 0x00, 0x66, 0x29, 0x00, 0x15, 0x26, 0x00, 0xd9, 0x03, 0x00, 0x0b
    .byte 0x00, 0x00, 0x00, 0x32, 0x00, 0x01, 0x00, 0x00, 0x00, 0x13, 0x4f, 0x23, 0x22, 0x02, 0x03, 0x00
    .byte 0x0b, 0x00, 0x00, 0x00, 0x32, 0x00, 0x08, 0x00, 0x00, 0x00, 0x14, 0x5d, 0x23, 0x22, 0x02, 0x03
    .byte 0x00, 0x01, 0x00, 0x00, 0x00, 0x36, 0x00, 0x00, 0x25, 0x66, 0x23, 0x22, 0x02, 0x03, 0x00, 0x01
    .byte 0x00, 0x00, 0x00, 0x26, 0x00, 0x63, 0x03, 0x00, 0x0b, 0x00, 0x00, 0x00, 0x32, 0x00, 0x01, 0x00
    .byte 0x00, 0x00, 0x14, 0x97, 0x23, 0x22, 0x02, 0x20, 0x00, 0x00, 0x2c, 0x0f, 0x00, 0x00, 0x00, 0x15
    .byte 0xe0, 0x2c, 0x15, 0x00, 0x00, 0x00, 0x2c, 0x9d, 0x00, 0x00, 0x00, 0x2c, 0x7f, 0x00, 0x00, 0x00
    .byte 0x15, 0x0a, 0x25, 0xb4, 0x24, 0x22, 0x02, 0x03, 0x00, 0x0b, 0x00, 0x00, 0x00, 0x32, 0x00, 0x08
    .byte 0x00, 0x00, 0x00, 0x14, 0xc8, 0x23, 0x22, 0x02, 0x20, 0x00, 0x00, 0x2c, 0x0f, 0x00, 0x00, 0x00
    .byte 0x15, 0xe0, 0x2c, 0x15, 0x00, 0x00, 0x00, 0x2c, 0x9c, 0x00, 0x00, 0x00, 0x2c, 0x7f, 0x00, 0x00
    .byte 0x00, 0x15, 0x0a, 0x25, 0xb4, 0x24, 0x22, 0x02, 0x03, 0x00, 0x0b, 0x00, 0x00, 0x00, 0x32, 0x00
    .byte 0x03, 0x00, 0x00, 0x00, 0x14, 0x1d, 0x24, 0x22, 0x02, 0x29, 0x00, 0x15, 0x32, 0x00, 0x3e, 0x00
    .byte 0x00, 0x00, 0x14, 0x07, 0x24, 0x22, 0x02, 0x20, 0x00, 0x00, 0x2c, 0x75, 0x00, 0x00, 0x00, 0x15
    .byte 0xe0, 0x2c, 0x15, 0x00, 0x00, 0x00, 0x2c, 0x9d, 0x00, 0x00, 0x00, 0x2c, 0x7f, 0x00, 0x00, 0x00
    .byte 0x15, 0x0a, 0x25, 0x18, 0x24, 0x22, 0x02, 0x2c, 0x15, 0x00, 0x00, 0x00, 0x2c, 0x9d, 0x00, 0x00
    .byte 0x00, 0x2c, 0x7f, 0x00, 0x00, 0x00, 0x15, 0x0a, 0x25, 0xb4, 0x24, 0x22, 0x02, 0x03, 0x00, 0x0b
    .byte 0x00, 0x00, 0x00, 0x32, 0x00, 0x09, 0x00, 0x00, 0x00, 0x14, 0x44, 0x24, 0x22, 0x02, 0x2c, 0x15
    .byte 0x00, 0x00, 0x00, 0x2c, 0x9c, 0x00, 0x00, 0x00, 0x2c, 0x7f, 0x00, 0x00, 0x00, 0x15, 0x0a, 0x25
    .byte 0xb4, 0x24, 0x22, 0x02, 0x03, 0x00, 0x0b, 0x00, 0x00, 0x00, 0x32, 0x00, 0x04, 0x00, 0x00, 0x00
    .byte 0x14, 0x6b, 0x24, 0x22, 0x02, 0x2c, 0x15, 0x00, 0x00, 0x00, 0x2c, 0x9c, 0x00, 0x00, 0x00, 0x2c
    .byte 0x7f, 0x00, 0x00, 0x00, 0x15, 0x0a, 0x25, 0xb4, 0x24, 0x22, 0x02, 0x03, 0x00, 0x0b, 0x00, 0x00
    .byte 0x00, 0x32, 0x00, 0x0a, 0x00, 0x00, 0x00, 0x14, 0x92, 0x24, 0x22, 0x02, 0x2c, 0x15, 0x00, 0x00
    .byte 0x00, 0x2c, 0x9d, 0x00, 0x00, 0x00, 0x2c, 0x7f, 0x00, 0x00, 0x00, 0x15, 0x0a, 0x25, 0xb4, 0x24
    .byte 0x22, 0x02, 0x03, 0x00, 0x0b, 0x00, 0x00, 0x00, 0x32, 0x00, 0x0b, 0x00, 0x00, 0x00, 0x14, 0xb4
    .byte 0x24, 0x22, 0x02, 0x2c, 0x15, 0x00, 0x00, 0x00, 0x2c, 0x9c, 0x00, 0x00, 0x00, 0x2c, 0x7f, 0x00
    .byte 0x00, 0x00, 0x15, 0x0a, 0x20, 0x00, 0x00, 0x2c, 0xcb, 0xe5, 0x21, 0x02, 0x15, 0x39, 0x20, 0x00
    .byte 0x00, 0x15, 0x42, 0x18, 0x70, 0x32, 0x00, 0x00, 0x00, 0x00, 0x00, 0x14, 0xd5, 0x24, 0x22, 0x02
    .byte 0x01, 0xbe, 0x24, 0x22, 0x02, 0x2c, 0x97, 0x03, 0x00, 0x00, 0x15, 0x37, 0x18, 0x70, 0x32, 0x00
    .byte 0x00, 0x00, 0x00, 0x00, 0x14, 0xfa, 0x24, 0x22, 0x02, 0x2c, 0xb4, 0x03, 0x00, 0x00, 0x15, 0x35
    .byte 0x2c, 0x08, 0x00, 0x00, 0x00, 0x20, 0x00, 0x00, 0x15, 0x78, 0x2c, 0x97, 0x03, 0x00, 0x00, 0x15
    .byte 0x35, 0x2c, 0x01, 0x00, 0x00, 0x00, 0x2c, 0x45, 0x25, 0x22, 0x02, 0x15, 0x39, 0x2c, 0x01, 0x00
    .byte 0x00, 0x00, 0x15, 0x42, 0x18, 0x70, 0x32, 0x00, 0x00, 0x00, 0x00, 0x00, 0x14, 0x26, 0x25, 0x22
    .byte 0x02, 0x01, 0x0d, 0x25, 0x22, 0x02, 0x15, 0x0d, 0x00, 0x15, 0x1f, 0x18, 0x70, 0x17, 0x00, 0x15
    .byte 0x20, 0x18, 0x70, 0x17, 0x00, 0x15, 0x27, 0x18, 0x70, 0x17, 0x00, 0x15, 0x02, 0x2c, 0x00, 0x02
    .byte 0x00, 0x00, 0x15, 0x1b, 0x00, 0x20, 0x00, 0x00, 0x15, 0x1b, 0x15, 0x2c, 0x00, 0x15, 0x0d, 0x00
    .byte 0x2c, 0x1e, 0x03, 0x00, 0x00, 0x2c, 0x3e, 0x02, 0x00, 0x00, 0x20, 0x00, 0x00, 0x15, 0x02, 0x03
    .byte 0x00, 0x02, 0x00, 0x00, 0x00, 0x32, 0x00, 0x00, 0x00, 0x00, 0x00, 0x14, 0x7e, 0x25, 0x22, 0x02
    .byte 0x03, 0x00, 0x5a, 0x02, 0x00, 0x00, 0x28, 0x00, 0x00, 0x25, 0xa6, 0x25, 0x22, 0x02, 0x03, 0x00
    .byte 0x02, 0x00, 0x00, 0x00, 0x32, 0x00, 0x01, 0x00, 0x00, 0x00, 0x14, 0x9d, 0x25, 0x22, 0x02, 0x03
    .byte 0x00, 0x58, 0x02, 0x00, 0x00, 0x28, 0x00, 0x00, 0x25, 0xa6, 0x25, 0x22, 0x02, 0x03, 0x00, 0x59
    .byte 0x02, 0x00, 0x00, 0x28, 0x00, 0x00, 0x29, 0x00, 0x15, 0x2b, 0x01, 0x00, 0x1c, 0x10, 0x14, 0x4a
    .byte 0x26, 0x22, 0x02, 0x29, 0x00, 0xfd, 0x32, 0x00, 0x45, 0x00, 0x00, 0x00, 0x14, 0x4a, 0x26, 0x22
    .byte 0x02, 0x2c, 0x00, 0x04, 0x00, 0x00, 0x15, 0x37, 0x18, 0x70, 0x14, 0xd4, 0x25, 0x22, 0x02, 0x01
    .byte 0xc1, 0x25, 0x22, 0x02, 0x2c, 0xee, 0x03, 0x00, 0x00, 0x15, 0x37, 0x18, 0x70, 0x14, 0xe7, 0x25
    .byte 0x22, 0x02, 0x01, 0xd4, 0x25, 0x22, 0x02, 0x2c, 0x02, 0x00, 0x00, 0x00, 0x15, 0x9b, 0x18, 0x70
    .byte 0x32, 0x00, 0x00, 0x00, 0x00, 0x00, 0x14, 0x00, 0x26, 0x22, 0x02, 0x01, 0xe7, 0x25, 0x22, 0x02
    .byte 0x20, 0x00, 0x00, 0x15, 0x9b, 0x18, 0x70, 0x14, 0x20, 0x26, 0x22, 0x02, 0x20, 0x00, 0x00, 0x2c
    .byte 0xff, 0xff, 0xff, 0xff, 0x2c, 0xff, 0xff, 0xff, 0xff, 0x2c, 0xff, 0xff, 0xff, 0xff, 0x15, 0x89
    .byte 0x20, 0x00, 0x00, 0x15, 0x07, 0x15, 0x08, 0x29, 0x00, 0xbe, 0x2c, 0x1b, 0x00, 0x00, 0x00, 0x15
    .byte 0x31, 0x18, 0x71, 0x1f, 0x10, 0x14, 0x3d, 0x26, 0x22, 0x02, 0x15, 0x0d, 0x00, 0x2c, 0x03, 0x00
    .byte 0x00, 0x00, 0x2c, 0xf9, 0x22, 0x22, 0x02, 0x15, 0x29, 0x00, 0x29, 0x00, 0xfe, 0x32, 0x00, 0x30
    .byte 0x00, 0x00, 0x00, 0x14, 0x6e, 0x26, 0x22, 0x02, 0x2c, 0x02, 0x00, 0x00, 0x00, 0x2c, 0x77, 0x00
    .byte 0x00, 0x00, 0x15, 0xef, 0x18, 0x70, 0x14, 0x6e, 0x26, 0x22, 0x02, 0x15, 0x0d, 0x00, 0x29, 0x00
    .byte 0xfe, 0x32, 0x00, 0x31, 0x00, 0x00, 0x00, 0x14, 0x92, 0x26, 0x22, 0x02, 0x2c, 0x02, 0x00, 0x00
    .byte 0x00, 0x2c, 0x77, 0x00, 0x00, 0x00, 0x15, 0xef, 0x18, 0x70, 0x14, 0x92, 0x26, 0x22, 0x02, 0x15
    .byte 0x0d, 0x00, 0x29, 0x00, 0xfe, 0x32, 0x00, 0x32, 0x00, 0x00, 0x00, 0x14, 0xb6, 0x26, 0x22, 0x02
    .byte 0x2c, 0x02, 0x00, 0x00, 0x00, 0x2c, 0x77, 0x00, 0x00, 0x00, 0x15, 0xef, 0x18, 0x70, 0x14, 0xb6
    .byte 0x26, 0x22, 0x02, 0x15, 0x0d, 0x00, 0x29, 0x00, 0xfe, 0x32, 0x00, 0x33, 0x00, 0x00, 0x00, 0x14
    .byte 0xda, 0x26, 0x22, 0x02, 0x2c, 0x02, 0x00, 0x00, 0x00, 0x2c, 0x77, 0x00, 0x00, 0x00, 0x15, 0xef
    .byte 0x18, 0x70, 0x14, 0xda, 0x26, 0x22, 0x02, 0x15, 0x0d, 0x00, 0x29, 0x00, 0xfe, 0x32, 0x00, 0x34
    .byte 0x00, 0x00, 0x00, 0x14, 0xfe, 0x26, 0x22, 0x02, 0x2c, 0x02, 0x00, 0x00, 0x00, 0x2c, 0x77, 0x00
    .byte 0x00, 0x00, 0x15, 0xef, 0x18, 0x70, 0x14, 0xfe, 0x26, 0x22, 0x02, 0x15, 0x0d, 0x00, 0x29, 0x00
    .byte 0xfe, 0x32, 0x00, 0x35, 0x00, 0x00, 0x00, 0x14, 0x22, 0x27, 0x22, 0x02, 0x2c, 0x02, 0x00, 0x00
    .byte 0x00, 0x2c, 0x77, 0x00, 0x00, 0x00, 0x15, 0xef, 0x18, 0x70, 0x14, 0x22, 0x27, 0x22, 0x02, 0x15
    .byte 0x0d, 0x00, 0x29, 0x00, 0xfe, 0x32, 0x00, 0x2b, 0x00, 0x00, 0x00, 0x14, 0x47, 0x27, 0x22, 0x02
    .byte 0x2c, 0x60, 0x01, 0x00, 0x00, 0x15, 0x37, 0x18, 0x70, 0x32, 0x00, 0x00, 0x00, 0x00, 0x00, 0x14
    .byte 0x47, 0x27, 0x22, 0x02, 0x15, 0x0d, 0x00, 0x20, 0x00, 0x00, 0x15, 0x94, 0x18, 0x70, 0x14, 0x56
    .byte 0x27, 0x22, 0x02, 0x15, 0x0d, 0x00, 0x20, 0x00, 0x00, 0x2c, 0xff, 0xff, 0xff, 0xff, 0x2c, 0xff
    .byte 0xff, 0xff, 0xff, 0x15, 0xdd, 0x18, 0x70, 0x14, 0xc9, 0x27, 0x22, 0x02, 0x2c, 0x01, 0x00, 0x00
    .byte 0x00, 0x2c, 0xff, 0xff, 0xff, 0xff, 0x2c, 0xff, 0xff, 0xff, 0xff, 0x15, 0xdd, 0x18, 0x70, 0x32
    .byte 0x00, 0x58, 0x02, 0x00, 0x00, 0x13, 0xc6, 0x27, 0x22, 0x02, 0x2c, 0x01, 0x00, 0x00, 0x00, 0x2c
    .byte 0xff, 0xff, 0xff, 0xff, 0x2c, 0xff, 0xff, 0xff, 0xff, 0x15, 0xdd, 0x18, 0x70, 0x32, 0x00, 0x59
    .byte 0x02, 0x00, 0x00, 0x13, 0xc6, 0x27, 0x22, 0x02, 0x2c, 0x01, 0x00, 0x00, 0x00, 0x2c, 0xff, 0xff
    .byte 0xff, 0xff, 0x2c, 0xff, 0xff, 0xff, 0xff, 0x15, 0xdd, 0x18, 0x70, 0x32, 0x00, 0x5a, 0x02, 0x00
    .byte 0x00, 0x14, 0xc9, 0x27, 0x22, 0x02, 0x15, 0x0d, 0x00, 0x03, 0x00, 0x00, 0x00, 0x00, 0x00, 0x28
    .byte 0x00, 0x00, 0x29, 0x00, 0x06, 0x29, 0x01, 0xfe, 0x1c, 0x10, 0x14, 0xeb, 0x27, 0x22, 0x02, 0x2b
    .byte 0x00, 0x00, 0x05, 0x00, 0x01, 0x00, 0x00, 0x00, 0x28, 0x00, 0x00, 0x29, 0x00, 0x07, 0x32, 0x00
    .byte 0x02, 0x00, 0x00, 0x00, 0x14, 0x05, 0x28, 0x22, 0x02, 0x2b, 0x00, 0x00, 0x05, 0x00, 0x01, 0x00
    .byte 0x00, 0x00, 0x28, 0x00, 0x00, 0x03, 0x00, 0x00, 0x10, 0x00, 0x00, 0x32, 0x00, 0x00, 0x10, 0x00
    .byte 0x00, 0x14, 0x27, 0x28, 0x22, 0x02, 0x2b, 0x00, 0x00, 0x05, 0x00, 0x01, 0x00, 0x00, 0x00, 0x28
    .byte 0x00, 0x00, 0x25, 0xaf, 0x28, 0x22, 0x02, 0x03, 0x00, 0x00, 0x10, 0x00, 0x00, 0x32, 0x00, 0x00
    .byte 0x00, 0x00, 0x00, 0x14, 0x65, 0x28, 0x22, 0x02, 0x29, 0x00, 0xfd, 0x31, 0x00, 0x8c, 0x00, 0x00
    .byte 0x00, 0x14, 0x60, 0x28, 0x22, 0x02, 0x29, 0x00, 0xfd, 0x33, 0x00, 0x96, 0x00, 0x00, 0x00, 0x14
    .byte 0x60, 0x28, 0x22, 0x02, 0x2b, 0x00, 0x00, 0x05, 0x00, 0x01, 0x00, 0x00, 0x00, 0x28, 0x00, 0x00
    .byte 0x25, 0xaf, 0x28, 0x22, 0x02, 0x29, 0x00, 0xfd, 0x32, 0x00, 0x00, 0x10, 0x00, 0x00, 0x14, 0x84
    .byte 0x28, 0x22, 0x02, 0x2b, 0x00, 0x00, 0x05, 0x00, 0x01, 0x00, 0x00, 0x00, 0x28, 0x00, 0x00, 0x25
    .byte 0xaf, 0x28, 0x22, 0x02, 0x03, 0x00, 0x00, 0x10, 0x00, 0x00, 0x34, 0x00, 0x00, 0x00, 0x00, 0x00
    .byte 0x14, 0xaf, 0x28, 0x22, 0x02, 0x29, 0x00, 0xfd, 0x35, 0x00, 0x00, 0xf0, 0xff, 0xff, 0x14, 0xaf
    .byte 0x28, 0x22, 0x02, 0x2b, 0x00, 0x00, 0x05, 0x00, 0x01, 0x00, 0x00, 0x00, 0x28, 0x00, 0x00, 0x2b
    .byte 0x00, 0x00, 0x34, 0x00, 0x03, 0x00, 0x00, 0x00, 0x14, 0xc0, 0x28, 0x22, 0x02, 0x15, 0x0d, 0x00
    .byte 0x2c, 0x01, 0x00, 0x00, 0x00, 0x15, 0x09, 0x2c, 0x49, 0x11, 0x00, 0x00, 0x2c, 0x43, 0x11, 0x00
    .byte 0x00, 0x2c, 0x4a, 0x11, 0x00, 0x00, 0x2c, 0x02, 0x00, 0x00, 0x00, 0x20, 0x00, 0x00, 0x15, 0x73
    .byte 0x03, 0x00, 0xff, 0xff, 0xff, 0xff, 0x26, 0x00, 0x06, 0x2c, 0x01, 0x00, 0x00, 0x00, 0x2c, 0xf6
    .byte 0x28, 0x22, 0x02, 0x15, 0x29, 0x00, 0x2c, 0x08, 0x00, 0x00, 0x00, 0x2c, 0x51, 0x01, 0x00, 0x00
    .byte 0x15, 0xe0, 0x03, 0x00, 0x00, 0x00, 0x00, 0x00, 0x28, 0x00, 0x00, 0x03, 0x00, 0x01, 0x00, 0x00
    .byte 0x00, 0x28, 0x00, 0x01, 0x2c, 0x1b, 0x00, 0x00, 0x00, 0x15, 0x31, 0x18, 0x70, 0x17, 0x00, 0x2c
    .byte 0x07, 0x00, 0x00, 0x00, 0x15, 0x47, 0x18, 0x70, 0x29, 0x01, 0xf1, 0x24, 0x01, 0x80, 0x00, 0x00
    .byte 0x00, 0x23, 0x10, 0x34, 0x00, 0x20, 0x00, 0x00, 0x00, 0x14, 0x6b, 0x29, 0x22, 0x02, 0x2c, 0x1b
    .byte 0x00, 0x00, 0x00, 0x15, 0x31, 0x18, 0x70, 0x17, 0x00, 0x2c, 0x07, 0x00, 0x00, 0x00, 0x15, 0x47
    .byte 0x18, 0x70, 0x29, 0x01, 0xf1, 0x24, 0x01, 0x80, 0x00, 0x00, 0x00, 0x23, 0x10, 0x24, 0x00, 0x20
    .byte 0x00, 0x00, 0x00, 0x28, 0x00, 0x00, 0x25, 0xbd, 0x29, 0x22, 0x02, 0x2c, 0x1b, 0x00, 0x00, 0x00
    .byte 0x15, 0x31, 0x18, 0x70, 0x17, 0x00, 0x2c, 0x07, 0x00, 0x00, 0x00, 0x15, 0x47, 0x18, 0x70, 0x29
    .byte 0x01, 0xf1, 0x24, 0x01, 0x80, 0x00, 0x00, 0x00, 0x23, 0x10, 0x30, 0x00, 0xe0, 0x00, 0x00, 0x00
    .byte 0x14, 0xbd, 0x29, 0x22, 0x02, 0x2c, 0x1b, 0x00, 0x00, 0x00, 0x15, 0x31, 0x18, 0x70, 0x17, 0x00
    .byte 0x2c, 0x07, 0x00, 0x00, 0x00, 0x15, 0x47, 0x18, 0x70, 0x29, 0x01, 0xf1, 0x24, 0x01, 0x80, 0x00
    .byte 0x00, 0x00, 0x23, 0x10, 0x24, 0x00, 0xe0, 0x00, 0x00, 0x00, 0x28, 0x00, 0x00, 0x2c, 0x1b, 0x00
    .byte 0x00, 0x00, 0x15, 0x31, 0x18, 0x70, 0x17, 0x00, 0x2c, 0x08, 0x00, 0x00, 0x00, 0x15, 0x47, 0x18
    .byte 0x70, 0x2c, 0x1b, 0x00, 0x00, 0x00, 0x15, 0x31, 0x18, 0x71, 0x17, 0x10, 0x2c, 0x09, 0x00, 0x00
    .byte 0x00, 0x15, 0x47, 0x18, 0x71, 0x23, 0x10, 0x29, 0x01, 0xf2, 0x24, 0x01, 0x60, 0x00, 0x00, 0x00
    .byte 0x23, 0x10, 0x34, 0x00, 0x40, 0x00, 0x00, 0x00, 0x14, 0x40, 0x2a, 0x22, 0x02, 0x2c, 0x1b, 0x00
    .byte 0x00, 0x00, 0x15, 0x31, 0x18, 0x70, 0x17, 0x00, 0x2c, 0x08, 0x00, 0x00, 0x00, 0x15, 0x47, 0x18
    .byte 0x70, 0x2c, 0x1b, 0x00, 0x00, 0x00, 0x15, 0x31, 0x18, 0x71, 0x17, 0x10, 0x2c, 0x09, 0x00, 0x00
    .byte 0x00, 0x15, 0x47, 0x18, 0x71, 0x23, 0x10, 0x29, 0x01, 0xf2, 0x24, 0x01, 0x60, 0x00, 0x00, 0x00
    .byte 0x23, 0x10, 0x24, 0x00, 0x40, 0x00, 0x00, 0x00, 0x28, 0x00, 0x01, 0x25, 0xbe, 0x2a, 0x22, 0x02
    .byte 0x2c, 0x1b, 0x00, 0x00, 0x00, 0x15, 0x31, 0x18, 0x70, 0x17, 0x00, 0x2c, 0x08, 0x00, 0x00, 0x00
    .byte 0x15, 0x47, 0x18, 0x70, 0x2c, 0x1b, 0x00, 0x00, 0x00, 0x15, 0x31, 0x18, 0x71, 0x17, 0x10, 0x2c
    .byte 0x09, 0x00, 0x00, 0x00, 0x15, 0x47, 0x18, 0x71, 0x23, 0x10, 0x29, 0x01, 0xf2, 0x24, 0x01, 0x60
    .byte 0x00, 0x00, 0x00, 0x23, 0x10, 0x30, 0x00, 0xb0, 0x00, 0x00, 0x00, 0x14, 0xbe, 0x2a, 0x22, 0x02
    .byte 0x2c, 0x1b, 0x00, 0x00, 0x00, 0x15, 0x31, 0x18, 0x70, 0x17, 0x00, 0x2c, 0x08, 0x00, 0x00, 0x00
    .byte 0x15, 0x47, 0x18, 0x70, 0x2c, 0x1b, 0x00, 0x00, 0x00, 0x15, 0x31, 0x18, 0x71, 0x17, 0x10, 0x2c
    .byte 0x09, 0x00, 0x00, 0x00, 0x15, 0x47, 0x18, 0x71, 0x23, 0x10, 0x29, 0x01, 0xf2, 0x24, 0x01, 0x60
    .byte 0x00, 0x00, 0x00, 0x23, 0x10, 0x24, 0x00, 0xb0, 0x00, 0x00, 0x00, 0x28, 0x00, 0x01, 0x2b, 0x00
    .byte 0x00, 0x35, 0x00, 0x00, 0x00, 0x00, 0x00, 0x13, 0xda, 0x2a, 0x22, 0x02, 0x2b, 0x00, 0x01, 0x35
    .byte 0x00, 0x00, 0x00, 0x00, 0x00, 0x14, 0x05, 0x2b, 0x22, 0x02, 0x2c, 0x01, 0x00, 0x00, 0x00, 0x29
    .byte 0x00, 0xf1, 0x2b, 0x01, 0x00, 0x04, 0x10, 0x17, 0x00, 0x29, 0x00, 0xf2, 0x2b, 0x01, 0x01, 0x04
    .byte 0x10, 0x17, 0x00, 0x2c, 0x14, 0x00, 0x00, 0x00, 0x20, 0x00, 0x00, 0x15, 0x4f, 0x18, 0x70, 0x17
    .byte 0x00, 0x15, 0x07, 0x15, 0x08, 0x2c, 0x01, 0x00, 0x00, 0x00, 0x20, 0x00, 0x00, 0x15, 0x29, 0x2c
    .byte 0x1b, 0x00, 0x00, 0x00, 0x15, 0x31, 0x18, 0x70, 0x26, 0x00, 0x58, 0x20, 0x00, 0x00, 0x2c, 0x10
    .byte 0xe4, 0x21, 0x02, 0x15, 0x39, 0x20, 0x00, 0x00, 0x15, 0x42, 0x18, 0x70, 0x32, 0x00, 0x00, 0x00
    .byte 0x00, 0x00, 0x14, 0x3c, 0x2b, 0x22, 0x02, 0x01, 0x25, 0x2b, 0x22, 0x02, 0x2c, 0x1e, 0x00, 0x00
    .byte 0x00, 0x2c, 0x80, 0xa8, 0x00, 0x00, 0x2c, 0x60, 0x00, 0x00, 0x00, 0x20, 0x00, 0x00, 0x20, 0x00
    .byte 0x00, 0x15, 0x3e, 0x2c, 0x01, 0x00, 0x00, 0x00, 0x15, 0x05, 0x15, 0x16, 0x2c, 0x1e, 0x00, 0x00
    .byte 0x00, 0x15, 0x07, 0x15, 0x08, 0x20, 0x00, 0x00, 0x2c, 0x82, 0xa8, 0x00, 0x00, 0x15, 0xe0, 0x2c
    .byte 0xa7, 0x00, 0x00, 0x00, 0x15, 0x07, 0x15, 0x08, 0x20, 0x00, 0x00, 0x2c, 0x81, 0xa8, 0x00, 0x00
    .byte 0x15, 0xe0, 0x2c, 0x02, 0x00, 0x00, 0x00, 0x15, 0x05, 0x2c, 0x3c, 0x00, 0x00, 0x00, 0x15, 0x07
    .byte 0x15, 0x08, 0x2c, 0x03, 0x00, 0x00, 0x00, 0x15, 0x45, 0x15, 0x8b, 0x18, 0x70, 0x32, 0x00, 0x00
    .byte 0x00, 0x00, 0x00, 0x13, 0xad, 0x2b, 0x22, 0x02, 0x01, 0x99, 0x2b, 0x22, 0x02, 0x2c, 0x3a, 0x02
    .byte 0x00, 0x00, 0x2c, 0x01, 0x00, 0x00, 0x00, 0x20, 0x00, 0x00, 0x20, 0x00, 0x00, 0x15, 0xb8, 0x15
    .byte 0x5a, 0x20, 0x00, 0x00, 0x2c, 0xff, 0xff, 0xff, 0xff, 0x2c, 0xff, 0xff, 0xff, 0xff, 0x15, 0xdd
    .byte 0x18, 0x70, 0x14, 0xa5, 0x2c, 0x22, 0x02, 0x2c, 0x03, 0x00, 0x00, 0x00, 0x15, 0x45, 0x15, 0x8b
    .byte 0x18, 0x70, 0x32, 0x00, 0x00, 0x00, 0x00, 0x00, 0x13, 0xf2, 0x2b, 0x22, 0x02, 0x01, 0xde, 0x2b
    .byte 0x22, 0x02, 0x2c, 0x3b, 0x02, 0x00, 0x00, 0x2c, 0x01, 0x00, 0x00, 0x00, 0x20, 0x00, 0x00, 0x20
    .byte 0x00, 0x00, 0x15, 0xb8, 0x2c, 0x01, 0x00, 0x00, 0x00, 0x15, 0x07, 0x15, 0x08, 0x15, 0x5a, 0x03
    .byte 0x00, 0xec, 0xff, 0xff, 0xff, 0x26, 0x00, 0xe1, 0x15, 0x8b, 0x18, 0x70, 0x32, 0x00, 0x00, 0x00
    .byte 0x00, 0x00, 0x13, 0x2c, 0x2c, 0x22, 0x02, 0x01, 0x18, 0x2c, 0x22, 0x02, 0x2c, 0x3c, 0x02, 0x00
    .byte 0x00, 0x2c, 0x01, 0x00, 0x00, 0x00, 0x20, 0x00, 0x00, 0x20, 0x00, 0x00, 0x2c, 0x01, 0x00, 0x00
    .byte 0x00, 0x15, 0xe7, 0x2c, 0x01, 0x00, 0x00, 0x00, 0x15, 0x07, 0x15, 0x08, 0x03, 0x00, 0x00, 0x00
    .byte 0x00, 0x00, 0x26, 0x00, 0xe1, 0x2c, 0xea, 0x03, 0x00, 0x00, 0x15, 0x37, 0x18, 0x70, 0x13, 0xa5
    .byte 0x2c, 0x22, 0x02, 0x2c, 0x03, 0x00, 0x00, 0x00, 0x15, 0x45, 0x15, 0x8b, 0x18, 0x70, 0x32, 0x00
    .byte 0x00, 0x00, 0x00, 0x00, 0x13, 0x7e, 0x2c, 0x22, 0x02, 0x01, 0x6a, 0x2c, 0x22, 0x02, 0x2c, 0x3f
    .byte 0x02, 0x00, 0x00, 0x2c, 0x01, 0x00, 0x00, 0x00, 0x20, 0x00, 0x00, 0x20, 0x00, 0x00, 0x15, 0xb8
    .byte 0x15, 0x5a, 0x2c, 0x1b, 0x00, 0x00, 0x00, 0x15, 0x31, 0x18, 0x70, 0x17, 0x00, 0x2c, 0x32, 0x2e
    .byte 0x22, 0x02, 0x15, 0x39, 0x00, 0x2c, 0x1e, 0x00, 0x00, 0x00, 0x15, 0x07, 0x15, 0x08, 0x2c, 0xba
    .byte 0x03, 0x00, 0x00, 0x15, 0x35, 0x2c, 0x17, 0x00, 0x00, 0x00, 0x2c, 0x20, 0x08, 0x00, 0x00, 0x15
    .byte 0x78, 0x2c, 0x01, 0x00, 0x00, 0x00, 0x15, 0x07, 0x15, 0x08, 0x29, 0x00, 0xdc, 0x32, 0x00, 0x03
    .byte 0x00, 0x00, 0x00, 0x14, 0xe6, 0x2c, 0x22, 0x02, 0x03, 0x00, 0x00, 0x00, 0x00, 0x00, 0x26, 0x00
    .byte 0x1c, 0x25, 0x19, 0x2d, 0x22, 0x02, 0x29, 0x00, 0xdc, 0x32, 0x00, 0x04, 0x00, 0x00, 0x00, 0x14
    .byte 0x02, 0x2d, 0x22, 0x02, 0x03, 0x00, 0x05, 0x00, 0x00, 0x00, 0x26, 0x00, 0x1c, 0x25, 0x19, 0x2d
    .byte 0x22, 0x02, 0x29, 0x00, 0xdc, 0x32, 0x00, 0x05, 0x00, 0x00, 0x00, 0x14, 0x19, 0x2d, 0x22, 0x02
    .byte 0x03, 0x00, 0x0a, 0x00, 0x00, 0x00, 0x26, 0x00, 0x1c, 0x2c, 0x8a, 0x03, 0x00, 0x00, 0x15, 0x37
    .byte 0x18, 0x70, 0x14, 0x9d, 0x2d, 0x22, 0x02, 0x2c, 0x3e, 0x03, 0x00, 0x00, 0x15, 0x35, 0x2c, 0x09
    .byte 0x00, 0x00, 0x00, 0x2c, 0x59, 0x02, 0x00, 0x00, 0x2c, 0xff, 0xff, 0xff, 0xff, 0x15, 0xdd, 0x18
    .byte 0x70, 0x17, 0x00, 0x15, 0x35, 0x03, 0x00, 0x59, 0x02, 0x00, 0x00, 0x26, 0x00, 0x15, 0x2c, 0xf8
    .byte 0x03, 0x00, 0x00, 0x15, 0x35, 0x2c, 0x09, 0x00, 0x00, 0x00, 0x2c, 0x51, 0x01, 0x00, 0x00, 0x15
    .byte 0xe0, 0x15, 0x1f, 0x18, 0x70, 0x26, 0x00, 0x69, 0x15, 0x20, 0x18, 0x70, 0x26, 0x00, 0x6a, 0x15
    .byte 0x27, 0x18, 0x70, 0x26, 0x00, 0x6b, 0x2c, 0x1b, 0x00, 0x00, 0x00, 0x15, 0x31, 0x18, 0x70, 0x26
    .byte 0x00, 0xbe, 0x2c, 0x45, 0x00, 0x00, 0x00, 0x2c, 0x00, 0x01, 0x00, 0x00, 0x2c, 0x00, 0x01, 0x00
    .byte 0x00, 0x20, 0x00, 0x00, 0x15, 0x4a, 0x15, 0x0d, 0x25, 0x31, 0x2e, 0x22, 0x02, 0x2c, 0x01, 0x00
    .byte 0x00, 0x00, 0x2c, 0x03, 0x00, 0x00, 0x00, 0x15, 0x4b, 0x2c, 0x01, 0x00, 0x00, 0x00, 0x15, 0x4c
    .byte 0x18, 0x70, 0x32, 0x00, 0x00, 0x00, 0x00, 0x00, 0x13, 0xc2, 0x2d, 0x22, 0x02, 0x01, 0xa9, 0x2d
    .byte 0x22, 0x02, 0x2c, 0x03, 0x00, 0x00, 0x00, 0x15, 0x45, 0x29, 0x00, 0xdc, 0x32, 0x00, 0x00, 0x00
    .byte 0x00, 0x00, 0x14, 0x04, 0x2e, 0x22, 0x02, 0x15, 0x8b, 0x18, 0x70, 0x32, 0x00, 0x00, 0x00, 0x00
    .byte 0x00, 0x13, 0xeb, 0x2d, 0x22, 0x02, 0x01, 0xd7, 0x2d, 0x22, 0x02, 0x2c, 0x3f, 0x02, 0x00, 0x00
    .byte 0x2c, 0x01, 0x00, 0x00, 0x00, 0x20, 0x00, 0x00, 0x20, 0x00, 0x00, 0x15, 0xb8, 0x15, 0x5a, 0x25
    .byte 0x2c, 0x2e, 0x22, 0x02, 0x15, 0x8b, 0x18, 0x70, 0x32, 0x00, 0x00, 0x00, 0x00, 0x00, 0x13, 0x18
    .byte 0x2e, 0x22, 0x02, 0x01, 0x04, 0x2e, 0x22, 0x02, 0x2c, 0x3d, 0x02, 0x00, 0x00, 0x2c, 0x01, 0x00
    .byte 0x00, 0x00, 0x20, 0x00, 0x00, 0x20, 0x00, 0x00, 0x15, 0xb8, 0x15, 0x5a, 0x01, 0x32, 0x2e, 0x22
    .byte 0x02, 0x00, 0x2c, 0x05, 0x00, 0x00, 0x00, 0x15, 0x05, 0x20, 0x00, 0x00, 0x2c, 0x83, 0xa8, 0x00
    .byte 0x00, 0x15, 0xe0, 0x20, 0x00, 0x00, 0x20, 0x00, 0x00, 0x2c, 0x80, 0x00, 0x00, 0x00, 0x2c, 0x14
    .byte 0x00, 0x00, 0x00, 0x20, 0x00, 0x00, 0x2c, 0x01, 0x00, 0x00, 0x00, 0x15, 0x1a, 0x15, 0x21, 0x20
    .byte 0x00, 0x00, 0x15, 0x09, 0x2b, 0x00, 0x00, 0x35, 0x00, 0x00, 0x00, 0x00, 0x00, 0x13, 0x80, 0x2e
    .byte 0x22, 0x02, 0x2b, 0x00, 0x01, 0x35, 0x00, 0x00, 0x00, 0x00, 0x00, 0x14, 0xb0, 0x2e, 0x22, 0x02
    .byte 0x2c, 0x02, 0x00, 0x00, 0x00, 0x2c, 0x14, 0x00, 0x00, 0x00, 0x20, 0x00, 0x00, 0x20, 0x00, 0x00
    .byte 0x20, 0x00, 0x00, 0x15, 0x4f, 0x18, 0x70, 0x17, 0x00, 0x15, 0x07, 0x15, 0x08, 0x2c, 0x03, 0x00
    .byte 0x00, 0x00, 0x20, 0x00, 0x00, 0x20, 0x00, 0x00, 0x20, 0x00, 0x00, 0x20, 0x00, 0x00, 0x15, 0x4f
    .byte 0x2c, 0x09, 0x00, 0x00, 0x00, 0x2c, 0x51, 0x01, 0x00, 0x00, 0x15, 0xe0, 0x2c, 0x1b, 0x00, 0x00
    .byte 0x00, 0x15, 0x31, 0x18, 0x70, 0x17, 0x00, 0x2c, 0x75, 0xe4, 0x21, 0x02, 0x15, 0x39, 0x00, 0x00
    .byte 0x2c, 0x01, 0x00, 0x00, 0x00, 0x15, 0x06, 0x00, 0x20, 0x00, 0x00, 0x15, 0x09, 0x03, 0x00, 0x01
    .byte 0x00, 0x00, 0x00, 0x28, 0x00, 0x00, 0x01, 0x3f, 0x2f, 0x22, 0x02, 0x2c, 0x01, 0x00, 0x00, 0x00
    .byte 0x15, 0x06, 0x03, 0x00, 0x02, 0x00, 0x00, 0x00, 0x28, 0x00, 0x00, 0x01, 0x3f, 0x2f, 0x22, 0x02
    .byte 0x2c, 0x01, 0x00, 0x00, 0x00, 0x15, 0x06, 0x03, 0x00, 0x04, 0x00, 0x00, 0x00, 0x28, 0x00, 0x00
    .byte 0x01, 0x3f, 0x2f, 0x22, 0x02, 0x2c, 0x01, 0x00, 0x00, 0x00, 0x15, 0x06, 0x03, 0x00, 0x05, 0x00
    .byte 0x00, 0x00, 0x28, 0x00, 0x00, 0x01, 0x3f, 0x2f, 0x22, 0x02, 0x2c, 0x01, 0x00, 0x00, 0x00, 0x15
    .byte 0x06, 0x03, 0x00, 0x06, 0x00, 0x00, 0x00, 0x28, 0x00, 0x00, 0x01, 0x3f, 0x2f, 0x22, 0x02, 0x2a
    .byte 0x00, 0x01, 0x35, 0x00, 0x00, 0x00, 0x00, 0x00, 0x14, 0x52, 0x2f, 0x22, 0x02, 0x01, 0x3f, 0x2f
    .byte 0x22, 0x02, 0x15, 0x10, 0x18, 0x70, 0x17, 0x00, 0x15, 0x11, 0x18, 0x70, 0x17, 0x00, 0x20, 0x00
    .byte 0x00, 0x15, 0x1f, 0x18, 0x70, 0x17, 0x00, 0x15, 0x20, 0x18, 0x70, 0x17, 0x00, 0x20, 0x00, 0x00
    .byte 0x15, 0x65, 0x18, 0x70, 0x30, 0x00, 0x96, 0x00, 0x00, 0x00, 0x14, 0x84, 0x2f, 0x22, 0x02, 0x01
    .byte 0x3f, 0x2f, 0x22, 0x02, 0x2b, 0x00, 0x00, 0x27, 0x00, 0x01, 0x2c, 0x1a, 0x00, 0x00, 0x00, 0x2c
    .byte 0x00, 0xdd, 0x00, 0x00, 0x20, 0x00, 0x00, 0x2c, 0xaa, 0x00, 0x00, 0x00, 0x15, 0x0c, 0x15, 0x10
    .byte 0x18, 0x70, 0x17, 0x00, 0x15, 0x11, 0x18, 0x70, 0x17, 0x00, 0x20, 0x00, 0x00, 0x15, 0x1f, 0x18
    .byte 0x70, 0x17, 0x00, 0x15, 0x20, 0x18, 0x70, 0x17, 0x00, 0x20, 0x00, 0x00, 0x15, 0x65, 0x18, 0x70
    .byte 0x33, 0x00, 0x96, 0x00, 0x00, 0x00, 0x14, 0xd0, 0x2f, 0x22, 0x02, 0x01, 0x9e, 0x2f, 0x22, 0x02
    .byte 0x2c, 0x01, 0x00, 0x00, 0x00, 0x2c, 0x00, 0xdd, 0x00, 0x00, 0x15, 0xe0, 0x03, 0x00, 0x00, 0x00
    .byte 0x00, 0x00, 0x27, 0x00, 0x01, 0x01, 0x3f, 0x2f, 0x22, 0x02, 0x00, 0x2c, 0x08, 0x00, 0x00, 0x00
    .byte 0x2c, 0x65, 0x00, 0x00, 0x00, 0x15, 0xe0, 0x2c, 0x14, 0x00, 0x00, 0x00, 0x15, 0x07, 0x15, 0x08
    .byte 0x03, 0x00, 0x00, 0x00, 0x00, 0x00, 0x28, 0x00, 0x00, 0x2b, 0x00, 0x00, 0x29, 0x01, 0xbe, 0x1e
    .byte 0x10, 0x14, 0x3a, 0x30, 0x22, 0x02, 0x20, 0x00, 0x00, 0x2c, 0x80, 0x32, 0x00, 0x00, 0x15, 0xe0
    .byte 0x2c, 0x0f, 0x00, 0x00, 0x00, 0x15, 0x07, 0x15, 0x08, 0x2b, 0x00, 0x00, 0x05, 0x00, 0x01, 0x00
    .byte 0x00, 0x00, 0x28, 0x00, 0x00, 0x25, 0x09, 0x30, 0x22, 0x02, 0x2c, 0x09, 0x00, 0x00, 0x00, 0x2c
    .byte 0x65, 0x00, 0x00, 0x00, 0x15, 0xe0, 0x00, 0x20, 0x00, 0x00, 0x15, 0x09, 0x03, 0x00, 0x90, 0x00
    .byte 0x00, 0x00, 0x28, 0x00, 0x00, 0x03, 0x00, 0x7f, 0x01, 0x00, 0x00, 0x28, 0x00, 0x01, 0x03, 0x00
    .byte 0x00, 0x00, 0x00, 0x00, 0x28, 0x00, 0x02, 0x2f, 0x00, 0x2b, 0x00, 0x01, 0x2b, 0x01, 0x02, 0x04
    .byte 0x10, 0x17, 0x00, 0x2f, 0x02, 0x15, 0x02, 0x20, 0x00, 0x00, 0x2c, 0x20, 0x00, 0x00, 0x00, 0x15
    .byte 0x32, 0x2c, 0x01, 0x00, 0x00, 0x00, 0x2c, 0x02, 0x00, 0x00, 0x00, 0x15, 0x32, 0x2c, 0x01, 0x00
    .byte 0x00, 0x00, 0x15, 0x7d, 0x2c, 0x02, 0x00, 0x00, 0x00, 0x2c, 0x1a, 0x31, 0x22, 0x02, 0x15, 0x29
    .byte 0x15, 0x27, 0x18, 0x70, 0x32, 0x00, 0x00, 0x00, 0x00, 0x00, 0x14, 0xdf, 0x30, 0x22, 0x02, 0x03
    .byte 0x00, 0x90, 0x00, 0x00, 0x00, 0x28, 0x00, 0x00, 0x03, 0x00, 0x7f, 0x01, 0x00, 0x00, 0x28, 0x00
    .byte 0x01, 0x03, 0x00, 0x00, 0x00, 0x00, 0x00, 0x28, 0x00, 0x02, 0x2f, 0x00, 0x2b, 0x00, 0x01, 0x2b
    .byte 0x01, 0x02, 0x04, 0x10, 0x17, 0x00, 0x2f, 0x02, 0x15, 0x02, 0x25, 0x0a, 0x31, 0x22, 0x02, 0x03
    .byte 0x00, 0x90, 0x00, 0x00, 0x00, 0x28, 0x00, 0x00, 0x03, 0x00, 0xdf, 0x00, 0x00, 0x00, 0x28, 0x00
    .byte 0x01, 0x03, 0x00, 0xa0, 0x00, 0x00, 0x00, 0x28, 0x00, 0x02, 0x2f, 0x00, 0x2b, 0x00, 0x01, 0x2b
    .byte 0x01, 0x02, 0x04, 0x10, 0x17, 0x00, 0x2f, 0x02, 0x15, 0x02, 0x01, 0xa0, 0x30, 0x22, 0x02, 0x2c
    .byte 0x02, 0x00, 0x00, 0x00, 0x20, 0x00, 0x00, 0x15, 0x29, 0x00, 0x2c, 0xee, 0x03, 0x00, 0x00, 0x15
    .byte 0x37, 0x18, 0x70, 0x14, 0x29, 0x31, 0x22, 0x02, 0x00, 0x2c, 0x02, 0x04, 0x00, 0x00, 0x15, 0x37
    .byte 0x18, 0x70, 0x14, 0x38, 0x31, 0x22, 0x02, 0x00, 0x20, 0x00, 0x00, 0x15, 0x9b, 0x18, 0x70, 0x14
    .byte 0x58, 0x31, 0x22, 0x02, 0x20, 0x00, 0x00, 0x2c, 0xff, 0xff, 0xff, 0xff, 0x2c, 0xff, 0xff, 0xff
    .byte 0xff, 0x2c, 0xff, 0xff, 0xff, 0xff, 0x15, 0x89, 0x15, 0x1f, 0x18, 0x70, 0x28, 0x00, 0x03, 0x15
    .byte 0x20, 0x18, 0x70, 0x28, 0x00, 0x04, 0x15, 0x27, 0x18, 0x70, 0x28, 0x00, 0x05, 0x03, 0x00, 0x00
    .byte 0x00, 0x00, 0x00, 0x28, 0x00, 0x06, 0x15, 0x27, 0x18, 0x70, 0x32, 0x00, 0x00, 0x00, 0x00, 0x00
    .byte 0x14, 0xe5, 0x32, 0x22, 0x02, 0x20, 0x00, 0x00, 0x2c, 0x47, 0x34, 0x22, 0x02, 0x15, 0x39, 0x20
    .byte 0x00, 0x00, 0x15, 0x42, 0x18, 0x70, 0x32, 0x00, 0x00, 0x00, 0x00, 0x00, 0x14, 0xa6, 0x31, 0x22
    .byte 0x02, 0x01, 0x8f, 0x31, 0x22, 0x02, 0x20, 0x00, 0x00, 0x2c, 0xff, 0xff, 0xff, 0xff, 0x2c, 0xff
    .byte 0xff, 0xff, 0xff, 0x15, 0xdd, 0x18, 0x70, 0x14, 0x98, 0x32, 0x22, 0x02, 0x2c, 0x03, 0x00, 0x00
    .byte 0x00, 0x2c, 0xff, 0xff, 0xff, 0xff, 0x2c, 0xff, 0xff, 0xff, 0xff, 0x15, 0xdd, 0x18, 0x70, 0x32
    .byte 0x00, 0x00, 0x00, 0x00, 0x00, 0x14, 0x98, 0x32, 0x22, 0x02, 0x03, 0x00, 0xa0, 0x00, 0x00, 0x00
    .byte 0x30, 0x00, 0x10, 0x00, 0x00, 0x00, 0x14, 0x98, 0x32, 0x22, 0x02, 0x15, 0x6f, 0x18, 0x70, 0x2b
    .byte 0x01, 0x05, 0x1c, 0x10, 0x14, 0x98, 0x32, 0x22, 0x02, 0x15, 0x10, 0x18, 0x70, 0x17, 0x00, 0x15
    .byte 0x11, 0x18, 0x70, 0x17, 0x00, 0x20, 0x00, 0x00, 0x15, 0x6d, 0x18, 0x70, 0x17, 0x00, 0x15, 0x6e
    .byte 0x18, 0x70, 0x17, 0x00, 0x20, 0x00, 0x00, 0x15, 0x65, 0x18, 0x70, 0x28, 0x00, 0x03, 0x2b, 0x00
    .byte 0x03, 0x33, 0x00, 0x40, 0x00, 0x00, 0x00, 0x14, 0x55, 0x32, 0x22, 0x02, 0x15, 0x6e, 0x18, 0x70
    .byte 0x15, 0x11, 0x18, 0x71, 0x1b, 0x10, 0x14, 0x55, 0x32, 0x22, 0x02, 0x2c, 0x01, 0x00, 0x00, 0x00
    .byte 0x2c, 0x6e, 0x37, 0x22, 0x02, 0x15, 0x39, 0x03, 0x00, 0x01, 0x00, 0x00, 0x00, 0x28, 0x00, 0x06
    .byte 0x25, 0x98, 0x32, 0x22, 0x02, 0x2b, 0x00, 0x03, 0x33, 0x00, 0x80, 0x00, 0x00, 0x00, 0x14, 0x98
    .byte 0x32, 0x22, 0x02, 0x15, 0x6e, 0x18, 0x70, 0x15, 0x11, 0x18, 0x71, 0x1b, 0x10, 0x14, 0x83, 0x32
    .byte 0x22, 0x02, 0x2c, 0x01, 0x00, 0x00, 0x00, 0x2c, 0x7c, 0x37, 0x22, 0x02, 0x15, 0x39, 0x25, 0x8f
    .byte 0x32, 0x22, 0x02, 0x2c, 0x01, 0x00, 0x00, 0x00, 0x2c, 0x8a, 0x37, 0x22, 0x02, 0x15, 0x39, 0x03
    .byte 0x00, 0x01, 0x00, 0x00, 0x00, 0x28, 0x00, 0x06, 0x20, 0x00, 0x00, 0x2c, 0xee, 0x34, 0x22, 0x02
    .byte 0x15, 0x39, 0x20, 0x00, 0x00, 0x15, 0x42, 0x18, 0x70, 0x32, 0x00, 0x00, 0x00, 0x00, 0x00, 0x14
    .byte 0xb9, 0x32, 0x22, 0x02, 0x01, 0xa2, 0x32, 0x22, 0x02, 0x2b, 0x00, 0x06, 0x32, 0x00, 0x01, 0x00
    .byte 0x00, 0x00, 0x14, 0xe0, 0x32, 0x22, 0x02, 0x2c, 0x01, 0x00, 0x00, 0x00, 0x15, 0x42, 0x18, 0x70
    .byte 0x32, 0x00, 0x00, 0x00, 0x00, 0x00, 0x14, 0xe0, 0x32, 0x22, 0x02, 0x01, 0xc7, 0x32, 0x22, 0x02
    .byte 0x25, 0x46, 0x34, 0x22, 0x02, 0x20, 0x00, 0x00, 0x2c, 0xa6, 0x35, 0x22, 0x02, 0x15, 0x39, 0x20
    .byte 0x00, 0x00, 0x15, 0x42, 0x18, 0x70, 0x32, 0x00, 0x00, 0x00, 0x00, 0x00, 0x14, 0x06, 0x33, 0x22
    .byte 0x02, 0x01, 0xef, 0x32, 0x22, 0x02, 0x20, 0x00, 0x00, 0x2c, 0xff, 0xff, 0xff, 0xff, 0x2c, 0xff
    .byte 0xff, 0xff, 0xff, 0x15, 0xdd, 0x18, 0x70, 0x14, 0xfe, 0x33, 0x22, 0x02, 0x2c, 0x03, 0x00, 0x00
    .byte 0x00, 0x2c, 0xff, 0xff, 0xff, 0xff, 0x2c, 0xff, 0xff, 0xff, 0xff, 0x15, 0xdd, 0x18, 0x70, 0x32
    .byte 0x00, 0x00, 0x00, 0x00, 0x00, 0x14, 0xfe, 0x33, 0x22, 0x02, 0x03, 0x00, 0xa0, 0x00, 0x00, 0x00
    .byte 0x30, 0x00, 0x10, 0x00, 0x00, 0x00, 0x14, 0xfe, 0x33, 0x22, 0x02, 0x15, 0x6f, 0x18, 0x70, 0x2b
    .byte 0x01, 0x05, 0x1c, 0x10, 0x14, 0xfe, 0x33, 0x22, 0x02, 0x15, 0x10, 0x18, 0x70, 0x17, 0x00, 0x15
    .byte 0x11, 0x18, 0x70, 0x17, 0x00, 0x20, 0x00, 0x00, 0x15, 0x6d, 0x18, 0x70, 0x17, 0x00, 0x15, 0x6e
    .byte 0x18, 0x70, 0x17, 0x00, 0x20, 0x00, 0x00, 0x15, 0x65, 0x18, 0x70, 0x28, 0x00, 0x03, 0x2b, 0x00
    .byte 0x03, 0x33, 0x00, 0x40, 0x00, 0x00, 0x00, 0x14, 0xb5, 0x33, 0x22, 0x02, 0x15, 0x6e, 0x18, 0x70
    .byte 0x15, 0x11, 0x18, 0x71, 0x1d, 0x10, 0x14, 0xb5, 0x33, 0x22, 0x02, 0x2c, 0x01, 0x00, 0x00, 0x00
    .byte 0x2c, 0x5b, 0x39, 0x22, 0x02, 0x15, 0x39, 0x03, 0x00, 0x01, 0x00, 0x00, 0x00, 0x28, 0x00, 0x06
    .byte 0x25, 0xfe, 0x33, 0x22, 0x02, 0x2b, 0x00, 0x03, 0x33, 0x00, 0x80, 0x00, 0x00, 0x00, 0x14, 0xfe
    .byte 0x33, 0x22, 0x02, 0x15, 0x6e, 0x18, 0x70, 0x15, 0x11, 0x18, 0x71, 0x24, 0x01, 0x10, 0x00, 0x00
    .byte 0x00, 0x1d, 0x10, 0x14, 0xe9, 0x33, 0x22, 0x02, 0x2c, 0x01, 0x00, 0x00, 0x00, 0x2c, 0x69, 0x39
    .byte 0x22, 0x02, 0x15, 0x39, 0x25, 0xf5, 0x33, 0x22, 0x02, 0x2c, 0x01, 0x00, 0x00, 0x00, 0x2c, 0x77
    .byte 0x39, 0x22, 0x02, 0x15, 0x39, 0x03, 0x00, 0x01, 0x00, 0x00, 0x00, 0x28, 0x00, 0x06, 0x20, 0x00
    .byte 0x00, 0x2c, 0x16, 0x36, 0x22, 0x02, 0x15, 0x39, 0x20, 0x00, 0x00, 0x15, 0x42, 0x18, 0x70, 0x32
    .byte 0x00, 0x00, 0x00, 0x00, 0x00, 0x14, 0x1f, 0x34, 0x22, 0x02, 0x01, 0x08, 0x34, 0x22, 0x02, 0x2b
    .byte 0x00, 0x06, 0x32, 0x00, 0x01, 0x00, 0x00, 0x00, 0x14, 0x46, 0x34, 0x22, 0x02, 0x2c, 0x01, 0x00
    .byte 0x00, 0x00, 0x15, 0x42, 0x18, 0x70, 0x32, 0x00, 0x00, 0x00, 0x00, 0x00, 0x14, 0x46, 0x34, 0x22
    .byte 0x02, 0x01, 0x2d, 0x34, 0x22, 0x02, 0x00, 0x03, 0x00, 0x0a, 0x00, 0x00, 0x00, 0x26, 0x00, 0xbe
    .byte 0x2c, 0x03, 0x00, 0x00, 0x00, 0x2c, 0xeb, 0x2f, 0x22, 0x02, 0x15, 0x39, 0x20, 0x00, 0x00, 0x15
    .byte 0x18, 0x20, 0x00, 0x00, 0x15, 0x19, 0x2c, 0x01, 0x00, 0x00, 0x00, 0x15, 0xa9, 0x2c, 0x00, 0x10
    .byte 0x00, 0x00, 0x2c, 0x01, 0x10, 0x00, 0x00, 0x2c, 0x02, 0x10, 0x00, 0x00, 0x2c, 0x02, 0x00, 0x00
    .byte 0x00, 0x20, 0x00, 0x00, 0x15, 0x73, 0x2c, 0x80, 0x01, 0x00, 0x00, 0x15, 0x17, 0x2c, 0x01, 0x00
    .byte 0x00, 0x00, 0x15, 0x2b, 0x2c, 0x90, 0x00, 0x00, 0x00, 0x2c, 0x7f, 0x01, 0x00, 0x00, 0x20, 0x00
    .byte 0x00, 0x2c, 0x00, 0x18, 0x00, 0x00, 0x2c, 0x05, 0x00, 0x00, 0x00, 0x2c, 0x01, 0x00, 0x00, 0x00
    .byte 0x15, 0x1a, 0x15, 0x21, 0x2c, 0x11, 0x10, 0x00, 0x00, 0x2c, 0x01, 0x10, 0x00, 0x00, 0x2c, 0x12
    .byte 0x10, 0x00, 0x00, 0x2c, 0x02, 0x00, 0x00, 0x00, 0x2c, 0x1c, 0x00, 0x00, 0x00, 0x15, 0x73, 0x2c
    .byte 0x00, 0x01, 0x00, 0x00, 0x15, 0x17, 0x2c, 0x1c, 0x00, 0x00, 0x00, 0x15, 0x05, 0x20, 0x00, 0x00
    .byte 0x15, 0x06, 0x15, 0x16, 0x2c, 0x0a, 0x00, 0x00, 0x00, 0x15, 0x07, 0x15, 0x08, 0x00, 0x03, 0x00
    .byte 0xa0, 0x00, 0x00, 0x00, 0x31, 0x00, 0x20, 0x00, 0x00, 0x00, 0x14, 0x34, 0x35, 0x22, 0x02, 0x2c
    .byte 0x1d, 0x00, 0x00, 0x00, 0x15, 0x05, 0x2c, 0x01, 0x00, 0x00, 0x00, 0x15, 0x06, 0x20, 0x00, 0x00
    .byte 0x15, 0x2b, 0x2c, 0x90, 0x00, 0x00, 0x00, 0x2c, 0x6f, 0x01, 0x00, 0x00, 0x2c, 0x88, 0x00, 0x00
    .byte 0x00, 0x2c, 0x00, 0x10, 0x00, 0x00, 0x2c, 0x05, 0x00, 0x00, 0x00, 0x2c, 0x01, 0x00, 0x00, 0x00
    .byte 0x15, 0x1a, 0x15, 0x21, 0x2c, 0x1b, 0x00, 0x00, 0x00, 0x15, 0x05, 0x20, 0x00, 0x00, 0x15, 0x06
    .byte 0x20, 0x00, 0x00, 0x15, 0x2b, 0x2c, 0x90, 0x00, 0x00, 0x00, 0x2c, 0x6f, 0x01, 0x00, 0x00, 0x2c
    .byte 0xa0, 0x00, 0x00, 0x00, 0x2c, 0x00, 0x10, 0x00, 0x00, 0x2c, 0x05, 0x00, 0x00, 0x00, 0x2c, 0x01
    .byte 0x00, 0x00, 0x00, 0x15, 0x1a, 0x15, 0x21, 0x2c, 0x01, 0x00, 0x00, 0x00, 0x15, 0x18, 0x2c, 0x01
    .byte 0x00, 0x00, 0x00, 0x15, 0x19, 0x20, 0x00, 0x00, 0x15, 0xa9, 0x2c, 0x00, 0x10, 0x00, 0x00, 0x2c
    .byte 0x01, 0x10, 0x00, 0x00, 0x2c, 0x02, 0x10, 0x00, 0x00, 0x2c, 0x02, 0x00, 0x00, 0x00, 0x2c, 0x0c
    .byte 0x00, 0x00, 0x00, 0x15, 0x73, 0x2c, 0x00, 0x01, 0x00, 0x00, 0x15, 0x17, 0x2c, 0x01, 0x00, 0x00
    .byte 0x00, 0x15, 0x06, 0x15, 0x28, 0x00, 0x03, 0x00, 0x0a, 0x00, 0x00, 0x00, 0x26, 0x00, 0xbe, 0x2c
    .byte 0x03, 0x00, 0x00, 0x00, 0x2c, 0xeb, 0x2f, 0x22, 0x02, 0x15, 0x39, 0x2c, 0x01, 0x00, 0x00, 0x00
    .byte 0x15, 0xa9, 0x20, 0x00, 0x00, 0x15, 0x18, 0x20, 0x00, 0x00, 0x15, 0x19, 0x2c, 0x00, 0x10, 0x00
    .byte 0x00, 0x2c, 0x01, 0x10, 0x00, 0x00, 0x2c, 0x02, 0x10, 0x00, 0x00, 0x2c, 0x02, 0x00, 0x00, 0x00
    .byte 0x20, 0x00, 0x00, 0x15, 0x73, 0x2c, 0x01, 0x00, 0x00, 0x00, 0x15, 0x2b, 0x2c, 0x80, 0x01, 0x00
    .byte 0x00, 0x15, 0x17, 0x2c, 0x90, 0x00, 0x00, 0x00, 0x2c, 0x7f, 0x01, 0x00, 0x00, 0x2c, 0xa0, 0x00
    .byte 0x00, 0x00, 0x2c, 0x00, 0x18, 0x00, 0x00, 0x2c, 0x05, 0x00, 0x00, 0x00, 0x2c, 0x01, 0x00, 0x00
    .byte 0x00, 0x15, 0x1a, 0x15, 0x21, 0x00, 0x2c, 0x11, 0x10, 0x00, 0x00, 0x2c, 0x01, 0x10, 0x00, 0x00
    .byte 0x2c, 0x12, 0x10, 0x00, 0x00, 0x2c, 0x02, 0x00, 0x00, 0x00, 0x2c, 0x1b, 0x00, 0x00, 0x00, 0x15
    .byte 0x73, 0x2c, 0x00, 0x01, 0x00, 0x00, 0x15, 0x17, 0x20, 0x00, 0x00, 0x15, 0x2b, 0x20, 0x00, 0x00
    .byte 0x2c, 0x01, 0x00, 0x00, 0x00, 0x15, 0x38, 0x03, 0x00, 0xa0, 0x00, 0x00, 0x00, 0x33, 0x00, 0x10
    .byte 0x00, 0x00, 0x00, 0x14, 0x7d, 0x36, 0x22, 0x02, 0x2c, 0x90, 0x00, 0x00, 0x00, 0x2c, 0x7f, 0x01
    .byte 0x00, 0x00, 0x20, 0x00, 0x00, 0x2c, 0x00, 0x20, 0x00, 0x00, 0x2c, 0x05, 0x00, 0x00, 0x00, 0x2c
    .byte 0x01, 0x00, 0x00, 0x00, 0x15, 0x1a, 0x15, 0x21, 0x25, 0xd2, 0x36, 0x22, 0x02, 0x2c, 0x90, 0x00
    .byte 0x00, 0x00, 0x2c, 0x7f, 0x01, 0x00, 0x00, 0x2c, 0x94, 0x00, 0x00, 0x00, 0x2c, 0x00, 0x10, 0x00
    .byte 0x00, 0x2c, 0x05, 0x00, 0x00, 0x00, 0x2c, 0x01, 0x00, 0x00, 0x00, 0x15, 0x1a, 0x15, 0x21, 0x2c
    .byte 0x1d, 0x00, 0x00, 0x00, 0x15, 0x05, 0x2c, 0x01, 0x00, 0x00, 0x00, 0x15, 0x06, 0x20, 0x00, 0x00
    .byte 0x15, 0x2b, 0x2c, 0x90, 0x00, 0x00, 0x00, 0x2c, 0x7f, 0x01, 0x00, 0x00, 0x20, 0x00, 0x00, 0x2c
    .byte 0x00, 0x10, 0x00, 0x00, 0x2c, 0x05, 0x00, 0x00, 0x00, 0x2c, 0x01, 0x00, 0x00, 0x00, 0x15, 0x1a
    .byte 0x15, 0x21, 0x2c, 0x01, 0x00, 0x00, 0x00, 0x20, 0x00, 0x00, 0x15, 0x38, 0x2c, 0x02, 0x00, 0x00
    .byte 0x00, 0x2c, 0x57, 0x00, 0x00, 0x00, 0x15, 0xe0, 0x2c, 0x09, 0x10, 0x00, 0x00, 0x2c, 0x01, 0x10
    .byte 0x00, 0x00, 0x2c, 0x0a, 0x10, 0x00, 0x00, 0x2c, 0x02, 0x00, 0x00, 0x00, 0x2c, 0x18, 0x00, 0x00
    .byte 0x00, 0x15, 0x73, 0x2c, 0x00, 0x01, 0x00, 0x00, 0x15, 0x17, 0x15, 0x16, 0x2c, 0x00, 0x10, 0x00
    .byte 0x00, 0x2c, 0x01, 0x10, 0x00, 0x00, 0x2c, 0x02, 0x10, 0x00, 0x00, 0x2c, 0x02, 0x00, 0x00, 0x00
    .byte 0x20, 0x00, 0x00, 0x15, 0x73, 0x2c, 0x00, 0x01, 0x00, 0x00, 0x15, 0x17, 0x2c, 0x01, 0x00, 0x00
    .byte 0x00, 0x15, 0x2b, 0x20, 0x00, 0x00, 0x2c, 0x0c, 0x00, 0x00, 0x00, 0x20, 0x00, 0x00, 0x2c, 0x70
    .byte 0x17, 0x00, 0x00, 0x2c, 0x04, 0x00, 0x00, 0x00, 0x2c, 0x01, 0x00, 0x00, 0x00, 0x15, 0x1a, 0x15
    .byte 0x21, 0x2c, 0x08, 0x00, 0x00, 0x00, 0x15, 0x05, 0x2c, 0x01, 0x00, 0x00, 0x00, 0x15, 0x18, 0x2c
    .byte 0x01, 0x00, 0x00, 0x00, 0x15, 0x19, 0x20, 0x00, 0x00, 0x15, 0xa9, 0x15, 0x28, 0x00, 0x03, 0x00
    .byte 0x00, 0x00, 0x00, 0x00, 0x28, 0x00, 0x00, 0x01, 0x98, 0x37, 0x22, 0x02, 0x03, 0x00, 0x01, 0x00
    .byte 0x00, 0x00, 0x28, 0x00, 0x00, 0x01, 0x98, 0x37, 0x22, 0x02, 0x03, 0x00, 0x02, 0x00, 0x00, 0x00
    .byte 0x28, 0x00, 0x00, 0x01, 0x98, 0x37, 0x22, 0x02, 0x15, 0x28, 0x2c, 0x14, 0x00, 0x00, 0x00, 0x15
    .byte 0x07, 0x15, 0x08, 0x20, 0x00, 0x00, 0x15, 0x18, 0x20, 0x00, 0x00, 0x15, 0x19, 0x2c, 0x01, 0x00
    .byte 0x00, 0x00, 0x15, 0xa9, 0x2c, 0x00, 0x01, 0x00, 0x00, 0x15, 0x17, 0x2c, 0x01, 0x00, 0x00, 0x00
    .byte 0x15, 0x2b, 0x2b, 0x00, 0x00, 0x32, 0x00, 0x00, 0x00, 0x00, 0x00, 0x14, 0xf5, 0x37, 0x22, 0x02
    .byte 0x2c, 0x90, 0x00, 0x00, 0x00, 0x2c, 0x7f, 0x01, 0x00, 0x00, 0x20, 0x00, 0x00, 0x2c, 0x00, 0x20
    .byte 0x00, 0x00, 0x2c, 0x05, 0x00, 0x00, 0x00, 0x2c, 0x01, 0x00, 0x00, 0x00, 0x15, 0x1a, 0x15, 0x21
    .byte 0x25, 0x8c, 0x38, 0x22, 0x02, 0x2b, 0x00, 0x00, 0x32, 0x00, 0x01, 0x00, 0x00, 0x00, 0x14, 0x4a
    .byte 0x38, 0x22, 0x02, 0x2c, 0x90, 0x00, 0x00, 0x00, 0x15, 0x11, 0x18, 0x70, 0x17, 0x00, 0x20, 0x00
    .byte 0x00, 0x2c, 0x00, 0x20, 0x00, 0x00, 0x2c, 0x05, 0x00, 0x00, 0x00, 0x2c, 0x01, 0x00, 0x00, 0x00
    .byte 0x15, 0x1a, 0x15, 0x21, 0x15, 0x10, 0x18, 0x70, 0x17, 0x00, 0x2c, 0x7f, 0x01, 0x00, 0x00, 0x20
    .byte 0x00, 0x00, 0x2c, 0x00, 0x20, 0x00, 0x00, 0x2c, 0x05, 0x00, 0x00, 0x00, 0x2c, 0x01, 0x00, 0x00
    .byte 0x00, 0x15, 0x1a, 0x15, 0x21, 0x25, 0x8c, 0x38, 0x22, 0x02, 0x15, 0x10, 0x18, 0x70, 0x17, 0x00
    .byte 0x2c, 0x7f, 0x01, 0x00, 0x00, 0x20, 0x00, 0x00, 0x2c, 0x00, 0x20, 0x00, 0x00, 0x2c, 0x05, 0x00
    .byte 0x00, 0x00, 0x2c, 0x01, 0x00, 0x00, 0x00, 0x15, 0x1a, 0x15, 0x21, 0x2c, 0x90, 0x00, 0x00, 0x00
    .byte 0x15, 0x11, 0x18, 0x70, 0x17, 0x00, 0x20, 0x00, 0x00, 0x2c, 0x00, 0x20, 0x00, 0x00, 0x2c, 0x05
    .byte 0x00, 0x00, 0x00, 0x2c, 0x01, 0x00, 0x00, 0x00, 0x15, 0x1a, 0x15, 0x21, 0x20, 0x00, 0x00, 0x2c
    .byte 0x01, 0x00, 0x00, 0x00, 0x15, 0x38, 0x03, 0x00, 0x0a, 0x00, 0x00, 0x00, 0x26, 0x00, 0xbe, 0x2c
    .byte 0x03, 0x00, 0x00, 0x00, 0x2c, 0xeb, 0x2f, 0x22, 0x02, 0x15, 0x39, 0x2c, 0x16, 0x00, 0x00, 0x00
    .byte 0x15, 0x05, 0x20, 0x00, 0x00, 0x15, 0x06, 0x15, 0x16, 0x2c, 0x0a, 0x00, 0x00, 0x00, 0x15, 0x07
    .byte 0x15, 0x08, 0x03, 0x00, 0xa0, 0x00, 0x00, 0x00, 0x30, 0x00, 0x10, 0x00, 0x00, 0x00, 0x14, 0x08
    .byte 0x39, 0x22, 0x02, 0x2c, 0x15, 0x00, 0x00, 0x00, 0x15, 0x05, 0x2c, 0x01, 0x00, 0x00, 0x00, 0x15
    .byte 0x06, 0x20, 0x00, 0x00, 0x15, 0x2b, 0x2c, 0x90, 0x00, 0x00, 0x00, 0x2c, 0x6f, 0x01, 0x00, 0x00
    .byte 0x2c, 0x88, 0x00, 0x00, 0x00, 0x2c, 0x00, 0x10, 0x00, 0x00, 0x2c, 0x05, 0x00, 0x00, 0x00, 0x2c
    .byte 0x01, 0x00, 0x00, 0x00, 0x15, 0x1a, 0x15, 0x21, 0x2c, 0x17, 0x00, 0x00, 0x00, 0x15, 0x05, 0x20
    .byte 0x00, 0x00, 0x15, 0x06, 0x20, 0x00, 0x00, 0x15, 0x2b, 0x2c, 0x90, 0x00, 0x00, 0x00, 0x2c, 0x6f
    .byte 0x01, 0x00, 0x00, 0x2c, 0xa0, 0x00, 0x00, 0x00, 0x2c, 0x00, 0x10, 0x00, 0x00, 0x2c, 0x05, 0x00
    .byte 0x00, 0x00, 0x2c, 0x01, 0x00, 0x00, 0x00, 0x15, 0x1a, 0x15, 0x21, 0x2c, 0x01, 0x00, 0x00, 0x00
    .byte 0x20, 0x00, 0x00, 0x15, 0x38, 0x2c, 0x01, 0x00, 0x00, 0x00, 0x15, 0x18, 0x2c, 0x01, 0x00, 0x00
    .byte 0x00, 0x15, 0x19, 0x20, 0x00, 0x00, 0x15, 0xa9, 0x15, 0x2c, 0x00, 0x03, 0x00, 0x00, 0x00, 0x00
    .byte 0x00, 0x28, 0x00, 0x00, 0x01, 0x85, 0x39, 0x22, 0x02, 0x03, 0x00, 0x01, 0x00, 0x00, 0x00, 0x28
    .byte 0x00, 0x00, 0x01, 0x85, 0x39, 0x22, 0x02, 0x03, 0x00, 0x02, 0x00, 0x00, 0x00, 0x28, 0x00, 0x00
    .byte 0x01, 0x85, 0x39, 0x22, 0x02, 0x15, 0x28, 0x2c, 0x14, 0x00, 0x00, 0x00, 0x15, 0x07, 0x15, 0x08
    .byte 0x2c, 0x01, 0x00, 0x00, 0x00, 0x15, 0xa9, 0x20, 0x00, 0x00, 0x15, 0x18, 0x20, 0x00, 0x00, 0x15
    .byte 0x19, 0x2c, 0x01, 0x00, 0x00, 0x00, 0x15, 0x2b, 0x2b, 0x00, 0x00, 0x32, 0x00, 0x00, 0x00, 0x00
    .byte 0x00, 0x14, 0xdd, 0x39, 0x22, 0x02, 0x2c, 0x90, 0x00, 0x00, 0x00, 0x2c, 0x73, 0x01, 0x00, 0x00
    .byte 0x2c, 0xa0, 0x00, 0x00, 0x00, 0x2c, 0x00, 0x20, 0x00, 0x00, 0x2c, 0x05, 0x00, 0x00, 0x00, 0x2c
    .byte 0x01, 0x00, 0x00, 0x00, 0x15, 0x1a, 0x15, 0x21, 0x25, 0xa6, 0x3a, 0x22, 0x02, 0x2b, 0x00, 0x00
    .byte 0x32, 0x00, 0x01, 0x00, 0x00, 0x00, 0x14, 0x36, 0x3a, 0x22, 0x02, 0x2c, 0x90, 0x00, 0x00, 0x00
    .byte 0x15, 0x11, 0x18, 0x70, 0x17, 0x00, 0x2c, 0xa0, 0x00, 0x00, 0x00, 0x2c, 0x00, 0x20, 0x00, 0x00
    .byte 0x2c, 0x05, 0x00, 0x00, 0x00, 0x2c, 0x01, 0x00, 0x00, 0x00, 0x15, 0x1a, 0x15, 0x21, 0x15, 0x10
    .byte 0x18, 0x70, 0x17, 0x00, 0x2c, 0x73, 0x01, 0x00, 0x00, 0x2c, 0xa0, 0x00, 0x00, 0x00, 0x2c, 0x00
    .byte 0x20, 0x00, 0x00, 0x2c, 0x05, 0x00, 0x00, 0x00, 0x2c, 0x01, 0x00, 0x00, 0x00, 0x15, 0x1a, 0x15
    .byte 0x21, 0x25, 0xa6, 0x3a, 0x22, 0x02, 0x15, 0x10, 0x18, 0x70, 0x17, 0x00, 0x2c, 0x63, 0x01, 0x00
    .byte 0x00, 0x2c, 0xa0, 0x00, 0x00, 0x00, 0x2c, 0x00, 0x20, 0x00, 0x00, 0x2c, 0x05, 0x00, 0x00, 0x00
    .byte 0x2c, 0x01, 0x00, 0x00, 0x00, 0x15, 0x1a, 0x15, 0x21, 0x2c, 0x90, 0x00, 0x00, 0x00, 0x15, 0x11
    .byte 0x18, 0x70, 0x17, 0x00, 0x2c, 0xa0, 0x00, 0x00, 0x00, 0x2c, 0x00, 0x20, 0x00, 0x00, 0x2c, 0x05
    .byte 0x00, 0x00, 0x00, 0x2c, 0x01, 0x00, 0x00, 0x00, 0x15, 0x1a, 0x15, 0x21, 0x15, 0x10, 0x18, 0x70
    .byte 0x17, 0x00, 0x15, 0x11, 0x18, 0x70, 0x05, 0x00, 0x10, 0x00, 0x00, 0x00, 0x17, 0x00, 0x2c, 0xa0
    .byte 0x00, 0x00, 0x00, 0x2c, 0x00, 0x20, 0x00, 0x00, 0x2c, 0x05, 0x00, 0x00, 0x00, 0x2c, 0x01, 0x00
    .byte 0x00, 0x00, 0x15, 0x1a, 0x15, 0x21, 0x03, 0x00, 0x0a, 0x00, 0x00, 0x00, 0x26, 0x00, 0xbe, 0x2c
    .byte 0x03, 0x00, 0x00, 0x00, 0x2c, 0xeb, 0x2f, 0x22, 0x02, 0x15, 0x39, 0x2c, 0x16, 0x00, 0x00, 0x00
    .byte 0x15, 0x05, 0x20, 0x00, 0x00, 0x15, 0x2b, 0x20, 0x00, 0x00, 0x2c, 0x02, 0x00, 0x00, 0x00, 0x15
    .byte 0x38, 0x2c, 0x90, 0x00, 0x00, 0x00, 0x2c, 0x7f, 0x01, 0x00, 0x00, 0x2c, 0x94, 0x00, 0x00, 0x00
    .byte 0x2c, 0x00, 0x10, 0x00, 0x00, 0x2c, 0x05, 0x00, 0x00, 0x00, 0x2c, 0x01, 0x00, 0x00, 0x00, 0x15
    .byte 0x1a, 0x15, 0x21, 0x2c, 0x15, 0x00, 0x00, 0x00, 0x15, 0x05, 0x2c, 0x01, 0x00, 0x00, 0x00, 0x15
    .byte 0x06, 0x20, 0x00, 0x00, 0x15, 0x2b, 0x2c, 0x90, 0x00, 0x00, 0x00, 0x2c, 0x7f, 0x01, 0x00, 0x00
    .byte 0x20, 0x00, 0x00, 0x2c, 0x00, 0x10, 0x00, 0x00, 0x2c, 0x05, 0x00, 0x00, 0x00, 0x2c, 0x01, 0x00
    .byte 0x00, 0x00, 0x15, 0x1a, 0x15, 0x21, 0x2c, 0x02, 0x00, 0x00, 0x00, 0x2c, 0x57, 0x00, 0x00, 0x00
    .byte 0x15, 0xe0, 0x2c, 0x01, 0x00, 0x00, 0x00, 0x15, 0x2b, 0x20, 0x00, 0x00, 0x2c, 0x08, 0x00, 0x00
    .byte 0x00, 0x20, 0x00, 0x00, 0x2c, 0x00, 0x10, 0x00, 0x00, 0x2c, 0x04, 0x00, 0x00, 0x00, 0x2c, 0x01
    .byte 0x00, 0x00, 0x00, 0x15, 0x1a, 0x15, 0x21, 0x2c, 0x01, 0x00, 0x00, 0x00, 0x20, 0x00, 0x00, 0x15
    .byte 0x38, 0x2c, 0x01, 0x00, 0x00, 0x00, 0x15, 0x18, 0x2c, 0x01, 0x00, 0x00, 0x00, 0x15, 0x19, 0x20
    .byte 0x00, 0x00, 0x15, 0xa9, 0x15, 0x2c, 0x00, 0x20, 0x00, 0x00, 0x15, 0x09, 0x03, 0x00, 0xe0, 0x02
    .byte 0x00, 0x00, 0x28, 0x00, 0x00, 0x03, 0x00, 0xcf, 0x01, 0x00, 0x00, 0x28, 0x00, 0x01, 0x03, 0x00
    .byte 0x40, 0x00, 0x00, 0x00, 0x28, 0x00, 0x02, 0x2f, 0x00, 0x2b, 0x00, 0x01, 0x2b, 0x01, 0x02, 0x04
    .byte 0x10, 0x17, 0x00, 0x2f, 0x02, 0x15, 0x02, 0x20, 0x00, 0x00, 0x2c, 0x20, 0x00, 0x00, 0x00, 0x15
    .byte 0x32, 0x2c, 0x01, 0x00, 0x00, 0x00, 0x2c, 0x02, 0x00, 0x00, 0x00, 0x15, 0x32, 0x2c, 0x01, 0x00
    .byte 0x00, 0x00, 0x15, 0x7d, 0x2c, 0x02, 0x00, 0x00, 0x00, 0x2c, 0x4a, 0x3c, 0x22, 0x02, 0x15, 0x29
    .byte 0x15, 0x27, 0x18, 0x70, 0x32, 0x00, 0x40, 0x00, 0x00, 0x00, 0x14, 0x0f, 0x3c, 0x22, 0x02, 0x03
    .byte 0x00, 0xe0, 0x02, 0x00, 0x00, 0x28, 0x00, 0x00, 0x03, 0x00, 0xcf, 0x01, 0x00, 0x00, 0x28, 0x00
    .byte 0x01, 0x03, 0x00, 0x40, 0x00, 0x00, 0x00, 0x28, 0x00, 0x02, 0x2f, 0x00, 0x2b, 0x00, 0x01, 0x2b
    .byte 0x01, 0x02, 0x04, 0x10, 0x17, 0x00, 0x2f, 0x02, 0x15, 0x02, 0x25, 0x3a, 0x3c, 0x22, 0x02, 0x03
    .byte 0x00, 0xe0, 0x02, 0x00, 0x00, 0x28, 0x00, 0x00, 0x03, 0x00, 0xaf, 0x01, 0x00, 0x00, 0x28, 0x00
    .byte 0x01, 0x03, 0x00, 0x60, 0x00, 0x00, 0x00, 0x28, 0x00, 0x02, 0x2f, 0x00, 0x2b, 0x00, 0x01, 0x2b
    .byte 0x01, 0x02, 0x04, 0x10, 0x17, 0x00, 0x2f, 0x02, 0x15, 0x02, 0x01, 0xd0, 0x3b, 0x22, 0x02, 0x2c
    .byte 0x02, 0x00, 0x00, 0x00, 0x20, 0x00, 0x00, 0x15, 0x29, 0x00, 0x2c, 0xee, 0x03, 0x00, 0x00, 0x15
    .byte 0x37, 0x18, 0x70, 0x14, 0x59, 0x3c, 0x22, 0x02, 0x00, 0x2c, 0x02, 0x04, 0x00, 0x00, 0x15, 0x37
    .byte 0x18, 0x70, 0x14, 0x68, 0x3c, 0x22, 0x02, 0x00, 0x20, 0x00, 0x00, 0x15, 0x9b, 0x18, 0x70, 0x14
    .byte 0x88, 0x3c, 0x22, 0x02, 0x20, 0x00, 0x00, 0x2c, 0xff, 0xff, 0xff, 0xff, 0x2c, 0xff, 0xff, 0xff
    .byte 0xff, 0x2c, 0xff, 0xff, 0xff, 0xff, 0x15, 0x89, 0x15, 0x1f, 0x18, 0x70, 0x28, 0x00, 0x03, 0x15
    .byte 0x20, 0x18, 0x70, 0x28, 0x00, 0x04, 0x15, 0x27, 0x18, 0x70, 0x28, 0x00, 0x05, 0x03, 0x00, 0x00
    .byte 0x00, 0x00, 0x00, 0x28, 0x00, 0x06, 0x15, 0x27, 0x18, 0x70, 0x32, 0x00, 0x40, 0x00, 0x00, 0x00
    .byte 0x14, 0x15, 0x3e, 0x22, 0x02, 0x20, 0x00, 0x00, 0x2c, 0x77, 0x3f, 0x22, 0x02, 0x15, 0x39, 0x20
    .byte 0x00, 0x00, 0x15, 0x42, 0x18, 0x70, 0x32, 0x00, 0x00, 0x00, 0x00, 0x00, 0x14, 0xd6, 0x3c, 0x22
    .byte 0x02, 0x01, 0xbf, 0x3c, 0x22, 0x02, 0x20, 0x00, 0x00, 0x2c, 0xff, 0xff, 0xff, 0xff, 0x2c, 0xff
    .byte 0xff, 0xff, 0xff, 0x15, 0xdd, 0x18, 0x70, 0x14, 0xc8, 0x3d, 0x22, 0x02, 0x2c, 0x03, 0x00, 0x00
    .byte 0x00, 0x2c, 0xff, 0xff, 0xff, 0xff, 0x2c, 0xff, 0xff, 0xff, 0xff, 0x15, 0xdd, 0x18, 0x70, 0x32
    .byte 0x00, 0x00, 0x00, 0x00, 0x00, 0x14, 0xc8, 0x3d, 0x22, 0x02, 0x03, 0x00, 0x20, 0x00, 0x00, 0x00
    .byte 0x30, 0x00, 0x10, 0x00, 0x00, 0x00, 0x14, 0xc8, 0x3d, 0x22, 0x02, 0x15, 0x6f, 0x18, 0x70, 0x2b
    .byte 0x01, 0x05, 0x1c, 0x10, 0x14, 0xc8, 0x3d, 0x22, 0x02, 0x15, 0x10, 0x18, 0x70, 0x17, 0x00, 0x15
    .byte 0x11, 0x18, 0x70, 0x17, 0x00, 0x20, 0x00, 0x00, 0x15, 0x6d, 0x18, 0x70, 0x17, 0x00, 0x15, 0x6e
    .byte 0x18, 0x70, 0x17, 0x00, 0x20, 0x00, 0x00, 0x15, 0x65, 0x18, 0x70, 0x28, 0x00, 0x03, 0x2b, 0x00
    .byte 0x03, 0x33, 0x00, 0x40, 0x00, 0x00, 0x00, 0x14, 0x85, 0x3d, 0x22, 0x02, 0x15, 0x6e, 0x18, 0x70
    .byte 0x15, 0x11, 0x18, 0x71, 0x1b, 0x10, 0x14, 0x85, 0x3d, 0x22, 0x02, 0x2c, 0x01, 0x00, 0x00, 0x00
    .byte 0x2c, 0xa4, 0x42, 0x22, 0x02, 0x15, 0x39, 0x03, 0x00, 0x01, 0x00, 0x00, 0x00, 0x28, 0x00, 0x06
    .byte 0x25, 0xc8, 0x3d, 0x22, 0x02, 0x2b, 0x00, 0x03, 0x33, 0x00, 0x80, 0x00, 0x00, 0x00, 0x14, 0xc8
    .byte 0x3d, 0x22, 0x02, 0x15, 0x6e, 0x18, 0x70, 0x15, 0x11, 0x18, 0x71, 0x1b, 0x10, 0x14, 0xb3, 0x3d
    .byte 0x22, 0x02, 0x2c, 0x01, 0x00, 0x00, 0x00, 0x2c, 0xb2, 0x42, 0x22, 0x02, 0x15, 0x39, 0x25, 0xbf
    .byte 0x3d, 0x22, 0x02, 0x2c, 0x01, 0x00, 0x00, 0x00, 0x2c, 0xc0, 0x42, 0x22, 0x02, 0x15, 0x39, 0x03
    .byte 0x00, 0x01, 0x00, 0x00, 0x00, 0x28, 0x00, 0x06, 0x20, 0x00, 0x00, 0x2c, 0x20, 0x40, 0x22, 0x02
    .byte 0x15, 0x39, 0x20, 0x00, 0x00, 0x15, 0x42, 0x18, 0x70, 0x32, 0x00, 0x00, 0x00, 0x00, 0x00, 0x14
    .byte 0xe9, 0x3d, 0x22, 0x02, 0x01, 0xd2, 0x3d, 0x22, 0x02, 0x2b, 0x00, 0x06, 0x32, 0x00, 0x01, 0x00
    .byte 0x00, 0x00, 0x14, 0x10, 0x3e, 0x22, 0x02, 0x2c, 0x01, 0x00, 0x00, 0x00, 0x15, 0x42, 0x18, 0x70
    .byte 0x32, 0x00, 0x00, 0x00, 0x00, 0x00, 0x14, 0x10, 0x3e, 0x22, 0x02, 0x01, 0xf7, 0x3d, 0x22, 0x02
    .byte 0x25, 0x76, 0x3f, 0x22, 0x02, 0x20, 0x00, 0x00, 0x2c, 0xd8, 0x40, 0x22, 0x02, 0x15, 0x39, 0x20
    .byte 0x00, 0x00, 0x15, 0x42, 0x18, 0x70, 0x32, 0x00, 0x00, 0x00, 0x00, 0x00, 0x14, 0x36, 0x3e, 0x22
    .byte 0x02, 0x01, 0x1f, 0x3e, 0x22, 0x02, 0x20, 0x00, 0x00, 0x2c, 0xff, 0xff, 0xff, 0xff, 0x2c, 0xff
    .byte 0xff, 0xff, 0xff, 0x15, 0xdd, 0x18, 0x70, 0x14, 0x2e, 0x3f, 0x22, 0x02, 0x2c, 0x03, 0x00, 0x00
    .byte 0x00, 0x2c, 0xff, 0xff, 0xff, 0xff, 0x2c, 0xff, 0xff, 0xff, 0xff, 0x15, 0xdd, 0x18, 0x70, 0x32
    .byte 0x00, 0x00, 0x00, 0x00, 0x00, 0x14, 0x2e, 0x3f, 0x22, 0x02, 0x03, 0x00, 0x20, 0x00, 0x00, 0x00
    .byte 0x30, 0x00, 0x10, 0x00, 0x00, 0x00, 0x14, 0x2e, 0x3f, 0x22, 0x02, 0x15, 0x6f, 0x18, 0x70, 0x2b
    .byte 0x01, 0x05, 0x1c, 0x10, 0x14, 0x2e, 0x3f, 0x22, 0x02, 0x15, 0x10, 0x18, 0x70, 0x17, 0x00, 0x15
    .byte 0x11, 0x18, 0x70, 0x17, 0x00, 0x20, 0x00, 0x00, 0x15, 0x6d, 0x18, 0x70, 0x17, 0x00, 0x15, 0x6e
    .byte 0x18, 0x70, 0x17, 0x00, 0x20, 0x00, 0x00, 0x15, 0x65, 0x18, 0x70, 0x28, 0x00, 0x03, 0x2b, 0x00
    .byte 0x03, 0x33, 0x00, 0x40, 0x00, 0x00, 0x00, 0x14, 0xe5, 0x3e, 0x22, 0x02, 0x15, 0x6e, 0x18, 0x70
    .byte 0x15, 0x11, 0x18, 0x71, 0x1d, 0x10, 0x14, 0xe5, 0x3e, 0x22, 0x02, 0x2c, 0x01, 0x00, 0x00, 0x00
    .byte 0x2c, 0x9b, 0x44, 0x22, 0x02, 0x15, 0x39, 0x03, 0x00, 0x01, 0x00, 0x00, 0x00, 0x28, 0x00, 0x06
    .byte 0x25, 0x2e, 0x3f, 0x22, 0x02, 0x2b, 0x00, 0x03, 0x33, 0x00, 0x80, 0x00, 0x00, 0x00, 0x14, 0x2e
    .byte 0x3f, 0x22, 0x02, 0x15, 0x6e, 0x18, 0x70, 0x15, 0x11, 0x18, 0x71, 0x24, 0x01, 0x10, 0x00, 0x00
    .byte 0x00, 0x1d, 0x10, 0x14, 0x19, 0x3f, 0x22, 0x02, 0x2c, 0x01, 0x00, 0x00, 0x00, 0x2c, 0xa9, 0x44
    .byte 0x22, 0x02, 0x15, 0x39, 0x25, 0x25, 0x3f, 0x22, 0x02, 0x2c, 0x01, 0x00, 0x00, 0x00, 0x2c, 0xb7
    .byte 0x44, 0x22, 0x02, 0x15, 0x39, 0x03, 0x00, 0x01, 0x00, 0x00, 0x00, 0x28, 0x00, 0x06, 0x20, 0x00
    .byte 0x00, 0x2c, 0x48, 0x41, 0x22, 0x02, 0x15, 0x39, 0x20, 0x00, 0x00, 0x15, 0x42, 0x18, 0x70, 0x32
    .byte 0x00, 0x00, 0x00, 0x00, 0x00, 0x14, 0x4f, 0x3f, 0x22, 0x02, 0x01, 0x38, 0x3f, 0x22, 0x02, 0x2b
    .byte 0x00, 0x06, 0x32, 0x00, 0x01, 0x00, 0x00, 0x00, 0x14, 0x76, 0x3f, 0x22, 0x02, 0x2c, 0x01, 0x00
    .byte 0x00, 0x00, 0x15, 0x42, 0x18, 0x70, 0x32, 0x00, 0x00, 0x00, 0x00, 0x00, 0x14, 0x76, 0x3f, 0x22
    .byte 0x02, 0x01, 0x5d, 0x3f, 0x22, 0x02, 0x00, 0x03, 0x00, 0x02, 0x00, 0x00, 0x00, 0x26, 0x00, 0xbe
    .byte 0x2c, 0x03, 0x00, 0x00, 0x00, 0x2c, 0xeb, 0x2f, 0x22, 0x02, 0x15, 0x39, 0x20, 0x00, 0x00, 0x15
    .byte 0x18, 0x20, 0x00, 0x00, 0x15, 0x19, 0x2c, 0x01, 0x00, 0x00, 0x00, 0x15, 0xa9, 0x2c, 0x00, 0x10
    .byte 0x00, 0x00, 0x2c, 0x01, 0x10, 0x00, 0x00, 0x2c, 0x02, 0x10, 0x00, 0x00, 0x2c, 0x02, 0x00, 0x00
    .byte 0x00, 0x20, 0x00, 0x00, 0x15, 0x73, 0x2c, 0x80, 0x01, 0x00, 0x00, 0x15, 0x17, 0x2c, 0x01, 0x00
    .byte 0x00, 0x00, 0x15, 0x2b, 0x2c, 0xe0, 0x02, 0x00, 0x00, 0x2c, 0x0f, 0x02, 0x00, 0x00, 0x2c, 0x40
    .byte 0x00, 0x00, 0x00, 0x2c, 0x00, 0x18, 0x00, 0x00, 0x2c, 0x05, 0x00, 0x00, 0x00, 0x2c, 0x01, 0x00
    .byte 0x00, 0x00, 0x15, 0x1a, 0x15, 0x21, 0x2c, 0x11, 0x10, 0x00, 0x00, 0x2c, 0x01, 0x10, 0x00, 0x00
    .byte 0x2c, 0x12, 0x10, 0x00, 0x00, 0x2c, 0x02, 0x00, 0x00, 0x00, 0x2c, 0x1c, 0x00, 0x00, 0x00, 0x15
    .byte 0x73, 0x2c, 0x00, 0x01, 0x00, 0x00, 0x15, 0x17, 0x2c, 0x1c, 0x00, 0x00, 0x00, 0x15, 0x05, 0x20
    .byte 0x00, 0x00, 0x15, 0x06, 0x15, 0x16, 0x2c, 0x0a, 0x00, 0x00, 0x00, 0x15, 0x07, 0x15, 0x08, 0x00
    .byte 0x03, 0x00, 0x20, 0x00, 0x00, 0x00, 0x31, 0x00, 0x20, 0x00, 0x00, 0x00, 0x14, 0x66, 0x40, 0x22
    .byte 0x02, 0x2c, 0x1d, 0x00, 0x00, 0x00, 0x15, 0x05, 0x2c, 0x01, 0x00, 0x00, 0x00, 0x15, 0x06, 0x20
    .byte 0x00, 0x00, 0x15, 0x2b, 0x2c, 0xe0, 0x02, 0x00, 0x00, 0x2c, 0xff, 0x01, 0x00, 0x00, 0x2c, 0x48
    .byte 0x00, 0x00, 0x00, 0x2c, 0x00, 0x10, 0x00, 0x00, 0x2c, 0x05, 0x00, 0x00, 0x00, 0x2c, 0x01, 0x00
    .byte 0x00, 0x00, 0x15, 0x1a, 0x15, 0x21, 0x2c, 0x1b, 0x00, 0x00, 0x00, 0x15, 0x05, 0x20, 0x00, 0x00
    .byte 0x15, 0x06, 0x20, 0x00, 0x00, 0x15, 0x2b, 0x2c, 0xe0, 0x02, 0x00, 0x00, 0x2c, 0xff, 0x01, 0x00
    .byte 0x00, 0x2c, 0x60, 0x00, 0x00, 0x00, 0x2c, 0x00, 0x10, 0x00, 0x00, 0x2c, 0x05, 0x00, 0x00, 0x00
    .byte 0x2c, 0x01, 0x00, 0x00, 0x00, 0x15, 0x1a, 0x15, 0x21, 0x2c, 0x01, 0x00, 0x00, 0x00, 0x15, 0x18
    .byte 0x2c, 0x01, 0x00, 0x00, 0x00, 0x15, 0x19, 0x20, 0x00, 0x00, 0x15, 0xa9, 0x2c, 0x00, 0x10, 0x00
    .byte 0x00, 0x2c, 0x01, 0x10, 0x00, 0x00, 0x2c, 0x02, 0x10, 0x00, 0x00, 0x2c, 0x02, 0x00, 0x00, 0x00
    .byte 0x2c, 0x0c, 0x00, 0x00, 0x00, 0x15, 0x73, 0x2c, 0x00, 0x01, 0x00, 0x00, 0x15, 0x17, 0x2c, 0x01
    .byte 0x00, 0x00, 0x00, 0x15, 0x06, 0x15, 0x28, 0x00, 0x03, 0x00, 0x02, 0x00, 0x00, 0x00, 0x26, 0x00
    .byte 0xbe, 0x2c, 0x03, 0x00, 0x00, 0x00, 0x2c, 0xeb, 0x2f, 0x22, 0x02, 0x15, 0x39, 0x2c, 0x01, 0x00
    .byte 0x00, 0x00, 0x15, 0xa9, 0x20, 0x00, 0x00, 0x15, 0x18, 0x20, 0x00, 0x00, 0x15, 0x19, 0x2c, 0x00
    .byte 0x10, 0x00, 0x00, 0x2c, 0x01, 0x10, 0x00, 0x00, 0x2c, 0x02, 0x10, 0x00, 0x00, 0x2c, 0x02, 0x00
    .byte 0x00, 0x00, 0x20, 0x00, 0x00, 0x15, 0x73, 0x2c, 0x01, 0x00, 0x00, 0x00, 0x15, 0x2b, 0x2c, 0x80
    .byte 0x01, 0x00, 0x00, 0x15, 0x17, 0x2c, 0xe0, 0x02, 0x00, 0x00, 0x2c, 0x0f, 0x02, 0x00, 0x00, 0x2c
    .byte 0x60, 0x00, 0x00, 0x00, 0x2c, 0x00, 0x18, 0x00, 0x00, 0x2c, 0x05, 0x00, 0x00, 0x00, 0x2c, 0x01
    .byte 0x00, 0x00, 0x00, 0x15, 0x1a, 0x15, 0x21, 0x00, 0x2c, 0x11, 0x10, 0x00, 0x00, 0x2c, 0x01, 0x10
    .byte 0x00, 0x00, 0x2c, 0x12, 0x10, 0x00, 0x00, 0x2c, 0x02, 0x00, 0x00, 0x00, 0x2c, 0x1b, 0x00, 0x00
    .byte 0x00, 0x15, 0x73, 0x2c, 0x00, 0x01, 0x00, 0x00, 0x15, 0x17, 0x20, 0x00, 0x00, 0x15, 0x2b, 0x20
    .byte 0x00, 0x00, 0x2c, 0x01, 0x00, 0x00, 0x00, 0x15, 0x38, 0x03, 0x00, 0x20, 0x00, 0x00, 0x00, 0x33
    .byte 0x00, 0x10, 0x00, 0x00, 0x00, 0x14, 0xb1, 0x41, 0x22, 0x02, 0x2c, 0xe0, 0x02, 0x00, 0x00, 0x2c
    .byte 0x0f, 0x02, 0x00, 0x00, 0x2c, 0x40, 0x00, 0x00, 0x00, 0x2c, 0x00, 0x20, 0x00, 0x00, 0x2c, 0x05
    .byte 0x00, 0x00, 0x00, 0x2c, 0x01, 0x00, 0x00, 0x00, 0x15, 0x1a, 0x15, 0x21, 0x25, 0x08, 0x42, 0x22
    .byte 0x02, 0x2c, 0xe0, 0x02, 0x00, 0x00, 0x2c, 0x0f, 0x02, 0x00, 0x00, 0x2c, 0x54, 0x00, 0x00, 0x00
    .byte 0x2c, 0x00, 0x10, 0x00, 0x00, 0x2c, 0x05, 0x00, 0x00, 0x00, 0x2c, 0x01, 0x00, 0x00, 0x00, 0x15
    .byte 0x1a, 0x15, 0x21, 0x2c, 0x1d, 0x00, 0x00, 0x00, 0x15, 0x05, 0x2c, 0x01, 0x00, 0x00, 0x00, 0x15
    .byte 0x06, 0x20, 0x00, 0x00, 0x15, 0x2b, 0x2c, 0xe0, 0x02, 0x00, 0x00, 0x2c, 0x0f, 0x02, 0x00, 0x00
    .byte 0x2c, 0x40, 0x00, 0x00, 0x00, 0x2c, 0x00, 0x10, 0x00, 0x00, 0x2c, 0x05, 0x00, 0x00, 0x00, 0x2c
    .byte 0x01, 0x00, 0x00, 0x00, 0x15, 0x1a, 0x15, 0x21, 0x2c, 0x01, 0x00, 0x00, 0x00, 0x20, 0x00, 0x00
    .byte 0x15, 0x38, 0x2c, 0x02, 0x00, 0x00, 0x00, 0x2c, 0x57, 0x00, 0x00, 0x00, 0x15, 0xe0, 0x2c, 0x09
    .byte 0x10, 0x00, 0x00, 0x2c, 0x01, 0x10, 0x00, 0x00, 0x2c, 0x0a, 0x10, 0x00, 0x00, 0x2c, 0x02, 0x00
    .byte 0x00, 0x00, 0x2c, 0x18, 0x00, 0x00, 0x00, 0x15, 0x73, 0x2c, 0x00, 0x01, 0x00, 0x00, 0x15, 0x17
    .byte 0x15, 0x16, 0x2c, 0x00, 0x10, 0x00, 0x00, 0x2c, 0x01, 0x10, 0x00, 0x00, 0x2c, 0x02, 0x10, 0x00
    .byte 0x00, 0x2c, 0x02, 0x00, 0x00, 0x00, 0x20, 0x00, 0x00, 0x15, 0x73, 0x2c, 0x00, 0x01, 0x00, 0x00
    .byte 0x15, 0x17, 0x2c, 0x01, 0x00, 0x00, 0x00, 0x15, 0x2b, 0x20, 0x00, 0x00, 0x2c, 0x0c, 0x00, 0x00
    .byte 0x00, 0x20, 0x00, 0x00, 0x2c, 0x70, 0x17, 0x00, 0x00, 0x2c, 0x04, 0x00, 0x00, 0x00, 0x2c, 0x01
    .byte 0x00, 0x00, 0x00, 0x15, 0x1a, 0x15, 0x21, 0x2c, 0x08, 0x00, 0x00, 0x00, 0x15, 0x05, 0x2c, 0x01
    .byte 0x00, 0x00, 0x00, 0x15, 0x18, 0x2c, 0x01, 0x00, 0x00, 0x00, 0x15, 0x19, 0x20, 0x00, 0x00, 0x15
    .byte 0xa9, 0x15, 0x28, 0x00, 0x03, 0x00, 0x00, 0x00, 0x00, 0x00, 0x28, 0x00, 0x00, 0x01, 0xce, 0x42
    .byte 0x22, 0x02, 0x03, 0x00, 0x01, 0x00, 0x00, 0x00, 0x28, 0x00, 0x00, 0x01, 0xce, 0x42, 0x22, 0x02
    .byte 0x03, 0x00, 0x02, 0x00, 0x00, 0x00, 0x28, 0x00, 0x00, 0x01, 0xce, 0x42, 0x22, 0x02, 0x15, 0x28
    .byte 0x2c, 0x14, 0x00, 0x00, 0x00, 0x15, 0x07, 0x15, 0x08, 0x20, 0x00, 0x00, 0x15, 0x18, 0x20, 0x00
    .byte 0x00, 0x15, 0x19, 0x2c, 0x01, 0x00, 0x00, 0x00, 0x15, 0xa9, 0x2c, 0x00, 0x01, 0x00, 0x00, 0x15
    .byte 0x17, 0x2c, 0x01, 0x00, 0x00, 0x00, 0x15, 0x2b, 0x2b, 0x00, 0x00, 0x32, 0x00, 0x00, 0x00, 0x00
    .byte 0x00, 0x14, 0x2d, 0x43, 0x22, 0x02, 0x2c, 0xe0, 0x02, 0x00, 0x00, 0x2c, 0x0f, 0x02, 0x00, 0x00
    .byte 0x2c, 0x40, 0x00, 0x00, 0x00, 0x2c, 0x00, 0x20, 0x00, 0x00, 0x2c, 0x05, 0x00, 0x00, 0x00, 0x2c
    .byte 0x01, 0x00, 0x00, 0x00, 0x15, 0x1a, 0x15, 0x21, 0x25, 0xcc, 0x43, 0x22, 0x02, 0x2b, 0x00, 0x00
    .byte 0x32, 0x00, 0x01, 0x00, 0x00, 0x00, 0x14, 0x86, 0x43, 0x22, 0x02, 0x2c, 0xe0, 0x02, 0x00, 0x00
    .byte 0x15, 0x11, 0x18, 0x70, 0x17, 0x00, 0x2c, 0x40, 0x00, 0x00, 0x00, 0x2c, 0x00, 0x20, 0x00, 0x00
    .byte 0x2c, 0x05, 0x00, 0x00, 0x00, 0x2c, 0x01, 0x00, 0x00, 0x00, 0x15, 0x1a, 0x15, 0x21, 0x15, 0x10
    .byte 0x18, 0x70, 0x17, 0x00, 0x2c, 0x0f, 0x02, 0x00, 0x00, 0x2c, 0x40, 0x00, 0x00, 0x00, 0x2c, 0x00
    .byte 0x20, 0x00, 0x00, 0x2c, 0x05, 0x00, 0x00, 0x00, 0x2c, 0x01, 0x00, 0x00, 0x00, 0x15, 0x1a, 0x15
    .byte 0x21, 0x25, 0xcc, 0x43, 0x22, 0x02, 0x15, 0x10, 0x18, 0x70, 0x17, 0x00, 0x2c, 0x0f, 0x02, 0x00
    .byte 0x00, 0x2c, 0x40, 0x00, 0x00, 0x00, 0x2c, 0x00, 0x20, 0x00, 0x00, 0x2c, 0x05, 0x00, 0x00, 0x00
    .byte 0x2c, 0x01, 0x00, 0x00, 0x00, 0x15, 0x1a, 0x15, 0x21, 0x2c, 0xe0, 0x02, 0x00, 0x00, 0x15, 0x11
    .byte 0x18, 0x70, 0x17, 0x00, 0x2c, 0x40, 0x00, 0x00, 0x00, 0x2c, 0x00, 0x20, 0x00, 0x00, 0x2c, 0x05
    .byte 0x00, 0x00, 0x00, 0x2c, 0x01, 0x00, 0x00, 0x00, 0x15, 0x1a, 0x15, 0x21, 0x20, 0x00, 0x00, 0x2c
    .byte 0x01, 0x00, 0x00, 0x00, 0x15, 0x38, 0x03, 0x00, 0x02, 0x00, 0x00, 0x00, 0x26, 0x00, 0xbe, 0x2c
    .byte 0x03, 0x00, 0x00, 0x00, 0x2c, 0xeb, 0x2f, 0x22, 0x02, 0x15, 0x39, 0x2c, 0x16, 0x00, 0x00, 0x00
    .byte 0x15, 0x05, 0x20, 0x00, 0x00, 0x15, 0x06, 0x15, 0x16, 0x2c, 0x0a, 0x00, 0x00, 0x00, 0x15, 0x07
    .byte 0x15, 0x08, 0x03, 0x00, 0x20, 0x00, 0x00, 0x00, 0x30, 0x00, 0x10, 0x00, 0x00, 0x00, 0x14, 0x48
    .byte 0x44, 0x22, 0x02, 0x2c, 0x15, 0x00, 0x00, 0x00, 0x15, 0x05, 0x2c, 0x01, 0x00, 0x00, 0x00, 0x15
    .byte 0x06, 0x20, 0x00, 0x00, 0x15, 0x2b, 0x2c, 0xe0, 0x02, 0x00, 0x00, 0x2c, 0xff, 0x01, 0x00, 0x00
    .byte 0x2c, 0x48, 0x00, 0x00, 0x00, 0x2c, 0x00, 0x10, 0x00, 0x00, 0x2c, 0x05, 0x00, 0x00, 0x00, 0x2c
    .byte 0x01, 0x00, 0x00, 0x00, 0x15, 0x1a, 0x15, 0x21, 0x2c, 0x17, 0x00, 0x00, 0x00, 0x15, 0x05, 0x20
    .byte 0x00, 0x00, 0x15, 0x06, 0x20, 0x00, 0x00, 0x15, 0x2b, 0x2c, 0xe0, 0x02, 0x00, 0x00, 0x2c, 0xff
    .byte 0x01, 0x00, 0x00, 0x2c, 0x60, 0x00, 0x00, 0x00, 0x2c, 0x00, 0x10, 0x00, 0x00, 0x2c, 0x05, 0x00
    .byte 0x00, 0x00, 0x2c, 0x01, 0x00, 0x00, 0x00, 0x15, 0x1a, 0x15, 0x21, 0x2c, 0x01, 0x00, 0x00, 0x00
    .byte 0x20, 0x00, 0x00, 0x15, 0x38, 0x2c, 0x01, 0x00, 0x00, 0x00, 0x15, 0x18, 0x2c, 0x01, 0x00, 0x00
    .byte 0x00, 0x15, 0x19, 0x20, 0x00, 0x00, 0x15, 0xa9, 0x15, 0x2c, 0x00, 0x03, 0x00, 0x00, 0x00, 0x00
    .byte 0x00, 0x28, 0x00, 0x00, 0x01, 0xc5, 0x44, 0x22, 0x02, 0x03, 0x00, 0x01, 0x00, 0x00, 0x00, 0x28
    .byte 0x00, 0x00, 0x01, 0xc5, 0x44, 0x22, 0x02, 0x03, 0x00, 0x02, 0x00, 0x00, 0x00, 0x28, 0x00, 0x00
    .byte 0x01, 0xc5, 0x44, 0x22, 0x02, 0x15, 0x28, 0x2c, 0x14, 0x00, 0x00, 0x00, 0x15, 0x07, 0x15, 0x08
    .byte 0x2c, 0x01, 0x00, 0x00, 0x00, 0x15, 0xa9, 0x20, 0x00, 0x00, 0x15, 0x18, 0x20, 0x00, 0x00, 0x15
    .byte 0x19, 0x2c, 0x01, 0x00, 0x00, 0x00, 0x15, 0x2b, 0x2b, 0x00, 0x00, 0x32, 0x00, 0x00, 0x00, 0x00
    .byte 0x00, 0x14, 0x1d, 0x45, 0x22, 0x02, 0x2c, 0xe0, 0x02, 0x00, 0x00, 0x2c, 0x03, 0x02, 0x00, 0x00
    .byte 0x2c, 0x60, 0x00, 0x00, 0x00, 0x2c, 0x00, 0x20, 0x00, 0x00, 0x2c, 0x05, 0x00, 0x00, 0x00, 0x2c
    .byte 0x01, 0x00, 0x00, 0x00, 0x15, 0x1a, 0x15, 0x21, 0x25, 0xe6, 0x45, 0x22, 0x02, 0x2b, 0x00, 0x00
    .byte 0x32, 0x00, 0x01, 0x00, 0x00, 0x00, 0x14, 0x76, 0x45, 0x22, 0x02, 0x2c, 0xe0, 0x02, 0x00, 0x00
    .byte 0x15, 0x11, 0x18, 0x70, 0x17, 0x00, 0x2c, 0x60, 0x00, 0x00, 0x00, 0x2c, 0x00, 0x20, 0x00, 0x00
    .byte 0x2c, 0x05, 0x00, 0x00, 0x00, 0x2c, 0x01, 0x00, 0x00, 0x00, 0x15, 0x1a, 0x15, 0x21, 0x15, 0x10
    .byte 0x18, 0x70, 0x17, 0x00, 0x2c, 0x03, 0x02, 0x00, 0x00, 0x2c, 0x60, 0x00, 0x00, 0x00, 0x2c, 0x00
    .byte 0x20, 0x00, 0x00, 0x2c, 0x05, 0x00, 0x00, 0x00, 0x2c, 0x01, 0x00, 0x00, 0x00, 0x15, 0x1a, 0x15
    .byte 0x21, 0x25, 0xe6, 0x45, 0x22, 0x02, 0x15, 0x10, 0x18, 0x70, 0x17, 0x00, 0x2c, 0xf3, 0x01, 0x00
    .byte 0x00, 0x2c, 0x60, 0x00, 0x00, 0x00, 0x2c, 0x00, 0x20, 0x00, 0x00, 0x2c, 0x05, 0x00, 0x00, 0x00
    .byte 0x2c, 0x01, 0x00, 0x00, 0x00, 0x15, 0x1a, 0x15, 0x21, 0x2c, 0xe0, 0x02, 0x00, 0x00, 0x15, 0x11
    .byte 0x18, 0x70, 0x17, 0x00, 0x2c, 0x60, 0x00, 0x00, 0x00, 0x2c, 0x00, 0x20, 0x00, 0x00, 0x2c, 0x05
    .byte 0x00, 0x00, 0x00, 0x2c, 0x01, 0x00, 0x00, 0x00, 0x15, 0x1a, 0x15, 0x21, 0x15, 0x10, 0x18, 0x70
    .byte 0x17, 0x00, 0x15, 0x11, 0x18, 0x70, 0x05, 0x00, 0x10, 0x00, 0x00, 0x00, 0x17, 0x00, 0x2c, 0x60
    .byte 0x00, 0x00, 0x00, 0x2c, 0x00, 0x20, 0x00, 0x00, 0x2c, 0x05, 0x00, 0x00, 0x00, 0x2c, 0x01, 0x00
    .byte 0x00, 0x00, 0x15, 0x1a, 0x15, 0x21, 0x03, 0x00, 0x02, 0x00, 0x00, 0x00, 0x26, 0x00, 0xbe, 0x2c
    .byte 0x03, 0x00, 0x00, 0x00, 0x2c, 0xeb, 0x2f, 0x22, 0x02, 0x15, 0x39, 0x2c, 0x16, 0x00, 0x00, 0x00
    .byte 0x15, 0x05, 0x20, 0x00, 0x00, 0x15, 0x2b, 0x20, 0x00, 0x00, 0x2c, 0x02, 0x00, 0x00, 0x00, 0x15
    .byte 0x38, 0x2c, 0xe0, 0x02, 0x00, 0x00, 0x2c, 0x0f, 0x02, 0x00, 0x00, 0x2c, 0x54, 0x00, 0x00, 0x00
    .byte 0x2c, 0x00, 0x10, 0x00, 0x00, 0x2c, 0x05, 0x00, 0x00, 0x00, 0x2c, 0x01, 0x00, 0x00, 0x00, 0x15
    .byte 0x1a, 0x15, 0x21, 0x2c, 0x15, 0x00, 0x00, 0x00, 0x15, 0x05, 0x2c, 0x01, 0x00, 0x00, 0x00, 0x15
    .byte 0x06, 0x20, 0x00, 0x00, 0x15, 0x2b, 0x2c, 0xe0, 0x02, 0x00, 0x00, 0x2c, 0x0f, 0x02, 0x00, 0x00
    .byte 0x2c, 0x40, 0x00, 0x00, 0x00, 0x2c, 0x00, 0x10, 0x00, 0x00, 0x2c, 0x05, 0x00, 0x00, 0x00, 0x2c
    .byte 0x01, 0x00, 0x00, 0x00, 0x15, 0x1a, 0x15, 0x21, 0x2c, 0x02, 0x00, 0x00, 0x00, 0x2c, 0x57, 0x00
    .byte 0x00, 0x00, 0x15, 0xe0, 0x2c, 0x01, 0x00, 0x00, 0x00, 0x15, 0x2b, 0x20, 0x00, 0x00, 0x2c, 0x08
    .byte 0x00, 0x00, 0x00, 0x20, 0x00, 0x00, 0x2c, 0x00, 0x10, 0x00, 0x00, 0x2c, 0x04, 0x00, 0x00, 0x00
    .byte 0x2c, 0x01, 0x00, 0x00, 0x00, 0x15, 0x1a, 0x15, 0x21, 0x2c, 0x01, 0x00, 0x00, 0x00, 0x20, 0x00
    .byte 0x00, 0x15, 0x38, 0x2c, 0x01, 0x00, 0x00, 0x00, 0x15, 0x18, 0x2c, 0x01, 0x00, 0x00, 0x00, 0x15
    .byte 0x19, 0x20, 0x00, 0x00, 0x15, 0xa9, 0x15, 0x2c, 0x00, 0x20, 0x00, 0x00, 0x15, 0x09, 0x03, 0x00
    .byte 0xf0, 0x02, 0x00, 0x00, 0x28, 0x00, 0x00, 0x03, 0x00, 0x5f, 0x01, 0x00, 0x00, 0x28, 0x00, 0x01
    .byte 0x03, 0x00, 0x60, 0x00, 0x00, 0x00, 0x28, 0x00, 0x02, 0x2f, 0x00, 0x2b, 0x00, 0x01, 0x2b, 0x01
    .byte 0x02, 0x04, 0x10, 0x17, 0x00, 0x2f, 0x02, 0x15, 0x02, 0x20, 0x00, 0x00, 0x2c, 0x20, 0x00, 0x00
    .byte 0x00, 0x15, 0x32, 0x2c, 0x01, 0x00, 0x00, 0x00, 0x2c, 0x02, 0x00, 0x00, 0x00, 0x15, 0x32, 0x2c
    .byte 0x01, 0x00, 0x00, 0x00, 0x15, 0x7d, 0x2c, 0x02, 0x00, 0x00, 0x00, 0x2c, 0x8c, 0x47, 0x22, 0x02
    .byte 0x15, 0x29, 0x15, 0x27, 0x18, 0x70, 0x32, 0x00, 0x60, 0x00, 0x00, 0x00, 0x14, 0x51, 0x47, 0x22
    .byte 0x02, 0x03, 0x00, 0xf0, 0x02, 0x00, 0x00, 0x28, 0x00, 0x00, 0x03, 0x00, 0x5f, 0x01, 0x00, 0x00
    .byte 0x28, 0x00, 0x01, 0x03, 0x00, 0x60, 0x00, 0x00, 0x00, 0x28, 0x00, 0x02, 0x2f, 0x00, 0x2b, 0x00
    .byte 0x01, 0x2b, 0x01, 0x02, 0x04, 0x10, 0x17, 0x00, 0x2f, 0x02, 0x15, 0x02, 0x25, 0x7c, 0x47, 0x22
    .byte 0x02, 0x03, 0x00, 0xf0, 0x02, 0x00, 0x00, 0x28, 0x00, 0x00, 0x03, 0x00, 0x1f, 0x01, 0x00, 0x00
    .byte 0x28, 0x00, 0x01, 0x03, 0x00, 0xa0, 0x00, 0x00, 0x00, 0x28, 0x00, 0x02, 0x2f, 0x00, 0x2b, 0x00
    .byte 0x01, 0x2b, 0x01, 0x02, 0x04, 0x10, 0x17, 0x00, 0x2f, 0x02, 0x15, 0x02, 0x01, 0x12, 0x47, 0x22
    .byte 0x02, 0x2c, 0x02, 0x00, 0x00, 0x00, 0x20, 0x00, 0x00, 0x15, 0x29, 0x00, 0x2c, 0xee, 0x03, 0x00
    .byte 0x00, 0x15, 0x37, 0x18, 0x70, 0x14, 0x9b, 0x47, 0x22, 0x02, 0x00, 0x2c, 0x02, 0x04, 0x00, 0x00
    .byte 0x15, 0x37, 0x18, 0x70, 0x14, 0xaa, 0x47, 0x22, 0x02, 0x00, 0x20, 0x00, 0x00, 0x15, 0x9b, 0x18
    .byte 0x70, 0x14, 0xca, 0x47, 0x22, 0x02, 0x20, 0x00, 0x00, 0x2c, 0xff, 0xff, 0xff, 0xff, 0x2c, 0xff
    .byte 0xff, 0xff, 0xff, 0x2c, 0xff, 0xff, 0xff, 0xff, 0x15, 0x89, 0x15, 0x1f, 0x18, 0x70, 0x28, 0x00
    .byte 0x03, 0x15, 0x20, 0x18, 0x70, 0x28, 0x00, 0x04, 0x15, 0x27, 0x18, 0x70, 0x28, 0x00, 0x05, 0x03
    .byte 0x00, 0x00, 0x00, 0x00, 0x00, 0x28, 0x00, 0x06, 0x15, 0x27, 0x18, 0x70, 0x32, 0x00, 0x60, 0x00
    .byte 0x00, 0x00, 0x14, 0x7e, 0x49, 0x22, 0x02, 0x20, 0x00, 0x00, 0x2c, 0x07, 0x4b, 0x22, 0x02, 0x15
    .byte 0x39, 0x20, 0x00, 0x00, 0x15, 0x42, 0x18, 0x70, 0x32, 0x00, 0x00, 0x00, 0x00, 0x00, 0x14, 0x18
    .byte 0x48, 0x22, 0x02, 0x01, 0x01, 0x48, 0x22, 0x02, 0x20, 0x00, 0x00, 0x2c, 0xff, 0xff, 0xff, 0xff
    .byte 0x2c, 0xff, 0xff, 0xff, 0xff, 0x15, 0xdd, 0x18, 0x70, 0x14, 0x31, 0x49, 0x22, 0x02, 0x2c, 0x03
    .byte 0x00, 0x00, 0x00, 0x2c, 0xff, 0xff, 0xff, 0xff, 0x2c, 0xff, 0xff, 0xff, 0xff, 0x15, 0xdd, 0x18
    .byte 0x70, 0x32, 0x00, 0x00, 0x00, 0x00, 0x00, 0x14, 0x31, 0x49, 0x22, 0x02, 0x03, 0x00, 0x40, 0x00
    .byte 0x00, 0x00, 0x30, 0x00, 0x10, 0x00, 0x00, 0x00, 0x14, 0x31, 0x49, 0x22, 0x02, 0x15, 0x6f, 0x18
    .byte 0x70, 0x2b, 0x01, 0x05, 0x1c, 0x10, 0x14, 0x31, 0x49, 0x22, 0x02, 0x15, 0x10, 0x18, 0x70, 0x17
    .byte 0x00, 0x15, 0x11, 0x18, 0x70, 0x17, 0x00, 0x20, 0x00, 0x00, 0x15, 0x6d, 0x18, 0x70, 0x17, 0x00
    .byte 0x15, 0x6e, 0x18, 0x70, 0x17, 0x00, 0x20, 0x00, 0x00, 0x15, 0x65, 0x18, 0x70, 0x28, 0x00, 0x03
    .byte 0x2b, 0x00, 0x03, 0x33, 0x00, 0x20, 0x00, 0x00, 0x00, 0x14, 0xc7, 0x48, 0x22, 0x02, 0x15, 0x6e
    .byte 0x18, 0x70, 0x15, 0x11, 0x18, 0x71, 0x1b, 0x10, 0x14, 0xc7, 0x48, 0x22, 0x02, 0x2c, 0x01, 0x00
    .byte 0x00, 0x00, 0x2c, 0x34, 0x4e, 0x22, 0x02, 0x15, 0x39, 0x03, 0x00, 0x01, 0x00, 0x00, 0x00, 0x28
    .byte 0x00, 0x06, 0x25, 0x31, 0x49, 0x22, 0x02, 0x15, 0x6d, 0x18, 0x70, 0x09, 0x00, 0x10, 0x00, 0x00
    .byte 0x00, 0x17, 0x00, 0x15, 0x6e, 0x18, 0x70, 0x09, 0x00, 0x10, 0x00, 0x00, 0x00, 0x17, 0x00, 0x2c
    .byte 0x29, 0x00, 0x00, 0x00, 0x2c, 0x1b, 0x00, 0x00, 0x00, 0x2c, 0x37, 0x00, 0x00, 0x00, 0x2c, 0x21
    .byte 0x00, 0x00, 0x00, 0x15, 0x5d, 0x18, 0x70, 0x14, 0x31, 0x49, 0x22, 0x02, 0x15, 0x6e, 0x18, 0x70
    .byte 0x15, 0x11, 0x18, 0x71, 0x1b, 0x10, 0x14, 0x1c, 0x49, 0x22, 0x02, 0x2c, 0x01, 0x00, 0x00, 0x00
    .byte 0x2c, 0x42, 0x4e, 0x22, 0x02, 0x15, 0x39, 0x25, 0x28, 0x49, 0x22, 0x02, 0x2c, 0x01, 0x00, 0x00
    .byte 0x00, 0x2c, 0x50, 0x4e, 0x22, 0x02, 0x15, 0x39, 0x03, 0x00, 0x01, 0x00, 0x00, 0x00, 0x28, 0x00
    .byte 0x06, 0x20, 0x00, 0x00, 0x2c, 0xb0, 0x4b, 0x22, 0x02, 0x15, 0x39, 0x20, 0x00, 0x00, 0x15, 0x42
    .byte 0x18, 0x70, 0x32, 0x00, 0x00, 0x00, 0x00, 0x00, 0x14, 0x52, 0x49, 0x22, 0x02, 0x01, 0x3b, 0x49
    .byte 0x22, 0x02, 0x2b, 0x00, 0x06, 0x32, 0x00, 0x01, 0x00, 0x00, 0x00, 0x14, 0x79, 0x49, 0x22, 0x02
    .byte 0x2c, 0x01, 0x00, 0x00, 0x00, 0x15, 0x42, 0x18, 0x70, 0x32, 0x00, 0x00, 0x00, 0x00, 0x00, 0x14
    .byte 0x79, 0x49, 0x22, 0x02, 0x01, 0x60, 0x49, 0x22, 0x02, 0x25, 0x06, 0x4b, 0x22, 0x02, 0x20, 0x00
    .byte 0x00, 0x2c, 0x68, 0x4c, 0x22, 0x02, 0x15, 0x39, 0x20, 0x00, 0x00, 0x15, 0x42, 0x18, 0x70, 0x32
    .byte 0x00, 0x00, 0x00, 0x00, 0x00, 0x14, 0x9f, 0x49, 0x22, 0x02, 0x01, 0x88, 0x49, 0x22, 0x02, 0x20
    .byte 0x00, 0x00, 0x2c, 0xff, 0xff, 0xff, 0xff, 0x2c, 0xff, 0xff, 0xff, 0xff, 0x15, 0xdd, 0x18, 0x70
    .byte 0x14, 0xbe, 0x4a, 0x22, 0x02, 0x2c, 0x03, 0x00, 0x00, 0x00, 0x2c, 0xff, 0xff, 0xff, 0xff, 0x2c
    .byte 0xff, 0xff, 0xff, 0xff, 0x15, 0xdd, 0x18, 0x70, 0x32, 0x00, 0x00, 0x00, 0x00, 0x00, 0x14, 0xbe
    .byte 0x4a, 0x22, 0x02, 0x03, 0x00, 0x40, 0x00, 0x00, 0x00, 0x30, 0x00, 0x10, 0x00, 0x00, 0x00, 0x14
    .byte 0xbe, 0x4a, 0x22, 0x02, 0x15, 0x6f, 0x18, 0x70, 0x2b, 0x01, 0x05, 0x1c, 0x10, 0x14, 0xbe, 0x4a
    .byte 0x22, 0x02, 0x15, 0x10, 0x18, 0x70, 0x17, 0x00, 0x15, 0x11, 0x18, 0x70, 0x17, 0x00, 0x20, 0x00
    .byte 0x00, 0x15, 0x6d, 0x18, 0x70, 0x17, 0x00, 0x15, 0x6e, 0x18, 0x70, 0x17, 0x00, 0x20, 0x00, 0x00
    .byte 0x15, 0x65, 0x18, 0x70, 0x28, 0x00, 0x03, 0x2b, 0x00, 0x03, 0x33, 0x00, 0x20, 0x00, 0x00, 0x00
    .byte 0x14, 0x4e, 0x4a, 0x22, 0x02, 0x15, 0x6e, 0x18, 0x70, 0x15, 0x11, 0x18, 0x71, 0x1d, 0x10, 0x14
    .byte 0x4e, 0x4a, 0x22, 0x02, 0x2c, 0x01, 0x00, 0x00, 0x00, 0x2c, 0x2b, 0x50, 0x22, 0x02, 0x15, 0x39
    .byte 0x03, 0x00, 0x01, 0x00, 0x00, 0x00, 0x28, 0x00, 0x06, 0x25, 0xbe, 0x4a, 0x22, 0x02, 0x15, 0x6d
    .byte 0x18, 0x70, 0x09, 0x00, 0x10, 0x00, 0x00, 0x00, 0x17, 0x00, 0x15, 0x6e, 0x18, 0x70, 0x09, 0x00
    .byte 0x10, 0x00, 0x00, 0x00, 0x17, 0x00, 0x2c, 0x2c, 0x00, 0x00, 0x00, 0x2c, 0x13, 0x00, 0x00, 0x00
    .byte 0x2c, 0x35, 0x00, 0x00, 0x00, 0x2c, 0x1c, 0x00, 0x00, 0x00, 0x15, 0x5d, 0x18, 0x70, 0x14, 0xbe
    .byte 0x4a, 0x22, 0x02, 0x15, 0x6e, 0x18, 0x70, 0x15, 0x11, 0x18, 0x71, 0x24, 0x01, 0x10, 0x00, 0x00
    .byte 0x00, 0x1d, 0x10, 0x14, 0xa9, 0x4a, 0x22, 0x02, 0x2c, 0x01, 0x00, 0x00, 0x00, 0x2c, 0x39, 0x50
    .byte 0x22, 0x02, 0x15, 0x39, 0x25, 0xb5, 0x4a, 0x22, 0x02, 0x2c, 0x01, 0x00, 0x00, 0x00, 0x2c, 0x47
    .byte 0x50, 0x22, 0x02, 0x15, 0x39, 0x03, 0x00, 0x01, 0x00, 0x00, 0x00, 0x28, 0x00, 0x06, 0x20, 0x00
    .byte 0x00, 0x2c, 0xd8, 0x4c, 0x22, 0x02, 0x15, 0x39, 0x20, 0x00, 0x00, 0x15, 0x42, 0x18, 0x70, 0x32
    .byte 0x00, 0x00, 0x00, 0x00, 0x00, 0x14, 0xdf, 0x4a, 0x22, 0x02, 0x01, 0xc8, 0x4a, 0x22, 0x02, 0x2b
    .byte 0x00, 0x06, 0x32, 0x00, 0x01, 0x00, 0x00, 0x00, 0x14, 0x06, 0x4b, 0x22, 0x02, 0x2c, 0x01, 0x00
    .byte 0x00, 0x00, 0x15, 0x42, 0x18, 0x70, 0x32, 0x00, 0x00, 0x00, 0x00, 0x00, 0x14, 0x06, 0x4b, 0x22
    .byte 0x02, 0x01, 0xed, 0x4a, 0x22, 0x02, 0x00, 0x03, 0x00, 0x04, 0x00, 0x00, 0x00, 0x26, 0x00, 0xbe
    .byte 0x2c, 0x03, 0x00, 0x00, 0x00, 0x2c, 0xeb, 0x2f, 0x22, 0x02, 0x15, 0x39, 0x20, 0x00, 0x00, 0x15
    .byte 0x18, 0x20, 0x00, 0x00, 0x15, 0x19, 0x2c, 0x01, 0x00, 0x00, 0x00, 0x15, 0xa9, 0x2c, 0x00, 0x10
    .byte 0x00, 0x00, 0x2c, 0x01, 0x10, 0x00, 0x00, 0x2c, 0x02, 0x10, 0x00, 0x00, 0x2c, 0x02, 0x00, 0x00
    .byte 0x00, 0x20, 0x00, 0x00, 0x15, 0x73, 0x2c, 0x80, 0x01, 0x00, 0x00, 0x15, 0x17, 0x2c, 0x01, 0x00
    .byte 0x00, 0x00, 0x15, 0x2b, 0x2c, 0xf0, 0x02, 0x00, 0x00, 0x2c, 0xbf, 0x01, 0x00, 0x00, 0x2c, 0x60
    .byte 0x00, 0x00, 0x00, 0x2c, 0x00, 0x18, 0x00, 0x00, 0x2c, 0x05, 0x00, 0x00, 0x00, 0x2c, 0x01, 0x00
    .byte 0x00, 0x00, 0x15, 0x1a, 0x15, 0x21, 0x2c, 0x11, 0x10, 0x00, 0x00, 0x2c, 0x01, 0x10, 0x00, 0x00
    .byte 0x2c, 0x12, 0x10, 0x00, 0x00, 0x2c, 0x02, 0x00, 0x00, 0x00, 0x2c, 0x1c, 0x00, 0x00, 0x00, 0x15
    .byte 0x73, 0x2c, 0x00, 0x01, 0x00, 0x00, 0x15, 0x17, 0x2c, 0x1c, 0x00, 0x00, 0x00, 0x15, 0x05, 0x20
    .byte 0x00, 0x00, 0x15, 0x06, 0x15, 0x16, 0x2c, 0x0a, 0x00, 0x00, 0x00, 0x15, 0x07, 0x15, 0x08, 0x00
    .byte 0x03, 0x00, 0x40, 0x00, 0x00, 0x00, 0x31, 0x00, 0x20, 0x00, 0x00, 0x00, 0x14, 0xf6, 0x4b, 0x22
    .byte 0x02, 0x2c, 0x1d, 0x00, 0x00, 0x00, 0x15, 0x05, 0x2c, 0x01, 0x00, 0x00, 0x00, 0x15, 0x06, 0x20
    .byte 0x00, 0x00, 0x15, 0x2b, 0x2c, 0xf0, 0x02, 0x00, 0x00, 0x2c, 0xaf, 0x01, 0x00, 0x00, 0x2c, 0x88
    .byte 0x00, 0x00, 0x00, 0x2c, 0x00, 0x10, 0x00, 0x00, 0x2c, 0x05, 0x00, 0x00, 0x00, 0x2c, 0x01, 0x00
    .byte 0x00, 0x00, 0x15, 0x1a, 0x15, 0x21, 0x2c, 0x1b, 0x00, 0x00, 0x00, 0x15, 0x05, 0x20, 0x00, 0x00
    .byte 0x15, 0x06, 0x20, 0x00, 0x00, 0x15, 0x2b, 0x2c, 0xf0, 0x02, 0x00, 0x00, 0x2c, 0xaf, 0x01, 0x00
    .byte 0x00, 0x2c, 0xa0, 0x00, 0x00, 0x00, 0x2c, 0x00, 0x10, 0x00, 0x00, 0x2c, 0x05, 0x00, 0x00, 0x00
    .byte 0x2c, 0x01, 0x00, 0x00, 0x00, 0x15, 0x1a, 0x15, 0x21, 0x2c, 0x01, 0x00, 0x00, 0x00, 0x15, 0x18
    .byte 0x2c, 0x01, 0x00, 0x00, 0x00, 0x15, 0x19, 0x20, 0x00, 0x00, 0x15, 0xa9, 0x2c, 0x00, 0x10, 0x00
    .byte 0x00, 0x2c, 0x01, 0x10, 0x00, 0x00, 0x2c, 0x02, 0x10, 0x00, 0x00, 0x2c, 0x02, 0x00, 0x00, 0x00
    .byte 0x2c, 0x0c, 0x00, 0x00, 0x00, 0x15, 0x73, 0x2c, 0x00, 0x01, 0x00, 0x00, 0x15, 0x17, 0x2c, 0x01
    .byte 0x00, 0x00, 0x00, 0x15, 0x06, 0x15, 0x28, 0x00, 0x03, 0x00, 0x04, 0x00, 0x00, 0x00, 0x26, 0x00
    .byte 0xbe, 0x2c, 0x03, 0x00, 0x00, 0x00, 0x2c, 0xeb, 0x2f, 0x22, 0x02, 0x15, 0x39, 0x2c, 0x01, 0x00
    .byte 0x00, 0x00, 0x15, 0xa9, 0x20, 0x00, 0x00, 0x15, 0x18, 0x20, 0x00, 0x00, 0x15, 0x19, 0x2c, 0x00
    .byte 0x10, 0x00, 0x00, 0x2c, 0x01, 0x10, 0x00, 0x00, 0x2c, 0x02, 0x10, 0x00, 0x00, 0x2c, 0x02, 0x00
    .byte 0x00, 0x00, 0x20, 0x00, 0x00, 0x15, 0x73, 0x2c, 0x01, 0x00, 0x00, 0x00, 0x15, 0x2b, 0x2c, 0x80
    .byte 0x01, 0x00, 0x00, 0x15, 0x17, 0x2c, 0xf0, 0x02, 0x00, 0x00, 0x2c, 0xbf, 0x01, 0x00, 0x00, 0x2c
    .byte 0xa0, 0x00, 0x00, 0x00, 0x2c, 0x00, 0x18, 0x00, 0x00, 0x2c, 0x05, 0x00, 0x00, 0x00, 0x2c, 0x01
    .byte 0x00, 0x00, 0x00, 0x15, 0x1a, 0x15, 0x21, 0x00, 0x2c, 0x11, 0x10, 0x00, 0x00, 0x2c, 0x01, 0x10
    .byte 0x00, 0x00, 0x2c, 0x12, 0x10, 0x00, 0x00, 0x2c, 0x02, 0x00, 0x00, 0x00, 0x2c, 0x1b, 0x00, 0x00
    .byte 0x00, 0x15, 0x73, 0x2c, 0x00, 0x01, 0x00, 0x00, 0x15, 0x17, 0x20, 0x00, 0x00, 0x15, 0x2b, 0x20
    .byte 0x00, 0x00, 0x2c, 0x01, 0x00, 0x00, 0x00, 0x15, 0x38, 0x03, 0x00, 0x40, 0x00, 0x00, 0x00, 0x33
    .byte 0x00, 0x10, 0x00, 0x00, 0x00, 0x14, 0x41, 0x4d, 0x22, 0x02, 0x2c, 0xf0, 0x02, 0x00, 0x00, 0x2c
    .byte 0xbf, 0x01, 0x00, 0x00, 0x2c, 0x60, 0x00, 0x00, 0x00, 0x2c, 0x00, 0x20, 0x00, 0x00, 0x2c, 0x05
    .byte 0x00, 0x00, 0x00, 0x2c, 0x01, 0x00, 0x00, 0x00, 0x15, 0x1a, 0x15, 0x21, 0x25, 0x98, 0x4d, 0x22
    .byte 0x02, 0x2c, 0xf0, 0x02, 0x00, 0x00, 0x2c, 0xbf, 0x01, 0x00, 0x00, 0x2c, 0x94, 0x00, 0x00, 0x00
    .byte 0x2c, 0x00, 0x10, 0x00, 0x00, 0x2c, 0x05, 0x00, 0x00, 0x00, 0x2c, 0x01, 0x00, 0x00, 0x00, 0x15
    .byte 0x1a, 0x15, 0x21, 0x2c, 0x1d, 0x00, 0x00, 0x00, 0x15, 0x05, 0x2c, 0x01, 0x00, 0x00, 0x00, 0x15
    .byte 0x06, 0x20, 0x00, 0x00, 0x15, 0x2b, 0x2c, 0xf0, 0x02, 0x00, 0x00, 0x2c, 0xbf, 0x01, 0x00, 0x00
    .byte 0x2c, 0x60, 0x00, 0x00, 0x00, 0x2c, 0x00, 0x10, 0x00, 0x00, 0x2c, 0x05, 0x00, 0x00, 0x00, 0x2c
    .byte 0x01, 0x00, 0x00, 0x00, 0x15, 0x1a, 0x15, 0x21, 0x2c, 0x01, 0x00, 0x00, 0x00, 0x20, 0x00, 0x00
    .byte 0x15, 0x38, 0x2c, 0x09, 0x10, 0x00, 0x00, 0x2c, 0x01, 0x10, 0x00, 0x00, 0x2c, 0x0a, 0x10, 0x00
    .byte 0x00, 0x2c, 0x02, 0x00, 0x00, 0x00, 0x2c, 0x18, 0x00, 0x00, 0x00, 0x15, 0x73, 0x2c, 0x00, 0x01
    .byte 0x00, 0x00, 0x15, 0x17, 0x15, 0x16, 0x2c, 0x02, 0x00, 0x00, 0x00, 0x2c, 0x57, 0x00, 0x00, 0x00
    .byte 0x15, 0xe0, 0x2c, 0x00, 0x10, 0x00, 0x00, 0x2c, 0x01, 0x10, 0x00, 0x00, 0x2c, 0x02, 0x10, 0x00
    .byte 0x00, 0x2c, 0x02, 0x00, 0x00, 0x00, 0x20, 0x00, 0x00, 0x15, 0x73, 0x2c, 0x00, 0x01, 0x00, 0x00
    .byte 0x15, 0x17, 0x2c, 0x01, 0x00, 0x00, 0x00, 0x15, 0x2b, 0x20, 0x00, 0x00, 0x2c, 0x0c, 0x00, 0x00
    .byte 0x00, 0x20, 0x00, 0x00, 0x2c, 0x70, 0x17, 0x00, 0x00, 0x2c, 0x04, 0x00, 0x00, 0x00, 0x2c, 0x01
    .byte 0x00, 0x00, 0x00, 0x15, 0x1a, 0x15, 0x21, 0x2c, 0x08, 0x00, 0x00, 0x00, 0x15, 0x05, 0x2c, 0x01
    .byte 0x00, 0x00, 0x00, 0x15, 0x18, 0x2c, 0x01, 0x00, 0x00, 0x00, 0x15, 0x19, 0x20, 0x00, 0x00, 0x15
    .byte 0xa9, 0x15, 0x28, 0x00, 0x03, 0x00, 0x00, 0x00, 0x00, 0x00, 0x28, 0x00, 0x00, 0x01, 0x5e, 0x4e
    .byte 0x22, 0x02, 0x03, 0x00, 0x01, 0x00, 0x00, 0x00, 0x28, 0x00, 0x00, 0x01, 0x5e, 0x4e, 0x22, 0x02
    .byte 0x03, 0x00, 0x02, 0x00, 0x00, 0x00, 0x28, 0x00, 0x00, 0x01, 0x5e, 0x4e, 0x22, 0x02, 0x15, 0x28
    .byte 0x2c, 0x14, 0x00, 0x00, 0x00, 0x15, 0x07, 0x15, 0x08, 0x20, 0x00, 0x00, 0x15, 0x18, 0x20, 0x00
    .byte 0x00, 0x15, 0x19, 0x2c, 0x01, 0x00, 0x00, 0x00, 0x15, 0xa9, 0x2c, 0x00, 0x01, 0x00, 0x00, 0x15
    .byte 0x17, 0x2c, 0x01, 0x00, 0x00, 0x00, 0x15, 0x2b, 0x2b, 0x00, 0x00, 0x32, 0x00, 0x00, 0x00, 0x00
    .byte 0x00, 0x14, 0xbd, 0x4e, 0x22, 0x02, 0x2c, 0xf0, 0x02, 0x00, 0x00, 0x2c, 0xbf, 0x01, 0x00, 0x00
    .byte 0x2c, 0x60, 0x00, 0x00, 0x00, 0x2c, 0x00, 0x20, 0x00, 0x00, 0x2c, 0x05, 0x00, 0x00, 0x00, 0x2c
    .byte 0x01, 0x00, 0x00, 0x00, 0x15, 0x1a, 0x15, 0x21, 0x25, 0x5c, 0x4f, 0x22, 0x02, 0x2b, 0x00, 0x00
    .byte 0x32, 0x00, 0x01, 0x00, 0x00, 0x00, 0x14, 0x16, 0x4f, 0x22, 0x02, 0x2c, 0xf0, 0x02, 0x00, 0x00
    .byte 0x15, 0x11, 0x18, 0x70, 0x17, 0x00, 0x2c, 0x60, 0x00, 0x00, 0x00, 0x2c, 0x00, 0x20, 0x00, 0x00
    .byte 0x2c, 0x05, 0x00, 0x00, 0x00, 0x2c, 0x01, 0x00, 0x00, 0x00, 0x15, 0x1a, 0x15, 0x21, 0x15, 0x10
    .byte 0x18, 0x70, 0x17, 0x00, 0x2c, 0xbf, 0x01, 0x00, 0x00, 0x2c, 0x60, 0x00, 0x00, 0x00, 0x2c, 0x00
    .byte 0x20, 0x00, 0x00, 0x2c, 0x05, 0x00, 0x00, 0x00, 0x2c, 0x01, 0x00, 0x00, 0x00, 0x15, 0x1a, 0x15
    .byte 0x21, 0x25, 0x5c, 0x4f, 0x22, 0x02, 0x15, 0x10, 0x18, 0x70, 0x17, 0x00, 0x2c, 0xbf, 0x01, 0x00
    .byte 0x00, 0x2c, 0x60, 0x00, 0x00, 0x00, 0x2c, 0x00, 0x20, 0x00, 0x00, 0x2c, 0x05, 0x00, 0x00, 0x00
    .byte 0x2c, 0x01, 0x00, 0x00, 0x00, 0x15, 0x1a, 0x15, 0x21, 0x2c, 0xf0, 0x02, 0x00, 0x00, 0x15, 0x11
    .byte 0x18, 0x70, 0x17, 0x00, 0x2c, 0x60, 0x00, 0x00, 0x00, 0x2c, 0x00, 0x20, 0x00, 0x00, 0x2c, 0x05
    .byte 0x00, 0x00, 0x00, 0x2c, 0x01, 0x00, 0x00, 0x00, 0x15, 0x1a, 0x15, 0x21, 0x20, 0x00, 0x00, 0x2c
    .byte 0x01, 0x00, 0x00, 0x00, 0x15, 0x38, 0x03, 0x00, 0x04, 0x00, 0x00, 0x00, 0x26, 0x00, 0xbe, 0x2c
    .byte 0x03, 0x00, 0x00, 0x00, 0x2c, 0xeb, 0x2f, 0x22, 0x02, 0x15, 0x39, 0x2c, 0x16, 0x00, 0x00, 0x00
    .byte 0x15, 0x05, 0x20, 0x00, 0x00, 0x15, 0x06, 0x15, 0x16, 0x2c, 0x0a, 0x00, 0x00, 0x00, 0x15, 0x07
    .byte 0x15, 0x08, 0x03, 0x00, 0x40, 0x00, 0x00, 0x00, 0x30, 0x00, 0x10, 0x00, 0x00, 0x00, 0x14, 0xd8
    .byte 0x4f, 0x22, 0x02, 0x2c, 0x15, 0x00, 0x00, 0x00, 0x15, 0x05, 0x2c, 0x01, 0x00, 0x00, 0x00, 0x15
    .byte 0x06, 0x20, 0x00, 0x00, 0x15, 0x2b, 0x2c, 0xf0, 0x02, 0x00, 0x00, 0x2c, 0xaf, 0x01, 0x00, 0x00
    .byte 0x2c, 0x88, 0x00, 0x00, 0x00, 0x2c, 0x00, 0x10, 0x00, 0x00, 0x2c, 0x05, 0x00, 0x00, 0x00, 0x2c
    .byte 0x01, 0x00, 0x00, 0x00, 0x15, 0x1a, 0x15, 0x21, 0x2c, 0x17, 0x00, 0x00, 0x00, 0x15, 0x05, 0x20
    .byte 0x00, 0x00, 0x15, 0x06, 0x20, 0x00, 0x00, 0x15, 0x2b, 0x2c, 0xf0, 0x02, 0x00, 0x00, 0x2c, 0xaf
    .byte 0x01, 0x00, 0x00, 0x2c, 0xa0, 0x00, 0x00, 0x00, 0x2c, 0x00, 0x10, 0x00, 0x00, 0x2c, 0x05, 0x00
    .byte 0x00, 0x00, 0x2c, 0x01, 0x00, 0x00, 0x00, 0x15, 0x1a, 0x15, 0x21, 0x2c, 0x01, 0x00, 0x00, 0x00
    .byte 0x20, 0x00, 0x00, 0x15, 0x38, 0x2c, 0x01, 0x00, 0x00, 0x00, 0x15, 0x18, 0x2c, 0x01, 0x00, 0x00
    .byte 0x00, 0x15, 0x19, 0x20, 0x00, 0x00, 0x15, 0xa9, 0x15, 0x2c, 0x00, 0x03, 0x00, 0x00, 0x00, 0x00
    .byte 0x00, 0x28, 0x00, 0x00, 0x01, 0x55, 0x50, 0x22, 0x02, 0x03, 0x00, 0x01, 0x00, 0x00, 0x00, 0x28
    .byte 0x00, 0x00, 0x01, 0x55, 0x50, 0x22, 0x02, 0x03, 0x00, 0x02, 0x00, 0x00, 0x00, 0x28, 0x00, 0x00
    .byte 0x01, 0x55, 0x50, 0x22, 0x02, 0x15, 0x28, 0x2c, 0x14, 0x00, 0x00, 0x00, 0x15, 0x07, 0x15, 0x08
    .byte 0x2c, 0x01, 0x00, 0x00, 0x00, 0x15, 0xa9, 0x20, 0x00, 0x00, 0x15, 0x18, 0x20, 0x00, 0x00, 0x15
    .byte 0x19, 0x2c, 0x01, 0x00, 0x00, 0x00, 0x15, 0x2b, 0x2b, 0x00, 0x00, 0x32, 0x00, 0x00, 0x00, 0x00
    .byte 0x00, 0x14, 0xad, 0x50, 0x22, 0x02, 0x2c, 0xf0, 0x02, 0x00, 0x00, 0x2c, 0xb3, 0x01, 0x00, 0x00
    .byte 0x2c, 0xa0, 0x00, 0x00, 0x00, 0x2c, 0x00, 0x20, 0x00, 0x00, 0x2c, 0x05, 0x00, 0x00, 0x00, 0x2c
    .byte 0x01, 0x00, 0x00, 0x00, 0x15, 0x1a, 0x15, 0x21, 0x25, 0x76, 0x51, 0x22, 0x02, 0x2b, 0x00, 0x00
    .byte 0x32, 0x00, 0x01, 0x00, 0x00, 0x00, 0x14, 0x06, 0x51, 0x22, 0x02, 0x2c, 0xf0, 0x02, 0x00, 0x00
    .byte 0x15, 0x11, 0x18, 0x70, 0x17, 0x00, 0x2c, 0xa0, 0x00, 0x00, 0x00, 0x2c, 0x00, 0x20, 0x00, 0x00
    .byte 0x2c, 0x05, 0x00, 0x00, 0x00, 0x2c, 0x01, 0x00, 0x00, 0x00, 0x15, 0x1a, 0x15, 0x21, 0x15, 0x10
    .byte 0x18, 0x70, 0x17, 0x00, 0x2c, 0xb3, 0x01, 0x00, 0x00, 0x2c, 0xa0, 0x00, 0x00, 0x00, 0x2c, 0x00
    .byte 0x20, 0x00, 0x00, 0x2c, 0x05, 0x00, 0x00, 0x00, 0x2c, 0x01, 0x00, 0x00, 0x00, 0x15, 0x1a, 0x15
    .byte 0x21, 0x25, 0x76, 0x51, 0x22, 0x02, 0x15, 0x10, 0x18, 0x70, 0x17, 0x00, 0x2c, 0xa3, 0x01, 0x00
    .byte 0x00, 0x2c, 0xa0, 0x00, 0x00, 0x00, 0x2c, 0x00, 0x20, 0x00, 0x00, 0x2c, 0x05, 0x00, 0x00, 0x00
    .byte 0x2c, 0x01, 0x00, 0x00, 0x00, 0x15, 0x1a, 0x15, 0x21, 0x2c, 0xf0, 0x02, 0x00, 0x00, 0x15, 0x11
    .byte 0x18, 0x70, 0x17, 0x00, 0x2c, 0xa0, 0x00, 0x00, 0x00, 0x2c, 0x00, 0x20, 0x00, 0x00, 0x2c, 0x05
    .byte 0x00, 0x00, 0x00, 0x2c, 0x01, 0x00, 0x00, 0x00, 0x15, 0x1a, 0x15, 0x21, 0x15, 0x10, 0x18, 0x70
    .byte 0x17, 0x00, 0x15, 0x11, 0x18, 0x70, 0x05, 0x00, 0x10, 0x00, 0x00, 0x00, 0x17, 0x00, 0x2c, 0xa0
    .byte 0x00, 0x00, 0x00, 0x2c, 0x00, 0x20, 0x00, 0x00, 0x2c, 0x05, 0x00, 0x00, 0x00, 0x2c, 0x01, 0x00
    .byte 0x00, 0x00, 0x15, 0x1a, 0x15, 0x21, 0x03, 0x00, 0x04, 0x00, 0x00, 0x00, 0x26, 0x00, 0xbe, 0x2c
    .byte 0x03, 0x00, 0x00, 0x00, 0x2c, 0xeb, 0x2f, 0x22, 0x02, 0x15, 0x39, 0x2c, 0x16, 0x00, 0x00, 0x00
    .byte 0x15, 0x05, 0x20, 0x00, 0x00, 0x15, 0x2b, 0x20, 0x00, 0x00, 0x2c, 0x02, 0x00, 0x00, 0x00, 0x15
    .byte 0x38, 0x2c, 0xf0, 0x02, 0x00, 0x00, 0x2c, 0xbf, 0x01, 0x00, 0x00, 0x2c, 0x94, 0x00, 0x00, 0x00
    .byte 0x2c, 0x00, 0x10, 0x00, 0x00, 0x2c, 0x05, 0x00, 0x00, 0x00, 0x2c, 0x01, 0x00, 0x00, 0x00, 0x15
    .byte 0x1a, 0x15, 0x21, 0x2c, 0x15, 0x00, 0x00, 0x00, 0x15, 0x05, 0x2c, 0x01, 0x00, 0x00, 0x00, 0x15
    .byte 0x06, 0x20, 0x00, 0x00, 0x15, 0x2b, 0x2c, 0xf0, 0x02, 0x00, 0x00, 0x2c, 0xbf, 0x01, 0x00, 0x00
    .byte 0x2c, 0x60, 0x00, 0x00, 0x00, 0x2c, 0x00, 0x10, 0x00, 0x00, 0x2c, 0x05, 0x00, 0x00, 0x00, 0x2c
    .byte 0x01, 0x00, 0x00, 0x00, 0x15, 0x1a, 0x15, 0x21, 0x2c, 0x02, 0x00, 0x00, 0x00, 0x2c, 0x57, 0x00
    .byte 0x00, 0x00, 0x15, 0xe0, 0x2c, 0x01, 0x00, 0x00, 0x00, 0x15, 0x2b, 0x20, 0x00, 0x00, 0x2c, 0x08
    .byte 0x00, 0x00, 0x00, 0x20, 0x00, 0x00, 0x2c, 0x00, 0x10, 0x00, 0x00, 0x2c, 0x04, 0x00, 0x00, 0x00
    .byte 0x2c, 0x01, 0x00, 0x00, 0x00, 0x15, 0x1a, 0x15, 0x21, 0x2c, 0x01, 0x00, 0x00, 0x00, 0x20, 0x00
    .byte 0x00, 0x15, 0x38, 0x2c, 0x01, 0x00, 0x00, 0x00, 0x15, 0x18, 0x2c, 0x01, 0x00, 0x00, 0x00, 0x15
    .byte 0x19, 0x20, 0x00, 0x00, 0x15, 0xa9, 0x15, 0x2c, 0x00, 0x20, 0x00, 0x00, 0x15, 0x09, 0x03, 0x00
    .byte 0xd0, 0x02, 0x00, 0x00, 0x28, 0x00, 0x00, 0x03, 0x00, 0x6f, 0x02, 0x00, 0x00, 0x28, 0x00, 0x01
    .byte 0x03, 0x00, 0x00, 0x00, 0x00, 0x00, 0x28, 0x00, 0x02, 0x2f, 0x00, 0x2b, 0x00, 0x01, 0x2b, 0x01
    .byte 0x02, 0x04, 0x10, 0x17, 0x00, 0x2f, 0x02, 0x15, 0x02, 0x20, 0x00, 0x00, 0x2c, 0x20, 0x00, 0x00
    .byte 0x00, 0x15, 0x32, 0x2c, 0x01, 0x00, 0x00, 0x00, 0x2c, 0x02, 0x00, 0x00, 0x00, 0x15, 0x32, 0x2c
    .byte 0x01, 0x00, 0x00, 0x00, 0x15, 0x7d, 0x2c, 0x02, 0x00, 0x00, 0x00, 0x2c, 0x1c, 0x53, 0x22, 0x02
    .byte 0x15, 0x29, 0x15, 0x27, 0x18, 0x70, 0x32, 0x00, 0x00, 0x00, 0x00, 0x00, 0x14, 0xe1, 0x52, 0x22
    .byte 0x02, 0x03, 0x00, 0xd0, 0x02, 0x00, 0x00, 0x28, 0x00, 0x00, 0x03, 0x00, 0x6f, 0x02, 0x00, 0x00
    .byte 0x28, 0x00, 0x01, 0x03, 0x00, 0x00, 0x00, 0x00, 0x00, 0x28, 0x00, 0x02, 0x2f, 0x00, 0x2b, 0x00
    .byte 0x01, 0x2b, 0x01, 0x02, 0x04, 0x10, 0x17, 0x00, 0x2f, 0x02, 0x15, 0x02, 0x25, 0x0c, 0x53, 0x22
    .byte 0x02, 0x03, 0x00, 0xd0, 0x02, 0x00, 0x00, 0x28, 0x00, 0x00, 0x03, 0x00, 0x2f, 0x02, 0x00, 0x00
    .byte 0x28, 0x00, 0x01, 0x03, 0x00, 0x40, 0x00, 0x00, 0x00, 0x28, 0x00, 0x02, 0x2f, 0x00, 0x2b, 0x00
    .byte 0x01, 0x2b, 0x01, 0x02, 0x04, 0x10, 0x17, 0x00, 0x2f, 0x02, 0x15, 0x02, 0x01, 0xa2, 0x52, 0x22
    .byte 0x02, 0x2c, 0x02, 0x00, 0x00, 0x00, 0x20, 0x00, 0x00, 0x15, 0x29, 0x00, 0x2c, 0xee, 0x03, 0x00
    .byte 0x00, 0x15, 0x37, 0x18, 0x70, 0x14, 0x2b, 0x53, 0x22, 0x02, 0x00, 0x2c, 0x02, 0x04, 0x00, 0x00
    .byte 0x15, 0x37, 0x18, 0x70, 0x14, 0x3a, 0x53, 0x22, 0x02, 0x00, 0x20, 0x00, 0x00, 0x15, 0x9b, 0x18
    .byte 0x70, 0x14, 0x5a, 0x53, 0x22, 0x02, 0x20, 0x00, 0x00, 0x2c, 0xff, 0xff, 0xff, 0xff, 0x2c, 0xff
    .byte 0xff, 0xff, 0xff, 0x2c, 0xff, 0xff, 0xff, 0xff, 0x15, 0x89, 0x15, 0x1f, 0x18, 0x70, 0x28, 0x00
    .byte 0x03, 0x15, 0x20, 0x18, 0x70, 0x28, 0x00, 0x04, 0x15, 0x27, 0x18, 0x70, 0x28, 0x00, 0x05, 0x03
    .byte 0x00, 0x00, 0x00, 0x00, 0x00, 0x28, 0x00, 0x06, 0x15, 0x27, 0x18, 0x70, 0x32, 0x00, 0x00, 0x00
    .byte 0x00, 0x00, 0x14, 0xe7, 0x54, 0x22, 0x02, 0x20, 0x00, 0x00, 0x2c, 0x49, 0x56, 0x22, 0x02, 0x15
    .byte 0x39, 0x20, 0x00, 0x00, 0x15, 0x42, 0x18, 0x70, 0x32, 0x00, 0x00, 0x00, 0x00, 0x00, 0x14, 0xa8
    .byte 0x53, 0x22, 0x02, 0x01, 0x91, 0x53, 0x22, 0x02, 0x20, 0x00, 0x00, 0x2c, 0xff, 0xff, 0xff, 0xff
    .byte 0x2c, 0xff, 0xff, 0xff, 0xff, 0x15, 0xdd, 0x18, 0x70, 0x14, 0x9a, 0x54, 0x22, 0x02, 0x2c, 0x03
    .byte 0x00, 0x00, 0x00, 0x2c, 0xff, 0xff, 0xff, 0xff, 0x2c, 0xff, 0xff, 0xff, 0xff, 0x15, 0xdd, 0x18
    .byte 0x70, 0x32, 0x00, 0x00, 0x00, 0x00, 0x00, 0x14, 0x9a, 0x54, 0x22, 0x02, 0x03, 0x00, 0x40, 0x00
    .byte 0x00, 0x00, 0x30, 0x00, 0x10, 0x00, 0x00, 0x00, 0x14, 0x9a, 0x54, 0x22, 0x02, 0x15, 0x6f, 0x18
    .byte 0x70, 0x2b, 0x01, 0x05, 0x1c, 0x10, 0x14, 0x9a, 0x54, 0x22, 0x02, 0x15, 0x10, 0x18, 0x70, 0x17
    .byte 0x00, 0x15, 0x11, 0x18, 0x70, 0x17, 0x00, 0x20, 0x00, 0x00, 0x15, 0x6d, 0x18, 0x70, 0x17, 0x00
    .byte 0x15, 0x6e, 0x18, 0x70, 0x17, 0x00, 0x20, 0x00, 0x00, 0x15, 0x65, 0x18, 0x70, 0x28, 0x00, 0x03
    .byte 0x2b, 0x00, 0x03, 0x33, 0x00, 0x40, 0x00, 0x00, 0x00, 0x14, 0x57, 0x54, 0x22, 0x02, 0x15, 0x6e
    .byte 0x18, 0x70, 0x15, 0x11, 0x18, 0x71, 0x1b, 0x10, 0x14, 0x57, 0x54, 0x22, 0x02, 0x2c, 0x01, 0x00
    .byte 0x00, 0x00, 0x2c, 0x70, 0x59, 0x22, 0x02, 0x15, 0x39, 0x03, 0x00, 0x01, 0x00, 0x00, 0x00, 0x28
    .byte 0x00, 0x06, 0x25, 0x9a, 0x54, 0x22, 0x02, 0x2b, 0x00, 0x03, 0x33, 0x00, 0x80, 0x00, 0x00, 0x00
    .byte 0x14, 0x9a, 0x54, 0x22, 0x02, 0x15, 0x6e, 0x18, 0x70, 0x15, 0x11, 0x18, 0x71, 0x1b, 0x10, 0x14
    .byte 0x85, 0x54, 0x22, 0x02, 0x2c, 0x01, 0x00, 0x00, 0x00, 0x2c, 0x7e, 0x59, 0x22, 0x02, 0x15, 0x39
    .byte 0x25, 0x91, 0x54, 0x22, 0x02, 0x2c, 0x01, 0x00, 0x00, 0x00, 0x2c, 0x8c, 0x59, 0x22, 0x02, 0x15
    .byte 0x39, 0x03, 0x00, 0x01, 0x00, 0x00, 0x00, 0x28, 0x00, 0x06, 0x20, 0x00, 0x00, 0x2c, 0xf0, 0x56
    .byte 0x22, 0x02, 0x15, 0x39, 0x20, 0x00, 0x00, 0x15, 0x42, 0x18, 0x70, 0x32, 0x00, 0x00, 0x00, 0x00
    .byte 0x00, 0x14, 0xbb, 0x54, 0x22, 0x02, 0x01, 0xa4, 0x54, 0x22, 0x02, 0x2b, 0x00, 0x06, 0x32, 0x00
    .byte 0x01, 0x00, 0x00, 0x00, 0x14, 0xe2, 0x54, 0x22, 0x02, 0x2c, 0x01, 0x00, 0x00, 0x00, 0x15, 0x42
    .byte 0x18, 0x70, 0x32, 0x00, 0x00, 0x00, 0x00, 0x00, 0x14, 0xe2, 0x54, 0x22, 0x02, 0x01, 0xc9, 0x54
    .byte 0x22, 0x02, 0x25, 0x48, 0x56, 0x22, 0x02, 0x20, 0x00, 0x00, 0x2c, 0xa8, 0x57, 0x22, 0x02, 0x15
    .byte 0x39, 0x20, 0x00, 0x00, 0x15, 0x42, 0x18, 0x70, 0x32, 0x00, 0x00, 0x00, 0x00, 0x00, 0x14, 0x08
    .byte 0x55, 0x22, 0x02, 0x01, 0xf1, 0x54, 0x22, 0x02, 0x20, 0x00, 0x00, 0x2c, 0xff, 0xff, 0xff, 0xff
    .byte 0x2c, 0xff, 0xff, 0xff, 0xff, 0x15, 0xdd, 0x18, 0x70, 0x14, 0x00, 0x56, 0x22, 0x02, 0x2c, 0x03
    .byte 0x00, 0x00, 0x00, 0x2c, 0xff, 0xff, 0xff, 0xff, 0x2c, 0xff, 0xff, 0xff, 0xff, 0x15, 0xdd, 0x18
    .byte 0x70, 0x32, 0x00, 0x00, 0x00, 0x00, 0x00, 0x14, 0x00, 0x56, 0x22, 0x02, 0x03, 0x00, 0x40, 0x00
    .byte 0x00, 0x00, 0x30, 0x00, 0x10, 0x00, 0x00, 0x00, 0x14, 0x00, 0x56, 0x22, 0x02, 0x15, 0x6f, 0x18
    .byte 0x70, 0x2b, 0x01, 0x05, 0x1c, 0x10, 0x14, 0x00, 0x56, 0x22, 0x02, 0x15, 0x10, 0x18, 0x70, 0x17
    .byte 0x00, 0x15, 0x11, 0x18, 0x70, 0x17, 0x00, 0x20, 0x00, 0x00, 0x15, 0x6d, 0x18, 0x70, 0x17, 0x00
    .byte 0x15, 0x6e, 0x18, 0x70, 0x17, 0x00, 0x20, 0x00, 0x00, 0x15, 0x65, 0x18, 0x70, 0x28, 0x00, 0x03
    .byte 0x2b, 0x00, 0x03, 0x33, 0x00, 0x40, 0x00, 0x00, 0x00, 0x14, 0xb7, 0x55, 0x22, 0x02, 0x15, 0x6e
    .byte 0x18, 0x70, 0x15, 0x11, 0x18, 0x71, 0x1d, 0x10, 0x14, 0xb7, 0x55, 0x22, 0x02, 0x2c, 0x01, 0x00
    .byte 0x00, 0x00, 0x2c, 0x5d, 0x5b, 0x22, 0x02, 0x15, 0x39, 0x03, 0x00, 0x01, 0x00, 0x00, 0x00, 0x28
    .byte 0x00, 0x06, 0x25, 0x00, 0x56, 0x22, 0x02, 0x2b, 0x00, 0x03, 0x33, 0x00, 0x80, 0x00, 0x00, 0x00
    .byte 0x14, 0x00, 0x56, 0x22, 0x02, 0x15, 0x6e, 0x18, 0x70, 0x15, 0x11, 0x18, 0x71, 0x24, 0x01, 0x10
    .byte 0x00, 0x00, 0x00, 0x1d, 0x10, 0x14, 0xeb, 0x55, 0x22, 0x02, 0x2c, 0x01, 0x00, 0x00, 0x00, 0x2c
    .byte 0x6b, 0x5b, 0x22, 0x02, 0x15, 0x39, 0x25, 0xf7, 0x55, 0x22, 0x02, 0x2c, 0x01, 0x00, 0x00, 0x00
    .byte 0x2c, 0x79, 0x5b, 0x22, 0x02, 0x15, 0x39, 0x03, 0x00, 0x01, 0x00, 0x00, 0x00, 0x28, 0x00, 0x06
    .byte 0x20, 0x00, 0x00, 0x2c, 0x18, 0x58, 0x22, 0x02, 0x15, 0x39, 0x20, 0x00, 0x00, 0x15, 0x42, 0x18
    .byte 0x70, 0x32, 0x00, 0x00, 0x00, 0x00, 0x00, 0x14, 0x21, 0x56, 0x22, 0x02, 0x01, 0x0a, 0x56, 0x22
    .byte 0x02, 0x2b, 0x00, 0x06, 0x32, 0x00, 0x01, 0x00, 0x00, 0x00, 0x14, 0x48, 0x56, 0x22, 0x02, 0x2c
    .byte 0x01, 0x00, 0x00, 0x00, 0x15, 0x42, 0x18, 0x70, 0x32, 0x00, 0x00, 0x00, 0x00, 0x00, 0x14, 0x48
    .byte 0x56, 0x22, 0x02, 0x01, 0x2f, 0x56, 0x22, 0x02, 0x00, 0x03, 0x00, 0x04, 0x00, 0x00, 0x00, 0x26
    .byte 0x00, 0xbe, 0x2c, 0x03, 0x00, 0x00, 0x00, 0x2c, 0xeb, 0x2f, 0x22, 0x02, 0x15, 0x39, 0x20, 0x00
    .byte 0x00, 0x15, 0x18, 0x20, 0x00, 0x00, 0x15, 0x19, 0x2c, 0x01, 0x00, 0x00, 0x00, 0x15, 0xa9, 0x2c
    .byte 0x00, 0x10, 0x00, 0x00, 0x2c, 0x01, 0x10, 0x00, 0x00, 0x2c, 0x02, 0x10, 0x00, 0x00, 0x2c, 0x02
    .byte 0x00, 0x00, 0x00, 0x20, 0x00, 0x00, 0x15, 0x73, 0x2c, 0x80, 0x01, 0x00, 0x00, 0x15, 0x17, 0x2c
    .byte 0x01, 0x00, 0x00, 0x00, 0x15, 0x2b, 0x2c, 0xd0, 0x02, 0x00, 0x00, 0x2c, 0x6f, 0x02, 0x00, 0x00
    .byte 0x20, 0x00, 0x00, 0x2c, 0x00, 0x18, 0x00, 0x00, 0x2c, 0x05, 0x00, 0x00, 0x00, 0x2c, 0x01, 0x00
    .byte 0x00, 0x00, 0x15, 0x1a, 0x15, 0x21, 0x2c, 0x11, 0x10, 0x00, 0x00, 0x2c, 0x01, 0x10, 0x00, 0x00
    .byte 0x2c, 0x12, 0x10, 0x00, 0x00, 0x2c, 0x02, 0x00, 0x00, 0x00, 0x2c, 0x1c, 0x00, 0x00, 0x00, 0x15
    .byte 0x73, 0x2c, 0x00, 0x01, 0x00, 0x00, 0x15, 0x17, 0x2c, 0x1c, 0x00, 0x00, 0x00, 0x15, 0x05, 0x20
    .byte 0x00, 0x00, 0x15, 0x06, 0x15, 0x16, 0x2c, 0x0a, 0x00, 0x00, 0x00, 0x15, 0x07, 0x15, 0x08, 0x00
    .byte 0x03, 0x00, 0x40, 0x00, 0x00, 0x00, 0x31, 0x00, 0x20, 0x00, 0x00, 0x00, 0x14, 0x36, 0x57, 0x22
    .byte 0x02, 0x2c, 0x1d, 0x00, 0x00, 0x00, 0x15, 0x05, 0x2c, 0x01, 0x00, 0x00, 0x00, 0x15, 0x06, 0x20
    .byte 0x00, 0x00, 0x15, 0x2b, 0x2c, 0xd0, 0x02, 0x00, 0x00, 0x2c, 0x5f, 0x02, 0x00, 0x00, 0x2c, 0x28
    .byte 0x00, 0x00, 0x00, 0x2c, 0x00, 0x10, 0x00, 0x00, 0x2c, 0x05, 0x00, 0x00, 0x00, 0x2c, 0x01, 0x00
    .byte 0x00, 0x00, 0x15, 0x1a, 0x15, 0x21, 0x2c, 0x1b, 0x00, 0x00, 0x00, 0x15, 0x05, 0x20, 0x00, 0x00
    .byte 0x15, 0x06, 0x20, 0x00, 0x00, 0x15, 0x2b, 0x2c, 0xd0, 0x02, 0x00, 0x00, 0x2c, 0x5f, 0x02, 0x00
    .byte 0x00, 0x2c, 0x40, 0x00, 0x00, 0x00, 0x2c, 0x00, 0x10, 0x00, 0x00, 0x2c, 0x05, 0x00, 0x00, 0x00
    .byte 0x2c, 0x01, 0x00, 0x00, 0x00, 0x15, 0x1a, 0x15, 0x21, 0x2c, 0x01, 0x00, 0x00, 0x00, 0x15, 0x18
    .byte 0x2c, 0x01, 0x00, 0x00, 0x00, 0x15, 0x19, 0x20, 0x00, 0x00, 0x15, 0xa9, 0x2c, 0x00, 0x10, 0x00
    .byte 0x00, 0x2c, 0x01, 0x10, 0x00, 0x00, 0x2c, 0x02, 0x10, 0x00, 0x00, 0x2c, 0x02, 0x00, 0x00, 0x00
    .byte 0x2c, 0x0c, 0x00, 0x00, 0x00, 0x15, 0x73, 0x2c, 0x00, 0x01, 0x00, 0x00, 0x15, 0x17, 0x2c, 0x01
    .byte 0x00, 0x00, 0x00, 0x15, 0x06, 0x15, 0x28, 0x00, 0x03, 0x00, 0x04, 0x00, 0x00, 0x00, 0x26, 0x00
    .byte 0xbe, 0x2c, 0x03, 0x00, 0x00, 0x00, 0x2c, 0xeb, 0x2f, 0x22, 0x02, 0x15, 0x39, 0x2c, 0x01, 0x00
    .byte 0x00, 0x00, 0x15, 0xa9, 0x20, 0x00, 0x00, 0x15, 0x18, 0x20, 0x00, 0x00, 0x15, 0x19, 0x2c, 0x00
    .byte 0x10, 0x00, 0x00, 0x2c, 0x01, 0x10, 0x00, 0x00, 0x2c, 0x02, 0x10, 0x00, 0x00, 0x2c, 0x02, 0x00
    .byte 0x00, 0x00, 0x20, 0x00, 0x00, 0x15, 0x73, 0x2c, 0x01, 0x00, 0x00, 0x00, 0x15, 0x2b, 0x2c, 0x80
    .byte 0x01, 0x00, 0x00, 0x15, 0x17, 0x2c, 0xd0, 0x02, 0x00, 0x00, 0x2c, 0x6f, 0x02, 0x00, 0x00, 0x2c
    .byte 0x40, 0x00, 0x00, 0x00, 0x2c, 0x00, 0x18, 0x00, 0x00, 0x2c, 0x05, 0x00, 0x00, 0x00, 0x2c, 0x01
    .byte 0x00, 0x00, 0x00, 0x15, 0x1a, 0x15, 0x21, 0x00, 0x2c, 0x11, 0x10, 0x00, 0x00, 0x2c, 0x01, 0x10
    .byte 0x00, 0x00, 0x2c, 0x12, 0x10, 0x00, 0x00, 0x2c, 0x02, 0x00, 0x00, 0x00, 0x2c, 0x1b, 0x00, 0x00
    .byte 0x00, 0x15, 0x73, 0x2c, 0x00, 0x01, 0x00, 0x00, 0x15, 0x17, 0x20, 0x00, 0x00, 0x15, 0x2b, 0x20
    .byte 0x00, 0x00, 0x2c, 0x01, 0x00, 0x00, 0x00, 0x15, 0x38, 0x03, 0x00, 0x40, 0x00, 0x00, 0x00, 0x33
    .byte 0x00, 0x10, 0x00, 0x00, 0x00, 0x14, 0x7f, 0x58, 0x22, 0x02, 0x2c, 0xd0, 0x02, 0x00, 0x00, 0x2c
    .byte 0x6f, 0x02, 0x00, 0x00, 0x20, 0x00, 0x00, 0x2c, 0x00, 0x20, 0x00, 0x00, 0x2c, 0x05, 0x00, 0x00
    .byte 0x00, 0x2c, 0x01, 0x00, 0x00, 0x00, 0x15, 0x1a, 0x15, 0x21, 0x25, 0xd4, 0x58, 0x22, 0x02, 0x2c
    .byte 0xd0, 0x02, 0x00, 0x00, 0x2c, 0x6f, 0x02, 0x00, 0x00, 0x2c, 0x34, 0x00, 0x00, 0x00, 0x2c, 0x00
    .byte 0x10, 0x00, 0x00, 0x2c, 0x05, 0x00, 0x00, 0x00, 0x2c, 0x01, 0x00, 0x00, 0x00, 0x15, 0x1a, 0x15
    .byte 0x21, 0x2c, 0x1d, 0x00, 0x00, 0x00, 0x15, 0x05, 0x2c, 0x01, 0x00, 0x00, 0x00, 0x15, 0x06, 0x20
    .byte 0x00, 0x00, 0x15, 0x2b, 0x2c, 0xd0, 0x02, 0x00, 0x00, 0x2c, 0x6f, 0x02, 0x00, 0x00, 0x20, 0x00
    .byte 0x00, 0x2c, 0x00, 0x10, 0x00, 0x00, 0x2c, 0x05, 0x00, 0x00, 0x00, 0x2c, 0x01, 0x00, 0x00, 0x00
    .byte 0x15, 0x1a, 0x15, 0x21, 0x2c, 0x01, 0x00, 0x00, 0x00, 0x20, 0x00, 0x00, 0x15, 0x38, 0x2c, 0x02
    .byte 0x00, 0x00, 0x00, 0x2c, 0x57, 0x00, 0x00, 0x00, 0x15, 0xe0, 0x2c, 0x09, 0x10, 0x00, 0x00, 0x2c
    .byte 0x01, 0x10, 0x00, 0x00, 0x2c, 0x0a, 0x10, 0x00, 0x00, 0x2c, 0x02, 0x00, 0x00, 0x00, 0x2c, 0x18
    .byte 0x00, 0x00, 0x00, 0x15, 0x73, 0x2c, 0x00, 0x01, 0x00, 0x00, 0x15, 0x17, 0x15, 0x16, 0x2c, 0x00
    .byte 0x10, 0x00, 0x00, 0x2c, 0x01, 0x10, 0x00, 0x00, 0x2c, 0x02, 0x10, 0x00, 0x00, 0x2c, 0x02, 0x00
    .byte 0x00, 0x00, 0x20, 0x00, 0x00, 0x15, 0x73, 0x2c, 0x00, 0x01, 0x00, 0x00, 0x15, 0x17, 0x2c, 0x01
    .byte 0x00, 0x00, 0x00, 0x15, 0x2b, 0x20, 0x00, 0x00, 0x2c, 0x0c, 0x00, 0x00, 0x00, 0x20, 0x00, 0x00
    .byte 0x2c, 0x70, 0x17, 0x00, 0x00, 0x2c, 0x04, 0x00, 0x00, 0x00, 0x2c, 0x01, 0x00, 0x00, 0x00, 0x15
    .byte 0x1a, 0x15, 0x21, 0x2c, 0x08, 0x00, 0x00, 0x00, 0x15, 0x05, 0x2c, 0x01, 0x00, 0x00, 0x00, 0x15
    .byte 0x18, 0x2c, 0x01, 0x00, 0x00, 0x00, 0x15, 0x19, 0x20, 0x00, 0x00, 0x15, 0xa9, 0x15, 0x28, 0x00
    .byte 0x03, 0x00, 0x00, 0x00, 0x00, 0x00, 0x28, 0x00, 0x00, 0x01, 0x9a, 0x59, 0x22, 0x02, 0x03, 0x00
    .byte 0x01, 0x00, 0x00, 0x00, 0x28, 0x00, 0x00, 0x01, 0x9a, 0x59, 0x22, 0x02, 0x03, 0x00, 0x02, 0x00
    .byte 0x00, 0x00, 0x28, 0x00, 0x00, 0x01, 0x9a, 0x59, 0x22, 0x02, 0x15, 0x28, 0x2c, 0x14, 0x00, 0x00
    .byte 0x00, 0x15, 0x07, 0x15, 0x08, 0x20, 0x00, 0x00, 0x15, 0x18, 0x20, 0x00, 0x00, 0x15, 0x19, 0x2c
    .byte 0x01, 0x00, 0x00, 0x00, 0x15, 0xa9, 0x2c, 0x00, 0x01, 0x00, 0x00, 0x15, 0x17, 0x2c, 0x01, 0x00
    .byte 0x00, 0x00, 0x15, 0x2b, 0x2b, 0x00, 0x00, 0x32, 0x00, 0x00, 0x00, 0x00, 0x00, 0x14, 0xf7, 0x59
    .byte 0x22, 0x02, 0x2c, 0xd0, 0x02, 0x00, 0x00, 0x2c, 0x6f, 0x02, 0x00, 0x00, 0x20, 0x00, 0x00, 0x2c
    .byte 0x00, 0x20, 0x00, 0x00, 0x2c, 0x05, 0x00, 0x00, 0x00, 0x2c, 0x01, 0x00, 0x00, 0x00, 0x15, 0x1a
    .byte 0x15, 0x21, 0x25, 0x8e, 0x5a, 0x22, 0x02, 0x2b, 0x00, 0x00, 0x32, 0x00, 0x01, 0x00, 0x00, 0x00
    .byte 0x14, 0x4c, 0x5a, 0x22, 0x02, 0x2c, 0xd0, 0x02, 0x00, 0x00, 0x15, 0x11, 0x18, 0x70, 0x17, 0x00
    .byte 0x20, 0x00, 0x00, 0x2c, 0x00, 0x20, 0x00, 0x00, 0x2c, 0x05, 0x00, 0x00, 0x00, 0x2c, 0x01, 0x00
    .byte 0x00, 0x00, 0x15, 0x1a, 0x15, 0x21, 0x15, 0x10, 0x18, 0x70, 0x17, 0x00, 0x2c, 0x6f, 0x02, 0x00
    .byte 0x00, 0x20, 0x00, 0x00, 0x2c, 0x00, 0x20, 0x00, 0x00, 0x2c, 0x05, 0x00, 0x00, 0x00, 0x2c, 0x01
    .byte 0x00, 0x00, 0x00, 0x15, 0x1a, 0x15, 0x21, 0x25, 0x8e, 0x5a, 0x22, 0x02, 0x15, 0x10, 0x18, 0x70
    .byte 0x17, 0x00, 0x2c, 0x6f, 0x02, 0x00, 0x00, 0x20, 0x00, 0x00, 0x2c, 0x00, 0x20, 0x00, 0x00, 0x2c
    .byte 0x05, 0x00, 0x00, 0x00, 0x2c, 0x01, 0x00, 0x00, 0x00, 0x15, 0x1a, 0x15, 0x21, 0x2c, 0xd0, 0x02
    .byte 0x00, 0x00, 0x15, 0x11, 0x18, 0x70, 0x17, 0x00, 0x20, 0x00, 0x00, 0x2c, 0x00, 0x20, 0x00, 0x00
    .byte 0x2c, 0x05, 0x00, 0x00, 0x00, 0x2c, 0x01, 0x00, 0x00, 0x00, 0x15, 0x1a, 0x15, 0x21, 0x20, 0x00
    .byte 0x00, 0x2c, 0x01, 0x00, 0x00, 0x00, 0x15, 0x38, 0x03, 0x00, 0x04, 0x00, 0x00, 0x00, 0x26, 0x00
    .byte 0xbe, 0x2c, 0x03, 0x00, 0x00, 0x00, 0x2c, 0xeb, 0x2f, 0x22, 0x02, 0x15, 0x39, 0x2c, 0x16, 0x00
    .byte 0x00, 0x00, 0x15, 0x05, 0x20, 0x00, 0x00, 0x15, 0x06, 0x15, 0x16, 0x2c, 0x0a, 0x00, 0x00, 0x00
    .byte 0x15, 0x07, 0x15, 0x08, 0x03, 0x00, 0x40, 0x00, 0x00, 0x00, 0x30, 0x00, 0x10, 0x00, 0x00, 0x00
    .byte 0x14, 0x0a, 0x5b, 0x22, 0x02, 0x2c, 0x15, 0x00, 0x00, 0x00, 0x15, 0x05, 0x2c, 0x01, 0x00, 0x00
    .byte 0x00, 0x15, 0x06, 0x20, 0x00, 0x00, 0x15, 0x2b, 0x2c, 0xd0, 0x02, 0x00, 0x00, 0x2c, 0x5f, 0x02
    .byte 0x00, 0x00, 0x2c, 0x28, 0x00, 0x00, 0x00, 0x2c, 0x00, 0x10, 0x00, 0x00, 0x2c, 0x05, 0x00, 0x00
    .byte 0x00, 0x2c, 0x01, 0x00, 0x00, 0x00, 0x15, 0x1a, 0x15, 0x21, 0x2c, 0x17, 0x00, 0x00, 0x00, 0x15
    .byte 0x05, 0x20, 0x00, 0x00, 0x15, 0x06, 0x20, 0x00, 0x00, 0x15, 0x2b, 0x2c, 0xd0, 0x02, 0x00, 0x00
    .byte 0x2c, 0x5f, 0x02, 0x00, 0x00, 0x2c, 0x40, 0x00, 0x00, 0x00, 0x2c, 0x00, 0x10, 0x00, 0x00, 0x2c
    .byte 0x05, 0x00, 0x00, 0x00, 0x2c, 0x01, 0x00, 0x00, 0x00, 0x15, 0x1a, 0x15, 0x21, 0x2c, 0x01, 0x00
    .byte 0x00, 0x00, 0x20, 0x00, 0x00, 0x15, 0x38, 0x2c, 0x01, 0x00, 0x00, 0x00, 0x15, 0x18, 0x2c, 0x01
    .byte 0x00, 0x00, 0x00, 0x15, 0x19, 0x20, 0x00, 0x00, 0x15, 0xa9, 0x15, 0x2c, 0x00, 0x03, 0x00, 0x00
    .byte 0x00, 0x00, 0x00, 0x28, 0x00, 0x00, 0x01, 0x87, 0x5b, 0x22, 0x02, 0x03, 0x00, 0x01, 0x00, 0x00
    .byte 0x00, 0x28, 0x00, 0x00, 0x01, 0x87, 0x5b, 0x22, 0x02, 0x03, 0x00, 0x02, 0x00, 0x00, 0x00, 0x28
    .byte 0x00, 0x00, 0x01, 0x87, 0x5b, 0x22, 0x02, 0x15, 0x28, 0x2c, 0x14, 0x00, 0x00, 0x00, 0x15, 0x07
    .byte 0x15, 0x08, 0x2c, 0x01, 0x00, 0x00, 0x00, 0x15, 0xa9, 0x20, 0x00, 0x00, 0x15, 0x18, 0x20, 0x00
    .byte 0x00, 0x15, 0x19, 0x2c, 0x01, 0x00, 0x00, 0x00, 0x15, 0x2b, 0x2b, 0x00, 0x00, 0x32, 0x00, 0x00
    .byte 0x00, 0x00, 0x00, 0x14, 0xdf, 0x5b, 0x22, 0x02, 0x2c, 0xd0, 0x02, 0x00, 0x00, 0x2c, 0x63, 0x02
    .byte 0x00, 0x00, 0x2c, 0x40, 0x00, 0x00, 0x00, 0x2c, 0x00, 0x20, 0x00, 0x00, 0x2c, 0x05, 0x00, 0x00
    .byte 0x00, 0x2c, 0x01, 0x00, 0x00, 0x00, 0x15, 0x1a, 0x15, 0x21, 0x25, 0xa8, 0x5c, 0x22, 0x02, 0x2b
    .byte 0x00, 0x00, 0x32, 0x00, 0x01, 0x00, 0x00, 0x00, 0x14, 0x38, 0x5c, 0x22, 0x02, 0x2c, 0xd0, 0x02
    .byte 0x00, 0x00, 0x15, 0x11, 0x18, 0x70, 0x17, 0x00, 0x2c, 0x40, 0x00, 0x00, 0x00, 0x2c, 0x00, 0x20
    .byte 0x00, 0x00, 0x2c, 0x05, 0x00, 0x00, 0x00, 0x2c, 0x01, 0x00, 0x00, 0x00, 0x15, 0x1a, 0x15, 0x21
    .byte 0x15, 0x10, 0x18, 0x70, 0x17, 0x00, 0x2c, 0x63, 0x02, 0x00, 0x00, 0x2c, 0x40, 0x00, 0x00, 0x00
    .byte 0x2c, 0x00, 0x20, 0x00, 0x00, 0x2c, 0x05, 0x00, 0x00, 0x00, 0x2c, 0x01, 0x00, 0x00, 0x00, 0x15
    .byte 0x1a, 0x15, 0x21, 0x25, 0xa8, 0x5c, 0x22, 0x02, 0x15, 0x10, 0x18, 0x70, 0x17, 0x00, 0x2c, 0x53
    .byte 0x02, 0x00, 0x00, 0x2c, 0x40, 0x00, 0x00, 0x00, 0x2c, 0x00, 0x20, 0x00, 0x00, 0x2c, 0x05, 0x00
    .byte 0x00, 0x00, 0x2c, 0x01, 0x00, 0x00, 0x00, 0x15, 0x1a, 0x15, 0x21, 0x2c, 0xd0, 0x02, 0x00, 0x00
    .byte 0x15, 0x11, 0x18, 0x70, 0x17, 0x00, 0x2c, 0x40, 0x00, 0x00, 0x00, 0x2c, 0x00, 0x20, 0x00, 0x00
    .byte 0x2c, 0x05, 0x00, 0x00, 0x00, 0x2c, 0x01, 0x00, 0x00, 0x00, 0x15, 0x1a, 0x15, 0x21, 0x15, 0x10
    .byte 0x18, 0x70, 0x17, 0x00, 0x15, 0x11, 0x18, 0x70, 0x05, 0x00, 0x10, 0x00, 0x00, 0x00, 0x17, 0x00
    .byte 0x2c, 0x40, 0x00, 0x00, 0x00, 0x2c, 0x00, 0x20, 0x00, 0x00, 0x2c, 0x05, 0x00, 0x00, 0x00, 0x2c
    .byte 0x01, 0x00, 0x00, 0x00, 0x15, 0x1a, 0x15, 0x21, 0x03, 0x00, 0x04, 0x00, 0x00, 0x00, 0x26, 0x00
    .byte 0xbe, 0x2c, 0x03, 0x00, 0x00, 0x00, 0x2c, 0xeb, 0x2f, 0x22, 0x02, 0x15, 0x39, 0x2c, 0x16, 0x00
    .byte 0x00, 0x00, 0x15, 0x05, 0x20, 0x00, 0x00, 0x15, 0x2b, 0x20, 0x00, 0x00, 0x2c, 0x02, 0x00, 0x00
    .byte 0x00, 0x15, 0x38, 0x2c, 0xd0, 0x02, 0x00, 0x00, 0x2c, 0x6f, 0x02, 0x00, 0x00, 0x2c, 0x34, 0x00
    .byte 0x00, 0x00, 0x2c, 0x00, 0x10, 0x00, 0x00, 0x2c, 0x05, 0x00, 0x00, 0x00, 0x2c, 0x01, 0x00, 0x00
    .byte 0x00, 0x15, 0x1a, 0x15, 0x21, 0x2c, 0x15, 0x00, 0x00, 0x00, 0x15, 0x05, 0x2c, 0x01, 0x00, 0x00
    .byte 0x00, 0x15, 0x06, 0x20, 0x00, 0x00, 0x15, 0x2b, 0x2c, 0xd0, 0x02, 0x00, 0x00, 0x2c, 0x6f, 0x02
    .byte 0x00, 0x00, 0x20, 0x00, 0x00, 0x2c, 0x00, 0x10, 0x00, 0x00, 0x2c, 0x05, 0x00, 0x00, 0x00, 0x2c
    .byte 0x01, 0x00, 0x00, 0x00, 0x15, 0x1a, 0x15, 0x21, 0x2c, 0x02, 0x00, 0x00, 0x00, 0x2c, 0x57, 0x00
    .byte 0x00, 0x00, 0x15, 0xe0, 0x2c, 0x01, 0x00, 0x00, 0x00, 0x15, 0x2b, 0x20, 0x00, 0x00, 0x2c, 0x08
    .byte 0x00, 0x00, 0x00, 0x20, 0x00, 0x00, 0x2c, 0x00, 0x10, 0x00, 0x00, 0x2c, 0x04, 0x00, 0x00, 0x00
    .byte 0x2c, 0x01, 0x00, 0x00, 0x00, 0x15, 0x1a, 0x15, 0x21, 0x2c, 0x01, 0x00, 0x00, 0x00, 0x20, 0x00
    .byte 0x00, 0x15, 0x38, 0x2c, 0x01, 0x00, 0x00, 0x00, 0x15, 0x18, 0x2c, 0x01, 0x00, 0x00, 0x00, 0x15
    .byte 0x19, 0x20, 0x00, 0x00, 0x15, 0xa9, 0x15, 0x2c, 0x00, 0x2c, 0x03, 0x00, 0x00, 0x00, 0x15, 0x05
    .byte 0x2c, 0x01, 0x00, 0x00, 0x00, 0x15, 0x06, 0x2c, 0x00, 0x04, 0x00, 0x00, 0x15, 0x1b, 0x00, 0x2c
    .byte 0x03, 0x00, 0x00, 0x00, 0x15, 0x05, 0x2c, 0x01, 0x00, 0x00, 0x00, 0x15, 0x06, 0x2c, 0x00, 0x04
    .byte 0x00, 0x00, 0x15, 0x1b, 0x00, 0x2c, 0x03, 0x00, 0x00, 0x00, 0x15, 0x05, 0x2c, 0x01, 0x00, 0x00
    .byte 0x00, 0x15, 0x06, 0x2c, 0x00, 0x04, 0x00, 0x00, 0x15, 0x1b, 0x00, 0x2c, 0x02, 0x00, 0x00, 0x00
    .byte 0x15, 0x05, 0x2c, 0x01, 0x00, 0x00, 0x00, 0x15, 0x06, 0x2c, 0x00, 0x04, 0x00, 0x00, 0x15, 0x1b
    .byte 0x00, 0x2c, 0x03, 0x00, 0x00, 0x00, 0x15, 0x05, 0x2c, 0x01, 0x00, 0x00, 0x00, 0x15, 0x06, 0x2c
    .byte 0x00, 0x04, 0x00, 0x00, 0x15, 0x1b, 0x00, 0x2c, 0x03, 0x00, 0x00, 0x00, 0x15, 0x05, 0x2c, 0x01
    .byte 0x00, 0x00, 0x00, 0x15, 0x06, 0x2c, 0x00, 0x04, 0x00, 0x00, 0x15, 0x1b, 0x00, 0x00, 0x00, 0x00
