.text
; Matching fallback for the portable implementation in src/overlays/ov251/overlay251_recovery.c.
.extern data_ov251_0221d720
.extern data_ov251_0221d734
.extern data_ov251_02220ab9
.extern data_ov251_02221380
.extern data_ov251_02221384
.extern func_02008f58
.extern func_0203aac4
.extern func_0203abac
.extern func_0203b38c
.extern func_0203b3ac

.global func_ov251_0221d6c0
func_ov251_0221d6c0:
    stmdb sp!, {r3, lr}
    cmp r0, #0x0
    ldmneia sp!, {r3, pc}
    bl func_0203aac4
    ldr r0, .L_0221d6fc
    ldr r2, .L_0221d700
    mov r1, #0x3
    bl func_0203b38c
    ldr r0, .L_0221d704
    bl func_0203abac
    ldr r0, .L_0221d708
    bl func_02008f58
    ldr r0, .L_0221d70c
    bl func_0203b3ac
    ldmia sp!, {r3, pc}
.L_0221d6fc: .word data_ov251_02221384
.L_0221d700: .word data_ov251_0221d734
.L_0221d704: .word data_ov251_02221380
.L_0221d708: .word data_ov251_0221d720
.L_0221d70c: .word data_ov251_02220ab9
.size func_ov251_0221d6c0, . - func_ov251_0221d6c0

; Matching fallback for initialized records and BSS documented in
; src/overlays/ov251/overlay251_recovery.c.
; Absolute labels preserve fixed-address record and BSS references without alignment padding.
.global data_ov251_0221d720
.set data_ov251_0221d720, 0x0221d720
.global data_ov251_0221d734
.set data_ov251_0221d734, 0x0221d734
.global data_ov251_0221e127
.set data_ov251_0221e127, 0x0221e127
.global data_ov251_0221e2ca
.set data_ov251_0221e2ca, 0x0221e2ca
.global data_ov251_0221e30d
.set data_ov251_0221e30d, 0x0221e30d
.global data_ov251_0221e324
.set data_ov251_0221e324, 0x0221e324
.global data_ov251_0221e34a
.set data_ov251_0221e34a, 0x0221e34a
.global data_ov251_0221e384
.set data_ov251_0221e384, 0x0221e384
.global data_ov251_0221e478
.set data_ov251_0221e478, 0x0221e478
.global data_ov251_0221e48c
.set data_ov251_0221e48c, 0x0221e48c
.global data_ov251_0221e4b2
.set data_ov251_0221e4b2, 0x0221e4b2
.global data_ov251_0221e535
.set data_ov251_0221e535, 0x0221e535
.global data_ov251_0221e536
.set data_ov251_0221e536, 0x0221e536
.global data_ov251_0221ea83
.set data_ov251_0221ea83, 0x0221ea83
.global data_ov251_0221eab5
.set data_ov251_0221eab5, 0x0221eab5
.global data_ov251_0221eaf4
.set data_ov251_0221eaf4, 0x0221eaf4
.global data_ov251_0221eb51
.set data_ov251_0221eb51, 0x0221eb51
.global data_ov251_0221ebed
.set data_ov251_0221ebed, 0x0221ebed
.global data_ov251_0221ec9d
.set data_ov251_0221ec9d, 0x0221ec9d
.global data_ov251_0221ecb6
.set data_ov251_0221ecb6, 0x0221ecb6
.global data_ov251_0221ecd8
.set data_ov251_0221ecd8, 0x0221ecd8
.global data_ov251_0221ed29
.set data_ov251_0221ed29, 0x0221ed29
.global data_ov251_0221ed69
.set data_ov251_0221ed69, 0x0221ed69
.global data_ov251_0221ef35
.set data_ov251_0221ef35, 0x0221ef35
.global data_ov251_0221ef85
.set data_ov251_0221ef85, 0x0221ef85
.global data_ov251_0221efd5
.set data_ov251_0221efd5, 0x0221efd5
.global data_ov251_0221f024
.set data_ov251_0221f024, 0x0221f024
.global data_ov251_0221f025
.set data_ov251_0221f025, 0x0221f025
.global data_ov251_0221f158
.set data_ov251_0221f158, 0x0221f158
.global data_ov251_0221f1a9
.set data_ov251_0221f1a9, 0x0221f1a9
.global data_ov251_0221f23d
.set data_ov251_0221f23d, 0x0221f23d
.global data_ov251_0221f271
.set data_ov251_0221f271, 0x0221f271
.global data_ov251_0221f314
.set data_ov251_0221f314, 0x0221f314
.global data_ov251_0221f31a
.set data_ov251_0221f31a, 0x0221f31a
.global data_ov251_0221f4a9
.set data_ov251_0221f4a9, 0x0221f4a9
.global data_ov251_0221f4b8
.set data_ov251_0221f4b8, 0x0221f4b8
.global data_ov251_0221f53a
.set data_ov251_0221f53a, 0x0221f53a
.global data_ov251_0221f580
.set data_ov251_0221f580, 0x0221f580
.global data_ov251_0221f585
.set data_ov251_0221f585, 0x0221f585
.global data_ov251_0221f5f5
.set data_ov251_0221f5f5, 0x0221f5f5
.global data_ov251_0221f68d
.set data_ov251_0221f68d, 0x0221f68d
.global data_ov251_0221f7f1
.set data_ov251_0221f7f1, 0x0221f7f1
.global data_ov251_0221f888
.set data_ov251_0221f888, 0x0221f888
.global data_ov251_0221f8e4
.set data_ov251_0221f8e4, 0x0221f8e4
.global data_ov251_0221f940
.set data_ov251_0221f940, 0x0221f940
.global data_ov251_0221f99c
.set data_ov251_0221f99c, 0x0221f99c
.global data_ov251_0221f9f8
.set data_ov251_0221f9f8, 0x0221f9f8
.global data_ov251_0221fa21
.set data_ov251_0221fa21, 0x0221fa21
.global data_ov251_0221fa43
.set data_ov251_0221fa43, 0x0221fa43
.global data_ov251_0221fac6
.set data_ov251_0221fac6, 0x0221fac6
.global data_ov251_0221fb59
.set data_ov251_0221fb59, 0x0221fb59
.global data_ov251_0221fc23
.set data_ov251_0221fc23, 0x0221fc23
.global data_ov251_0221fd26
.set data_ov251_0221fd26, 0x0221fd26
.global data_ov251_0221fe18
.set data_ov251_0221fe18, 0x0221fe18
.global data_ov251_0221fe1e
.set data_ov251_0221fe1e, 0x0221fe1e
.global data_ov251_0221fe46
.set data_ov251_0221fe46, 0x0221fe46
.global data_ov251_0221fe47
.set data_ov251_0221fe47, 0x0221fe47
.global data_ov251_0221fe48
.set data_ov251_0221fe48, 0x0221fe48
.global data_ov251_0221fff5
.set data_ov251_0221fff5, 0x0221fff5
.global data_ov251_02220099
.set data_ov251_02220099, 0x02220099
.global data_ov251_02220135
.set data_ov251_02220135, 0x02220135
.global data_ov251_022201c7
.set data_ov251_022201c7, 0x022201c7
.global data_ov251_0222029d
.set data_ov251_0222029d, 0x0222029d
.global data_ov251_0222032e
.set data_ov251_0222032e, 0x0222032e
.global data_ov251_02220394
.set data_ov251_02220394, 0x02220394
.global data_ov251_022203f6
.set data_ov251_022203f6, 0x022203f6
.global data_ov251_0222043a
.set data_ov251_0222043a, 0x0222043a
.global data_ov251_0222047e
.set data_ov251_0222047e, 0x0222047e
.global data_ov251_022204c2
.set data_ov251_022204c2, 0x022204c2
.global data_ov251_02220506
.set data_ov251_02220506, 0x02220506
.global data_ov251_02220545
.set data_ov251_02220545, 0x02220545
.global data_ov251_022205e5
.set data_ov251_022205e5, 0x022205e5
.global data_ov251_022205ed
.set data_ov251_022205ed, 0x022205ed
.global data_ov251_0222063d
.set data_ov251_0222063d, 0x0222063d
.global data_ov251_02220764
.set data_ov251_02220764, 0x02220764
.global data_ov251_02220771
.set data_ov251_02220771, 0x02220771
.global data_ov251_022207c9
.set data_ov251_022207c9, 0x022207c9
.global data_ov251_02220835
.set data_ov251_02220835, 0x02220835
.global data_ov251_02220942
.set data_ov251_02220942, 0x02220942
.global data_ov251_02220975
.set data_ov251_02220975, 0x02220975
.global data_ov251_022209a0
.set data_ov251_022209a0, 0x022209a0
.global data_ov251_022209d1
.set data_ov251_022209d1, 0x022209d1
.global data_ov251_022209e5
.set data_ov251_022209e5, 0x022209e5
.global data_ov251_02220ab9
.set data_ov251_02220ab9, 0x02220ab9
.global data_ov251_02220bc3
.set data_ov251_02220bc3, 0x02220bc3
.global data_ov251_02220d29
.set data_ov251_02220d29, 0x02220d29
.global data_ov251_02220d54
.set data_ov251_02220d54, 0x02220d54
.global data_ov251_02220d64
.set data_ov251_02220d64, 0x02220d64
.global data_ov251_02220d74
.set data_ov251_02220d74, 0x02220d74
.global data_ov251_02220d84
.set data_ov251_02220d84, 0x02220d84
.global data_ov251_02220d94
.set data_ov251_02220d94, 0x02220d94
.global data_ov251_02220da4
.set data_ov251_02220da4, 0x02220da4
.global data_ov251_02220db4
.set data_ov251_02220db4, 0x02220db4
.global data_ov251_02220dc4
.set data_ov251_02220dc4, 0x02220dc4
.global data_ov251_02220dd4
.set data_ov251_02220dd4, 0x02220dd4
.global data_ov251_02220de4
.set data_ov251_02220de4, 0x02220de4
.global data_ov251_02220df4
.set data_ov251_02220df4, 0x02220df4
.global data_ov251_02220e04
.set data_ov251_02220e04, 0x02220e04
.global data_ov251_02221242
.set data_ov251_02221242, 0x02221242
.global data_ov251_02221269
.set data_ov251_02221269, 0x02221269
.global data_ov251_02221330
.set data_ov251_02221330, 0x02221330
.global data_ov251_02221380
.set data_ov251_02221380, 0x02221380
.global data_ov251_02221384
.set data_ov251_02221384, 0x02221384
    .section .data, 4, 1, 4
    .byte 0xff, 0xff, 0xff, 0xff, 0x00, 0x00, 0x00, 0x00, 0x00, 0x00, 0x00, 0x00, 0xff, 0xff, 0x00, 0x00
    .byte 0x00, 0x00, 0x00, 0x00, 0x03, 0x00, 0x00, 0x00, 0x3c, 0x22, 0x00, 0x00, 0x3d, 0x22, 0x00, 0x00
    .byte 0x3e, 0x22, 0x00, 0x00, 0x02, 0x01, 0x00, 0x00, 0x00, 0x00, 0x00, 0x00, 0x00, 0x00, 0xf0, 0xff
    .byte 0x10, 0x00, 0x10, 0x00, 0x60, 0x00, 0x80, 0x01, 0x70, 0x01, 0x00, 0x00, 0x00, 0x00, 0x00, 0x00
    .byte 0x1e, 0xfe, 0x21, 0x02, 0x00, 0x00, 0x00, 0x00, 0x00, 0x00, 0x00, 0x00, 0x00, 0x00, 0x00, 0x00
    .byte 0x01, 0x00, 0x00, 0x00, 0x00, 0x00, 0x00, 0x00, 0x00, 0x00, 0x00, 0x00, 0xff, 0xff, 0xff, 0xff
    .byte 0xff, 0xff, 0xff, 0xff, 0x00, 0x00, 0x03, 0x00, 0xff, 0xff, 0xff, 0xff, 0x00, 0x00, 0x0f, 0x00
    .byte 0xf4, 0xd8, 0x0c, 0x00, 0x00, 0x00, 0x00, 0x00, 0x03, 0x00, 0x00, 0x00, 0x3c, 0x22, 0x00, 0x00
    .byte 0x3d, 0x22, 0x00, 0x00, 0x3e, 0x22, 0x00, 0x00, 0x02, 0x02, 0x00, 0x00, 0x00, 0x00, 0x00, 0x00
    .byte 0x00, 0x00, 0xf0, 0xff, 0x00, 0x00, 0x10, 0x00, 0x10, 0x00, 0x80, 0x01, 0x70, 0x01, 0x00, 0x00
    .byte 0x00, 0x00, 0x00, 0x00, 0x46, 0xfe, 0x21, 0x02, 0x00, 0x00, 0x00, 0x00, 0x00, 0x00, 0x00, 0x00
    .byte 0x00, 0x00, 0x00, 0x00, 0x01, 0x00, 0x00, 0x00, 0x00, 0x00, 0x00, 0x00, 0x00, 0x00, 0x00, 0x00
    .byte 0xff, 0xff, 0xff, 0xff, 0xff, 0xff, 0xff, 0xff, 0x00, 0x00, 0x04, 0x00, 0xff, 0xff, 0xff, 0xff
    .byte 0x00, 0x00, 0x0f, 0x00, 0xf4, 0xd8, 0x0c, 0x00, 0x00, 0x00, 0x00, 0x00, 0x03, 0x00, 0x00, 0x00
    .byte 0x3c, 0x22, 0x00, 0x00, 0x3d, 0x22, 0x00, 0x00, 0x3e, 0x22, 0x00, 0x00, 0x02, 0x00, 0x00, 0x00
    .byte 0x00, 0x00, 0x00, 0x00, 0x00, 0x00, 0xf0, 0xff, 0xcf, 0xff, 0x10, 0x00, 0x07, 0x00, 0x80, 0x01
    .byte 0x70, 0x01, 0x00, 0x00, 0x10, 0x00, 0x00, 0x00, 0x47, 0xfe, 0x21, 0x02, 0x00, 0x00, 0x00, 0x00
    .byte 0x00, 0x00, 0x00, 0x00, 0x00, 0x00, 0x00, 0x00, 0x01, 0x00, 0x00, 0x00, 0x00, 0x00, 0x00, 0x00
    .byte 0x00, 0x00, 0x00, 0x00, 0xff, 0xff, 0xff, 0xff, 0xff, 0xff, 0xff, 0xff, 0x00, 0x00, 0x05, 0x00
    .byte 0xff, 0xff, 0xff, 0xff, 0x00, 0x00, 0x0e, 0x00, 0xf4, 0xd8, 0x0c, 0x00, 0x00, 0x00, 0x00, 0x00
    .byte 0x03, 0x00, 0x00, 0x00, 0x3c, 0x22, 0x00, 0x00, 0x3d, 0x22, 0x00, 0x00, 0x3e, 0x22, 0x00, 0x00
    .byte 0x02, 0x00, 0x10, 0x10, 0x00, 0x00, 0x00, 0x00, 0x00, 0x00, 0xf0, 0xff, 0xcf, 0xff, 0x10, 0x00
    .byte 0x07, 0x00, 0x80, 0x01, 0x70, 0x01, 0x00, 0x00, 0x10, 0x00, 0x00, 0x00, 0x48, 0xfe, 0x21, 0x02
    .byte 0x00, 0x00, 0x00, 0x00, 0x00, 0x00, 0x00, 0x00, 0x00, 0x00, 0x00, 0x00, 0xff, 0xff, 0x00, 0x00
    .byte 0x00, 0x00, 0x00, 0x00, 0x00, 0x00, 0x00, 0x00, 0xff, 0xff, 0xff, 0xff, 0xff, 0xff, 0xff, 0xff
    .byte 0x00, 0x00, 0x06, 0x00, 0xff, 0xff, 0xff, 0xff, 0x00, 0x00, 0x0e, 0x00, 0xf4, 0xd8, 0x0c, 0x00
    .byte 0x00, 0x00, 0x00, 0x00, 0x03, 0x00, 0x00, 0x00, 0x3c, 0x22, 0x00, 0x00, 0x3d, 0x22, 0x00, 0x00
    .byte 0x3e, 0x22, 0x00, 0x00, 0x02, 0x00, 0x04, 0x10, 0xf8, 0x00, 0x00, 0x00, 0x00, 0x00, 0xf0, 0xff
    .byte 0xcf, 0xff, 0x10, 0x00, 0x07, 0x00, 0x80, 0x01, 0x50, 0x01, 0x00, 0x00, 0x10, 0x00, 0x00, 0x00
    .byte 0x58, 0xf1, 0x21, 0x02, 0x00, 0x00, 0x00, 0x00, 0x00, 0x00, 0x00, 0x00, 0x00, 0x00, 0x00, 0x00
    .byte 0x01, 0x00, 0x00, 0x00, 0x00, 0x00, 0x00, 0x00, 0x00, 0x00, 0x00, 0x00, 0xff, 0xff, 0xff, 0xff
    .byte 0xff, 0xff, 0xff, 0xff, 0x00, 0x00, 0x07, 0x00, 0xff, 0xff, 0xff, 0xff, 0x00, 0x00, 0x0e, 0x00
    .byte 0xf4, 0xd8, 0x0c, 0x00, 0x00, 0x00, 0x00, 0x00, 0x03, 0x00, 0x00, 0x00, 0x48, 0x22, 0x00, 0x00
    .byte 0x49, 0x22, 0x00, 0x00, 0x4a, 0x22, 0x00, 0x00, 0x02, 0x00, 0x00, 0x00, 0x00, 0x00, 0x00, 0x00
    .byte 0x00, 0x00, 0xf0, 0xff, 0xcf, 0xff, 0x10, 0x00, 0x07, 0x00, 0x80, 0x01, 0x37, 0x01, 0x00, 0x00
    .byte 0x10, 0x00, 0x00, 0x00, 0x71, 0xf2, 0x21, 0x02, 0x00, 0x00, 0x00, 0x00, 0x00, 0x00, 0x00, 0x00
    .byte 0x00, 0x00, 0x00, 0x00, 0x01, 0x00, 0x00, 0x00, 0x00, 0x00, 0x00, 0x00, 0x00, 0x00, 0x00, 0x00
    .byte 0xff, 0xff, 0xff, 0xff, 0xff, 0xff, 0xff, 0xff, 0x00, 0x00, 0x08, 0x00, 0xff, 0xff, 0xff, 0xff
    .byte 0x00, 0x00, 0x0f, 0x00, 0xf4, 0xd8, 0x0c, 0x00, 0x00, 0x00, 0x00, 0x00, 0x03, 0x00, 0x00, 0x00
    .byte 0x48, 0x22, 0x00, 0x00, 0x49, 0x22, 0x00, 0x00, 0x4a, 0x22, 0x00, 0x00, 0x02, 0x00, 0x00, 0x00
    .byte 0x00, 0x00, 0x00, 0x00, 0x00, 0x00, 0xf0, 0xff, 0xcf, 0xff, 0x10, 0x00, 0x07, 0x00, 0x80, 0x01
    .byte 0x37, 0x01, 0x00, 0x00, 0x10, 0x00, 0x00, 0x00, 0x14, 0xf3, 0x21, 0x02, 0x00, 0x00, 0x00, 0x00
    .byte 0x00, 0x00, 0x00, 0x00, 0x00, 0x00, 0x00, 0x00, 0x01, 0x00, 0x00, 0x00, 0x00, 0x00, 0x00, 0x00
    .byte 0x00, 0x00, 0x00, 0x00, 0xff, 0xff, 0xff, 0xff, 0xff, 0xff, 0xff, 0xff, 0x00, 0x00, 0x09, 0x00
    .byte 0xff, 0xff, 0xff, 0xff, 0x00, 0x00, 0x0f, 0x00, 0xf4, 0xd8, 0x0c, 0x00, 0x00, 0x00, 0x00, 0x00
    .byte 0x03, 0x00, 0x00, 0x00, 0x4e, 0x22, 0x00, 0x00, 0x4f, 0x22, 0x00, 0x00, 0x50, 0x22, 0x00, 0x00
    .byte 0x02, 0x00, 0x00, 0x00, 0x00, 0x00, 0x00, 0x00, 0x00, 0x00, 0xf0, 0xff, 0xcf, 0xff, 0x10, 0x00
    .byte 0x07, 0x00, 0x80, 0x01, 0xe8, 0x00, 0x00, 0x00, 0x10, 0x00, 0x00, 0x00, 0xb8, 0xf4, 0x21, 0x02
    .byte 0x00, 0x00, 0x00, 0x00, 0x00, 0x00, 0x00, 0x00, 0x00, 0x00, 0x00, 0x00, 0xff, 0xff, 0x00, 0x00
    .byte 0x00, 0x00, 0x00, 0x00, 0x00, 0x00, 0x00, 0x00, 0xff, 0xff, 0xff, 0xff, 0xff, 0xff, 0xff, 0xff
    .byte 0x00, 0x00, 0x0a, 0x00, 0xff, 0xff, 0xff, 0xff, 0x00, 0x00, 0x0e, 0x00, 0xf4, 0xd8, 0x0c, 0x00
    .byte 0x00, 0x00, 0x00, 0x00, 0x03, 0x00, 0x00, 0x00, 0x4e, 0x22, 0x00, 0x00, 0x4f, 0x22, 0x00, 0x00
    .byte 0x50, 0x22, 0x00, 0x00, 0x02, 0x00, 0x00, 0x00, 0x00, 0x10, 0x00, 0x00, 0x00, 0x00, 0xf0, 0xff
    .byte 0x00, 0x00, 0x10, 0x00, 0x20, 0x00, 0x80, 0x01, 0xc0, 0x00, 0x00, 0x00, 0x00, 0x00, 0x00, 0x00
    .byte 0xa9, 0xf4, 0x21, 0x02, 0x00, 0x00, 0x00, 0x00, 0x00, 0x00, 0x00, 0x00, 0x00, 0x00, 0x00, 0x00
    .byte 0xff, 0xff, 0x00, 0x00, 0x00, 0x00, 0x00, 0x00, 0x00, 0x00, 0x00, 0x00, 0xff, 0xff, 0xff, 0xff
    .byte 0xff, 0xff, 0xff, 0xff, 0x00, 0x00, 0x0b, 0x00, 0xff, 0xff, 0xff, 0xff, 0x00, 0x00, 0x0e, 0x00
    .byte 0xf4, 0xd8, 0x0c, 0x00, 0x00, 0x00, 0x00, 0x00, 0x06, 0x00, 0x00, 0x00, 0x00, 0x10, 0x00, 0x00
    .byte 0x01, 0x10, 0x00, 0x00, 0x02, 0x10, 0x00, 0x00, 0x02, 0x00, 0x0c, 0x08, 0x00, 0x00, 0x00, 0x00
    .byte 0x00, 0x00, 0xf0, 0xff, 0xcf, 0xff, 0x10, 0x00, 0x07, 0x00, 0x00, 0xfe, 0x00, 0xfe, 0x00, 0x00
    .byte 0x00, 0x80, 0x00, 0x00, 0x29, 0x0d, 0x22, 0x02, 0x00, 0x00, 0x00, 0x00, 0x00, 0x00, 0x00, 0x00
    .byte 0x00, 0x00, 0x00, 0x00, 0xff, 0xff, 0x00, 0x00, 0x00, 0x00, 0x00, 0x00, 0x00, 0x00, 0x00, 0x00
    .byte 0xff, 0xff, 0xff, 0xff, 0xff, 0xff, 0xff, 0xff, 0x00, 0x00, 0x0c, 0x00, 0xff, 0xff, 0xff, 0xff
    .byte 0x00, 0x00, 0x00, 0x00, 0xf4, 0xd8, 0x0c, 0x00, 0x00, 0x00, 0x00, 0x00, 0x03, 0x00, 0x00, 0x00
    .byte 0xe5, 0x16, 0x00, 0x00, 0xe6, 0x16, 0x00, 0x00, 0xe7, 0x16, 0x00, 0x00, 0x02, 0x00, 0x00, 0x00
    .byte 0x00, 0x00, 0x00, 0x00, 0x00, 0x00, 0xf0, 0xff, 0xcf, 0xff, 0x10, 0x00, 0x07, 0x00, 0x83, 0x00
    .byte 0x80, 0xff, 0x00, 0x00, 0x01, 0x00, 0x00, 0x01, 0x54, 0x0d, 0x22, 0x02, 0x00, 0x00, 0x00, 0x00
    .byte 0x00, 0x00, 0x00, 0x00, 0x00, 0x00, 0x00, 0x00, 0xff, 0xff, 0x00, 0x00, 0x00, 0x00, 0x00, 0x00
    .byte 0x00, 0x00, 0x00, 0x00, 0xff, 0xff, 0xff, 0xff, 0xff, 0xff, 0xff, 0xff, 0x00, 0x00, 0x0d, 0x00
    .byte 0xff, 0xff, 0xff, 0xff, 0x00, 0x00, 0x00, 0x00, 0xf4, 0xd8, 0x0c, 0x00, 0x00, 0x00, 0x00, 0x00
    .byte 0x03, 0x00, 0x00, 0x00, 0xf4, 0x16, 0x00, 0x00, 0xf5, 0x16, 0x00, 0x00, 0xf6, 0x16, 0x00, 0x00
    .byte 0x02, 0x00, 0x00, 0x00, 0x00, 0x00, 0x00, 0x00, 0x00, 0x00, 0xf0, 0xff, 0xcf, 0xff, 0x10, 0x00
    .byte 0x07, 0x00, 0x7c, 0x00, 0x80, 0xff, 0x00, 0x00, 0x01, 0x00, 0x00, 0x01, 0x64, 0x0d, 0x22, 0x02
    .byte 0x00, 0x00, 0x00, 0x00, 0x00, 0x00, 0x00, 0x00, 0x00, 0x00, 0x00, 0x00, 0xff, 0xff, 0x00, 0x00
    .byte 0x00, 0x00, 0x00, 0x00, 0x00, 0x00, 0x00, 0x00, 0xff, 0xff, 0xff, 0xff, 0xff, 0xff, 0xff, 0xff
    .byte 0x00, 0x00, 0x0e, 0x00, 0xff, 0xff, 0xff, 0xff, 0x00, 0x00, 0x00, 0x00, 0xf4, 0xd8, 0x0c, 0x00
    .byte 0x00, 0x00, 0x00, 0x00, 0x03, 0x00, 0x00, 0x00, 0xf4, 0x16, 0x00, 0x00, 0xf5, 0x16, 0x00, 0x00
    .byte 0xf6, 0x16, 0x00, 0x00, 0x02, 0x00, 0x00, 0x00, 0x00, 0x00, 0x00, 0x00, 0x00, 0x00, 0xf0, 0xff
    .byte 0xcf, 0xff, 0x10, 0x00, 0x07, 0x00, 0x7c, 0x00, 0x80, 0xff, 0x00, 0x00, 0x01, 0x00, 0x00, 0x01
    .byte 0x74, 0x0d, 0x22, 0x02, 0x00, 0x00, 0x00, 0x00, 0x00, 0x00, 0x00, 0x00, 0x00, 0x00, 0x00, 0x00
    .byte 0xff, 0xff, 0x00, 0x00, 0x00, 0x00, 0x00, 0x00, 0x00, 0x00, 0x00, 0x00, 0xff, 0xff, 0xff, 0xff
    .byte 0xff, 0xff, 0xff, 0xff, 0x00, 0x00, 0x0f, 0x00, 0xff, 0xff, 0xff, 0xff, 0x00, 0x00, 0x00, 0x00
    .byte 0xf4, 0xd8, 0x0c, 0x00, 0x00, 0x00, 0x00, 0x00, 0x03, 0x00, 0x00, 0x00, 0xdc, 0x16, 0x00, 0x00
    .byte 0xdd, 0x16, 0x00, 0x00, 0xde, 0x16, 0x00, 0x00, 0x02, 0x00, 0x00, 0x00, 0x00, 0x00, 0x00, 0x00
    .byte 0x00, 0x00, 0xf0, 0xff, 0xcf, 0xff, 0x10, 0x00, 0x07, 0x00, 0x7c, 0x00, 0x80, 0xff, 0x00, 0x00
    .byte 0x01, 0x00, 0x00, 0x01, 0x84, 0x0d, 0x22, 0x02, 0x00, 0x00, 0x00, 0x00, 0x00, 0x00, 0x00, 0x00
    .byte 0x00, 0x00, 0x00, 0x00, 0xff, 0xff, 0x00, 0x00, 0x00, 0x00, 0x00, 0x00, 0x00, 0x00, 0x00, 0x00
    .byte 0xff, 0xff, 0xff, 0xff, 0xff, 0xff, 0xff, 0xff, 0x00, 0x00, 0x10, 0x00, 0xff, 0xff, 0xff, 0xff
    .byte 0x00, 0x00, 0x00, 0x00, 0xf4, 0xd8, 0x0c, 0x00, 0x00, 0x00, 0x00, 0x00, 0x03, 0x00, 0x00, 0x00
    .byte 0xe2, 0x16, 0x00, 0x00, 0xe3, 0x16, 0x00, 0x00, 0xe4, 0x16, 0x00, 0x00, 0x02, 0x00, 0x00, 0x00
    .byte 0x00, 0x00, 0x00, 0x00, 0x00, 0x00, 0xf0, 0xff, 0xcf, 0xff, 0x10, 0x00, 0x07, 0x00, 0x7c, 0x00
    .byte 0x80, 0xff, 0x00, 0x00, 0x01, 0x00, 0x00, 0x01, 0x94, 0x0d, 0x22, 0x02, 0x00, 0x00, 0x00, 0x00
    .byte 0x00, 0x00, 0x00, 0x00, 0x00, 0x00, 0x00, 0x00, 0xff, 0xff, 0x00, 0x00, 0x00, 0x00, 0x00, 0x00
    .byte 0x00, 0x00, 0x00, 0x00, 0xff, 0xff, 0xff, 0xff, 0xff, 0xff, 0xff, 0xff, 0x00, 0x00, 0x11, 0x00
    .byte 0xff, 0xff, 0xff, 0xff, 0x00, 0x00, 0x00, 0x00, 0xf4, 0xd8, 0x0c, 0x00, 0x00, 0x00, 0x00, 0x00
    .byte 0x03, 0x00, 0x00, 0x00, 0xf1, 0x16, 0x00, 0x00, 0xf2, 0x16, 0x00, 0x00, 0xf3, 0x16, 0x00, 0x00
    .byte 0x02, 0x00, 0x00, 0x00, 0x00, 0x00, 0x00, 0x00, 0x00, 0x00, 0xf0, 0xff, 0xcf, 0xff, 0x10, 0x00
    .byte 0x07, 0x00, 0x7c, 0x00, 0x80, 0xff, 0x00, 0x00, 0x01, 0x00, 0x00, 0x01, 0xa4, 0x0d, 0x22, 0x02
    .byte 0x00, 0x00, 0x00, 0x00, 0x00, 0x00, 0x00, 0x00, 0x00, 0x00, 0x00, 0x00, 0xff, 0xff, 0x00, 0x00
    .byte 0x00, 0x00, 0x00, 0x00, 0x00, 0x00, 0x00, 0x00, 0xff, 0xff, 0xff, 0xff, 0xff, 0xff, 0xff, 0xff
    .byte 0x00, 0x00, 0x12, 0x00, 0xff, 0xff, 0xff, 0xff, 0x00, 0x00, 0x00, 0x00, 0xf4, 0xd8, 0x0c, 0x00
    .byte 0x00, 0x00, 0x00, 0x00, 0x03, 0x00, 0x00, 0x00, 0xe8, 0x16, 0x00, 0x00, 0xe9, 0x16, 0x00, 0x00
    .byte 0xea, 0x16, 0x00, 0x00, 0x02, 0x00, 0x00, 0x00, 0x00, 0x00, 0x00, 0x00, 0x00, 0x00, 0xf0, 0xff
    .byte 0xcf, 0xff, 0x10, 0x00, 0x07, 0x00, 0x7c, 0x00, 0x80, 0xff, 0x00, 0x00, 0x01, 0x00, 0x00, 0x01
    .byte 0xb4, 0x0d, 0x22, 0x02, 0x00, 0x00, 0x00, 0x00, 0x00, 0x00, 0x00, 0x00, 0x00, 0x00, 0x00, 0x00
    .byte 0xff, 0xff, 0x00, 0x00, 0x00, 0x00, 0x00, 0x00, 0x00, 0x00, 0x00, 0x00, 0xff, 0xff, 0xff, 0xff
    .byte 0xff, 0xff, 0xff, 0xff, 0x00, 0x00, 0x13, 0x00, 0xff, 0xff, 0xff, 0xff, 0x00, 0x00, 0x00, 0x00
    .byte 0xf4, 0xd8, 0x0c, 0x00, 0x00, 0x00, 0x00, 0x00, 0x03, 0x00, 0x00, 0x00, 0xdf, 0x16, 0x00, 0x00
    .byte 0xe0, 0x16, 0x00, 0x00, 0xe1, 0x16, 0x00, 0x00, 0x02, 0x00, 0x00, 0x00, 0x00, 0x00, 0x00, 0x00
    .byte 0x00, 0x00, 0xf0, 0xff, 0xcf, 0xff, 0x10, 0x00, 0x07, 0x00, 0x7c, 0x00, 0x80, 0xff, 0x00, 0x00
    .byte 0x01, 0x00, 0x00, 0x01, 0xc4, 0x0d, 0x22, 0x02, 0x00, 0x00, 0x00, 0x00, 0x00, 0x00, 0x00, 0x00
    .byte 0x00, 0x00, 0x00, 0x00, 0xff, 0xff, 0x00, 0x00, 0x00, 0x00, 0x00, 0x00, 0x00, 0x00, 0x00, 0x00
    .byte 0xff, 0xff, 0xff, 0xff, 0xff, 0xff, 0xff, 0xff, 0x00, 0x00, 0x14, 0x00, 0xff, 0xff, 0xff, 0xff
    .byte 0x00, 0x00, 0x00, 0x00, 0xf4, 0xd8, 0x0c, 0x00, 0x00, 0x00, 0x00, 0x00, 0x03, 0x00, 0x00, 0x00
    .byte 0xee, 0x16, 0x00, 0x00, 0xef, 0x16, 0x00, 0x00, 0xf0, 0x16, 0x00, 0x00, 0x02, 0x00, 0x00, 0x00
    .byte 0x00, 0x00, 0x00, 0x00, 0x00, 0x00, 0xf0, 0xff, 0xcf, 0xff, 0x10, 0x00, 0x07, 0x00, 0x7c, 0x00
    .byte 0x80, 0xff, 0x00, 0x00, 0x01, 0x00, 0x00, 0x01, 0xd4, 0x0d, 0x22, 0x02, 0x00, 0x00, 0x00, 0x00
    .byte 0x00, 0x00, 0x00, 0x00, 0x00, 0x00, 0x00, 0x00, 0xff, 0xff, 0x00, 0x00, 0x00, 0x00, 0x00, 0x00
    .byte 0x00, 0x00, 0x00, 0x00, 0xff, 0xff, 0xff, 0xff, 0xff, 0xff, 0xff, 0xff, 0x00, 0x00, 0x15, 0x00
    .byte 0xff, 0xff, 0xff, 0xff, 0x00, 0x00, 0x00, 0x00, 0xf4, 0xd8, 0x0c, 0x00, 0x00, 0x00, 0x00, 0x00
    .byte 0x03, 0x00, 0x00, 0x00, 0xeb, 0x16, 0x00, 0x00, 0xec, 0x16, 0x00, 0x00, 0xed, 0x16, 0x00, 0x00
    .byte 0x02, 0x00, 0x00, 0x00, 0x00, 0x00, 0x00, 0x00, 0x00, 0x00, 0xf0, 0xff, 0xcf, 0xff, 0x10, 0x00
    .byte 0x07, 0x00, 0x7c, 0x00, 0x80, 0xff, 0x00, 0x00, 0x01, 0x00, 0x00, 0x01, 0xe4, 0x0d, 0x22, 0x02
    .byte 0x00, 0x00, 0x00, 0x00, 0x00, 0x00, 0x00, 0x00, 0x00, 0x00, 0x00, 0x00, 0xff, 0xff, 0x00, 0x00
    .byte 0x00, 0x00, 0x00, 0x00, 0x00, 0x00, 0x00, 0x00, 0xff, 0xff, 0xff, 0xff, 0xff, 0xff, 0xff, 0xff
    .byte 0x00, 0x00, 0x16, 0x00, 0xff, 0xff, 0xff, 0xff, 0x00, 0x00, 0x00, 0x00, 0xf4, 0xd8, 0x0c, 0x00
    .byte 0x00, 0x00, 0x00, 0x00, 0x03, 0x00, 0x00, 0x00, 0xdf, 0x16, 0x00, 0x00, 0xe0, 0x16, 0x00, 0x00
    .byte 0xe1, 0x16, 0x00, 0x00, 0x02, 0x00, 0x00, 0x00, 0x00, 0x00, 0x00, 0x00, 0x00, 0x00, 0xf0, 0xff
    .byte 0xcf, 0xff, 0x10, 0x00, 0x07, 0x00, 0x7c, 0x00, 0x80, 0xff, 0x00, 0x00, 0x01, 0x00, 0x00, 0x01
    .byte 0xf4, 0x0d, 0x22, 0x02, 0x00, 0x00, 0x00, 0x00, 0x00, 0x00, 0x00, 0x00, 0x00, 0x00, 0x00, 0x00
    .byte 0xff, 0xff, 0x00, 0x00, 0x00, 0x00, 0x00, 0x00, 0x00, 0x00, 0x00, 0x00, 0xff, 0xff, 0xff, 0xff
    .byte 0xff, 0xff, 0xff, 0xff, 0x00, 0x00, 0x17, 0x00, 0xff, 0xff, 0xff, 0xff, 0x00, 0x00, 0x00, 0x00
    .byte 0xf4, 0xd8, 0x0c, 0x00, 0x00, 0x00, 0x00, 0x00, 0x03, 0x00, 0x00, 0x00, 0xf1, 0x16, 0x00, 0x00
    .byte 0xf2, 0x16, 0x00, 0x00, 0xf3, 0x16, 0x00, 0x00, 0x02, 0x00, 0x00, 0x00, 0x00, 0x00, 0x00, 0x00
    .byte 0x00, 0x00, 0xf0, 0xff, 0xcf, 0xff, 0x10, 0x00, 0x07, 0x00, 0x7c, 0x00, 0x80, 0xff, 0x00, 0x00
    .byte 0x01, 0x00, 0x00, 0x01, 0x04, 0x0e, 0x22, 0x02, 0x00, 0x00, 0x00, 0x00, 0x00, 0x00, 0x00, 0x00
    .byte 0x00, 0x00, 0x00, 0x00, 0xff, 0xff, 0x00, 0x00, 0x00, 0x00, 0x00, 0x00, 0x00, 0x00, 0x00, 0x00
    .byte 0xff, 0xff, 0xff, 0xff, 0xff, 0xff, 0xff, 0xff, 0x00, 0x00, 0x18, 0x00, 0xff, 0xff, 0xff, 0xff
    .byte 0x00, 0x00, 0x00, 0x00, 0xf4, 0xd8, 0x0c, 0x00, 0x00, 0x00, 0x00, 0x00, 0x03, 0x00, 0x00, 0x00
    .byte 0x57, 0x11, 0x00, 0x00, 0x58, 0x11, 0x00, 0x00, 0x59, 0x11, 0x00, 0x00, 0x02, 0x00, 0x0c, 0x08
    .byte 0x00, 0x00, 0x00, 0x00, 0x00, 0x00, 0xf0, 0xff, 0xcf, 0xff, 0x10, 0x00, 0x07, 0x00, 0x00, 0x00
    .byte 0x00, 0x00, 0x00, 0x00, 0x10, 0x00, 0x00, 0x00, 0x26, 0xfd, 0x21, 0x02, 0x00, 0x00, 0x00, 0x00
    .byte 0x00, 0x00, 0x00, 0x00, 0x00, 0x00, 0x00, 0x00, 0xff, 0xff, 0x00, 0x00, 0x00, 0x00, 0x00, 0x00
    .byte 0x00, 0x00, 0x00, 0x00, 0xff, 0xff, 0xff, 0xff, 0xff, 0xff, 0xff, 0xff, 0x00, 0x00, 0x19, 0x00
    .byte 0xff, 0xff, 0xff, 0xff, 0x00, 0x00, 0x00, 0x00, 0xf4, 0xd8, 0x0c, 0x00, 0x00, 0x00, 0x00, 0x00
    .byte 0x00, 0x00, 0x00, 0x00, 0x00, 0x00, 0x00, 0x00, 0x00, 0x00, 0x00, 0x00, 0x00, 0x00, 0x00, 0x00
    .byte 0x00, 0x00, 0x00, 0x00, 0x00, 0x00, 0x00, 0x00, 0x00, 0x00, 0x00, 0x00, 0x00, 0x00, 0x00, 0x00
    .byte 0x00, 0x00, 0x00, 0x00, 0x00, 0x00, 0x00, 0x00, 0x00, 0x00, 0x00, 0x00, 0x00, 0x00, 0x00, 0x00
    .byte 0x00, 0x00, 0x00, 0x00, 0x00, 0x00, 0x00, 0x00, 0x00, 0x00, 0x00, 0x00, 0x00, 0x00, 0x00, 0x00
    .byte 0x00, 0x00, 0x00, 0x00, 0x00, 0x00, 0x00, 0x00, 0x00, 0x00, 0x00, 0x00, 0x00, 0x00, 0x00, 0x00
    .byte 0x00, 0x00, 0x00, 0x00, 0x00, 0x00, 0x00, 0x00, 0x00, 0x00, 0x00, 0x00, 0x00, 0x00, 0x00, 0x00
    .byte 0x00, 0x00, 0x00, 0x00, 0x2c, 0x62, 0x10, 0x00, 0x00, 0x2c, 0x01, 0x10, 0x00, 0x00, 0x2c, 0x63
    .byte 0x10, 0x00, 0x00, 0x2c, 0x02, 0x00, 0x00, 0x00, 0x2c, 0x10, 0x00, 0x00, 0x00, 0x15, 0x73, 0x20
    .byte 0x00, 0x00, 0x15, 0x55, 0x20, 0x00, 0x00, 0x2c, 0x61, 0x00, 0x00, 0x00, 0x15, 0xe0, 0x2c, 0x3c
    .byte 0x00, 0x00, 0x00, 0x15, 0x07, 0x15, 0x08, 0x00, 0x15, 0x28, 0x2c, 0x00, 0x10, 0x00, 0x00, 0x2c
    .byte 0x01, 0x10, 0x00, 0x00, 0x2c, 0x02, 0x10, 0x00, 0x00, 0x2c, 0x02, 0x00, 0x00, 0x00, 0x20, 0x00
    .byte 0x00, 0x15, 0x73, 0x2c, 0x01, 0x00, 0x00, 0x00, 0x15, 0x25, 0x2c, 0x12, 0x00, 0x00, 0x00, 0x20
    .byte 0x00, 0x00, 0x15, 0x32, 0x2d, 0x58, 0x2c, 0x07, 0x00, 0x00, 0x00, 0x15, 0x47, 0x18, 0x70, 0x17
    .byte 0x00, 0x2d, 0x58, 0x2c, 0x08, 0x00, 0x00, 0x00, 0x15, 0x47, 0x18, 0x70, 0x17, 0x00, 0x15, 0x1e
    .byte 0x18, 0x70, 0x17, 0x00, 0x15, 0x75, 0x20, 0x00, 0x00, 0x15, 0x06, 0x00, 0x15, 0xa2, 0x00, 0x2c
    .byte 0x01, 0x00, 0x00, 0x00, 0x15, 0x09, 0x00, 0x20, 0x00, 0x00, 0x15, 0x09, 0x00, 0x15, 0x0d, 0x00
    .byte 0x00, 0x20, 0x00, 0x00, 0x15, 0x17, 0x00, 0x2c, 0x01, 0x00, 0x00, 0x00, 0x15, 0x25, 0x00, 0x20
    .byte 0x00, 0x00, 0x15, 0x25, 0x00, 0x20, 0x00, 0x00, 0x20, 0x00, 0x00, 0x20, 0x00, 0x00, 0x15, 0x02
    .byte 0x20, 0x00, 0x00, 0x15, 0x3d, 0x20, 0x00, 0x00, 0x15, 0x09, 0x00, 0x20, 0x00, 0x00, 0x15, 0x18
    .byte 0x20, 0x00, 0x00, 0x15, 0x19, 0x20, 0x00, 0x00, 0x15, 0x09, 0x00, 0x2c, 0x0c, 0xfe, 0xff, 0xff
    .byte 0x2c, 0x0c, 0xfe, 0xff, 0xff, 0x20, 0x00, 0x00, 0x15, 0x02, 0x20, 0x00, 0x00, 0x15, 0x09, 0x00
    .byte 0x15, 0x2c, 0x00, 0x20, 0x00, 0x00, 0x15, 0x17, 0x2c, 0x00, 0x10, 0x00, 0x00, 0x2c, 0x01, 0x10
    .byte 0x00, 0x00, 0x2c, 0x02, 0x10, 0x00, 0x00, 0x2c, 0x02, 0x00, 0x00, 0x00, 0x20, 0x00, 0x00, 0x15
    .byte 0x73, 0x2c, 0x01, 0x00, 0x00, 0x00, 0x15, 0x09, 0x20, 0x00, 0x00, 0x15, 0x75, 0x00, 0x2c, 0x06
    .byte 0x00, 0x00, 0x00, 0x20, 0x00, 0x00, 0x20, 0x00, 0x00, 0x20, 0x00, 0x00, 0x15, 0xcd, 0x00, 0x22
    .byte 0x2c, 0x15, 0x00, 0x00, 0x00, 0x2c, 0x9e, 0x00, 0x00, 0x00, 0x2c, 0x7f, 0x00, 0x00, 0x00, 0x15
    .byte 0x0a, 0x2c, 0x03, 0x10, 0x00, 0x00, 0x2c, 0x01, 0x10, 0x00, 0x00, 0x2c, 0x04, 0x10, 0x00, 0x00
    .byte 0x2c, 0x02, 0x00, 0x00, 0x00, 0x2c, 0x18, 0x00, 0x00, 0x00, 0x15, 0x73, 0x2c, 0x00, 0x01, 0x00
    .byte 0x00, 0x15, 0x17, 0x2c, 0x01, 0x00, 0x00, 0x00, 0x15, 0x06, 0x2c, 0x01, 0x00, 0x00, 0x00, 0x15
    .byte 0x09, 0x2c, 0x13, 0x00, 0x00, 0x00, 0x20, 0x00, 0x00, 0x20, 0x00, 0x00, 0x2c, 0x30, 0x00, 0x00
    .byte 0x00, 0x20, 0x00, 0x00, 0x20, 0x00, 0x00, 0x20, 0x00, 0x00, 0x15, 0x53, 0x15, 0x46, 0x15, 0x8b
    .byte 0x18, 0x70, 0x32, 0x00, 0x00, 0x00, 0x00, 0x00, 0x13, 0x32, 0xe2, 0x21, 0x02, 0x01, 0x1e, 0xe2
    .byte 0x21, 0x02, 0x2c, 0x93, 0x00, 0x00, 0x00, 0x2c, 0x01, 0x00, 0x00, 0x00, 0x20, 0x00, 0x00, 0x20
    .byte 0x00, 0x00, 0x15, 0xb8, 0x15, 0x5a, 0x20, 0x00, 0x00, 0x15, 0x75, 0x2c, 0x85, 0x03, 0x00, 0x00
    .byte 0x15, 0x36, 0x2c, 0x2b, 0x00, 0x00, 0x00, 0x15, 0x05, 0x2c, 0x01, 0x00, 0x00, 0x00, 0x15, 0x06
    .byte 0x2c, 0x5a, 0x00, 0x00, 0x00, 0x15, 0x07, 0x15, 0x08, 0x2c, 0xe0, 0x03, 0x00, 0x00, 0x15, 0x37
    .byte 0x18, 0x70, 0x32, 0x00, 0x00, 0x00, 0x00, 0x00, 0x14, 0x82, 0xe2, 0x21, 0x02, 0x01, 0x69, 0xe2
    .byte 0x21, 0x02, 0x00, 0x20, 0x00, 0x00, 0x15, 0x75, 0x2c, 0x00, 0x01, 0x00, 0x00, 0x15, 0x17, 0x2c
    .byte 0x0f, 0x10, 0x00, 0x00, 0x2c, 0x01, 0x10, 0x00, 0x00, 0x2c, 0x10, 0x10, 0x00, 0x00, 0x2c, 0x02
    .byte 0x00, 0x00, 0x00, 0x2c, 0x21, 0x00, 0x00, 0x00, 0x15, 0x73, 0x15, 0x16, 0x15, 0x46, 0x29, 0x00
    .byte 0x66, 0x32, 0x00, 0x01, 0x00, 0x00, 0x00, 0x13, 0xca, 0xe2, 0x21, 0x02, 0x29, 0x00, 0x66, 0x32
    .byte 0x00, 0x08, 0x00, 0x00, 0x00, 0x14, 0x4f, 0xe3, 0x21, 0x02, 0x2c, 0x03, 0x00, 0x00, 0x00, 0x38
    .byte 0x00, 0x20, 0x00, 0x00, 0x20, 0x00, 0x00, 0x20, 0x00, 0x00, 0x20, 0x00, 0x00, 0x20, 0x00, 0x00
    .byte 0x15, 0x53, 0x2c, 0x01, 0x00, 0x00, 0x00, 0x38, 0x00, 0x15, 0x85, 0x37, 0x00, 0x00, 0x32, 0x00
    .byte 0x01, 0x00, 0x00, 0x00, 0x14, 0x24, 0xe3, 0x21, 0x02, 0x15, 0x8b, 0x18, 0x70, 0x32, 0x00, 0x00
    .byte 0x00, 0x00, 0x00, 0x13, 0x0d, 0xe3, 0x21, 0x02, 0x01, 0xf9, 0xe2, 0x21, 0x02, 0x2c, 0x20, 0x03
    .byte 0x00, 0x00, 0x2c, 0x01, 0x00, 0x00, 0x00, 0x20, 0x00, 0x00, 0x20, 0x00, 0x00, 0x15, 0xb8, 0x25
    .byte 0x4a, 0xe3, 0x21, 0x02, 0x15, 0x8b, 0x18, 0x70, 0x32, 0x00, 0x00, 0x00, 0x00, 0x00, 0x13, 0x38
    .byte 0xe3, 0x21, 0x02, 0x01, 0x24, 0xe3, 0x21, 0x02, 0x2c, 0xe1, 0x02, 0x00, 0x00, 0x2c, 0x01, 0x00
    .byte 0x00, 0x00, 0x20, 0x00, 0x00, 0x20, 0x00, 0x00, 0x15, 0xb8, 0x25, 0xb2, 0xe4, 0x21, 0x02, 0x29
    .byte 0x00, 0x66, 0x32, 0x00, 0x03, 0x00, 0x00, 0x00, 0x13, 0x6b, 0xe3, 0x21, 0x02, 0x29, 0x00, 0x66
    .byte 0x32, 0x00, 0x09, 0x00, 0x00, 0x00, 0x14, 0xaf, 0xe3, 0x21, 0x02, 0x2c, 0x04, 0x00, 0x00, 0x00
    .byte 0x2c, 0x03, 0x00, 0x00, 0x00, 0x2d, 0xd9, 0x2d, 0x63, 0x20, 0x00, 0x00, 0x20, 0x00, 0x00, 0x20
    .byte 0x00, 0x00, 0x15, 0x53, 0x15, 0x8b, 0x18, 0x70, 0x32, 0x00, 0x00, 0x00, 0x00, 0x00, 0x13, 0x98
    .byte 0xe3, 0x21, 0x02, 0x01, 0x84, 0xe3, 0x21, 0x02, 0x2c, 0x01, 0x00, 0x00, 0x00, 0x2c, 0x01, 0x00
    .byte 0x00, 0x00, 0x20, 0x00, 0x00, 0x20, 0x00, 0x00, 0x15, 0xb8, 0x25, 0xb2, 0xe4, 0x21, 0x02, 0x29
    .byte 0x00, 0x66, 0x32, 0x00, 0x04, 0x00, 0x00, 0x00, 0x14, 0x0a, 0xe4, 0x21, 0x02, 0x2c, 0x04, 0x00
    .byte 0x00, 0x00, 0x2c, 0x03, 0x00, 0x00, 0x00, 0x2c, 0x3d, 0x00, 0x00, 0x00, 0x2d, 0x63, 0x20, 0x00
    .byte 0x00, 0x20, 0x00, 0x00, 0x20, 0x00, 0x00, 0x15, 0x53, 0x29, 0x00, 0xd9, 0x26, 0x00, 0xc0, 0x15
    .byte 0x8b, 0x18, 0x70, 0x32, 0x00, 0x00, 0x00, 0x00, 0x00, 0x13, 0xf3, 0xe3, 0x21, 0x02, 0x01, 0xdf
    .byte 0xe3, 0x21, 0x02, 0x2c, 0x02, 0x00, 0x00, 0x00, 0x2c, 0x01, 0x00, 0x00, 0x00, 0x20, 0x00, 0x00
    .byte 0x20, 0x00, 0x00, 0x15, 0xb8, 0x25, 0xb2, 0xe4, 0x21, 0x02, 0x29, 0x00, 0x66, 0x32, 0x00, 0x0a
    .byte 0x00, 0x00, 0x00, 0x14, 0x78, 0xe4, 0x21, 0x02, 0x29, 0x00, 0xd9, 0x26, 0x00, 0xbe, 0x15, 0x8b
    .byte 0x18, 0x70, 0x32, 0x00, 0x00, 0x00, 0x00, 0x00, 0x13, 0x32, 0xe4, 0x21, 0x02, 0x01, 0x1e, 0xe4
    .byte 0x21, 0x02, 0x2c, 0x46, 0x00, 0x00, 0x00, 0x2c, 0x01, 0x00, 0x00, 0x00, 0x20, 0x00, 0x00, 0x20
    .byte 0x00, 0x00, 0x15, 0xb8, 0x15, 0x5a, 0x2c, 0x97, 0x03, 0x00, 0x00, 0x15, 0x37, 0x18, 0x70, 0x32
    .byte 0x00, 0x00, 0x00, 0x00, 0x00, 0x14, 0x6b, 0xe4, 0x21, 0x02, 0x2c, 0xb4, 0x03, 0x00, 0x00, 0x15
    .byte 0x35, 0x2c, 0x08, 0x00, 0x00, 0x00, 0x20, 0x00, 0x00, 0x15, 0x78, 0x2c, 0x97, 0x03, 0x00, 0x00
    .byte 0x15, 0x35, 0x00, 0x25, 0xb2, 0xe4, 0x21, 0x02, 0x29, 0x00, 0x66, 0x32, 0x00, 0x0b, 0x00, 0x00
    .byte 0x00, 0x14, 0xb2, 0xe4, 0x21, 0x02, 0x29, 0x00, 0xd9, 0x26, 0x00, 0xbe, 0x15, 0x8b, 0x18, 0x70
    .byte 0x32, 0x00, 0x00, 0x00, 0x00, 0x00, 0x13, 0xa0, 0xe4, 0x21, 0x02, 0x01, 0x8c, 0xe4, 0x21, 0x02
    .byte 0x2c, 0x57, 0x02, 0x00, 0x00, 0x2c, 0x01, 0x00, 0x00, 0x00, 0x20, 0x00, 0x00, 0x20, 0x00, 0x00
    .byte 0x15, 0xb8, 0x15, 0x5a, 0x00, 0x20, 0x00, 0x00, 0x2c, 0xd7, 0xe4, 0x21, 0x02, 0x15, 0x39, 0x20
    .byte 0x00, 0x00, 0x15, 0x42, 0x18, 0x70, 0x32, 0x00, 0x00, 0x00, 0x00, 0x00, 0x14, 0xd6, 0xe4, 0x21
    .byte 0x02, 0x01, 0xbf, 0xe4, 0x21, 0x02, 0x22, 0x2c, 0x15, 0x00, 0x00, 0x00, 0x2c, 0x9d, 0x00, 0x00
    .byte 0x00, 0x2c, 0x7f, 0x00, 0x00, 0x00, 0x15, 0x0a, 0x2c, 0x00, 0x01, 0x00, 0x00, 0x15, 0x17, 0x2c
    .byte 0x0f, 0x10, 0x00, 0x00, 0x2c, 0x01, 0x10, 0x00, 0x00, 0x2c, 0x10, 0x10, 0x00, 0x00, 0x2c, 0x02
    .byte 0x00, 0x00, 0x00, 0x2c, 0x21, 0x00, 0x00, 0x00, 0x15, 0x73, 0x2c, 0x21, 0x00, 0x00, 0x00, 0x15
    .byte 0x05, 0x15, 0x16, 0x00, 0x20, 0x00, 0x00, 0x2c, 0x36, 0xe5, 0x21, 0x02, 0x15, 0x39, 0x20, 0x00
    .byte 0x00, 0x15, 0x42, 0x18, 0x70, 0x32, 0x00, 0x00, 0x00, 0x00, 0x00, 0x14, 0x35, 0xe5, 0x21, 0x02
    .byte 0x01, 0x1e, 0xe5, 0x21, 0x02, 0x22, 0x2c, 0x15, 0x00, 0x00, 0x00, 0x2c, 0x9c, 0x00, 0x00, 0x00
    .byte 0x2c, 0x7f, 0x00, 0x00, 0x00, 0x15, 0x0a, 0x2c, 0x00, 0x01, 0x00, 0x00, 0x15, 0x17, 0x2c, 0x0f
    .byte 0x10, 0x00, 0x00, 0x2c, 0x01, 0x10, 0x00, 0x00, 0x2c, 0x10, 0x10, 0x00, 0x00, 0x2c, 0x02, 0x00
    .byte 0x00, 0x00, 0x2c, 0x21, 0x00, 0x00, 0x00, 0x15, 0x73, 0x2c, 0x21, 0x00, 0x00, 0x00, 0x15, 0x05
    .byte 0x15, 0x16, 0x00, 0x2c, 0x00, 0x10, 0x00, 0x00, 0x2c, 0x01, 0x10, 0x00, 0x00, 0x2c, 0x02, 0x10
    .byte 0x00, 0x00, 0x2c, 0x02, 0x00, 0x00, 0x00, 0x20, 0x00, 0x00, 0x15, 0x73, 0x2c, 0x01, 0x00, 0x00
    .byte 0x00, 0x15, 0x25, 0x2c, 0x12, 0x00, 0x00, 0x00, 0x20, 0x00, 0x00, 0x15, 0x32, 0x2d, 0xd2, 0x2c
    .byte 0x07, 0x00, 0x00, 0x00, 0x15, 0x47, 0x18, 0x70, 0x17, 0x00, 0x2d, 0xd2, 0x2c, 0x08, 0x00, 0x00
    .byte 0x00, 0x15, 0x47, 0x18, 0x70, 0x17, 0x00, 0x15, 0x1e, 0x18, 0x70, 0x17, 0x00, 0x15, 0x75, 0x20
    .byte 0x00, 0x00, 0x15, 0x06, 0x00, 0x2c, 0x01, 0x00, 0x00, 0x00, 0x15, 0x09, 0x2c, 0x00, 0x10, 0x00
    .byte 0x00, 0x2c, 0x01, 0x10, 0x00, 0x00, 0x2c, 0x02, 0x10, 0x00, 0x00, 0x2c, 0x02, 0x00, 0x00, 0x00
    .byte 0x20, 0x00, 0x00, 0x15, 0x73, 0x20, 0x00, 0x00, 0x15, 0x75, 0x00, 0x2c, 0x00, 0x10, 0x00, 0x00
    .byte 0x2c, 0x01, 0x10, 0x00, 0x00, 0x2c, 0x02, 0x10, 0x00, 0x00, 0x2c, 0x02, 0x00, 0x00, 0x00, 0x20
    .byte 0x00, 0x00, 0x15, 0x73, 0x2c, 0x12, 0x00, 0x00, 0x00, 0x2c, 0x08, 0x00, 0x00, 0x00, 0x15, 0x32
    .byte 0x2d, 0x02, 0x2c, 0x07, 0x00, 0x00, 0x00, 0x15, 0x47, 0x18, 0x70, 0x17, 0x00, 0x2d, 0x02, 0x2c
    .byte 0x08, 0x00, 0x00, 0x00, 0x15, 0x47, 0x18, 0x70, 0x17, 0x00, 0x15, 0x1e, 0x18, 0x70, 0x17, 0x00
    .byte 0x15, 0x75, 0x20, 0x00, 0x00, 0x15, 0x06, 0x2c, 0x01, 0x00, 0x00, 0x00, 0x15, 0x07, 0x15, 0x08
    .byte 0x25, 0x10, 0xe6, 0x21, 0x02, 0x00, 0x2c, 0x00, 0x10, 0x00, 0x00, 0x2c, 0x01, 0x10, 0x00, 0x00
    .byte 0x2c, 0x02, 0x10, 0x00, 0x00, 0x2c, 0x02, 0x00, 0x00, 0x00, 0x2c, 0x1e, 0x00, 0x00, 0x00, 0x15
    .byte 0x73, 0x2c, 0x01, 0x00, 0x00, 0x00, 0x15, 0x06, 0x2c, 0x3c, 0x00, 0x00, 0x00, 0x15, 0x07, 0x15
    .byte 0x08, 0x00, 0x2c, 0x0b, 0x10, 0x00, 0x00, 0x2c, 0x01, 0x10, 0x00, 0x00, 0x2c, 0x0c, 0x10, 0x00
    .byte 0x00, 0x2c, 0x02, 0x00, 0x00, 0x00, 0x03, 0x00, 0x08, 0x00, 0x00, 0x00, 0x29, 0x01, 0xff, 0x04
    .byte 0x10, 0x17, 0x00, 0x15, 0x73, 0x00, 0x20, 0x00, 0x00, 0x2c, 0x01, 0x00, 0x00, 0x00, 0x15, 0x38
    .byte 0x2c, 0xe0, 0xff, 0xff, 0xff, 0x2c, 0x06, 0xff, 0xff, 0xff, 0x20, 0x00, 0x00, 0x15, 0x02, 0x2c
    .byte 0x03, 0x00, 0x00, 0x00, 0x15, 0x05, 0x2c, 0xa8, 0xfd, 0xff, 0xff, 0x15, 0x1b, 0x2c, 0x40, 0x00
    .byte 0x00, 0x00, 0x15, 0x99, 0x15, 0x96, 0x2c, 0x20, 0x00, 0x00, 0x00, 0x2c, 0x0c, 0x00, 0x00, 0x00
    .byte 0x2c, 0x78, 0x00, 0x00, 0x00, 0x20, 0x00, 0x00, 0x2c, 0xe8, 0x03, 0x00, 0x00, 0x15, 0x95, 0x22
    .byte 0x20, 0x00, 0x00, 0x2c, 0x01, 0x00, 0x00, 0x00, 0x15, 0x38, 0x2c, 0xe0, 0xff, 0xff, 0xff, 0x2c
    .byte 0x40, 0xff, 0xff, 0xff, 0x20, 0x00, 0x00, 0x15, 0x02, 0x2c, 0x04, 0x00, 0x00, 0x00, 0x15, 0x05
    .byte 0x2c, 0xd4, 0xfe, 0xff, 0xff, 0x15, 0x1b, 0x2c, 0x40, 0x00, 0x00, 0x00, 0x15, 0x99, 0x15, 0x96
    .byte 0x2c, 0x20, 0x00, 0x00, 0x00, 0x2c, 0x0c, 0x00, 0x00, 0x00, 0x2c, 0x78, 0x00, 0x00, 0x00, 0x20
    .byte 0x00, 0x00, 0x2c, 0xe8, 0x03, 0x00, 0x00, 0x15, 0x95, 0x22, 0x20, 0x00, 0x00, 0x2c, 0x01, 0x00
    .byte 0x00, 0x00, 0x15, 0x38, 0x2c, 0xe0, 0xff, 0xff, 0xff, 0x2c, 0x80, 0xff, 0xff, 0xff, 0x20, 0x00
    .byte 0x00, 0x15, 0x02, 0x2c, 0x05, 0x00, 0x00, 0x00, 0x15, 0x05, 0x2c, 0x38, 0xff, 0xff, 0xff, 0x15
    .byte 0x1b, 0x2c, 0x40, 0x00, 0x00, 0x00, 0x15, 0x99, 0x15, 0x96, 0x2c, 0x20, 0x00, 0x00, 0x00, 0x2c
    .byte 0x0c, 0x00, 0x00, 0x00, 0x2c, 0x78, 0x00, 0x00, 0x00, 0x20, 0x00, 0x00, 0x2c, 0xe8, 0x03, 0x00
    .byte 0x00, 0x15, 0x95, 0x22, 0x20, 0x00, 0x00, 0x2c, 0x01, 0x00, 0x00, 0x00, 0x15, 0x38, 0x2c, 0x20
    .byte 0x01, 0x00, 0x00, 0x2c, 0x06, 0xff, 0xff, 0xff, 0x20, 0x00, 0x00, 0x15, 0x02, 0x20, 0x00, 0x00
    .byte 0x15, 0x05, 0x2c, 0x0c, 0xfe, 0xff, 0xff, 0x15, 0x1b, 0x2c, 0x40, 0x00, 0x00, 0x00, 0x15, 0x97
    .byte 0x15, 0x96, 0x2c, 0x20, 0x00, 0x00, 0x00, 0x2c, 0x0c, 0x00, 0x00, 0x00, 0x2c, 0x78, 0x00, 0x00
    .byte 0x00, 0x20, 0x00, 0x00, 0x2c, 0xe8, 0x03, 0x00, 0x00, 0x15, 0x95, 0x22, 0x20, 0x00, 0x00, 0x2c
    .byte 0x01, 0x00, 0x00, 0x00, 0x15, 0x38, 0x2c, 0x20, 0x01, 0x00, 0x00, 0x2c, 0x40, 0xff, 0xff, 0xff
    .byte 0x20, 0x00, 0x00, 0x15, 0x02, 0x2c, 0x01, 0x00, 0x00, 0x00, 0x15, 0x05, 0x2c, 0x70, 0xfe, 0xff
    .byte 0xff, 0x15, 0x1b, 0x2c, 0x40, 0x00, 0x00, 0x00, 0x15, 0x97, 0x15, 0x96, 0x2c, 0x20, 0x00, 0x00
    .byte 0x00, 0x2c, 0x0c, 0x00, 0x00, 0x00, 0x2c, 0x78, 0x00, 0x00, 0x00, 0x20, 0x00, 0x00, 0x2c, 0xe8
    .byte 0x03, 0x00, 0x00, 0x15, 0x95, 0x22, 0x20, 0x00, 0x00, 0x2c, 0x01, 0x00, 0x00, 0x00, 0x15, 0x38
    .byte 0x2c, 0x20, 0x01, 0x00, 0x00, 0x2c, 0x80, 0xff, 0xff, 0xff, 0x20, 0x00, 0x00, 0x15, 0x02, 0x2c
    .byte 0x02, 0x00, 0x00, 0x00, 0x15, 0x05, 0x2c, 0x9c, 0xff, 0xff, 0xff, 0x15, 0x1b, 0x2c, 0x40, 0x00
    .byte 0x00, 0x00, 0x15, 0x97, 0x15, 0x96, 0x2c, 0x20, 0x00, 0x00, 0x00, 0x2c, 0x0c, 0x00, 0x00, 0x00
    .byte 0x2c, 0x78, 0x00, 0x00, 0x00, 0x20, 0x00, 0x00, 0x2c, 0xe8, 0x03, 0x00, 0x00, 0x15, 0x95, 0x22
    .byte 0x2c, 0x79, 0x00, 0x00, 0x00, 0x15, 0x99, 0x2c, 0x3c, 0x00, 0x00, 0x00, 0x15, 0x01, 0x18, 0x70
    .byte 0x17, 0x00, 0x15, 0x07, 0x15, 0x08, 0x2c, 0x88, 0xff, 0xff, 0xff, 0x20, 0x00, 0x00, 0x20, 0x00
    .byte 0x00, 0x03, 0x00, 0xc8, 0x00, 0x00, 0x00, 0x2c, 0x64, 0x00, 0x00, 0x00, 0x15, 0x01, 0x18, 0x71
    .byte 0x04, 0x10, 0x17, 0x00, 0x20, 0x00, 0x00, 0x20, 0x00, 0x00, 0x15, 0x1a, 0x15, 0x21, 0x00, 0x2c
    .byte 0x79, 0x00, 0x00, 0x00, 0x15, 0x97, 0x2c, 0x3c, 0x00, 0x00, 0x00, 0x15, 0x01, 0x18, 0x70, 0x17
    .byte 0x00, 0x15, 0x07, 0x15, 0x08, 0x2c, 0x78, 0x00, 0x00, 0x00, 0x20, 0x00, 0x00, 0x20, 0x00, 0x00
    .byte 0x03, 0x00, 0xc8, 0x00, 0x00, 0x00, 0x2c, 0x64, 0x00, 0x00, 0x00, 0x15, 0x01, 0x18, 0x71, 0x04
    .byte 0x10, 0x17, 0x00, 0x20, 0x00, 0x00, 0x20, 0x00, 0x00, 0x15, 0x1a, 0x15, 0x21, 0x00, 0x2c, 0x3c
    .byte 0x00, 0x00, 0x00, 0x15, 0x01, 0x18, 0x70, 0x17, 0x00, 0x15, 0x07, 0x15, 0x08, 0x2c, 0x78, 0x00
    .byte 0x00, 0x00, 0x20, 0x00, 0x00, 0x20, 0x00, 0x00, 0x03, 0x00, 0xc8, 0x00, 0x00, 0x00, 0x2c, 0x64
    .byte 0x00, 0x00, 0x00, 0x15, 0x01, 0x18, 0x71, 0x04, 0x10, 0x17, 0x00, 0x20, 0x00, 0x00, 0x20, 0x00
    .byte 0x00, 0x15, 0x1a, 0x15, 0x21, 0x2c, 0x87, 0xff, 0xff, 0xff, 0x15, 0x99, 0x00, 0x2c, 0x3c, 0x00
    .byte 0x00, 0x00, 0x15, 0x01, 0x18, 0x70, 0x17, 0x00, 0x15, 0x07, 0x15, 0x08, 0x2c, 0x88, 0xff, 0xff
    .byte 0xff, 0x20, 0x00, 0x00, 0x20, 0x00, 0x00, 0x03, 0x00, 0xc8, 0x00, 0x00, 0x00, 0x2c, 0x64, 0x00
    .byte 0x00, 0x00, 0x15, 0x01, 0x18, 0x71, 0x04, 0x10, 0x17, 0x00, 0x20, 0x00, 0x00, 0x20, 0x00, 0x00
    .byte 0x15, 0x1a, 0x15, 0x21, 0x2c, 0x87, 0xff, 0xff, 0xff, 0x15, 0x97, 0x00, 0x2c, 0x01, 0x00, 0x00
    .byte 0x00, 0x15, 0x07, 0x15, 0x08, 0x2c, 0xed, 0x0b, 0x00, 0x00, 0x15, 0x37, 0x18, 0x70, 0x32, 0x00
    .byte 0x01, 0x00, 0x00, 0x00, 0x14, 0xaa, 0xe9, 0x21, 0x02, 0x2c, 0xed, 0x0b, 0x00, 0x00, 0x15, 0x36
    .byte 0x21, 0x7c, 0x11, 0x22, 0x02, 0x21, 0x36, 0x13, 0x22, 0x02, 0x2c, 0x01, 0x00, 0x00, 0x00, 0x15
    .byte 0x07, 0x15, 0x08, 0x29, 0x00, 0xfe, 0x32, 0x00, 0x8d, 0x00, 0x00, 0x00, 0x14, 0x92, 0xe9, 0x21
    .byte 0x02, 0x22, 0x2c, 0x0a, 0x00, 0x00, 0x00, 0x20, 0x00, 0x00, 0x15, 0x9d, 0x18, 0x70, 0x31, 0x00
    .byte 0x0a, 0x00, 0x00, 0x00, 0x14, 0xaa, 0xe9, 0x21, 0x02, 0x22, 0x2c, 0x08, 0x00, 0x00, 0x00, 0x20
    .byte 0x00, 0x00, 0x15, 0x9d, 0x18, 0x70, 0x32, 0x00, 0x00, 0x00, 0x00, 0x00, 0x14, 0xc2, 0xe9, 0x21
    .byte 0x02, 0x22, 0x2c, 0x0d, 0x00, 0x00, 0x00, 0x20, 0x00, 0x00, 0x15, 0x9d, 0x18, 0x70, 0x32, 0x00
    .byte 0x00, 0x00, 0x00, 0x00, 0x14, 0xe0, 0xe9, 0x21, 0x02, 0x2c, 0xed, 0x0b, 0x00, 0x00, 0x15, 0x35
    .byte 0x2c, 0x09, 0x00, 0x00, 0x00, 0x20, 0x00, 0x00, 0x15, 0x9d, 0x21, 0xc8, 0xed, 0x21, 0x02, 0x2c
    .byte 0xee, 0x0b, 0x00, 0x00, 0x15, 0x35, 0x2c, 0xf8, 0x03, 0x00, 0x00, 0x15, 0x35, 0x2c, 0x86, 0x03
    .byte 0x00, 0x00, 0x15, 0x35, 0x2c, 0x99, 0x00, 0x00, 0x00, 0x2c, 0x00, 0x01, 0x00, 0x00, 0x2c, 0x00
    .byte 0x01, 0x00, 0x00, 0x20, 0x00, 0x00, 0x15, 0x4a, 0x00, 0x2c, 0x01, 0x00, 0x00, 0x00, 0x2c, 0xa3
    .byte 0x00, 0x00, 0x00, 0x15, 0xef, 0x18, 0x70, 0x32, 0x00, 0x01, 0x00, 0x00, 0x00, 0x14, 0x4c, 0xea
    .byte 0x21, 0x02, 0x2c, 0x16, 0x00, 0x00, 0x00, 0x2c, 0xe7, 0x03, 0x00, 0x00, 0x15, 0x78, 0x2c, 0x01
    .byte 0x00, 0x00, 0x00, 0x15, 0x07, 0x15, 0x08, 0x25, 0xb5, 0xea, 0x21, 0x02, 0x2c, 0xee, 0x0b, 0x00
    .byte 0x00, 0x15, 0x37, 0x18, 0x70, 0x32, 0x00, 0x01, 0x00, 0x00, 0x00, 0x14, 0x83, 0xea, 0x21, 0x02
    .byte 0x2c, 0x16, 0x00, 0x00, 0x00, 0x2c, 0x0a, 0x00, 0x00, 0x00, 0x20, 0x00, 0x00, 0x15, 0x9d, 0x18
    .byte 0x70, 0x17, 0x00, 0x15, 0x78, 0x2c, 0x01, 0x00, 0x00, 0x00, 0x15, 0x07, 0x15, 0x08, 0x25, 0xb5
    .byte 0xea, 0x21, 0x02, 0x2c, 0xef, 0x0b, 0x00, 0x00, 0x15, 0x37, 0x18, 0x70, 0x32, 0x00, 0x01, 0x00
    .byte 0x00, 0x00, 0x14, 0xb5, 0xea, 0x21, 0x02, 0x2c, 0x16, 0x00, 0x00, 0x00, 0x2c, 0x0a, 0x00, 0x00
    .byte 0x00, 0x20, 0x00, 0x00, 0x15, 0x9d, 0x18, 0x70, 0x17, 0x00, 0x15, 0x78, 0x2c, 0x01, 0x00, 0x00
    .byte 0x00, 0x15, 0x07, 0x15, 0x08, 0x2c, 0x01, 0x00, 0x00, 0x00, 0x2c, 0xf0, 0xff, 0xff, 0xff, 0x2c
    .byte 0xf0, 0xff, 0xff, 0xff, 0x2c, 0x01, 0x00, 0x00, 0x00, 0x15, 0xd6, 0x2c, 0x02, 0x00, 0x00, 0x00
    .byte 0x2c, 0xf0, 0xff, 0xff, 0xff, 0x2c, 0xf0, 0xff, 0xff, 0xff, 0x2c, 0x01, 0x00, 0x00, 0x00, 0x15
    .byte 0xd6, 0x2c, 0xf8, 0x03, 0x00, 0x00, 0x15, 0x35, 0x2c, 0x86, 0x03, 0x00, 0x00, 0x15, 0x35, 0x01
    .byte 0xf4, 0xea, 0x21, 0x02, 0x2c, 0x0a, 0x00, 0x00, 0x00, 0x20, 0x00, 0x00, 0x15, 0x9d, 0x18, 0x70
    .byte 0x28, 0x00, 0x00, 0x2b, 0x00, 0x00, 0x32, 0x00, 0x01, 0x00, 0x00, 0x00, 0x14, 0x2a, 0xeb, 0x21
    .byte 0x02, 0x2c, 0x8d, 0x00, 0x00, 0x00, 0x2c, 0x00, 0x01, 0x00, 0x00, 0x2c, 0x00, 0x01, 0x00, 0x00
    .byte 0x20, 0x00, 0x00, 0x15, 0x4a, 0x25, 0xd8, 0xec, 0x21, 0x02, 0x2b, 0x00, 0x00, 0x32, 0x00, 0x02
    .byte 0x00, 0x00, 0x00, 0x14, 0x51, 0xeb, 0x21, 0x02, 0x2c, 0x8e, 0x00, 0x00, 0x00, 0x2c, 0x00, 0x01
    .byte 0x00, 0x00, 0x2c, 0x00, 0x01, 0x00, 0x00, 0x20, 0x00, 0x00, 0x15, 0x4a, 0x25, 0xd8, 0xec, 0x21
    .byte 0x02, 0x2b, 0x00, 0x00, 0x32, 0x00, 0x03, 0x00, 0x00, 0x00, 0x14, 0x78, 0xeb, 0x21, 0x02, 0x2c
    .byte 0x8f, 0x00, 0x00, 0x00, 0x2c, 0x00, 0x01, 0x00, 0x00, 0x2c, 0x00, 0x01, 0x00, 0x00, 0x20, 0x00
    .byte 0x00, 0x15, 0x4a, 0x25, 0xd8, 0xec, 0x21, 0x02, 0x2b, 0x00, 0x00, 0x32, 0x00, 0x04, 0x00, 0x00
    .byte 0x00, 0x14, 0x9f, 0xeb, 0x21, 0x02, 0x2c, 0x90, 0x00, 0x00, 0x00, 0x2c, 0x00, 0x01, 0x00, 0x00
    .byte 0x2c, 0x00, 0x01, 0x00, 0x00, 0x20, 0x00, 0x00, 0x15, 0x4a, 0x25, 0xd8, 0xec, 0x21, 0x02, 0x2b
    .byte 0x00, 0x00, 0x32, 0x00, 0x05, 0x00, 0x00, 0x00, 0x14, 0xc6, 0xeb, 0x21, 0x02, 0x2c, 0x91, 0x00
    .byte 0x00, 0x00, 0x2c, 0x00, 0x01, 0x00, 0x00, 0x2c, 0x00, 0x01, 0x00, 0x00, 0x20, 0x00, 0x00, 0x15
    .byte 0x4a, 0x25, 0xd8, 0xec, 0x21, 0x02, 0x2b, 0x00, 0x00, 0x32, 0x00, 0x06, 0x00, 0x00, 0x00, 0x14
    .byte 0xed, 0xeb, 0x21, 0x02, 0x2c, 0x92, 0x00, 0x00, 0x00, 0x2c, 0x00, 0x01, 0x00, 0x00, 0x2c, 0x00
    .byte 0x01, 0x00, 0x00, 0x20, 0x00, 0x00, 0x15, 0x4a, 0x25, 0xd8, 0xec, 0x21, 0x02, 0x2b, 0x00, 0x00
    .byte 0x32, 0x00, 0x07, 0x00, 0x00, 0x00, 0x14, 0x14, 0xec, 0x21, 0x02, 0x2c, 0x93, 0x00, 0x00, 0x00
    .byte 0x2c, 0x00, 0x01, 0x00, 0x00, 0x2c, 0x00, 0x01, 0x00, 0x00, 0x20, 0x00, 0x00, 0x15, 0x4a, 0x25
    .byte 0xd8, 0xec, 0x21, 0x02, 0x2b, 0x00, 0x00, 0x32, 0x00, 0x08, 0x00, 0x00, 0x00, 0x14, 0x3b, 0xec
    .byte 0x21, 0x02, 0x2c, 0x94, 0x00, 0x00, 0x00, 0x2c, 0x00, 0x01, 0x00, 0x00, 0x2c, 0x00, 0x01, 0x00
    .byte 0x00, 0x20, 0x00, 0x00, 0x15, 0x4a, 0x25, 0xd8, 0xec, 0x21, 0x02, 0x2b, 0x00, 0x00, 0x32, 0x00
    .byte 0x09, 0x00, 0x00, 0x00, 0x14, 0x62, 0xec, 0x21, 0x02, 0x2c, 0x95, 0x00, 0x00, 0x00, 0x2c, 0x00
    .byte 0x01, 0x00, 0x00, 0x2c, 0x00, 0x01, 0x00, 0x00, 0x20, 0x00, 0x00, 0x15, 0x4a, 0x25, 0xd8, 0xec
    .byte 0x21, 0x02, 0x2b, 0x00, 0x00, 0x32, 0x00, 0x0a, 0x00, 0x00, 0x00, 0x14, 0xb6, 0xec, 0x21, 0x02
    .byte 0x2c, 0x49, 0x02, 0x00, 0x00, 0x15, 0x37, 0x18, 0x70, 0x32, 0x00, 0x00, 0x00, 0x00, 0x00, 0x14
    .byte 0x9d, 0xec, 0x21, 0x02, 0x2c, 0x96, 0x00, 0x00, 0x00, 0x2c, 0x00, 0x01, 0x00, 0x00, 0x2c, 0x00
    .byte 0x01, 0x00, 0x00, 0x20, 0x00, 0x00, 0x15, 0x4a, 0x25, 0xb1, 0xec, 0x21, 0x02, 0x2c, 0x97, 0x00
    .byte 0x00, 0x00, 0x2c, 0x00, 0x01, 0x00, 0x00, 0x2c, 0x00, 0x01, 0x00, 0x00, 0x20, 0x00, 0x00, 0x15
    .byte 0x4a, 0x25, 0xd8, 0xec, 0x21, 0x02, 0x2b, 0x00, 0x00, 0x32, 0x00, 0x0b, 0x00, 0x00, 0x00, 0x14
    .byte 0xd8, 0xec, 0x21, 0x02, 0x2c, 0x97, 0x00, 0x00, 0x00, 0x2c, 0x00, 0x01, 0x00, 0x00, 0x2c, 0x00
    .byte 0x01, 0x00, 0x00, 0x20, 0x00, 0x00, 0x15, 0x4a, 0x00, 0x2c, 0x04, 0x00, 0x00, 0x00, 0x20, 0x00
    .byte 0x00, 0x20, 0x00, 0x00, 0x20, 0x00, 0x00, 0x15, 0xcd, 0x2c, 0x05, 0x00, 0x00, 0x00, 0x20, 0x00
    .byte 0x00, 0x20, 0x00, 0x00, 0x20, 0x00, 0x00, 0x15, 0xcd, 0x2c, 0x01, 0x00, 0x00, 0x00, 0x15, 0x09
    .byte 0x03, 0x00, 0x00, 0x00, 0x00, 0x00, 0x28, 0x00, 0x00, 0x2b, 0x00, 0x00, 0x34, 0x00, 0x1e, 0x00
    .byte 0x00, 0x00, 0x14, 0xb1, 0xed, 0x21, 0x02, 0x2c, 0x01, 0x00, 0x00, 0x00, 0x15, 0x07, 0x15, 0x08
    .byte 0x03, 0x00, 0x0a, 0x00, 0x00, 0x00, 0x28, 0x00, 0x00, 0x2b, 0x00, 0x00, 0x34, 0x00, 0x02, 0x00
    .byte 0x00, 0x00, 0x14, 0x60, 0xed, 0x21, 0x02, 0x2c, 0x03, 0x00, 0x00, 0x00, 0x15, 0x07, 0x15, 0x08
    .byte 0x2c, 0x05, 0x00, 0x00, 0x00, 0x2f, 0x00, 0x20, 0x00, 0x00, 0x20, 0x00, 0x00, 0x15, 0xcd, 0x2b
    .byte 0x00, 0x00, 0x24, 0x00, 0x01, 0x00, 0x00, 0x00, 0x28, 0x00, 0x00, 0x25, 0x29, 0xed, 0x21, 0x02
    .byte 0x03, 0x00, 0x01, 0x00, 0x00, 0x00, 0x28, 0x00, 0x00, 0x2b, 0x00, 0x00, 0x34, 0x00, 0x0a, 0x00
    .byte 0x00, 0x00, 0x14, 0xa0, 0xed, 0x21, 0x02, 0x2c, 0x03, 0x00, 0x00, 0x00, 0x15, 0x07, 0x15, 0x08
    .byte 0x2c, 0x05, 0x00, 0x00, 0x00, 0x2f, 0x00, 0x20, 0x00, 0x00, 0x20, 0x00, 0x00, 0x15, 0xcd, 0x2b
    .byte 0x00, 0x00, 0x05, 0x00, 0x01, 0x00, 0x00, 0x00, 0x28, 0x00, 0x00, 0x25, 0x69, 0xed, 0x21, 0x02
    .byte 0x2b, 0x00, 0x00, 0x05, 0x00, 0x01, 0x00, 0x00, 0x00, 0x28, 0x00, 0x00, 0x25, 0x09, 0xed, 0x21
    .byte 0x02, 0x00, 0x20, 0x00, 0x00, 0x15, 0x09, 0x2c, 0x06, 0x00, 0x00, 0x00, 0x20, 0x00, 0x00, 0x20
    .byte 0x00, 0x00, 0x20, 0x00, 0x00, 0x15, 0xcd, 0x00, 0x20, 0x00, 0x00, 0x2c, 0x00, 0x11, 0x00, 0x00
    .byte 0x15, 0xe0, 0x2c, 0x0a, 0x00, 0x00, 0x00, 0x15, 0x07, 0x15, 0x08, 0x2c, 0x0f, 0x00, 0x00, 0x00
    .byte 0x15, 0x07, 0x15, 0x08, 0x2c, 0x1e, 0x00, 0x00, 0x00, 0x15, 0x07, 0x15, 0x08, 0x2c, 0x1e, 0x00
    .byte 0x00, 0x00, 0x15, 0x07, 0x15, 0x08, 0x2c, 0x02, 0x00, 0x00, 0x00, 0x20, 0x00, 0x00, 0x2c, 0x05
    .byte 0x00, 0x00, 0x00, 0x15, 0xa6, 0x2c, 0x3c, 0x00, 0x00, 0x00, 0x15, 0x07, 0x15, 0x08, 0x2c, 0x06
    .byte 0x00, 0x00, 0x00, 0x2c, 0x03, 0x00, 0x00, 0x00, 0x15, 0xe0, 0x20, 0x00, 0x00, 0x2c, 0xbd, 0xee
    .byte 0x21, 0x02, 0x15, 0x39, 0x2c, 0x08, 0x00, 0x00, 0x00, 0x2c, 0xd9, 0xec, 0x21, 0x02, 0x15, 0x39
    .byte 0x2c, 0x78, 0x00, 0x00, 0x00, 0x15, 0x07, 0x15, 0x08, 0x2c, 0x09, 0x00, 0x00, 0x00, 0x2c, 0x75
    .byte 0xf3, 0x21, 0x02, 0x15, 0x39, 0x2c, 0x3c, 0x00, 0x00, 0x00, 0x15, 0x07, 0x15, 0x08, 0x2c, 0x03
    .byte 0x00, 0x00, 0x00, 0x20, 0x00, 0x00, 0x2c, 0x05, 0x00, 0x00, 0x00, 0x15, 0xa6, 0x2c, 0x09, 0x00
    .byte 0x00, 0x00, 0x2c, 0xd0, 0xf3, 0x21, 0x02, 0x15, 0x39, 0x2c, 0x3c, 0x00, 0x00, 0x00, 0x15, 0x07
    .byte 0x15, 0x08, 0x2c, 0x04, 0x00, 0x00, 0x00, 0x20, 0x00, 0x00, 0x2c, 0x05, 0x00, 0x00, 0x00, 0x15
    .byte 0xa6, 0x2c, 0x09, 0x00, 0x00, 0x00, 0x2c, 0x2b, 0xf4, 0x21, 0x02, 0x15, 0x39, 0x2c, 0x78, 0x00
    .byte 0x00, 0x00, 0x15, 0x07, 0x15, 0x08, 0x2c, 0x03, 0x00, 0x00, 0x00, 0x20, 0x00, 0x00, 0x2c, 0x10
    .byte 0x00, 0x00, 0x00, 0x2c, 0x78, 0x00, 0x00, 0x00, 0x15, 0xd6, 0x2c, 0x77, 0x00, 0x00, 0x00, 0x15
    .byte 0x07, 0x15, 0x08, 0x15, 0xa7, 0x2c, 0xf8, 0x03, 0x00, 0x00, 0x15, 0x35, 0x22, 0x2c, 0x13, 0x10
    .byte 0x00, 0x00, 0x2c, 0x01, 0x10, 0x00, 0x00, 0x2c, 0x14, 0x10, 0x00, 0x00, 0x2c, 0x02, 0x00, 0x00
    .byte 0x00, 0x2c, 0x20, 0x00, 0x00, 0x00, 0x15, 0x73, 0x2c, 0x01, 0x00, 0x00, 0x00, 0x15, 0x06, 0x00
    .byte 0x20, 0x00, 0x00, 0x15, 0x18, 0x20, 0x00, 0x00, 0x15, 0x19, 0x2c, 0x01, 0x00, 0x00, 0x00, 0x15
    .byte 0x2b, 0x2c, 0x80, 0x00, 0x00, 0x00, 0x2c, 0x7c, 0x00, 0x00, 0x00, 0x20, 0x00, 0x00, 0x2c, 0x3c
    .byte 0x00, 0x00, 0x00, 0x2c, 0x01, 0x00, 0x00, 0x00, 0x20, 0x00, 0x00, 0x15, 0x1a, 0x15, 0x21, 0x2c
    .byte 0x04, 0x00, 0x00, 0x00, 0x15, 0x75, 0x2c, 0x01, 0x00, 0x00, 0x00, 0x15, 0x25, 0x2c, 0x01, 0x00
    .byte 0x00, 0x00, 0x15, 0x18, 0x2c, 0x01, 0x00, 0x00, 0x00, 0x15, 0x19, 0x2c, 0x0a, 0x00, 0x00, 0x00
    .byte 0x15, 0x07, 0x15, 0x08, 0x00, 0x03, 0x00, 0x00, 0x00, 0x00, 0x00, 0x2c, 0x0a, 0x00, 0x00, 0x00
    .byte 0x15, 0x01, 0x18, 0x71, 0x04, 0x10, 0x17, 0x00, 0x15, 0x07, 0x15, 0x08, 0x2c, 0x0c, 0x00, 0x00
    .byte 0x00, 0x2c, 0x01, 0x00, 0x00, 0x00, 0x15, 0x10, 0x18, 0x70, 0x24, 0x00, 0x40, 0x00, 0x00, 0x00
    .byte 0x17, 0x00, 0x15, 0x11, 0x18, 0x70, 0x24, 0x00, 0x40, 0x00, 0x00, 0x00, 0x17, 0x00, 0x2c, 0x80
    .byte 0x00, 0x00, 0x00, 0x2c, 0x40, 0x00, 0x00, 0x00, 0x2c, 0xff, 0xff, 0xff, 0xff, 0x15, 0x53, 0x25
    .byte 0x35, 0xef, 0x21, 0x02, 0x00, 0x03, 0x00, 0x00, 0x00, 0x00, 0x00, 0x2c, 0x07, 0x00, 0x00, 0x00
    .byte 0x15, 0x01, 0x18, 0x71, 0x04, 0x10, 0x17, 0x00, 0x15, 0x07, 0x15, 0x08, 0x2c, 0x0c, 0x00, 0x00
    .byte 0x00, 0x2c, 0x02, 0x00, 0x00, 0x00, 0x15, 0x10, 0x18, 0x70, 0x24, 0x00, 0x40, 0x00, 0x00, 0x00
    .byte 0x17, 0x00, 0x15, 0x11, 0x18, 0x70, 0x24, 0x00, 0x40, 0x00, 0x00, 0x00, 0x17, 0x00, 0x2c, 0x80
    .byte 0x00, 0x00, 0x00, 0x2c, 0x40, 0x00, 0x00, 0x00, 0x2c, 0xff, 0xff, 0xff, 0xff, 0x15, 0x53, 0x25
    .byte 0x85, 0xef, 0x21, 0x02, 0x00, 0x03, 0x00, 0x00, 0x00, 0x00, 0x00, 0x2c, 0x04, 0x00, 0x00, 0x00
    .byte 0x15, 0x01, 0x18, 0x71, 0x04, 0x10, 0x17, 0x00, 0x15, 0x07, 0x15, 0x08, 0x2c, 0x0c, 0x00, 0x00
    .byte 0x00, 0x2c, 0x02, 0x00, 0x00, 0x00, 0x15, 0x10, 0x18, 0x70, 0x24, 0x00, 0x40, 0x00, 0x00, 0x00
    .byte 0x17, 0x00, 0x15, 0x11, 0x18, 0x70, 0x24, 0x00, 0x40, 0x00, 0x00, 0x00, 0x17, 0x00, 0x2c, 0x80
    .byte 0x00, 0x00, 0x00, 0x2c, 0x40, 0x00, 0x00, 0x00, 0x2c, 0xff, 0xff, 0xff, 0xff, 0x15, 0x53, 0x25
    .byte 0xd5, 0xef, 0x21, 0x02, 0x00, 0x03, 0x00, 0x00, 0x00, 0x00, 0x00, 0x2c, 0x02, 0x00, 0x00, 0x00
    .byte 0x15, 0x01, 0x18, 0x71, 0x04, 0x10, 0x17, 0x00, 0x15, 0x07, 0x15, 0x08, 0x2c, 0x0c, 0x00, 0x00
    .byte 0x00, 0x2c, 0x02, 0x00, 0x00, 0x00, 0x15, 0x10, 0x18, 0x70, 0x24, 0x00, 0x40, 0x00, 0x00, 0x00
    .byte 0x17, 0x00, 0x15, 0x11, 0x18, 0x70, 0x24, 0x00, 0x40, 0x00, 0x00, 0x00, 0x17, 0x00, 0x2c, 0x80
    .byte 0x00, 0x00, 0x00, 0x2c, 0x40, 0x00, 0x00, 0x00, 0x2c, 0xff, 0xff, 0xff, 0xff, 0x15, 0x53, 0x25
    .byte 0x25, 0xf0, 0x21, 0x02, 0x00, 0x2c, 0x1e, 0x00, 0x00, 0x00, 0x2c, 0x00, 0x11, 0x00, 0x00, 0x2c
    .byte 0x20, 0x00, 0x00, 0x00, 0x20, 0x00, 0x00, 0x20, 0x00, 0x00, 0x15, 0x3e, 0x20, 0x00, 0x00, 0x15
    .byte 0x05, 0x2c, 0x01, 0x00, 0x00, 0x00, 0x15, 0x09, 0x2c, 0x01, 0x00, 0x00, 0x00, 0x15, 0x06, 0x2c
    .byte 0x00, 0x01, 0x00, 0x00, 0x15, 0x17, 0x2c, 0x3c, 0x00, 0x00, 0x00, 0x15, 0x07, 0x15, 0x08, 0x20
    .byte 0x00, 0x00, 0x15, 0x09, 0x2c, 0x01, 0x00, 0x00, 0x00, 0x2c, 0x00, 0x11, 0x00, 0x00, 0x15, 0xe0
    .byte 0x00, 0x2c, 0x1e, 0x00, 0x00, 0x00, 0x2c, 0x00, 0x11, 0x00, 0x00, 0x2c, 0x40, 0x00, 0x00, 0x00
    .byte 0x20, 0x00, 0x00, 0x20, 0x00, 0x00, 0x15, 0x3e, 0x2c, 0x01, 0x00, 0x00, 0x00, 0x15, 0x05, 0x2c
    .byte 0x01, 0x00, 0x00, 0x00, 0x15, 0x09, 0x2c, 0x01, 0x00, 0x00, 0x00, 0x15, 0x06, 0x2c, 0x00, 0x01
    .byte 0x00, 0x00, 0x15, 0x17, 0x2c, 0x3c, 0x00, 0x00, 0x00, 0x15, 0x07, 0x15, 0x08, 0x20, 0x00, 0x00
    .byte 0x15, 0x09, 0x2c, 0x01, 0x00, 0x00, 0x00, 0x2c, 0x00, 0x11, 0x00, 0x00, 0x15, 0xe0, 0x00, 0x2c
    .byte 0x1e, 0x00, 0x00, 0x00, 0x2c, 0x00, 0x11, 0x00, 0x00, 0x2c, 0x64, 0x00, 0x00, 0x00, 0x20, 0x00
    .byte 0x00, 0x20, 0x00, 0x00, 0x15, 0x3e, 0x2c, 0x02, 0x00, 0x00, 0x00, 0x15, 0x05, 0x2c, 0x01, 0x00
    .byte 0x00, 0x00, 0x15, 0x09, 0x2c, 0x01, 0x00, 0x00, 0x00, 0x15, 0x06, 0x2c, 0x00, 0x01, 0x00, 0x00
    .byte 0x15, 0x17, 0x2c, 0x3c, 0x00, 0x00, 0x00, 0x15, 0x07, 0x15, 0x08, 0x2c, 0x01, 0x00, 0x00, 0x00
    .byte 0x2c, 0x00, 0x11, 0x00, 0x00, 0x15, 0xe0, 0x00, 0x20, 0x00, 0x00, 0x15, 0x09, 0x2c, 0x01, 0x00
    .byte 0x00, 0x00, 0x15, 0xd7, 0x2c, 0x08, 0x00, 0x00, 0x00, 0x2c, 0xd0, 0xff, 0xff, 0xff, 0x15, 0xd1
    .byte 0x2c, 0x01, 0x00, 0x00, 0x00, 0x2c, 0xb0, 0xff, 0xff, 0xff, 0x2c, 0xb8, 0xff, 0xff, 0xff, 0x2c
    .byte 0x50, 0x00, 0x00, 0x00, 0x2c, 0x10, 0x00, 0x00, 0x00, 0x15, 0x5c, 0x2c, 0x01, 0x00, 0x00, 0x00
    .byte 0x2c, 0xa3, 0x00, 0x00, 0x00, 0x15, 0xef, 0x18, 0x70, 0x32, 0x00, 0x01, 0x00, 0x00, 0x00, 0x14
    .byte 0xa9, 0xf1, 0x21, 0x02, 0x25, 0xb5, 0xf1, 0x21, 0x02, 0x2c, 0x01, 0x00, 0x00, 0x00, 0x2c, 0xb6
    .byte 0xf1, 0x21, 0x02, 0x15, 0x29, 0x00, 0x2c, 0x0c, 0x04, 0x00, 0x00, 0x15, 0x35, 0x2c, 0x0d, 0x00
    .byte 0x00, 0x00, 0x2c, 0x01, 0x00, 0x00, 0x00, 0x15, 0x78, 0x2c, 0x0c, 0x04, 0x00, 0x00, 0x15, 0x36
    .byte 0x2c, 0x01, 0x00, 0x00, 0x00, 0x15, 0x07, 0x15, 0x08, 0x2c, 0x90, 0x03, 0x00, 0x00, 0x15, 0x37
    .byte 0x18, 0x70, 0x32, 0x00, 0x00, 0x00, 0x00, 0x00, 0x13, 0xfb, 0xf1, 0x21, 0x02, 0x37, 0x00, 0x00
    .byte 0x33, 0x00, 0x00, 0x00, 0x00, 0x00, 0x14, 0xfc, 0xf1, 0x21, 0x02, 0x00, 0x2c, 0x08, 0x00, 0x00
    .byte 0x00, 0x38, 0x00, 0x2c, 0x80, 0x01, 0x00, 0x00, 0x2c, 0x20, 0x01, 0x00, 0x00, 0x20, 0x00, 0x00
    .byte 0x2c, 0x40, 0x00, 0x00, 0x00, 0x2c, 0x10, 0x00, 0x00, 0x00, 0x15, 0x53, 0x2c, 0x01, 0x00, 0x00
    .byte 0x00, 0x15, 0x07, 0x15, 0x08, 0x2c, 0x07, 0x00, 0x00, 0x00, 0x38, 0x00, 0x15, 0x9d, 0x21, 0x4c
    .byte 0xe9, 0x21, 0x02, 0x20, 0x00, 0x00, 0x2c, 0xec, 0x08, 0x22, 0x02, 0x15, 0x39, 0x20, 0x00, 0x00
    .byte 0x15, 0x42, 0x18, 0x70, 0x32, 0x00, 0x00, 0x00, 0x00, 0x00, 0x14, 0x54, 0xf2, 0x21, 0x02, 0x01
    .byte 0x3d, 0xf2, 0x21, 0x02, 0x2c, 0x0a, 0x00, 0x00, 0x00, 0x20, 0x00, 0x00, 0x15, 0x9d, 0x18, 0x70
    .byte 0x34, 0x00, 0x0a, 0x00, 0x00, 0x00, 0x14, 0x70, 0xf2, 0x21, 0x02, 0x21, 0x42, 0x09, 0x22, 0x02
    .byte 0x00, 0x20, 0x00, 0x00, 0x15, 0x09, 0x00, 0x2c, 0x01, 0x00, 0x00, 0x00, 0x15, 0x09, 0x2c, 0x04
    .byte 0x00, 0x00, 0x00, 0x20, 0x00, 0x00, 0x20, 0x00, 0x00, 0x20, 0x00, 0x00, 0x15, 0xcd, 0x03, 0x00
    .byte 0x0a, 0x00, 0x00, 0x00, 0x28, 0x00, 0x00, 0x2b, 0x00, 0x00, 0x30, 0x00, 0x00, 0x00, 0x00, 0x00
    .byte 0x14, 0xce, 0xf2, 0x21, 0x02, 0x2c, 0x03, 0x00, 0x00, 0x00, 0x15, 0x07, 0x15, 0x08, 0x2c, 0x05
    .byte 0x00, 0x00, 0x00, 0x2f, 0x00, 0x20, 0x00, 0x00, 0x20, 0x00, 0x00, 0x15, 0xcd, 0x2b, 0x00, 0x00
    .byte 0x24, 0x00, 0x01, 0x00, 0x00, 0x00, 0x28, 0x00, 0x00, 0x25, 0x97, 0xf2, 0x21, 0x02, 0x03, 0x00
    .byte 0x00, 0x00, 0x00, 0x00, 0x28, 0x00, 0x00, 0x2b, 0x00, 0x00, 0x34, 0x00, 0x0a, 0x00, 0x00, 0x00
    .byte 0x14, 0x0e, 0xf3, 0x21, 0x02, 0x2c, 0x03, 0x00, 0x00, 0x00, 0x15, 0x07, 0x15, 0x08, 0x2c, 0x05
    .byte 0x00, 0x00, 0x00, 0x2f, 0x00, 0x20, 0x00, 0x00, 0x20, 0x00, 0x00, 0x15, 0xcd, 0x2b, 0x00, 0x00
    .byte 0x05, 0x00, 0x01, 0x00, 0x00, 0x00, 0x28, 0x00, 0x00, 0x25, 0xd7, 0xf2, 0x21, 0x02, 0x25, 0x8e
    .byte 0xf2, 0x21, 0x02, 0x00, 0x20, 0x00, 0x00, 0x15, 0x09, 0x00, 0x2c, 0x0a, 0x00, 0x00, 0x00, 0x15
    .byte 0x07, 0x15, 0x08, 0x2c, 0x0c, 0x00, 0x00, 0x00, 0x2c, 0x01, 0x00, 0x00, 0x00, 0x2c, 0x08, 0x00
    .byte 0x00, 0x00, 0x2c, 0x07, 0x00, 0x00, 0x00, 0x15, 0x47, 0x18, 0x70, 0x24, 0x00, 0x40, 0x00, 0x00
    .byte 0x00, 0x17, 0x00, 0x2c, 0x08, 0x00, 0x00, 0x00, 0x2c, 0x08, 0x00, 0x00, 0x00, 0x15, 0x47, 0x18
    .byte 0x70, 0x24, 0x00, 0x30, 0x00, 0x00, 0x00, 0x17, 0x00, 0x2c, 0x80, 0x00, 0x00, 0x00, 0x2c, 0x30
    .byte 0x00, 0x00, 0x00, 0x2c, 0xff, 0xff, 0xff, 0xff, 0x15, 0x53, 0x18, 0x70, 0x28, 0x00, 0x00, 0x25
    .byte 0x1a, 0xf3, 0x21, 0x02, 0x00, 0x2c, 0x06, 0x00, 0x00, 0x00, 0x15, 0x07, 0x15, 0x08, 0x2c, 0x0c
    .byte 0x00, 0x00, 0x00, 0x2c, 0x02, 0x00, 0x00, 0x00, 0x2c, 0x08, 0x00, 0x00, 0x00, 0x2c, 0x07, 0x00
    .byte 0x00, 0x00, 0x15, 0x47, 0x18, 0x70, 0x24, 0x00, 0x40, 0x00, 0x00, 0x00, 0x17, 0x00, 0x2c, 0x08
    .byte 0x00, 0x00, 0x00, 0x2c, 0x08, 0x00, 0x00, 0x00, 0x15, 0x47, 0x18, 0x70, 0x24, 0x00, 0x30, 0x00
    .byte 0x00, 0x00, 0x17, 0x00, 0x2c, 0x80, 0x00, 0x00, 0x00, 0x2c, 0x30, 0x00, 0x00, 0x00, 0x2c, 0xff
    .byte 0xff, 0xff, 0xff, 0x15, 0x53, 0x18, 0x70, 0x28, 0x00, 0x00, 0x25, 0x75, 0xf3, 0x21, 0x02, 0x00
    .byte 0x2c, 0x03, 0x00, 0x00, 0x00, 0x15, 0x07, 0x15, 0x08, 0x2c, 0x0c, 0x00, 0x00, 0x00, 0x2c, 0x02
    .byte 0x00, 0x00, 0x00, 0x2c, 0x08, 0x00, 0x00, 0x00, 0x2c, 0x07, 0x00, 0x00, 0x00, 0x15, 0x47, 0x18
    .byte 0x70, 0x24, 0x00, 0x40, 0x00, 0x00, 0x00, 0x17, 0x00, 0x2c, 0x08, 0x00, 0x00, 0x00, 0x2c, 0x08
    .byte 0x00, 0x00, 0x00, 0x15, 0x47, 0x18, 0x70, 0x24, 0x00, 0x30, 0x00, 0x00, 0x00, 0x17, 0x00, 0x2c
    .byte 0x80, 0x00, 0x00, 0x00, 0x2c, 0x30, 0x00, 0x00, 0x00, 0x2c, 0xff, 0xff, 0xff, 0xff, 0x15, 0x53
    .byte 0x18, 0x70, 0x28, 0x00, 0x00, 0x25, 0xd0, 0xf3, 0x21, 0x02, 0x00, 0x2c, 0x01, 0x00, 0x00, 0x00
    .byte 0x15, 0x07, 0x15, 0x08, 0x2c, 0x0c, 0x00, 0x00, 0x00, 0x2c, 0x02, 0x00, 0x00, 0x00, 0x2c, 0x08
    .byte 0x00, 0x00, 0x00, 0x2c, 0x07, 0x00, 0x00, 0x00, 0x15, 0x47, 0x18, 0x70, 0x24, 0x00, 0x40, 0x00
    .byte 0x00, 0x00, 0x17, 0x00, 0x2c, 0x08, 0x00, 0x00, 0x00, 0x2c, 0x08, 0x00, 0x00, 0x00, 0x15, 0x47
    .byte 0x18, 0x70, 0x24, 0x00, 0x30, 0x00, 0x00, 0x00, 0x17, 0x00, 0x2c, 0x80, 0x00, 0x00, 0x00, 0x2c
    .byte 0x30, 0x00, 0x00, 0x00, 0x2c, 0xff, 0xff, 0xff, 0xff, 0x15, 0x53, 0x18, 0x70, 0x28, 0x00, 0x00
    .byte 0x25, 0x2b, 0xf4, 0x21, 0x02, 0x00, 0x2c, 0x12, 0x00, 0x00, 0x00, 0x2f, 0x00, 0x2c, 0xff, 0xff
    .byte 0xff, 0xff, 0x2c, 0xff, 0xff, 0xff, 0xff, 0x2c, 0xff, 0xff, 0xff, 0xff, 0x2c, 0xff, 0xff, 0xff
    .byte 0xff, 0x2c, 0xff, 0xff, 0xff, 0xff, 0x15, 0x53, 0x00, 0x2c, 0x01, 0x00, 0x00, 0x00, 0x15, 0x09
    .byte 0x2c, 0x01, 0x00, 0x00, 0x00, 0x15, 0x06, 0x00, 0x20, 0x00, 0x00, 0x15, 0x09, 0x2c, 0x01, 0x00
    .byte 0x00, 0x00, 0x15, 0xd7, 0x20, 0x00, 0x00, 0x2c, 0xd8, 0xff, 0xff, 0xff, 0x15, 0xd1, 0x2c, 0x01
    .byte 0x00, 0x00, 0x00, 0x2c, 0xe8, 0xff, 0xff, 0xff, 0x2c, 0xd0, 0xff, 0xff, 0xff, 0x2c, 0x18, 0x00
    .byte 0x00, 0x00, 0x20, 0x00, 0x00, 0x15, 0x5c, 0x20, 0x00, 0x00, 0x20, 0x00, 0x00, 0x15, 0x32, 0x2c
    .byte 0x01, 0x00, 0x00, 0x00, 0x20, 0x00, 0x00, 0x15, 0x32, 0x20, 0x00, 0x00, 0x2c, 0x78, 0x01, 0x00
    .byte 0x00, 0x2c, 0xe0, 0x00, 0x00, 0x00, 0x2c, 0x88, 0x01, 0x00, 0x00, 0x2c, 0x00, 0x01, 0x00, 0x00
    .byte 0x15, 0x8d, 0x18, 0x70, 0x32, 0x00, 0x01, 0x00, 0x00, 0x00, 0x14, 0x2b, 0xf5, 0x21, 0x02, 0x2c
    .byte 0x03, 0x00, 0x00, 0x00, 0x2c, 0x9d, 0xf5, 0x21, 0x02, 0x15, 0x29, 0x2c, 0x01, 0x00, 0x00, 0x00
    .byte 0x15, 0x07, 0x15, 0x08, 0x25, 0xf9, 0xf4, 0x21, 0x02, 0x00, 0x20, 0x00, 0x00, 0x2c, 0x78, 0x01
    .byte 0x00, 0x00, 0x2c, 0xe0, 0x00, 0x00, 0x00, 0x2c, 0x88, 0x01, 0x00, 0x00, 0x2c, 0x00, 0x01, 0x00
    .byte 0x00, 0x15, 0x8d, 0x18, 0x70, 0x32, 0x00, 0x01, 0x00, 0x00, 0x00, 0x14, 0x85, 0xf5, 0x21, 0x02
    .byte 0x29, 0x00, 0xed, 0x0d, 0x00, 0x40, 0x00, 0x00, 0x00, 0x35, 0x00, 0x00, 0x00, 0x00, 0x00, 0x14
    .byte 0x80, 0xf5, 0x21, 0x02, 0x2c, 0x03, 0x00, 0x00, 0x00, 0x2c, 0x9d, 0xf5, 0x21, 0x02, 0x15, 0x29
    .byte 0x25, 0x8a, 0xf5, 0x21, 0x02, 0x25, 0x98, 0xf5, 0x21, 0x02, 0x2c, 0x01, 0x00, 0x00, 0x00, 0x15
    .byte 0x07, 0x15, 0x08, 0x25, 0x3a, 0xf5, 0x21, 0x02, 0x01, 0xf9, 0xf4, 0x21, 0x02, 0x20, 0x00, 0x00
    .byte 0x2c, 0x5d, 0xfa, 0x21, 0x02, 0x15, 0x39, 0x20, 0x00, 0x00, 0x15, 0x42, 0x18, 0x70, 0x32, 0x00
    .byte 0x00, 0x00, 0x00, 0x00, 0x14, 0xbe, 0xf5, 0x21, 0x02, 0x01, 0xa7, 0xf5, 0x21, 0x02, 0x2c, 0x02
    .byte 0x00, 0x00, 0x00, 0x15, 0x05, 0x20, 0x00, 0x00, 0x2c, 0x26, 0xfb, 0x21, 0x02, 0x15, 0x39, 0x20
    .byte 0x00, 0x00, 0x15, 0x42, 0x18, 0x70, 0x32, 0x00, 0x00, 0x00, 0x00, 0x00, 0x14, 0xe6, 0xf5, 0x21
    .byte 0x02, 0x01, 0xcf, 0xf5, 0x21, 0x02, 0x21, 0x19, 0xf6, 0x21, 0x02, 0x20, 0x00, 0x00, 0x2c, 0x61
    .byte 0xfb, 0x21, 0x02, 0x15, 0x39, 0x20, 0x00, 0x00, 0x15, 0x42, 0x18, 0x70, 0x32, 0x00, 0x00, 0x00
    .byte 0x00, 0x00, 0x14, 0x0c, 0xf6, 0x21, 0x02, 0x01, 0xf5, 0xf5, 0x21, 0x02, 0x2c, 0x0a, 0x00, 0x00
    .byte 0x00, 0x2c, 0x3a, 0xf5, 0x21, 0x02, 0x15, 0x39, 0x00, 0x2c, 0xba, 0x03, 0x00, 0x00, 0x15, 0x35
    .byte 0x2c, 0x0c, 0x00, 0x00, 0x00, 0x20, 0x00, 0x00, 0x15, 0x78, 0x2c, 0x01, 0x00, 0x00, 0x00, 0x15
    .byte 0x07, 0x15, 0x08, 0x29, 0x00, 0xc9, 0x35, 0x00, 0xff, 0xff, 0xff, 0xff, 0x14, 0x32, 0xfa, 0x21
    .byte 0x02, 0x2c, 0x01, 0x00, 0x00, 0x00, 0x2c, 0x00, 0xd6, 0x00, 0x00, 0x15, 0xe0, 0x20, 0x00, 0x00
    .byte 0x15, 0xbb, 0x2c, 0x04, 0x00, 0x00, 0x00, 0x20, 0x00, 0x00, 0x20, 0x00, 0x00, 0x15, 0xce, 0x2c
    .byte 0x01, 0x00, 0x00, 0x00, 0x15, 0x07, 0x15, 0x08, 0x2c, 0x01, 0x00, 0x00, 0x00, 0x2c, 0x03, 0x00
    .byte 0x00, 0x00, 0x15, 0x4b, 0x2c, 0x03, 0x00, 0x00, 0x00, 0x15, 0x4c, 0x18, 0x70, 0x32, 0x00, 0x00
    .byte 0x00, 0x00, 0x00, 0x13, 0x8d, 0xf6, 0x21, 0x02, 0x01, 0x74, 0xf6, 0x21, 0x02, 0x2c, 0xf8, 0x03
    .byte 0x00, 0x00, 0x15, 0x35, 0x2c, 0x03, 0x00, 0x00, 0x00, 0x2c, 0x01, 0x00, 0x00, 0x00, 0x20, 0x00
    .byte 0x00, 0x20, 0x00, 0x00, 0x20, 0x00, 0x00, 0x15, 0x4f, 0x20, 0x00, 0x00, 0x2c, 0xde, 0xfb, 0x21
    .byte 0x02, 0x15, 0x39, 0x20, 0x00, 0x00, 0x15, 0x42, 0x18, 0x70, 0x32, 0x00, 0x00, 0x00, 0x00, 0x00
    .byte 0x14, 0xca, 0xf6, 0x21, 0x02, 0x01, 0xb3, 0xf6, 0x21, 0x02, 0x2c, 0xd3, 0x03, 0x00, 0x00, 0x15
    .byte 0x35, 0x2c, 0x3c, 0x00, 0x00, 0x00, 0x15, 0x07, 0x15, 0x08, 0x2c, 0xd4, 0x03, 0x00, 0x00, 0x15
    .byte 0x35, 0x2c, 0x28, 0x00, 0x00, 0x00, 0x15, 0x07, 0x15, 0x08, 0x2c, 0x02, 0x00, 0x00, 0x00, 0x20
    .byte 0x00, 0x00, 0x2c, 0x10, 0x00, 0x00, 0x00, 0x2c, 0x10, 0x00, 0x00, 0x00, 0x15, 0xd6, 0x2c, 0x02
    .byte 0x00, 0x00, 0x00, 0x15, 0x4c, 0x18, 0x70, 0x32, 0x00, 0x00, 0x00, 0x00, 0x00, 0x13, 0x17, 0xf7
    .byte 0x21, 0x02, 0x01, 0xfe, 0xf6, 0x21, 0x02, 0x2c, 0xd1, 0x09, 0x00, 0x00, 0x15, 0x37, 0x18, 0x70
    .byte 0x28, 0x00, 0x00, 0x2c, 0xd2, 0x09, 0x00, 0x00, 0x15, 0x37, 0x18, 0x70, 0x28, 0x00, 0x01, 0x2c
    .byte 0xd3, 0x09, 0x00, 0x00, 0x15, 0x37, 0x18, 0x70, 0x28, 0x00, 0x02, 0x2b, 0x00, 0x00, 0x32, 0x00
    .byte 0x00, 0x00, 0x00, 0x00, 0x14, 0x73, 0xf7, 0x21, 0x02, 0x2b, 0x00, 0x02, 0x32, 0x00, 0x00, 0x00
    .byte 0x00, 0x00, 0x14, 0x73, 0xf7, 0x21, 0x02, 0x2b, 0x00, 0x02, 0x32, 0x00, 0x00, 0x00, 0x00, 0x00
    .byte 0x14, 0x73, 0xf7, 0x21, 0x02, 0x03, 0x00, 0xfe, 0xff, 0xff, 0xff, 0x26, 0x00, 0x07, 0x25, 0xf5
    .byte 0xf7, 0x21, 0x02, 0x2c, 0x03, 0x00, 0x00, 0x00, 0x15, 0x01, 0x18, 0x70, 0x26, 0x00, 0x07, 0x29
    .byte 0x00, 0x07, 0x32, 0x00, 0x00, 0x00, 0x00, 0x00, 0x14, 0xa5, 0xf7, 0x21, 0x02, 0x2c, 0xd1, 0x09
    .byte 0x00, 0x00, 0x15, 0x37, 0x18, 0x70, 0x14, 0xa5, 0xf7, 0x21, 0x02, 0x25, 0xf1, 0xf7, 0x21, 0x02
    .byte 0x25, 0xec, 0xf7, 0x21, 0x02, 0x29, 0x00, 0x07, 0x32, 0x00, 0x01, 0x00, 0x00, 0x00, 0x14, 0xcb
    .byte 0xf7, 0x21, 0x02, 0x2c, 0xd2, 0x09, 0x00, 0x00, 0x15, 0x37, 0x18, 0x70, 0x14, 0xcb, 0xf7, 0x21
    .byte 0x02, 0x25, 0xf1, 0xf7, 0x21, 0x02, 0x25, 0xec, 0xf7, 0x21, 0x02, 0x29, 0x00, 0x07, 0x32, 0x00
    .byte 0x02, 0x00, 0x00, 0x00, 0x14, 0xec, 0xf7, 0x21, 0x02, 0x2c, 0xd3, 0x09, 0x00, 0x00, 0x15, 0x37
    .byte 0x18, 0x70, 0x14, 0xec, 0xf7, 0x21, 0x02, 0x25, 0xf1, 0xf7, 0x21, 0x02, 0x25, 0x73, 0xf7, 0x21
    .byte 0x02, 0x2d, 0x07, 0x15, 0xfc, 0x20, 0x00, 0x00, 0x15, 0x07, 0x15, 0x08, 0x2c, 0x10, 0x00, 0x00
    .byte 0x00, 0x15, 0x36, 0x2c, 0xa2, 0x03, 0x00, 0x00, 0x15, 0x36, 0x2c, 0xc7, 0x02, 0x00, 0x00, 0x15
    .byte 0x36, 0x2c, 0x01, 0x00, 0x00, 0x00, 0x2c, 0xff, 0xff, 0xff, 0xff, 0x2c, 0xff, 0xff, 0xff, 0xff
    .byte 0x2c, 0xff, 0xff, 0xff, 0xff, 0x2c, 0xff, 0xff, 0xff, 0xff, 0x15, 0xdc, 0x29, 0x00, 0xc9, 0x32
    .byte 0x00, 0x00, 0x00, 0x00, 0x00, 0x14, 0x5a, 0xf8, 0x21, 0x02, 0x03, 0x00, 0x20, 0x00, 0x00, 0x00
    .byte 0x26, 0x00, 0xda, 0x03, 0x00, 0x86, 0x01, 0x00, 0x00, 0x26, 0x00, 0xd5, 0x03, 0x00, 0xad, 0x02
    .byte 0x00, 0x00, 0x26, 0x00, 0xd4, 0x25, 0x21, 0xfa, 0x21, 0x02, 0x29, 0x00, 0xc9, 0x32, 0x00, 0x01
    .byte 0x00, 0x00, 0x00, 0x14, 0x88, 0xf8, 0x21, 0x02, 0x03, 0x00, 0x2b, 0x00, 0x00, 0x00, 0x26, 0x00
    .byte 0xda, 0x03, 0x00, 0x88, 0x03, 0x00, 0x00, 0x26, 0x00, 0xd5, 0x03, 0x00, 0xd4, 0x01, 0x00, 0x00
    .byte 0x26, 0x00, 0xd4, 0x25, 0x21, 0xfa, 0x21, 0x02, 0x29, 0x00, 0xc9, 0x32, 0x00, 0x02, 0x00, 0x00
    .byte 0x00, 0x14, 0xb6, 0xf8, 0x21, 0x02, 0x03, 0x00, 0x2d, 0x00, 0x00, 0x00, 0x26, 0x00, 0xda, 0x03
    .byte 0x00, 0x90, 0x00, 0x00, 0x00, 0x26, 0x00, 0xd5, 0x03, 0x00, 0x00, 0x01, 0x00, 0x00, 0x26, 0x00
    .byte 0xd4, 0x25, 0x21, 0xfa, 0x21, 0x02, 0x29, 0x00, 0xc9, 0x32, 0x00, 0x03, 0x00, 0x00, 0x00, 0x14
    .byte 0xe4, 0xf8, 0x21, 0x02, 0x03, 0x00, 0x33, 0x00, 0x00, 0x00, 0x26, 0x00, 0xda, 0x03, 0x00, 0x00
    .byte 0x02, 0x00, 0x00, 0x26, 0x00, 0xd5, 0x03, 0x00, 0xa0, 0x02, 0x00, 0x00, 0x26, 0x00, 0xd4, 0x25
    .byte 0x21, 0xfa, 0x21, 0x02, 0x29, 0x00, 0xc9, 0x32, 0x00, 0x04, 0x00, 0x00, 0x00, 0x14, 0x12, 0xf9
    .byte 0x21, 0x02, 0x03, 0x00, 0x3a, 0x00, 0x00, 0x00, 0x26, 0x00, 0xda, 0x03, 0x00, 0x90, 0x03, 0x00
    .byte 0x00, 0x26, 0x00, 0xd5, 0x03, 0x00, 0xe0, 0x01, 0x00, 0x00, 0x26, 0x00, 0xd4, 0x25, 0x21, 0xfa
    .byte 0x21, 0x02, 0x29, 0x00, 0xc9, 0x32, 0x00, 0x05, 0x00, 0x00, 0x00, 0x14, 0x40, 0xf9, 0x21, 0x02
    .byte 0x03, 0x00, 0x3e, 0x00, 0x00, 0x00, 0x26, 0x00, 0xda, 0x03, 0x00, 0x40, 0x01, 0x00, 0x00, 0x26
    .byte 0x00, 0xd5, 0x03, 0x00, 0x70, 0x00, 0x00, 0x00, 0x26, 0x00, 0xd4, 0x25, 0x21, 0xfa, 0x21, 0x02
    .byte 0x29, 0x00, 0xc9, 0x32, 0x00, 0x06, 0x00, 0x00, 0x00, 0x14, 0x6e, 0xf9, 0x21, 0x02, 0x03, 0x00
    .byte 0x6a, 0x00, 0x00, 0x00, 0x26, 0x00, 0xda, 0x03, 0x00, 0xc8, 0x01, 0x00, 0x00, 0x26, 0x00, 0xd5
    .byte 0x03, 0x00, 0x78, 0x02, 0x00, 0x00, 0x26, 0x00, 0xd4, 0x25, 0x21, 0xfa, 0x21, 0x02, 0x29, 0x00
    .byte 0xc9, 0x32, 0x00, 0x07, 0x00, 0x00, 0x00, 0x14, 0x9c, 0xf9, 0x21, 0x02, 0x03, 0x00, 0x71, 0x00
    .byte 0x00, 0x00, 0x26, 0x00, 0xda, 0x03, 0x00, 0xb0, 0x02, 0x00, 0x00, 0x26, 0x00, 0xd5, 0x03, 0x00
    .byte 0x70, 0x02, 0x00, 0x00, 0x26, 0x00, 0xd4, 0x25, 0x21, 0xfa, 0x21, 0x02, 0x29, 0x00, 0xc9, 0x32
    .byte 0x00, 0x08, 0x00, 0x00, 0x00, 0x14, 0xca, 0xf9, 0x21, 0x02, 0x03, 0x00, 0x0d, 0x00, 0x00, 0x00
    .byte 0x26, 0x00, 0xda, 0x03, 0x00, 0xb0, 0x02, 0x00, 0x00, 0x26, 0x00, 0xd5, 0x03, 0x00, 0x80, 0x02
    .byte 0x00, 0x00, 0x26, 0x00, 0xd4, 0x25, 0x21, 0xfa, 0x21, 0x02, 0x29, 0x00, 0xc9, 0x32, 0x00, 0x09
    .byte 0x00, 0x00, 0x00, 0x14, 0xf8, 0xf9, 0x21, 0x02, 0x03, 0x00, 0xa2, 0x00, 0x00, 0x00, 0x26, 0x00
    .byte 0xda, 0x03, 0x00, 0x57, 0x01, 0x00, 0x00, 0x26, 0x00, 0xd5, 0x03, 0x00, 0x4c, 0x02, 0x00, 0x00
    .byte 0x26, 0x00, 0xd4, 0x25, 0x21, 0xfa, 0x21, 0x02, 0x29, 0x00, 0xc9, 0x32, 0x00, 0x0a, 0x00, 0x00
    .byte 0x00, 0x14, 0x21, 0xfa, 0x21, 0x02, 0x03, 0x00, 0x1c, 0x00, 0x00, 0x00, 0x26, 0x00, 0xda, 0x03
    .byte 0x00, 0x7c, 0x03, 0x00, 0x00, 0x26, 0x00, 0xd5, 0x03, 0x00, 0xf8, 0x00, 0x00, 0x00, 0x26, 0x00
    .byte 0xd4, 0x2d, 0xda, 0x2d, 0xd5, 0x2d, 0xd4, 0x20, 0x00, 0x00, 0x15, 0x4a, 0x00, 0x25, 0x5c, 0xfa
    .byte 0x21, 0x02, 0x21, 0xd9, 0x0b, 0x22, 0x02, 0x2c, 0x01, 0x00, 0x00, 0x00, 0x2c, 0x03, 0x00, 0x00
    .byte 0x00, 0x15, 0x4b, 0x2c, 0x03, 0x00, 0x00, 0x00, 0x15, 0x4c, 0x18, 0x70, 0x32, 0x00, 0x00, 0x00
    .byte 0x00, 0x00, 0x13, 0x5c, 0xfa, 0x21, 0x02, 0x01, 0x43, 0xfa, 0x21, 0x02, 0x22, 0x2c, 0x02, 0x00
    .byte 0x00, 0x00, 0x15, 0x07, 0x15, 0x08, 0x20, 0x00, 0x00, 0x15, 0x18, 0x20, 0x00, 0x00, 0x15, 0x19
    .byte 0x2c, 0x01, 0x00, 0x00, 0x00, 0x15, 0x2b, 0x2c, 0x0b, 0x00, 0x00, 0x00, 0x2c, 0x07, 0x00, 0x00
    .byte 0x00, 0x15, 0x47, 0x18, 0x70, 0x15, 0x1f, 0x18, 0x71, 0x23, 0x10, 0x17, 0x00, 0x15, 0x6c, 0x18
    .byte 0x70, 0x30, 0x00, 0x08, 0x00, 0x00, 0x00, 0x14, 0xc6, 0xfa, 0x21, 0x02, 0x2c, 0x0b, 0x00, 0x00
    .byte 0x00, 0x2c, 0x07, 0x00, 0x00, 0x00, 0x15, 0x47, 0x18, 0x70, 0x17, 0x00, 0x15, 0x20, 0x18, 0x70
    .byte 0x17, 0x00, 0x20, 0x00, 0x00, 0x2c, 0x00, 0x0c, 0x00, 0x00, 0x2c, 0x05, 0x00, 0x00, 0x00, 0x20
    .byte 0x00, 0x00, 0x15, 0x1a, 0x15, 0x21, 0x2c, 0x0b, 0x00, 0x00, 0x00, 0x2c, 0x07, 0x00, 0x00, 0x00
    .byte 0x15, 0x47, 0x18, 0x70, 0x17, 0x00, 0x2c, 0x0b, 0x00, 0x00, 0x00, 0x2c, 0x08, 0x00, 0x00, 0x00
    .byte 0x15, 0x47, 0x18, 0x70, 0x05, 0x00, 0x14, 0x00, 0x00, 0x00, 0x17, 0x00, 0x20, 0x00, 0x00, 0x2c
    .byte 0x00, 0x0c, 0x00, 0x00, 0x2c, 0x05, 0x00, 0x00, 0x00, 0x20, 0x00, 0x00, 0x15, 0x1a, 0x15, 0x21
    .byte 0x2c, 0x01, 0x00, 0x00, 0x00, 0x15, 0x25, 0x2c, 0x04, 0x00, 0x00, 0x00, 0x15, 0x75, 0x2c, 0x01
    .byte 0x00, 0x00, 0x00, 0x15, 0x18, 0x2c, 0x01, 0x00, 0x00, 0x00, 0x15, 0x19, 0x2c, 0x0f, 0x00, 0x00
    .byte 0x00, 0x15, 0x07, 0x15, 0x08, 0x00, 0x2c, 0x0b, 0x00, 0x00, 0x00, 0x2c, 0x59, 0xfb, 0x21, 0x02
    .byte 0x15, 0x39, 0x20, 0x00, 0x00, 0x15, 0x2b, 0x20, 0x00, 0x00, 0x2c, 0x02, 0x00, 0x00, 0x00, 0x20
    .byte 0x00, 0x00, 0x2c, 0x01, 0x00, 0x00, 0x00, 0x20, 0x00, 0x00, 0x20, 0x00, 0x00, 0x15, 0x1a, 0x2c
    .byte 0x0b, 0x00, 0x00, 0x00, 0x15, 0x07, 0x15, 0x08, 0x00, 0x2c, 0x02, 0x00, 0x00, 0x00, 0x15, 0x05
    .byte 0x00, 0x2c, 0x0f, 0x00, 0x00, 0x00, 0x15, 0x07, 0x15, 0x08, 0x20, 0x00, 0x00, 0x15, 0x18, 0x20
    .byte 0x00, 0x00, 0x15, 0x19, 0x2c, 0x01, 0x00, 0x00, 0x00, 0x15, 0x2b, 0x15, 0x10, 0x18, 0x70, 0x17
    .byte 0x00, 0x15, 0x11, 0x18, 0x70, 0x05, 0x00, 0x20, 0x00, 0x00, 0x00, 0x17, 0x00, 0x20, 0x00, 0x00
    .byte 0x2c, 0x00, 0x0c, 0x00, 0x00, 0x2c, 0x05, 0x00, 0x00, 0x00, 0x20, 0x00, 0x00, 0x15, 0x1a, 0x15
    .byte 0x21, 0x2c, 0x01, 0x00, 0x00, 0x00, 0x15, 0x25, 0x20, 0x00, 0x00, 0x15, 0x75, 0x2c, 0x0b, 0x00
    .byte 0x00, 0x00, 0x2c, 0xd1, 0xfb, 0x21, 0x02, 0x15, 0x39, 0x2c, 0x01, 0x00, 0x00, 0x00, 0x15, 0x18
    .byte 0x2c, 0x01, 0x00, 0x00, 0x00, 0x15, 0x19, 0x2c, 0x0f, 0x00, 0x00, 0x00, 0x15, 0x07, 0x15, 0x08
    .byte 0x00, 0x20, 0x00, 0x00, 0x15, 0x05, 0x2c, 0x01, 0x00, 0x00, 0x00, 0x15, 0x06, 0x00, 0x2c, 0x0a
    .byte 0x00, 0x00, 0x00, 0x15, 0x07, 0x15, 0x08, 0x20, 0x00, 0x00, 0x15, 0x18, 0x20, 0x00, 0x00, 0x15
    .byte 0x19, 0x20, 0x00, 0x00, 0x15, 0x2b, 0x2c, 0x0f, 0x10, 0x00, 0x00, 0x2c, 0x01, 0x10, 0x00, 0x00
    .byte 0x2c, 0x10, 0x10, 0x00, 0x00, 0x2c, 0x02, 0x00, 0x00, 0x00, 0x2c, 0x0c, 0x00, 0x00, 0x00, 0x15
    .byte 0x73, 0x15, 0x16, 0x2c, 0x14, 0x00, 0x00, 0x00, 0x15, 0x05, 0x03, 0x00, 0x00, 0x00, 0x00, 0x00
    .byte 0x28, 0x00, 0x00, 0x2b, 0x00, 0x00, 0x34, 0x00, 0x2e, 0x00, 0x00, 0x00, 0x14, 0xa0, 0xfc, 0x21
    .byte 0x02, 0x2c, 0x01, 0x00, 0x00, 0x00, 0x15, 0x07, 0x15, 0x08, 0x03, 0x00, 0x20, 0x00, 0x00, 0x00
    .byte 0x2b, 0x01, 0x00, 0x24, 0x01, 0x1e, 0x00, 0x00, 0x00, 0x2b, 0x02, 0x00, 0x24, 0x02, 0x1e, 0x00
    .byte 0x00, 0x00, 0x06, 0x21, 0x07, 0x01, 0x20, 0x00, 0x00, 0x00, 0x09, 0x01, 0x84, 0x03, 0x00, 0x00
    .byte 0x23, 0x10, 0x28, 0x00, 0x01, 0x15, 0x10, 0x18, 0x70, 0x17, 0x00, 0x15, 0x11, 0x18, 0x70, 0x17
    .byte 0x00, 0x2f, 0x01, 0x15, 0x02, 0x2b, 0x00, 0x00, 0x32, 0x00, 0x1e, 0x00, 0x00, 0x00, 0x14, 0x8f
    .byte 0xfc, 0x21, 0x02, 0x2c, 0x19, 0x00, 0x00, 0x00, 0x2c, 0x2c, 0xfd, 0x21, 0x02, 0x15, 0x39, 0x2b
    .byte 0x00, 0x00, 0x05, 0x00, 0x01, 0x00, 0x00, 0x00, 0x28, 0x00, 0x00, 0x25, 0x23, 0xfc, 0x21, 0x02
    .byte 0x2c, 0x0d, 0x10, 0x00, 0x00, 0x2c, 0x01, 0x10, 0x00, 0x00, 0x2c, 0x0e, 0x10, 0x00, 0x00, 0x2c
    .byte 0x02, 0x00, 0x00, 0x00, 0x2c, 0x04, 0x00, 0x00, 0x00, 0x15, 0x73, 0x2c, 0x01, 0x00, 0x00, 0x00
    .byte 0x15, 0x06, 0x2c, 0x01, 0x00, 0x00, 0x00, 0x20, 0x00, 0x00, 0x2c, 0x10, 0x00, 0x00, 0x00, 0x2c
    .byte 0x60, 0x00, 0x00, 0x00, 0x15, 0xd6, 0x20, 0x00, 0x00, 0x20, 0x00, 0x00, 0x2c, 0x60, 0x00, 0x00
    .byte 0x00, 0x2c, 0x50, 0x00, 0x00, 0x00, 0x20, 0x00, 0x00, 0x2c, 0x01, 0x00, 0x00, 0x00, 0x15, 0x1a
    .byte 0x15, 0x21, 0x2c, 0x19, 0x00, 0x00, 0x00, 0x2c, 0x18, 0xfe, 0x21, 0x02, 0x15, 0x39, 0x2c, 0x19
    .byte 0x00, 0x00, 0x00, 0x15, 0x42, 0x18, 0x70, 0x32, 0x00, 0x00, 0x00, 0x00, 0x00, 0x14, 0x17, 0xfd
    .byte 0x21, 0x02, 0x01, 0xfe, 0xfc, 0x21, 0x02, 0x2c, 0x01, 0x00, 0x00, 0x00, 0x15, 0x18, 0x2c, 0x01
    .byte 0x00, 0x00, 0x00, 0x15, 0x19, 0x00, 0x20, 0x00, 0x00, 0x15, 0x09, 0x00, 0x15, 0x1f, 0x18, 0x70
    .byte 0x17, 0x00, 0x15, 0x20, 0x18, 0x70, 0x05, 0x00, 0x01, 0x00, 0x00, 0x00, 0x17, 0x00, 0x15, 0x27
    .byte 0x18, 0x70, 0x17, 0x00, 0x15, 0x02, 0x2c, 0x57, 0x11, 0x00, 0x00, 0x2c, 0x58, 0x11, 0x00, 0x00
    .byte 0x2c, 0x59, 0x11, 0x00, 0x00, 0x2c, 0x02, 0x00, 0x00, 0x00, 0x2c, 0x04, 0x00, 0x00, 0x00, 0x15
    .byte 0x73, 0x2c, 0x04, 0x00, 0x00, 0x00, 0x15, 0x05, 0x20, 0x00, 0x00, 0x15, 0x06, 0x2c, 0x80, 0x00
    .byte 0x00, 0x00, 0x15, 0x17, 0x2c, 0x01, 0x00, 0x00, 0x00, 0x15, 0x09, 0x03, 0x00, 0x00, 0x00, 0x00
    .byte 0x00, 0x28, 0x00, 0x00, 0x2b, 0x00, 0x00, 0x34, 0x00, 0x0e, 0x00, 0x00, 0x00, 0x14, 0xc6, 0xfd
    .byte 0x21, 0x02, 0x15, 0x1f, 0x18, 0x70, 0x17, 0x00, 0x15, 0x20, 0x18, 0x70, 0x05, 0x00, 0x01, 0x00
    .byte 0x00, 0x00, 0x17, 0x00, 0x15, 0x27, 0x18, 0x70, 0x17, 0x00, 0x15, 0x02, 0x2c, 0x01, 0x00, 0x00
    .byte 0x00, 0x15, 0x07, 0x15, 0x08, 0x2b, 0x00, 0x00, 0x05, 0x00, 0x01, 0x00, 0x00, 0x00, 0x28, 0x00
    .byte 0x00, 0x25, 0x84, 0xfd, 0x21, 0x02, 0x2c, 0x54, 0x11, 0x00, 0x00, 0x2c, 0x55, 0x11, 0x00, 0x00
    .byte 0x2c, 0x56, 0x11, 0x00, 0x00, 0x2c, 0x02, 0x00, 0x00, 0x00, 0x2c, 0x04, 0x00, 0x00, 0x00, 0x15
    .byte 0x73, 0x2c, 0x00, 0x01, 0x00, 0x00, 0x15, 0x17, 0x2c, 0x01, 0x00, 0x00, 0x00, 0x15, 0x06, 0x15
    .byte 0x1f, 0x18, 0x70, 0x17, 0x00, 0x15, 0x20, 0x18, 0x70, 0x05, 0x00, 0x01, 0x00, 0x00, 0x00, 0x17
    .byte 0x00, 0x15, 0x27, 0x18, 0x70, 0x17, 0x00, 0x15, 0x02, 0x2c, 0x01, 0x00, 0x00, 0x00, 0x15, 0x07
    .byte 0x15, 0x08, 0x25, 0xef, 0xfd, 0x21, 0x02, 0x00, 0x20, 0x00, 0x00, 0x15, 0x09, 0x00, 0x20, 0x00
    .byte 0x00, 0x20, 0x00, 0x00, 0x2c, 0x10, 0x00, 0x00, 0x00, 0x15, 0x47, 0x18, 0x70, 0x24, 0x00, 0x01
    .byte 0x00, 0x00, 0x00, 0x17, 0x00, 0x15, 0x38, 0x2c, 0x01, 0x00, 0x00, 0x00, 0x15, 0x07, 0x15, 0x08
    .byte 0x25, 0x1e, 0xfe, 0x21, 0x02, 0x00, 0x00, 0x00, 0x20, 0x00, 0x00, 0x15, 0x09, 0x2c, 0x01, 0x00
    .byte 0x00, 0x00, 0x15, 0xd7, 0x2c, 0x02, 0x00, 0x00, 0x00, 0x15, 0xe4, 0x20, 0x00, 0x00, 0x2c, 0x10
    .byte 0x00, 0x00, 0x00, 0x15, 0xd1, 0x2c, 0x01, 0x00, 0x00, 0x00, 0x2c, 0xf0, 0xff, 0xff, 0xff, 0x2c
    .byte 0xf4, 0xff, 0xff, 0xff, 0x2c, 0x10, 0x00, 0x00, 0x00, 0x2c, 0x10, 0x00, 0x00, 0x00, 0x15, 0x5c
    .byte 0x2c, 0x01, 0x00, 0x00, 0x00, 0x2c, 0x8d, 0xfe, 0x21, 0x02, 0x15, 0x29, 0x00, 0x2c, 0x04, 0x00
    .byte 0x00, 0x00, 0x2c, 0x14, 0x03, 0x22, 0x02, 0x15, 0x39, 0x20, 0x00, 0x00, 0x2c, 0xf3, 0xfe, 0x21
    .byte 0x02, 0x15, 0x39, 0x20, 0x00, 0x00, 0x15, 0x42, 0x18, 0x70, 0x32, 0x00, 0x00, 0x00, 0x00, 0x00
    .byte 0x14, 0xba, 0xfe, 0x21, 0x02, 0x01, 0xa3, 0xfe, 0x21, 0x02, 0x2c, 0x01, 0x00, 0x00, 0x00, 0x2c
    .byte 0x00, 0xd6, 0x00, 0x00, 0x15, 0xe0, 0x2c, 0x04, 0x00, 0x00, 0x00, 0x2c, 0x2e, 0x03, 0x22, 0x02
    .byte 0x15, 0x39, 0x2c, 0x8c, 0x00, 0x00, 0x00, 0x2c, 0x80, 0x00, 0x00, 0x00, 0x2c, 0xa0, 0x00, 0x00
    .byte 0x00, 0x20, 0x00, 0x00, 0x15, 0x4a, 0x2c, 0x08, 0x00, 0x00, 0x00, 0x2c, 0x27, 0xe1, 0x21, 0x02
    .byte 0x15, 0x39, 0x00, 0x2c, 0x03, 0x00, 0x00, 0x00, 0x2c, 0x01, 0x00, 0x00, 0x00, 0x20, 0x00, 0x00
    .byte 0x20, 0x00, 0x00, 0x20, 0x00, 0x00, 0x15, 0x4f, 0x20, 0x00, 0x00, 0x15, 0x18, 0x20, 0x00, 0x00
    .byte 0x15, 0x19, 0x2c, 0x05, 0x00, 0x00, 0x00, 0x2c, 0x07, 0x00, 0x00, 0x00, 0x15, 0x47, 0x18, 0x70
    .byte 0x27, 0x00, 0x01, 0x2c, 0x05, 0x00, 0x00, 0x00, 0x2c, 0x08, 0x00, 0x00, 0x00, 0x15, 0x47, 0x18
    .byte 0x70, 0x27, 0x00, 0x02, 0x2c, 0x01, 0x00, 0x00, 0x00, 0x15, 0x2b, 0x2e, 0x01, 0x2e, 0x02, 0x20
    .byte 0x00, 0x00, 0x2c, 0x00, 0x18, 0x00, 0x00, 0x2c, 0x07, 0x00, 0x00, 0x00, 0x20, 0x00, 0x00, 0x15
    .byte 0x1a, 0x15, 0x21, 0x2c, 0x0a, 0x00, 0x00, 0x00, 0x15, 0x07, 0x15, 0x08, 0x2c, 0x08, 0x00, 0x00
    .byte 0x00, 0x15, 0x05, 0x20, 0x00, 0x00, 0x15, 0x55, 0x2c, 0x05, 0x00, 0x00, 0x00, 0x15, 0x07, 0x15
    .byte 0x08, 0x2c, 0x05, 0x00, 0x00, 0x00, 0x2c, 0x3f, 0x00, 0x22, 0x02, 0x15, 0x39, 0x2c, 0x13, 0x10
    .byte 0x00, 0x00, 0x2c, 0x01, 0x10, 0x00, 0x00, 0x2c, 0x14, 0x10, 0x00, 0x00, 0x2c, 0x02, 0x00, 0x00
    .byte 0x00, 0x2c, 0x09, 0x00, 0x00, 0x00, 0x15, 0x73, 0x2c, 0x01, 0x00, 0x00, 0x00, 0x15, 0x06, 0x2c
    .byte 0x00, 0x01, 0x00, 0x00, 0x15, 0x17, 0x2c, 0xff, 0xff, 0xff, 0xff, 0x2c, 0x80, 0x02, 0x00, 0x00
    .byte 0x2c, 0xff, 0xff, 0xff, 0xff, 0x2c, 0xff, 0xff, 0xff, 0xff, 0x2c, 0xff, 0xff, 0xff, 0xff, 0x2c
    .byte 0xff, 0xff, 0xff, 0xff, 0x15, 0x00, 0x2e, 0x01, 0x2a, 0x00, 0x02, 0x05, 0x00, 0x02, 0x00, 0x00
    .byte 0x00, 0x17, 0x00, 0x20, 0x00, 0x00, 0x15, 0x02, 0x2c, 0x01, 0x00, 0x00, 0x00, 0x15, 0x07, 0x15
    .byte 0x08, 0x15, 0x12, 0x18, 0x70, 0x33, 0x00, 0x00, 0x00, 0x00, 0x00, 0x13, 0xf5, 0xff, 0x21, 0x02
    .byte 0x01, 0xe1, 0xff, 0x21, 0x02, 0x2c, 0x00, 0x01, 0x00, 0x00, 0x15, 0x17, 0x2c, 0x05, 0x00, 0x00
    .byte 0x00, 0x2c, 0x08, 0x00, 0x00, 0x00, 0x15, 0x47, 0x18, 0x70, 0x27, 0x00, 0x02, 0x2a, 0x00, 0x02
    .byte 0x33, 0x00, 0xcc, 0x01, 0x00, 0x00, 0x14, 0x3e, 0x00, 0x22, 0x02, 0x2e, 0x01, 0x2e, 0x02, 0x20
    .byte 0x00, 0x00, 0x15, 0x02, 0x2c, 0x01, 0x00, 0x00, 0x00, 0x15, 0x07, 0x15, 0x08, 0x2a, 0x00, 0x02
    .byte 0x05, 0x00, 0x01, 0x00, 0x00, 0x00, 0x27, 0x00, 0x02, 0x25, 0x0d, 0x00, 0x22, 0x02, 0x00, 0x20
    .byte 0x00, 0x00, 0x15, 0x18, 0x20, 0x00, 0x00, 0x15, 0x2b, 0x2c, 0x02, 0x00, 0x00, 0x00, 0x15, 0x07
    .byte 0x15, 0x08, 0x2c, 0xff, 0xff, 0xff, 0xff, 0x2c, 0x00, 0x02, 0x00, 0x00, 0x2c, 0xff, 0xff, 0xff
    .byte 0xff, 0x2c, 0xff, 0xff, 0xff, 0xff, 0x2c, 0xff, 0xff, 0xff, 0xff, 0x2c, 0xff, 0xff, 0xff, 0xff
    .byte 0x15, 0x00, 0x20, 0x00, 0x00, 0x2c, 0x81, 0x3b, 0x00, 0x00, 0x15, 0xe0, 0x2c, 0x01, 0x00, 0x00
    .byte 0x00, 0x15, 0x07, 0x15, 0x08, 0x15, 0x27, 0x18, 0x70, 0x33, 0x00, 0x00, 0x00, 0x00, 0x00, 0x13
    .byte 0x99, 0x00, 0x22, 0x02, 0x01, 0x85, 0x00, 0x22, 0x02, 0x20, 0x00, 0x00, 0x2c, 0x82, 0x3b, 0x00
    .byte 0x00, 0x15, 0xe0, 0x20, 0x00, 0x00, 0x2c, 0x40, 0x00, 0x00, 0x00, 0x20, 0x00, 0x00, 0x2c, 0x00
    .byte 0x14, 0x00, 0x00, 0x2c, 0x06, 0x00, 0x00, 0x00, 0x20, 0x00, 0x00, 0x15, 0x1a, 0x15, 0x21, 0x2c
    .byte 0x14, 0x00, 0x00, 0x00, 0x15, 0x07, 0x15, 0x08, 0x2c, 0x01, 0x00, 0x00, 0x00, 0x15, 0x18, 0x00
    .byte 0x2c, 0x01, 0x00, 0x00, 0x00, 0x2c, 0x80, 0x01, 0x00, 0x00, 0x2c, 0x5b, 0x01, 0x00, 0x00, 0x20
    .byte 0x00, 0x00, 0x20, 0x00, 0x00, 0x15, 0x4f, 0x20, 0x00, 0x00, 0x2c, 0x27, 0xe1, 0x21, 0x02, 0x15
    .byte 0x39, 0x2c, 0x04, 0x00, 0x00, 0x00, 0x2c, 0x14, 0x03, 0x22, 0x02, 0x15, 0x39, 0x20, 0x00, 0x00
    .byte 0x2c, 0x83, 0x3b, 0x00, 0x00, 0x15, 0xe0, 0x2c, 0x0a, 0x00, 0x00, 0x00, 0x20, 0x00, 0x00, 0x15
    .byte 0x9d, 0x18, 0x70, 0x07, 0x00, 0x0c, 0x00, 0x00, 0x00, 0x17, 0x00, 0x15, 0x07, 0x15, 0x08, 0x2c
    .byte 0x05, 0x00, 0x00, 0x00, 0x2c, 0xce, 0x02, 0x22, 0x02, 0x15, 0x39, 0x20, 0x00, 0x00, 0x2c, 0x6c
    .byte 0x01, 0x22, 0x02, 0x15, 0x39, 0x20, 0x00, 0x00, 0x15, 0x42, 0x18, 0x70, 0x32, 0x00, 0x00, 0x00
    .byte 0x00, 0x00, 0x14, 0x4c, 0x01, 0x22, 0x02, 0x01, 0x35, 0x01, 0x22, 0x02, 0x2c, 0x04, 0x00, 0x00
    .byte 0x00, 0x2c, 0x2e, 0x03, 0x22, 0x02, 0x15, 0x39, 0x2c, 0x03, 0x00, 0x00, 0x00, 0x20, 0x00, 0x00
    .byte 0x20, 0x00, 0x00, 0x20, 0x00, 0x00, 0x20, 0x00, 0x00, 0x15, 0x4f, 0x00, 0x20, 0x00, 0x00, 0x15
    .byte 0x09, 0x20, 0x00, 0x00, 0x15, 0x18, 0x2c, 0x05, 0x00, 0x00, 0x00, 0x2c, 0x07, 0x00, 0x00, 0x00
    .byte 0x15, 0x47, 0x18, 0x70, 0x17, 0x00, 0x2c, 0x05, 0x00, 0x00, 0x00, 0x2c, 0x08, 0x00, 0x00, 0x00
    .byte 0x15, 0x47, 0x18, 0x70, 0x17, 0x00, 0x20, 0x00, 0x00, 0x15, 0x02, 0x2c, 0x01, 0x00, 0x00, 0x00
    .byte 0x15, 0x2b, 0x2c, 0x08, 0x00, 0x00, 0x00, 0x15, 0x05, 0x2c, 0x01, 0x00, 0x00, 0x00, 0x15, 0x06
    .byte 0x2c, 0x00, 0x01, 0x00, 0x00, 0x15, 0x17, 0x2c, 0x14, 0x00, 0x00, 0x00, 0x15, 0x07, 0x15, 0x08
    .byte 0x2c, 0x01, 0x00, 0x00, 0x00, 0x15, 0x09, 0x2c, 0x05, 0x00, 0x00, 0x00, 0x2c, 0x07, 0x00, 0x00
    .byte 0x00, 0x15, 0x47, 0x18, 0x70, 0x17, 0x00, 0x2c, 0x05, 0x00, 0x00, 0x00, 0x2c, 0x08, 0x00, 0x00
    .byte 0x00, 0x15, 0x47, 0x18, 0x70, 0x17, 0x00, 0x20, 0x00, 0x00, 0x15, 0x02, 0x2c, 0x05, 0x00, 0x00
    .byte 0x00, 0x2c, 0x08, 0x00, 0x00, 0x00, 0x15, 0x47, 0x18, 0x70, 0x33, 0x00, 0x6f, 0x01, 0x00, 0x00
    .byte 0x14, 0x0a, 0x02, 0x22, 0x02, 0x25, 0x18, 0x02, 0x22, 0x02, 0x2c, 0x01, 0x00, 0x00, 0x00, 0x15
    .byte 0x07, 0x15, 0x08, 0x25, 0xc7, 0x01, 0x22, 0x02, 0x2c, 0x13, 0x10, 0x00, 0x00, 0x2c, 0x01, 0x10
    .byte 0x00, 0x00, 0x2c, 0x14, 0x10, 0x00, 0x00, 0x2c, 0x02, 0x00, 0x00, 0x00, 0x2c, 0x09, 0x00, 0x00
    .byte 0x00, 0x15, 0x73, 0x2c, 0xff, 0xff, 0xff, 0xff, 0x2c, 0x0a, 0x00, 0x00, 0x00, 0x20, 0x00, 0x00
    .byte 0x15, 0x9d, 0x18, 0x70, 0x07, 0x00, 0x40, 0x00, 0x00, 0x00, 0x17, 0x00, 0x2c, 0xff, 0xff, 0xff
    .byte 0xff, 0x2c, 0xff, 0xff, 0xff, 0xff, 0x2c, 0xff, 0xff, 0xff, 0xff, 0x2c, 0xff, 0xff, 0xff, 0xff
    .byte 0x15, 0x00, 0x2c, 0x05, 0x00, 0x00, 0x00, 0x15, 0x07, 0x15, 0x08, 0x2c, 0x01, 0x00, 0x00, 0x00
    .byte 0x15, 0x2b, 0x2c, 0x09, 0x00, 0x00, 0x00, 0x15, 0x05, 0x2c, 0x00, 0x01, 0x00, 0x00, 0x15, 0x17
    .byte 0x2c, 0x01, 0x00, 0x00, 0x00, 0x15, 0x07, 0x15, 0x08, 0x15, 0x12, 0x18, 0x70, 0x33, 0x00, 0x00
    .byte 0x00, 0x00, 0x00, 0x13, 0x9d, 0x02, 0x22, 0x02, 0x01, 0x89, 0x02, 0x22, 0x02, 0x20, 0x00, 0x00
    .byte 0x15, 0x75, 0x2c, 0x09, 0x10, 0x00, 0x00, 0x2c, 0x01, 0x10, 0x00, 0x00, 0x2c, 0x0a, 0x10, 0x00
    .byte 0x00, 0x2c, 0x02, 0x00, 0x00, 0x00, 0x2c, 0x14, 0x00, 0x00, 0x00, 0x15, 0x73, 0x2c, 0x14, 0x00
    .byte 0x00, 0x00, 0x15, 0x05, 0x15, 0x16, 0x2c, 0x01, 0x00, 0x00, 0x00, 0x15, 0x18, 0x00, 0x20, 0x00
    .byte 0x00, 0x15, 0x18, 0x20, 0x00, 0x00, 0x15, 0x2b, 0x20, 0x00, 0x00, 0x2c, 0xb0, 0xff, 0xff, 0xff
    .byte 0x20, 0x00, 0x00, 0x2c, 0x00, 0x14, 0x00, 0x00, 0x2c, 0x06, 0x00, 0x00, 0x00, 0x20, 0x00, 0x00
    .byte 0x15, 0x1a, 0x15, 0x21, 0x2c, 0x01, 0x00, 0x00, 0x00, 0x2c, 0x83, 0x3b, 0x00, 0x00, 0x15, 0xe0
    .byte 0x20, 0x00, 0x00, 0x2c, 0x81, 0x3b, 0x00, 0x00, 0x15, 0xe0, 0x2c, 0x14, 0x00, 0x00, 0x00, 0x15
    .byte 0x07, 0x15, 0x08, 0x00, 0x20, 0x00, 0x00, 0x20, 0x00, 0x00, 0x2c, 0x10, 0x00, 0x00, 0x00, 0x15
    .byte 0x47, 0x18, 0x70, 0x24, 0x00, 0x01, 0x00, 0x00, 0x00, 0x17, 0x00, 0x15, 0x38, 0x00, 0x20, 0x00
    .byte 0x00, 0x20, 0x00, 0x00, 0x2c, 0x10, 0x00, 0x00, 0x00, 0x15, 0x47, 0x18, 0x70, 0x05, 0x00, 0x01
    .byte 0x00, 0x00, 0x00, 0x17, 0x00, 0x15, 0x38, 0x00, 0x2c, 0x38, 0x00, 0x00, 0x00, 0x15, 0x1b, 0x2c
    .byte 0x80, 0x01, 0x00, 0x00, 0x2c, 0xbf, 0x01, 0x00, 0x00, 0x20, 0x00, 0x00, 0x15, 0x02, 0x00, 0x2c
    .byte 0x80, 0x01, 0x00, 0x00, 0x2c, 0x72, 0x01, 0x00, 0x00, 0x20, 0x00, 0x00, 0x15, 0x02, 0x2c, 0x04
    .byte 0x00, 0x00, 0x00, 0x15, 0x75, 0x2c, 0x01, 0x00, 0x00, 0x00, 0x15, 0x06, 0x00, 0x2c, 0x38, 0x00
    .byte 0x00, 0x00, 0x15, 0x1b, 0x2c, 0x80, 0x01, 0x00, 0x00, 0x2c, 0x70, 0x01, 0x00, 0x00, 0x20, 0x00
    .byte 0x00, 0x15, 0x02, 0x00, 0x2c, 0x80, 0x01, 0x00, 0x00, 0x2c, 0x56, 0x01, 0x00, 0x00, 0x20, 0x00
    .byte 0x00, 0x15, 0x02, 0x2c, 0x04, 0x00, 0x00, 0x00, 0x15, 0x75, 0x2c, 0x01, 0x00, 0x00, 0x00, 0x15
    .byte 0x06, 0x00, 0x2c, 0xec, 0x0b, 0x00, 0x00, 0x15, 0x37, 0x18, 0x70, 0x32, 0x00, 0x01, 0x00, 0x00
    .byte 0x00, 0x14, 0xd4, 0x03, 0x22, 0x02, 0x03, 0x00, 0x0c, 0x00, 0x00, 0x00, 0x26, 0x00, 0x71, 0x25
    .byte 0x45, 0x05, 0x22, 0x02, 0x2c, 0xeb, 0x0b, 0x00, 0x00, 0x15, 0x37, 0x18, 0x70, 0x32, 0x00, 0x01
    .byte 0x00, 0x00, 0x00, 0x14, 0xf6, 0x03, 0x22, 0x02, 0x03, 0x00, 0x0b, 0x00, 0x00, 0x00, 0x26, 0x00
    .byte 0x71, 0x25, 0x45, 0x05, 0x22, 0x02, 0x2c, 0xea, 0x0b, 0x00, 0x00, 0x15, 0x37, 0x18, 0x70, 0x32
    .byte 0x00, 0x01, 0x00, 0x00, 0x00, 0x14, 0x18, 0x04, 0x22, 0x02, 0x03, 0x00, 0x0a, 0x00, 0x00, 0x00
    .byte 0x26, 0x00, 0x71, 0x25, 0x45, 0x05, 0x22, 0x02, 0x2c, 0xe9, 0x0b, 0x00, 0x00, 0x15, 0x37, 0x18
    .byte 0x70, 0x32, 0x00, 0x01, 0x00, 0x00, 0x00, 0x14, 0x3a, 0x04, 0x22, 0x02, 0x03, 0x00, 0x09, 0x00
    .byte 0x00, 0x00, 0x26, 0x00, 0x71, 0x25, 0x45, 0x05, 0x22, 0x02, 0x2c, 0xe8, 0x0b, 0x00, 0x00, 0x15
    .byte 0x37, 0x18, 0x70, 0x32, 0x00, 0x01, 0x00, 0x00, 0x00, 0x14, 0x5c, 0x04, 0x22, 0x02, 0x03, 0x00
    .byte 0x08, 0x00, 0x00, 0x00, 0x26, 0x00, 0x71, 0x25, 0x45, 0x05, 0x22, 0x02, 0x2c, 0xe7, 0x0b, 0x00
    .byte 0x00, 0x15, 0x37, 0x18, 0x70, 0x32, 0x00, 0x01, 0x00, 0x00, 0x00, 0x14, 0x7e, 0x04, 0x22, 0x02
    .byte 0x03, 0x00, 0x07, 0x00, 0x00, 0x00, 0x26, 0x00, 0x71, 0x25, 0x45, 0x05, 0x22, 0x02, 0x2c, 0xe6
    .byte 0x0b, 0x00, 0x00, 0x15, 0x37, 0x18, 0x70, 0x32, 0x00, 0x01, 0x00, 0x00, 0x00, 0x14, 0xa0, 0x04
    .byte 0x22, 0x02, 0x03, 0x00, 0x06, 0x00, 0x00, 0x00, 0x26, 0x00, 0x71, 0x25, 0x45, 0x05, 0x22, 0x02
    .byte 0x2c, 0xe5, 0x0b, 0x00, 0x00, 0x15, 0x37, 0x18, 0x70, 0x32, 0x00, 0x01, 0x00, 0x00, 0x00, 0x14
    .byte 0xc2, 0x04, 0x22, 0x02, 0x03, 0x00, 0x05, 0x00, 0x00, 0x00, 0x26, 0x00, 0x71, 0x25, 0x45, 0x05
    .byte 0x22, 0x02, 0x2c, 0xe4, 0x0b, 0x00, 0x00, 0x15, 0x37, 0x18, 0x70, 0x32, 0x00, 0x01, 0x00, 0x00
    .byte 0x00, 0x14, 0xe4, 0x04, 0x22, 0x02, 0x03, 0x00, 0x04, 0x00, 0x00, 0x00, 0x26, 0x00, 0x71, 0x25
    .byte 0x45, 0x05, 0x22, 0x02, 0x2c, 0xe3, 0x0b, 0x00, 0x00, 0x15, 0x37, 0x18, 0x70, 0x32, 0x00, 0x01
    .byte 0x00, 0x00, 0x00, 0x14, 0x06, 0x05, 0x22, 0x02, 0x03, 0x00, 0x03, 0x00, 0x00, 0x00, 0x26, 0x00
    .byte 0x71, 0x25, 0x45, 0x05, 0x22, 0x02, 0x2c, 0xe2, 0x0b, 0x00, 0x00, 0x15, 0x37, 0x18, 0x70, 0x32
    .byte 0x00, 0x01, 0x00, 0x00, 0x00, 0x14, 0x28, 0x05, 0x22, 0x02, 0x03, 0x00, 0x02, 0x00, 0x00, 0x00
    .byte 0x26, 0x00, 0x71, 0x25, 0x45, 0x05, 0x22, 0x02, 0x2c, 0xe1, 0x0b, 0x00, 0x00, 0x15, 0x37, 0x18
    .byte 0x70, 0x32, 0x00, 0x01, 0x00, 0x00, 0x00, 0x14, 0x45, 0x05, 0x22, 0x02, 0x03, 0x00, 0x01, 0x00
    .byte 0x00, 0x00, 0x26, 0x00, 0x71, 0x2c, 0x06, 0x00, 0x00, 0x00, 0x20, 0x00, 0x00, 0x20, 0x00, 0x00
    .byte 0x20, 0x00, 0x00, 0x20, 0x00, 0x00, 0x20, 0x00, 0x00, 0x20, 0x00, 0x00, 0x15, 0x53, 0x22, 0x2c
    .byte 0x02, 0x00, 0x00, 0x00, 0x20, 0x00, 0x00, 0x20, 0x00, 0x00, 0x15, 0xce, 0x2c, 0x01, 0x00, 0x00
    .byte 0x00, 0x15, 0x07, 0x15, 0x08, 0x2c, 0xd2, 0x03, 0x00, 0x00, 0x15, 0x37, 0x18, 0x70, 0x32, 0x00
    .byte 0x00, 0x00, 0x00, 0x00, 0x14, 0x8e, 0x05, 0x22, 0x02, 0x25, 0x93, 0x05, 0x22, 0x02, 0x25, 0x6c
    .byte 0x05, 0x22, 0x02, 0x2c, 0x0d, 0x00, 0x00, 0x00, 0x2c, 0x1f, 0xe1, 0x21, 0x02, 0x15, 0x39, 0x2c
    .byte 0x04, 0x00, 0x00, 0x00, 0x20, 0x00, 0x00, 0x2c, 0x01, 0x00, 0x00, 0x00, 0x20, 0x00, 0x00, 0x20
    .byte 0x00, 0x00, 0x20, 0x00, 0x00, 0x15, 0xbd, 0x2c, 0xcf, 0x03, 0x00, 0x00, 0x15, 0x35, 0x2c, 0x01
    .byte 0x00, 0x00, 0x00, 0x15, 0x07, 0x15, 0x08, 0x2c, 0xd2, 0x03, 0x00, 0x00, 0x15, 0x37, 0x18, 0x70
    .byte 0x32, 0x00, 0x00, 0x00, 0x00, 0x00, 0x14, 0xe0, 0x05, 0x22, 0x02, 0x25, 0xe5, 0x05, 0x22, 0x02
    .byte 0x25, 0xbe, 0x05, 0x22, 0x02, 0x22, 0x2c, 0xd0, 0x03, 0x00, 0x00, 0x15, 0x35, 0x2c, 0x01, 0x00
    .byte 0x00, 0x00, 0x15, 0x07, 0x15, 0x08, 0x2c, 0xd2, 0x03, 0x00, 0x00, 0x15, 0x37, 0x18, 0x70, 0x32
    .byte 0x00, 0x00, 0x00, 0x00, 0x00, 0x14, 0x0f, 0x06, 0x22, 0x02, 0x25, 0x14, 0x06, 0x22, 0x02, 0x25
    .byte 0xed, 0x05, 0x22, 0x02, 0x2c, 0x0d, 0x00, 0x00, 0x00, 0x2c, 0x27, 0xe1, 0x21, 0x02, 0x15, 0x39
    .byte 0x2c, 0x04, 0x00, 0x00, 0x00, 0x20, 0x00, 0x00, 0x20, 0x00, 0x00, 0x20, 0x00, 0x00, 0x20, 0x00
    .byte 0x00, 0x20, 0x00, 0x00, 0x15, 0xbd, 0x2c, 0xd1, 0x03, 0x00, 0x00, 0x15, 0x35, 0x2c, 0x01, 0x00
    .byte 0x00, 0x00, 0x15, 0x07, 0x15, 0x08, 0x2c, 0xd2, 0x03, 0x00, 0x00, 0x15, 0x37, 0x18, 0x70, 0x32
    .byte 0x00, 0x00, 0x00, 0x00, 0x00, 0x14, 0x5f, 0x06, 0x22, 0x02, 0x25, 0x64, 0x06, 0x22, 0x02, 0x25
    .byte 0x3d, 0x06, 0x22, 0x02, 0x22, 0x03, 0x00, 0x01, 0x00, 0x00, 0x00, 0x32, 0x00, 0x01, 0x00, 0x00
    .byte 0x00, 0x14, 0xae, 0x06, 0x22, 0x02, 0x2c, 0x12, 0x00, 0x00, 0x00, 0x2c, 0x03, 0x00, 0x00, 0x00
    .byte 0x2c, 0xff, 0x7d, 0x00, 0x00, 0x15, 0xce, 0x2c, 0x12, 0x00, 0x00, 0x00, 0x2c, 0x04, 0x00, 0x00
    .byte 0x00, 0x2c, 0x1f, 0x00, 0x00, 0x00, 0x15, 0xce, 0x2c, 0x12, 0x00, 0x00, 0x00, 0x2c, 0x07, 0x00
    .byte 0x00, 0x00, 0x2c, 0x1f, 0x7c, 0x00, 0x00, 0x15, 0xce, 0x25, 0xbb, 0x06, 0x22, 0x02, 0x2c, 0x13
    .byte 0x00, 0x00, 0x00, 0x20, 0x00, 0x00, 0x20, 0x00, 0x00, 0x15, 0xce, 0x20, 0x00, 0x00, 0x15, 0x07
    .byte 0x15, 0x08, 0x2c, 0x0a, 0x00, 0x00, 0x00, 0x15, 0x07, 0x15, 0x08, 0x20, 0x00, 0x00, 0x20, 0x00
    .byte 0x00, 0x20, 0x00, 0x00, 0x15, 0xba, 0x15, 0x8f, 0x2c, 0x3c, 0x00, 0x00, 0x00, 0x15, 0x07, 0x15
    .byte 0x08, 0x2c, 0x02, 0x00, 0x00, 0x00, 0x20, 0x00, 0x00, 0x20, 0x00, 0x00, 0x15, 0xce, 0x2c, 0x06
    .byte 0x00, 0x00, 0x00, 0x2c, 0x02, 0x00, 0x00, 0x00, 0x15, 0xe0, 0x2c, 0xd2, 0x03, 0x00, 0x00, 0x15
    .byte 0x37, 0x18, 0x70, 0x32, 0x00, 0x00, 0x00, 0x00, 0x00, 0x13, 0x13, 0x07, 0x22, 0x02, 0x01, 0xfa
    .byte 0x06, 0x22, 0x02, 0x22, 0x2c, 0xf5, 0x03, 0x00, 0x00, 0x15, 0x35, 0x03, 0x00, 0x01, 0x00, 0x00
    .byte 0x00, 0x32, 0x00, 0x01, 0x00, 0x00, 0x00, 0x14, 0x64, 0x07, 0x22, 0x02, 0x2c, 0x12, 0x00, 0x00
    .byte 0x00, 0x2c, 0x03, 0x00, 0x00, 0x00, 0x2c, 0xff, 0x7d, 0x00, 0x00, 0x15, 0xce, 0x2c, 0x12, 0x00
    .byte 0x00, 0x00, 0x2c, 0x04, 0x00, 0x00, 0x00, 0x2c, 0x1f, 0x00, 0x00, 0x00, 0x15, 0xce, 0x2c, 0x12
    .byte 0x00, 0x00, 0x00, 0x2c, 0x07, 0x00, 0x00, 0x00, 0x2c, 0x1f, 0x7c, 0x00, 0x00, 0x15, 0xce, 0x25
    .byte 0x71, 0x07, 0x22, 0x02, 0x2c, 0x13, 0x00, 0x00, 0x00, 0x20, 0x00, 0x00, 0x20, 0x00, 0x00, 0x15
    .byte 0xce, 0x20, 0x00, 0x00, 0x15, 0x07, 0x15, 0x08, 0x2c, 0x3c, 0x00, 0x00, 0x00, 0x15, 0x07, 0x15
    .byte 0x08, 0x20, 0x00, 0x00, 0x20, 0x00, 0x00, 0x20, 0x00, 0x00, 0x15, 0xba, 0x15, 0x8f, 0x2c, 0x3c
    .byte 0x00, 0x00, 0x00, 0x15, 0x07, 0x15, 0x08, 0x2c, 0x02, 0x00, 0x00, 0x00, 0x20, 0x00, 0x00, 0x20
    .byte 0x00, 0x00, 0x15, 0xce, 0x2c, 0x06, 0x00, 0x00, 0x00, 0x2c, 0x02, 0x00, 0x00, 0x00, 0x15, 0xe0
    .byte 0x2c, 0xd2, 0x03, 0x00, 0x00, 0x15, 0x37, 0x18, 0x70, 0x32, 0x00, 0x00, 0x00, 0x00, 0x00, 0x13
    .byte 0xc9, 0x07, 0x22, 0x02, 0x01, 0xb0, 0x07, 0x22, 0x02, 0x22, 0x2c, 0xcf, 0x03, 0x00, 0x00, 0x15
    .byte 0x35, 0x2c, 0x01, 0x00, 0x00, 0x00, 0x15, 0x07, 0x15, 0x08, 0x2c, 0x06, 0x00, 0x00, 0x00, 0x2c
    .byte 0x01, 0x00, 0x00, 0x00, 0x15, 0xe0, 0x2c, 0xd2, 0x03, 0x00, 0x00, 0x15, 0x37, 0x18, 0x70, 0x32
    .byte 0x00, 0x00, 0x00, 0x00, 0x00, 0x13, 0xff, 0x07, 0x22, 0x02, 0x01, 0xe6, 0x07, 0x22, 0x02, 0x22
    .byte 0x2c, 0xd0, 0x03, 0x00, 0x00, 0x15, 0x35, 0x2c, 0x01, 0x00, 0x00, 0x00, 0x15, 0x07, 0x15, 0x08
    .byte 0x2c, 0x06, 0x00, 0x00, 0x00, 0x2c, 0x02, 0x00, 0x00, 0x00, 0x15, 0xe0, 0x2c, 0xd2, 0x03, 0x00
    .byte 0x00, 0x15, 0x37, 0x18, 0x70, 0x32, 0x00, 0x00, 0x00, 0x00, 0x00, 0x13, 0x35, 0x08, 0x22, 0x02
    .byte 0x01, 0x1c, 0x08, 0x22, 0x02, 0x22, 0x2c, 0xd1, 0x03, 0x00, 0x00, 0x15, 0x35, 0x2c, 0x01, 0x00
    .byte 0x00, 0x00, 0x15, 0x07, 0x15, 0x08, 0x2c, 0x06, 0x00, 0x00, 0x00, 0x2c, 0x01, 0x00, 0x00, 0x00
    .byte 0x15, 0xe0, 0x2c, 0xd2, 0x03, 0x00, 0x00, 0x15, 0x37, 0x18, 0x70, 0x32, 0x00, 0x00, 0x00, 0x00
    .byte 0x00, 0x13, 0x6b, 0x08, 0x22, 0x02, 0x01, 0x52, 0x08, 0x22, 0x02, 0x15, 0x8e, 0x2c, 0x3c, 0x00
    .byte 0x00, 0x00, 0x15, 0x07, 0x15, 0x08, 0x2c, 0x01, 0x00, 0x00, 0x00, 0x2c, 0xfa, 0x00, 0x00, 0x00
    .byte 0x2c, 0x1e, 0x00, 0x00, 0x00, 0x15, 0xba, 0x2c, 0xf5, 0x03, 0x00, 0x00, 0x15, 0x36, 0x03, 0x00
    .byte 0x00, 0x00, 0x00, 0x00, 0x32, 0x00, 0x01, 0x00, 0x00, 0x00, 0x14, 0xd7, 0x08, 0x22, 0x02, 0x2c
    .byte 0x12, 0x00, 0x00, 0x00, 0x2c, 0x03, 0x00, 0x00, 0x00, 0x2c, 0xff, 0x7d, 0x00, 0x00, 0x15, 0xce
    .byte 0x2c, 0x12, 0x00, 0x00, 0x00, 0x2c, 0x04, 0x00, 0x00, 0x00, 0x2c, 0x1f, 0x00, 0x00, 0x00, 0x15
    .byte 0xce, 0x2c, 0x12, 0x00, 0x00, 0x00, 0x2c, 0x07, 0x00, 0x00, 0x00, 0x2c, 0x1f, 0x7c, 0x00, 0x00
    .byte 0x15, 0xce, 0x25, 0xe4, 0x08, 0x22, 0x02, 0x2c, 0x13, 0x00, 0x00, 0x00, 0x20, 0x00, 0x00, 0x20
    .byte 0x00, 0x00, 0x15, 0xce, 0x20, 0x00, 0x00, 0x15, 0x07, 0x15, 0x08, 0x22, 0x20, 0x00, 0x00, 0x15
    .byte 0x06, 0x2c, 0x1e, 0x00, 0x00, 0x00, 0x15, 0x07, 0x15, 0x08, 0x2c, 0x0f, 0x10, 0x00, 0x00, 0x2c
    .byte 0x01, 0x10, 0x00, 0x00, 0x2c, 0x10, 0x10, 0x00, 0x00, 0x2c, 0x02, 0x00, 0x00, 0x00, 0x2c, 0x24
    .byte 0x00, 0x00, 0x00, 0x15, 0x73, 0x2c, 0x00, 0x01, 0x00, 0x00, 0x15, 0x17, 0x2c, 0x24, 0x00, 0x00
    .byte 0x00, 0x15, 0x05, 0x20, 0x00, 0x00, 0x2c, 0x49, 0x00, 0x00, 0x00, 0x15, 0xe0, 0x15, 0x16, 0x2c
    .byte 0x24, 0x00, 0x00, 0x00, 0x15, 0x05, 0x15, 0x16, 0x2c, 0x14, 0x00, 0x00, 0x00, 0x15, 0x07, 0x15
    .byte 0x08, 0x00, 0x15, 0x8f, 0x2c, 0x0b, 0x00, 0x00, 0x00, 0x20, 0x00, 0x00, 0x15, 0x9d, 0x18, 0x70
    .byte 0x28, 0x00, 0x00, 0x2b, 0x00, 0x00, 0x32, 0x00, 0x02, 0x00, 0x00, 0x00, 0x14, 0x92, 0x09, 0x22
    .byte 0x02, 0x15, 0x8b, 0x18, 0x70, 0x32, 0x00, 0x00, 0x00, 0x00, 0x00, 0x13, 0x75, 0x09, 0x22, 0x02
    .byte 0x01, 0x61, 0x09, 0x22, 0x02, 0x2c, 0x39, 0x08, 0x00, 0x00, 0x20, 0x00, 0x00, 0x2c, 0x01, 0x00
    .byte 0x00, 0x00, 0x15, 0xea, 0x2c, 0x01, 0x00, 0x00, 0x00, 0x15, 0x07, 0x15, 0x08, 0x25, 0xfd, 0x09
    .byte 0x22, 0x02, 0x2b, 0x00, 0x00, 0x32, 0x00, 0x01, 0x00, 0x00, 0x00, 0x14, 0xd1, 0x09, 0x22, 0x02
    .byte 0x15, 0x8b, 0x18, 0x70, 0x32, 0x00, 0x00, 0x00, 0x00, 0x00, 0x13, 0xb4, 0x09, 0x22, 0x02, 0x01
    .byte 0xa0, 0x09, 0x22, 0x02, 0x2c, 0x38, 0x08, 0x00, 0x00, 0x20, 0x00, 0x00, 0x2c, 0x01, 0x00, 0x00
    .byte 0x00, 0x15, 0xea, 0x2c, 0x01, 0x00, 0x00, 0x00, 0x15, 0x07, 0x15, 0x08, 0x25, 0xfd, 0x09, 0x22
    .byte 0x02, 0x15, 0x8b, 0x18, 0x70, 0x32, 0x00, 0x00, 0x00, 0x00, 0x00, 0x13, 0xe5, 0x09, 0x22, 0x02
    .byte 0x01, 0xd1, 0x09, 0x22, 0x02, 0x2c, 0x37, 0x08, 0x00, 0x00, 0x20, 0x00, 0x00, 0x2c, 0x01, 0x00
    .byte 0x00, 0x00, 0x15, 0xea, 0x2c, 0x01, 0x00, 0x00, 0x00, 0x15, 0x07, 0x15, 0x08, 0x15, 0x8e, 0x22
    .byte 0x2c, 0x05, 0x10, 0x00, 0x00, 0x2c, 0x01, 0x10, 0x00, 0x00, 0x2c, 0x06, 0x10, 0x00, 0x00, 0x2c
    .byte 0x02, 0x00, 0x00, 0x00, 0x2c, 0x0a, 0x00, 0x00, 0x00, 0x15, 0x73, 0x2c, 0x0a, 0x00, 0x00, 0x00
    .byte 0x15, 0x05, 0x2c, 0x01, 0x00, 0x00, 0x00, 0x15, 0x06, 0x00, 0x2c, 0x00, 0x10, 0x00, 0x00, 0x2c
    .byte 0x01, 0x10, 0x00, 0x00, 0x2c, 0x02, 0x10, 0x00, 0x00, 0x2c, 0x02, 0x00, 0x00, 0x00, 0x2c, 0x0a
    .byte 0x00, 0x00, 0x00, 0x15, 0x73, 0x2c, 0x04, 0x00, 0x00, 0x00, 0x15, 0x05, 0x20, 0x00, 0x00, 0x15
    .byte 0x55, 0x00, 0x2c, 0x05, 0x10, 0x00, 0x00, 0x2c, 0x01, 0x10, 0x00, 0x00, 0x2c, 0x06, 0x10, 0x00
    .byte 0x00, 0x2c, 0x02, 0x00, 0x00, 0x00, 0x2c, 0x0a, 0x00, 0x00, 0x00, 0x15, 0x73, 0x2c, 0x0a, 0x00
    .byte 0x00, 0x00, 0x15, 0x05, 0x15, 0x16, 0x2c, 0x0a, 0x00, 0x00, 0x00, 0x15, 0x05, 0x15, 0x16, 0x2c
    .byte 0x0a, 0x00, 0x00, 0x00, 0x15, 0x05, 0x15, 0x16, 0x2c, 0x2d, 0x00, 0x00, 0x00, 0x15, 0x07, 0x15
    .byte 0x08, 0x2c, 0x00, 0x10, 0x00, 0x00, 0x2c, 0x01, 0x10, 0x00, 0x00, 0x2c, 0x02, 0x10, 0x00, 0x00
    .byte 0x2c, 0x02, 0x00, 0x00, 0x00, 0x2c, 0x0a, 0x00, 0x00, 0x00, 0x15, 0x73, 0x2c, 0x04, 0x00, 0x00
    .byte 0x00, 0x15, 0x05, 0x20, 0x00, 0x00, 0x15, 0x55, 0x00, 0x29, 0x00, 0xfd, 0x32, 0x00, 0x00, 0x00
    .byte 0x00, 0x00, 0x14, 0x01, 0x0b, 0x22, 0x02, 0x2c, 0x04, 0x00, 0x00, 0x00, 0x2c, 0x06, 0x00, 0x00
    .byte 0x00, 0x15, 0x9d, 0x2c, 0x0c, 0x00, 0x00, 0x00, 0x2c, 0x06, 0x00, 0x00, 0x00, 0x15, 0x9d, 0x03
    .byte 0x00, 0x06, 0x00, 0x00, 0x00, 0x26, 0x00, 0xc1, 0x03, 0x00, 0x06, 0x00, 0x00, 0x00, 0x26, 0x00
    .byte 0x71, 0x2c, 0xed, 0x0b, 0x00, 0x00, 0x15, 0x35, 0x03, 0x00, 0x99, 0x00, 0x00, 0x00, 0x26, 0x00
    .byte 0xfd, 0x2c, 0x92, 0x03, 0x00, 0x00, 0x15, 0x35, 0x2c, 0x8b, 0x03, 0x00, 0x00, 0x15, 0x35, 0x20
    .byte 0x00, 0x00, 0x2c, 0xff, 0xff, 0xff, 0xff, 0x2c, 0xff, 0xff, 0xff, 0xff, 0x15, 0xdd, 0x18, 0x70
    .byte 0x14, 0x3e, 0x0b, 0x22, 0x02, 0x2c, 0x06, 0x00, 0x00, 0x00, 0x20, 0x00, 0x00, 0x2c, 0xff, 0xff
    .byte 0xff, 0xff, 0x2c, 0xff, 0xff, 0xff, 0xff, 0x2c, 0xff, 0xff, 0xff, 0xff, 0x15, 0xdc, 0x21, 0xd9
    .byte 0x0b, 0x22, 0x02, 0x2c, 0x08, 0x00, 0x00, 0x00, 0x2c, 0xb2, 0xed, 0x21, 0x02, 0x15, 0x39, 0x20
    .byte 0x00, 0x00, 0x2c, 0x00, 0xd6, 0x00, 0x00, 0x15, 0xe0, 0x29, 0x00, 0xfd, 0x32, 0x00, 0x8c, 0x00
    .byte 0x00, 0x00, 0x14, 0x8e, 0x0b, 0x22, 0x02, 0x2c, 0x05, 0x00, 0x00, 0x00, 0x2c, 0x48, 0x03, 0x22
    .byte 0x02, 0x15, 0x39, 0x20, 0x00, 0x00, 0x2c, 0x5f, 0x03, 0x22, 0x02, 0x15, 0x39, 0x2c, 0x03, 0x00
    .byte 0x00, 0x00, 0x2c, 0xd0, 0x00, 0x22, 0x02, 0x15, 0x29, 0x25, 0xcf, 0x0b, 0x22, 0x02, 0x29, 0x00
    .byte 0xfd, 0x32, 0x00, 0x99, 0x00, 0x00, 0x00, 0x14, 0xc3, 0x0b, 0x22, 0x02, 0x2c, 0x05, 0x00, 0x00
    .byte 0x00, 0x2c, 0x7d, 0x03, 0x22, 0x02, 0x15, 0x39, 0x20, 0x00, 0x00, 0x2c, 0x94, 0x03, 0x22, 0x02
    .byte 0x15, 0x39, 0x2c, 0x03, 0x00, 0x00, 0x00, 0x2c, 0x30, 0x13, 0x22, 0x02, 0x15, 0x29, 0x25, 0xcf
    .byte 0x0b, 0x22, 0x02, 0x2c, 0x05, 0x00, 0x00, 0x00, 0x2c, 0x7d, 0x03, 0x22, 0x02, 0x15, 0x39, 0x2c
    .byte 0x05, 0x00, 0x00, 0x00, 0x15, 0x07, 0x15, 0x08, 0x00, 0x2c, 0x02, 0x00, 0x00, 0x00, 0x20, 0x00
    .byte 0x00, 0x15, 0xd9, 0x2c, 0x03, 0x00, 0x00, 0x00, 0x2c, 0x06, 0x00, 0x00, 0x00, 0x20, 0x00, 0x00
    .byte 0x15, 0xce, 0x20, 0x00, 0x00, 0x20, 0x00, 0x00, 0x20, 0x00, 0x00, 0x2c, 0x02, 0x00, 0x00, 0x00
    .byte 0x2c, 0x04, 0x00, 0x00, 0x00, 0x20, 0x00, 0x00, 0x15, 0xbd, 0x2c, 0x02, 0x00, 0x00, 0x00, 0x20
    .byte 0x00, 0x00, 0x2c, 0x3c, 0x90, 0x00, 0x00, 0x2c, 0x3d, 0x90, 0x00, 0x00, 0x2c, 0x40, 0x90, 0x00
    .byte 0x00, 0x20, 0x00, 0x00, 0x15, 0xbd, 0x2c, 0x04, 0x00, 0x00, 0x00, 0x20, 0x00, 0x00, 0x20, 0x00
    .byte 0x00, 0x20, 0x00, 0x00, 0x20, 0x00, 0x00, 0x20, 0x00, 0x00, 0x15, 0xbd, 0x2c, 0x03, 0x00, 0x00
    .byte 0x00, 0x20, 0x00, 0x00, 0x20, 0x00, 0x00, 0x20, 0x00, 0x00, 0x20, 0x00, 0x00, 0x20, 0x00, 0x00
    .byte 0x15, 0xbd, 0x20, 0x00, 0x00, 0x2c, 0x01, 0x00, 0x00, 0x00, 0x20, 0x00, 0x00, 0x2c, 0x03, 0x00
    .byte 0x00, 0x00, 0x20, 0x00, 0x00, 0x20, 0x00, 0x00, 0x15, 0xbd, 0x2c, 0x02, 0x00, 0x00, 0x00, 0x2c
    .byte 0x01, 0x00, 0x00, 0x00, 0x2c, 0xb1, 0xb0, 0x00, 0x00, 0x2c, 0xb2, 0xb0, 0x00, 0x00, 0x2c, 0xb3
    .byte 0xb0, 0x00, 0x00, 0x20, 0x00, 0x00, 0x15, 0xbd, 0x2c, 0x04, 0x00, 0x00, 0x00, 0x2c, 0x01, 0x00
    .byte 0x00, 0x00, 0x2c, 0x01, 0x00, 0x00, 0x00, 0x20, 0x00, 0x00, 0x20, 0x00, 0x00, 0x20, 0x00, 0x00
    .byte 0x15, 0xbd, 0x2c, 0x03, 0x00, 0x00, 0x00, 0x2c, 0x01, 0x00, 0x00, 0x00, 0x20, 0x00, 0x00, 0x20
    .byte 0x00, 0x00, 0x20, 0x00, 0x00, 0x20, 0x00, 0x00, 0x15, 0xbd, 0x2c, 0x01, 0x00, 0x00, 0x00, 0x2c
    .byte 0x01, 0x00, 0x00, 0x00, 0x20, 0x00, 0x00, 0x2c, 0x03, 0x00, 0x00, 0x00, 0x2c, 0x02, 0x00, 0x00
    .byte 0x00, 0x20, 0x00, 0x00, 0x15, 0xbe, 0x2c, 0x02, 0x00, 0x00, 0x00, 0x2c, 0x01, 0x00, 0x00, 0x00
    .byte 0x2c, 0xd2, 0xb0, 0x00, 0x00, 0x2c, 0xd3, 0xb0, 0x00, 0x00, 0x2c, 0xd4, 0xb0, 0x00, 0x00, 0x2c
    .byte 0x08, 0x00, 0x00, 0x00, 0x15, 0xbe, 0x2c, 0x04, 0x00, 0x00, 0x00, 0x2c, 0x01, 0x00, 0x00, 0x00
    .byte 0x2c, 0x01, 0x00, 0x00, 0x00, 0x20, 0x00, 0x00, 0x20, 0x00, 0x00, 0x20, 0x00, 0x00, 0x15, 0xbe
    .byte 0x2c, 0x03, 0x00, 0x00, 0x00, 0x2c, 0x01, 0x00, 0x00, 0x00, 0x20, 0x00, 0x00, 0x20, 0x00, 0x00
    .byte 0x20, 0x00, 0x00, 0x20, 0x00, 0x00, 0x15, 0xbe, 0x22, 0x2c, 0xf4, 0x03, 0x00, 0x00, 0x15, 0x37
    .byte 0x18, 0x70, 0x32, 0x00, 0x01, 0x00, 0x00, 0x00, 0x13, 0x42, 0x0d, 0x22, 0x02, 0x01, 0x29, 0x0d
    .byte 0x22, 0x02, 0x21, 0xd9, 0x0b, 0x22, 0x02, 0x2c, 0xf4, 0x03, 0x00, 0x00, 0x15, 0x36, 0x25, 0x29
    .byte 0x0d, 0x22, 0x02, 0x00, 0x20, 0x00, 0x00, 0x2c, 0x02, 0x00, 0x00, 0x00, 0x15, 0x38, 0x20, 0x00
    .byte 0x00, 0x15, 0x09, 0x00, 0x20, 0x00, 0x00, 0x2c, 0x02, 0x00, 0x00, 0x00, 0x15, 0x38, 0x20, 0x00
    .byte 0x00, 0x15, 0x09, 0x00, 0x20, 0x00, 0x00, 0x2c, 0x02, 0x00, 0x00, 0x00, 0x15, 0x38, 0x20, 0x00
    .byte 0x00, 0x15, 0x09, 0x00, 0x20, 0x00, 0x00, 0x2c, 0x02, 0x00, 0x00, 0x00, 0x15, 0x38, 0x20, 0x00
    .byte 0x00, 0x15, 0x09, 0x00, 0x20, 0x00, 0x00, 0x2c, 0x02, 0x00, 0x00, 0x00, 0x15, 0x38, 0x20, 0x00
    .byte 0x00, 0x15, 0x09, 0x00, 0x20, 0x00, 0x00, 0x2c, 0x02, 0x00, 0x00, 0x00, 0x15, 0x38, 0x20, 0x00
    .byte 0x00, 0x15, 0x09, 0x00, 0x20, 0x00, 0x00, 0x2c, 0x02, 0x00, 0x00, 0x00, 0x15, 0x38, 0x20, 0x00
    .byte 0x00, 0x15, 0x09, 0x00, 0x20, 0x00, 0x00, 0x2c, 0x02, 0x00, 0x00, 0x00, 0x15, 0x38, 0x20, 0x00
    .byte 0x00, 0x15, 0x09, 0x00, 0x20, 0x00, 0x00, 0x2c, 0x02, 0x00, 0x00, 0x00, 0x15, 0x38, 0x20, 0x00
    .byte 0x00, 0x15, 0x09, 0x00, 0x20, 0x00, 0x00, 0x2c, 0x02, 0x00, 0x00, 0x00, 0x15, 0x38, 0x20, 0x00
    .byte 0x00, 0x15, 0x09, 0x00, 0x20, 0x00, 0x00, 0x2c, 0x02, 0x00, 0x00, 0x00, 0x15, 0x38, 0x20, 0x00
    .byte 0x00, 0x15, 0x09, 0x00, 0x20, 0x00, 0x00, 0x2c, 0x02, 0x00, 0x00, 0x00, 0x15, 0x38, 0x20, 0x00
    .byte 0x00, 0x15, 0x09, 0x00, 0x2c, 0x80, 0x00, 0x00, 0x00, 0x2c, 0x8a, 0xff, 0xff, 0xff, 0x20, 0x00
    .byte 0x00, 0x15, 0x02, 0x2c, 0x01, 0x00, 0x00, 0x00, 0x15, 0x09, 0x2c, 0x03, 0x00, 0x00, 0x00, 0x15
    .byte 0x05, 0x2c, 0x01, 0x00, 0x00, 0x00, 0x15, 0x06, 0x2c, 0xb4, 0x00, 0x00, 0x00, 0x15, 0x17, 0x00
    .byte 0x2c, 0x31, 0x00, 0x00, 0x00, 0x2c, 0x9e, 0xff, 0xff, 0xff, 0x20, 0x00, 0x00, 0x15, 0x02, 0x2c
    .byte 0x01, 0x00, 0x00, 0x00, 0x15, 0x09, 0x20, 0x00, 0x00, 0x15, 0x05, 0x2c, 0x01, 0x00, 0x00, 0x00
    .byte 0x15, 0x06, 0x2c, 0x64, 0x00, 0x00, 0x00, 0x15, 0x1b, 0x00, 0x2c, 0xcb, 0x00, 0x00, 0x00, 0x2c
    .byte 0x9e, 0xff, 0xff, 0xff, 0x20, 0x00, 0x00, 0x15, 0x02, 0x2c, 0x01, 0x00, 0x00, 0x00, 0x15, 0x09
    .byte 0x2c, 0x01, 0x00, 0x00, 0x00, 0x15, 0x05, 0x2c, 0x01, 0x00, 0x00, 0x00, 0x15, 0x06, 0x2c, 0x64
    .byte 0x00, 0x00, 0x00, 0x15, 0x1b, 0x00, 0x2c, 0x80, 0x00, 0x00, 0x00, 0x2c, 0xb4, 0xff, 0xff, 0xff
    .byte 0x20, 0x00, 0x00, 0x15, 0x02, 0x2c, 0x01, 0x00, 0x00, 0x00, 0x15, 0x09, 0x20, 0x00, 0x00, 0x15
    .byte 0x05, 0x2c, 0x01, 0x00, 0x00, 0x00, 0x15, 0x06, 0x2c, 0x1e, 0x00, 0x00, 0x00, 0x15, 0x1b, 0x00
    .byte 0x2c, 0x7d, 0x00, 0x00, 0x00, 0x2c, 0x8e, 0xff, 0xff, 0xff, 0x20, 0x00, 0x00, 0x15, 0x02, 0x2c
    .byte 0x01, 0x00, 0x00, 0x00, 0x15, 0x09, 0x20, 0x00, 0x00, 0x15, 0x05, 0x2c, 0x01, 0x00, 0x00, 0x00
    .byte 0x15, 0x06, 0x2c, 0x23, 0x00, 0x00, 0x00, 0x15, 0x1b, 0x00, 0x2c, 0x12, 0x00, 0x00, 0x00, 0x2c
    .byte 0x91, 0xff, 0xff, 0xff, 0x20, 0x00, 0x00, 0x15, 0x02, 0x2c, 0x01, 0x00, 0x00, 0x00, 0x15, 0x09
    .byte 0x20, 0x00, 0x00, 0x15, 0x05, 0x2c, 0x01, 0x00, 0x00, 0x00, 0x15, 0x06, 0x2c, 0xec, 0xff, 0xff
    .byte 0xff, 0x15, 0x1b, 0x00, 0x2c, 0x40, 0x00, 0x00, 0x00, 0x2c, 0x91, 0xff, 0xff, 0xff, 0x20, 0x00
    .byte 0x00, 0x15, 0x02, 0x2c, 0x01, 0x00, 0x00, 0x00, 0x15, 0x09, 0x20, 0x00, 0x00, 0x15, 0x05, 0x2c
    .byte 0x01, 0x00, 0x00, 0x00, 0x15, 0x06, 0x2c, 0xec, 0xff, 0xff, 0xff, 0x15, 0x1b, 0x00, 0x2c, 0x62
    .byte 0x00, 0x00, 0x00, 0x2c, 0x91, 0xff, 0xff, 0xff, 0x20, 0x00, 0x00, 0x15, 0x02, 0x2c, 0x01, 0x00
    .byte 0x00, 0x00, 0x15, 0x09, 0x2c, 0x01, 0x00, 0x00, 0x00, 0x15, 0x05, 0x2c, 0x01, 0x00, 0x00, 0x00
    .byte 0x15, 0x06, 0x2c, 0xec, 0xff, 0xff, 0xff, 0x15, 0x1b, 0x00, 0x2c, 0x8a, 0x00, 0x00, 0x00, 0x2c
    .byte 0x91, 0xff, 0xff, 0xff, 0x20, 0x00, 0x00, 0x15, 0x02, 0x2c, 0x01, 0x00, 0x00, 0x00, 0x15, 0x09
    .byte 0x20, 0x00, 0x00, 0x15, 0x05, 0x2c, 0x01, 0x00, 0x00, 0x00, 0x15, 0x06, 0x2c, 0xec, 0xff, 0xff
    .byte 0xff, 0x15, 0x1b, 0x00, 0x2c, 0xb7, 0x00, 0x00, 0x00, 0x2c, 0x91, 0xff, 0xff, 0xff, 0x20, 0x00
    .byte 0x00, 0x15, 0x02, 0x2c, 0x01, 0x00, 0x00, 0x00, 0x15, 0x09, 0x20, 0x00, 0x00, 0x15, 0x05, 0x2c
    .byte 0x01, 0x00, 0x00, 0x00, 0x15, 0x06, 0x2c, 0xec, 0xff, 0xff, 0xff, 0x15, 0x1b, 0x00, 0x2c, 0xd0
    .byte 0x00, 0x00, 0x00, 0x2c, 0x91, 0xff, 0xff, 0xff, 0x20, 0x00, 0x00, 0x15, 0x02, 0x2c, 0x01, 0x00
    .byte 0x00, 0x00, 0x15, 0x09, 0x20, 0x00, 0x00, 0x15, 0x05, 0x2c, 0x01, 0x00, 0x00, 0x00, 0x15, 0x06
    .byte 0x2c, 0xec, 0xff, 0xff, 0xff, 0x15, 0x1b, 0x00, 0x2c, 0xe8, 0x00, 0x00, 0x00, 0x2c, 0x91, 0xff
    .byte 0xff, 0xff, 0x20, 0x00, 0x00, 0x15, 0x02, 0x2c, 0x01, 0x00, 0x00, 0x00, 0x15, 0x09, 0x2c, 0x01
    .byte 0x00, 0x00, 0x00, 0x15, 0x05, 0x2c, 0x01, 0x00, 0x00, 0x00, 0x15, 0x06, 0x2c, 0xec, 0xff, 0xff
    .byte 0xff, 0x15, 0x1b, 0x00, 0x03, 0x00, 0x92, 0xff, 0xff, 0xff, 0x26, 0x00, 0xe1, 0x2c, 0x14, 0x00
    .byte 0x00, 0x00, 0x15, 0x07, 0x15, 0x08, 0x15, 0x16, 0x20, 0x00, 0x00, 0x15, 0x06, 0x2c, 0x23, 0x00
    .byte 0x00, 0x00, 0x15, 0x07, 0x15, 0x08, 0x20, 0x00, 0x00, 0x15, 0x05, 0x20, 0x00, 0x00, 0x2c, 0x81
    .byte 0x8d, 0x00, 0x00, 0x15, 0xe0, 0x15, 0x16, 0x2c, 0x2d, 0x00, 0x00, 0x00, 0x15, 0x07, 0x15, 0x08
    .byte 0x2c, 0x02, 0x00, 0x00, 0x00, 0x15, 0x05, 0x15, 0x16, 0x2c, 0x03, 0x00, 0x00, 0x00, 0x15, 0x05
    .byte 0x15, 0x16, 0x2c, 0x03, 0x00, 0x00, 0x00, 0x15, 0x05, 0x15, 0x16, 0x2c, 0x03, 0x00, 0x00, 0x00
    .byte 0x15, 0x05, 0x15, 0x16, 0x2c, 0x2d, 0x00, 0x00, 0x00, 0x15, 0x07, 0x15, 0x08, 0x2c, 0x04, 0x00
    .byte 0x00, 0x00, 0x15, 0x05, 0x15, 0x16, 0x2c, 0x04, 0x00, 0x00, 0x00, 0x15, 0x05, 0x15, 0x16, 0x2c
    .byte 0x04, 0x00, 0x00, 0x00, 0x15, 0x05, 0x15, 0x16, 0x2c, 0x0f, 0x00, 0x00, 0x00, 0x15, 0x07, 0x15
    .byte 0x08, 0x2c, 0x00, 0x01, 0x00, 0x00, 0x15, 0x17, 0x2c, 0x01, 0x00, 0x00, 0x00, 0x15, 0x45, 0x15
    .byte 0x8b, 0x18, 0x70, 0x32, 0x00, 0x00, 0x00, 0x00, 0x00, 0x13, 0xc3, 0x10, 0x22, 0x02, 0x01, 0xaf
    .byte 0x10, 0x22, 0x02, 0x2c, 0x2a, 0x08, 0x00, 0x00, 0x20, 0x00, 0x00, 0x20, 0x00, 0x00, 0x20, 0x00
    .byte 0x00, 0x15, 0x59, 0x15, 0x5a, 0x2c, 0x28, 0x00, 0x00, 0x00, 0x15, 0x07, 0x15, 0x08, 0x2c, 0x05
    .byte 0x00, 0x00, 0x00, 0x15, 0x05, 0x15, 0x16, 0x2c, 0x1e, 0x00, 0x00, 0x00, 0x15, 0x07, 0x15, 0x08
    .byte 0x2c, 0x06, 0x00, 0x00, 0x00, 0x15, 0x45, 0x15, 0x8b, 0x18, 0x70, 0x32, 0x00, 0x00, 0x00, 0x00
    .byte 0x00, 0x13, 0x0b, 0x11, 0x22, 0x02, 0x01, 0xf7, 0x10, 0x22, 0x02, 0x2c, 0x2b, 0x08, 0x00, 0x00
    .byte 0x20, 0x00, 0x00, 0x20, 0x00, 0x00, 0x20, 0x00, 0x00, 0x15, 0x59, 0x15, 0x5a, 0x2c, 0x0f, 0x00
    .byte 0x00, 0x00, 0x15, 0x07, 0x15, 0x08, 0x2c, 0x07, 0x00, 0x00, 0x00, 0x15, 0x05, 0x2c, 0x01, 0x00
    .byte 0x00, 0x00, 0x15, 0x06, 0x03, 0x00, 0x00, 0x00, 0x00, 0x00, 0x26, 0x00, 0xe1, 0x00, 0x2c, 0x05
    .byte 0x00, 0x00, 0x00, 0x15, 0x01, 0x18, 0x70, 0x17, 0x00, 0x15, 0x07, 0x15, 0x08, 0x2c, 0xff, 0xff
    .byte 0xff, 0xff, 0x03, 0x00, 0xc8, 0x00, 0x00, 0x00, 0x2c, 0x78, 0x00, 0x00, 0x00, 0x15, 0x01, 0x18
    .byte 0x71, 0x04, 0x10, 0x17, 0x00, 0x2c, 0xff, 0xff, 0xff, 0xff, 0x2c, 0xff, 0xff, 0xff, 0xff, 0x2c
    .byte 0xff, 0xff, 0xff, 0xff, 0x2c, 0xff, 0xff, 0xff, 0xff, 0x15, 0x00, 0x00, 0x2c, 0x01, 0x00, 0x00
    .byte 0x00, 0x2c, 0x00, 0xd6, 0x00, 0x00, 0x15, 0xe0, 0x21, 0x14, 0x07, 0x22, 0x02, 0x2c, 0x0d, 0x00
    .byte 0x00, 0x00, 0x2c, 0x14, 0x0e, 0x22, 0x02, 0x15, 0x39, 0x2c, 0x0e, 0x00, 0x00, 0x00, 0x2c, 0x40
    .byte 0x0e, 0x22, 0x02, 0x15, 0x39, 0x2c, 0x0f, 0x00, 0x00, 0x00, 0x2c, 0x6a, 0x0e, 0x22, 0x02, 0x15
    .byte 0x39, 0x2c, 0x10, 0x00, 0x00, 0x00, 0x2c, 0x96, 0x0e, 0x22, 0x02, 0x15, 0x39, 0x2c, 0x11, 0x00
    .byte 0x00, 0x00, 0x2c, 0xc0, 0x0e, 0x22, 0x02, 0x15, 0x39, 0x2c, 0x12, 0x00, 0x00, 0x00, 0x2c, 0xea
    .byte 0x0e, 0x22, 0x02, 0x15, 0x39, 0x2c, 0x13, 0x00, 0x00, 0x00, 0x2c, 0x14, 0x0f, 0x22, 0x02, 0x15
    .byte 0x39, 0x2c, 0x14, 0x00, 0x00, 0x00, 0x2c, 0x3e, 0x0f, 0x22, 0x02, 0x15, 0x39, 0x2c, 0x15, 0x00
    .byte 0x00, 0x00, 0x2c, 0x6a, 0x0f, 0x22, 0x02, 0x15, 0x39, 0x2c, 0x16, 0x00, 0x00, 0x00, 0x2c, 0x94
    .byte 0x0f, 0x22, 0x02, 0x15, 0x39, 0x2c, 0x17, 0x00, 0x00, 0x00, 0x2c, 0xbe, 0x0f, 0x22, 0x02, 0x15
    .byte 0x39, 0x2c, 0x18, 0x00, 0x00, 0x00, 0x2c, 0xe8, 0x0f, 0x22, 0x02, 0x15, 0x39, 0x2c, 0x04, 0x00
    .byte 0x00, 0x00, 0x20, 0x00, 0x00, 0x2c, 0x01, 0x00, 0x00, 0x00, 0x20, 0x00, 0x00, 0x20, 0x00, 0x00
    .byte 0x20, 0x00, 0x00, 0x15, 0xbd, 0x21, 0xca, 0x07, 0x22, 0x02, 0x20, 0x00, 0x00, 0x2c, 0x80, 0x8d
    .byte 0x00, 0x00, 0x15, 0xe0, 0x2c, 0x0d, 0x00, 0x00, 0x00, 0x2c, 0x14, 0x10, 0x22, 0x02, 0x15, 0x39
    .byte 0x2c, 0x0d, 0x00, 0x00, 0x00, 0x15, 0x42, 0x18, 0x70, 0x32, 0x00, 0x00, 0x00, 0x00, 0x00, 0x14
    .byte 0x69, 0x12, 0x22, 0x02, 0x01, 0x50, 0x12, 0x22, 0x02, 0x2c, 0x01, 0x00, 0x00, 0x00, 0x2c, 0x80
    .byte 0x8d, 0x00, 0x00, 0x15, 0xe0, 0x21, 0x00, 0x08, 0x22, 0x02, 0x2c, 0x0d, 0x00, 0x00, 0x00, 0x2c
    .byte 0x27, 0xe1, 0x21, 0x02, 0x15, 0x39, 0x2c, 0x0e, 0x00, 0x00, 0x00, 0x2c, 0x27, 0xe1, 0x21, 0x02
    .byte 0x15, 0x39, 0x2c, 0x0f, 0x00, 0x00, 0x00, 0x2c, 0x27, 0xe1, 0x21, 0x02, 0x15, 0x39, 0x2c, 0x10
    .byte 0x00, 0x00, 0x00, 0x2c, 0x27, 0xe1, 0x21, 0x02, 0x15, 0x39, 0x2c, 0x11, 0x00, 0x00, 0x00, 0x2c
    .byte 0x27, 0xe1, 0x21, 0x02, 0x15, 0x39, 0x2c, 0x12, 0x00, 0x00, 0x00, 0x2c, 0x27, 0xe1, 0x21, 0x02
    .byte 0x15, 0x39, 0x2c, 0x13, 0x00, 0x00, 0x00, 0x2c, 0x27, 0xe1, 0x21, 0x02, 0x15, 0x39, 0x2c, 0x14
    .byte 0x00, 0x00, 0x00, 0x2c, 0x27, 0xe1, 0x21, 0x02, 0x15, 0x39, 0x2c, 0x15, 0x00, 0x00, 0x00, 0x2c
    .byte 0x27, 0xe1, 0x21, 0x02, 0x15, 0x39, 0x2c, 0x16, 0x00, 0x00, 0x00, 0x2c, 0x27, 0xe1, 0x21, 0x02
    .byte 0x15, 0x39, 0x2c, 0x17, 0x00, 0x00, 0x00, 0x2c, 0x27, 0xe1, 0x21, 0x02, 0x15, 0x39, 0x2c, 0x18
    .byte 0x00, 0x00, 0x00, 0x2c, 0x27, 0xe1, 0x21, 0x02, 0x15, 0x39, 0x2c, 0x04, 0x00, 0x00, 0x00, 0x20
    .byte 0x00, 0x00, 0x20, 0x00, 0x00, 0x20, 0x00, 0x00, 0x20, 0x00, 0x00, 0x20, 0x00, 0x00, 0x15, 0xbd
    .byte 0x21, 0x36, 0x08, 0x22, 0x02, 0x20, 0x00, 0x00, 0x2c, 0x00, 0xd6, 0x00, 0x00, 0x15, 0xe0, 0x22
    .byte 0x21, 0x4c, 0xe9, 0x21, 0x02, 0x00, 0x2c, 0x03, 0x00, 0x00, 0x00, 0x2c, 0x56, 0x00, 0x00, 0x00
    .byte 0x15, 0xef, 0x2c, 0xbc, 0x03, 0x00, 0x00, 0x15, 0x35, 0x2c, 0xdf, 0x06, 0x00, 0x00, 0x15, 0x35
    .byte 0x2c, 0xe1, 0x06, 0x00, 0x00, 0x15, 0x35, 0x2c, 0xe0, 0x06, 0x00, 0x00, 0x15, 0x35, 0x2c, 0xe2
    .byte 0x06, 0x00, 0x00, 0x15, 0x35, 0x22, 0x00, 0x00, 0x00, 0x00, 0x00, 0x00, 0x00, 0x00, 0x00, 0x00
    .byte 0x00, 0x00, 0x00, 0x00, 0x00, 0x00, 0x00, 0x00, 0x00, 0x00, 0x00, 0x00, 0x00, 0x00, 0x00, 0x00
