.text
; Matching fallback for the portable implementation in src/overlays/ov295/overlay295_recovery.c.
.extern data_ov295_0221d720
.extern data_ov295_0221d734
.extern data_ov295_0221e8d5
.extern data_ov295_022231a0
.extern data_ov295_022231a4
.extern func_02008f58
.extern ActorInteractionRuntime_Init
.extern func_0203abac
.extern func_0203b38c
.extern func_0203b3ac

.global func_ov295_0221d6c0
func_ov295_0221d6c0:
    stmdb sp!, {r3, lr}
    cmp r0, #0x0
    ldmneia sp!, {r3, pc}
    bl ActorInteractionRuntime_Init
    ldr r0, .L_0221d6fc
    ldr r2, .L_0221d700
    mov r1, #0x3
    bl func_0203b38c
    ldr r0, .L_0221d704
    bl func_0203abac
    ldr r0, .L_0221d708
    bl func_02008f58
    ldr r0, .L_0221d70c
    bl func_0203b3ac
    ldmia sp!, {r3, pc}
.L_0221d6fc: .word data_ov295_022231a4
.L_0221d700: .word data_ov295_0221d734
.L_0221d704: .word data_ov295_022231a0
.L_0221d708: .word data_ov295_0221d720
.L_0221d70c: .word data_ov295_0221e8d5
.size func_ov295_0221d6c0, . - func_ov295_0221d6c0

; Matching fallback for initialized records and BSS documented in
; src/overlays/ov295/overlay295_recovery.c.
; Absolute labels preserve fixed-address record and BSS references without alignment padding.
.global data_ov295_0221d720
.set data_ov295_0221d720, 0x0221d720
.global data_ov295_0221d734
.set data_ov295_0221d734, 0x0221d734
.global data_ov295_0221e2c0
.set data_ov295_0221e2c0, 0x0221e2c0
.global data_ov295_0221e413
.set data_ov295_0221e413, 0x0221e413
.global data_ov295_0221e45a
.set data_ov295_0221e45a, 0x0221e45a
.global data_ov295_0221e49d
.set data_ov295_0221e49d, 0x0221e49d
.global data_ov295_0221e4b4
.set data_ov295_0221e4b4, 0x0221e4b4
.global data_ov295_0221e4da
.set data_ov295_0221e4da, 0x0221e4da
.global data_ov295_0221e514
.set data_ov295_0221e514, 0x0221e514
.global data_ov295_0221e608
.set data_ov295_0221e608, 0x0221e608
.global data_ov295_0221e61c
.set data_ov295_0221e61c, 0x0221e61c
.global data_ov295_0221e642
.set data_ov295_0221e642, 0x0221e642
.global data_ov295_0221e6c5
.set data_ov295_0221e6c5, 0x0221e6c5
.global data_ov295_0221e6c6
.set data_ov295_0221e6c6, 0x0221e6c6
.global data_ov295_0221e8d5
.set data_ov295_0221e8d5, 0x0221e8d5
.global data_ov295_0221e90a
.set data_ov295_0221e90a, 0x0221e90a
.global data_ov295_0221e91f
.set data_ov295_0221e91f, 0x0221e91f
.global data_ov295_0221e9d3
.set data_ov295_0221e9d3, 0x0221e9d3
.global data_ov295_0221e9ea
.set data_ov295_0221e9ea, 0x0221e9ea
.global data_ov295_0221ea3c
.set data_ov295_0221ea3c, 0x0221ea3c
.global data_ov295_0221eafb
.set data_ov295_0221eafb, 0x0221eafb
.global data_ov295_0221eb2f
.set data_ov295_0221eb2f, 0x0221eb2f
.global data_ov295_0221eb85
.set data_ov295_0221eb85, 0x0221eb85
.global data_ov295_0221ec0d
.set data_ov295_0221ec0d, 0x0221ec0d
.global data_ov295_0221ecb1
.set data_ov295_0221ecb1, 0x0221ecb1
.global data_ov295_0221edca
.set data_ov295_0221edca, 0x0221edca
.global data_ov295_0221ee3c
.set data_ov295_0221ee3c, 0x0221ee3c
.global data_ov295_0221ee43
.set data_ov295_0221ee43, 0x0221ee43
.global data_ov295_0221efc7
.set data_ov295_0221efc7, 0x0221efc7
.global data_ov295_0221f024
.set data_ov295_0221f024, 0x0221f024
.global data_ov295_0221f4dc
.set data_ov295_0221f4dc, 0x0221f4dc
.global data_ov295_0221f582
.set data_ov295_0221f582, 0x0221f582
.global data_ov295_0221f5cb
.set data_ov295_0221f5cb, 0x0221f5cb
.global data_ov295_0221f5d5
.set data_ov295_0221f5d5, 0x0221f5d5
.global data_ov295_0221f686
.set data_ov295_0221f686, 0x0221f686
.global data_ov295_0221f6c4
.set data_ov295_0221f6c4, 0x0221f6c4
.global data_ov295_0221f6dd
.set data_ov295_0221f6dd, 0x0221f6dd
.global data_ov295_0221f702
.set data_ov295_0221f702, 0x0221f702
.global data_ov295_0221f740
.set data_ov295_0221f740, 0x0221f740
.global data_ov295_0221f786
.set data_ov295_0221f786, 0x0221f786
.global data_ov295_0221f797
.set data_ov295_0221f797, 0x0221f797
.global data_ov295_0221f818
.set data_ov295_0221f818, 0x0221f818
.global data_ov295_0221f833
.set data_ov295_0221f833, 0x0221f833
.global data_ov295_0221f881
.set data_ov295_0221f881, 0x0221f881
.global data_ov295_0221f9eb
.set data_ov295_0221f9eb, 0x0221f9eb
.global data_ov295_0221fa0a
.set data_ov295_0221fa0a, 0x0221fa0a
.global data_ov295_0221fa48
.set data_ov295_0221fa48, 0x0221fa48
.global data_ov295_0221fa4a
.set data_ov295_0221fa4a, 0x0221fa4a
.global data_ov295_0221fa5b
.set data_ov295_0221fa5b, 0x0221fa5b
.global data_ov295_0221fb01
.set data_ov295_0221fb01, 0x0221fb01
.global data_ov295_0221fb0e
.set data_ov295_0221fb0e, 0x0221fb0e
.global data_ov295_0221fb8d
.set data_ov295_0221fb8d, 0x0221fb8d
.global data_ov295_0221fc0f
.set data_ov295_0221fc0f, 0x0221fc0f
.global data_ov295_0221fc17
.set data_ov295_0221fc17, 0x0221fc17
.global data_ov295_0221ff98
.set data_ov295_0221ff98, 0x0221ff98
.global data_ov295_02220052
.set data_ov295_02220052, 0x02220052
.global data_ov295_022200db
.set data_ov295_022200db, 0x022200db
.global data_ov295_02220116
.set data_ov295_02220116, 0x02220116
.global data_ov295_022201e1
.set data_ov295_022201e1, 0x022201e1
.global data_ov295_0222023f
.set data_ov295_0222023f, 0x0222023f
.global data_ov295_0222044d
.set data_ov295_0222044d, 0x0222044d
.global data_ov295_0222062a
.set data_ov295_0222062a, 0x0222062a
.global data_ov295_0222066b
.set data_ov295_0222066b, 0x0222066b
.global data_ov295_02220795
.set data_ov295_02220795, 0x02220795
.global data_ov295_02220829
.set data_ov295_02220829, 0x02220829
.global data_ov295_022208e3
.set data_ov295_022208e3, 0x022208e3
.global data_ov295_0222090a
.set data_ov295_0222090a, 0x0222090a
.global data_ov295_0222097a
.set data_ov295_0222097a, 0x0222097a
.global data_ov295_022209fa
.set data_ov295_022209fa, 0x022209fa
.global data_ov295_02220a34
.set data_ov295_02220a34, 0x02220a34
.global data_ov295_02220b32
.set data_ov295_02220b32, 0x02220b32
.global data_ov295_02220b54
.set data_ov295_02220b54, 0x02220b54
.global data_ov295_02220b75
.set data_ov295_02220b75, 0x02220b75
.global data_ov295_02220c50
.set data_ov295_02220c50, 0x02220c50
.global data_ov295_02220cf6
.set data_ov295_02220cf6, 0x02220cf6
.global data_ov295_02220d3f
.set data_ov295_02220d3f, 0x02220d3f
.global data_ov295_02220d49
.set data_ov295_02220d49, 0x02220d49
.global data_ov295_02220d79
.set data_ov295_02220d79, 0x02220d79
.global data_ov295_02220dd2
.set data_ov295_02220dd2, 0x02220dd2
.global data_ov295_02220e0c
.set data_ov295_02220e0c, 0x02220e0c
.global data_ov295_02220f0a
.set data_ov295_02220f0a, 0x02220f0a
.global data_ov295_02220f2c
.set data_ov295_02220f2c, 0x02220f2c
.global data_ov295_02220f4d
.set data_ov295_02220f4d, 0x02220f4d
.global data_ov295_02220fd9
.set data_ov295_02220fd9, 0x02220fd9
.global data_ov295_02221093
.set data_ov295_02221093, 0x02221093
.global data_ov295_022210ba
.set data_ov295_022210ba, 0x022210ba
.global data_ov295_0222112a
.set data_ov295_0222112a, 0x0222112a
.global data_ov295_02221175
.set data_ov295_02221175, 0x02221175
.global data_ov295_022211ce
.set data_ov295_022211ce, 0x022211ce
.global data_ov295_02221208
.set data_ov295_02221208, 0x02221208
.global data_ov295_02221242
.set data_ov295_02221242, 0x02221242
.global data_ov295_02221306
.set data_ov295_02221306, 0x02221306
.global data_ov295_02221328
.set data_ov295_02221328, 0x02221328
.global data_ov295_02221349
.set data_ov295_02221349, 0x02221349
.global data_ov295_02221355
.set data_ov295_02221355, 0x02221355
.global data_ov295_02221361
.set data_ov295_02221361, 0x02221361
.global data_ov295_022213a1
.set data_ov295_022213a1, 0x022213a1
.global data_ov295_0222145c
.set data_ov295_0222145c, 0x0222145c
.global data_ov295_0222146d
.set data_ov295_0222146d, 0x0222146d
.global data_ov295_02221509
.set data_ov295_02221509, 0x02221509
.global data_ov295_0222158e
.set data_ov295_0222158e, 0x0222158e
.global data_ov295_022215c8
.set data_ov295_022215c8, 0x022215c8
.global data_ov295_022216c6
.set data_ov295_022216c6, 0x022216c6
.global data_ov295_022216e8
.set data_ov295_022216e8, 0x022216e8
.global data_ov295_02221709
.set data_ov295_02221709, 0x02221709
.global data_ov295_0222170e
.set data_ov295_0222170e, 0x0222170e
.global data_ov295_02221771
.set data_ov295_02221771, 0x02221771
.global data_ov295_0222182b
.set data_ov295_0222182b, 0x0222182b
.global data_ov295_02221852
.set data_ov295_02221852, 0x02221852
.global data_ov295_022218c2
.set data_ov295_022218c2, 0x022218c2
.global data_ov295_02221966
.set data_ov295_02221966, 0x02221966
.global data_ov295_022219f2
.set data_ov295_022219f2, 0x022219f2
.global data_ov295_022219f3
.set data_ov295_022219f3, 0x022219f3
.global data_ov295_02221a4f
.set data_ov295_02221a4f, 0x02221a4f
.global data_ov295_02221b31
.set data_ov295_02221b31, 0x02221b31
.global data_ov295_02221b60
.set data_ov295_02221b60, 0x02221b60
.global data_ov295_02221cf3
.set data_ov295_02221cf3, 0x02221cf3
.global data_ov295_02221cfd
.set data_ov295_02221cfd, 0x02221cfd
.global data_ov295_02221d61
.set data_ov295_02221d61, 0x02221d61
.global data_ov295_02221e71
.set data_ov295_02221e71, 0x02221e71
.global data_ov295_02221eac
.set data_ov295_02221eac, 0x02221eac
.global data_ov295_02221ecd
.set data_ov295_02221ecd, 0x02221ecd
.global data_ov295_02221edb
.set data_ov295_02221edb, 0x02221edb
.global data_ov295_02221ef4
.set data_ov295_02221ef4, 0x02221ef4
.global data_ov295_02222054
.set data_ov295_02222054, 0x02222054
.global data_ov295_022220c4
.set data_ov295_022220c4, 0x022220c4
.global data_ov295_0222222c
.set data_ov295_0222222c, 0x0222222c
.global data_ov295_0222223a
.set data_ov295_0222223a, 0x0222223a
.global data_ov295_0222232e
.set data_ov295_0222232e, 0x0222232e
.global data_ov295_0222240b
.set data_ov295_0222240b, 0x0222240b
.global data_ov295_0222247f
.set data_ov295_0222247f, 0x0222247f
.global data_ov295_02222548
.set data_ov295_02222548, 0x02222548
.global data_ov295_0222260d
.set data_ov295_0222260d, 0x0222260d
.global data_ov295_022226e0
.set data_ov295_022226e0, 0x022226e0
.global data_ov295_02222755
.set data_ov295_02222755, 0x02222755
.global data_ov295_0222287c
.set data_ov295_0222287c, 0x0222287c
.global data_ov295_02222885
.set data_ov295_02222885, 0x02222885
.global data_ov295_022228cd
.set data_ov295_022228cd, 0x022228cd
.global data_ov295_022229a2
.set data_ov295_022229a2, 0x022229a2
.global data_ov295_022229fd
.set data_ov295_022229fd, 0x022229fd
.global data_ov295_02222a12
.set data_ov295_02222a12, 0x02222a12
.global data_ov295_02222c91
.set data_ov295_02222c91, 0x02222c91
.global data_ov295_02222dac
.set data_ov295_02222dac, 0x02222dac
.global data_ov295_02222e09
.set data_ov295_02222e09, 0x02222e09
.global data_ov295_022231a0
.set data_ov295_022231a0, 0x022231a0
.global data_ov295_022231a4
.set data_ov295_022231a4, 0x022231a4
    .section .data, 4, 1, 4
    .byte 0xff, 0xff, 0xff, 0xff, 0x00, 0x00, 0x00, 0x00, 0x00, 0x00, 0x00, 0x00, 0xff, 0xff, 0x00, 0x00
    .byte 0x00, 0x00, 0x00, 0x00, 0x03, 0x00, 0x00, 0x00, 0x93, 0x16, 0x00, 0x00, 0x94, 0x16, 0x00, 0x00
    .byte 0x95, 0x16, 0x00, 0x00, 0x02, 0x00, 0x1c, 0x10, 0x00, 0xfc, 0x00, 0x00, 0x00, 0x00, 0xf0, 0xff
    .byte 0xe8, 0xff, 0x10, 0x00, 0x04, 0x00, 0xa8, 0x03, 0x50, 0x02, 0x00, 0x00, 0x00, 0x00, 0x00, 0x00
    .byte 0x2a, 0x06, 0x22, 0x02, 0x00, 0x00, 0x00, 0x00, 0x00, 0x00, 0x00, 0x00, 0x00, 0x00, 0x00, 0x00
    .byte 0xff, 0xff, 0x00, 0x00, 0x00, 0x00, 0x00, 0x00, 0x00, 0x00, 0x00, 0x00, 0xff, 0xff, 0xff, 0xff
    .byte 0xff, 0xff, 0xff, 0xff, 0x00, 0x00, 0x03, 0x00, 0xff, 0xff, 0xff, 0xff, 0x00, 0x00, 0x04, 0x00
    .byte 0xf0, 0xe0, 0x10, 0x08, 0x00, 0x00, 0x00, 0x00, 0x03, 0x00, 0x00, 0x00, 0xd5, 0x12, 0x00, 0x00
    .byte 0xd6, 0x12, 0x00, 0x00, 0xd7, 0x12, 0x00, 0x00, 0x02, 0x00, 0x00, 0x00, 0x00, 0x00, 0x00, 0x00
    .byte 0x00, 0x00, 0xc0, 0xff, 0xe0, 0xff, 0x40, 0x00, 0x80, 0x00, 0x10, 0x02, 0xe0, 0x01, 0x20, 0x00
    .byte 0x00, 0x00, 0x00, 0x00, 0xca, 0xed, 0x21, 0x02, 0x00, 0x00, 0x00, 0x00, 0x00, 0x00, 0x00, 0x00
    .byte 0x00, 0x00, 0x00, 0x00, 0xff, 0xff, 0x00, 0x00, 0x00, 0x00, 0x00, 0x00, 0x00, 0x00, 0x00, 0x00
    .byte 0xff, 0xff, 0xff, 0xff, 0xff, 0xff, 0xff, 0xff, 0x00, 0x00, 0x04, 0x00, 0xff, 0xff, 0xff, 0xff
    .byte 0x00, 0x00, 0x1f, 0x00, 0xf4, 0xd8, 0x0c, 0x00, 0x00, 0x00, 0x00, 0x00, 0x06, 0x00, 0x00, 0x00
    .byte 0x00, 0x10, 0x00, 0x00, 0x01, 0x10, 0x00, 0x00, 0x02, 0x10, 0x00, 0x00, 0x02, 0x00, 0x0c, 0x08
    .byte 0x00, 0x00, 0x00, 0x00, 0x00, 0x00, 0xf0, 0xff, 0xcf, 0xff, 0x10, 0x00, 0x07, 0x00, 0x00, 0xfe
    .byte 0x00, 0xfe, 0x00, 0x00, 0x00, 0x00, 0x00, 0x00, 0x4a, 0xfa, 0x21, 0x02, 0x00, 0x00, 0x00, 0x00
    .byte 0x00, 0x00, 0x00, 0x00, 0x00, 0x00, 0x00, 0x00, 0xff, 0xff, 0x00, 0x00, 0x00, 0x00, 0x00, 0x00
    .byte 0x00, 0x00, 0x00, 0x00, 0xff, 0xff, 0xff, 0xff, 0xff, 0xff, 0xff, 0xff, 0x00, 0x00, 0x05, 0x00
    .byte 0xff, 0xff, 0xff, 0xff, 0x00, 0x00, 0x00, 0x00, 0xf4, 0xd8, 0x0c, 0x00, 0x00, 0x00, 0x00, 0x00
    .byte 0x06, 0x00, 0x00, 0x00, 0x00, 0x10, 0x00, 0x00, 0x01, 0x10, 0x00, 0x00, 0x02, 0x10, 0x00, 0x00
    .byte 0x02, 0x00, 0x0c, 0x08, 0x00, 0x00, 0x00, 0x00, 0x00, 0x00, 0xf0, 0xff, 0xcf, 0xff, 0x10, 0x00
    .byte 0x07, 0x00, 0x00, 0xfe, 0x00, 0xfe, 0x00, 0x00, 0x00, 0x00, 0x00, 0x00, 0x86, 0xf7, 0x21, 0x02
    .byte 0x00, 0x00, 0x00, 0x00, 0x00, 0x00, 0x00, 0x00, 0x00, 0x00, 0x00, 0x00, 0xff, 0xff, 0x00, 0x00
    .byte 0x00, 0x00, 0x00, 0x00, 0x00, 0x00, 0x00, 0x00, 0xff, 0xff, 0xff, 0xff, 0xff, 0xff, 0xff, 0xff
    .byte 0x00, 0x00, 0x06, 0x00, 0xff, 0xff, 0xff, 0xff, 0x00, 0x00, 0x00, 0x00, 0xf4, 0xd8, 0x0c, 0x00
    .byte 0x00, 0x00, 0x00, 0x00, 0x06, 0x00, 0x00, 0x00, 0x00, 0x10, 0x00, 0x00, 0x01, 0x10, 0x00, 0x00
    .byte 0x02, 0x10, 0x00, 0x00, 0x02, 0x00, 0x0c, 0x08, 0x00, 0x00, 0x00, 0x00, 0x00, 0x00, 0xf0, 0xff
    .byte 0xcf, 0xff, 0x10, 0x00, 0x07, 0x00, 0x00, 0xfe, 0x00, 0xfe, 0x00, 0x00, 0x00, 0x00, 0x00, 0x00
    .byte 0x81, 0xf8, 0x21, 0x02, 0x00, 0x00, 0x00, 0x00, 0x00, 0x00, 0x00, 0x00, 0x00, 0x00, 0x00, 0x00
    .byte 0xff, 0xff, 0x00, 0x00, 0x00, 0x00, 0x00, 0x00, 0x00, 0x00, 0x00, 0x00, 0xff, 0xff, 0xff, 0xff
    .byte 0xff, 0xff, 0xff, 0xff, 0x00, 0x00, 0x07, 0x00, 0xff, 0xff, 0xff, 0xff, 0x00, 0x00, 0x00, 0x00
    .byte 0xf4, 0xd8, 0x0c, 0x00, 0x00, 0x00, 0x00, 0x00, 0x06, 0x00, 0x00, 0x00, 0x00, 0x10, 0x00, 0x00
    .byte 0x01, 0x10, 0x00, 0x00, 0x02, 0x10, 0x00, 0x00, 0x02, 0x00, 0x0c, 0x08, 0x00, 0x00, 0x00, 0x00
    .byte 0x00, 0x00, 0xf0, 0xff, 0xcf, 0xff, 0x10, 0x00, 0x07, 0x00, 0x00, 0xfe, 0x00, 0xfe, 0x00, 0x00
    .byte 0x00, 0x00, 0x00, 0x00, 0x18, 0xf8, 0x21, 0x02, 0x00, 0x00, 0x00, 0x00, 0x00, 0x00, 0x00, 0x00
    .byte 0x00, 0x00, 0x00, 0x00, 0xff, 0xff, 0x00, 0x00, 0x00, 0x00, 0x00, 0x00, 0x00, 0x00, 0x00, 0x00
    .byte 0xff, 0xff, 0xff, 0xff, 0xff, 0xff, 0xff, 0xff, 0x00, 0x00, 0x08, 0x00, 0xff, 0xff, 0xff, 0xff
    .byte 0x00, 0x00, 0x00, 0x00, 0xf4, 0xd8, 0x0c, 0x00, 0x00, 0x00, 0x00, 0x00, 0x03, 0x00, 0x00, 0x00
    .byte 0x00, 0x10, 0x00, 0x00, 0x01, 0x10, 0x00, 0x00, 0x02, 0x10, 0x00, 0x00, 0x02, 0x00, 0x20, 0x70
    .byte 0x00, 0x00, 0x00, 0x00, 0x00, 0x00, 0xf0, 0xff, 0xcf, 0xff, 0x10, 0x00, 0x07, 0x00, 0x00, 0x00
    .byte 0x30, 0x02, 0x00, 0x00, 0x10, 0x00, 0x00, 0x00, 0xfb, 0xea, 0x21, 0x02, 0x00, 0x00, 0x00, 0x00
    .byte 0x00, 0x00, 0x00, 0x00, 0x00, 0x00, 0x00, 0x00, 0xff, 0xff, 0x00, 0x00, 0x00, 0x00, 0x00, 0x00
    .byte 0x00, 0x00, 0x00, 0x00, 0xff, 0xff, 0xff, 0xff, 0xff, 0xff, 0xff, 0xff, 0x00, 0x00, 0x09, 0x00
    .byte 0xff, 0xff, 0xff, 0xff, 0x00, 0x00, 0x0c, 0x00, 0xf4, 0xd8, 0x0c, 0x00, 0x00, 0x00, 0x00, 0x00
    .byte 0x03, 0x00, 0x00, 0x00, 0x22, 0x23, 0x00, 0x00, 0x23, 0x23, 0x00, 0x00, 0x24, 0x23, 0x00, 0x00
    .byte 0x02, 0x00, 0x18, 0x04, 0x00, 0x00, 0x00, 0x00, 0x00, 0x00, 0xf0, 0xff, 0xc0, 0xff, 0x10, 0x00
    .byte 0x00, 0x00, 0x90, 0x00, 0xd0, 0x00, 0x20, 0x00, 0x00, 0x00, 0x00, 0x00, 0x0e, 0xfb, 0x21, 0x02
    .byte 0x00, 0x00, 0x00, 0x00, 0x00, 0x00, 0x00, 0x00, 0x00, 0x00, 0x00, 0x00, 0xff, 0xff, 0x00, 0x00
    .byte 0x00, 0x00, 0x00, 0x00, 0x00, 0x00, 0x00, 0x00, 0xff, 0xff, 0xff, 0xff, 0xff, 0xff, 0xff, 0xff
    .byte 0x00, 0x00, 0x0a, 0x00, 0xff, 0xff, 0xff, 0xff, 0x00, 0x00, 0x04, 0x00, 0xf0, 0xe0, 0x10, 0x00
    .byte 0x00, 0x00, 0x00, 0x00, 0x03, 0x00, 0x00, 0x00, 0x22, 0x23, 0x00, 0x00, 0x23, 0x23, 0x00, 0x00
    .byte 0x24, 0x23, 0x00, 0x00, 0x02, 0x03, 0x00, 0x00, 0x00, 0x00, 0x00, 0x00, 0x00, 0x00, 0xe0, 0xff
    .byte 0xe0, 0xff, 0x20, 0x00, 0x20, 0x00, 0x90, 0x00, 0xd0, 0x00, 0x20, 0x00, 0x00, 0x00, 0x00, 0x00
    .byte 0x00, 0x00, 0x00, 0x00, 0x00, 0x00, 0x00, 0x00, 0x00, 0x00, 0x00, 0x00, 0x00, 0x00, 0x00, 0x00
    .byte 0x02, 0x00, 0x00, 0x00, 0x00, 0x00, 0x00, 0x00, 0x00, 0x00, 0x00, 0x00, 0xff, 0xff, 0xff, 0xff
    .byte 0xff, 0xff, 0xff, 0xff, 0x00, 0x00, 0xff, 0xff, 0xff, 0xff, 0xff, 0xff, 0x00, 0x00, 0x1f, 0x00
    .byte 0xf4, 0xd8, 0x0c, 0x00, 0x20, 0x00, 0x00, 0x00, 0x03, 0x00, 0x00, 0x00, 0x22, 0x23, 0x00, 0x00
    .byte 0x23, 0x23, 0x00, 0x00, 0x24, 0x23, 0x00, 0x00, 0x02, 0x00, 0x00, 0x00, 0x00, 0x00, 0x00, 0x00
    .byte 0x00, 0x00, 0xe0, 0xff, 0xe0, 0xff, 0x20, 0x00, 0x20, 0x00, 0x80, 0x03, 0xb0, 0x00, 0x00, 0x00
    .byte 0x00, 0x00, 0x00, 0x00, 0xdb, 0x00, 0x22, 0x02, 0x00, 0x00, 0x00, 0x00, 0x00, 0x00, 0x00, 0x00
    .byte 0x00, 0x00, 0x00, 0x00, 0x02, 0x00, 0x00, 0x00, 0x00, 0x00, 0x00, 0x00, 0x00, 0x00, 0x00, 0x00
    .byte 0xff, 0xff, 0xff, 0xff, 0xff, 0xff, 0xff, 0xff, 0x00, 0x00, 0x0c, 0x00, 0xff, 0xff, 0xff, 0xff
    .byte 0x00, 0x00, 0x1f, 0x00, 0xf0, 0xf0, 0x10, 0x10, 0x40, 0x00, 0x00, 0x00, 0x06, 0x00, 0x00, 0x00
    .byte 0x00, 0x10, 0x00, 0x00, 0x01, 0x10, 0x00, 0x00, 0x02, 0x10, 0x00, 0x00, 0x02, 0x00, 0x0c, 0x08
    .byte 0x00, 0x00, 0x00, 0x00, 0x00, 0x00, 0xf0, 0xff, 0xcf, 0xff, 0x10, 0x00, 0x07, 0x00, 0x00, 0xfe
    .byte 0x00, 0xfe, 0x00, 0x00, 0x00, 0x00, 0x00, 0x00, 0xf2, 0x19, 0x22, 0x02, 0x00, 0x00, 0x00, 0x00
    .byte 0x00, 0x00, 0x00, 0x00, 0x00, 0x00, 0x00, 0x00, 0xff, 0xff, 0x00, 0x00, 0x00, 0x00, 0x00, 0x00
    .byte 0x00, 0x00, 0x00, 0x00, 0xff, 0xff, 0xff, 0xff, 0xff, 0xff, 0xff, 0xff, 0x00, 0x00, 0x0d, 0x00
    .byte 0xff, 0xff, 0xff, 0xff, 0x00, 0x00, 0x00, 0x00, 0xf4, 0xd8, 0x0c, 0x00, 0x00, 0x00, 0x00, 0x00
    .byte 0x03, 0x00, 0x00, 0x00, 0x00, 0x10, 0x00, 0x00, 0x01, 0x10, 0x00, 0x00, 0x02, 0x10, 0x00, 0x00
    .byte 0x02, 0x00, 0x00, 0x00, 0x00, 0x00, 0x00, 0x00, 0x00, 0x00, 0xf0, 0xff, 0xcf, 0xff, 0x10, 0x00
    .byte 0x07, 0x00, 0x00, 0xfe, 0x00, 0xfe, 0x00, 0x00, 0x00, 0x00, 0x00, 0x00, 0x4f, 0x1a, 0x22, 0x02
    .byte 0x00, 0x00, 0x00, 0x00, 0x00, 0x00, 0x00, 0x00, 0x00, 0x00, 0x00, 0x00, 0xff, 0xff, 0x00, 0x00
    .byte 0x00, 0x00, 0x00, 0x00, 0x00, 0x00, 0x00, 0x00, 0xff, 0xff, 0xff, 0xff, 0xff, 0xff, 0xff, 0xff
    .byte 0x00, 0x00, 0x0e, 0x00, 0xff, 0xff, 0xff, 0xff, 0x00, 0x00, 0x0e, 0x00, 0xf4, 0xd8, 0x0c, 0x00
    .byte 0x00, 0x00, 0x00, 0x00, 0x03, 0x00, 0x00, 0x00, 0x00, 0x10, 0x00, 0x00, 0x01, 0x10, 0x00, 0x00
    .byte 0x02, 0x10, 0x00, 0x00, 0x02, 0x00, 0x00, 0x00, 0x00, 0x00, 0x00, 0x00, 0x00, 0x00, 0xf0, 0xff
    .byte 0xcf, 0xff, 0x10, 0x00, 0x07, 0x00, 0x00, 0xfe, 0x00, 0xfe, 0x00, 0x00, 0x00, 0x00, 0x00, 0x00
    .byte 0x0d, 0x26, 0x22, 0x02, 0x00, 0x00, 0x00, 0x00, 0x00, 0x00, 0x00, 0x00, 0x00, 0x00, 0x00, 0x00
    .byte 0xff, 0xff, 0x00, 0x00, 0x00, 0x00, 0x00, 0x00, 0x00, 0x00, 0x00, 0x00, 0xff, 0xff, 0xff, 0xff
    .byte 0xff, 0xff, 0xff, 0xff, 0x00, 0x00, 0x0f, 0x00, 0xff, 0xff, 0xff, 0xff, 0x00, 0x00, 0x0e, 0x00
    .byte 0xf4, 0xd8, 0x0c, 0x00, 0x00, 0x00, 0x00, 0x00, 0x02, 0x00, 0x2e, 0x00, 0x00, 0x10, 0x00, 0x00
    .byte 0x01, 0x10, 0x00, 0x00, 0x02, 0x10, 0x00, 0x00, 0x02, 0x00, 0x14, 0x08, 0x00, 0x00, 0x00, 0x00
    .byte 0x00, 0x00, 0xf0, 0xff, 0xcf, 0xff, 0x10, 0x00, 0x07, 0x00, 0xe0, 0x02, 0xc0, 0x00, 0x20, 0x00
    .byte 0x08, 0x02, 0x01, 0x00, 0x00, 0x00, 0x00, 0x00, 0x00, 0x02, 0x00, 0x00, 0x00, 0x00, 0x00, 0x00
    .byte 0x00, 0x00, 0x00, 0x00, 0xff, 0xff, 0x00, 0x00, 0x00, 0x00, 0x00, 0x00, 0x00, 0x00, 0x00, 0x00
    .byte 0xff, 0xff, 0xff, 0xff, 0xff, 0xff, 0xff, 0xff, 0x00, 0x00, 0xff, 0xff, 0x01, 0x00, 0x00, 0x00
    .byte 0x00, 0x00, 0x00, 0x00, 0xf4, 0xd8, 0x0c, 0x00, 0x00, 0x00, 0x00, 0x00, 0x03, 0x00, 0x00, 0x00
    .byte 0x34, 0x23, 0x00, 0x00, 0x35, 0x23, 0x00, 0x00, 0x36, 0x23, 0x00, 0x00, 0x02, 0x00, 0x00, 0x00
    .byte 0x00, 0x00, 0x00, 0x00, 0x00, 0x00, 0xf0, 0xff, 0xcf, 0xff, 0x10, 0x00, 0x07, 0x00, 0x30, 0x02
    .byte 0x68, 0x02, 0x00, 0x00, 0x00, 0x00, 0x00, 0x00, 0x00, 0x00, 0x00, 0x00, 0x00, 0x00, 0x00, 0x00
    .byte 0x00, 0x00, 0x00, 0x00, 0x00, 0x00, 0x00, 0x00, 0xff, 0xff, 0x00, 0x00, 0x00, 0x00, 0x00, 0x00
    .byte 0x00, 0x00, 0x00, 0x00, 0xff, 0xff, 0xff, 0xff, 0xff, 0xff, 0xff, 0xff, 0x00, 0x00, 0xff, 0xff
    .byte 0xff, 0xff, 0xff, 0xff, 0x00, 0x00, 0x1f, 0x00, 0xf4, 0xd8, 0x0c, 0x00, 0x00, 0x00, 0x00, 0x00
    .byte 0x03, 0x00, 0x00, 0x00, 0x34, 0x23, 0x00, 0x00, 0x35, 0x23, 0x00, 0x00, 0x36, 0x23, 0x00, 0x00
    .byte 0x02, 0x00, 0x00, 0x00, 0x00, 0x00, 0x00, 0x00, 0x00, 0x00, 0xf0, 0xff, 0xcf, 0xff, 0x10, 0x00
    .byte 0x07, 0x00, 0x30, 0x02, 0x78, 0x02, 0x00, 0x00, 0x00, 0x00, 0x00, 0x00, 0x00, 0x00, 0x00, 0x00
    .byte 0x00, 0x00, 0x00, 0x00, 0x00, 0x00, 0x00, 0x00, 0x00, 0x00, 0x00, 0x00, 0xff, 0xff, 0x00, 0x00
    .byte 0x00, 0x00, 0x00, 0x00, 0x00, 0x00, 0x00, 0x00, 0xff, 0xff, 0xff, 0xff, 0xff, 0xff, 0xff, 0xff
    .byte 0x00, 0x00, 0xff, 0xff, 0xff, 0xff, 0xff, 0xff, 0x00, 0x00, 0x1f, 0x00, 0xf4, 0xd8, 0x0c, 0x00
    .byte 0x00, 0x00, 0x00, 0x00, 0x03, 0x00, 0x00, 0x00, 0x34, 0x23, 0x00, 0x00, 0x35, 0x23, 0x00, 0x00
    .byte 0x36, 0x23, 0x00, 0x00, 0x02, 0x01, 0x00, 0x00, 0x00, 0x00, 0x00, 0x00, 0x00, 0x00, 0xf0, 0xff
    .byte 0xcf, 0xff, 0x10, 0x00, 0x07, 0x00, 0x30, 0x02, 0x88, 0x02, 0x00, 0x00, 0x00, 0x00, 0x00, 0x00
    .byte 0x00, 0x00, 0x00, 0x00, 0x00, 0x00, 0x00, 0x00, 0x00, 0x00, 0x00, 0x00, 0x00, 0x00, 0x00, 0x00
    .byte 0xff, 0xff, 0x00, 0x00, 0x00, 0x00, 0x00, 0x00, 0x00, 0x00, 0x00, 0x00, 0xff, 0xff, 0xff, 0xff
    .byte 0xff, 0xff, 0xff, 0xff, 0x00, 0x00, 0xff, 0xff, 0xff, 0xff, 0xff, 0xff, 0x00, 0x00, 0x1f, 0x00
    .byte 0xf4, 0xd8, 0x0c, 0x00, 0x00, 0x00, 0x00, 0x00, 0x03, 0x00, 0x00, 0x00, 0x34, 0x23, 0x00, 0x00
    .byte 0x35, 0x23, 0x00, 0x00, 0x36, 0x23, 0x00, 0x00, 0x02, 0x00, 0x00, 0x00, 0x00, 0x00, 0x00, 0x00
    .byte 0x00, 0x00, 0xf0, 0xff, 0xcf, 0xff, 0x10, 0x00, 0x07, 0x00, 0x30, 0x02, 0x98, 0x02, 0x00, 0x00
    .byte 0x00, 0x00, 0x00, 0x00, 0x00, 0x00, 0x00, 0x00, 0x00, 0x00, 0x00, 0x00, 0x00, 0x00, 0x00, 0x00
    .byte 0x00, 0x00, 0x00, 0x00, 0xff, 0xff, 0x00, 0x00, 0x00, 0x00, 0x00, 0x00, 0x00, 0x00, 0x00, 0x00
    .byte 0xff, 0xff, 0xff, 0xff, 0xff, 0xff, 0xff, 0xff, 0x00, 0x00, 0xff, 0xff, 0xff, 0xff, 0xff, 0xff
    .byte 0x00, 0x00, 0x1f, 0x00, 0xf4, 0xd8, 0x0c, 0x00, 0x00, 0x00, 0x00, 0x00, 0x03, 0x00, 0x00, 0x00
    .byte 0x34, 0x23, 0x00, 0x00, 0x35, 0x23, 0x00, 0x00, 0x36, 0x23, 0x00, 0x00, 0x02, 0x01, 0x00, 0x00
    .byte 0x00, 0x00, 0x00, 0x00, 0x00, 0x00, 0xf0, 0xff, 0xcf, 0xff, 0x10, 0x00, 0x07, 0x00, 0x30, 0x02
    .byte 0xa8, 0x02, 0x00, 0x00, 0x00, 0x00, 0x00, 0x00, 0x00, 0x00, 0x00, 0x00, 0x00, 0x00, 0x00, 0x00
    .byte 0x00, 0x00, 0x00, 0x00, 0x00, 0x00, 0x00, 0x00, 0xff, 0xff, 0x00, 0x00, 0x00, 0x00, 0x00, 0x00
    .byte 0x00, 0x00, 0x00, 0x00, 0xff, 0xff, 0xff, 0xff, 0xff, 0xff, 0xff, 0xff, 0x00, 0x00, 0xff, 0xff
    .byte 0xff, 0xff, 0xff, 0xff, 0x00, 0x00, 0x1f, 0x00, 0xf4, 0xd8, 0x0c, 0x00, 0x00, 0x00, 0x00, 0x00
    .byte 0x03, 0x00, 0x00, 0x00, 0x34, 0x23, 0x00, 0x00, 0x35, 0x23, 0x00, 0x00, 0x36, 0x23, 0x00, 0x00
    .byte 0x02, 0x00, 0x00, 0x00, 0x00, 0x00, 0x00, 0x00, 0x00, 0x00, 0xf0, 0xff, 0xcf, 0xff, 0x10, 0x00
    .byte 0x07, 0x00, 0x30, 0x02, 0xb8, 0x02, 0x00, 0x00, 0x00, 0x00, 0x00, 0x00, 0x00, 0x00, 0x00, 0x00
    .byte 0x00, 0x00, 0x00, 0x00, 0x00, 0x00, 0x00, 0x00, 0x00, 0x00, 0x00, 0x00, 0xff, 0xff, 0x00, 0x00
    .byte 0x00, 0x00, 0x00, 0x00, 0x00, 0x00, 0x00, 0x00, 0xff, 0xff, 0xff, 0xff, 0xff, 0xff, 0xff, 0xff
    .byte 0x00, 0x00, 0xff, 0xff, 0xff, 0xff, 0xff, 0xff, 0x00, 0x00, 0x1f, 0x00, 0xf4, 0xd8, 0x0c, 0x00
    .byte 0x00, 0x00, 0x00, 0x00, 0x03, 0x00, 0x00, 0x00, 0x34, 0x23, 0x00, 0x00, 0x35, 0x23, 0x00, 0x00
    .byte 0x36, 0x23, 0x00, 0x00, 0x02, 0x01, 0x00, 0x00, 0x00, 0x00, 0x00, 0x00, 0x00, 0x00, 0xf0, 0xff
    .byte 0xcf, 0xff, 0x10, 0x00, 0x07, 0x00, 0x30, 0x02, 0xc8, 0x02, 0x00, 0x00, 0x00, 0x00, 0x00, 0x00
    .byte 0x00, 0x00, 0x00, 0x00, 0x00, 0x00, 0x00, 0x00, 0x00, 0x00, 0x00, 0x00, 0x00, 0x00, 0x00, 0x00
    .byte 0xff, 0xff, 0x00, 0x00, 0x00, 0x00, 0x00, 0x00, 0x00, 0x00, 0x00, 0x00, 0xff, 0xff, 0xff, 0xff
    .byte 0xff, 0xff, 0xff, 0xff, 0x00, 0x00, 0xff, 0xff, 0xff, 0xff, 0xff, 0xff, 0x00, 0x00, 0x1f, 0x00
    .byte 0xf4, 0xd8, 0x0c, 0x00, 0x00, 0x00, 0x00, 0x00, 0x03, 0x00, 0x00, 0x00, 0x34, 0x23, 0x00, 0x00
    .byte 0x35, 0x23, 0x00, 0x00, 0x36, 0x23, 0x00, 0x00, 0x02, 0x00, 0x00, 0x00, 0x00, 0x00, 0x00, 0x00
    .byte 0x00, 0x00, 0xf0, 0xff, 0xcf, 0xff, 0x10, 0x00, 0x07, 0x00, 0x30, 0x02, 0xd8, 0x02, 0x00, 0x00
    .byte 0x00, 0x00, 0x00, 0x00, 0x00, 0x00, 0x00, 0x00, 0x00, 0x00, 0x00, 0x00, 0x00, 0x00, 0x00, 0x00
    .byte 0x00, 0x00, 0x00, 0x00, 0xff, 0xff, 0x00, 0x00, 0x00, 0x00, 0x00, 0x00, 0x00, 0x00, 0x00, 0x00
    .byte 0xff, 0xff, 0xff, 0xff, 0xff, 0xff, 0xff, 0xff, 0x00, 0x00, 0xff, 0xff, 0xff, 0xff, 0xff, 0xff
    .byte 0x00, 0x00, 0x1f, 0x00, 0xf4, 0xd8, 0x0c, 0x00, 0x00, 0x00, 0x00, 0x00, 0x03, 0x00, 0x00, 0x00
    .byte 0x31, 0x23, 0x00, 0x00, 0x32, 0x23, 0x00, 0x00, 0x33, 0x23, 0x00, 0x00, 0x02, 0x01, 0x00, 0x00
    .byte 0x00, 0x00, 0x00, 0x00, 0x00, 0x00, 0xf0, 0xff, 0xf0, 0xff, 0x10, 0x00, 0x10, 0x00, 0x08, 0x02
    .byte 0x80, 0x00, 0x48, 0x00, 0x00, 0x00, 0x00, 0x00, 0x00, 0x00, 0x00, 0x00, 0x00, 0x00, 0x00, 0x00
    .byte 0x00, 0x00, 0x00, 0x00, 0x00, 0x00, 0x00, 0x00, 0x02, 0x00, 0x00, 0x00, 0x00, 0x00, 0x00, 0x00
    .byte 0x00, 0x00, 0x00, 0x00, 0xff, 0xff, 0xff, 0xff, 0xff, 0xff, 0xff, 0xff, 0x00, 0x00, 0xff, 0xff
    .byte 0xff, 0xff, 0xff, 0xff, 0x00, 0x00, 0x1f, 0x00, 0xf4, 0xd8, 0x0c, 0x00, 0x00, 0x00, 0x00, 0x00
    .byte 0x03, 0x00, 0x00, 0x00, 0x31, 0x23, 0x00, 0x00, 0x32, 0x23, 0x00, 0x00, 0x33, 0x23, 0x00, 0x00
    .byte 0x02, 0x02, 0x00, 0x00, 0x00, 0x00, 0x00, 0x00, 0x00, 0x00, 0xf0, 0xff, 0xf0, 0xff, 0x10, 0x00
    .byte 0x10, 0x00, 0x20, 0x01, 0xa0, 0x00, 0x48, 0x00, 0x00, 0x00, 0x00, 0x00, 0x00, 0x00, 0x00, 0x00
    .byte 0x00, 0x00, 0x00, 0x00, 0x00, 0x00, 0x00, 0x00, 0x00, 0x00, 0x00, 0x00, 0x02, 0x00, 0x00, 0x00
    .byte 0x00, 0x00, 0x00, 0x00, 0x00, 0x00, 0x00, 0x00, 0xff, 0xff, 0xff, 0xff, 0xff, 0xff, 0xff, 0xff
    .byte 0x00, 0x00, 0xff, 0xff, 0xff, 0xff, 0xff, 0xff, 0x00, 0x00, 0x1f, 0x00, 0xf4, 0xd8, 0x0c, 0x00
    .byte 0x00, 0x00, 0x00, 0x00, 0x03, 0x00, 0x00, 0x00, 0x31, 0x23, 0x00, 0x00, 0x32, 0x23, 0x00, 0x00
    .byte 0x33, 0x23, 0x00, 0x00, 0x02, 0x03, 0x00, 0x00, 0x00, 0x00, 0x00, 0x00, 0x00, 0x00, 0xf0, 0xff
    .byte 0xf0, 0xff, 0x10, 0x00, 0x10, 0x00, 0x70, 0x02, 0x30, 0x01, 0x48, 0x00, 0x00, 0x00, 0x00, 0x00
    .byte 0x00, 0x00, 0x00, 0x00, 0x00, 0x00, 0x00, 0x00, 0x00, 0x00, 0x00, 0x00, 0x00, 0x00, 0x00, 0x00
    .byte 0x02, 0x00, 0x00, 0x00, 0x00, 0x00, 0x00, 0x00, 0x00, 0x00, 0x00, 0x00, 0xff, 0xff, 0xff, 0xff
    .byte 0xff, 0xff, 0xff, 0xff, 0x00, 0x00, 0xff, 0xff, 0xff, 0xff, 0xff, 0xff, 0x00, 0x00, 0x1f, 0x00
    .byte 0xf4, 0xd8, 0x0c, 0x00, 0x00, 0x00, 0x00, 0x00, 0x03, 0x00, 0x00, 0x00, 0x31, 0x23, 0x00, 0x00
    .byte 0x32, 0x23, 0x00, 0x00, 0x33, 0x23, 0x00, 0x00, 0x02, 0x00, 0x00, 0x00, 0x00, 0x00, 0x00, 0x00
    .byte 0x00, 0x00, 0xf0, 0xff, 0xf0, 0xff, 0x10, 0x00, 0x10, 0x00, 0xb0, 0x03, 0x30, 0x02, 0x28, 0x00
    .byte 0x00, 0x00, 0x00, 0x00, 0x00, 0x00, 0x00, 0x00, 0x00, 0x00, 0x00, 0x00, 0x00, 0x00, 0x00, 0x00
    .byte 0x00, 0x00, 0x00, 0x00, 0x02, 0x00, 0x00, 0x00, 0x00, 0x00, 0x00, 0x00, 0x00, 0x00, 0x00, 0x00
    .byte 0xff, 0xff, 0xff, 0xff, 0xff, 0xff, 0xff, 0xff, 0x00, 0x00, 0xff, 0xff, 0xff, 0xff, 0xff, 0xff
    .byte 0x00, 0x00, 0x1f, 0x00, 0xf4, 0xd8, 0x0c, 0x00, 0x00, 0x00, 0x00, 0x00, 0x03, 0x00, 0x00, 0x00
    .byte 0x31, 0x23, 0x00, 0x00, 0x32, 0x23, 0x00, 0x00, 0x33, 0x23, 0x00, 0x00, 0x02, 0x01, 0x00, 0x00
    .byte 0x00, 0x00, 0x00, 0x00, 0x00, 0x00, 0xf0, 0xff, 0xf0, 0xff, 0x10, 0x00, 0x10, 0x00, 0x88, 0x03
    .byte 0x80, 0x00, 0x28, 0x00, 0x00, 0x00, 0x00, 0x00, 0x00, 0x00, 0x00, 0x00, 0x00, 0x00, 0x00, 0x00
    .byte 0x00, 0x00, 0x00, 0x00, 0x00, 0x00, 0x00, 0x00, 0x02, 0x00, 0x00, 0x00, 0x00, 0x00, 0x00, 0x00
    .byte 0x00, 0x00, 0x00, 0x00, 0xff, 0xff, 0xff, 0xff, 0xff, 0xff, 0xff, 0xff, 0x00, 0x00, 0xff, 0xff
    .byte 0xff, 0xff, 0xff, 0xff, 0x00, 0x00, 0x1f, 0x00, 0xf4, 0xd8, 0x0c, 0x00, 0x00, 0x00, 0x00, 0x00
    .byte 0x00, 0x00, 0x00, 0x00, 0x00, 0x00, 0x00, 0x00, 0x00, 0x00, 0x00, 0x00, 0x00, 0x00, 0x00, 0x00
    .byte 0x00, 0x00, 0x00, 0x00, 0x00, 0x00, 0x00, 0x00, 0x00, 0x00, 0x00, 0x00, 0x00, 0x00, 0x00, 0x00
    .byte 0x00, 0x00, 0x00, 0x00, 0x00, 0x00, 0x00, 0x00, 0x00, 0x00, 0x00, 0x00, 0x00, 0x00, 0x00, 0x00
    .byte 0x00, 0x00, 0x00, 0x00, 0x00, 0x00, 0x00, 0x00, 0x00, 0x00, 0x00, 0x00, 0x00, 0x00, 0x00, 0x00
    .byte 0x00, 0x00, 0x00, 0x00, 0x00, 0x00, 0x00, 0x00, 0x00, 0x00, 0x00, 0x00, 0x00, 0x00, 0x00, 0x00
    .byte 0x00, 0x00, 0x00, 0x00, 0x00, 0x00, 0x00, 0x00, 0x00, 0x00, 0x00, 0x00, 0x00, 0x00, 0x00, 0x00
    .byte 0x00, 0x00, 0x00, 0x00, 0x2c, 0x62, 0x10, 0x00, 0x00, 0x2c, 0x01, 0x10, 0x00, 0x00, 0x2c, 0x63
    .byte 0x10, 0x00, 0x00, 0x2c, 0x02, 0x00, 0x00, 0x00, 0x2c, 0x10, 0x00, 0x00, 0x00, 0x15, 0x73, 0x20
    .byte 0x00, 0x00, 0x15, 0x55, 0x20, 0x00, 0x00, 0x2c, 0x61, 0x00, 0x00, 0x00, 0x15, 0xe0, 0x2c, 0x3c
    .byte 0x00, 0x00, 0x00, 0x15, 0x07, 0x15, 0x08, 0x00, 0x15, 0x28, 0x2c, 0x00, 0x10, 0x00, 0x00, 0x2c
    .byte 0x01, 0x10, 0x00, 0x00, 0x2c, 0x02, 0x10, 0x00, 0x00, 0x2c, 0x02, 0x00, 0x00, 0x00, 0x20, 0x00
    .byte 0x00, 0x15, 0x73, 0x2c, 0x01, 0x00, 0x00, 0x00, 0x15, 0x25, 0x2c, 0x12, 0x00, 0x00, 0x00, 0x20
    .byte 0x00, 0x00, 0x15, 0x32, 0x2d, 0x58, 0x2c, 0x07, 0x00, 0x00, 0x00, 0x15, 0x47, 0x18, 0x70, 0x17
    .byte 0x00, 0x2d, 0x58, 0x2c, 0x08, 0x00, 0x00, 0x00, 0x15, 0x47, 0x18, 0x70, 0x17, 0x00, 0x15, 0x1e
    .byte 0x18, 0x70, 0x17, 0x00, 0x15, 0x75, 0x20, 0x00, 0x00, 0x15, 0x06, 0x00, 0x15, 0xa2, 0x00, 0x2c
    .byte 0x01, 0x00, 0x00, 0x00, 0x15, 0x09, 0x00, 0x20, 0x00, 0x00, 0x15, 0x09, 0x00, 0x15, 0x0d, 0x00
    .byte 0x00, 0x20, 0x00, 0x00, 0x15, 0x17, 0x00, 0x2c, 0x01, 0x00, 0x00, 0x00, 0x15, 0x25, 0x00, 0x20
    .byte 0x00, 0x00, 0x15, 0x25, 0x00, 0x20, 0x00, 0x00, 0x20, 0x00, 0x00, 0x20, 0x00, 0x00, 0x15, 0x02
    .byte 0x20, 0x00, 0x00, 0x15, 0x3d, 0x20, 0x00, 0x00, 0x15, 0x09, 0x00, 0x20, 0x00, 0x00, 0x15, 0x18
    .byte 0x20, 0x00, 0x00, 0x15, 0x19, 0x20, 0x00, 0x00, 0x15, 0x09, 0x00, 0x2c, 0x0c, 0xfe, 0xff, 0xff
    .byte 0x2c, 0x0c, 0xfe, 0xff, 0xff, 0x20, 0x00, 0x00, 0x15, 0x02, 0x20, 0x00, 0x00, 0x15, 0x09, 0x00
    .byte 0x15, 0x2c, 0x00, 0x20, 0x00, 0x00, 0x15, 0x17, 0x2c, 0x00, 0x10, 0x00, 0x00, 0x2c, 0x01, 0x10
    .byte 0x00, 0x00, 0x2c, 0x02, 0x10, 0x00, 0x00, 0x2c, 0x02, 0x00, 0x00, 0x00, 0x20, 0x00, 0x00, 0x15
    .byte 0x73, 0x2c, 0x01, 0x00, 0x00, 0x00, 0x15, 0x09, 0x20, 0x00, 0x00, 0x15, 0x75, 0x00, 0x2c, 0x06
    .byte 0x00, 0x00, 0x00, 0x20, 0x00, 0x00, 0x20, 0x00, 0x00, 0x20, 0x00, 0x00, 0x15, 0xcd, 0x00, 0x22
    .byte 0x2c, 0x15, 0x00, 0x00, 0x00, 0x2c, 0x9e, 0x00, 0x00, 0x00, 0x2c, 0x7f, 0x00, 0x00, 0x00, 0x15
    .byte 0x0a, 0x2c, 0x03, 0x10, 0x00, 0x00, 0x2c, 0x01, 0x10, 0x00, 0x00, 0x2c, 0x04, 0x10, 0x00, 0x00
    .byte 0x2c, 0x02, 0x00, 0x00, 0x00, 0x2c, 0x18, 0x00, 0x00, 0x00, 0x15, 0x73, 0x2c, 0x00, 0x01, 0x00
    .byte 0x00, 0x15, 0x17, 0x2c, 0x01, 0x00, 0x00, 0x00, 0x15, 0x06, 0x2c, 0x01, 0x00, 0x00, 0x00, 0x15
    .byte 0x09, 0x2c, 0x13, 0x00, 0x00, 0x00, 0x20, 0x00, 0x00, 0x20, 0x00, 0x00, 0x2c, 0x30, 0x00, 0x00
    .byte 0x00, 0x20, 0x00, 0x00, 0x20, 0x00, 0x00, 0x20, 0x00, 0x00, 0x15, 0x53, 0x15, 0x46, 0x15, 0x8b
    .byte 0x18, 0x70, 0x32, 0x00, 0x00, 0x00, 0x00, 0x00, 0x13, 0xc2, 0xe3, 0x21, 0x02, 0x01, 0xae, 0xe3
    .byte 0x21, 0x02, 0x2c, 0x93, 0x00, 0x00, 0x00, 0x2c, 0x01, 0x00, 0x00, 0x00, 0x20, 0x00, 0x00, 0x20
    .byte 0x00, 0x00, 0x15, 0xb8, 0x15, 0x5a, 0x20, 0x00, 0x00, 0x15, 0x75, 0x2c, 0x85, 0x03, 0x00, 0x00
    .byte 0x15, 0x36, 0x2c, 0x2b, 0x00, 0x00, 0x00, 0x15, 0x05, 0x2c, 0x01, 0x00, 0x00, 0x00, 0x15, 0x06
    .byte 0x2c, 0x5a, 0x00, 0x00, 0x00, 0x15, 0x07, 0x15, 0x08, 0x2c, 0xe0, 0x03, 0x00, 0x00, 0x15, 0x37
    .byte 0x18, 0x70, 0x32, 0x00, 0x00, 0x00, 0x00, 0x00, 0x14, 0x12, 0xe4, 0x21, 0x02, 0x01, 0xf9, 0xe3
    .byte 0x21, 0x02, 0x00, 0x20, 0x00, 0x00, 0x15, 0x75, 0x2c, 0x00, 0x01, 0x00, 0x00, 0x15, 0x17, 0x2c
    .byte 0x0f, 0x10, 0x00, 0x00, 0x2c, 0x01, 0x10, 0x00, 0x00, 0x2c, 0x10, 0x10, 0x00, 0x00, 0x2c, 0x02
    .byte 0x00, 0x00, 0x00, 0x2c, 0x21, 0x00, 0x00, 0x00, 0x15, 0x73, 0x15, 0x16, 0x15, 0x46, 0x29, 0x00
    .byte 0x66, 0x32, 0x00, 0x01, 0x00, 0x00, 0x00, 0x13, 0x5a, 0xe4, 0x21, 0x02, 0x29, 0x00, 0x66, 0x32
    .byte 0x00, 0x08, 0x00, 0x00, 0x00, 0x14, 0xdf, 0xe4, 0x21, 0x02, 0x2c, 0x03, 0x00, 0x00, 0x00, 0x38
    .byte 0x00, 0x20, 0x00, 0x00, 0x20, 0x00, 0x00, 0x20, 0x00, 0x00, 0x20, 0x00, 0x00, 0x20, 0x00, 0x00
    .byte 0x15, 0x53, 0x2c, 0x01, 0x00, 0x00, 0x00, 0x38, 0x00, 0x15, 0x85, 0x37, 0x00, 0x00, 0x32, 0x00
    .byte 0x01, 0x00, 0x00, 0x00, 0x14, 0xb4, 0xe4, 0x21, 0x02, 0x15, 0x8b, 0x18, 0x70, 0x32, 0x00, 0x00
    .byte 0x00, 0x00, 0x00, 0x13, 0x9d, 0xe4, 0x21, 0x02, 0x01, 0x89, 0xe4, 0x21, 0x02, 0x2c, 0x20, 0x03
    .byte 0x00, 0x00, 0x2c, 0x01, 0x00, 0x00, 0x00, 0x20, 0x00, 0x00, 0x20, 0x00, 0x00, 0x15, 0xb8, 0x25
    .byte 0xda, 0xe4, 0x21, 0x02, 0x15, 0x8b, 0x18, 0x70, 0x32, 0x00, 0x00, 0x00, 0x00, 0x00, 0x13, 0xc8
    .byte 0xe4, 0x21, 0x02, 0x01, 0xb4, 0xe4, 0x21, 0x02, 0x2c, 0xe1, 0x02, 0x00, 0x00, 0x2c, 0x01, 0x00
    .byte 0x00, 0x00, 0x20, 0x00, 0x00, 0x20, 0x00, 0x00, 0x15, 0xb8, 0x25, 0x42, 0xe6, 0x21, 0x02, 0x29
    .byte 0x00, 0x66, 0x32, 0x00, 0x03, 0x00, 0x00, 0x00, 0x13, 0xfb, 0xe4, 0x21, 0x02, 0x29, 0x00, 0x66
    .byte 0x32, 0x00, 0x09, 0x00, 0x00, 0x00, 0x14, 0x3f, 0xe5, 0x21, 0x02, 0x2c, 0x04, 0x00, 0x00, 0x00
    .byte 0x2c, 0x03, 0x00, 0x00, 0x00, 0x2d, 0xd9, 0x2d, 0x63, 0x20, 0x00, 0x00, 0x20, 0x00, 0x00, 0x20
    .byte 0x00, 0x00, 0x15, 0x53, 0x15, 0x8b, 0x18, 0x70, 0x32, 0x00, 0x00, 0x00, 0x00, 0x00, 0x13, 0x28
    .byte 0xe5, 0x21, 0x02, 0x01, 0x14, 0xe5, 0x21, 0x02, 0x2c, 0x01, 0x00, 0x00, 0x00, 0x2c, 0x01, 0x00
    .byte 0x00, 0x00, 0x20, 0x00, 0x00, 0x20, 0x00, 0x00, 0x15, 0xb8, 0x25, 0x42, 0xe6, 0x21, 0x02, 0x29
    .byte 0x00, 0x66, 0x32, 0x00, 0x04, 0x00, 0x00, 0x00, 0x14, 0x9a, 0xe5, 0x21, 0x02, 0x2c, 0x04, 0x00
    .byte 0x00, 0x00, 0x2c, 0x03, 0x00, 0x00, 0x00, 0x2c, 0x3d, 0x00, 0x00, 0x00, 0x2d, 0x63, 0x20, 0x00
    .byte 0x00, 0x20, 0x00, 0x00, 0x20, 0x00, 0x00, 0x15, 0x53, 0x29, 0x00, 0xd9, 0x26, 0x00, 0xc0, 0x15
    .byte 0x8b, 0x18, 0x70, 0x32, 0x00, 0x00, 0x00, 0x00, 0x00, 0x13, 0x83, 0xe5, 0x21, 0x02, 0x01, 0x6f
    .byte 0xe5, 0x21, 0x02, 0x2c, 0x02, 0x00, 0x00, 0x00, 0x2c, 0x01, 0x00, 0x00, 0x00, 0x20, 0x00, 0x00
    .byte 0x20, 0x00, 0x00, 0x15, 0xb8, 0x25, 0x42, 0xe6, 0x21, 0x02, 0x29, 0x00, 0x66, 0x32, 0x00, 0x0a
    .byte 0x00, 0x00, 0x00, 0x14, 0x08, 0xe6, 0x21, 0x02, 0x29, 0x00, 0xd9, 0x26, 0x00, 0xbe, 0x15, 0x8b
    .byte 0x18, 0x70, 0x32, 0x00, 0x00, 0x00, 0x00, 0x00, 0x13, 0xc2, 0xe5, 0x21, 0x02, 0x01, 0xae, 0xe5
    .byte 0x21, 0x02, 0x2c, 0x46, 0x00, 0x00, 0x00, 0x2c, 0x01, 0x00, 0x00, 0x00, 0x20, 0x00, 0x00, 0x20
    .byte 0x00, 0x00, 0x15, 0xb8, 0x15, 0x5a, 0x2c, 0x97, 0x03, 0x00, 0x00, 0x15, 0x37, 0x18, 0x70, 0x32
    .byte 0x00, 0x00, 0x00, 0x00, 0x00, 0x14, 0xfb, 0xe5, 0x21, 0x02, 0x2c, 0xb4, 0x03, 0x00, 0x00, 0x15
    .byte 0x35, 0x2c, 0x08, 0x00, 0x00, 0x00, 0x20, 0x00, 0x00, 0x15, 0x78, 0x2c, 0x97, 0x03, 0x00, 0x00
    .byte 0x15, 0x35, 0x00, 0x25, 0x42, 0xe6, 0x21, 0x02, 0x29, 0x00, 0x66, 0x32, 0x00, 0x0b, 0x00, 0x00
    .byte 0x00, 0x14, 0x42, 0xe6, 0x21, 0x02, 0x29, 0x00, 0xd9, 0x26, 0x00, 0xbe, 0x15, 0x8b, 0x18, 0x70
    .byte 0x32, 0x00, 0x00, 0x00, 0x00, 0x00, 0x13, 0x30, 0xe6, 0x21, 0x02, 0x01, 0x1c, 0xe6, 0x21, 0x02
    .byte 0x2c, 0x57, 0x02, 0x00, 0x00, 0x2c, 0x01, 0x00, 0x00, 0x00, 0x20, 0x00, 0x00, 0x20, 0x00, 0x00
    .byte 0x15, 0xb8, 0x15, 0x5a, 0x00, 0x20, 0x00, 0x00, 0x2c, 0x67, 0xe6, 0x21, 0x02, 0x15, 0x39, 0x20
    .byte 0x00, 0x00, 0x15, 0x42, 0x18, 0x70, 0x32, 0x00, 0x00, 0x00, 0x00, 0x00, 0x14, 0x66, 0xe6, 0x21
    .byte 0x02, 0x01, 0x4f, 0xe6, 0x21, 0x02, 0x22, 0x2c, 0x15, 0x00, 0x00, 0x00, 0x2c, 0x9d, 0x00, 0x00
    .byte 0x00, 0x2c, 0x7f, 0x00, 0x00, 0x00, 0x15, 0x0a, 0x2c, 0x00, 0x01, 0x00, 0x00, 0x15, 0x17, 0x2c
    .byte 0x0f, 0x10, 0x00, 0x00, 0x2c, 0x01, 0x10, 0x00, 0x00, 0x2c, 0x10, 0x10, 0x00, 0x00, 0x2c, 0x02
    .byte 0x00, 0x00, 0x00, 0x2c, 0x21, 0x00, 0x00, 0x00, 0x15, 0x73, 0x2c, 0x21, 0x00, 0x00, 0x00, 0x15
    .byte 0x05, 0x15, 0x16, 0x00, 0x20, 0x00, 0x00, 0x2c, 0xc6, 0xe6, 0x21, 0x02, 0x15, 0x39, 0x20, 0x00
    .byte 0x00, 0x15, 0x42, 0x18, 0x70, 0x32, 0x00, 0x00, 0x00, 0x00, 0x00, 0x14, 0xc5, 0xe6, 0x21, 0x02
    .byte 0x01, 0xae, 0xe6, 0x21, 0x02, 0x22, 0x2c, 0x15, 0x00, 0x00, 0x00, 0x2c, 0x9c, 0x00, 0x00, 0x00
    .byte 0x2c, 0x7f, 0x00, 0x00, 0x00, 0x15, 0x0a, 0x2c, 0x00, 0x01, 0x00, 0x00, 0x15, 0x17, 0x2c, 0x0f
    .byte 0x10, 0x00, 0x00, 0x2c, 0x01, 0x10, 0x00, 0x00, 0x2c, 0x10, 0x10, 0x00, 0x00, 0x2c, 0x02, 0x00
    .byte 0x00, 0x00, 0x2c, 0x21, 0x00, 0x00, 0x00, 0x15, 0x73, 0x2c, 0x21, 0x00, 0x00, 0x00, 0x15, 0x05
    .byte 0x15, 0x16, 0x00, 0x2c, 0x00, 0x10, 0x00, 0x00, 0x2c, 0x01, 0x10, 0x00, 0x00, 0x2c, 0x02, 0x10
    .byte 0x00, 0x00, 0x2c, 0x02, 0x00, 0x00, 0x00, 0x20, 0x00, 0x00, 0x15, 0x73, 0x2c, 0x01, 0x00, 0x00
    .byte 0x00, 0x15, 0x25, 0x2c, 0x12, 0x00, 0x00, 0x00, 0x20, 0x00, 0x00, 0x15, 0x32, 0x2d, 0xd2, 0x2c
    .byte 0x07, 0x00, 0x00, 0x00, 0x15, 0x47, 0x18, 0x70, 0x17, 0x00, 0x2d, 0xd2, 0x2c, 0x08, 0x00, 0x00
    .byte 0x00, 0x15, 0x47, 0x18, 0x70, 0x17, 0x00, 0x15, 0x1e, 0x18, 0x70, 0x17, 0x00, 0x15, 0x75, 0x20
    .byte 0x00, 0x00, 0x15, 0x06, 0x00, 0x2c, 0x01, 0x00, 0x00, 0x00, 0x15, 0x09, 0x2c, 0x00, 0x10, 0x00
    .byte 0x00, 0x2c, 0x01, 0x10, 0x00, 0x00, 0x2c, 0x02, 0x10, 0x00, 0x00, 0x2c, 0x02, 0x00, 0x00, 0x00
    .byte 0x20, 0x00, 0x00, 0x15, 0x73, 0x20, 0x00, 0x00, 0x15, 0x75, 0x00, 0x2c, 0x00, 0x10, 0x00, 0x00
    .byte 0x2c, 0x01, 0x10, 0x00, 0x00, 0x2c, 0x02, 0x10, 0x00, 0x00, 0x2c, 0x02, 0x00, 0x00, 0x00, 0x20
    .byte 0x00, 0x00, 0x15, 0x73, 0x2c, 0x12, 0x00, 0x00, 0x00, 0x2c, 0x08, 0x00, 0x00, 0x00, 0x15, 0x32
    .byte 0x2d, 0x02, 0x2c, 0x07, 0x00, 0x00, 0x00, 0x15, 0x47, 0x18, 0x70, 0x17, 0x00, 0x2d, 0x02, 0x2c
    .byte 0x08, 0x00, 0x00, 0x00, 0x15, 0x47, 0x18, 0x70, 0x17, 0x00, 0x15, 0x1e, 0x18, 0x70, 0x17, 0x00
    .byte 0x15, 0x75, 0x20, 0x00, 0x00, 0x15, 0x06, 0x2c, 0x01, 0x00, 0x00, 0x00, 0x15, 0x07, 0x15, 0x08
    .byte 0x25, 0xa0, 0xe7, 0x21, 0x02, 0x00, 0x2c, 0x00, 0x10, 0x00, 0x00, 0x2c, 0x01, 0x10, 0x00, 0x00
    .byte 0x2c, 0x02, 0x10, 0x00, 0x00, 0x2c, 0x02, 0x00, 0x00, 0x00, 0x2c, 0x1e, 0x00, 0x00, 0x00, 0x15
    .byte 0x73, 0x2c, 0x01, 0x00, 0x00, 0x00, 0x15, 0x06, 0x2c, 0x3c, 0x00, 0x00, 0x00, 0x15, 0x07, 0x15
    .byte 0x08, 0x00, 0x2c, 0x0b, 0x10, 0x00, 0x00, 0x2c, 0x01, 0x10, 0x00, 0x00, 0x2c, 0x0c, 0x10, 0x00
    .byte 0x00, 0x2c, 0x02, 0x00, 0x00, 0x00, 0x03, 0x00, 0x08, 0x00, 0x00, 0x00, 0x29, 0x01, 0xff, 0x04
    .byte 0x10, 0x17, 0x00, 0x15, 0x73, 0x00, 0x2c, 0x15, 0x10, 0x00, 0x00, 0x2c, 0x01, 0x10, 0x00, 0x00
    .byte 0x2c, 0x16, 0x10, 0x00, 0x00, 0x2c, 0x02, 0x00, 0x00, 0x00, 0x20, 0x00, 0x00, 0x15, 0x73, 0x20
    .byte 0x00, 0x00, 0x2c, 0x58, 0x00, 0x00, 0x00, 0x15, 0xe0, 0x03, 0x00, 0x06, 0x00, 0x00, 0x00, 0x2c
    .byte 0x01, 0x00, 0x00, 0x00, 0x2c, 0x07, 0x00, 0x00, 0x00, 0x15, 0x47, 0x18, 0x71, 0x17, 0x10, 0x2c
    .byte 0x01, 0x00, 0x00, 0x00, 0x2c, 0x08, 0x00, 0x00, 0x00, 0x15, 0x47, 0x18, 0x71, 0x17, 0x10, 0x15
    .byte 0x1e, 0x18, 0x71, 0x04, 0x10, 0x17, 0x00, 0x15, 0x05, 0x15, 0x16, 0x2c, 0x1e, 0x00, 0x00, 0x00
    .byte 0x15, 0x07, 0x15, 0x08, 0x20, 0x00, 0x00, 0x2c, 0x26, 0x00, 0x00, 0x00, 0x15, 0xe0, 0x2c, 0x0e
    .byte 0x00, 0x00, 0x00, 0x15, 0x05, 0x15, 0x16, 0x20, 0x00, 0x00, 0x15, 0x75, 0x00, 0x2c, 0x12, 0x00
    .byte 0x00, 0x00, 0x20, 0x00, 0x00, 0x15, 0x32, 0x2d, 0xd2, 0x2c, 0x07, 0x00, 0x00, 0x00, 0x15, 0x47
    .byte 0x18, 0x70, 0x17, 0x00, 0x2d, 0xd2, 0x2c, 0x08, 0x00, 0x00, 0x00, 0x15, 0x47, 0x18, 0x70, 0x17
    .byte 0x00, 0x15, 0x1e, 0x18, 0x70, 0x05, 0x00, 0x08, 0x00, 0x00, 0x00, 0x17, 0x00, 0x15, 0x05, 0x20
    .byte 0x00, 0x00, 0x15, 0x06, 0x00, 0x2c, 0x0d, 0x00, 0x00, 0x00, 0x20, 0x00, 0x00, 0x2c, 0xff, 0xff
    .byte 0xff, 0xff, 0x2c, 0xff, 0xff, 0xff, 0xff, 0x2c, 0xff, 0xff, 0xff, 0xff, 0x15, 0xdc, 0x2c, 0x26
    .byte 0x00, 0x00, 0x00, 0x15, 0x37, 0x18, 0x70, 0x14, 0x0a, 0xe9, 0x21, 0x02, 0x2c, 0x26, 0x00, 0x00
    .byte 0x00, 0x15, 0x36, 0x2c, 0x86, 0x03, 0x00, 0x00, 0x15, 0x35, 0x29, 0x00, 0xfd, 0x32, 0x00, 0x00
    .byte 0x00, 0x00, 0x00, 0x14, 0x1f, 0xe9, 0x21, 0x02, 0x2c, 0x10, 0x27, 0x00, 0x00, 0x15, 0xaa, 0x2c
    .byte 0x94, 0x0a, 0x00, 0x00, 0x15, 0x37, 0x18, 0x70, 0x13, 0x77, 0xe9, 0x21, 0x02, 0x03, 0x00, 0x92
    .byte 0x00, 0x00, 0x00, 0x35, 0x00, 0xff, 0xff, 0xff, 0xff, 0x14, 0x5d, 0xe9, 0x21, 0x02, 0x03, 0x00
    .byte 0x92, 0x00, 0x00, 0x00, 0x26, 0x00, 0xae, 0x2c, 0x15, 0x00, 0x00, 0x00, 0x2c, 0x92, 0x00, 0x00
    .byte 0x00, 0x2c, 0x7f, 0x00, 0x00, 0x00, 0x15, 0x0a, 0x25, 0x77, 0xe9, 0x21, 0x02, 0x29, 0x00, 0xae
    .byte 0x35, 0x00, 0xff, 0xff, 0xff, 0xff, 0x14, 0x77, 0xe9, 0x21, 0x02, 0x2c, 0x16, 0x00, 0x00, 0x00
    .byte 0x2d, 0xae, 0x20, 0x00, 0x00, 0x15, 0x0a, 0x29, 0x00, 0xfe, 0x32, 0x00, 0xc1, 0x00, 0x00, 0x00
    .byte 0x13, 0xa1, 0xe9, 0x21, 0x02, 0x29, 0x00, 0xfe, 0x32, 0x00, 0xc2, 0x00, 0x00, 0x00, 0x13, 0xa1
    .byte 0xe9, 0x21, 0x02, 0x29, 0x00, 0xfe, 0x32, 0x00, 0xc3, 0x00, 0x00, 0x00, 0x14, 0xa8, 0xe9, 0x21
    .byte 0x02, 0x2c, 0x9f, 0x03, 0x00, 0x00, 0x15, 0x35, 0x2c, 0xa2, 0x03, 0x00, 0x00, 0x15, 0x35, 0x2c
    .byte 0x0c, 0x00, 0x00, 0x00, 0x2c, 0xfd, 0xff, 0xff, 0xff, 0x20, 0x00, 0x00, 0x15, 0xce, 0x29, 0x00
    .byte 0xfd, 0x32, 0x00, 0x00, 0x00, 0x00, 0x00, 0x14, 0xd3, 0xe9, 0x21, 0x02, 0x2c, 0x1f, 0x00, 0x00
    .byte 0x00, 0x15, 0x35, 0x2c, 0x67, 0x03, 0x00, 0x00, 0x15, 0x37, 0x18, 0x70, 0x13, 0xa5, 0xea, 0x21
    .byte 0x02, 0x03, 0x00, 0x20, 0x00, 0x00, 0x00, 0x26, 0x00, 0x40, 0x29, 0x00, 0x40, 0x34, 0x00, 0x24
    .byte 0x00, 0x00, 0x00, 0x14, 0x3c, 0xea, 0x21, 0x02, 0x03, 0x00, 0x1e, 0x00, 0x00, 0x00, 0x26, 0x00
    .byte 0x41, 0x29, 0x00, 0x41, 0x34, 0x00, 0x1f, 0x00, 0x00, 0x00, 0x14, 0x2b, 0xea, 0x21, 0x02, 0x2d
    .byte 0x41, 0x2d, 0x40, 0x2c, 0x06, 0x00, 0x00, 0x00, 0x15, 0x3f, 0x29, 0x00, 0x41, 0x05, 0x00, 0x01
    .byte 0x00, 0x00, 0x00, 0x26, 0x00, 0x41, 0x25, 0x01, 0xea, 0x21, 0x02, 0x29, 0x00, 0x40, 0x05, 0x00
    .byte 0x01, 0x00, 0x00, 0x00, 0x26, 0x00, 0x40, 0x25, 0xea, 0xe9, 0x21, 0x02, 0x20, 0x00, 0x00, 0x15
    .byte 0x07, 0x15, 0x08, 0x03, 0x00, 0x23, 0x00, 0x00, 0x00, 0x26, 0x00, 0x40, 0x29, 0x00, 0x40, 0x34
    .byte 0x00, 0x26, 0x00, 0x00, 0x00, 0x14, 0x9e, 0xea, 0x21, 0x02, 0x03, 0x00, 0x1f, 0x00, 0x00, 0x00
    .byte 0x26, 0x00, 0x41, 0x29, 0x00, 0x41, 0x34, 0x00, 0x20, 0x00, 0x00, 0x00, 0x14, 0x8d, 0xea, 0x21
    .byte 0x02, 0x2d, 0x41, 0x2d, 0x40, 0x2c, 0x06, 0x00, 0x00, 0x00, 0x15, 0x3f, 0x29, 0x00, 0x41, 0x05
    .byte 0x00, 0x01, 0x00, 0x00, 0x00, 0x26, 0x00, 0x41, 0x25, 0x63, 0xea, 0x21, 0x02, 0x29, 0x00, 0x40
    .byte 0x05, 0x00, 0x01, 0x00, 0x00, 0x00, 0x26, 0x00, 0x40, 0x25, 0x4c, 0xea, 0x21, 0x02, 0x20, 0x00
    .byte 0x00, 0x15, 0x07, 0x15, 0x08, 0x2c, 0x64, 0x03, 0x00, 0x00, 0x15, 0x37, 0x18, 0x70, 0x14, 0xf1
    .byte 0xea, 0x21, 0x02, 0x29, 0x00, 0xfd, 0x32, 0x00, 0x6b, 0x00, 0x00, 0x00, 0x14, 0xf1, 0xea, 0x21
    .byte 0x02, 0x2c, 0x67, 0x03, 0x00, 0x00, 0x15, 0x37, 0x18, 0x70, 0x14, 0xf1, 0xea, 0x21, 0x02, 0x2c
    .byte 0x64, 0x03, 0x00, 0x00, 0x15, 0x36, 0x20, 0x00, 0x00, 0x15, 0x7e, 0x2c, 0x03, 0x00, 0x00, 0x00
    .byte 0x2c, 0xff, 0xf5, 0x21, 0x02, 0x15, 0x29, 0x2c, 0x05, 0x00, 0x00, 0x00, 0x15, 0x07, 0x15, 0x08
    .byte 0x00, 0x2c, 0x05, 0x00, 0x00, 0x00, 0x15, 0x07, 0x15, 0x08, 0x00, 0x20, 0x00, 0x00, 0x15, 0x09
    .byte 0x2c, 0x30, 0x00, 0x00, 0x00, 0x15, 0x37, 0x18, 0x70, 0x14, 0x22, 0xeb, 0x21, 0x02, 0x2c, 0x30
    .byte 0x00, 0x00, 0x00, 0x15, 0x36, 0x2c, 0x03, 0x00, 0x00, 0x00, 0x2c, 0xa8, 0xeb, 0x21, 0x02, 0x15
    .byte 0x29, 0x00, 0x2c, 0x02, 0x00, 0x00, 0x00, 0x2c, 0x2f, 0xeb, 0x21, 0x02, 0x15, 0x29, 0x00, 0x20
    .byte 0x00, 0x00, 0x15, 0x9b, 0x18, 0x70, 0x14, 0x4f, 0xeb, 0x21, 0x02, 0x20, 0x00, 0x00, 0x2c, 0xff
    .byte 0xff, 0xff, 0xff, 0x2c, 0xff, 0xff, 0xff, 0xff, 0x2c, 0xff, 0xff, 0xff, 0xff, 0x15, 0x89, 0x2c
    .byte 0x0b, 0x00, 0x00, 0x00, 0x2c, 0x01, 0x00, 0x00, 0x00, 0x15, 0x78, 0x20, 0x00, 0x00, 0x2c, 0xd5
    .byte 0xec, 0x21, 0x02, 0x15, 0x39, 0x2c, 0x32, 0x00, 0x00, 0x00, 0x15, 0x07, 0x15, 0x08, 0x20, 0x00
    .byte 0x00, 0x15, 0x42, 0x18, 0x70, 0x32, 0x00, 0x00, 0x00, 0x00, 0x00, 0x14, 0x85, 0xeb, 0x21, 0x02
    .byte 0x01, 0x6e, 0xeb, 0x21, 0x02, 0x2c, 0xc3, 0x00, 0x00, 0x00, 0x2c, 0xf0, 0x03, 0x00, 0x00, 0x2c
    .byte 0x28, 0x02, 0x00, 0x00, 0x20, 0x00, 0x00, 0x15, 0x4a, 0x2c, 0x30, 0x00, 0x00, 0x00, 0x15, 0x35
    .byte 0x2c, 0x26, 0x00, 0x00, 0x00, 0x15, 0x35, 0x00, 0x20, 0x00, 0x00, 0x2c, 0xff, 0xff, 0xff, 0xff
    .byte 0x2c, 0xff, 0xff, 0xff, 0xff, 0x15, 0xdd, 0x18, 0x70, 0x14, 0x0d, 0xec, 0x21, 0x02, 0x2c, 0x03
    .byte 0x00, 0x00, 0x00, 0x2c, 0xff, 0xff, 0xff, 0xff, 0x2c, 0xff, 0xff, 0xff, 0xff, 0x15, 0xdd, 0x18
    .byte 0x70, 0x32, 0x00, 0x00, 0x00, 0x00, 0x00, 0x14, 0x0d, 0xec, 0x21, 0x02, 0x2c, 0x01, 0x00, 0x00
    .byte 0x00, 0x2c, 0x01, 0x00, 0x00, 0x00, 0x15, 0x71, 0x2c, 0x01, 0x00, 0x00, 0x00, 0x2c, 0x71, 0xed
    .byte 0x21, 0x02, 0x15, 0x39, 0x2c, 0x01, 0x00, 0x00, 0x00, 0x15, 0x42, 0x18, 0x70, 0x32, 0x00, 0x00
    .byte 0x00, 0x00, 0x00, 0x14, 0x0d, 0xec, 0x21, 0x02, 0x01, 0xf4, 0xeb, 0x21, 0x02, 0x20, 0x00, 0x00
    .byte 0x15, 0x9b, 0x18, 0x70, 0x14, 0x2d, 0xec, 0x21, 0x02, 0x20, 0x00, 0x00, 0x2c, 0xff, 0xff, 0xff
    .byte 0xff, 0x2c, 0xff, 0xff, 0xff, 0xff, 0x2c, 0xff, 0xff, 0xff, 0xff, 0x15, 0x89, 0x2c, 0x0b, 0x00
    .byte 0x00, 0x00, 0x2c, 0x02, 0x00, 0x00, 0x00, 0x15, 0x78, 0x2c, 0x01, 0x00, 0x00, 0x00, 0x15, 0x07
    .byte 0x15, 0x08, 0x2c, 0x01, 0x00, 0x00, 0x00, 0x2c, 0x03, 0x00, 0x00, 0x00, 0x15, 0x4b, 0x20, 0x00
    .byte 0x00, 0x2c, 0x1c, 0xed, 0x21, 0x02, 0x15, 0x39, 0x20, 0x00, 0x00, 0x2c, 0xff, 0xff, 0xff, 0xff
    .byte 0x2c, 0xff, 0xff, 0xff, 0xff, 0x15, 0xdd, 0x18, 0x70, 0x14, 0xb1, 0xec, 0x21, 0x02, 0x2c, 0x03
    .byte 0x00, 0x00, 0x00, 0x2c, 0xff, 0xff, 0xff, 0xff, 0x2c, 0xff, 0xff, 0xff, 0xff, 0x15, 0xdd, 0x18
    .byte 0x70, 0x32, 0x00, 0x00, 0x00, 0x00, 0x00, 0x14, 0xb1, 0xec, 0x21, 0x02, 0x2c, 0x01, 0x00, 0x00
    .byte 0x00, 0x2c, 0x96, 0xed, 0x21, 0x02, 0x15, 0x39, 0x2c, 0x01, 0x00, 0x00, 0x00, 0x15, 0x42, 0x18
    .byte 0x70, 0x32, 0x00, 0x00, 0x00, 0x00, 0x00, 0x14, 0xb1, 0xec, 0x21, 0x02, 0x01, 0x98, 0xec, 0x21
    .byte 0x02, 0x20, 0x00, 0x00, 0x15, 0x42, 0x18, 0x70, 0x32, 0x00, 0x00, 0x00, 0x00, 0x00, 0x14, 0xc8
    .byte 0xec, 0x21, 0x02, 0x01, 0xb1, 0xec, 0x21, 0x02, 0x2c, 0x02, 0x00, 0x00, 0x00, 0x2c, 0x2f, 0xeb
    .byte 0x21, 0x02, 0x15, 0x29, 0x00, 0x20, 0x00, 0x00, 0x15, 0x18, 0x20, 0x00, 0x00, 0x15, 0x19, 0x2c
    .byte 0x00, 0x10, 0x00, 0x00, 0x2c, 0x01, 0x10, 0x00, 0x00, 0x2c, 0x02, 0x10, 0x00, 0x00, 0x2c, 0x02
    .byte 0x00, 0x00, 0x00, 0x20, 0x00, 0x00, 0x15, 0x73, 0x2c, 0x01, 0x00, 0x00, 0x00, 0x15, 0x2b, 0x2c
    .byte 0xe0, 0xff, 0xff, 0xff, 0x20, 0x00, 0x00, 0x20, 0x00, 0x00, 0x2c, 0x00, 0x18, 0x00, 0x00, 0x2c
    .byte 0x04, 0x00, 0x00, 0x00, 0x20, 0x00, 0x00, 0x15, 0x1a, 0x15, 0x21, 0x00, 0x20, 0x00, 0x00, 0x15
    .byte 0x18, 0x20, 0x00, 0x00, 0x15, 0x19, 0x2c, 0x00, 0x10, 0x00, 0x00, 0x2c, 0x01, 0x10, 0x00, 0x00
    .byte 0x2c, 0x02, 0x10, 0x00, 0x00, 0x2c, 0x02, 0x00, 0x00, 0x00, 0x20, 0x00, 0x00, 0x15, 0x73, 0x2c
    .byte 0x01, 0x00, 0x00, 0x00, 0x15, 0x2b, 0x2c, 0x40, 0x00, 0x00, 0x00, 0x20, 0x00, 0x00, 0x20, 0x00
    .byte 0x00, 0x2c, 0x00, 0x18, 0x00, 0x00, 0x2c, 0x04, 0x00, 0x00, 0x00, 0x20, 0x00, 0x00, 0x15, 0x1a
    .byte 0x15, 0x21, 0x2c, 0x01, 0x00, 0x00, 0x00, 0x15, 0x18, 0x2c, 0x01, 0x00, 0x00, 0x00, 0x15, 0x19
    .byte 0x00, 0x20, 0x00, 0x00, 0x15, 0x18, 0x20, 0x00, 0x00, 0x15, 0x18, 0x15, 0x1f, 0x18, 0x70, 0x05
    .byte 0x00, 0xe0, 0xff, 0xff, 0xff, 0x17, 0x00, 0x15, 0x20, 0x18, 0x70, 0x17, 0x00, 0x15, 0x27, 0x18
    .byte 0x70, 0x17, 0x00, 0x15, 0x02, 0x00, 0x2c, 0x01, 0x00, 0x00, 0x00, 0x15, 0x2b, 0x2c, 0x40, 0x00
    .byte 0x00, 0x00, 0x20, 0x00, 0x00, 0x20, 0x00, 0x00, 0x2c, 0x00, 0x18, 0x00, 0x00, 0x2c, 0x04, 0x00
    .byte 0x00, 0x00, 0x20, 0x00, 0x00, 0x15, 0x1a, 0x15, 0x21, 0x2c, 0x01, 0x00, 0x00, 0x00, 0x15, 0x18
    .byte 0x2c, 0x01, 0x00, 0x00, 0x00, 0x15, 0x18, 0x15, 0x2c, 0x00, 0x2c, 0x01, 0x00, 0x00, 0x00, 0x2c
    .byte 0xe0, 0xff, 0xff, 0xff, 0x20, 0x00, 0x00, 0x2c, 0x20, 0x00, 0x00, 0x00, 0x2c, 0x30, 0x00, 0x00
    .byte 0x00, 0x15, 0xd8, 0x2c, 0x01, 0x00, 0x00, 0x00, 0x2c, 0xe0, 0xff, 0xff, 0xff, 0x20, 0x00, 0x00
    .byte 0x2c, 0x20, 0x00, 0x00, 0x00, 0x2c, 0x30, 0x00, 0x00, 0x00, 0x15, 0x5c, 0x2c, 0x67, 0x03, 0x00
    .byte 0x00, 0x15, 0x37, 0x18, 0x70, 0x14, 0x44, 0xee, 0x21, 0x02, 0x2c, 0x86, 0x09, 0x00, 0x00, 0x15
    .byte 0x37, 0x18, 0x70, 0x13, 0x3c, 0xee, 0x21, 0x02, 0x2c, 0x03, 0x00, 0x00, 0x00, 0x15, 0x05, 0x2c
    .byte 0x01, 0x00, 0x00, 0x00, 0x2c, 0x12, 0xf4, 0x21, 0x02, 0x15, 0x29, 0x2c, 0x01, 0x00, 0x00, 0x00
    .byte 0x15, 0xd7, 0x01, 0xa9, 0xf3, 0x21, 0x02, 0x25, 0x43, 0xee, 0x21, 0x02, 0x2c, 0x03, 0x00, 0x00
    .byte 0x00, 0x15, 0x05, 0x00, 0x20, 0x00, 0x00, 0x15, 0x05, 0x2c, 0x01, 0x00, 0x00, 0x00, 0x15, 0x06
    .byte 0x2c, 0x18, 0x00, 0x00, 0x00, 0x2c, 0x01, 0x00, 0x00, 0x00, 0x15, 0x10, 0x18, 0x70, 0x24, 0x00
    .byte 0x20, 0x00, 0x00, 0x00, 0x17, 0x00, 0x15, 0x11, 0x18, 0x70, 0x05, 0x00, 0x3a, 0x00, 0x00, 0x00
    .byte 0x24, 0x00, 0x20, 0x00, 0x00, 0x00, 0x17, 0x00, 0x2c, 0x28, 0x00, 0x00, 0x00, 0x2c, 0xff, 0xff
    .byte 0xff, 0xff, 0x2c, 0xff, 0xff, 0xff, 0xff, 0x15, 0x53, 0x2c, 0x18, 0x00, 0x00, 0x00, 0x2c, 0x01
    .byte 0x00, 0x00, 0x00, 0x15, 0x10, 0x18, 0x70, 0x05, 0x00, 0x23, 0x00, 0x00, 0x00, 0x17, 0x00, 0x15
    .byte 0x11, 0x18, 0x70, 0x05, 0x00, 0x36, 0x00, 0x00, 0x00, 0x24, 0x00, 0x20, 0x00, 0x00, 0x00, 0x17
    .byte 0x00, 0x2c, 0x28, 0x00, 0x00, 0x00, 0x2c, 0xff, 0xff, 0xff, 0xff, 0x2c, 0xff, 0xff, 0xff, 0xff
    .byte 0x15, 0x53, 0x2c, 0x01, 0x00, 0x00, 0x00, 0x15, 0x07, 0x15, 0x08, 0x2c, 0x18, 0x00, 0x00, 0x00
    .byte 0x2c, 0x01, 0x00, 0x00, 0x00, 0x15, 0x10, 0x18, 0x70, 0x24, 0x00, 0x1a, 0x00, 0x00, 0x00, 0x17
    .byte 0x00, 0x15, 0x11, 0x18, 0x70, 0x05, 0x00, 0x50, 0x00, 0x00, 0x00, 0x24, 0x00, 0x20, 0x00, 0x00
    .byte 0x00, 0x17, 0x00, 0x2c, 0x28, 0x00, 0x00, 0x00, 0x2c, 0xff, 0xff, 0xff, 0xff, 0x2c, 0xff, 0xff
    .byte 0xff, 0xff, 0x15, 0x53, 0x2c, 0x18, 0x00, 0x00, 0x00, 0x2c, 0x01, 0x00, 0x00, 0x00, 0x15, 0x10
    .byte 0x18, 0x70, 0x05, 0x00, 0x1f, 0x00, 0x00, 0x00, 0x17, 0x00, 0x15, 0x11, 0x18, 0x70, 0x05, 0x00
    .byte 0x52, 0x00, 0x00, 0x00, 0x24, 0x00, 0x20, 0x00, 0x00, 0x00, 0x17, 0x00, 0x2c, 0x28, 0x00, 0x00
    .byte 0x00, 0x2c, 0xff, 0xff, 0xff, 0xff, 0x2c, 0xff, 0xff, 0xff, 0xff, 0x15, 0x53, 0x2c, 0x01, 0x00
    .byte 0x00, 0x00, 0x15, 0x07, 0x15, 0x08, 0x2c, 0x18, 0x00, 0x00, 0x00, 0x2c, 0x01, 0x00, 0x00, 0x00
    .byte 0x15, 0x10, 0x18, 0x70, 0x24, 0x00, 0x0c, 0x00, 0x00, 0x00, 0x17, 0x00, 0x15, 0x11, 0x18, 0x70
    .byte 0x05, 0x00, 0x67, 0x00, 0x00, 0x00, 0x24, 0x00, 0x20, 0x00, 0x00, 0x00, 0x17, 0x00, 0x2c, 0x28
    .byte 0x00, 0x00, 0x00, 0x2c, 0xff, 0xff, 0xff, 0xff, 0x2c, 0xff, 0xff, 0xff, 0xff, 0x15, 0x53, 0x2c
    .byte 0x18, 0x00, 0x00, 0x00, 0x2c, 0x01, 0x00, 0x00, 0x00, 0x15, 0x10, 0x18, 0x70, 0x05, 0x00, 0x12
    .byte 0x00, 0x00, 0x00, 0x17, 0x00, 0x15, 0x11, 0x18, 0x70, 0x05, 0x00, 0x68, 0x00, 0x00, 0x00, 0x24
    .byte 0x00, 0x20, 0x00, 0x00, 0x00, 0x17, 0x00, 0x2c, 0x28, 0x00, 0x00, 0x00, 0x2c, 0xff, 0xff, 0xff
    .byte 0xff, 0x2c, 0xff, 0xff, 0xff, 0xff, 0x15, 0x53, 0x2c, 0x01, 0x00, 0x00, 0x00, 0x15, 0x07, 0x15
    .byte 0x08, 0x01, 0x50, 0xee, 0x21, 0x02, 0x00, 0x20, 0x00, 0x00, 0x15, 0x05, 0x2c, 0x01, 0x00, 0x00
    .byte 0x00, 0x15, 0x06, 0x03, 0x00, 0x00, 0x00, 0x00, 0x00, 0x26, 0x00, 0xbe, 0x29, 0x00, 0xbe, 0x34
    .byte 0x00, 0x09, 0x00, 0x00, 0x00, 0x14, 0x63, 0xf1, 0x21, 0x02, 0x2c, 0x18, 0x00, 0x00, 0x00, 0x2c
    .byte 0x01, 0x00, 0x00, 0x00, 0x15, 0x10, 0x18, 0x70, 0x24, 0x00, 0x20, 0x00, 0x00, 0x00, 0x17, 0x00
    .byte 0x15, 0x11, 0x18, 0x70, 0x05, 0x00, 0x3a, 0x00, 0x00, 0x00, 0x24, 0x00, 0x20, 0x00, 0x00, 0x00
    .byte 0x17, 0x00, 0x2c, 0x28, 0x00, 0x00, 0x00, 0x2c, 0xff, 0xff, 0xff, 0xff, 0x2c, 0xff, 0xff, 0xff
    .byte 0xff, 0x15, 0x53, 0x2c, 0x18, 0x00, 0x00, 0x00, 0x2c, 0x01, 0x00, 0x00, 0x00, 0x15, 0x10, 0x18
    .byte 0x70, 0x05, 0x00, 0x23, 0x00, 0x00, 0x00, 0x17, 0x00, 0x15, 0x11, 0x18, 0x70, 0x05, 0x00, 0x36
    .byte 0x00, 0x00, 0x00, 0x24, 0x00, 0x20, 0x00, 0x00, 0x00, 0x17, 0x00, 0x2c, 0x28, 0x00, 0x00, 0x00
    .byte 0x2c, 0xff, 0xff, 0xff, 0xff, 0x2c, 0xff, 0xff, 0xff, 0xff, 0x15, 0x53, 0x2d, 0xbe, 0x15, 0x07
    .byte 0x15, 0x08, 0x2c, 0x18, 0x00, 0x00, 0x00, 0x2c, 0x01, 0x00, 0x00, 0x00, 0x15, 0x10, 0x18, 0x70
    .byte 0x24, 0x00, 0x1a, 0x00, 0x00, 0x00, 0x17, 0x00, 0x15, 0x11, 0x18, 0x70, 0x05, 0x00, 0x50, 0x00
    .byte 0x00, 0x00, 0x24, 0x00, 0x20, 0x00, 0x00, 0x00, 0x17, 0x00, 0x2c, 0x28, 0x00, 0x00, 0x00, 0x2c
    .byte 0xff, 0xff, 0xff, 0xff, 0x2c, 0xff, 0xff, 0xff, 0xff, 0x15, 0x53, 0x2c, 0x18, 0x00, 0x00, 0x00
    .byte 0x2c, 0x01, 0x00, 0x00, 0x00, 0x15, 0x10, 0x18, 0x70, 0x05, 0x00, 0x1f, 0x00, 0x00, 0x00, 0x17
    .byte 0x00, 0x15, 0x11, 0x18, 0x70, 0x05, 0x00, 0x52, 0x00, 0x00, 0x00, 0x24, 0x00, 0x20, 0x00, 0x00
    .byte 0x00, 0x17, 0x00, 0x2c, 0x28, 0x00, 0x00, 0x00, 0x2c, 0xff, 0xff, 0xff, 0xff, 0x2c, 0xff, 0xff
    .byte 0xff, 0xff, 0x15, 0x53, 0x2d, 0xbe, 0x15, 0x07, 0x15, 0x08, 0x2c, 0x18, 0x00, 0x00, 0x00, 0x2c
    .byte 0x01, 0x00, 0x00, 0x00, 0x15, 0x10, 0x18, 0x70, 0x24, 0x00, 0x0c, 0x00, 0x00, 0x00, 0x17, 0x00
    .byte 0x15, 0x11, 0x18, 0x70, 0x05, 0x00, 0x67, 0x00, 0x00, 0x00, 0x24, 0x00, 0x20, 0x00, 0x00, 0x00
    .byte 0x17, 0x00, 0x2c, 0x28, 0x00, 0x00, 0x00, 0x2c, 0xff, 0xff, 0xff, 0xff, 0x2c, 0xff, 0xff, 0xff
    .byte 0xff, 0x15, 0x53, 0x2c, 0x18, 0x00, 0x00, 0x00, 0x2c, 0x01, 0x00, 0x00, 0x00, 0x15, 0x10, 0x18
    .byte 0x70, 0x05, 0x00, 0x12, 0x00, 0x00, 0x00, 0x17, 0x00, 0x15, 0x11, 0x18, 0x70, 0x05, 0x00, 0x68
    .byte 0x00, 0x00, 0x00, 0x24, 0x00, 0x20, 0x00, 0x00, 0x00, 0x17, 0x00, 0x2c, 0x28, 0x00, 0x00, 0x00
    .byte 0x2c, 0xff, 0xff, 0xff, 0xff, 0x2c, 0xff, 0xff, 0xff, 0xff, 0x15, 0x53, 0x2d, 0xbe, 0x15, 0x07
    .byte 0x15, 0x08, 0x29, 0x00, 0xbe, 0x05, 0x00, 0x01, 0x00, 0x00, 0x00, 0x26, 0x00, 0xbe, 0x25, 0xdc
    .byte 0xef, 0x21, 0x02, 0x00, 0x20, 0x00, 0x00, 0x2c, 0x80, 0xab, 0x00, 0x00, 0x15, 0xe0, 0x2c, 0x01
    .byte 0x00, 0x00, 0x00, 0x15, 0x05, 0x15, 0x16, 0x2c, 0x02, 0x00, 0x00, 0x00, 0x15, 0x05, 0x15, 0x10
    .byte 0x18, 0x70, 0x28, 0x00, 0x06, 0x15, 0x11, 0x18, 0x70, 0x05, 0x00, 0x30, 0x00, 0x00, 0x00, 0x28
    .byte 0x00, 0x07, 0x2c, 0x08, 0x00, 0x00, 0x00, 0x2c, 0x09, 0x00, 0x00, 0x00, 0x15, 0xe0, 0x2c, 0x01
    .byte 0x00, 0x00, 0x00, 0x15, 0x07, 0x15, 0x08, 0x20, 0x00, 0x00, 0x2c, 0x80, 0x04, 0x00, 0x00, 0x15
    .byte 0xe0, 0x2c, 0x1b, 0x00, 0x00, 0x00, 0x20, 0x00, 0x00, 0x2b, 0x00, 0x06, 0x05, 0x00, 0x00, 0x00
    .byte 0x00, 0x00, 0x17, 0x00, 0x2b, 0x00, 0x07, 0x24, 0x00, 0x08, 0x00, 0x00, 0x00, 0x17, 0x00, 0x2c
    .byte 0x08, 0x00, 0x00, 0x00, 0x2c, 0xff, 0xff, 0xff, 0xff, 0x2c, 0xff, 0xff, 0xff, 0xff, 0x15, 0x53
    .byte 0x2c, 0x06, 0x00, 0x00, 0x00, 0x15, 0x07, 0x15, 0x08, 0x2c, 0x1b, 0x00, 0x00, 0x00, 0x20, 0x00
    .byte 0x00, 0x2b, 0x00, 0x06, 0x05, 0x00, 0x06, 0x00, 0x00, 0x00, 0x17, 0x00, 0x2b, 0x00, 0x07, 0x24
    .byte 0x00, 0x08, 0x00, 0x00, 0x00, 0x17, 0x00, 0x2c, 0x08, 0x00, 0x00, 0x00, 0x2c, 0xff, 0xff, 0xff
    .byte 0xff, 0x2c, 0xff, 0xff, 0xff, 0xff, 0x15, 0x53, 0x2c, 0x06, 0x00, 0x00, 0x00, 0x15, 0x07, 0x15
    .byte 0x08, 0x2c, 0x1b, 0x00, 0x00, 0x00, 0x20, 0x00, 0x00, 0x2b, 0x00, 0x06, 0x05, 0x00, 0x08, 0x00
    .byte 0x00, 0x00, 0x17, 0x00, 0x2b, 0x00, 0x07, 0x05, 0x00, 0x00, 0x00, 0x00, 0x00, 0x17, 0x00, 0x2c
    .byte 0x08, 0x00, 0x00, 0x00, 0x2c, 0xff, 0xff, 0xff, 0xff, 0x2c, 0xff, 0xff, 0xff, 0xff, 0x15, 0x53
    .byte 0x2c, 0x06, 0x00, 0x00, 0x00, 0x15, 0x07, 0x15, 0x08, 0x2c, 0x1b, 0x00, 0x00, 0x00, 0x20, 0x00
    .byte 0x00, 0x2b, 0x00, 0x06, 0x05, 0x00, 0x06, 0x00, 0x00, 0x00, 0x17, 0x00, 0x2b, 0x00, 0x07, 0x05
    .byte 0x00, 0x06, 0x00, 0x00, 0x00, 0x17, 0x00, 0x2c, 0x08, 0x00, 0x00, 0x00, 0x2c, 0xff, 0xff, 0xff
    .byte 0xff, 0x2c, 0xff, 0xff, 0xff, 0xff, 0x15, 0x53, 0x2c, 0x06, 0x00, 0x00, 0x00, 0x15, 0x07, 0x15
    .byte 0x08, 0x2c, 0x1b, 0x00, 0x00, 0x00, 0x20, 0x00, 0x00, 0x2b, 0x00, 0x06, 0x05, 0x00, 0x00, 0x00
    .byte 0x00, 0x00, 0x17, 0x00, 0x2b, 0x00, 0x07, 0x05, 0x00, 0x08, 0x00, 0x00, 0x00, 0x17, 0x00, 0x2c
    .byte 0x08, 0x00, 0x00, 0x00, 0x2c, 0xff, 0xff, 0xff, 0xff, 0x2c, 0xff, 0xff, 0xff, 0xff, 0x15, 0x53
    .byte 0x2c, 0x06, 0x00, 0x00, 0x00, 0x15, 0x07, 0x15, 0x08, 0x2c, 0x03, 0x00, 0x00, 0x00, 0x15, 0x05
    .byte 0x2c, 0x01, 0x00, 0x00, 0x00, 0x15, 0x06, 0x2c, 0x1b, 0x00, 0x00, 0x00, 0x20, 0x00, 0x00, 0x2b
    .byte 0x00, 0x06, 0x24, 0x00, 0x06, 0x00, 0x00, 0x00, 0x17, 0x00, 0x2b, 0x00, 0x07, 0x05, 0x00, 0x06
    .byte 0x00, 0x00, 0x00, 0x17, 0x00, 0x2c, 0x08, 0x00, 0x00, 0x00, 0x2c, 0xff, 0xff, 0xff, 0xff, 0x2c
    .byte 0xff, 0xff, 0xff, 0xff, 0x15, 0x53, 0x2c, 0x06, 0x00, 0x00, 0x00, 0x15, 0x07, 0x15, 0x08, 0x2c
    .byte 0x1b, 0x00, 0x00, 0x00, 0x20, 0x00, 0x00, 0x2b, 0x00, 0x06, 0x24, 0x00, 0x08, 0x00, 0x00, 0x00
    .byte 0x17, 0x00, 0x2b, 0x00, 0x07, 0x05, 0x00, 0x00, 0x00, 0x00, 0x00, 0x17, 0x00, 0x2c, 0x08, 0x00
    .byte 0x00, 0x00, 0x2c, 0xff, 0xff, 0xff, 0xff, 0x2c, 0xff, 0xff, 0xff, 0xff, 0x15, 0x53, 0x2c, 0x06
    .byte 0x00, 0x00, 0x00, 0x15, 0x07, 0x15, 0x08, 0x2c, 0x1b, 0x00, 0x00, 0x00, 0x20, 0x00, 0x00, 0x2b
    .byte 0x00, 0x06, 0x24, 0x00, 0x08, 0x00, 0x00, 0x00, 0x17, 0x00, 0x2b, 0x00, 0x07, 0x05, 0x00, 0x00
    .byte 0x00, 0x00, 0x00, 0x17, 0x00, 0x2c, 0x08, 0x00, 0x00, 0x00, 0x2c, 0xff, 0xff, 0xff, 0xff, 0x2c
    .byte 0xff, 0xff, 0xff, 0xff, 0x15, 0x53, 0x2c, 0x06, 0x00, 0x00, 0x00, 0x15, 0x07, 0x15, 0x08, 0x2c
    .byte 0x1b, 0x00, 0x00, 0x00, 0x2c, 0x80, 0x04, 0x00, 0x00, 0x20, 0x00, 0x00, 0x2c, 0x3c, 0x00, 0x00
    .byte 0x00, 0x15, 0x0c, 0x2c, 0x3c, 0x00, 0x00, 0x00, 0x15, 0x07, 0x15, 0x08, 0x2c, 0x08, 0x00, 0x00
    .byte 0x00, 0x2c, 0x09, 0x00, 0x00, 0x00, 0x15, 0xe0, 0x00, 0x2c, 0x0c, 0x00, 0x00, 0x00, 0x20, 0x00
    .byte 0x00, 0x15, 0x10, 0x18, 0x70, 0x05, 0x00, 0x10, 0x00, 0x00, 0x00, 0x2c, 0x20, 0x00, 0x00, 0x00
    .byte 0x15, 0x01, 0x18, 0x71, 0x23, 0x10, 0x17, 0x00, 0x15, 0x11, 0x18, 0x70, 0x24, 0x00, 0x10, 0x00
    .byte 0x00, 0x00, 0x05, 0x00, 0x10, 0x00, 0x00, 0x00, 0x2c, 0x20, 0x00, 0x00, 0x00, 0x15, 0x01, 0x18
    .byte 0x71, 0x23, 0x10, 0x17, 0x00, 0x2c, 0x08, 0x00, 0x00, 0x00, 0x2c, 0x08, 0x00, 0x00, 0x00, 0x2c
    .byte 0xff, 0xff, 0xff, 0xff, 0x15, 0x53, 0x03, 0x00, 0x3c, 0x00, 0x00, 0x00, 0x2c, 0x3c, 0x00, 0x00
    .byte 0x00, 0x15, 0x01, 0x18, 0x71, 0x04, 0x10, 0x17, 0x00, 0x15, 0x07, 0x15, 0x08, 0x01, 0xa9, 0xf3
    .byte 0x21, 0x02, 0x2c, 0x86, 0x09, 0x00, 0x00, 0x15, 0x35, 0x2c, 0x01, 0x00, 0x00, 0x00, 0x20, 0x00
    .byte 0x00, 0x15, 0x29, 0x20, 0x00, 0x00, 0x15, 0xd7, 0x2c, 0x84, 0x02, 0x00, 0x00, 0x15, 0xaa, 0x03
    .byte 0x00, 0x01, 0x00, 0x00, 0x00, 0x26, 0x00, 0x66, 0x03, 0x00, 0x00, 0x00, 0x00, 0x00, 0x26, 0x00
    .byte 0xd9, 0x03, 0x00, 0x01, 0x00, 0x00, 0x00, 0x32, 0x00, 0x01, 0x00, 0x00, 0x00, 0x13, 0x63, 0xf4
    .byte 0x21, 0x02, 0x03, 0x00, 0x01, 0x00, 0x00, 0x00, 0x32, 0x00, 0x08, 0x00, 0x00, 0x00, 0x14, 0x71
    .byte 0xf4, 0x21, 0x02, 0x03, 0x00, 0x84, 0x02, 0x00, 0x00, 0x36, 0x00, 0x00, 0x25, 0x7a, 0xf4, 0x21
    .byte 0x02, 0x03, 0x00, 0x84, 0x02, 0x00, 0x00, 0x26, 0x00, 0x63, 0x03, 0x00, 0x01, 0x00, 0x00, 0x00
    .byte 0x32, 0x00, 0x01, 0x00, 0x00, 0x00, 0x14, 0xab, 0xf4, 0x21, 0x02, 0x20, 0x00, 0x00, 0x2c, 0x0f
    .byte 0x00, 0x00, 0x00, 0x15, 0xe0, 0x2c, 0x15, 0x00, 0x00, 0x00, 0x2c, 0x9d, 0x00, 0x00, 0x00, 0x2c
    .byte 0x7f, 0x00, 0x00, 0x00, 0x15, 0x0a, 0x25, 0xcb, 0xf5, 0x21, 0x02, 0x03, 0x00, 0x01, 0x00, 0x00
    .byte 0x00, 0x32, 0x00, 0x08, 0x00, 0x00, 0x00, 0x14, 0xdc, 0xf4, 0x21, 0x02, 0x20, 0x00, 0x00, 0x2c
    .byte 0x0f, 0x00, 0x00, 0x00, 0x15, 0xe0, 0x2c, 0x15, 0x00, 0x00, 0x00, 0x2c, 0x9c, 0x00, 0x00, 0x00
    .byte 0x2c, 0x7f, 0x00, 0x00, 0x00, 0x15, 0x0a, 0x25, 0xcb, 0xf5, 0x21, 0x02, 0x03, 0x00, 0x01, 0x00
    .byte 0x00, 0x00, 0x32, 0x00, 0x03, 0x00, 0x00, 0x00, 0x14, 0x34, 0xf5, 0x21, 0x02, 0x03, 0x00, 0x00
    .byte 0x00, 0x00, 0x00, 0x32, 0x00, 0x3e, 0x00, 0x00, 0x00, 0x14, 0x1e, 0xf5, 0x21, 0x02, 0x20, 0x00
    .byte 0x00, 0x2c, 0x75, 0x00, 0x00, 0x00, 0x15, 0xe0, 0x2c, 0x15, 0x00, 0x00, 0x00, 0x2c, 0x9d, 0x00
    .byte 0x00, 0x00, 0x2c, 0x7f, 0x00, 0x00, 0x00, 0x15, 0x0a, 0x25, 0x2f, 0xf5, 0x21, 0x02, 0x2c, 0x15
    .byte 0x00, 0x00, 0x00, 0x2c, 0x9d, 0x00, 0x00, 0x00, 0x2c, 0x7f, 0x00, 0x00, 0x00, 0x15, 0x0a, 0x25
    .byte 0xcb, 0xf5, 0x21, 0x02, 0x03, 0x00, 0x01, 0x00, 0x00, 0x00, 0x32, 0x00, 0x09, 0x00, 0x00, 0x00
    .byte 0x14, 0x5b, 0xf5, 0x21, 0x02, 0x2c, 0x15, 0x00, 0x00, 0x00, 0x2c, 0x9c, 0x00, 0x00, 0x00, 0x2c
    .byte 0x7f, 0x00, 0x00, 0x00, 0x15, 0x0a, 0x25, 0xcb, 0xf5, 0x21, 0x02, 0x03, 0x00, 0x01, 0x00, 0x00
    .byte 0x00, 0x32, 0x00, 0x04, 0x00, 0x00, 0x00, 0x14, 0x82, 0xf5, 0x21, 0x02, 0x2c, 0x15, 0x00, 0x00
    .byte 0x00, 0x2c, 0x9c, 0x00, 0x00, 0x00, 0x2c, 0x7f, 0x00, 0x00, 0x00, 0x15, 0x0a, 0x25, 0xcb, 0xf5
    .byte 0x21, 0x02, 0x03, 0x00, 0x01, 0x00, 0x00, 0x00, 0x32, 0x00, 0x0a, 0x00, 0x00, 0x00, 0x14, 0xa9
    .byte 0xf5, 0x21, 0x02, 0x2c, 0x15, 0x00, 0x00, 0x00, 0x2c, 0x9d, 0x00, 0x00, 0x00, 0x2c, 0x7f, 0x00
    .byte 0x00, 0x00, 0x15, 0x0a, 0x25, 0xcb, 0xf5, 0x21, 0x02, 0x03, 0x00, 0x01, 0x00, 0x00, 0x00, 0x32
    .byte 0x00, 0x0b, 0x00, 0x00, 0x00, 0x14, 0xcb, 0xf5, 0x21, 0x02, 0x2c, 0x15, 0x00, 0x00, 0x00, 0x2c
    .byte 0x9c, 0x00, 0x00, 0x00, 0x2c, 0x7f, 0x00, 0x00, 0x00, 0x15, 0x0a, 0x20, 0x00, 0x00, 0x2c, 0x13
    .byte 0xe4, 0x21, 0x02, 0x15, 0x39, 0x20, 0x00, 0x00, 0x15, 0x42, 0x18, 0x70, 0x32, 0x00, 0x00, 0x00
    .byte 0x00, 0x00, 0x14, 0xec, 0xf5, 0x21, 0x02, 0x01, 0xd5, 0xf5, 0x21, 0x02, 0x2c, 0x1b, 0x00, 0x00
    .byte 0x00, 0x15, 0x31, 0x18, 0x70, 0x17, 0x00, 0x2c, 0xc0, 0xe2, 0x21, 0x02, 0x15, 0x39, 0x00, 0x03
    .byte 0x00, 0x0d, 0x00, 0x00, 0x00, 0x28, 0x00, 0x00, 0x2c, 0x01, 0x00, 0x00, 0x00, 0x2f, 0x00, 0x03
    .byte 0x00, 0x10, 0x00, 0x00, 0x00, 0x2b, 0x01, 0x00, 0x23, 0x10, 0x17, 0x00, 0x15, 0xb7, 0x20, 0x00
    .byte 0x00, 0x2c, 0xb7, 0xe2, 0x21, 0x02, 0x15, 0x39, 0x20, 0x00, 0x00, 0x15, 0x42, 0x18, 0x70, 0x32
    .byte 0x00, 0x00, 0x00, 0x00, 0x00, 0x14, 0x3f, 0xf6, 0x21, 0x02, 0x01, 0x28, 0xf6, 0x21, 0x02, 0x20
    .byte 0x00, 0x00, 0x2c, 0xff, 0xff, 0xff, 0xff, 0x2c, 0xff, 0xff, 0xff, 0xff, 0x15, 0xdd, 0x18, 0x70
    .byte 0x14, 0x7a, 0xf6, 0x21, 0x02, 0x2c, 0x01, 0x00, 0x00, 0x00, 0x2c, 0xb7, 0xe2, 0x21, 0x02, 0x15
    .byte 0x39, 0x2c, 0x01, 0x00, 0x00, 0x00, 0x15, 0x42, 0x18, 0x70, 0x32, 0x00, 0x00, 0x00, 0x00, 0x00
    .byte 0x14, 0x7a, 0xf6, 0x21, 0x02, 0x01, 0x61, 0xf6, 0x21, 0x02, 0x2c, 0x04, 0x00, 0x00, 0x00, 0x2c
    .byte 0xc7, 0xef, 0x21, 0x02, 0x15, 0x39, 0x2b, 0x00, 0x00, 0x30, 0x00, 0x05, 0x00, 0x00, 0x00, 0x14
    .byte 0xc4, 0xf6, 0x21, 0x02, 0x2c, 0x01, 0x00, 0x00, 0x00, 0x2f, 0x00, 0x03, 0x00, 0x10, 0x00, 0x00
    .byte 0x00, 0x2b, 0x01, 0x00, 0x23, 0x10, 0x17, 0x00, 0x15, 0xb7, 0x2c, 0x04, 0x00, 0x00, 0x00, 0x15
    .byte 0x07, 0x15, 0x08, 0x2b, 0x00, 0x00, 0x24, 0x00, 0x01, 0x00, 0x00, 0x00, 0x28, 0x00, 0x00, 0x01
    .byte 0x86, 0xf6, 0x21, 0x02, 0x2c, 0x04, 0x00, 0x00, 0x00, 0x15, 0x42, 0x18, 0x70, 0x32, 0x00, 0x00
    .byte 0x00, 0x00, 0x00, 0x14, 0xdd, 0xf6, 0x21, 0x02, 0x01, 0xc4, 0xf6, 0x21, 0x02, 0x2c, 0x04, 0x00
    .byte 0x00, 0x00, 0x2c, 0x64, 0xf1, 0x21, 0x02, 0x15, 0x39, 0x2c, 0x04, 0x00, 0x00, 0x00, 0x15, 0x42
    .byte 0x18, 0x70, 0x32, 0x00, 0x00, 0x00, 0x00, 0x00, 0x14, 0x02, 0xf7, 0x21, 0x02, 0x01, 0xe9, 0xf6
    .byte 0x21, 0x02, 0x2b, 0x00, 0x00, 0x30, 0x00, 0x00, 0x00, 0x00, 0x00, 0x14, 0x40, 0xf7, 0x21, 0x02
    .byte 0x2c, 0x01, 0x00, 0x00, 0x00, 0x2f, 0x00, 0x03, 0x00, 0x10, 0x00, 0x00, 0x00, 0x2b, 0x01, 0x00
    .byte 0x23, 0x10, 0x17, 0x00, 0x15, 0xb7, 0x2c, 0x02, 0x00, 0x00, 0x00, 0x15, 0x07, 0x15, 0x08, 0x2b
    .byte 0x00, 0x00, 0x24, 0x00, 0x01, 0x00, 0x00, 0x00, 0x28, 0x00, 0x00, 0x01, 0x02, 0xf7, 0x21, 0x02
    .byte 0x20, 0x00, 0x00, 0x2c, 0x31, 0x00, 0x00, 0x00, 0x15, 0xe0, 0x2c, 0x05, 0x00, 0x00, 0x00, 0x2d
    .byte 0xae, 0x15, 0xe0, 0x18, 0x70, 0x14, 0x68, 0xf7, 0x21, 0x02, 0x2c, 0x16, 0x00, 0x00, 0x00, 0x2d
    .byte 0xae, 0x2c, 0x1e, 0x00, 0x00, 0x00, 0x15, 0x0a, 0x2c, 0x5a, 0x00, 0x00, 0x00, 0x15, 0x07, 0x15
    .byte 0x08, 0x2c, 0x6b, 0x00, 0x00, 0x00, 0x2c, 0x58, 0x02, 0x00, 0x00, 0x2c, 0xb8, 0x01, 0x00, 0x00
    .byte 0x20, 0x00, 0x00, 0x15, 0x4a, 0x00, 0x2c, 0x67, 0x03, 0x00, 0x00, 0x15, 0x37, 0x18, 0x70, 0x14
    .byte 0x97, 0xf7, 0x21, 0x02, 0x15, 0x0d, 0x00, 0x20, 0x00, 0x00, 0x20, 0x00, 0x00, 0x20, 0x00, 0x00
    .byte 0x2c, 0x00, 0x04, 0x00, 0x00, 0x2c, 0x00, 0x03, 0x00, 0x00, 0x15, 0x8d, 0x18, 0x70, 0x14, 0xce
    .byte 0xf7, 0x21, 0x02, 0x20, 0x00, 0x00, 0x2c, 0x81, 0xab, 0x00, 0x00, 0x15, 0xe0, 0x2c, 0x07, 0x00
    .byte 0x00, 0x00, 0x2c, 0xb1, 0xf8, 0x21, 0x02, 0x15, 0x39, 0x01, 0xd3, 0xf7, 0x21, 0x02, 0x01, 0x97
    .byte 0xf7, 0x21, 0x02, 0x20, 0x00, 0x00, 0x20, 0x00, 0x00, 0x20, 0x00, 0x00, 0x2c, 0x00, 0x04, 0x00
    .byte 0x00, 0x2c, 0x00, 0x03, 0x00, 0x00, 0x15, 0x8d, 0x18, 0x70, 0x32, 0x00, 0x00, 0x00, 0x00, 0x00
    .byte 0x14, 0x12, 0xf8, 0x21, 0x02, 0x2c, 0x01, 0x00, 0x00, 0x00, 0x2c, 0x81, 0xab, 0x00, 0x00, 0x15
    .byte 0xe0, 0x2c, 0x07, 0x00, 0x00, 0x00, 0x2c, 0xdf, 0xf9, 0x21, 0x02, 0x15, 0x39, 0x01, 0x97, 0xf7
    .byte 0x21, 0x02, 0x01, 0xd3, 0xf7, 0x21, 0x02, 0x00, 0x2c, 0x67, 0x03, 0x00, 0x00, 0x15, 0x37, 0x18
    .byte 0x70, 0x14, 0x29, 0xf8, 0x21, 0x02, 0x15, 0x0d, 0x00, 0x00, 0x03, 0x00, 0x40, 0x00, 0x00, 0x00
    .byte 0x28, 0x00, 0x00, 0x03, 0x00, 0x0b, 0x00, 0x00, 0x00, 0x2b, 0x01, 0x00, 0x0b, 0x01, 0x00, 0x01
    .byte 0x00, 0x00, 0x17, 0x10, 0x15, 0x0e, 0x18, 0x71, 0x07, 0x01, 0x02, 0x00, 0x00, 0x00, 0x09, 0x01
    .byte 0x00, 0x10, 0x00, 0x00, 0x04, 0x10, 0x27, 0x00, 0x00, 0x2b, 0x00, 0x00, 0x05, 0x00, 0x04, 0x00
    .byte 0x00, 0x00, 0x28, 0x00, 0x00, 0x2c, 0x01, 0x00, 0x00, 0x00, 0x2e, 0x00, 0x03, 0x00, 0x10, 0x00
    .byte 0x00, 0x00, 0x2a, 0x01, 0x00, 0x23, 0x10, 0x17, 0x00, 0x15, 0xb7, 0x01, 0x33, 0xf8, 0x21, 0x02
    .byte 0x00, 0x03, 0x00, 0x00, 0x00, 0x00, 0x00, 0x28, 0x00, 0x00, 0x2c, 0x01, 0x00, 0x00, 0x00, 0x2f
    .byte 0x00, 0x03, 0x00, 0x10, 0x00, 0x00, 0x00, 0x2b, 0x01, 0x00, 0x23, 0x10, 0x17, 0x00, 0x15, 0xb7
    .byte 0x2c, 0x67, 0x03, 0x00, 0x00, 0x15, 0x37, 0x18, 0x70, 0x14, 0xb0, 0xf8, 0x21, 0x02, 0x15, 0x0d
    .byte 0x00, 0x2b, 0x00, 0x00, 0x35, 0x00, 0x0d, 0x00, 0x00, 0x00, 0x14, 0xef, 0xf8, 0x21, 0x02, 0x2c
    .byte 0x01, 0x00, 0x00, 0x00, 0x2f, 0x00, 0x03, 0x00, 0x10, 0x00, 0x00, 0x00, 0x2b, 0x01, 0x00, 0x23
    .byte 0x10, 0x17, 0x00, 0x15, 0xb7, 0x2c, 0x02, 0x00, 0x00, 0x00, 0x15, 0x07, 0x15, 0x08, 0x2b, 0x00
    .byte 0x00, 0x05, 0x00, 0x01, 0x00, 0x00, 0x00, 0x28, 0x00, 0x00, 0x01, 0xb1, 0xf8, 0x21, 0x02, 0x2c
    .byte 0x08, 0x00, 0x00, 0x00, 0x2c, 0x2a, 0xf8, 0x21, 0x02, 0x15, 0x39, 0x2c, 0x46, 0x00, 0x00, 0x00
    .byte 0x15, 0x37, 0x18, 0x70, 0x14, 0x0e, 0xf9, 0x21, 0x02, 0x01, 0xfb, 0xf8, 0x21, 0x02, 0x2c, 0x02
    .byte 0x00, 0x00, 0x00, 0x2c, 0x31, 0x01, 0x00, 0x00, 0x2c, 0xff, 0xff, 0xff, 0xff, 0x2c, 0xff, 0xff
    .byte 0xff, 0xff, 0x2c, 0xff, 0xff, 0xff, 0xff, 0x2c, 0xff, 0xff, 0xff, 0xff, 0x2c, 0xff, 0xff, 0xff
    .byte 0xff, 0x2c, 0xff, 0xff, 0xff, 0xff, 0x15, 0x33, 0x2c, 0x6d, 0x03, 0x00, 0x00, 0x15, 0x37, 0x18
    .byte 0x70, 0x14, 0x8e, 0xf9, 0x21, 0x02, 0x20, 0x00, 0x00, 0x2c, 0x82, 0xab, 0x00, 0x00, 0x15, 0xe0
    .byte 0x03, 0x00, 0xe8, 0xff, 0xff, 0xff, 0x2c, 0x09, 0x00, 0x00, 0x00, 0x15, 0x01, 0x18, 0x71, 0x04
    .byte 0x10, 0x28, 0x00, 0x01, 0x2c, 0x03, 0x00, 0x00, 0x00, 0x2f, 0x01, 0x20, 0x00, 0x00, 0x20, 0x00
    .byte 0x00, 0x20, 0x00, 0x00, 0x20, 0x00, 0x00, 0x20, 0x00, 0x00, 0x15, 0x53, 0x2f, 0x01, 0x15, 0xaa
    .byte 0x2c, 0x1e, 0x00, 0x00, 0x00, 0x15, 0x07, 0x15, 0x08, 0x25, 0xd1, 0xf9, 0x21, 0x02, 0x20, 0x00
    .byte 0x00, 0x2c, 0x26, 0x00, 0x00, 0x00, 0x15, 0xe0, 0x03, 0x00, 0xf4, 0xff, 0xff, 0xff, 0x2c, 0x05
    .byte 0x00, 0x00, 0x00, 0x15, 0x01, 0x18, 0x71, 0x04, 0x10, 0x28, 0x00, 0x01, 0x2c, 0x03, 0x00, 0x00
    .byte 0x00, 0x2f, 0x01, 0x20, 0x00, 0x00, 0x20, 0x00, 0x00, 0x20, 0x00, 0x00, 0x20, 0x00, 0x00, 0x20
    .byte 0x00, 0x00, 0x15, 0x53, 0x2f, 0x01, 0x15, 0xaa, 0x2c, 0x3c, 0x00, 0x00, 0x00, 0x15, 0x07, 0x15
    .byte 0x08, 0x2c, 0x10, 0x00, 0x00, 0x00, 0x15, 0x07, 0x15, 0x08, 0x01, 0xfb, 0xf8, 0x21, 0x02, 0x2c
    .byte 0x08, 0x00, 0x00, 0x00, 0x2c, 0xc0, 0xe2, 0x21, 0x02, 0x15, 0x39, 0x2c, 0x08, 0x00, 0x00, 0x00
    .byte 0x15, 0x42, 0x18, 0x70, 0x32, 0x00, 0x00, 0x00, 0x00, 0x00, 0x14, 0x04, 0xfa, 0x21, 0x02, 0x01
    .byte 0xeb, 0xf9, 0x21, 0x02, 0x2a, 0x00, 0x00, 0x28, 0x00, 0x00, 0x2b, 0x00, 0x00, 0x35, 0x00, 0x00
    .byte 0x00, 0x00, 0x00, 0x14, 0x48, 0xfa, 0x21, 0x02, 0x2c, 0x01, 0x00, 0x00, 0x00, 0x2f, 0x00, 0x03
    .byte 0x00, 0x10, 0x00, 0x00, 0x00, 0x2b, 0x01, 0x00, 0x23, 0x10, 0x17, 0x00, 0x15, 0xb7, 0x2c, 0x02
    .byte 0x00, 0x00, 0x00, 0x15, 0x07, 0x15, 0x08, 0x2b, 0x00, 0x00, 0x24, 0x00, 0x01, 0x00, 0x00, 0x00
    .byte 0x28, 0x00, 0x00, 0x01, 0x0a, 0xfa, 0x21, 0x02, 0x00, 0x00, 0x2c, 0x67, 0x03, 0x00, 0x00, 0x15
    .byte 0x37, 0x18, 0x70, 0x14, 0x5b, 0xfa, 0x21, 0x02, 0x15, 0x0d, 0x00, 0x2c, 0x6d, 0x03, 0x00, 0x00
    .byte 0x15, 0x36, 0x15, 0x1f, 0x18, 0x70, 0x17, 0x00, 0x15, 0x20, 0x18, 0x70, 0x17, 0x00, 0x20, 0x00
    .byte 0x00, 0x2c, 0x04, 0x00, 0x00, 0x00, 0x2c, 0x07, 0x00, 0x00, 0x00, 0x15, 0x47, 0x18, 0x70, 0x17
    .byte 0x00, 0x2c, 0x04, 0x00, 0x00, 0x00, 0x2c, 0x08, 0x00, 0x00, 0x00, 0x15, 0x47, 0x18, 0x70, 0x05
    .byte 0x00, 0x40, 0x00, 0x00, 0x00, 0x17, 0x00, 0x20, 0x00, 0x00, 0x15, 0x65, 0x18, 0x70, 0x30, 0x00
    .byte 0x80, 0x00, 0x00, 0x00, 0x14, 0xae, 0xfa, 0x21, 0x02, 0x01, 0x62, 0xfa, 0x21, 0x02, 0x2c, 0x6d
    .byte 0x03, 0x00, 0x00, 0x15, 0x35, 0x15, 0x1f, 0x18, 0x70, 0x17, 0x00, 0x15, 0x20, 0x18, 0x70, 0x17
    .byte 0x00, 0x20, 0x00, 0x00, 0x2c, 0x04, 0x00, 0x00, 0x00, 0x2c, 0x07, 0x00, 0x00, 0x00, 0x15, 0x47
    .byte 0x18, 0x70, 0x17, 0x00, 0x2c, 0x04, 0x00, 0x00, 0x00, 0x2c, 0x08, 0x00, 0x00, 0x00, 0x15, 0x47
    .byte 0x18, 0x70, 0x05, 0x00, 0x40, 0x00, 0x00, 0x00, 0x17, 0x00, 0x20, 0x00, 0x00, 0x15, 0x65, 0x18
    .byte 0x70, 0x33, 0x00, 0x80, 0x00, 0x00, 0x00, 0x14, 0x01, 0xfb, 0x21, 0x02, 0x01, 0xb5, 0xfa, 0x21
    .byte 0x02, 0x2c, 0x6d, 0x03, 0x00, 0x00, 0x15, 0x36, 0x01, 0x62, 0xfa, 0x21, 0x02, 0x00, 0x2c, 0x04
    .byte 0x00, 0x00, 0x00, 0x15, 0x05, 0x2c, 0x01, 0x00, 0x00, 0x00, 0x2c, 0xf8, 0xff, 0xff, 0xff, 0x20
    .byte 0x00, 0x00, 0x2c, 0x08, 0x00, 0x00, 0x00, 0x2c, 0x08, 0x00, 0x00, 0x00, 0x15, 0xd8, 0x2c, 0x01
    .byte 0x00, 0x00, 0x00, 0x15, 0xd7, 0x2c, 0x2d, 0x00, 0x00, 0x00, 0x15, 0x37, 0x18, 0x70, 0x14, 0x4f
    .byte 0xfb, 0x21, 0x02, 0x2c, 0x03, 0x00, 0x00, 0x00, 0x2c, 0x95, 0xfb, 0x21, 0x02, 0x15, 0x29, 0x2c
    .byte 0x01, 0x00, 0x00, 0x00, 0x2c, 0x6c, 0xfb, 0x21, 0x02, 0x15, 0x29, 0x00, 0x2c, 0x01, 0x00, 0x00
    .byte 0x00, 0x20, 0x00, 0x00, 0x15, 0x29, 0x20, 0x00, 0x00, 0x15, 0xd7, 0x00, 0x20, 0x00, 0x00, 0x2c
    .byte 0x17, 0xfc, 0x21, 0x02, 0x15, 0x39, 0x20, 0x00, 0x00, 0x15, 0x42, 0x18, 0x70, 0x32, 0x00, 0x00
    .byte 0x00, 0x00, 0x00, 0x14, 0x8d, 0xfb, 0x21, 0x02, 0x01, 0x76, 0xfb, 0x21, 0x02, 0x2c, 0x2d, 0x00
    .byte 0x00, 0x00, 0x15, 0x35, 0x00, 0x20, 0x00, 0x00, 0x2c, 0x1e, 0xfe, 0x21, 0x02, 0x15, 0x39, 0x20
    .byte 0x00, 0x00, 0x15, 0x42, 0x18, 0x70, 0x32, 0x00, 0x00, 0x00, 0x00, 0x00, 0x14, 0xb6, 0xfb, 0x21
    .byte 0x02, 0x01, 0x9f, 0xfb, 0x21, 0x02, 0x20, 0x00, 0x00, 0x2c, 0xff, 0xff, 0xff, 0xff, 0x2c, 0xff
    .byte 0xff, 0xff, 0xff, 0x15, 0xdd, 0x18, 0x70, 0x14, 0x0f, 0xfc, 0x21, 0x02, 0x2c, 0x03, 0x00, 0x00
    .byte 0x00, 0x2c, 0xff, 0xff, 0xff, 0xff, 0x2c, 0xff, 0xff, 0xff, 0xff, 0x15, 0xdd, 0x18, 0x70, 0x35
    .byte 0x00, 0x02, 0x00, 0x00, 0x00, 0x14, 0x0f, 0xfc, 0x21, 0x02, 0x2c, 0x01, 0x00, 0x00, 0x00, 0x2c
    .byte 0x98, 0xff, 0x21, 0x02, 0x15, 0x39, 0x2c, 0x01, 0x00, 0x00, 0x00, 0x15, 0x42, 0x18, 0x70, 0x32
    .byte 0x00, 0x00, 0x00, 0x00, 0x00, 0x14, 0x0f, 0xfc, 0x21, 0x02, 0x01, 0xf6, 0xfb, 0x21, 0x02, 0x2c
    .byte 0x2d, 0x00, 0x00, 0x00, 0x15, 0x36, 0x00, 0x20, 0x00, 0x00, 0x15, 0x18, 0x20, 0x00, 0x00, 0x15
    .byte 0x19, 0x03, 0x00, 0x0a, 0x00, 0x00, 0x00, 0x28, 0x00, 0x00, 0x2c, 0x00, 0x10, 0x00, 0x00, 0x2c
    .byte 0x01, 0x10, 0x00, 0x00, 0x2c, 0x02, 0x10, 0x00, 0x00, 0x2c, 0x02, 0x00, 0x00, 0x00, 0x20, 0x00
    .byte 0x00, 0x15, 0x73, 0x2c, 0x01, 0x00, 0x00, 0x00, 0x15, 0x2b, 0x2f, 0x00, 0x2c, 0x07, 0x00, 0x00
    .byte 0x00, 0x15, 0x47, 0x18, 0x70, 0x17, 0x00, 0x2f, 0x00, 0x2c, 0x08, 0x00, 0x00, 0x00, 0x15, 0x47
    .byte 0x18, 0x70, 0x05, 0x00, 0x01, 0x00, 0x00, 0x00, 0x17, 0x00, 0x20, 0x00, 0x00, 0x2c, 0x0a, 0x00
    .byte 0x00, 0x00, 0x2c, 0x01, 0x00, 0x00, 0x00, 0x20, 0x00, 0x00, 0x15, 0x1a, 0x15, 0x21, 0x2c, 0x11
    .byte 0x10, 0x00, 0x00, 0x2c, 0x01, 0x10, 0x00, 0x00, 0x2c, 0x12, 0x10, 0x00, 0x00, 0x2c, 0x02, 0x00
    .byte 0x00, 0x00, 0x2c, 0x1d, 0x00, 0x00, 0x00, 0x15, 0x73, 0x2c, 0x2c, 0x01, 0x00, 0x00, 0x15, 0x17
    .byte 0x2c, 0x01, 0x00, 0x00, 0x00, 0x15, 0x06, 0x20, 0x00, 0x00, 0x15, 0x2b, 0x20, 0x00, 0x00, 0x20
    .byte 0x00, 0x00, 0x2c, 0x30, 0x00, 0x00, 0x00, 0x2c, 0x00, 0x10, 0x00, 0x00, 0x2c, 0x04, 0x00, 0x00
    .byte 0x00, 0x2c, 0x01, 0x00, 0x00, 0x00, 0x15, 0x1a, 0x2c, 0x08, 0x00, 0x00, 0x00, 0x2c, 0x65, 0x00
    .byte 0x00, 0x00, 0x15, 0xe0, 0x20, 0x00, 0x00, 0x2c, 0x80, 0x32, 0x00, 0x00, 0x15, 0xe0, 0x2c, 0x0f
    .byte 0x00, 0x00, 0x00, 0x15, 0x07, 0x15, 0x08, 0x20, 0x00, 0x00, 0x2c, 0x80, 0x32, 0x00, 0x00, 0x15
    .byte 0xe0, 0x2c, 0x05, 0x00, 0x00, 0x00, 0x15, 0x07, 0x15, 0x08, 0x2c, 0x05, 0x00, 0x00, 0x00, 0x2d
    .byte 0xae, 0x15, 0xe0, 0x18, 0x70, 0x14, 0x18, 0xfd, 0x21, 0x02, 0x2c, 0x16, 0x00, 0x00, 0x00, 0x2d
    .byte 0xae, 0x2c, 0x1e, 0x00, 0x00, 0x00, 0x15, 0x0a, 0x2c, 0x07, 0x00, 0x00, 0x00, 0x2c, 0x1e, 0x00
    .byte 0x00, 0x00, 0x15, 0xe0, 0x2c, 0x0b, 0x00, 0x00, 0x00, 0x2c, 0x01, 0x00, 0x00, 0x00, 0x15, 0x78
    .byte 0x2c, 0x0a, 0x00, 0x00, 0x00, 0x15, 0x07, 0x15, 0x08, 0x20, 0x00, 0x00, 0x2c, 0x80, 0x32, 0x00
    .byte 0x00, 0x15, 0xe0, 0x2c, 0x14, 0x00, 0x00, 0x00, 0x15, 0x07, 0x15, 0x08, 0x2c, 0x09, 0x00, 0x00
    .byte 0x00, 0x2c, 0x65, 0x00, 0x00, 0x00, 0x15, 0xe0, 0x03, 0x00, 0xbd, 0x00, 0x00, 0x00, 0x26, 0x00
    .byte 0xad, 0x2c, 0x72, 0x03, 0x00, 0x00, 0x15, 0x35, 0x03, 0x00, 0x00, 0x00, 0x00, 0x00, 0x32, 0x00
    .byte 0x01, 0x00, 0x00, 0x00, 0x14, 0x99, 0xfd, 0x21, 0x02, 0x2c, 0x86, 0x03, 0x00, 0x00, 0x15, 0x35
    .byte 0x2c, 0x06, 0x00, 0x00, 0x00, 0x2c, 0x80, 0x01, 0x00, 0x00, 0x2c, 0x7f, 0x01, 0x00, 0x00, 0x20
    .byte 0x00, 0x00, 0x15, 0x4a, 0x25, 0x16, 0xfe, 0x21, 0x02, 0x03, 0x00, 0x00, 0x00, 0x00, 0x00, 0x32
    .byte 0x00, 0x02, 0x00, 0x00, 0x00, 0x14, 0xca, 0xfd, 0x21, 0x02, 0x2c, 0x86, 0x03, 0x00, 0x00, 0x15
    .byte 0x35, 0x2c, 0x12, 0x00, 0x00, 0x00, 0x2c, 0x80, 0x01, 0x00, 0x00, 0x2c, 0x7f, 0x01, 0x00, 0x00
    .byte 0x20, 0x00, 0x00, 0x15, 0x4a, 0x25, 0x16, 0xfe, 0x21, 0x02, 0x03, 0x00, 0x00, 0x00, 0x00, 0x00
    .byte 0x32, 0x00, 0x03, 0x00, 0x00, 0x00, 0x14, 0xfb, 0xfd, 0x21, 0x02, 0x2c, 0x86, 0x03, 0x00, 0x00
    .byte 0x15, 0x35, 0x2c, 0x13, 0x00, 0x00, 0x00, 0x2c, 0x80, 0x01, 0x00, 0x00, 0x2c, 0x7f, 0x01, 0x00
    .byte 0x00, 0x20, 0x00, 0x00, 0x15, 0x4a, 0x25, 0x16, 0xfe, 0x21, 0x02, 0x2c, 0x86, 0x03, 0x00, 0x00
    .byte 0x15, 0x35, 0x2c, 0x61, 0x1e, 0x00, 0x00, 0x15, 0x41, 0x2d, 0xad, 0x20, 0x00, 0x00, 0x20, 0x00
    .byte 0x00, 0x20, 0x00, 0x00, 0x15, 0x4a, 0x2c, 0x26, 0x00, 0x00, 0x00, 0x15, 0x35, 0x00, 0x20, 0x00
    .byte 0x00, 0x15, 0x18, 0x20, 0x00, 0x00, 0x15, 0x19, 0x03, 0x00, 0x0a, 0x00, 0x00, 0x00, 0x28, 0x00
    .byte 0x00, 0x2c, 0x00, 0xfe, 0xff, 0xff, 0x15, 0x1b, 0x20, 0x00, 0x00, 0x2c, 0x01, 0x00, 0x00, 0x00
    .byte 0x15, 0x38, 0x2f, 0x00, 0x2c, 0x07, 0x00, 0x00, 0x00, 0x15, 0x47, 0x18, 0x70, 0x17, 0x00, 0x2f
    .byte 0x00, 0x2c, 0x08, 0x00, 0x00, 0x00, 0x15, 0x47, 0x18, 0x70, 0x05, 0x00, 0x01, 0x00, 0x00, 0x00
    .byte 0x17, 0x00, 0x2f, 0x00, 0x2c, 0x09, 0x00, 0x00, 0x00, 0x15, 0x47, 0x18, 0x70, 0x05, 0x00, 0x30
    .byte 0x00, 0x00, 0x00, 0x17, 0x00, 0x15, 0x02, 0x2c, 0x01, 0x00, 0x00, 0x00, 0x15, 0x07, 0x15, 0x08
    .byte 0x2c, 0x0b, 0x00, 0x00, 0x00, 0x2c, 0x02, 0x00, 0x00, 0x00, 0x15, 0x78, 0x2c, 0x01, 0x00, 0x00
    .byte 0x00, 0x15, 0x07, 0x15, 0x08, 0x2c, 0x01, 0x00, 0x00, 0x00, 0x2c, 0x03, 0x00, 0x00, 0x00, 0x15
    .byte 0x4b, 0x2c, 0x01, 0x00, 0x00, 0x00, 0x15, 0x09, 0x2c, 0x11, 0x10, 0x00, 0x00, 0x2c, 0x01, 0x10
    .byte 0x00, 0x00, 0x2c, 0x12, 0x10, 0x00, 0x00, 0x2c, 0x02, 0x00, 0x00, 0x00, 0x2c, 0x1d, 0x00, 0x00
    .byte 0x00, 0x15, 0x73, 0x2c, 0x01, 0x00, 0x00, 0x00, 0x15, 0x06, 0x20, 0x00, 0x00, 0x15, 0x2b, 0x20
    .byte 0x00, 0x00, 0x20, 0x00, 0x00, 0x2c, 0xd0, 0xff, 0xff, 0xff, 0x2c, 0x00, 0x20, 0x00, 0x00, 0x2c
    .byte 0x04, 0x00, 0x00, 0x00, 0x2c, 0x01, 0x00, 0x00, 0x00, 0x15, 0x1a, 0x2c, 0x08, 0x00, 0x00, 0x00
    .byte 0x2c, 0x65, 0x00, 0x00, 0x00, 0x15, 0xe0, 0x20, 0x00, 0x00, 0x2c, 0x80, 0x32, 0x00, 0x00, 0x15
    .byte 0xe0, 0x2c, 0x0f, 0x00, 0x00, 0x00, 0x15, 0x07, 0x15, 0x08, 0x20, 0x00, 0x00, 0x2c, 0x80, 0x32
    .byte 0x00, 0x00, 0x15, 0xe0, 0x2c, 0x0f, 0x00, 0x00, 0x00, 0x15, 0x07, 0x15, 0x08, 0x20, 0x00, 0x00
    .byte 0x2c, 0x80, 0x32, 0x00, 0x00, 0x15, 0xe0, 0x15, 0x21, 0x2c, 0x09, 0x00, 0x00, 0x00, 0x2c, 0x65
    .byte 0x00, 0x00, 0x00, 0x15, 0xe0, 0x2c, 0x1c, 0x00, 0x00, 0x00, 0x15, 0x05, 0x15, 0x16, 0x2c, 0x01
    .byte 0x00, 0x00, 0x00, 0x20, 0x00, 0x00, 0x15, 0x38, 0x2c, 0x00, 0x10, 0x00, 0x00, 0x2c, 0x01, 0x10
    .byte 0x00, 0x00, 0x2c, 0x02, 0x10, 0x00, 0x00, 0x2c, 0x02, 0x00, 0x00, 0x00, 0x20, 0x00, 0x00, 0x15
    .byte 0x73, 0x2c, 0x01, 0x00, 0x00, 0x00, 0x15, 0x2b, 0x20, 0x00, 0x00, 0x2c, 0x10, 0x00, 0x00, 0x00
    .byte 0x20, 0x00, 0x00, 0x2c, 0x00, 0x10, 0x00, 0x00, 0x2c, 0x04, 0x00, 0x00, 0x00, 0x20, 0x00, 0x00
    .byte 0x15, 0x1a, 0x15, 0x21, 0x2c, 0x01, 0x00, 0x00, 0x00, 0x15, 0x18, 0x2c, 0x01, 0x00, 0x00, 0x00
    .byte 0x15, 0x19, 0x20, 0x00, 0x00, 0x15, 0x1b, 0x00, 0x03, 0x00, 0x0a, 0x00, 0x00, 0x00, 0x28, 0x00
    .byte 0x00, 0x20, 0x00, 0x00, 0x15, 0x09, 0x2f, 0x00, 0x2c, 0x07, 0x00, 0x00, 0x00, 0x15, 0x47, 0x18
    .byte 0x70, 0x17, 0x00, 0x2f, 0x00, 0x2c, 0x08, 0x00, 0x00, 0x00, 0x15, 0x47, 0x18, 0x70, 0x05, 0x00
    .byte 0x01, 0x00, 0x00, 0x00, 0x17, 0x00, 0x2f, 0x00, 0x2c, 0x09, 0x00, 0x00, 0x00, 0x15, 0x47, 0x18
    .byte 0x70, 0x05, 0x00, 0x30, 0x00, 0x00, 0x00, 0x17, 0x00, 0x15, 0x02, 0x2c, 0x15, 0x00, 0x00, 0x00
    .byte 0x15, 0x05, 0x2c, 0x01, 0x00, 0x00, 0x00, 0x15, 0x06, 0x2c, 0x01, 0x00, 0x00, 0x00, 0x15, 0x09
    .byte 0x20, 0x00, 0x00, 0x15, 0x2b, 0x20, 0x00, 0x00, 0x2c, 0x03, 0x00, 0x00, 0x00, 0x2c, 0xd0, 0xff
    .byte 0xff, 0xff, 0x2c, 0x00, 0x10, 0x00, 0x00, 0x2c, 0x04, 0x00, 0x00, 0x00, 0x2c, 0x01, 0x00, 0x00
    .byte 0x00, 0x15, 0x1a, 0x2c, 0x08, 0x00, 0x00, 0x00, 0x2c, 0x65, 0x00, 0x00, 0x00, 0x15, 0xe0, 0x15
    .byte 0x22, 0x18, 0x70, 0x14, 0x52, 0x00, 0x22, 0x02, 0x20, 0x00, 0x00, 0x2c, 0x80, 0x32, 0x00, 0x00
    .byte 0x15, 0xe0, 0x2c, 0x05, 0x00, 0x00, 0x00, 0x15, 0x07, 0x15, 0x08, 0x2c, 0x05, 0x00, 0x00, 0x00
    .byte 0x15, 0x07, 0x15, 0x08, 0x2c, 0x05, 0x00, 0x00, 0x00, 0x15, 0x07, 0x15, 0x08, 0x01, 0x1f, 0x00
    .byte 0x22, 0x02, 0x2c, 0x09, 0x00, 0x00, 0x00, 0x2c, 0x65, 0x00, 0x00, 0x00, 0x15, 0xe0, 0x2c, 0x17
    .byte 0x00, 0x00, 0x00, 0x15, 0x05, 0x2c, 0x04, 0x00, 0x00, 0x00, 0x15, 0x07, 0x15, 0x08, 0x2c, 0x0c
    .byte 0x00, 0x00, 0x00, 0x15, 0x05, 0x2c, 0x01, 0x00, 0x00, 0x00, 0x15, 0x25, 0x2c, 0x04, 0x00, 0x00
    .byte 0x00, 0x15, 0x07, 0x15, 0x08, 0x2c, 0x0d, 0x00, 0x00, 0x00, 0x15, 0x05, 0x2c, 0x01, 0x00, 0x00
    .byte 0x00, 0x15, 0x25, 0x2c, 0x04, 0x00, 0x00, 0x00, 0x15, 0x07, 0x15, 0x08, 0x2c, 0x0e, 0x00, 0x00
    .byte 0x00, 0x15, 0x05, 0x2c, 0x01, 0x00, 0x00, 0x00, 0x15, 0x25, 0x2c, 0x04, 0x00, 0x00, 0x00, 0x15
    .byte 0x07, 0x15, 0x08, 0x2c, 0x0f, 0x00, 0x00, 0x00, 0x15, 0x05, 0x2c, 0x01, 0x00, 0x00, 0x00, 0x15
    .byte 0x25, 0x2c, 0x04, 0x00, 0x00, 0x00, 0x15, 0x07, 0x15, 0x08, 0x2c, 0x08, 0x00, 0x00, 0x00, 0x15
    .byte 0x05, 0x2c, 0x01, 0x00, 0x00, 0x00, 0x15, 0x25, 0x15, 0x2c, 0x00, 0x2c, 0x1f, 0x00, 0x00, 0x00
    .byte 0x15, 0x37, 0x18, 0x70, 0x14, 0x10, 0x01, 0x22, 0x02, 0x2c, 0x1f, 0x00, 0x00, 0x00, 0x15, 0x37
    .byte 0x18, 0x70, 0x14, 0x03, 0x01, 0x22, 0x02, 0x2c, 0x02, 0x00, 0x00, 0x00, 0x15, 0x05, 0x25, 0x0b
    .byte 0x01, 0x22, 0x02, 0x2c, 0x02, 0x00, 0x00, 0x00, 0x15, 0x05, 0x00, 0x25, 0x16, 0x01, 0x22, 0x02
    .byte 0x20, 0x00, 0x00, 0x15, 0x05, 0x00, 0x2c, 0x06, 0x00, 0x00, 0x00, 0x2c, 0x20, 0x00, 0x00, 0x00
    .byte 0x20, 0x00, 0x00, 0x20, 0x00, 0x00, 0x20, 0x00, 0x00, 0x15, 0xd8, 0x2c, 0x07, 0x00, 0x00, 0x00
    .byte 0x2c, 0x20, 0x00, 0x00, 0x00, 0x20, 0x00, 0x00, 0x20, 0x00, 0x00, 0x20, 0x00, 0x00, 0x15, 0xd8
    .byte 0x2c, 0x01, 0x00, 0x00, 0x00, 0x15, 0xd7, 0x2c, 0x23, 0x00, 0x00, 0x00, 0x15, 0x37, 0x18, 0x70
    .byte 0x14, 0x61, 0x01, 0x22, 0x02, 0x2c, 0x03, 0x00, 0x00, 0x00, 0x2c, 0x97, 0x01, 0x22, 0x02, 0x15
    .byte 0x29, 0x2c, 0x01, 0x00, 0x00, 0x00, 0x2c, 0x6e, 0x01, 0x22, 0x02, 0x15, 0x29, 0x00, 0x20, 0x00
    .byte 0x00, 0x2c, 0xa8, 0x02, 0x22, 0x02, 0x15, 0x39, 0x20, 0x00, 0x00, 0x15, 0x42, 0x18, 0x70, 0x32
    .byte 0x00, 0x00, 0x00, 0x00, 0x00, 0x14, 0x8f, 0x01, 0x22, 0x02, 0x01, 0x78, 0x01, 0x22, 0x02, 0x2c
    .byte 0x23, 0x00, 0x00, 0x00, 0x15, 0x35, 0x00, 0x20, 0x00, 0x00, 0x2c, 0xff, 0xff, 0xff, 0xff, 0x2c
    .byte 0xff, 0xff, 0xff, 0xff, 0x15, 0xdd, 0x18, 0x70, 0x14, 0xd7, 0x01, 0x22, 0x02, 0x2c, 0x03, 0x00
    .byte 0x00, 0x00, 0x2c, 0xff, 0xff, 0xff, 0xff, 0x2c, 0xff, 0xff, 0xff, 0xff, 0x15, 0xdd, 0x18, 0x70
    .byte 0x32, 0x00, 0x00, 0x00, 0x00, 0x00, 0x14, 0xd7, 0x01, 0x22, 0x02, 0x2c, 0x01, 0x00, 0x00, 0x00
    .byte 0x2c, 0x62, 0x05, 0x22, 0x02, 0x15, 0x39, 0x20, 0x00, 0x00, 0x2c, 0x55, 0x04, 0x22, 0x02, 0x15
    .byte 0x39, 0x20, 0x00, 0x00, 0x15, 0x42, 0x18, 0x70, 0x32, 0x00, 0x00, 0x00, 0x00, 0x00, 0x14, 0xf8
    .byte 0x01, 0x22, 0x02, 0x01, 0xe1, 0x01, 0x22, 0x02, 0x2c, 0x23, 0x00, 0x00, 0x00, 0x15, 0x36, 0x20
    .byte 0x00, 0x00, 0x2c, 0xff, 0xff, 0xff, 0xff, 0x2c, 0xff, 0xff, 0xff, 0xff, 0x15, 0xdd, 0x18, 0x70
    .byte 0x14, 0x58, 0x02, 0x22, 0x02, 0x2c, 0x03, 0x00, 0x00, 0x00, 0x2c, 0xff, 0xff, 0xff, 0xff, 0x2c
    .byte 0xff, 0xff, 0xff, 0xff, 0x15, 0xdd, 0x18, 0x70, 0x32, 0x00, 0x00, 0x00, 0x00, 0x00, 0x14, 0x58
    .byte 0x02, 0x22, 0x02, 0x2c, 0x01, 0x00, 0x00, 0x00, 0x2c, 0x9a, 0x05, 0x22, 0x02, 0x15, 0x39, 0x2c
    .byte 0x01, 0x00, 0x00, 0x00, 0x15, 0x42, 0x18, 0x70, 0x32, 0x00, 0x00, 0x00, 0x00, 0x00, 0x14, 0x58
    .byte 0x02, 0x22, 0x02, 0x01, 0x3f, 0x02, 0x22, 0x02, 0x00, 0x2c, 0x01, 0x00, 0x00, 0x00, 0x15, 0x05
    .byte 0x03, 0x00, 0x00, 0x00, 0x00, 0x00, 0x26, 0x00, 0xbe, 0x29, 0x00, 0xbe, 0x34, 0x00, 0x0a, 0x00
    .byte 0x00, 0x00, 0x14, 0x9b, 0x02, 0x22, 0x02, 0x20, 0x00, 0x00, 0x2c, 0x80, 0x9e, 0x00, 0x00, 0x15
    .byte 0xe0, 0x2c, 0x09, 0x00, 0x00, 0x00, 0x15, 0x07, 0x15, 0x08, 0x29, 0x00, 0xbe, 0x05, 0x00, 0x01
    .byte 0x00, 0x00, 0x00, 0x26, 0x00, 0xbe, 0x25, 0x69, 0x02, 0x22, 0x02, 0x15, 0x16, 0x20, 0x00, 0x00
    .byte 0x2c, 0x81, 0x9e, 0x00, 0x00, 0x15, 0xe0, 0x00, 0x03, 0x00, 0x0c, 0x00, 0x00, 0x00, 0x28, 0x00
    .byte 0x00, 0x2c, 0x01, 0x00, 0x00, 0x00, 0x15, 0x7d, 0x2c, 0x01, 0x00, 0x00, 0x00, 0x15, 0x2b, 0x2f
    .byte 0x00, 0x2c, 0x07, 0x00, 0x00, 0x00, 0x15, 0x47, 0x18, 0x70, 0x17, 0x00, 0x2f, 0x00, 0x2c, 0x08
    .byte 0x00, 0x00, 0x00, 0x15, 0x47, 0x18, 0x70, 0x24, 0x00, 0x18, 0x00, 0x00, 0x00, 0x17, 0x00, 0x2f
    .byte 0x00, 0x2c, 0x09, 0x00, 0x00, 0x00, 0x15, 0x47, 0x18, 0x70, 0x17, 0x00, 0x2c, 0x00, 0x20, 0x00
    .byte 0x00, 0x2c, 0x05, 0x00, 0x00, 0x00, 0x2c, 0x01, 0x00, 0x00, 0x00, 0x15, 0x1a, 0x15, 0x21, 0x20
    .byte 0x00, 0x00, 0x15, 0x7d, 0x2c, 0x86, 0x10, 0x00, 0x00, 0x2c, 0x01, 0x10, 0x00, 0x00, 0x2c, 0x87
    .byte 0x10, 0x00, 0x00, 0x2c, 0x02, 0x00, 0x00, 0x00, 0x20, 0x00, 0x00, 0x15, 0x73, 0x2c, 0xc0, 0x00
    .byte 0x00, 0x00, 0x15, 0x17, 0x2c, 0x08, 0x00, 0x00, 0x00, 0x2c, 0x65, 0x00, 0x00, 0x00, 0x15, 0xe0
    .byte 0x20, 0x00, 0x00, 0x2c, 0x80, 0x32, 0x00, 0x00, 0x15, 0xe0, 0x2c, 0x0f, 0x00, 0x00, 0x00, 0x15
    .byte 0x07, 0x15, 0x08, 0x20, 0x00, 0x00, 0x2c, 0x80, 0x32, 0x00, 0x00, 0x15, 0xe0, 0x2c, 0x0f, 0x00
    .byte 0x00, 0x00, 0x15, 0x07, 0x15, 0x08, 0x20, 0x00, 0x00, 0x2c, 0x80, 0x32, 0x00, 0x00, 0x15, 0xe0
    .byte 0x15, 0x16, 0x20, 0x00, 0x00, 0x15, 0x09, 0x2c, 0x05, 0x00, 0x00, 0x00, 0x2d, 0xae, 0x15, 0xe0
    .byte 0x18, 0x70, 0x14, 0x85, 0x03, 0x22, 0x02, 0x2c, 0x16, 0x00, 0x00, 0x00, 0x2d, 0xae, 0x2c, 0x1e
    .byte 0x00, 0x00, 0x00, 0x15, 0x0a, 0x2c, 0x07, 0x00, 0x00, 0x00, 0x2c, 0x1e, 0x00, 0x00, 0x00, 0x15
    .byte 0xe0, 0x2c, 0x0b, 0x00, 0x00, 0x00, 0x2c, 0x01, 0x00, 0x00, 0x00, 0x15, 0x78, 0x2c, 0x1e, 0x00
    .byte 0x00, 0x00, 0x15, 0x07, 0x15, 0x08, 0x2c, 0x09, 0x00, 0x00, 0x00, 0x2c, 0x65, 0x00, 0x00, 0x00
    .byte 0x15, 0xe0, 0x03, 0x00, 0xbf, 0x00, 0x00, 0x00, 0x26, 0x00, 0xad, 0x2c, 0x72, 0x03, 0x00, 0x00
    .byte 0x15, 0x36, 0x03, 0x00, 0x00, 0x00, 0x00, 0x00, 0x32, 0x00, 0x01, 0x00, 0x00, 0x00, 0x14, 0xec
    .byte 0x03, 0x22, 0x02, 0x2c, 0x06, 0x00, 0x00, 0x00, 0x2c, 0x80, 0x01, 0x00, 0x00, 0x2c, 0xe8, 0x00
    .byte 0x00, 0x00, 0x20, 0x00, 0x00, 0x15, 0x4a, 0x25, 0x4d, 0x04, 0x22, 0x02, 0x03, 0x00, 0x00, 0x00
    .byte 0x00, 0x00, 0x32, 0x00, 0x02, 0x00, 0x00, 0x00, 0x14, 0x16, 0x04, 0x22, 0x02, 0x2c, 0x12, 0x00
    .byte 0x00, 0x00, 0x2c, 0x80, 0x01, 0x00, 0x00, 0x2c, 0xe8, 0x00, 0x00, 0x00, 0x20, 0x00, 0x00, 0x15
    .byte 0x4a, 0x25, 0x4d, 0x04, 0x22, 0x02, 0x03, 0x00, 0x00, 0x00, 0x00, 0x00, 0x32, 0x00, 0x03, 0x00
    .byte 0x00, 0x00, 0x14, 0x40, 0x04, 0x22, 0x02, 0x2c, 0x13, 0x00, 0x00, 0x00, 0x2c, 0x80, 0x01, 0x00
    .byte 0x00, 0x2c, 0xe8, 0x00, 0x00, 0x00, 0x20, 0x00, 0x00, 0x15, 0x4a, 0x25, 0x4d, 0x04, 0x22, 0x02
    .byte 0x2d, 0xad, 0x20, 0x00, 0x00, 0x20, 0x00, 0x00, 0x20, 0x00, 0x00, 0x15, 0x4a, 0x2c, 0x26, 0x00
    .byte 0x00, 0x00, 0x15, 0x35, 0x00, 0x03, 0x00, 0x0c, 0x00, 0x00, 0x00, 0x28, 0x00, 0x00, 0x20, 0x00
    .byte 0x00, 0x15, 0x09, 0x2f, 0x00, 0x2c, 0x07, 0x00, 0x00, 0x00, 0x15, 0x47, 0x18, 0x70, 0x17, 0x00
    .byte 0x2f, 0x00, 0x2c, 0x08, 0x00, 0x00, 0x00, 0x15, 0x47, 0x18, 0x70, 0x24, 0x00, 0x18, 0x00, 0x00
    .byte 0x00, 0x17, 0x00, 0x2f, 0x00, 0x2c, 0x09, 0x00, 0x00, 0x00, 0x15, 0x47, 0x18, 0x70, 0x17, 0x00
    .byte 0x15, 0x02, 0x2c, 0x01, 0x00, 0x00, 0x00, 0x15, 0x07, 0x15, 0x08, 0x2c, 0x0b, 0x00, 0x00, 0x00
    .byte 0x2c, 0x02, 0x00, 0x00, 0x00, 0x15, 0x78, 0x2c, 0x01, 0x00, 0x00, 0x00, 0x15, 0x07, 0x15, 0x08
    .byte 0x2c, 0x01, 0x00, 0x00, 0x00, 0x2c, 0x03, 0x00, 0x00, 0x00, 0x15, 0x4b, 0x2c, 0x1e, 0x00, 0x00
    .byte 0x00, 0x15, 0x07, 0x15, 0x08, 0x2c, 0x86, 0x10, 0x00, 0x00, 0x2c, 0x01, 0x10, 0x00, 0x00, 0x2c
    .byte 0x87, 0x10, 0x00, 0x00, 0x2c, 0x02, 0x00, 0x00, 0x00, 0x2c, 0x01, 0x00, 0x00, 0x00, 0x15, 0x73
    .byte 0x2c, 0xc0, 0x00, 0x00, 0x00, 0x15, 0x17, 0x2c, 0x08, 0x00, 0x00, 0x00, 0x2c, 0x65, 0x00, 0x00
    .byte 0x00, 0x15, 0xe0, 0x20, 0x00, 0x00, 0x2c, 0x80, 0x32, 0x00, 0x00, 0x15, 0xe0, 0x2c, 0x0f, 0x00
    .byte 0x00, 0x00, 0x15, 0x07, 0x15, 0x08, 0x20, 0x00, 0x00, 0x2c, 0x80, 0x32, 0x00, 0x00, 0x15, 0xe0
    .byte 0x2c, 0x0f, 0x00, 0x00, 0x00, 0x15, 0x07, 0x15, 0x08, 0x20, 0x00, 0x00, 0x2c, 0x80, 0x32, 0x00
    .byte 0x00, 0x15, 0xe0, 0x15, 0x16, 0x2c, 0x00, 0x10, 0x00, 0x00, 0x2c, 0x01, 0x10, 0x00, 0x00, 0x2c
    .byte 0x02, 0x10, 0x00, 0x00, 0x2c, 0x02, 0x00, 0x00, 0x00, 0x20, 0x00, 0x00, 0x15, 0x73, 0x2c, 0x01
    .byte 0x00, 0x00, 0x00, 0x15, 0x09, 0x2c, 0x09, 0x00, 0x00, 0x00, 0x2c, 0x65, 0x00, 0x00, 0x00, 0x15
    .byte 0xe0, 0x00, 0x2c, 0x01, 0x00, 0x00, 0x00, 0x20, 0x00, 0x00, 0x15, 0x29, 0x20, 0x00, 0x00, 0x15
    .byte 0xd7, 0x00, 0x03, 0x00, 0x0c, 0x00, 0x00, 0x00, 0x28, 0x00, 0x00, 0x20, 0x00, 0x00, 0x15, 0x09
    .byte 0x2f, 0x00, 0x2c, 0x07, 0x00, 0x00, 0x00, 0x15, 0x47, 0x18, 0x70, 0x17, 0x00, 0x2f, 0x00, 0x2c
    .byte 0x08, 0x00, 0x00, 0x00, 0x15, 0x47, 0x18, 0x70, 0x17, 0x00, 0x2f, 0x00, 0x2c, 0x09, 0x00, 0x00
    .byte 0x00, 0x15, 0x47, 0x18, 0x70, 0x17, 0x00, 0x15, 0x02, 0x00, 0x2c, 0x01, 0x00, 0x00, 0x00, 0x15
    .byte 0x09, 0x2c, 0x00, 0x01, 0x00, 0x00, 0x15, 0x17, 0x20, 0x00, 0x00, 0x15, 0x25, 0x2c, 0x17, 0x00
    .byte 0x00, 0x00, 0x15, 0x05, 0x2c, 0x0f, 0x00, 0x00, 0x00, 0x15, 0x07, 0x15, 0x08, 0x2c, 0x0c, 0x00
    .byte 0x00, 0x00, 0x15, 0x05, 0x2c, 0x01, 0x00, 0x00, 0x00, 0x15, 0x25, 0x2c, 0x04, 0x00, 0x00, 0x00
    .byte 0x15, 0x07, 0x15, 0x08, 0x2c, 0x0b, 0x00, 0x00, 0x00, 0x15, 0x05, 0x2c, 0x01, 0x00, 0x00, 0x00
    .byte 0x15, 0x25, 0x2c, 0x04, 0x00, 0x00, 0x00, 0x15, 0x07, 0x15, 0x08, 0x2c, 0x0a, 0x00, 0x00, 0x00
    .byte 0x15, 0x05, 0x2c, 0x01, 0x00, 0x00, 0x00, 0x15, 0x25, 0x2c, 0x04, 0x00, 0x00, 0x00, 0x15, 0x07
    .byte 0x15, 0x08, 0x2c, 0x09, 0x00, 0x00, 0x00, 0x15, 0x05, 0x2c, 0x01, 0x00, 0x00, 0x00, 0x15, 0x25
    .byte 0x2c, 0x04, 0x00, 0x00, 0x00, 0x15, 0x07, 0x15, 0x08, 0x2c, 0x08, 0x00, 0x00, 0x00, 0x15, 0x05
    .byte 0x2c, 0x01, 0x00, 0x00, 0x00, 0x15, 0x25, 0x15, 0x2c, 0x00, 0x20, 0x00, 0x00, 0x15, 0x18, 0x2c
    .byte 0x01, 0x00, 0x00, 0x00, 0x2c, 0xfc, 0xff, 0xff, 0xff, 0x20, 0x00, 0x00, 0x2c, 0x04, 0x00, 0x00
    .byte 0x00, 0x2c, 0x08, 0x00, 0x00, 0x00, 0x15, 0xd8, 0x2c, 0x08, 0x03, 0x00, 0x00, 0x15, 0x37, 0x18
    .byte 0x70, 0x14, 0x5e, 0x06, 0x22, 0x02, 0x2c, 0x01, 0x00, 0x00, 0x00, 0x15, 0x05, 0x00, 0x2c, 0x01
    .byte 0x00, 0x00, 0x00, 0x2c, 0x6b, 0x06, 0x22, 0x02, 0x15, 0x29, 0x00, 0x2c, 0x08, 0x03, 0x00, 0x00
    .byte 0x15, 0x35, 0x2c, 0x04, 0x00, 0x00, 0x00, 0x20, 0x00, 0x00, 0x20, 0x00, 0x00, 0x20, 0x00, 0x00
    .byte 0x20, 0x00, 0x00, 0x15, 0x4f, 0x18, 0x70, 0x32, 0x00, 0x01, 0x00, 0x00, 0x00, 0x14, 0x99, 0x06
    .byte 0x22, 0x02, 0x2c, 0x0e, 0x00, 0x00, 0x00, 0x15, 0x35, 0x2c, 0x0e, 0x00, 0x00, 0x00, 0x15, 0x37
    .byte 0x18, 0x70, 0x32, 0x00, 0x00, 0x00, 0x00, 0x00, 0x14, 0xe2, 0x06, 0x22, 0x02, 0x2c, 0x01, 0x00
    .byte 0x00, 0x00, 0x15, 0x10, 0x18, 0x70, 0x17, 0x00, 0x15, 0x11, 0x18, 0x70, 0x05, 0x00, 0x0c, 0x00
    .byte 0x00, 0x00, 0x24, 0x00, 0x14, 0x00, 0x00, 0x00, 0x15, 0x12, 0x18, 0x71, 0x23, 0x10, 0x17, 0x00
    .byte 0x2c, 0x0f, 0x00, 0x00, 0x00, 0x20, 0x00, 0x00, 0x15, 0x4f, 0x18, 0x70, 0x17, 0x00, 0x15, 0x07
    .byte 0x15, 0x08, 0x20, 0x00, 0x00, 0x2c, 0xb7, 0xe2, 0x21, 0x02, 0x15, 0x39, 0x20, 0x00, 0x00, 0x15
    .byte 0x42, 0x18, 0x70, 0x32, 0x00, 0x00, 0x00, 0x00, 0x00, 0x14, 0x03, 0x07, 0x22, 0x02, 0x01, 0xec
    .byte 0x06, 0x22, 0x02, 0x2c, 0x08, 0x00, 0x00, 0x00, 0x2c, 0x66, 0x00, 0x00, 0x00, 0x15, 0xe0, 0x20
    .byte 0x00, 0x00, 0x2c, 0x02, 0x33, 0x00, 0x00, 0x15, 0xe0, 0x2c, 0x2c, 0x10, 0x00, 0x00, 0x2c, 0x2d
    .byte 0x10, 0x00, 0x00, 0x2c, 0x2e, 0x10, 0x00, 0x00, 0x2c, 0x02, 0x00, 0x00, 0x00, 0x20, 0x00, 0x00
    .byte 0x15, 0x73, 0x15, 0x1f, 0x18, 0x70, 0x15, 0x10, 0x18, 0x71, 0x1e, 0x10, 0x14, 0x48, 0x07, 0x22
    .byte 0x02, 0x2c, 0x01, 0x00, 0x00, 0x00, 0x15, 0x23, 0x15, 0x16, 0x20, 0x00, 0x00, 0x15, 0x23, 0x2c
    .byte 0x93, 0x16, 0x00, 0x00, 0x2c, 0x94, 0x16, 0x00, 0x00, 0x2c, 0x95, 0x16, 0x00, 0x00, 0x2c, 0x02
    .byte 0x00, 0x00, 0x00, 0x2c, 0x01, 0x00, 0x00, 0x00, 0x15, 0x73, 0x20, 0x00, 0x00, 0x2c, 0xb9, 0x19
    .byte 0x22, 0x02, 0x15, 0x39, 0x20, 0x00, 0x00, 0x15, 0x42, 0x18, 0x70, 0x32, 0x00, 0x00, 0x00, 0x00
    .byte 0x00, 0x14, 0x8b, 0x07, 0x22, 0x02, 0x01, 0x74, 0x07, 0x22, 0x02, 0x20, 0x00, 0x00, 0x2c, 0xaf
    .byte 0xe2, 0x21, 0x02, 0x15, 0x39, 0x20, 0x00, 0x00, 0x15, 0x42, 0x18, 0x70, 0x32, 0x00, 0x00, 0x00
    .byte 0x00, 0x00, 0x14, 0xac, 0x07, 0x22, 0x02, 0x01, 0x95, 0x07, 0x22, 0x02, 0x2c, 0x09, 0x00, 0x00
    .byte 0x00, 0x2c, 0x66, 0x00, 0x00, 0x00, 0x15, 0xe0, 0x2c, 0xae, 0x08, 0x00, 0x00, 0x15, 0x41, 0x2c
    .byte 0xf5, 0x1f, 0x00, 0x00, 0x15, 0x41, 0x03, 0x00, 0x04, 0x00, 0x00, 0x00, 0x32, 0x00, 0x01, 0x00
    .byte 0x00, 0x00, 0x14, 0xa0, 0x09, 0x22, 0x02, 0x2c, 0x01, 0x00, 0x00, 0x00, 0x15, 0xaa, 0x03, 0x00
    .byte 0x01, 0x00, 0x00, 0x00, 0x26, 0x00, 0x66, 0x03, 0x00, 0x00, 0x00, 0x00, 0x00, 0x26, 0x00, 0xd9
    .byte 0x03, 0x00, 0x01, 0x00, 0x00, 0x00, 0x32, 0x00, 0x01, 0x00, 0x00, 0x00, 0x13, 0x12, 0x08, 0x22
    .byte 0x02, 0x03, 0x00, 0x01, 0x00, 0x00, 0x00, 0x32, 0x00, 0x08, 0x00, 0x00, 0x00, 0x14, 0x20, 0x08
    .byte 0x22, 0x02, 0x03, 0x00, 0x01, 0x00, 0x00, 0x00, 0x36, 0x00, 0x00, 0x25, 0x29, 0x08, 0x22, 0x02
    .byte 0x03, 0x00, 0x01, 0x00, 0x00, 0x00, 0x26, 0x00, 0x63, 0x03, 0x00, 0x01, 0x00, 0x00, 0x00, 0x32
    .byte 0x00, 0x01, 0x00, 0x00, 0x00, 0x14, 0x5a, 0x08, 0x22, 0x02, 0x20, 0x00, 0x00, 0x2c, 0x0f, 0x00
    .byte 0x00, 0x00, 0x15, 0xe0, 0x2c, 0x15, 0x00, 0x00, 0x00, 0x2c, 0x9d, 0x00, 0x00, 0x00, 0x2c, 0x7f
    .byte 0x00, 0x00, 0x00, 0x15, 0x0a, 0x25, 0x7a, 0x09, 0x22, 0x02, 0x03, 0x00, 0x01, 0x00, 0x00, 0x00
    .byte 0x32, 0x00, 0x08, 0x00, 0x00, 0x00, 0x14, 0x8b, 0x08, 0x22, 0x02, 0x20, 0x00, 0x00, 0x2c, 0x0f
    .byte 0x00, 0x00, 0x00, 0x15, 0xe0, 0x2c, 0x15, 0x00, 0x00, 0x00, 0x2c, 0x9c, 0x00, 0x00, 0x00, 0x2c
    .byte 0x7f, 0x00, 0x00, 0x00, 0x15, 0x0a, 0x25, 0x7a, 0x09, 0x22, 0x02, 0x03, 0x00, 0x01, 0x00, 0x00
    .byte 0x00, 0x32, 0x00, 0x03, 0x00, 0x00, 0x00, 0x14, 0xe3, 0x08, 0x22, 0x02, 0x03, 0x00, 0x00, 0x00
    .byte 0x00, 0x00, 0x32, 0x00, 0x3e, 0x00, 0x00, 0x00, 0x14, 0xcd, 0x08, 0x22, 0x02, 0x20, 0x00, 0x00
    .byte 0x2c, 0x75, 0x00, 0x00, 0x00, 0x15, 0xe0, 0x2c, 0x15, 0x00, 0x00, 0x00, 0x2c, 0x9d, 0x00, 0x00
    .byte 0x00, 0x2c, 0x7f, 0x00, 0x00, 0x00, 0x15, 0x0a, 0x25, 0xde, 0x08, 0x22, 0x02, 0x2c, 0x15, 0x00
    .byte 0x00, 0x00, 0x2c, 0x9d, 0x00, 0x00, 0x00, 0x2c, 0x7f, 0x00, 0x00, 0x00, 0x15, 0x0a, 0x25, 0x7a
    .byte 0x09, 0x22, 0x02, 0x03, 0x00, 0x01, 0x00, 0x00, 0x00, 0x32, 0x00, 0x09, 0x00, 0x00, 0x00, 0x14
    .byte 0x0a, 0x09, 0x22, 0x02, 0x2c, 0x15, 0x00, 0x00, 0x00, 0x2c, 0x9c, 0x00, 0x00, 0x00, 0x2c, 0x7f
    .byte 0x00, 0x00, 0x00, 0x15, 0x0a, 0x25, 0x7a, 0x09, 0x22, 0x02, 0x03, 0x00, 0x01, 0x00, 0x00, 0x00
    .byte 0x32, 0x00, 0x04, 0x00, 0x00, 0x00, 0x14, 0x31, 0x09, 0x22, 0x02, 0x2c, 0x15, 0x00, 0x00, 0x00
    .byte 0x2c, 0x9c, 0x00, 0x00, 0x00, 0x2c, 0x7f, 0x00, 0x00, 0x00, 0x15, 0x0a, 0x25, 0x7a, 0x09, 0x22
    .byte 0x02, 0x03, 0x00, 0x01, 0x00, 0x00, 0x00, 0x32, 0x00, 0x0a, 0x00, 0x00, 0x00, 0x14, 0x58, 0x09
    .byte 0x22, 0x02, 0x2c, 0x15, 0x00, 0x00, 0x00, 0x2c, 0x9d, 0x00, 0x00, 0x00, 0x2c, 0x7f, 0x00, 0x00
    .byte 0x00, 0x15, 0x0a, 0x25, 0x7a, 0x09, 0x22, 0x02, 0x03, 0x00, 0x01, 0x00, 0x00, 0x00, 0x32, 0x00
    .byte 0x0b, 0x00, 0x00, 0x00, 0x14, 0x7a, 0x09, 0x22, 0x02, 0x2c, 0x15, 0x00, 0x00, 0x00, 0x2c, 0x9c
    .byte 0x00, 0x00, 0x00, 0x2c, 0x7f, 0x00, 0x00, 0x00, 0x15, 0x0a, 0x20, 0x00, 0x00, 0x2c, 0x13, 0xe4
    .byte 0x21, 0x02, 0x15, 0x39, 0x20, 0x00, 0x00, 0x15, 0x42, 0x18, 0x70, 0x32, 0x00, 0x00, 0x00, 0x00
    .byte 0x00, 0x14, 0x9b, 0x09, 0x22, 0x02, 0x01, 0x84, 0x09, 0x22, 0x02, 0x25, 0x66, 0x19, 0x22, 0x02
    .byte 0x03, 0x00, 0x04, 0x00, 0x00, 0x00, 0x32, 0x00, 0x08, 0x00, 0x00, 0x00, 0x14, 0x7a, 0x0b, 0x22
    .byte 0x02, 0x2c, 0x01, 0x00, 0x00, 0x00, 0x15, 0xaa, 0x03, 0x00, 0x08, 0x00, 0x00, 0x00, 0x26, 0x00
    .byte 0x66, 0x03, 0x00, 0x00, 0x00, 0x00, 0x00, 0x26, 0x00, 0xd9, 0x03, 0x00, 0x08, 0x00, 0x00, 0x00
    .byte 0x32, 0x00, 0x01, 0x00, 0x00, 0x00, 0x13, 0xec, 0x09, 0x22, 0x02, 0x03, 0x00, 0x08, 0x00, 0x00
    .byte 0x00, 0x32, 0x00, 0x08, 0x00, 0x00, 0x00, 0x14, 0xfa, 0x09, 0x22, 0x02, 0x03, 0x00, 0x01, 0x00
    .byte 0x00, 0x00, 0x36, 0x00, 0x00, 0x25, 0x03, 0x0a, 0x22, 0x02, 0x03, 0x00, 0x01, 0x00, 0x00, 0x00
    .byte 0x26, 0x00, 0x63, 0x03, 0x00, 0x08, 0x00, 0x00, 0x00, 0x32, 0x00, 0x01, 0x00, 0x00, 0x00, 0x14
    .byte 0x34, 0x0a, 0x22, 0x02, 0x20, 0x00, 0x00, 0x2c, 0x0f, 0x00, 0x00, 0x00, 0x15, 0xe0, 0x2c, 0x15
    .byte 0x00, 0x00, 0x00, 0x2c, 0x9d, 0x00, 0x00, 0x00, 0x2c, 0x7f, 0x00, 0x00, 0x00, 0x15, 0x0a, 0x25
    .byte 0x54, 0x0b, 0x22, 0x02, 0x03, 0x00, 0x08, 0x00, 0x00, 0x00, 0x32, 0x00, 0x08, 0x00, 0x00, 0x00
    .byte 0x14, 0x65, 0x0a, 0x22, 0x02, 0x20, 0x00, 0x00, 0x2c, 0x0f, 0x00, 0x00, 0x00, 0x15, 0xe0, 0x2c
    .byte 0x15, 0x00, 0x00, 0x00, 0x2c, 0x9c, 0x00, 0x00, 0x00, 0x2c, 0x7f, 0x00, 0x00, 0x00, 0x15, 0x0a
    .byte 0x25, 0x54, 0x0b, 0x22, 0x02, 0x03, 0x00, 0x08, 0x00, 0x00, 0x00, 0x32, 0x00, 0x03, 0x00, 0x00
    .byte 0x00, 0x14, 0xbd, 0x0a, 0x22, 0x02, 0x03, 0x00, 0x00, 0x00, 0x00, 0x00, 0x32, 0x00, 0x3e, 0x00
    .byte 0x00, 0x00, 0x14, 0xa7, 0x0a, 0x22, 0x02, 0x20, 0x00, 0x00, 0x2c, 0x75, 0x00, 0x00, 0x00, 0x15
    .byte 0xe0, 0x2c, 0x15, 0x00, 0x00, 0x00, 0x2c, 0x9d, 0x00, 0x00, 0x00, 0x2c, 0x7f, 0x00, 0x00, 0x00
    .byte 0x15, 0x0a, 0x25, 0xb8, 0x0a, 0x22, 0x02, 0x2c, 0x15, 0x00, 0x00, 0x00, 0x2c, 0x9d, 0x00, 0x00
    .byte 0x00, 0x2c, 0x7f, 0x00, 0x00, 0x00, 0x15, 0x0a, 0x25, 0x54, 0x0b, 0x22, 0x02, 0x03, 0x00, 0x08
    .byte 0x00, 0x00, 0x00, 0x32, 0x00, 0x09, 0x00, 0x00, 0x00, 0x14, 0xe4, 0x0a, 0x22, 0x02, 0x2c, 0x15
    .byte 0x00, 0x00, 0x00, 0x2c, 0x9c, 0x00, 0x00, 0x00, 0x2c, 0x7f, 0x00, 0x00, 0x00, 0x15, 0x0a, 0x25
    .byte 0x54, 0x0b, 0x22, 0x02, 0x03, 0x00, 0x08, 0x00, 0x00, 0x00, 0x32, 0x00, 0x04, 0x00, 0x00, 0x00
    .byte 0x14, 0x0b, 0x0b, 0x22, 0x02, 0x2c, 0x15, 0x00, 0x00, 0x00, 0x2c, 0x9c, 0x00, 0x00, 0x00, 0x2c
    .byte 0x7f, 0x00, 0x00, 0x00, 0x15, 0x0a, 0x25, 0x54, 0x0b, 0x22, 0x02, 0x03, 0x00, 0x08, 0x00, 0x00
    .byte 0x00, 0x32, 0x00, 0x0a, 0x00, 0x00, 0x00, 0x14, 0x32, 0x0b, 0x22, 0x02, 0x2c, 0x15, 0x00, 0x00
    .byte 0x00, 0x2c, 0x9d, 0x00, 0x00, 0x00, 0x2c, 0x7f, 0x00, 0x00, 0x00, 0x15, 0x0a, 0x25, 0x54, 0x0b
    .byte 0x22, 0x02, 0x03, 0x00, 0x08, 0x00, 0x00, 0x00, 0x32, 0x00, 0x0b, 0x00, 0x00, 0x00, 0x14, 0x54
    .byte 0x0b, 0x22, 0x02, 0x2c, 0x15, 0x00, 0x00, 0x00, 0x2c, 0x9c, 0x00, 0x00, 0x00, 0x2c, 0x7f, 0x00
    .byte 0x00, 0x00, 0x15, 0x0a, 0x20, 0x00, 0x00, 0x2c, 0x13, 0xe4, 0x21, 0x02, 0x15, 0x39, 0x20, 0x00
    .byte 0x00, 0x15, 0x42, 0x18, 0x70, 0x32, 0x00, 0x00, 0x00, 0x00, 0x00, 0x14, 0x75, 0x0b, 0x22, 0x02
    .byte 0x01, 0x5e, 0x0b, 0x22, 0x02, 0x25, 0x66, 0x19, 0x22, 0x02, 0x03, 0x00, 0x04, 0x00, 0x00, 0x00
    .byte 0x32, 0x00, 0x03, 0x00, 0x00, 0x00, 0x14, 0x2f, 0x15, 0x22, 0x02, 0x03, 0x00, 0x1b, 0x00, 0x00
    .byte 0x00, 0x32, 0x00, 0x3e, 0x00, 0x00, 0x00, 0x14, 0x61, 0x13, 0x22, 0x02, 0x2c, 0x01, 0x00, 0x00
    .byte 0x00, 0x15, 0xe1, 0x03, 0x00, 0x03, 0x00, 0x00, 0x00, 0x26, 0x00, 0x66, 0x03, 0x00, 0x3e, 0x00
    .byte 0x00, 0x00, 0x26, 0x00, 0xd9, 0x03, 0x00, 0x03, 0x00, 0x00, 0x00, 0x32, 0x00, 0x01, 0x00, 0x00
    .byte 0x00, 0x13, 0xd7, 0x0b, 0x22, 0x02, 0x03, 0x00, 0x03, 0x00, 0x00, 0x00, 0x32, 0x00, 0x08, 0x00
    .byte 0x00, 0x00, 0x14, 0xe5, 0x0b, 0x22, 0x02, 0x03, 0x00, 0x01, 0x00, 0x00, 0x00, 0x36, 0x00, 0x00
    .byte 0x25, 0xee, 0x0b, 0x22, 0x02, 0x03, 0x00, 0x01, 0x00, 0x00, 0x00, 0x26, 0x00, 0x63, 0x03, 0x00
    .byte 0x03, 0x00, 0x00, 0x00, 0x32, 0x00, 0x01, 0x00, 0x00, 0x00, 0x14, 0x1f, 0x0c, 0x22, 0x02, 0x20
    .byte 0x00, 0x00, 0x2c, 0x0f, 0x00, 0x00, 0x00, 0x15, 0xe0, 0x2c, 0x15, 0x00, 0x00, 0x00, 0x2c, 0x9d
    .byte 0x00, 0x00, 0x00, 0x2c, 0x7f, 0x00, 0x00, 0x00, 0x15, 0x0a, 0x25, 0x3f, 0x0d, 0x22, 0x02, 0x03
    .byte 0x00, 0x03, 0x00, 0x00, 0x00, 0x32, 0x00, 0x08, 0x00, 0x00, 0x00, 0x14, 0x50, 0x0c, 0x22, 0x02
    .byte 0x20, 0x00, 0x00, 0x2c, 0x0f, 0x00, 0x00, 0x00, 0x15, 0xe0, 0x2c, 0x15, 0x00, 0x00, 0x00, 0x2c
    .byte 0x9c, 0x00, 0x00, 0x00, 0x2c, 0x7f, 0x00, 0x00, 0x00, 0x15, 0x0a, 0x25, 0x3f, 0x0d, 0x22, 0x02
    .byte 0x03, 0x00, 0x03, 0x00, 0x00, 0x00, 0x32, 0x00, 0x03, 0x00, 0x00, 0x00, 0x14, 0xa8, 0x0c, 0x22
    .byte 0x02, 0x03, 0x00, 0x3e, 0x00, 0x00, 0x00, 0x32, 0x00, 0x3e, 0x00, 0x00, 0x00, 0x14, 0x92, 0x0c
    .byte 0x22, 0x02, 0x20, 0x00, 0x00, 0x2c, 0x75, 0x00, 0x00, 0x00, 0x15, 0xe0, 0x2c, 0x15, 0x00, 0x00
    .byte 0x00, 0x2c, 0x9d, 0x00, 0x00, 0x00, 0x2c, 0x7f, 0x00, 0x00, 0x00, 0x15, 0x0a, 0x25, 0xa3, 0x0c
    .byte 0x22, 0x02, 0x2c, 0x15, 0x00, 0x00, 0x00, 0x2c, 0x9d, 0x00, 0x00, 0x00, 0x2c, 0x7f, 0x00, 0x00
    .byte 0x00, 0x15, 0x0a, 0x25, 0x3f, 0x0d, 0x22, 0x02, 0x03, 0x00, 0x03, 0x00, 0x00, 0x00, 0x32, 0x00
    .byte 0x09, 0x00, 0x00, 0x00, 0x14, 0xcf, 0x0c, 0x22, 0x02, 0x2c, 0x15, 0x00, 0x00, 0x00, 0x2c, 0x9c
    .byte 0x00, 0x00, 0x00, 0x2c, 0x7f, 0x00, 0x00, 0x00, 0x15, 0x0a, 0x25, 0x3f, 0x0d, 0x22, 0x02, 0x03
    .byte 0x00, 0x03, 0x00, 0x00, 0x00, 0x32, 0x00, 0x04, 0x00, 0x00, 0x00, 0x14, 0xf6, 0x0c, 0x22, 0x02
    .byte 0x2c, 0x15, 0x00, 0x00, 0x00, 0x2c, 0x9c, 0x00, 0x00, 0x00, 0x2c, 0x7f, 0x00, 0x00, 0x00, 0x15
    .byte 0x0a, 0x25, 0x3f, 0x0d, 0x22, 0x02, 0x03, 0x00, 0x03, 0x00, 0x00, 0x00, 0x32, 0x00, 0x0a, 0x00
    .byte 0x00, 0x00, 0x14, 0x1d, 0x0d, 0x22, 0x02, 0x2c, 0x15, 0x00, 0x00, 0x00, 0x2c, 0x9d, 0x00, 0x00
    .byte 0x00, 0x2c, 0x7f, 0x00, 0x00, 0x00, 0x15, 0x0a, 0x25, 0x3f, 0x0d, 0x22, 0x02, 0x03, 0x00, 0x03
    .byte 0x00, 0x00, 0x00, 0x32, 0x00, 0x0b, 0x00, 0x00, 0x00, 0x14, 0x3f, 0x0d, 0x22, 0x02, 0x2c, 0x15
    .byte 0x00, 0x00, 0x00, 0x2c, 0x9c, 0x00, 0x00, 0x00, 0x2c, 0x7f, 0x00, 0x00, 0x00, 0x15, 0x0a, 0x20
    .byte 0x00, 0x00, 0x2c, 0x13, 0xe4, 0x21, 0x02, 0x15, 0x39, 0x20, 0x00, 0x00, 0x15, 0x42, 0x18, 0x70
    .byte 0x32, 0x00, 0x00, 0x00, 0x00, 0x00, 0x14, 0x60, 0x0d, 0x22, 0x02, 0x01, 0x49, 0x0d, 0x22, 0x02
    .byte 0x15, 0x63, 0x18, 0x70, 0x32, 0x00, 0x0c, 0x00, 0x00, 0x00, 0x14, 0x5e, 0x0f, 0x22, 0x02, 0x20
    .byte 0x00, 0x00, 0x2c, 0x24, 0xe2, 0x21, 0x02, 0x15, 0x39, 0x20, 0x00, 0x00, 0x15, 0x42, 0x18, 0x70
    .byte 0x32, 0x00, 0x00, 0x00, 0x00, 0x00, 0x14, 0x90, 0x0d, 0x22, 0x02, 0x01, 0x79, 0x0d, 0x22, 0x02
    .byte 0x03, 0x00, 0x09, 0x00, 0x00, 0x00, 0x26, 0x00, 0x66, 0x03, 0x00, 0x61, 0x01, 0x00, 0x00, 0x26
    .byte 0x00, 0xd9, 0x03, 0x00, 0x09, 0x00, 0x00, 0x00, 0x32, 0x00, 0x01, 0x00, 0x00, 0x00, 0x13, 0xc4
    .byte 0x0d, 0x22, 0x02, 0x03, 0x00, 0x09, 0x00, 0x00, 0x00, 0x32, 0x00, 0x08, 0x00, 0x00, 0x00, 0x14
    .byte 0xd2, 0x0d, 0x22, 0x02, 0x03, 0x00, 0x01, 0x00, 0x00, 0x00, 0x36, 0x00, 0x00, 0x25, 0xdb, 0x0d
    .byte 0x22, 0x02, 0x03, 0x00, 0x01, 0x00, 0x00, 0x00, 0x26, 0x00, 0x63, 0x03, 0x00, 0x09, 0x00, 0x00
    .byte 0x00, 0x32, 0x00, 0x01, 0x00, 0x00, 0x00, 0x14, 0x0c, 0x0e, 0x22, 0x02, 0x20, 0x00, 0x00, 0x2c
    .byte 0x0f, 0x00, 0x00, 0x00, 0x15, 0xe0, 0x2c, 0x15, 0x00, 0x00, 0x00, 0x2c, 0x9d, 0x00, 0x00, 0x00
    .byte 0x2c, 0x7f, 0x00, 0x00, 0x00, 0x15, 0x0a, 0x25, 0x2c, 0x0f, 0x22, 0x02, 0x03, 0x00, 0x09, 0x00
    .byte 0x00, 0x00, 0x32, 0x00, 0x08, 0x00, 0x00, 0x00, 0x14, 0x3d, 0x0e, 0x22, 0x02, 0x20, 0x00, 0x00
    .byte 0x2c, 0x0f, 0x00, 0x00, 0x00, 0x15, 0xe0, 0x2c, 0x15, 0x00, 0x00, 0x00, 0x2c, 0x9c, 0x00, 0x00
    .byte 0x00, 0x2c, 0x7f, 0x00, 0x00, 0x00, 0x15, 0x0a, 0x25, 0x2c, 0x0f, 0x22, 0x02, 0x03, 0x00, 0x09
    .byte 0x00, 0x00, 0x00, 0x32, 0x00, 0x03, 0x00, 0x00, 0x00, 0x14, 0x95, 0x0e, 0x22, 0x02, 0x03, 0x00
    .byte 0x61, 0x01, 0x00, 0x00, 0x32, 0x00, 0x3e, 0x00, 0x00, 0x00, 0x14, 0x7f, 0x0e, 0x22, 0x02, 0x20
    .byte 0x00, 0x00, 0x2c, 0x75, 0x00, 0x00, 0x00, 0x15, 0xe0, 0x2c, 0x15, 0x00, 0x00, 0x00, 0x2c, 0x9d
    .byte 0x00, 0x00, 0x00, 0x2c, 0x7f, 0x00, 0x00, 0x00, 0x15, 0x0a, 0x25, 0x90, 0x0e, 0x22, 0x02, 0x2c
    .byte 0x15, 0x00, 0x00, 0x00, 0x2c, 0x9d, 0x00, 0x00, 0x00, 0x2c, 0x7f, 0x00, 0x00, 0x00, 0x15, 0x0a
    .byte 0x25, 0x2c, 0x0f, 0x22, 0x02, 0x03, 0x00, 0x09, 0x00, 0x00, 0x00, 0x32, 0x00, 0x09, 0x00, 0x00
    .byte 0x00, 0x14, 0xbc, 0x0e, 0x22, 0x02, 0x2c, 0x15, 0x00, 0x00, 0x00, 0x2c, 0x9c, 0x00, 0x00, 0x00
    .byte 0x2c, 0x7f, 0x00, 0x00, 0x00, 0x15, 0x0a, 0x25, 0x2c, 0x0f, 0x22, 0x02, 0x03, 0x00, 0x09, 0x00
    .byte 0x00, 0x00, 0x32, 0x00, 0x04, 0x00, 0x00, 0x00, 0x14, 0xe3, 0x0e, 0x22, 0x02, 0x2c, 0x15, 0x00
    .byte 0x00, 0x00, 0x2c, 0x9c, 0x00, 0x00, 0x00, 0x2c, 0x7f, 0x00, 0x00, 0x00, 0x15, 0x0a, 0x25, 0x2c
    .byte 0x0f, 0x22, 0x02, 0x03, 0x00, 0x09, 0x00, 0x00, 0x00, 0x32, 0x00, 0x0a, 0x00, 0x00, 0x00, 0x14
    .byte 0x0a, 0x0f, 0x22, 0x02, 0x2c, 0x15, 0x00, 0x00, 0x00, 0x2c, 0x9d, 0x00, 0x00, 0x00, 0x2c, 0x7f
    .byte 0x00, 0x00, 0x00, 0x15, 0x0a, 0x25, 0x2c, 0x0f, 0x22, 0x02, 0x03, 0x00, 0x09, 0x00, 0x00, 0x00
    .byte 0x32, 0x00, 0x0b, 0x00, 0x00, 0x00, 0x14, 0x2c, 0x0f, 0x22, 0x02, 0x2c, 0x15, 0x00, 0x00, 0x00
    .byte 0x2c, 0x9c, 0x00, 0x00, 0x00, 0x2c, 0x7f, 0x00, 0x00, 0x00, 0x15, 0x0a, 0x20, 0x00, 0x00, 0x2c
    .byte 0x13, 0xe4, 0x21, 0x02, 0x15, 0x39, 0x20, 0x00, 0x00, 0x15, 0x42, 0x18, 0x70, 0x32, 0x00, 0x00
    .byte 0x00, 0x00, 0x00, 0x14, 0x4d, 0x0f, 0x22, 0x02, 0x01, 0x36, 0x0f, 0x22, 0x02, 0x2c, 0x61, 0x01
    .byte 0x00, 0x00, 0x2c, 0x01, 0x00, 0x00, 0x00, 0x15, 0x76, 0x25, 0x55, 0x13, 0x22, 0x02, 0x15, 0x63
    .byte 0x18, 0x70, 0x32, 0x00, 0x13, 0x00, 0x00, 0x00, 0x14, 0x5c, 0x11, 0x22, 0x02, 0x20, 0x00, 0x00
    .byte 0x2c, 0x24, 0xe2, 0x21, 0x02, 0x15, 0x39, 0x20, 0x00, 0x00, 0x15, 0x42, 0x18, 0x70, 0x32, 0x00
    .byte 0x00, 0x00, 0x00, 0x00, 0x14, 0x8e, 0x0f, 0x22, 0x02, 0x01, 0x77, 0x0f, 0x22, 0x02, 0x03, 0x00
    .byte 0x09, 0x00, 0x00, 0x00, 0x26, 0x00, 0x66, 0x03, 0x00, 0x62, 0x01, 0x00, 0x00, 0x26, 0x00, 0xd9
    .byte 0x03, 0x00, 0x09, 0x00, 0x00, 0x00, 0x32, 0x00, 0x01, 0x00, 0x00, 0x00, 0x13, 0xc2, 0x0f, 0x22
    .byte 0x02, 0x03, 0x00, 0x09, 0x00, 0x00, 0x00, 0x32, 0x00, 0x08, 0x00, 0x00, 0x00, 0x14, 0xd0, 0x0f
    .byte 0x22, 0x02, 0x03, 0x00, 0x01, 0x00, 0x00, 0x00, 0x36, 0x00, 0x00, 0x25, 0xd9, 0x0f, 0x22, 0x02
    .byte 0x03, 0x00, 0x01, 0x00, 0x00, 0x00, 0x26, 0x00, 0x63, 0x03, 0x00, 0x09, 0x00, 0x00, 0x00, 0x32
    .byte 0x00, 0x01, 0x00, 0x00, 0x00, 0x14, 0x0a, 0x10, 0x22, 0x02, 0x20, 0x00, 0x00, 0x2c, 0x0f, 0x00
    .byte 0x00, 0x00, 0x15, 0xe0, 0x2c, 0x15, 0x00, 0x00, 0x00, 0x2c, 0x9d, 0x00, 0x00, 0x00, 0x2c, 0x7f
    .byte 0x00, 0x00, 0x00, 0x15, 0x0a, 0x25, 0x2a, 0x11, 0x22, 0x02, 0x03, 0x00, 0x09, 0x00, 0x00, 0x00
    .byte 0x32, 0x00, 0x08, 0x00, 0x00, 0x00, 0x14, 0x3b, 0x10, 0x22, 0x02, 0x20, 0x00, 0x00, 0x2c, 0x0f
    .byte 0x00, 0x00, 0x00, 0x15, 0xe0, 0x2c, 0x15, 0x00, 0x00, 0x00, 0x2c, 0x9c, 0x00, 0x00, 0x00, 0x2c
    .byte 0x7f, 0x00, 0x00, 0x00, 0x15, 0x0a, 0x25, 0x2a, 0x11, 0x22, 0x02, 0x03, 0x00, 0x09, 0x00, 0x00
    .byte 0x00, 0x32, 0x00, 0x03, 0x00, 0x00, 0x00, 0x14, 0x93, 0x10, 0x22, 0x02, 0x03, 0x00, 0x62, 0x01
    .byte 0x00, 0x00, 0x32, 0x00, 0x3e, 0x00, 0x00, 0x00, 0x14, 0x7d, 0x10, 0x22, 0x02, 0x20, 0x00, 0x00
    .byte 0x2c, 0x75, 0x00, 0x00, 0x00, 0x15, 0xe0, 0x2c, 0x15, 0x00, 0x00, 0x00, 0x2c, 0x9d, 0x00, 0x00
    .byte 0x00, 0x2c, 0x7f, 0x00, 0x00, 0x00, 0x15, 0x0a, 0x25, 0x8e, 0x10, 0x22, 0x02, 0x2c, 0x15, 0x00
    .byte 0x00, 0x00, 0x2c, 0x9d, 0x00, 0x00, 0x00, 0x2c, 0x7f, 0x00, 0x00, 0x00, 0x15, 0x0a, 0x25, 0x2a
    .byte 0x11, 0x22, 0x02, 0x03, 0x00, 0x09, 0x00, 0x00, 0x00, 0x32, 0x00, 0x09, 0x00, 0x00, 0x00, 0x14
    .byte 0xba, 0x10, 0x22, 0x02, 0x2c, 0x15, 0x00, 0x00, 0x00, 0x2c, 0x9c, 0x00, 0x00, 0x00, 0x2c, 0x7f
    .byte 0x00, 0x00, 0x00, 0x15, 0x0a, 0x25, 0x2a, 0x11, 0x22, 0x02, 0x03, 0x00, 0x09, 0x00, 0x00, 0x00
    .byte 0x32, 0x00, 0x04, 0x00, 0x00, 0x00, 0x14, 0xe1, 0x10, 0x22, 0x02, 0x2c, 0x15, 0x00, 0x00, 0x00
    .byte 0x2c, 0x9c, 0x00, 0x00, 0x00, 0x2c, 0x7f, 0x00, 0x00, 0x00, 0x15, 0x0a, 0x25, 0x2a, 0x11, 0x22
    .byte 0x02, 0x03, 0x00, 0x09, 0x00, 0x00, 0x00, 0x32, 0x00, 0x0a, 0x00, 0x00, 0x00, 0x14, 0x08, 0x11
    .byte 0x22, 0x02, 0x2c, 0x15, 0x00, 0x00, 0x00, 0x2c, 0x9d, 0x00, 0x00, 0x00, 0x2c, 0x7f, 0x00, 0x00
    .byte 0x00, 0x15, 0x0a, 0x25, 0x2a, 0x11, 0x22, 0x02, 0x03, 0x00, 0x09, 0x00, 0x00, 0x00, 0x32, 0x00
    .byte 0x0b, 0x00, 0x00, 0x00, 0x14, 0x2a, 0x11, 0x22, 0x02, 0x2c, 0x15, 0x00, 0x00, 0x00, 0x2c, 0x9c
    .byte 0x00, 0x00, 0x00, 0x2c, 0x7f, 0x00, 0x00, 0x00, 0x15, 0x0a, 0x20, 0x00, 0x00, 0x2c, 0x13, 0xe4
    .byte 0x21, 0x02, 0x15, 0x39, 0x20, 0x00, 0x00, 0x15, 0x42, 0x18, 0x70, 0x32, 0x00, 0x00, 0x00, 0x00
    .byte 0x00, 0x14, 0x4b, 0x11, 0x22, 0x02, 0x01, 0x34, 0x11, 0x22, 0x02, 0x2c, 0x62, 0x01, 0x00, 0x00
    .byte 0x2c, 0x01, 0x00, 0x00, 0x00, 0x15, 0x76, 0x25, 0x55, 0x13, 0x22, 0x02, 0x15, 0x63, 0x18, 0x70
    .byte 0x32, 0x00, 0x17, 0x00, 0x00, 0x00, 0x14, 0x55, 0x13, 0x22, 0x02, 0x20, 0x00, 0x00, 0x2c, 0x24
    .byte 0xe2, 0x21, 0x02, 0x15, 0x39, 0x20, 0x00, 0x00, 0x15, 0x42, 0x18, 0x70, 0x32, 0x00, 0x00, 0x00
    .byte 0x00, 0x00, 0x14, 0x8c, 0x11, 0x22, 0x02, 0x01, 0x75, 0x11, 0x22, 0x02, 0x03, 0x00, 0x09, 0x00
    .byte 0x00, 0x00, 0x26, 0x00, 0x66, 0x03, 0x00, 0x63, 0x01, 0x00, 0x00, 0x26, 0x00, 0xd9, 0x03, 0x00
    .byte 0x09, 0x00, 0x00, 0x00, 0x32, 0x00, 0x01, 0x00, 0x00, 0x00, 0x13, 0xc0, 0x11, 0x22, 0x02, 0x03
    .byte 0x00, 0x09, 0x00, 0x00, 0x00, 0x32, 0x00, 0x08, 0x00, 0x00, 0x00, 0x14, 0xce, 0x11, 0x22, 0x02
    .byte 0x03, 0x00, 0x01, 0x00, 0x00, 0x00, 0x36, 0x00, 0x00, 0x25, 0xd7, 0x11, 0x22, 0x02, 0x03, 0x00
    .byte 0x01, 0x00, 0x00, 0x00, 0x26, 0x00, 0x63, 0x03, 0x00, 0x09, 0x00, 0x00, 0x00, 0x32, 0x00, 0x01
    .byte 0x00, 0x00, 0x00, 0x14, 0x08, 0x12, 0x22, 0x02, 0x20, 0x00, 0x00, 0x2c, 0x0f, 0x00, 0x00, 0x00
    .byte 0x15, 0xe0, 0x2c, 0x15, 0x00, 0x00, 0x00, 0x2c, 0x9d, 0x00, 0x00, 0x00, 0x2c, 0x7f, 0x00, 0x00
    .byte 0x00, 0x15, 0x0a, 0x25, 0x28, 0x13, 0x22, 0x02, 0x03, 0x00, 0x09, 0x00, 0x00, 0x00, 0x32, 0x00
    .byte 0x08, 0x00, 0x00, 0x00, 0x14, 0x39, 0x12, 0x22, 0x02, 0x20, 0x00, 0x00, 0x2c, 0x0f, 0x00, 0x00
    .byte 0x00, 0x15, 0xe0, 0x2c, 0x15, 0x00, 0x00, 0x00, 0x2c, 0x9c, 0x00, 0x00, 0x00, 0x2c, 0x7f, 0x00
    .byte 0x00, 0x00, 0x15, 0x0a, 0x25, 0x28, 0x13, 0x22, 0x02, 0x03, 0x00, 0x09, 0x00, 0x00, 0x00, 0x32
    .byte 0x00, 0x03, 0x00, 0x00, 0x00, 0x14, 0x91, 0x12, 0x22, 0x02, 0x03, 0x00, 0x63, 0x01, 0x00, 0x00
    .byte 0x32, 0x00, 0x3e, 0x00, 0x00, 0x00, 0x14, 0x7b, 0x12, 0x22, 0x02, 0x20, 0x00, 0x00, 0x2c, 0x75
    .byte 0x00, 0x00, 0x00, 0x15, 0xe0, 0x2c, 0x15, 0x00, 0x00, 0x00, 0x2c, 0x9d, 0x00, 0x00, 0x00, 0x2c
    .byte 0x7f, 0x00, 0x00, 0x00, 0x15, 0x0a, 0x25, 0x8c, 0x12, 0x22, 0x02, 0x2c, 0x15, 0x00, 0x00, 0x00
    .byte 0x2c, 0x9d, 0x00, 0x00, 0x00, 0x2c, 0x7f, 0x00, 0x00, 0x00, 0x15, 0x0a, 0x25, 0x28, 0x13, 0x22
    .byte 0x02, 0x03, 0x00, 0x09, 0x00, 0x00, 0x00, 0x32, 0x00, 0x09, 0x00, 0x00, 0x00, 0x14, 0xb8, 0x12
    .byte 0x22, 0x02, 0x2c, 0x15, 0x00, 0x00, 0x00, 0x2c, 0x9c, 0x00, 0x00, 0x00, 0x2c, 0x7f, 0x00, 0x00
    .byte 0x00, 0x15, 0x0a, 0x25, 0x28, 0x13, 0x22, 0x02, 0x03, 0x00, 0x09, 0x00, 0x00, 0x00, 0x32, 0x00
    .byte 0x04, 0x00, 0x00, 0x00, 0x14, 0xdf, 0x12, 0x22, 0x02, 0x2c, 0x15, 0x00, 0x00, 0x00, 0x2c, 0x9c
    .byte 0x00, 0x00, 0x00, 0x2c, 0x7f, 0x00, 0x00, 0x00, 0x15, 0x0a, 0x25, 0x28, 0x13, 0x22, 0x02, 0x03
    .byte 0x00, 0x09, 0x00, 0x00, 0x00, 0x32, 0x00, 0x0a, 0x00, 0x00, 0x00, 0x14, 0x06, 0x13, 0x22, 0x02
    .byte 0x2c, 0x15, 0x00, 0x00, 0x00, 0x2c, 0x9d, 0x00, 0x00, 0x00, 0x2c, 0x7f, 0x00, 0x00, 0x00, 0x15
    .byte 0x0a, 0x25, 0x28, 0x13, 0x22, 0x02, 0x03, 0x00, 0x09, 0x00, 0x00, 0x00, 0x32, 0x00, 0x0b, 0x00
    .byte 0x00, 0x00, 0x14, 0x28, 0x13, 0x22, 0x02, 0x2c, 0x15, 0x00, 0x00, 0x00, 0x2c, 0x9c, 0x00, 0x00
    .byte 0x00, 0x2c, 0x7f, 0x00, 0x00, 0x00, 0x15, 0x0a, 0x20, 0x00, 0x00, 0x2c, 0x13, 0xe4, 0x21, 0x02
    .byte 0x15, 0x39, 0x20, 0x00, 0x00, 0x15, 0x42, 0x18, 0x70, 0x32, 0x00, 0x00, 0x00, 0x00, 0x00, 0x14
    .byte 0x49, 0x13, 0x22, 0x02, 0x01, 0x32, 0x13, 0x22, 0x02, 0x2c, 0x63, 0x01, 0x00, 0x00, 0x2c, 0x01
    .byte 0x00, 0x00, 0x00, 0x15, 0x76, 0x20, 0x00, 0x00, 0x15, 0x07, 0x15, 0x08, 0x25, 0x2a, 0x15, 0x22
    .byte 0x02, 0x2c, 0x1b, 0x00, 0x00, 0x00, 0x2c, 0x01, 0x00, 0x00, 0x00, 0x15, 0x76, 0x03, 0x00, 0x04
    .byte 0x00, 0x00, 0x00, 0x26, 0x00, 0x66, 0x03, 0x00, 0x1b, 0x00, 0x00, 0x00, 0x26, 0x00, 0xd9, 0x03
    .byte 0x00, 0x04, 0x00, 0x00, 0x00, 0x32, 0x00, 0x01, 0x00, 0x00, 0x00, 0x13, 0xa1, 0x13, 0x22, 0x02
    .byte 0x03, 0x00, 0x04, 0x00, 0x00, 0x00, 0x32, 0x00, 0x08, 0x00, 0x00, 0x00, 0x14, 0xaf, 0x13, 0x22
    .byte 0x02, 0x03, 0x00, 0x01, 0x00, 0x00, 0x00, 0x36, 0x00, 0x00, 0x25, 0xb8, 0x13, 0x22, 0x02, 0x03
    .byte 0x00, 0x01, 0x00, 0x00, 0x00, 0x26, 0x00, 0x63, 0x03, 0x00, 0x04, 0x00, 0x00, 0x00, 0x32, 0x00
    .byte 0x01, 0x00, 0x00, 0x00, 0x14, 0xe9, 0x13, 0x22, 0x02, 0x20, 0x00, 0x00, 0x2c, 0x0f, 0x00, 0x00
    .byte 0x00, 0x15, 0xe0, 0x2c, 0x15, 0x00, 0x00, 0x00, 0x2c, 0x9d, 0x00, 0x00, 0x00, 0x2c, 0x7f, 0x00
    .byte 0x00, 0x00, 0x15, 0x0a, 0x25, 0x09, 0x15, 0x22, 0x02, 0x03, 0x00, 0x04, 0x00, 0x00, 0x00, 0x32
    .byte 0x00, 0x08, 0x00, 0x00, 0x00, 0x14, 0x1a, 0x14, 0x22, 0x02, 0x20, 0x00, 0x00, 0x2c, 0x0f, 0x00
    .byte 0x00, 0x00, 0x15, 0xe0, 0x2c, 0x15, 0x00, 0x00, 0x00, 0x2c, 0x9c, 0x00, 0x00, 0x00, 0x2c, 0x7f
    .byte 0x00, 0x00, 0x00, 0x15, 0x0a, 0x25, 0x09, 0x15, 0x22, 0x02, 0x03, 0x00, 0x04, 0x00, 0x00, 0x00
    .byte 0x32, 0x00, 0x03, 0x00, 0x00, 0x00, 0x14, 0x72, 0x14, 0x22, 0x02, 0x03, 0x00, 0x1b, 0x00, 0x00
    .byte 0x00, 0x32, 0x00, 0x3e, 0x00, 0x00, 0x00, 0x14, 0x5c, 0x14, 0x22, 0x02, 0x20, 0x00, 0x00, 0x2c
    .byte 0x75, 0x00, 0x00, 0x00, 0x15, 0xe0, 0x2c, 0x15, 0x00, 0x00, 0x00, 0x2c, 0x9d, 0x00, 0x00, 0x00
    .byte 0x2c, 0x7f, 0x00, 0x00, 0x00, 0x15, 0x0a, 0x25, 0x6d, 0x14, 0x22, 0x02, 0x2c, 0x15, 0x00, 0x00
    .byte 0x00, 0x2c, 0x9d, 0x00, 0x00, 0x00, 0x2c, 0x7f, 0x00, 0x00, 0x00, 0x15, 0x0a, 0x25, 0x09, 0x15
    .byte 0x22, 0x02, 0x03, 0x00, 0x04, 0x00, 0x00, 0x00, 0x32, 0x00, 0x09, 0x00, 0x00, 0x00, 0x14, 0x99
    .byte 0x14, 0x22, 0x02, 0x2c, 0x15, 0x00, 0x00, 0x00, 0x2c, 0x9c, 0x00, 0x00, 0x00, 0x2c, 0x7f, 0x00
    .byte 0x00, 0x00, 0x15, 0x0a, 0x25, 0x09, 0x15, 0x22, 0x02, 0x03, 0x00, 0x04, 0x00, 0x00, 0x00, 0x32
    .byte 0x00, 0x04, 0x00, 0x00, 0x00, 0x14, 0xc0, 0x14, 0x22, 0x02, 0x2c, 0x15, 0x00, 0x00, 0x00, 0x2c
    .byte 0x9c, 0x00, 0x00, 0x00, 0x2c, 0x7f, 0x00, 0x00, 0x00, 0x15, 0x0a, 0x25, 0x09, 0x15, 0x22, 0x02
    .byte 0x03, 0x00, 0x04, 0x00, 0x00, 0x00, 0x32, 0x00, 0x0a, 0x00, 0x00, 0x00, 0x14, 0xe7, 0x14, 0x22
    .byte 0x02, 0x2c, 0x15, 0x00, 0x00, 0x00, 0x2c, 0x9d, 0x00, 0x00, 0x00, 0x2c, 0x7f, 0x00, 0x00, 0x00
    .byte 0x15, 0x0a, 0x25, 0x09, 0x15, 0x22, 0x02, 0x03, 0x00, 0x04, 0x00, 0x00, 0x00, 0x32, 0x00, 0x0b
    .byte 0x00, 0x00, 0x00, 0x14, 0x09, 0x15, 0x22, 0x02, 0x2c, 0x15, 0x00, 0x00, 0x00, 0x2c, 0x9c, 0x00
    .byte 0x00, 0x00, 0x2c, 0x7f, 0x00, 0x00, 0x00, 0x15, 0x0a, 0x20, 0x00, 0x00, 0x2c, 0x13, 0xe4, 0x21
    .byte 0x02, 0x15, 0x39, 0x20, 0x00, 0x00, 0x15, 0x42, 0x18, 0x70, 0x32, 0x00, 0x00, 0x00, 0x00, 0x00
    .byte 0x14, 0x2a, 0x15, 0x22, 0x02, 0x01, 0x13, 0x15, 0x22, 0x02, 0x25, 0x66, 0x19, 0x22, 0x02, 0x03
    .byte 0x00, 0x04, 0x00, 0x00, 0x00, 0x32, 0x00, 0x09, 0x00, 0x00, 0x00, 0x14, 0x0e, 0x17, 0x22, 0x02
    .byte 0x2c, 0x1b, 0x00, 0x00, 0x00, 0x2c, 0x01, 0x00, 0x00, 0x00, 0x15, 0x76, 0x03, 0x00, 0x04, 0x00
    .byte 0x00, 0x00, 0x26, 0x00, 0x66, 0x03, 0x00, 0x1b, 0x00, 0x00, 0x00, 0x26, 0x00, 0xd9, 0x03, 0x00
    .byte 0x04, 0x00, 0x00, 0x00, 0x32, 0x00, 0x01, 0x00, 0x00, 0x00, 0x13, 0x80, 0x15, 0x22, 0x02, 0x03
    .byte 0x00, 0x04, 0x00, 0x00, 0x00, 0x32, 0x00, 0x08, 0x00, 0x00, 0x00, 0x14, 0x8e, 0x15, 0x22, 0x02
    .byte 0x03, 0x00, 0x01, 0x00, 0x00, 0x00, 0x36, 0x00, 0x00, 0x25, 0x97, 0x15, 0x22, 0x02, 0x03, 0x00
    .byte 0x01, 0x00, 0x00, 0x00, 0x26, 0x00, 0x63, 0x03, 0x00, 0x04, 0x00, 0x00, 0x00, 0x32, 0x00, 0x01
    .byte 0x00, 0x00, 0x00, 0x14, 0xc8, 0x15, 0x22, 0x02, 0x20, 0x00, 0x00, 0x2c, 0x0f, 0x00, 0x00, 0x00
    .byte 0x15, 0xe0, 0x2c, 0x15, 0x00, 0x00, 0x00, 0x2c, 0x9d, 0x00, 0x00, 0x00, 0x2c, 0x7f, 0x00, 0x00
    .byte 0x00, 0x15, 0x0a, 0x25, 0xe8, 0x16, 0x22, 0x02, 0x03, 0x00, 0x04, 0x00, 0x00, 0x00, 0x32, 0x00
    .byte 0x08, 0x00, 0x00, 0x00, 0x14, 0xf9, 0x15, 0x22, 0x02, 0x20, 0x00, 0x00, 0x2c, 0x0f, 0x00, 0x00
    .byte 0x00, 0x15, 0xe0, 0x2c, 0x15, 0x00, 0x00, 0x00, 0x2c, 0x9c, 0x00, 0x00, 0x00, 0x2c, 0x7f, 0x00
    .byte 0x00, 0x00, 0x15, 0x0a, 0x25, 0xe8, 0x16, 0x22, 0x02, 0x03, 0x00, 0x04, 0x00, 0x00, 0x00, 0x32
    .byte 0x00, 0x03, 0x00, 0x00, 0x00, 0x14, 0x51, 0x16, 0x22, 0x02, 0x03, 0x00, 0x1b, 0x00, 0x00, 0x00
    .byte 0x32, 0x00, 0x3e, 0x00, 0x00, 0x00, 0x14, 0x3b, 0x16, 0x22, 0x02, 0x20, 0x00, 0x00, 0x2c, 0x75
    .byte 0x00, 0x00, 0x00, 0x15, 0xe0, 0x2c, 0x15, 0x00, 0x00, 0x00, 0x2c, 0x9d, 0x00, 0x00, 0x00, 0x2c
    .byte 0x7f, 0x00, 0x00, 0x00, 0x15, 0x0a, 0x25, 0x4c, 0x16, 0x22, 0x02, 0x2c, 0x15, 0x00, 0x00, 0x00
    .byte 0x2c, 0x9d, 0x00, 0x00, 0x00, 0x2c, 0x7f, 0x00, 0x00, 0x00, 0x15, 0x0a, 0x25, 0xe8, 0x16, 0x22
    .byte 0x02, 0x03, 0x00, 0x04, 0x00, 0x00, 0x00, 0x32, 0x00, 0x09, 0x00, 0x00, 0x00, 0x14, 0x78, 0x16
    .byte 0x22, 0x02, 0x2c, 0x15, 0x00, 0x00, 0x00, 0x2c, 0x9c, 0x00, 0x00, 0x00, 0x2c, 0x7f, 0x00, 0x00
    .byte 0x00, 0x15, 0x0a, 0x25, 0xe8, 0x16, 0x22, 0x02, 0x03, 0x00, 0x04, 0x00, 0x00, 0x00, 0x32, 0x00
    .byte 0x04, 0x00, 0x00, 0x00, 0x14, 0x9f, 0x16, 0x22, 0x02, 0x2c, 0x15, 0x00, 0x00, 0x00, 0x2c, 0x9c
    .byte 0x00, 0x00, 0x00, 0x2c, 0x7f, 0x00, 0x00, 0x00, 0x15, 0x0a, 0x25, 0xe8, 0x16, 0x22, 0x02, 0x03
    .byte 0x00, 0x04, 0x00, 0x00, 0x00, 0x32, 0x00, 0x0a, 0x00, 0x00, 0x00, 0x14, 0xc6, 0x16, 0x22, 0x02
    .byte 0x2c, 0x15, 0x00, 0x00, 0x00, 0x2c, 0x9d, 0x00, 0x00, 0x00, 0x2c, 0x7f, 0x00, 0x00, 0x00, 0x15
    .byte 0x0a, 0x25, 0xe8, 0x16, 0x22, 0x02, 0x03, 0x00, 0x04, 0x00, 0x00, 0x00, 0x32, 0x00, 0x0b, 0x00
    .byte 0x00, 0x00, 0x14, 0xe8, 0x16, 0x22, 0x02, 0x2c, 0x15, 0x00, 0x00, 0x00, 0x2c, 0x9c, 0x00, 0x00
    .byte 0x00, 0x2c, 0x7f, 0x00, 0x00, 0x00, 0x15, 0x0a, 0x20, 0x00, 0x00, 0x2c, 0x13, 0xe4, 0x21, 0x02
    .byte 0x15, 0x39, 0x20, 0x00, 0x00, 0x15, 0x42, 0x18, 0x70, 0x32, 0x00, 0x00, 0x00, 0x00, 0x00, 0x14
    .byte 0x09, 0x17, 0x22, 0x02, 0x01, 0xf2, 0x16, 0x22, 0x02, 0x25, 0x66, 0x19, 0x22, 0x02, 0x03, 0x00
    .byte 0x04, 0x00, 0x00, 0x00, 0x32, 0x00, 0x04, 0x00, 0x00, 0x00, 0x14, 0x24, 0x19, 0x22, 0x02, 0x2c
    .byte 0x1b, 0x00, 0x00, 0x00, 0x15, 0xde, 0x03, 0x00, 0x04, 0x00, 0x00, 0x00, 0x26, 0x00, 0x66, 0x03
    .byte 0x00, 0x1b, 0x00, 0x00, 0x00, 0x26, 0x00, 0xd9, 0x03, 0x00, 0x04, 0x00, 0x00, 0x00, 0x32, 0x00
    .byte 0x01, 0x00, 0x00, 0x00, 0x13, 0x5a, 0x17, 0x22, 0x02, 0x03, 0x00, 0x04, 0x00, 0x00, 0x00, 0x32
    .byte 0x00, 0x08, 0x00, 0x00, 0x00, 0x14, 0x68, 0x17, 0x22, 0x02, 0x03, 0x00, 0x01, 0x00, 0x00, 0x00
    .byte 0x36, 0x00, 0x00, 0x25, 0x71, 0x17, 0x22, 0x02, 0x03, 0x00, 0x01, 0x00, 0x00, 0x00, 0x26, 0x00
    .byte 0x63, 0x03, 0x00, 0x04, 0x00, 0x00, 0x00, 0x32, 0x00, 0x01, 0x00, 0x00, 0x00, 0x14, 0xa2, 0x17
    .byte 0x22, 0x02, 0x20, 0x00, 0x00, 0x2c, 0x0f, 0x00, 0x00, 0x00, 0x15, 0xe0, 0x2c, 0x15, 0x00, 0x00
    .byte 0x00, 0x2c, 0x9d, 0x00, 0x00, 0x00, 0x2c, 0x7f, 0x00, 0x00, 0x00, 0x15, 0x0a, 0x25, 0xc2, 0x18
    .byte 0x22, 0x02, 0x03, 0x00, 0x04, 0x00, 0x00, 0x00, 0x32, 0x00, 0x08, 0x00, 0x00, 0x00, 0x14, 0xd3
    .byte 0x17, 0x22, 0x02, 0x20, 0x00, 0x00, 0x2c, 0x0f, 0x00, 0x00, 0x00, 0x15, 0xe0, 0x2c, 0x15, 0x00
    .byte 0x00, 0x00, 0x2c, 0x9c, 0x00, 0x00, 0x00, 0x2c, 0x7f, 0x00, 0x00, 0x00, 0x15, 0x0a, 0x25, 0xc2
    .byte 0x18, 0x22, 0x02, 0x03, 0x00, 0x04, 0x00, 0x00, 0x00, 0x32, 0x00, 0x03, 0x00, 0x00, 0x00, 0x14
    .byte 0x2b, 0x18, 0x22, 0x02, 0x03, 0x00, 0x1b, 0x00, 0x00, 0x00, 0x32, 0x00, 0x3e, 0x00, 0x00, 0x00
    .byte 0x14, 0x15, 0x18, 0x22, 0x02, 0x20, 0x00, 0x00, 0x2c, 0x75, 0x00, 0x00, 0x00, 0x15, 0xe0, 0x2c
    .byte 0x15, 0x00, 0x00, 0x00, 0x2c, 0x9d, 0x00, 0x00, 0x00, 0x2c, 0x7f, 0x00, 0x00, 0x00, 0x15, 0x0a
    .byte 0x25, 0x26, 0x18, 0x22, 0x02, 0x2c, 0x15, 0x00, 0x00, 0x00, 0x2c, 0x9d, 0x00, 0x00, 0x00, 0x2c
    .byte 0x7f, 0x00, 0x00, 0x00, 0x15, 0x0a, 0x25, 0xc2, 0x18, 0x22, 0x02, 0x03, 0x00, 0x04, 0x00, 0x00
    .byte 0x00, 0x32, 0x00, 0x09, 0x00, 0x00, 0x00, 0x14, 0x52, 0x18, 0x22, 0x02, 0x2c, 0x15, 0x00, 0x00
    .byte 0x00, 0x2c, 0x9c, 0x00, 0x00, 0x00, 0x2c, 0x7f, 0x00, 0x00, 0x00, 0x15, 0x0a, 0x25, 0xc2, 0x18
    .byte 0x22, 0x02, 0x03, 0x00, 0x04, 0x00, 0x00, 0x00, 0x32, 0x00, 0x04, 0x00, 0x00, 0x00, 0x14, 0x79
    .byte 0x18, 0x22, 0x02, 0x2c, 0x15, 0x00, 0x00, 0x00, 0x2c, 0x9c, 0x00, 0x00, 0x00, 0x2c, 0x7f, 0x00
    .byte 0x00, 0x00, 0x15, 0x0a, 0x25, 0xc2, 0x18, 0x22, 0x02, 0x03, 0x00, 0x04, 0x00, 0x00, 0x00, 0x32
    .byte 0x00, 0x0a, 0x00, 0x00, 0x00, 0x14, 0xa0, 0x18, 0x22, 0x02, 0x2c, 0x15, 0x00, 0x00, 0x00, 0x2c
    .byte 0x9d, 0x00, 0x00, 0x00, 0x2c, 0x7f, 0x00, 0x00, 0x00, 0x15, 0x0a, 0x25, 0xc2, 0x18, 0x22, 0x02
    .byte 0x03, 0x00, 0x04, 0x00, 0x00, 0x00, 0x32, 0x00, 0x0b, 0x00, 0x00, 0x00, 0x14, 0xc2, 0x18, 0x22
    .byte 0x02, 0x2c, 0x15, 0x00, 0x00, 0x00, 0x2c, 0x9c, 0x00, 0x00, 0x00, 0x2c, 0x7f, 0x00, 0x00, 0x00
    .byte 0x15, 0x0a, 0x20, 0x00, 0x00, 0x2c, 0x13, 0xe4, 0x21, 0x02, 0x15, 0x39, 0x20, 0x00, 0x00, 0x15
    .byte 0x42, 0x18, 0x70, 0x32, 0x00, 0x00, 0x00, 0x00, 0x00, 0x14, 0xe3, 0x18, 0x22, 0x02, 0x01, 0xcc
    .byte 0x18, 0x22, 0x02, 0x2c, 0x98, 0x03, 0x00, 0x00, 0x15, 0x37, 0x18, 0x70, 0x32, 0x00, 0x00, 0x00
    .byte 0x00, 0x00, 0x14, 0x18, 0x19, 0x22, 0x02, 0x2c, 0x14, 0x00, 0x00, 0x00, 0x15, 0x07, 0x15, 0x08
    .byte 0x2c, 0x98, 0x03, 0x00, 0x00, 0x15, 0x35, 0x2c, 0xb5, 0x03, 0x00, 0x00, 0x15, 0x35, 0x2c, 0x08
    .byte 0x00, 0x00, 0x00, 0x20, 0x00, 0x00, 0x15, 0x78, 0x20, 0x00, 0x00, 0x15, 0x07, 0x15, 0x08, 0x25
    .byte 0x66, 0x19, 0x22, 0x02, 0x03, 0x00, 0x04, 0x00, 0x00, 0x00, 0x32, 0x00, 0x05, 0x00, 0x00, 0x00
    .byte 0x14, 0x66, 0x19, 0x22, 0x02, 0x2c, 0x1b, 0x00, 0x00, 0x00, 0x15, 0xf7, 0x03, 0x00, 0x1b, 0x00
    .byte 0x00, 0x00, 0x26, 0x00, 0xc0, 0x20, 0x00, 0x00, 0x2c, 0x50, 0xe3, 0x21, 0x02, 0x15, 0x39, 0x20
    .byte 0x00, 0x00, 0x15, 0x42, 0x18, 0x70, 0x32, 0x00, 0x00, 0x00, 0x00, 0x00, 0x14, 0x66, 0x19, 0x22
    .byte 0x02, 0x01, 0x4f, 0x19, 0x22, 0x02, 0x20, 0x00, 0x00, 0x15, 0x07, 0x15, 0x08, 0x2c, 0x05, 0x0d
    .byte 0x00, 0x00, 0x15, 0x41, 0x20, 0x00, 0x00, 0x15, 0xd7, 0x2c, 0x01, 0x00, 0x00, 0x00, 0x20, 0x00
    .byte 0x00, 0x15, 0x29, 0x2c, 0x0e, 0x00, 0x00, 0x00, 0x15, 0x37, 0x18, 0x70, 0x32, 0x00, 0x00, 0x00
    .byte 0x00, 0x00, 0x14, 0xaa, 0x19, 0x22, 0x02, 0x2c, 0x03, 0x00, 0x00, 0x00, 0x20, 0x00, 0x00, 0x20
    .byte 0x00, 0x00, 0x20, 0x00, 0x00, 0x20, 0x00, 0x00, 0x15, 0x4f, 0x2c, 0x0e, 0x00, 0x00, 0x00, 0x15
    .byte 0x36, 0x2c, 0x0f, 0x27, 0x00, 0x00, 0x15, 0x41, 0x00, 0x2c, 0x03, 0x00, 0x00, 0x00, 0x2c, 0x07
    .byte 0x00, 0x00, 0x00, 0x15, 0x47, 0x18, 0x70, 0x17, 0x00, 0x2c, 0x03, 0x00, 0x00, 0x00, 0x2c, 0x08
    .byte 0x00, 0x00, 0x00, 0x15, 0x47, 0x18, 0x70, 0x05, 0x00, 0x0c, 0x00, 0x00, 0x00, 0x17, 0x00, 0x2c
    .byte 0x03, 0x00, 0x00, 0x00, 0x2c, 0x09, 0x00, 0x00, 0x00, 0x15, 0x47, 0x18, 0x70, 0x17, 0x00, 0x15
    .byte 0x02, 0x00, 0x00, 0x2c, 0x08, 0x00, 0x00, 0x00, 0x2c, 0x65, 0x00, 0x00, 0x00, 0x15, 0xe0, 0x2c
    .byte 0x14, 0x00, 0x00, 0x00, 0x15, 0x07, 0x15, 0x08, 0x03, 0x00, 0x00, 0x00, 0x00, 0x00, 0x28, 0x00
    .byte 0x00, 0x2b, 0x00, 0x00, 0x29, 0x01, 0xbe, 0x1e, 0x10, 0x14, 0x42, 0x1a, 0x22, 0x02, 0x20, 0x00
    .byte 0x00, 0x2c, 0x80, 0x32, 0x00, 0x00, 0x15, 0xe0, 0x2c, 0x0f, 0x00, 0x00, 0x00, 0x15, 0x07, 0x15
    .byte 0x08, 0x2b, 0x00, 0x00, 0x05, 0x00, 0x01, 0x00, 0x00, 0x00, 0x28, 0x00, 0x00, 0x25, 0x11, 0x1a
    .byte 0x22, 0x02, 0x2c, 0x09, 0x00, 0x00, 0x00, 0x2c, 0x65, 0x00, 0x00, 0x00, 0x15, 0xe0, 0x00, 0x20
    .byte 0x00, 0x00, 0x15, 0x09, 0x03, 0x00, 0xb0, 0x01, 0x00, 0x00, 0x28, 0x00, 0x00, 0x03, 0x00, 0x5f
    .byte 0x02, 0x00, 0x00, 0x28, 0x00, 0x01, 0x03, 0x00, 0x00, 0x00, 0x00, 0x00, 0x28, 0x00, 0x02, 0x2f
    .byte 0x00, 0x2b, 0x00, 0x01, 0x2b, 0x01, 0x02, 0x04, 0x10, 0x17, 0x00, 0x2f, 0x02, 0x15, 0x02, 0x20
    .byte 0x00, 0x00, 0x2c, 0x20, 0x00, 0x00, 0x00, 0x15, 0x32, 0x2c, 0x01, 0x00, 0x00, 0x00, 0x2c, 0x02
    .byte 0x00, 0x00, 0x00, 0x15, 0x32, 0x2c, 0x01, 0x00, 0x00, 0x00, 0x15, 0x7d, 0x2c, 0x02, 0x00, 0x00
    .byte 0x00, 0x2c, 0x22, 0x1b, 0x22, 0x02, 0x15, 0x29, 0x15, 0x27, 0x18, 0x70, 0x32, 0x00, 0x00, 0x00
    .byte 0x00, 0x00, 0x14, 0xe7, 0x1a, 0x22, 0x02, 0x03, 0x00, 0xb0, 0x01, 0x00, 0x00, 0x28, 0x00, 0x00
    .byte 0x03, 0x00, 0x5f, 0x02, 0x00, 0x00, 0x28, 0x00, 0x01, 0x03, 0x00, 0x00, 0x00, 0x00, 0x00, 0x28
    .byte 0x00, 0x02, 0x2f, 0x00, 0x2b, 0x00, 0x01, 0x2b, 0x01, 0x02, 0x04, 0x10, 0x17, 0x00, 0x2f, 0x02
    .byte 0x15, 0x02, 0x25, 0x12, 0x1b, 0x22, 0x02, 0x03, 0x00, 0xb0, 0x01, 0x00, 0x00, 0x28, 0x00, 0x00
    .byte 0x03, 0x00, 0x3f, 0x02, 0x00, 0x00, 0x28, 0x00, 0x01, 0x03, 0x00, 0x20, 0x00, 0x00, 0x00, 0x28
    .byte 0x00, 0x02, 0x2f, 0x00, 0x2b, 0x00, 0x01, 0x2b, 0x01, 0x02, 0x04, 0x10, 0x17, 0x00, 0x2f, 0x02
    .byte 0x15, 0x02, 0x01, 0xa8, 0x1a, 0x22, 0x02, 0x2c, 0x02, 0x00, 0x00, 0x00, 0x20, 0x00, 0x00, 0x15
    .byte 0x29, 0x00, 0x2c, 0xee, 0x03, 0x00, 0x00, 0x15, 0x37, 0x18, 0x70, 0x14, 0x31, 0x1b, 0x22, 0x02
    .byte 0x00, 0x2c, 0x02, 0x04, 0x00, 0x00, 0x15, 0x37, 0x18, 0x70, 0x14, 0x40, 0x1b, 0x22, 0x02, 0x00
    .byte 0x20, 0x00, 0x00, 0x15, 0x9b, 0x18, 0x70, 0x14, 0x60, 0x1b, 0x22, 0x02, 0x20, 0x00, 0x00, 0x2c
    .byte 0xff, 0xff, 0xff, 0xff, 0x2c, 0xff, 0xff, 0xff, 0xff, 0x2c, 0xff, 0xff, 0xff, 0xff, 0x15, 0x89
    .byte 0x15, 0x1f, 0x18, 0x70, 0x28, 0x00, 0x03, 0x15, 0x20, 0x18, 0x70, 0x28, 0x00, 0x04, 0x15, 0x27
    .byte 0x18, 0x70, 0x28, 0x00, 0x05, 0x03, 0x00, 0x00, 0x00, 0x00, 0x00, 0x28, 0x00, 0x06, 0x15, 0x27
    .byte 0x18, 0x70, 0x32, 0x00, 0x00, 0x00, 0x00, 0x00, 0x14, 0x40, 0x1d, 0x22, 0x02, 0x20, 0x00, 0x00
    .byte 0x2c, 0xf5, 0x1e, 0x22, 0x02, 0x15, 0x39, 0x20, 0x00, 0x00, 0x15, 0x42, 0x18, 0x70, 0x32, 0x00
    .byte 0x00, 0x00, 0x00, 0x00, 0x14, 0xae, 0x1b, 0x22, 0x02, 0x01, 0x97, 0x1b, 0x22, 0x02, 0x20, 0x00
    .byte 0x00, 0x2c, 0xff, 0xff, 0xff, 0xff, 0x2c, 0xff, 0xff, 0xff, 0xff, 0x15, 0xdd, 0x18, 0x70, 0x14
    .byte 0xf3, 0x1c, 0x22, 0x02, 0x2c, 0x03, 0x00, 0x00, 0x00, 0x2c, 0xff, 0xff, 0xff, 0xff, 0x2c, 0xff
    .byte 0xff, 0xff, 0xff, 0x15, 0xdd, 0x18, 0x70, 0x32, 0x00, 0x00, 0x00, 0x00, 0x00, 0x14, 0xf3, 0x1c
    .byte 0x22, 0x02, 0x03, 0x00, 0x20, 0x00, 0x00, 0x00, 0x30, 0x00, 0x10, 0x00, 0x00, 0x00, 0x14, 0xf3
    .byte 0x1c, 0x22, 0x02, 0x15, 0x6f, 0x18, 0x70, 0x2b, 0x01, 0x05, 0x1c, 0x10, 0x14, 0xf3, 0x1c, 0x22
    .byte 0x02, 0x15, 0x6d, 0x18, 0x70, 0x09, 0x00, 0x10, 0x00, 0x00, 0x00, 0x17, 0x00, 0x15, 0x6e, 0x18
    .byte 0x70, 0x09, 0x00, 0x10, 0x00, 0x00, 0x00, 0x17, 0x00, 0x2c, 0x12, 0x00, 0x00, 0x00, 0x2c, 0x24
    .byte 0x00, 0x00, 0x00, 0x2c, 0x17, 0x00, 0x00, 0x00, 0x2c, 0x2e, 0x00, 0x00, 0x00, 0x15, 0x5d, 0x18
    .byte 0x70, 0x13, 0x6b, 0x1c, 0x22, 0x02, 0x15, 0x6d, 0x18, 0x70, 0x09, 0x00, 0x10, 0x00, 0x00, 0x00
    .byte 0x17, 0x00, 0x15, 0x6e, 0x18, 0x70, 0x09, 0x00, 0x10, 0x00, 0x00, 0x00, 0x17, 0x00, 0x2c, 0x17
    .byte 0x00, 0x00, 0x00, 0x2c, 0x26, 0x00, 0x00, 0x00, 0x2c, 0x22, 0x00, 0x00, 0x00, 0x2c, 0x2e, 0x00
    .byte 0x00, 0x00, 0x15, 0x5d, 0x18, 0x70, 0x14, 0xf3, 0x1c, 0x22, 0x02, 0x15, 0x10, 0x18, 0x70, 0x17
    .byte 0x00, 0x15, 0x11, 0x18, 0x70, 0x17, 0x00, 0x20, 0x00, 0x00, 0x15, 0x6d, 0x18, 0x70, 0x17, 0x00
    .byte 0x15, 0x6e, 0x18, 0x70, 0x17, 0x00, 0x20, 0x00, 0x00, 0x15, 0x65, 0x18, 0x70, 0x28, 0x00, 0x03
    .byte 0x2b, 0x00, 0x03, 0x33, 0x00, 0x60, 0x00, 0x00, 0x00, 0x14, 0xbe, 0x1c, 0x22, 0x02, 0x15, 0x6e
    .byte 0x18, 0x70, 0x15, 0x11, 0x18, 0x71, 0x1b, 0x10, 0x14, 0xbe, 0x1c, 0x22, 0x02, 0x2c, 0x01, 0x00
    .byte 0x00, 0x00, 0x2c, 0x10, 0x22, 0x22, 0x02, 0x15, 0x39, 0x25, 0xea, 0x1c, 0x22, 0x02, 0x15, 0x6e
    .byte 0x18, 0x70, 0x15, 0x11, 0x18, 0x71, 0x1b, 0x10, 0x14, 0xde, 0x1c, 0x22, 0x02, 0x2c, 0x01, 0x00
    .byte 0x00, 0x00, 0x2c, 0x1e, 0x22, 0x22, 0x02, 0x15, 0x39, 0x25, 0xea, 0x1c, 0x22, 0x02, 0x2c, 0x01
    .byte 0x00, 0x00, 0x00, 0x2c, 0x2c, 0x22, 0x22, 0x02, 0x15, 0x39, 0x03, 0x00, 0x01, 0x00, 0x00, 0x00
    .byte 0x28, 0x00, 0x06, 0x20, 0x00, 0x00, 0x2c, 0x9c, 0x1f, 0x22, 0x02, 0x15, 0x39, 0x20, 0x00, 0x00
    .byte 0x15, 0x42, 0x18, 0x70, 0x32, 0x00, 0x00, 0x00, 0x00, 0x00, 0x14, 0x14, 0x1d, 0x22, 0x02, 0x01
    .byte 0xfd, 0x1c, 0x22, 0x02, 0x2b, 0x00, 0x06, 0x32, 0x00, 0x01, 0x00, 0x00, 0x00, 0x14, 0x3b, 0x1d
    .byte 0x22, 0x02, 0x2c, 0x01, 0x00, 0x00, 0x00, 0x15, 0x42, 0x18, 0x70, 0x32, 0x00, 0x00, 0x00, 0x00
    .byte 0x00, 0x14, 0x3b, 0x1d, 0x22, 0x02, 0x01, 0x22, 0x1d, 0x22, 0x02, 0x25, 0xf4, 0x1e, 0x22, 0x02
    .byte 0x20, 0x00, 0x00, 0x2c, 0x54, 0x20, 0x22, 0x02, 0x15, 0x39, 0x20, 0x00, 0x00, 0x15, 0x42, 0x18
    .byte 0x70, 0x32, 0x00, 0x00, 0x00, 0x00, 0x00, 0x14, 0x61, 0x1d, 0x22, 0x02, 0x01, 0x4a, 0x1d, 0x22
    .byte 0x02, 0x20, 0x00, 0x00, 0x2c, 0xff, 0xff, 0xff, 0xff, 0x2c, 0xff, 0xff, 0xff, 0xff, 0x15, 0xdd
    .byte 0x18, 0x70, 0x14, 0xac, 0x1e, 0x22, 0x02, 0x2c, 0x03, 0x00, 0x00, 0x00, 0x2c, 0xff, 0xff, 0xff
    .byte 0xff, 0x2c, 0xff, 0xff, 0xff, 0xff, 0x15, 0xdd, 0x18, 0x70, 0x32, 0x00, 0x00, 0x00, 0x00, 0x00
    .byte 0x14, 0xac, 0x1e, 0x22, 0x02, 0x03, 0x00, 0x20, 0x00, 0x00, 0x00, 0x30, 0x00, 0x10, 0x00, 0x00
    .byte 0x00, 0x14, 0xac, 0x1e, 0x22, 0x02, 0x15, 0x6f, 0x18, 0x70, 0x2b, 0x01, 0x05, 0x1c, 0x10, 0x14
    .byte 0xac, 0x1e, 0x22, 0x02, 0x15, 0x6d, 0x18, 0x70, 0x09, 0x00, 0x10, 0x00, 0x00, 0x00, 0x17, 0x00
    .byte 0x15, 0x6e, 0x18, 0x70, 0x09, 0x00, 0x10, 0x00, 0x00, 0x00, 0x17, 0x00, 0x2c, 0x18, 0x00, 0x00
    .byte 0x00, 0x2c, 0x20, 0x00, 0x00, 0x00, 0x2c, 0x24, 0x00, 0x00, 0x00, 0x2c, 0x26, 0x00, 0x00, 0x00
    .byte 0x15, 0x5d, 0x18, 0x70, 0x13, 0x1e, 0x1e, 0x22, 0x02, 0x15, 0x6d, 0x18, 0x70, 0x09, 0x00, 0x10
    .byte 0x00, 0x00, 0x00, 0x17, 0x00, 0x15, 0x6e, 0x18, 0x70, 0x09, 0x00, 0x10, 0x00, 0x00, 0x00, 0x17
    .byte 0x00, 0x2c, 0x13, 0x00, 0x00, 0x00, 0x2c, 0x1c, 0x00, 0x00, 0x00, 0x2c, 0x19, 0x00, 0x00, 0x00
    .byte 0x2c, 0x26, 0x00, 0x00, 0x00, 0x15, 0x5d, 0x18, 0x70, 0x14, 0xac, 0x1e, 0x22, 0x02, 0x15, 0x10
    .byte 0x18, 0x70, 0x17, 0x00, 0x15, 0x11, 0x18, 0x70, 0x17, 0x00, 0x20, 0x00, 0x00, 0x15, 0x6d, 0x18
    .byte 0x70, 0x17, 0x00, 0x15, 0x6e, 0x18, 0x70, 0x17, 0x00, 0x20, 0x00, 0x00, 0x15, 0x65, 0x18, 0x70
    .byte 0x28, 0x00, 0x03, 0x2b, 0x00, 0x03, 0x33, 0x00, 0x60, 0x00, 0x00, 0x00, 0x14, 0x71, 0x1e, 0x22
    .byte 0x02, 0x15, 0x6e, 0x18, 0x70, 0x15, 0x11, 0x18, 0x71, 0x1d, 0x10, 0x14, 0x71, 0x1e, 0x22, 0x02
    .byte 0x2c, 0x01, 0x00, 0x00, 0x00, 0x2c, 0xfd, 0x23, 0x22, 0x02, 0x15, 0x39, 0x25, 0xa3, 0x1e, 0x22
    .byte 0x02, 0x15, 0x6e, 0x18, 0x70, 0x15, 0x11, 0x18, 0x71, 0x24, 0x01, 0x10, 0x00, 0x00, 0x00, 0x1d
    .byte 0x10, 0x14, 0x97, 0x1e, 0x22, 0x02, 0x2c, 0x01, 0x00, 0x00, 0x00, 0x2c, 0x0b, 0x24, 0x22, 0x02
    .byte 0x15, 0x39, 0x25, 0xa3, 0x1e, 0x22, 0x02, 0x2c, 0x01, 0x00, 0x00, 0x00, 0x2c, 0x19, 0x24, 0x22
    .byte 0x02, 0x15, 0x39, 0x03, 0x00, 0x01, 0x00, 0x00, 0x00, 0x28, 0x00, 0x06, 0x20, 0x00, 0x00, 0x2c
    .byte 0xc4, 0x20, 0x22, 0x02, 0x15, 0x39, 0x20, 0x00, 0x00, 0x15, 0x42, 0x18, 0x70, 0x32, 0x00, 0x00
    .byte 0x00, 0x00, 0x00, 0x14, 0xcd, 0x1e, 0x22, 0x02, 0x01, 0xb6, 0x1e, 0x22, 0x02, 0x2b, 0x00, 0x06
    .byte 0x32, 0x00, 0x01, 0x00, 0x00, 0x00, 0x14, 0xf4, 0x1e, 0x22, 0x02, 0x2c, 0x01, 0x00, 0x00, 0x00
    .byte 0x15, 0x42, 0x18, 0x70, 0x32, 0x00, 0x00, 0x00, 0x00, 0x00, 0x14, 0xf4, 0x1e, 0x22, 0x02, 0x01
    .byte 0xdb, 0x1e, 0x22, 0x02, 0x00, 0x03, 0x00, 0x02, 0x00, 0x00, 0x00, 0x26, 0x00, 0xbe, 0x2c, 0x0d
    .byte 0x00, 0x00, 0x00, 0x2c, 0xf3, 0x19, 0x22, 0x02, 0x15, 0x39, 0x20, 0x00, 0x00, 0x15, 0x18, 0x20
    .byte 0x00, 0x00, 0x15, 0x19, 0x2c, 0x01, 0x00, 0x00, 0x00, 0x15, 0xa9, 0x2c, 0x00, 0x10, 0x00, 0x00
    .byte 0x2c, 0x01, 0x10, 0x00, 0x00, 0x2c, 0x02, 0x10, 0x00, 0x00, 0x2c, 0x02, 0x00, 0x00, 0x00, 0x20
    .byte 0x00, 0x00, 0x15, 0x73, 0x2c, 0x80, 0x01, 0x00, 0x00, 0x15, 0x17, 0x2c, 0x01, 0x00, 0x00, 0x00
    .byte 0x15, 0x2b, 0x2c, 0xb0, 0x01, 0x00, 0x00, 0x2c, 0x5f, 0x02, 0x00, 0x00, 0x20, 0x00, 0x00, 0x2c
    .byte 0x00, 0x18, 0x00, 0x00, 0x2c, 0x05, 0x00, 0x00, 0x00, 0x2c, 0x01, 0x00, 0x00, 0x00, 0x15, 0x1a
    .byte 0x15, 0x21, 0x2c, 0x11, 0x10, 0x00, 0x00, 0x2c, 0x01, 0x10, 0x00, 0x00, 0x2c, 0x12, 0x10, 0x00
    .byte 0x00, 0x2c, 0x02, 0x00, 0x00, 0x00, 0x2c, 0x1c, 0x00, 0x00, 0x00, 0x15, 0x73, 0x2c, 0x00, 0x01
    .byte 0x00, 0x00, 0x15, 0x17, 0x2c, 0x1c, 0x00, 0x00, 0x00, 0x15, 0x05, 0x20, 0x00, 0x00, 0x15, 0x06
    .byte 0x15, 0x16, 0x2c, 0x0a, 0x00, 0x00, 0x00, 0x15, 0x07, 0x15, 0x08, 0x00, 0x03, 0x00, 0x20, 0x00
    .byte 0x00, 0x00, 0x31, 0x00, 0x20, 0x00, 0x00, 0x00, 0x14, 0xe2, 0x1f, 0x22, 0x02, 0x2c, 0x1d, 0x00
    .byte 0x00, 0x00, 0x15, 0x05, 0x2c, 0x01, 0x00, 0x00, 0x00, 0x15, 0x06, 0x20, 0x00, 0x00, 0x15, 0x2b
    .byte 0x2c, 0xb0, 0x01, 0x00, 0x00, 0x2c, 0x4f, 0x02, 0x00, 0x00, 0x2c, 0x08, 0x00, 0x00, 0x00, 0x2c
    .byte 0x00, 0x10, 0x00, 0x00, 0x2c, 0x05, 0x00, 0x00, 0x00, 0x2c, 0x01, 0x00, 0x00, 0x00, 0x15, 0x1a
    .byte 0x15, 0x21, 0x2c, 0x1b, 0x00, 0x00, 0x00, 0x15, 0x05, 0x20, 0x00, 0x00, 0x15, 0x06, 0x20, 0x00
    .byte 0x00, 0x15, 0x2b, 0x2c, 0xb0, 0x01, 0x00, 0x00, 0x2c, 0x4f, 0x02, 0x00, 0x00, 0x2c, 0x20, 0x00
    .byte 0x00, 0x00, 0x2c, 0x00, 0x10, 0x00, 0x00, 0x2c, 0x05, 0x00, 0x00, 0x00, 0x2c, 0x01, 0x00, 0x00
    .byte 0x00, 0x15, 0x1a, 0x15, 0x21, 0x2c, 0x01, 0x00, 0x00, 0x00, 0x15, 0x18, 0x2c, 0x01, 0x00, 0x00
    .byte 0x00, 0x15, 0x19, 0x20, 0x00, 0x00, 0x15, 0xa9, 0x2c, 0x00, 0x10, 0x00, 0x00, 0x2c, 0x01, 0x10
    .byte 0x00, 0x00, 0x2c, 0x02, 0x10, 0x00, 0x00, 0x2c, 0x02, 0x00, 0x00, 0x00, 0x2c, 0x0c, 0x00, 0x00
    .byte 0x00, 0x15, 0x73, 0x2c, 0x00, 0x01, 0x00, 0x00, 0x15, 0x17, 0x2c, 0x01, 0x00, 0x00, 0x00, 0x15
    .byte 0x06, 0x15, 0x28, 0x00, 0x03, 0x00, 0x02, 0x00, 0x00, 0x00, 0x26, 0x00, 0xbe, 0x2c, 0x0d, 0x00
    .byte 0x00, 0x00, 0x2c, 0xf3, 0x19, 0x22, 0x02, 0x15, 0x39, 0x2c, 0x01, 0x00, 0x00, 0x00, 0x15, 0xa9
    .byte 0x20, 0x00, 0x00, 0x15, 0x18, 0x20, 0x00, 0x00, 0x15, 0x19, 0x2c, 0x00, 0x10, 0x00, 0x00, 0x2c
    .byte 0x01, 0x10, 0x00, 0x00, 0x2c, 0x02, 0x10, 0x00, 0x00, 0x2c, 0x02, 0x00, 0x00, 0x00, 0x20, 0x00
    .byte 0x00, 0x15, 0x73, 0x2c, 0x01, 0x00, 0x00, 0x00, 0x15, 0x2b, 0x2c, 0x80, 0x01, 0x00, 0x00, 0x15
    .byte 0x17, 0x2c, 0xb0, 0x01, 0x00, 0x00, 0x2c, 0x5f, 0x02, 0x00, 0x00, 0x2c, 0x20, 0x00, 0x00, 0x00
    .byte 0x2c, 0x00, 0x18, 0x00, 0x00, 0x2c, 0x05, 0x00, 0x00, 0x00, 0x2c, 0x01, 0x00, 0x00, 0x00, 0x15
    .byte 0x1a, 0x15, 0x21, 0x00, 0x2c, 0x11, 0x10, 0x00, 0x00, 0x2c, 0x01, 0x10, 0x00, 0x00, 0x2c, 0x12
    .byte 0x10, 0x00, 0x00, 0x2c, 0x02, 0x00, 0x00, 0x00, 0x2c, 0x1b, 0x00, 0x00, 0x00, 0x15, 0x73, 0x2c
    .byte 0x00, 0x01, 0x00, 0x00, 0x15, 0x17, 0x20, 0x00, 0x00, 0x15, 0x2b, 0x20, 0x00, 0x00, 0x2c, 0x01
    .byte 0x00, 0x00, 0x00, 0x15, 0x38, 0x03, 0x00, 0x20, 0x00, 0x00, 0x00, 0x33, 0x00, 0x10, 0x00, 0x00
    .byte 0x00, 0x14, 0x2b, 0x21, 0x22, 0x02, 0x2c, 0xb0, 0x01, 0x00, 0x00, 0x2c, 0x5f, 0x02, 0x00, 0x00
    .byte 0x20, 0x00, 0x00, 0x2c, 0x00, 0x20, 0x00, 0x00, 0x2c, 0x05, 0x00, 0x00, 0x00, 0x2c, 0x01, 0x00
    .byte 0x00, 0x00, 0x15, 0x1a, 0x15, 0x21, 0x25, 0x80, 0x21, 0x22, 0x02, 0x2c, 0xb0, 0x01, 0x00, 0x00
    .byte 0x2c, 0x5f, 0x02, 0x00, 0x00, 0x2c, 0x14, 0x00, 0x00, 0x00, 0x2c, 0x00, 0x10, 0x00, 0x00, 0x2c
    .byte 0x05, 0x00, 0x00, 0x00, 0x2c, 0x01, 0x00, 0x00, 0x00, 0x15, 0x1a, 0x15, 0x21, 0x2c, 0x1d, 0x00
    .byte 0x00, 0x00, 0x15, 0x05, 0x2c, 0x01, 0x00, 0x00, 0x00, 0x15, 0x06, 0x20, 0x00, 0x00, 0x15, 0x2b
    .byte 0x2c, 0xb0, 0x01, 0x00, 0x00, 0x2c, 0x5f, 0x02, 0x00, 0x00, 0x20, 0x00, 0x00, 0x2c, 0x00, 0x10
    .byte 0x00, 0x00, 0x2c, 0x05, 0x00, 0x00, 0x00, 0x2c, 0x01, 0x00, 0x00, 0x00, 0x15, 0x1a, 0x15, 0x21
    .byte 0x2c, 0x01, 0x00, 0x00, 0x00, 0x20, 0x00, 0x00, 0x15, 0x38, 0x2c, 0x09, 0x10, 0x00, 0x00, 0x2c
    .byte 0x01, 0x10, 0x00, 0x00, 0x2c, 0x0a, 0x10, 0x00, 0x00, 0x2c, 0x02, 0x00, 0x00, 0x00, 0x2c, 0x18
    .byte 0x00, 0x00, 0x00, 0x15, 0x73, 0x2c, 0x00, 0x01, 0x00, 0x00, 0x15, 0x17, 0x15, 0x16, 0x2c, 0x00
    .byte 0x10, 0x00, 0x00, 0x2c, 0x01, 0x10, 0x00, 0x00, 0x2c, 0x02, 0x10, 0x00, 0x00, 0x2c, 0x02, 0x00
    .byte 0x00, 0x00, 0x20, 0x00, 0x00, 0x15, 0x73, 0x2c, 0x00, 0x01, 0x00, 0x00, 0x15, 0x17, 0x2c, 0x01
    .byte 0x00, 0x00, 0x00, 0x15, 0x2b, 0x20, 0x00, 0x00, 0x2c, 0x0c, 0x00, 0x00, 0x00, 0x20, 0x00, 0x00
    .byte 0x2c, 0x70, 0x17, 0x00, 0x00, 0x2c, 0x04, 0x00, 0x00, 0x00, 0x2c, 0x01, 0x00, 0x00, 0x00, 0x15
    .byte 0x1a, 0x15, 0x21, 0x2c, 0x08, 0x00, 0x00, 0x00, 0x15, 0x05, 0x2c, 0x01, 0x00, 0x00, 0x00, 0x15
    .byte 0x18, 0x2c, 0x01, 0x00, 0x00, 0x00, 0x15, 0x19, 0x20, 0x00, 0x00, 0x15, 0xa9, 0x15, 0x28, 0x00
    .byte 0x03, 0x00, 0x00, 0x00, 0x00, 0x00, 0x28, 0x00, 0x00, 0x01, 0x3a, 0x22, 0x22, 0x02, 0x03, 0x00
    .byte 0x01, 0x00, 0x00, 0x00, 0x28, 0x00, 0x00, 0x01, 0x3a, 0x22, 0x22, 0x02, 0x03, 0x00, 0x02, 0x00
    .byte 0x00, 0x00, 0x28, 0x00, 0x00, 0x01, 0x3a, 0x22, 0x22, 0x02, 0x15, 0x28, 0x2c, 0x14, 0x00, 0x00
    .byte 0x00, 0x15, 0x07, 0x15, 0x08, 0x20, 0x00, 0x00, 0x15, 0x18, 0x20, 0x00, 0x00, 0x15, 0x19, 0x2c
    .byte 0x01, 0x00, 0x00, 0x00, 0x15, 0xa9, 0x2c, 0x00, 0x01, 0x00, 0x00, 0x15, 0x17, 0x2c, 0x01, 0x00
    .byte 0x00, 0x00, 0x15, 0x2b, 0x2b, 0x00, 0x00, 0x32, 0x00, 0x00, 0x00, 0x00, 0x00, 0x14, 0x97, 0x22
    .byte 0x22, 0x02, 0x2c, 0xb0, 0x01, 0x00, 0x00, 0x2c, 0x5f, 0x02, 0x00, 0x00, 0x20, 0x00, 0x00, 0x2c
    .byte 0x00, 0x20, 0x00, 0x00, 0x2c, 0x05, 0x00, 0x00, 0x00, 0x2c, 0x01, 0x00, 0x00, 0x00, 0x15, 0x1a
    .byte 0x15, 0x21, 0x25, 0x2e, 0x23, 0x22, 0x02, 0x2b, 0x00, 0x00, 0x32, 0x00, 0x01, 0x00, 0x00, 0x00
    .byte 0x14, 0xec, 0x22, 0x22, 0x02, 0x2c, 0xb0, 0x01, 0x00, 0x00, 0x15, 0x11, 0x18, 0x70, 0x17, 0x00
    .byte 0x20, 0x00, 0x00, 0x2c, 0x00, 0x20, 0x00, 0x00, 0x2c, 0x05, 0x00, 0x00, 0x00, 0x2c, 0x01, 0x00
    .byte 0x00, 0x00, 0x15, 0x1a, 0x15, 0x21, 0x15, 0x10, 0x18, 0x70, 0x17, 0x00, 0x2c, 0x5f, 0x02, 0x00
    .byte 0x00, 0x20, 0x00, 0x00, 0x2c, 0x00, 0x20, 0x00, 0x00, 0x2c, 0x05, 0x00, 0x00, 0x00, 0x2c, 0x01
    .byte 0x00, 0x00, 0x00, 0x15, 0x1a, 0x15, 0x21, 0x25, 0x2e, 0x23, 0x22, 0x02, 0x15, 0x10, 0x18, 0x70
    .byte 0x17, 0x00, 0x2c, 0x5f, 0x02, 0x00, 0x00, 0x20, 0x00, 0x00, 0x2c, 0x00, 0x20, 0x00, 0x00, 0x2c
    .byte 0x05, 0x00, 0x00, 0x00, 0x2c, 0x01, 0x00, 0x00, 0x00, 0x15, 0x1a, 0x15, 0x21, 0x2c, 0xb0, 0x01
    .byte 0x00, 0x00, 0x15, 0x11, 0x18, 0x70, 0x17, 0x00, 0x20, 0x00, 0x00, 0x2c, 0x00, 0x20, 0x00, 0x00
    .byte 0x2c, 0x05, 0x00, 0x00, 0x00, 0x2c, 0x01, 0x00, 0x00, 0x00, 0x15, 0x1a, 0x15, 0x21, 0x20, 0x00
    .byte 0x00, 0x2c, 0x01, 0x00, 0x00, 0x00, 0x15, 0x38, 0x03, 0x00, 0x02, 0x00, 0x00, 0x00, 0x26, 0x00
    .byte 0xbe, 0x2c, 0x0d, 0x00, 0x00, 0x00, 0x2c, 0xf3, 0x19, 0x22, 0x02, 0x15, 0x39, 0x2c, 0x16, 0x00
    .byte 0x00, 0x00, 0x15, 0x05, 0x20, 0x00, 0x00, 0x15, 0x06, 0x15, 0x16, 0x2c, 0x0a, 0x00, 0x00, 0x00
    .byte 0x15, 0x07, 0x15, 0x08, 0x03, 0x00, 0x20, 0x00, 0x00, 0x00, 0x30, 0x00, 0x10, 0x00, 0x00, 0x00
    .byte 0x14, 0xaa, 0x23, 0x22, 0x02, 0x2c, 0x15, 0x00, 0x00, 0x00, 0x15, 0x05, 0x2c, 0x01, 0x00, 0x00
    .byte 0x00, 0x15, 0x06, 0x20, 0x00, 0x00, 0x15, 0x2b, 0x2c, 0xb0, 0x01, 0x00, 0x00, 0x2c, 0x4f, 0x02
    .byte 0x00, 0x00, 0x2c, 0x08, 0x00, 0x00, 0x00, 0x2c, 0x00, 0x10, 0x00, 0x00, 0x2c, 0x05, 0x00, 0x00
    .byte 0x00, 0x2c, 0x01, 0x00, 0x00, 0x00, 0x15, 0x1a, 0x15, 0x21, 0x2c, 0x17, 0x00, 0x00, 0x00, 0x15
    .byte 0x05, 0x20, 0x00, 0x00, 0x15, 0x06, 0x20, 0x00, 0x00, 0x15, 0x2b, 0x2c, 0xb0, 0x01, 0x00, 0x00
    .byte 0x2c, 0x4f, 0x02, 0x00, 0x00, 0x2c, 0x20, 0x00, 0x00, 0x00, 0x2c, 0x00, 0x10, 0x00, 0x00, 0x2c
    .byte 0x05, 0x00, 0x00, 0x00, 0x2c, 0x01, 0x00, 0x00, 0x00, 0x15, 0x1a, 0x15, 0x21, 0x2c, 0x01, 0x00
    .byte 0x00, 0x00, 0x20, 0x00, 0x00, 0x15, 0x38, 0x2c, 0x01, 0x00, 0x00, 0x00, 0x15, 0x18, 0x2c, 0x01
    .byte 0x00, 0x00, 0x00, 0x15, 0x19, 0x20, 0x00, 0x00, 0x15, 0xa9, 0x15, 0x2c, 0x00, 0x03, 0x00, 0x00
    .byte 0x00, 0x00, 0x00, 0x28, 0x00, 0x00, 0x01, 0x27, 0x24, 0x22, 0x02, 0x03, 0x00, 0x01, 0x00, 0x00
    .byte 0x00, 0x28, 0x00, 0x00, 0x01, 0x27, 0x24, 0x22, 0x02, 0x03, 0x00, 0x02, 0x00, 0x00, 0x00, 0x28
    .byte 0x00, 0x00, 0x01, 0x27, 0x24, 0x22, 0x02, 0x15, 0x28, 0x2c, 0x14, 0x00, 0x00, 0x00, 0x15, 0x07
    .byte 0x15, 0x08, 0x2c, 0x01, 0x00, 0x00, 0x00, 0x15, 0xa9, 0x20, 0x00, 0x00, 0x15, 0x18, 0x20, 0x00
    .byte 0x00, 0x15, 0x19, 0x2c, 0x01, 0x00, 0x00, 0x00, 0x15, 0x2b, 0x2b, 0x00, 0x00, 0x32, 0x00, 0x00
    .byte 0x00, 0x00, 0x00, 0x14, 0x7f, 0x24, 0x22, 0x02, 0x2c, 0xb0, 0x01, 0x00, 0x00, 0x2c, 0x53, 0x02
    .byte 0x00, 0x00, 0x2c, 0x20, 0x00, 0x00, 0x00, 0x2c, 0x00, 0x20, 0x00, 0x00, 0x2c, 0x05, 0x00, 0x00
    .byte 0x00, 0x2c, 0x01, 0x00, 0x00, 0x00, 0x15, 0x1a, 0x15, 0x21, 0x25, 0x48, 0x25, 0x22, 0x02, 0x2b
    .byte 0x00, 0x00, 0x32, 0x00, 0x01, 0x00, 0x00, 0x00, 0x14, 0xd8, 0x24, 0x22, 0x02, 0x2c, 0xb0, 0x01
    .byte 0x00, 0x00, 0x15, 0x11, 0x18, 0x70, 0x17, 0x00, 0x2c, 0x20, 0x00, 0x00, 0x00, 0x2c, 0x00, 0x20
    .byte 0x00, 0x00, 0x2c, 0x05, 0x00, 0x00, 0x00, 0x2c, 0x01, 0x00, 0x00, 0x00, 0x15, 0x1a, 0x15, 0x21
    .byte 0x15, 0x10, 0x18, 0x70, 0x17, 0x00, 0x2c, 0x53, 0x02, 0x00, 0x00, 0x2c, 0x20, 0x00, 0x00, 0x00
    .byte 0x2c, 0x00, 0x20, 0x00, 0x00, 0x2c, 0x05, 0x00, 0x00, 0x00, 0x2c, 0x01, 0x00, 0x00, 0x00, 0x15
    .byte 0x1a, 0x15, 0x21, 0x25, 0x48, 0x25, 0x22, 0x02, 0x15, 0x10, 0x18, 0x70, 0x17, 0x00, 0x2c, 0x43
    .byte 0x02, 0x00, 0x00, 0x2c, 0x20, 0x00, 0x00, 0x00, 0x2c, 0x00, 0x20, 0x00, 0x00, 0x2c, 0x05, 0x00
    .byte 0x00, 0x00, 0x2c, 0x01, 0x00, 0x00, 0x00, 0x15, 0x1a, 0x15, 0x21, 0x2c, 0xb0, 0x01, 0x00, 0x00
    .byte 0x15, 0x11, 0x18, 0x70, 0x17, 0x00, 0x2c, 0x20, 0x00, 0x00, 0x00, 0x2c, 0x00, 0x20, 0x00, 0x00
    .byte 0x2c, 0x05, 0x00, 0x00, 0x00, 0x2c, 0x01, 0x00, 0x00, 0x00, 0x15, 0x1a, 0x15, 0x21, 0x15, 0x10
    .byte 0x18, 0x70, 0x17, 0x00, 0x15, 0x11, 0x18, 0x70, 0x05, 0x00, 0x10, 0x00, 0x00, 0x00, 0x17, 0x00
    .byte 0x2c, 0x20, 0x00, 0x00, 0x00, 0x2c, 0x00, 0x20, 0x00, 0x00, 0x2c, 0x05, 0x00, 0x00, 0x00, 0x2c
    .byte 0x01, 0x00, 0x00, 0x00, 0x15, 0x1a, 0x15, 0x21, 0x03, 0x00, 0x02, 0x00, 0x00, 0x00, 0x26, 0x00
    .byte 0xbe, 0x2c, 0x0d, 0x00, 0x00, 0x00, 0x2c, 0xf3, 0x19, 0x22, 0x02, 0x15, 0x39, 0x2c, 0x16, 0x00
    .byte 0x00, 0x00, 0x15, 0x05, 0x20, 0x00, 0x00, 0x15, 0x2b, 0x20, 0x00, 0x00, 0x2c, 0x02, 0x00, 0x00
    .byte 0x00, 0x15, 0x38, 0x2c, 0xb0, 0x01, 0x00, 0x00, 0x2c, 0x5f, 0x02, 0x00, 0x00, 0x2c, 0x14, 0x00
    .byte 0x00, 0x00, 0x2c, 0x00, 0x10, 0x00, 0x00, 0x2c, 0x05, 0x00, 0x00, 0x00, 0x2c, 0x01, 0x00, 0x00
    .byte 0x00, 0x15, 0x1a, 0x15, 0x21, 0x2c, 0x15, 0x00, 0x00, 0x00, 0x15, 0x05, 0x2c, 0x01, 0x00, 0x00
    .byte 0x00, 0x15, 0x06, 0x20, 0x00, 0x00, 0x15, 0x2b, 0x2c, 0xb0, 0x01, 0x00, 0x00, 0x2c, 0x5f, 0x02
    .byte 0x00, 0x00, 0x20, 0x00, 0x00, 0x2c, 0x00, 0x10, 0x00, 0x00, 0x2c, 0x05, 0x00, 0x00, 0x00, 0x2c
    .byte 0x01, 0x00, 0x00, 0x00, 0x15, 0x1a, 0x15, 0x21, 0x2c, 0x01, 0x00, 0x00, 0x00, 0x15, 0x2b, 0x20
    .byte 0x00, 0x00, 0x2c, 0x08, 0x00, 0x00, 0x00, 0x20, 0x00, 0x00, 0x2c, 0x00, 0x10, 0x00, 0x00, 0x2c
    .byte 0x04, 0x00, 0x00, 0x00, 0x2c, 0x01, 0x00, 0x00, 0x00, 0x15, 0x1a, 0x15, 0x21, 0x2c, 0x01, 0x00
    .byte 0x00, 0x00, 0x20, 0x00, 0x00, 0x15, 0x38, 0x2c, 0x01, 0x00, 0x00, 0x00, 0x15, 0x18, 0x2c, 0x01
    .byte 0x00, 0x00, 0x00, 0x15, 0x19, 0x20, 0x00, 0x00, 0x15, 0xa9, 0x15, 0x2c, 0x00, 0x20, 0x00, 0x00
    .byte 0x15, 0x09, 0x03, 0x00, 0x70, 0x02, 0x00, 0x00, 0x28, 0x00, 0x00, 0x03, 0x00, 0x5f, 0x02, 0x00
    .byte 0x00, 0x28, 0x00, 0x01, 0x03, 0x00, 0x00, 0x00, 0x00, 0x00, 0x28, 0x00, 0x02, 0x2f, 0x00, 0x2b
    .byte 0x00, 0x01, 0x2b, 0x01, 0x02, 0x04, 0x10, 0x17, 0x00, 0x2f, 0x02, 0x15, 0x02, 0x20, 0x00, 0x00
    .byte 0x2c, 0x20, 0x00, 0x00, 0x00, 0x15, 0x32, 0x2c, 0x01, 0x00, 0x00, 0x00, 0x2c, 0x02, 0x00, 0x00
    .byte 0x00, 0x15, 0x32, 0x2c, 0x01, 0x00, 0x00, 0x00, 0x15, 0x7d, 0x2c, 0x02, 0x00, 0x00, 0x00, 0x2c
    .byte 0xe0, 0x26, 0x22, 0x02, 0x15, 0x29, 0x15, 0x27, 0x18, 0x70, 0x32, 0x00, 0x00, 0x00, 0x00, 0x00
    .byte 0x14, 0xa5, 0x26, 0x22, 0x02, 0x03, 0x00, 0x70, 0x02, 0x00, 0x00, 0x28, 0x00, 0x00, 0x03, 0x00
    .byte 0x5f, 0x02, 0x00, 0x00, 0x28, 0x00, 0x01, 0x03, 0x00, 0x00, 0x00, 0x00, 0x00, 0x28, 0x00, 0x02
    .byte 0x2f, 0x00, 0x2b, 0x00, 0x01, 0x2b, 0x01, 0x02, 0x04, 0x10, 0x17, 0x00, 0x2f, 0x02, 0x15, 0x02
    .byte 0x25, 0xd0, 0x26, 0x22, 0x02, 0x03, 0x00, 0x70, 0x02, 0x00, 0x00, 0x28, 0x00, 0x00, 0x03, 0x00
    .byte 0x3f, 0x02, 0x00, 0x00, 0x28, 0x00, 0x01, 0x03, 0x00, 0x20, 0x00, 0x00, 0x00, 0x28, 0x00, 0x02
    .byte 0x2f, 0x00, 0x2b, 0x00, 0x01, 0x2b, 0x01, 0x02, 0x04, 0x10, 0x17, 0x00, 0x2f, 0x02, 0x15, 0x02
    .byte 0x01, 0x66, 0x26, 0x22, 0x02, 0x2c, 0x02, 0x00, 0x00, 0x00, 0x20, 0x00, 0x00, 0x15, 0x29, 0x00
    .byte 0x2c, 0xee, 0x03, 0x00, 0x00, 0x15, 0x37, 0x18, 0x70, 0x14, 0xef, 0x26, 0x22, 0x02, 0x00, 0x2c
    .byte 0x02, 0x04, 0x00, 0x00, 0x15, 0x37, 0x18, 0x70, 0x14, 0xfe, 0x26, 0x22, 0x02, 0x00, 0x20, 0x00
    .byte 0x00, 0x15, 0x9b, 0x18, 0x70, 0x14, 0x1e, 0x27, 0x22, 0x02, 0x20, 0x00, 0x00, 0x2c, 0xff, 0xff
    .byte 0xff, 0xff, 0x2c, 0xff, 0xff, 0xff, 0xff, 0x2c, 0xff, 0xff, 0xff, 0xff, 0x15, 0x89, 0x15, 0x1f
    .byte 0x18, 0x70, 0x28, 0x00, 0x03, 0x15, 0x20, 0x18, 0x70, 0x28, 0x00, 0x04, 0x15, 0x27, 0x18, 0x70
    .byte 0x28, 0x00, 0x05, 0x03, 0x00, 0x00, 0x00, 0x00, 0x00, 0x28, 0x00, 0x06, 0x15, 0x27, 0x18, 0x70
    .byte 0x32, 0x00, 0x00, 0x00, 0x00, 0x00, 0x14, 0xd2, 0x28, 0x22, 0x02, 0x20, 0x00, 0x00, 0x2c, 0x5b
    .byte 0x2a, 0x22, 0x02, 0x15, 0x39, 0x20, 0x00, 0x00, 0x15, 0x42, 0x18, 0x70, 0x32, 0x00, 0x00, 0x00
    .byte 0x00, 0x00, 0x14, 0x6c, 0x27, 0x22, 0x02, 0x01, 0x55, 0x27, 0x22, 0x02, 0x20, 0x00, 0x00, 0x2c
    .byte 0xff, 0xff, 0xff, 0xff, 0x2c, 0xff, 0xff, 0xff, 0xff, 0x15, 0xdd, 0x18, 0x70, 0x14, 0x85, 0x28
    .byte 0x22, 0x02, 0x2c, 0x03, 0x00, 0x00, 0x00, 0x2c, 0xff, 0xff, 0xff, 0xff, 0x2c, 0xff, 0xff, 0xff
    .byte 0xff, 0x15, 0xdd, 0x18, 0x70, 0x32, 0x00, 0x00, 0x00, 0x00, 0x00, 0x14, 0x85, 0x28, 0x22, 0x02
    .byte 0x03, 0x00, 0x20, 0x00, 0x00, 0x00, 0x30, 0x00, 0x10, 0x00, 0x00, 0x00, 0x14, 0x85, 0x28, 0x22
    .byte 0x02, 0x15, 0x6f, 0x18, 0x70, 0x2b, 0x01, 0x05, 0x1c, 0x10, 0x14, 0x85, 0x28, 0x22, 0x02, 0x15
    .byte 0x10, 0x18, 0x70, 0x17, 0x00, 0x15, 0x11, 0x18, 0x70, 0x17, 0x00, 0x20, 0x00, 0x00, 0x15, 0x6d
    .byte 0x18, 0x70, 0x17, 0x00, 0x15, 0x6e, 0x18, 0x70, 0x17, 0x00, 0x20, 0x00, 0x00, 0x15, 0x65, 0x18
    .byte 0x70, 0x28, 0x00, 0x03, 0x2b, 0x00, 0x03, 0x33, 0x00, 0x30, 0x00, 0x00, 0x00, 0x14, 0x1b, 0x28
    .byte 0x22, 0x02, 0x15, 0x6e, 0x18, 0x70, 0x15, 0x11, 0x18, 0x71, 0x1b, 0x10, 0x14, 0x1b, 0x28, 0x22
    .byte 0x02, 0x2c, 0x01, 0x00, 0x00, 0x00, 0x2c, 0x82, 0x2d, 0x22, 0x02, 0x15, 0x39, 0x03, 0x00, 0x01
    .byte 0x00, 0x00, 0x00, 0x28, 0x00, 0x06, 0x25, 0x85, 0x28, 0x22, 0x02, 0x15, 0x6d, 0x18, 0x70, 0x09
    .byte 0x00, 0x10, 0x00, 0x00, 0x00, 0x17, 0x00, 0x15, 0x6e, 0x18, 0x70, 0x09, 0x00, 0x10, 0x00, 0x00
    .byte 0x00, 0x17, 0x00, 0x2c, 0x24, 0x00, 0x00, 0x00, 0x2c, 0x1f, 0x00, 0x00, 0x00, 0x2c, 0x2f, 0x00
    .byte 0x00, 0x00, 0x2c, 0x2b, 0x00, 0x00, 0x00, 0x15, 0x5d, 0x18, 0x70, 0x14, 0x85, 0x28, 0x22, 0x02
    .byte 0x15, 0x6e, 0x18, 0x70, 0x15, 0x11, 0x18, 0x71, 0x1b, 0x10, 0x14, 0x70, 0x28, 0x22, 0x02, 0x2c
    .byte 0x01, 0x00, 0x00, 0x00, 0x2c, 0x90, 0x2d, 0x22, 0x02, 0x15, 0x39, 0x25, 0x7c, 0x28, 0x22, 0x02
    .byte 0x2c, 0x01, 0x00, 0x00, 0x00, 0x2c, 0x9e, 0x2d, 0x22, 0x02, 0x15, 0x39, 0x03, 0x00, 0x01, 0x00
    .byte 0x00, 0x00, 0x28, 0x00, 0x06, 0x20, 0x00, 0x00, 0x2c, 0x02, 0x2b, 0x22, 0x02, 0x15, 0x39, 0x20
    .byte 0x00, 0x00, 0x15, 0x42, 0x18, 0x70, 0x32, 0x00, 0x00, 0x00, 0x00, 0x00, 0x14, 0xa6, 0x28, 0x22
    .byte 0x02, 0x01, 0x8f, 0x28, 0x22, 0x02, 0x2b, 0x00, 0x06, 0x32, 0x00, 0x01, 0x00, 0x00, 0x00, 0x14
    .byte 0xcd, 0x28, 0x22, 0x02, 0x2c, 0x01, 0x00, 0x00, 0x00, 0x15, 0x42, 0x18, 0x70, 0x32, 0x00, 0x00
    .byte 0x00, 0x00, 0x00, 0x14, 0xcd, 0x28, 0x22, 0x02, 0x01, 0xb4, 0x28, 0x22, 0x02, 0x25, 0x5a, 0x2a
    .byte 0x22, 0x02, 0x20, 0x00, 0x00, 0x2c, 0xba, 0x2b, 0x22, 0x02, 0x15, 0x39, 0x20, 0x00, 0x00, 0x15
    .byte 0x42, 0x18, 0x70, 0x32, 0x00, 0x00, 0x00, 0x00, 0x00, 0x14, 0xf3, 0x28, 0x22, 0x02, 0x01, 0xdc
    .byte 0x28, 0x22, 0x02, 0x20, 0x00, 0x00, 0x2c, 0xff, 0xff, 0xff, 0xff, 0x2c, 0xff, 0xff, 0xff, 0xff
    .byte 0x15, 0xdd, 0x18, 0x70, 0x14, 0x12, 0x2a, 0x22, 0x02, 0x2c, 0x03, 0x00, 0x00, 0x00, 0x2c, 0xff
    .byte 0xff, 0xff, 0xff, 0x2c, 0xff, 0xff, 0xff, 0xff, 0x15, 0xdd, 0x18, 0x70, 0x32, 0x00, 0x00, 0x00
    .byte 0x00, 0x00, 0x14, 0x12, 0x2a, 0x22, 0x02, 0x03, 0x00, 0x20, 0x00, 0x00, 0x00, 0x30, 0x00, 0x10
    .byte 0x00, 0x00, 0x00, 0x14, 0x12, 0x2a, 0x22, 0x02, 0x15, 0x6f, 0x18, 0x70, 0x2b, 0x01, 0x05, 0x1c
    .byte 0x10, 0x14, 0x12, 0x2a, 0x22, 0x02, 0x15, 0x10, 0x18, 0x70, 0x17, 0x00, 0x15, 0x11, 0x18, 0x70
    .byte 0x17, 0x00, 0x20, 0x00, 0x00, 0x15, 0x6d, 0x18, 0x70, 0x17, 0x00, 0x15, 0x6e, 0x18, 0x70, 0x17
    .byte 0x00, 0x20, 0x00, 0x00, 0x15, 0x65, 0x18, 0x70, 0x28, 0x00, 0x03, 0x2b, 0x00, 0x03, 0x33, 0x00
    .byte 0x30, 0x00, 0x00, 0x00, 0x14, 0xa2, 0x29, 0x22, 0x02, 0x15, 0x6e, 0x18, 0x70, 0x15, 0x11, 0x18
    .byte 0x71, 0x1d, 0x10, 0x14, 0xa2, 0x29, 0x22, 0x02, 0x2c, 0x01, 0x00, 0x00, 0x00, 0x2c, 0x6f, 0x2f
    .byte 0x22, 0x02, 0x15, 0x39, 0x03, 0x00, 0x01, 0x00, 0x00, 0x00, 0x28, 0x00, 0x06, 0x25, 0x12, 0x2a
    .byte 0x22, 0x02, 0x15, 0x6d, 0x18, 0x70, 0x09, 0x00, 0x10, 0x00, 0x00, 0x00, 0x17, 0x00, 0x15, 0x6e
    .byte 0x18, 0x70, 0x09, 0x00, 0x10, 0x00, 0x00, 0x00, 0x17, 0x00, 0x2c, 0x20, 0x00, 0x00, 0x00, 0x2c
    .byte 0x21, 0x00, 0x00, 0x00, 0x2c, 0x2b, 0x00, 0x00, 0x00, 0x2c, 0x26, 0x00, 0x00, 0x00, 0x15, 0x5d
    .byte 0x18, 0x70, 0x14, 0x12, 0x2a, 0x22, 0x02, 0x15, 0x6e, 0x18, 0x70, 0x15, 0x11, 0x18, 0x71, 0x24
    .byte 0x01, 0x10, 0x00, 0x00, 0x00, 0x1d, 0x10, 0x14, 0xfd, 0x29, 0x22, 0x02, 0x2c, 0x01, 0x00, 0x00
    .byte 0x00, 0x2c, 0x7d, 0x2f, 0x22, 0x02, 0x15, 0x39, 0x25, 0x09, 0x2a, 0x22, 0x02, 0x2c, 0x01, 0x00
    .byte 0x00, 0x00, 0x2c, 0x8b, 0x2f, 0x22, 0x02, 0x15, 0x39, 0x03, 0x00, 0x01, 0x00, 0x00, 0x00, 0x28
    .byte 0x00, 0x06, 0x20, 0x00, 0x00, 0x2c, 0x2a, 0x2c, 0x22, 0x02, 0x15, 0x39, 0x20, 0x00, 0x00, 0x15
    .byte 0x42, 0x18, 0x70, 0x32, 0x00, 0x00, 0x00, 0x00, 0x00, 0x14, 0x33, 0x2a, 0x22, 0x02, 0x01, 0x1c
    .byte 0x2a, 0x22, 0x02, 0x2b, 0x00, 0x06, 0x32, 0x00, 0x01, 0x00, 0x00, 0x00, 0x14, 0x5a, 0x2a, 0x22
    .byte 0x02, 0x2c, 0x01, 0x00, 0x00, 0x00, 0x15, 0x42, 0x18, 0x70, 0x32, 0x00, 0x00, 0x00, 0x00, 0x00
    .byte 0x14, 0x5a, 0x2a, 0x22, 0x02, 0x01, 0x41, 0x2a, 0x22, 0x02, 0x00, 0x03, 0x00, 0x02, 0x00, 0x00
    .byte 0x00, 0x26, 0x00, 0xbe, 0x2c, 0x0d, 0x00, 0x00, 0x00, 0x2c, 0xf3, 0x19, 0x22, 0x02, 0x15, 0x39
    .byte 0x20, 0x00, 0x00, 0x15, 0x18, 0x20, 0x00, 0x00, 0x15, 0x19, 0x2c, 0x01, 0x00, 0x00, 0x00, 0x15
    .byte 0xa9, 0x2c, 0x00, 0x10, 0x00, 0x00, 0x2c, 0x01, 0x10, 0x00, 0x00, 0x2c, 0x02, 0x10, 0x00, 0x00
    .byte 0x2c, 0x02, 0x00, 0x00, 0x00, 0x20, 0x00, 0x00, 0x15, 0x73, 0x2c, 0x80, 0x01, 0x00, 0x00, 0x15
    .byte 0x17, 0x2c, 0x01, 0x00, 0x00, 0x00, 0x15, 0x2b, 0x2c, 0x70, 0x02, 0x00, 0x00, 0x2c, 0x5f, 0x02
    .byte 0x00, 0x00, 0x20, 0x00, 0x00, 0x2c, 0x00, 0x18, 0x00, 0x00, 0x2c, 0x05, 0x00, 0x00, 0x00, 0x2c
    .byte 0x01, 0x00, 0x00, 0x00, 0x15, 0x1a, 0x15, 0x21, 0x2c, 0x11, 0x10, 0x00, 0x00, 0x2c, 0x01, 0x10
    .byte 0x00, 0x00, 0x2c, 0x12, 0x10, 0x00, 0x00, 0x2c, 0x02, 0x00, 0x00, 0x00, 0x2c, 0x1c, 0x00, 0x00
    .byte 0x00, 0x15, 0x73, 0x2c, 0x00, 0x01, 0x00, 0x00, 0x15, 0x17, 0x2c, 0x1c, 0x00, 0x00, 0x00, 0x15
    .byte 0x05, 0x20, 0x00, 0x00, 0x15, 0x06, 0x15, 0x16, 0x2c, 0x0a, 0x00, 0x00, 0x00, 0x15, 0x07, 0x15
    .byte 0x08, 0x00, 0x03, 0x00, 0x20, 0x00, 0x00, 0x00, 0x31, 0x00, 0x20, 0x00, 0x00, 0x00, 0x14, 0x48
    .byte 0x2b, 0x22, 0x02, 0x2c, 0x1d, 0x00, 0x00, 0x00, 0x15, 0x05, 0x2c, 0x01, 0x00, 0x00, 0x00, 0x15
    .byte 0x06, 0x20, 0x00, 0x00, 0x15, 0x2b, 0x2c, 0x70, 0x02, 0x00, 0x00, 0x2c, 0x4f, 0x02, 0x00, 0x00
    .byte 0x2c, 0x08, 0x00, 0x00, 0x00, 0x2c, 0x00, 0x10, 0x00, 0x00, 0x2c, 0x05, 0x00, 0x00, 0x00, 0x2c
    .byte 0x01, 0x00, 0x00, 0x00, 0x15, 0x1a, 0x15, 0x21, 0x2c, 0x1b, 0x00, 0x00, 0x00, 0x15, 0x05, 0x20
    .byte 0x00, 0x00, 0x15, 0x06, 0x20, 0x00, 0x00, 0x15, 0x2b, 0x2c, 0x70, 0x02, 0x00, 0x00, 0x2c, 0x4f
    .byte 0x02, 0x00, 0x00, 0x2c, 0x20, 0x00, 0x00, 0x00, 0x2c, 0x00, 0x10, 0x00, 0x00, 0x2c, 0x05, 0x00
    .byte 0x00, 0x00, 0x2c, 0x01, 0x00, 0x00, 0x00, 0x15, 0x1a, 0x15, 0x21, 0x2c, 0x01, 0x00, 0x00, 0x00
    .byte 0x15, 0x18, 0x2c, 0x01, 0x00, 0x00, 0x00, 0x15, 0x19, 0x20, 0x00, 0x00, 0x15, 0xa9, 0x2c, 0x00
    .byte 0x10, 0x00, 0x00, 0x2c, 0x01, 0x10, 0x00, 0x00, 0x2c, 0x02, 0x10, 0x00, 0x00, 0x2c, 0x02, 0x00
    .byte 0x00, 0x00, 0x2c, 0x0c, 0x00, 0x00, 0x00, 0x15, 0x73, 0x2c, 0x00, 0x01, 0x00, 0x00, 0x15, 0x17
    .byte 0x2c, 0x01, 0x00, 0x00, 0x00, 0x15, 0x06, 0x15, 0x28, 0x00, 0x03, 0x00, 0x02, 0x00, 0x00, 0x00
    .byte 0x26, 0x00, 0xbe, 0x2c, 0x0d, 0x00, 0x00, 0x00, 0x2c, 0xf3, 0x19, 0x22, 0x02, 0x15, 0x39, 0x2c
    .byte 0x01, 0x00, 0x00, 0x00, 0x15, 0xa9, 0x20, 0x00, 0x00, 0x15, 0x18, 0x20, 0x00, 0x00, 0x15, 0x19
    .byte 0x2c, 0x00, 0x10, 0x00, 0x00, 0x2c, 0x01, 0x10, 0x00, 0x00, 0x2c, 0x02, 0x10, 0x00, 0x00, 0x2c
    .byte 0x02, 0x00, 0x00, 0x00, 0x20, 0x00, 0x00, 0x15, 0x73, 0x2c, 0x01, 0x00, 0x00, 0x00, 0x15, 0x2b
    .byte 0x2c, 0x80, 0x01, 0x00, 0x00, 0x15, 0x17, 0x2c, 0x70, 0x02, 0x00, 0x00, 0x2c, 0x5f, 0x02, 0x00
    .byte 0x00, 0x2c, 0x20, 0x00, 0x00, 0x00, 0x2c, 0x00, 0x18, 0x00, 0x00, 0x2c, 0x05, 0x00, 0x00, 0x00
    .byte 0x2c, 0x01, 0x00, 0x00, 0x00, 0x15, 0x1a, 0x15, 0x21, 0x00, 0x2c, 0x11, 0x10, 0x00, 0x00, 0x2c
    .byte 0x01, 0x10, 0x00, 0x00, 0x2c, 0x12, 0x10, 0x00, 0x00, 0x2c, 0x02, 0x00, 0x00, 0x00, 0x2c, 0x1b
    .byte 0x00, 0x00, 0x00, 0x15, 0x73, 0x2c, 0x00, 0x01, 0x00, 0x00, 0x15, 0x17, 0x20, 0x00, 0x00, 0x15
    .byte 0x2b, 0x20, 0x00, 0x00, 0x2c, 0x01, 0x00, 0x00, 0x00, 0x15, 0x38, 0x03, 0x00, 0x20, 0x00, 0x00
    .byte 0x00, 0x33, 0x00, 0x10, 0x00, 0x00, 0x00, 0x14, 0x91, 0x2c, 0x22, 0x02, 0x2c, 0x70, 0x02, 0x00
    .byte 0x00, 0x2c, 0x5f, 0x02, 0x00, 0x00, 0x20, 0x00, 0x00, 0x2c, 0x00, 0x20, 0x00, 0x00, 0x2c, 0x05
    .byte 0x00, 0x00, 0x00, 0x2c, 0x01, 0x00, 0x00, 0x00, 0x15, 0x1a, 0x15, 0x21, 0x25, 0xe6, 0x2c, 0x22
    .byte 0x02, 0x2c, 0x70, 0x02, 0x00, 0x00, 0x2c, 0x5f, 0x02, 0x00, 0x00, 0x2c, 0x14, 0x00, 0x00, 0x00
    .byte 0x2c, 0x00, 0x10, 0x00, 0x00, 0x2c, 0x05, 0x00, 0x00, 0x00, 0x2c, 0x01, 0x00, 0x00, 0x00, 0x15
    .byte 0x1a, 0x15, 0x21, 0x2c, 0x1d, 0x00, 0x00, 0x00, 0x15, 0x05, 0x2c, 0x01, 0x00, 0x00, 0x00, 0x15
    .byte 0x06, 0x20, 0x00, 0x00, 0x15, 0x2b, 0x2c, 0x70, 0x02, 0x00, 0x00, 0x2c, 0x5f, 0x02, 0x00, 0x00
    .byte 0x20, 0x00, 0x00, 0x2c, 0x00, 0x10, 0x00, 0x00, 0x2c, 0x05, 0x00, 0x00, 0x00, 0x2c, 0x01, 0x00
    .byte 0x00, 0x00, 0x15, 0x1a, 0x15, 0x21, 0x2c, 0x01, 0x00, 0x00, 0x00, 0x20, 0x00, 0x00, 0x15, 0x38
    .byte 0x2c, 0x09, 0x10, 0x00, 0x00, 0x2c, 0x01, 0x10, 0x00, 0x00, 0x2c, 0x0a, 0x10, 0x00, 0x00, 0x2c
    .byte 0x02, 0x00, 0x00, 0x00, 0x2c, 0x18, 0x00, 0x00, 0x00, 0x15, 0x73, 0x2c, 0x00, 0x01, 0x00, 0x00
    .byte 0x15, 0x17, 0x15, 0x16, 0x2c, 0x02, 0x00, 0x00, 0x00, 0x2c, 0x57, 0x00, 0x00, 0x00, 0x15, 0xe0
    .byte 0x2c, 0x00, 0x10, 0x00, 0x00, 0x2c, 0x01, 0x10, 0x00, 0x00, 0x2c, 0x02, 0x10, 0x00, 0x00, 0x2c
    .byte 0x02, 0x00, 0x00, 0x00, 0x20, 0x00, 0x00, 0x15, 0x73, 0x2c, 0x00, 0x01, 0x00, 0x00, 0x15, 0x17
    .byte 0x2c, 0x01, 0x00, 0x00, 0x00, 0x15, 0x2b, 0x20, 0x00, 0x00, 0x2c, 0x0c, 0x00, 0x00, 0x00, 0x20
    .byte 0x00, 0x00, 0x2c, 0x70, 0x17, 0x00, 0x00, 0x2c, 0x04, 0x00, 0x00, 0x00, 0x2c, 0x01, 0x00, 0x00
    .byte 0x00, 0x15, 0x1a, 0x15, 0x21, 0x2c, 0x08, 0x00, 0x00, 0x00, 0x15, 0x05, 0x2c, 0x01, 0x00, 0x00
    .byte 0x00, 0x15, 0x18, 0x2c, 0x01, 0x00, 0x00, 0x00, 0x15, 0x19, 0x20, 0x00, 0x00, 0x15, 0xa9, 0x15
    .byte 0x28, 0x00, 0x03, 0x00, 0x00, 0x00, 0x00, 0x00, 0x28, 0x00, 0x00, 0x01, 0xac, 0x2d, 0x22, 0x02
    .byte 0x03, 0x00, 0x01, 0x00, 0x00, 0x00, 0x28, 0x00, 0x00, 0x01, 0xac, 0x2d, 0x22, 0x02, 0x03, 0x00
    .byte 0x02, 0x00, 0x00, 0x00, 0x28, 0x00, 0x00, 0x01, 0xac, 0x2d, 0x22, 0x02, 0x15, 0x28, 0x2c, 0x14
    .byte 0x00, 0x00, 0x00, 0x15, 0x07, 0x15, 0x08, 0x20, 0x00, 0x00, 0x15, 0x18, 0x20, 0x00, 0x00, 0x15
    .byte 0x19, 0x2c, 0x01, 0x00, 0x00, 0x00, 0x15, 0xa9, 0x2c, 0x00, 0x01, 0x00, 0x00, 0x15, 0x17, 0x2c
    .byte 0x01, 0x00, 0x00, 0x00, 0x15, 0x2b, 0x2b, 0x00, 0x00, 0x32, 0x00, 0x00, 0x00, 0x00, 0x00, 0x14
    .byte 0x09, 0x2e, 0x22, 0x02, 0x2c, 0x70, 0x02, 0x00, 0x00, 0x2c, 0x5f, 0x02, 0x00, 0x00, 0x20, 0x00
    .byte 0x00, 0x2c, 0x00, 0x20, 0x00, 0x00, 0x2c, 0x05, 0x00, 0x00, 0x00, 0x2c, 0x01, 0x00, 0x00, 0x00
    .byte 0x15, 0x1a, 0x15, 0x21, 0x25, 0xa0, 0x2e, 0x22, 0x02, 0x2b, 0x00, 0x00, 0x32, 0x00, 0x01, 0x00
    .byte 0x00, 0x00, 0x14, 0x5e, 0x2e, 0x22, 0x02, 0x2c, 0x70, 0x02, 0x00, 0x00, 0x15, 0x11, 0x18, 0x70
    .byte 0x17, 0x00, 0x20, 0x00, 0x00, 0x2c, 0x00, 0x20, 0x00, 0x00, 0x2c, 0x05, 0x00, 0x00, 0x00, 0x2c
    .byte 0x01, 0x00, 0x00, 0x00, 0x15, 0x1a, 0x15, 0x21, 0x15, 0x10, 0x18, 0x70, 0x17, 0x00, 0x2c, 0x5f
    .byte 0x02, 0x00, 0x00, 0x20, 0x00, 0x00, 0x2c, 0x00, 0x20, 0x00, 0x00, 0x2c, 0x05, 0x00, 0x00, 0x00
    .byte 0x2c, 0x01, 0x00, 0x00, 0x00, 0x15, 0x1a, 0x15, 0x21, 0x25, 0xa0, 0x2e, 0x22, 0x02, 0x15, 0x10
    .byte 0x18, 0x70, 0x17, 0x00, 0x2c, 0x5f, 0x02, 0x00, 0x00, 0x20, 0x00, 0x00, 0x2c, 0x00, 0x20, 0x00
    .byte 0x00, 0x2c, 0x05, 0x00, 0x00, 0x00, 0x2c, 0x01, 0x00, 0x00, 0x00, 0x15, 0x1a, 0x15, 0x21, 0x2c
    .byte 0x70, 0x02, 0x00, 0x00, 0x15, 0x11, 0x18, 0x70, 0x17, 0x00, 0x20, 0x00, 0x00, 0x2c, 0x00, 0x20
    .byte 0x00, 0x00, 0x2c, 0x05, 0x00, 0x00, 0x00, 0x2c, 0x01, 0x00, 0x00, 0x00, 0x15, 0x1a, 0x15, 0x21
    .byte 0x20, 0x00, 0x00, 0x2c, 0x01, 0x00, 0x00, 0x00, 0x15, 0x38, 0x03, 0x00, 0x02, 0x00, 0x00, 0x00
    .byte 0x26, 0x00, 0xbe, 0x2c, 0x0d, 0x00, 0x00, 0x00, 0x2c, 0xf3, 0x19, 0x22, 0x02, 0x15, 0x39, 0x2c
    .byte 0x16, 0x00, 0x00, 0x00, 0x15, 0x05, 0x20, 0x00, 0x00, 0x15, 0x06, 0x15, 0x16, 0x2c, 0x0a, 0x00
    .byte 0x00, 0x00, 0x15, 0x07, 0x15, 0x08, 0x03, 0x00, 0x20, 0x00, 0x00, 0x00, 0x30, 0x00, 0x10, 0x00
    .byte 0x00, 0x00, 0x14, 0x1c, 0x2f, 0x22, 0x02, 0x2c, 0x15, 0x00, 0x00, 0x00, 0x15, 0x05, 0x2c, 0x01
    .byte 0x00, 0x00, 0x00, 0x15, 0x06, 0x20, 0x00, 0x00, 0x15, 0x2b, 0x2c, 0x70, 0x02, 0x00, 0x00, 0x2c
    .byte 0x4f, 0x02, 0x00, 0x00, 0x2c, 0x08, 0x00, 0x00, 0x00, 0x2c, 0x00, 0x10, 0x00, 0x00, 0x2c, 0x05
    .byte 0x00, 0x00, 0x00, 0x2c, 0x01, 0x00, 0x00, 0x00, 0x15, 0x1a, 0x15, 0x21, 0x2c, 0x17, 0x00, 0x00
    .byte 0x00, 0x15, 0x05, 0x20, 0x00, 0x00, 0x15, 0x06, 0x20, 0x00, 0x00, 0x15, 0x2b, 0x2c, 0x70, 0x02
    .byte 0x00, 0x00, 0x2c, 0x4f, 0x02, 0x00, 0x00, 0x2c, 0x20, 0x00, 0x00, 0x00, 0x2c, 0x00, 0x10, 0x00
    .byte 0x00, 0x2c, 0x05, 0x00, 0x00, 0x00, 0x2c, 0x01, 0x00, 0x00, 0x00, 0x15, 0x1a, 0x15, 0x21, 0x2c
    .byte 0x01, 0x00, 0x00, 0x00, 0x20, 0x00, 0x00, 0x15, 0x38, 0x2c, 0x01, 0x00, 0x00, 0x00, 0x15, 0x18
    .byte 0x2c, 0x01, 0x00, 0x00, 0x00, 0x15, 0x19, 0x20, 0x00, 0x00, 0x15, 0xa9, 0x15, 0x2c, 0x00, 0x03
    .byte 0x00, 0x00, 0x00, 0x00, 0x00, 0x28, 0x00, 0x00, 0x01, 0x99, 0x2f, 0x22, 0x02, 0x03, 0x00, 0x01
    .byte 0x00, 0x00, 0x00, 0x28, 0x00, 0x00, 0x01, 0x99, 0x2f, 0x22, 0x02, 0x03, 0x00, 0x02, 0x00, 0x00
    .byte 0x00, 0x28, 0x00, 0x00, 0x01, 0x99, 0x2f, 0x22, 0x02, 0x15, 0x28, 0x2c, 0x14, 0x00, 0x00, 0x00
    .byte 0x15, 0x07, 0x15, 0x08, 0x2c, 0x01, 0x00, 0x00, 0x00, 0x15, 0xa9, 0x20, 0x00, 0x00, 0x15, 0x18
    .byte 0x20, 0x00, 0x00, 0x15, 0x19, 0x2c, 0x01, 0x00, 0x00, 0x00, 0x15, 0x2b, 0x2b, 0x00, 0x00, 0x32
    .byte 0x00, 0x00, 0x00, 0x00, 0x00, 0x14, 0xf1, 0x2f, 0x22, 0x02, 0x2c, 0x70, 0x02, 0x00, 0x00, 0x2c
    .byte 0x53, 0x02, 0x00, 0x00, 0x2c, 0x20, 0x00, 0x00, 0x00, 0x2c, 0x00, 0x20, 0x00, 0x00, 0x2c, 0x05
    .byte 0x00, 0x00, 0x00, 0x2c, 0x01, 0x00, 0x00, 0x00, 0x15, 0x1a, 0x15, 0x21, 0x25, 0xba, 0x30, 0x22
    .byte 0x02, 0x2b, 0x00, 0x00, 0x32, 0x00, 0x01, 0x00, 0x00, 0x00, 0x14, 0x4a, 0x30, 0x22, 0x02, 0x2c
    .byte 0x70, 0x02, 0x00, 0x00, 0x15, 0x11, 0x18, 0x70, 0x17, 0x00, 0x2c, 0x20, 0x00, 0x00, 0x00, 0x2c
    .byte 0x00, 0x20, 0x00, 0x00, 0x2c, 0x05, 0x00, 0x00, 0x00, 0x2c, 0x01, 0x00, 0x00, 0x00, 0x15, 0x1a
    .byte 0x15, 0x21, 0x15, 0x10, 0x18, 0x70, 0x17, 0x00, 0x2c, 0x53, 0x02, 0x00, 0x00, 0x2c, 0x20, 0x00
    .byte 0x00, 0x00, 0x2c, 0x00, 0x20, 0x00, 0x00, 0x2c, 0x05, 0x00, 0x00, 0x00, 0x2c, 0x01, 0x00, 0x00
    .byte 0x00, 0x15, 0x1a, 0x15, 0x21, 0x25, 0xba, 0x30, 0x22, 0x02, 0x15, 0x10, 0x18, 0x70, 0x17, 0x00
    .byte 0x2c, 0x43, 0x02, 0x00, 0x00, 0x2c, 0x20, 0x00, 0x00, 0x00, 0x2c, 0x00, 0x20, 0x00, 0x00, 0x2c
    .byte 0x05, 0x00, 0x00, 0x00, 0x2c, 0x01, 0x00, 0x00, 0x00, 0x15, 0x1a, 0x15, 0x21, 0x2c, 0x70, 0x02
    .byte 0x00, 0x00, 0x15, 0x11, 0x18, 0x70, 0x17, 0x00, 0x2c, 0x20, 0x00, 0x00, 0x00, 0x2c, 0x00, 0x20
    .byte 0x00, 0x00, 0x2c, 0x05, 0x00, 0x00, 0x00, 0x2c, 0x01, 0x00, 0x00, 0x00, 0x15, 0x1a, 0x15, 0x21
    .byte 0x15, 0x10, 0x18, 0x70, 0x17, 0x00, 0x15, 0x11, 0x18, 0x70, 0x05, 0x00, 0x10, 0x00, 0x00, 0x00
    .byte 0x17, 0x00, 0x2c, 0x20, 0x00, 0x00, 0x00, 0x2c, 0x00, 0x20, 0x00, 0x00, 0x2c, 0x05, 0x00, 0x00
    .byte 0x00, 0x2c, 0x01, 0x00, 0x00, 0x00, 0x15, 0x1a, 0x15, 0x21, 0x03, 0x00, 0x02, 0x00, 0x00, 0x00
    .byte 0x26, 0x00, 0xbe, 0x2c, 0x0d, 0x00, 0x00, 0x00, 0x2c, 0xf3, 0x19, 0x22, 0x02, 0x15, 0x39, 0x2c
    .byte 0x16, 0x00, 0x00, 0x00, 0x15, 0x05, 0x20, 0x00, 0x00, 0x15, 0x2b, 0x20, 0x00, 0x00, 0x2c, 0x02
    .byte 0x00, 0x00, 0x00, 0x15, 0x38, 0x2c, 0x70, 0x02, 0x00, 0x00, 0x2c, 0x5f, 0x02, 0x00, 0x00, 0x2c
    .byte 0x14, 0x00, 0x00, 0x00, 0x2c, 0x00, 0x10, 0x00, 0x00, 0x2c, 0x05, 0x00, 0x00, 0x00, 0x2c, 0x01
    .byte 0x00, 0x00, 0x00, 0x15, 0x1a, 0x15, 0x21, 0x2c, 0x15, 0x00, 0x00, 0x00, 0x15, 0x05, 0x2c, 0x01
    .byte 0x00, 0x00, 0x00, 0x15, 0x06, 0x20, 0x00, 0x00, 0x15, 0x2b, 0x2c, 0x70, 0x02, 0x00, 0x00, 0x2c
    .byte 0x5f, 0x02, 0x00, 0x00, 0x20, 0x00, 0x00, 0x2c, 0x00, 0x10, 0x00, 0x00, 0x2c, 0x05, 0x00, 0x00
    .byte 0x00, 0x2c, 0x01, 0x00, 0x00, 0x00, 0x15, 0x1a, 0x15, 0x21, 0x2c, 0x02, 0x00, 0x00, 0x00, 0x2c
    .byte 0x57, 0x00, 0x00, 0x00, 0x15, 0xe0, 0x2c, 0x01, 0x00, 0x00, 0x00, 0x15, 0x2b, 0x20, 0x00, 0x00
    .byte 0x2c, 0x08, 0x00, 0x00, 0x00, 0x20, 0x00, 0x00, 0x2c, 0x00, 0x10, 0x00, 0x00, 0x2c, 0x04, 0x00
    .byte 0x00, 0x00, 0x2c, 0x01, 0x00, 0x00, 0x00, 0x15, 0x1a, 0x15, 0x21, 0x2c, 0x01, 0x00, 0x00, 0x00
    .byte 0x20, 0x00, 0x00, 0x15, 0x38, 0x2c, 0x01, 0x00, 0x00, 0x00, 0x15, 0x18, 0x2c, 0x01, 0x00, 0x00
    .byte 0x00, 0x15, 0x19, 0x20, 0x00, 0x00, 0x15, 0xa9, 0x15, 0x2c, 0x00, 0x00, 0x00, 0x00, 0x00, 0x00
    .byte 0x00, 0x00, 0x00, 0x00, 0x00, 0x00, 0x00, 0x00, 0x00, 0x00, 0x00, 0x00, 0x00, 0x00, 0x00, 0x00
